sim_s,wall_s,state,x,y,z,yaw_deg,tilt_deg,cmd_vx,cmd_wz,path_m,map_known_pct,map_known_cells,frontier_count,frontier_cells,frontier_clusters,frontier_clusters_raw,frontier_extract_ms,candidates_checked,path_requests,selection_cycle,blacklisted,refused,timed_out,near_frontiers_skipped,provisional_recoveries,barren_cycles,candidate_point_x,candidate_point_y,last_path_status,last_path_error_code,last_path_error_msg,last_path_planner_id,nav_original_x,nav_original_y,nav_target_x,nav_target_y,marker_visible,marker_distance_m,marker_observations,marker_confirmations,marker_candidate_x,marker_candidate_y,marker_accepted_x,marker_accepted_y,homing_entry_distance_m,homing_entries,homing_abandons,marker_far_ignored,detections_n,exit_pose_seen,escaped,plan_length_m,plan_straightness,wall_left_m,wall_right_m,message
20132.505,0.5,idle,-0.0001,-0.0044,0.3579,90.06,0.18,,,0.0,21.95,1642,0,0,0,0,0.0,0,0,0,0,0,0,0,0,0,,,,,,,,,,,False,,0,0,,,,,,0,0,0,0,0,0,,,1.5,0.5,
20132.975,1.0,idle,-0.0002,-0.0044,0.3579,90.1,0.18,,,0.0,21.95,1642,0,0,0,0,0.0,0,0,0,0,0,0,0,0,0,,,,,,,,,,,False,,0,0,,,,,,0,0,0,0,0,0,,,1.5,0.5,
20133.451,1.5,idle,-0.0002,-0.0044,0.3579,90.09,0.18,,,0.0,21.95,1642,0,0,0,0,0.0,0,0,0,0,0,0,0,0,0,,,,,,,,,,,False,,0,0,,,,,,0,0,0,0,0,0,,,1.5,0.5,
20133.896,2.0,idle,-0.0002,-0.0044,0.3579,90.09,0.18,,,0.0,21.95,1642,0,0,0,0,0.0,0,0,0,0,0,0,0,0,0,,,,,,,,,,,False,,0,0,,,,,,0,0,0,0,0,0,,,1.5,0.5,
20134.383,2.5,idle,-0.0002,-0.0044,0.3579,90.09,0.18,,,0.0,21.95,1642,0,0,0,0,0.0,0,0,0,0,0,0,0,0,0,,,,,,,,,,,False,,0,0,,,,,,0,0,0,0,0,0,,,1.5,0.5,
20134.872,3.0,idle,-0.0002,-0.0044,0.3579,90.09,0.18,,,0.0,21.95,1642,0,0,0,0,0.0,0,0,0,0,0,0,0,0,0,,,,,,,,,,,False,,0,0,,,,,,0,0,0,0,0,0,,,1.5,0.5,
20135.364,3.5,idle,-0.0002,-0.0044,0.3579,90.09,0.18,,,0.0,21.95,1642,0,0,0,0,0.0,0,0,0,0,0,0,0,0,0,,,,,,,,,,,False,,0,0,,,,,,0,0,0,0,0,0,,,1.5,0.5,
20135.825,4.0,idle,-0.0002,-0.0044,0.3579,90.09,0.18,,,0.0,21.95,1642,0,0,0,0,0.0,0,0,0,0,0,0,0,0,0,,,,,,,,,,,False,,0,0,,,,,,0,0,0,0,0,0,,,1.5,0.5,
20136.309,4.5,idle,-0.0002,-0.0044,0.3579,90.09,0.18,,,0.0,21.95,1642,0,0,0,0,0.0,0,0,0,0,0,0,0,0,0,,,,,,,,,,,False,,0,0,,,,,,0,0,0,0,0,0,,,1.5,0.5,
20136.776,5.0,idle,-0.0002,-0.0044,0.3579,90.09,0.18,,,0.0,21.95,1642,0,0,0,0,0.0,0,0,0,0,0,0,0,0,0,,,,,,,,,,,False,,0,0,,,,,,0,0,0,0,0,0,,,1.5,0.5,
20137.262,5.502,idle,-0.0002,-0.0044,0.3579,90.09,0.18,,,0.0,21.95,1642,0,0,0,0,0.0,0,0,0,0,0,0,0,0,0,,,,,,,,,,,False,,0,0,,,,,,0,0,0,0,0,0,,,1.5,0.5,
20137.748,6.001,idle,-0.0002,-0.0044,0.3579,90.09,0.18,,,0.0,21.95,1642,0,0,0,0,0.0,0,0,0,0,0,0,0,0,0,,,,,,,,,,,False,,0,0,,,,,,0,0,0,0,0,0,,,1.5,0.5,
20138.241,6.5,idle,-0.0002,-0.0044,0.3579,90.09,0.18,,,0.0,21.95,1642,0,0,0,0,0.0,0,0,0,0,0,0,0,0,0,,,,,,,,,,,False,,0,0,,,,,,0,0,0,0,0,0,,,1.5,0.5,
20138.716,7.0,idle,-0.0002,-0.0044,0.3579,90.09,0.18,,,0.0,21.95,1642,0,0,0,0,0.0,0,0,0,0,0,0,0,0,0,,,,,,,,,,,False,,0,0,,,,,,0,0,0,0,0,0,,,1.5,0.5,
20139.17,7.5,idle,-0.0002,-0.0044,0.3579,90.09,0.18,,,0.0,21.95,1642,0,0,0,0,0.0,0,0,0,0,0,0,0,0,0,,,,,,,,,,,False,,0,0,,,,,,0,0,0,0,0,0,,,1.5,0.5,
20139.617,8.0,idle,-0.0002,-0.0044,0.3579,90.09,0.18,,,0.0,21.95,1642,0,0,0,0,0.0,0,0,0,0,0,0,0,0,0,,,,,,,,,,,False,,0,0,,,,,,0,0,0,0,0,0,,,1.5,0.5,
20140.037,8.5,idle,-0.0002,-0.0044,0.3579,90.09,0.18,,,0.0,21.95,1642,0,0,0,0,0.0,0,0,0,0,0,0,0,0,0,,,,,,,,,,,False,,0,0,,,,,,0,0,0,0,0,0,,,1.5,0.5,
20140.515,9.0,idle,-0.0002,-0.0044,0.3579,90.09,0.18,,,0.0,21.95,1642,0,0,0,0,0.0,0,0,0,0,0,0,0,0,0,,,,,,,,,,,False,,0,0,,,,,,0,0,0,0,0,0,,,1.5,0.5,
20140.997,9.5,idle,-0.0002,-0.0044,0.3579,90.09,0.18,,,0.0,21.95,1642,0,0,0,0,0.0,0,0,0,0,0,0,0,0,0,,,,,,,,,,,False,,0,0,,,,,,0,0,0,0,0,0,,,1.5,0.5,
20141.458,10.0,idle,-0.0002,-0.0044,0.3579,90.09,0.18,,,0.0,21.95,1642,0,0,0,0,0.0,0,0,0,0,0,0,0,0,0,,,,,,,,,,,False,,0,0,,,,,,0,0,0,0,0,0,,,1.5,0.5,
20141.916,10.5,idle,-0.0002,-0.0044,0.3579,90.09,0.18,,,0.0,21.95,1642,0,0,0,0,0.0,0,0,0,0,0,0,0,0,0,,,,,,,,,,,False,,0,0,,,,,,0,0,0,0,0,0,,,1.5,0.5,
20142.4,11.0,idle,-0.0002,-0.0044,0.3579,90.09,0.18,,,0.0,21.95,1642,0,0,0,0,0.0,0,0,0,0,0,0,0,0,0,,,,,,,,,,,False,,0,0,,,,,,0,0,0,0,0,0,,,1.5,0.5,
20142.867,11.5,idle,-0.0002,-0.0044,0.3579,90.09,0.18,,,0.0,21.95,1642,0,0,0,0,0.0,0,0,0,0,0,0,0,0,0,,,,,,,,,,,False,,0,0,,,,,,0,0,0,0,0,0,,,1.5,0.5,
20143.355,12.0,idle,-0.0002,-0.0044,0.3579,90.09,0.18,,,0.0,21.95,1642,0,0,0,0,0.0,0,0,0,0,0,0,0,0,0,,,,,,,,,,,False,,0,0,,,,,,0,0,0,0,0,0,,,1.5,0.5,
20143.824,12.5,idle,-0.0002,-0.0044,0.3579,90.09,0.18,,,0.0,21.95,1642,0,0,0,0,0.0,0,0,0,0,0,0,0,0,0,,,,,,,,,,,False,,0,0,,,,,,0,0,0,0,0,0,,,1.5,0.5,
20144.321,13.0,idle,-0.0002,-0.0044,0.3579,90.09,0.18,,,0.0,21.95,1642,0,0,0,0,0.0,0,0,0,0,0,0,0,0,0,,,,,,,,,,,False,,0,0,,,,,,0,0,0,0,0,0,,,1.5,0.5,
20144.797,13.5,idle,-0.0002,-0.0044,0.3579,90.09,0.18,,,0.0,21.95,1642,0,0,0,0,0.0,0,0,0,0,0,0,0,0,0,,,,,,,,,,,False,,0,0,,,,,,0,0,0,0,0,0,,,1.5,0.5,
20145.262,14.0,idle,-0.0002,-0.0044,0.3579,90.09,0.18,,,0.0,21.95,1642,0,0,0,0,0.0,0,0,0,0,0,0,0,0,0,,,,,,,,,,,False,,0,0,,,,,,0,0,0,0,0,0,,,1.5,0.5,
20145.727,14.5,idle,-0.0002,-0.0044,0.3579,90.09,0.18,,,0.0,21.95,1642,0,0,0,0,0.0,0,0,0,0,0,0,0,0,0,,,,,,,,,,,False,,0,0,,,,,,0,0,0,0,0,0,,,1.5,0.5,
20146.204,15.0,idle,-0.0002,-0.0044,0.3579,90.09,0.18,,,0.0,21.95,1642,0,0,0,0,0.0,0,0,0,0,0,0,0,0,0,,,,,,,,,,,False,,0,0,,,,,,0,0,0,0,0,0,,,1.5,0.5,
20146.669,15.5,idle,-0.0002,-0.0044,0.3579,90.09,0.18,,,0.0,21.95,1642,0,0,0,0,0.0,0,0,0,0,0,0,0,0,0,,,,,,,,,,,False,,0,0,,,,,,0,0,0,0,0,0,,,1.5,0.5,
20147.129,16.001,idle,-0.0002,-0.0044,0.3579,90.09,0.18,,,0.0,21.95,1642,0,0,0,0,0.0,0,0,0,0,0,0,0,0,0,,,,,,,,,,,False,,0,0,,,,,,0,0,0,0,0,0,,,1.5,0.5,
20147.588,16.5,idle,-0.0002,-0.0044,0.3579,90.09,0.18,,,0.0,21.95,1642,0,0,0,0,0.0,0,0,0,0,0,0,0,0,0,,,,,,,,,,,False,,0,0,,,,,,0,0,0,0,0,0,,,1.5,0.5,
20148.061,17.0,idle,-0.0002,-0.0044,0.3579,90.09,0.18,,,0.0,21.95,1642,0,0,0,0,0.0,0,0,0,0,0,0,0,0,0,,,,,,,,,,,False,,0,0,,,,,,0,0,0,0,0,0,,,1.5,0.5,
20148.54,17.5,idle,-0.0002,-0.0044,0.3579,90.09,0.18,,,0.0,21.95,1642,0,0,0,0,0.0,0,0,0,0,0,0,0,0,0,,,,,,,,,,,False,,0,0,,,,,,0,0,0,0,0,0,,,1.5,0.5,
20149.021,18.0,idle,-0.0002,-0.0044,0.3579,90.09,0.18,,,0.0,21.95,1642,0,0,0,0,0.0,0,0,0,0,0,0,0,0,0,,,,,,,,,,,False,,0,0,,,,,,0,0,0,0,0,0,,,1.5,0.5,
20149.499,18.5,idle,-0.0002,-0.0044,0.3579,90.09,0.18,,,0.0,21.95,1642,0,0,0,0,0.0,0,0,0,0,0,0,0,0,0,,,,,,,,,,,False,,0,0,,,,,,0,0,0,0,0,0,,,1.5,0.5,
20149.969,19.0,idle,-0.0002,-0.0044,0.3579,90.09,0.18,,,0.0,21.95,1642,0,0,0,0,0.0,0,0,0,0,0,0,0,0,0,,,,,,,,,,,False,,0,0,,,,,,0,0,0,0,0,0,,,1.5,0.5,
20150.424,19.5,idle,-0.0002,-0.0044,0.3579,90.09,0.18,,,0.0,21.95,1642,0,0,0,0,0.0,0,0,0,0,0,0,0,0,0,,,,,,,,,,,False,,0,0,,,,,,0,0,0,0,0,0,,,1.5,0.5,
20150.913,20.001,idle,-0.0002,-0.0044,0.3579,90.09,0.18,,,0.0,21.95,1642,0,0,0,0,0.0,0,0,0,0,0,0,0,0,0,,,,,,,,,,,False,,0,0,,,,,,0,0,0,0,0,0,,,1.5,0.5,
20151.408,20.5,idle,-0.0002,-0.0044,0.3579,90.09,0.18,,,0.0,21.95,1642,0,0,0,0,0.0,0,0,0,0,0,0,0,0,0,,,,,,,,,,,False,,0,0,,,,,,0,0,0,0,0,0,,,1.5,0.5,
20151.889,21.0,idle,-0.0002,-0.0044,0.3579,90.09,0.18,,,0.0,21.95,1642,0,0,0,0,0.0,0,0,0,0,0,0,0,0,0,,,,,,,,,,,False,,0,0,,,,,,0,0,0,0,0,0,,,1.5,0.5,
20152.359,21.5,idle,-0.0002,-0.0044,0.3579,90.09,0.18,,,0.0,21.95,1642,0,0,0,0,0.0,0,0,0,0,0,0,0,0,0,,,,,,,,,,,False,,0,0,,,,,,0,0,0,0,0,0,,,1.5,0.5,
20152.812,22.0,idle,-0.0002,-0.0044,0.3579,90.09,0.18,,,0.0,21.95,1642,0,0,0,0,0.0,0,0,0,0,0,0,0,0,0,,,,,,,,,,,False,,0,0,,,,,,0,0,0,0,0,0,,,1.5,0.5,
20153.282,22.5,idle,-0.0002,-0.0044,0.3579,90.09,0.18,,,0.0,21.95,1642,0,0,0,0,0.0,0,0,0,0,0,0,0,0,0,,,,,,,,,,,False,,0,0,,,,,,0,0,0,0,0,0,,,1.5,0.5,
20153.74,23.0,idle,-0.0002,-0.0044,0.3579,90.09,0.18,,,0.0,21.95,1642,0,0,0,0,0.0,0,0,0,0,0,0,0,0,0,,,,,,,,,,,False,,0,0,,,,,,0,0,0,0,0,0,,,1.5,0.5,
20154.186,23.5,idle,-0.0002,-0.0044,0.3579,90.09,0.18,,,0.0,21.95,1642,0,0,0,0,0.0,0,0,0,0,0,0,0,0,0,,,,,,,,,,,False,,0,0,,,,,,0,0,0,0,0,0,,,1.5,0.5,
20154.64,24.0,idle,-0.0002,-0.0044,0.3579,90.09,0.18,,,0.0,21.95,1642,0,0,0,0,0.0,0,0,0,0,0,0,0,0,0,,,,,,,,,,,False,,0,0,,,,,,0,0,0,0,0,0,,,1.5,0.5,
20155.106,24.502,idle,-0.0002,-0.0044,0.3579,90.09,0.18,,,0.0,21.95,1642,0,0,0,0,0.0,0,0,0,0,0,0,0,0,0,,,,,,,,,,,False,,0,0,,,,,,0,0,0,0,0,0,,,1.5,0.5,
20155.581,25.0,idle,-0.0002,-0.0044,0.3579,90.09,0.18,,,0.0,21.95,1642,0,0,0,0,0.0,0,0,0,0,0,0,0,0,0,,,,,,,,,,,False,,0,0,,,,,,0,0,0,0,0,0,,,1.5,0.5,
20156.01,25.5,idle,-0.0002,-0.0044,0.3579,90.09,0.18,,,0.0,21.95,1642,0,0,0,0,0.0,0,0,0,0,0,0,0,0,0,,,,,,,,,,,False,,0,0,,,,,,0,0,0,0,0,0,,,1.5,0.5,
20156.472,26.0,idle,-0.0002,-0.0044,0.3579,90.09,0.18,,,0.0,21.95,1642,0,0,0,0,0.0,0,0,0,0,0,0,0,0,0,,,,,,,,,,,False,,0,0,,,,,,0,0,0,0,0,0,,,1.5,0.5,
20156.961,26.5,idle,-0.0002,-0.0044,0.3579,90.09,0.18,,,0.0,21.95,1642,0,0,0,0,0.0,0,0,0,0,0,0,0,0,0,,,,,,,,,,,False,,0,0,,,,,,0,0,0,0,0,0,,,1.5,0.5,
20157.453,27.0,idle,-0.0002,-0.0044,0.3579,90.09,0.18,,,0.0,21.95,1642,0,0,0,0,0.0,0,0,0,0,0,0,0,0,0,,,,,,,,,,,False,,0,0,,,,,,0,0,0,0,0,0,,,1.5,0.5,
20157.924,27.5,idle,-0.0002,-0.0044,0.3579,90.09,0.18,,,0.0,21.95,1642,0,0,0,0,0.0,0,0,0,0,0,0,0,0,0,,,,,,,,,,,False,,0,0,,,,,,0,0,0,0,0,0,,,1.5,0.5,
20158.397,28.0,idle,-0.0002,-0.0044,0.3579,90.09,0.18,,,0.0,21.95,1642,0,0,0,0,0.0,0,0,0,0,0,0,0,0,0,,,,,,,,,,,False,,0,0,,,,,,0,0,0,0,0,0,,,1.5,0.5,
20158.842,28.5,idle,-0.0002,-0.0044,0.3579,90.09,0.18,,,0.0,21.95,1642,0,0,0,0,0.0,0,0,0,0,0,0,0,0,0,,,,,,,,,,,False,,0,0,,,,,,0,0,0,0,0,0,,,1.5,0.5,
20159.312,29.0,idle,-0.0002,-0.0044,0.3579,90.09,0.18,,,0.0,21.95,1642,0,0,0,0,0.0,0,0,0,0,0,0,0,0,0,,,,,,,,,,,False,,0,0,,,,,,0,0,0,0,0,0,,,1.5,0.5,
20159.766,29.502,waiting_map,-0.0002,-0.0044,0.3579,90.09,0.18,,,0.0,21.95,1642,0,0,0,0,0.0,0,0,0,0,0,0,0,0,0,,,,,,,,,,,False,,0,0,,,,,,0,0,0,0,0,0,,,1.5,0.5,"aguardando mapa, TF e Nav2"
20160.25,30.0,selecting,-0.0002,-0.0044,0.3579,90.09,0.18,,,0.0,21.95,1642,0,0,0,0,0.0,0,0,0,0,0,0,0,0,0,,,,,,,,,,,False,,0,0,,,,,,0,0,0,0,0,0,,,1.5,0.5,
20160.687,30.5,selecting,-0.0002,-0.0044,0.3579,90.09,0.18,,,0.0,21.95,1642,0,0,0,0,0.0,0,0,0,0,0,0,0,0,0,,,,,,,,,,,False,,0,0,,,,,,0,0,0,0,0,0,,,1.5,0.5,
20161.153,31.001,selecting,-0.0002,-0.0044,0.3579,90.09,0.18,,,0.0,21.95,1642,0,0,0,0,0.0,0,0,0,0,0,0,0,0,0,,,,,,,,,,,False,,0,0,,,,,,0,0,0,0,0,0,,,1.5,0.5,
20161.519,31.5,selecting,-0.0002,-0.0044,0.3579,90.09,0.18,,,0.0,21.95,1642,4,640,4,4,177.6,0,1,1,0,0,0,0,0,0,-0.232,0.644,,,,ExplorationGrid,,,,,False,,0,0,,,,,,0,0,0,0,0,0,1.43,0.9747,1.5,0.5,
20161.921,32.0,selecting,-0.0002,-0.0044,0.3579,90.09,0.18,0.008,-0.0113,0.0,21.95,1642,4,640,4,4,177.6,0,1,1,0,0,0,0,0,0,-0.232,0.644,,,,ExplorationGrid,,,,,False,,0,0,,,,,,0,0,0,0,0,0,0.71,0.9643,1.5,0.5,
20162.404,32.5,navigating,-0.0033,0.0022,0.3587,90.25,0.3,0.0378,0.0195,0.008,21.95,1642,4,640,4,4,177.6,4,4,1,0,0,0,0,0,0,-0.032,1.394,4,0,,ExplorationGrid,-0.232,0.644,-0.232,0.644,False,,0,0,,,,,,0,0,0,0,0,0,0.71,0.9643,1.5,0.45,navegando para fronteira
20162.823,33.0,navigating,0.0009,0.0336,0.3544,90.6,0.24,0.0751,0.0488,0.04,21.95,1642,4,640,4,4,177.6,4,4,1,0,0,0,0,0,0,-0.032,1.394,4,0,,ExplorationGrid,-0.232,0.644,-0.232,0.644,False,,0,0,,,,,,0,0,0,0,0,0,0.71,0.9643,1.5,0.4,navegando para fronteira
20163.234,33.5,navigating,-0.0111,0.0567,0.3582,91.08,0.45,0.0555,0.029,0.067,21.95,1642,4,640,4,4,177.6,4,4,1,0,0,0,0,0,0,-0.032,1.394,4,0,,ExplorationGrid,-0.232,0.644,-0.232,0.644,False,,0,0,,,,,,0,0,0,0,0,0,0.71,0.9643,1.5,0.4,navegando para fronteira
20163.694,34.003,navigating,-0.0093,0.0836,0.3565,91.48,0.17,0.0584,0.0365,0.095,21.95,1642,4,640,4,4,177.6,4,4,1,0,0,0,0,0,0,-0.032,1.394,4,0,,ExplorationGrid,-0.232,0.644,-0.232,0.644,False,,0,0,,,,,,0,0,0,0,0,0,0.611,0.9673,1.5,0.4,navegando para fronteira
20164.1,34.501,navigating,0.0003,0.1097,0.358,92.12,0.52,0.0735,0.025,0.123,21.95,1642,4,640,4,4,177.6,4,4,1,0,0,0,0,0,0,-0.032,1.394,4,0,,ExplorationGrid,-0.232,0.644,-0.232,0.644,False,,0,0,,,,,,0,0,0,0,0,0,0.611,0.9673,1.5,0.3,navegando para fronteira
20164.568,35.0,navigating,-0.0163,0.1424,0.3582,93.17,0.54,0.0735,0.0439,0.161,21.95,1642,4,640,4,4,177.6,4,4,1,0,0,0,0,0,0,-0.032,1.394,4,0,,ExplorationGrid,-0.232,0.644,-0.232,0.644,False,,0,0,,,,,,0,0,0,0,0,0,0.611,0.9673,1.5,0.35,navegando para fronteira
20164.884,35.5,navigating,-0.019,0.1554,0.3905,81.1,0.98,0.0331,0.0127,0.175,21.95,1642,4,640,4,4,177.6,4,4,1,0,0,0,0,0,0,-0.032,1.394,4,0,,ExplorationGrid,-0.232,0.644,-0.232,0.644,False,,0,0,,,,,,0,0,0,0,0,0,0.611,0.9673,1.5,0.35,navegando para fronteira
20165.36,36.0,navigating,-0.0142,0.1665,0.3701,92.95,0.58,0.0393,0.1727,0.193,21.95,1642,4,640,4,4,177.6,4,4,1,0,0,0,0,0,0,-0.032,1.394,4,0,,ExplorationGrid,-0.232,0.644,-0.232,0.644,False,,0,0,,,,,,0,0,0,0,0,0,0.611,0.9673,1.5,0.35,navegando para fronteira
20165.817,36.5,navigating,-0.0183,0.1884,0.3622,97.95,0.36,0.0588,0.1656,0.224,21.95,1642,4,640,4,4,177.6,4,4,1,0,0,0,0,0,0,-0.032,1.394,4,0,,ExplorationGrid,-0.232,0.644,-0.232,0.644,False,,0,0,,,,,,0,0,0,0,0,0,0.514,0.9736,1.5,0.35,navegando para fronteira
20166.252,37.0,navigating,-0.0008,0.2245,0.3499,101.05,0.67,0.0728,0.1325,0.266,21.95,1642,4,640,4,4,177.6,4,4,1,0,0,0,0,0,0,-0.032,1.394,4,0,,ExplorationGrid,-0.232,0.644,-0.232,0.644,False,,0,0,,,,,,0,0,0,0,0,0,0.514,0.9736,1.5,0.35,navegando para fronteira
20166.731,37.502,navigating,-0.0326,0.2654,0.35,103.22,0.5,0.0903,0.1084,0.322,21.95,1642,4,640,4,4,177.6,4,4,1,0,0,0,0,0,0,-0.032,1.394,4,0,,ExplorationGrid,-0.232,0.644,-0.232,0.644,False,,0,0,,,,,,0,0,0,0,0,0,0.514,0.9736,1.5,0.35,navegando para fronteira
20167.089,38.0,navigating,-0.0632,0.2879,0.3846,111.43,0.34,0.0828,0.1462,0.361,21.95,1642,4,640,4,4,177.6,4,4,1,0,0,0,0,0,0,-0.032,1.394,4,0,,ExplorationGrid,-0.232,0.644,-0.232,0.644,False,,0,0,,,,,,0,0,0,0,0,0,0.514,0.9736,1.5,0.4,navegando para fronteira
20167.546,38.502,navigating,-0.0687,0.3225,0.377,107.36,0.49,0.0733,-0.04,0.397,21.95,1642,4,640,4,4,177.6,4,4,1,0,0,0,0,0,0,-0.032,1.394,4,0,,ExplorationGrid,-0.232,0.644,-0.232,0.644,False,,0,0,,,,,,0,0,0,0,0,0,0.396,0.9304,1.5,0.4,navegando para fronteira
20167.92,39.0,navigating,-0.0807,0.343,0.3578,107.16,0.47,0.0742,0.0239,0.423,21.95,1642,4,640,4,4,177.6,4,4,1,0,0,0,0,0,0,-0.032,1.394,4,0,,ExplorationGrid,-0.232,0.644,-0.232,0.644,False,,0,0,,,,,,0,0,0,0,0,0,0.396,0.9304,1.5,0.4,navegando para fronteira
20168.426,39.5,navigating,-0.1164,0.3176,0.3624,106.41,0.83,0.0071,0.0622,0.469,21.95,1642,4,640,4,4,177.6,4,4,1,0,0,0,0,0,0,-0.032,1.394,4,0,,ExplorationGrid,-0.232,0.644,-0.232,0.644,False,,0,0,,,,,,0,0,0,0,0,0,0.396,0.9304,1.5,0.45,navegando para fronteira
20168.816,40.0,navigating,-0.115,0.2838,0.3318,107.4,1.29,0.0,0.0412,0.503,21.95,1642,4,640,4,4,177.6,4,4,1,0,0,0,0,0,0,-0.032,1.394,4,0,,ExplorationGrid,-0.232,0.644,-0.232,0.644,False,,0,0,,,,,,0,0,0,0,0,0,0.396,0.9304,1.5,0.45,navegando para fronteira
20169.2,40.5,navigating,-0.1238,0.2373,0.3381,107.85,0.36,0.0119,-0.0084,0.558,21.95,1642,4,640,4,4,177.6,4,4,1,0,0,0,0,0,0,-0.032,1.394,4,0,,ExplorationGrid,-0.232,0.644,-0.232,0.644,False,,0,0,,,,,,0,0,0,0,0,0,0.497,0.9322,1.5,0.45,navegando para fronteira
20169.621,41.0,navigating,-0.1455,0.2516,0.3542,108.0,1.84,0.0718,0.005,0.598,21.95,1642,4,640,4,4,177.6,4,4,1,0,0,0,0,0,0,-0.032,1.394,4,0,,ExplorationGrid,-0.232,0.644,-0.232,0.644,False,,0,0,,,,,,0,0,0,0,0,0,0.497,0.9322,1.5,0.5,navegando para fronteira
20170.068,41.5,navigating,-0.2055,0.255,0.359,107.79,1.25,0.0886,-0.0097,0.665,21.95,1642,4,640,4,4,177.6,4,4,1,0,0,0,0,0,0,-0.032,1.394,4,0,,ExplorationGrid,-0.232,0.644,-0.232,0.644,False,,0,0,,,,,,0,0,0,0,0,0,0.456,0.976,1.5,0.55,navegando para fronteira
20170.455,42.0,navigating,-0.1922,0.2849,0.3431,108.65,1.33,0.0882,-0.0312,0.703,36.44,2854,4,640,4,4,177.6,4,4,1,0,0,0,0,0,0,-0.032,1.394,4,0,,ExplorationGrid,-0.232,0.644,-0.232,0.644,False,,0,0,,,,,,0,0,0,0,0,0,0.456,0.976,1.5,0.55,navegando para fronteira
20170.907,42.501,navigating,-0.1233,0.3267,0.3387,107.14,1.47,0.0559,0.0228,0.789,36.44,2854,4,640,4,4,177.6,4,4,1,0,0,0,0,0,0,-0.032,1.394,4,0,,ExplorationGrid,-0.232,0.644,-0.232,0.644,False,,0,0,,,,,,0,0,0,0,0,0,0.355,0.9731,1.5,0.45,navegando para fronteira
20171.328,43.001,navigating,-0.1139,0.3376,0.3405,107.43,0.28,0.0268,0.0395,0.814,36.44,2854,4,640,4,4,177.6,4,4,1,0,0,0,0,0,0,-0.032,1.394,4,0,,ExplorationGrid,-0.232,0.644,-0.232,0.644,False,,0,0,,,,,,0,0,0,0,0,0,0.355,0.9731,1.5,0.45,navegando para fronteira
20171.786,43.5,navigating,-0.1498,0.3262,0.345,107.98,0.96,0.0134,-0.0088,0.853,36.44,2854,4,640,4,4,177.6,4,4,1,0,0,0,0,0,0,-0.032,1.394,4,0,,ExplorationGrid,-0.232,0.644,-0.232,0.644,False,,0,0,,,,,,0,0,0,0,0,0,0.396,0.9304,1.5,0.5,navegando para fronteira
20172.198,44.0,navigating,-0.1569,0.3383,0.3498,107.81,0.21,0.0351,-0.0102,0.872,36.44,2854,4,640,4,4,177.6,4,4,1,0,0,0,0,0,0,-0.032,1.394,4,0,,ExplorationGrid,-0.232,0.644,-0.232,0.644,False,,0,0,,,,,,0,0,0,0,0,0,0.396,0.9304,1.5,0.5,navegando para fronteira
20172.671,44.5,navigating,-0.15,0.3646,0.3632,108.19,0.34,0.0559,-0.0079,0.9,36.44,2854,4,640,4,4,177.6,4,4,1,0,0,0,0,0,0,-0.032,1.394,4,0,,ExplorationGrid,-0.232,0.644,-0.232,0.644,False,,0,0,,,,,,0,0,0,0,0,0,0.254,0.967,1.5,0.5,navegando para fronteira
20173.064,45.0,navigating,-0.1672,0.364,0.343,108.54,0.67,0.037,-0.0075,0.927,36.44,2854,4,640,4,4,177.6,4,4,1,0,0,0,0,0,0,-0.032,1.394,4,0,,ExplorationGrid,-0.232,0.644,-0.232,0.644,False,,0,0,,,,,,0,0,0,0,0,0,0.254,0.967,1.5,0.5,navegando para fronteira
20173.525,45.5,navigating,-0.1613,0.3539,0.3463,109.07,0.33,0.0089,0.0073,0.957,36.44,2854,4,640,4,4,177.6,4,4,1,0,0,0,0,0,0,-0.032,1.394,4,0,,ExplorationGrid,-0.232,0.644,-0.232,0.644,False,,0,0,,,,,,0,0,0,0,0,0,0.254,0.967,1.5,0.5,navegando para fronteira
20173.946,46.0,navigating,-0.1399,0.3678,0.3366,110.2,1.33,0.0266,-0.006,0.983,36.44,2854,4,640,4,4,177.6,4,4,1,0,0,0,0,0,0,-0.032,1.394,4,0,,ExplorationGrid,-0.232,0.644,-0.232,0.644,False,,0,0,,,,,,0,0,0,0,0,0,0.254,0.967,1.5,0.5,navegando para fronteira
20174.4,46.5,navigating,-0.0861,0.3985,0.3487,109.38,1.21,0.0116,0.0062,1.049,36.44,2854,4,640,4,4,177.6,4,4,1,0,0,0,0,0,0,-0.032,1.394,4,0,,ExplorationGrid,-0.232,0.644,-0.232,0.644,False,,0,0,,,,,,0,0,0,0,0,0,0.296,0.9376,1.5,0.45,navegando para fronteira
20174.817,47.0,navigating,-0.0869,0.4064,0.3547,109.5,0.23,0.0337,-0.0188,1.07,36.44,2854,4,640,4,4,177.6,4,4,1,0,0,0,0,0,0,-0.032,1.394,4,0,,ExplorationGrid,-0.232,0.644,-0.232,0.644,False,,0,0,,,,,,0,0,0,0,0,0,0.296,0.9376,1.5,0.45,navegando para fronteira
20175.246,47.501,navigating,-0.1128,0.3934,0.3447,109.39,0.89,0.0115,0.0279,1.099,36.44,2854,4,640,4,4,177.6,4,4,1,0,0,0,0,0,0,-0.032,1.394,4,0,,ExplorationGrid,-0.232,0.644,-0.232,0.644,False,,0,0,,,,,,0,0,0,0,0,0,0.296,0.9376,1.5,0.45,navegando para fronteira
20175.717,48.0,navigating,-0.1152,0.3863,0.3457,109.59,0.1,0.0046,0.0524,1.118,36.44,2854,4,640,4,4,177.6,4,4,1,0,0,0,0,0,0,-0.032,1.394,4,0,,ExplorationGrid,-0.232,0.644,-0.232,0.644,False,,0,0,,,,,,0,0,0,0,0,0,0.296,0.9376,1.5,0.45,navegando para fronteira
20176.102,48.5,navigating,-0.0966,0.3996,0.3608,109.44,0.46,0.0362,0.0137,1.141,36.44,2854,4,640,4,4,177.6,4,4,1,0,0,0,0,0,0,-0.032,1.394,4,0,,ExplorationGrid,-0.232,0.644,-0.232,0.644,False,,0,0,,,,,,0,0,0,0,0,0,0.296,0.9376,1.5,0.45,navegando para fronteira
20176.577,49.0,navigating,-0.1219,0.4152,0.3624,111.7,0.52,0.0511,0.0486,1.171,36.44,2854,4,640,4,4,177.6,4,4,1,0,0,0,0,0,0,-0.032,1.394,4,0,,ExplorationGrid,-0.232,0.644,-0.232,0.644,False,,0,0,,,,,,0,0,0,0,0,0,0.296,0.9376,1.5,0.5,navegando para fronteira
20176.991,49.501,navigating,-0.1374,0.4047,0.3651,111.7,0.86,0.0,0.0,1.193,36.44,2854,4,640,4,4,177.6,4,4,1,0,0,0,0,0,0,-0.032,1.394,4,0,,ExplorationGrid,-0.232,0.644,-0.232,0.644,False,,0,0,,,,,,0,0,0,0,0,0,0.296,0.9376,1.5,0.5,navegando para fronteira
20177.458,50.0,selecting,-0.1395,0.3914,0.3612,111.48,0.14,0.0227,-0.0016,1.218,36.44,2854,3,729,4,4,195.3,0,5,2,0,0,0,1,0,0,0.01,1.596,4,0,,ExplorationGrid,-0.232,0.644,-0.232,0.644,False,,0,0,,,,,,0,0,0,0,0,0,0.86,0.9913,1.5,0.5,fronteira alcancada; atualizando mapa
20177.914,50.5,selecting,-0.1576,0.4086,0.3607,111.51,1.02,0.0709,-0.0085,1.247,36.44,2854,3,729,4,4,195.3,0,5,2,0,0,0,1,0,0,0.01,1.596,4,0,,ExplorationGrid,-0.232,0.644,-0.232,0.644,False,,0,0,,,,,,0,0,0,0,0,0,0.86,0.9913,1.5,0.5,fronteira alcancada; atualizando mapa
20178.363,51.0,navigating,-0.1802,0.4477,0.3607,110.99,0.31,0.0969,-0.0122,1.295,36.44,2854,3,729,4,4,195.3,3,7,2,0,0,0,1,0,0,-0.04,2.646,4,0,,ExplorationGrid,0.01,1.596,-0.085,1.253,False,,0,0,,,,,,0,0,0,0,0,0,0.869,0.9907,1.5,0.55,navegando para fronteira
20178.853,51.5,navigating,-0.175,0.5151,0.3579,110.18,0.82,0.1118,-0.0188,1.363,36.44,2854,3,729,4,4,195.3,3,7,2,0,0,0,1,0,0,-0.04,2.646,4,0,,ExplorationGrid,0.01,1.596,-0.085,1.253,False,,0,0,,,,,,0,0,0,0,0,0,0.869,0.9907,1.5,0.55,navegando para fronteira
20179.315,52.0,navigating,-0.1939,0.5543,0.3577,109.56,0.3,0.0959,0.014,1.407,36.44,2854,3,729,4,4,195.3,3,7,2,0,0,0,1,0,0,-0.04,2.646,4,0,,ExplorationGrid,0.01,1.596,-0.085,1.253,False,,0,0,,,,,,0,0,0,0,0,0,0.77,0.9895,1.5,0.55,navegando para fronteira
20179.741,52.5,navigating,-0.2259,0.5985,0.3476,109.66,0.74,0.1139,0.0004,1.462,36.44,2854,3,729,4,4,195.3,3,7,2,0,0,0,1,0,0,-0.04,2.646,4,0,,ExplorationGrid,0.01,1.596,-0.085,1.253,False,,0,0,,,,,,0,0,0,0,0,0,0.77,0.9895,0.4,0.6,navegando para fronteira
20180.224,53.0,navigating,-0.2618,0.6288,0.3514,109.86,0.66,0.0649,-0.0303,1.514,38.84,3042,3,729,4,4,195.3,3,7,2,0,0,0,1,0,0,-0.04,2.646,4,0,,ExplorationGrid,0.01,1.596,-0.085,1.253,False,,0,0,,,,,,0,0,0,0,0,0,0.711,0.967,0.35,0.6,navegando para fronteira
20180.64,53.5,navigating,-0.2534,0.6627,0.3408,109.77,0.48,0.0666,-0.0398,1.549,38.84,3042,3,729,4,4,195.3,3,7,2,0,0,0,1,0,0,-0.04,2.646,4,0,,ExplorationGrid,0.01,1.596,-0.085,1.253,False,,0,0,,,,,,0,0,0,0,0,0,0.711,0.967,0.3,0.6,navegando para fronteira
20181.083,54.0,navigating,-0.2348,0.7056,0.3448,109.61,0.93,0.0654,-0.0204,1.597,38.84,3042,3,729,4,4,195.3,3,7,2,0,0,0,1,0,0,-0.04,2.646,4,0,,ExplorationGrid,0.01,1.596,-0.085,1.253,False,,0,0,,,,,,0,0,0,0,0,0,0.604,0.9346,0.25,0.6,navegando para fronteira
20181.513,54.5,navigating,-0.2403,0.7362,0.3571,109.11,0.3,0.0603,-0.0337,1.629,38.84,3042,3,729,4,4,195.3,3,7,2,0,0,0,1,0,0,-0.04,2.646,4,0,,ExplorationGrid,0.01,1.596,-0.085,1.253,False,,0,0,,,,,,0,0,0,0,0,0,0.604,0.9346,0.25,0.6,navegando para fronteira
20181.971,55.0,navigating,-0.2655,0.7643,0.3578,108.06,0.37,0.0732,-0.0426,1.667,38.84,3042,3,729,4,4,195.3,3,7,2,0,0,0,1,0,0,-0.04,2.646,4,0,,ExplorationGrid,0.01,1.596,-0.085,1.253,False,,0,0,,,,,,0,0,0,0,0,0,0.604,0.9346,0.2,0.6,navegando para fronteira
20182.39,55.5,navigating,-0.2676,0.7998,0.3554,107.04,0.43,0.0728,-0.0571,1.703,38.84,3042,3,729,4,4,195.3,3,7,2,0,0,0,1,0,0,-0.04,2.646,4,0,,ExplorationGrid,0.01,1.596,-0.085,1.253,False,,0,0,,,,,,0,0,0,0,0,0,0.541,0.926,0.2,0.6,navegando para fronteira
20182.86,56.0,navigating,-0.2553,0.8412,0.363,105.9,0.88,0.0733,-0.0139,1.748,38.84,3042,3,729,4,4,195.3,3,7,2,0,0,0,1,0,0,-0.04,2.646,4,0,,ExplorationGrid,0.01,1.596,-0.085,1.253,False,,0,0,,,,,,0,0,0,0,0,0,0.541,0.926,0.25,0.6,navegando para fronteira
20183.317,56.5,navigating,-0.2694,0.8644,0.358,104.77,0.27,0.0566,-0.0979,1.776,38.84,3042,3,729,4,4,195.3,3,7,2,0,0,0,1,0,0,-0.04,2.646,4,0,,ExplorationGrid,0.01,1.596,-0.085,1.253,False,,0,0,,,,,,0,0,0,0,0,0,0.541,0.926,0.2,0.6,navegando para fronteira
20183.77,57.0,navigating,-0.2865,0.8864,0.3604,103.28,0.2,0.0527,-0.0738,1.806,38.84,3042,3,729,4,4,195.3,3,7,2,0,0,0,1,0,0,-0.04,2.646,4,0,,ExplorationGrid,0.01,1.596,-0.085,1.253,False,,0,0,,,,,,0,0,0,0,0,0,0.541,0.926,0.2,0.65,navegando para fronteira
20184.238,57.501,navigating,-0.2791,0.9211,0.3582,101.57,0.55,0.0602,-0.0758,1.842,38.84,3042,3,729,4,4,195.3,3,7,2,0,0,0,1,0,0,-0.04,2.646,4,0,,ExplorationGrid,0.01,1.596,-0.085,1.253,False,,0,0,,,,,,0,0,0,0,0,0,0.443,0.9315,0.2,0.6,navegando para fronteira
20184.693,58.0,navigating,-0.2913,0.9579,0.3491,100.46,0.37,0.0865,-0.0735,1.883,39.02,3056,3,729,4,4,195.3,3,7,2,0,0,0,1,0,0,-0.04,2.646,4,0,,ExplorationGrid,0.01,1.596,-0.085,1.253,False,,0,0,,,,,,0,0,0,0,0,0,0.443,0.9315,0.2,0.65,navegando para fronteira
20185.178,58.5,navigating,-0.3105,0.9945,0.3522,98.85,0.3,0.0727,-0.0747,1.928,39.02,3056,3,729,4,4,195.3,3,7,2,0,0,0,1,0,0,-0.04,2.646,4,0,,ExplorationGrid,0.01,1.596,-0.085,1.253,False,,0,0,,,,,,0,0,0,0,0,0,0.35,0.9472,0.15,0.65,navegando para fronteira
20185.62,59.0,navigating,-0.291,1.0286,0.3433,97.29,1.11,0.0576,-0.016,1.968,39.02,3056,3,729,4,4,195.3,3,7,2,0,0,0,1,0,0,-0.04,2.646,4,0,,ExplorationGrid,0.01,1.596,-0.085,1.253,False,,0,0,,,,,,0,0,0,0,0,0,0.35,0.9472,0.2,0.6,navegando para fronteira
20186.08,59.5,navigating,-0.2751,1.0694,0.3516,95.64,0.43,0.0499,-0.03,2.016,39.02,3056,3,729,4,4,195.3,3,7,2,0,0,0,1,0,0,-0.04,2.646,4,0,,ExplorationGrid,0.01,1.596,-0.085,1.253,False,,0,0,,,,,,0,0,0,0,0,0,0.35,0.9472,0.2,0.6,navegando para fronteira
20186.559,60.0,navigating,-0.3075,1.0822,0.3546,94.84,0.9,0.0309,-0.0588,2.055,39.02,3056,3,729,4,4,195.3,3,7,2,0,0,0,1,0,0,-0.04,2.646,4,0,,ExplorationGrid,0.01,1.596,-0.085,1.253,False,,0,0,,,,,,0,0,0,0,0,0,0.35,0.9472,0.15,0.65,navegando para fronteira
20187.015,60.5,navigating,-0.2973,1.0936,0.355,93.36,0.3,0.0193,-0.0008,2.075,39.02,3056,3,729,4,4,195.3,3,7,2,0,0,0,1,0,0,-0.04,2.646,4,0,,ExplorationGrid,0.01,1.596,-0.085,1.253,False,,0,0,,,,,,0,0,0,0,0,0,0.268,0.9818,0.2,0.6,navegando para fronteira
20187.467,61.0,navigating,-0.2797,1.092,0.3618,93.24,0.8,0.0154,0.0553,2.095,39.02,3056,3,729,4,4,195.3,3,7,2,0,0,0,1,0,0,-0.04,2.646,4,0,,ExplorationGrid,0.01,1.596,-0.085,1.253,False,,0,0,,,,,,0,0,0,0,0,0,0.268,0.9818,0.2,0.6,navegando para fronteira
20187.923,61.5,navigating,-0.2831,1.0863,0.3601,93.76,0.14,0.0,0.0,2.108,39.02,3056,3,729,4,4,195.3,3,7,2,0,0,0,1,0,0,-0.04,2.646,4,0,,ExplorationGrid,0.01,1.596,-0.085,1.253,False,,0,0,,,,,,0,0,0,0,0,0,0.268,0.9818,0.2,0.6,navegando para fronteira
20188.39,62.0,selecting,-0.283,1.0894,0.3613,93.83,0.2,0.0001,-0.0281,2.113,39.02,3056,1,429,1,1,81.0,0,8,3,0,0,0,0,0,0,-0.24,0.596,4,0,,ExplorationGrid,0.01,1.596,-0.085,1.253,False,,0,0,,,,,,0,0,0,0,0,0,0.531,0.9563,0.2,0.6,fronteira alcancada; atualizando mapa
20188.876,62.5,selecting,-0.2799,1.0914,0.3554,93.14,0.18,0.0,-0.0764,2.119,39.02,3056,1,429,1,1,81.0,0,8,3,0,0,0,0,0,0,-0.24,0.596,4,0,,ExplorationGrid,0.01,1.596,-0.085,1.253,False,,0,0,,,,,,0,0,0,0,0,0,0.531,0.9563,0.2,0.6,fronteira alcancada; atualizando mapa
20189.32,63.0,navigating,-0.2761,1.0844,0.3616,91.26,0.12,0.0,-0.1846,2.128,39.02,3056,1,429,1,1,81.0,1,8,3,0,0,0,0,0,0,-0.24,0.596,4,0,,ExplorationGrid,-0.24,0.596,-0.24,0.596,False,,0,0,,,,,,0,0,0,0,0,0,0.531,0.9563,0.2,0.6,navegando para fronteira
20189.782,63.5,navigating,-0.2804,1.0863,0.3633,87.8,0.12,0.0,-0.1983,2.135,39.02,3056,1,429,1,1,81.0,1,8,3,0,0,0,0,0,0,-0.24,0.596,4,0,,ExplorationGrid,-0.24,0.596,-0.24,0.596,False,,0,0,,,,,,0,0,0,0,0,0,0.531,0.9563,0.2,0.6,navegando para fronteira
20190.271,64.0,navigating,-0.283,1.0796,0.3637,83.93,0.11,0.0,-0.1987,2.144,39.02,3056,1,429,1,1,81.0,1,8,3,0,0,0,0,0,0,-0.24,0.596,4,0,,ExplorationGrid,-0.24,0.596,-0.24,0.596,False,,0,0,,,,,,0,0,0,0,0,0,0.531,0.9563,0.2,0.6,navegando para fronteira
20190.737,64.503,navigating,-0.2747,1.0809,0.3531,79.79,0.39,0.0,-0.1627,2.154,39.02,3056,1,429,1,1,81.0,1,8,3,0,0,0,0,0,0,-0.24,0.596,4,0,,ExplorationGrid,-0.24,0.596,-0.24,0.596,False,,0,0,,,,,,0,0,0,0,0,0,0.531,0.9563,0.2,0.6,navegando para fronteira
20191.216,65.001,navigating,-0.2718,1.0814,0.3576,75.69,0.41,0.0012,-0.1897,2.166,39.02,3056,1,429,1,1,81.0,1,8,3,0,0,0,0,0,0,-0.24,0.596,4,0,,ExplorationGrid,-0.24,0.596,-0.24,0.596,False,,0,0,,,,,,0,0,0,0,0,0,0.531,0.9563,0.2,0.6,navegando para fronteira
20191.693,65.5,navigating,-0.2911,1.077,0.3558,71.24,0.23,0.0,-0.1795,2.186,39.02,3056,1,429,1,1,81.0,1,8,3,0,0,0,0,0,0,-0.24,0.596,4,0,,ExplorationGrid,-0.24,0.596,-0.24,0.596,False,,0,0,,,,,,0,0,0,0,0,0,0.531,0.9563,0.2,0.65,navegando para fronteira
20192.146,66.001,navigating,-0.2806,1.081,0.3501,67.49,0.16,0.0105,-0.1895,2.198,39.02,3056,1,429,1,1,81.0,1,8,3,0,0,0,0,0,0,-0.24,0.596,4,0,,ExplorationGrid,-0.24,0.596,-0.24,0.596,False,,0,0,,,,,,0,0,0,0,0,0,0.531,0.9563,0.2,0.65,navegando para fronteira
20192.626,66.5,navigating,-0.2817,1.076,0.3489,63.68,0.28,0.0,-0.1752,2.206,39.02,3056,1,429,1,1,81.0,1,8,3,0,0,0,0,0,0,-0.24,0.596,4,0,,ExplorationGrid,-0.24,0.596,-0.24,0.596,False,,0,0,,,,,,0,0,0,0,0,0,0.531,0.9563,0.2,0.65,navegando para fronteira
20193.079,67.0,navigating,-0.2798,1.0674,0.3582,60.48,0.51,0.0,-0.1252,2.218,39.02,3056,1,429,1,1,81.0,1,8,3,0,0,0,0,0,0,-0.24,0.596,4,0,,ExplorationGrid,-0.24,0.596,-0.24,0.596,False,,0,0,,,,,,0,0,0,0,0,0,0.531,0.9563,0.2,0.7,navegando para fronteira
20193.537,67.5,navigating,-0.2822,1.0725,0.3542,57.87,0.12,0.0014,-0.1414,2.232,39.02,3056,1,429,1,1,81.0,1,8,3,0,0,0,0,0,0,-0.24,0.596,4,0,,ExplorationGrid,-0.24,0.596,-0.24,0.596,False,,0,0,,,,,,0,0,0,0,0,0,0.531,0.9563,0.2,0.7,navegando para fronteira
20193.964,68.0,navigating,-0.2849,1.0736,0.3446,54.52,0.51,0.0,-0.1629,2.242,39.02,3056,1,429,1,1,81.0,1,8,3,0,0,0,0,0,0,-0.24,0.596,4,0,,ExplorationGrid,-0.24,0.596,-0.24,0.596,False,,0,0,,,,,,0,0,0,0,0,0,0.531,0.9563,0.25,0.75,navegando para fronteira
20194.462,68.5,navigating,-0.2789,1.0732,0.3539,50.35,0.36,0.0,-0.1501,2.257,39.02,3056,1,429,1,1,81.0,1,8,3,0,0,0,0,0,0,-0.24,0.596,4,0,,ExplorationGrid,-0.24,0.596,-0.24,0.596,False,,0,0,,,,,,0,0,0,0,0,0,0.531,0.9563,0.25,0.8,navegando para fronteira
20194.952,69.0,navigating,-0.3019,1.0809,0.3581,46.85,0.48,0.0,-0.1256,2.285,39.02,3056,1,429,1,1,81.0,1,8,3,0,0,0,0,0,0,-0.24,0.596,4,0,,ExplorationGrid,-0.24,0.596,-0.24,0.596,False,,0,0,,,,,,0,0,0,0,0,0,0.531,0.9563,0.25,0.85,navegando para fronteira
20195.419,69.5,navigating,-0.2874,1.0789,0.3618,43.17,0.3,0.0177,-0.1449,2.304,39.02,3056,1,429,1,1,81.0,1,8,3,0,0,0,0,0,0,-0.24,0.596,4,0,,ExplorationGrid,-0.24,0.596,-0.24,0.596,False,,0,0,,,,,,0,0,0,0,0,0,0.531,0.9563,0.25,0.9,navegando para fronteira
20195.878,70.0,navigating,-0.279,1.0746,0.3562,39.59,0.43,0.0094,-0.1587,2.32,39.02,3056,1,429,1,1,81.0,1,8,3,0,0,0,0,0,0,-0.24,0.596,4,0,,ExplorationGrid,-0.24,0.596,-0.24,0.596,False,,0,0,,,,,,0,0,0,0,0,0,0.531,0.9563,0.3,0.95,navegando para fronteira
20196.351,70.5,navigating,-0.287,1.0821,0.3606,35.73,0.18,0.0083,-0.1904,2.338,39.02,3056,1,429,1,1,81.0,1,8,3,0,0,0,0,0,0,-0.24,0.596,4,0,,ExplorationGrid,-0.24,0.596,-0.24,0.596,False,,0,0,,,,,,0,0,0,0,0,0,0.531,0.9563,0.3,1.05,navegando para fronteira
20196.826,71.0,navigating,-0.2693,1.062,0.3537,31.42,0.96,0.0253,-0.1995,2.38,39.02,3056,1,429,1,1,81.0,1,8,3,0,0,0,0,0,0,-0.24,0.596,4,0,,ExplorationGrid,-0.24,0.596,-0.24,0.596,False,,0,0,,,,,,0,0,0,0,0,0,0.531,0.9563,0.35,1.1,navegando para fronteira
20197.265,71.5,navigating,-0.276,1.0338,0.3532,27.4,1.01,0.0,-0.1955,2.413,39.02,3056,1,429,1,1,81.0,1,8,3,0,0,0,0,0,0,-0.24,0.596,4,0,,ExplorationGrid,-0.24,0.596,-0.24,0.596,False,,0,0,,,,,,0,0,0,0,0,0,0.531,0.9563,0.4,1.3,navegando para fronteira
20197.756,72.0,navigating,-0.2705,1.0412,0.3547,23.42,0.27,0.0026,-0.1885,2.434,39.02,3056,1,429,1,1,81.0,1,8,3,0,0,0,0,0,0,-0.24,0.596,4,0,,ExplorationGrid,-0.24,0.596,-0.24,0.596,False,,0,0,,,,,,0,0,0,0,0,0,0.531,0.9563,0.5,1.45,navegando para fronteira
20198.21,72.5,navigating,-0.2686,1.0532,0.354,19.62,0.37,0.0013,-0.1794,2.451,39.02,3056,1,429,1,1,81.0,1,8,3,0,0,0,0,0,0,-0.24,0.596,4,0,,ExplorationGrid,-0.24,0.596,-0.24,0.596,False,,0,0,,,,,,0,0,0,0,0,0,0.428,0.9544,0.55,1.5,navegando para fronteira
20198.672,73.0,navigating,-0.2675,1.045,0.3534,15.36,0.17,0.0,-0.1734,2.464,39.02,3056,1,429,1,1,81.0,1,8,3,0,0,0,0,0,0,-0.24,0.596,4,0,,ExplorationGrid,-0.24,0.596,-0.24,0.596,False,,0,0,,,,,,0,0,0,0,0,0,0.428,0.9544,0.7,1.45,navegando para fronteira
20199.174,73.5,navigating,-0.2683,1.0529,0.3564,11.48,0.15,0.0059,-0.1492,2.479,39.02,3056,1,429,1,1,81.0,1,8,3,0,0,0,0,0,0,-0.24,0.596,4,0,,ExplorationGrid,-0.24,0.596,-0.24,0.596,False,,0,0,,,,,,0,0,0,0,0,0,0.428,0.9544,0.95,1.4,navegando para fronteira
20199.653,74.0,navigating,-0.2685,1.0559,0.3571,9.12,0.05,0.0036,-0.1128,2.488,39.02,3056,1,429,1,1,81.0,1,8,3,0,0,0,0,0,0,-0.24,0.596,4,0,,ExplorationGrid,-0.24,0.596,-0.24,0.596,False,,0,0,,,,,,0,0,0,0,0,0,0.428,0.9544,1.15,1.4,navegando para fronteira
20200.131,74.5,navigating,-0.2687,1.0467,0.3569,5.0,0.35,0.0042,-0.1854,2.499,39.02,3056,1,429,1,1,81.0,1,8,3,0,0,0,0,0,0,-0.24,0.596,4,0,,ExplorationGrid,-0.24,0.596,-0.24,0.596,False,,0,0,,,,,,0,0,0,0,0,0,0.531,0.9563,1.5,1.4,navegando para fronteira
20200.625,75.0,navigating,-0.2662,1.05,0.3577,0.88,0.18,0.0132,-0.1236,2.508,39.02,3056,1,429,1,1,81.0,1,8,3,0,0,0,0,0,0,-0.24,0.596,4,0,,ExplorationGrid,-0.24,0.596,-0.24,0.596,False,,0,0,,,,,,0,0,0,0,0,0,0.531,0.9563,1.5,1.4,navegando para fronteira
20201.082,75.5,navigating,-0.2599,1.0479,0.3563,-2.14,0.19,0.015,-0.1734,2.516,39.02,3056,1,429,1,1,81.0,1,8,3,0,0,0,0,0,0,-0.24,0.596,4,0,,ExplorationGrid,-0.24,0.596,-0.24,0.596,False,,0,0,,,,,,0,0,0,0,0,0,0.531,0.9563,1.5,1.35,navegando para fronteira
20201.512,76.0,navigating,-0.2542,1.0423,0.3488,-4.95,0.28,0.015,-0.1998,2.526,39.02,3056,1,429,1,1,81.0,1,8,3,0,0,0,0,0,0,-0.24,0.596,4,0,,ExplorationGrid,-0.24,0.596,-0.24,0.596,False,,0,0,,,,,,0,0,0,0,0,0,0.531,0.9563,1.5,1.35,navegando para fronteira
20202.007,76.501,navigating,-0.2478,1.0425,0.3519,-8.68,0.24,0.0116,-0.197,2.536,39.02,3056,1,429,1,1,81.0,1,8,3,0,0,0,0,0,0,-0.24,0.596,4,0,,ExplorationGrid,-0.24,0.596,-0.24,0.596,False,,0,0,,,,,,0,0,0,0,0,0,0.444,0.9136,1.45,1.4,navegando para fronteira
20202.477,77.001,navigating,-0.2401,1.0522,0.3552,-12.37,0.14,0.016,-0.1457,2.549,39.02,3056,1,429,1,1,81.0,1,8,3,0,0,0,0,0,0,-0.24,0.596,4,0,,ExplorationGrid,-0.24,0.596,-0.24,0.596,False,,0,0,,,,,,0,0,0,0,0,0,0.444,0.9136,1.3,1.4,navegando para fronteira
20202.946,77.5,navigating,-0.2351,1.0471,0.3576,-14.61,0.35,0.0115,-0.1269,2.559,39.02,3056,1,429,1,1,81.0,1,8,3,0,0,0,0,0,0,-0.24,0.596,4,0,,ExplorationGrid,-0.24,0.596,-0.24,0.596,False,,0,0,,,,,,0,0,0,0,0,0,0.546,0.9254,1.25,1.4,navegando para fronteira
20203.39,78.001,navigating,-0.231,1.0413,0.3491,-17.57,0.42,0.0091,-0.1181,2.57,39.02,3056,1,429,1,1,81.0,1,8,3,0,0,0,0,0,0,-0.24,0.596,4,0,,ExplorationGrid,-0.24,0.596,-0.24,0.596,False,,0,0,,,,,,0,0,0,0,0,0,0.546,0.9254,1.25,1.45,navegando para fronteira
20203.856,78.5,navigating,-0.2232,1.0485,0.3547,-20.67,0.12,0.016,-0.1338,2.582,39.02,3056,1,429,1,1,81.0,1,8,3,0,0,0,0,0,0,-0.24,0.596,4,0,,ExplorationGrid,-0.24,0.596,-0.24,0.596,False,,0,0,,,,,,0,0,0,0,0,0,0.444,0.9136,1.2,1.45,navegando para fronteira
20204.323,79.001,navigating,-0.2096,1.0478,0.3603,-23.55,0.17,0.0255,-0.1375,2.597,39.02,3056,1,429,1,1,81.0,1,8,3,0,0,0,0,0,0,-0.24,0.596,4,0,,ExplorationGrid,-0.24,0.596,-0.24,0.596,False,,0,0,,,,,,0,0,0,0,0,0,0.444,0.9136,1.25,1.5,navegando para fronteira
20204.792,79.502,navigating,-0.2008,1.0436,0.3598,-26.37,0.24,0.0285,-0.1243,2.608,39.02,3056,1,429,1,1,81.0,1,8,3,0,0,0,0,0,0,-0.24,0.596,4,0,,ExplorationGrid,-0.24,0.596,-0.24,0.596,False,,0,0,,,,,,0,0,0,0,0,0,0.444,0.9136,1.15,1.5,navegando para fronteira
20205.284,80.0,navigating,-0.1926,1.0306,0.3621,-29.08,0.35,0.0328,-0.1293,2.625,39.02,3056,1,429,1,1,81.0,1,8,3,0,0,0,0,0,0,-0.24,0.596,4,0,,ExplorationGrid,-0.24,0.596,-0.24,0.596,False,,0,0,,,,,,0,0,0,0,0,0,0.444,0.9136,1.05,1.5,navegando para fronteira
20205.752,80.5,navigating,-0.1787,1.0249,0.3603,-31.73,0.14,0.0329,-0.1337,2.641,39.02,3056,1,429,1,1,81.0,1,8,3,0,0,0,0,0,0,-0.24,0.596,4,0,,ExplorationGrid,-0.24,0.596,-0.24,0.596,False,,0,0,,,,,,0,0,0,0,0,0,0.444,0.9136,0.95,1.5,navegando para fronteira
20206.221,81.0,navigating,-0.1635,1.0179,0.3641,-34.3,0.17,0.0306,-0.1307,2.658,39.02,3056,1,429,1,1,81.0,1,8,3,0,0,0,0,0,0,-0.24,0.596,4,0,,ExplorationGrid,-0.24,0.596,-0.24,0.596,False,,0,0,,,,,,0,0,0,0,0,0,0.444,0.9136,0.85,1.5,navegando para fronteira
20206.717,81.5,navigating,-0.1564,1.0025,0.3567,-37.16,0.47,0.0309,-0.1203,2.676,39.02,3056,1,429,1,1,81.0,1,8,3,0,0,0,0,0,0,-0.24,0.596,4,0,,ExplorationGrid,-0.24,0.596,-0.24,0.596,False,,0,0,,,,,,0,0,0,0,0,0,0.444,0.9136,0.8,0.5,navegando para fronteira
20207.167,82.001,navigating,-0.1455,0.9892,0.3491,-39.64,0.45,0.0312,-0.1141,2.694,39.02,3056,1,429,1,1,81.0,1,8,3,0,0,0,0,0,0,-0.24,0.596,4,0,,ExplorationGrid,-0.24,0.596,-0.24,0.596,False,,0,0,,,,,,0,0,0,0,0,0,0.444,0.9136,0.7,0.5,navegando para fronteira
20207.656,82.5,navigating,-0.1328,0.9915,0.3524,-42.2,0.03,0.0157,-0.0678,2.708,39.02,3056,1,429,1,1,81.0,1,8,3,0,0,0,0,0,0,-0.24,0.596,4,0,,ExplorationGrid,-0.24,0.596,-0.24,0.596,False,,0,0,,,,,,0,0,0,0,0,0,0.681,0.9095,0.65,0.5,navegando para fronteira
20208.139,83.0,navigating,-0.1194,0.9874,0.3542,-44.32,0.05,0.0255,-0.0601,2.723,42.49,3328,1,429,1,1,81.0,1,8,3,0,0,0,0,0,0,-0.24,0.596,4,0,,ExplorationGrid,-0.24,0.596,-0.24,0.596,False,,0,0,,,,,,0,0,0,0,0,0,0.681,0.9095,0.65,0.5,navegando para fronteira
20208.558,83.501,navigating,-0.1169,0.9707,0.3626,-46.51,0.58,0.0337,-0.0189,2.741,42.49,3328,1,429,1,1,81.0,1,8,3,0,0,0,0,0,0,-0.24,0.596,4,0,,ExplorationGrid,-0.24,0.596,-0.24,0.596,False,,0,0,,,,,,0,0,0,0,0,0,0.681,0.9095,0.6,0.5,navegando para fronteira
20209.012,84.0,navigating,-0.1172,0.9492,0.3541,-47.25,0.99,0.0546,-0.0669,2.764,42.49,3328,1,429,1,1,81.0,1,8,3,0,0,0,0,0,0,-0.24,0.596,4,0,,ExplorationGrid,-0.24,0.596,-0.24,0.596,False,,0,0,,,,,,0,0,0,0,0,0,0.681,0.9095,0.6,0.5,navegando para fronteira
20209.455,84.5,navigating,-0.0984,0.9512,0.351,-47.91,0.15,0.0346,-0.061,2.785,42.49,3328,1,429,1,1,81.0,1,8,3,0,0,0,0,0,0,-0.24,0.596,4,0,,ExplorationGrid,-0.24,0.596,-0.24,0.596,False,,0,0,,,,,,0,0,0,0,0,0,0.681,0.9095,0.55,0.5,navegando para fronteira
20209.885,85.0,navigating,-0.0863,0.9358,0.3513,-48.88,0.17,0.0396,-0.0668,2.807,42.49,3328,1,429,1,1,81.0,1,8,3,0,0,0,0,0,0,-0.24,0.596,4,0,,ExplorationGrid,-0.24,0.596,-0.24,0.596,False,,0,0,,,,,,0,0,0,0,0,0,0.581,0.8992,0.55,0.5,navegando para fronteira
20210.344,85.5,navigating,-0.0807,0.915,0.3599,-51.02,0.32,0.0366,-0.0816,2.83,42.49,3328,1,429,1,1,81.0,1,8,3,0,0,0,0,0,0,-0.24,0.596,4,0,,ExplorationGrid,-0.24,0.596,-0.24,0.596,False,,0,0,,,,,,0,0,0,0,0,0,0.581,0.8992,0.5,0.5,navegando para fronteira
20210.807,86.0,navigating,-0.06,0.9029,0.3578,-52.45,0.23,0.0411,-0.0586,2.855,42.49,3328,1,429,1,1,81.0,1,8,3,0,0,0,0,0,0,-0.24,0.596,4,0,,ExplorationGrid,-0.24,0.596,-0.24,0.596,False,,0,0,,,,,,0,0,0,0,0,0,0.581,0.8992,0.5,0.65,navegando para fronteira
20211.289,86.5,navigating,-0.048,0.8766,0.3579,-53.96,0.39,0.0496,-0.0591,2.884,42.49,3328,1,429,1,1,81.0,1,8,3,0,0,0,0,0,0,-0.24,0.596,4,0,,ExplorationGrid,-0.24,0.596,-0.24,0.596,False,,0,0,,,,,,0,0,0,0,0,0,0.581,0.8992,0.45,0.7,navegando para fronteira
20211.729,87.0,navigating,-0.039,0.8623,0.3683,-55.35,0.14,0.0356,-0.1152,2.904,42.49,3328,1,429,1,1,81.0,1,8,3,0,0,0,0,0,0,-0.24,0.596,4,0,,ExplorationGrid,-0.24,0.596,-0.24,0.596,False,,0,0,,,,,,0,0,0,0,0,0,0.596,0.936,0.45,0.7,navegando para fronteira
20212.161,87.501,navigating,-0.0281,0.8516,0.3593,-57.76,0.26,0.0315,-0.0845,2.92,42.49,3328,1,429,1,1,81.0,1,8,3,0,0,0,0,0,0,-0.24,0.596,4,0,,ExplorationGrid,-0.24,0.596,-0.24,0.596,False,,0,0,,,,,,0,0,0,0,0,0,0.596,0.936,0.4,0.65,navegando para fronteira
20212.647,88.0,navigating,-0.0193,0.826,0.3609,-60.3,0.29,0.0457,-0.0735,2.947,42.94,3363,1,429,1,1,81.0,1,8,3,0,0,0,0,0,0,-0.24,0.596,4,0,,ExplorationGrid,-0.24,0.596,-0.24,0.596,False,,0,0,,,,,,0,0,0,0,0,0,0.5,0.9398,0.4,0.65,navegando para fronteira
20213.141,88.5,navigating,-0.0125,0.8025,0.3586,-62.12,0.32,0.0532,-0.0914,2.972,42.94,3363,1,429,1,1,81.0,1,8,3,0,0,0,0,0,0,-0.24,0.596,4,0,,ExplorationGrid,-0.24,0.596,-0.24,0.596,False,,0,0,,,,,,0,0,0,0,0,0,0.5,0.9398,0.4,0.7,navegando para fronteira
20213.596,89.002,navigating,0.0023,0.7827,0.3519,-63.93,0.09,0.0497,-0.0953,2.997,42.94,3363,1,429,1,1,81.0,1,8,3,0,0,0,0,0,0,-0.24,0.596,4,0,,ExplorationGrid,-0.24,0.596,-0.24,0.596,False,,0,0,,,,,,0,0,0,0,0,0,0.5,0.9398,0.35,0.7,navegando para fronteira
20213.962,89.5,navigating,0.0144,0.7682,0.3516,-65.94,0.39,0.0412,-0.119,3.016,42.94,3363,1,429,1,1,81.0,1,8,3,0,0,0,0,0,0,-0.24,0.596,4,0,,ExplorationGrid,-0.24,0.596,-0.24,0.596,False,,0,0,,,,,,0,0,0,0,0,0,0.5,0.9398,0.35,0.65,navegando para fronteira
20214.462,90.0,navigating,0.0262,0.7432,0.3517,-68.1,0.23,0.0514,-0.1044,3.047,42.94,3363,1,429,1,1,81.0,1,8,3,0,0,0,0,0,0,-0.24,0.596,4,0,,ExplorationGrid,-0.24,0.596,-0.24,0.596,False,,0,0,,,,,,0,0,0,0,0,0,0.5,0.9398,0.3,0.65,navegando para fronteira
20214.849,90.5,navigating,0.0223,0.7075,0.3564,-69.74,0.73,0.0638,-0.1193,3.083,42.94,3363,1,429,1,1,81.0,1,8,3,0,0,0,0,0,0,-0.24,0.596,4,0,,ExplorationGrid,-0.24,0.596,-0.24,0.596,False,,0,0,,,,,,0,0,0,0,0,0,0.5,0.9398,0.3,0.7,navegando para fronteira
20215.3,91.0,navigating,0.0315,0.6658,0.3581,-72.1,0.19,0.0687,-0.0698,3.127,42.94,3363,1,429,1,1,81.0,1,8,3,0,0,0,0,0,0,-0.24,0.596,4,0,,ExplorationGrid,-0.24,0.596,-0.24,0.596,False,,0,0,,,,,,0,0,0,0,0,0,0.406,0.9529,0.3,0.7,navegando para fronteira
20215.737,91.5,navigating,0.0505,0.6336,0.3509,-74.21,0.08,0.0689,-0.0462,3.165,42.94,3363,1,429,1,1,81.0,1,8,3,0,0,0,0,0,0,-0.24,0.596,4,0,,ExplorationGrid,-0.24,0.596,-0.24,0.596,False,,0,0,,,,,,0,0,0,0,0,0,0.406,0.9529,0.3,1.5,navegando para fronteira
20216.191,92.0,navigating,0.0411,0.5982,0.3463,-75.19,0.75,0.0505,-0.0549,3.202,44.24,3465,1,429,1,1,81.0,1,8,3,0,0,0,0,0,0,-0.24,0.596,4,0,,ExplorationGrid,-0.24,0.596,-0.24,0.596,False,,0,0,,,,,,0,0,0,0,0,0,0.323,0.9747,0.3,1.5,navegando para fronteira
20216.626,92.5,navigating,0.0446,0.5824,0.3607,-76.07,0.37,0.0332,-0.0035,3.219,44.24,3465,1,429,1,1,81.0,1,8,3,0,0,0,0,0,0,-0.24,0.596,4,0,,ExplorationGrid,-0.24,0.596,-0.24,0.596,False,,0,0,,,,,,0,0,0,0,0,0,0.323,0.9747,0.3,1.5,navegando para fronteira
20217.077,93.0,navigating,0.0513,0.5742,0.3602,-77.53,0.38,0.0272,0.0414,3.23,44.24,3465,1,429,1,1,81.0,1,8,3,0,0,0,0,0,0,-0.24,0.596,4,0,,ExplorationGrid,-0.24,0.596,-0.24,0.596,False,,0,0,,,,,,0,0,0,0,0,0,0.323,0.9747,0.3,1.5,navegando para fronteira
20217.543,93.5,navigating,0.0501,0.5644,0.3619,-77.9,0.31,0.0236,0.0112,3.243,44.24,3465,1,429,1,1,81.0,1,8,3,0,0,0,0,0,0,-0.24,0.596,4,0,,ExplorationGrid,-0.24,0.596,-0.24,0.596,False,,0,0,,,,,,0,0,0,0,0,0,0.323,0.9747,0.3,1.5,navegando para fronteira
20217.955,94.0,navigating,0.0542,0.5592,0.3627,-78.08,0.1,0.0211,0.0418,3.251,44.24,3465,1,429,1,1,81.0,1,8,3,0,0,0,0,0,0,-0.24,0.596,4,0,,ExplorationGrid,-0.24,0.596,-0.24,0.596,False,,0,0,,,,,,0,0,0,0,0,0,0.323,0.9747,0.3,1.5,navegando para fronteira
20218.432,94.5,navigating,0.0685,0.5486,0.3593,-77.42,0.26,0.0277,-0.0407,3.273,44.24,3465,1,429,1,1,81.0,1,8,3,0,0,0,0,0,0,-0.24,0.596,4,0,,ExplorationGrid,-0.24,0.596,-0.24,0.596,False,,0,0,,,,,,0,0,0,0,0,0,0.323,0.9747,0.25,1.5,navegando para fronteira
20218.898,95.001,navigating,0.0579,0.5308,0.3553,-78.44,0.64,0.0311,-0.0623,3.294,44.24,3465,1,429,1,1,81.0,1,8,3,0,0,0,0,0,0,-0.24,0.596,4,0,,ExplorationGrid,-0.24,0.596,-0.24,0.596,False,,0,0,,,,,,0,0,0,0,0,0,0.281,0.9285,0.25,1.5,navegando para fronteira
20219.363,95.5,navigating,0.0669,0.5119,0.3563,-79.71,0.27,0.0275,-0.07,3.319,44.24,3465,1,429,1,1,81.0,1,8,3,0,0,0,0,0,0,-0.24,0.596,4,0,,ExplorationGrid,-0.24,0.596,-0.24,0.596,False,,0,0,,,,,,0,0,0,0,0,0,0.281,0.9285,0.25,1.5,navegando para fronteira
20219.812,96.0,navigating,0.1131,0.5462,0.3357,-80.68,1.58,0.007,-0.0242,3.381,44.24,3465,1,429,1,1,81.0,1,8,3,0,0,0,0,0,0,-0.24,0.596,4,0,,ExplorationGrid,-0.24,0.596,-0.24,0.596,False,,0,0,,,,,,0,0,0,0,0,0,0.281,0.9285,0.2,1.5,navegando para fronteira
20220.292,96.5,navigating,0.0914,0.5282,0.349,-83.01,0.9,0.0338,-0.0852,3.42,44.24,3465,1,429,1,1,81.0,1,8,3,0,0,0,0,0,0,-0.24,0.596,4,0,,ExplorationGrid,-0.24,0.596,-0.24,0.596,False,,0,0,,,,,,0,0,0,0,0,0,0.381,0.9316,0.25,1.5,navegando para fronteira
20220.672,97.0,navigating,0.0664,0.5312,0.379,-80.09,1.17,0.0057,-0.0178,3.446,44.24,3465,1,429,1,1,81.0,1,8,3,0,0,0,0,0,0,-0.24,0.596,4,0,,ExplorationGrid,-0.24,0.596,-0.24,0.596,False,,0,0,,,,,,0,0,0,0,0,0,0.381,0.9316,0.25,1.5,navegando para fronteira
20221.1,97.5,navigating,0.0591,0.5396,0.3665,-84.18,0.3,0.0169,-0.0345,3.466,44.24,3465,1,429,1,1,81.0,1,8,3,0,0,0,0,0,0,-0.24,0.596,4,0,,ExplorationGrid,-0.24,0.596,-0.24,0.596,False,,0,0,,,,,,0,0,0,0,0,0,0.381,0.9316,0.25,0.7,navegando para fronteira
20221.535,98.0,navigating,0.0471,0.5576,0.3495,-84.31,0.76,0.0,0.0552,3.496,44.24,3465,1,429,1,1,81.0,1,8,3,0,0,0,0,0,0,-0.24,0.596,4,0,,ExplorationGrid,-0.24,0.596,-0.24,0.596,False,,0,0,,,,,,0,0,0,0,0,0,0.381,0.9316,0.3,0.7,navegando para fronteira
20221.978,98.5,navigating,0.0243,0.5452,0.3484,-83.87,0.59,0.0262,-0.0145,3.525,44.24,3465,1,429,1,1,81.0,1,8,3,0,0,0,0,0,0,-0.24,0.596,4,0,,ExplorationGrid,-0.24,0.596,-0.24,0.596,False,,0,0,,,,,,0,0,0,0,0,0,0.323,0.9747,0.3,0.65,navegando para fronteira
20222.463,99.002,navigating,0.0433,0.5395,0.3523,-84.16,0.46,0.0123,-0.0219,3.546,44.24,3465,1,429,1,1,81.0,1,8,3,0,0,0,0,0,0,-0.24,0.596,4,0,,ExplorationGrid,-0.24,0.596,-0.24,0.596,False,,0,0,,,,,,0,0,0,0,0,0,0.323,0.9747,0.3,0.65,navegando para fronteira
20222.854,99.5,navigating,0.0492,0.5356,0.3671,-84.84,0.47,0.0144,-0.1177,3.557,44.24,3465,1,429,1,1,81.0,1,8,3,0,0,0,0,0,0,-0.24,0.596,4,0,,ExplorationGrid,-0.24,0.596,-0.24,0.596,False,,0,0,,,,,,0,0,0,0,0,0,0.281,0.9285,0.3,0.7,navegando para fronteira
20223.313,100.0,navigating,0.0358,0.5232,0.3691,-86.48,0.48,0.0257,-0.0421,3.577,44.24,3465,1,429,1,1,81.0,1,8,3,0,0,0,0,0,0,-0.24,0.596,4,0,,ExplorationGrid,-0.24,0.596,-0.24,0.596,False,,0,0,,,,,,0,0,0,0,0,0,0.281,0.9285,0.3,0.65,navegando para fronteira
20223.733,100.5,navigating,0.0392,0.5089,0.3608,-87.28,0.15,0.0257,-0.0243,3.594,44.24,3465,1,429,1,1,81.0,1,8,3,0,0,0,0,0,0,-0.24,0.596,4,0,,ExplorationGrid,-0.24,0.596,-0.24,0.596,False,,0,0,,,,,,0,0,0,0,0,0,0.281,0.9285,0.3,0.65,navegando para fronteira
20224.189,101.0,navigating,0.0456,0.4897,0.3567,-88.07,0.29,0.0288,-0.0175,3.615,44.24,3465,1,429,1,1,81.0,1,8,3,0,0,0,0,0,0,-0.24,0.596,4,0,,ExplorationGrid,-0.24,0.596,-0.24,0.596,False,,0,0,,,,,,0,0,0,0,0,0,0.281,0.9285,0.3,0.65,navegando para fronteira
20224.664,101.5,navigating,0.0378,0.471,0.3621,-89.47,0.31,0.0286,-0.0537,3.635,44.24,3465,1,429,1,1,81.0,1,8,3,0,0,0,0,0,0,-0.24,0.596,4,0,,ExplorationGrid,-0.24,0.596,-0.24,0.596,False,,0,0,,,,,,0,0,0,0,0,0,0.281,0.9285,0.3,0.65,navegando para fronteira
20225.044,102.0,navigating,0.036,0.4616,0.3422,-90.49,0.27,0.0255,-0.0188,3.649,45.68,3578,1,429,1,1,81.0,1,8,3,0,0,0,0,0,0,-0.24,0.596,4,0,,ExplorationGrid,-0.24,0.596,-0.24,0.596,False,,0,0,,,,,,0,0,0,0,0,0,0.281,0.9285,0.3,0.65,navegando para fronteira
20225.5,102.5,navigating,0.0579,0.4438,0.3461,-90.08,0.66,0.0235,0.0171,3.681,45.68,3578,1,429,1,1,81.0,1,8,3,0,0,0,0,0,0,-0.24,0.596,4,0,,ExplorationGrid,-0.24,0.596,-0.24,0.596,False,,0,0,,,,,,0,0,0,0,0,0,0.281,0.9285,0.25,1.5,navegando para fronteira
20225.914,103.001,navigating,0.0121,0.4457,0.3585,-89.58,1.24,0.0325,0.0403,3.732,45.68,3578,1,429,1,1,81.0,1,8,3,0,0,0,0,0,0,-0.24,0.596,4,0,,ExplorationGrid,-0.24,0.596,-0.24,0.596,False,,0,0,,,,,,0,0,0,0,0,0,0.281,0.9285,0.3,1.5,navegando para fronteira
20226.289,103.5,selecting,-0.0203,0.4297,0.3561,-89.36,0.67,0.0,0.0,3.769,45.68,3578,6,147,6,6,227.3,0,9,4,0,0,0,0,0,0,-2.298,0.246,4,0,,ExplorationGrid,-0.24,0.596,-0.24,0.596,False,,0,0,,,,,,0,0,0,0,0,0,3.295,0.9502,0.35,1.5,fronteira alcancada; atualizando mapa
20226.752,104.0,selecting,-0.0112,0.4331,0.355,-89.85,0.15,0.0121,-0.072,3.78,45.68,3578,6,147,6,6,227.3,0,9,4,0,0,0,0,0,0,-2.298,0.246,4,0,,ExplorationGrid,-0.24,0.596,-0.24,0.596,False,,0,0,,,,,,0,0,0,0,0,0,2.121,0.9481,0.35,1.5,fronteira alcancada; atualizando mapa
20227.173,104.5,navigating,-0.0165,0.4251,0.3504,-91.26,0.34,0.0251,-0.0809,3.791,45.68,3578,6,147,6,6,227.3,6,14,4,0,0,0,0,0,0,-3.398,0.446,4,0,,ExplorationGrid,-2.298,0.246,-1.988,0.297,False,,0,0,,,,,,0,0,0,0,0,0,2.121,0.9481,0.35,1.5,navegando para fronteira
20227.6,105.002,navigating,0.0036,0.4098,0.3551,-93.63,0.72,0.0273,-0.0633,3.819,45.68,3578,6,147,6,6,227.3,6,14,4,0,0,0,0,0,0,-3.398,0.446,4,0,,ExplorationGrid,-2.298,0.246,-1.988,0.297,False,,0,0,,,,,,0,0,0,0,0,0,2.19,0.918,0.3,0.65,navegando para fronteira
20228.027,105.5,navigating,0.059,0.4269,0.3369,-94.64,1.18,0.0,-0.0602,3.88,45.68,3578,6,147,6,6,227.3,6,14,4,0,0,0,0,0,0,-3.398,0.446,4,0,,ExplorationGrid,-2.298,0.246,-1.988,0.297,False,,0,0,,,,,,0,0,0,0,0,0,2.19,0.918,0.25,0.7,navegando para fronteira
20228.515,106.0,navigating,0.0968,0.4257,0.3484,-96.32,0.88,0.0131,-0.0069,3.922,45.68,3578,6,147,6,6,227.3,6,14,4,0,0,0,0,0,0,-3.398,0.446,4,0,,ExplorationGrid,-2.298,0.246,-1.988,0.297,False,,0,0,,,,,,0,0,0,0,0,0,2.234,0.9445,0.25,0.7,navegando para fronteira
20228.897,106.5,navigating,0.0917,0.4107,0.3333,-97.07,0.58,0.0404,-0.0681,3.95,45.68,3578,6,147,6,6,227.3,6,14,4,0,0,0,0,0,0,-3.398,0.446,4,0,,ExplorationGrid,-2.298,0.246,-1.988,0.297,False,,0,0,,,,,,0,0,0,0,0,0,2.234,0.9445,0.25,0.7,navegando para fronteira
20229.381,107.001,navigating,0.1471,0.4357,0.3452,-98.18,0.72,0.0,-0.0468,4.018,45.68,3578,6,147,6,6,227.3,6,14,4,0,0,0,0,0,0,-3.398,0.446,4,0,,ExplorationGrid,-2.298,0.246,-1.988,0.297,False,,0,0,,,,,,0,0,0,0,0,0,2.234,0.9443,0.2,0.75,navegando para fronteira
20229.859,107.5,navigating,0.1303,0.4051,0.358,-99.99,0.38,0.0573,-0.1122,4.055,45.68,3578,6,147,6,6,227.3,6,14,4,0,0,0,0,0,0,-3.398,0.446,4,0,,ExplorationGrid,-2.298,0.246,-1.988,0.297,False,,0,0,,,,,,0,0,0,0,0,0,2.234,0.9443,0.2,0.7,navegando para fronteira
20230.303,108.001,navigating,0.1175,0.3663,0.35,-102.69,0.18,0.079,-0.1082,4.099,45.68,3578,6,147,6,6,227.3,6,14,4,0,0,0,0,0,0,-3.398,0.446,4,0,,ExplorationGrid,-2.298,0.246,-1.988,0.297,False,,0,0,,,,,,0,0,0,0,0,0,2.24,0.942,0.2,0.7,navegando para fronteira
20230.785,108.5,navigating,0.1265,0.3125,0.3606,-105.46,0.67,0.0916,-0.1378,4.154,45.68,3578,6,147,6,6,227.3,6,14,4,0,0,0,0,0,0,-3.398,0.446,4,0,,ExplorationGrid,-2.298,0.246,-1.988,0.297,False,,0,0,,,,,,0,0,0,0,0,0,2.24,0.942,0.2,0.75,navegando para fronteira
20231.24,109.0,navigating,0.0958,0.2803,0.3634,-108.33,0.84,0.0753,-0.1336,4.199,46.6,3650,6,147,6,6,227.3,6,14,4,0,0,0,0,0,0,-3.398,0.446,4,0,,ExplorationGrid,-2.298,0.246,-1.988,0.297,False,,0,0,,,,,,0,0,0,0,0,0,2.199,0.9538,0.25,0.7,navegando para fronteira
20231.69,109.5,navigating,0.0827,0.2379,0.3529,-111.22,0.14,0.0682,-0.1287,4.245,46.6,3650,6,147,6,6,227.3,6,14,4,0,0,0,0,0,0,-3.398,0.446,4,0,,ExplorationGrid,-2.298,0.246,-1.988,0.297,False,,0,0,,,,,,0,0,0,0,0,0,2.199,0.9538,0.25,0.75,navegando para fronteira
20232.163,110.0,navigating,0.0837,0.2061,0.354,-114.03,0.14,0.0496,-0.0996,4.279,46.6,3650,6,147,6,6,227.3,6,14,4,0,0,0,0,0,0,-3.398,0.446,4,0,,ExplorationGrid,-2.298,0.246,-1.988,0.297,False,,0,0,,,,,,0,0,0,0,0,0,2.167,0.9648,0.25,0.75,navegando para fronteira
20232.554,110.5,navigating,0.0556,0.1953,0.3754,-115.09,1.12,0.0484,0.0163,4.309,46.6,3650,6,147,6,6,227.3,6,14,4,0,0,0,0,0,0,-3.398,0.446,4,0,,ExplorationGrid,-2.298,0.246,-1.988,0.297,False,,0,0,,,,,,0,0,0,0,0,0,2.167,0.9648,0.3,0.75,navegando para fronteira
20233.001,111.001,navigating,0.0445,0.2011,0.3626,-117.09,0.65,0.0178,-0.0678,4.329,46.6,3650,6,147,6,6,227.3,6,14,4,0,0,0,0,0,0,-3.398,0.446,4,0,,ExplorationGrid,-2.298,0.246,-1.988,0.297,False,,0,0,,,,,,0,0,0,0,0,0,2.07,0.9617,0.3,0.7,navegando para fronteira
20233.448,111.501,navigating,0.0594,0.1972,0.3586,-118.79,0.09,0.01,-0.1153,4.348,46.6,3650,6,147,6,6,227.3,6,14,4,0,0,0,0,0,0,-3.398,0.446,4,0,,ExplorationGrid,-2.298,0.246,-1.988,0.297,False,,0,0,,,,,,0,0,0,0,0,0,2.07,0.9617,0.3,0.7,navegando para fronteira
20233.895,112.0,navigating,0.0465,0.1854,0.3567,-120.57,0.25,0.0337,-0.0815,4.367,46.6,3650,6,147,6,6,227.3,6,14,4,0,0,0,0,0,0,-3.398,0.446,4,0,,ExplorationGrid,-2.298,0.246,-1.988,0.297,False,,0,0,,,,,,0,0,0,0,0,0,2.169,0.9638,0.3,0.7,navegando para fronteira
20234.29,112.5,navigating,0.0536,0.1881,0.3452,-121.91,0.51,0.0066,-0.0994,4.397,46.6,3650,6,147,6,6,227.3,6,14,4,0,0,0,0,0,0,-3.398,0.446,4,0,,ExplorationGrid,-2.298,0.246,-1.988,0.297,False,,0,0,,,,,,0,0,0,0,0,0,2.169,0.9638,0.3,0.7,navegando para fronteira
20234.761,113.0,navigating,0.0474,0.2454,0.3423,-123.66,1.26,0.0048,-0.0554,4.472,46.6,3650,6,147,6,6,227.3,6,14,4,0,0,0,0,0,0,-3.398,0.446,4,0,,ExplorationGrid,-2.298,0.246,-1.988,0.297,False,,0,0,,,,,,0,0,0,0,0,0,2.169,0.9638,0.35,0.65,navegando para fronteira
20235.203,113.5,navigating,0.0282,0.2427,0.3547,-125.43,0.39,0.0338,-0.0631,4.504,46.6,3650,6,147,6,6,227.3,6,14,4,0,0,0,0,0,0,-3.398,0.446,4,0,,ExplorationGrid,-2.298,0.246,-1.988,0.297,False,,0,0,,,,,,0,0,0,0,0,0,2.169,0.9638,0.35,0.65,navegando para fronteira
20235.677,114.0,navigating,0.0405,0.2085,0.3564,-127.54,0.66,0.0525,-0.0923,4.542,46.6,3650,6,147,6,6,227.3,6,14,4,0,0,0,0,0,0,-3.398,0.446,4,0,,ExplorationGrid,-2.298,0.246,-1.988,0.297,False,,0,0,,,,,,0,0,0,0,0,0,2.07,0.9614,0.35,0.65,navegando para fronteira
20236.151,114.5,navigating,0.0117,0.1915,0.3626,-130.37,0.51,0.0538,-0.0815,4.578,46.6,3650,6,147,6,6,227.3,6,14,4,0,0,0,0,0,0,-3.398,0.446,4,0,,ExplorationGrid,-2.298,0.246,-1.988,0.297,False,,0,0,,,,,,0,0,0,0,0,0,2.07,0.9614,0.4,0.65,navegando para fronteira
20236.6,115.0,navigating,-0.0327,0.1896,0.3608,-132.66,1.15,0.0835,-0.1389,4.624,46.94,3676,6,147,6,6,227.3,6,14,4,0,0,0,0,0,0,-3.398,0.446,4,0,,ExplorationGrid,-2.298,0.246,-1.988,0.297,False,,0,0,,,,,,0,0,0,0,0,0,2.07,0.9614,0.5,0.65,navegando para fronteira
20237.05,115.5,navigating,-0.0499,0.1731,0.3566,-135.3,0.41,0.0574,-0.144,4.65,46.94,3676,6,147,6,6,227.3,6,14,4,0,0,0,0,0,0,-3.398,0.446,4,0,,ExplorationGrid,-2.298,0.246,-1.988,0.297,False,,0,0,,,,,,0,0,0,0,0,0,2.068,0.9624,0.5,0.65,navegando para fronteira
20237.496,116.0,navigating,-0.0546,0.1429,0.3567,-137.95,0.38,0.0543,-0.1577,4.682,46.94,3676,6,147,6,6,227.3,6,14,4,0,0,0,0,0,0,-3.398,0.446,4,0,,ExplorationGrid,-2.298,0.246,-1.988,0.297,False,,0,0,,,,,,0,0,0,0,0,0,2.068,0.9624,0.55,0.65,navegando para fronteira
20237.939,116.5,navigating,-0.0841,0.139,0.3575,-140.25,0.65,0.0533,-0.1452,4.715,46.94,3676,6,147,6,6,227.3,6,14,4,0,0,0,0,0,0,-3.398,0.446,4,0,,ExplorationGrid,-2.298,0.246,-1.988,0.297,False,,0,0,,,,,,0,0,0,0,0,0,1.948,0.9691,0.6,0.6,navegando para fronteira
20238.355,117.0,navigating,-0.1106,0.1325,0.3292,-142.62,0.75,0.0434,-0.1483,4.743,46.94,3676,6,147,6,6,227.3,6,14,4,0,0,0,0,0,0,-3.398,0.446,4,0,,ExplorationGrid,-2.298,0.246,-1.988,0.297,False,,0,0,,,,,,0,0,0,0,0,0,1.948,0.9691,0.55,0.6,navegando para fronteira
20238.828,117.5,navigating,-0.1221,0.1725,0.3406,-144.87,1.13,0.0047,-0.1288,4.786,46.94,3676,6,147,6,6,227.3,6,14,4,0,0,0,0,0,0,-3.398,0.446,4,0,,ExplorationGrid,-2.298,0.246,-1.988,0.297,False,,0,0,,,,,,0,0,0,0,0,0,1.948,0.9691,0.6,0.6,navegando para fronteira
20239.251,118.0,navigating,-0.1146,0.17,0.3625,-147.27,0.81,0.0141,-0.1466,4.813,46.94,3676,6,147,6,6,227.3,6,14,4,0,0,0,0,0,0,-3.398,0.446,4,0,,ExplorationGrid,-2.298,0.246,-1.988,0.297,False,,0,0,,,,,,0,0,0,0,0,0,1.948,0.9691,0.6,0.65,navegando para fronteira
20239.731,118.5,navigating,-0.0683,0.1251,0.3545,-148.58,1.7,0.0039,-0.0001,4.882,46.94,3676,6,147,6,6,227.3,6,14,4,0,0,0,0,0,0,-3.398,0.446,4,0,,ExplorationGrid,-2.298,0.246,-1.988,0.297,False,,0,0,,,,,,0,0,0,0,0,0,1.948,0.9691,0.5,0.75,navegando para fronteira
20240.143,119.0,navigating,-0.0532,0.1447,0.3377,-149.1,0.91,0.0071,-0.0338,4.917,46.94,3676,6,147,6,6,227.3,6,14,4,0,0,0,0,0,0,-3.398,0.446,4,0,,ExplorationGrid,-2.298,0.246,-1.988,0.297,False,,0,0,,,,,,0,0,0,0,0,0,1.948,0.9691,0.55,0.8,navegando para fronteira
20240.585,119.5,navigating,-0.0928,0.2244,0.3365,-149.23,1.96,0.025,0.0309,5.008,46.94,3676,6,147,6,6,227.3,6,14,4,0,0,0,0,0,0,-3.398,0.446,4,0,,ExplorationGrid,-2.298,0.246,-1.988,0.297,False,,0,0,,,,,,0,0,0,0,0,0,1.968,0.9609,0.65,0.7,navegando para fronteira
20241.074,120.0,navigating,-0.1047,0.2543,0.3477,-148.99,0.55,0.0449,-0.033,5.051,46.94,3676,6,147,6,6,227.3,6,14,4,0,0,0,0,0,0,-3.398,0.446,4,0,,ExplorationGrid,-2.298,0.246,-1.988,0.297,False,,0,0,,,,,,0,0,0,0,0,0,1.968,0.9609,0.65,0.7,navegando para fronteira
20241.5,120.5,navigating,-0.1093,0.2134,0.355,-149.5,1.02,0.0604,-0.0768,5.094,46.94,3676,6,147,6,6,227.3,6,14,4,0,0,0,0,0,0,-3.398,0.446,4,0,,ExplorationGrid,-2.298,0.246,-1.988,0.297,False,,0,0,,,,,,0,0,0,0,0,0,1.969,0.9603,0.6,0.7,navegando para fronteira
20242.009,121.0,navigating,-0.1554,0.2068,0.358,-151.01,0.39,0.0774,-0.0489,5.147,46.94,3676,6,147,6,6,227.3,6,14,4,0,0,0,0,0,0,-3.398,0.446,4,0,,ExplorationGrid,-2.298,0.246,-1.988,0.297,False,,0,0,,,,,,0,0,0,0,0,0,1.969,0.9603,0.6,0.65,navegando para fronteira
20242.441,121.5,navigating,-0.2097,0.2078,0.359,-152.25,0.42,0.0949,-0.0187,5.204,46.94,3676,6,147,6,6,227.3,6,14,4,0,0,0,0,0,0,-3.398,0.446,4,0,,ExplorationGrid,-2.298,0.246,-1.988,0.297,False,,0,0,,,,,,0,0,0,0,0,0,1.875,0.9552,0.6,0.55,navegando para fronteira
20242.926,122.0,navigating,-0.2372,0.1539,0.361,-153.75,1.11,0.0991,-0.092,5.265,47.27,3702,6,147,6,6,227.3,6,14,4,0,0,0,0,0,0,-3.398,0.446,4,0,,ExplorationGrid,-2.298,0.246,-1.988,0.297,False,,0,0,,,,,,0,0,0,0,0,0,1.875,0.9552,0.55,0.5,navegando para fronteira
20243.3,122.5,navigating,-0.2643,0.142,0.3441,-154.54,0.65,0.0889,-0.0765,5.303,47.27,3702,6,147,6,6,227.3,6,14,4,0,0,0,0,0,0,-3.398,0.446,4,0,,ExplorationGrid,-2.298,0.246,-1.988,0.297,False,,0,0,,,,,,0,0,0,0,0,0,1.848,0.9675,0.5,0.55,navegando para fronteira
20243.779,123.0,navigating,-0.3169,0.1803,0.3583,-156.4,1.27,0.0572,-0.1347,5.37,47.27,3702,6,147,6,6,227.3,6,14,4,0,0,0,0,0,0,-3.398,0.446,4,0,,ExplorationGrid,-2.298,0.246,-1.988,0.297,False,,0,0,,,,,,0,0,0,0,0,0,1.848,0.9675,0.55,0.5,navegando para fronteira
20244.211,123.5,navigating,-0.3249,0.1785,0.3544,-158.94,0.18,0.0375,-0.0643,5.388,47.27,3702,6,147,6,6,227.3,6,14,4,0,0,0,0,0,0,-3.398,0.446,4,0,,ExplorationGrid,-2.298,0.246,-1.988,0.297,False,,0,0,,,,,,0,0,0,0,0,0,1.775,0.9527,0.55,0.5,navegando para fronteira
20244.671,124.0,navigating,-0.3507,0.1607,0.3581,-160.3,0.23,0.076,-0.0767,5.42,47.27,3702,6,147,6,6,227.3,6,14,4,0,0,0,0,0,0,-3.398,0.446,4,0,,ExplorationGrid,-2.298,0.246,-1.988,0.297,False,,0,0,,,,,,0,0,0,0,0,0,1.775,0.9527,0.5,0.45,navegando para fronteira
20245.109,124.5,navigating,-0.3922,0.1459,0.3643,-161.28,0.23,0.1015,-0.0536,5.464,47.27,3702,6,147,6,6,227.3,6,14,4,0,0,0,0,0,0,-3.398,0.446,4,0,,ExplorationGrid,-2.298,0.246,-1.988,0.297,False,,0,0,,,,,,0,0,0,0,0,0,1.65,0.9624,0.5,0.45,navegando para fronteira
20245.5,125.0,navigating,-0.4438,0.1321,0.3557,-161.9,0.09,0.1229,-0.0593,5.518,47.27,3702,6,147,6,6,227.3,6,14,4,0,0,0,0,0,0,-3.398,0.446,4,0,,ExplorationGrid,-2.298,0.246,-1.988,0.297,False,,0,0,,,,,,0,0,0,0,0,0,1.65,0.9624,0.5,0.4,navegando para fronteira
20245.986,125.5,navigating,-0.5021,0.1323,0.3545,-162.9,0.68,0.0929,-0.0176,5.577,47.27,3702,6,147,6,6,227.3,6,14,4,0,0,0,0,0,0,-3.398,0.446,4,0,,ExplorationGrid,-2.298,0.246,-1.988,0.297,False,,0,0,,,,,,0,0,0,0,0,0,1.552,0.9586,0.5,0.35,navegando para fronteira
20246.396,126.0,navigating,-0.5465,0.1157,0.3348,-163.23,0.37,0.1108,-0.0772,5.625,47.27,3702,6,147,6,6,227.3,6,14,4,0,0,0,0,0,0,-3.398,0.446,4,0,,ExplorationGrid,-2.298,0.246,-1.988,0.297,False,,0,0,,,,,,0,0,0,0,0,0,1.552,0.9586,0.45,0.35,navegando para fronteira
20246.858,126.5,navigating,-0.6182,0.1054,0.3511,-164.56,0.57,0.1236,-0.0569,5.698,47.27,3702,6,147,6,6,227.3,6,14,4,0,0,0,0,0,0,-3.398,0.446,4,0,,ExplorationGrid,-2.298,0.246,-1.988,0.297,False,,0,0,,,,,,0,0,0,0,0,0,1.452,0.9558,0.45,0.4,navegando para fronteira
20247.299,127.0,navigating,-0.6759,0.0727,0.3581,-166.27,0.46,0.1298,-0.0768,5.766,47.45,3716,6,147,6,6,227.3,6,14,4,0,0,0,0,0,0,-3.398,0.446,4,0,,ExplorationGrid,-2.298,0.246,-1.988,0.297,False,,0,0,,,,,,0,0,0,0,0,0,1.452,0.9558,0.4,0.4,navegando para fronteira
20247.743,127.501,navigating,-0.7259,0.0393,0.3599,-168.13,0.65,0.1075,-0.0615,5.826,47.45,3716,6,147,6,6,227.3,6,14,4,0,0,0,0,0,0,-3.398,0.446,4,0,,ExplorationGrid,-2.298,0.246,-1.988,0.297,False,,0,0,,,,,,0,0,0,0,0,0,1.452,0.9558,0.35,0.45,navegando para fronteira
20248.197,128.0,navigating,-0.7867,0.0553,0.3642,-169.78,0.89,0.1193,0.0132,5.889,47.45,3716,6,147,6,6,227.3,6,14,4,0,0,0,0,0,0,-3.398,0.446,4,0,,ExplorationGrid,-2.298,0.246,-1.988,0.297,False,,0,0,,,,,,0,0,0,0,0,0,1.338,0.9654,0.4,0.45,navegando para fronteira
20248.665,128.5,navigating,-0.8471,0.0578,0.3582,-170.23,0.37,0.1077,-0.0154,5.954,47.45,3716,6,147,6,6,227.3,6,14,4,0,0,0,0,0,0,-3.398,0.446,4,0,,ExplorationGrid,-2.298,0.246,-1.988,0.297,False,,0,0,,,,,,0,0,0,0,0,0,1.338,0.9654,0.4,0.4,navegando para fronteira
20249.079,129.0,navigating,-0.8955,0.0333,0.3503,-171.0,0.31,0.113,-0.071,6.008,47.45,3716,6,147,6,6,227.3,6,14,4,0,0,0,0,0,0,-3.398,0.446,4,0,,ExplorationGrid,-2.298,0.246,-1.988,0.297,False,,0,0,,,,,,0,0,0,0,0,0,1.238,0.9627,0.35,0.45,navegando para fronteira
20249.507,129.5,navigating,-0.9372,0.0379,0.3621,-171.35,0.63,0.1022,-0.018,6.053,47.45,3716,6,147,6,6,227.3,6,14,4,0,0,0,0,0,0,-3.398,0.446,4,0,,ExplorationGrid,-2.298,0.246,-1.988,0.297,False,,0,0,,,,,,0,0,0,0,0,0,1.238,0.9627,0.35,0.45,navegando para fronteira
20249.964,130.0,navigating,-0.9908,0.0182,0.3561,-172.08,0.46,0.1195,-0.0877,6.111,47.1,3689,6,147,6,6,227.3,6,14,4,0,0,0,0,0,0,-3.398,0.446,4,0,,ExplorationGrid,-2.298,0.246,-1.988,0.297,False,,0,0,,,,,,0,0,0,0,0,0,1.138,0.96,0.35,0.45,navegando para fronteira
20250.407,130.5,navigating,-1.0487,-0.0018,0.3513,-173.69,0.48,0.1191,-0.1022,6.176,47.1,3689,6,147,6,6,227.3,6,14,4,0,0,0,0,0,0,-3.398,0.446,4,0,,ExplorationGrid,-2.298,0.246,-1.988,0.297,False,,0,0,,,,,,0,0,0,0,0,0,1.138,0.96,0.35,0.5,navegando para fronteira
20250.878,131.0,navigating,-1.1168,0.0199,0.3531,-175.17,0.77,0.1314,-0.0322,6.249,47.1,3689,6,147,6,6,227.3,6,14,4,0,0,0,0,0,0,-3.398,0.446,4,0,,ExplorationGrid,-2.298,0.246,-1.988,0.297,False,,0,0,,,,,,0,0,0,0,0,0,1.064,0.947,0.35,0.45,navegando para fronteira
20251.24,131.5,navigating,-1.1747,0.0077,0.3525,-176.22,0.18,0.1208,-0.0398,6.309,47.1,3689,6,147,6,6,227.3,6,14,4,0,0,0,0,0,0,-3.398,0.446,4,0,,ExplorationGrid,-2.298,0.246,-1.988,0.297,False,,0,0,,,,,,0,0,0,0,0,0,1.064,0.947,0.35,0.45,navegando para fronteira
20251.719,132.001,navigating,-1.2161,-0.0158,0.3486,-178.19,0.62,0.0827,-0.0096,6.357,47.1,3689,6,147,6,6,227.3,6,14,4,0,0,0,0,0,0,-3.398,0.446,4,0,,ExplorationGrid,-2.298,0.246,-1.988,0.297,False,,0,0,,,,,,0,0,0,0,0,0,0.865,0.9386,0.3,0.5,navegando para fronteira
20252.164,132.5,navigating,-1.2689,-0.008,0.3522,-179.08,0.45,0.1087,0.0418,6.413,47.1,3689,6,147,6,6,227.3,6,14,4,0,0,0,0,0,0,-3.398,0.446,4,0,,ExplorationGrid,-2.298,0.246,-1.988,0.297,False,,0,0,,,,,,0,0,0,0,0,0,0.865,0.9386,0.3,0.5,navegando para fronteira
20252.582,133.003,navigating,-1.3233,0.0212,0.3375,-178.2,0.98,0.1189,0.0737,6.476,34.71,3727,6,147,6,6,227.3,6,14,4,0,0,0,0,0,0,-3.398,0.446,4,0,,ExplorationGrid,-2.298,0.246,-1.988,0.297,False,,0,0,,,,,,0,0,0,0,0,0,0.767,0.9333,0.35,0.45,navegando para fronteira
20253.043,133.5,navigating,-1.39,-0.0092,0.3502,-177.32,0.88,0.1333,0.0194,6.551,34.71,3727,6,147,6,6,227.3,6,14,4,0,0,0,0,0,0,-3.398,0.446,4,0,,ExplorationGrid,-2.298,0.246,-1.988,0.297,False,,0,0,,,,,,0,0,0,0,0,0,0.767,0.9333,0.3,0.5,navegando para fronteira
20253.453,134.0,navigating,-1.4531,-0.0212,0.3611,-177.1,0.47,0.1267,-0.0491,6.617,34.71,3727,6,147,6,6,227.3,6,14,4,0,0,0,0,0,0,-3.398,0.446,4,0,,ExplorationGrid,-2.298,0.246,-1.988,0.297,False,,0,0,,,,,,0,0,0,0,0,0,0.666,0.9311,0.3,0.5,navegando para fronteira
20253.917,134.5,navigating,-1.5082,0.0065,0.3469,-177.69,0.54,0.0812,-0.0047,6.681,34.71,3727,6,147,6,6,227.3,6,14,4,0,0,0,0,0,0,-3.398,0.446,4,0,,ExplorationGrid,-2.298,0.246,-1.988,0.297,False,,0,0,,,,,,0,0,0,0,0,0,0.666,0.9311,0.35,0.45,navegando para fronteira
20254.406,135.0,navigating,-1.5604,0.0126,0.3488,-177.52,0.19,0.085,-0.0331,6.735,34.71,3727,6,147,6,6,227.3,6,14,4,0,0,0,0,0,0,-3.398,0.446,4,0,,ExplorationGrid,-2.298,0.246,-1.988,0.297,False,,0,0,,,,,,0,0,0,0,0,0,0.57,0.9236,0.35,0.45,navegando para fronteira
20254.804,135.5,navigating,-1.6072,-0.0065,0.3368,-177.19,0.45,0.107,0.0157,6.786,34.71,3727,6,147,6,6,227.3,6,14,4,0,0,0,0,0,0,-3.398,0.446,4,0,,ExplorationGrid,-2.298,0.246,-1.988,0.297,False,,0,0,,,,,,0,0,0,0,0,0,0.57,0.9236,0.3,0.5,navegando para fronteira
20255.279,136.0,navigating,-1.6596,0.0149,0.3532,-177.74,0.79,0.0926,-0.0036,6.843,34.71,3727,6,147,6,6,227.3,6,14,4,0,0,0,0,0,0,-3.398,0.446,4,0,,ExplorationGrid,-2.298,0.246,-1.988,0.297,False,,0,0,,,,,,0,0,0,0,0,0,0.477,0.9116,0.35,0.45,navegando para fronteira
20255.698,136.5,navigating,-1.7066,0.0079,0.3567,-178.52,0.21,0.09,0.0151,6.893,34.71,3727,6,147,6,6,227.3,6,14,4,0,0,0,0,0,0,-3.398,0.446,4,0,,ExplorationGrid,-2.298,0.246,-1.988,0.297,False,,0,0,,,,,,0,0,0,0,0,0,0.477,0.9116,0.35,0.45,navegando para fronteira
20256.13,137.0,navigating,-1.7525,-0.0091,0.3526,-178.63,0.56,0.0885,0.082,6.942,35.6,3853,6,147,6,6,227.3,6,14,4,0,0,0,0,0,0,-3.398,0.446,4,0,,ExplorationGrid,-2.298,0.246,-1.988,0.297,False,,0,0,,,,,,0,0,0,0,0,0,0.373,0.9344,0.3,0.5,navegando para fronteira
20256.529,137.5,navigating,-1.7709,-0.0043,0.3598,-177.63,0.24,0.0475,0.062,6.964,35.6,3853,6,147,6,6,227.3,6,14,4,0,0,0,0,0,0,-3.398,0.446,4,0,,ExplorationGrid,-2.298,0.246,-1.988,0.297,False,,0,0,,,,,,0,0,0,0,0,0,0.373,0.9344,0.3,0.5,navegando para fronteira
20256.963,138.0,navigating,-1.7856,0.0132,0.3524,-177.36,0.58,0.0469,0.0045,6.989,35.6,3853,6,147,6,6,227.3,6,14,4,0,0,0,0,0,0,-3.398,0.446,4,0,,ExplorationGrid,-2.298,0.246,-1.988,0.297,False,,0,0,,,,,,0,0,0,0,0,0,0.273,0.9975,0.35,0.45,navegando para fronteira
20257.421,138.5,navigating,-1.8078,-0.0081,0.3605,-177.19,0.56,0.0447,-0.0668,7.021,35.6,3853,6,147,6,6,227.3,6,14,4,0,0,0,0,0,0,-3.398,0.446,4,0,,ExplorationGrid,-2.298,0.246,-1.988,0.297,False,,0,0,,,,,,0,0,0,0,0,0,0.273,0.9975,0.3,0.5,navegando para fronteira
20257.866,139.0,navigating,-1.8185,-0.0018,0.3546,-177.95,0.3,0.021,-0.0154,7.04,35.6,3853,6,147,6,6,227.3,6,14,4,0,0,0,0,0,0,-3.398,0.446,4,0,,ExplorationGrid,-2.298,0.246,-1.988,0.297,False,,0,0,,,,,,0,0,0,0,0,0,0.273,0.9975,0.3,0.5,navegando para fronteira
20258.31,139.5,navigating,-1.8308,0.0049,0.3455,-177.88,0.27,0.0239,-0.0374,7.057,35.6,3853,6,147,6,6,227.3,6,14,4,0,0,0,0,0,0,-3.398,0.446,4,0,,ExplorationGrid,-2.298,0.246,-1.988,0.297,False,,0,0,,,,,,0,0,0,0,0,0,0.273,0.9975,0.35,0.45,navegando para fronteira
20258.657,140.0,navigating,-1.8453,-0.0177,0.3044,-178.03,0.49,0.0412,-0.0255,7.087,35.6,3853,6,147,6,6,227.3,6,14,4,0,0,0,0,0,0,-3.398,0.446,4,0,,ExplorationGrid,-2.298,0.246,-1.988,0.297,False,,0,0,,,,,,0,0,0,0,0,0,0.273,0.9975,0.3,0.5,navegando para fronteira
20259.126,140.5,navigating,-1.8055,0.0067,0.3278,-177.61,0.78,0.0,-0.0697,7.145,35.6,3853,6,147,6,6,227.3,6,14,4,0,0,0,0,0,0,-3.398,0.446,4,0,,ExplorationGrid,-2.298,0.246,-1.988,0.297,False,,0,0,,,,,,0,0,0,0,0,0,0.273,0.9975,0.35,0.45,navegando para fronteira
20259.516,141.0,navigating,-1.7878,0.0168,0.3505,-177.19,0.54,0.0,0.023,7.17,35.6,3853,6,147,6,6,227.3,6,14,4,0,0,0,0,0,0,-3.398,0.446,4,0,,ExplorationGrid,-2.298,0.246,-1.988,0.297,False,,0,0,,,,,,0,0,0,0,0,0,0.273,0.9975,0.35,0.45,navegando para fronteira
20259.946,141.5,navigating,-1.7722,0.0179,0.3582,-177.89,0.1,0.001,0.0206,7.192,35.6,3853,6,147,6,6,227.3,6,14,4,0,0,0,0,0,0,-3.398,0.446,4,0,,ExplorationGrid,-2.298,0.246,-1.988,0.297,False,,0,0,,,,,,0,0,0,0,0,0,0.273,0.9975,0.35,0.45,navegando para fronteira
20260.419,142.0,navigating,-1.7901,0.0193,0.3601,-177.94,0.4,0.0442,-0.0167,7.211,35.6,3853,6,147,6,6,227.3,6,14,4,0,0,0,0,0,0,-3.398,0.446,4,0,,ExplorationGrid,-2.298,0.246,-1.988,0.297,False,,0,0,,,,,,0,0,0,0,0,0,0.273,0.9975,0.35,0.45,navegando para fronteira
20260.882,142.5,navigating,-1.821,0.023,0.3567,-178.74,0.45,0.0007,0.0,7.248,35.6,3853,6,147,6,6,227.3,6,14,4,0,0,0,0,0,0,-3.398,0.446,4,0,,ExplorationGrid,-2.298,0.246,-1.988,0.297,False,,0,0,,,,,,0,0,0,0,0,0,0.273,0.9975,0.35,0.45,navegando para fronteira
20261.277,143.0,selecting,-1.8101,0.0135,0.3469,-179.15,0.19,0.0085,-0.0412,7.276,35.6,3853,1,80,1,1,49.4,0,15,5,0,0,0,0,0,0,-3.395,0.412,4,0,,ExplorationGrid,-2.298,0.246,-1.988,0.297,False,,0,0,,,,,,0,0,0,0,0,0,1.315,0.9822,0.35,0.45,fronteira alcancada; atualizando mapa
20261.735,143.501,selecting,-1.7876,0.0125,0.3477,-179.77,0.08,0.0079,-0.0514,7.312,35.6,3853,1,80,1,1,49.4,0,15,5,0,0,0,0,0,0,-3.395,0.412,4,0,,ExplorationGrid,-2.298,0.246,-1.988,0.297,False,,0,0,,,,,,0,0,0,0,0,0,1.315,0.9822,0.35,0.45,fronteira alcancada; atualizando mapa
20262.119,144.0,navigating,-1.807,0.0289,0.3631,179.15,0.45,0.0648,-0.0281,7.339,35.6,3853,1,80,1,1,49.4,1,15,5,0,0,0,0,0,0,-3.395,0.412,4,0,,ExplorationGrid,-3.395,0.412,-3.09,0.172,False,,0,0,,,,,,0,0,0,0,0,0,1.315,0.9822,0.35,0.45,navegando para fronteira
20262.611,144.5,navigating,-1.8719,0.0072,0.3644,179.44,0.45,0.1279,-0.0201,7.408,35.6,3853,1,80,1,1,49.4,1,15,5,0,0,0,0,0,0,-3.395,0.412,4,0,,ExplorationGrid,-3.395,0.412,-3.09,0.172,False,,0,0,,,,,,0,0,0,0,0,0,1.315,0.9822,0.35,0.45,navegando para fronteira
20262.957,145.003,navigating,-1.9156,-0.0093,0.3793,179.84,0.81,0.1298,-0.0781,7.455,35.6,3853,1,80,1,1,49.4,1,15,5,0,0,0,0,0,0,-3.395,0.412,4,0,,ExplorationGrid,-3.395,0.412,-3.09,0.172,False,,0,0,,,,,,0,0,0,0,0,0,1.215,0.9809,0.3,0.5,navegando para fronteira
20263.425,145.5,navigating,-1.9876,0.0043,0.3826,177.93,0.66,0.1358,-0.0589,7.528,35.6,3853,1,80,1,1,49.4,1,15,5,0,0,0,0,0,0,-3.395,0.412,4,0,,ExplorationGrid,-3.395,0.412,-3.09,0.172,False,,0,0,,,,,,0,0,0,0,0,0,1.215,0.9809,0.35,0.45,navegando para fronteira
20263.838,146.001,navigating,-2.0347,0.0193,0.3731,177.96,1.12,0.1264,-0.0798,7.578,35.6,3853,1,80,1,1,49.4,1,15,5,0,0,0,0,0,0,-3.395,0.412,4,0,,ExplorationGrid,-3.395,0.412,-3.09,0.172,False,,0,0,,,,,,0,0,0,0,0,0,1.115,0.9794,0.35,0.45,navegando para fronteira
20264.259,146.5,navigating,-2.0914,0.0298,0.3653,174.67,0.61,0.1378,-0.0578,7.636,35.6,3853,1,80,1,1,49.4,1,15,5,0,0,0,0,0,0,-3.395,0.412,4,0,,ExplorationGrid,-3.395,0.412,-3.09,0.172,False,,0,0,,,,,,0,0,0,0,0,0,1.115,0.9794,0.35,0.45,navegando para fronteira
20264.739,147.0,navigating,-2.1748,0.0131,0.3646,173.12,0.83,0.144,-0.0135,7.722,37.2,4026,1,80,1,1,49.4,1,15,5,0,0,0,0,0,0,-3.395,0.412,4,0,,ExplorationGrid,-3.395,0.412,-3.09,0.172,False,,0,0,,,,,,0,0,0,0,0,0,1.015,0.9776,0.35,0.45,navegando para fronteira
20265.094,147.5,navigating,-2.2128,0.0109,0.3346,172.66,0.2,0.1202,0.0125,7.762,37.2,4026,1,80,1,1,49.4,1,15,5,0,0,0,0,0,0,-3.395,0.412,4,0,,ExplorationGrid,-3.395,0.412,-3.09,0.172,False,,0,0,,,,,,0,0,0,0,0,0,1.015,0.9776,0.35,0.45,navegando para fronteira
20265.56,148.0,navigating,-2.2118,-0.0123,0.3353,173.67,0.39,0.0264,0.0021,7.796,37.2,4026,1,80,1,1,49.4,1,15,5,0,0,0,0,0,0,-3.395,0.412,4,0,,ExplorationGrid,-3.395,0.412,-3.09,0.172,False,,0,0,,,,,,0,0,0,0,0,0,0.915,0.9755,0.3,0.5,navegando para fronteira
20266.022,148.5,navigating,-2.216,0.0073,0.3434,173.86,0.55,0.0368,-0.0092,7.818,37.2,4026,1,80,1,1,49.4,1,15,5,0,0,0,0,0,0,-3.395,0.412,4,0,,ExplorationGrid,-3.395,0.412,-3.09,0.172,False,,0,0,,,,,,0,0,0,0,0,0,0.915,0.9755,0.35,0.45,navegando para fronteira
20266.511,149.002,navigating,-2.2511,0.0035,0.3549,173.93,0.31,0.0719,-0.0167,7.855,37.2,4026,1,80,1,1,49.4,1,15,5,0,0,0,0,0,0,-3.395,0.412,4,0,,ExplorationGrid,-3.395,0.412,-3.09,0.172,False,,0,0,,,,,,0,0,0,0,0,0,0.915,0.9755,0.35,0.45,navegando para fronteira
20266.926,149.5,navigating,-2.2908,-0.019,0.373,173.2,0.98,0.1034,-0.0043,7.901,37.2,4026,1,80,1,1,49.4,1,15,5,0,0,0,0,0,0,-3.395,0.412,4,0,,ExplorationGrid,-3.395,0.412,-3.09,0.172,False,,0,0,,,,,,0,0,0,0,0,0,0.915,0.9755,0.3,0.5,navegando para fronteira
20267.339,150.0,navigating,-2.3405,-0.006,0.3557,173.28,0.28,0.1243,0.0446,7.956,37.2,4026,1,80,1,1,49.4,1,15,5,0,0,0,0,0,0,-3.395,0.412,4,0,,ExplorationGrid,-3.395,0.412,-3.09,0.172,False,,0,0,,,,,,0,0,0,0,0,0,0.915,0.9755,0.3,0.5,navegando para fronteira
20267.816,150.5,navigating,-2.4143,0.0202,0.3561,174.9,0.61,0.1407,0.0961,8.037,37.2,4026,1,80,1,1,49.4,1,15,5,0,0,0,0,0,0,-3.395,0.412,4,0,,ExplorationGrid,-3.395,0.412,-3.09,0.172,False,,0,0,,,,,,0,0,0,0,0,0,0.815,0.973,0.35,0.45,navegando para fronteira
20268.256,151.001,navigating,-2.4751,0.0026,0.3647,175.96,0.66,0.1129,0.1539,8.101,41.44,4485,1,80,1,1,49.4,1,15,5,0,0,0,0,0,0,-3.395,0.412,4,0,,ExplorationGrid,-3.395,0.412,-3.09,0.172,False,,0,0,,,,,,0,0,0,0,0,0,0.815,0.973,0.35,0.45,navegando para fronteira
20268.735,151.502,navigating,-2.5352,0.0083,0.3588,177.05,0.35,0.1122,0.0153,8.163,41.44,4485,1,80,1,1,49.4,1,15,5,0,0,0,0,0,0,-3.395,0.412,4,0,,ExplorationGrid,-3.395,0.412,-3.09,0.172,False,,0,0,,,,,,0,0,0,0,0,0,0.615,0.966,0.35,0.45,navegando para fronteira
20269.109,152.0,navigating,-2.5755,0.0124,0.3547,174.7,0.23,0.127,-0.0749,8.203,41.44,4485,1,80,1,1,49.4,1,15,5,0,0,0,0,0,0,-3.395,0.412,4,0,,ExplorationGrid,-3.395,0.412,-3.09,0.172,False,,0,0,,,,,,0,0,0,0,0,0,0.615,0.966,0.35,0.45,navegando para fronteira
20269.576,152.502,navigating,-2.5894,0.0192,0.3581,175.17,0.16,0.0458,-0.0374,8.221,41.44,4485,1,80,1,1,49.4,1,15,5,0,0,0,0,0,0,-3.395,0.412,4,0,,ExplorationGrid,-3.395,0.412,-3.09,0.172,False,,0,0,,,,,,0,0,0,0,0,0,0.515,0.9609,0.35,0.45,navegando para fronteira
20269.929,153.0,navigating,-2.5853,0.0086,0.3838,165.2,0.86,0.0162,-0.0824,8.237,41.44,4485,1,80,1,1,49.4,1,15,5,0,0,0,0,0,0,-3.395,0.412,4,0,,ExplorationGrid,-3.395,0.412,-3.09,0.172,False,,0,0,,,,,,0,0,0,0,0,0,0.515,0.9609,0.35,0.5,navegando para fronteira
20270.403,153.5,navigating,-2.5455,-0.0188,0.3595,172.29,1.24,0.0014,-0.04,8.286,41.44,4485,1,80,1,1,49.4,1,15,5,0,0,0,0,0,0,-3.395,0.412,4,0,,ExplorationGrid,-3.395,0.412,-3.09,0.172,False,,0,0,,,,,,0,0,0,0,0,0,0.515,0.9609,0.3,0.5,navegando para fronteira
20270.731,154.0,navigating,-2.5391,-0.0275,0.3619,173.3,0.57,0.0277,-0.0108,8.298,41.44,4485,1,80,1,1,49.4,1,15,5,0,0,0,0,0,0,-3.395,0.412,4,0,,ExplorationGrid,-3.395,0.412,-3.09,0.172,False,,0,0,,,,,,0,0,0,0,0,0,0.515,0.9609,0.3,0.5,navegando para fronteira
20271.186,154.5,navigating,-2.5561,0.0142,0.3593,171.92,1.03,0.0483,-0.0279,8.346,41.44,4485,1,80,1,1,49.4,1,15,5,0,0,0,0,0,0,-3.395,0.412,4,0,,ExplorationGrid,-3.395,0.412,-3.09,0.172,False,,0,0,,,,,,0,0,0,0,0,0,0.615,0.966,0.35,0.45,navegando para fronteira
20271.583,155.001,navigating,-2.5822,0.0193,0.3503,171.21,0.31,0.0653,-0.0122,8.376,41.44,4485,1,80,1,1,49.4,1,15,5,0,0,0,0,0,0,-3.395,0.412,4,0,,ExplorationGrid,-3.395,0.412,-3.09,0.172,False,,0,0,,,,,,0,0,0,0,0,0,0.615,0.966,0.35,0.45,navegando para fronteira
20272.077,155.5,navigating,-2.6314,0.0005,0.3544,170.69,0.76,0.0862,-0.0116,8.429,41.44,4485,1,80,1,1,49.4,1,15,5,0,0,0,0,0,0,-3.395,0.412,4,0,,ExplorationGrid,-3.395,0.412,-3.09,0.172,False,,0,0,,,,,,0,0,0,0,0,0,0.515,0.9609,0.35,0.5,navegando para fronteira
20272.536,156.0,navigating,-2.6759,0.0232,0.3613,170.4,0.75,0.1026,-0.0111,8.483,41.44,4485,1,80,1,1,49.4,1,15,5,0,0,0,0,0,0,-3.395,0.412,4,0,,ExplorationGrid,-3.395,0.412,-3.09,0.172,False,,0,0,,,,,,0,0,0,0,0,0,0.515,0.9609,0.35,0.45,navegando para fronteira
20272.92,156.5,navigating,-2.7161,0.0427,0.3747,168.19,0.62,0.1292,-0.0479,8.53,41.44,4485,1,80,1,1,49.4,1,15,5,0,0,0,0,0,0,-3.395,0.412,4,0,,ExplorationGrid,-3.395,0.412,-3.09,0.172,False,,0,0,,,,,,0,0,0,0,0,0,0.415,0.955,0.4,0.45,navegando para fronteira
20273.401,157.0,navigating,-2.7815,0.0226,0.3694,168.51,1.09,0.1097,0.0321,8.598,41.44,4485,1,80,1,1,49.4,1,15,5,0,0,0,0,0,0,-3.395,0.412,4,0,,ExplorationGrid,-3.395,0.412,-3.09,0.172,False,,0,0,,,,,,0,0,0,0,0,0,0.415,0.955,0.35,0.45,navegando para fronteira
20273.8,157.5,navigating,-2.8077,0.0148,0.3622,169.55,0.65,0.065,-0.0077,8.627,41.44,4485,1,80,1,1,49.4,1,15,5,0,0,0,0,0,0,-3.395,0.412,4,0,,ExplorationGrid,-3.395,0.412,-3.09,0.172,False,,0,0,,,,,,0,0,0,0,0,0,0.315,0.9472,0.35,0.5,navegando para fronteira
20274.294,158.001,navigating,-2.8196,0.034,0.352,169.82,0.52,0.0375,-0.0061,8.651,45.33,4907,1,80,1,1,49.4,1,15,5,0,0,0,0,0,0,-3.395,0.412,4,0,,ExplorationGrid,-3.395,0.412,-3.09,0.172,False,,0,0,,,,,,0,0,0,0,0,0,0.315,0.9472,0.35,0.5,navegando para fronteira
20274.665,158.502,navigating,-2.8422,0.0423,0.3355,170.17,0.55,0.0495,0.0054,8.675,45.33,4907,1,80,1,1,49.4,1,15,5,0,0,0,0,0,0,-3.395,0.412,4,0,,ExplorationGrid,-3.395,0.412,-3.09,0.172,False,,0,0,,,,,,0,0,0,0,0,0,0.315,0.9472,0.35,0.55,navegando para fronteira
20275.096,159.0,navigating,-2.8733,0.073,0.3357,169.5,0.78,0.0,0.0,8.721,45.33,4907,1,80,1,1,49.4,1,15,5,0,0,0,0,0,0,-3.395,0.412,4,0,,ExplorationGrid,-3.395,0.412,-3.09,0.172,False,,0,0,,,,,,0,0,0,0,0,0,0.315,0.9472,0.4,0.5,navegando para fronteira
20275.516,159.5,selecting,-2.8857,0.0515,0.3428,169.47,0.58,0.0164,0.0059,8.749,45.33,4907,5,255,5,5,304.9,0,16,6,0,0,0,0,0,0,-3.664,1.51,4,0,,ExplorationGrid,-3.395,0.412,-3.09,0.172,False,,0,0,,,,,,0,0,0,0,0,0,1.635,0.9627,0.4,0.55,fronteira alcancada; atualizando mapa
20275.956,160.001,selecting,-2.8777,0.0306,0.3442,169.16,1.14,0.0017,-0.0406,8.773,45.33,4907,5,255,5,5,304.9,0,16,6,0,0,0,0,0,0,-3.664,1.51,4,0,,ExplorationGrid,-3.395,0.412,-3.09,0.172,False,,0,0,,,,,,0,0,0,0,0,0,1.635,0.9627,0.35,0.55,fronteira alcancada; atualizando mapa
20276.41,160.5,navigating,-2.8854,0.0144,0.3567,168.13,0.44,0.0136,-0.0824,8.797,45.33,4907,5,255,5,5,304.9,5,20,6,0,0,0,0,0,0,-4.814,1.56,4,0,,ExplorationGrid,-3.864,1.81,-3.608,1.506,False,,0,0,,,,,,0,0,0,0,0,0,1.635,0.9627,0.35,0.55,navegando para fronteira
20276.875,161.0,navigating,-2.9016,0.0412,0.3604,166.35,0.69,0.0543,-0.1099,8.83,45.33,4907,5,255,5,5,304.9,5,20,6,0,0,0,0,0,0,-4.814,1.56,4,0,,ExplorationGrid,-3.864,1.81,-3.608,1.506,False,,0,0,,,,,,0,0,0,0,0,0,1.635,0.9627,0.4,0.55,navegando para fronteira
20277.216,161.5,navigating,-2.9218,0.0446,0.3826,162.03,0.11,0.0633,-0.0923,8.851,45.33,4907,5,255,5,5,304.9,5,20,6,0,0,0,0,0,0,-4.814,1.56,4,0,,ExplorationGrid,-3.864,1.81,-3.608,1.506,False,,0,0,,,,,,0,0,0,0,0,0,1.635,0.9627,0.4,0.55,navegando para fronteira
20277.672,162.0,navigating,-2.9541,0.0401,0.3768,162.86,0.47,0.0631,-0.0456,8.884,45.33,4907,5,255,5,5,304.9,5,20,6,0,0,0,0,0,0,-4.814,1.56,4,0,,ExplorationGrid,-3.864,1.81,-3.608,1.506,False,,0,0,,,,,,0,0,0,0,0,0,1.635,0.9627,0.4,0.55,navegando para fronteira
20278.149,162.5,navigating,-2.9672,0.0591,0.3676,161.39,0.55,0.042,-0.124,8.91,45.33,4907,5,255,5,5,304.9,5,20,6,0,0,0,0,0,0,-4.814,1.56,4,0,,ExplorationGrid,-3.864,1.81,-3.608,1.506,False,,0,0,,,,,,0,0,0,0,0,0,1.565,0.979,0.4,0.55,navegando para fronteira
20278.566,163.0,navigating,-2.9812,0.0741,0.3342,160.34,1.28,0.0514,-0.1579,8.937,45.33,4907,5,255,5,5,304.9,5,20,6,0,0,0,0,0,0,-4.814,1.56,4,0,,ExplorationGrid,-3.864,1.81,-3.608,1.506,False,,0,0,,,,,,0,0,0,0,0,0,1.565,0.979,0.4,0.55,navegando para fronteira
20278.989,163.501,navigating,-2.9459,0.1145,0.3285,155.75,1.55,0.0007,-0.0865,8.992,45.33,4907,5,255,5,5,304.9,5,20,6,0,0,0,0,0,0,-4.814,1.56,4,0,,ExplorationGrid,-3.864,1.81,-3.608,1.506,False,,0,0,,,,,,0,0,0,0,0,0,1.565,0.979,0.5,0.5,navegando para fronteira
20279.419,164.001,navigating,-2.9363,0.1201,0.3425,153.45,0.27,0.0202,-0.1253,9.025,45.33,4907,5,255,5,5,304.9,5,20,6,0,0,0,0,0,0,-4.814,1.56,4,0,,ExplorationGrid,-3.864,1.81,-3.608,1.506,False,,0,0,,,,,,0,0,0,0,0,0,1.581,0.9395,0.5,0.45,navegando para fronteira
20279.884,164.5,navigating,-2.9603,0.0863,0.3526,150.7,0.99,0.0339,-0.1058,9.068,45.33,4907,5,255,5,5,304.9,5,20,6,0,0,0,0,0,0,-4.814,1.56,4,0,,ExplorationGrid,-3.864,1.81,-3.608,1.506,False,,0,0,,,,,,0,0,0,0,0,0,1.581,0.9395,0.45,0.5,navegando para fronteira
20280.327,165.0,navigating,-2.9637,0.1023,0.3572,147.7,0.65,0.0358,-0.1766,9.092,45.33,4907,5,255,5,5,304.9,5,20,6,0,0,0,0,0,0,-4.814,1.56,4,0,,ExplorationGrid,-3.864,1.81,-3.608,1.506,False,,0,0,,,,,,0,0,0,0,0,0,1.565,0.979,0.5,0.5,navegando para fronteira
20280.797,165.5,navigating,-2.9737,0.131,0.3602,144.29,0.46,0.0736,-0.1251,9.126,45.33,4907,5,255,5,5,304.9,5,20,6,0,0,0,0,0,0,-4.814,1.56,4,0,,ExplorationGrid,-3.864,1.81,-3.608,1.506,False,,0,0,,,,,,0,0,0,0,0,0,1.565,0.979,0.55,0.5,navegando para fronteira
20281.209,166.0,navigating,-3.0107,0.1167,0.3605,141.48,1.08,0.0685,-0.1364,9.168,45.33,4907,5,255,5,5,304.9,5,20,6,0,0,0,0,0,0,-4.814,1.56,4,0,,ExplorationGrid,-3.864,1.81,-3.608,1.506,False,,0,0,,,,,,0,0,0,0,0,0,1.482,0.9724,0.55,0.5,navegando para fronteira
20281.671,166.5,navigating,-3.0276,0.075,0.3528,140.54,0.57,0.0155,-0.0766,9.215,45.33,4907,5,255,5,5,304.9,5,20,6,0,0,0,0,0,0,-4.814,1.56,4,0,,ExplorationGrid,-3.864,1.81,-3.608,1.506,False,,0,0,,,,,,0,0,0,0,0,0,1.482,0.9724,0.5,0.55,navegando para fronteira
20282.145,167.0,navigating,-3.0011,0.0943,0.3574,139.35,0.98,0.0121,-0.0963,9.252,45.33,4907,5,255,5,5,304.9,5,20,6,0,0,0,0,0,0,-4.814,1.56,4,0,,ExplorationGrid,-3.864,1.81,-3.608,1.506,False,,0,0,,,,,,0,0,0,0,0,0,1.565,0.9791,0.55,0.5,navegando para fronteira
20282.523,167.5,navigating,-2.9981,0.1003,0.3744,140.85,0.34,0.0214,-0.0927,9.271,45.33,4907,5,255,5,5,304.9,5,20,6,0,0,0,0,0,0,-4.814,1.56,4,0,,ExplorationGrid,-3.864,1.81,-3.608,1.506,False,,0,0,,,,,,0,0,0,0,0,0,1.565,0.9791,0.55,0.5,navegando para fronteira
20282.997,168.0,navigating,-3.0078,0.09,0.3597,137.26,0.09,0.021,-0.101,9.286,45.33,4907,5,255,5,5,304.9,5,20,6,0,0,0,0,0,0,-4.814,1.56,4,0,,ExplorationGrid,-3.864,1.81,-3.608,1.506,False,,0,0,,,,,,0,0,0,0,0,0,1.568,0.977,0.55,0.5,navegando para fronteira
20283.442,168.5,navigating,-3.0297,0.0845,0.3565,135.02,0.54,0.0335,-0.0154,9.31,45.33,4907,5,255,5,5,304.9,5,20,6,0,0,0,0,0,0,-4.814,1.56,4,0,,ExplorationGrid,-3.864,1.81,-3.608,1.506,False,,0,0,,,,,,0,0,0,0,0,0,1.568,0.977,0.55,0.55,navegando para fronteira
20283.853,169.0,navigating,-3.0426,0.1071,0.3663,134.28,0.29,0.0581,0.0502,9.338,45.33,4907,5,255,5,5,304.9,5,20,6,0,0,0,0,0,0,-4.814,1.56,4,0,,ExplorationGrid,-3.864,1.81,-3.608,1.506,False,,0,0,,,,,,0,0,0,0,0,0,1.568,0.977,0.6,0.5,navegando para fronteira
20284.323,169.5,navigating,-3.0592,0.1513,0.3593,133.19,0.71,0.1003,-0.1214,9.387,45.33,4907,5,255,5,5,304.9,5,20,6,0,0,0,0,0,0,-4.814,1.56,4,0,,ExplorationGrid,-3.864,1.81,-3.608,1.506,False,,0,0,,,,,,0,0,0,0,0,0,1.568,0.977,0.7,0.45,navegando para fronteira
20284.739,170.0,navigating,-3.0952,0.1643,0.3581,131.44,0.37,0.0697,-0.1215,9.425,45.33,4907,5,255,5,5,304.9,5,20,6,0,0,0,0,0,0,-4.814,1.56,4,0,,ExplorationGrid,-3.864,1.81,-3.608,1.506,False,,0,0,,,,,,0,0,0,0,0,0,1.431,0.9793,0.75,0.5,navegando para fronteira
20285.169,170.5,navigating,-3.115,0.1832,0.3494,129.95,0.23,0.0609,-0.0745,9.455,45.33,4907,5,255,5,5,304.9,5,20,6,0,0,0,0,0,0,-4.814,1.56,4,0,,ExplorationGrid,-3.864,1.81,-3.608,1.506,False,,0,0,,,,,,0,0,0,0,0,0,1.431,0.9793,0.7,0.5,navegando para fronteira
20285.649,171.0,navigating,-3.0911,0.2021,0.3471,128.4,1.01,0.0248,-0.1184,9.487,46.06,4986,5,255,5,5,304.9,5,20,6,0,0,0,0,0,0,-4.814,1.56,4,0,,ExplorationGrid,-3.864,1.81,-3.608,1.506,False,,0,0,,,,,,0,0,0,0,0,0,1.431,0.9793,0.75,0.45,navegando para fronteira
20286.079,171.5,navigating,-3.0865,0.2124,0.3525,127.19,0.25,0.022,-0.1096,9.505,46.06,4986,5,255,5,5,304.9,5,20,6,0,0,0,0,0,0,-4.814,1.56,4,0,,ExplorationGrid,-3.864,1.81,-3.608,1.506,False,,0,0,,,,,,0,0,0,0,0,0,1.431,0.9793,0.75,0.45,navegando para fronteira
20286.526,172.0,navigating,-3.1084,0.2172,0.3625,125.68,0.35,0.0613,-0.0973,9.529,46.06,4986,5,255,5,5,304.9,5,20,6,0,0,0,0,0,0,-4.814,1.56,4,0,,ExplorationGrid,-3.864,1.81,-3.608,1.506,False,,0,0,,,,,,0,0,0,0,0,0,1.431,0.9793,0.7,0.45,navegando para fronteira
20286.972,172.501,navigating,-3.1196,0.2521,0.3681,122.86,0.38,0.0803,-0.0634,9.566,46.06,4986,5,255,5,5,304.9,5,20,6,0,0,0,0,0,0,-4.814,1.56,4,0,,ExplorationGrid,-3.864,1.81,-3.608,1.506,False,,0,0,,,,,,0,0,0,0,0,0,1.431,0.9793,0.65,0.45,navegando para fronteira
20287.463,173.001,navigating,-3.1495,0.2893,0.3611,121.56,0.33,0.0869,-0.0511,9.615,46.06,4986,5,255,5,5,304.9,5,20,6,0,0,0,0,0,0,-4.814,1.56,4,0,,ExplorationGrid,-3.864,1.81,-3.608,1.506,False,,0,0,,,,,,0,0,0,0,0,0,1.305,0.9754,0.6,0.45,navegando para fronteira
20287.84,173.501,navigating,-3.1755,0.314,0.364,120.71,0.37,0.0786,-0.0064,9.651,46.06,4986,5,255,5,5,304.9,5,20,6,0,0,0,0,0,0,-4.814,1.56,4,0,,ExplorationGrid,-3.864,1.81,-3.608,1.506,False,,0,0,,,,,,0,0,0,0,0,0,1.305,0.9754,0.6,0.45,navegando para fronteira
20288.325,174.0,navigating,-3.1855,0.3585,0.3643,119.5,0.59,0.0912,-0.0829,9.697,42.13,5078,5,255,5,5,304.9,5,20,6,0,0,0,0,0,0,-4.814,1.56,4,0,,ExplorationGrid,-3.864,1.81,-3.608,1.506,False,,0,0,,,,,,0,0,0,0,0,0,1.209,0.9752,0.55,0.4,navegando para fronteira
20288.788,174.5,navigating,-3.2095,0.4009,0.3498,118.03,0.08,0.1034,-0.0711,9.748,42.13,5078,5,255,5,5,304.9,5,20,6,0,0,0,0,0,0,-4.814,1.56,4,0,,ExplorationGrid,-3.864,1.81,-3.608,1.506,False,,0,0,,,,,,0,0,0,0,0,0,1.209,0.9752,0.5,0.45,navegando para fronteira
20289.248,175.0,navigating,-3.2517,0.436,0.3517,116.6,0.6,0.0828,-0.0993,9.804,42.13,5078,5,255,5,5,304.9,5,20,6,0,0,0,0,0,0,-4.814,1.56,4,0,,ExplorationGrid,-3.864,1.81,-3.608,1.506,False,,0,0,,,,,,0,0,0,0,0,0,1.094,0.9622,0.45,0.4,navegando para fronteira
20289.702,175.5,navigating,-3.254,0.4822,0.3563,115.17,0.48,0.0824,-0.0917,9.851,42.13,5078,5,255,5,5,304.9,5,20,6,0,0,0,0,0,0,-4.814,1.56,4,0,,ExplorationGrid,-3.864,1.81,-3.608,1.506,False,,0,0,,,,,,0,0,0,0,0,0,1.094,0.9622,0.45,0.4,navegando para fronteira
20290.193,176.0,navigating,-3.2665,0.5147,0.3581,113.15,0.26,0.0615,-0.0873,9.887,42.13,5078,5,255,5,5,304.9,5,20,6,0,0,0,0,0,0,-4.814,1.56,4,0,,ExplorationGrid,-3.864,1.81,-3.608,1.506,False,,0,0,,,,,,0,0,0,0,0,0,1.094,0.9622,0.45,0.4,navegando para fronteira
20290.677,176.5,navigating,-3.2929,0.5388,0.3572,111.02,0.5,0.0689,-0.0835,9.923,42.13,5078,5,255,5,5,304.9,5,20,6,0,0,0,0,0,0,-4.814,1.56,4,0,,ExplorationGrid,-3.864,1.81,-3.608,1.506,False,,0,0,,,,,,0,0,0,0,0,0,1.094,0.9622,0.4,0.45,navegando para fronteira
20291.122,177.0,navigating,-3.295,0.5887,0.3488,110.0,0.78,0.0942,-0.0037,9.974,42.13,5078,5,255,5,5,304.9,5,20,6,0,0,0,0,0,0,-4.814,1.56,4,0,,ExplorationGrid,-3.864,1.81,-3.608,1.506,False,,0,0,,,,,,0,0,0,0,0,0,1.094,0.9622,0.4,0.45,navegando para fronteira
20291.59,177.5,navigating,-3.3079,0.6444,0.3513,109.84,0.32,0.1038,0.0081,10.034,42.13,5078,5,255,5,5,304.9,5,20,6,0,0,0,0,0,0,-4.814,1.56,4,0,,ExplorationGrid,-3.864,1.81,-3.608,1.506,False,,0,0,,,,,,0,0,0,0,0,0,0.996,0.9614,0.4,0.45,navegando para fronteira
20292.0,178.0,navigating,-3.3493,0.6782,0.3555,109.5,0.84,0.0962,-0.0016,10.088,42.13,5078,5,255,5,5,304.9,5,20,6,0,0,0,0,0,0,-4.814,1.56,4,0,,ExplorationGrid,-3.864,1.81,-3.608,1.506,False,,0,0,,,,,,0,0,0,0,0,0,0.996,0.9614,0.35,0.5,navegando para fronteira
20292.417,178.5,navigating,-3.3501,0.7318,0.3498,108.84,0.86,0.1181,-0.0554,10.146,42.13,5078,5,255,5,5,304.9,5,20,6,0,0,0,0,0,0,-4.814,1.56,4,0,,ExplorationGrid,-3.864,1.81,-3.608,1.506,False,,0,0,,,,,,0,0,0,0,0,0,0.878,0.9482,0.35,0.5,navegando para fronteira
20292.912,179.0,navigating,-3.3447,0.8213,0.3516,108.28,0.4,0.1486,-0.017,10.238,46.7,5629,5,255,5,5,304.9,5,20,6,0,0,0,0,0,0,-4.814,1.56,4,0,,ExplorationGrid,-3.864,1.81,-3.608,1.506,False,,0,0,,,,,,0,0,0,0,0,0,0.878,0.9482,0.35,0.5,navegando para fronteira
20293.335,179.5,navigating,-3.3881,0.8592,0.3522,108.0,0.77,0.1102,-0.0479,10.296,46.7,5629,5,255,5,5,304.9,5,20,6,0,0,0,0,0,0,-4.814,1.56,4,0,,ExplorationGrid,-3.864,1.81,-3.608,1.506,False,,0,0,,,,,,0,0,0,0,0,0,0.678,0.9457,0.3,0.55,navegando para fronteira
20293.793,180.0,navigating,-3.3992,0.9061,0.3531,108.01,0.32,0.103,0.0191,10.349,46.7,5629,5,255,5,5,304.9,5,20,6,0,0,0,0,0,0,-4.814,1.56,4,0,,ExplorationGrid,-3.864,1.81,-3.608,1.506,False,,0,0,,,,,,0,0,0,0,0,0,0.678,0.9457,0.3,0.55,navegando para fronteira
20294.282,180.5,navigating,-3.3972,0.9773,0.3584,108.5,0.62,0.114,0.0008,10.422,46.7,5629,5,255,5,5,304.9,5,20,6,0,0,0,0,0,0,-4.814,1.56,4,0,,ExplorationGrid,-3.864,1.81,-3.608,1.506,False,,0,0,,,,,,0,0,0,0,0,0,0.678,0.9457,0.3,0.65,navegando para fronteira
20294.743,181.0,navigating,-3.4338,1.0332,0.36,108.31,0.47,0.1236,0.017,10.489,46.7,5629,5,255,5,5,304.9,5,20,6,0,0,0,0,0,0,-4.814,1.56,4,0,,ExplorationGrid,-3.864,1.81,-3.608,1.506,False,,0,0,,,,,,0,0,0,0,0,0,0.678,0.9457,0.25,1.5,navegando para fronteira
20295.182,181.501,navigating,-3.4593,1.0869,0.3551,108.37,0.19,0.1142,0.032,10.55,46.7,5629,5,255,5,5,304.9,5,20,6,0,0,0,0,0,0,-4.814,1.56,4,0,,ExplorationGrid,-3.864,1.81,-3.608,1.506,False,,0,0,,,,,,0,0,0,0,0,0,0.457,0.9199,0.25,1.5,navegando para fronteira
20295.672,182.0,navigating,-3.4532,1.1481,0.3506,108.27,0.67,0.1021,0.0202,10.612,50.89,6134,5,255,5,5,304.9,5,20,6,0,0,0,0,0,0,-4.814,1.56,4,0,,ExplorationGrid,-3.864,1.81,-3.608,1.506,False,,0,0,,,,,,0,0,0,0,0,0,0.457,0.9199,0.25,1.5,navegando para fronteira
20296.138,182.501,navigating,-3.4842,1.1708,0.3514,108.35,0.62,0.0664,0.0469,10.653,50.89,6134,5,255,5,5,304.9,5,20,6,0,0,0,0,0,0,-4.814,1.56,4,0,,ExplorationGrid,-3.864,1.81,-3.608,1.506,False,,0,0,,,,,,0,0,0,0,0,0,0.355,0.9151,0.2,1.5,navegando para fronteira
20296.623,183.0,navigating,-3.4945,1.2019,0.3521,109.29,0.43,0.056,0.0489,10.692,50.89,6134,5,255,5,5,304.9,5,20,6,0,0,0,0,0,0,-4.814,1.56,4,0,,ExplorationGrid,-3.864,1.81,-3.608,1.506,False,,0,0,,,,,,0,0,0,0,0,0,0.355,0.9151,0.2,1.5,navegando para fronteira
20297.099,183.5,navigating,-3.4878,1.2363,0.3567,110.78,0.65,0.0753,0.0609,10.728,50.89,6134,5,255,5,5,304.9,5,20,6,0,0,0,0,0,0,-4.814,1.56,4,0,,ExplorationGrid,-3.864,1.81,-3.608,1.506,False,,0,0,,,,,,0,0,0,0,0,0,0.311,0.9844,0.25,1.5,navegando para fronteira
20297.584,184.0,navigating,-3.5169,1.263,0.3591,112.51,0.49,0.0077,0.0,10.768,50.89,6134,5,255,5,5,304.9,5,20,6,0,0,0,0,0,0,-4.814,1.56,4,0,,ExplorationGrid,-3.864,1.81,-3.608,1.506,False,,0,0,,,,,,0,0,0,0,0,0,0.311,0.9844,0.2,1.5,navegando para fronteira
20298.038,184.5,navigating,-3.5026,1.2536,0.3524,112.57,0.42,0.0,0.0,10.789,50.89,6134,5,255,5,5,304.9,5,20,6,0,0,0,0,0,0,-4.814,1.56,4,0,,ExplorationGrid,-3.864,1.81,-3.608,1.506,False,,0,0,,,,,,0,0,0,0,0,0,0.311,0.9844,0.25,1.5,navegando para fronteira
20298.501,185.001,selecting,-3.5139,1.2642,0.3553,112.5,0.3,0.0,0.0,10.805,50.89,6134,6,438,6,6,328.5,0,21,7,0,0,0,0,0,0,-4.118,1.46,4,0,,ExplorationGrid,-3.864,1.81,-3.608,1.506,False,,0,0,,,,,,0,0,0,0,0,0,1.719,0.9417,0.25,1.5,fronteira alcancada; atualizando mapa
20298.98,185.5,selecting,-3.5139,1.2657,0.3544,112.32,0.12,0.0007,-0.051,10.809,50.89,6134,6,438,6,6,328.5,0,21,7,0,0,0,0,0,0,-4.118,1.46,4,0,,ExplorationGrid,-3.864,1.81,-3.608,1.506,False,,0,0,,,,,,0,0,0,0,0,0,1.719,0.9417,0.25,1.5,fronteira alcancada; atualizando mapa
20299.375,186.001,navigating,-3.5076,1.2578,0.3671,111.6,0.19,0.0,-0.0033,10.82,50.89,6134,6,438,6,6,328.5,6,26,7,0,0,0,0,0,0,-1.968,2.46,4,0,,ExplorationGrid,-1.668,1.66,-2.005,1.572,False,,0,0,,,,,,0,0,0,0,0,0,1.719,0.9417,0.25,1.5,navegando para fronteira
20299.853,186.5,navigating,-3.4898,1.2493,0.3628,111.2,0.18,0.002,-0.0235,10.841,50.89,6134,6,438,6,6,328.5,6,26,7,0,0,0,0,0,0,-1.968,2.46,4,0,,ExplorationGrid,-1.668,1.66,-2.005,1.572,False,,0,0,,,,,,0,0,0,0,0,0,1.719,0.9417,0.25,1.5,navegando para fronteira
20300.284,187.0,navigating,-3.5009,1.2605,0.3617,111.2,0.28,0.015,-0.0073,10.857,50.89,6134,6,438,6,6,328.5,6,26,7,0,0,0,0,0,0,-1.968,2.46,4,0,,ExplorationGrid,-1.668,1.66,-2.005,1.572,False,,0,0,,,,,,0,0,0,0,0,0,1.719,0.9417,0.25,1.5,navegando para fronteira
20300.715,187.5,navigating,-3.5025,1.2695,0.3535,110.42,0.16,0.017,-0.0987,10.868,50.89,6134,6,438,6,6,328.5,6,26,7,0,0,0,0,0,0,-1.968,2.46,4,0,,ExplorationGrid,-1.668,1.66,-2.005,1.572,False,,0,0,,,,,,0,0,0,0,0,0,1.719,0.9417,0.25,1.5,navegando para fronteira
20301.157,188.0,navigating,-3.4778,1.2807,0.3524,108.91,1.05,0.0056,-0.0768,10.896,50.89,6134,6,438,6,6,328.5,6,26,7,0,0,0,0,0,0,-1.968,2.46,4,0,,ExplorationGrid,-1.668,1.66,-2.005,1.572,False,,0,0,,,,,,0,0,0,0,0,0,1.719,0.9417,0.25,1.5,navegando para fronteira
20301.633,188.502,navigating,-3.4575,1.2961,0.3589,106.89,0.62,0.0174,-0.1253,10.928,50.89,6134,6,438,6,6,328.5,6,26,7,0,0,0,0,0,0,-1.968,2.46,4,0,,ExplorationGrid,-1.668,1.66,-2.005,1.572,False,,0,0,,,,,,0,0,0,0,0,0,1.719,0.9417,0.35,1.5,navegando para fronteira
20302.072,189.0,navigating,-3.4839,1.2824,0.3584,104.09,1.12,0.0058,-0.1896,10.958,50.89,6134,6,438,6,6,328.5,6,26,7,0,0,0,0,0,0,-1.968,2.46,4,0,,ExplorationGrid,-1.668,1.66,-2.005,1.572,False,,0,0,,,,,,0,0,0,0,0,0,1.719,0.9417,0.3,1.5,navegando para fronteira
20302.544,189.5,navigating,-3.4958,1.2669,0.3578,100.21,0.31,0.0131,-0.1383,10.99,50.89,6134,6,438,6,6,328.5,6,26,7,0,0,0,0,0,0,-1.968,2.46,4,0,,ExplorationGrid,-1.668,1.66,-2.005,1.572,False,,0,0,,,,,,0,0,0,0,0,0,1.719,0.9417,0.3,1.5,navegando para fronteira
20302.952,190.0,navigating,-3.4795,1.2828,0.354,97.43,0.62,0.022,-0.1227,11.014,50.89,6134,6,438,6,6,328.5,6,26,7,0,0,0,0,0,0,-1.968,2.46,4,0,,ExplorationGrid,-1.668,1.66,-2.005,1.572,False,,0,0,,,,,,0,0,0,0,0,0,1.719,0.9417,0.3,1.5,navegando para fronteira
20303.4,190.5,navigating,-3.4842,1.3031,0.3496,94.42,0.23,0.0349,-0.1316,11.036,50.89,6134,6,438,6,6,328.5,6,26,7,0,0,0,0,0,0,-1.968,2.46,4,0,,ExplorationGrid,-1.668,1.66,-2.005,1.572,False,,0,0,,,,,,0,0,0,0,0,0,1.719,0.9417,0.35,1.5,navegando para fronteira
20303.87,191.0,navigating,-3.4986,1.3248,0.3623,91.5,0.29,0.0428,-0.1078,11.063,50.89,6134,6,438,6,6,328.5,6,26,7,0,0,0,0,0,0,-1.968,2.46,4,0,,ExplorationGrid,-1.668,1.66,-2.005,1.572,False,,0,0,,,,,,0,0,0,0,0,0,1.719,0.9417,1.0,1.5,navegando para fronteira
20304.28,191.5,navigating,-3.4934,1.3405,0.3688,89.58,0.34,0.0324,-0.0178,11.08,50.89,6134,6,438,6,6,328.5,6,26,7,0,0,0,0,0,0,-1.968,2.46,4,0,,ExplorationGrid,-1.668,1.66,-2.005,1.572,False,,0,0,,,,,,0,0,0,0,0,0,1.719,0.9417,1.1,1.5,navegando para fronteira
20304.741,192.0,navigating,-3.4878,1.3578,0.3676,87.82,0.33,0.0444,-0.1161,11.1,50.89,6134,6,438,6,6,328.5,6,26,7,0,0,0,0,0,0,-1.968,2.46,4,0,,ExplorationGrid,-1.668,1.66,-2.005,1.572,False,,0,0,,,,,,0,0,0,0,0,0,1.719,0.9417,1.2,1.5,navegando para fronteira
20305.21,192.501,navigating,-3.4961,1.3766,0.355,86.24,0.25,0.0358,-0.0869,11.121,50.89,6134,6,438,6,6,328.5,6,26,7,0,0,0,0,0,0,-1.968,2.46,4,0,,ExplorationGrid,-1.668,1.66,-2.005,1.572,False,,0,0,,,,,,0,0,0,0,0,0,1.697,0.9459,1.3,1.5,navegando para fronteira
20305.613,193.001,navigating,-3.4923,1.3874,0.3409,84.69,0.26,0.0274,-0.112,11.135,50.89,6134,6,438,6,6,328.5,6,26,7,0,0,0,0,0,0,-1.968,2.46,4,0,,ExplorationGrid,-1.668,1.66,-2.005,1.572,False,,0,0,,,,,,0,0,0,0,0,0,1.697,0.9459,1.3,1.5,navegando para fronteira
20306.085,193.5,navigating,-3.4558,1.4145,0.3381,82.5,1.22,0.0499,-0.1265,11.181,50.89,6134,6,438,6,6,328.5,6,26,7,0,0,0,0,0,0,-1.968,2.46,4,0,,ExplorationGrid,-1.668,1.66,-2.005,1.572,False,,0,0,,,,,,0,0,0,0,0,0,1.697,0.9459,1.25,1.5,navegando para fronteira
20306.512,194.0,navigating,-3.448,1.4526,0.3451,80.1,0.35,0.0709,-0.1144,11.225,52.08,6329,6,438,6,6,328.5,6,26,7,0,0,0,0,0,0,-1.968,2.46,4,0,,ExplorationGrid,-1.668,1.66,-2.005,1.572,False,,0,0,,,,,,0,0,0,0,0,0,1.697,0.9459,1.1,1.5,navegando para fronteira
20306.938,194.5,navigating,-3.4761,1.4875,0.3457,77.46,1.05,0.0547,-0.1196,11.273,52.08,6329,6,438,6,6,328.5,6,26,7,0,0,0,0,0,0,-1.968,2.46,4,0,,ExplorationGrid,-1.668,1.66,-2.005,1.572,False,,0,0,,,,,,0,0,0,0,0,0,1.7,0.9392,1.0,1.5,navegando para fronteira
20307.411,195.0,navigating,-3.4395,1.4978,0.3581,74.63,1.02,0.0288,-0.089,11.314,52.08,6329,6,438,6,6,328.5,6,26,7,0,0,0,0,0,0,-1.968,2.46,4,0,,ExplorationGrid,-1.668,1.66,-2.005,1.572,False,,0,0,,,,,,0,0,0,0,0,0,1.7,0.9392,0.95,1.3,navegando para fronteira
20307.825,195.5,navigating,-3.4197,1.4973,0.3474,72.4,1.19,0.018,-0.1065,11.335,52.08,6329,6,438,6,6,328.5,6,26,7,0,0,0,0,0,0,-1.968,2.46,4,0,,ExplorationGrid,-1.668,1.66,-2.005,1.572,False,,0,0,,,,,,0,0,0,0,0,0,1.596,0.9379,0.95,0.85,navegando para fronteira
20308.3,196.0,navigating,-3.4082,1.4992,0.3557,69.45,0.43,0.0376,-0.1207,11.361,52.08,6329,6,438,6,6,328.5,6,26,7,0,0,0,0,0,0,-1.968,2.46,4,0,,ExplorationGrid,-1.668,1.66,-2.005,1.572,False,,0,0,,,,,,0,0,0,0,0,0,1.596,0.9379,0.9,0.75,navegando para fronteira
20308.756,196.5,navigating,-3.4106,1.5168,0.3547,66.25,0.37,0.0372,-0.169,11.381,52.08,6329,6,438,6,6,328.5,6,26,7,0,0,0,0,0,0,-1.968,2.46,4,0,,ExplorationGrid,-1.668,1.66,-2.005,1.572,False,,0,0,,,,,,0,0,0,0,0,0,1.599,0.9363,0.9,0.75,navegando para fronteira
20309.184,197.0,navigating,-3.4085,1.5433,0.3471,62.15,0.71,0.0454,-0.182,11.415,52.08,6329,6,438,6,6,328.5,6,26,7,0,0,0,0,0,0,-1.968,2.46,4,0,,ExplorationGrid,-1.668,1.66,-2.005,1.572,False,,0,0,,,,,,0,0,0,0,0,0,1.599,0.9363,0.85,0.75,navegando para fronteira
20309.624,197.5,navigating,-3.4385,1.5391,0.3524,60.06,0.3,0.0004,-0.128,11.449,52.08,6329,6,438,6,6,328.5,6,26,7,0,0,0,0,0,0,-1.968,2.46,4,0,,ExplorationGrid,-1.668,1.66,-2.005,1.572,False,,0,0,,,,,,0,0,0,0,0,0,1.589,0.9412,0.85,0.75,navegando para fronteira
20310.041,198.0,navigating,-3.4267,1.5241,0.3396,58.02,0.55,0.0036,-0.1999,11.468,52.35,6362,6,438,6,6,328.5,6,26,7,0,0,0,0,0,0,-1.968,2.46,4,0,,ExplorationGrid,-1.668,1.66,-2.005,1.572,False,,0,0,,,,,,0,0,0,0,0,0,1.589,0.9412,0.9,0.75,navegando para fronteira
20310.5,198.501,navigating,-3.4061,1.4984,0.3473,53.74,1.2,0.0043,-0.1966,11.502,52.35,6362,6,438,6,6,328.5,6,26,7,0,0,0,0,0,0,-1.968,2.46,4,0,,ExplorationGrid,-1.668,1.66,-2.005,1.572,False,,0,0,,,,,,0,0,0,0,0,0,1.598,0.9369,0.95,0.7,navegando para fronteira
20310.918,199.0,navigating,-3.4047,1.4912,0.3436,51.01,0.2,0.0056,-0.1482,11.518,52.35,6362,6,438,6,6,328.5,6,26,7,0,0,0,0,0,0,-1.968,2.46,4,0,,ExplorationGrid,-1.668,1.66,-2.005,1.572,False,,0,0,,,,,,0,0,0,0,0,0,1.598,0.9369,0.9,0.65,navegando para fronteira
20311.337,199.5,navigating,-3.4017,1.5091,0.3562,48.05,0.09,0.0514,-0.0829,11.537,52.35,6362,6,438,6,6,328.5,6,26,7,0,0,0,0,0,0,-1.968,2.46,4,0,,ExplorationGrid,-1.668,1.66,-2.005,1.572,False,,0,0,,,,,,0,0,0,0,0,0,1.598,0.9369,0.85,0.7,navegando para fronteira
20311.82,200.0,navigating,-3.3887,1.5432,0.3536,45.05,0.34,0.042,-0.0953,11.574,52.35,6362,6,438,6,6,328.5,6,26,7,0,0,0,0,0,0,-1.968,2.46,4,0,,ExplorationGrid,-1.668,1.66,-2.005,1.572,False,,0,0,,,,,,0,0,0,0,0,0,1.598,0.9368,0.75,0.7,navegando para fronteira
20312.294,200.501,navigating,-3.3673,1.5431,0.3568,41.54,0.63,0.0368,-0.0497,11.601,52.35,6362,6,438,6,6,328.5,6,26,7,0,0,0,0,0,0,-1.968,2.46,4,0,,ExplorationGrid,-1.668,1.66,-2.005,1.572,False,,0,0,,,,,,0,0,0,0,0,0,1.598,0.9368,0.7,0.75,navegando para fronteira
20312.764,201.0,navigating,-3.3432,1.5405,0.3635,38.83,0.61,0.0587,-0.1195,11.629,52.35,6362,6,438,6,6,328.5,6,26,7,0,0,0,0,0,0,-1.968,2.46,4,0,,ExplorationGrid,-1.668,1.66,-2.005,1.572,False,,0,0,,,,,,0,0,0,0,0,0,1.588,0.9416,0.7,0.75,navegando para fronteira
20313.246,201.5,navigating,-3.3373,1.5632,0.3642,37.58,0.24,0.0434,-0.0309,11.654,52.35,6362,6,438,6,6,328.5,6,26,7,0,0,0,0,0,0,-1.968,2.46,4,0,,ExplorationGrid,-1.668,1.66,-2.005,1.572,False,,0,0,,,,,,0,0,0,0,0,0,1.588,0.9416,0.65,0.75,navegando para fronteira
20313.686,202.002,navigating,-3.3219,1.5742,0.3556,36.69,0.22,0.0431,-0.1308,11.674,52.35,6362,6,438,6,6,328.5,6,26,7,0,0,0,0,0,0,-1.968,2.46,4,0,,ExplorationGrid,-1.668,1.66,-2.005,1.572,False,,0,0,,,,,,0,0,0,0,0,0,1.483,0.941,0.6,0.75,navegando para fronteira
20314.162,202.5,navigating,-3.2939,1.5812,0.3576,34.5,0.53,0.0424,-0.1718,11.704,52.35,6362,6,438,6,6,328.5,6,26,7,0,0,0,0,0,0,-1.968,2.46,4,0,,ExplorationGrid,-1.668,1.66,-2.005,1.572,False,,0,0,,,,,,0,0,0,0,0,0,1.483,0.941,0.6,0.7,navegando para fronteira
20314.621,203.001,navigating,-3.2753,1.6079,0.356,32.17,0.53,0.0677,-0.1081,11.738,52.35,6362,6,438,6,6,328.5,6,26,7,0,0,0,0,0,0,-1.968,2.46,4,0,,ExplorationGrid,-1.668,1.66,-2.005,1.572,False,,0,0,,,,,,0,0,0,0,0,0,1.486,0.939,0.55,0.75,navegando para fronteira
20315.054,203.5,navigating,-3.2436,1.6191,0.3548,30.15,0.44,0.0813,-0.1254,11.775,52.35,6362,6,438,6,6,328.5,6,26,7,0,0,0,0,0,0,-1.968,2.46,4,0,,ExplorationGrid,-1.668,1.66,-2.005,1.572,False,,0,0,,,,,,0,0,0,0,0,0,1.486,0.939,0.5,0.7,navegando para fronteira
20315.525,204.0,navigating,-3.2087,1.6153,0.3587,26.51,0.5,0.0566,-0.1035,11.813,52.6,6392,6,438,6,6,328.5,6,26,7,0,0,0,0,0,0,-1.968,2.46,4,0,,ExplorationGrid,-1.668,1.66,-2.005,1.572,False,,0,0,,,,,,0,0,0,0,0,0,1.384,0.9366,0.5,0.7,navegando para fronteira
20315.962,204.5,navigating,-3.1871,1.6353,0.3563,23.09,0.27,0.064,-0.1304,11.843,52.6,6392,6,438,6,6,328.5,6,26,7,0,0,0,0,0,0,-1.968,2.46,4,0,,ExplorationGrid,-1.668,1.66,-2.005,1.572,False,,0,0,,,,,,0,0,0,0,0,0,1.384,0.9366,0.5,0.75,navegando para fronteira
20316.424,205.0,navigating,-3.1527,1.6546,0.3611,19.33,0.3,0.0837,-0.0949,11.882,52.6,6392,6,438,6,6,328.5,6,26,7,0,0,0,0,0,0,-1.968,2.46,4,0,,ExplorationGrid,-1.668,1.66,-2.005,1.572,False,,0,0,,,,,,0,0,0,0,0,0,1.378,0.9444,0.45,0.8,navegando para fronteira
20316.875,205.5,navigating,-3.1149,1.6668,0.3761,17.39,0.36,0.085,-0.0487,11.922,52.6,6392,6,438,6,6,328.5,6,26,7,0,0,0,0,0,0,-1.968,2.46,4,0,,ExplorationGrid,-1.668,1.66,-2.005,1.572,False,,0,0,,,,,,0,0,0,0,0,0,1.378,0.9444,0.45,0.75,navegando para fronteira
20317.357,206.001,navigating,-3.0769,1.6753,0.3685,15.71,0.39,0.0711,-0.1031,11.961,52.6,6392,6,438,6,6,328.5,6,26,7,0,0,0,0,0,0,-1.968,2.46,4,0,,ExplorationGrid,-1.668,1.66,-2.005,1.572,False,,0,0,,,,,,0,0,0,0,0,0,1.272,0.9449,0.4,0.7,navegando para fronteira
20317.811,206.5,navigating,-3.0441,1.6891,0.36,14.09,0.15,0.0662,-0.0899,11.997,52.6,6392,6,438,6,6,328.5,6,26,7,0,0,0,0,0,0,-1.968,2.46,4,0,,ExplorationGrid,-1.668,1.66,-2.005,1.572,False,,0,0,,,,,,0,0,0,0,0,0,1.272,0.9449,0.4,0.6,navegando para fronteira
20318.303,207.0,navigating,-3.013,1.6977,0.3628,12.46,0.42,0.0561,-0.1189,12.031,52.66,6399,6,438,6,6,328.5,6,26,7,0,0,0,0,0,0,-1.968,2.46,4,0,,ExplorationGrid,-1.668,1.66,-2.005,1.572,False,,0,0,,,,,,0,0,0,0,0,0,1.171,0.9415,0.4,0.6,navegando para fronteira
20318.716,207.5,navigating,-2.9888,1.7027,0.3498,10.33,0.91,0.0754,-0.0913,12.057,52.66,6399,6,438,6,6,328.5,6,26,7,0,0,0,0,0,0,-1.968,2.46,4,0,,ExplorationGrid,-1.668,1.66,-2.005,1.572,False,,0,0,,,,,,0,0,0,0,0,0,1.171,0.9415,0.4,0.6,navegando para fronteira
20319.2,208.0,navigating,-3.0169,1.6535,0.3469,8.66,0.93,0.0,-0.1221,12.114,52.66,6399,6,438,6,6,328.5,6,26,7,0,0,0,0,0,0,-1.968,2.46,4,0,,ExplorationGrid,-1.668,1.66,-2.005,1.572,False,,0,0,,,,,,0,0,0,0,0,0,1.171,0.9415,0.45,0.8,navegando para fronteira
20319.604,208.5,navigating,-3.0394,1.6168,0.3315,7.0,2.37,0.0126,-0.0785,12.157,52.66,6399,6,438,6,6,328.5,6,26,7,0,0,0,0,0,0,-1.968,2.46,4,0,,ExplorationGrid,-1.668,1.66,-2.005,1.572,False,,0,0,,,,,,0,0,0,0,0,0,1.171,0.9415,0.45,1.5,navegando para fronteira
20320.029,209.0,navigating,-3.0798,1.5216,0.3243,4.8,2.11,0.0082,-0.0567,12.265,52.66,6399,6,438,6,6,328.5,6,26,7,0,0,0,0,0,0,-1.968,2.46,4,0,,ExplorationGrid,-1.668,1.66,-2.005,1.572,False,,0,0,,,,,,0,0,0,0,0,0,1.283,0.9323,0.55,1.5,navegando para fronteira
20320.5,209.5,navigating,-3.0547,1.5378,0.3501,3.75,1.11,0.0657,-0.0498,12.314,52.66,6399,6,438,6,6,328.5,6,26,7,0,0,0,0,0,0,-1.968,2.46,4,0,,ExplorationGrid,-1.668,1.66,-2.005,1.572,False,,0,0,,,,,,0,0,0,0,0,0,1.283,0.9323,0.55,1.5,navegando para fronteira
20320.923,210.0,navigating,-3.0002,1.5694,0.3537,2.71,0.46,0.1109,-0.0894,12.383,52.66,6399,6,438,6,6,328.5,6,26,7,0,0,0,0,0,0,-1.968,2.46,4,0,,ExplorationGrid,-1.668,1.66,-2.005,1.572,False,,0,0,,,,,,0,0,0,0,0,0,1.283,0.9323,0.5,1.5,navegando para fronteira
20321.4,210.5,navigating,-2.9094,1.5377,0.3578,1.63,0.78,0.1468,-0.0288,12.481,52.66,6399,6,438,6,6,328.5,6,26,7,0,0,0,0,0,0,-1.968,2.46,4,0,,ExplorationGrid,-1.668,1.66,-2.005,1.572,False,,0,0,,,,,,0,0,0,0,0,0,1.184,0.9254,0.55,0.4,navegando para fronteira
20321.893,211.0,navigating,-2.8484,1.5252,0.3606,1.35,0.36,0.113,-0.0408,12.545,53.08,6450,6,438,6,6,328.5,6,26,7,0,0,0,0,0,0,-1.968,2.46,4,0,,ExplorationGrid,-1.668,1.66,-2.005,1.572,False,,0,0,,,,,,0,0,0,0,0,0,1.184,0.9254,0.55,0.35,navegando para fronteira
20322.329,211.5,navigating,-2.7887,1.5443,0.3554,0.62,0.58,0.1258,-0.0253,12.607,53.08,6450,6,438,6,6,328.5,6,26,7,0,0,0,0,0,0,-1.968,2.46,4,0,,ExplorationGrid,-1.668,1.66,-2.005,1.572,False,,0,0,,,,,,0,0,0,0,0,0,0.984,0.9104,0.55,0.3,navegando para fronteira
20322.761,212.0,navigating,-2.7325,1.5309,0.3471,-0.0,0.95,0.1175,-0.0201,12.666,53.08,6450,6,438,6,6,328.5,6,26,7,0,0,0,0,0,0,-1.968,2.46,4,0,,ExplorationGrid,-1.668,1.66,-2.005,1.572,False,,0,0,,,,,,0,0,0,0,0,0,0.984,0.9104,0.55,0.25,navegando para fronteira
20323.161,212.5,navigating,-2.6943,1.5135,0.3597,2.01,0.68,0.0913,0.0031,12.709,53.08,6450,6,438,6,6,328.5,6,26,7,0,0,0,0,0,0,-1.968,2.46,4,0,,ExplorationGrid,-1.668,1.66,-2.005,1.572,False,,0,0,,,,,,0,0,0,0,0,0,0.887,0.8972,0.55,0.25,navegando para fronteira
20323.6,213.0,navigating,-2.6515,1.5098,0.3492,1.7,0.41,0.0913,0.0508,12.753,53.08,6450,6,438,6,6,328.5,6,26,7,0,0,0,0,0,0,-1.968,2.46,4,0,,ExplorationGrid,-1.668,1.66,-2.005,1.572,False,,0,0,,,,,,0,0,0,0,0,0,0.887,0.8972,0.55,0.25,navegando para fronteira
20324.065,213.5,navigating,-2.6006,1.5343,0.3547,2.03,0.68,0.0948,-0.0298,12.81,53.08,6450,6,438,6,6,328.5,6,26,7,0,0,0,0,0,0,-1.968,2.46,4,0,,ExplorationGrid,-1.668,1.66,-2.005,1.572,False,,0,0,,,,,,0,0,0,0,0,0,0.785,0.8863,0.55,0.25,navegando para fronteira
20324.436,214.0,navigating,-2.5496,1.5245,0.3512,1.41,0.41,0.1197,-0.0667,12.863,53.08,6450,6,438,6,6,328.5,6,26,7,0,0,0,0,0,0,-1.968,2.46,4,0,,ExplorationGrid,-1.668,1.66,-2.005,1.572,False,,0,0,,,,,,0,0,0,0,0,0,0.785,0.8863,0.55,0.25,navegando para fronteira
20324.921,214.5,navigating,-2.4914,1.5102,0.3635,-0.39,0.39,0.1225,-0.0002,12.923,53.08,6450,6,438,6,6,328.5,6,26,7,0,0,0,0,0,0,-1.968,2.46,4,0,,ExplorationGrid,-1.668,1.66,-2.005,1.572,False,,0,0,,,,,,0,0,0,0,0,0,0.719,0.8296,0.55,0.25,navegando para fronteira
20325.343,215.0,navigating,-2.4363,1.5042,0.3658,0.08,0.43,0.1193,0.0444,12.979,28.55,6656,6,438,6,6,328.5,6,26,7,0,0,0,0,0,0,-1.968,2.46,4,0,,ExplorationGrid,-1.668,1.66,-2.005,1.572,False,,0,0,,,,,,0,0,0,0,0,0,0.719,0.8296,0.55,0.25,navegando para fronteira
20325.757,215.5,navigating,-2.3826,1.5065,0.3602,0.28,0.17,0.1131,0.0063,13.033,28.55,6656,6,438,6,6,328.5,6,26,7,0,0,0,0,0,0,-1.968,2.46,4,0,,ExplorationGrid,-1.668,1.66,-2.005,1.572,False,,0,0,,,,,,0,0,0,0,0,0,0.506,0.9817,0.55,0.25,navegando para fronteira
20326.239,216.0,navigating,-2.3292,1.5129,0.3573,1.25,0.33,0.0984,0.0226,13.087,28.55,6656,6,438,6,6,328.5,6,26,7,0,0,0,0,0,0,-1.968,2.46,4,0,,ExplorationGrid,-1.668,1.66,-2.005,1.572,False,,0,0,,,,,,0,0,0,0,0,0,0.506,0.9817,0.55,0.25,navegando para fronteira
20326.717,216.502,navigating,-2.2762,1.5096,0.358,2.12,0.27,0.0909,0.041,13.141,28.55,6656,6,438,6,6,328.5,6,26,7,0,0,0,0,0,0,-1.968,2.46,4,0,,ExplorationGrid,-1.668,1.66,-2.005,1.572,False,,0,0,,,,,,0,0,0,0,0,0,0.403,0.9826,0.55,0.25,navegando para fronteira
20327.183,217.001,navigating,-2.2239,1.523,0.3592,3.04,0.41,0.0984,0.0405,13.195,28.55,6656,6,438,6,6,328.5,6,26,7,0,0,0,0,0,0,-1.968,2.46,4,0,,ExplorationGrid,-1.668,1.66,-2.005,1.572,False,,0,0,,,,,,0,0,0,0,0,0,0.403,0.9826,0.55,0.25,navegando para fronteira
20327.646,217.5,navigating,-2.1764,1.5233,0.3645,4.07,0.07,0.0885,0.0398,13.243,28.55,6656,6,438,6,6,328.5,6,26,7,0,0,0,0,0,0,-1.968,2.46,4,0,,ExplorationGrid,-1.668,1.66,-2.005,1.572,False,,0,0,,,,,,0,0,0,0,0,0,0.373,0.8624,0.6,0.25,navegando para fronteira
20328.13,218.0,navigating,-2.1442,1.4994,0.3588,4.49,0.82,0.055,0.0386,13.285,30.51,7113,6,438,6,6,328.5,6,26,7,0,0,0,0,0,0,-1.968,2.46,4,0,,ExplorationGrid,-1.668,1.66,-2.005,1.572,False,,0,0,,,,,,0,0,0,0,0,0,0.373,0.8624,0.7,0.25,navegando para fronteira
20328.548,218.5,navigating,-2.1461,1.4956,0.3561,4.82,0.34,0.0,0.0,13.293,30.51,7113,6,438,6,6,328.5,6,26,7,0,0,0,0,0,0,-1.968,2.46,4,0,,ExplorationGrid,-1.668,1.66,-2.005,1.572,False,,0,0,,,,,,0,0,0,0,0,0,0.373,0.8624,0.65,0.2,navegando para fronteira
20329.012,219.0,navigating,-2.145,1.4959,0.3562,4.81,0.23,0.0,0.0,13.295,30.51,7113,6,438,6,6,328.5,6,26,7,0,0,0,0,0,0,-1.968,2.46,4,0,,ExplorationGrid,-1.668,1.66,-2.005,1.572,False,,0,0,,,,,,0,0,0,0,0,0,0.373,0.8624,0.7,0.2,navegando para fronteira
20329.474,219.5,selecting,-2.1403,1.4963,0.3568,4.79,0.23,0.0051,0.0183,13.299,30.51,7113,3,378,3,7,183.0,0,27,8,0,0,0,0,0,0,-1.728,2.96,4,0,,ExplorationGrid,-1.668,1.66,-2.005,1.572,False,,0,0,,,,,,0,0,0,0,0,0,1.051,0.9649,0.7,0.2,fronteira alcancada; atualizando mapa
20329.899,220.0,selecting,-2.1347,1.4913,0.355,5.25,0.29,0.0121,0.0164,13.308,30.51,7113,3,378,3,7,183.0,0,27,8,0,0,0,0,0,0,-1.728,2.96,4,0,,ExplorationGrid,-1.668,1.66,-2.005,1.572,False,,0,0,,,,,,0,0,0,0,0,0,1.051,0.9649,0.7,0.2,fronteira alcancada; atualizando mapa
20330.367,220.5,navigating,-2.1271,1.4883,0.3529,6.11,0.24,0.02,0.0379,13.318,30.51,7113,3,378,3,7,183.0,3,29,8,0,0,0,0,0,0,-4.978,1.61,4,0,,ExplorationGrid,-1.728,2.96,-2.013,2.596,False,,0,0,,,,,,0,0,0,0,0,0,1.051,0.9649,0.7,0.2,navegando para fronteira
20330.831,221.0,navigating,-2.1148,1.4899,0.3556,7.36,0.11,0.0243,0.0355,13.331,30.51,7113,3,378,3,7,183.0,3,29,8,0,0,0,0,0,0,-4.978,1.61,4,0,,ExplorationGrid,-1.728,2.96,-2.013,2.596,False,,0,0,,,,,,0,0,0,0,0,0,1.051,0.9649,0.7,0.2,navegando para fronteira
20331.227,221.5,navigating,-2.1008,1.4926,0.3473,8.95,0.29,0.0369,0.0681,13.35,30.51,7113,3,378,3,7,183.0,3,29,8,0,0,0,0,0,0,-4.978,1.61,4,0,,ExplorationGrid,-1.728,2.96,-2.013,2.596,False,,0,0,,,,,,0,0,0,0,0,0,1.051,0.9649,0.65,0.2,navegando para fronteira
20331.717,222.001,navigating,-2.0893,1.4384,0.3604,10.2,1.23,0.008,0.1142,13.41,30.51,7113,3,378,3,7,183.0,3,29,8,0,0,0,0,0,0,-4.978,1.61,4,0,,ExplorationGrid,-1.728,2.96,-2.013,2.596,False,,0,0,,,,,,0,0,0,0,0,0,1.051,0.9649,0.7,0.15,navegando para fronteira
20332.167,222.5,navigating,-2.0835,1.4385,0.3521,11.52,0.48,0.0213,0.1647,13.437,30.51,7113,3,378,3,7,183.0,3,29,8,0,0,0,0,0,0,-4.978,1.61,4,0,,ExplorationGrid,-1.728,2.96,-2.013,2.596,False,,0,0,,,,,,0,0,0,0,0,0,1.051,0.9648,0.7,0.15,navegando para fronteira
20332.633,223.0,navigating,-2.0661,1.455,0.364,13.73,0.18,0.0296,0.1104,13.466,30.51,7113,3,378,3,7,183.0,3,29,8,0,0,0,0,0,0,-4.978,1.61,4,0,,ExplorationGrid,-1.728,2.96,-2.013,2.596,False,,0,0,,,,,,0,0,0,0,0,0,1.051,0.9648,0.7,0.2,navegando para fronteira
20333.082,223.5,navigating,-2.0459,1.4414,0.3568,16.8,0.37,0.0457,0.1935,13.492,30.51,7113,3,378,3,7,183.0,3,29,8,0,0,0,0,0,0,-4.978,1.61,4,0,,ExplorationGrid,-1.728,2.96,-2.013,2.596,False,,0,0,,,,,,0,0,0,0,0,0,1.032,0.9693,0.7,0.15,navegando para fronteira
20333.556,224.0,navigating,-2.0413,1.4523,0.3539,18.98,0.42,0.0271,0.1327,13.507,30.51,7113,3,378,3,7,183.0,3,29,8,0,0,0,0,0,0,-4.978,1.61,4,0,,ExplorationGrid,-1.728,2.96,-2.013,2.596,False,,0,0,,,,,,0,0,0,0,0,0,1.032,0.9693,0.65,0.2,navegando para fronteira
20334.042,224.5,navigating,-2.0243,1.4402,0.3462,21.6,0.46,0.0324,0.0746,13.529,30.51,7113,3,378,3,7,183.0,3,29,8,0,0,0,0,0,0,-4.978,1.61,4,0,,ExplorationGrid,-1.728,2.96,-2.013,2.596,False,,0,0,,,,,,0,0,0,0,0,0,1.032,0.9692,0.7,0.2,navegando para fronteira
20334.404,225.001,navigating,-2.0044,1.4305,0.3692,22.68,0.13,0.0444,0.0215,13.554,34.0,7927,3,378,3,7,183.0,3,29,8,0,0,0,0,0,0,-4.978,1.61,4,0,,ExplorationGrid,-1.728,2.96,-2.013,2.596,False,,0,0,,,,,,0,0,0,0,0,0,1.032,0.9692,0.7,0.15,navegando para fronteira
20334.862,225.5,navigating,-1.9986,1.4394,0.3683,24.82,0.39,0.0368,0.1099,13.567,34.0,7927,3,378,3,7,183.0,3,29,8,0,0,0,0,0,0,-4.978,1.61,4,0,,ExplorationGrid,-1.728,2.96,-2.013,2.596,False,,0,0,,,,,,0,0,0,0,0,0,1.032,0.9692,0.7,0.2,navegando para fronteira
20335.299,226.0,navigating,-1.9795,1.4316,0.3579,26.98,0.62,0.0474,0.1438,13.588,34.0,7927,3,378,3,7,183.0,3,29,8,0,0,0,0,0,0,-4.978,1.61,4,0,,ExplorationGrid,-1.728,2.96,-2.013,2.596,False,,0,0,,,,,,0,0,0,0,0,0,1.032,0.9692,0.7,0.15,navegando para fronteira
20335.726,226.5,navigating,-1.955,1.4346,0.3561,29.57,0.33,0.0444,0.1137,13.617,34.0,7927,3,378,3,7,183.0,3,29,8,0,0,0,0,0,0,-4.978,1.61,4,0,,ExplorationGrid,-1.728,2.96,-2.013,2.596,False,,0,0,,,,,,0,0,0,0,0,0,1.032,0.9692,0.75,0.2,navegando para fronteira
20336.161,227.0,navigating,-1.9358,1.4565,0.352,31.23,0.12,0.0588,0.0726,13.646,34.0,7927,3,378,3,7,183.0,3,29,8,0,0,0,0,0,0,-4.978,1.61,4,0,,ExplorationGrid,-1.728,2.96,-2.013,2.596,False,,0,0,,,,,,0,0,0,0,0,0,1.0,0.9966,0.7,0.2,navegando para fronteira
20336.658,227.5,navigating,-1.8989,1.4753,0.358,32.39,0.32,0.0806,0.063,13.688,34.0,7927,3,378,3,7,183.0,3,29,8,0,0,0,0,0,0,-4.978,1.61,4,0,,ExplorationGrid,-1.728,2.96,-2.013,2.596,False,,0,0,,,,,,0,0,0,0,0,0,1.0,0.9966,0.7,0.25,navegando para fronteira
20337.1,228.001,navigating,-1.8753,1.4952,0.3595,33.37,0.2,0.0659,0.0525,13.719,34.0,7927,3,378,3,7,183.0,3,29,8,0,0,0,0,0,0,-4.978,1.61,4,0,,ExplorationGrid,-1.728,2.96,-2.013,2.596,False,,0,0,,,,,,0,0,0,0,0,0,1.0,0.9966,0.7,0.25,navegando para fronteira
20337.574,228.5,navigating,-1.8481,1.5152,0.3592,34.33,0.17,0.0679,0.031,13.753,34.0,7927,3,378,3,7,183.0,3,29,8,0,0,0,0,0,0,-4.978,1.61,4,0,,ExplorationGrid,-1.728,2.96,-2.013,2.596,False,,0,0,,,,,,0,0,0,0,0,0,1.0,0.9966,0.65,0.3,navegando para fronteira
20337.995,229.0,navigating,-1.8228,1.5238,0.3622,35.57,0.41,0.0553,0.067,13.781,35.78,8340,3,378,3,7,183.0,3,29,8,0,0,0,0,0,0,-4.978,1.61,4,0,,ExplorationGrid,-1.728,2.96,-2.013,2.596,False,,0,0,,,,,,0,0,0,0,0,0,0.907,0.996,0.65,0.3,navegando para fronteira
20338.423,229.5,navigating,-1.7974,1.549,0.3608,36.94,0.25,0.0732,0.0593,13.817,35.78,8340,3,378,3,7,183.0,3,29,8,0,0,0,0,0,0,-4.978,1.61,4,0,,ExplorationGrid,-1.728,2.96,-2.013,2.596,False,,0,0,,,,,,0,0,0,0,0,0,0.907,0.996,0.7,0.35,navegando para fronteira
20338.86,230.0,navigating,-1.7741,1.5746,0.3642,38.27,0.32,0.0737,0.0463,13.852,35.78,8340,3,378,3,7,183.0,3,29,8,0,0,0,0,0,0,-4.978,1.61,4,0,,ExplorationGrid,-1.728,2.96,-2.013,2.596,False,,0,0,,,,,,0,0,0,0,0,0,0.907,0.996,0.7,0.35,navegando para fronteira
20339.324,230.5,navigating,-1.7449,1.5917,0.3618,39.44,0.17,0.0672,0.0892,13.886,35.78,8340,3,378,3,7,183.0,3,29,8,0,0,0,0,0,0,-4.978,1.61,4,0,,ExplorationGrid,-1.728,2.96,-2.013,2.596,False,,0,0,,,,,,0,0,0,0,0,0,0.907,0.996,0.7,0.4,navegando para fronteira
20339.749,231.0,navigating,-1.7227,1.6083,0.3631,40.56,0.15,0.0602,0.0835,13.914,35.78,8340,3,378,3,7,183.0,3,29,8,0,0,0,0,0,0,-4.978,1.61,4,0,,ExplorationGrid,-1.728,2.96,-2.013,2.596,False,,0,0,,,,,,0,0,0,0,0,0,0.842,0.979,0.7,0.45,navegando para fronteira
20340.214,231.501,navigating,-1.6995,1.6235,0.363,41.41,0.21,0.0571,0.0481,13.942,35.78,8340,3,378,3,7,183.0,3,29,8,0,0,0,0,0,0,-4.978,1.61,4,0,,ExplorationGrid,-1.728,2.96,-2.013,2.596,False,,0,0,,,,,,0,0,0,0,0,0,0.842,0.979,0.7,0.45,navegando para fronteira
20340.695,232.0,navigating,-1.6814,1.645,0.3594,42.29,0.32,0.0496,0.0902,13.971,35.78,8340,3,378,3,7,183.0,3,29,8,0,0,0,0,0,0,-4.978,1.61,4,0,,ExplorationGrid,-1.728,2.96,-2.013,2.596,False,,0,0,,,,,,0,0,0,0,0,0,0.842,0.979,0.7,0.5,navegando para fronteira
20341.174,232.5,navigating,-1.6626,1.6539,0.3579,43.8,0.62,0.0372,0.054,13.995,35.78,8340,3,378,3,7,183.0,3,29,8,0,0,0,0,0,0,-4.978,1.61,4,0,,ExplorationGrid,-1.728,2.96,-2.013,2.596,False,,0,0,,,,,,0,0,0,0,0,0,0.842,0.979,0.7,0.5,navegando para fronteira
20341.615,233.0,navigating,-1.6425,1.6634,0.3562,44.52,0.4,0.0417,0.0441,14.019,35.78,8340,3,378,3,7,183.0,3,29,8,0,0,0,0,0,0,-4.978,1.61,4,0,,ExplorationGrid,-1.728,2.96,-2.013,2.596,False,,0,0,,,,,,0,0,0,0,0,0,0.865,0.9529,0.7,0.5,navegando para fronteira
20342.061,233.5,navigating,-1.6345,1.6856,0.3562,46.05,0.22,0.048,-0.004,14.043,35.78,8340,3,378,3,7,183.0,3,29,8,0,0,0,0,0,0,-4.978,1.61,4,0,,ExplorationGrid,-1.728,2.96,-2.013,2.596,False,,0,0,,,,,,0,0,0,0,0,0,0.865,0.9529,0.7,0.5,navegando para fronteira
20342.476,234.0,navigating,-1.6223,1.7006,0.3517,46.58,0.27,0.0369,0.02,14.063,35.78,8340,3,378,3,7,183.0,3,29,8,0,0,0,0,0,0,-4.978,1.61,4,0,,ExplorationGrid,-1.728,2.96,-2.013,2.596,False,,0,0,,,,,,0,0,0,0,0,0,0.792,0.9641,0.7,0.45,navegando para fronteira
20342.941,234.5,navigating,-1.5984,1.6956,0.3593,47.2,0.88,0.0242,0.0423,14.089,35.78,8340,3,378,3,7,183.0,3,29,8,0,0,0,0,0,0,-4.978,1.61,4,0,,ExplorationGrid,-1.728,2.96,-2.013,2.596,False,,0,0,,,,,,0,0,0,0,0,0,0.792,0.9641,0.7,0.45,navegando para fronteira
20343.385,235.0,navigating,-1.5917,1.7046,0.3476,47.92,0.16,0.023,0.0403,14.104,35.78,8340,3,378,3,7,183.0,3,29,8,0,0,0,0,0,0,-4.978,1.61,4,0,,ExplorationGrid,-1.728,2.96,-2.013,2.596,False,,0,0,,,,,,0,0,0,0,0,0,0.792,0.9641,0.7,0.4,navegando para fronteira
20343.876,235.5,navigating,-1.5954,1.7223,0.3487,48.94,0.39,0.0291,0.0802,14.123,35.78,8340,3,378,3,7,183.0,3,29,8,0,0,0,0,0,0,-4.978,1.61,4,0,,ExplorationGrid,-1.728,2.96,-2.013,2.596,False,,0,0,,,,,,0,0,0,0,0,0,0.792,0.9641,0.7,0.4,navegando para fronteira
20344.319,236.0,navigating,-1.5785,1.7325,0.3541,50.12,0.31,0.04,0.095,14.144,35.78,8340,3,378,3,7,183.0,3,29,8,0,0,0,0,0,0,-4.978,1.61,4,0,,ExplorationGrid,-1.728,2.96,-2.013,2.596,False,,0,0,,,,,,0,0,0,0,0,0,0.792,0.9641,0.7,0.4,navegando para fronteira
20344.733,236.5,navigating,-1.5571,1.7354,0.3594,51.76,0.61,0.0412,0.0835,14.169,35.78,8340,3,378,3,7,183.0,3,29,8,0,0,0,0,0,0,-4.978,1.61,4,0,,ExplorationGrid,-1.728,2.96,-2.013,2.596,False,,0,0,,,,,,0,0,0,0,0,0,0.792,0.9641,0.7,0.35,navegando para fronteira
20345.21,237.0,navigating,-1.5764,1.7583,0.3558,53.35,0.98,0.0207,0.064,14.2,36.92,8607,3,378,3,7,183.0,3,29,8,0,0,0,0,0,0,-4.978,1.61,4,0,,ExplorationGrid,-1.728,2.96,-2.013,2.596,False,,0,0,,,,,,0,0,0,0,0,0,0.792,0.9641,0.7,0.35,navegando para fronteira
20345.649,237.5,navigating,-1.581,1.756,0.3577,53.63,0.08,0.0067,0.0275,14.221,36.92,8607,3,378,3,7,183.0,3,29,8,0,0,0,0,0,0,-4.978,1.61,4,0,,ExplorationGrid,-1.728,2.96,-2.013,2.596,False,,0,0,,,,,,0,0,0,0,0,0,0.792,0.9641,0.7,0.35,navegando para fronteira
20346.137,238.0,navigating,-1.5642,1.7551,0.3586,54.72,0.38,0.0315,0.0396,14.24,36.92,8607,3,378,3,7,183.0,3,29,8,0,0,0,0,0,0,-4.978,1.61,4,0,,ExplorationGrid,-1.728,2.96,-2.013,2.596,False,,0,0,,,,,,0,0,0,0,0,0,0.792,0.9641,0.7,0.35,navegando para fronteira
20346.601,238.5,navigating,-1.5696,1.7782,0.3572,56.9,0.74,0.0454,0.0508,14.266,36.92,8607,3,378,3,7,183.0,3,29,8,0,0,0,0,0,0,-4.978,1.61,4,0,,ExplorationGrid,-1.728,2.96,-2.013,2.596,False,,0,0,,,,,,0,0,0,0,0,0,0.792,0.9641,0.7,0.35,navegando para fronteira
20347.006,239.0,navigating,-1.5706,1.7807,0.3496,57.63,0.18,0.0313,0.0383,14.279,36.92,8607,3,378,3,7,183.0,3,29,8,0,0,0,0,0,0,-4.978,1.61,4,0,,ExplorationGrid,-1.728,2.96,-2.013,2.596,False,,0,0,,,,,,0,0,0,0,0,0,0.792,0.9641,0.7,0.35,navegando para fronteira
20347.473,239.5,navigating,-1.5364,1.7789,0.3537,59.76,0.9,0.0384,0.0409,14.316,36.92,8607,3,378,3,7,183.0,3,29,8,0,0,0,0,0,0,-4.978,1.61,4,0,,ExplorationGrid,-1.728,2.96,-2.013,2.596,False,,0,0,,,,,,0,0,0,0,0,0,0.792,0.9641,0.75,0.3,navegando para fronteira
20347.949,240.0,navigating,-1.5397,1.8048,0.3584,60.7,0.32,0.0413,0.0564,14.348,36.92,8607,3,378,3,7,183.0,3,29,8,0,0,0,0,0,0,-4.978,1.61,4,0,,ExplorationGrid,-1.728,2.96,-2.013,2.596,False,,0,0,,,,,,0,0,0,0,0,0,0.792,0.9641,0.7,0.3,navegando para fronteira
20348.414,240.5,navigating,-1.539,1.8262,0.3545,60.61,0.08,0.0386,-0.0397,14.374,36.92,8607,3,378,3,7,183.0,3,29,8,0,0,0,0,0,0,-4.978,1.61,4,0,,ExplorationGrid,-1.728,2.96,-2.013,2.596,False,,0,0,,,,,,0,0,0,0,0,0,0.696,0.9673,0.7,0.3,navegando para fronteira
20348.891,241.0,navigating,-1.4932,1.8358,0.3568,59.83,1.13,0.0686,-0.0134,14.423,36.92,8607,3,378,3,7,183.0,3,29,8,0,0,0,0,0,0,-4.978,1.61,4,0,,ExplorationGrid,-1.728,2.96,-2.013,2.596,False,,0,0,,,,,,0,0,0,0,0,0,0.696,0.9673,0.25,0.25,navegando para fronteira
20349.329,241.5,navigating,-1.5005,1.8577,0.3528,60.67,0.67,0.0429,0.0401,14.45,36.92,8607,3,378,3,7,183.0,3,29,8,0,0,0,0,0,0,-4.978,1.61,4,0,,ExplorationGrid,-1.728,2.96,-2.013,2.596,False,,0,0,,,,,,0,0,0,0,0,0,0.761,0.9535,0.2,0.25,navegando para fronteira
20349.817,242.0,navigating,-1.5061,1.8617,0.3507,61.83,0.24,0.0115,0.0185,14.479,36.92,8607,3,378,3,7,183.0,3,29,8,0,0,0,0,0,0,-4.978,1.61,4,0,,ExplorationGrid,-1.728,2.96,-2.013,2.596,False,,0,0,,,,,,0,0,0,0,0,0,0.761,0.9535,0.2,0.25,navegando para fronteira
20350.271,242.5,navigating,-1.4855,1.87,0.3558,63.13,0.21,0.045,0.0122,14.505,36.92,8607,3,378,3,7,183.0,3,29,8,0,0,0,0,0,0,-4.978,1.61,4,0,,ExplorationGrid,-1.728,2.96,-2.013,2.596,False,,0,0,,,,,,0,0,0,0,0,0,0.761,0.9536,0.2,0.25,navegando para fronteira
20350.674,243.0,navigating,-1.5045,1.8954,0.3537,63.58,1.17,0.05,0.0143,14.537,36.92,8607,3,378,3,7,183.0,3,29,8,0,0,0,0,0,0,-4.978,1.61,4,0,,ExplorationGrid,-1.728,2.96,-2.013,2.596,False,,0,0,,,,,,0,0,0,0,0,0,0.761,0.9536,0.2,0.25,navegando para fronteira
20351.128,243.5,navigating,-1.484,1.8876,0.3627,64.49,0.99,0.019,-0.0123,14.571,36.92,8607,3,378,3,7,183.0,3,29,8,0,0,0,0,0,0,-4.978,1.61,4,0,,ExplorationGrid,-1.728,2.96,-2.013,2.596,False,,0,0,,,,,,0,0,0,0,0,0,0.672,0.9612,0.2,0.25,navegando para fronteira
20351.573,244.0,navigating,-1.4711,1.8931,0.3616,65.45,0.4,0.0217,0.0795,14.593,36.92,8607,3,378,3,7,183.0,3,29,8,0,0,0,0,0,0,-4.978,1.61,4,0,,ExplorationGrid,-1.728,2.96,-2.013,2.596,False,,0,0,,,,,,0,0,0,0,0,0,0.672,0.9612,0.2,0.2,navegando para fronteira
20352.04,244.5,navigating,-1.4912,1.9071,0.3585,66.98,0.64,0.0255,0.0239,14.619,36.92,8607,3,378,3,7,183.0,3,29,8,0,0,0,0,0,0,-4.978,1.61,4,0,,ExplorationGrid,-1.728,2.96,-2.013,2.596,False,,0,0,,,,,,0,0,0,0,0,0,0.67,0.9641,0.2,0.25,navegando para fronteira
20352.513,245.0,navigating,-1.4844,1.9184,0.3588,67.3,0.08,0.0318,0.0516,14.636,37.87,8828,3,378,3,7,183.0,3,29,8,0,0,0,0,0,0,-4.978,1.61,4,0,,ExplorationGrid,-1.728,2.96,-2.013,2.596,False,,0,0,,,,,,0,0,0,0,0,0,0.67,0.9641,0.2,0.2,navegando para fronteira
20352.936,245.501,navigating,-1.4592,1.9316,0.3599,68.14,0.63,0.0545,0.0467,14.667,37.87,8828,3,378,3,7,183.0,3,29,8,0,0,0,0,0,0,-4.978,1.61,4,0,,ExplorationGrid,-1.728,2.96,-2.013,2.596,False,,0,0,,,,,,0,0,0,0,0,0,0.67,0.9641,0.2,0.2,navegando para fronteira
20353.398,246.002,navigating,-1.4579,1.9526,0.3534,69.34,0.21,0.0392,0.0569,14.689,37.87,8828,3,378,3,7,183.0,3,29,8,0,0,0,0,0,0,-4.978,1.61,4,0,,ExplorationGrid,-1.728,2.96,-2.013,2.596,False,,0,0,,,,,,0,0,0,0,0,0,0.67,0.9641,0.2,0.2,navegando para fronteira
20353.841,246.5,navigating,-1.4625,1.9695,0.3513,70.78,0.34,0.029,0.0787,14.708,37.87,8828,3,378,3,7,183.0,3,29,8,0,0,0,0,0,0,-4.978,1.61,4,0,,ExplorationGrid,-1.728,2.96,-2.013,2.596,False,,0,0,,,,,,0,0,0,0,0,0,0.614,0.9328,0.15,0.2,navegando para fronteira
20354.265,247.0,navigating,-1.4578,1.9769,0.3476,72.4,0.14,0.0286,0.036,14.718,37.87,8828,3,378,3,7,183.0,3,29,8,0,0,0,0,0,0,-4.978,1.61,4,0,,ExplorationGrid,-1.728,2.96,-2.013,2.596,False,,0,0,,,,,,0,0,0,0,0,0,0.614,0.9328,0.15,0.2,navegando para fronteira
20354.769,247.5,navigating,-1.4433,1.9906,0.3524,74.17,0.27,0.038,0.088,14.738,37.87,8828,3,378,3,7,183.0,3,29,8,0,0,0,0,0,0,-4.978,1.61,4,0,,ExplorationGrid,-1.728,2.96,-2.013,2.596,False,,0,0,,,,,,0,0,0,0,0,0,0.614,0.9328,0.2,0.15,navegando para fronteira
20355.183,248.0,navigating,-1.4535,2.0036,0.353,75.64,0.89,0.0215,0.0225,14.762,37.87,8828,3,378,3,7,183.0,3,29,8,0,0,0,0,0,0,-4.978,1.61,4,0,,ExplorationGrid,-1.728,2.96,-2.013,2.596,False,,0,0,,,,,,0,0,0,0,0,0,0.614,0.9328,0.2,0.2,navegando para fronteira
20355.615,248.5,navigating,-1.4555,2.0079,0.3517,75.81,0.2,0.0307,0.0204,14.778,37.87,8828,3,378,3,7,183.0,3,29,8,0,0,0,0,0,0,-4.978,1.61,4,0,,ExplorationGrid,-1.728,2.96,-2.013,2.596,False,,0,0,,,,,,0,0,0,0,0,0,0.614,0.9328,0.15,0.2,navegando para fronteira
20356.104,249.0,navigating,-1.4275,2.0249,0.3576,75.99,0.79,0.0385,0.0349,14.814,37.87,8828,3,378,3,7,183.0,3,29,8,0,0,0,0,0,0,-4.978,1.61,4,0,,ExplorationGrid,-1.728,2.96,-2.013,2.596,False,,0,0,,,,,,0,0,0,0,0,0,0.614,0.9328,0.15,0.15,navegando para fronteira
20356.548,249.5,navigating,-1.4386,2.0386,0.3414,76.57,0.26,0.0347,0.08,14.834,37.87,8828,3,378,3,7,183.0,3,29,8,0,0,0,0,0,0,-4.978,1.61,4,0,,ExplorationGrid,-1.728,2.96,-2.013,2.596,False,,0,0,,,,,,0,0,0,0,0,0,0.614,0.9328,0.15,0.15,navegando para fronteira
20357.051,250.0,navigating,-1.4746,2.0399,0.3494,77.4,0.72,0.0042,0.0414,14.872,37.87,8828,3,378,3,7,183.0,3,29,8,0,0,0,0,0,0,-4.978,1.61,4,0,,ExplorationGrid,-1.728,2.96,-2.013,2.596,False,,0,0,,,,,,0,0,0,0,0,0,0.614,0.9328,0.1,0.2,navegando para fronteira
20357.506,250.5,navigating,-1.4553,2.0492,0.3525,77.71,0.7,0.0434,-0.0115,14.896,37.87,8828,3,378,3,7,183.0,3,29,8,0,0,0,0,0,0,-4.978,1.61,4,0,,ExplorationGrid,-1.728,2.96,-2.013,2.596,False,,0,0,,,,,,0,0,0,0,0,0,0.614,0.9328,0.1,0.2,navegando para fronteira
20357.986,251.0,navigating,-1.448,2.0718,0.357,78.12,0.15,0.0576,-0.0007,14.925,37.87,8828,3,378,3,7,183.0,3,29,8,0,0,0,0,0,0,-4.978,1.61,4,0,,ExplorationGrid,-1.728,2.96,-2.013,2.596,False,,0,0,,,,,,0,0,0,0,0,0,0.614,0.9325,0.15,0.2,navegando para fronteira
20358.362,251.5,navigating,-1.4761,2.0899,0.3409,78.31,1.54,0.0378,-0.0162,14.961,37.87,8828,3,378,3,7,183.0,3,29,8,0,0,0,0,0,0,-4.978,1.61,4,0,,ExplorationGrid,-1.728,2.96,-2.013,2.596,False,,0,0,,,,,,0,0,0,0,0,0,0.614,0.9325,0.05,0.2,navegando para fronteira
20358.86,252.0,navigating,-1.5297,2.0664,0.3392,78.11,0.9,0.0009,-0.0445,15.023,38.85,9056,3,378,3,7,183.0,3,29,8,0,0,0,0,0,0,-4.978,1.61,4,0,,ExplorationGrid,-1.728,2.96,-2.013,2.596,False,,0,0,,,,,,0,0,0,0,0,0,0.547,0.9297,0.05,0.25,navegando para fronteira
20359.254,252.501,navigating,-1.5143,2.071,0.3501,77.32,0.47,0.0259,-0.0918,15.041,38.85,9056,3,378,3,7,183.0,3,29,8,0,0,0,0,0,0,-4.978,1.61,4,0,,ExplorationGrid,-1.728,2.96,-2.013,2.596,False,,0,0,,,,,,0,0,0,0,0,0,0.547,0.9297,0.05,0.25,navegando para fronteira
20359.7,253.0,navigating,-1.4868,2.0741,0.3535,76.28,0.86,0.0196,-0.0044,15.071,38.85,9056,3,378,3,7,183.0,3,29,8,0,0,0,0,0,0,-4.978,1.61,4,0,,ExplorationGrid,-1.728,2.96,-2.013,2.596,False,,0,0,,,,,,0,0,0,0,0,0,0.52,0.972,0.1,0.2,navegando para fronteira
20360.132,253.5,navigating,-1.4877,2.0912,0.362,76.51,0.16,0.0372,0.027,15.09,38.85,9056,3,378,3,7,183.0,3,29,8,0,0,0,0,0,0,-4.978,1.61,4,0,,ExplorationGrid,-1.728,2.96,-2.013,2.596,False,,0,0,,,,,,0,0,0,0,0,0,0.52,0.972,0.05,0.2,navegando para fronteira
20360.612,254.0,navigating,-1.4986,2.1111,0.3636,76.24,0.35,0.0312,0.0279,15.115,38.85,9056,3,378,3,7,183.0,3,29,8,0,0,0,0,0,0,-4.978,1.61,4,0,,ExplorationGrid,-1.728,2.96,-2.013,2.596,False,,0,0,,,,,,0,0,0,0,0,0,0.547,0.9297,0.05,0.25,navegando para fronteira
20361.041,254.5,navigating,-1.4768,2.1305,0.3584,76.4,0.7,0.0497,-0.0136,15.144,38.85,9056,3,378,3,7,183.0,3,29,8,0,0,0,0,0,0,-4.978,1.61,4,0,,ExplorationGrid,-1.728,2.96,-2.013,2.596,False,,0,0,,,,,,0,0,0,0,0,0,0.547,0.9297,0.05,0.2,navegando para fronteira
20361.494,255.0,navigating,-1.4743,2.1536,0.3618,76.39,0.25,0.059,-0.0194,15.17,38.85,9056,3,378,3,7,183.0,3,29,8,0,0,0,0,0,0,-4.978,1.61,4,0,,ExplorationGrid,-1.728,2.96,-2.013,2.596,False,,0,0,,,,,,0,0,0,0,0,0,0.547,0.9297,0.05,0.2,navegando para fronteira
20361.96,255.5,navigating,-1.4826,2.1845,0.3493,76.07,0.44,0.0469,-0.0072,15.203,38.85,9056,3,378,3,7,183.0,3,29,8,0,0,0,0,0,0,-4.978,1.61,4,0,,ExplorationGrid,-1.728,2.96,-2.013,2.596,False,,0,0,,,,,,0,0,0,0,0,0,0.547,0.9297,0.05,0.2,navegando para fronteira
20362.378,256.0,navigating,-1.4689,2.1961,0.3422,76.47,0.16,0.034,-0.0157,15.223,38.85,9056,3,378,3,7,183.0,3,29,8,0,0,0,0,0,0,-4.978,1.61,4,0,,ExplorationGrid,-1.728,2.96,-2.013,2.596,False,,0,0,,,,,,0,0,0,0,0,0,0.495,0.9243,0.05,0.2,navegando para fronteira
20362.775,256.5,navigating,-1.4354,2.223,0.3265,76.33,1.0,0.0619,-0.0494,15.266,38.85,9056,3,378,3,7,183.0,3,29,8,0,0,0,0,0,0,-4.978,1.61,4,0,,ExplorationGrid,-1.728,2.96,-2.013,2.596,False,,0,0,,,,,,0,0,0,0,0,0,0.495,0.9243,0.1,0.15,navegando para fronteira
20363.248,257.0,navigating,-1.3653,2.2518,0.3525,76.09,1.38,0.0599,-0.025,15.344,38.85,9056,3,378,3,7,183.0,3,29,8,0,0,0,0,0,0,-4.978,1.61,4,0,,ExplorationGrid,-1.728,2.96,-2.013,2.596,False,,0,0,,,,,,0,0,0,0,0,0,0.495,0.9243,0.2,0.1,navegando para fronteira
20363.663,257.5,navigating,-1.3469,2.2982,0.355,76.35,0.27,0.0748,0.0973,15.396,38.85,9056,3,378,3,7,183.0,3,29,8,0,0,0,0,0,0,-4.978,1.61,4,0,,ExplorationGrid,-1.728,2.96,-2.013,2.596,False,,0,0,,,,,,0,0,0,0,0,0,0.495,0.9243,0.35,0.05,navegando para fronteira
20364.111,258.0,navigating,-1.3512,2.3228,0.3534,78.51,0.17,0.0303,0.1223,15.422,38.85,9056,3,378,3,7,183.0,3,29,8,0,0,0,0,0,0,-4.978,1.61,4,0,,ExplorationGrid,-1.728,2.96,-2.013,2.596,False,,0,0,,,,,,0,0,0,0,0,0,0.555,0.9407,0.35,0.1,navegando para fronteira
20364.58,258.5,navigating,-1.3562,2.3324,0.3531,79.61,0.2,0.0166,0.0895,15.435,38.85,9056,3,378,3,7,183.0,3,29,8,0,0,0,0,0,0,-4.978,1.61,4,0,,ExplorationGrid,-1.728,2.96,-2.013,2.596,False,,0,0,,,,,,0,0,0,0,0,0,0.555,0.9407,0.3,0.1,navegando para fronteira
20364.993,259.0,navigating,-1.3439,2.3426,0.3447,80.62,0.33,0.0312,0.0371,15.452,38.85,9056,3,378,3,7,183.0,3,29,8,0,0,0,0,0,0,-4.978,1.61,4,0,,ExplorationGrid,-1.728,2.96,-2.013,2.596,False,,0,0,,,,,,0,0,0,0,0,0,0.555,0.9407,0.35,0.05,navegando para fronteira
20365.486,259.5,navigating,-1.3844,2.3252,0.3565,81.27,0.71,0.0,0.0932,15.497,38.85,9056,3,378,3,7,183.0,3,29,8,0,0,0,0,0,0,-4.978,1.61,4,0,,ExplorationGrid,-1.728,2.96,-2.013,2.596,False,,0,0,,,,,,0,0,0,0,0,0,0.555,0.9407,0.3,0.1,navegando para fronteira
20365.878,260.0,navigating,-1.3829,2.3217,0.3602,82.77,0.05,0.0017,-0.0104,15.509,38.85,9056,3,378,3,7,183.0,3,29,8,0,0,0,0,0,0,-4.978,1.61,4,0,,ExplorationGrid,-1.728,2.96,-2.013,2.596,False,,0,0,,,,,,0,0,0,0,0,0,0.455,0.9323,0.3,0.1,navegando para fronteira
20366.368,260.501,navigating,-1.3609,2.3239,0.3606,82.43,0.56,0.0132,-0.0547,15.533,38.85,9056,3,378,3,7,183.0,3,29,8,0,0,0,0,0,0,-4.978,1.61,4,0,,ExplorationGrid,-1.728,2.96,-2.013,2.596,False,,0,0,,,,,,0,0,0,0,0,0,0.455,0.9323,0.3,0.1,navegando para fronteira
20366.816,261.0,navigating,-1.3691,2.3337,0.3535,81.76,0.22,0.0152,-0.0452,15.547,38.85,9056,3,378,3,7,183.0,3,29,8,0,0,0,0,0,0,-4.978,1.61,4,0,,ExplorationGrid,-1.728,2.96,-2.013,2.596,False,,0,0,,,,,,0,0,0,0,0,0,0.555,0.9407,0.3,0.1,navegando para fronteira
20367.228,261.5,navigating,-1.3724,2.3419,0.3554,80.24,0.2,0.0314,-0.0329,15.561,38.85,9056,3,378,3,7,183.0,3,29,8,0,0,0,0,0,0,-4.978,1.61,4,0,,ExplorationGrid,-1.728,2.96,-2.013,2.596,False,,0,0,,,,,,0,0,0,0,0,0,0.555,0.9407,0.3,0.1,navegando para fronteira
20367.68,262.0,navigating,-1.3825,2.3442,0.3493,79.8,0.68,0.0108,-0.0618,15.581,38.85,9056,3,378,3,7,183.0,3,29,8,0,0,0,0,0,0,-4.978,1.61,4,0,,ExplorationGrid,-1.728,2.96,-2.013,2.596,False,,0,0,,,,,,0,0,0,0,0,0,0.555,0.9407,0.3,0.1,navegando para fronteira
20368.137,262.502,navigating,-1.3678,2.3453,0.3523,80.65,0.39,0.0083,0.0447,15.598,38.85,9056,3,378,3,7,183.0,3,29,8,0,0,0,0,0,0,-4.978,1.61,4,0,,ExplorationGrid,-1.728,2.96,-2.013,2.596,False,,0,0,,,,,,0,0,0,0,0,0,0.455,0.9323,0.3,0.1,navegando para fronteira
20368.537,263.0,navigating,-1.3502,2.3416,0.3603,84.29,0.87,0.0086,0.091,15.618,38.85,9056,3,378,3,7,183.0,3,29,8,0,0,0,0,0,0,-4.978,1.61,4,0,,ExplorationGrid,-1.728,2.96,-2.013,2.596,False,,0,0,,,,,,0,0,0,0,0,0,0.455,0.9323,0.35,0.1,navegando para fronteira
20369.0,263.5,navigating,-1.351,2.3505,0.3642,81.88,0.25,0.014,-0.0055,15.639,38.85,9056,3,378,3,7,183.0,3,29,8,0,0,0,0,0,0,-4.978,1.61,4,0,,ExplorationGrid,-1.728,2.96,-2.013,2.596,False,,0,0,,,,,,0,0,0,0,0,0,0.555,0.9407,0.35,0.1,navegando para fronteira
20369.485,264.001,navigating,-1.3617,2.3625,0.3613,82.61,0.09,0.0154,0.0732,15.659,38.85,9056,3,378,3,7,183.0,3,29,8,0,0,0,0,0,0,-4.978,1.61,4,0,,ExplorationGrid,-1.728,2.96,-2.013,2.596,False,,0,0,,,,,,0,0,0,0,0,0,0.555,0.9407,0.7,0.1,navegando para fronteira
20369.938,264.5,navigating,-1.35,2.375,0.3599,82.75,0.44,0.0374,0.0128,15.678,38.85,9056,3,378,3,7,183.0,3,29,8,0,0,0,0,0,0,-4.978,1.61,4,0,,ExplorationGrid,-1.728,2.96,-2.013,2.596,False,,0,0,,,,,,0,0,0,0,0,0,0.514,0.9991,0.75,0.1,navegando para fronteira
20370.408,265.0,navigating,-1.3632,2.3845,0.3542,84.1,0.32,0.0242,0.074,15.695,38.85,9056,3,378,3,7,183.0,3,29,8,0,0,0,0,0,0,-4.978,1.61,4,0,,ExplorationGrid,-1.728,2.96,-2.013,2.596,False,,0,0,,,,,,0,0,0,0,0,0,0.514,0.9991,0.7,0.1,navegando para fronteira
20370.845,265.5,navigating,-1.3679,2.3825,0.354,83.75,0.18,0.0076,-0.0044,15.707,38.85,9056,3,378,3,7,183.0,3,29,8,0,0,0,0,0,0,-4.978,1.61,4,0,,ExplorationGrid,-1.728,2.96,-2.013,2.596,False,,0,0,,,,,,0,0,0,0,0,0,0.514,0.9991,0.7,0.1,navegando para fronteira
20371.321,266.0,navigating,-1.3541,2.3812,0.3541,83.61,0.44,0.0088,0.025,15.723,38.85,9056,3,378,3,7,183.0,3,29,8,0,0,0,0,0,0,-4.978,1.61,4,0,,ExplorationGrid,-1.728,2.96,-2.013,2.596,False,,0,0,,,,,,0,0,0,0,0,0,0.514,0.9991,0.75,0.1,navegando para fronteira
20371.769,266.5,navigating,-1.3553,2.386,0.3483,83.51,0.24,0.0129,-0.035,15.73,38.85,9056,3,378,3,7,183.0,3,29,8,0,0,0,0,0,0,-4.978,1.61,4,0,,ExplorationGrid,-1.728,2.96,-2.013,2.596,False,,0,0,,,,,,0,0,0,0,0,0,0.514,0.9991,0.7,0.1,navegando para fronteira
20372.266,267.0,navigating,-1.3432,2.3993,0.3581,81.94,0.52,0.0261,-0.038,15.754,38.85,9056,3,378,3,7,183.0,3,29,8,0,0,0,0,0,0,-4.978,1.61,4,0,,ExplorationGrid,-1.728,2.96,-2.013,2.596,False,,0,0,,,,,,0,0,0,0,0,0,0.514,0.9991,0.75,0.05,navegando para fronteira
20372.718,267.5,navigating,-1.3577,2.4111,0.3586,81.44,0.28,0.021,-0.0186,15.774,38.85,9056,3,378,3,7,183.0,3,29,8,0,0,0,0,0,0,-4.978,1.61,4,0,,ExplorationGrid,-1.728,2.96,-2.013,2.596,False,,0,0,,,,,,0,0,0,0,0,0,0.514,0.9991,0.75,0.1,navegando para fronteira
20373.16,268.001,navigating,-1.3495,2.4232,0.354,80.74,0.53,0.0278,-0.0405,15.791,38.85,9056,3,378,3,7,183.0,3,29,8,0,0,0,0,0,0,-4.978,1.61,4,0,,ExplorationGrid,-1.728,2.96,-2.013,2.596,False,,0,0,,,,,,0,0,0,0,0,0,0.514,0.9991,0.75,0.1,navegando para fronteira
20373.616,268.501,navigating,-1.3429,2.442,0.3608,80.02,0.28,0.0411,-0.058,15.816,38.85,9056,3,378,3,7,183.0,3,29,8,0,0,0,0,0,0,-4.978,1.61,4,0,,ExplorationGrid,-1.728,2.96,-2.013,2.596,False,,0,0,,,,,,0,0,0,0,0,0,0.514,0.9991,0.75,0.05,navegando para fronteira
20374.056,269.0,navigating,-1.3696,2.4474,0.3511,78.95,0.96,0.008,-0.1097,15.844,39.73,9261,3,378,3,7,183.0,3,29,8,0,0,0,0,0,0,-4.978,1.61,4,0,,ExplorationGrid,-1.728,2.96,-2.013,2.596,False,,0,0,,,,,,0,0,0,0,0,0,0.514,0.9991,0.7,0.1,navegando para fronteira
20374.452,269.5,navigating,-1.3735,2.4264,0.3531,76.99,0.12,0.0,-0.0824,15.874,39.73,9261,3,378,3,7,183.0,3,29,8,0,0,0,0,0,0,-4.978,1.61,4,0,,ExplorationGrid,-1.728,2.96,-2.013,2.596,False,,0,0,,,,,,0,0,0,0,0,0,0.414,0.9989,0.7,0.1,navegando para fronteira
20374.864,270.0,navigating,-1.3531,2.4303,0.3529,75.73,0.71,0.0062,-0.0377,15.897,39.73,9261,3,378,3,7,183.0,3,29,8,0,0,0,0,0,0,-4.978,1.61,4,0,,ExplorationGrid,-1.728,2.96,-2.013,2.596,False,,0,0,,,,,,0,0,0,0,0,0,0.414,0.9989,0.75,0.1,navegando para fronteira
20375.315,270.5,selecting,-1.3537,2.43,0.3571,75.31,0.27,0.0,0.0,15.907,39.73,9261,3,378,3,7,183.0,3,29,8,0,0,1,0,0,0,-4.978,1.61,4,0,,ExplorationGrid,-1.728,2.96,-2.013,2.596,False,,0,0,,,,,,0,0,0,0,0,0,0.414,0.9989,0.75,0.1,meta de fronteira expirou
20375.797,271.0,selecting,-1.3543,2.4328,0.3575,75.33,0.24,0.0,0.0,15.916,39.73,9261,3,378,3,7,183.0,3,29,8,0,0,1,0,0,0,-4.978,1.61,4,0,,ExplorationGrid,-1.728,2.96,-2.013,2.596,False,,0,0,,,,,,0,0,0,0,0,0,0.414,0.9989,0.75,0.1,meta de fronteira expirou
20376.207,271.504,selecting,-1.3542,2.4331,0.3576,75.31,0.25,0.0,0.0,15.916,39.73,9261,3,378,3,7,183.0,3,29,8,0,0,1,0,0,0,-4.978,1.61,4,0,,ExplorationGrid,-1.728,2.96,-2.013,2.596,False,,0,0,,,,,,0,0,0,0,0,0,0.414,0.9989,0.75,0.1,meta de fronteira expirou
20376.663,272.0,selecting,-1.3542,2.4331,0.3576,75.31,0.24,0.0,0.0,15.916,39.73,9261,11,510,11,14,397.1,0,30,9,0,0,1,0,0,0,-2.078,4.96,4,0,,ExplorationGrid,-1.728,2.96,-2.013,2.596,False,,0,0,,,,,,0,0,0,0,0,0,3.758,0.9278,0.75,0.1,meta de fronteira expirou
20377.089,272.5,navigating,-1.352,2.4332,0.3569,75.22,0.33,0.0103,0.0266,15.918,39.73,9261,11,510,11,14,397.1,8,49,9,0,5,1,0,0,0,-2.328,6.76,6,208,,ExplorationGrid,-1.828,5.06,-1.9,4.294,False,,0,0,,,,,,0,0,0,0,0,0,1.787,0.974,0.75,0.1,navegando para fronteira
20377.5,273.0,navigating,-1.343,2.4415,0.3557,75.92,0.36,0.0467,0.0139,15.932,39.73,9261,11,510,11,14,397.1,8,49,9,0,5,1,0,0,0,-2.328,6.76,6,208,,ExplorationGrid,-1.828,5.06,-1.9,4.294,False,,0,0,,,,,,0,0,0,0,0,0,1.787,0.974,0.75,0.05,navegando para fronteira
20377.948,273.5,navigating,-1.3138,2.4121,0.3338,76.73,1.81,0.0047,0.0052,15.979,39.73,9261,11,510,11,14,397.1,8,49,9,0,5,1,0,0,0,-2.328,6.76,6,208,,ExplorationGrid,-1.828,5.06,-1.9,4.294,False,,0,0,,,,,,0,0,0,0,0,0,1.787,0.974,0.8,0.05,navegando para fronteira
20378.391,274.0,navigating,-1.2864,2.4187,0.3397,77.92,0.3,0.0441,0.0717,16.015,39.73,9261,11,510,11,14,397.1,8,49,9,0,5,1,0,0,0,-2.328,6.76,6,208,,ExplorationGrid,-1.828,5.06,-1.9,4.294,False,,0,0,,,,,,0,0,0,0,0,0,1.787,0.974,0.8,0.05,navegando para fronteira
20378.837,274.5,navigating,-1.3091,2.4512,0.3577,79.68,0.93,0.0811,0.0737,16.055,39.73,9261,11,510,11,14,397.1,8,49,9,0,5,1,0,0,0,-2.328,6.76,6,208,,ExplorationGrid,-1.828,5.06,-1.9,4.294,False,,0,0,,,,,,0,0,0,0,0,0,1.787,0.974,0.8,0.1,navegando para fronteira
20379.323,275.0,navigating,-1.3137,2.479,0.3626,81.44,0.52,0.0665,0.0427,16.087,39.73,9261,11,510,11,14,397.1,8,49,9,0,5,1,0,0,0,-2.328,6.76,6,208,,ExplorationGrid,-1.828,5.06,-1.9,4.294,False,,0,0,,,,,,0,0,0,0,0,0,1.787,0.974,0.75,0.15,navegando para fronteira
20379.732,275.5,navigating,-1.285,2.4964,0.3495,83.69,1.26,0.0552,0.0992,16.121,39.73,9261,11,510,11,14,397.1,8,49,9,0,5,1,0,0,0,-2.328,6.76,6,208,,ExplorationGrid,-1.828,5.06,-1.9,4.294,False,,0,0,,,,,,0,0,0,0,0,0,1.682,0.9769,0.8,0.1,navegando para fronteira
20380.189,276.0,navigating,-1.2449,2.5255,0.3566,85.16,0.8,0.0596,0.1117,16.176,39.73,9261,11,510,11,14,397.1,8,49,9,0,5,1,0,0,0,-2.328,6.76,6,208,,ExplorationGrid,-1.828,5.06,-1.9,4.294,False,,0,0,,,,,,0,0,0,0,0,0,1.682,0.9769,0.85,0.35,navegando para fronteira
20380.584,276.5,navigating,-1.2642,2.5597,0.3445,86.99,0.85,0.0578,0.1131,16.218,39.73,9261,11,510,11,14,397.1,8,49,9,0,5,1,0,0,0,-2.328,6.76,6,208,,ExplorationGrid,-1.828,5.06,-1.9,4.294,False,,0,0,,,,,,0,0,0,0,0,0,1.719,0.9165,0.8,0.4,navegando para fronteira
20381.018,277.0,navigating,-1.3227,2.5605,0.3458,88.94,1.31,0.0091,0.0815,16.282,39.73,9261,11,510,11,14,397.1,8,49,9,0,5,1,0,0,0,-2.328,6.76,6,208,,ExplorationGrid,-1.828,5.06,-1.9,4.294,False,,0,0,,,,,,0,0,0,0,0,0,1.719,0.9165,0.75,0.45,navegando para fronteira
20381.486,277.501,navigating,-1.3285,2.5765,0.3506,90.28,0.28,0.0418,0.0608,16.311,39.73,9261,11,510,11,14,397.1,8,49,9,0,5,1,0,0,0,-2.328,6.76,6,208,,ExplorationGrid,-1.828,5.06,-1.9,4.294,False,,0,0,,,,,,0,0,0,0,0,0,1.583,0.9771,0.75,0.45,navegando para fronteira
20381.954,278.0,navigating,-1.3,2.6265,0.3542,92.48,0.4,0.113,0.0516,16.369,39.73,9261,11,510,11,14,397.1,8,49,9,0,5,1,0,0,0,-2.328,6.76,6,208,,ExplorationGrid,-1.828,5.06,-1.9,4.294,False,,0,0,,,,,,0,0,0,0,0,0,1.583,0.9771,0.8,0.15,navegando para fronteira
20382.403,278.5,navigating,-1.3283,2.6672,0.3618,93.9,0.89,0.1016,0.0493,16.419,39.73,9261,11,510,11,14,397.1,8,49,9,0,5,1,0,0,0,-2.328,6.76,6,208,,ExplorationGrid,-1.828,5.06,-1.9,4.294,False,,0,0,,,,,,0,0,0,0,0,0,1.478,0.9808,0.75,0.1,navegando para fronteira
20382.866,279.0,navigating,-1.331,2.7165,0.366,95.69,0.44,0.1189,0.068,16.472,39.73,9261,11,510,11,14,397.1,8,49,9,0,5,1,0,0,0,-2.328,6.76,6,208,,ExplorationGrid,-1.828,5.06,-1.9,4.294,False,,0,0,,,,,,0,0,0,0,0,0,1.478,0.9808,0.75,0.05,navegando para fronteira
20383.322,279.5,navigating,-1.3347,2.7716,0.3594,97.62,0.39,0.1179,0.1095,16.53,39.73,9261,11,510,11,14,397.1,8,49,9,0,5,1,0,0,0,-2.328,6.76,6,208,,ExplorationGrid,-1.828,5.06,-1.9,4.294,False,,0,0,,,,,,0,0,0,0,0,0,1.426,0.9499,0.75,0.05,navegando para fronteira
20383.785,280.0,navigating,-1.3592,2.831,0.3498,99.4,0.57,0.1307,0.0419,16.594,40.34,9405,11,510,11,14,397.1,8,49,9,0,5,1,0,0,0,-2.328,6.76,6,208,,ExplorationGrid,-1.828,5.06,-1.9,4.294,False,,0,0,,,,,,0,0,0,0,0,0,1.426,0.9499,0.75,0.1,navegando para fronteira
20384.271,280.5,navigating,-1.3534,2.9061,0.3502,99.75,0.54,0.1374,0.0199,16.67,40.34,9405,11,510,11,14,397.1,8,49,9,0,5,1,0,0,0,-2.328,6.76,6,208,,ExplorationGrid,-1.828,5.06,-1.9,4.294,False,,0,0,,,,,,0,0,0,0,0,0,1.239,0.9937,0.3,0.1,navegando para fronteira
20384.652,281.0,navigating,-1.3617,2.9589,0.3648,100.19,0.41,0.135,0.0111,16.724,40.34,9405,11,510,11,14,397.1,8,49,9,0,5,1,0,0,0,-2.328,6.76,6,208,,ExplorationGrid,-1.828,5.06,-1.9,4.294,False,,0,0,,,,,,0,0,0,0,0,0,1.239,0.9937,0.2,0.1,navegando para fronteira
20385.116,281.5,navigating,-1.3769,3.0346,0.3672,99.18,0.32,0.1444,-0.0188,16.801,40.34,9405,11,510,11,14,397.1,8,49,9,0,5,1,0,0,0,-2.328,6.76,6,208,,ExplorationGrid,-1.828,5.06,-1.9,4.294,False,,0,0,,,,,,0,0,0,0,0,0,1.239,0.9937,0.1,0.1,navegando para fronteira
20385.529,282.0,navigating,-1.3898,3.1026,0.3777,99.18,0.51,0.1475,0.1019,16.871,40.34,9405,11,510,11,14,397.1,8,49,9,0,5,1,0,0,0,-2.328,6.76,6,208,,ExplorationGrid,-1.828,5.06,-1.9,4.294,False,,0,0,,,,,,0,0,0,0,0,0,1.168,0.9707,0.1,0.1,navegando para fronteira
20385.964,282.5,navigating,-1.4047,3.1819,0.3646,99.84,0.31,0.1484,0.0157,16.952,40.34,9405,11,510,11,14,397.1,8,49,9,0,5,1,0,0,0,-2.328,6.76,6,208,,ExplorationGrid,-1.828,5.06,-1.9,4.294,False,,0,0,,,,,,0,0,0,0,0,0,1.168,0.9707,0.1,0.15,navegando para fronteira
20386.403,283.0,navigating,-1.3954,3.2451,0.3377,99.95,0.79,0.1139,-0.0656,17.019,40.5,9441,11,510,11,14,397.1,8,49,9,0,5,1,0,0,0,-2.328,6.76,6,208,,ExplorationGrid,-1.828,5.06,-1.9,4.294,False,,0,0,,,,,,0,0,0,0,0,0,0.946,0.968,0.2,0.1,navegando para fronteira
20386.791,283.5,navigating,-1.3932,3.3056,0.3348,99.64,0.26,0.1241,-0.0269,17.081,40.5,9441,11,510,11,14,397.1,8,49,9,0,5,1,0,0,0,-2.328,6.76,6,208,,ExplorationGrid,-1.828,5.06,-1.9,4.294,False,,0,0,,,,,,0,0,0,0,0,0,0.946,0.968,0.15,0.1,navegando para fronteira
20387.253,284.0,navigating,-1.411,3.3459,0.3503,99.24,0.18,0.0889,-0.0067,17.125,40.5,9441,11,510,11,14,397.1,8,49,9,0,5,1,0,0,0,-2.328,6.76,6,208,,ExplorationGrid,-1.828,5.06,-1.9,4.294,False,,0,0,,,,,,0,0,0,0,0,0,0.847,0.9664,0.1,0.15,navegando para fronteira
20387.633,284.5,navigating,-1.4236,3.3882,0.3718,99.79,0.43,0.1191,0.012,17.169,40.5,9441,11,510,11,14,397.1,8,49,9,0,5,1,0,0,0,-2.328,6.76,6,208,,ExplorationGrid,-1.828,5.06,-1.9,4.294,False,,0,0,,,,,,0,0,0,0,0,0,0.847,0.9664,0.1,0.15,navegando para fronteira
20388.122,285.0,navigating,-1.4248,3.4548,0.3817,99.18,0.44,0.1227,-0.0203,17.237,40.5,9441,11,510,11,14,397.1,8,49,9,0,5,1,0,0,0,-2.328,6.76,6,208,,ExplorationGrid,-1.828,5.06,-1.9,4.294,False,,0,0,,,,,,0,0,0,0,0,0,0.749,0.9641,0.15,0.15,navegando para fronteira
20388.554,285.5,navigating,-1.4466,3.5089,0.3451,98.57,0.64,0.1188,-0.0132,17.296,40.5,9441,11,510,11,14,397.1,8,49,9,0,5,1,0,0,0,-2.328,6.76,6,208,,ExplorationGrid,-1.828,5.06,-1.9,4.294,False,,0,0,,,,,,0,0,0,0,0,0,0.749,0.9641,0.2,0.15,navegando para fronteira
20389.042,286.0,navigating,-1.5214,3.4969,0.337,98.66,1.49,0.0105,0.0131,17.379,40.82,9517,11,510,11,14,397.1,8,49,9,0,5,1,0,0,0,-2.328,6.76,6,208,,ExplorationGrid,-1.828,5.06,-1.9,4.294,False,,0,0,,,,,,0,0,0,0,0,0,0.642,0.9383,0.1,0.25,navegando para fronteira
20389.418,286.5,navigating,-1.5238,3.4878,0.3251,98.36,0.12,0.0105,0.0112,17.4,40.82,9517,11,510,11,14,397.1,8,49,9,0,5,1,0,0,0,-2.328,6.76,6,208,,ExplorationGrid,-1.828,5.06,-1.9,4.294,False,,0,0,,,,,,0,0,0,0,0,0,0.642,0.9383,0.1,0.25,navegando para fronteira
20389.898,287.0,navigating,-1.525,3.4615,0.3495,98.27,0.27,0.0076,-0.0249,17.431,40.82,9517,11,510,11,14,397.1,8,49,9,0,5,1,0,0,0,-2.328,6.76,6,208,,ExplorationGrid,-1.828,5.06,-1.9,4.294,False,,0,0,,,,,,0,0,0,0,0,0,0.74,0.9477,0.1,0.25,navegando para fronteira
20390.331,287.5,navigating,-1.4958,3.4627,0.3538,99.03,0.99,0.0204,0.0083,17.461,40.82,9517,11,510,11,14,397.1,8,49,9,0,5,1,0,0,0,-2.328,6.76,6,208,,ExplorationGrid,-1.828,5.06,-1.9,4.294,False,,0,0,,,,,,0,0,0,0,0,0,0.74,0.9477,0.15,0.2,navegando para fronteira
20390.8,288.0,navigating,-1.4897,3.4907,0.3527,99.59,0.41,0.0658,-0.0312,17.492,40.82,9517,11,510,11,14,397.1,8,49,9,0,5,1,0,0,0,-2.328,6.76,6,208,,ExplorationGrid,-1.828,5.06,-1.9,4.294,False,,0,0,,,,,,0,0,0,0,0,0,0.642,0.9383,0.2,0.2,navegando para fronteira
20391.272,288.5,navigating,-1.5306,3.5282,0.3497,99.68,1.07,0.1033,-0.0403,17.55,40.82,9517,11,510,11,14,397.1,8,49,9,0,5,1,0,0,0,-2.328,6.76,6,208,,ExplorationGrid,-1.828,5.06,-1.9,4.294,False,,0,0,,,,,,0,0,0,0,0,0,0.642,0.9383,0.2,0.25,navegando para fronteira
20391.719,289.0,navigating,-1.5362,3.5755,0.3539,98.96,0.38,0.1054,-0.011,17.605,40.82,9517,11,510,11,14,397.1,8,49,9,0,5,1,0,0,0,-2.328,6.76,6,208,,ExplorationGrid,-1.828,5.06,-1.9,4.294,False,,0,0,,,,,,0,0,0,0,0,0,0.642,0.9383,0.2,0.25,navegando para fronteira
20392.195,289.5,navigating,-1.5247,3.6354,0.3628,98.47,0.55,0.1028,-0.093,17.668,40.82,9517,11,510,11,14,397.1,8,49,9,0,5,1,0,0,0,-2.328,6.76,6,208,,ExplorationGrid,-1.828,5.06,-1.9,4.294,False,,0,0,,,,,,0,0,0,0,0,0,0.642,0.9383,0.25,0.25,navegando para fronteira
20392.623,290.0,navigating,-1.5481,3.685,0.3572,96.7,0.27,0.1135,-0.0036,17.724,40.82,9517,11,510,11,14,397.1,8,49,9,0,5,1,0,0,0,-2.328,6.76,6,208,,ExplorationGrid,-1.828,5.06,-1.9,4.294,False,,0,0,,,,,,0,0,0,0,0,0,0.549,0.9177,0.35,0.25,navegando para fronteira
20393.094,290.502,navigating,-1.5497,3.74,0.358,95.74,0.31,0.1043,-0.0044,17.779,40.82,9517,11,510,11,14,397.1,8,49,9,0,5,1,0,0,0,-2.328,6.76,6,208,,ExplorationGrid,-1.828,5.06,-1.9,4.294,False,,0,0,,,,,,0,0,0,0,0,0,0.549,0.9177,0.45,0.3,navegando para fronteira
20393.577,291.0,navigating,-1.555,3.7935,0.3572,95.55,0.2,0.1015,-0.0074,17.833,40.82,9517,11,510,11,14,397.1,8,49,9,0,5,1,0,0,0,-2.328,6.76,6,208,,ExplorationGrid,-1.828,5.06,-1.9,4.294,False,,0,0,,,,,,0,0,0,0,0,0,0.294,0.9975,0.5,0.3,navegando para fronteira
20394.0,291.5,navigating,-1.5676,3.8312,0.3572,96.24,0.25,0.0746,0.0195,17.874,40.82,9517,11,510,11,14,397.1,8,49,9,0,5,1,0,0,0,-2.328,6.76,6,208,,ExplorationGrid,-1.828,5.06,-1.9,4.294,False,,0,0,,,,,,0,0,0,0,0,0,0.294,0.9975,0.5,0.3,navegando para fronteira
20394.444,292.0,navigating,-1.5488,3.8678,0.3626,97.39,0.73,0.0741,0.0349,17.917,40.82,9517,11,510,11,14,397.1,8,49,9,0,5,1,0,0,0,-2.328,6.76,6,208,,ExplorationGrid,-1.828,5.06,-1.9,4.294,False,,0,0,,,,,,0,0,0,0,0,0,0.294,0.9975,0.55,0.3,navegando para fronteira
20394.927,292.5,navigating,-1.5393,3.8911,0.3613,97.23,0.47,0.0,0.0,17.95,40.82,9517,11,510,11,14,397.1,8,49,9,0,5,1,0,0,0,-2.328,6.76,6,208,,ExplorationGrid,-1.828,5.06,-1.9,4.294,False,,0,0,,,,,,0,0,0,0,0,0,0.294,0.9975,0.55,0.25,navegando para fronteira
20395.292,293.0,selecting,-1.5404,3.8804,0.3547,97.1,0.09,0.0,0.0,17.963,42.63,9939,4,132,4,7,178.7,0,50,10,0,0,0,0,0,0,-1.778,5.21,6,208,,ExplorationGrid,-1.828,5.06,-1.9,4.294,False,,0,0,,,,,,0,0,0,0,0,0,0.829,0.9742,0.55,0.25,fronteira alcancada; atualizando mapa
20395.755,293.5,selecting,-1.5507,3.8925,0.3558,97.44,0.83,0.0597,0.0263,17.982,42.63,9939,4,132,4,7,178.7,0,50,10,0,0,0,0,0,0,-1.778,5.21,6,208,,ExplorationGrid,-1.828,5.06,-1.9,4.294,False,,0,0,,,,,,0,0,0,0,0,0,0.829,0.9742,0.55,0.3,fronteira alcancada; atualizando mapa
20396.205,294.0,navigating,-1.5607,3.9296,0.3525,97.71,0.17,0.0903,0.0332,18.023,42.63,9939,4,132,4,7,178.7,4,55,10,0,1,0,0,0,0,-2.378,7.76,6,208,,ExplorationGrid,-1.778,5.21,-2.016,4.899,False,,0,0,,,,,,0,0,0,0,0,0,0.829,0.9742,0.5,0.3,navegando para fronteira
20396.669,294.5,navigating,-1.5545,3.988,0.3511,97.91,0.47,0.113,0.0241,18.082,42.63,9939,4,132,4,7,178.7,4,55,10,0,1,0,0,0,0,-2.378,7.76,6,208,,ExplorationGrid,-1.778,5.21,-2.016,4.899,False,,0,0,,,,,,0,0,0,0,0,0,0.829,0.9742,0.55,0.3,navegando para fronteira
20397.1,295.0,navigating,-1.569,4.037,0.3435,98.06,0.38,0.1127,0.0419,18.133,42.63,9939,4,132,4,7,178.7,4,55,10,0,1,0,0,0,0,-2.378,7.76,6,208,,ExplorationGrid,-1.778,5.21,-2.016,4.899,False,,0,0,,,,,,0,0,0,0,0,0,0.773,0.9161,0.5,0.3,navegando para fronteira
20397.497,295.5,navigating,-1.5579,4.0628,0.3458,98.02,1.39,0.0719,0.0259,18.171,42.63,9939,4,132,4,7,178.7,4,55,10,0,1,0,0,0,0,-2.378,7.76,6,208,,ExplorationGrid,-1.778,5.21,-2.016,4.899,False,,0,0,,,,,,0,0,0,0,0,0,0.773,0.9161,0.5,0.3,navegando para fronteira
20397.9,296.0,navigating,-1.4851,4.1295,0.3507,98.42,1.96,0.136,-0.0061,18.271,42.63,9939,4,132,4,7,178.7,4,55,10,0,1,0,0,0,0,-2.378,7.76,6,208,,ExplorationGrid,-1.778,5.21,-2.016,4.899,False,,0,0,,,,,,0,0,0,0,0,0,0.773,0.9161,0.6,0.2,navegando para fronteira
20398.362,296.5,navigating,-1.4356,4.1598,0.3569,99.35,1.18,0.0667,-0.048,18.332,42.63,9939,4,132,4,7,178.7,4,55,10,0,1,0,0,0,0,-2.378,7.76,6,208,,ExplorationGrid,-1.778,5.21,-2.016,4.899,False,,0,0,,,,,,0,0,0,0,0,0,0.672,0.9476,0.65,0.15,navegando para fronteira
20398.74,297.001,navigating,-1.4384,4.1773,0.3184,99.13,1.07,0.0586,0.0152,18.35,44.77,10493,4,132,4,7,178.7,4,55,10,0,1,0,0,0,0,-2.378,7.76,6,208,,ExplorationGrid,-1.778,5.21,-2.016,4.899,False,,0,0,,,,,,0,0,0,0,0,0,0.672,0.9476,0.65,0.15,navegando para fronteira
20399.211,297.502,navigating,-1.4058,4.2045,0.3425,99.79,1.45,0.0387,0.0002,18.396,44.77,10493,4,132,4,7,178.7,4,55,10,0,1,0,0,0,0,-2.378,7.76,6,208,,ExplorationGrid,-1.778,5.21,-2.016,4.899,False,,0,0,,,,,,0,0,0,0,0,0,0.572,0.9496,0.7,0.15,navegando para fronteira
20399.611,298.0,navigating,-1.3895,4.2377,0.3526,100.82,0.76,0.0601,0.0419,18.434,44.77,10493,4,132,4,7,178.7,4,55,10,0,1,0,0,0,0,-2.378,7.76,6,208,,ExplorationGrid,-1.778,5.21,-2.016,4.899,False,,0,0,,,,,,0,0,0,0,0,0,0.572,0.9496,0.7,0.1,navegando para fronteira
20400.093,298.502,navigating,-1.4035,4.2627,0.3684,101.15,0.13,0.0604,0.0485,18.464,44.77,10493,4,132,4,7,178.7,4,55,10,0,1,0,0,0,0,-2.378,7.76,6,208,,ExplorationGrid,-1.778,5.21,-2.016,4.899,False,,0,0,,,,,,0,0,0,0,0,0,0.606,0.9744,0.7,0.15,navegando para fronteira
20400.525,299.0,navigating,-1.4234,4.3005,0.3524,101.31,0.31,0.0896,0.0133,18.508,44.77,10493,4,132,4,7,178.7,4,55,10,0,1,0,0,0,0,-2.378,7.76,6,208,,ExplorationGrid,-1.778,5.21,-2.016,4.899,False,,0,0,,,,,,0,0,0,0,0,0,0.606,0.9744,0.65,0.2,navegando para fronteira
20400.985,299.501,navigating,-1.4254,4.3705,0.3567,101.29,0.41,0.129,0.0119,18.578,44.77,10493,4,132,4,7,178.7,4,55,10,0,1,0,0,0,0,-2.378,7.76,6,208,,ExplorationGrid,-1.778,5.21,-2.016,4.899,False,,0,0,,,,,,0,0,0,0,0,0,0.476,0.9537,0.65,0.3,navegando para fronteira
20401.443,300.0,navigating,-1.4446,4.4309,0.3574,101.13,0.32,0.119,0.0161,18.641,44.77,10493,4,132,4,7,178.7,4,55,10,0,1,0,0,0,0,-2.378,7.76,6,208,,ExplorationGrid,-1.778,5.21,-2.016,4.899,False,,0,0,,,,,,0,0,0,0,0,0,0.476,0.9537,0.65,0.75,navegando para fronteira
20401.892,300.5,navigating,-1.4731,4.4734,0.3477,101.83,1.37,0.0921,0.0073,18.694,44.77,10493,4,132,4,7,178.7,4,55,10,0,1,0,0,0,0,-2.378,7.76,6,208,,ExplorationGrid,-1.778,5.21,-2.016,4.899,False,,0,0,,,,,,0,0,0,0,0,0,0.384,0.9612,0.6,0.25,navegando para fronteira
20402.372,301.001,navigating,-1.5009,4.473,0.3547,102.66,0.66,0.0244,0.0038,18.729,44.77,10493,4,132,4,7,178.7,4,55,10,0,1,0,0,0,0,-2.378,7.76,6,208,,ExplorationGrid,-1.778,5.21,-2.016,4.899,False,,0,0,,,,,,0,0,0,0,0,0,0.384,0.9612,0.6,0.3,navegando para fronteira
20402.775,301.5,navigating,-1.4962,4.4515,0.3419,103.11,0.96,0.0,-0.0184,18.755,44.77,10493,4,132,4,7,178.7,4,55,10,0,1,0,0,0,0,-2.378,7.76,6,208,,ExplorationGrid,-1.778,5.21,-2.016,4.899,False,,0,0,,,,,,0,0,0,0,0,0,0.258,0.8919,0.6,0.3,navegando para fronteira
20403.257,302.003,navigating,-1.501,4.3972,0.3476,103.74,0.56,0.001,0.0238,18.811,44.77,10493,4,132,4,7,178.7,4,55,10,0,1,0,0,0,0,-2.378,7.76,6,208,,ExplorationGrid,-1.778,5.21,-2.016,4.899,False,,0,0,,,,,,0,0,0,0,0,0,0.258,0.8919,0.6,0.8,navegando para fronteira
20403.653,302.5,navigating,-1.4972,4.392,0.3475,103.72,0.21,0.0099,-0.0248,18.822,44.77,10493,4,132,4,7,178.7,4,55,10,0,1,0,0,0,0,-2.378,7.76,6,208,,ExplorationGrid,-1.778,5.21,-2.016,4.899,False,,0,0,,,,,,0,0,0,0,0,0,0.358,0.8953,0.6,0.45,navegando para fronteira
20404.119,303.0,navigating,-1.4962,4.4057,0.3559,103.69,0.12,0.0351,-0.0271,18.837,44.77,10493,4,132,4,7,178.7,4,55,10,0,1,0,0,0,0,-2.378,7.76,6,208,,ExplorationGrid,-1.778,5.21,-2.016,4.899,False,,0,0,,,,,,0,0,0,0,0,0,0.358,0.8953,0.6,0.4,navegando para fronteira
20404.486,303.5,navigating,-1.5,4.4195,0.3788,107.64,0.48,0.0316,-0.0028,18.852,44.77,10493,4,132,4,7,178.7,4,55,10,0,1,0,0,0,0,-2.378,7.76,6,208,,ExplorationGrid,-1.778,5.21,-2.016,4.899,False,,0,0,,,,,,0,0,0,0,0,0,0.358,0.8953,0.6,0.3,navegando para fronteira
20404.955,304.0,navigating,-1.5066,4.4374,0.3775,103.38,0.32,0.0537,-0.0322,18.871,44.77,10493,4,132,4,7,178.7,4,55,10,0,1,0,0,0,0,-2.378,7.76,6,208,,ExplorationGrid,-1.778,5.21,-2.016,4.899,False,,0,0,,,,,,0,0,0,0,0,0,0.358,0.8953,0.6,0.3,navegando para fronteira
20405.413,304.501,navigating,-1.5177,4.4616,0.3664,102.0,0.27,0.0619,-0.0674,18.898,44.77,10493,4,132,4,7,178.7,4,55,10,0,1,0,0,0,0,-2.378,7.76,6,208,,ExplorationGrid,-1.778,5.21,-2.016,4.899,False,,0,0,,,,,,0,0,0,0,0,0,0.358,0.8953,0.55,0.3,navegando para fronteira
20405.821,305.0,navigating,-1.5265,4.492,0.3681,99.67,0.27,0.0848,-0.0233,18.93,44.77,10493,4,132,4,7,178.7,4,55,10,0,1,0,0,0,0,-2.378,7.76,6,208,,ExplorationGrid,-1.778,5.21,-2.016,4.899,False,,0,0,,,,,,0,0,0,0,0,0,0.358,0.8953,0.55,0.3,navegando para fronteira
20406.304,305.5,selecting,-1.5391,4.5134,0.3591,100.57,0.34,0.0,0.0,18.957,44.77,10493,7,340,7,10,308.3,0,56,11,0,0,0,0,0,0,-0.628,5.16,6,208,,ExplorationGrid,-1.778,5.21,-2.016,4.899,False,,0,0,,,,,,0,0,0,0,0,0,0.358,0.8953,0.55,0.25,fronteira alcancada; atualizando mapa
20406.719,306.001,selecting,-1.5362,4.5025,0.3529,100.64,0.12,0.0134,0.0025,18.972,44.91,10525,7,340,7,10,308.3,0,56,11,0,0,0,0,0,0,-0.628,5.16,6,208,,ExplorationGrid,-1.778,5.21,-2.016,4.899,False,,0,0,,,,,,0,0,0,0,0,0,1.622,0.8088,0.55,0.3,fronteira alcancada; atualizando mapa
20407.184,306.5,navigating,-1.5328,4.5233,0.3509,100.87,0.56,0.0377,-0.0042,18.993,44.91,10525,7,340,7,10,308.3,7,64,11,0,1,0,0,0,0,-4.978,1.61,4,0,,ExplorationGrid,-0.428,5.46,-0.804,5.42,False,,0,0,,,,,,0,0,0,0,0,0,1.622,0.8088,0.55,0.25,navegando para fronteira
20407.614,307.0,navigating,-1.5373,4.547,0.3553,100.99,0.38,0.0536,0.0276,19.018,44.91,10525,7,340,7,10,308.3,7,64,11,0,1,0,0,0,0,-4.978,1.61,4,0,,ExplorationGrid,-0.428,5.46,-0.804,5.42,False,,0,0,,,,,,0,0,0,0,0,0,1.67,0.7852,0.55,0.25,navegando para fronteira
20408.038,307.5,navigating,-1.5374,4.5822,0.3528,101.53,0.68,0.0556,-0.004,19.053,44.91,10525,7,340,7,10,308.3,7,64,11,0,1,0,0,0,0,-4.978,1.61,4,0,,ExplorationGrid,-0.428,5.46,-0.804,5.42,False,,0,0,,,,,,0,0,0,0,0,0,1.67,0.7852,0.55,0.2,navegando para fronteira
20408.525,308.0,navigating,-1.5541,4.6181,0.3577,101.0,0.34,0.0702,-0.0332,19.094,44.91,10525,7,340,7,10,308.3,7,64,11,0,1,0,0,0,0,-4.978,1.61,4,0,,ExplorationGrid,-0.428,5.46,-0.804,5.42,False,,0,0,,,,,,0,0,0,0,0,0,1.571,0.8016,0.55,0.2,navegando para fronteira
20408.989,308.5,navigating,-1.5697,4.6485,0.3591,99.68,0.17,0.0604,-0.0392,19.13,44.91,10525,7,340,7,10,308.3,7,64,11,0,1,0,0,0,0,-4.978,1.61,4,0,,ExplorationGrid,-0.428,5.46,-0.804,5.42,False,,0,0,,,,,,0,0,0,0,0,0,1.571,0.8016,0.5,0.2,navegando para fronteira
20409.394,309.0,navigating,-1.554,4.6843,0.362,98.13,0.99,0.073,-0.0198,19.17,44.91,10525,7,340,7,10,308.3,7,64,11,0,1,0,0,0,0,-4.978,1.61,4,0,,ExplorationGrid,-0.428,5.46,-0.804,5.42,False,,0,0,,,,,,0,0,0,0,0,0,1.571,0.8016,0.55,0.2,navegando para fronteira
20409.844,309.5,navigating,-1.5354,4.7373,0.3541,97.27,0.73,0.1138,-0.0516,19.227,44.91,10525,7,340,7,10,308.3,7,64,11,0,1,0,0,0,0,-4.978,1.61,4,0,,ExplorationGrid,-0.428,5.46,-0.804,5.42,False,,0,0,,,,,,0,0,0,0,0,0,1.571,0.8016,0.55,0.15,navegando para fronteira
20410.234,310.0,navigating,-1.554,4.772,0.3778,93.27,0.91,0.0889,-0.1411,19.268,44.91,10525,7,340,7,10,308.3,7,64,11,0,1,0,0,0,0,-4.978,1.61,4,0,,ExplorationGrid,-0.428,5.46,-0.804,5.42,False,,0,0,,,,,,0,0,0,0,0,0,1.463,0.8292,0.5,0.2,navegando para fronteira
20410.7,310.5,navigating,-1.5747,4.7737,0.373,93.92,0.41,0.0321,-0.0878,19.297,44.91,10525,7,340,7,10,308.3,7,64,11,0,1,0,0,0,0,-4.978,1.61,4,0,,ExplorationGrid,-0.428,5.46,-0.804,5.42,False,,0,0,,,,,,0,0,0,0,0,0,1.463,0.8292,0.5,0.2,navegando para fronteira
20411.163,311.0,navigating,-1.56,4.7625,0.3575,92.24,0.17,0.004,-0.0971,19.317,44.91,10525,7,340,7,10,308.3,7,64,11,0,1,0,0,0,0,-4.978,1.61,4,0,,ExplorationGrid,-0.428,5.46,-0.804,5.42,False,,0,0,,,,,,0,0,0,0,0,0,1.513,0.862,0.5,0.2,navegando para fronteira
20411.613,311.5,navigating,-1.5584,4.7645,0.3484,90.88,0.19,0.0186,-0.0894,19.325,44.91,10525,7,340,7,10,308.3,7,64,11,0,1,0,0,0,0,-4.978,1.61,4,0,,ExplorationGrid,-0.428,5.46,-0.804,5.42,False,,0,0,,,,,,0,0,0,0,0,0,1.513,0.862,0.5,0.2,navegando para fronteira
20412.075,312.0,navigating,-1.5591,4.7879,0.3522,89.16,0.15,0.0551,-0.0916,19.35,44.91,10525,7,340,7,10,308.3,7,64,11,0,1,0,0,0,0,-4.978,1.61,4,0,,ExplorationGrid,-0.428,5.46,-0.804,5.42,False,,0,0,,,,,,0,0,0,0,0,0,1.513,0.862,0.5,0.2,navegando para fronteira
20412.506,312.5,navigating,-1.5665,4.8147,0.3501,87.61,0.2,0.0534,-0.0571,19.378,44.91,10525,7,340,7,10,308.3,7,64,11,0,1,0,0,0,0,-4.978,1.61,4,0,,ExplorationGrid,-0.428,5.46,-0.804,5.42,False,,0,0,,,,,,0,0,0,0,0,0,1.398,0.9069,0.5,0.25,navegando para fronteira
20412.942,313.001,navigating,-1.5674,4.8375,0.3531,85.07,0.1,0.0505,-0.0496,19.401,44.91,10525,7,340,7,10,308.3,7,64,11,0,1,0,0,0,0,-4.978,1.61,4,0,,ExplorationGrid,-0.428,5.46,-0.804,5.42,False,,0,0,,,,,,0,0,0,0,0,0,1.398,0.9069,0.5,0.25,navegando para fronteira
20413.37,313.501,navigating,-1.5698,4.8549,0.3527,82.55,0.42,0.0433,0.0067,19.419,44.91,10525,7,340,7,10,308.3,7,64,11,0,1,0,0,0,0,-4.978,1.61,4,0,,ExplorationGrid,-0.428,5.46,-0.804,5.42,False,,0,0,,,,,,0,0,0,0,0,0,1.398,0.9069,0.5,0.25,navegando para fronteira
20413.835,314.0,navigating,-1.5648,4.8596,0.3526,81.4,0.41,0.0232,-0.0878,19.439,44.95,10535,7,340,7,10,308.3,7,64,11,0,1,0,0,0,0,-4.978,1.61,4,0,,ExplorationGrid,-0.428,5.46,-0.804,5.42,False,,0,0,,,,,,0,0,0,0,0,0,1.398,0.9069,0.5,0.25,navegando para fronteira
20414.178,314.503,navigating,-1.5466,4.874,0.3266,81.44,0.46,0.0411,0.025,19.463,44.95,10535,7,340,7,10,308.3,7,64,11,0,1,0,0,0,0,-4.978,1.61,4,0,,ExplorationGrid,-0.428,5.46,-0.804,5.42,False,,0,0,,,,,,0,0,0,0,0,0,1.398,0.9069,0.55,0.2,navegando para fronteira
20414.599,315.0,navigating,-1.5651,4.8945,0.3404,81.3,0.63,0.0429,-0.0933,19.491,44.95,10535,7,340,7,10,308.3,7,64,11,0,1,0,0,0,0,-4.978,1.61,4,0,,ExplorationGrid,-0.428,5.46,-0.804,5.42,False,,0,0,,,,,,0,0,0,0,0,0,1.398,0.9069,0.45,0.3,navegando para fronteira
20415.048,315.5,navigating,-1.5558,4.9034,0.356,80.11,0.45,0.0282,-0.0786,19.513,44.95,10535,7,340,7,10,308.3,7,64,11,0,1,0,0,0,0,-4.978,1.61,4,0,,ExplorationGrid,-0.428,5.46,-0.804,5.42,False,,0,0,,,,,,0,0,0,0,0,0,1.305,0.9492,0.5,0.3,navegando para fronteira
20415.448,316.0,navigating,-1.5374,4.9029,0.3298,79.55,1.06,0.0219,-0.007,19.533,44.95,10535,7,340,7,10,308.3,7,64,11,0,1,0,0,0,0,-4.978,1.61,4,0,,ExplorationGrid,-0.428,5.46,-0.804,5.42,False,,0,0,,,,,,0,0,0,0,0,0,1.305,0.9492,0.5,0.25,navegando para fronteira
20415.922,316.5,navigating,-1.5045,4.8931,0.3485,79.25,0.98,0.004,0.0553,19.575,44.95,10535,7,340,7,10,308.3,7,64,11,0,1,0,0,0,0,-4.978,1.61,4,0,,ExplorationGrid,-0.428,5.46,-0.804,5.42,False,,0,0,,,,,,0,0,0,0,0,0,1.206,0.9468,0.55,0.25,navegando para fronteira
20416.36,317.0,navigating,-1.5165,4.9068,0.3567,79.71,0.34,0.0321,-0.0285,19.594,44.95,10535,7,340,7,10,308.3,7,64,11,0,1,0,0,0,0,-4.978,1.61,4,0,,ExplorationGrid,-0.428,5.46,-0.804,5.42,False,,0,0,,,,,,0,0,0,0,0,0,1.206,0.9468,0.5,0.25,navegando para fronteira
20416.79,317.501,navigating,-1.5238,4.9143,0.3787,79.27,0.06,0.0234,-0.048,19.617,44.95,10535,7,340,7,10,308.3,7,64,11,0,1,0,0,0,0,-4.978,1.61,4,0,,ExplorationGrid,-0.428,5.46,-0.804,5.42,False,,0,0,,,,,,0,0,0,0,0,0,1.223,0.9341,0.5,0.25,navegando para fronteira
20417.289,318.0,navigating,-1.4945,4.9282,0.3713,77.25,0.72,0.0514,-0.0818,19.652,44.95,10535,7,340,7,10,308.3,7,64,11,0,1,0,0,0,0,-4.978,1.61,4,0,,ExplorationGrid,-0.428,5.46,-0.804,5.42,False,,0,0,,,,,,0,0,0,0,0,0,1.223,0.9341,0.55,0.2,navegando para fronteira
20417.705,318.5,navigating,-1.5137,4.9441,0.3469,75.35,0.99,0.0457,-0.105,19.679,44.95,10535,7,340,7,10,308.3,7,64,11,0,1,0,0,0,0,-4.978,1.61,4,0,,ExplorationGrid,-0.428,5.46,-0.804,5.42,False,,0,0,,,,,,0,0,0,0,0,0,1.206,0.9468,0.55,0.25,navegando para fronteira
20418.172,319.0,navigating,-1.5403,4.9447,0.349,73.97,0.32,0.0024,-0.0779,19.715,44.95,10535,7,340,7,10,308.3,7,64,11,0,1,0,0,0,0,-4.978,1.61,4,0,,ExplorationGrid,-0.428,5.46,-0.804,5.42,False,,0,0,,,,,,0,0,0,0,0,0,1.206,0.9468,0.5,0.3,navegando para fronteira
20418.578,319.5,navigating,-1.5294,4.9509,0.353,73.08,0.05,0.0329,-0.0778,19.728,44.95,10535,7,340,7,10,308.3,7,64,11,0,1,0,0,0,0,-4.978,1.61,4,0,,ExplorationGrid,-0.428,5.46,-0.804,5.42,False,,0,0,,,,,,0,0,0,0,0,0,1.223,0.9341,0.5,0.25,navegando para fronteira
20419.069,320.0,navigating,-1.5227,4.9575,0.3579,71.92,0.34,0.0225,-0.0523,19.74,44.95,10535,7,340,7,10,308.3,7,64,11,0,1,0,0,0,0,-4.978,1.61,4,0,,ExplorationGrid,-0.428,5.46,-0.804,5.42,False,,0,0,,,,,,0,0,0,0,0,0,1.223,0.9341,0.6,0.25,navegando para fronteira
20419.487,320.5,navigating,-1.5156,4.9648,0.3681,72.15,0.47,0.0245,-0.0236,19.752,44.95,10535,7,340,7,10,308.3,7,64,11,0,1,0,0,0,0,-4.978,1.61,4,0,,ExplorationGrid,-0.428,5.46,-0.804,5.42,False,,0,0,,,,,,0,0,0,0,0,0,1.223,0.9341,0.6,0.25,navegando para fronteira
20419.946,321.0,navigating,-1.5119,4.9773,0.3685,71.25,0.27,0.0298,-0.0538,19.768,44.95,10535,7,340,7,10,308.3,7,64,11,0,1,0,0,0,0,-4.978,1.61,4,0,,ExplorationGrid,-0.428,5.46,-0.804,5.42,False,,0,0,,,,,,0,0,0,0,0,0,1.223,0.9341,0.6,0.25,navegando para fronteira
20420.351,321.5,navigating,-1.512,4.9955,0.3429,70.34,0.21,0.0366,-0.0101,19.786,44.95,10535,7,340,7,10,308.3,7,64,11,0,1,0,0,0,0,-4.978,1.61,4,0,,ExplorationGrid,-0.428,5.46,-0.804,5.42,False,,0,0,,,,,,0,0,0,0,0,0,1.164,0.9603,0.6,0.25,navegando para fronteira
20420.8,322.0,navigating,-1.5159,5.0174,0.3483,70.01,0.24,0.0387,-0.0328,19.809,44.95,10535,7,340,7,10,308.3,7,64,11,0,1,0,0,0,0,-4.978,1.61,4,0,,ExplorationGrid,-0.428,5.46,-0.804,5.42,False,,0,0,,,,,,0,0,0,0,0,0,1.164,0.9603,0.6,0.25,navegando para fronteira
20421.208,322.501,navigating,-1.4866,5.0187,0.3601,69.39,1.65,0.0331,0.063,19.843,44.95,10535,7,340,7,10,308.3,7,64,11,0,1,0,0,0,0,-4.978,1.61,4,0,,ExplorationGrid,-0.428,5.46,-0.804,5.42,False,,0,0,,,,,,0,0,0,0,0,0,1.181,0.9466,0.65,0.2,navegando para fronteira
20421.673,323.002,navigating,-1.4535,5.0294,0.3663,69.26,0.76,0.0595,-0.0481,19.882,45.13,10576,7,340,7,10,308.3,7,64,11,0,1,0,0,0,0,-4.978,1.61,4,0,,ExplorationGrid,-0.428,5.46,-0.804,5.42,False,,0,0,,,,,,0,0,0,0,0,0,1.181,0.9466,0.65,0.2,navegando para fronteira
20422.147,323.5,navigating,-1.4665,5.0643,0.3621,68.15,0.64,0.05,-0.1174,19.919,45.13,10576,7,340,7,10,308.3,7,64,11,0,1,0,0,0,0,-4.978,1.61,4,0,,ExplorationGrid,-0.428,5.46,-0.804,5.42,False,,0,0,,,,,,0,0,0,0,0,0,1.14,0.9676,0.65,0.2,navegando para fronteira
20422.522,324.001,navigating,-1.4698,5.0695,0.3829,64.6,0.9,0.022,-0.1444,19.93,45.13,10576,7,340,7,10,308.3,7,64,11,0,1,0,0,0,0,-4.978,1.61,4,0,,ExplorationGrid,-0.428,5.46,-0.804,5.42,False,,0,0,,,,,,0,0,0,0,0,0,1.14,0.9676,0.65,0.2,navegando para fronteira
20423.002,324.5,navigating,-1.4683,5.0685,0.3739,63.79,0.32,0.0123,-0.0497,19.943,45.13,10576,7,340,7,10,308.3,7,64,11,0,1,0,0,0,0,-4.978,1.61,4,0,,ExplorationGrid,-0.428,5.46,-0.804,5.42,False,,0,0,,,,,,0,0,0,0,0,0,1.122,0.9828,0.65,0.2,navegando para fronteira
20423.345,325.0,navigating,-1.4577,5.0489,0.3909,70.87,1.3,0.0038,-0.0198,19.967,45.13,10576,7,340,7,10,308.3,7,64,11,0,1,0,0,0,0,-4.978,1.61,4,0,,ExplorationGrid,-0.428,5.46,-0.804,5.42,False,,0,0,,,,,,0,0,0,0,0,0,1.122,0.9828,0.65,0.2,navegando para fronteira
20423.819,325.5,navigating,-1.4562,4.9741,0.3636,66.28,0.81,0.0,0.0165,20.042,45.13,10576,7,340,7,10,308.3,7,64,11,0,1,0,0,0,0,-4.978,1.61,4,0,,ExplorationGrid,-0.428,5.46,-0.804,5.42,False,,0,0,,,,,,0,0,0,0,0,0,1.122,0.9828,0.65,0.2,navegando para fronteira
20424.252,326.001,navigating,-1.4329,4.9261,0.3545,65.63,1.6,0.0001,-0.0081,20.096,45.13,10576,7,340,7,10,308.3,7,64,11,0,1,0,0,0,0,-4.978,1.61,4,0,,ExplorationGrid,-0.428,5.46,-0.804,5.42,False,,0,0,,,,,,0,0,0,0,0,0,1.166,0.959,0.7,0.15,navegando para fronteira
20424.7,326.5,navigating,-1.4246,4.9023,0.3653,64.52,0.47,0.0065,-0.0162,20.131,45.13,10576,7,340,7,10,308.3,7,64,11,0,1,0,0,0,0,-4.978,1.61,4,0,,ExplorationGrid,-0.428,5.46,-0.804,5.42,False,,0,0,,,,,,0,0,0,0,0,0,1.166,0.959,0.7,0.15,navegando para fronteira
20425.158,327.0,navigating,-1.4431,4.928,0.3636,60.71,0.8,0.0269,-0.0721,20.165,45.13,10576,7,340,7,10,308.3,7,64,11,0,1,0,0,0,0,-4.978,1.61,4,0,,ExplorationGrid,-0.428,5.46,-0.804,5.42,False,,0,0,,,,,,0,0,0,0,0,0,1.162,0.9008,0.7,0.2,navegando para fronteira
20425.521,327.5,navigating,-1.4365,4.9408,0.3473,59.39,0.31,0.0517,0.1057,20.186,45.13,10576,7,340,7,10,308.3,7,64,11,0,1,0,0,0,0,-4.978,1.61,4,0,,ExplorationGrid,-0.428,5.46,-0.804,5.42,False,,0,0,,,,,,0,0,0,0,0,0,1.162,0.9008,0.75,0.2,navegando para fronteira
20426.0,328.0,navigating,-1.4606,4.9593,0.3483,62.28,0.92,0.0152,0.0775,20.219,45.13,10576,7,340,7,10,308.3,7,64,11,0,1,0,0,0,0,-4.978,1.61,4,0,,ExplorationGrid,-0.428,5.46,-0.804,5.42,False,,0,0,,,,,,0,0,0,0,0,0,1.162,0.9008,0.7,0.2,navegando para fronteira
20426.392,328.5,navigating,-1.4715,4.9379,0.3543,64.22,0.67,0.0001,0.12,20.243,45.13,10576,7,340,7,10,308.3,7,64,11,0,1,0,0,0,0,-4.978,1.61,4,0,,ExplorationGrid,-0.428,5.46,-0.804,5.42,False,,0,0,,,,,,0,0,0,0,0,0,1.162,0.9008,0.65,0.2,navegando para fronteira
20426.807,329.0,navigating,-1.4732,4.9172,0.3423,66.02,0.23,0.0137,0.0112,20.277,45.13,10576,7,340,7,10,308.3,7,64,11,0,1,0,0,0,0,-4.978,1.61,4,0,,ExplorationGrid,-0.428,5.46,-0.804,5.42,False,,0,0,,,,,,0,0,0,0,0,0,1.209,0.9447,0.65,0.2,navegando para fronteira
20427.278,329.5,navigating,-1.4592,4.9349,0.3507,69.4,0.09,0.0383,0.0331,20.303,45.13,10576,7,340,7,10,308.3,7,64,11,0,1,0,0,0,0,-4.978,1.61,4,0,,ExplorationGrid,-0.428,5.46,-0.804,5.42,False,,0,0,,,,,,0,0,0,0,0,0,1.209,0.9447,0.65,0.2,navegando para fronteira
20427.752,330.001,navigating,-1.4865,4.9566,0.3506,71.45,0.88,0.0291,0.0498,20.349,45.13,10576,7,340,7,10,308.3,7,64,11,0,1,0,0,0,0,-4.978,1.61,4,0,,ExplorationGrid,-0.428,5.46,-0.804,5.42,False,,0,0,,,,,,0,0,0,0,0,0,1.209,0.9447,0.6,0.2,navegando para fronteira
20428.231,330.5,navigating,-1.4683,4.9518,0.3548,71.6,0.63,0.0179,0.0268,20.37,45.13,10576,7,340,7,10,308.3,7,64,11,0,1,0,0,0,0,-4.978,1.61,4,0,,ExplorationGrid,-0.428,5.46,-0.804,5.42,False,,0,0,,,,,,0,0,0,0,0,0,1.209,0.9447,0.65,0.2,navegando para fronteira
20428.559,331.0,navigating,-1.4648,4.9475,0.3089,71.07,0.45,0.0133,-0.0025,20.383,45.13,10576,7,340,7,10,308.3,7,64,11,0,1,0,0,0,0,-4.978,1.61,4,0,,ExplorationGrid,-0.428,5.46,-0.804,5.42,False,,0,0,,,,,,0,0,0,0,0,0,1.209,0.9447,0.65,0.2,navegando para fronteira
20428.992,331.5,navigating,-1.53,4.939,0.3347,70.42,1.54,0.0,0.0775,20.45,45.13,10576,7,340,7,10,308.3,7,64,11,0,1,0,0,0,0,-4.978,1.61,4,0,,ExplorationGrid,-0.428,5.46,-0.804,5.42,False,,0,0,,,,,,0,0,0,0,0,0,1.209,0.9447,0.6,0.25,navegando para fronteira
20429.451,332.0,navigating,-1.5567,4.9345,0.355,70.74,0.05,0.0012,-0.0187,20.49,45.13,10576,7,340,7,10,308.3,7,64,11,0,1,0,0,0,0,-4.978,1.61,4,0,,ExplorationGrid,-0.428,5.46,-0.804,5.42,False,,0,0,,,,,,0,0,0,0,0,0,1.305,0.9492,0.5,0.3,navegando para fronteira
20429.898,332.5,navigating,-1.5248,4.9458,0.3552,70.96,0.62,0.0512,-0.0589,20.525,45.13,10576,7,340,7,10,308.3,7,64,11,0,1,0,0,0,0,-4.978,1.61,4,0,,ExplorationGrid,-0.428,5.46,-0.804,5.42,False,,0,0,,,,,,0,0,0,0,0,0,1.305,0.9492,0.6,0.25,navegando para fronteira
20430.334,333.0,navigating,-1.5313,4.9658,0.3519,70.47,0.29,0.0397,-0.1072,20.548,45.13,10576,7,340,7,10,308.3,7,64,11,0,1,0,0,0,0,-4.978,1.61,4,0,,ExplorationGrid,-0.428,5.46,-0.804,5.42,False,,0,0,,,,,,0,0,0,0,0,0,1.166,0.959,0.6,0.25,navegando para fronteira
20430.797,333.5,navigating,-1.5306,4.9791,0.3588,71.55,0.43,0.036,-0.006,20.569,45.13,10576,7,340,7,10,308.3,7,64,11,0,1,0,0,0,0,-4.978,1.61,4,0,,ExplorationGrid,-0.428,5.46,-0.804,5.42,False,,0,0,,,,,,0,0,0,0,0,0,1.166,0.959,0.55,0.25,navegando para fronteira
20431.275,334.0,navigating,-1.5206,4.9896,0.3615,72.05,0.17,0.0197,-0.0344,20.587,45.13,10576,7,340,7,10,308.3,7,64,11,0,1,0,0,0,0,-4.978,1.61,4,0,,ExplorationGrid,-0.428,5.46,-0.804,5.42,False,,0,0,,,,,,0,0,0,0,0,0,1.166,0.959,0.6,0.25,navegando para fronteira
20431.645,334.5,navigating,-1.5224,4.9929,0.3543,71.64,0.26,0.0132,-0.031,20.596,45.13,10576,7,340,7,10,308.3,7,64,11,0,1,0,0,0,0,-4.978,1.61,4,0,,ExplorationGrid,-0.428,5.46,-0.804,5.42,False,,0,0,,,,,,0,0,0,0,0,0,1.166,0.959,0.6,0.25,navegando para fronteira
20432.12,335.001,navigating,-1.4987,4.9925,0.3497,69.95,0.95,0.0152,-0.0355,20.624,45.13,10576,7,340,7,10,308.3,7,64,11,0,1,0,0,0,0,-4.978,1.61,4,0,,ExplorationGrid,-0.428,5.46,-0.804,5.42,False,,0,0,,,,,,0,0,0,0,0,0,1.166,0.959,0.6,0.25,navegando para fronteira
20432.603,335.5,navigating,-1.5048,5.0161,0.3556,69.21,0.48,0.0403,-0.0069,20.652,45.13,10576,7,340,7,10,308.3,7,64,11,0,1,0,0,0,0,-4.978,1.61,4,0,,ExplorationGrid,-0.428,5.46,-0.804,5.42,False,,0,0,,,,,,0,0,0,0,0,0,1.166,0.959,0.6,0.25,navegando para fronteira
20433.02,336.001,navigating,-1.5099,5.0301,0.3514,68.23,0.15,0.0198,-0.0455,20.674,45.13,10576,7,340,7,10,308.3,7,64,11,0,1,0,0,0,0,-4.978,1.61,4,0,,ExplorationGrid,-0.428,5.46,-0.804,5.42,False,,0,0,,,,,,0,0,0,0,0,0,1.166,0.959,0.6,0.25,navegando para fronteira
20433.509,336.5,navigating,-1.4847,5.0326,0.3542,67.18,0.7,0.039,-0.06,20.702,45.13,10576,7,340,7,10,308.3,7,64,11,0,1,0,0,0,0,-4.978,1.61,4,0,,ExplorationGrid,-0.428,5.46,-0.804,5.42,False,,0,0,,,,,,0,0,0,0,0,0,1.166,0.959,0.65,0.25,navegando para fronteira
20433.907,337.0,navigating,-1.5045,5.0462,0.3431,66.27,1.42,0.0265,-0.0529,20.729,45.13,10576,7,340,7,10,308.3,7,64,11,0,1,0,0,0,0,-4.978,1.61,4,0,,ExplorationGrid,-0.428,5.46,-0.804,5.42,False,,0,0,,,,,,0,0,0,0,0,0,1.166,0.959,0.6,0.25,navegando para fronteira
20434.345,337.5,navigating,-1.5453,5.0318,0.3474,64.99,0.96,0.0,-0.0816,20.772,45.13,10576,7,340,7,10,308.3,7,64,11,0,1,0,0,0,0,-4.978,1.61,4,0,,ExplorationGrid,-0.428,5.46,-0.804,5.42,False,,0,0,,,,,,0,0,0,0,0,0,1.166,0.959,0.6,0.3,navegando para fronteira
20434.805,338.0,navigating,-1.5368,5.0302,0.3387,63.72,0.78,0.0258,-0.091,20.795,45.13,10576,7,340,7,10,308.3,7,64,11,0,1,0,0,0,0,-4.978,1.61,4,0,,ExplorationGrid,-0.428,5.46,-0.804,5.42,False,,0,0,,,,,,0,0,0,0,0,0,1.166,0.959,0.6,0.3,navegando para fronteira
20435.291,338.5,navigating,-1.4878,5.0168,0.3522,61.67,1.32,0.0147,-0.1085,20.85,45.13,10576,7,340,7,10,308.3,7,64,11,0,1,0,0,0,0,-4.978,1.61,4,0,,ExplorationGrid,-0.428,5.46,-0.804,5.42,False,,0,0,,,,,,0,0,0,0,0,0,1.166,0.959,0.65,0.25,navegando para fronteira
20435.7,339.0,navigating,-1.4768,5.0282,0.3549,59.23,0.74,0.0393,-0.0774,20.871,45.13,10576,7,340,7,10,308.3,7,64,11,0,1,0,0,0,0,-4.978,1.61,4,0,,ExplorationGrid,-0.428,5.46,-0.804,5.42,False,,0,0,,,,,,0,0,0,0,0,0,1.166,0.959,0.7,0.25,navegando para fronteira
20436.144,339.5,navigating,-1.5018,5.0462,0.3526,56.44,0.61,0.0162,-0.0765,20.905,45.13,10576,7,340,7,10,308.3,7,64,11,0,1,0,0,0,0,-4.978,1.61,4,0,,ExplorationGrid,-0.428,5.46,-0.804,5.42,False,,0,0,,,,,,0,0,0,0,0,0,1.166,0.959,0.7,0.25,navegando para fronteira
20436.553,340.0,navigating,-1.4895,5.0426,0.3231,54.57,0.71,0.0159,-0.0123,20.92,45.13,10576,7,340,7,10,308.3,7,64,11,0,1,0,0,0,0,-4.978,1.61,4,0,,ExplorationGrid,-0.428,5.46,-0.804,5.42,False,,0,0,,,,,,0,0,0,0,0,0,1.166,0.959,0.7,0.25,navegando para fronteira
20437.036,340.5,navigating,-1.5019,5.0525,0.347,52.75,0.8,0.0082,-0.0443,20.946,45.13,10576,7,340,7,10,308.3,7,64,11,0,1,0,0,0,0,-4.978,1.61,4,0,,ExplorationGrid,-0.428,5.46,-0.804,5.42,False,,0,0,,,,,,0,0,0,0,0,0,1.166,0.959,0.7,0.3,navegando para fronteira
20437.444,341.001,navigating,-1.4909,5.0407,0.3318,51.84,0.24,0.0,0.0,20.968,45.13,10576,7,340,7,10,308.3,7,64,11,0,1,0,0,0,0,-4.978,1.61,4,0,,ExplorationGrid,-0.428,5.46,-0.804,5.42,False,,0,0,,,,,,0,0,0,0,0,0,1.166,0.959,0.75,0.25,navegando para fronteira
20437.92,341.501,navigating,-1.4777,5.0179,0.3439,51.72,0.53,0.0028,-0.0476,20.995,45.13,10576,7,340,7,10,308.3,7,64,11,0,1,0,0,0,0,-4.978,1.61,4,0,,ExplorationGrid,-0.428,5.46,-0.804,5.42,False,,0,0,,,,,,0,0,0,0,0,0,1.166,0.959,0.9,1.0,navegando para fronteira
20438.406,342.0,navigating,-1.4762,5.0336,0.355,50.51,0.2,0.0171,-0.0377,21.015,45.13,10576,7,340,7,10,308.3,7,64,11,0,1,0,0,0,0,-4.978,1.61,4,0,,ExplorationGrid,-0.428,5.46,-0.804,5.42,False,,0,0,,,,,,0,0,0,0,0,0,1.166,0.959,0.85,1.05,navegando para fronteira
20438.831,342.5,navigating,-1.4796,5.0431,0.3581,50.11,0.31,0.016,-0.0809,21.028,45.13,10576,7,340,7,10,308.3,7,64,11,0,1,0,0,0,0,-4.978,1.61,4,0,,ExplorationGrid,-0.428,5.46,-0.804,5.42,False,,0,0,,,,,,0,0,0,0,0,0,1.166,0.959,0.85,1.05,navegando para fronteira
20439.294,343.0,navigating,-1.4989,5.0297,0.3603,50.55,0.92,0.0,0.081,21.052,45.13,10576,7,340,7,10,308.3,7,64,11,0,1,0,0,0,0,-4.978,1.61,4,0,,ExplorationGrid,-0.428,5.46,-0.804,5.42,False,,0,0,,,,,,0,0,0,0,0,0,1.166,0.959,0.85,1.05,navegando para fronteira
20439.674,343.5,navigating,-1.4949,5.0071,0.3453,51.32,0.83,0.0016,0.0812,21.081,45.13,10576,7,340,7,10,308.3,7,64,11,0,1,0,0,0,0,-4.978,1.61,4,0,,ExplorationGrid,-0.428,5.46,-0.804,5.42,False,,0,0,,,,,,0,0,0,0,0,0,1.166,0.959,0.85,1.0,navegando para fronteira
20440.155,344.0,navigating,-1.4659,4.9826,0.3582,53.05,0.98,0.0138,0.076,21.124,45.13,10576,7,340,7,10,308.3,7,64,11,0,1,0,0,0,0,-4.978,1.61,4,0,,ExplorationGrid,-0.428,5.46,-0.804,5.42,False,,0,0,,,,,,0,0,0,0,0,0,1.166,0.959,0.9,1.0,navegando para fronteira
20440.6,344.5,navigating,-1.4832,4.9951,0.3652,54.24,0.52,0.0082,0.0673,21.148,45.13,10576,7,340,7,10,308.3,7,64,11,0,1,0,0,0,0,-4.978,1.61,4,0,,ExplorationGrid,-0.428,5.46,-0.804,5.42,False,,0,0,,,,,,0,0,0,0,0,0,1.166,0.959,0.85,1.0,navegando para fronteira
20441.085,345.003,navigating,-1.485,5.0058,0.3601,55.06,0.09,0.0101,0.015,21.169,45.13,10576,7,340,7,10,308.3,7,64,11,0,1,0,0,0,0,-4.978,1.61,4,0,,ExplorationGrid,-0.428,5.46,-0.804,5.42,False,,0,0,,,,,,0,0,0,0,0,0,1.166,0.959,0.85,1.0,navegando para fronteira
20441.429,345.5,navigating,-1.4717,4.9986,0.3427,54.56,0.15,0.005,0.0398,21.192,45.13,10576,7,340,7,10,308.3,7,64,11,0,1,0,0,0,0,-4.978,1.61,4,0,,ExplorationGrid,-0.428,5.46,-0.804,5.42,False,,0,0,,,,,,0,0,0,0,0,0,1.166,0.959,0.85,0.95,navegando para fronteira
20441.9,346.0,navigating,-1.5075,4.9864,0.3492,55.96,0.07,0.0,0.0025,21.234,45.13,10576,7,340,7,10,308.3,7,64,11,0,1,0,0,0,0,-4.978,1.61,4,0,,ExplorationGrid,-0.428,5.46,-0.804,5.42,False,,0,0,,,,,,0,0,0,0,0,0,1.166,0.959,0.8,1.0,navegando para fronteira
20442.273,346.5,navigating,-1.5018,4.994,0.3739,54.52,0.2,0.0117,-0.0287,21.245,45.13,10576,7,340,7,10,308.3,7,64,11,0,1,0,0,0,0,-4.978,1.61,4,0,,ExplorationGrid,-0.428,5.46,-0.804,5.42,False,,0,0,,,,,,0,0,0,0,0,0,1.166,0.959,0.8,1.0,navegando para fronteira
20442.686,347.0,navigating,-1.5001,5.0008,0.3331,55.08,0.46,0.0251,-0.0772,21.265,45.13,10576,7,340,7,10,308.3,7,64,11,0,1,0,0,0,0,-4.978,1.61,4,0,,ExplorationGrid,-0.428,5.46,-0.804,5.42,False,,0,0,,,,,,0,0,0,0,0,0,1.166,0.959,0.8,1.0,navegando para fronteira
20443.124,347.5,navigating,-1.4668,4.9443,0.3432,53.83,1.77,0.0,-0.118,21.334,45.13,10576,7,340,7,10,308.3,7,64,11,0,1,0,0,0,0,-4.978,1.61,4,0,,ExplorationGrid,-0.428,5.46,-0.804,5.42,False,,0,0,,,,,,0,0,0,0,0,0,1.209,0.9447,0.85,0.95,navegando para fronteira
20443.552,348.0,navigating,-1.4537,4.922,0.3605,53.36,1.1,0.0019,-0.0321,21.364,45.13,10576,7,340,7,10,308.3,7,64,11,0,1,0,0,0,0,-4.978,1.61,4,0,,ExplorationGrid,-0.428,5.46,-0.804,5.42,False,,0,0,,,,,,0,0,0,0,0,0,1.209,0.9447,0.9,0.9,navegando para fronteira
20444.026,348.503,navigating,-1.4707,4.9222,0.366,50.61,0.16,0.0033,-0.0618,21.388,45.13,10576,7,340,7,10,308.3,7,64,11,0,1,0,0,0,0,-4.978,1.61,4,0,,ExplorationGrid,-0.428,5.46,-0.804,5.42,False,,0,0,,,,,,0,0,0,0,0,0,1.205,0.9478,0.85,0.95,navegando para fronteira
20444.5,349.0,navigating,-1.4745,4.9388,0.368,48.72,0.37,0.0184,-0.1071,21.409,45.13,10576,7,340,7,10,308.3,7,64,11,0,1,0,0,0,0,-4.978,1.61,4,0,,ExplorationGrid,-0.428,5.46,-0.804,5.42,False,,0,0,,,,,,0,0,0,0,0,0,1.205,0.9478,0.85,0.9,navegando para fronteira
20444.897,349.5,navigating,-1.4632,4.9004,0.3402,46.94,2.03,0.0,-0.1122,21.456,45.13,10576,7,340,7,10,308.3,7,64,11,0,1,0,0,0,0,-4.978,1.61,4,0,,ExplorationGrid,-0.428,5.46,-0.804,5.42,False,,0,0,,,,,,0,0,0,0,0,0,1.205,0.9478,0.9,0.85,navegando para fronteira
20445.3,350.0,navigating,-1.4344,4.8409,0.3387,44.54,1.67,0.0037,-0.1309,21.525,45.13,10576,7,340,7,10,308.3,7,64,11,0,1,0,0,0,0,-4.978,1.61,4,0,,ExplorationGrid,-0.428,5.46,-0.804,5.42,False,,0,0,,,,,,0,0,0,0,0,0,1.205,0.9478,0.95,0.7,navegando para fronteira
20445.755,350.5,navigating,-1.4294,4.823,0.358,42.46,0.71,0.0176,-0.0974,21.552,45.13,10576,7,340,7,10,308.3,7,64,11,0,1,0,0,0,0,-4.978,1.61,4,0,,ExplorationGrid,-0.428,5.46,-0.804,5.42,False,,0,0,,,,,,0,0,0,0,0,0,1.205,0.9478,0.95,0.75,navegando para fronteira
20446.2,351.0,navigating,-1.439,4.8459,0.3639,40.75,0.63,0.0379,-0.0777,21.579,45.21,10595,7,340,7,10,308.3,7,64,11,0,1,0,0,0,0,-4.978,1.61,4,0,,ExplorationGrid,-0.428,5.46,-0.804,5.42,False,,0,0,,,,,,0,0,0,0,0,0,1.211,0.8931,0.95,0.7,navegando para fronteira
20446.63,351.5,navigating,-1.4479,4.8762,0.349,39.14,1.63,0.0493,-0.0969,21.612,45.21,10595,7,340,7,10,308.3,7,64,11,0,1,0,0,0,0,-4.978,1.61,4,0,,ExplorationGrid,-0.428,5.46,-0.804,5.42,False,,0,0,,,,,,0,0,0,0,0,0,1.211,0.8931,1.0,0.7,navegando para fronteira
20447.066,352.001,navigating,-1.4489,4.8879,0.3564,37.63,0.45,0.0404,-0.0773,21.636,45.21,10595,7,340,7,10,308.3,7,64,11,0,1,0,0,0,0,-4.978,1.61,4,0,,ExplorationGrid,-0.428,5.46,-0.804,5.42,False,,0,0,,,,,,0,0,0,0,0,0,1.114,0.9392,1.0,0.7,navegando para fronteira
20447.517,352.5,navigating,-1.4069,4.8673,0.3634,35.53,1.13,0.042,-0.0688,21.684,45.21,10595,7,340,7,10,308.3,7,64,11,0,1,0,0,0,0,-4.978,1.61,4,0,,ExplorationGrid,-0.428,5.46,-0.804,5.42,False,,0,0,,,,,,0,0,0,0,0,0,1.114,0.9392,1.15,0.65,navegando para fronteira
20447.937,353.0,navigating,-1.4034,4.8668,0.3461,32.22,0.2,0.0213,-0.1121,21.7,45.21,10595,7,340,7,10,308.3,7,64,11,0,1,0,0,0,0,-4.978,1.61,4,0,,ExplorationGrid,-0.428,5.46,-0.804,5.42,False,,0,0,,,,,,0,0,0,0,0,0,1.114,0.9392,1.25,0.65,navegando para fronteira
20448.3,353.5,navigating,-1.4163,4.8845,0.3348,29.36,0.43,0.0158,-0.1011,21.722,45.21,10595,7,340,7,10,308.3,7,64,11,0,1,0,0,0,0,-4.978,1.61,4,0,,ExplorationGrid,-0.428,5.46,-0.804,5.42,False,,0,0,,,,,,0,0,0,0,0,0,1.114,0.9392,1.3,0.65,navegando para fronteira
20448.787,354.0,navigating,-1.4256,4.8872,0.3464,26.33,0.38,0.0073,-0.1134,21.749,45.21,10595,7,340,7,10,308.3,7,64,11,0,1,0,0,0,0,-4.978,1.61,4,0,,ExplorationGrid,-0.428,5.46,-0.804,5.42,False,,0,0,,,,,,0,0,0,0,0,0,1.123,0.9321,1.45,0.65,navegando para fronteira
20449.269,354.501,navigating,-1.3899,4.858,0.3596,24.04,1.14,0.0644,-0.0984,21.798,45.21,10595,7,340,7,10,308.3,7,64,11,0,1,0,0,0,0,-4.978,1.61,4,0,,ExplorationGrid,-0.428,5.46,-0.804,5.42,False,,0,0,,,,,,0,0,0,0,0,0,1.123,0.9321,1.5,0.6,navegando para fronteira
20449.727,355.0,navigating,-1.3777,4.8712,0.3597,23.68,0.31,0.0455,-0.0358,21.821,45.21,10595,7,340,7,10,308.3,7,64,11,0,1,0,0,0,0,-4.978,1.61,4,0,,ExplorationGrid,-0.428,5.46,-0.804,5.42,False,,0,0,,,,,,0,0,0,0,0,0,1.123,0.9321,1.5,0.6,navegando para fronteira
20450.127,355.5,navigating,-1.3641,4.8805,0.3464,22.91,0.32,0.0415,-0.0619,21.842,45.21,10595,7,340,7,10,308.3,7,64,11,0,1,0,0,0,0,-4.978,1.61,4,0,,ExplorationGrid,-0.428,5.46,-0.804,5.42,False,,0,0,,,,,,0,0,0,0,0,0,1.123,0.9321,1.5,0.6,navegando para fronteira
20450.563,356.0,navigating,-1.3332,4.8618,0.3524,21.68,0.96,0.0525,-0.0426,21.879,45.21,10595,7,340,7,10,308.3,7,64,11,0,1,0,0,0,0,-4.978,1.61,4,0,,ExplorationGrid,-0.428,5.46,-0.804,5.42,False,,0,0,,,,,,0,0,0,0,0,0,1.023,0.9306,1.5,0.5,navegando para fronteira
20451.017,356.5,navigating,-1.3092,4.8744,0.3621,21.47,0.19,0.0695,0.0545,21.91,45.21,10595,7,340,7,10,308.3,7,64,11,0,1,0,0,0,0,-4.978,1.61,4,0,,ExplorationGrid,-0.428,5.46,-0.804,5.42,False,,0,0,,,,,,0,0,0,0,0,0,1.023,0.9306,1.5,0.55,navegando para fronteira
20451.457,357.0,navigating,-1.2763,4.9082,0.357,22.71,0.08,0.0781,0.0718,21.958,45.21,10595,7,340,7,10,308.3,7,64,11,0,1,0,0,0,0,-4.978,1.61,4,0,,ExplorationGrid,-0.428,5.46,-0.804,5.42,False,,0,0,,,,,,0,0,0,0,0,0,1.023,0.9306,1.5,0.5,navegando para fronteira
20451.953,357.5,navigating,-1.2188,4.8892,0.3499,23.09,1.1,0.0892,0.0219,22.019,45.21,10595,7,340,7,10,308.3,7,64,11,0,1,0,0,0,0,-4.978,1.61,4,0,,ExplorationGrid,-0.428,5.46,-0.804,5.42,False,,0,0,,,,,,0,0,0,0,0,0,1.023,0.9306,1.5,0.45,navegando para fronteira
20452.399,358.0,selecting,-1.1845,4.8824,0.34,23.0,0.36,0.0,0.0,22.06,45.33,10624,7,340,7,10,308.3,7,64,11,0,1,1,0,0,0,-4.978,1.61,4,0,,ExplorationGrid,-0.428,5.46,-0.804,5.42,False,,0,0,,,,,,0,0,0,0,0,0,1.023,0.9306,1.5,0.45,meta de fronteira expirou
20452.881,358.5,selecting,-1.1838,4.8851,0.3484,23.36,0.1,0.0,0.0,22.071,45.33,10624,7,340,7,10,308.3,7,64,11,0,1,1,0,0,0,-4.978,1.61,4,0,,ExplorationGrid,-0.428,5.46,-0.804,5.42,False,,0,0,,,,,,0,0,0,0,0,0,1.023,0.9306,1.5,0.45,meta de fronteira expirou
20453.237,359.0,selecting,-1.1842,4.8852,0.3498,23.46,0.02,0.0,0.0,22.072,45.33,10624,3,162,6,9,185.9,0,65,12,0,1,1,1,0,0,-0.378,6.31,4,0,,ExplorationGrid,-0.428,5.46,-0.804,5.42,False,,0,0,,,,,,0,0,0,0,0,0,5.869,0.7973,1.5,0.45,meta de fronteira expirou
20453.7,359.5,selecting,-1.1836,4.885,0.3506,23.36,0.07,0.0013,-0.0273,22.072,45.33,10624,3,162,6,9,185.9,0,65,12,0,1,1,1,0,0,-0.378,6.31,4,0,,ExplorationGrid,-0.428,5.46,-0.804,5.42,False,,0,0,,,,,,0,0,0,0,0,0,5.869,0.7973,1.5,0.45,meta de fronteira expirou
20454.156,360.0,navigating,-1.1835,4.885,0.3507,23.39,0.08,0.0003,-0.0278,22.073,45.33,10624,3,162,6,9,185.9,3,67,12,0,1,1,1,0,0,-4.978,1.61,4,0,,ExplorationGrid,-4.978,1.61,-4.464,1.399,False,,0,0,,,,,,0,0,0,0,0,0,5.869,0.7973,1.5,0.45,navegando para fronteira
20454.611,360.5,navigating,-1.1832,4.8851,0.351,23.36,0.12,0.0,-0.0184,22.073,45.33,10624,3,162,6,9,185.9,3,67,12,0,1,1,1,0,0,-4.978,1.61,4,0,,ExplorationGrid,-4.978,1.61,-4.464,1.399,False,,0,0,,,,,,0,0,0,0,0,0,5.869,0.7973,1.5,0.45,navegando para fronteira
20455.074,361.002,navigating,-1.183,4.8852,0.3514,23.43,0.12,0.0,-0.0236,22.073,45.33,10624,3,162,6,9,185.9,3,67,12,0,1,1,1,0,0,-4.978,1.61,4,0,,ExplorationGrid,-4.978,1.61,-4.464,1.399,False,,0,0,,,,,,0,0,0,0,0,0,5.869,0.7973,1.5,0.45,navegando para fronteira
20455.455,361.5,navigating,-1.183,4.8852,0.3514,23.42,0.13,0.0001,-0.034,22.073,45.33,10624,3,162,6,9,185.9,3,67,12,0,1,1,1,0,0,-4.978,1.61,4,0,,ExplorationGrid,-4.978,1.61,-4.464,1.399,False,,0,0,,,,,,0,0,0,0,0,0,5.869,0.7973,1.5,0.45,navegando para fronteira
20455.9,362.0,navigating,-1.183,4.8852,0.3514,23.41,0.13,0.0002,-0.0247,22.073,45.33,10624,3,162,6,9,185.9,3,67,12,0,1,1,1,0,0,-4.978,1.61,4,0,,ExplorationGrid,-4.978,1.61,-4.464,1.399,False,,0,0,,,,,,0,0,0,0,0,0,5.869,0.7973,1.5,0.45,navegando para fronteira
20456.354,362.5,navigating,-1.183,4.8852,0.3515,23.41,0.13,0.0,-0.0304,22.073,45.33,10624,3,162,6,9,185.9,3,67,12,0,1,1,1,0,0,-4.978,1.61,4,0,,ExplorationGrid,-4.978,1.61,-4.464,1.399,False,,0,0,,,,,,0,0,0,0,0,0,5.869,0.7973,1.5,0.45,navegando para fronteira
20456.758,363.0,navigating,-1.1829,4.8852,0.3515,23.41,0.13,0.0001,-0.0299,22.073,45.33,10624,3,162,6,9,185.9,3,67,12,0,1,1,1,0,0,-4.978,1.61,4,0,,ExplorationGrid,-4.978,1.61,-4.464,1.399,False,,0,0,,,,,,0,0,0,0,0,0,5.869,0.7973,1.5,0.45,navegando para fronteira
20457.208,363.5,navigating,-1.1829,4.8852,0.3515,23.41,0.13,0.0,-0.0333,22.073,45.33,10624,3,162,6,9,185.9,3,67,12,0,1,1,1,0,0,-4.978,1.61,4,0,,ExplorationGrid,-4.978,1.61,-4.464,1.399,False,,0,0,,,,,,0,0,0,0,0,0,5.869,0.7973,1.5,0.45,navegando para fronteira
20457.703,364.0,navigating,-1.1829,4.8852,0.3515,23.4,0.14,0.0001,-0.0289,22.073,45.33,10624,3,162,6,9,185.9,3,67,12,0,1,1,1,0,0,-4.978,1.61,4,0,,ExplorationGrid,-4.978,1.61,-4.464,1.399,False,,0,0,,,,,,0,0,0,0,0,0,5.869,0.7973,1.5,0.45,navegando para fronteira
20458.149,364.5,navigating,-1.1829,4.8852,0.3515,23.4,0.14,0.0,-0.0319,22.073,45.33,10624,3,162,6,9,185.9,3,67,12,0,1,1,1,0,0,-4.978,1.61,4,0,,ExplorationGrid,-4.978,1.61,-4.464,1.399,False,,0,0,,,,,,0,0,0,0,0,0,5.869,0.7973,1.5,0.45,navegando para fronteira
20458.612,365.0,navigating,-1.1829,4.8852,0.3515,23.4,0.14,0.0019,-0.0278,22.073,45.33,10624,3,162,6,9,185.9,3,67,12,0,1,1,1,0,0,-4.978,1.61,4,0,,ExplorationGrid,-4.978,1.61,-4.464,1.399,False,,0,0,,,,,,0,0,0,0,0,0,5.869,0.7973,1.5,0.45,navegando para fronteira
20458.994,365.501,navigating,-1.1829,4.8852,0.3515,23.4,0.14,0.0004,-0.0317,22.073,45.33,10624,3,162,6,9,185.9,3,67,12,0,1,1,1,0,0,-4.978,1.61,4,0,,ExplorationGrid,-4.978,1.61,-4.464,1.399,False,,0,0,,,,,,0,0,0,0,0,0,5.869,0.7973,1.5,0.45,navegando para fronteira
20459.475,366.0,navigating,-1.1829,4.8852,0.3515,23.4,0.14,0.0001,-0.0287,22.073,45.33,10624,3,162,6,9,185.9,3,67,12,0,1,1,1,0,0,-4.978,1.61,4,0,,ExplorationGrid,-4.978,1.61,-4.464,1.399,False,,0,0,,,,,,0,0,0,0,0,0,5.869,0.7973,1.5,0.45,navegando para fronteira
20459.956,366.5,navigating,-1.1828,4.8852,0.3515,23.4,0.14,0.0,-0.0311,22.073,45.33,10624,3,162,6,9,185.9,3,67,12,0,1,1,1,0,0,-4.978,1.61,4,0,,ExplorationGrid,-4.978,1.61,-4.464,1.399,False,,0,0,,,,,,0,0,0,0,0,0,5.869,0.7973,1.5,0.45,navegando para fronteira
20460.331,367.0,navigating,-1.1828,4.8852,0.3515,23.4,0.14,0.0,-0.0304,22.073,45.33,10624,3,162,6,9,185.9,3,67,12,0,1,1,1,0,0,-4.978,1.61,4,0,,ExplorationGrid,-4.978,1.61,-4.464,1.399,False,,0,0,,,,,,0,0,0,0,0,0,5.869,0.7973,1.5,0.45,navegando para fronteira
20460.784,367.5,navigating,-1.1828,4.8852,0.3515,23.4,0.14,0.0001,-0.0282,22.073,45.33,10624,3,162,6,9,185.9,3,67,12,0,1,1,1,0,0,-4.978,1.61,4,0,,ExplorationGrid,-4.978,1.61,-4.464,1.399,False,,0,0,,,,,,0,0,0,0,0,0,5.869,0.7973,1.5,0.45,navegando para fronteira
20461.23,368.0,navigating,-1.1828,4.8852,0.3515,23.4,0.14,0.0006,-0.0309,22.073,45.33,10624,3,162,6,9,185.9,3,67,12,0,1,1,1,0,0,-4.978,1.61,4,0,,ExplorationGrid,-4.978,1.61,-4.464,1.399,False,,0,0,,,,,,0,0,0,0,0,0,5.869,0.7973,1.5,0.45,navegando para fronteira
20461.706,368.5,navigating,-1.1828,4.8852,0.3515,23.4,0.14,0.0,-0.0267,22.073,45.33,10624,3,162,6,9,185.9,3,67,12,0,1,1,1,0,0,-4.978,1.61,4,0,,ExplorationGrid,-4.978,1.61,-4.464,1.399,False,,0,0,,,,,,0,0,0,0,0,0,5.869,0.7973,1.5,0.45,navegando para fronteira
20462.129,369.0,navigating,-1.1828,4.8852,0.3515,23.4,0.14,0.0,-0.0283,22.073,45.33,10624,3,162,6,9,185.9,3,67,12,0,1,1,1,0,0,-4.978,1.61,4,0,,ExplorationGrid,-4.978,1.61,-4.464,1.399,False,,0,0,,,,,,0,0,0,0,0,0,5.869,0.7973,1.5,0.45,navegando para fronteira
20462.6,369.5,navigating,-1.1828,4.8852,0.3515,23.4,0.14,0.0,-0.0285,22.073,45.33,10624,3,162,6,9,185.9,3,67,12,0,1,1,1,0,0,-4.978,1.61,4,0,,ExplorationGrid,-4.978,1.61,-4.464,1.399,False,,0,0,,,,,,0,0,0,0,0,0,5.869,0.7973,1.5,0.45,navegando para fronteira
20463.067,370.0,navigating,-1.1828,4.8852,0.3515,23.4,0.14,0.0001,-0.026,22.073,45.33,10624,3,162,6,9,185.9,3,67,12,0,1,1,1,0,0,-4.978,1.61,4,0,,ExplorationGrid,-4.978,1.61,-4.464,1.399,False,,0,0,,,,,,0,0,0,0,0,0,5.869,0.7973,1.5,0.45,navegando para fronteira
20463.484,370.5,navigating,-1.1828,4.8852,0.3516,23.4,0.14,0.0,-0.0257,22.073,45.33,10624,3,162,6,9,185.9,3,67,12,0,1,1,1,0,0,-4.978,1.61,4,0,,ExplorationGrid,-4.978,1.61,-4.464,1.399,False,,0,0,,,,,,0,0,0,0,0,0,5.869,0.7973,1.5,0.45,navegando para fronteira
20463.932,371.0,navigating,-1.1828,4.8852,0.3516,23.4,0.14,0.0009,-0.025,22.073,45.33,10624,3,162,6,9,185.9,3,67,12,0,1,1,1,0,0,-4.978,1.61,4,0,,ExplorationGrid,-4.978,1.61,-4.464,1.399,False,,0,0,,,,,,0,0,0,0,0,0,5.869,0.7973,1.5,0.45,navegando para fronteira
20464.334,371.5,navigating,-1.1828,4.8852,0.3516,23.4,0.14,0.0002,-0.0345,22.073,45.33,10624,3,162,6,9,185.9,3,67,12,0,1,1,1,0,0,-4.978,1.61,4,0,,ExplorationGrid,-4.978,1.61,-4.464,1.399,False,,0,0,,,,,,0,0,0,0,0,0,5.869,0.7973,1.5,0.45,navegando para fronteira
20464.81,372.0,navigating,-1.1828,4.8852,0.3516,23.4,0.14,0.0,-0.0229,22.073,45.33,10624,3,162,6,9,185.9,3,67,12,0,1,1,1,0,0,-4.978,1.61,4,0,,ExplorationGrid,-4.978,1.61,-4.464,1.399,False,,0,0,,,,,,0,0,0,0,0,0,5.869,0.7973,1.5,0.45,navegando para fronteira
20465.229,372.5,navigating,-1.1828,4.8852,0.3516,23.4,0.14,0.0002,-0.0218,22.073,45.33,10624,3,162,6,9,185.9,3,67,12,0,1,1,1,0,0,-4.978,1.61,4,0,,ExplorationGrid,-4.978,1.61,-4.464,1.399,False,,0,0,,,,,,0,0,0,0,0,0,5.869,0.7973,1.5,0.45,navegando para fronteira
20465.678,373.0,navigating,-1.1827,4.8852,0.3516,23.4,0.14,0.0001,-0.0265,22.073,45.33,10624,3,162,6,9,185.9,3,67,12,0,1,1,1,0,0,-4.978,1.61,4,0,,ExplorationGrid,-4.978,1.61,-4.464,1.399,False,,0,0,,,,,,0,0,0,0,0,0,5.869,0.7973,1.5,0.45,navegando para fronteira
20466.053,373.5,navigating,-1.1827,4.8852,0.3516,23.4,0.14,0.0002,-0.0259,22.073,45.33,10624,3,162,6,9,185.9,3,67,12,0,1,1,1,0,0,-4.978,1.61,4,0,,ExplorationGrid,-4.978,1.61,-4.464,1.399,False,,0,0,,,,,,0,0,0,0,0,0,5.869,0.7973,1.5,0.45,navegando para fronteira
20466.523,374.0,navigating,-1.1827,4.8853,0.3517,23.4,0.14,0.0002,-0.0253,22.073,45.33,10624,3,162,6,9,185.9,3,67,12,0,1,1,1,0,0,-4.978,1.61,4,0,,ExplorationGrid,-4.978,1.61,-4.464,1.399,False,,0,0,,,,,,0,0,0,0,0,0,5.869,0.7973,1.5,0.45,navegando para fronteira
20466.96,374.501,navigating,-1.1827,4.8853,0.3517,23.4,0.14,0.0003,-0.0262,22.073,45.33,10624,3,162,6,9,185.9,3,67,12,0,1,1,1,0,0,-4.978,1.61,4,0,,ExplorationGrid,-4.978,1.61,-4.464,1.399,False,,0,0,,,,,,0,0,0,0,0,0,5.869,0.7973,1.5,0.45,navegando para fronteira
20467.421,375.0,navigating,-1.1827,4.8853,0.3517,23.4,0.14,0.0,-0.0297,22.073,45.33,10624,3,162,6,9,185.9,3,67,12,0,1,1,1,0,0,-4.978,1.61,4,0,,ExplorationGrid,-4.978,1.61,-4.464,1.399,False,,0,0,,,,,,0,0,0,0,0,0,5.869,0.7973,1.5,0.45,navegando para fronteira
20467.9,375.5,navigating,-1.1827,4.8853,0.3519,23.42,0.14,0.0,-0.0321,22.074,45.33,10624,3,162,6,9,185.9,3,67,12,0,1,1,1,0,0,-4.978,1.61,4,0,,ExplorationGrid,-4.978,1.61,-4.464,1.399,False,,0,0,,,,,,0,0,0,0,0,0,5.869,0.7973,1.5,0.45,navegando para fronteira
20468.315,376.0,navigating,-1.1827,4.8853,0.352,23.35,0.15,0.0,-0.0428,22.074,45.33,10624,3,162,6,9,185.9,3,67,12,0,1,1,1,0,0,-4.978,1.61,4,0,,ExplorationGrid,-4.978,1.61,-4.464,1.399,False,,0,0,,,,,,0,0,0,0,0,0,5.869,0.7973,1.5,0.45,navegando para fronteira
20468.754,376.5,navigating,-1.1827,4.8852,0.3524,23.4,0.14,0.0002,-0.0357,22.074,45.33,10624,3,162,6,9,185.9,3,67,12,0,1,1,1,0,0,-4.978,1.61,4,0,,ExplorationGrid,-4.978,1.61,-4.464,1.399,False,,0,0,,,,,,0,0,0,0,0,0,5.869,0.7973,1.5,0.45,navegando para fronteira
20469.222,377.0,selecting,-1.1827,4.8852,0.3525,23.42,0.14,0.0,0.0,22.074,45.33,10624,3,162,6,9,185.9,3,67,12,0,1,2,1,0,0,-4.978,1.61,4,0,,ExplorationGrid,-4.978,1.61,-4.464,1.399,False,,0,0,,,,,,0,0,0,0,0,0,5.869,0.7973,1.5,0.45,vigia de movimento: robo parado (sem progresso xy/angular)
20469.674,377.5,selecting,-1.1828,4.8852,0.3526,23.4,0.14,0.0,0.0,22.074,45.33,10624,3,162,6,9,185.9,3,67,12,0,1,2,1,0,0,-4.978,1.61,4,0,,ExplorationGrid,-4.978,1.61,-4.464,1.399,False,,0,0,,,,,,0,0,0,0,0,0,5.869,0.7973,1.5,0.45,vigia de movimento: robo parado (sem progresso xy/angular)
20470.158,378.0,selecting,-1.1828,4.8852,0.3527,23.39,0.14,0.0,0.0,22.074,45.33,10624,3,162,6,9,185.9,3,67,12,0,1,2,1,0,0,-4.978,1.61,4,0,,ExplorationGrid,-4.978,1.61,-4.464,1.399,False,,0,0,,,,,,0,0,0,0,0,0,5.869,0.7973,1.5,0.45,vigia de movimento: robo parado (sem progresso xy/angular)
20470.551,378.5,selecting,-1.1839,4.8879,0.3533,23.54,0.33,0.0192,-0.0028,22.077,45.33,10624,2,162,6,9,203.8,0,68,13,0,1,2,1,0,0,-0.378,6.31,4,0,,ExplorationGrid,-4.978,1.61,-4.464,1.399,False,,0,0,,,,,,0,0,0,0,0,0,1.47,0.9029,1.5,0.45,vigia de movimento: robo parado (sem progresso xy/angular)
20471.043,379.0,navigating,-1.1671,4.8953,0.3574,23.36,0.23,0.0523,-0.0217,22.1,45.33,10624,2,162,6,9,203.8,2,69,13,0,1,2,1,0,0,-4.128,1.46,4,0,,ExplorationGrid,-0.378,6.31,-0.632,6.007,False,,0,0,,,,,,0,0,0,0,0,0,1.47,0.9029,1.5,0.45,navegando para fronteira
20471.504,379.5,navigating,-1.1354,4.895,0.3597,21.98,0.46,0.0555,-0.0355,22.133,45.33,10624,2,162,6,9,203.8,2,69,13,0,1,2,1,0,0,-4.128,1.46,4,0,,ExplorationGrid,-0.378,6.31,-0.632,6.007,False,,0,0,,,,,,0,0,0,0,0,0,1.414,0.9382,1.5,0.45,navegando para fronteira
20471.98,380.001,navigating,-1.1072,4.9142,0.3617,21.18,0.24,0.0687,0.0091,22.168,45.33,10624,2,162,6,9,203.8,2,69,13,0,1,2,1,0,0,-4.128,1.46,4,0,,ExplorationGrid,-0.378,6.31,-0.632,6.007,False,,0,0,,,,,,0,0,0,0,0,0,1.414,0.9382,1.5,0.45,navegando para fronteira
20472.439,380.5,navigating,-1.0728,4.9287,0.3634,21.2,0.27,0.0826,-0.0216,22.206,45.33,10624,2,162,6,9,203.8,2,69,13,0,1,2,1,0,0,-4.128,1.46,4,0,,ExplorationGrid,-0.378,6.31,-0.632,6.007,False,,0,0,,,,,,0,0,0,0,0,0,1.298,0.9134,0.55,0.5,navegando para fronteira
20472.881,381.001,navigating,-1.0301,4.942,0.3576,20.62,0.38,0.1009,-0.0128,22.251,45.33,10624,2,162,6,9,203.8,2,69,13,0,1,2,1,0,0,-4.128,1.46,4,0,,ExplorationGrid,-0.378,6.31,-0.632,6.007,False,,0,0,,,,,,0,0,0,0,0,0,1.298,0.9134,0.4,0.5,navegando para fronteira
20473.3,381.5,navigating,-0.9879,4.9641,0.3549,22.05,0.04,0.1031,-0.0284,22.298,45.33,10624,2,162,6,9,203.8,2,69,13,0,1,2,1,0,0,-4.128,1.46,4,0,,ExplorationGrid,-0.378,6.31,-0.632,6.007,False,,0,0,,,,,,0,0,0,0,0,0,1.198,0.9303,0.35,0.55,navegando para fronteira
20473.739,382.0,navigating,-0.9344,4.9861,0.3543,22.16,0.12,0.1174,-0.0691,22.356,45.33,10624,2,162,6,9,203.8,2,69,13,0,1,2,1,0,0,-4.128,1.46,4,0,,ExplorationGrid,-0.378,6.31,-0.632,6.007,False,,0,0,,,,,,0,0,0,0,0,0,1.198,0.9303,0.3,0.55,navegando para fronteira
20474.235,382.5,navigating,-0.8688,5.0227,0.3541,23.34,0.41,0.1266,-0.0339,22.431,45.33,10624,2,162,6,9,203.8,2,69,13,0,1,2,1,0,0,-4.128,1.46,4,0,,ExplorationGrid,-0.378,6.31,-0.632,6.007,False,,0,0,,,,,,0,0,0,0,0,0,1.089,0.8939,0.25,0.6,navegando para fronteira
20474.657,383.0,navigating,-0.8152,5.0395,0.3585,22.72,0.48,0.1269,0.0004,22.488,40.07,11081,2,162,6,9,203.8,2,69,13,0,1,2,1,0,0,-4.128,1.46,4,0,,ExplorationGrid,-0.378,6.31,-0.632,6.007,False,,0,0,,,,,,0,0,0,0,0,0,1.089,0.8939,0.25,0.6,navegando para fronteira
20475.136,383.5,navigating,-0.7572,5.0472,0.3593,23.26,0.48,0.1059,0.0538,22.548,40.07,11081,2,162,6,9,203.8,2,69,13,0,1,2,1,0,0,-4.128,1.46,4,0,,ExplorationGrid,-0.378,6.31,-0.632,6.007,False,,0,0,,,,,,0,0,0,0,0,0,0.999,0.9087,0.25,0.6,navegando para fronteira
20475.551,384.0,navigating,-0.7154,5.0791,0.3573,24.66,0.27,0.1163,0.0925,22.601,40.07,11081,2,162,6,9,203.8,2,69,13,0,1,2,1,0,0,-4.128,1.46,4,0,,ExplorationGrid,-0.378,6.31,-0.632,6.007,False,,0,0,,,,,,0,0,0,0,0,0,0.999,0.9087,0.2,0.65,navegando para fronteira
20476.008,384.5,navigating,-0.6496,5.1042,0.3593,26.07,0.4,0.1398,0.0421,22.672,40.07,11081,2,162,6,9,203.8,2,69,13,0,1,2,1,0,0,-4.128,1.46,4,0,,ExplorationGrid,-0.378,6.31,-0.632,6.007,False,,0,0,,,,,,0,0,0,0,0,0,0.854,0.8979,0.2,0.7,navegando para fronteira
20476.466,385.0,navigating,-0.5874,5.1334,0.3557,26.94,0.32,0.1371,0.0535,22.74,40.07,11081,2,162,6,9,203.8,2,69,13,0,1,2,1,0,0,-4.128,1.46,4,0,,ExplorationGrid,-0.378,6.31,-0.632,6.007,False,,0,0,,,,,,0,0,0,0,0,0,0.854,0.8979,0.15,0.75,navegando para fronteira
20476.92,385.5,navigating,-0.5403,5.1734,0.3605,28.23,0.46,0.1171,0.0929,22.803,40.07,11081,2,162,6,9,203.8,2,69,13,0,1,2,1,0,0,-4.128,1.46,4,0,,ExplorationGrid,-0.378,6.31,-0.632,6.007,False,,0,0,,,,,,0,0,0,0,0,0,0.693,0.9053,0.15,0.8,navegando para fronteira
20477.364,386.0,navigating,-0.4846,5.1931,0.3554,30.24,0.14,0.1005,0.0828,22.863,40.07,11081,2,162,6,9,203.8,2,69,13,0,1,2,1,0,0,-4.128,1.46,4,0,,ExplorationGrid,-0.378,6.31,-0.632,6.007,False,,0,0,,,,,,0,0,0,0,0,0,0.693,0.9053,0.15,0.85,navegando para fronteira
20477.772,386.5,navigating,-0.4436,5.2087,0.3605,32.08,0.2,0.1045,0.0752,22.908,40.07,11081,2,162,6,9,203.8,2,69,13,0,1,2,1,0,0,-4.128,1.46,4,0,,ExplorationGrid,-0.378,6.31,-0.632,6.007,False,,0,0,,,,,,0,0,0,0,0,0,0.59,0.9729,0.2,0.85,navegando para fronteira
20478.161,387.0,navigating,-0.4205,5.2496,0.3453,32.67,0.69,0.0901,-0.0078,22.955,42.23,11729,2,162,6,9,203.8,2,69,13,0,1,2,1,0,0,-4.128,1.46,4,0,,ExplorationGrid,-0.378,6.31,-0.632,6.007,False,,0,0,,,,,,0,0,0,0,0,0,0.59,0.9729,0.15,0.9,navegando para fronteira
20478.636,387.5,navigating,-0.3812,5.2387,0.3589,32.58,1.06,0.0548,-0.027,22.998,42.23,11729,2,162,6,9,203.8,2,69,13,0,1,2,1,0,0,-4.128,1.46,4,0,,ExplorationGrid,-0.378,6.31,-0.632,6.007,False,,0,0,,,,,,0,0,0,0,0,0,0.444,0.9916,0.2,0.9,navegando para fronteira
20479.076,388.0,navigating,-0.3639,5.2344,0.3429,32.32,0.48,0.0297,-0.0159,23.019,42.23,11729,2,162,6,9,203.8,2,69,13,0,1,2,1,0,0,-4.128,1.46,4,0,,ExplorationGrid,-0.378,6.31,-0.632,6.007,False,,0,0,,,,,,0,0,0,0,0,0,0.444,0.9916,0.2,0.9,navegando para fronteira
20479.495,388.5,navigating,-0.3646,5.2244,0.3635,33.14,0.57,0.0073,0.0418,23.032,42.23,11729,2,162,6,9,203.8,2,69,13,0,1,2,1,0,0,-4.128,1.46,4,0,,ExplorationGrid,-0.378,6.31,-0.632,6.007,False,,0,0,,,,,,0,0,0,0,0,0,0.444,0.9916,0.25,0.9,navegando para fronteira
20479.921,389.0,navigating,-0.365,5.2287,0.3659,32.07,0.13,0.0316,-0.012,23.045,42.23,11729,2,162,6,9,203.8,2,69,13,0,1,2,1,0,0,-4.128,1.46,4,0,,ExplorationGrid,-0.378,6.31,-0.632,6.007,False,,0,0,,,,,,0,0,0,0,0,0,0.542,0.9867,0.25,0.9,navegando para fronteira
20480.416,389.5,navigating,-0.3539,5.2424,0.3644,30.83,0.29,0.0343,-0.0238,23.064,42.23,11729,2,162,6,9,203.8,2,69,13,0,1,2,1,0,0,-4.128,1.46,4,0,,ExplorationGrid,-0.378,6.31,-0.632,6.007,False,,0,0,,,,,,0,0,0,0,0,0,0.542,0.9867,0.2,0.9,navegando para fronteira
20480.849,390.0,navigating,-0.3344,5.2489,0.3639,30.45,0.19,0.0476,0.0047,23.085,42.23,11729,2,162,6,9,203.8,2,69,13,0,1,2,1,0,0,-4.128,1.46,4,0,,ExplorationGrid,-0.378,6.31,-0.632,6.007,False,,0,0,,,,,,0,0,0,0,0,0,0.444,0.9916,0.25,0.9,navegando para fronteira
20481.281,390.5,navigating,-0.3127,5.2526,0.3664,30.83,0.19,0.0527,0.0211,23.107,42.23,11729,2,162,6,9,203.8,2,69,13,0,1,2,1,0,0,-4.128,1.46,4,0,,ExplorationGrid,-0.378,6.31,-0.632,6.007,False,,0,0,,,,,,0,0,0,0,0,0,0.444,0.9916,0.3,0.9,navegando para fronteira
20481.673,391.0,navigating,-0.2995,5.2714,0.3616,32.75,0.36,0.058,0.0593,23.131,42.23,11729,2,162,6,9,203.8,2,69,13,0,1,2,1,0,0,-4.128,1.46,4,0,,ExplorationGrid,-0.378,6.31,-0.632,6.007,False,,0,0,,,,,,0,0,0,0,0,0,0.444,0.9916,0.3,0.95,navegando para fronteira
20482.151,391.5,navigating,-0.283,5.2724,0.3592,34.39,0.17,0.035,0.0303,23.149,42.23,11729,2,162,6,9,203.8,2,69,13,0,1,2,1,0,0,-4.128,1.46,4,0,,ExplorationGrid,-0.378,6.31,-0.632,6.007,False,,0,0,,,,,,0,0,0,0,0,0,0.444,0.9916,0.3,0.95,navegando para fronteira
20482.565,392.002,navigating,-0.2645,5.2699,0.3494,35.52,0.46,0.0367,0.0485,23.169,42.23,11729,2,162,6,9,203.8,2,69,13,0,1,2,1,0,0,-4.128,1.46,4,0,,ExplorationGrid,-0.378,6.31,-0.632,6.007,False,,0,0,,,,,,0,0,0,0,0,0,0.431,0.9586,0.35,0.95,navegando para fronteira
20482.958,392.502,navigating,-0.2509,5.2791,0.3534,36.83,0.11,0.0465,0.0389,23.186,42.23,11729,2,162,6,9,203.8,2,69,13,0,1,2,1,0,0,-4.128,1.46,4,0,,ExplorationGrid,-0.378,6.31,-0.632,6.007,False,,0,0,,,,,,0,0,0,0,0,0,0.431,0.9586,0.35,0.95,navegando para fronteira
20483.443,393.0,navigating,-0.2316,5.2573,0.3533,36.38,1.03,0.0105,-0.0109,23.217,42.23,11729,2,162,6,9,203.8,2,69,13,0,1,2,1,0,0,-4.128,1.46,4,0,,ExplorationGrid,-0.378,6.31,-0.632,6.007,False,,0,0,,,,,,0,0,0,0,0,0,0.431,0.9586,0.4,0.9,navegando para fronteira
20483.842,393.5,navigating,-0.2413,5.2358,0.3561,37.36,0.84,0.002,0.053,23.241,42.23,11729,2,162,6,9,203.8,2,69,13,0,1,2,1,0,0,-4.128,1.46,4,0,,ExplorationGrid,-0.378,6.31,-0.632,6.007,False,,0,0,,,,,,0,0,0,0,0,0,0.431,0.9586,0.35,0.9,navegando para fronteira
20484.3,394.0,navigating,-0.2657,5.2196,0.3494,36.75,0.18,0.0014,0.0185,23.272,42.23,11729,2,162,6,9,203.8,2,69,13,0,1,2,1,0,0,-4.128,1.46,4,0,,ExplorationGrid,-0.378,6.31,-0.632,6.007,False,,0,0,,,,,,0,0,0,0,0,0,0.533,0.9608,0.35,0.9,navegando para fronteira
20484.688,394.5,navigating,-0.2463,5.2224,0.3549,37.01,0.46,0.0443,0.0109,23.292,42.23,11729,2,162,6,9,203.8,2,69,13,0,1,2,1,0,0,-4.128,1.46,4,0,,ExplorationGrid,-0.378,6.31,-0.632,6.007,False,,0,0,,,,,,0,0,0,0,0,0,0.533,0.9608,0.35,0.95,navegando para fronteira
20485.178,395.0,navigating,-0.2061,5.2489,0.3582,36.94,0.16,0.0909,-0.0096,23.341,42.23,11729,2,162,6,9,203.8,2,69,13,0,1,2,1,0,0,-4.128,1.46,4,0,,ExplorationGrid,-0.378,6.31,-0.632,6.007,False,,0,0,,,,,,0,0,0,0,0,0,0.431,0.9586,0.45,0.85,navegando para fronteira
20485.625,395.5,navigating,-0.1784,5.2811,0.3598,37.21,0.45,0.0802,-0.0117,23.384,42.23,11729,2,162,6,9,203.8,2,69,13,0,1,2,1,0,0,-4.128,1.46,4,0,,ExplorationGrid,-0.378,6.31,-0.632,6.007,False,,0,0,,,,,,0,0,0,0,0,0,0.431,0.9586,0.45,0.8,navegando para fronteira
20486.083,396.0,navigating,-0.1586,5.2942,0.3589,37.11,0.26,0.0526,-0.0089,23.408,42.23,11729,2,162,6,9,203.8,2,69,13,0,1,2,1,0,0,-4.128,1.46,4,0,,ExplorationGrid,-0.378,6.31,-0.632,6.007,False,,0,0,,,,,,0,0,0,0,0,0,0.432,0.9447,0.5,0.8,navegando para fronteira
20486.504,396.5,navigating,-0.1526,5.295,0.36,37.54,0.56,0.0236,-0.0744,23.419,42.23,11729,2,162,6,9,203.8,2,69,13,0,1,2,1,0,0,-4.128,1.46,4,0,,ExplorationGrid,-0.378,6.31,-0.632,6.007,False,,0,0,,,,,,0,0,0,0,0,0,0.432,0.9447,0.5,0.75,navegando para fronteira
20486.994,397.0,navigating,-0.1449,5.2748,0.3518,36.57,0.45,0.0071,-0.0034,23.444,44.36,12321,2,162,6,9,203.8,2,69,13,0,1,2,1,0,0,-4.128,1.46,4,0,,ExplorationGrid,-0.378,6.31,-0.632,6.007,False,,0,0,,,,,,0,0,0,0,0,0,0.432,0.9447,0.55,0.75,navegando para fronteira
20487.436,397.5,navigating,-0.1428,5.2747,0.3539,35.99,0.01,0.0089,0.0166,23.46,44.36,12321,2,162,6,9,203.8,2,69,13,0,1,2,1,0,0,-4.128,1.46,4,0,,ExplorationGrid,-0.378,6.31,-0.632,6.007,False,,0,0,,,,,,0,0,0,0,0,0,0.432,0.9447,0.55,0.8,navegando para fronteira
20487.913,398.0,navigating,-0.1521,5.2849,0.3547,35.82,0.45,0.0127,0.023,23.48,44.36,12321,2,162,6,9,203.8,2,69,13,0,1,2,1,0,0,-4.128,1.46,4,0,,ExplorationGrid,-0.378,6.31,-0.632,6.007,False,,0,0,,,,,,0,0,0,0,0,0,0.432,0.9447,0.55,0.8,navegando para fronteira
20488.34,398.5,navigating,-0.1368,5.2709,0.3557,35.84,0.66,0.0205,-0.0048,23.502,44.36,12321,2,162,6,9,203.8,2,69,13,0,1,2,1,0,0,-4.128,1.46,4,0,,ExplorationGrid,-0.378,6.31,-0.632,6.007,False,,0,0,,,,,,0,0,0,0,0,0,0.432,0.9447,0.55,0.75,navegando para fronteira
20488.814,399.0,navigating,-0.1331,5.2756,0.3564,36.19,0.26,0.0315,0.0141,23.517,44.36,12321,2,162,6,9,203.8,2,69,13,0,1,2,1,0,0,-4.128,1.46,4,0,,ExplorationGrid,-0.378,6.31,-0.632,6.007,False,,0,0,,,,,,0,0,0,0,0,0,0.432,0.9447,0.55,0.75,navegando para fronteira
20489.225,399.5,navigating,-0.1296,5.2825,0.351,36.21,0.13,0.025,0.0178,23.527,44.36,12321,2,162,6,9,203.8,2,69,13,0,1,2,1,0,0,-4.128,1.46,4,0,,ExplorationGrid,-0.378,6.31,-0.632,6.007,False,,0,0,,,,,,0,0,0,0,0,0,0.432,0.9447,0.55,0.75,navegando para fronteira
20489.71,400.0,navigating,-0.1154,5.2771,0.3539,37.1,0.41,0.0216,0.0019,23.543,44.36,12321,2,162,6,9,203.8,2,69,13,0,1,2,1,0,0,-4.128,1.46,4,0,,ExplorationGrid,-0.378,6.31,-0.632,6.007,False,,0,0,,,,,,0,0,0,0,0,0,0.432,0.9447,0.6,0.7,navegando para fronteira
20490.11,400.5,navigating,-0.1026,5.2803,0.3435,37.47,0.26,0.0274,0.0094,23.558,44.36,12321,2,162,6,9,203.8,2,69,13,0,1,2,1,0,0,-4.128,1.46,4,0,,ExplorationGrid,-0.378,6.31,-0.632,6.007,False,,0,0,,,,,,0,0,0,0,0,0,0.432,0.9447,0.6,0.7,navegando para fronteira
20490.6,401.0,navigating,-0.0932,5.2896,0.3504,37.59,0.15,0.0318,0.0181,23.572,44.36,12321,2,162,6,9,203.8,2,69,13,0,1,2,1,0,0,-4.128,1.46,4,0,,ExplorationGrid,-0.378,6.31,-0.632,6.007,False,,0,0,,,,,,0,0,0,0,0,0,0.432,0.9447,0.6,0.65,navegando para fronteira
20491.057,401.5,navigating,-0.0802,5.3024,0.3489,37.88,0.4,0.0367,-0.0259,23.59,44.36,12321,2,162,6,9,203.8,2,69,13,0,1,2,1,0,0,-4.128,1.46,4,0,,ExplorationGrid,-0.378,6.31,-0.632,6.007,False,,0,0,,,,,,0,0,0,0,0,0,0.478,0.8946,0.65,0.65,navegando para fronteira
20491.511,402.0,navigating,-0.0655,5.317,0.349,37.61,0.05,0.0434,0.0058,23.611,44.36,12321,2,162,6,9,203.8,2,69,13,0,1,2,1,0,0,-4.128,1.46,4,0,,ExplorationGrid,-0.378,6.31,-0.632,6.007,False,,0,0,,,,,,0,0,0,0,0,0,0.478,0.8946,0.65,0.6,navegando para fronteira
20491.936,402.5,navigating,-0.0491,5.3249,0.3442,37.38,0.23,0.0355,-0.0186,23.63,44.36,12321,2,162,6,9,203.8,2,69,13,0,1,2,1,0,0,-4.128,1.46,4,0,,ExplorationGrid,-0.378,6.31,-0.632,6.007,False,,0,0,,,,,,0,0,0,0,0,0,0.375,0.8909,0.7,0.6,navegando para fronteira
20492.41,403.0,navigating,-0.0345,5.3207,0.359,37.05,0.74,0.0282,0.0187,23.646,44.36,12321,2,162,6,9,203.8,2,69,13,0,1,2,1,0,0,-4.128,1.46,4,0,,ExplorationGrid,-0.378,6.31,-0.632,6.007,False,,0,0,,,,,,0,0,0,0,0,0,0.375,0.8909,0.7,0.6,navegando para fronteira
20492.882,403.5,navigating,-0.0402,5.331,0.3602,37.69,0.44,0.0155,0.0262,23.664,44.36,12321,2,162,6,9,203.8,2,69,13,0,1,2,1,0,0,-4.128,1.46,4,0,,ExplorationGrid,-0.378,6.31,-0.632,6.007,False,,0,0,,,,,,0,0,0,0,0,0,0.375,0.8909,0.7,0.6,navegando para fronteira
20493.309,404.0,navigating,-0.0414,5.3322,0.3612,37.78,0.19,0.0069,0.0117,23.675,44.36,12321,2,162,6,9,203.8,2,69,13,0,1,2,1,0,0,-4.128,1.46,4,0,,ExplorationGrid,-0.378,6.31,-0.632,6.007,False,,0,0,,,,,,0,0,0,0,0,0,0.375,0.8909,0.7,0.6,navegando para fronteira
20493.788,404.5,navigating,-0.0316,5.328,0.3536,38.94,0.25,0.0143,0.0104,23.687,44.36,12321,2,162,6,9,203.8,2,69,13,0,1,2,1,0,0,-4.128,1.46,4,0,,ExplorationGrid,-0.378,6.31,-0.632,6.007,False,,0,0,,,,,,0,0,0,0,0,0,0.375,0.8909,0.7,0.55,navegando para fronteira
20494.221,405.0,navigating,-0.0187,5.3255,0.3551,39.22,0.51,0.0225,0.0159,23.702,44.36,12321,2,162,6,9,203.8,2,69,13,0,1,2,1,0,0,-4.128,1.46,4,0,,ExplorationGrid,-0.378,6.31,-0.632,6.007,False,,0,0,,,,,,0,0,0,0,0,0,0.375,0.8909,0.7,0.55,navegando para fronteira
20494.671,405.5,navigating,-0.0137,5.335,0.3558,39.34,0.14,0.0257,0.0097,23.714,44.36,12321,2,162,6,9,203.8,2,69,13,0,1,2,1,0,0,-4.128,1.46,4,0,,ExplorationGrid,-0.378,6.31,-0.632,6.007,False,,0,0,,,,,,0,0,0,0,0,0,0.375,0.8909,0.7,0.5,navegando para fronteira
20495.132,406.0,navigating,-0.0065,5.3397,0.3556,39.46,0.32,0.0226,0.0049,23.725,44.36,12321,2,162,6,9,203.8,2,69,13,0,1,2,1,0,0,-4.128,1.46,4,0,,ExplorationGrid,-0.378,6.31,-0.632,6.007,False,,0,0,,,,,,0,0,0,0,0,0,0.375,0.8909,0.7,0.5,navegando para fronteira
20495.594,406.5,navigating,0.0023,5.3446,0.3575,38.89,0.13,0.0171,-0.0126,23.74,44.36,12321,2,162,6,9,203.8,2,69,13,0,1,2,1,0,0,-4.128,1.46,4,0,,ExplorationGrid,-0.378,6.31,-0.632,6.007,False,,0,0,,,,,,0,0,0,0,0,0,0.375,0.8909,0.75,0.5,navegando para fronteira
20495.967,407.0,navigating,0.0039,5.3553,0.3557,38.45,0.24,0.0183,0.0218,23.751,44.36,12321,2,162,6,9,203.8,2,69,13,0,1,2,1,0,0,-4.128,1.46,4,0,,ExplorationGrid,-0.378,6.31,-0.632,6.007,False,,0,0,,,,,,0,0,0,0,0,0,0.375,0.8909,0.75,0.5,navegando para fronteira
20496.441,407.5,navigating,0.0197,5.351,0.3509,38.67,0.86,0.0215,0.0347,23.77,44.36,12321,2,162,6,9,203.8,2,69,13,0,1,2,1,0,0,-4.128,1.46,4,0,,ExplorationGrid,-0.378,6.31,-0.632,6.007,False,,0,0,,,,,,0,0,0,0,0,0,0.4,0.9623,0.8,0.45,navegando para fronteira
20496.87,408.0,navigating,0.0239,5.3507,0.3473,39.09,0.17,0.0269,-0.0076,23.787,44.36,12321,2,162,6,9,203.8,2,69,13,0,1,2,1,0,0,-4.128,1.46,4,0,,ExplorationGrid,-0.378,6.31,-0.632,6.007,False,,0,0,,,,,,0,0,0,0,0,0,0.4,0.9623,0.8,0.45,navegando para fronteira
20497.323,408.5,navigating,0.0145,5.3647,0.3503,38.98,0.54,0.0148,-0.013,23.81,44.36,12321,2,162,6,9,203.8,2,69,13,0,1,2,1,0,0,-4.128,1.46,4,0,,ExplorationGrid,-0.378,6.31,-0.632,6.007,False,,0,0,,,,,,0,0,0,0,0,0,0.4,0.9623,0.75,0.5,navegando para fronteira
20497.812,409.001,navigating,0.0295,5.3438,0.3497,38.68,0.67,0.007,-0.0294,23.837,44.36,12321,2,162,6,9,203.8,2,69,13,0,1,2,1,0,0,-4.128,1.46,4,0,,ExplorationGrid,-0.378,6.31,-0.632,6.007,False,,0,0,,,,,,0,0,0,0,0,0,0.4,0.9623,0.8,0.45,navegando para fronteira
20498.267,409.5,navigating,0.0357,5.3561,0.3446,37.94,0.24,0.0207,-0.0664,23.853,44.36,12321,2,162,6,9,203.8,2,69,13,0,1,2,1,0,0,-4.128,1.46,4,0,,ExplorationGrid,-0.378,6.31,-0.632,6.007,False,,0,0,,,,,,0,0,0,0,0,0,0.4,0.9623,0.8,0.45,navegando para fronteira
20498.742,410.0,navigating,0.0431,5.3567,0.3572,36.71,0.42,0.006,-0.0287,23.865,44.36,12321,2,162,6,9,203.8,2,69,13,0,1,2,1,0,0,-4.128,1.46,4,0,,ExplorationGrid,-0.378,6.31,-0.632,6.007,False,,0,0,,,,,,0,0,0,0,0,0,0.4,0.9623,0.85,0.45,navegando para fronteira
20499.216,410.5,navigating,0.0411,5.3659,0.3538,35.86,0.23,0.0119,-0.0475,23.877,44.36,12321,2,162,6,9,203.8,2,69,13,0,1,2,1,0,0,-4.128,1.46,4,0,,ExplorationGrid,-0.378,6.31,-0.632,6.007,False,,0,0,,,,,,0,0,0,0,0,0,0.4,0.9623,0.85,0.45,navegando para fronteira
20499.625,411.0,navigating,0.0452,5.3682,0.354,35.28,0.15,0.0089,-0.0018,23.885,44.36,12321,2,162,6,9,203.8,2,69,13,0,1,2,1,0,0,-4.128,1.46,4,0,,ExplorationGrid,-0.378,6.31,-0.632,6.007,False,,0,0,,,,,,0,0,0,0,0,0,0.4,0.9623,0.9,0.45,navegando para fronteira
20500.1,411.5,navigating,0.0471,5.3784,0.3561,35.05,0.28,0.0166,0.0229,23.896,44.36,12321,2,162,6,9,203.8,2,69,13,0,1,2,1,0,0,-4.128,1.46,4,0,,ExplorationGrid,-0.378,6.31,-0.632,6.007,False,,0,0,,,,,,0,0,0,0,0,0,0.4,0.9623,0.9,0.45,navegando para fronteira
20500.555,412.0,navigating,0.0487,5.3773,0.3572,34.77,0.18,0.0032,-0.0084,23.906,44.36,12321,2,162,6,9,203.8,2,69,13,0,1,2,1,0,0,-4.128,1.46,4,0,,ExplorationGrid,-0.378,6.31,-0.632,6.007,False,,0,0,,,,,,0,0,0,0,0,0,0.4,0.9623,0.9,0.45,navegando para fronteira
20501.052,412.5,navigating,0.0578,5.3662,0.3607,34.82,0.7,0.0141,-0.0124,23.924,44.36,12321,2,162,6,9,203.8,2,69,13,0,1,2,1,0,0,-4.128,1.46,4,0,,ExplorationGrid,-0.378,6.31,-0.632,6.007,False,,0,0,,,,,,0,0,0,0,0,0,0.4,0.9625,0.9,0.45,navegando para fronteira
20501.349,413.0,navigating,0.0577,5.36,0.3724,35.15,0.87,0.0014,-0.0932,23.931,44.36,12321,2,162,6,9,203.8,2,69,13,0,1,2,1,0,0,-4.128,1.46,4,0,,ExplorationGrid,-0.378,6.31,-0.632,6.007,False,,0,0,,,,,,0,0,0,0,0,0,0.4,0.9625,0.9,0.45,navegando para fronteira
20501.837,413.5,navigating,0.0404,5.3173,0.3482,34.16,0.93,0.0,-0.0788,23.98,44.36,12321,2,162,6,9,203.8,2,69,13,0,1,2,1,0,0,-4.128,1.46,4,0,,ExplorationGrid,-0.378,6.31,-0.632,6.007,False,,0,0,,,,,,0,0,0,0,0,0,0.4,0.9625,0.9,0.5,navegando para fronteira
20502.226,414.0,navigating,0.0292,5.3249,0.3662,32.32,0.56,0.0075,-0.0692,24.003,44.36,12321,2,162,6,9,203.8,2,69,13,0,1,2,1,0,0,-4.128,1.46,4,0,,ExplorationGrid,-0.378,6.31,-0.632,6.007,False,,0,0,,,,,,0,0,0,0,0,0,0.4,0.9625,0.9,0.55,navegando para fronteira
20502.7,414.5,navigating,0.0429,5.3455,0.3595,33.24,0.54,0.048,0.0493,24.032,44.36,12321,2,162,6,9,203.8,2,69,13,0,1,2,1,0,0,-4.128,1.46,4,0,,ExplorationGrid,-0.378,6.31,-0.632,6.007,False,,0,0,,,,,,0,0,0,0,0,0,0.4,0.9625,0.9,0.5,navegando para fronteira
20503.145,415.0,navigating,0.061,5.3415,0.3517,34.12,0.09,0.029,0.0773,24.051,44.36,12321,2,162,6,9,203.8,2,69,13,0,1,2,1,0,0,-4.128,1.46,4,0,,ExplorationGrid,-0.378,6.31,-0.632,6.007,False,,0,0,,,,,,0,0,0,0,0,0,0.4,0.9625,0.95,0.45,navegando para fronteira
20503.58,415.5,navigating,0.0802,5.3316,0.3444,34.93,0.89,0.0116,0.0381,24.074,44.36,12321,2,162,6,9,203.8,2,69,13,0,1,2,1,0,0,-4.128,1.46,4,0,,ExplorationGrid,-0.378,6.31,-0.632,6.007,False,,0,0,,,,,,0,0,0,0,0,0,0.4,0.9625,0.95,0.4,navegando para fronteira
20504.05,416.0,navigating,0.0771,5.3358,0.3463,35.38,0.08,0.0013,0.0357,24.087,44.36,12321,2,162,6,9,203.8,2,69,13,0,1,2,1,0,0,-4.128,1.46,4,0,,ExplorationGrid,-0.378,6.31,-0.632,6.007,False,,0,0,,,,,,0,0,0,0,0,0,0.4,0.9618,0.95,0.4,navegando para fronteira
20504.452,416.5,navigating,0.0686,5.3495,0.3293,36.03,0.7,0.0011,0.0242,24.104,44.36,12321,2,162,6,9,203.8,2,69,13,0,1,2,1,0,0,-4.128,1.46,4,0,,ExplorationGrid,-0.378,6.31,-0.632,6.007,False,,0,0,,,,,,0,0,0,0,0,0,0.4,0.9618,0.9,0.4,navegando para fronteira
20504.9,417.0,navigating,0.0579,5.3572,0.353,36.42,0.31,0.0009,0.0346,24.127,44.36,12321,2,162,6,9,203.8,2,69,13,0,1,2,1,0,0,-4.128,1.46,4,0,,ExplorationGrid,-0.378,6.31,-0.632,6.007,False,,0,0,,,,,,0,0,0,0,0,0,0.4,0.9618,0.9,0.45,navegando para fronteira
20505.319,417.5,navigating,0.0689,5.3288,0.361,36.73,1.13,0.0043,-0.0406,24.159,44.36,12321,2,162,6,9,203.8,2,69,13,0,1,2,1,0,0,-4.128,1.46,4,0,,ExplorationGrid,-0.378,6.31,-0.632,6.007,False,,0,0,,,,,,0,0,0,0,0,0,0.4,0.9618,0.9,0.4,navegando para fronteira
20505.776,418.002,navigating,0.0713,5.3146,0.3626,36.92,0.4,0.0017,0.0071,24.176,44.36,12321,2,162,6,9,203.8,2,69,13,0,1,2,1,0,0,-4.128,1.46,4,0,,ExplorationGrid,-0.378,6.31,-0.632,6.007,False,,0,0,,,,,,0,0,0,0,0,0,0.4,0.9618,0.9,0.4,navegando para fronteira
20506.236,418.5,navigating,0.0681,5.3226,0.3639,37.27,0.29,0.0075,-0.0328,24.185,44.36,12321,2,162,6,9,203.8,2,69,13,0,1,2,1,0,0,-4.128,1.46,4,0,,ExplorationGrid,-0.378,6.31,-0.632,6.007,False,,0,0,,,,,,0,0,0,0,0,0,0.4,0.9618,0.9,0.4,navegando para fronteira
20506.723,419.0,navigating,0.0731,5.3179,0.3628,37.01,0.54,0.0031,0.0299,24.199,44.36,12321,2,162,6,9,203.8,2,69,13,0,1,2,1,0,0,-4.128,1.46,4,0,,ExplorationGrid,-0.378,6.31,-0.632,6.007,False,,0,0,,,,,,0,0,0,0,0,0,0.4,0.9618,0.9,0.4,navegando para fronteira
20507.187,419.5,navigating,0.0744,5.3195,0.3592,37.29,0.13,0.0078,0.0114,24.21,44.36,12321,2,162,6,9,203.8,2,69,13,0,1,2,1,0,0,-4.128,1.46,4,0,,ExplorationGrid,-0.378,6.31,-0.632,6.007,False,,0,0,,,,,,0,0,0,0,0,0,0.4,0.9618,0.9,0.4,navegando para fronteira
20507.661,420.0,navigating,0.0747,5.3326,0.3584,37.31,0.31,0.0165,0.026,24.225,44.36,12321,2,162,6,9,203.8,2,69,13,0,1,2,1,0,0,-4.128,1.46,4,0,,ExplorationGrid,-0.378,6.31,-0.632,6.007,False,,0,0,,,,,,0,0,0,0,0,0,0.4,0.9618,0.9,0.4,navegando para fronteira
20508.098,420.5,navigating,0.087,5.3288,0.3523,37.49,0.35,0.0138,0.0313,24.238,44.36,12321,2,162,6,9,203.8,2,69,13,0,1,2,1,0,0,-4.128,1.46,4,0,,ExplorationGrid,-0.378,6.31,-0.632,6.007,False,,0,0,,,,,,0,0,0,0,0,0,0.4,0.9618,0.9,0.35,navegando para fronteira
20508.561,421.001,navigating,0.087,5.3249,0.3515,38.03,0.27,0.0053,0.0138,24.244,44.36,12321,2,162,6,9,203.8,2,69,13,0,1,2,1,0,0,-4.128,1.46,4,0,,ExplorationGrid,-0.378,6.31,-0.632,6.007,False,,0,0,,,,,,0,0,0,0,0,0,0.4,0.9618,0.9,0.35,navegando para fronteira
20508.989,421.501,navigating,0.0886,5.3255,0.3555,38.4,0.21,0.0136,0.0184,24.249,44.36,12321,2,162,6,9,203.8,2,69,13,0,1,2,1,0,0,-4.128,1.46,4,0,,ExplorationGrid,-0.378,6.31,-0.632,6.007,False,,0,0,,,,,,0,0,0,0,0,0,0.4,0.9618,0.9,0.35,navegando para fronteira
20509.459,422.0,navigating,0.0848,5.3366,0.3545,38.38,0.54,0.0127,-0.0014,24.262,44.36,12321,2,162,6,9,203.8,2,69,13,0,1,2,1,0,0,-4.128,1.46,4,0,,ExplorationGrid,-0.378,6.31,-0.632,6.007,False,,0,0,,,,,,0,0,0,0,0,0,0.4,0.9618,0.9,0.35,navegando para fronteira
20509.864,422.5,navigating,0.0758,5.3306,0.3395,38.93,0.29,0.0,-0.079,24.275,44.36,12321,2,162,6,9,203.8,2,69,13,0,1,2,1,0,0,-4.128,1.46,4,0,,ExplorationGrid,-0.378,6.31,-0.632,6.007,False,,0,0,,,,,,0,0,0,0,0,0,0.4,0.9618,0.85,0.4,navegando para fronteira
20510.343,423.0,navigating,0.0766,5.3202,0.3473,38.01,0.65,0.0009,-0.0595,24.292,44.36,12321,2,162,6,9,203.8,2,69,13,0,1,2,1,0,0,-4.128,1.46,4,0,,ExplorationGrid,-0.378,6.31,-0.632,6.007,False,,0,0,,,,,,0,0,0,0,0,0,0.4,0.9618,0.9,0.4,navegando para fronteira
20510.765,423.5,navigating,0.0848,5.3247,0.3529,37.57,0.25,0.0152,-0.0282,24.304,44.36,12321,2,162,6,9,203.8,2,69,13,0,1,2,1,0,0,-4.128,1.46,4,0,,ExplorationGrid,-0.378,6.31,-0.632,6.007,False,,0,0,,,,,,0,0,0,0,0,0,0.4,0.9618,0.9,0.4,navegando para fronteira
20511.222,424.0,navigating,0.0785,5.3382,0.3576,37.05,0.58,0.017,0.0153,24.322,44.36,12321,2,162,6,9,203.8,2,69,13,0,1,2,1,0,0,-4.128,1.46,4,0,,ExplorationGrid,-0.378,6.31,-0.632,6.007,False,,0,0,,,,,,0,0,0,0,0,0,0.4,0.9618,0.9,0.4,navegando para fronteira
20511.662,424.5,navigating,0.0874,5.3326,0.3606,37.25,0.27,0.0109,0.0363,24.336,44.36,12321,2,162,6,9,203.8,2,69,13,0,1,2,1,0,0,-4.128,1.46,4,0,,ExplorationGrid,-0.378,6.31,-0.632,6.007,False,,0,0,,,,,,0,0,0,0,0,0,0.4,0.9618,0.9,0.4,navegando para fronteira
20512.144,425.0,navigating,0.102,5.318,0.3597,37.41,0.67,0.0116,0.0203,24.362,44.36,12321,2,162,6,9,203.8,2,69,13,0,1,2,1,0,0,-4.128,1.46,4,0,,ExplorationGrid,-0.378,6.31,-0.632,6.007,False,,0,0,,,,,,0,0,0,0,0,0,0.481,0.9387,0.95,0.35,navegando para fronteira
20512.573,425.5,navigating,0.0907,5.3233,0.3649,37.87,0.14,0.01,0.0004,24.377,44.36,12321,2,162,6,9,203.8,2,69,13,0,1,2,1,0,0,-4.128,1.46,4,0,,ExplorationGrid,-0.378,6.31,-0.632,6.007,False,,0,0,,,,,,0,0,0,0,0,0,0.481,0.9387,0.9,0.35,navegando para fronteira
20513.036,426.0,navigating,0.0983,5.3283,0.3584,38.02,0.18,0.0144,-0.0015,24.387,44.36,12321,2,162,6,9,203.8,2,69,13,0,1,2,1,0,0,-4.128,1.46,4,0,,ExplorationGrid,-0.378,6.31,-0.632,6.007,False,,0,0,,,,,,0,0,0,0,0,0,0.481,0.9387,0.9,0.35,navegando para fronteira
20513.485,426.501,navigating,0.1044,5.3255,0.3536,38.11,0.47,0.0113,-0.0052,24.395,44.36,12321,2,162,6,9,203.8,2,69,13,0,1,2,1,0,0,-4.128,1.46,4,0,,ExplorationGrid,-0.378,6.31,-0.632,6.007,False,,0,0,,,,,,0,0,0,0,0,0,0.4,0.9618,0.9,0.35,navegando para fronteira
20513.984,427.0,navigating,0.1095,5.3308,0.3561,38.75,0.12,0.0117,0.0073,24.403,44.36,12321,2,162,6,9,203.8,2,69,13,0,1,2,1,0,0,-4.128,1.46,4,0,,ExplorationGrid,-0.378,6.31,-0.632,6.007,False,,0,0,,,,,,0,0,0,0,0,0,0.4,0.9618,0.9,0.35,navegando para fronteira
20514.404,427.5,navigating,0.1084,5.3345,0.3712,38.58,0.13,0.0046,-0.0042,24.41,44.36,12321,2,162,6,9,203.8,2,69,13,0,1,2,1,0,0,-4.128,1.46,4,0,,ExplorationGrid,-0.378,6.31,-0.632,6.007,False,,0,0,,,,,,0,0,0,0,0,0,0.481,0.9387,0.9,0.35,navegando para fronteira
20514.838,428.0,navigating,0.1035,5.3382,0.3617,40.06,0.36,0.0102,0.0184,24.42,44.36,12321,2,162,6,9,203.8,2,69,13,0,1,2,1,0,0,-4.128,1.46,4,0,,ExplorationGrid,-0.378,6.31,-0.632,6.007,False,,0,0,,,,,,0,0,0,0,0,0,0.481,0.9387,0.9,0.35,navegando para fronteira
20515.336,428.5,navigating,0.1193,5.3216,0.3571,40.67,0.78,0.0193,0.021,24.449,44.36,12321,2,162,6,9,203.8,2,69,13,0,1,2,1,0,0,-4.128,1.46,4,0,,ExplorationGrid,-0.378,6.31,-0.632,6.007,False,,0,0,,,,,,0,0,0,0,0,0,0.4,0.9618,0.9,0.3,navegando para fronteira
20515.718,429.0,navigating,0.1205,5.3248,0.3749,43.8,0.28,0.0013,0.0374,24.46,44.36,12321,2,162,6,9,203.8,2,69,13,0,1,2,1,0,0,-4.128,1.46,4,0,,ExplorationGrid,-0.378,6.31,-0.632,6.007,False,,0,0,,,,,,0,0,0,0,0,0,0.4,0.9618,0.85,0.3,navegando para fronteira
20516.154,429.5,selecting,0.106,5.3321,0.363,41.32,0.31,0.0,0.0,24.479,44.36,12321,2,162,6,9,203.8,2,69,13,0,1,3,1,0,0,-4.128,1.46,4,0,,ExplorationGrid,-0.378,6.31,-0.632,6.007,False,,0,0,,,,,,0,0,0,0,0,0,0.481,0.9387,0.85,0.3,meta de fronteira expirou
20516.632,430.002,selecting,0.1048,5.3297,0.3659,41.07,0.18,0.0,0.0,24.485,44.36,12321,2,162,6,9,203.8,2,69,13,0,1,3,1,0,0,-4.128,1.46,4,0,,ExplorationGrid,-0.378,6.31,-0.632,6.007,False,,0,0,,,,,,0,0,0,0,0,0,0.481,0.9387,0.85,0.3,meta de fronteira expirou
20517.077,430.5,selecting,0.108,5.3341,0.3655,41.13,0.27,0.0,0.0,24.491,44.36,12321,2,162,6,9,203.8,2,69,13,0,1,3,1,0,0,-4.128,1.46,4,0,,ExplorationGrid,-0.378,6.31,-0.632,6.007,False,,0,0,,,,,,0,0,0,0,0,0,0.481,0.9387,0.85,0.3,meta de fronteira expirou
20517.562,431.0,selecting,0.1078,5.334,0.3653,41.13,0.27,0.0,0.0,24.491,44.36,12321,5,595,8,11,397.3,0,70,14,0,1,3,0,0,0,-1.328,4.91,4,0,,ExplorationGrid,-0.378,6.31,-0.632,6.007,False,,0,0,,,,,,0,0,0,0,0,0,1.147,0.9159,0.85,0.3,meta de fronteira expirou
20518.007,431.5,selecting,0.1078,5.334,0.3653,41.13,0.27,0.0001,0.025,24.491,44.36,12321,5,595,8,11,397.3,0,70,14,0,1,3,0,0,0,-1.328,4.91,4,0,,ExplorationGrid,-0.378,6.31,-0.632,6.007,False,,0,0,,,,,,0,0,0,0,0,0,0.977,0.9911,0.85,0.3,meta de fronteira expirou
20518.437,432.0,navigating,0.1078,5.334,0.3653,41.13,0.27,0.0,0.0259,24.491,44.36,12321,5,595,8,11,397.3,5,80,14,0,3,3,0,0,0,-4.128,1.46,4,0,,ExplorationGrid,-1.328,4.91,-1.155,5.245,False,,0,0,,,,,,0,0,0,0,0,0,0.977,0.9911,0.85,0.3,navegando para fronteira
20518.903,432.5,navigating,0.1078,5.334,0.3653,41.13,0.28,0.0005,0.0265,24.491,44.36,12321,5,595,8,11,397.3,5,80,14,0,3,3,0,0,0,-4.128,1.46,4,0,,ExplorationGrid,-1.328,4.91,-1.155,5.245,False,,0,0,,,,,,0,0,0,0,0,0,0.977,0.9911,0.85,0.3,navegando para fronteira
20519.35,433.0,navigating,0.1078,5.334,0.3653,41.13,0.28,0.0,0.0253,24.491,44.36,12321,5,595,8,11,397.3,5,80,14,0,3,3,0,0,0,-4.128,1.46,4,0,,ExplorationGrid,-1.328,4.91,-1.155,5.245,False,,0,0,,,,,,0,0,0,0,0,0,0.977,0.9911,0.85,0.3,navegando para fronteira
20519.814,433.5,navigating,0.1078,5.334,0.3653,41.13,0.28,0.0,0.0346,24.491,44.36,12321,5,595,8,11,397.3,5,80,14,0,3,3,0,0,0,-4.128,1.46,4,0,,ExplorationGrid,-1.328,4.91,-1.155,5.245,False,,0,0,,,,,,0,0,0,0,0,0,0.977,0.9911,0.85,0.3,navegando para fronteira
20520.218,434.002,navigating,0.1078,5.334,0.3653,41.13,0.28,0.0,0.026,24.491,44.36,12321,5,595,8,11,397.3,5,80,14,0,3,3,0,0,0,-4.128,1.46,4,0,,ExplorationGrid,-1.328,4.91,-1.155,5.245,False,,0,0,,,,,,0,0,0,0,0,0,0.977,0.9911,0.85,0.3,navegando para fronteira
20520.715,434.5,navigating,0.1078,5.334,0.3653,41.13,0.28,0.0002,0.0293,24.491,44.36,12321,5,595,8,11,397.3,5,80,14,0,3,3,0,0,0,-4.128,1.46,4,0,,ExplorationGrid,-1.328,4.91,-1.155,5.245,False,,0,0,,,,,,0,0,0,0,0,0,0.977,0.9911,0.85,0.3,navegando para fronteira
20521.133,435.0,navigating,0.1078,5.334,0.3653,41.13,0.28,0.0,0.0226,24.491,44.36,12321,5,595,8,11,397.3,5,80,14,0,3,3,0,0,0,-4.128,1.46,4,0,,ExplorationGrid,-1.328,4.91,-1.155,5.245,False,,0,0,,,,,,0,0,0,0,0,0,0.977,0.9911,0.85,0.3,navegando para fronteira
20521.586,435.5,navigating,0.1078,5.334,0.3653,41.13,0.28,0.0,0.0289,24.491,44.36,12321,5,595,8,11,397.3,5,80,14,0,3,3,0,0,0,-4.128,1.46,4,0,,ExplorationGrid,-1.328,4.91,-1.155,5.245,False,,0,0,,,,,,0,0,0,0,0,0,0.977,0.9911,0.85,0.3,navegando para fronteira
20522.025,436.0,navigating,0.1078,5.334,0.3653,41.13,0.28,0.0,0.0239,24.491,44.36,12321,5,595,8,11,397.3,5,80,14,0,3,3,0,0,0,-4.128,1.46,4,0,,ExplorationGrid,-1.328,4.91,-1.155,5.245,False,,0,0,,,,,,0,0,0,0,0,0,0.977,0.9911,0.85,0.3,navegando para fronteira
20522.496,436.502,navigating,0.1078,5.334,0.3653,41.13,0.28,0.0,0.0261,24.491,44.36,12321,5,595,8,11,397.3,5,80,14,0,3,3,0,0,0,-4.128,1.46,4,0,,ExplorationGrid,-1.328,4.91,-1.155,5.245,False,,0,0,,,,,,0,0,0,0,0,0,0.977,0.9911,0.85,0.3,navegando para fronteira
20522.918,437.0,navigating,0.1078,5.334,0.3653,41.13,0.28,0.0,0.027,24.491,44.36,12321,5,595,8,11,397.3,5,80,14,0,3,3,0,0,0,-4.128,1.46,4,0,,ExplorationGrid,-1.328,4.91,-1.155,5.245,False,,0,0,,,,,,0,0,0,0,0,0,0.977,0.9911,0.85,0.3,navegando para fronteira
20523.408,437.5,navigating,0.1078,5.334,0.3653,41.13,0.28,0.0,0.0271,24.491,44.36,12321,5,595,8,11,397.3,5,80,14,0,3,3,0,0,0,-4.128,1.46,4,0,,ExplorationGrid,-1.328,4.91,-1.155,5.245,False,,0,0,,,,,,0,0,0,0,0,0,0.977,0.9911,0.85,0.3,navegando para fronteira
20523.761,438.0,navigating,0.1078,5.334,0.3653,41.13,0.28,0.0,0.0245,24.491,44.36,12321,5,595,8,11,397.3,5,80,14,0,3,3,0,0,0,-4.128,1.46,4,0,,ExplorationGrid,-1.328,4.91,-1.155,5.245,False,,0,0,,,,,,0,0,0,0,0,0,0.977,0.9911,0.85,0.3,navegando para fronteira
20524.2,438.5,navigating,0.1078,5.334,0.3653,41.13,0.28,0.0,0.0297,24.491,44.36,12321,5,595,8,11,397.3,5,80,14,0,3,3,0,0,0,-4.128,1.46,4,0,,ExplorationGrid,-1.328,4.91,-1.155,5.245,False,,0,0,,,,,,0,0,0,0,0,0,0.977,0.9911,0.85,0.3,navegando para fronteira
20524.675,439.0,navigating,0.1078,5.334,0.3653,41.13,0.28,0.0,0.0255,24.491,44.36,12321,5,595,8,11,397.3,5,80,14,0,3,3,0,0,0,-4.128,1.46,4,0,,ExplorationGrid,-1.328,4.91,-1.155,5.245,False,,0,0,,,,,,0,0,0,0,0,0,0.977,0.9911,0.85,0.3,navegando para fronteira
20525.042,439.5,navigating,0.1078,5.334,0.3653,41.13,0.28,0.0,0.0331,24.491,44.36,12321,5,595,8,11,397.3,5,80,14,0,3,3,0,0,0,-4.128,1.46,4,0,,ExplorationGrid,-1.328,4.91,-1.155,5.245,False,,0,0,,,,,,0,0,0,0,0,0,0.977,0.9911,0.85,0.3,navegando para fronteira
20525.511,440.0,navigating,0.1078,5.334,0.3653,41.13,0.28,0.0,0.0281,24.491,44.36,12321,5,595,8,11,397.3,5,80,14,0,3,3,0,0,0,-4.128,1.46,4,0,,ExplorationGrid,-1.328,4.91,-1.155,5.245,False,,0,0,,,,,,0,0,0,0,0,0,0.977,0.9911,0.85,0.3,navegando para fronteira
20525.979,440.5,navigating,0.1078,5.334,0.3653,41.13,0.28,0.0,0.0316,24.491,44.36,12321,5,595,8,11,397.3,5,80,14,0,3,3,0,0,0,-4.128,1.46,4,0,,ExplorationGrid,-1.328,4.91,-1.155,5.245,False,,0,0,,,,,,0,0,0,0,0,0,0.977,0.9911,0.85,0.3,navegando para fronteira
20526.403,441.0,navigating,0.1078,5.334,0.3653,41.13,0.28,0.0,0.034,24.491,44.36,12321,5,595,8,11,397.3,5,80,14,0,3,3,0,0,0,-4.128,1.46,4,0,,ExplorationGrid,-1.328,4.91,-1.155,5.245,False,,0,0,,,,,,0,0,0,0,0,0,0.977,0.9911,0.85,0.3,navegando para fronteira
20526.874,441.5,navigating,0.1078,5.334,0.3653,41.13,0.28,0.0,0.0275,24.491,44.36,12321,5,595,8,11,397.3,5,80,14,0,3,3,0,0,0,-4.128,1.46,4,0,,ExplorationGrid,-1.328,4.91,-1.155,5.245,False,,0,0,,,,,,0,0,0,0,0,0,0.977,0.9911,0.85,0.3,navegando para fronteira
20527.306,442.002,navigating,0.1078,5.334,0.3653,41.13,0.28,0.0,0.0298,24.491,44.36,12321,5,595,8,11,397.3,5,80,14,0,3,3,0,0,0,-4.128,1.46,4,0,,ExplorationGrid,-1.328,4.91,-1.155,5.245,False,,0,0,,,,,,0,0,0,0,0,0,0.977,0.9911,0.85,0.3,navegando para fronteira
20527.718,442.501,navigating,0.1078,5.334,0.3653,41.13,0.28,0.001,0.0317,24.491,44.36,12321,5,595,8,11,397.3,5,80,14,0,3,3,0,0,0,-4.128,1.46,4,0,,ExplorationGrid,-1.328,4.91,-1.155,5.245,False,,0,0,,,,,,0,0,0,0,0,0,0.977,0.9911,0.85,0.3,navegando para fronteira
20528.195,443.001,navigating,0.1078,5.334,0.3653,41.13,0.28,0.0,0.0266,24.491,44.36,12321,5,595,8,11,397.3,5,80,14,0,3,3,0,0,0,-4.128,1.46,4,0,,ExplorationGrid,-1.328,4.91,-1.155,5.245,False,,0,0,,,,,,0,0,0,0,0,0,0.977,0.9911,0.85,0.3,navegando para fronteira
20528.627,443.5,navigating,0.1078,5.334,0.3653,41.13,0.28,0.0,0.0325,24.491,44.36,12321,5,595,8,11,397.3,5,80,14,0,3,3,0,0,0,-4.128,1.46,4,0,,ExplorationGrid,-1.328,4.91,-1.155,5.245,False,,0,0,,,,,,0,0,0,0,0,0,0.977,0.9911,0.85,0.3,navegando para fronteira
20529.09,444.0,navigating,0.1078,5.334,0.3653,41.13,0.28,0.0007,0.0248,24.491,44.36,12321,5,595,8,11,397.3,5,80,14,0,3,3,0,0,0,-4.128,1.46,4,0,,ExplorationGrid,-1.328,4.91,-1.155,5.245,False,,0,0,,,,,,0,0,0,0,0,0,0.977,0.9911,0.85,0.3,navegando para fronteira
20529.473,444.5,navigating,0.1078,5.334,0.3653,41.13,0.28,0.0,0.0281,24.491,44.36,12321,5,595,8,11,397.3,5,80,14,0,3,3,0,0,0,-4.128,1.46,4,0,,ExplorationGrid,-1.328,4.91,-1.155,5.245,False,,0,0,,,,,,0,0,0,0,0,0,0.977,0.9911,0.85,0.3,navegando para fronteira
20529.917,445.0,navigating,0.1078,5.334,0.3653,41.13,0.28,0.0,0.0324,24.491,44.36,12321,5,595,8,11,397.3,5,80,14,0,3,3,0,0,0,-4.128,1.46,4,0,,ExplorationGrid,-1.328,4.91,-1.155,5.245,False,,0,0,,,,,,0,0,0,0,0,0,0.977,0.9911,0.85,0.3,navegando para fronteira
20530.336,445.5,navigating,0.1078,5.334,0.3653,41.13,0.28,0.0,0.0291,24.491,44.36,12321,5,595,8,11,397.3,5,80,14,0,3,3,0,0,0,-4.128,1.46,4,0,,ExplorationGrid,-1.328,4.91,-1.155,5.245,False,,0,0,,,,,,0,0,0,0,0,0,0.977,0.9911,0.85,0.3,navegando para fronteira
20530.787,446.0,navigating,0.1078,5.334,0.3653,41.13,0.28,0.0,0.0281,24.491,44.36,12321,5,595,8,11,397.3,5,80,14,0,3,3,0,0,0,-4.128,1.46,4,0,,ExplorationGrid,-1.328,4.91,-1.155,5.245,False,,0,0,,,,,,0,0,0,0,0,0,0.977,0.9911,0.85,0.3,navegando para fronteira
20531.258,446.503,navigating,0.1078,5.334,0.3653,41.13,0.28,0.0,0.0225,24.491,44.36,12321,5,595,8,11,397.3,5,80,14,0,3,3,0,0,0,-4.128,1.46,4,0,,ExplorationGrid,-1.328,4.91,-1.155,5.245,False,,0,0,,,,,,0,0,0,0,0,0,0.977,0.9911,0.85,0.3,navegando para fronteira
20531.712,447.0,navigating,0.1078,5.334,0.3653,41.13,0.28,0.0,0.0272,24.491,44.36,12321,5,595,8,11,397.3,5,80,14,0,3,3,0,0,0,-4.128,1.46,4,0,,ExplorationGrid,-1.328,4.91,-1.155,5.245,False,,0,0,,,,,,0,0,0,0,0,0,0.977,0.9911,0.85,0.3,navegando para fronteira
20532.113,447.5,navigating,0.1078,5.334,0.3653,41.13,0.28,0.0,0.0336,24.491,44.36,12321,5,595,8,11,397.3,5,80,14,0,3,3,0,0,0,-4.128,1.46,4,0,,ExplorationGrid,-1.328,4.91,-1.155,5.245,False,,0,0,,,,,,0,0,0,0,0,0,0.977,0.9911,0.85,0.3,navegando para fronteira
20532.517,448.0,navigating,0.1078,5.334,0.3653,41.13,0.28,0.0,0.02,24.491,44.36,12321,5,595,8,11,397.3,5,80,14,0,3,3,0,0,0,-4.128,1.46,4,0,,ExplorationGrid,-1.328,4.91,-1.155,5.245,False,,0,0,,,,,,0,0,0,0,0,0,0.977,0.9911,0.85,0.3,navegando para fronteira
20532.979,448.501,navigating,0.1078,5.334,0.3653,41.13,0.28,0.0,0.0283,24.491,44.36,12321,5,595,8,11,397.3,5,80,14,0,3,3,0,0,0,-4.128,1.46,4,0,,ExplorationGrid,-1.328,4.91,-1.155,5.245,False,,0,0,,,,,,0,0,0,0,0,0,0.977,0.9911,0.85,0.3,navegando para fronteira
20533.383,449.0,selecting,0.1078,5.334,0.3653,41.13,0.28,0.0,0.0,24.491,44.36,12321,5,595,8,11,397.3,5,80,14,0,3,4,0,0,0,-4.128,1.46,4,0,,ExplorationGrid,-1.328,4.91,-1.155,5.245,False,,0,0,,,,,,0,0,0,0,0,0,0.977,0.9911,0.85,0.3,vigia de movimento: robo parado (sem progresso xy/angular)
20533.843,449.5,selecting,0.1078,5.334,0.3653,41.13,0.28,0.0,0.0,24.491,44.36,12321,5,595,8,11,397.3,5,80,14,0,3,4,0,0,0,-4.128,1.46,4,0,,ExplorationGrid,-1.328,4.91,-1.155,5.245,False,,0,0,,,,,,0,0,0,0,0,0,0.977,0.9911,0.85,0.3,vigia de movimento: robo parado (sem progresso xy/angular)
20534.289,450.011,selecting,0.1078,5.334,0.3653,41.13,0.28,0.0,0.0,24.491,44.36,12321,1,595,8,11,273.0,0,81,15,0,3,4,0,0,0,-4.128,1.46,4,0,,ExplorationGrid,-1.328,4.91,-1.155,5.245,False,,0,0,,,,,,0,0,0,0,0,0,6.653,0.8146,0.85,0.3,vigia de movimento: robo parado (sem progresso xy/angular)
20534.721,450.5,selecting,0.1077,5.3346,0.3652,41.28,0.29,0.0002,0.0261,24.492,44.36,12321,1,595,8,11,273.0,0,81,15,0,3,4,0,0,0,-4.128,1.46,4,0,,ExplorationGrid,-1.328,4.91,-1.155,5.245,False,,0,0,,,,,,0,0,0,0,0,0,6.653,0.8146,0.85,0.3,vigia de movimento: robo parado (sem progresso xy/angular)
20535.21,451.001,navigating,0.1037,5.3334,0.3615,42.54,0.21,0.0,0.1089,24.5,44.36,12321,1,595,8,11,273.0,1,81,15,0,3,4,0,0,0,-4.128,1.46,4,0,,ExplorationGrid,-4.128,1.46,-3.795,1.558,False,,0,0,,,,,,0,0,0,0,0,0,6.653,0.8146,0.85,0.3,navegando para fronteira
20535.63,451.5,navigating,0.1066,5.3295,0.3521,44.28,0.38,0.0,0.1135,24.507,44.36,12321,1,595,8,11,273.0,1,81,15,0,3,4,0,0,0,-4.128,1.46,4,0,,ExplorationGrid,-4.128,1.46,-3.795,1.558,False,,0,0,,,,,,0,0,0,0,0,0,6.653,0.8146,0.8,0.3,navegando para fronteira
20536.114,452.0,navigating,0.1142,5.3217,0.3563,47.53,0.29,0.0,0.1924,24.527,44.36,12321,1,595,8,11,273.0,1,81,15,0,3,4,0,0,0,-4.128,1.46,4,0,,ExplorationGrid,-4.128,1.46,-3.795,1.558,False,,0,0,,,,,,0,0,0,0,0,0,6.653,0.8146,0.8,0.3,navegando para fronteira
20536.516,452.5,navigating,0.1008,5.3289,0.356,50.98,0.47,0.0,0.1651,24.542,44.36,12321,1,595,8,11,273.0,1,81,15,0,3,4,0,0,0,-4.128,1.46,4,0,,ExplorationGrid,-4.128,1.46,-3.795,1.558,False,,0,0,,,,,,0,0,0,0,0,0,6.653,0.8146,0.75,0.3,navegando para fronteira
20536.991,453.0,navigating,0.0956,5.3204,0.3549,54.32,0.14,0.0,0.1567,24.56,44.36,12321,1,595,8,11,273.0,1,81,15,0,3,4,0,0,0,-4.128,1.46,4,0,,ExplorationGrid,-4.128,1.46,-3.795,1.558,False,,0,0,,,,,,0,0,0,0,0,0,6.653,0.8146,0.7,0.3,navegando para fronteira
20537.4,453.5,navigating,0.1103,5.3128,0.3496,58.09,0.14,0.0001,0.1607,24.578,44.36,12321,1,595,8,11,273.0,1,81,15,0,3,4,0,0,0,-4.128,1.46,4,0,,ExplorationGrid,-4.128,1.46,-3.795,1.558,False,,0,0,,,,,,0,0,0,0,0,0,6.653,0.8146,0.7,0.25,navegando para fronteira
20537.832,454.0,navigating,0.1194,5.2872,0.3538,61.28,0.97,0.0,0.0727,24.607,44.36,12321,1,595,8,11,273.0,1,81,15,0,3,4,0,0,0,-4.128,1.46,4,0,,ExplorationGrid,-4.128,1.46,-3.795,1.558,False,,0,0,,,,,,0,0,0,0,0,0,6.653,0.8146,0.65,0.25,navegando para fronteira
20538.219,454.501,navigating,0.103,5.2854,0.3767,59.91,0.96,0.0,0.0418,24.627,44.36,12321,1,595,8,11,273.0,1,81,15,0,3,4,0,0,0,-4.128,1.46,4,0,,ExplorationGrid,-4.128,1.46,-3.795,1.558,False,,0,0,,,,,,0,0,0,0,0,0,6.622,0.807,0.65,0.25,navegando para fronteira
20538.692,455.0,navigating,0.0751,5.296,0.3714,64.5,0.6,0.0068,0.0638,24.663,44.36,12321,1,595,8,11,273.0,1,81,15,0,3,4,0,0,0,-4.128,1.46,4,0,,ExplorationGrid,-4.128,1.46,-3.795,1.558,False,,0,0,,,,,,0,0,0,0,0,0,6.622,0.807,0.6,0.25,navegando para fronteira
20539.011,455.5,navigating,0.0839,5.2702,0.3587,68.01,0.8,0.0,0.1287,24.691,44.36,12321,1,595,8,11,273.0,1,81,15,0,3,4,0,0,0,-4.128,1.46,4,0,,ExplorationGrid,-4.128,1.46,-3.795,1.558,False,,0,0,,,,,,0,0,0,0,0,0,6.524,0.8091,0.6,0.25,navegando para fronteira
20539.49,456.0,navigating,0.122,5.222,0.3527,68.5,1.18,0.0,0.1287,24.754,44.36,12321,1,595,8,11,273.0,1,81,15,0,3,4,0,0,0,-4.128,1.46,4,0,,ExplorationGrid,-4.128,1.46,-3.795,1.558,False,,0,0,,,,,,0,0,0,0,0,0,6.524,0.8091,0.65,0.2,navegando para fronteira
20539.9,456.503,navigating,0.1156,5.2279,0.36,70.87,0.26,0.0064,0.1712,24.773,44.36,12321,1,595,8,11,273.0,1,81,15,0,3,4,0,0,0,-4.128,1.46,4,0,,ExplorationGrid,-4.128,1.46,-3.795,1.558,False,,0,0,,,,,,0,0,0,0,0,0,6.622,0.807,0.6,0.2,navegando para fronteira
20540.352,457.0,navigating,0.0893,5.2335,0.3574,73.88,0.75,0.0,0.1481,24.803,44.36,12321,1,595,8,11,273.0,1,81,15,0,3,4,0,0,0,-4.128,1.46,4,0,,ExplorationGrid,-4.128,1.46,-3.795,1.558,False,,0,0,,,,,,0,0,0,0,0,0,6.622,0.807,0.6,0.25,navegando para fronteira
20540.835,457.5,navigating,0.1019,5.2267,0.3564,77.37,0.35,0.0,0.1539,24.82,44.36,12321,1,595,8,11,273.0,1,81,15,0,3,4,0,0,0,-4.128,1.46,4,0,,ExplorationGrid,-4.128,1.46,-3.795,1.558,False,,0,0,,,,,,0,0,0,0,0,0,6.622,0.807,0.65,0.25,navegando para fronteira
20541.301,458.0,navigating,0.095,5.2251,0.3503,81.75,0.52,0.0008,0.1843,24.836,44.36,12321,1,595,8,11,273.0,1,81,15,0,3,4,0,0,0,-4.128,1.46,4,0,,ExplorationGrid,-4.128,1.46,-3.795,1.558,False,,0,0,,,,,,0,0,0,0,0,0,6.622,0.807,0.7,0.25,navegando para fronteira
20541.758,458.5,navigating,0.0791,5.2089,0.3592,85.75,0.56,0.0,0.1831,24.866,44.36,12321,1,595,8,11,273.0,1,81,15,0,3,4,0,0,0,-4.128,1.46,4,0,,ExplorationGrid,-4.128,1.46,-3.795,1.558,False,,0,0,,,,,,0,0,0,0,0,0,6.524,0.8091,0.7,0.25,navegando para fronteira
20542.225,459.001,navigating,0.0932,5.2158,0.3629,89.92,0.26,0.0057,0.1561,24.883,44.36,12321,1,595,8,11,273.0,1,81,15,0,3,4,0,0,0,-4.128,1.46,4,0,,ExplorationGrid,-4.128,1.46,-3.795,1.558,False,,0,0,,,,,,0,0,0,0,0,0,6.524,0.8091,1.5,0.25,navegando para fronteira
20542.65,459.501,navigating,0.0957,5.2093,0.3623,93.25,0.05,0.0001,0.0968,24.894,44.36,12321,1,595,8,11,273.0,1,81,15,0,3,4,0,0,0,-4.128,1.46,4,0,,ExplorationGrid,-4.128,1.46,-3.795,1.558,False,,0,0,,,,,,0,0,0,0,0,0,6.524,0.8091,1.5,0.25,navegando para fronteira
20543.142,460.0,navigating,0.101,5.2105,0.3617,96.03,0.31,0.0057,0.1121,24.909,44.36,12321,1,595,8,11,273.0,1,81,15,0,3,4,0,0,0,-4.128,1.46,4,0,,ExplorationGrid,-4.128,1.46,-3.795,1.558,False,,0,0,,,,,,0,0,0,0,0,0,6.622,0.807,1.5,0.25,navegando para fronteira
20543.601,460.5,navigating,0.0888,5.2175,0.3536,98.21,0.36,0.0139,0.1253,24.925,44.36,12321,1,595,8,11,273.0,1,81,15,0,3,4,0,0,0,-4.128,1.46,4,0,,ExplorationGrid,-4.128,1.46,-3.795,1.558,False,,0,0,,,,,,0,0,0,0,0,0,6.622,0.807,1.5,0.25,navegando para fronteira
20544.086,461.0,navigating,0.0826,5.2224,0.352,100.41,0.11,0.0073,0.1547,24.937,44.36,12321,1,595,8,11,273.0,1,81,15,0,3,4,0,0,0,-4.128,1.46,4,0,,ExplorationGrid,-4.128,1.46,-3.795,1.558,False,,0,0,,,,,,0,0,0,0,0,0,6.524,0.8091,1.5,0.25,navegando para fronteira
20544.558,461.5,navigating,0.0906,5.2212,0.3528,102.82,0.2,0.0052,0.1169,24.945,44.36,12321,1,595,8,11,273.0,1,81,15,0,3,4,0,0,0,-4.128,1.46,4,0,,ExplorationGrid,-4.128,1.46,-3.795,1.558,False,,0,0,,,,,,0,0,0,0,0,0,6.524,0.8091,1.5,0.25,navegando para fronteira
20544.914,462.0,navigating,0.0864,5.2125,0.324,105.16,0.93,0.0146,0.1584,24.961,44.36,12321,1,595,8,11,273.0,1,81,15,0,3,4,0,0,0,-4.128,1.46,4,0,,ExplorationGrid,-4.128,1.46,-3.795,1.558,False,,0,0,,,,,,0,0,0,0,0,0,6.622,0.807,1.5,0.25,navegando para fronteira
20545.318,462.5,navigating,0.059,5.1588,0.3375,107.05,1.36,0.0,0.1243,25.021,44.36,12321,1,595,8,11,273.0,1,81,15,0,3,4,0,0,0,-4.128,1.46,4,0,,ExplorationGrid,-4.128,1.46,-3.795,1.558,False,,0,0,,,,,,0,0,0,0,0,0,6.622,0.807,1.5,0.3,navegando para fronteira
20545.799,463.0,navigating,0.0438,5.1263,0.3489,110.25,0.51,0.0022,0.0953,25.065,44.79,12441,1,595,8,11,273.0,1,81,15,0,3,4,0,0,0,-4.128,1.46,4,0,,ExplorationGrid,-4.128,1.46,-3.795,1.558,False,,0,0,,,,,,0,0,0,0,0,0,6.501,0.8002,1.5,0.3,navegando para fronteira
20546.222,463.5,navigating,0.0641,5.1429,0.3558,112.75,0.68,0.0169,0.1262,25.092,44.79,12441,1,595,8,11,273.0,1,81,15,0,3,4,0,0,0,-4.128,1.46,4,0,,ExplorationGrid,-4.128,1.46,-3.795,1.558,False,,0,0,,,,,,0,0,0,0,0,0,6.501,0.8002,1.5,0.3,navegando para fronteira
20546.69,464.0,navigating,0.0535,5.1456,0.356,114.82,0.29,0.0188,0.1167,25.113,44.79,12441,1,595,8,11,273.0,1,81,15,0,3,4,0,0,0,-4.128,1.46,4,0,,ExplorationGrid,-4.128,1.46,-3.795,1.558,False,,0,0,,,,,,0,0,0,0,0,0,6.453,0.8062,1.5,0.3,navegando para fronteira
20547.088,464.5,navigating,0.0416,5.1513,0.3557,116.73,0.3,0.0312,0.101,25.13,44.79,12441,1,595,8,11,273.0,1,81,15,0,3,4,0,0,0,-4.128,1.46,4,0,,ExplorationGrid,-4.128,1.46,-3.795,1.558,False,,0,0,,,,,,0,0,0,0,0,0,6.453,0.8062,1.5,0.3,navegando para fronteira
20547.504,465.0,navigating,0.0473,5.1713,0.3502,118.51,0.42,0.0292,0.1391,25.152,44.79,12441,1,595,8,11,273.0,1,81,15,0,3,4,0,0,0,-4.128,1.46,4,0,,ExplorationGrid,-4.128,1.46,-3.795,1.558,False,,0,0,,,,,,0,0,0,0,0,0,6.462,0.8051,1.5,0.3,navegando para fronteira
20547.999,465.5,navigating,0.0275,5.1587,0.351,121.09,0.7,0.0076,0.1353,25.177,44.79,12441,1,595,8,11,273.0,1,81,15,0,3,4,0,0,0,-4.128,1.46,4,0,,ExplorationGrid,-4.128,1.46,-3.795,1.558,False,,0,0,,,,,,0,0,0,0,0,0,6.462,0.8051,1.5,0.35,navegando para fronteira
20548.381,466.0,navigating,0.0225,5.1586,0.3215,123.4,0.82,0.0165,0.0892,25.194,44.79,12441,1,595,8,11,273.0,1,81,15,0,3,4,0,0,0,-4.128,1.46,4,0,,ExplorationGrid,-4.128,1.46,-3.795,1.558,False,,0,0,,,,,,0,0,0,0,0,0,6.451,0.8064,1.2,0.35,navegando para fronteira
20548.849,466.5,navigating,0.0178,5.0831,0.3315,125.3,1.37,0.0,0.1158,25.27,44.79,12441,1,595,8,11,273.0,1,81,15,0,3,4,0,0,0,-4.128,1.46,4,0,,ExplorationGrid,-4.128,1.46,-3.795,1.558,False,,0,0,,,,,,0,0,0,0,0,0,6.451,0.8064,1.05,0.35,navegando para fronteira
20549.28,467.0,navigating,0.0261,5.0539,0.3384,128.31,0.43,0.0,0.1173,25.303,44.79,12441,1,595,8,11,273.0,1,81,15,0,3,4,0,0,0,-4.128,1.46,4,0,,ExplorationGrid,-4.128,1.46,-3.795,1.558,False,,0,0,,,,,,0,0,0,0,0,0,6.438,0.7964,0.9,0.35,navegando para fronteira
20549.774,467.5,navigating,0.0266,5.0646,0.3553,130.81,0.04,0.0304,0.0536,25.317,44.79,12441,1,595,8,11,273.0,1,81,15,0,3,4,0,0,0,-4.128,1.46,4,0,,ExplorationGrid,-4.128,1.46,-3.795,1.558,False,,0,0,,,,,,0,0,0,0,0,0,6.438,0.7964,0.9,0.4,navegando para fronteira
20550.258,468.0,navigating,0.0182,5.0798,0.3581,132.8,0.24,0.0342,0.0936,25.335,44.79,12441,1,595,8,11,273.0,1,81,15,0,3,4,0,0,0,-4.128,1.46,4,0,,ExplorationGrid,-4.128,1.46,-3.795,1.558,False,,0,0,,,,,,0,0,0,0,0,0,6.452,0.7947,0.9,0.4,navegando para fronteira
20550.626,468.5,navigating,0.0036,5.0859,0.3513,134.84,0.35,0.041,0.1161,25.351,44.79,12441,1,595,8,11,273.0,1,81,15,0,3,4,0,0,0,-4.128,1.46,4,0,,ExplorationGrid,-4.128,1.46,-3.795,1.558,False,,0,0,,,,,,0,0,0,0,0,0,6.452,0.7947,0.85,0.45,navegando para fronteira
20551.113,469.0,navigating,-0.0114,5.1052,0.3587,137.19,0.11,0.0462,0.1253,25.376,44.79,12441,1,595,8,11,273.0,1,81,15,0,3,4,0,0,0,-4.128,1.46,4,0,,ExplorationGrid,-4.128,1.46,-3.795,1.558,False,,0,0,,,,,,0,0,0,0,0,0,6.452,0.7947,0.85,0.5,navegando para fronteira
20551.536,469.5,navigating,-0.0313,5.106,0.3577,139.53,0.48,0.0328,0.1236,25.398,44.79,12441,1,595,8,11,273.0,1,81,15,0,3,4,0,0,0,-4.128,1.46,4,0,,ExplorationGrid,-4.128,1.46,-3.795,1.558,False,,0,0,,,,,,0,0,0,0,0,0,6.438,0.7964,0.8,0.55,navegando para fronteira
20552.022,470.0,navigating,-0.0436,5.1195,0.3543,141.65,0.19,0.0333,0.1047,25.418,44.79,12441,1,595,8,11,273.0,1,81,15,0,3,4,0,0,0,-4.128,1.46,4,0,,ExplorationGrid,-4.128,1.46,-3.795,1.558,False,,0,0,,,,,,0,0,0,0,0,0,6.438,0.7964,0.8,0.6,navegando para fronteira
20552.43,470.5,navigating,-0.0512,5.1305,0.3573,143.5,0.2,0.0336,0.1261,25.434,44.79,12441,1,595,8,11,273.0,1,81,15,0,3,4,0,0,0,-4.128,1.46,4,0,,ExplorationGrid,-4.128,1.46,-3.795,1.558,False,,0,0,,,,,,0,0,0,0,0,0,6.369,0.8067,0.8,0.6,navegando para fronteira
20552.909,471.0,navigating,-0.0743,5.1327,0.3549,146.22,0.4,0.0409,0.1084,25.458,44.79,12441,1,595,8,11,273.0,1,81,15,0,3,4,0,0,0,-4.128,1.46,4,0,,ExplorationGrid,-4.128,1.46,-3.795,1.558,False,,0,0,,,,,,0,0,0,0,0,0,6.369,0.8067,0.8,0.7,navegando para fronteira
20553.263,471.5,navigating,-0.0882,5.1351,0.367,146.78,0.35,0.0319,0.1045,25.473,44.79,12441,1,595,8,11,273.0,1,81,15,0,3,4,0,0,0,-4.128,1.46,4,0,,ExplorationGrid,-4.128,1.46,-3.795,1.558,False,,0,0,,,,,,0,0,0,0,0,0,6.369,0.8067,0.8,0.75,navegando para fronteira
20553.743,472.0,navigating,-0.0913,5.1461,0.3636,150.38,0.07,0.0195,0.1004,25.487,44.79,12441,1,595,8,11,273.0,1,81,15,0,3,4,0,0,0,-4.128,1.46,4,0,,ExplorationGrid,-4.128,1.46,-3.795,1.558,False,,0,0,,,,,,0,0,0,0,0,0,6.369,0.8067,0.75,0.8,navegando para fronteira
20554.176,472.5,navigating,-0.1074,5.1242,0.3459,152.89,1.12,0.0147,0.0637,25.516,44.79,12441,1,595,8,11,273.0,1,81,15,0,3,4,0,0,0,-4.128,1.46,4,0,,ExplorationGrid,-4.128,1.46,-3.795,1.558,False,,0,0,,,,,,0,0,0,0,0,0,6.369,0.8067,0.75,0.9,navegando para fronteira
20554.625,473.0,navigating,-0.1279,5.075,0.3434,154.65,1.04,0.0371,0.0787,25.574,44.8,12444,1,595,8,11,273.0,1,81,15,0,3,4,0,0,0,-4.128,1.46,4,0,,ExplorationGrid,-4.128,1.46,-3.795,1.558,False,,0,0,,,,,,0,0,0,0,0,0,6.369,0.8067,0.65,1.0,navegando para fronteira
20555.06,473.5,navigating,-0.1123,5.1013,0.3406,157.04,1.47,0.0146,0.0619,25.616,44.8,12444,1,595,8,11,273.0,1,81,15,0,3,4,0,0,0,-4.128,1.46,4,0,,ExplorationGrid,-4.128,1.46,-3.795,1.558,False,,0,0,,,,,,0,0,0,0,0,0,6.339,0.7985,0.7,1.1,navegando para fronteira
20555.534,474.001,navigating,-0.1072,5.1602,0.3534,157.1,1.22,0.0241,0.074,25.682,44.8,12444,1,595,8,11,273.0,1,81,15,0,3,4,0,0,0,-4.128,1.46,4,0,,ExplorationGrid,-4.128,1.46,-3.795,1.558,False,,0,0,,,,,,0,0,0,0,0,0,6.339,0.7985,0.75,1.05,navegando para fronteira
20555.922,474.5,navigating,-0.1227,5.163,0.3825,164.27,0.46,0.0314,0.1844,25.7,44.8,12444,1,595,8,11,273.0,1,81,15,0,3,4,0,0,0,-4.128,1.46,4,0,,ExplorationGrid,-4.128,1.46,-3.795,1.558,False,,0,0,,,,,,0,0,0,0,0,0,6.341,0.8103,0.7,1.5,navegando para fronteira
20556.388,475.0,navigating,-0.1434,5.1552,0.3725,160.67,0.34,0.0311,-0.0,25.723,44.8,12444,1,595,8,11,273.0,1,81,15,0,3,4,0,0,0,-4.128,1.46,4,0,,ExplorationGrid,-4.128,1.46,-3.795,1.558,False,,0,0,,,,,,0,0,0,0,0,0,6.341,0.8103,0.7,1.35,navegando para fronteira
20556.861,475.5,navigating,-0.1514,5.1549,0.3724,161.43,0.21,0.0237,0.0104,25.738,44.8,12444,1,595,8,11,273.0,1,81,15,0,3,4,0,0,0,-4.128,1.46,4,0,,ExplorationGrid,-4.128,1.46,-3.795,1.558,False,,0,0,,,,,,0,0,0,0,0,0,6.232,0.8142,0.7,1.45,navegando para fronteira
20557.257,476.0,navigating,-0.1637,5.1593,0.361,162.0,0.02,0.0335,0.0343,25.751,44.8,12444,1,595,8,11,273.0,1,81,15,0,3,4,0,0,0,-4.128,1.46,4,0,,ExplorationGrid,-4.128,1.46,-3.795,1.558,False,,0,0,,,,,,0,0,0,0,0,0,6.232,0.8142,0.7,1.5,navegando para fronteira
20557.737,476.5,navigating,-0.1179,5.2011,0.328,162.69,1.48,0.0,-0.0544,25.818,44.8,12444,1,595,8,11,273.0,1,81,15,0,3,4,0,0,0,-4.128,1.46,4,0,,ExplorationGrid,-4.128,1.46,-3.795,1.558,False,,0,0,,,,,,0,0,0,0,0,0,6.254,0.8114,0.75,1.45,navegando para fronteira
20558.165,477.0,navigating,-0.1217,5.2238,0.3522,162.07,0.31,0.0193,-0.1266,25.853,44.8,12444,1,595,8,11,273.0,1,81,15,0,3,4,0,0,0,-4.128,1.46,4,0,,ExplorationGrid,-4.128,1.46,-3.795,1.558,False,,0,0,,,,,,0,0,0,0,0,0,6.254,0.8114,0.8,1.4,navegando para fronteira
20558.56,477.5,navigating,-0.1552,5.2046,0.3613,159.43,0.76,0.0477,-0.0589,25.893,44.8,12444,1,595,8,11,273.0,1,81,15,0,3,4,0,0,0,-4.128,1.46,4,0,,ExplorationGrid,-4.128,1.46,-3.795,1.558,False,,0,0,,,,,,0,0,0,0,0,0,6.264,0.81,0.8,1.3,navegando para fronteira
20559.047,478.0,navigating,-0.1589,5.2134,0.362,157.78,0.38,0.0193,-0.0307,25.918,44.8,12444,1,595,8,11,273.0,1,81,15,0,3,4,0,0,0,-4.128,1.46,4,0,,ExplorationGrid,-4.128,1.46,-3.795,1.558,False,,0,0,,,,,,0,0,0,0,0,0,6.264,0.81,0.8,1.25,navegando para fronteira
20559.451,478.5,navigating,-0.1476,5.228,0.3469,161.2,0.78,0.0027,0.1649,25.939,44.8,12444,1,595,8,11,273.0,1,81,15,0,3,4,0,0,0,-4.128,1.46,4,0,,ExplorationGrid,-4.128,1.46,-3.795,1.558,False,,0,0,,,,,,0,0,0,0,0,0,6.271,0.8092,0.8,1.4,navegando para fronteira
20559.936,479.001,navigating,-0.1525,5.2178,0.3495,162.13,0.3,0.0194,0.139,25.959,44.8,12444,1,595,8,11,273.0,1,81,15,0,3,4,0,0,0,-4.128,1.46,4,0,,ExplorationGrid,-4.128,1.46,-3.795,1.558,False,,0,0,,,,,,0,0,0,0,0,0,6.271,0.8092,0.8,1.5,navegando para fronteira
20560.423,479.501,navigating,-0.1735,5.2044,0.3615,164.35,0.22,0.0166,0.1906,25.99,44.8,12444,1,595,8,11,273.0,1,81,15,0,3,4,0,0,0,-4.128,1.46,4,0,,ExplorationGrid,-4.128,1.46,-3.795,1.558,False,,0,0,,,,,,0,0,0,0,0,0,6.271,0.8092,0.75,1.45,navegando para fronteira
20560.876,480.0,navigating,-0.1795,5.2338,0.351,165.9,1.0,0.0317,0.1053,26.022,44.8,12444,1,595,8,11,273.0,1,81,15,0,3,4,0,0,0,-4.128,1.46,4,0,,ExplorationGrid,-4.128,1.46,-3.795,1.558,False,,0,0,,,,,,0,0,0,0,0,0,6.268,0.8096,0.8,1.35,navegando para fronteira
20561.298,480.5,navigating,-0.1973,5.2223,0.3545,168.71,0.74,0.0357,0.08,26.051,44.8,12444,1,595,8,11,273.0,1,81,15,0,3,4,0,0,0,-4.128,1.46,4,0,,ExplorationGrid,-4.128,1.46,-3.795,1.558,False,,0,0,,,,,,0,0,0,0,0,0,6.268,0.8096,0.75,1.3,navegando para fronteira
20561.732,481.0,navigating,-0.2072,5.1867,0.3571,171.34,0.82,0.0147,0.1002,26.092,44.8,12444,1,595,8,11,273.0,1,81,15,0,3,4,0,0,0,-4.128,1.46,4,0,,ExplorationGrid,-4.128,1.46,-3.795,1.558,False,,0,0,,,,,,0,0,0,0,0,0,6.268,0.8096,0.7,1.3,navegando para fronteira
20562.24,481.5,navigating,-0.2112,5.2083,0.3559,174.1,0.62,0.0278,0.0182,26.118,44.8,12444,1,595,8,11,273.0,1,81,15,0,3,4,0,0,0,-4.128,1.46,4,0,,ExplorationGrid,-4.128,1.46,-3.795,1.558,False,,0,0,,,,,,0,0,0,0,0,0,6.268,0.8096,0.75,1.3,navegando para fronteira
20562.64,482.0,navigating,-0.2406,5.2202,0.3407,176.18,0.39,0.0577,0.0768,26.15,44.8,12444,1,595,8,11,273.0,1,81,15,0,3,4,0,0,0,-4.128,1.46,4,0,,ExplorationGrid,-4.128,1.46,-3.795,1.558,False,,0,0,,,,,,0,0,0,0,0,0,6.173,0.812,0.75,1.4,navegando para fronteira
20563.131,482.501,navigating,-0.2849,5.2341,0.3537,178.54,0.69,0.0707,0.08,26.198,44.8,12444,1,595,8,11,273.0,1,81,15,0,3,4,0,0,0,-4.128,1.46,4,0,,ExplorationGrid,-4.128,1.46,-3.795,1.558,False,,0,0,,,,,,0,0,0,0,0,0,6.173,0.812,0.75,1.5,navegando para fronteira
20563.592,483.0,navigating,-0.3225,5.2194,0.36,-178.25,0.06,0.0679,0.1111,26.24,45.71,12697,1,595,8,11,273.0,1,81,15,0,3,4,0,0,0,-4.128,1.46,4,0,,ExplorationGrid,-4.128,1.46,-3.795,1.558,False,,0,0,,,,,,0,0,0,0,0,0,6.173,0.812,0.75,1.5,navegando para fronteira
20564.084,483.5,navigating,-0.3607,5.2141,0.3704,-177.15,0.14,0.0779,0.0877,26.279,45.71,12697,1,595,8,11,273.0,1,81,15,0,3,4,0,0,0,-4.128,1.46,4,0,,ExplorationGrid,-4.128,1.46,-3.795,1.558,False,,0,0,,,,,,0,0,0,0,0,0,6.173,0.812,0.75,1.5,navegando para fronteira
20564.509,484.0,navigating,-0.4023,5.2305,0.3475,-176.58,0.52,0.0962,0.0985,26.324,45.71,12697,1,595,8,11,273.0,1,81,15,0,3,4,0,0,0,-4.128,1.46,4,0,,ExplorationGrid,-4.128,1.46,-3.795,1.558,False,,0,0,,,,,,0,0,0,0,0,0,6.067,0.816,0.75,0.8,navegando para fronteira
20564.922,484.5,navigating,-0.4535,5.2048,0.3438,-175.2,0.83,0.1221,0.1569,26.383,45.71,12697,1,595,8,11,273.0,1,81,15,0,3,4,0,0,0,-4.128,1.46,4,0,,ExplorationGrid,-4.128,1.46,-3.795,1.558,False,,0,0,,,,,,0,0,0,0,0,0,6.067,0.816,0.75,0.2,navegando para fronteira
20565.402,485.0,navigating,-0.5177,5.1789,0.3507,-172.84,0.53,0.1127,0.1266,26.457,45.71,12697,1,595,8,11,273.0,1,81,15,0,3,4,0,0,0,-4.128,1.46,4,0,,ExplorationGrid,-4.128,1.46,-3.795,1.558,False,,0,0,,,,,,0,0,0,0,0,0,5.976,0.8184,0.7,0.2,navegando para fronteira
20565.819,485.5,navigating,-0.5763,5.2051,0.3484,-168.57,0.53,0.1128,0.16,26.522,45.71,12697,1,595,8,11,273.0,1,81,15,0,3,4,0,0,0,-4.128,1.46,4,0,,ExplorationGrid,-4.128,1.46,-3.795,1.558,False,,0,0,,,,,,0,0,0,0,0,0,5.976,0.8184,0.75,0.1,navegando para fronteira
20566.312,486.0,navigating,-0.639,5.2166,0.3572,-164.78,0.48,0.0996,0.069,26.587,45.71,12697,1,595,8,11,273.0,1,81,15,0,3,4,0,0,0,-4.128,1.46,4,0,,ExplorationGrid,-4.128,1.46,-3.795,1.558,False,,0,0,,,,,,0,0,0,0,0,0,5.816,0.821,0.75,0.05,navegando para fronteira
20566.682,486.5,navigating,-0.6761,5.1891,0.3846,-175.28,0.81,0.11,-0.0761,26.634,45.71,12697,1,595,8,11,273.0,1,81,15,0,3,4,0,0,0,-4.128,1.46,4,0,,ExplorationGrid,-4.128,1.46,-3.795,1.558,False,,0,0,,,,,,0,0,0,0,0,0,5.816,0.821,0.7,0.1,navegando para fronteira
20567.127,487.0,navigating,-0.7129,5.1579,0.3725,-163.71,1.13,0.1147,0.12,26.684,38.68,12758,1,595,8,11,273.0,1,81,15,0,3,4,0,0,0,-4.128,1.46,4,0,,ExplorationGrid,-4.128,1.46,-3.795,1.558,False,,0,0,,,,,,0,0,0,0,0,0,5.755,0.8155,0.7,0.1,navegando para fronteira
20567.603,487.5,navigating,-0.7576,5.1435,0.3592,-159.4,0.19,0.1124,0.1758,26.732,38.68,12758,1,595,8,11,273.0,1,81,15,0,3,4,0,0,0,-4.128,1.46,4,0,,ExplorationGrid,-4.128,1.46,-3.795,1.558,False,,0,0,,,,,,0,0,0,0,0,0,5.755,0.8155,0.7,0.15,navegando para fronteira
20568.077,488.0,navigating,-0.8294,5.1311,0.3556,-156.41,0.47,0.1354,0.1233,26.807,38.68,12758,1,595,8,11,273.0,1,81,15,0,3,4,0,0,0,-4.128,1.46,4,0,,ExplorationGrid,-4.128,1.46,-3.795,1.558,False,,0,0,,,,,,0,0,0,0,0,0,5.598,0.8183,0.7,0.15,navegando para fronteira
20568.51,488.5,navigating,-0.8834,5.0824,0.3367,-154.79,1.06,0.1404,0.0558,26.88,38.68,12758,1,595,8,11,273.0,1,81,15,0,3,4,0,0,0,-4.128,1.46,4,0,,ExplorationGrid,-4.128,1.46,-3.795,1.558,False,,0,0,,,,,,0,0,0,0,0,0,5.598,0.8183,0.65,0.2,navegando para fronteira
20568.941,489.0,navigating,-0.9189,5.0341,0.348,-153.94,0.77,0.1001,0.05,26.941,38.68,12758,1,595,8,11,273.0,1,81,15,0,3,4,0,0,0,-4.128,1.46,4,0,,ExplorationGrid,-4.128,1.46,-3.795,1.558,False,,0,0,,,,,,0,0,0,0,0,0,5.598,0.8183,0.6,0.25,navegando para fronteira
20569.438,489.5,navigating,-0.9833,5.0465,0.3483,-153.38,0.97,0.1136,0.0029,27.011,38.68,12758,1,595,8,11,273.0,1,81,15,0,3,4,0,0,0,-4.128,1.46,4,0,,ExplorationGrid,-4.128,1.46,-3.795,1.558,False,,0,0,,,,,,0,0,0,0,0,0,5.54,0.8118,0.65,0.25,navegando para fronteira
20569.87,490.0,navigating,-1.0375,5.0499,0.3534,-151.52,0.55,0.1015,0.034,27.067,38.7,12764,1,595,8,11,273.0,1,81,15,0,3,4,0,0,0,-4.128,1.46,4,0,,ExplorationGrid,-4.128,1.46,-3.795,1.558,False,,0,0,,,,,,0,0,0,0,0,0,5.54,0.8118,0.65,0.4,navegando para fronteira
20570.348,490.5,navigating,-1.0636,4.9916,0.3614,-149.09,1.2,0.1212,0.0767,27.131,38.7,12764,1,595,8,11,273.0,1,81,15,0,3,4,0,0,0,-4.128,1.46,4,0,,ExplorationGrid,-4.128,1.46,-3.795,1.558,False,,0,0,,,,,,0,0,0,0,0,0,5.38,0.8159,0.6,1.5,navegando para fronteira
20570.828,491.0,navigating,-1.0925,4.9779,0.3625,-147.27,0.17,0.0799,0.0519,27.166,38.7,12764,1,595,8,11,273.0,1,81,15,0,3,4,0,0,0,-4.128,1.46,4,0,,ExplorationGrid,-4.128,1.46,-3.795,1.558,False,,0,0,,,,,,0,0,0,0,0,0,5.38,0.8159,0.6,1.5,navegando para fronteira
20571.257,491.5,navigating,-1.1374,4.9567,0.3575,-146.15,0.24,0.11,0.0388,27.217,38.7,12764,1,595,8,11,273.0,1,81,15,0,3,4,0,0,0,-4.128,1.46,4,0,,ExplorationGrid,-4.128,1.46,-3.795,1.558,False,,0,0,,,,,,0,0,0,0,0,0,5.334,0.8071,0.55,1.5,navegando para fronteira
20571.726,492.0,navigating,-1.192,4.9001,0.356,-145.14,0.41,0.1389,0.0722,27.296,38.7,12764,1,595,8,11,273.0,1,81,15,0,3,4,0,0,0,-4.128,1.46,4,0,,ExplorationGrid,-4.128,1.46,-3.795,1.558,False,,0,0,,,,,,0,0,0,0,0,0,5.334,0.8071,0.5,1.45,navegando para fronteira
20572.186,492.5,navigating,-1.2511,4.8591,0.3582,-144.17,0.22,0.1356,0.0649,27.368,38.7,12764,1,595,8,11,273.0,1,81,15,0,3,4,0,0,0,-4.128,1.46,4,0,,ExplorationGrid,-4.128,1.46,-3.795,1.558,False,,0,0,,,,,,0,0,0,0,0,0,5.177,0.8049,0.45,1.4,navegando para fronteira
20572.61,493.0,navigating,-1.3116,4.8303,0.3549,-143.24,0.64,0.1397,0.0409,27.435,38.7,12764,1,595,8,11,273.0,1,81,15,0,3,4,0,0,0,-4.128,1.46,4,0,,ExplorationGrid,-4.128,1.46,-3.795,1.558,False,,0,0,,,,,,0,0,0,0,0,0,5.177,0.8049,0.45,1.25,navegando para fronteira
20573.028,493.5,navigating,-1.3517,4.8003,0.3665,-141.48,0.42,0.1256,0.1403,27.486,38.7,12764,1,595,8,11,273.0,1,81,15,0,3,4,0,0,0,-4.128,1.46,4,0,,ExplorationGrid,-4.128,1.46,-3.795,1.558,False,,0,0,,,,,,0,0,0,0,0,0,5.013,0.8038,0.4,1.15,navegando para fronteira
20573.419,494.0,navigating,-1.3784,4.7706,0.3438,-141.15,0.36,0.1068,0.0246,27.527,38.7,12764,1,595,8,11,273.0,1,81,15,0,3,4,0,0,0,-4.128,1.46,4,0,,ExplorationGrid,-4.128,1.46,-3.795,1.558,False,,0,0,,,,,,0,0,0,0,0,0,5.013,0.8038,0.4,1.1,navegando para fronteira
20573.876,494.5,navigating,-1.3637,4.7274,0.3344,-140.35,1.23,0.0424,0.0135,27.575,38.7,12764,1,595,8,11,273.0,1,81,15,0,3,4,0,0,0,-4.128,1.46,4,0,,ExplorationGrid,-4.128,1.46,-3.795,1.558,False,,0,0,,,,,,0,0,0,0,0,0,4.931,0.8068,0.35,1.1,navegando para fronteira
20574.295,495.0,navigating,-1.3495,4.7289,0.3557,-140.04,0.54,0.009,0.0011,27.594,38.7,12764,1,595,8,11,273.0,1,81,15,0,3,4,0,0,0,-4.128,1.46,4,0,,ExplorationGrid,-4.128,1.46,-3.795,1.558,False,,0,0,,,,,,0,0,0,0,0,0,4.931,0.8068,0.35,1.1,navegando para fronteira
20574.705,495.5,navigating,-1.3502,4.7497,0.3525,-139.4,0.67,0.0163,0.0424,27.621,38.7,12764,1,595,8,11,273.0,1,81,15,0,3,4,0,0,0,-4.128,1.46,4,0,,ExplorationGrid,-4.128,1.46,-3.795,1.558,False,,0,0,,,,,,0,0,0,0,0,0,5.001,0.8057,0.35,1.1,navegando para fronteira
20575.2,496.0,navigating,-1.374,4.7364,0.3567,-137.48,0.14,0.0649,0.1057,27.653,38.7,12764,1,595,8,11,273.0,1,81,15,0,3,4,0,0,0,-4.128,1.46,4,0,,ExplorationGrid,-4.128,1.46,-3.795,1.558,False,,0,0,,,,,,0,0,0,0,0,0,5.001,0.8057,0.35,1.05,navegando para fronteira
20575.64,496.5,navigating,-1.3782,4.7124,0.365,-136.33,0.46,0.0615,0.0697,27.679,38.7,12764,1,595,8,11,273.0,1,81,15,0,3,4,0,0,0,-4.128,1.46,4,0,,ExplorationGrid,-4.128,1.46,-3.795,1.558,False,,0,0,,,,,,0,0,0,0,0,0,4.837,0.8048,0.35,1.0,navegando para fronteira
20576.067,497.0,navigating,-1.4062,4.6996,0.3649,-135.26,0.35,0.0749,0.0849,27.711,38.7,12764,1,595,8,11,273.0,1,81,15,0,3,4,0,0,0,-4.128,1.46,4,0,,ExplorationGrid,-4.128,1.46,-3.795,1.558,False,,0,0,,,,,,0,0,0,0,0,0,4.837,0.8048,0.4,0.95,navegando para fronteira
20576.536,497.5,navigating,-1.4305,4.6613,0.3541,-133.69,0.56,0.0857,0.1189,27.757,38.7,12764,1,595,8,11,273.0,1,81,15,0,3,4,0,0,0,-4.128,1.46,4,0,,ExplorationGrid,-4.128,1.46,-3.795,1.558,False,,0,0,,,,,,0,0,0,0,0,0,4.834,0.8052,0.35,0.9,navegando para fronteira
20577.01,498.0,navigating,-1.4695,4.6066,0.3567,-131.63,0.28,0.1166,0.0552,27.826,38.7,12764,1,595,8,11,273.0,1,81,15,0,3,4,0,0,0,-4.128,1.46,4,0,,ExplorationGrid,-4.128,1.46,-3.795,1.558,False,,0,0,,,,,,0,0,0,0,0,0,4.834,0.8052,0.35,0.8,navegando para fronteira
20577.427,498.5,navigating,-1.5241,4.5738,0.353,-130.14,0.75,0.1291,0.0829,27.89,38.7,12764,1,595,8,11,273.0,1,81,15,0,3,4,0,0,0,-4.128,1.46,4,0,,ExplorationGrid,-4.128,1.46,-3.795,1.558,False,,0,0,,,,,,0,0,0,0,0,0,4.701,0.7988,0.35,0.7,navegando para fronteira
20577.905,499.0,navigating,-1.5421,4.5142,0.3606,-127.47,0.61,0.1041,0.0897,27.953,38.7,12764,1,595,8,11,273.0,1,81,15,0,3,4,0,0,0,-4.128,1.46,4,0,,ExplorationGrid,-4.128,1.46,-3.795,1.558,False,,0,0,,,,,,0,0,0,0,0,0,4.701,0.7988,0.35,0.65,navegando para fronteira
20578.301,499.501,navigating,-1.5481,4.482,0.3616,-125.46,0.53,0.0799,0.0937,27.988,38.7,12764,1,595,8,11,273.0,1,81,15,0,3,4,0,0,0,-4.128,1.46,4,0,,ExplorationGrid,-4.128,1.46,-3.795,1.558,False,,0,0,,,,,,0,0,0,0,0,0,4.601,0.7975,0.35,0.65,navegando para fronteira
20578.777,500.0,navigating,-1.5881,4.4573,0.3599,-123.18,0.8,0.0786,0.0944,28.036,38.7,12764,1,595,8,11,273.0,1,81,15,0,3,4,0,0,0,-4.128,1.46,4,0,,ExplorationGrid,-4.128,1.46,-3.795,1.558,False,,0,0,,,,,,0,0,0,0,0,0,4.601,0.7975,0.35,0.6,navegando para fronteira
20579.236,500.5,navigating,-1.6107,4.4146,0.3548,-120.88,0.16,0.0796,0.0985,28.087,38.7,12764,1,595,8,11,273.0,1,81,15,0,3,4,0,0,0,-4.128,1.46,4,0,,ExplorationGrid,-4.128,1.46,-3.795,1.558,False,,0,0,,,,,,0,0,0,0,0,0,4.601,0.7975,0.4,0.55,navegando para fronteira
20579.729,501.0,navigating,-1.6145,4.3689,0.3548,-118.65,0.42,0.0853,0.1146,28.134,38.7,12764,1,595,8,11,273.0,1,81,15,0,3,4,0,0,0,-4.128,1.46,4,0,,ExplorationGrid,-4.128,1.46,-3.795,1.558,False,,0,0,,,,,,0,0,0,0,0,0,4.521,0.7813,0.4,0.5,navegando para fronteira
20580.139,501.5,selecting,-1.6496,4.3434,0.3487,-116.6,0.81,0.062,0.0777,28.179,38.7,12764,1,595,8,11,273.0,1,81,15,0,3,5,0,0,0,-4.128,1.46,4,0,,ExplorationGrid,-4.128,1.46,-3.795,1.558,False,,0,0,,,,,,0,0,0,0,0,0,4.521,0.7813,0.4,0.45,meta de fronteira expirou
20580.608,502.0,selecting,-1.6791,4.3492,0.351,-115.98,0.55,0.0,0.0,28.21,38.7,12764,1,595,8,11,273.0,1,81,15,0,3,5,0,0,0,-4.128,1.46,4,0,,ExplorationGrid,-4.128,1.46,-3.795,1.558,False,,0,0,,,,,,0,0,0,0,0,0,4.521,0.7813,0.45,0.45,meta de fronteira expirou
20581.019,502.5,selecting,-1.6787,4.3417,0.3521,-115.84,0.09,0.0,0.0,28.217,38.7,12764,1,595,8,11,273.0,1,81,15,0,3,5,0,0,0,-4.128,1.46,4,0,,ExplorationGrid,-4.128,1.46,-3.795,1.558,False,,0,0,,,,,,0,0,0,0,0,0,4.521,0.7813,0.45,0.45,meta de fronteira expirou
20581.504,503.0,selecting,-1.6791,4.3407,0.3524,-115.86,0.06,0.0,0.0,28.219,38.7,12764,4,340,10,14,431.2,0,82,16,0,3,5,0,0,0,-0.878,9.179,4,0,,ExplorationGrid,-4.128,1.46,-3.795,1.558,False,,0,0,,,,,,0,0,0,0,0,0,4.521,0.7813,0.45,0.45,meta de fronteira expirou
20581.846,503.5,selecting,-1.6794,4.3401,0.3526,-115.93,0.08,0.0,0.0,28.219,38.7,12764,4,340,10,14,431.2,0,82,16,0,3,5,0,0,0,-0.878,9.179,4,0,,ExplorationGrid,-4.128,1.46,-3.795,1.558,False,,0,0,,,,,,0,0,0,0,0,0,4.521,0.7813,0.45,0.45,meta de fronteira expirou
20582.328,504.0,selecting,-1.6796,4.3398,0.3528,-115.9,0.08,0.0,0.0,28.219,38.7,12764,4,340,10,14,431.2,0,82,16,0,3,5,0,0,0,-0.878,9.179,4,0,,ExplorationGrid,-4.128,1.46,-3.795,1.558,False,,0,0,,,,,,0,0,0,0,0,0,4.521,0.7813,0.45,0.45,meta de fronteira expirou
20582.811,504.5,selecting,-1.6799,4.3394,0.353,-115.95,0.1,0.0,0.0,28.22,38.7,12764,0,340,10,14,450.0,0,93,17,0,7,5,0,0,1,-1.328,9.779,6,208,,ExplorationGrid,-4.128,1.46,-3.795,1.558,False,,0,0,,,,,,0,0,0,0,0,0,4.521,0.7813,0.45,0.45,fronteiras existem mas foram filtradas
20583.235,505.001,selecting,-1.68,4.339,0.3532,-115.92,0.11,0.0,0.0,28.22,38.7,12764,0,340,10,14,450.0,0,93,17,0,7,5,0,0,2,-1.328,9.779,6,208,,ExplorationGrid,-4.128,1.46,-3.795,1.558,False,,0,0,,,,,,0,0,0,0,0,0,4.521,0.7813,0.45,0.45,fronteiras existem mas foram filtradas
20583.692,505.5,selecting,-1.6802,4.3389,0.3535,-115.92,0.11,0.0,0.0,28.221,38.7,12764,0,340,10,14,450.0,0,93,17,0,7,5,0,0,2,-1.328,9.779,6,208,,ExplorationGrid,-4.128,1.46,-3.795,1.558,False,,0,0,,,,,,0,0,0,0,0,0,4.521,0.7813,0.45,0.45,fronteiras existem mas foram filtradas
20584.14,506.0,selecting,-1.6802,4.3388,0.3536,-115.91,0.1,0.0,0.0,28.221,38.7,12764,0,340,10,14,450.0,0,93,17,0,7,5,0,0,3,-1.328,9.779,6,208,,ExplorationGrid,-4.128,1.46,-3.795,1.558,False,,0,0,,,,,,0,0,0,0,0,0,4.521,0.7813,0.45,0.45,fronteiras existem mas foram filtradas
20584.608,506.5,selecting,-1.6802,4.3388,0.3536,-115.91,0.1,0.0,0.0,28.221,38.7,12764,0,340,10,14,450.0,0,93,17,0,7,5,0,0,3,-1.328,9.779,6,208,,ExplorationGrid,-4.128,1.46,-3.795,1.558,False,,0,0,,,,,,0,0,0,0,0,0,4.521,0.7813,0.45,0.45,fronteiras existem mas foram filtradas
20585.068,507.001,selecting,-1.6802,4.3388,0.3536,-115.91,0.1,0.0,0.0,28.221,38.7,12764,0,340,10,14,450.0,0,93,17,0,7,5,0,0,4,-1.328,9.779,6,208,,ExplorationGrid,-4.128,1.46,-3.795,1.558,False,,0,0,,,,,,0,0,0,0,0,0,4.521,0.7813,0.45,0.45,fronteiras existem mas foram filtradas
20585.519,507.5,selecting,-1.6803,4.3386,0.3539,-115.86,0.12,0.0,0.0,28.221,38.7,12764,0,340,10,14,450.0,0,93,17,0,7,5,0,0,4,-1.328,9.779,6,208,,ExplorationGrid,-4.128,1.46,-3.795,1.558,False,,0,0,,,,,,0,0,0,0,0,0,4.521,0.7813,0.45,0.45,fronteiras existem mas foram filtradas
20585.969,508.0,selecting,-1.6804,4.3385,0.3543,-115.91,0.13,0.0,0.0,28.221,38.7,12764,0,340,10,14,450.0,0,93,17,0,7,5,0,0,4,-1.328,9.779,6,208,,ExplorationGrid,-4.128,1.46,-3.795,1.558,False,,0,0,,,,,,0,0,0,0,0,0,4.521,0.7813,0.45,0.45,fronteiras existem mas foram filtradas
20586.446,508.5,selecting,-1.6804,4.3384,0.3544,-115.91,0.12,0.0,0.0,28.221,38.7,12764,0,340,10,14,450.0,0,93,17,0,7,5,0,0,5,-1.328,9.779,6,208,,ExplorationGrid,-4.128,1.46,-3.795,1.558,False,,0,0,,,,,,0,0,0,0,0,0,4.521,0.7813,0.45,0.45,fronteiras existem mas foram filtradas
20586.938,509.0,selecting,-1.6804,4.3384,0.3544,-115.91,0.12,0.0,0.0,28.221,38.7,12764,0,340,10,14,450.0,0,93,17,0,7,5,0,0,5,-1.328,9.779,6,208,,ExplorationGrid,-4.128,1.46,-3.795,1.558,False,,0,0,,,,,,0,0,0,0,0,0,4.521,0.7813,0.45,0.45,fronteiras existem mas foram filtradas
20587.425,509.5,selecting,-1.6804,4.3384,0.3544,-115.91,0.12,0.0,0.0,28.221,38.7,12764,0,340,10,14,450.0,0,93,17,0,7,5,0,0,6,-1.328,9.779,6,208,,ExplorationGrid,-4.128,1.46,-3.795,1.558,False,,0,0,,,,,,0,0,0,0,0,0,4.521,0.7813,0.45,0.45,fronteiras existem mas foram filtradas
20587.905,510.0,selecting,-1.6804,4.3384,0.3545,-115.91,0.12,0.0,0.0,28.221,38.7,12764,0,340,10,14,450.0,0,93,17,0,7,5,0,0,6,-1.328,9.779,6,208,,ExplorationGrid,-4.128,1.46,-3.795,1.558,False,,0,0,,,,,,0,0,0,0,0,0,4.521,0.7813,0.45,0.45,fronteiras existem mas foram filtradas
20588.373,510.5,selecting,-1.6804,4.3384,0.3545,-115.91,0.12,0.0,0.0,28.221,38.7,12764,0,340,10,14,450.0,0,93,17,0,7,5,0,0,7,-1.328,9.779,6,208,,ExplorationGrid,-4.128,1.46,-3.795,1.558,False,,0,0,,,,,,0,0,0,0,0,0,4.521,0.7813,0.45,0.45,fronteiras existem mas foram filtradas
20588.84,511.0,selecting,-1.6804,4.3384,0.3545,-115.91,0.12,0.0,0.0,28.221,38.7,12764,0,340,10,14,450.0,0,93,17,0,7,5,0,0,7,-1.328,9.779,6,208,,ExplorationGrid,-4.128,1.46,-3.795,1.558,False,,0,0,,,,,,0,0,0,0,0,0,4.521,0.7813,0.45,0.45,fronteiras existem mas foram filtradas
20589.32,511.501,selecting,-1.6804,4.3384,0.3545,-115.91,0.12,0.0,0.0,28.221,38.7,12764,0,340,10,14,450.0,0,93,17,0,7,5,0,0,8,-1.328,9.779,6,208,,ExplorationGrid,-4.128,1.46,-3.795,1.558,False,,0,0,,,,,,0,0,0,0,0,0,4.521,0.7813,0.45,0.45,fronteiras existem mas foram filtradas
20589.759,512.0,selecting,-1.6804,4.3384,0.3545,-115.92,0.12,0.0,0.0,28.221,38.7,12764,0,340,10,14,450.0,0,93,17,0,7,5,0,0,8,-1.328,9.779,6,208,,ExplorationGrid,-4.128,1.46,-3.795,1.558,False,,0,0,,,,,,0,0,0,0,0,0,4.521,0.7813,0.45,0.45,fronteiras existem mas foram filtradas
20590.246,512.5,selecting,-1.6804,4.3384,0.3545,-115.92,0.12,0.0,0.0,28.221,38.7,12764,0,340,10,14,450.0,0,93,17,0,7,5,0,0,9,-1.328,9.779,6,208,,ExplorationGrid,-4.128,1.46,-3.795,1.558,False,,0,0,,,,,,0,0,0,0,0,0,4.521,0.7813,0.45,0.45,fronteiras existem mas foram filtradas
20590.727,513.0,selecting,-1.6804,4.3384,0.3545,-115.92,0.12,0.0,0.0,28.221,38.7,12764,0,340,10,14,450.0,0,93,17,0,7,5,0,0,9,-1.328,9.779,6,208,,ExplorationGrid,-4.128,1.46,-3.795,1.558,False,,0,0,,,,,,0,0,0,0,0,0,4.521,0.7813,0.45,0.45,fronteiras existem mas foram filtradas
20591.201,513.501,failed,-1.6804,4.3384,0.3545,-115.92,0.12,0.0,0.0,28.221,38.7,12764,0,340,10,14,450.0,0,93,17,0,7,5,0,0,10,-1.328,9.779,6,208,,ExplorationGrid,-4.128,1.46,-3.795,1.558,False,,0,0,,,,,,0,0,0,0,0,0,4.521,0.7813,0.45,0.45,nenhuma fronteira segura alcancavel
20591.638,514.001,failed,-1.6804,4.3384,0.3545,-115.92,0.12,0.0,0.0,28.221,38.7,12764,0,340,10,14,450.0,0,93,17,0,7,5,0,0,10,-1.328,9.779,6,208,,ExplorationGrid,-4.128,1.46,-3.795,1.558,False,,0,0,,,,,,0,0,0,0,0,0,4.521,0.7813,0.45,0.45,nenhuma fronteira segura alcancavel
20592.119,514.5,failed,-1.6804,4.3384,0.3545,-115.92,0.12,0.0,0.0,28.221,38.7,12764,0,340,10,14,450.0,0,93,17,0,7,5,0,0,10,-1.328,9.779,6,208,,ExplorationGrid,-4.128,1.46,-3.795,1.558,False,,0,0,,,,,,0,0,0,0,0,0,4.521,0.7813,0.45,0.45,nenhuma fronteira segura alcancavel
20592.603,515.0,failed,-1.6804,4.3384,0.3545,-115.92,0.12,0.0,0.0,28.221,38.7,12764,0,340,10,14,450.0,0,93,17,0,7,5,0,0,10,-1.328,9.779,6,208,,ExplorationGrid,-4.128,1.46,-3.795,1.558,False,,0,0,,,,,,0,0,0,0,0,0,4.521,0.7813,0.45,0.45,nenhuma fronteira segura alcancavel
20593.059,515.5,failed,-1.6804,4.3384,0.3545,-115.92,0.12,0.0,0.0,28.221,38.7,12764,0,340,10,14,450.0,0,93,17,0,7,5,0,0,10,-1.328,9.779,6,208,,ExplorationGrid,-4.128,1.46,-3.795,1.558,False,,0,0,,,,,,0,0,0,0,0,0,4.521,0.7813,0.45,0.45,nenhuma fronteira segura alcancavel
20593.521,516.0,failed,-1.6804,4.3384,0.3545,-115.92,0.12,0.0,0.0,28.221,38.7,12764,0,340,10,14,450.0,0,93,17,0,7,5,0,0,10,-1.328,9.779,6,208,,ExplorationGrid,-4.128,1.46,-3.795,1.558,False,,0,0,,,,,,0,0,0,0,0,0,4.521,0.7813,0.45,0.45,nenhuma fronteira segura alcancavel
20593.99,516.5,failed,-1.6804,4.3384,0.3545,-115.92,0.12,0.0,0.0,28.221,38.7,12764,0,340,10,14,450.0,0,93,17,0,7,5,0,0,10,-1.328,9.779,6,208,,ExplorationGrid,-4.128,1.46,-3.795,1.558,False,,0,0,,,,,,0,0,0,0,0,0,4.521,0.7813,0.45,0.45,nenhuma fronteira segura alcancavel
20594.461,517.0,failed,-1.6804,4.3384,0.3545,-115.91,0.12,0.0,0.0,28.221,38.7,12764,0,340,10,14,450.0,0,93,17,0,7,5,0,0,10,-1.328,9.779,6,208,,ExplorationGrid,-4.128,1.46,-3.795,1.558,False,,0,0,,,,,,0,0,0,0,0,0,4.521,0.7813,0.45,0.45,nenhuma fronteira segura alcancavel
20594.937,517.5,failed,-1.6804,4.3384,0.3545,-115.91,0.12,0.0,0.0,28.221,38.7,12764,0,340,10,14,450.0,0,93,17,0,7,5,0,0,10,-1.328,9.779,6,208,,ExplorationGrid,-4.128,1.46,-3.795,1.558,False,,0,0,,,,,,0,0,0,0,0,0,4.521,0.7813,0.45,0.45,nenhuma fronteira segura alcancavel
20595.435,518.0,failed,-1.6804,4.3384,0.3546,-115.91,0.12,0.0,0.0,28.221,38.7,12764,0,340,10,14,450.0,0,93,17,0,7,5,0,0,10,-1.328,9.779,6,208,,ExplorationGrid,-4.128,1.46,-3.795,1.558,False,,0,0,,,,,,0,0,0,0,0,0,4.521,0.7813,0.45,0.45,nenhuma fronteira segura alcancavel
20595.901,518.501,failed,-1.6804,4.3384,0.3546,-115.91,0.12,0.0,0.0,28.221,38.7,12764,0,340,10,14,450.0,0,93,17,0,7,5,0,0,10,-1.328,9.779,6,208,,ExplorationGrid,-4.128,1.46,-3.795,1.558,False,,0,0,,,,,,0,0,0,0,0,0,4.521,0.7813,0.45,0.45,nenhuma fronteira segura alcancavel
20596.321,519.0,failed,-1.6804,4.3384,0.3546,-115.91,0.12,0.0,0.0,28.221,38.7,12764,0,340,10,14,450.0,0,93,17,0,7,5,0,0,10,-1.328,9.779,6,208,,ExplorationGrid,-4.128,1.46,-3.795,1.558,False,,0,0,,,,,,0,0,0,0,0,0,4.521,0.7813,0.45,0.45,nenhuma fronteira segura alcancavel
20596.761,519.5,failed,-1.6804,4.3384,0.3546,-115.91,0.12,0.0,0.0,28.221,38.7,12764,0,340,10,14,450.0,0,93,17,0,7,5,0,0,10,-1.328,9.779,6,208,,ExplorationGrid,-4.128,1.46,-3.795,1.558,False,,0,0,,,,,,0,0,0,0,0,0,4.521,0.7813,0.45,0.45,nenhuma fronteira segura alcancavel
20597.209,520.0,failed,-1.6804,4.3384,0.3546,-115.91,0.12,0.0,0.0,28.221,38.7,12764,0,340,10,14,450.0,0,93,17,0,7,5,0,0,10,-1.328,9.779,6,208,,ExplorationGrid,-4.128,1.46,-3.795,1.558,False,,0,0,,,,,,0,0,0,0,0,0,4.521,0.7813,0.45,0.45,nenhuma fronteira segura alcancavel
20597.67,520.5,failed,-1.6804,4.3384,0.3546,-115.91,0.12,0.0,0.0,28.221,38.7,12764,0,340,10,14,450.0,0,93,17,0,7,5,0,0,10,-1.328,9.779,6,208,,ExplorationGrid,-4.128,1.46,-3.795,1.558,False,,0,0,,,,,,0,0,0,0,0,0,4.521,0.7813,0.45,0.45,nenhuma fronteira segura alcancavel
20598.146,521.0,failed,-1.6804,4.3384,0.3546,-115.92,0.12,0.0,0.0,28.221,38.7,12764,0,340,10,14,450.0,0,93,17,0,7,5,0,0,10,-1.328,9.779,6,208,,ExplorationGrid,-4.128,1.46,-3.795,1.558,False,,0,0,,,,,,0,0,0,0,0,0,4.521,0.7813,0.45,0.45,nenhuma fronteira segura alcancavel
20598.595,521.5,failed,-1.6804,4.3384,0.3546,-115.91,0.12,0.0,0.0,28.221,38.7,12764,0,340,10,14,450.0,0,93,17,0,7,5,0,0,10,-1.328,9.779,6,208,,ExplorationGrid,-4.128,1.46,-3.795,1.558,False,,0,0,,,,,,0,0,0,0,0,0,4.521,0.7813,0.45,0.45,nenhuma fronteira segura alcancavel
20599.034,522.0,failed,-1.6804,4.3384,0.3546,-115.94,0.12,0.0,0.0,28.221,38.7,12764,0,340,10,14,450.0,0,93,17,0,7,5,0,0,10,-1.328,9.779,6,208,,ExplorationGrid,-4.128,1.46,-3.795,1.558,False,,0,0,,,,,,0,0,0,0,0,0,4.521,0.7813,0.45,0.45,nenhuma fronteira segura alcancavel
20599.502,522.5,failed,-1.6804,4.3384,0.3546,-115.92,0.12,0.0,0.0,28.221,38.7,12764,0,340,10,14,450.0,0,93,17,0,7,5,0,0,10,-1.328,9.779,6,208,,ExplorationGrid,-4.128,1.46,-3.795,1.558,False,,0,0,,,,,,0,0,0,0,0,0,4.521,0.7813,0.45,0.45,nenhuma fronteira segura alcancavel
20599.987,523.0,failed,-1.6804,4.3384,0.3548,-115.89,0.13,0.0,0.0,28.221,38.7,12764,0,340,10,14,450.0,0,93,17,0,7,5,0,0,10,-1.328,9.779,6,208,,ExplorationGrid,-4.128,1.46,-3.795,1.558,False,,0,0,,,,,,0,0,0,0,0,0,4.521,0.7813,0.45,0.45,nenhuma fronteira segura alcancavel
20600.479,523.501,failed,-1.6804,4.3384,0.3548,-115.91,0.13,0.0,0.0,28.221,38.7,12764,0,340,10,14,450.0,0,93,17,0,7,5,0,0,10,-1.328,9.779,6,208,,ExplorationGrid,-4.128,1.46,-3.795,1.558,False,,0,0,,,,,,0,0,0,0,0,0,4.521,0.7813,0.45,0.45,nenhuma fronteira segura alcancavel
20600.963,524.0,failed,-1.6804,4.3384,0.3548,-115.91,0.12,0.0,0.0,28.221,38.7,12764,0,340,10,14,450.0,0,93,17,0,7,5,0,0,10,-1.328,9.779,6,208,,ExplorationGrid,-4.128,1.46,-3.795,1.558,False,,0,0,,,,,,0,0,0,0,0,0,4.521,0.7813,0.45,0.45,nenhuma fronteira segura alcancavel
20601.433,524.5,failed,-1.6804,4.3384,0.3548,-115.91,0.12,0.0,0.0,28.221,38.7,12764,0,340,10,14,450.0,0,93,17,0,7,5,0,0,10,-1.328,9.779,6,208,,ExplorationGrid,-4.128,1.46,-3.795,1.558,False,,0,0,,,,,,0,0,0,0,0,0,4.521,0.7813,0.45,0.45,nenhuma fronteira segura alcancavel
20601.907,525.0,failed,-1.6804,4.3384,0.3548,-115.91,0.12,0.0,0.0,28.221,38.7,12764,0,340,10,14,450.0,0,93,17,0,7,5,0,0,10,-1.328,9.779,6,208,,ExplorationGrid,-4.128,1.46,-3.795,1.558,False,,0,0,,,,,,0,0,0,0,0,0,4.521,0.7813,0.45,0.45,nenhuma fronteira segura alcancavel
20602.372,525.5,failed,-1.6804,4.3384,0.3548,-115.91,0.12,0.0,0.0,28.221,38.7,12764,0,340,10,14,450.0,0,93,17,0,7,5,0,0,10,-1.328,9.779,6,208,,ExplorationGrid,-4.128,1.46,-3.795,1.558,False,,0,0,,,,,,0,0,0,0,0,0,4.521,0.7813,0.45,0.45,nenhuma fronteira segura alcancavel
20602.85,526.001,failed,-1.6804,4.3384,0.3548,-115.91,0.12,0.0,0.0,28.221,38.7,12764,0,340,10,14,450.0,0,93,17,0,7,5,0,0,10,-1.328,9.779,6,208,,ExplorationGrid,-4.128,1.46,-3.795,1.558,False,,0,0,,,,,,0,0,0,0,0,0,4.521,0.7813,0.45,0.45,nenhuma fronteira segura alcancavel
20603.327,526.5,failed,-1.6804,4.3384,0.3548,-115.91,0.12,0.0,0.0,28.221,38.7,12764,0,340,10,14,450.0,0,93,17,0,7,5,0,0,10,-1.328,9.779,6,208,,ExplorationGrid,-4.128,1.46,-3.795,1.558,False,,0,0,,,,,,0,0,0,0,0,0,4.521,0.7813,0.45,0.45,nenhuma fronteira segura alcancavel
20603.798,527.0,failed,-1.6804,4.3384,0.3548,-115.91,0.12,0.0,0.0,28.221,38.7,12764,0,340,10,14,450.0,0,93,17,0,7,5,0,0,10,-1.328,9.779,6,208,,ExplorationGrid,-4.128,1.46,-3.795,1.558,False,,0,0,,,,,,0,0,0,0,0,0,4.521,0.7813,0.45,0.45,nenhuma fronteira segura alcancavel
20604.285,527.5,failed,-1.6804,4.3384,0.3548,-115.91,0.12,0.0,0.0,28.221,38.7,12764,0,340,10,14,450.0,0,93,17,0,7,5,0,0,10,-1.328,9.779,6,208,,ExplorationGrid,-4.128,1.46,-3.795,1.558,False,,0,0,,,,,,0,0,0,0,0,0,4.521,0.7813,0.45,0.45,nenhuma fronteira segura alcancavel
20604.777,528.0,failed,-1.6804,4.3384,0.3548,-115.91,0.12,0.0,0.0,28.221,38.7,12764,0,340,10,14,450.0,0,93,17,0,7,5,0,0,10,-1.328,9.779,6,208,,ExplorationGrid,-4.128,1.46,-3.795,1.558,False,,0,0,,,,,,0,0,0,0,0,0,4.521,0.7813,0.45,0.45,nenhuma fronteira segura alcancavel
20605.228,528.5,failed,-1.6804,4.3384,0.3549,-115.92,0.13,0.0,0.0,28.221,38.7,12764,0,340,10,14,450.0,0,93,17,0,7,5,0,0,10,-1.328,9.779,6,208,,ExplorationGrid,-4.128,1.46,-3.795,1.558,False,,0,0,,,,,,0,0,0,0,0,0,4.521,0.7813,0.45,0.45,nenhuma fronteira segura alcancavel
20605.729,529.0,failed,-1.6804,4.3385,0.355,-115.89,0.13,0.0,0.0,28.221,38.7,12764,0,340,10,14,450.0,0,93,17,0,7,5,0,0,10,-1.328,9.779,6,208,,ExplorationGrid,-4.128,1.46,-3.795,1.558,False,,0,0,,,,,,0,0,0,0,0,0,4.521,0.7813,0.45,0.45,nenhuma fronteira segura alcancavel
20606.196,529.5,failed,-1.6804,4.3385,0.3551,-115.94,0.14,0.0,0.0,28.222,38.7,12764,0,340,10,14,450.0,0,93,17,0,7,5,0,0,10,-1.328,9.779,6,208,,ExplorationGrid,-4.128,1.46,-3.795,1.558,False,,0,0,,,,,,0,0,0,0,0,0,4.521,0.7813,0.45,0.45,nenhuma fronteira segura alcancavel
20606.656,530.0,failed,-1.6804,4.3385,0.3552,-115.94,0.14,0.0,0.0,28.222,38.7,12764,0,340,10,14,450.0,0,93,17,0,7,5,0,0,10,-1.328,9.779,6,208,,ExplorationGrid,-4.128,1.46,-3.795,1.558,False,,0,0,,,,,,0,0,0,0,0,0,4.521,0.7813,0.45,0.45,nenhuma fronteira segura alcancavel
20607.116,530.501,failed,-1.6804,4.3385,0.3555,-115.9,0.15,0.0,0.0,28.222,38.7,12764,0,340,10,14,450.0,0,93,17,0,7,5,0,0,10,-1.328,9.779,6,208,,ExplorationGrid,-4.128,1.46,-3.795,1.558,False,,0,0,,,,,,0,0,0,0,0,0,4.521,0.7813,0.45,0.45,nenhuma fronteira segura alcancavel
20607.586,531.0,failed,-1.6804,4.3385,0.3556,-115.87,0.14,0.0,0.0,28.222,38.7,12764,0,340,10,14,450.0,0,93,17,0,7,5,0,0,10,-1.328,9.779,6,208,,ExplorationGrid,-4.128,1.46,-3.795,1.558,False,,0,0,,,,,,0,0,0,0,0,0,4.521,0.7813,0.45,0.45,nenhuma fronteira segura alcancavel
20608.085,531.5,failed,-1.6804,4.3384,0.3557,-115.86,0.14,0.0,0.0,28.222,38.7,12764,0,340,10,14,450.0,0,93,17,0,7,5,0,0,10,-1.328,9.779,6,208,,ExplorationGrid,-4.128,1.46,-3.795,1.558,False,,0,0,,,,,,0,0,0,0,0,0,4.521,0.7813,0.45,0.45,nenhuma fronteira segura alcancavel
20608.553,532.0,failed,-1.6804,4.3385,0.3558,-115.91,0.15,0.0,0.0,28.222,38.7,12764,0,340,10,14,450.0,0,93,17,0,7,5,0,0,10,-1.328,9.779,6,208,,ExplorationGrid,-4.128,1.46,-3.795,1.558,False,,0,0,,,,,,0,0,0,0,0,0,4.521,0.7813,0.45,0.45,nenhuma fronteira segura alcancavel
20609.018,532.501,failed,-1.6804,4.3385,0.3558,-115.91,0.15,0.0,0.0,28.222,38.7,12764,0,340,10,14,450.0,0,93,17,0,7,5,0,0,10,-1.328,9.779,6,208,,ExplorationGrid,-4.128,1.46,-3.795,1.558,False,,0,0,,,,,,0,0,0,0,0,0,4.521,0.7813,0.45,0.45,nenhuma fronteira segura alcancavel
20609.492,533.0,failed,-1.6804,4.3385,0.3558,-115.91,0.15,0.0,0.0,28.222,38.7,12764,0,340,10,14,450.0,0,93,17,0,7,5,0,0,10,-1.328,9.779,6,208,,ExplorationGrid,-4.128,1.46,-3.795,1.558,False,,0,0,,,,,,0,0,0,0,0,0,4.521,0.7813,0.45,0.45,nenhuma fronteira segura alcancavel
20609.973,533.5,failed,-1.6805,4.3385,0.356,-115.95,0.16,0.0,0.0,28.222,38.7,12764,0,340,10,14,450.0,0,93,17,0,7,5,0,0,10,-1.328,9.779,6,208,,ExplorationGrid,-4.128,1.46,-3.795,1.558,False,,0,0,,,,,,0,0,0,0,0,0,4.521,0.7813,0.45,0.45,nenhuma fronteira segura alcancavel
20610.405,534.0,failed,-1.6804,4.3385,0.356,-115.91,0.15,0.0,0.0,28.222,38.7,12764,0,340,10,14,450.0,0,93,17,0,7,5,0,0,10,-1.328,9.779,6,208,,ExplorationGrid,-4.128,1.46,-3.795,1.558,False,,0,0,,,,,,0,0,0,0,0,0,4.521,0.7813,0.45,0.45,nenhuma fronteira segura alcancavel
20610.844,534.501,failed,-1.6804,4.3385,0.3562,-115.92,0.17,0.0,0.0,28.223,38.7,12764,0,340,10,14,450.0,0,93,17,0,7,5,0,0,10,-1.328,9.779,6,208,,ExplorationGrid,-4.128,1.46,-3.795,1.558,False,,0,0,,,,,,0,0,0,0,0,0,4.521,0.7813,0.45,0.45,nenhuma fronteira segura alcancavel
20611.321,535.0,failed,-1.6804,4.3385,0.3563,-115.89,0.16,0.0,0.0,28.223,38.7,12764,0,340,10,14,450.0,0,93,17,0,7,5,0,0,10,-1.328,9.779,6,208,,ExplorationGrid,-4.128,1.46,-3.795,1.558,False,,0,0,,,,,,0,0,0,0,0,0,4.521,0.7813,0.45,0.45,nenhuma fronteira segura alcancavel
20611.791,535.5,failed,-1.6804,4.3385,0.3564,-115.94,0.17,0.0,0.0,28.223,38.7,12764,0,340,10,14,450.0,0,93,17,0,7,5,0,0,10,-1.328,9.779,6,208,,ExplorationGrid,-4.128,1.46,-3.795,1.558,False,,0,0,,,,,,0,0,0,0,0,0,4.521,0.7813,0.45,0.45,nenhuma fronteira segura alcancavel
20612.283,536.0,failed,-1.6804,4.3385,0.3564,-115.92,0.17,0.0,0.0,28.223,38.7,12764,0,340,10,14,450.0,0,93,17,0,7,5,0,0,10,-1.328,9.779,6,208,,ExplorationGrid,-4.128,1.46,-3.795,1.558,False,,0,0,,,,,,0,0,0,0,0,0,4.521,0.7813,0.45,0.45,nenhuma fronteira segura alcancavel
20612.779,536.5,failed,-1.6804,4.3385,0.3565,-115.88,0.17,0.0,0.0,28.223,38.7,12764,0,340,10,14,450.0,0,93,17,0,7,5,0,0,10,-1.328,9.779,6,208,,ExplorationGrid,-4.128,1.46,-3.795,1.558,False,,0,0,,,,,,0,0,0,0,0,0,4.521,0.7813,0.45,0.45,nenhuma fronteira segura alcancavel
20613.249,537.0,failed,-1.6805,4.3385,0.3565,-115.94,0.17,0.0,0.0,28.223,38.7,12764,0,340,10,14,450.0,0,93,17,0,7,5,0,0,10,-1.328,9.779,6,208,,ExplorationGrid,-4.128,1.46,-3.795,1.558,False,,0,0,,,,,,0,0,0,0,0,0,4.521,0.7813,0.45,0.45,nenhuma fronteira segura alcancavel
20613.715,537.502,failed,-1.6804,4.3384,0.3566,-115.93,0.18,0.0,0.0,28.223,38.7,12764,0,340,10,14,450.0,0,93,17,0,7,5,0,0,10,-1.328,9.779,6,208,,ExplorationGrid,-4.128,1.46,-3.795,1.558,False,,0,0,,,,,,0,0,0,0,0,0,4.521,0.7813,0.45,0.45,nenhuma fronteira segura alcancavel
20614.201,538.0,failed,-1.6804,4.3384,0.3567,-115.92,0.18,0.0,0.0,28.224,38.7,12764,0,340,10,14,450.0,0,93,17,0,7,5,0,0,10,-1.328,9.779,6,208,,ExplorationGrid,-4.128,1.46,-3.795,1.558,False,,0,0,,,,,,0,0,0,0,0,0,4.521,0.7813,0.45,0.45,nenhuma fronteira segura alcancavel
20614.647,538.5,failed,-1.6804,4.3384,0.3568,-115.84,0.18,0.0,0.0,28.224,38.7,12764,0,340,10,14,450.0,0,93,17,0,7,5,0,0,10,-1.328,9.779,6,208,,ExplorationGrid,-4.128,1.46,-3.795,1.558,False,,0,0,,,,,,0,0,0,0,0,0,4.521,0.7813,0.45,0.45,nenhuma fronteira segura alcancavel
20615.141,539.0,failed,-1.6803,4.3384,0.357,-115.77,0.18,0.0,0.0,28.224,38.7,12764,0,340,10,14,450.0,0,93,17,0,7,5,0,0,10,-1.328,9.779,6,208,,ExplorationGrid,-4.128,1.46,-3.795,1.558,False,,0,0,,,,,,0,0,0,0,0,0,4.521,0.7813,0.45,0.45,nenhuma fronteira segura alcancavel
20615.609,539.5,failed,-1.6803,4.3385,0.3571,-115.85,0.18,0.0,0.0,28.224,38.7,12764,0,340,10,14,450.0,0,93,17,0,7,5,0,0,10,-1.328,9.779,6,208,,ExplorationGrid,-4.128,1.46,-3.795,1.558,False,,0,0,,,,,,0,0,0,0,0,0,4.521,0.7813,0.45,0.45,nenhuma fronteira segura alcancavel
20616.092,540.0,failed,-1.6805,4.3385,0.3572,-115.97,0.19,0.0,0.0,28.225,38.7,12764,0,340,10,14,450.0,0,93,17,0,7,5,0,0,10,-1.328,9.779,6,208,,ExplorationGrid,-4.128,1.46,-3.795,1.558,False,,0,0,,,,,,0,0,0,0,0,0,4.521,0.7813,0.45,0.45,nenhuma fronteira segura alcancavel
20616.567,540.5,failed,-1.6804,4.3385,0.3572,-115.91,0.18,0.0,0.0,28.225,38.7,12764,0,340,10,14,450.0,0,93,17,0,7,5,0,0,10,-1.328,9.779,6,208,,ExplorationGrid,-4.128,1.46,-3.795,1.558,False,,0,0,,,,,,0,0,0,0,0,0,4.521,0.7813,0.45,0.45,nenhuma fronteira segura alcancavel
20617.061,541.0,failed,-1.6804,4.3385,0.3572,-115.91,0.18,0.0,0.0,28.225,38.7,12764,0,340,10,14,450.0,0,93,17,0,7,5,0,0,10,-1.328,9.779,6,208,,ExplorationGrid,-4.128,1.46,-3.795,1.558,False,,0,0,,,,,,0,0,0,0,0,0,4.521,0.7813,0.45,0.45,nenhuma fronteira segura alcancavel
20617.535,541.5,failed,-1.6804,4.3385,0.3572,-115.9,0.18,0.0,0.0,28.225,38.7,12764,0,340,10,14,450.0,0,93,17,0,7,5,0,0,10,-1.328,9.779,6,208,,ExplorationGrid,-4.128,1.46,-3.795,1.558,False,,0,0,,,,,,0,0,0,0,0,0,4.521,0.7813,0.45,0.45,nenhuma fronteira segura alcancavel
20618.006,542.0,failed,-1.6804,4.3385,0.3572,-115.94,0.19,0.0,0.0,28.225,38.7,12764,0,340,10,14,450.0,0,93,17,0,7,5,0,0,10,-1.328,9.779,6,208,,ExplorationGrid,-4.128,1.46,-3.795,1.558,False,,0,0,,,,,,0,0,0,0,0,0,4.521,0.7813,0.45,0.45,nenhuma fronteira segura alcancavel
20618.481,542.5,failed,-1.6804,4.3385,0.3572,-115.83,0.18,0.0,0.0,28.225,38.7,12764,0,340,10,14,450.0,0,93,17,0,7,5,0,0,10,-1.328,9.779,6,208,,ExplorationGrid,-4.128,1.46,-3.795,1.558,False,,0,0,,,,,,0,0,0,0,0,0,4.521,0.7813,0.45,0.45,nenhuma fronteira segura alcancavel
20618.952,543.0,failed,-1.6804,4.3385,0.3572,-115.86,0.18,0.0,0.0,28.225,38.7,12764,0,340,10,14,450.0,0,93,17,0,7,5,0,0,10,-1.328,9.779,6,208,,ExplorationGrid,-4.128,1.46,-3.795,1.558,False,,0,0,,,,,,0,0,0,0,0,0,4.521,0.7813,0.45,0.45,nenhuma fronteira segura alcancavel
20619.442,543.5,failed,-1.6804,4.3385,0.3572,-115.9,0.19,0.0,0.0,28.226,38.7,12764,0,340,10,14,450.0,0,93,17,0,7,5,0,0,10,-1.328,9.779,6,208,,ExplorationGrid,-4.128,1.46,-3.795,1.558,False,,0,0,,,,,,0,0,0,0,0,0,4.521,0.7813,0.45,0.45,nenhuma fronteira segura alcancavel
20619.901,544.0,failed,-1.6804,4.3385,0.3572,-115.9,0.19,0.0,0.0,28.226,38.7,12764,0,340,10,14,450.0,0,93,17,0,7,5,0,0,10,-1.328,9.779,6,208,,ExplorationGrid,-4.128,1.46,-3.795,1.558,False,,0,0,,,,,,0,0,0,0,0,0,4.521,0.7813,0.45,0.45,nenhuma fronteira segura alcancavel
20620.37,544.5,failed,-1.6804,4.3385,0.3572,-115.9,0.19,0.0,0.0,28.226,38.7,12764,0,340,10,14,450.0,0,93,17,0,7,5,0,0,10,-1.328,9.779,6,208,,ExplorationGrid,-4.128,1.46,-3.795,1.558,False,,0,0,,,,,,0,0,0,0,0,0,4.521,0.7813,0.45,0.45,nenhuma fronteira segura alcancavel
20620.842,545.0,failed,-1.6804,4.3385,0.3572,-115.9,0.19,0.0,0.0,28.226,38.7,12764,0,340,10,14,450.0,0,93,17,0,7,5,0,0,10,-1.328,9.779,6,208,,ExplorationGrid,-4.128,1.46,-3.795,1.558,False,,0,0,,,,,,0,0,0,0,0,0,4.521,0.7813,0.45,0.45,nenhuma fronteira segura alcancavel
20621.337,545.5,failed,-1.6804,4.3385,0.3572,-115.9,0.19,0.0,0.0,28.226,38.7,12764,0,340,10,14,450.0,0,93,17,0,7,5,0,0,10,-1.328,9.779,6,208,,ExplorationGrid,-4.128,1.46,-3.795,1.558,False,,0,0,,,,,,0,0,0,0,0,0,4.521,0.7813,0.45,0.45,nenhuma fronteira segura alcancavel
20621.81,546.0,failed,-1.6804,4.3385,0.3572,-115.9,0.19,0.0,0.0,28.226,38.7,12764,0,340,10,14,450.0,0,93,17,0,7,5,0,0,10,-1.328,9.779,6,208,,ExplorationGrid,-4.128,1.46,-3.795,1.558,False,,0,0,,,,,,0,0,0,0,0,0,4.521,0.7813,0.45,0.45,nenhuma fronteira segura alcancavel
20622.281,546.503,failed,-1.6804,4.3385,0.3572,-115.9,0.19,0.0,0.0,28.226,38.7,12764,0,340,10,14,450.0,0,93,17,0,7,5,0,0,10,-1.328,9.779,6,208,,ExplorationGrid,-4.128,1.46,-3.795,1.558,False,,0,0,,,,,,0,0,0,0,0,0,4.521,0.7813,0.45,0.45,nenhuma fronteira segura alcancavel
20622.748,547.0,failed,-1.6804,4.3385,0.3572,-115.9,0.19,0.0,0.0,28.226,38.7,12764,0,340,10,14,450.0,0,93,17,0,7,5,0,0,10,-1.328,9.779,6,208,,ExplorationGrid,-4.128,1.46,-3.795,1.558,False,,0,0,,,,,,0,0,0,0,0,0,4.521,0.7813,0.45,0.45,nenhuma fronteira segura alcancavel
20623.223,547.5,failed,-1.6804,4.3385,0.3572,-115.9,0.19,0.0,0.0,28.226,38.7,12764,0,340,10,14,450.0,0,93,17,0,7,5,0,0,10,-1.328,9.779,6,208,,ExplorationGrid,-4.128,1.46,-3.795,1.558,False,,0,0,,,,,,0,0,0,0,0,0,4.521,0.7813,0.45,0.45,nenhuma fronteira segura alcancavel
20623.704,548.0,failed,-1.6804,4.3385,0.3572,-115.9,0.19,0.0,0.0,28.226,38.7,12764,0,340,10,14,450.0,0,93,17,0,7,5,0,0,10,-1.328,9.779,6,208,,ExplorationGrid,-4.128,1.46,-3.795,1.558,False,,0,0,,,,,,0,0,0,0,0,0,4.521,0.7813,0.45,0.45,nenhuma fronteira segura alcancavel
20624.2,548.501,failed,-1.6804,4.3385,0.3572,-115.9,0.19,0.0,0.0,28.226,38.7,12764,0,340,10,14,450.0,0,93,17,0,7,5,0,0,10,-1.328,9.779,6,208,,ExplorationGrid,-4.128,1.46,-3.795,1.558,False,,0,0,,,,,,0,0,0,0,0,0,4.521,0.7813,0.45,0.45,nenhuma fronteira segura alcancavel
20624.641,549.0,failed,-1.6804,4.3385,0.3572,-115.9,0.19,0.0,0.0,28.226,38.7,12764,0,340,10,14,450.0,0,93,17,0,7,5,0,0,10,-1.328,9.779,6,208,,ExplorationGrid,-4.128,1.46,-3.795,1.558,False,,0,0,,,,,,0,0,0,0,0,0,4.521,0.7813,0.45,0.45,nenhuma fronteira segura alcancavel
20625.136,549.5,failed,-1.6804,4.3385,0.3572,-115.9,0.19,0.0,0.0,28.226,38.7,12764,0,340,10,14,450.0,0,93,17,0,7,5,0,0,10,-1.328,9.779,6,208,,ExplorationGrid,-4.128,1.46,-3.795,1.558,False,,0,0,,,,,,0,0,0,0,0,0,4.521,0.7813,0.45,0.45,nenhuma fronteira segura alcancavel
20625.609,550.0,failed,-1.6804,4.3385,0.3572,-115.9,0.19,0.0,0.0,28.226,38.7,12764,0,340,10,14,450.0,0,93,17,0,7,5,0,0,10,-1.328,9.779,6,208,,ExplorationGrid,-4.128,1.46,-3.795,1.558,False,,0,0,,,,,,0,0,0,0,0,0,4.521,0.7813,0.45,0.45,nenhuma fronteira segura alcancavel
20626.089,550.5,failed,-1.6804,4.3385,0.3572,-115.9,0.19,0.0,0.0,28.226,38.7,12764,0,340,10,14,450.0,0,93,17,0,7,5,0,0,10,-1.328,9.779,6,208,,ExplorationGrid,-4.128,1.46,-3.795,1.558,False,,0,0,,,,,,0,0,0,0,0,0,4.521,0.7813,0.45,0.45,nenhuma fronteira segura alcancavel
20626.563,551.0,failed,-1.6804,4.3385,0.3572,-115.9,0.19,0.0,0.0,28.226,38.7,12764,0,340,10,14,450.0,0,93,17,0,7,5,0,0,10,-1.328,9.779,6,208,,ExplorationGrid,-4.128,1.46,-3.795,1.558,False,,0,0,,,,,,0,0,0,0,0,0,4.521,0.7813,0.45,0.45,nenhuma fronteira segura alcancavel
20627.024,551.5,failed,-1.6804,4.3385,0.3572,-115.9,0.19,0.0,0.0,28.226,38.7,12764,0,340,10,14,450.0,0,93,17,0,7,5,0,0,10,-1.328,9.779,6,208,,ExplorationGrid,-4.128,1.46,-3.795,1.558,False,,0,0,,,,,,0,0,0,0,0,0,4.521,0.7813,0.45,0.45,nenhuma fronteira segura alcancavel
20627.488,552.0,failed,-1.6804,4.3385,0.3572,-115.9,0.19,0.0,0.0,28.226,38.7,12764,0,340,10,14,450.0,0,93,17,0,7,5,0,0,10,-1.328,9.779,6,208,,ExplorationGrid,-4.128,1.46,-3.795,1.558,False,,0,0,,,,,,0,0,0,0,0,0,4.521,0.7813,0.45,0.45,nenhuma fronteira segura alcancavel
20627.949,552.5,failed,-1.6804,4.3385,0.3572,-115.91,0.19,0.0,0.0,28.226,38.7,12764,0,340,10,14,450.0,0,93,17,0,7,5,0,0,10,-1.328,9.779,6,208,,ExplorationGrid,-4.128,1.46,-3.795,1.558,False,,0,0,,,,,,0,0,0,0,0,0,4.521,0.7813,0.45,0.45,nenhuma fronteira segura alcancavel
20628.415,553.0,failed,-1.6804,4.3385,0.3572,-115.91,0.19,0.0,0.0,28.226,38.7,12764,0,340,10,14,450.0,0,93,17,0,7,5,0,0,10,-1.328,9.779,6,208,,ExplorationGrid,-4.128,1.46,-3.795,1.558,False,,0,0,,,,,,0,0,0,0,0,0,4.521,0.7813,0.45,0.45,nenhuma fronteira segura alcancavel
20628.908,553.5,failed,-1.6804,4.3385,0.3572,-115.91,0.19,0.0,0.0,28.226,38.7,12764,0,340,10,14,450.0,0,93,17,0,7,5,0,0,10,-1.328,9.779,6,208,,ExplorationGrid,-4.128,1.46,-3.795,1.558,False,,0,0,,,,,,0,0,0,0,0,0,4.521,0.7813,0.45,0.45,nenhuma fronteira segura alcancavel
20629.389,554.001,failed,-1.6804,4.3385,0.3572,-115.91,0.19,0.0,0.0,28.226,38.7,12764,0,340,10,14,450.0,0,93,17,0,7,5,0,0,10,-1.328,9.779,6,208,,ExplorationGrid,-4.128,1.46,-3.795,1.558,False,,0,0,,,,,,0,0,0,0,0,0,4.521,0.7813,0.45,0.45,nenhuma fronteira segura alcancavel
20629.884,554.5,failed,-1.6804,4.3385,0.3572,-115.91,0.19,0.0,0.0,28.226,38.7,12764,0,340,10,14,450.0,0,93,17,0,7,5,0,0,10,-1.328,9.779,6,208,,ExplorationGrid,-4.128,1.46,-3.795,1.558,False,,0,0,,,,,,0,0,0,0,0,0,4.521,0.7813,0.45,0.45,nenhuma fronteira segura alcancavel
20630.315,555.0,failed,-1.6804,4.3385,0.3572,-115.91,0.19,0.0,0.0,28.226,38.7,12764,0,340,10,14,450.0,0,93,17,0,7,5,0,0,10,-1.328,9.779,6,208,,ExplorationGrid,-4.128,1.46,-3.795,1.558,False,,0,0,,,,,,0,0,0,0,0,0,4.521,0.7813,0.45,0.45,nenhuma fronteira segura alcancavel
20630.79,555.5,failed,-1.6804,4.3385,0.3572,-115.91,0.19,0.0,0.0,28.226,38.7,12764,0,340,10,14,450.0,0,93,17,0,7,5,0,0,10,-1.328,9.779,6,208,,ExplorationGrid,-4.128,1.46,-3.795,1.558,False,,0,0,,,,,,0,0,0,0,0,0,4.521,0.7813,0.45,0.45,nenhuma fronteira segura alcancavel
20631.251,556.0,failed,-1.6804,4.3385,0.3572,-115.91,0.19,0.0,0.0,28.226,38.7,12764,0,340,10,14,450.0,0,93,17,0,7,5,0,0,10,-1.328,9.779,6,208,,ExplorationGrid,-4.128,1.46,-3.795,1.558,False,,0,0,,,,,,0,0,0,0,0,0,4.521,0.7813,0.45,0.45,nenhuma fronteira segura alcancavel
20631.72,556.5,failed,-1.6804,4.3385,0.3572,-115.91,0.19,0.0,0.0,28.226,38.7,12764,0,340,10,14,450.0,0,93,17,0,7,5,0,0,10,-1.328,9.779,6,208,,ExplorationGrid,-4.128,1.46,-3.795,1.558,False,,0,0,,,,,,0,0,0,0,0,0,4.521,0.7813,0.45,0.45,nenhuma fronteira segura alcancavel
20632.2,557.0,failed,-1.6805,4.3385,0.3572,-115.91,0.19,0.0,0.0,28.226,38.7,12764,0,340,10,14,450.0,0,93,17,0,7,5,0,0,10,-1.328,9.779,6,208,,ExplorationGrid,-4.128,1.46,-3.795,1.558,False,,0,0,,,,,,0,0,0,0,0,0,4.521,0.7813,0.45,0.45,nenhuma fronteira segura alcancavel
20632.641,557.5,failed,-1.6804,4.3385,0.3572,-115.9,0.18,0.0,0.0,28.226,38.7,12764,0,340,10,14,450.0,0,93,17,0,7,5,0,0,10,-1.328,9.779,6,208,,ExplorationGrid,-4.128,1.46,-3.795,1.558,False,,0,0,,,,,,0,0,0,0,0,0,4.521,0.7813,0.45,0.45,nenhuma fronteira segura alcancavel
20633.124,558.0,failed,-1.6805,4.3385,0.3572,-115.92,0.19,0.0,0.0,28.226,38.7,12764,0,340,10,14,450.0,0,93,17,0,7,5,0,0,10,-1.328,9.779,6,208,,ExplorationGrid,-4.128,1.46,-3.795,1.558,False,,0,0,,,,,,0,0,0,0,0,0,4.521,0.7813,0.45,0.45,nenhuma fronteira segura alcancavel
20633.596,558.5,failed,-1.6805,4.3385,0.3572,-115.91,0.19,0.0,0.0,28.226,38.7,12764,0,340,10,14,450.0,0,93,17,0,7,5,0,0,10,-1.328,9.779,6,208,,ExplorationGrid,-4.128,1.46,-3.795,1.558,False,,0,0,,,,,,0,0,0,0,0,0,4.521,0.7813,0.45,0.45,nenhuma fronteira segura alcancavel
20634.066,559.0,failed,-1.6805,4.3385,0.3572,-115.91,0.19,0.0,0.0,28.226,38.7,12764,0,340,10,14,450.0,0,93,17,0,7,5,0,0,10,-1.328,9.779,6,208,,ExplorationGrid,-4.128,1.46,-3.795,1.558,False,,0,0,,,,,,0,0,0,0,0,0,4.521,0.7813,0.45,0.45,nenhuma fronteira segura alcancavel
20634.528,559.5,failed,-1.6805,4.3386,0.3572,-115.91,0.19,0.0,0.0,28.226,38.7,12764,0,340,10,14,450.0,0,93,17,0,7,5,0,0,10,-1.328,9.779,6,208,,ExplorationGrid,-4.128,1.46,-3.795,1.558,False,,0,0,,,,,,0,0,0,0,0,0,4.521,0.7813,0.45,0.45,nenhuma fronteira segura alcancavel
20635.022,560.0,failed,-1.6804,4.3385,0.3572,-115.86,0.18,0.0,0.0,28.226,38.7,12764,0,340,10,14,450.0,0,93,17,0,7,5,0,0,10,-1.328,9.779,6,208,,ExplorationGrid,-4.128,1.46,-3.795,1.558,False,,0,0,,,,,,0,0,0,0,0,0,4.521,0.7813,0.45,0.45,nenhuma fronteira segura alcancavel
20635.513,560.5,failed,-1.6804,4.3385,0.3572,-115.88,0.18,0.0,0.0,28.226,38.7,12764,0,340,10,14,450.0,0,93,17,0,7,5,0,0,10,-1.328,9.779,6,208,,ExplorationGrid,-4.128,1.46,-3.795,1.558,False,,0,0,,,,,,0,0,0,0,0,0,4.521,0.7813,0.45,0.45,nenhuma fronteira segura alcancavel
20635.992,561.0,failed,-1.6804,4.3385,0.3572,-115.9,0.19,0.0,0.0,28.226,38.7,12764,0,340,10,14,450.0,0,93,17,0,7,5,0,0,10,-1.328,9.779,6,208,,ExplorationGrid,-4.128,1.46,-3.795,1.558,False,,0,0,,,,,,0,0,0,0,0,0,4.521,0.7813,0.45,0.45,nenhuma fronteira segura alcancavel
20636.478,561.502,failed,-1.6804,4.3385,0.3572,-115.9,0.19,0.0,0.0,28.226,38.7,12764,0,340,10,14,450.0,0,93,17,0,7,5,0,0,10,-1.328,9.779,6,208,,ExplorationGrid,-4.128,1.46,-3.795,1.558,False,,0,0,,,,,,0,0,0,0,0,0,4.521,0.7813,0.45,0.45,nenhuma fronteira segura alcancavel
20636.963,562.002,failed,-1.6804,4.3385,0.3572,-115.9,0.19,0.0,0.0,28.226,38.7,12764,0,340,10,14,450.0,0,93,17,0,7,5,0,0,10,-1.328,9.779,6,208,,ExplorationGrid,-4.128,1.46,-3.795,1.558,False,,0,0,,,,,,0,0,0,0,0,0,4.521,0.7813,0.45,0.45,nenhuma fronteira segura alcancavel
20637.441,562.5,failed,-1.6804,4.3385,0.3572,-115.9,0.19,0.0,0.0,28.226,38.7,12764,0,340,10,14,450.0,0,93,17,0,7,5,0,0,10,-1.328,9.779,6,208,,ExplorationGrid,-4.128,1.46,-3.795,1.558,False,,0,0,,,,,,0,0,0,0,0,0,4.521,0.7813,0.45,0.45,nenhuma fronteira segura alcancavel
20637.826,563.0,failed,-1.6804,4.3385,0.3572,-115.9,0.19,0.0,0.0,28.226,38.7,12764,0,340,10,14,450.0,0,93,17,0,7,5,0,0,10,-1.328,9.779,6,208,,ExplorationGrid,-4.128,1.46,-3.795,1.558,False,,0,0,,,,,,0,0,0,0,0,0,4.521,0.7813,0.45,0.45,nenhuma fronteira segura alcancavel
20638.374,563.5,failed,-1.6804,4.3385,0.3572,-115.9,0.19,0.0,0.0,28.226,38.7,12764,0,340,10,14,450.0,0,93,17,0,7,5,0,0,10,-1.328,9.779,6,208,,ExplorationGrid,-4.128,1.46,-3.795,1.558,False,,0,0,,,,,,0,0,0,0,0,0,4.521,0.7813,0.45,0.45,nenhuma fronteira segura alcancavel
20638.856,564.0,failed,-1.6804,4.3385,0.3572,-115.91,0.19,0.0,0.0,28.226,38.7,12764,0,340,10,14,450.0,0,93,17,0,7,5,0,0,10,-1.328,9.779,6,208,,ExplorationGrid,-4.128,1.46,-3.795,1.558,False,,0,0,,,,,,0,0,0,0,0,0,4.521,0.7813,0.45,0.45,nenhuma fronteira segura alcancavel
20639.323,564.5,failed,-1.6804,4.3385,0.3572,-115.91,0.19,0.0,0.0,28.226,38.7,12764,0,340,10,14,450.0,0,93,17,0,7,5,0,0,10,-1.328,9.779,6,208,,ExplorationGrid,-4.128,1.46,-3.795,1.558,False,,0,0,,,,,,0,0,0,0,0,0,4.521,0.7813,0.45,0.45,nenhuma fronteira segura alcancavel
20639.808,565.001,failed,-1.6804,4.3385,0.3572,-115.91,0.19,0.0,0.0,28.226,38.7,12764,0,340,10,14,450.0,0,93,17,0,7,5,0,0,10,-1.328,9.779,6,208,,ExplorationGrid,-4.128,1.46,-3.795,1.558,False,,0,0,,,,,,0,0,0,0,0,0,4.521,0.7813,0.45,0.45,nenhuma fronteira segura alcancavel
20640.285,565.5,failed,-1.6804,4.3385,0.3572,-115.91,0.19,0.0,0.0,28.226,38.7,12764,0,340,10,14,450.0,0,93,17,0,7,5,0,0,10,-1.328,9.779,6,208,,ExplorationGrid,-4.128,1.46,-3.795,1.558,False,,0,0,,,,,,0,0,0,0,0,0,4.521,0.7813,0.45,0.45,nenhuma fronteira segura alcancavel
20640.754,566.0,failed,-1.6804,4.3385,0.3572,-115.91,0.19,0.0,0.0,28.226,38.7,12764,0,340,10,14,450.0,0,93,17,0,7,5,0,0,10,-1.328,9.779,6,208,,ExplorationGrid,-4.128,1.46,-3.795,1.558,False,,0,0,,,,,,0,0,0,0,0,0,4.521,0.7813,0.45,0.45,nenhuma fronteira segura alcancavel
20641.241,566.501,failed,-1.6804,4.3385,0.3572,-115.91,0.19,0.0,0.0,28.226,38.7,12764,0,340,10,14,450.0,0,93,17,0,7,5,0,0,10,-1.328,9.779,6,208,,ExplorationGrid,-4.128,1.46,-3.795,1.558,False,,0,0,,,,,,0,0,0,0,0,0,4.521,0.7813,0.45,0.45,nenhuma fronteira segura alcancavel
20641.716,567.0,failed,-1.6804,4.3385,0.3572,-115.91,0.19,0.0,0.0,28.226,38.7,12764,0,340,10,14,450.0,0,93,17,0,7,5,0,0,10,-1.328,9.779,6,208,,ExplorationGrid,-4.128,1.46,-3.795,1.558,False,,0,0,,,,,,0,0,0,0,0,0,4.521,0.7813,0.45,0.45,nenhuma fronteira segura alcancavel
20642.2,567.5,failed,-1.6804,4.3385,0.3572,-115.91,0.19,0.0,0.0,28.226,38.7,12764,0,340,10,14,450.0,0,93,17,0,7,5,0,0,10,-1.328,9.779,6,208,,ExplorationGrid,-4.128,1.46,-3.795,1.558,False,,0,0,,,,,,0,0,0,0,0,0,4.521,0.7813,0.45,0.45,nenhuma fronteira segura alcancavel
20642.676,568.0,failed,-1.6804,4.3385,0.3572,-115.91,0.19,0.0,0.0,28.226,38.7,12764,0,340,10,14,450.0,0,93,17,0,7,5,0,0,10,-1.328,9.779,6,208,,ExplorationGrid,-4.128,1.46,-3.795,1.558,False,,0,0,,,,,,0,0,0,0,0,0,4.521,0.7813,0.45,0.45,nenhuma fronteira segura alcancavel
20643.159,568.5,failed,-1.6804,4.3385,0.3572,-115.91,0.19,0.0,0.0,28.226,38.7,12764,0,340,10,14,450.0,0,93,17,0,7,5,0,0,10,-1.328,9.779,6,208,,ExplorationGrid,-4.128,1.46,-3.795,1.558,False,,0,0,,,,,,0,0,0,0,0,0,4.521,0.7813,0.45,0.45,nenhuma fronteira segura alcancavel
20643.622,569.0,failed,-1.6804,4.3385,0.3572,-115.91,0.19,0.0,0.0,28.226,38.7,12764,0,340,10,14,450.0,0,93,17,0,7,5,0,0,10,-1.328,9.779,6,208,,ExplorationGrid,-4.128,1.46,-3.795,1.558,False,,0,0,,,,,,0,0,0,0,0,0,4.521,0.7813,0.45,0.45,nenhuma fronteira segura alcancavel
20644.1,569.5,failed,-1.6804,4.3385,0.3572,-115.91,0.19,0.0,0.0,28.226,38.7,12764,0,340,10,14,450.0,0,93,17,0,7,5,0,0,10,-1.328,9.779,6,208,,ExplorationGrid,-4.128,1.46,-3.795,1.558,False,,0,0,,,,,,0,0,0,0,0,0,4.521,0.7813,0.45,0.45,nenhuma fronteira segura alcancavel
20644.58,570.0,failed,-1.6804,4.3385,0.3572,-115.91,0.19,0.0,0.0,28.226,38.7,12764,0,340,10,14,450.0,0,93,17,0,7,5,0,0,10,-1.328,9.779,6,208,,ExplorationGrid,-4.128,1.46,-3.795,1.558,False,,0,0,,,,,,0,0,0,0,0,0,4.521,0.7813,0.45,0.45,nenhuma fronteira segura alcancavel
20645.041,570.5,failed,-1.6804,4.3385,0.3572,-115.91,0.19,0.0,0.0,28.226,38.7,12764,0,340,10,14,450.0,0,93,17,0,7,5,0,0,10,-1.328,9.779,6,208,,ExplorationGrid,-4.128,1.46,-3.795,1.558,False,,0,0,,,,,,0,0,0,0,0,0,4.521,0.7813,0.45,0.45,nenhuma fronteira segura alcancavel
20645.499,571.001,failed,-1.6804,4.3385,0.3572,-115.91,0.19,0.0,0.0,28.226,38.7,12764,0,340,10,14,450.0,0,93,17,0,7,5,0,0,10,-1.328,9.779,6,208,,ExplorationGrid,-4.128,1.46,-3.795,1.558,False,,0,0,,,,,,0,0,0,0,0,0,4.521,0.7813,0.45,0.45,nenhuma fronteira segura alcancavel
20645.971,571.5,failed,-1.6804,4.3385,0.3572,-115.91,0.19,0.0,0.0,28.226,38.7,12764,0,340,10,14,450.0,0,93,17,0,7,5,0,0,10,-1.328,9.779,6,208,,ExplorationGrid,-4.128,1.46,-3.795,1.558,False,,0,0,,,,,,0,0,0,0,0,0,4.521,0.7813,0.45,0.45,nenhuma fronteira segura alcancavel
20646.438,572.0,failed,-1.6804,4.3385,0.3572,-115.91,0.19,0.0,0.0,28.226,38.7,12764,0,340,10,14,450.0,0,93,17,0,7,5,0,0,10,-1.328,9.779,6,208,,ExplorationGrid,-4.128,1.46,-3.795,1.558,False,,0,0,,,,,,0,0,0,0,0,0,4.521,0.7813,0.45,0.45,nenhuma fronteira segura alcancavel
20646.876,572.5,failed,-1.6804,4.3385,0.3572,-115.92,0.19,0.0,0.0,28.226,38.7,12764,0,340,10,14,450.0,0,93,17,0,7,5,0,0,10,-1.328,9.779,6,208,,ExplorationGrid,-4.128,1.46,-3.795,1.558,False,,0,0,,,,,,0,0,0,0,0,0,4.521,0.7813,0.45,0.45,nenhuma fronteira segura alcancavel
20647.345,573.0,failed,-1.6804,4.3385,0.3572,-115.88,0.18,0.0,0.0,28.226,38.7,12764,0,340,10,14,450.0,0,93,17,0,7,5,0,0,10,-1.328,9.779,6,208,,ExplorationGrid,-4.128,1.46,-3.795,1.558,False,,0,0,,,,,,0,0,0,0,0,0,4.521,0.7813,0.45,0.45,nenhuma fronteira segura alcancavel
20647.813,573.5,failed,-1.6804,4.3385,0.3572,-115.88,0.18,0.0,0.0,28.227,38.7,12764,0,340,10,14,450.0,0,93,17,0,7,5,0,0,10,-1.328,9.779,6,208,,ExplorationGrid,-4.128,1.46,-3.795,1.558,False,,0,0,,,,,,0,0,0,0,0,0,4.521,0.7813,0.45,0.45,nenhuma fronteira segura alcancavel
20648.262,574.0,failed,-1.6804,4.3385,0.3572,-115.9,0.18,0.0,0.0,28.227,38.7,12764,0,340,10,14,450.0,0,93,17,0,7,5,0,0,10,-1.328,9.779,6,208,,ExplorationGrid,-4.128,1.46,-3.795,1.558,False,,0,0,,,,,,0,0,0,0,0,0,4.521,0.7813,0.45,0.45,nenhuma fronteira segura alcancavel
20648.762,574.5,failed,-1.6804,4.3385,0.3572,-115.91,0.19,0.0,0.0,28.227,38.7,12764,0,340,10,14,450.0,0,93,17,0,7,5,0,0,10,-1.328,9.779,6,208,,ExplorationGrid,-4.128,1.46,-3.795,1.558,False,,0,0,,,,,,0,0,0,0,0,0,4.521,0.7813,0.45,0.45,nenhuma fronteira segura alcancavel
20649.237,575.0,failed,-1.6804,4.3385,0.3572,-115.91,0.19,0.0,0.0,28.227,38.7,12764,0,340,10,14,450.0,0,93,17,0,7,5,0,0,10,-1.328,9.779,6,208,,ExplorationGrid,-4.128,1.46,-3.795,1.558,False,,0,0,,,,,,0,0,0,0,0,0,4.521,0.7813,0.45,0.45,nenhuma fronteira segura alcancavel
20649.688,575.5,failed,-1.6804,4.3385,0.3572,-115.91,0.19,0.0,0.0,28.227,38.7,12764,0,340,10,14,450.0,0,93,17,0,7,5,0,0,10,-1.328,9.779,6,208,,ExplorationGrid,-4.128,1.46,-3.795,1.558,False,,0,0,,,,,,0,0,0,0,0,0,4.521,0.7813,0.45,0.45,nenhuma fronteira segura alcancavel
20650.161,576.0,failed,-1.6804,4.3385,0.3572,-115.91,0.19,0.0,0.0,28.227,38.7,12764,0,340,10,14,450.0,0,93,17,0,7,5,0,0,10,-1.328,9.779,6,208,,ExplorationGrid,-4.128,1.46,-3.795,1.558,False,,0,0,,,,,,0,0,0,0,0,0,4.521,0.7813,0.45,0.45,nenhuma fronteira segura alcancavel
20650.643,576.5,failed,-1.6804,4.3385,0.3572,-115.91,0.19,0.0,0.0,28.227,38.7,12764,0,340,10,14,450.0,0,93,17,0,7,5,0,0,10,-1.328,9.779,6,208,,ExplorationGrid,-4.128,1.46,-3.795,1.558,False,,0,0,,,,,,0,0,0,0,0,0,4.521,0.7813,0.45,0.45,nenhuma fronteira segura alcancavel
20651.134,577.0,failed,-1.6804,4.3385,0.3572,-115.91,0.19,0.0,0.0,28.227,38.7,12764,0,340,10,14,450.0,0,93,17,0,7,5,0,0,10,-1.328,9.779,6,208,,ExplorationGrid,-4.128,1.46,-3.795,1.558,False,,0,0,,,,,,0,0,0,0,0,0,4.521,0.7813,0.45,0.45,nenhuma fronteira segura alcancavel
20651.603,577.5,failed,-1.6804,4.3385,0.3572,-115.91,0.19,0.0,0.0,28.227,38.7,12764,0,340,10,14,450.0,0,93,17,0,7,5,0,0,10,-1.328,9.779,6,208,,ExplorationGrid,-4.128,1.46,-3.795,1.558,False,,0,0,,,,,,0,0,0,0,0,0,4.521,0.7813,0.45,0.45,nenhuma fronteira segura alcancavel
20652.066,578.0,failed,-1.6804,4.3385,0.3572,-115.91,0.19,0.0,0.0,28.227,38.7,12764,0,340,10,14,450.0,0,93,17,0,7,5,0,0,10,-1.328,9.779,6,208,,ExplorationGrid,-4.128,1.46,-3.795,1.558,False,,0,0,,,,,,0,0,0,0,0,0,4.521,0.7813,0.45,0.45,nenhuma fronteira segura alcancavel
20652.52,578.5,failed,-1.6804,4.3385,0.3572,-115.91,0.19,0.0,0.0,28.227,38.7,12764,0,340,10,14,450.0,0,93,17,0,7,5,0,0,10,-1.328,9.779,6,208,,ExplorationGrid,-4.128,1.46,-3.795,1.558,False,,0,0,,,,,,0,0,0,0,0,0,4.521,0.7813,0.45,0.45,nenhuma fronteira segura alcancavel
20653.011,579.002,failed,-1.6804,4.3385,0.3572,-115.91,0.19,0.0,0.0,28.227,38.7,12764,0,340,10,14,450.0,0,93,17,0,7,5,0,0,10,-1.328,9.779,6,208,,ExplorationGrid,-4.128,1.46,-3.795,1.558,False,,0,0,,,,,,0,0,0,0,0,0,4.521,0.7813,0.45,0.45,nenhuma fronteira segura alcancavel
20653.484,579.501,failed,-1.6804,4.3385,0.3572,-115.91,0.19,0.0,0.0,28.227,38.7,12764,0,340,10,14,450.0,0,93,17,0,7,5,0,0,10,-1.328,9.779,6,208,,ExplorationGrid,-4.128,1.46,-3.795,1.558,False,,0,0,,,,,,0,0,0,0,0,0,4.521,0.7813,0.45,0.45,nenhuma fronteira segura alcancavel
20653.971,580.0,failed,-1.6804,4.3385,0.3572,-115.91,0.19,0.0,0.0,28.227,38.7,12764,0,340,10,14,450.0,0,93,17,0,7,5,0,0,10,-1.328,9.779,6,208,,ExplorationGrid,-4.128,1.46,-3.795,1.558,False,,0,0,,,,,,0,0,0,0,0,0,4.521,0.7813,0.45,0.45,nenhuma fronteira segura alcancavel
20654.446,580.5,failed,-1.6804,4.3385,0.3572,-115.91,0.19,0.0,0.0,28.227,38.7,12764,0,340,10,14,450.0,0,93,17,0,7,5,0,0,10,-1.328,9.779,6,208,,ExplorationGrid,-4.128,1.46,-3.795,1.558,False,,0,0,,,,,,0,0,0,0,0,0,4.521,0.7813,0.45,0.45,nenhuma fronteira segura alcancavel
20654.907,581.0,failed,-1.6804,4.3385,0.3572,-115.91,0.19,0.0,0.0,28.227,38.7,12764,0,340,10,14,450.0,0,93,17,0,7,5,0,0,10,-1.328,9.779,6,208,,ExplorationGrid,-4.128,1.46,-3.795,1.558,False,,0,0,,,,,,0,0,0,0,0,0,4.521,0.7813,0.45,0.45,nenhuma fronteira segura alcancavel
20655.366,581.5,failed,-1.6804,4.3385,0.3572,-115.91,0.19,0.0,0.0,28.227,38.7,12764,0,340,10,14,450.0,0,93,17,0,7,5,0,0,10,-1.328,9.779,6,208,,ExplorationGrid,-4.128,1.46,-3.795,1.558,False,,0,0,,,,,,0,0,0,0,0,0,4.521,0.7813,0.45,0.45,nenhuma fronteira segura alcancavel
20655.838,582.0,failed,-1.6804,4.3385,0.3572,-115.91,0.19,0.0,0.0,28.227,38.7,12764,0,340,10,14,450.0,0,93,17,0,7,5,0,0,10,-1.328,9.779,6,208,,ExplorationGrid,-4.128,1.46,-3.795,1.558,False,,0,0,,,,,,0,0,0,0,0,0,4.521,0.7813,0.45,0.45,nenhuma fronteira segura alcancavel
20656.312,582.5,failed,-1.6804,4.3385,0.3572,-115.91,0.19,0.0,0.0,28.227,38.7,12764,0,340,10,14,450.0,0,93,17,0,7,5,0,0,10,-1.328,9.779,6,208,,ExplorationGrid,-4.128,1.46,-3.795,1.558,False,,0,0,,,,,,0,0,0,0,0,0,4.521,0.7813,0.45,0.45,nenhuma fronteira segura alcancavel
20656.779,583.0,failed,-1.6804,4.3385,0.3572,-115.91,0.19,0.0,0.0,28.227,38.7,12764,0,340,10,14,450.0,0,93,17,0,7,5,0,0,10,-1.328,9.779,6,208,,ExplorationGrid,-4.128,1.46,-3.795,1.558,False,,0,0,,,,,,0,0,0,0,0,0,4.521,0.7813,0.45,0.45,nenhuma fronteira segura alcancavel
20657.256,583.5,failed,-1.6804,4.3385,0.3572,-115.91,0.19,0.0,0.0,28.227,38.7,12764,0,340,10,14,450.0,0,93,17,0,7,5,0,0,10,-1.328,9.779,6,208,,ExplorationGrid,-4.128,1.46,-3.795,1.558,False,,0,0,,,,,,0,0,0,0,0,0,4.521,0.7813,0.45,0.45,nenhuma fronteira segura alcancavel
20657.751,584.0,failed,-1.6804,4.3385,0.3572,-115.91,0.19,0.0,0.0,28.227,38.7,12764,0,340,10,14,450.0,0,93,17,0,7,5,0,0,10,-1.328,9.779,6,208,,ExplorationGrid,-4.128,1.46,-3.795,1.558,False,,0,0,,,,,,0,0,0,0,0,0,4.521,0.7813,0.45,0.45,nenhuma fronteira segura alcancavel
20658.238,584.5,failed,-1.6804,4.3385,0.3572,-115.91,0.19,0.0,0.0,28.227,38.7,12764,0,340,10,14,450.0,0,93,17,0,7,5,0,0,10,-1.328,9.779,6,208,,ExplorationGrid,-4.128,1.46,-3.795,1.558,False,,0,0,,,,,,0,0,0,0,0,0,4.521,0.7813,0.45,0.45,nenhuma fronteira segura alcancavel
20658.724,585.0,failed,-1.6804,4.3385,0.3572,-115.91,0.19,0.0,0.0,28.227,38.7,12764,0,340,10,14,450.0,0,93,17,0,7,5,0,0,10,-1.328,9.779,6,208,,ExplorationGrid,-4.128,1.46,-3.795,1.558,False,,0,0,,,,,,0,0,0,0,0,0,4.521,0.7813,0.45,0.45,nenhuma fronteira segura alcancavel
20659.196,585.5,failed,-1.6804,4.3385,0.3572,-115.94,0.19,0.0,0.0,28.227,38.7,12764,0,340,10,14,450.0,0,93,17,0,7,5,0,0,10,-1.328,9.779,6,208,,ExplorationGrid,-4.128,1.46,-3.795,1.558,False,,0,0,,,,,,0,0,0,0,0,0,4.521,0.7813,0.45,0.45,nenhuma fronteira segura alcancavel
20659.68,586.0,failed,-1.6804,4.3385,0.3572,-115.91,0.18,0.0,0.0,28.227,38.7,12764,0,340,10,14,450.0,0,93,17,0,7,5,0,0,10,-1.328,9.779,6,208,,ExplorationGrid,-4.128,1.46,-3.795,1.558,False,,0,0,,,,,,0,0,0,0,0,0,4.521,0.7813,0.45,0.45,nenhuma fronteira segura alcancavel
20660.13,586.501,failed,-1.6804,4.3385,0.3572,-115.91,0.18,0.0,0.0,28.227,38.7,12764,0,340,10,14,450.0,0,93,17,0,7,5,0,0,10,-1.328,9.779,6,208,,ExplorationGrid,-4.128,1.46,-3.795,1.558,False,,0,0,,,,,,0,0,0,0,0,0,4.521,0.7813,0.45,0.45,nenhuma fronteira segura alcancavel
20660.61,587.0,failed,-1.6804,4.3385,0.3572,-115.91,0.18,0.0,0.0,28.227,38.7,12764,0,340,10,14,450.0,0,93,17,0,7,5,0,0,10,-1.328,9.779,6,208,,ExplorationGrid,-4.128,1.46,-3.795,1.558,False,,0,0,,,,,,0,0,0,0,0,0,4.521,0.7813,0.45,0.45,nenhuma fronteira segura alcancavel
20661.067,587.5,failed,-1.6804,4.3385,0.3572,-115.91,0.18,0.0,0.0,28.227,38.7,12764,0,340,10,14,450.0,0,93,17,0,7,5,0,0,10,-1.328,9.779,6,208,,ExplorationGrid,-4.128,1.46,-3.795,1.558,False,,0,0,,,,,,0,0,0,0,0,0,4.521,0.7813,0.45,0.45,nenhuma fronteira segura alcancavel
20661.551,588.0,failed,-1.6804,4.3385,0.3572,-115.91,0.18,0.0,0.0,28.227,38.7,12764,0,340,10,14,450.0,0,93,17,0,7,5,0,0,10,-1.328,9.779,6,208,,ExplorationGrid,-4.128,1.46,-3.795,1.558,False,,0,0,,,,,,0,0,0,0,0,0,4.521,0.7813,0.45,0.45,nenhuma fronteira segura alcancavel
20662.023,588.5,failed,-1.6804,4.3385,0.3572,-115.91,0.18,0.0,0.0,28.227,38.7,12764,0,340,10,14,450.0,0,93,17,0,7,5,0,0,10,-1.328,9.779,6,208,,ExplorationGrid,-4.128,1.46,-3.795,1.558,False,,0,0,,,,,,0,0,0,0,0,0,4.521,0.7813,0.45,0.45,nenhuma fronteira segura alcancavel
20662.502,589.0,failed,-1.6804,4.3385,0.3572,-115.92,0.19,0.0,0.0,28.227,38.7,12764,0,340,10,14,450.0,0,93,17,0,7,5,0,0,10,-1.328,9.779,6,208,,ExplorationGrid,-4.128,1.46,-3.795,1.558,False,,0,0,,,,,,0,0,0,0,0,0,4.521,0.7813,0.45,0.45,nenhuma fronteira segura alcancavel
20662.976,589.5,failed,-1.6804,4.3385,0.3572,-115.89,0.18,0.0,0.0,28.227,38.7,12764,0,340,10,14,450.0,0,93,17,0,7,5,0,0,10,-1.328,9.779,6,208,,ExplorationGrid,-4.128,1.46,-3.795,1.558,False,,0,0,,,,,,0,0,0,0,0,0,4.521,0.7813,0.45,0.45,nenhuma fronteira segura alcancavel
20663.454,590.0,failed,-1.6804,4.3386,0.3572,-115.96,0.18,0.0,0.0,28.228,38.7,12764,0,340,10,14,450.0,0,93,17,0,7,5,0,0,10,-1.328,9.779,6,208,,ExplorationGrid,-4.128,1.46,-3.795,1.558,False,,0,0,,,,,,0,0,0,0,0,0,4.521,0.7813,0.45,0.45,nenhuma fronteira segura alcancavel
20663.946,590.501,failed,-1.6804,4.3385,0.3572,-115.95,0.18,0.0,0.0,28.228,38.7,12764,0,340,10,14,450.0,0,93,17,0,7,5,0,0,10,-1.328,9.779,6,208,,ExplorationGrid,-4.128,1.46,-3.795,1.558,False,,0,0,,,,,,0,0,0,0,0,0,4.521,0.7813,0.45,0.45,nenhuma fronteira segura alcancavel
20664.426,591.0,failed,-1.6804,4.3385,0.3572,-115.92,0.18,0.0,0.0,28.228,38.7,12764,0,340,10,14,450.0,0,93,17,0,7,5,0,0,10,-1.328,9.779,6,208,,ExplorationGrid,-4.128,1.46,-3.795,1.558,False,,0,0,,,,,,0,0,0,0,0,0,4.521,0.7813,0.45,0.45,nenhuma fronteira segura alcancavel
20664.919,591.5,failed,-1.6804,4.3385,0.3572,-115.95,0.19,0.0,0.0,28.228,38.7,12764,0,340,10,14,450.0,0,93,17,0,7,5,0,0,10,-1.328,9.779,6,208,,ExplorationGrid,-4.128,1.46,-3.795,1.558,False,,0,0,,,,,,0,0,0,0,0,0,4.521,0.7813,0.45,0.45,nenhuma fronteira segura alcancavel
20665.389,592.0,failed,-1.6803,4.3385,0.3572,-115.91,0.18,0.0,0.0,28.228,38.7,12764,0,340,10,14,450.0,0,93,17,0,7,5,0,0,10,-1.328,9.779,6,208,,ExplorationGrid,-4.128,1.46,-3.795,1.558,False,,0,0,,,,,,0,0,0,0,0,0,4.521,0.7813,0.45,0.45,nenhuma fronteira segura alcancavel
20665.868,592.5,failed,-1.6804,4.3385,0.3572,-115.94,0.18,0.0,0.0,28.228,38.7,12764,0,340,10,14,450.0,0,93,17,0,7,5,0,0,10,-1.328,9.779,6,208,,ExplorationGrid,-4.128,1.46,-3.795,1.558,False,,0,0,,,,,,0,0,0,0,0,0,4.521,0.7813,0.45,0.45,nenhuma fronteira segura alcancavel
20666.324,593.0,failed,-1.6804,4.3385,0.3572,-115.95,0.18,0.0,0.0,28.228,38.7,12764,0,340,10,14,450.0,0,93,17,0,7,5,0,0,10,-1.328,9.779,6,208,,ExplorationGrid,-4.128,1.46,-3.795,1.558,False,,0,0,,,,,,0,0,0,0,0,0,4.521,0.7813,0.45,0.45,nenhuma fronteira segura alcancavel
20666.748,593.501,failed,-1.6804,4.3385,0.3572,-116.0,0.18,0.0,0.0,28.229,38.7,12764,0,340,10,14,450.0,0,93,17,0,7,5,0,0,10,-1.328,9.779,6,208,,ExplorationGrid,-4.128,1.46,-3.795,1.558,False,,0,0,,,,,,0,0,0,0,0,0,4.521,0.7813,0.45,0.45,nenhuma fronteira segura alcancavel
20667.236,594.0,failed,-1.6802,4.3385,0.3571,-115.65,0.18,0.0,0.0,28.229,38.7,12764,0,340,10,14,450.0,0,93,17,0,7,5,0,0,10,-1.328,9.779,6,208,,ExplorationGrid,-4.128,1.46,-3.795,1.558,False,,0,0,,,,,,0,0,0,0,0,0,4.521,0.7813,0.45,0.45,nenhuma fronteira segura alcancavel
20667.725,594.5,failed,-1.6804,4.3386,0.3571,-115.91,0.18,0.0,0.0,28.229,38.7,12764,0,340,10,14,450.0,0,93,17,0,7,5,0,0,10,-1.328,9.779,6,208,,ExplorationGrid,-4.128,1.46,-3.795,1.558,False,,0,0,,,,,,0,0,0,0,0,0,4.521,0.7813,0.45,0.45,nenhuma fronteira segura alcancavel
20668.184,595.0,failed,-1.6803,4.3385,0.3571,-115.87,0.18,0.0,0.0,28.23,38.7,12764,0,340,10,14,450.0,0,93,17,0,7,5,0,0,10,-1.328,9.779,6,208,,ExplorationGrid,-4.128,1.46,-3.795,1.558,False,,0,0,,,,,,0,0,0,0,0,0,4.521,0.7813,0.45,0.45,nenhuma fronteira segura alcancavel
20668.638,595.5,failed,-1.6803,4.3385,0.3572,-115.94,0.18,0.0,0.0,28.23,38.7,12764,0,340,10,14,450.0,0,93,17,0,7,5,0,0,10,-1.328,9.779,6,208,,ExplorationGrid,-4.128,1.46,-3.795,1.558,False,,0,0,,,,,,0,0,0,0,0,0,4.521,0.7813,0.45,0.45,nenhuma fronteira segura alcancavel
20669.122,596.0,failed,-1.6803,4.3385,0.3572,-115.92,0.18,0.0,0.0,28.23,38.7,12764,0,340,10,14,450.0,0,93,17,0,7,5,0,0,10,-1.328,9.779,6,208,,ExplorationGrid,-4.128,1.46,-3.795,1.558,False,,0,0,,,,,,0,0,0,0,0,0,4.521,0.7813,0.45,0.45,nenhuma fronteira segura alcancavel
20669.611,596.5,failed,-1.6803,4.3385,0.3572,-115.92,0.18,0.0,0.0,28.23,38.7,12764,0,340,10,14,450.0,0,93,17,0,7,5,0,0,10,-1.328,9.779,6,208,,ExplorationGrid,-4.128,1.46,-3.795,1.558,False,,0,0,,,,,,0,0,0,0,0,0,4.521,0.7813,0.45,0.45,nenhuma fronteira segura alcancavel
20670.089,597.0,failed,-1.6803,4.3385,0.3572,-115.92,0.18,0.0,0.0,28.23,38.7,12764,0,340,10,14,450.0,0,93,17,0,7,5,0,0,10,-1.328,9.779,6,208,,ExplorationGrid,-4.128,1.46,-3.795,1.558,False,,0,0,,,,,,0,0,0,0,0,0,4.521,0.7813,0.45,0.45,nenhuma fronteira segura alcancavel
20670.555,597.5,failed,-1.6803,4.3385,0.3572,-115.92,0.18,0.0,0.0,28.23,38.7,12764,0,340,10,14,450.0,0,93,17,0,7,5,0,0,10,-1.328,9.779,6,208,,ExplorationGrid,-4.128,1.46,-3.795,1.558,False,,0,0,,,,,,0,0,0,0,0,0,4.521,0.7813,0.45,0.45,nenhuma fronteira segura alcancavel
20671.043,598.0,failed,-1.6803,4.3385,0.3572,-115.91,0.18,0.0,0.0,28.23,38.7,12764,0,340,10,14,450.0,0,93,17,0,7,5,0,0,10,-1.328,9.779,6,208,,ExplorationGrid,-4.128,1.46,-3.795,1.558,False,,0,0,,,,,,0,0,0,0,0,0,4.521,0.7813,0.45,0.45,nenhuma fronteira segura alcancavel
20671.518,598.501,failed,-1.6803,4.3385,0.3572,-115.91,0.18,0.0,0.0,28.23,38.7,12764,0,340,10,14,450.0,0,93,17,0,7,5,0,0,10,-1.328,9.779,6,208,,ExplorationGrid,-4.128,1.46,-3.795,1.558,False,,0,0,,,,,,0,0,0,0,0,0,4.521,0.7813,0.45,0.45,nenhuma fronteira segura alcancavel
20671.928,599.0,failed,-1.6803,4.3385,0.3572,-115.91,0.18,0.0,0.0,28.23,38.7,12764,0,340,10,14,450.0,0,93,17,0,7,5,0,0,10,-1.328,9.779,6,208,,ExplorationGrid,-4.128,1.46,-3.795,1.558,False,,0,0,,,,,,0,0,0,0,0,0,4.521,0.7813,0.45,0.45,nenhuma fronteira segura alcancavel
20672.416,599.5,failed,-1.6803,4.3385,0.3572,-115.91,0.18,0.0,0.0,28.23,38.7,12764,0,340,10,14,450.0,0,93,17,0,7,5,0,0,10,-1.328,9.779,6,208,,ExplorationGrid,-4.128,1.46,-3.795,1.558,False,,0,0,,,,,,0,0,0,0,0,0,4.521,0.7813,0.45,0.45,nenhuma fronteira segura alcancavel
20672.88,600.001,failed,-1.6803,4.3385,0.3572,-115.91,0.18,0.0,0.0,28.23,38.7,12764,0,340,10,14,450.0,0,93,17,0,7,5,0,0,10,-1.328,9.779,6,208,,ExplorationGrid,-4.128,1.46,-3.795,1.558,False,,0,0,,,,,,0,0,0,0,0,0,4.521,0.7813,0.45,0.45,nenhuma fronteira segura alcancavel
20673.358,600.501,failed,-1.6803,4.3385,0.3572,-115.91,0.18,0.0,0.0,28.23,38.7,12764,0,340,10,14,450.0,0,93,17,0,7,5,0,0,10,-1.328,9.779,6,208,,ExplorationGrid,-4.128,1.46,-3.795,1.558,False,,0,0,,,,,,0,0,0,0,0,0,4.521,0.7813,0.45,0.45,nenhuma fronteira segura alcancavel
20673.826,601.0,failed,-1.6803,4.3385,0.3572,-115.91,0.18,0.0,0.0,28.23,38.7,12764,0,340,10,14,450.0,0,93,17,0,7,5,0,0,10,-1.328,9.779,6,208,,ExplorationGrid,-4.128,1.46,-3.795,1.558,False,,0,0,,,,,,0,0,0,0,0,0,4.521,0.7813,0.45,0.45,nenhuma fronteira segura alcancavel
20674.317,601.5,failed,-1.6803,4.3385,0.3572,-115.93,0.18,0.0,0.0,28.23,38.7,12764,0,340,10,14,450.0,0,93,17,0,7,5,0,0,10,-1.328,9.779,6,208,,ExplorationGrid,-4.128,1.46,-3.795,1.558,False,,0,0,,,,,,0,0,0,0,0,0,4.521,0.7813,0.45,0.45,nenhuma fronteira segura alcancavel
20674.81,602.0,failed,-1.6804,4.3385,0.3572,-115.81,0.18,0.0,0.0,28.23,38.7,12764,0,340,10,14,450.0,0,93,17,0,7,5,0,0,10,-1.328,9.779,6,208,,ExplorationGrid,-4.128,1.46,-3.795,1.558,False,,0,0,,,,,,0,0,0,0,0,0,4.521,0.7813,0.45,0.45,nenhuma fronteira segura alcancavel
20675.281,602.501,failed,-1.6804,4.3386,0.3572,-115.96,0.19,0.0,0.0,28.231,38.7,12764,0,340,10,14,450.0,0,93,17,0,7,5,0,0,10,-1.328,9.779,6,208,,ExplorationGrid,-4.128,1.46,-3.795,1.558,False,,0,0,,,,,,0,0,0,0,0,0,4.521,0.7813,0.45,0.45,nenhuma fronteira segura alcancavel
20675.75,603.0,failed,-1.6804,4.3385,0.3572,-115.92,0.18,0.0,0.0,28.231,38.7,12764,0,340,10,14,450.0,0,93,17,0,7,5,0,0,10,-1.328,9.779,6,208,,ExplorationGrid,-4.128,1.46,-3.795,1.558,False,,0,0,,,,,,0,0,0,0,0,0,4.521,0.7813,0.45,0.45,nenhuma fronteira segura alcancavel
20676.246,603.5,failed,-1.6804,4.3385,0.3572,-115.91,0.18,0.0,0.0,28.231,38.7,12764,0,340,10,14,450.0,0,93,17,0,7,5,0,0,10,-1.328,9.779,6,208,,ExplorationGrid,-4.128,1.46,-3.795,1.558,False,,0,0,,,,,,0,0,0,0,0,0,4.521,0.7813,0.45,0.45,nenhuma fronteira segura alcancavel
20676.726,604.001,failed,-1.6804,4.3385,0.3572,-115.91,0.18,0.0,0.0,28.231,38.7,12764,0,340,10,14,450.0,0,93,17,0,7,5,0,0,10,-1.328,9.779,6,208,,ExplorationGrid,-4.128,1.46,-3.795,1.558,False,,0,0,,,,,,0,0,0,0,0,0,4.521,0.7813,0.45,0.45,nenhuma fronteira segura alcancavel
20677.194,604.5,failed,-1.6804,4.3385,0.3572,-115.91,0.18,0.0,0.0,28.231,38.7,12764,0,340,10,14,450.0,0,93,17,0,7,5,0,0,10,-1.328,9.779,6,208,,ExplorationGrid,-4.128,1.46,-3.795,1.558,False,,0,0,,,,,,0,0,0,0,0,0,4.521,0.7813,0.45,0.45,nenhuma fronteira segura alcancavel
20677.675,605.0,failed,-1.6804,4.3385,0.3572,-115.91,0.18,0.0,0.0,28.231,38.7,12764,0,340,10,14,450.0,0,93,17,0,7,5,0,0,10,-1.328,9.779,6,208,,ExplorationGrid,-4.128,1.46,-3.795,1.558,False,,0,0,,,,,,0,0,0,0,0,0,4.521,0.7813,0.45,0.45,nenhuma fronteira segura alcancavel
20678.128,605.5,failed,-1.6804,4.3385,0.3572,-115.92,0.18,0.0,0.0,28.231,38.7,12764,0,340,10,14,450.0,0,93,17,0,7,5,0,0,10,-1.328,9.779,6,208,,ExplorationGrid,-4.128,1.46,-3.795,1.558,False,,0,0,,,,,,0,0,0,0,0,0,4.521,0.7813,0.45,0.45,nenhuma fronteira segura alcancavel
20678.612,606.0,failed,-1.6804,4.3385,0.3572,-115.89,0.18,0.0,0.0,28.231,38.7,12764,0,340,10,14,450.0,0,93,17,0,7,5,0,0,10,-1.328,9.779,6,208,,ExplorationGrid,-4.128,1.46,-3.795,1.558,False,,0,0,,,,,,0,0,0,0,0,0,4.521,0.7813,0.45,0.45,nenhuma fronteira segura alcancavel
20679.09,606.5,failed,-1.6804,4.3385,0.3572,-116.01,0.19,0.0,0.0,28.231,38.7,12764,0,340,10,14,450.0,0,93,17,0,7,5,0,0,10,-1.328,9.779,6,208,,ExplorationGrid,-4.128,1.46,-3.795,1.558,False,,0,0,,,,,,0,0,0,0,0,0,4.521,0.7813,0.45,0.45,nenhuma fronteira segura alcancavel
20679.545,607.0,failed,-1.6803,4.3385,0.3572,-115.89,0.18,0.0,0.0,28.231,38.7,12764,0,340,10,14,450.0,0,93,17,0,7,5,0,0,10,-1.328,9.779,6,208,,ExplorationGrid,-4.128,1.46,-3.795,1.558,False,,0,0,,,,,,0,0,0,0,0,0,4.521,0.7813,0.45,0.45,nenhuma fronteira segura alcancavel
20680.03,607.5,failed,-1.6804,4.3386,0.3572,-115.92,0.19,0.0,0.0,28.232,38.7,12764,0,340,10,14,450.0,0,93,17,0,7,5,0,0,10,-1.328,9.779,6,208,,ExplorationGrid,-4.128,1.46,-3.795,1.558,False,,0,0,,,,,,0,0,0,0,0,0,4.521,0.7813,0.45,0.45,nenhuma fronteira segura alcancavel
20680.511,608.0,failed,-1.6804,4.3386,0.3572,-115.91,0.19,0.0,0.0,28.232,38.7,12764,0,340,10,14,450.0,0,93,17,0,7,5,0,0,10,-1.328,9.779,6,208,,ExplorationGrid,-4.128,1.46,-3.795,1.558,False,,0,0,,,,,,0,0,0,0,0,0,4.521,0.7813,0.45,0.45,nenhuma fronteira segura alcancavel
20680.973,608.5,failed,-1.6804,4.3385,0.3572,-115.89,0.18,0.0,0.0,28.232,38.7,12764,0,340,10,14,450.0,0,93,17,0,7,5,0,0,10,-1.328,9.779,6,208,,ExplorationGrid,-4.128,1.46,-3.795,1.558,False,,0,0,,,,,,0,0,0,0,0,0,4.521,0.7813,0.45,0.45,nenhuma fronteira segura alcancavel
20681.438,609.0,failed,-1.6804,4.3385,0.3572,-115.92,0.19,0.0,0.0,28.232,38.7,12764,0,340,10,14,450.0,0,93,17,0,7,5,0,0,10,-1.328,9.779,6,208,,ExplorationGrid,-4.128,1.46,-3.795,1.558,False,,0,0,,,,,,0,0,0,0,0,0,4.521,0.7813,0.45,0.45,nenhuma fronteira segura alcancavel
20681.92,609.501,failed,-1.6804,4.3386,0.3572,-115.92,0.19,0.0,0.0,28.232,38.7,12764,0,340,10,14,450.0,0,93,17,0,7,5,0,0,10,-1.328,9.779,6,208,,ExplorationGrid,-4.128,1.46,-3.795,1.558,False,,0,0,,,,,,0,0,0,0,0,0,4.521,0.7813,0.45,0.45,nenhuma fronteira segura alcancavel
20682.407,610.0,failed,-1.6804,4.3386,0.3572,-115.92,0.19,0.0,0.0,28.232,38.7,12764,0,340,10,14,450.0,0,93,17,0,7,5,0,0,10,-1.328,9.779,6,208,,ExplorationGrid,-4.128,1.46,-3.795,1.558,False,,0,0,,,,,,0,0,0,0,0,0,4.521,0.7813,0.45,0.45,nenhuma fronteira segura alcancavel
20682.869,610.501,failed,-1.6804,4.3386,0.3572,-115.92,0.19,0.0,0.0,28.232,38.7,12764,0,340,10,14,450.0,0,93,17,0,7,5,0,0,10,-1.328,9.779,6,208,,ExplorationGrid,-4.128,1.46,-3.795,1.558,False,,0,0,,,,,,0,0,0,0,0,0,4.521,0.7813,0.45,0.45,nenhuma fronteira segura alcancavel
20683.347,611.0,failed,-1.6804,4.3386,0.3572,-115.92,0.19,0.0,0.0,28.232,38.7,12764,0,340,10,14,450.0,0,93,17,0,7,5,0,0,10,-1.328,9.779,6,208,,ExplorationGrid,-4.128,1.46,-3.795,1.558,False,,0,0,,,,,,0,0,0,0,0,0,4.521,0.7813,0.45,0.45,nenhuma fronteira segura alcancavel
20683.833,611.501,failed,-1.6804,4.3386,0.3572,-115.92,0.19,0.0,0.0,28.232,38.7,12764,0,340,10,14,450.0,0,93,17,0,7,5,0,0,10,-1.328,9.779,6,208,,ExplorationGrid,-4.128,1.46,-3.795,1.558,False,,0,0,,,,,,0,0,0,0,0,0,4.521,0.7813,0.45,0.45,nenhuma fronteira segura alcancavel
20684.309,612.0,failed,-1.6804,4.3386,0.3572,-115.92,0.19,0.0,0.0,28.232,38.7,12764,0,340,10,14,450.0,0,93,17,0,7,5,0,0,10,-1.328,9.779,6,208,,ExplorationGrid,-4.128,1.46,-3.795,1.558,False,,0,0,,,,,,0,0,0,0,0,0,4.521,0.7813,0.45,0.45,nenhuma fronteira segura alcancavel
20684.793,612.5,failed,-1.6804,4.3386,0.3572,-115.92,0.19,0.0,0.0,28.232,38.7,12764,0,340,10,14,450.0,0,93,17,0,7,5,0,0,10,-1.328,9.779,6,208,,ExplorationGrid,-4.128,1.46,-3.795,1.558,False,,0,0,,,,,,0,0,0,0,0,0,4.521,0.7813,0.45,0.45,nenhuma fronteira segura alcancavel
20685.277,613.0,failed,-1.6804,4.3386,0.3572,-115.92,0.19,0.0,0.0,28.232,38.7,12764,0,340,10,14,450.0,0,93,17,0,7,5,0,0,10,-1.328,9.779,6,208,,ExplorationGrid,-4.128,1.46,-3.795,1.558,False,,0,0,,,,,,0,0,0,0,0,0,4.521,0.7813,0.45,0.45,nenhuma fronteira segura alcancavel
20685.737,613.5,failed,-1.6804,4.3386,0.3572,-115.92,0.19,0.0,0.0,28.232,38.7,12764,0,340,10,14,450.0,0,93,17,0,7,5,0,0,10,-1.328,9.779,6,208,,ExplorationGrid,-4.128,1.46,-3.795,1.558,False,,0,0,,,,,,0,0,0,0,0,0,4.521,0.7813,0.45,0.45,nenhuma fronteira segura alcancavel
20686.225,614.001,failed,-1.6804,4.3386,0.3572,-115.92,0.19,0.0,0.0,28.232,38.7,12764,0,340,10,14,450.0,0,93,17,0,7,5,0,0,10,-1.328,9.779,6,208,,ExplorationGrid,-4.128,1.46,-3.795,1.558,False,,0,0,,,,,,0,0,0,0,0,0,4.521,0.7813,0.45,0.45,nenhuma fronteira segura alcancavel
20686.693,614.5,failed,-1.6804,4.3386,0.3572,-115.92,0.19,0.0,0.0,28.232,38.7,12764,0,340,10,14,450.0,0,93,17,0,7,5,0,0,10,-1.328,9.779,6,208,,ExplorationGrid,-4.128,1.46,-3.795,1.558,False,,0,0,,,,,,0,0,0,0,0,0,4.521,0.7813,0.45,0.45,nenhuma fronteira segura alcancavel
20687.158,615.0,failed,-1.6804,4.3386,0.3572,-115.92,0.19,0.0,0.0,28.232,38.7,12764,0,340,10,14,450.0,0,93,17,0,7,5,0,0,10,-1.328,9.779,6,208,,ExplorationGrid,-4.128,1.46,-3.795,1.558,False,,0,0,,,,,,0,0,0,0,0,0,4.521,0.7813,0.45,0.45,nenhuma fronteira segura alcancavel
20687.643,615.5,failed,-1.6804,4.3386,0.3572,-115.92,0.19,0.0,0.0,28.232,38.7,12764,0,340,10,14,450.0,0,93,17,0,7,5,0,0,10,-1.328,9.779,6,208,,ExplorationGrid,-4.128,1.46,-3.795,1.558,False,,0,0,,,,,,0,0,0,0,0,0,4.521,0.7813,0.45,0.45,nenhuma fronteira segura alcancavel
20688.116,616.0,failed,-1.6804,4.3386,0.3572,-115.92,0.18,0.0,0.0,28.232,38.7,12764,0,340,10,14,450.0,0,93,17,0,7,5,0,0,10,-1.328,9.779,6,208,,ExplorationGrid,-4.128,1.46,-3.795,1.558,False,,0,0,,,,,,0,0,0,0,0,0,4.521,0.7813,0.45,0.45,nenhuma fronteira segura alcancavel
20688.606,616.5,failed,-1.6804,4.3386,0.3572,-115.92,0.18,0.0,0.0,28.232,38.7,12764,0,340,10,14,450.0,0,93,17,0,7,5,0,0,10,-1.328,9.779,6,208,,ExplorationGrid,-4.128,1.46,-3.795,1.558,False,,0,0,,,,,,0,0,0,0,0,0,4.521,0.7813,0.45,0.45,nenhuma fronteira segura alcancavel
20689.065,617.0,failed,-1.6804,4.3386,0.3572,-115.92,0.18,0.0,0.0,28.232,38.7,12764,0,340,10,14,450.0,0,93,17,0,7,5,0,0,10,-1.328,9.779,6,208,,ExplorationGrid,-4.128,1.46,-3.795,1.558,False,,0,0,,,,,,0,0,0,0,0,0,4.521,0.7813,0.45,0.45,nenhuma fronteira segura alcancavel
20689.532,617.5,failed,-1.6804,4.3386,0.3572,-115.92,0.18,0.0,0.0,28.232,38.7,12764,0,340,10,14,450.0,0,93,17,0,7,5,0,0,10,-1.328,9.779,6,208,,ExplorationGrid,-4.128,1.46,-3.795,1.558,False,,0,0,,,,,,0,0,0,0,0,0,4.521,0.7813,0.45,0.45,nenhuma fronteira segura alcancavel
20689.999,618.0,failed,-1.6804,4.3385,0.3572,-115.92,0.18,0.0,0.0,28.232,38.7,12764,0,340,10,14,450.0,0,93,17,0,7,5,0,0,10,-1.328,9.779,6,208,,ExplorationGrid,-4.128,1.46,-3.795,1.558,False,,0,0,,,,,,0,0,0,0,0,0,4.521,0.7813,0.45,0.45,nenhuma fronteira segura alcancavel
20690.474,618.5,failed,-1.6804,4.3385,0.3572,-115.92,0.18,0.0,0.0,28.232,38.7,12764,0,340,10,14,450.0,0,93,17,0,7,5,0,0,10,-1.328,9.779,6,208,,ExplorationGrid,-4.128,1.46,-3.795,1.558,False,,0,0,,,,,,0,0,0,0,0,0,4.521,0.7813,0.45,0.45,nenhuma fronteira segura alcancavel
20690.927,619.0,failed,-1.6804,4.3385,0.3572,-115.91,0.18,0.0,0.0,28.232,38.7,12764,0,340,10,14,450.0,0,93,17,0,7,5,0,0,10,-1.328,9.779,6,208,,ExplorationGrid,-4.128,1.46,-3.795,1.558,False,,0,0,,,,,,0,0,0,0,0,0,4.521,0.7813,0.45,0.45,nenhuma fronteira segura alcancavel
20691.414,619.5,failed,-1.6804,4.3386,0.3572,-115.94,0.19,0.0,0.0,28.232,38.7,12764,0,340,10,14,450.0,0,93,17,0,7,5,0,0,10,-1.328,9.779,6,208,,ExplorationGrid,-4.128,1.46,-3.795,1.558,False,,0,0,,,,,,0,0,0,0,0,0,4.521,0.7813,0.45,0.45,nenhuma fronteira segura alcancavel
20691.898,620.001,failed,-1.6804,4.3386,0.3572,-115.89,0.18,0.0,0.0,28.232,38.7,12764,0,340,10,14,450.0,0,93,17,0,7,5,0,0,10,-1.328,9.779,6,208,,ExplorationGrid,-4.128,1.46,-3.795,1.558,False,,0,0,,,,,,0,0,0,0,0,0,4.521,0.7813,0.45,0.45,nenhuma fronteira segura alcancavel
20692.359,620.5,failed,-1.6804,4.3386,0.3572,-115.88,0.18,0.0,0.0,28.233,38.7,12764,0,340,10,14,450.0,0,93,17,0,7,5,0,0,10,-1.328,9.779,6,208,,ExplorationGrid,-4.128,1.46,-3.795,1.558,False,,0,0,,,,,,0,0,0,0,0,0,4.521,0.7813,0.45,0.45,nenhuma fronteira segura alcancavel
20692.836,621.0,failed,-1.6804,4.3386,0.3572,-115.89,0.19,0.0,0.0,28.233,38.7,12764,0,340,10,14,450.0,0,93,17,0,7,5,0,0,10,-1.328,9.779,6,208,,ExplorationGrid,-4.128,1.46,-3.795,1.558,False,,0,0,,,,,,0,0,0,0,0,0,4.521,0.7813,0.45,0.45,nenhuma fronteira segura alcancavel
20693.276,621.5,failed,-1.6805,4.3386,0.3572,-115.9,0.19,0.0,0.0,28.233,38.7,12764,0,340,10,14,450.0,0,93,17,0,7,5,0,0,10,-1.328,9.779,6,208,,ExplorationGrid,-4.128,1.46,-3.795,1.558,False,,0,0,,,,,,0,0,0,0,0,0,4.521,0.7813,0.45,0.45,nenhuma fronteira segura alcancavel
20693.754,622.0,failed,-1.6805,4.3386,0.3572,-115.9,0.19,0.0,0.0,28.233,38.7,12764,0,340,10,14,450.0,0,93,17,0,7,5,0,0,10,-1.328,9.779,6,208,,ExplorationGrid,-4.128,1.46,-3.795,1.558,False,,0,0,,,,,,0,0,0,0,0,0,4.521,0.7813,0.45,0.45,nenhuma fronteira segura alcancavel
20694.223,622.501,failed,-1.6805,4.3386,0.3572,-115.9,0.19,0.0,0.0,28.233,38.7,12764,0,340,10,14,450.0,0,93,17,0,7,5,0,0,10,-1.328,9.779,6,208,,ExplorationGrid,-4.128,1.46,-3.795,1.558,False,,0,0,,,,,,0,0,0,0,0,0,4.521,0.7813,0.45,0.45,nenhuma fronteira segura alcancavel
20694.711,623.001,failed,-1.6804,4.3386,0.3572,-115.87,0.18,0.0,0.0,28.233,38.7,12764,0,340,10,14,450.0,0,93,17,0,7,5,0,0,10,-1.328,9.779,6,208,,ExplorationGrid,-4.128,1.46,-3.795,1.558,False,,0,0,,,,,,0,0,0,0,0,0,4.521,0.7813,0.45,0.45,nenhuma fronteira segura alcancavel
20695.164,623.5,failed,-1.6805,4.3386,0.3572,-115.91,0.19,0.0,0.0,28.233,38.7,12764,0,340,10,14,450.0,0,93,17,0,7,5,0,0,10,-1.328,9.779,6,208,,ExplorationGrid,-4.128,1.46,-3.795,1.558,False,,0,0,,,,,,0,0,0,0,0,0,4.521,0.7813,0.45,0.45,nenhuma fronteira segura alcancavel
20695.641,624.0,failed,-1.6804,4.3385,0.3572,-115.89,0.19,0.0,0.0,28.233,38.7,12764,0,340,10,14,450.0,0,93,17,0,7,5,0,0,10,-1.328,9.779,6,208,,ExplorationGrid,-4.128,1.46,-3.795,1.558,False,,0,0,,,,,,0,0,0,0,0,0,4.521,0.7813,0.45,0.45,nenhuma fronteira segura alcancavel
20696.117,624.5,failed,-1.6804,4.3386,0.3572,-115.9,0.19,0.0,0.0,28.233,38.7,12764,0,340,10,14,450.0,0,93,17,0,7,5,0,0,10,-1.328,9.779,6,208,,ExplorationGrid,-4.128,1.46,-3.795,1.558,False,,0,0,,,,,,0,0,0,0,0,0,4.521,0.7813,0.45,0.45,nenhuma fronteira segura alcancavel
20696.609,625.0,failed,-1.6804,4.3386,0.3572,-115.9,0.19,0.0,0.0,28.233,38.7,12764,0,340,10,14,450.0,0,93,17,0,7,5,0,0,10,-1.328,9.779,6,208,,ExplorationGrid,-4.128,1.46,-3.795,1.558,False,,0,0,,,,,,0,0,0,0,0,0,4.521,0.7813,0.45,0.45,nenhuma fronteira segura alcancavel
20697.088,625.5,failed,-1.6805,4.3386,0.3572,-115.94,0.19,0.0,0.0,28.233,38.7,12764,0,340,10,14,450.0,0,93,17,0,7,5,0,0,10,-1.328,9.779,6,208,,ExplorationGrid,-4.128,1.46,-3.795,1.558,False,,0,0,,,,,,0,0,0,0,0,0,4.521,0.7813,0.45,0.45,nenhuma fronteira segura alcancavel
20697.56,626.0,failed,-1.6804,4.3385,0.3572,-115.9,0.19,0.0,0.0,28.234,38.7,12764,0,340,10,14,450.0,0,93,17,0,7,5,0,0,10,-1.328,9.779,6,208,,ExplorationGrid,-4.128,1.46,-3.795,1.558,False,,0,0,,,,,,0,0,0,0,0,0,4.521,0.7813,0.45,0.45,nenhuma fronteira segura alcancavel
20698.018,626.5,failed,-1.6804,4.3385,0.3572,-115.9,0.18,0.0,0.0,28.234,38.7,12764,0,340,10,14,450.0,0,93,17,0,7,5,0,0,10,-1.328,9.779,6,208,,ExplorationGrid,-4.128,1.46,-3.795,1.558,False,,0,0,,,,,,0,0,0,0,0,0,4.521,0.7813,0.45,0.45,nenhuma fronteira segura alcancavel
20698.507,627.001,failed,-1.6804,4.3385,0.3572,-115.89,0.18,0.0,0.0,28.234,38.7,12764,0,340,10,14,450.0,0,93,17,0,7,5,0,0,10,-1.328,9.779,6,208,,ExplorationGrid,-4.128,1.46,-3.795,1.558,False,,0,0,,,,,,0,0,0,0,0,0,4.521,0.7813,0.45,0.45,nenhuma fronteira segura alcancavel
20698.979,627.5,failed,-1.6804,4.3385,0.3572,-115.9,0.19,0.0,0.0,28.234,38.7,12764,0,340,10,14,450.0,0,93,17,0,7,5,0,0,10,-1.328,9.779,6,208,,ExplorationGrid,-4.128,1.46,-3.795,1.558,False,,0,0,,,,,,0,0,0,0,0,0,4.521,0.7813,0.45,0.45,nenhuma fronteira segura alcancavel
20699.451,628.0,failed,-1.6804,4.3385,0.3572,-115.9,0.18,0.0,0.0,28.234,38.7,12764,0,340,10,14,450.0,0,93,17,0,7,5,0,0,10,-1.328,9.779,6,208,,ExplorationGrid,-4.128,1.46,-3.795,1.558,False,,0,0,,,,,,0,0,0,0,0,0,4.521,0.7813,0.45,0.45,nenhuma fronteira segura alcancavel
20699.945,628.5,failed,-1.6804,4.3385,0.3572,-115.89,0.19,0.0,0.0,28.234,38.7,12764,0,340,10,14,450.0,0,93,17,0,7,5,0,0,10,-1.328,9.779,6,208,,ExplorationGrid,-4.128,1.46,-3.795,1.558,False,,0,0,,,,,,0,0,0,0,0,0,4.521,0.7813,0.45,0.45,nenhuma fronteira segura alcancavel
20700.424,629.0,failed,-1.6804,4.3385,0.3572,-115.89,0.19,0.0,0.0,28.234,38.7,12764,0,340,10,14,450.0,0,93,17,0,7,5,0,0,10,-1.328,9.779,6,208,,ExplorationGrid,-4.128,1.46,-3.795,1.558,False,,0,0,,,,,,0,0,0,0,0,0,4.521,0.7813,0.45,0.45,nenhuma fronteira segura alcancavel
20700.917,629.5,failed,-1.6804,4.3385,0.3572,-115.89,0.19,0.0,0.0,28.234,38.7,12764,0,340,10,14,450.0,0,93,17,0,7,5,0,0,10,-1.328,9.779,6,208,,ExplorationGrid,-4.128,1.46,-3.795,1.558,False,,0,0,,,,,,0,0,0,0,0,0,4.521,0.7813,0.45,0.45,nenhuma fronteira segura alcancavel
20701.389,630.0,failed,-1.6804,4.3385,0.3572,-115.87,0.18,0.0,0.0,28.234,38.7,12764,0,340,10,14,450.0,0,93,17,0,7,5,0,0,10,-1.328,9.779,6,208,,ExplorationGrid,-4.128,1.46,-3.795,1.558,False,,0,0,,,,,,0,0,0,0,0,0,4.521,0.7813,0.45,0.45,nenhuma fronteira segura alcancavel
20701.87,630.5,failed,-1.6803,4.3385,0.3572,-115.78,0.18,0.0,0.0,28.234,38.7,12764,0,340,10,14,450.0,0,93,17,0,7,5,0,0,10,-1.328,9.779,6,208,,ExplorationGrid,-4.128,1.46,-3.795,1.558,False,,0,0,,,,,,0,0,0,0,0,0,4.521,0.7813,0.45,0.45,nenhuma fronteira segura alcancavel
20702.346,631.0,failed,-1.6804,4.3386,0.3572,-115.85,0.18,0.0,0.0,28.235,38.7,12764,0,340,10,14,450.0,0,93,17,0,7,5,0,0,10,-1.328,9.779,6,208,,ExplorationGrid,-4.128,1.46,-3.795,1.558,False,,0,0,,,,,,0,0,0,0,0,0,4.521,0.7813,0.45,0.45,nenhuma fronteira segura alcancavel
20702.834,631.5,failed,-1.6804,4.3386,0.3572,-115.85,0.18,0.0,0.0,28.235,38.7,12764,0,340,10,14,450.0,0,93,17,0,7,5,0,0,10,-1.328,9.779,6,208,,ExplorationGrid,-4.128,1.46,-3.795,1.558,False,,0,0,,,,,,0,0,0,0,0,0,4.521,0.7813,0.45,0.45,nenhuma fronteira segura alcancavel
20703.325,632.0,failed,-1.6804,4.3386,0.3572,-115.86,0.19,0.0,0.0,28.235,38.7,12764,0,340,10,14,450.0,0,93,17,0,7,5,0,0,10,-1.328,9.779,6,208,,ExplorationGrid,-4.128,1.46,-3.795,1.558,False,,0,0,,,,,,0,0,0,0,0,0,4.521,0.7813,0.45,0.45,nenhuma fronteira segura alcancavel
20703.802,632.5,failed,-1.6805,4.3386,0.3572,-115.89,0.19,0.0,0.0,28.235,38.7,12764,0,340,10,14,450.0,0,93,17,0,7,5,0,0,10,-1.328,9.779,6,208,,ExplorationGrid,-4.128,1.46,-3.795,1.558,False,,0,0,,,,,,0,0,0,0,0,0,4.521,0.7813,0.45,0.45,nenhuma fronteira segura alcancavel
20704.289,633.0,failed,-1.6805,4.3386,0.3572,-115.9,0.19,0.0,0.0,28.235,38.7,12764,0,340,10,14,450.0,0,93,17,0,7,5,0,0,10,-1.328,9.779,6,208,,ExplorationGrid,-4.128,1.46,-3.795,1.558,False,,0,0,,,,,,0,0,0,0,0,0,4.521,0.7813,0.45,0.45,nenhuma fronteira segura alcancavel
20704.743,633.5,failed,-1.6805,4.3386,0.3572,-115.9,0.19,0.0,0.0,28.235,38.7,12764,0,340,10,14,450.0,0,93,17,0,7,5,0,0,10,-1.328,9.779,6,208,,ExplorationGrid,-4.128,1.46,-3.795,1.558,False,,0,0,,,,,,0,0,0,0,0,0,4.521,0.7813,0.45,0.45,nenhuma fronteira segura alcancavel
20705.201,634.0,failed,-1.6805,4.3386,0.3572,-115.91,0.19,0.0,0.0,28.235,38.7,12764,0,340,10,14,450.0,0,93,17,0,7,5,0,0,10,-1.328,9.779,6,208,,ExplorationGrid,-4.128,1.46,-3.795,1.558,False,,0,0,,,,,,0,0,0,0,0,0,4.521,0.7813,0.45,0.45,nenhuma fronteira segura alcancavel
20705.649,634.5,failed,-1.6804,4.3385,0.3572,-115.92,0.18,0.0,0.0,28.235,38.7,12764,0,340,10,14,450.0,0,93,17,0,7,5,0,0,10,-1.328,9.779,6,208,,ExplorationGrid,-4.128,1.46,-3.795,1.558,False,,0,0,,,,,,0,0,0,0,0,0,4.521,0.7813,0.45,0.45,nenhuma fronteira segura alcancavel
20706.145,635.0,failed,-1.6804,4.3385,0.3572,-115.91,0.18,0.0,0.0,28.235,38.7,12764,0,340,10,14,450.0,0,93,17,0,7,5,0,0,10,-1.328,9.779,6,208,,ExplorationGrid,-4.128,1.46,-3.795,1.558,False,,0,0,,,,,,0,0,0,0,0,0,4.521,0.7813,0.45,0.45,nenhuma fronteira segura alcancavel
20706.638,635.5,failed,-1.6804,4.3385,0.3572,-115.9,0.18,0.0,0.0,28.235,38.7,12764,0,340,10,14,450.0,0,93,17,0,7,5,0,0,10,-1.328,9.779,6,208,,ExplorationGrid,-4.128,1.46,-3.795,1.558,False,,0,0,,,,,,0,0,0,0,0,0,4.521,0.7813,0.45,0.45,nenhuma fronteira segura alcancavel
20707.123,636.0,failed,-1.6804,4.3385,0.3572,-115.84,0.18,0.0,0.0,28.235,38.7,12764,0,340,10,14,450.0,0,93,17,0,7,5,0,0,10,-1.328,9.779,6,208,,ExplorationGrid,-4.128,1.46,-3.795,1.558,False,,0,0,,,,,,0,0,0,0,0,0,4.521,0.7813,0.45,0.45,nenhuma fronteira segura alcancavel
20707.577,636.5,failed,-1.6804,4.3386,0.3572,-115.9,0.18,0.0,0.0,28.235,38.7,12764,0,340,10,14,450.0,0,93,17,0,7,5,0,0,10,-1.328,9.779,6,208,,ExplorationGrid,-4.128,1.46,-3.795,1.558,False,,0,0,,,,,,0,0,0,0,0,0,4.521,0.7813,0.45,0.45,nenhuma fronteira segura alcancavel
20708.045,637.0,failed,-1.6804,4.3386,0.3572,-115.91,0.19,0.0,0.0,28.236,38.7,12764,0,340,10,14,450.0,0,93,17,0,7,5,0,0,10,-1.328,9.779,6,208,,ExplorationGrid,-4.128,1.46,-3.795,1.558,False,,0,0,,,,,,0,0,0,0,0,0,4.521,0.7813,0.45,0.45,nenhuma fronteira segura alcancavel
20708.538,637.5,failed,-1.6804,4.3386,0.3572,-115.9,0.19,0.0,0.0,28.236,38.7,12764,0,340,10,14,450.0,0,93,17,0,7,5,0,0,10,-1.328,9.779,6,208,,ExplorationGrid,-4.128,1.46,-3.795,1.558,False,,0,0,,,,,,0,0,0,0,0,0,4.521,0.7813,0.45,0.45,nenhuma fronteira segura alcancavel
20709.019,638.001,failed,-1.6804,4.3386,0.3572,-115.91,0.19,0.0,0.0,28.236,38.7,12764,0,340,10,14,450.0,0,93,17,0,7,5,0,0,10,-1.328,9.779,6,208,,ExplorationGrid,-4.128,1.46,-3.795,1.558,False,,0,0,,,,,,0,0,0,0,0,0,4.521,0.7813,0.45,0.45,nenhuma fronteira segura alcancavel
20709.418,638.5,failed,-1.6804,4.3385,0.3572,-115.88,0.18,0.0,0.0,28.236,38.7,12764,0,340,10,14,450.0,0,93,17,0,7,5,0,0,10,-1.328,9.779,6,208,,ExplorationGrid,-4.128,1.46,-3.795,1.558,False,,0,0,,,,,,0,0,0,0,0,0,4.521,0.7813,0.45,0.45,nenhuma fronteira segura alcancavel
20709.897,639.0,failed,-1.6804,4.3386,0.3572,-115.93,0.19,0.0,0.0,28.236,38.7,12764,0,340,10,14,450.0,0,93,17,0,7,5,0,0,10,-1.328,9.779,6,208,,ExplorationGrid,-4.128,1.46,-3.795,1.558,False,,0,0,,,,,,0,0,0,0,0,0,4.521,0.7813,0.45,0.45,nenhuma fronteira segura alcancavel
20710.387,639.5,failed,-1.6804,4.3386,0.3572,-115.92,0.19,0.0,0.0,28.236,38.7,12764,0,340,10,14,450.0,0,93,17,0,7,5,0,0,10,-1.328,9.779,6,208,,ExplorationGrid,-4.128,1.46,-3.795,1.558,False,,0,0,,,,,,0,0,0,0,0,0,4.521,0.7813,0.45,0.45,nenhuma fronteira segura alcancavel
20710.856,640.0,failed,-1.6804,4.3385,0.3572,-115.9,0.18,0.0,0.0,28.236,38.7,12764,0,340,10,14,450.0,0,93,17,0,7,5,0,0,10,-1.328,9.779,6,208,,ExplorationGrid,-4.128,1.46,-3.795,1.558,False,,0,0,,,,,,0,0,0,0,0,0,4.521,0.7813,0.45,0.45,nenhuma fronteira segura alcancavel
20711.333,640.501,failed,-1.6804,4.3385,0.3572,-115.9,0.18,0.0,0.0,28.236,38.7,12764,0,340,10,14,450.0,0,93,17,0,7,5,0,0,10,-1.328,9.779,6,208,,ExplorationGrid,-4.128,1.46,-3.795,1.558,False,,0,0,,,,,,0,0,0,0,0,0,4.521,0.7813,0.45,0.45,nenhuma fronteira segura alcancavel
20711.813,641.0,failed,-1.6804,4.3385,0.3572,-115.91,0.18,0.0,0.0,28.237,38.7,12764,0,340,10,14,450.0,0,93,17,0,7,5,0,0,10,-1.328,9.779,6,208,,ExplorationGrid,-4.128,1.46,-3.795,1.558,False,,0,0,,,,,,0,0,0,0,0,0,4.521,0.7813,0.45,0.45,nenhuma fronteira segura alcancavel
20712.283,641.5,failed,-1.6804,4.3385,0.3572,-115.91,0.19,0.0,0.0,28.237,38.7,12764,0,340,10,14,450.0,0,93,17,0,7,5,0,0,10,-1.328,9.779,6,208,,ExplorationGrid,-4.128,1.46,-3.795,1.558,False,,0,0,,,,,,0,0,0,0,0,0,4.521,0.7813,0.45,0.45,nenhuma fronteira segura alcancavel
20712.743,642.0,failed,-1.6804,4.3385,0.3572,-115.91,0.19,0.0,0.0,28.237,38.7,12764,0,340,10,14,450.0,0,93,17,0,7,5,0,0,10,-1.328,9.779,6,208,,ExplorationGrid,-4.128,1.46,-3.795,1.558,False,,0,0,,,,,,0,0,0,0,0,0,4.521,0.7813,0.45,0.45,nenhuma fronteira segura alcancavel
20713.177,642.5,failed,-1.6804,4.3385,0.3572,-115.91,0.19,0.0,0.0,28.237,38.7,12764,0,340,10,14,450.0,0,93,17,0,7,5,0,0,10,-1.328,9.779,6,208,,ExplorationGrid,-4.128,1.46,-3.795,1.558,False,,0,0,,,,,,0,0,0,0,0,0,4.521,0.7813,0.45,0.45,nenhuma fronteira segura alcancavel
20713.654,643.0,failed,-1.6804,4.3385,0.3572,-115.91,0.19,0.0,0.0,28.237,38.7,12764,0,340,10,14,450.0,0,93,17,0,7,5,0,0,10,-1.328,9.779,6,208,,ExplorationGrid,-4.128,1.46,-3.795,1.558,False,,0,0,,,,,,0,0,0,0,0,0,4.521,0.7813,0.45,0.45,nenhuma fronteira segura alcancavel
20714.139,643.5,failed,-1.6804,4.3385,0.3572,-115.91,0.19,0.0,0.0,28.237,38.7,12764,0,340,10,14,450.0,0,93,17,0,7,5,0,0,10,-1.328,9.779,6,208,,ExplorationGrid,-4.128,1.46,-3.795,1.558,False,,0,0,,,,,,0,0,0,0,0,0,4.521,0.7813,0.45,0.45,nenhuma fronteira segura alcancavel
20714.579,644.0,failed,-1.6804,4.3385,0.3572,-115.91,0.19,0.0,0.0,28.237,38.7,12764,0,340,10,14,450.0,0,93,17,0,7,5,0,0,10,-1.328,9.779,6,208,,ExplorationGrid,-4.128,1.46,-3.795,1.558,False,,0,0,,,,,,0,0,0,0,0,0,4.521,0.7813,0.45,0.45,nenhuma fronteira segura alcancavel
20715.047,644.5,failed,-1.6804,4.3385,0.3572,-115.91,0.19,0.0,0.0,28.237,38.7,12764,0,340,10,14,450.0,0,93,17,0,7,5,0,0,10,-1.328,9.779,6,208,,ExplorationGrid,-4.128,1.46,-3.795,1.558,False,,0,0,,,,,,0,0,0,0,0,0,4.521,0.7813,0.45,0.45,nenhuma fronteira segura alcancavel
20715.52,645.0,failed,-1.6804,4.3385,0.3572,-115.91,0.19,0.0,0.0,28.237,38.7,12764,0,340,10,14,450.0,0,93,17,0,7,5,0,0,10,-1.328,9.779,6,208,,ExplorationGrid,-4.128,1.46,-3.795,1.558,False,,0,0,,,,,,0,0,0,0,0,0,4.521,0.7813,0.45,0.45,nenhuma fronteira segura alcancavel
20715.981,645.5,failed,-1.6804,4.3385,0.3572,-115.91,0.19,0.0,0.0,28.237,38.7,12764,0,340,10,14,450.0,0,93,17,0,7,5,0,0,10,-1.328,9.779,6,208,,ExplorationGrid,-4.128,1.46,-3.795,1.558,False,,0,0,,,,,,0,0,0,0,0,0,4.521,0.7813,0.45,0.45,nenhuma fronteira segura alcancavel
20716.412,646.0,failed,-1.6804,4.3385,0.3572,-115.92,0.19,0.0,0.0,28.237,38.7,12764,0,340,10,14,450.0,0,93,17,0,7,5,0,0,10,-1.328,9.779,6,208,,ExplorationGrid,-4.128,1.46,-3.795,1.558,False,,0,0,,,,,,0,0,0,0,0,0,4.521,0.7813,0.45,0.45,nenhuma fronteira segura alcancavel
20716.864,646.5,failed,-1.6804,4.3385,0.3572,-115.92,0.18,0.0,0.0,28.237,38.7,12764,0,340,10,14,450.0,0,93,17,0,7,5,0,0,10,-1.328,9.779,6,208,,ExplorationGrid,-4.128,1.46,-3.795,1.558,False,,0,0,,,,,,0,0,0,0,0,0,4.521,0.7813,0.45,0.45,nenhuma fronteira segura alcancavel
20717.319,647.0,failed,-1.6804,4.3385,0.3572,-115.9,0.18,0.0,0.0,28.237,38.7,12764,0,340,10,14,450.0,0,93,17,0,7,5,0,0,10,-1.328,9.779,6,208,,ExplorationGrid,-4.128,1.46,-3.795,1.558,False,,0,0,,,,,,0,0,0,0,0,0,4.521,0.7813,0.45,0.45,nenhuma fronteira segura alcancavel
20717.805,647.502,failed,-1.6804,4.3385,0.3572,-115.89,0.18,0.0,0.0,28.237,38.7,12764,0,340,10,14,450.0,0,93,17,0,7,5,0,0,10,-1.328,9.779,6,208,,ExplorationGrid,-4.128,1.46,-3.795,1.558,False,,0,0,,,,,,0,0,0,0,0,0,4.521,0.7813,0.45,0.45,nenhuma fronteira segura alcancavel
20718.287,648.0,failed,-1.6804,4.3385,0.3572,-115.87,0.18,0.0,0.0,28.237,38.7,12764,0,340,10,14,450.0,0,93,17,0,7,5,0,0,10,-1.328,9.779,6,208,,ExplorationGrid,-4.128,1.46,-3.795,1.558,False,,0,0,,,,,,0,0,0,0,0,0,4.521,0.7813,0.45,0.45,nenhuma fronteira segura alcancavel
20718.772,648.501,failed,-1.6804,4.3385,0.3572,-115.89,0.18,0.0,0.0,28.237,38.7,12764,0,340,10,14,450.0,0,93,17,0,7,5,0,0,10,-1.328,9.779,6,208,,ExplorationGrid,-4.128,1.46,-3.795,1.558,False,,0,0,,,,,,0,0,0,0,0,0,4.521,0.7813,0.45,0.45,nenhuma fronteira segura alcancavel
20719.255,649.0,failed,-1.6804,4.3385,0.3572,-115.89,0.18,0.0,0.0,28.237,38.7,12764,0,340,10,14,450.0,0,93,17,0,7,5,0,0,10,-1.328,9.779,6,208,,ExplorationGrid,-4.128,1.46,-3.795,1.558,False,,0,0,,,,,,0,0,0,0,0,0,4.521,0.7813,0.45,0.45,nenhuma fronteira segura alcancavel
20719.751,649.5,failed,-1.6804,4.3385,0.3572,-115.89,0.18,0.0,0.0,28.237,38.7,12764,0,340,10,14,450.0,0,93,17,0,7,5,0,0,10,-1.328,9.779,6,208,,ExplorationGrid,-4.128,1.46,-3.795,1.558,False,,0,0,,,,,,0,0,0,0,0,0,4.521,0.7813,0.45,0.45,nenhuma fronteira segura alcancavel
20720.219,650.002,failed,-1.6804,4.3385,0.3572,-115.89,0.18,0.0,0.0,28.237,38.7,12764,0,340,10,14,450.0,0,93,17,0,7,5,0,0,10,-1.328,9.779,6,208,,ExplorationGrid,-4.128,1.46,-3.795,1.558,False,,0,0,,,,,,0,0,0,0,0,0,4.521,0.7813,0.45,0.45,nenhuma fronteira segura alcancavel
20720.712,650.5,failed,-1.6804,4.3385,0.3572,-115.89,0.18,0.0,0.0,28.237,38.7,12764,0,340,10,14,450.0,0,93,17,0,7,5,0,0,10,-1.328,9.779,6,208,,ExplorationGrid,-4.128,1.46,-3.795,1.558,False,,0,0,,,,,,0,0,0,0,0,0,4.521,0.7813,0.45,0.45,nenhuma fronteira segura alcancavel
20721.205,651.0,failed,-1.6804,4.3385,0.3572,-115.89,0.18,0.0,0.0,28.237,38.7,12764,0,340,10,14,450.0,0,93,17,0,7,5,0,0,10,-1.328,9.779,6,208,,ExplorationGrid,-4.128,1.46,-3.795,1.558,False,,0,0,,,,,,0,0,0,0,0,0,4.521,0.7813,0.45,0.45,nenhuma fronteira segura alcancavel
20721.682,651.5,failed,-1.6804,4.3385,0.3572,-115.89,0.18,0.0,0.0,28.237,38.7,12764,0,340,10,14,450.0,0,93,17,0,7,5,0,0,10,-1.328,9.779,6,208,,ExplorationGrid,-4.128,1.46,-3.795,1.558,False,,0,0,,,,,,0,0,0,0,0,0,4.521,0.7813,0.45,0.45,nenhuma fronteira segura alcancavel
20722.165,652.0,failed,-1.6804,4.3385,0.3572,-115.89,0.18,0.0,0.0,28.237,38.7,12764,0,340,10,14,450.0,0,93,17,0,7,5,0,0,10,-1.328,9.779,6,208,,ExplorationGrid,-4.128,1.46,-3.795,1.558,False,,0,0,,,,,,0,0,0,0,0,0,4.521,0.7813,0.45,0.45,nenhuma fronteira segura alcancavel
20722.614,652.5,failed,-1.6804,4.3385,0.3572,-115.89,0.18,0.0,0.0,28.237,38.7,12764,0,340,10,14,450.0,0,93,17,0,7,5,0,0,10,-1.328,9.779,6,208,,ExplorationGrid,-4.128,1.46,-3.795,1.558,False,,0,0,,,,,,0,0,0,0,0,0,4.521,0.7813,0.45,0.45,nenhuma fronteira segura alcancavel
20723.091,653.0,failed,-1.6804,4.3385,0.3572,-115.9,0.18,0.0,0.0,28.237,38.7,12764,0,340,10,14,450.0,0,93,17,0,7,5,0,0,10,-1.328,9.779,6,208,,ExplorationGrid,-4.128,1.46,-3.795,1.558,False,,0,0,,,,,,0,0,0,0,0,0,4.521,0.7813,0.45,0.45,nenhuma fronteira segura alcancavel
20723.556,653.5,failed,-1.6804,4.3385,0.3572,-115.9,0.18,0.0,0.0,28.237,38.7,12764,0,340,10,14,450.0,0,93,17,0,7,5,0,0,10,-1.328,9.779,6,208,,ExplorationGrid,-4.128,1.46,-3.795,1.558,False,,0,0,,,,,,0,0,0,0,0,0,4.521,0.7813,0.45,0.45,nenhuma fronteira segura alcancavel
20724.033,654.0,failed,-1.6804,4.3385,0.3572,-115.91,0.18,0.0,0.0,28.237,38.7,12764,0,340,10,14,450.0,0,93,17,0,7,5,0,0,10,-1.328,9.779,6,208,,ExplorationGrid,-4.128,1.46,-3.795,1.558,False,,0,0,,,,,,0,0,0,0,0,0,4.521,0.7813,0.45,0.45,nenhuma fronteira segura alcancavel
20724.526,654.5,failed,-1.6804,4.3385,0.3572,-115.91,0.18,0.0,0.0,28.237,38.7,12764,0,340,10,14,450.0,0,93,17,0,7,5,0,0,10,-1.328,9.779,6,208,,ExplorationGrid,-4.128,1.46,-3.795,1.558,False,,0,0,,,,,,0,0,0,0,0,0,4.521,0.7813,0.45,0.45,nenhuma fronteira segura alcancavel
20725.026,655.0,failed,-1.6804,4.3385,0.3572,-115.87,0.18,0.0,0.0,28.237,38.7,12764,0,340,10,14,450.0,0,93,17,0,7,5,0,0,10,-1.328,9.779,6,208,,ExplorationGrid,-4.128,1.46,-3.795,1.558,False,,0,0,,,,,,0,0,0,0,0,0,4.521,0.7813,0.45,0.45,nenhuma fronteira segura alcancavel
20725.523,655.5,failed,-1.6804,4.3386,0.3572,-115.91,0.19,0.0,0.0,28.237,38.7,12764,0,340,10,14,450.0,0,93,17,0,7,5,0,0,10,-1.328,9.779,6,208,,ExplorationGrid,-4.128,1.46,-3.795,1.558,False,,0,0,,,,,,0,0,0,0,0,0,4.521,0.7813,0.45,0.45,nenhuma fronteira segura alcancavel
20725.999,656.0,failed,-1.6804,4.3385,0.3572,-115.91,0.18,0.0,0.0,28.237,38.7,12764,0,340,10,14,450.0,0,93,17,0,7,5,0,0,10,-1.328,9.779,6,208,,ExplorationGrid,-4.128,1.46,-3.795,1.558,False,,0,0,,,,,,0,0,0,0,0,0,4.521,0.7813,0.45,0.45,nenhuma fronteira segura alcancavel
20726.463,656.5,failed,-1.6804,4.3385,0.3572,-115.88,0.19,0.0,0.0,28.238,38.7,12764,0,340,10,14,450.0,0,93,17,0,7,5,0,0,10,-1.328,9.779,6,208,,ExplorationGrid,-4.128,1.46,-3.795,1.558,False,,0,0,,,,,,0,0,0,0,0,0,4.521,0.7813,0.45,0.45,nenhuma fronteira segura alcancavel
20726.944,657.0,failed,-1.6804,4.3385,0.3572,-115.9,0.19,0.0,0.0,28.238,38.7,12764,0,340,10,14,450.0,0,93,17,0,7,5,0,0,10,-1.328,9.779,6,208,,ExplorationGrid,-4.128,1.46,-3.795,1.558,False,,0,0,,,,,,0,0,0,0,0,0,4.521,0.7813,0.45,0.45,nenhuma fronteira segura alcancavel
20727.392,657.5,failed,-1.6804,4.3385,0.3572,-115.91,0.19,0.0,0.0,28.238,38.7,12764,0,340,10,14,450.0,0,93,17,0,7,5,0,0,10,-1.328,9.779,6,208,,ExplorationGrid,-4.128,1.46,-3.795,1.558,False,,0,0,,,,,,0,0,0,0,0,0,4.521,0.7813,0.45,0.45,nenhuma fronteira segura alcancavel
20727.856,658.002,failed,-1.6804,4.3385,0.3572,-115.9,0.19,0.0,0.0,28.238,38.7,12764,0,340,10,14,450.0,0,93,17,0,7,5,0,0,10,-1.328,9.779,6,208,,ExplorationGrid,-4.128,1.46,-3.795,1.558,False,,0,0,,,,,,0,0,0,0,0,0,4.521,0.7813,0.45,0.45,nenhuma fronteira segura alcancavel
20728.319,658.5,failed,-1.6804,4.3385,0.3572,-115.9,0.19,0.0,0.0,28.238,38.7,12764,0,340,10,14,450.0,0,93,17,0,7,5,0,0,10,-1.328,9.779,6,208,,ExplorationGrid,-4.128,1.46,-3.795,1.558,False,,0,0,,,,,,0,0,0,0,0,0,4.521,0.7813,0.45,0.45,nenhuma fronteira segura alcancavel
20728.809,659.001,failed,-1.6804,4.3385,0.3572,-115.9,0.19,0.0,0.0,28.238,38.7,12764,0,340,10,14,450.0,0,93,17,0,7,5,0,0,10,-1.328,9.779,6,208,,ExplorationGrid,-4.128,1.46,-3.795,1.558,False,,0,0,,,,,,0,0,0,0,0,0,4.521,0.7813,0.45,0.45,nenhuma fronteira segura alcancavel
20729.267,659.5,failed,-1.6804,4.3385,0.3572,-115.87,0.18,0.0,0.0,28.238,38.7,12764,0,340,10,14,450.0,0,93,17,0,7,5,0,0,10,-1.328,9.779,6,208,,ExplorationGrid,-4.128,1.46,-3.795,1.558,False,,0,0,,,,,,0,0,0,0,0,0,4.521,0.7813,0.45,0.45,nenhuma fronteira segura alcancavel
20729.747,660.0,failed,-1.6805,4.3386,0.3572,-116.01,0.19,0.0,0.0,28.239,38.7,12764,0,340,10,14,450.0,0,93,17,0,7,5,0,0,10,-1.328,9.779,6,208,,ExplorationGrid,-4.128,1.46,-3.795,1.558,False,,0,0,,,,,,0,0,0,0,0,0,4.521,0.7813,0.45,0.45,nenhuma fronteira segura alcancavel
