sim_s,wall_s,state,x,y,z,yaw_deg,tilt_deg,cmd_vx,cmd_wz,path_m,map_known_pct,map_known_cells,frontier_count,frontier_cells,frontier_clusters,frontier_extract_ms,candidates_checked,path_requests,selection_cycle,blacklisted,refused,timed_out,near_frontiers_skipped,provisional_recoveries,barren_cycles,marker_visible,marker_distance_m,marker_observations,marker_confirmations,marker_candidate_x,marker_candidate_y,marker_accepted_x,marker_accepted_y,homing_entry_distance_m,homing_entries,homing_abandons,marker_far_ignored,detections_n,exit_pose_seen,escaped,message
13466.86,0.5,idle,-0.0015,-0.0058,0.3538,89.98,0.48,,,0.0,22.04,1707,0,0,0,0.0,0,0,0,0,0,0,0,0,0,False,,0,0,,,,,,0,0,0,0,0,0,
13467.307,1.0,idle,-0.0015,-0.0057,0.3538,89.98,0.46,,,0.0,22.04,1707,0,0,0,0.0,0,0,0,0,0,0,0,0,0,False,,0,0,,,,,,0,0,0,0,0,0,
13467.8,1.5,idle,-0.0015,-0.0057,0.3538,89.98,0.45,,,0.0,22.04,1707,0,0,0,0.0,0,0,0,0,0,0,0,0,0,False,,0,0,,,,,,0,0,0,0,0,0,
13468.29,2.0,idle,-0.0014,-0.0057,0.3539,89.98,0.44,,,0.0,22.04,1707,0,0,0,0.0,0,0,0,0,0,0,0,0,0,False,,0,0,,,,,,0,0,0,0,0,0,
13468.767,2.501,idle,-0.0014,-0.0057,0.3539,89.98,0.44,,,0.0,22.04,1707,0,0,0,0.0,0,0,0,0,0,0,0,0,0,False,,0,0,,,,,,0,0,0,0,0,0,
13469.26,3.0,idle,-0.0015,-0.0243,0.3446,89.98,0.32,,,0.019,22.04,1707,0,0,0,0.0,0,0,0,0,0,0,0,0,0,False,,0,0,,,,,,0,0,0,0,0,0,
13469.727,3.5,idle,-0.0013,-0.0176,0.3472,89.96,0.29,,,0.029,22.04,1707,0,0,0,0.0,0,0,0,0,0,0,0,0,0,False,,0,0,,,,,,0,0,0,0,0,0,
13470.2,4.0,idle,-0.001,-0.0161,0.3485,89.94,0.21,,,0.031,22.04,1707,0,0,0,0.0,0,0,0,0,0,0,0,0,0,False,,0,0,,,,,,0,0,0,0,0,0,
13470.606,4.5,idle,-0.0007,-0.0142,0.3495,89.92,0.18,,,0.033,22.04,1707,0,0,0,0.0,0,0,0,0,0,0,0,0,0,False,,0,0,,,,,,0,0,0,0,0,0,
13471.087,5.001,idle,-0.0001,-0.0139,0.3411,90.0,0.58,,,0.063,22.04,1707,0,0,0,0.0,0,0,0,0,0,0,0,0,0,False,,0,0,,,,,,0,0,0,0,0,0,
13471.579,5.5,idle,0.0,-0.0067,0.3506,90.01,0.12,,,0.093,22.04,1707,0,0,0,0.0,0,0,0,0,0,0,0,0,0,False,,0,0,,,,,,0,0,0,0,0,0,
13472.063,6.001,selecting,0.0005,-0.0086,0.3507,90.01,0.05,,,0.095,22.04,1707,0,0,0,0.0,0,0,0,0,0,0,0,0,0,False,,0,0,,,,,,0,0,0,0,0,0,
13472.544,6.5,selecting,0.001,-0.0086,0.3509,90.01,0.07,,,0.095,22.04,1707,0,0,0,0.0,0,0,0,0,0,0,0,0,0,False,,0,0,,,,,,0,0,0,0,0,0,
13473.021,7.0,selecting,0.0011,-0.0086,0.3509,90.01,0.08,,,0.096,22.04,1707,0,0,0,0.0,0,0,0,0,0,0,0,0,0,False,,0,0,,,,,,0,0,0,0,0,0,
13473.512,7.5,selecting,0.0011,-0.0086,0.3509,90.01,0.08,,,0.096,22.04,1707,2,655,2,133.6,0,1,1,0,0,0,0,0,0,False,,0,0,,,,,,0,0,0,0,0,0,
13474.008,8.0,selecting,0.0011,-0.0086,0.3509,90.01,0.08,,,0.096,22.04,1707,2,655,2,133.6,0,1,1,0,0,0,0,0,0,False,,0,0,,,,,,0,0,0,0,0,0,
13474.504,8.5,navigating,0.0011,-0.0086,0.3509,90.01,0.08,0.0297,0.0012,0.096,22.04,1707,2,655,2,133.6,2,2,1,0,0,0,0,0,0,False,,0,0,,,,,,0,0,0,0,0,0,navegando para fronteira
13474.991,9.0,navigating,0.0011,-0.0086,0.3509,90.01,0.08,0.0315,0.0102,0.096,22.04,1707,2,655,2,133.6,2,2,1,0,0,0,0,0,0,False,,0,0,,,,,,0,0,0,0,0,0,navegando para fronteira
13475.483,9.5,navigating,0.0011,-0.0086,0.3509,90.01,0.08,0.0283,0.0133,0.096,22.04,1707,2,655,2,133.6,2,2,1,0,0,0,0,0,0,False,,0,0,,,,,,0,0,0,0,0,0,navegando para fronteira
13475.973,10.0,navigating,-0.0004,-0.0105,0.3475,90.01,0.05,0.0298,0.0084,0.098,22.04,1707,2,655,2,133.6,2,2,1,0,0,0,0,0,0,False,,0,0,,,,,,0,0,0,0,0,0,navegando para fronteira
13476.421,10.5,navigating,-0.0065,-0.0173,0.3471,89.98,0.17,0.0193,0.0068,0.112,22.04,1707,2,655,2,133.6,2,2,1,0,0,0,0,0,0,False,,0,0,,,,,,0,0,0,0,0,0,navegando para fronteira
13476.908,11.0,navigating,0.007,0.031,0.3562,90.23,0.64,0.0848,0.0319,0.163,22.04,1707,2,655,2,133.6,2,2,1,0,0,0,0,0,0,False,,0,0,,,,,,0,0,0,0,0,0,navegando para fronteira
13477.395,11.502,navigating,-0.0032,0.1256,0.3551,90.78,0.33,0.148,0.0422,0.259,22.04,1707,2,655,2,133.6,2,2,1,0,0,0,0,0,0,False,,0,0,,,,,,0,0,0,0,0,0,navegando para fronteira
13477.881,12.0,navigating,-0.0106,0.2313,0.3592,91.72,0.29,0.1447,0.05,0.367,22.04,1707,2,655,2,133.6,2,2,1,0,0,0,0,0,0,False,,0,0,,,,,,0,0,0,0,0,0,navegando para fronteira
13478.35,12.5,navigating,-0.0007,0.2999,0.354,92.91,0.39,0.1255,0.0553,0.436,22.04,1707,2,655,2,133.6,2,2,1,0,0,0,0,0,0,False,,0,0,,,,,,0,0,0,0,0,0,navegando para fronteira
13478.841,13.0,navigating,-0.0311,0.3419,0.3562,94.12,0.75,0.0794,0.0297,0.49,22.04,1707,2,655,2,133.6,2,2,1,0,0,0,0,0,0,False,,0,0,,,,,,0,0,0,0,0,0,navegando para fronteira
13479.308,13.5,navigating,-0.0194,0.3739,0.3521,95.5,0.29,0.0625,0.0436,0.527,22.04,1707,2,655,2,133.6,2,2,1,0,0,0,0,0,0,False,,0,0,,,,,,0,0,0,0,0,0,navegando para fronteira
13479.802,14.0,navigating,-0.0086,0.4195,0.3537,97.18,0.3,0.0705,0.0583,0.576,22.04,1707,2,655,2,133.6,2,2,1,0,0,0,0,0,0,False,,0,0,,,,,,0,0,0,0,0,0,navegando para fronteira
13480.226,14.501,navigating,-0.0363,0.4452,0.3611,98.31,0.97,0.0718,0.0408,0.615,32.58,2523,2,655,2,133.6,2,2,1,0,0,0,0,0,0,False,,0,0,,,,,,0,0,0,0,0,0,navegando para fronteira
13480.717,15.0,navigating,-0.0376,0.474,0.3561,100.01,0.48,0.0662,0.0731,0.656,32.58,2523,2,655,2,133.6,2,2,1,0,0,0,0,0,0,False,,0,0,,,,,,0,0,0,0,0,0,navegando para fronteira
13481.203,15.5,navigating,-0.0297,0.5173,0.3496,101.22,0.35,0.0387,0.0,0.703,32.58,2523,2,655,2,133.6,2,2,1,0,0,0,0,0,0,False,,0,0,,,,,,0,0,0,0,0,0,navegando para fronteira
13481.693,16.0,navigating,-0.0557,0.5048,0.3493,100.24,0.55,0.0,0.0,0.748,32.58,2523,2,655,2,133.6,2,2,1,0,0,0,0,0,0,False,,0,0,,,,,,0,0,0,0,0,0,navegando para fronteira
13482.181,16.5,navigating,-0.0515,0.5162,0.3525,100.26,0.27,0.0,0.0,0.769,32.58,2523,2,655,2,133.6,2,2,1,0,0,0,0,0,0,False,,0,0,,,,,,0,0,0,0,0,0,navegando para fronteira
13482.649,17.0,selecting,-0.0523,0.5228,0.3541,100.17,0.32,0.0,0.0,0.776,32.58,2523,6,575,7,247.6,0,3,2,0,0,0,1,0,0,False,,0,0,,,,,,0,0,0,0,0,0,fronteira alcancada; atualizando mapa
13483.111,17.5,navigating,-0.0483,0.5338,0.3554,99.82,0.53,0.0465,-0.0131,0.788,32.58,2523,6,575,7,247.6,6,18,2,0,4,0,1,0,0,False,,0,0,,,,,,0,0,0,0,0,0,navegando para fronteira
13483.59,18.0,navigating,-0.0592,0.5809,0.3613,99.66,0.27,0.1079,-0.0662,0.837,32.58,2523,6,575,7,247.6,6,18,2,0,4,0,1,0,0,False,,0,0,,,,,,0,0,0,0,0,0,navegando para fronteira
13484.071,18.5,navigating,-0.0778,0.6395,0.3594,98.69,0.49,0.1316,-0.064,0.9,32.58,2523,6,575,7,247.6,6,18,2,0,4,0,1,0,0,False,,0,0,,,,,,0,0,0,0,0,0,navegando para fronteira
13484.493,19.0,navigating,-0.0764,0.6968,0.3471,97.36,0.49,0.1318,-0.0566,0.957,32.58,2523,6,575,7,247.6,6,18,2,0,4,0,1,0,0,False,,0,0,,,,,,0,0,0,0,0,0,navegando para fronteira
13484.966,19.501,navigating,-0.08,0.7701,0.3545,96.11,0.18,0.1321,-0.0908,1.032,32.58,2523,6,575,7,247.6,6,18,2,0,4,0,1,0,0,False,,0,0,,,,,,0,0,0,0,0,0,navegando para fronteira
13485.453,20.001,navigating,-0.109,0.8459,0.3572,94.38,0.57,0.1346,-0.0935,1.113,32.58,2523,6,575,7,247.6,6,18,2,0,4,0,1,0,0,False,,0,0,,,,,,0,0,0,0,0,0,navegando para fronteira
13485.918,20.5,navigating,-0.103,0.9181,0.3571,91.48,0.31,0.1352,-0.0879,1.186,33.52,2596,6,575,7,247.6,6,18,2,0,4,0,1,0,0,False,,0,0,,,,,,0,0,0,0,0,0,navegando para fronteira
13486.412,21.0,navigating,-0.1008,0.9905,0.3541,88.91,0.34,0.1379,-0.0548,1.26,33.52,2596,6,575,7,247.6,6,18,2,0,4,0,1,0,0,False,,0,0,,,,,,0,0,0,0,0,0,navegando para fronteira
13486.909,21.5,navigating,-0.116,1.0483,0.3549,87.66,0.38,0.1054,-0.0764,1.321,33.52,2596,6,575,7,247.6,6,18,2,0,4,0,1,0,0,False,,0,0,,,,,,0,0,0,0,0,0,navegando para fronteira
13487.395,22.0,navigating,-0.0922,1.1118,0.3575,86.57,0.75,0.1344,-0.0302,1.389,33.52,2596,6,575,7,247.6,6,18,2,0,4,0,1,0,0,False,,0,0,,,,,,0,0,0,0,0,0,navegando para fronteira
13487.886,22.5,navigating,-0.0986,1.1825,0.3533,86.39,0.33,0.1272,-0.0871,1.462,33.52,2596,6,575,7,247.6,6,18,2,0,4,0,1,0,0,False,,0,0,,,,,,0,0,0,0,0,0,navegando para fronteira
13488.322,23.0,navigating,-0.1029,1.2414,0.3559,85.64,0.32,0.1188,-0.0314,1.523,33.52,2596,6,575,7,247.6,6,18,2,0,4,0,1,0,0,False,,0,0,,,,,,0,0,0,0,0,0,navegando para fronteira
13488.798,23.5,navigating,-0.0793,1.3061,0.3622,85.29,0.66,0.1324,0.0231,1.593,33.64,2605,6,575,7,247.6,6,18,2,0,4,0,1,0,0,False,,0,0,,,,,,0,0,0,0,0,0,navegando para fronteira
13489.27,24.0,navigating,-0.1005,1.3686,0.3592,86.81,1.18,0.1126,0.0716,1.664,33.64,2605,6,575,7,247.6,6,18,2,0,4,0,1,0,0,False,,0,0,,,,,,0,0,0,0,0,0,navegando para fronteira
13489.736,24.501,navigating,-0.1086,1.4206,0.361,87.61,0.41,0.1186,0.084,1.719,33.64,2605,6,575,7,247.6,6,18,2,0,4,0,1,0,0,False,,0,0,,,,,,0,0,0,0,0,0,navegando para fronteira
13490.208,25.0,navigating,-0.0913,1.4805,0.3564,89.09,0.38,0.1088,0.0663,1.782,33.64,2605,6,575,7,247.6,6,18,2,0,4,0,1,0,0,False,,0,0,,,,,,0,0,0,0,0,0,navegando para fronteira
13490.695,25.5,navigating,-0.0998,1.5338,0.3557,89.84,0.4,0.1078,0.016,1.837,33.64,2605,6,575,7,247.6,6,18,2,0,4,0,1,0,0,False,,0,0,,,,,,0,0,0,0,0,0,navegando para fronteira
13491.167,26.0,navigating,-0.1037,1.5898,0.3556,90.45,0.14,0.1078,0.0042,1.894,33.64,2605,6,575,7,247.6,6,18,2,0,4,0,1,0,0,False,,0,0,,,,,,0,0,0,0,0,0,navegando para fronteira
13491.657,26.5,navigating,-0.0974,1.6467,0.3584,90.99,0.35,0.1083,-0.0054,1.951,33.66,2607,6,575,7,247.6,6,18,2,0,4,0,1,0,0,False,,0,0,,,,,,0,0,0,0,0,0,navegando para fronteira
13492.117,27.0,navigating,-0.1064,1.6992,0.3576,90.91,0.28,0.1088,-0.0392,2.004,33.66,2607,6,575,7,247.6,6,18,2,0,4,0,1,0,0,False,,0,0,,,,,,0,0,0,0,0,0,navegando para fronteira
13492.61,27.5,navigating,-0.1122,1.749,0.357,91.36,0.25,0.0992,-0.0479,2.056,33.66,2607,6,575,7,247.6,6,18,2,0,4,0,1,0,0,False,,0,0,,,,,,0,0,0,0,0,0,navegando para fronteira
13493.105,28.0,navigating,-0.1017,1.7975,0.3591,91.16,0.47,0.083,-0.0135,2.106,33.66,2607,6,575,7,247.6,6,18,2,0,4,0,1,0,0,False,,0,0,,,,,,0,0,0,0,0,0,navegando para fronteira
13493.589,28.5,navigating,-0.1109,1.806,0.3535,90.86,0.03,0.0,0.0,2.141,33.66,2607,6,575,7,247.6,6,18,2,0,4,0,1,0,0,False,,0,0,,,,,,0,0,0,0,0,0,navegando para fronteira
13494.073,29.0,selecting,-0.1086,1.8116,0.3545,90.97,0.23,0.0,0.0,2.153,33.66,2607,1,401,1,49.0,0,19,3,0,0,0,0,0,0,False,,0,0,,,,,,0,0,0,0,0,0,fronteira alcancada; atualizando mapa
13494.547,29.501,selecting,-0.1085,1.8212,0.355,90.59,0.19,0.0106,0.0234,2.163,33.66,2607,1,401,1,49.0,0,19,3,0,0,0,0,0,0,False,,0,0,,,,,,0,0,0,0,0,0,fronteira alcancada; atualizando mapa
13495.008,30.0,navigating,-0.1147,1.8267,0.3484,90.01,0.36,0.0013,-0.045,2.173,33.66,2607,1,401,1,49.0,1,19,3,0,0,0,0,0,0,False,,0,0,,,,,,0,0,0,0,0,0,navegando para fronteira
13495.496,30.5,navigating,-0.1112,1.8195,0.3507,88.08,0.26,0.0,-0.0355,2.184,33.66,2607,1,401,1,49.0,1,19,3,0,0,0,0,0,0,False,,0,0,,,,,,0,0,0,0,0,0,navegando para fronteira
13495.982,31.0,navigating,-0.1019,1.8269,0.3568,87.23,0.24,0.0199,-0.0498,2.206,33.66,2607,1,401,1,49.0,1,19,3,0,0,0,0,0,0,False,,0,0,,,,,,0,0,0,0,0,0,navegando para fronteira
13496.412,31.5,navigating,-0.1214,1.8233,0.35,86.19,0.45,0.0,-0.0834,2.226,33.66,2607,1,401,1,49.0,1,19,3,0,0,0,0,0,0,False,,0,0,,,,,,0,0,0,0,0,0,navegando para fronteira
13496.892,32.0,navigating,-0.1145,1.817,0.3446,85.57,0.45,0.0,-0.0806,2.251,33.66,2607,1,401,1,49.0,1,19,3,0,0,0,0,0,0,False,,0,0,,,,,,0,0,0,0,0,0,navegando para fronteira
13497.367,32.5,navigating,-0.0941,1.8216,0.3524,83.53,0.56,0.0009,-0.1187,2.277,33.66,2607,1,401,1,49.0,1,19,3,0,0,0,0,0,0,False,,0,0,,,,,,0,0,0,0,0,0,navegando para fronteira
13497.852,33.0,navigating,-0.1136,1.8207,0.3579,80.47,0.52,0.0,-0.1199,2.3,33.66,2607,1,401,1,49.0,1,19,3,0,0,0,0,0,0,False,,0,0,,,,,,0,0,0,0,0,0,navegando para fronteira
13498.328,33.5,navigating,-0.1042,1.8215,0.3564,77.35,0.4,0.0053,-0.1251,2.318,33.66,2607,1,401,1,49.0,1,19,3,0,0,0,0,0,0,False,,0,0,,,,,,0,0,0,0,0,0,navegando para fronteira
13498.811,34.0,navigating,-0.1112,1.815,0.3503,74.08,0.08,0.0,-0.1347,2.335,33.66,2607,1,401,1,49.0,1,19,3,0,0,0,0,0,0,False,,0,0,,,,,,0,0,0,0,0,0,navegando para fronteira
13499.291,34.5,navigating,-0.1157,1.8152,0.3548,71.02,0.12,0.0,-0.0861,2.343,33.66,2607,1,401,1,49.0,1,19,3,0,0,0,0,0,0,False,,0,0,,,,,,0,0,0,0,0,0,navegando para fronteira
13499.767,35.0,navigating,-0.1083,1.8112,0.3578,68.57,0.29,0.0001,-0.1065,2.353,33.66,2607,1,401,1,49.0,1,19,3,0,0,0,0,0,0,False,,0,0,,,,,,0,0,0,0,0,0,navegando para fronteira
13500.237,35.5,navigating,-0.1128,1.8082,0.3539,65.89,0.17,0.0001,-0.1354,2.362,33.66,2607,1,401,1,49.0,1,19,3,0,0,0,0,0,0,False,,0,0,,,,,,0,0,0,0,0,0,navegando para fronteira
13500.723,36.0,navigating,-0.118,1.8071,0.3549,62.88,0.1,0.0,-0.1534,2.371,33.66,2607,1,401,1,49.0,1,19,3,0,0,0,0,0,0,False,,0,0,,,,,,0,0,0,0,0,0,navegando para fronteira
13501.192,36.5,navigating,-0.1128,1.8005,0.3514,59.98,0.27,0.0,-0.1183,2.381,33.66,2607,1,401,1,49.0,1,19,3,0,0,0,0,0,0,False,,0,0,,,,,,0,0,0,0,0,0,navegando para fronteira
13501.663,37.0,navigating,-0.116,1.7987,0.3509,57.25,0.17,0.0,-0.124,2.387,33.66,2607,1,401,1,49.0,1,19,3,0,0,0,0,0,0,False,,0,0,,,,,,0,0,0,0,0,0,navegando para fronteira
13502.109,37.5,navigating,-0.1231,1.8008,0.3517,54.74,0.18,0.0,-0.1008,2.397,33.66,2607,1,401,1,49.0,1,19,3,0,0,0,0,0,0,False,,0,0,,,,,,0,0,0,0,0,0,navegando para fronteira
13502.605,38.0,navigating,-0.1274,1.7927,0.3524,51.44,0.11,0.0,-0.1101,2.407,33.66,2607,1,401,1,49.0,1,19,3,0,0,0,0,0,0,False,,0,0,,,,,,0,0,0,0,0,0,navegando para fronteira
13503.083,38.5,navigating,-0.1115,1.7821,0.3547,48.22,0.62,0.0,-0.0899,2.428,33.66,2607,1,401,1,49.0,1,19,3,0,0,0,0,0,0,False,,0,0,,,,,,0,0,0,0,0,0,navegando para fronteira
13503.57,39.0,navigating,-0.1301,1.7839,0.357,44.86,0.39,0.0,-0.0984,2.451,33.66,2607,1,401,1,49.0,1,19,3,0,0,0,0,0,0,False,,0,0,,,,,,0,0,0,0,0,0,navegando para fronteira
13504.058,39.5,navigating,-0.1304,1.7853,0.354,41.97,0.12,0.0001,-0.13,2.466,33.66,2607,1,401,1,49.0,1,19,3,0,0,0,0,0,0,False,,0,0,,,,,,0,0,0,0,0,0,navegando para fronteira
13504.521,40.0,navigating,-0.1242,1.7741,0.3573,38.65,0.4,0.0005,-0.1426,2.482,33.66,2607,1,401,1,49.0,1,19,3,0,0,0,0,0,0,False,,0,0,,,,,,0,0,0,0,0,0,navegando para fronteira
13505.01,40.5,navigating,-0.131,1.7788,0.3589,35.75,0.13,0.0002,-0.1391,2.493,33.66,2607,1,401,1,49.0,1,19,3,0,0,0,0,0,0,False,,0,0,,,,,,0,0,0,0,0,0,navegando para fronteira
13505.485,41.0,navigating,-0.1324,1.7759,0.3548,32.9,0.21,0.0,-0.1546,2.501,33.66,2607,1,401,1,49.0,1,19,3,0,0,0,0,0,0,False,,0,0,,,,,,0,0,0,0,0,0,navegando para fronteira
13505.968,41.501,navigating,-0.1307,1.7679,0.3516,29.48,0.41,0.0,-0.1389,2.51,33.66,2607,1,401,1,49.0,1,19,3,0,0,0,0,0,0,False,,0,0,,,,,,0,0,0,0,0,0,navegando para fronteira
13506.457,42.0,navigating,-0.135,1.7763,0.3522,26.11,0.17,0.0,-0.1274,2.522,33.66,2607,1,401,1,49.0,1,19,3,0,0,0,0,0,0,False,,0,0,,,,,,0,0,0,0,0,0,navegando para fronteira
13506.951,42.5,navigating,-0.1353,1.7789,0.3536,22.57,0.08,0.001,-0.1221,2.53,33.66,2607,1,401,1,49.0,1,19,3,0,0,0,0,0,0,False,,0,0,,,,,,0,0,0,0,0,0,navegando para fronteira
13507.413,43.001,navigating,-0.1358,1.771,0.3594,19.56,0.33,0.0002,-0.1219,2.539,33.66,2607,1,401,1,49.0,1,19,3,0,0,0,0,0,0,False,,0,0,,,,,,0,0,0,0,0,0,navegando para fronteira
13507.901,43.501,navigating,-0.1396,1.7743,0.3624,15.89,0.23,0.0004,-0.092,2.549,33.66,2607,1,401,1,49.0,1,19,3,0,0,0,0,0,0,False,,0,0,,,,,,0,0,0,0,0,0,navegando para fronteira
13508.383,44.0,navigating,-0.1427,1.7828,0.355,13.25,0.26,0.0014,-0.1112,2.559,33.66,2607,1,401,1,49.0,1,19,3,0,0,0,0,0,0,False,,0,0,,,,,,0,0,0,0,0,0,navegando para fronteira
13508.843,44.503,navigating,-0.142,1.7744,0.3531,10.61,0.34,0.0008,-0.1329,2.57,33.66,2607,1,401,1,49.0,1,19,3,0,0,0,0,0,0,False,,0,0,,,,,,0,0,0,0,0,0,navegando para fronteira
13509.313,45.0,navigating,-0.1433,1.7671,0.3566,7.91,0.27,0.0029,-0.1384,2.579,33.66,2607,1,401,1,49.0,1,19,3,0,0,0,0,0,0,False,,0,0,,,,,,0,0,0,0,0,0,navegando para fronteira
13509.775,45.5,navigating,-0.1405,1.7761,0.3536,5.22,0.27,0.0095,-0.1227,2.59,33.66,2607,1,401,1,49.0,1,19,3,0,0,0,0,0,0,False,,0,0,,,,,,0,0,0,0,0,0,navegando para fronteira
13510.248,46.0,navigating,-0.1381,1.7683,0.3547,2.33,0.35,0.0126,-0.1468,2.6,33.66,2607,1,401,1,49.0,1,19,3,0,0,0,0,0,0,False,,0,0,,,,,,0,0,0,0,0,0,navegando para fronteira
13510.71,46.5,navigating,-0.135,1.7625,0.3541,-0.75,0.34,0.0088,-0.1466,2.61,33.66,2607,1,401,1,49.0,1,19,3,0,0,0,0,0,0,False,,0,0,,,,,,0,0,0,0,0,0,navegando para fronteira
13511.206,47.0,navigating,-0.1298,1.7744,0.353,-4.87,0.16,0.0151,-0.1186,2.625,33.66,2607,1,401,1,49.0,1,19,3,0,0,0,0,0,0,False,,0,0,,,,,,0,0,0,0,0,0,navegando para fronteira
13511.699,47.5,navigating,-0.12,1.7686,0.3558,-8.02,0.22,0.019,-0.0996,2.637,33.66,2607,1,401,1,49.0,1,19,3,0,0,0,0,0,0,False,,0,0,,,,,,0,0,0,0,0,0,navegando para fronteira
13512.172,48.0,navigating,-0.1175,1.7627,0.3578,-11.08,0.32,0.0092,-0.1088,2.65,33.66,2607,1,401,1,49.0,1,19,3,0,0,0,0,0,0,False,,0,0,,,,,,0,0,0,0,0,0,navegando para fronteira
13512.622,48.5,navigating,-0.1143,1.7752,0.3588,-13.82,0.42,0.011,-0.1131,2.665,33.66,2607,1,401,1,49.0,1,19,3,0,0,0,0,0,0,False,,0,0,,,,,,0,0,0,0,0,0,navegando para fronteira
13513.122,49.0,navigating,-0.1061,1.7596,0.3584,-16.25,0.64,0.0259,-0.1148,2.686,33.66,2607,1,401,1,49.0,1,19,3,0,0,0,0,0,0,False,,0,0,,,,,,0,0,0,0,0,0,navegando para fronteira
13513.617,49.5,navigating,-0.0922,1.753,0.3581,-17.99,0.16,0.0275,-0.0153,2.706,33.66,2607,1,401,1,49.0,1,19,3,0,0,0,0,0,0,False,,0,0,,,,,,0,0,0,0,0,0,navegando para fronteira
13514.096,50.0,navigating,-0.0736,1.7631,0.3555,-18.6,0.48,0.0291,-0.085,2.73,33.66,2607,1,401,1,49.0,1,19,3,0,0,0,0,0,0,False,,0,0,,,,,,0,0,0,0,0,0,navegando para fronteira
13514.579,50.5,navigating,-0.0729,1.7459,0.3562,-20.42,0.66,0.0175,-0.0948,2.748,33.66,2607,1,401,1,49.0,1,19,3,0,0,0,0,0,0,False,,0,0,,,,,,0,0,0,0,0,0,navegando para fronteira
13515.064,51.0,navigating,-0.0622,1.7495,0.3623,-22.42,0.45,0.0155,-0.0316,2.769,33.66,2607,1,401,1,49.0,1,19,3,0,0,0,0,0,0,False,,0,0,,,,,,0,0,0,0,0,0,navegando para fronteira
13515.536,51.5,navigating,-0.0446,1.7579,0.3622,-22.92,0.49,0.0285,-0.0329,2.792,33.66,2607,1,401,1,49.0,1,19,3,0,0,0,0,0,0,False,,0,0,,,,,,0,0,0,0,0,0,navegando para fronteira
13516.01,52.0,navigating,-0.0418,1.7369,0.3586,-24.09,0.52,0.0246,-0.0514,2.815,33.66,2607,1,401,1,49.0,1,19,3,0,0,0,0,0,0,False,,0,0,,,,,,0,0,0,0,0,0,navegando para fronteira
13516.498,52.5,navigating,-0.0294,1.7397,0.358,-25.91,0.25,0.0268,-0.0534,2.83,33.66,2607,1,401,1,49.0,1,19,3,0,0,0,0,0,0,False,,0,0,,,,,,0,0,0,0,0,0,navegando para fronteira
13516.988,53.0,navigating,-0.0151,1.7366,0.3566,-28.06,0.14,0.0262,-0.0831,2.847,33.66,2607,1,401,1,49.0,1,19,3,0,0,0,0,0,0,False,,0,0,,,,,,0,0,0,0,0,0,navegando para fronteira
13517.477,53.5,navigating,-0.009,1.7212,0.3575,-30.54,0.39,0.0336,-0.0976,2.864,33.66,2607,1,401,1,49.0,1,19,3,0,0,0,0,0,0,False,,0,0,,,,,,0,0,0,0,0,0,navegando para fronteira
13517.964,54.0,navigating,0.0089,1.716,0.3518,-33.11,0.17,0.0343,-0.1193,2.883,33.66,2607,1,401,1,49.0,1,19,3,0,0,0,0,0,0,False,,0,0,,,,,,0,0,0,0,0,0,navegando para fronteira
13518.425,54.5,navigating,0.0233,1.7099,0.3534,-35.42,0.15,0.0311,-0.0957,2.901,33.66,2607,1,401,1,49.0,1,19,3,0,0,0,0,0,0,False,,0,0,,,,,,0,0,0,0,0,0,navegando para fronteira
13518.9,55.0,navigating,0.0302,1.6938,0.3568,-37.11,0.36,0.0311,-0.0839,2.919,33.66,2607,1,401,1,49.0,1,19,3,0,0,0,0,0,0,False,,0,0,,,,,,0,0,0,0,0,0,navegando para fronteira
13519.386,55.5,navigating,0.0444,1.6852,0.3571,-38.67,0.13,0.0045,-0.0306,2.937,33.66,2607,1,401,1,49.0,1,19,3,0,0,0,0,0,0,False,,0,0,,,,,,0,0,0,0,0,0,navegando para fronteira
13519.867,56.0,navigating,0.0448,1.6906,0.3521,-39.46,0.24,0.0054,-0.0507,2.946,33.66,2607,1,401,1,49.0,1,19,3,0,0,0,0,0,0,False,,0,0,,,,,,0,0,0,0,0,0,navegando para fronteira
13520.365,56.5,navigating,0.0447,1.6794,0.353,-41.27,0.26,0.0181,-0.0732,2.961,33.66,2607,1,401,1,49.0,1,19,3,0,0,0,0,0,0,False,,0,0,,,,,,0,0,0,0,0,0,navegando para fronteira
13520.824,57.0,navigating,0.0545,1.6755,0.3541,-43.49,0.13,0.0237,-0.0869,2.972,33.66,2607,1,401,1,49.0,1,19,3,0,0,0,0,0,0,False,,0,0,,,,,,0,0,0,0,0,0,navegando para fronteira
13521.307,57.5,navigating,0.0617,1.667,0.3641,-45.99,0.32,0.0273,-0.0307,2.984,36.31,2812,1,401,1,49.0,1,19,3,0,0,0,0,0,0,False,,0,0,,,,,,0,0,0,0,0,0,navegando para fronteira
13521.762,58.0,navigating,0.0731,1.6605,0.3526,-46.53,0.27,0.0371,-0.0692,2.998,36.31,2812,1,401,1,49.0,1,19,3,0,0,0,0,0,0,False,,0,0,,,,,,0,0,0,0,0,0,navegando para fronteira
13522.229,58.5,navigating,0.0905,1.6385,0.3578,-48.16,0.17,0.0575,-0.0939,3.027,36.31,2812,1,401,1,49.0,1,19,3,0,0,0,0,0,0,False,,0,0,,,,,,0,0,0,0,0,0,navegando para fronteira
13522.72,59.0,navigating,0.1053,1.6177,0.3595,-50.55,0.16,0.0513,-0.1314,3.053,36.31,2812,1,401,1,49.0,1,19,3,0,0,0,0,0,0,False,,0,0,,,,,,0,0,0,0,0,0,navegando para fronteira
13523.208,59.5,navigating,0.1238,1.6014,0.3597,-53.01,0.29,0.0485,-0.121,3.078,36.31,2812,1,401,1,49.0,1,19,3,0,0,0,0,0,0,False,,0,0,,,,,,0,0,0,0,0,0,navegando para fronteira
13523.678,60.0,navigating,0.1336,1.5723,0.352,-55.51,0.56,0.061,-0.0659,3.11,36.31,2812,1,401,1,49.0,1,19,3,0,0,0,0,0,0,False,,0,0,,,,,,0,0,0,0,0,0,navegando para fronteira
13524.169,60.5,navigating,0.147,1.553,0.3599,-57.68,0.13,0.0476,-0.0708,3.138,36.31,2812,1,401,1,49.0,1,19,3,0,0,0,0,0,0,False,,0,0,,,,,,0,0,0,0,0,0,navegando para fronteira
13524.66,61.0,navigating,0.1729,1.5362,0.3565,-59.94,0.33,0.0544,-0.0462,3.17,36.31,2812,1,401,1,49.0,1,19,3,0,0,0,0,0,0,False,,0,0,,,,,,0,0,0,0,0,0,navegando para fronteira
13525.112,61.5,navigating,0.1718,1.5006,0.3535,-61.93,0.74,0.0566,-0.018,3.206,38.29,2965,1,401,1,49.0,1,19,3,0,0,0,0,0,0,False,,0,0,,,,,,0,0,0,0,0,0,navegando para fronteira
13525.608,62.0,navigating,0.1863,1.4889,0.3587,-62.94,0.37,0.044,-0.0322,3.231,38.29,2965,1,401,1,49.0,1,19,3,0,0,0,0,0,0,False,,0,0,,,,,,0,0,0,0,0,0,navegando para fronteira
13526.114,62.5,navigating,0.2043,1.4769,0.3581,-62.7,0.16,0.0332,0.0014,3.26,38.29,2965,1,401,1,49.0,1,19,3,0,0,0,0,0,0,False,,0,0,,,,,,0,0,0,0,0,0,navegando para fronteira
13526.6,63.0,navigating,0.1991,1.4486,0.3591,-63.43,0.37,0.0422,-0.0872,3.29,38.29,2965,1,401,1,49.0,1,19,3,0,0,0,0,0,0,False,,0,0,,,,,,0,0,0,0,0,0,navegando para fronteira
13527.078,63.5,navigating,0.2208,1.4319,0.3555,-64.33,0.4,0.0424,-0.0752,3.317,38.29,2965,1,401,1,49.0,1,19,3,0,0,0,0,0,0,False,,0,0,,,,,,0,0,0,0,0,0,navegando para fronteira
13527.512,64.0,navigating,0.227,1.4135,0.3539,-65.3,0.29,0.0493,-0.0655,3.339,38.29,2965,1,401,1,49.0,1,19,3,0,0,0,0,0,0,False,,0,0,,,,,,0,0,0,0,0,0,navegando para fronteira
13528.009,64.5,navigating,0.23,1.3871,0.3552,-67.92,0.16,0.0404,-0.1091,3.368,38.29,2965,1,401,1,49.0,1,19,3,0,0,0,0,0,0,False,,0,0,,,,,,0,0,0,0,0,0,navegando para fronteira
13528.501,65.0,navigating,0.2491,1.3731,0.3589,-70.83,0.37,0.0328,-0.1009,3.393,38.29,2965,1,401,1,49.0,1,19,3,0,0,0,0,0,0,False,,0,0,,,,,,0,0,0,0,0,0,navegando para fronteira
13528.997,65.5,navigating,0.2466,1.3423,0.3563,-73.26,0.39,0.0537,-0.0729,3.424,38.29,2965,1,401,1,49.0,1,19,3,0,0,0,0,0,0,False,,0,0,,,,,,0,0,0,0,0,0,navegando para fronteira
13529.484,66.0,navigating,0.258,1.3159,0.3582,-75.39,0.34,0.0591,-0.0837,3.455,38.29,2965,1,401,1,49.0,1,19,3,0,0,0,0,0,0,False,,0,0,,,,,,0,0,0,0,0,0,navegando para fronteira
13529.96,66.5,navigating,0.2706,1.2882,0.3568,-77.48,0.2,0.048,-0.0918,3.487,38.29,2965,1,401,1,49.0,1,19,3,0,0,0,0,0,0,False,,0,0,,,,,,0,0,0,0,0,0,navegando para fronteira
13530.421,67.0,navigating,0.259,1.2615,0.3587,-79.9,0.73,0.0382,-0.1193,3.517,38.29,2965,1,401,1,49.0,1,19,3,0,0,0,0,0,0,False,,0,0,,,,,,0,0,0,0,0,0,navegando para fronteira
13530.907,67.5,navigating,0.2681,1.2463,0.3603,-82.24,0.05,0.0335,-0.0901,3.537,38.29,2965,1,401,1,49.0,1,19,3,0,0,0,0,0,0,False,,0,0,,,,,,0,0,0,0,0,0,navegando para fronteira
13531.377,68.0,navigating,0.2836,1.2284,0.3528,-84.0,0.4,0.0554,-0.0612,3.566,38.29,2965,1,401,1,49.0,1,19,3,0,0,0,0,0,0,False,,0,0,,,,,,0,0,0,0,0,0,navegando para fronteira
13531.865,68.5,navigating,0.267,1.2015,0.3553,-85.65,0.6,0.0476,-0.0695,3.598,38.29,2965,1,401,1,49.0,1,19,3,0,0,0,0,0,0,False,,0,0,,,,,,0,0,0,0,0,0,navegando para fronteira
13532.327,69.0,navigating,0.2772,1.1785,0.3575,-87.08,0.39,0.0451,-0.0608,3.627,38.29,2965,1,401,1,49.0,1,19,3,0,0,0,0,0,0,False,,0,0,,,,,,0,0,0,0,0,0,navegando para fronteira
13532.821,69.5,navigating,0.2816,1.1533,0.3567,-88.17,0.12,0.053,-0.0307,3.654,39.66,3106,1,401,1,49.0,1,19,3,0,0,0,0,0,0,False,,0,0,,,,,,0,0,0,0,0,0,navegando para fronteira
13533.314,70.0,navigating,0.2696,1.1222,0.3551,-89.14,0.5,0.048,-0.0199,3.689,39.66,3106,1,401,1,49.0,1,19,3,0,0,0,0,0,0,False,,0,0,,,,,,0,0,0,0,0,0,navegando para fronteira
13533.795,70.5,navigating,0.282,1.1041,0.3574,-89.95,0.32,0.0375,-0.0382,3.712,39.66,3106,1,401,1,49.0,1,19,3,0,0,0,0,0,0,False,,0,0,,,,,,0,0,0,0,0,0,navegando para fronteira
13534.282,71.0,navigating,0.2756,1.078,0.3561,-90.68,0.38,0.0494,-0.0337,3.74,39.66,3106,1,401,1,49.0,1,19,3,0,0,0,0,0,0,False,,0,0,,,,,,0,0,0,0,0,0,navegando para fronteira
13534.767,71.5,navigating,0.2762,1.0498,0.356,-90.99,0.15,0.0523,-0.0166,3.769,39.66,3106,1,401,1,49.0,1,19,3,0,0,0,0,0,0,False,,0,0,,,,,,0,0,0,0,0,0,navegando para fronteira
13535.249,72.0,navigating,0.2797,1.0218,0.3503,-90.94,0.14,0.0458,-0.0015,3.798,39.66,3106,1,401,1,49.0,1,19,3,0,0,0,0,0,0,False,,0,0,,,,,,0,0,0,0,0,0,navegando para fronteira
13535.731,72.5,navigating,0.2678,0.9984,0.3585,-91.08,0.35,0.044,-0.0143,3.826,39.66,3106,1,401,1,49.0,1,19,3,0,0,0,0,0,0,False,,0,0,,,,,,0,0,0,0,0,0,navegando para fronteira
13536.211,73.0,navigating,0.278,0.9763,0.3609,-91.17,0.38,0.0374,0.0125,3.85,39.66,3106,1,401,1,49.0,1,19,3,0,0,0,0,0,0,False,,0,0,,,,,,0,0,0,0,0,0,navegando para fronteira
13536.683,73.5,navigating,0.276,0.9579,0.358,-91.07,0.3,0.0339,-0.0093,3.871,39.66,3106,1,401,1,49.0,1,19,3,0,0,0,0,0,0,False,,0,0,,,,,,0,0,0,0,0,0,navegando para fronteira
13537.18,74.0,navigating,0.2739,0.9402,0.3579,-91.17,0.13,0.0231,-0.0024,3.892,39.66,3106,1,401,1,49.0,1,19,3,0,0,0,0,0,0,False,,0,0,,,,,,0,0,0,0,0,0,navegando para fronteira
13537.671,74.501,navigating,0.2756,0.9272,0.3567,-91.67,0.1,0.0256,0.0027,3.905,39.66,3106,1,401,1,49.0,1,19,3,0,0,0,0,0,0,False,,0,0,,,,,,0,0,0,0,0,0,navegando para fronteira
13538.141,75.0,navigating,0.2688,0.91,0.3532,-91.89,0.31,0.0353,0.0076,3.925,39.66,3106,1,401,1,49.0,1,19,3,0,0,0,0,0,0,False,,0,0,,,,,,0,0,0,0,0,0,navegando para fronteira
13538.619,75.5,navigating,0.2783,0.9006,0.359,-92.21,0.34,0.0172,-0.044,3.94,39.66,3106,1,401,1,49.0,1,19,3,0,0,0,0,0,0,False,,0,0,,,,,,0,0,0,0,0,0,navegando para fronteira
13539.105,76.0,navigating,0.2668,0.8897,0.3575,-92.77,0.52,0.0236,-0.0225,3.958,39.66,3106,1,401,1,49.0,1,19,3,0,0,0,0,0,0,False,,0,0,,,,,,0,0,0,0,0,0,navegando para fronteira
13539.556,76.5,navigating,0.2641,0.8777,0.3498,-92.9,0.07,0.017,-0.0111,3.972,39.66,3106,1,401,1,49.0,1,19,3,0,0,0,0,0,0,False,,0,0,,,,,,0,0,0,0,0,0,navegando para fronteira
13540.03,77.0,selecting,0.275,0.8663,0.3503,-92.6,0.32,0.0136,-0.0024,3.991,39.66,3106,1,401,1,49.0,1,19,3,0,0,1,0,0,0,False,,0,0,,,,,,0,0,0,0,0,0,meta de fronteira expirou
13540.513,77.501,selecting,0.2653,0.8704,0.3525,-92.52,0.41,0.0,0.0,4.005,39.66,3106,1,401,1,49.0,1,19,3,0,0,1,0,0,0,False,,0,0,,,,,,0,0,0,0,0,0,meta de fronteira expirou
13541.009,78.0,selecting,0.2687,0.8632,0.3545,-92.46,0.27,0.0,0.0,4.013,39.66,3106,1,401,1,49.0,1,19,3,0,0,1,0,0,0,False,,0,0,,,,,,0,0,0,0,0,0,meta de fronteira expirou
13541.475,78.5,selecting,0.2688,0.8626,0.3544,-92.52,0.23,0.0226,-0.0266,4.014,39.66,3106,1,363,1,54.6,0,20,4,0,0,1,0,0,0,False,,0,0,,,,,,0,0,0,0,0,0,meta de fronteira expirou
13541.953,79.0,selecting,0.2598,0.8361,0.3542,-93.79,0.38,0.0611,-0.0577,4.045,39.66,3106,1,363,1,54.6,0,20,4,0,0,1,0,0,0,False,,0,0,,,,,,0,0,0,0,0,0,meta de fronteira expirou
13542.418,79.5,navigating,0.271,0.8001,0.3596,-95.89,0.44,0.0672,-0.1063,4.084,41.75,3270,1,363,1,54.6,1,20,4,0,0,1,0,0,0,False,,0,0,,,,,,0,0,0,0,0,0,navegando para fronteira
13542.913,80.0,navigating,0.2587,0.7569,0.3645,-98.78,0.34,0.0791,-0.0652,4.13,41.75,3270,1,363,1,54.6,1,20,4,0,0,1,0,0,0,False,,0,0,,,,,,0,0,0,0,0,0,navegando para fronteira
13543.409,80.5,navigating,0.2425,0.7051,0.3615,-100.88,0.36,0.1129,-0.0939,4.185,41.75,3270,1,363,1,54.6,1,20,4,0,0,1,0,0,0,False,,0,0,,,,,,0,0,0,0,0,0,navegando para fronteira
13543.9,81.0,navigating,0.2482,0.6533,0.3626,-102.71,0.59,0.0918,-0.0774,4.238,41.75,3270,1,363,1,54.6,1,20,4,0,0,1,0,0,0,False,,0,0,,,,,,0,0,0,0,0,0,navegando para fronteira
13544.386,81.501,navigating,0.2243,0.6107,0.3592,-104.13,0.53,0.0851,-0.077,4.288,41.75,3270,1,363,1,54.6,1,20,4,0,0,1,0,0,0,False,,0,0,,,,,,0,0,0,0,0,0,navegando para fronteira
13544.862,82.001,navigating,0.2124,0.5517,0.3571,-105.68,0.36,0.1022,-0.07,4.35,41.75,3270,1,363,1,54.6,1,20,4,0,0,1,0,0,0,False,,0,0,,,,,,0,0,0,0,0,0,navegando para fronteira
13545.327,82.5,navigating,0.2082,0.4938,0.3592,-107.29,0.55,0.1195,-0.0611,4.409,41.75,3270,1,363,1,54.6,1,20,4,0,0,1,0,0,0,False,,0,0,,,,,,0,0,0,0,0,0,navegando para fronteira
13545.819,83.0,navigating,0.1682,0.4404,0.3562,-108.9,0.73,0.1033,-0.0529,4.476,41.75,3270,1,363,1,54.6,1,20,4,0,0,1,0,0,0,False,,0,0,,,,,,0,0,0,0,0,0,navegando para fronteira
13546.308,83.5,navigating,0.166,0.386,0.3572,-110.4,0.38,0.0906,-0.0539,4.533,46.2,3618,1,363,1,54.6,1,20,4,0,0,1,0,0,0,False,,0,0,,,,,,0,0,0,0,0,0,navegando para fronteira
13546.776,84.0,navigating,0.1507,0.339,0.3515,-112.13,0.17,0.0794,-0.063,4.584,46.2,3618,1,363,1,54.6,1,20,4,0,0,1,0,0,0,False,,0,0,,,,,,0,0,0,0,0,0,navegando para fronteira
13547.252,84.5,navigating,0.1041,0.2887,0.3563,-113.87,0.74,0.1343,-0.0861,4.654,46.2,3618,1,363,1,54.6,1,20,4,0,0,1,0,0,0,False,,0,0,,,,,,0,0,0,0,0,0,navegando para fronteira
13547.7,85.0,navigating,0.1006,0.231,0.3543,-115.62,0.63,0.1048,-0.0904,4.712,46.2,3618,1,363,1,54.6,1,20,4,0,0,1,0,0,0,False,,0,0,,,,,,0,0,0,0,0,0,navegando para fronteira
13548.19,85.5,navigating,0.0723,0.1878,0.3576,-117.75,0.39,0.0796,-0.0943,4.768,46.2,3618,1,363,1,54.6,1,20,4,0,0,1,0,0,0,False,,0,0,,,,,,0,0,0,0,0,0,navegando para fronteira
13548.675,86.0,navigating,0.0366,0.1542,0.3548,-119.9,0.52,0.0713,-0.1086,4.817,46.2,3618,1,363,1,54.6,1,20,4,0,0,1,0,0,0,False,,0,0,,,,,,0,0,0,0,0,0,navegando para fronteira
13549.144,86.5,navigating,0.0316,0.1146,0.3478,-121.15,0.38,0.072,-0.0669,4.857,47.7,3736,1,363,1,54.6,1,20,4,0,0,1,0,0,0,False,,0,0,,,,,,0,0,0,0,0,0,navegando para fronteira
13549.618,87.0,navigating,0.0072,0.0825,0.3549,-122.42,0.43,0.0693,-0.041,4.899,47.7,3736,1,363,1,54.6,1,20,4,0,0,1,0,0,0,False,,0,0,,,,,,0,0,0,0,0,0,navegando para fronteira
13550.112,87.5,navigating,-0.0082,0.0621,0.3568,-124.12,0.05,0.0413,-0.0634,4.927,47.7,3736,1,363,1,54.6,1,20,4,0,0,1,0,0,0,False,,0,0,,,,,,0,0,0,0,0,0,navegando para fronteira
13550.606,88.0,navigating,-0.0135,0.0373,0.3569,-126.03,0.19,0.0424,-0.0243,4.953,47.7,3736,1,363,1,54.6,1,20,4,0,0,1,0,0,0,False,,0,0,,,,,,0,0,0,0,0,0,navegando para fronteira
13551.098,88.5,navigating,-0.0441,0.0179,0.3567,-127.12,0.61,0.0573,-0.0139,4.99,47.7,3736,1,363,1,54.6,1,20,4,0,0,1,0,0,0,False,,0,0,,,,,,0,0,0,0,0,0,navegando para fronteira
13551.581,89.0,navigating,-0.0565,-0.0085,0.353,-127.92,0.3,0.0578,-0.0607,5.021,47.7,3736,1,363,1,54.6,1,20,4,0,0,1,0,0,0,False,,0,0,,,,,,0,0,0,0,0,0,navegando para fronteira
13552.068,89.5,navigating,-0.0672,-0.0355,0.3565,-129.19,0.14,0.0449,-0.0792,5.052,47.7,3736,1,363,1,54.6,1,20,4,0,0,1,0,0,0,False,,0,0,,,,,,0,0,0,0,0,0,navegando para fronteira
13552.525,90.0,navigating,-0.0927,-0.0476,0.3612,-130.66,0.44,0.048,-0.0703,5.082,47.7,3736,1,363,1,54.6,1,20,4,0,0,1,0,0,0,False,,0,0,,,,,,0,0,0,0,0,0,navegando para fronteira
13553.009,90.5,navigating,-0.1029,-0.0787,0.3589,-131.78,0.41,0.0493,-0.0818,5.115,47.7,3736,1,363,1,54.6,1,20,4,0,0,1,0,0,0,False,,0,0,,,,,,0,0,0,0,0,0,navegando para fronteira
13553.492,91.0,navigating,-0.1201,-0.095,0.366,-132.4,0.41,0.0414,-0.0386,5.141,47.7,3736,1,363,1,54.6,1,20,4,0,0,1,0,0,0,False,,0,0,,,,,,0,0,0,0,0,0,navegando para fronteira
13553.978,91.501,navigating,-0.1389,-0.1099,0.3606,-132.97,0.2,0.039,0.0098,5.168,47.7,3736,1,363,1,54.6,1,20,4,0,0,1,0,0,0,False,,0,0,,,,,,0,0,0,0,0,0,navegando para fronteira
13554.473,92.0,navigating,-0.1485,-0.1396,0.3555,-133.03,0.35,0.0468,-0.0128,5.199,47.7,3736,1,363,1,54.6,1,20,4,0,0,1,0,0,0,False,,0,0,,,,,,0,0,0,0,0,0,navegando para fronteira
13554.973,92.5,navigating,-0.1779,-0.1552,0.3548,-133.57,0.47,0.0463,0.001,5.233,47.7,3736,1,363,1,54.6,1,20,4,0,0,1,0,0,0,False,,0,0,,,,,,0,0,0,0,0,0,navegando para fronteira
13555.456,93.0,navigating,-0.189,-0.1726,0.3531,-134.28,0.25,0.0338,-0.0142,5.256,47.7,3736,1,363,1,54.6,1,20,4,0,0,1,0,0,0,False,,0,0,,,,,,0,0,0,0,0,0,navegando para fronteira
13555.916,93.5,navigating,-0.1834,-0.1863,0.3589,-135.03,0.22,0.0061,-0.0248,5.276,47.89,3751,1,363,1,54.6,1,20,4,0,0,1,0,0,0,False,,0,0,,,,,,0,0,0,0,0,0,navegando para fronteira
13556.335,94.0,navigating,-0.2008,-0.1751,0.367,-135.33,0.98,0.0186,-0.0964,5.299,47.89,3751,1,363,1,54.6,1,20,4,0,0,1,0,0,0,False,,0,0,,,,,,0,0,0,0,0,0,navegando para fronteira
13556.809,94.5,navigating,-0.2013,-0.1645,0.3583,-136.46,0.22,0.0022,-0.0388,5.316,47.89,3751,1,363,1,54.6,1,20,4,0,0,1,0,0,0,False,,0,0,,,,,,0,0,0,0,0,0,navegando para fronteira
13557.303,95.0,navigating,-0.1949,-0.1674,0.3563,-136.54,0.16,0.0062,-0.0571,5.326,47.89,3751,1,363,1,54.6,1,20,4,0,0,1,0,0,0,False,,0,0,,,,,,0,0,0,0,0,0,navegando para fronteira
13557.782,95.5,navigating,-0.2065,-0.1764,0.3549,-137.09,0.24,0.0202,0.0287,5.341,47.89,3751,1,363,1,54.6,1,20,4,0,0,1,0,0,0,False,,0,0,,,,,,0,0,0,0,0,0,navegando para fronteira
13558.227,96.0,navigating,-0.2166,-0.1855,0.3546,-135.81,0.18,0.0272,0.0127,5.355,47.89,3751,1,363,1,54.6,1,20,4,0,0,1,0,0,0,False,,0,0,,,,,,0,0,0,0,0,0,navegando para fronteira
13558.708,96.5,navigating,-0.2174,-0.194,0.3559,-134.74,0.2,0.0088,0.0785,5.366,47.89,3751,1,363,1,54.6,1,20,4,0,0,1,0,0,0,False,,0,0,,,,,,0,0,0,0,0,0,navegando para fronteira
13559.194,97.0,navigating,-0.2231,-0.1958,0.3534,-133.26,0.3,0.0069,0.02,5.373,47.89,3751,1,363,1,54.6,1,20,4,0,0,1,0,0,0,False,,0,0,,,,,,0,0,0,0,0,0,navegando para fronteira
13559.649,97.5,navigating,-0.2298,-0.1983,0.3538,-134.58,0.21,0.01,-0.0407,5.382,47.89,3751,1,363,1,54.6,1,20,4,0,0,1,0,0,0,False,,0,0,,,,,,0,0,0,0,0,0,navegando para fronteira
13560.125,98.0,navigating,-0.2314,-0.206,0.3568,-135.11,0.17,0.0132,0.0178,5.392,47.89,3751,1,363,1,54.6,1,20,4,0,0,1,0,0,0,False,,0,0,,,,,,0,0,0,0,0,0,navegando para fronteira
13560.616,98.5,navigating,-0.2423,-0.2111,0.3579,-134.49,0.39,0.0192,0.0163,5.405,47.89,3751,1,363,1,54.6,1,20,4,0,0,1,0,0,0,False,,0,0,,,,,,0,0,0,0,0,0,navegando para fronteira
13561.105,99.0,navigating,-0.2525,-0.2176,0.3547,-133.27,0.12,0.0214,-0.0143,5.419,47.89,3751,1,363,1,54.6,1,20,4,0,0,1,0,0,0,False,,0,0,,,,,,0,0,0,0,0,0,navegando para fronteira
13561.571,99.5,navigating,-0.2478,-0.2279,0.3542,-132.81,0.33,0.006,-0.0071,5.431,47.89,3751,1,363,1,54.6,1,20,4,0,0,1,0,0,0,False,,0,0,,,,,,0,0,0,0,0,0,navegando para fronteira
13562.068,100.0,navigating,-0.2613,-0.2285,0.3556,-133.51,0.69,0.0111,-0.0313,5.449,47.89,3751,1,363,1,54.6,1,20,4,0,0,1,0,0,0,False,,0,0,,,,,,0,0,0,0,0,0,navegando para fronteira
13562.543,100.5,navigating,-0.2635,-0.2275,0.3548,-134.16,0.07,0.0,-0.0068,5.466,47.89,3751,1,363,1,54.6,1,20,4,0,0,1,0,0,0,False,,0,0,,,,,,0,0,0,0,0,0,navegando para fronteira
13563.024,101.0,navigating,-0.2526,-0.237,0.3533,-135.0,0.44,0.0022,-0.0127,5.485,47.89,3751,1,363,1,54.6,1,20,4,0,0,1,0,0,0,False,,0,0,,,,,,0,0,0,0,0,0,navegando para fronteira
13563.506,101.5,navigating,-0.27,-0.2325,0.3488,-135.7,0.61,0.0133,-0.0151,5.506,47.89,3751,1,363,1,54.6,1,20,4,0,0,1,0,0,0,False,,0,0,,,,,,0,0,0,0,0,0,navegando para fronteira
13563.947,102.0,navigating,-0.2659,-0.2469,0.3344,-136.52,0.87,0.012,-0.0173,5.525,47.89,3751,1,363,1,54.6,1,20,4,0,0,1,0,0,0,False,,0,0,,,,,,0,0,0,0,0,0,navegando para fronteira
13564.421,102.5,navigating,-0.2415,-0.2566,0.3489,-136.56,0.29,0.0,0.0094,5.566,47.89,3751,1,363,1,54.6,1,20,4,0,0,1,0,0,0,False,,0,0,,,,,,0,0,0,0,0,0,navegando para fronteira
13564.912,103.0,navigating,-0.2726,-0.2399,0.3559,-136.69,1.18,0.0337,0.0052,5.605,47.89,3751,1,363,1,54.6,1,20,4,0,0,1,0,0,0,False,,0,0,,,,,,0,0,0,0,0,0,navegando para fronteira
13565.399,103.5,navigating,-0.2706,-0.2461,0.3556,-136.73,0.06,0.0086,-0.0613,5.624,47.89,3751,1,363,1,54.6,1,20,4,0,0,1,0,0,0,False,,0,0,,,,,,0,0,0,0,0,0,navegando para fronteira
13565.878,104.0,navigating,-0.2668,-0.2556,0.3597,-136.83,0.25,0.011,-0.0424,5.643,47.89,3751,1,363,1,54.6,1,20,4,0,0,1,0,0,0,False,,0,0,,,,,,0,0,0,0,0,0,navegando para fronteira
13566.359,104.5,navigating,-0.2784,-0.2432,0.3537,-136.84,0.8,0.0001,0.0085,5.661,47.89,3751,1,363,1,54.6,1,20,4,0,0,1,0,0,0,False,,0,0,,,,,,0,0,0,0,0,0,navegando para fronteira
13566.82,105.0,navigating,-0.2807,-0.2466,0.3599,-137.39,0.22,0.0104,-0.0392,5.674,47.89,3751,1,363,1,54.6,1,20,4,0,0,1,0,0,0,False,,0,0,,,,,,0,0,0,0,0,0,navegando para fronteira
13567.309,105.5,navigating,-0.2931,-0.2421,0.3588,-137.91,0.53,0.0129,-0.0551,5.692,47.89,3751,1,363,1,54.6,1,20,4,0,0,1,0,0,0,False,,0,0,,,,,,0,0,0,0,0,0,navegando para fronteira
13567.808,106.0,navigating,-0.2952,-0.248,0.3569,-138.71,0.27,0.0059,-0.034,5.702,47.89,3751,1,363,1,54.6,1,20,4,0,0,1,0,0,0,False,,0,0,,,,,,0,0,0,0,0,0,navegando para fronteira
13568.299,106.502,navigating,-0.2927,-0.2488,0.3571,-140.56,0.16,0.0,0.0048,5.708,47.89,3751,1,363,1,54.6,1,20,4,0,0,1,0,0,0,False,,0,0,,,,,,0,0,0,0,0,0,navegando para fronteira
13568.74,107.0,navigating,-0.2934,-0.2476,0.3577,-141.2,0.25,0.0003,-0.0127,5.712,47.89,3751,1,363,1,54.6,1,20,4,0,0,1,0,0,0,False,,0,0,,,,,,0,0,0,0,0,0,navegando para fronteira
13569.18,107.5,navigating,-0.2954,-0.2499,0.3555,-141.38,0.25,0.008,0.0286,5.719,47.89,3751,1,363,1,54.6,1,20,4,0,0,1,0,0,0,False,,0,0,,,,,,0,0,0,0,0,0,navegando para fronteira
13569.676,108.0,navigating,-0.3066,-0.256,0.3524,-140.75,0.15,0.0179,0.022,5.733,47.89,3751,1,363,1,54.6,1,20,4,0,0,1,0,0,0,False,,0,0,,,,,,0,0,0,0,0,0,navegando para fronteira
13570.108,108.5,navigating,-0.3197,-0.2618,0.3612,-139.46,0.07,0.021,0.0272,5.749,47.89,3751,1,363,1,54.6,1,20,4,0,0,1,0,0,0,False,,0,0,,,,,,0,0,0,0,0,0,navegando para fronteira
13570.61,109.0,navigating,-0.3264,-0.2644,0.3535,-138.14,0.48,0.0016,0.0225,5.765,47.89,3751,1,363,1,54.6,1,20,4,0,0,1,0,0,0,False,,0,0,,,,,,0,0,0,0,0,0,navegando para fronteira
13571.104,109.5,navigating,-0.3333,-0.264,0.357,-137.78,0.23,0.0063,0.0136,5.777,47.89,3751,1,363,1,54.6,1,20,4,0,0,1,0,0,0,False,,0,0,,,,,,0,0,0,0,0,0,navegando para fronteira
13571.584,110.001,navigating,-0.3311,-0.2642,0.3549,-137.94,0.18,0.0036,0.0569,5.789,47.89,3751,1,363,1,54.6,1,20,4,0,0,1,0,0,0,False,,0,0,,,,,,0,0,0,0,0,0,navegando para fronteira
13572.066,110.5,navigating,-0.3355,-0.2635,0.3501,-137.81,0.53,0.0064,0.0182,5.797,47.89,3751,1,363,1,54.6,1,20,4,0,0,1,0,0,0,False,,0,0,,,,,,0,0,0,0,0,0,navegando para fronteira
13572.542,111.0,navigating,-0.3433,-0.2619,0.3527,-137.74,0.63,0.0102,0.0066,5.81,47.89,3751,1,363,1,54.6,1,20,4,0,0,1,0,0,0,False,,0,0,,,,,,0,0,0,0,0,0,navegando para fronteira
13573.019,111.5,navigating,-0.3403,-0.2626,0.3535,-137.76,0.3,0.0082,-0.024,5.822,47.89,3751,1,363,1,54.6,1,20,4,0,0,1,0,0,0,False,,0,0,,,,,,0,0,0,0,0,0,navegando para fronteira
13573.483,112.0,navigating,-0.3425,-0.2645,0.3567,-138.25,0.21,0.0047,0.0155,5.828,47.89,3751,1,363,1,54.6,1,20,4,0,0,1,0,0,0,False,,0,0,,,,,,0,0,0,0,0,0,navegando para fronteira
13573.949,112.5,navigating,-0.3492,-0.2615,0.362,-138.26,0.29,0.0066,-0.0033,5.836,47.89,3751,1,363,1,54.6,1,20,4,0,0,1,0,0,0,False,,0,0,,,,,,0,0,0,0,0,0,navegando para fronteira
13574.407,113.0,navigating,-0.3526,-0.2587,0.3585,-137.03,0.31,0.0008,0.0036,5.846,47.89,3751,1,363,1,54.6,1,20,4,0,0,1,0,0,0,False,,0,0,,,,,,0,0,0,0,0,0,navegando para fronteira
13574.907,113.5,navigating,-0.3564,-0.2621,0.3571,-136.11,0.3,0.0005,-0.0031,5.859,47.89,3751,1,363,1,54.6,1,20,4,0,0,1,0,0,0,False,,0,0,,,,,,0,0,0,0,0,0,navegando para fronteira
13575.371,114.0,navigating,-0.357,-0.2614,0.3555,-135.35,0.14,0.0027,0.0768,5.869,47.89,3751,1,363,1,54.6,1,20,4,0,0,1,0,0,0,False,,0,0,,,,,,0,0,0,0,0,0,navegando para fronteira
13575.803,114.5,navigating,-0.3586,-0.261,0.3505,-135.05,0.35,0.0084,0.0801,5.879,47.89,3751,1,363,1,54.6,1,20,4,0,0,1,0,0,0,False,,0,0,,,,,,0,0,0,0,0,0,navegando para fronteira
13576.296,115.0,navigating,-0.371,-0.2594,0.3476,-133.69,0.78,0.0117,0.0832,5.893,47.89,3751,1,363,1,54.6,1,20,4,0,0,1,0,0,0,False,,0,0,,,,,,0,0,0,0,0,0,navegando para fronteira
13576.767,115.5,navigating,-0.3671,-0.2581,0.3488,-133.34,0.18,0.006,-0.0228,5.906,47.89,3751,1,363,1,54.6,1,20,4,0,0,1,0,0,0,False,,0,0,,,,,,0,0,0,0,0,0,navegando para fronteira
13577.228,116.0,navigating,-0.3797,-0.2569,0.35,-133.69,0.68,0.0163,-0.0032,5.922,47.89,3751,1,363,1,54.6,1,20,4,0,0,1,0,0,0,False,,0,0,,,,,,0,0,0,0,0,0,navegando para fronteira
13577.692,116.5,navigating,-0.3928,-0.2556,0.3504,-133.81,0.75,0.0194,0.0213,5.942,47.89,3751,1,363,1,54.6,1,20,4,0,0,1,0,0,0,False,,0,0,,,,,,0,0,0,0,0,0,navegando para fronteira
13578.184,117.0,navigating,-0.3925,-0.2541,0.3548,-134.47,0.53,0.0007,0.1016,5.956,47.89,3751,1,363,1,54.6,1,20,4,0,0,1,0,0,0,False,,0,0,,,,,,0,0,0,0,0,0,navegando para fronteira
13578.637,117.5,navigating,-0.3989,-0.2552,0.3572,-131.5,0.24,0.0027,0.0334,5.976,47.89,3751,1,363,1,54.6,1,20,4,0,0,1,0,0,0,False,,0,0,,,,,,0,0,0,0,0,0,navegando para fronteira
13579.109,118.0,navigating,-0.3904,-0.2556,0.3546,-131.08,0.16,0.0,-0.0298,5.987,47.89,3751,1,363,1,54.6,1,20,4,0,0,1,0,0,0,False,,0,0,,,,,,0,0,0,0,0,0,navegando para fronteira
13579.607,118.501,navigating,-0.3937,-0.258,0.3557,-131.27,0.08,0.0045,-0.1178,5.998,47.89,3751,1,363,1,54.6,1,20,4,0,0,1,0,0,0,False,,0,0,,,,,,0,0,0,0,0,0,navegando para fronteira
13580.09,119.0,navigating,-0.3924,-0.2582,0.356,-131.78,0.08,0.0038,-0.0184,6.007,47.89,3751,1,363,1,54.6,1,20,4,0,0,1,0,0,0,False,,0,0,,,,,,0,0,0,0,0,0,navegando para fronteira
13580.544,119.5,navigating,-0.3924,-0.2576,0.3561,-131.67,0.19,0.0002,-0.0208,6.01,47.89,3751,1,363,1,54.6,1,20,4,0,0,1,0,0,0,False,,0,0,,,,,,0,0,0,0,0,0,navegando para fronteira
13580.999,120.0,navigating,-0.3969,-0.2575,0.3562,-132.16,0.29,0.0019,-0.069,6.015,47.89,3751,1,363,1,54.6,1,20,4,0,0,1,0,0,0,False,,0,0,,,,,,0,0,0,0,0,0,navegando para fronteira
13581.455,120.501,navigating,-0.4033,-0.2601,0.3476,-134.3,0.33,0.0181,-0.0828,6.029,47.89,3751,1,363,1,54.6,1,20,4,0,0,1,0,0,0,False,,0,0,,,,,,0,0,0,0,0,0,navegando para fronteira
13581.921,121.0,navigating,-0.4022,-0.2599,0.353,-136.25,0.34,0.0,-0.0733,6.035,47.89,3751,1,363,1,54.6,1,20,4,0,0,1,0,0,0,False,,0,0,,,,,,0,0,0,0,0,0,navegando para fronteira
13582.411,121.5,navigating,-0.4126,-0.2577,0.3555,-137.3,0.52,0.0035,-0.053,6.051,47.89,3751,1,363,1,54.6,1,20,4,0,0,1,0,0,0,False,,0,0,,,,,,0,0,0,0,0,0,navegando para fronteira
13582.908,122.0,navigating,-0.4141,-0.2596,0.3521,-137.45,0.28,0.0003,-0.0571,6.062,47.89,3751,1,363,1,54.6,1,20,4,0,0,1,0,0,0,False,,0,0,,,,,,0,0,0,0,0,0,navegando para fronteira
13583.378,122.5,navigating,-0.4174,-0.2642,0.3523,-137.99,0.14,0.0084,-0.0384,6.07,47.89,3751,1,363,1,54.6,1,20,4,0,0,1,0,0,0,False,,0,0,,,,,,0,0,0,0,0,0,navegando para fronteira
13583.85,123.0,navigating,-0.4161,-0.2647,0.3505,-138.44,0.15,0.0019,0.019,6.074,47.89,3751,1,363,1,54.6,1,20,4,0,0,1,0,0,0,False,,0,0,,,,,,0,0,0,0,0,0,navegando para fronteira
13584.329,123.5,navigating,-0.4152,-0.2647,0.3512,-138.39,0.15,0.002,0.0059,6.075,47.89,3751,1,363,1,54.6,1,20,4,0,0,1,0,0,0,False,,0,0,,,,,,0,0,0,0,0,0,navegando para fronteira
13584.796,124.0,navigating,-0.4127,-0.2643,0.3529,-138.12,0.15,0.0,0.0234,6.078,47.89,3751,1,363,1,54.6,1,20,4,0,0,1,0,0,0,False,,0,0,,,,,,0,0,0,0,0,0,navegando para fronteira
13585.281,124.5,navigating,-0.4191,-0.2633,0.3543,-138.31,0.42,0.0025,0.0064,6.085,47.89,3751,1,363,1,54.6,1,20,4,0,0,1,0,0,0,False,,0,0,,,,,,0,0,0,0,0,0,navegando para fronteira
13585.766,125.0,navigating,-0.4343,-0.2615,0.355,-138.07,0.77,0.0199,-0.0002,6.104,47.89,3751,1,363,1,54.6,1,20,4,0,0,1,0,0,0,False,,0,0,,,,,,0,0,0,0,0,0,navegando para fronteira
13586.26,125.501,navigating,-0.4344,-0.264,0.3555,-137.8,0.16,0.0021,-0.0033,6.111,47.89,3751,1,363,1,54.6,1,20,4,0,0,1,0,0,0,False,,0,0,,,,,,0,0,0,0,0,0,navegando para fronteira
13586.726,126.0,navigating,-0.433,-0.2616,0.3555,-137.8,0.16,0.0,-0.0196,6.117,47.89,3751,1,363,1,54.6,1,20,4,0,0,1,0,0,0,False,,0,0,,,,,,0,0,0,0,0,0,navegando para fronteira
13587.227,126.5,selecting,-0.435,-0.2636,0.3553,-137.65,0.15,0.0,0.0,6.12,47.89,3751,1,363,1,54.6,1,20,4,0,0,2,0,0,0,False,,0,0,,,,,,0,0,0,0,0,0,meta de fronteira expirou
13587.707,127.0,selecting,-0.4357,-0.2638,0.3577,-137.65,0.23,0.0,0.0,6.124,47.89,3751,1,363,1,54.6,1,20,4,0,0,2,0,0,0,False,,0,0,,,,,,0,0,0,0,0,0,meta de fronteira expirou
13588.153,127.501,selecting,-0.4357,-0.2638,0.3577,-137.65,0.23,0.0,0.0,6.124,47.89,3751,1,32,1,43.7,0,21,5,0,0,2,0,0,0,False,,0,0,,,,,,0,0,0,0,0,0,meta de fronteira expirou
13588.627,128.0,selecting,-0.4357,-0.2638,0.3577,-137.65,0.23,0.0007,-0.0347,6.124,47.89,3751,1,32,1,43.7,0,21,5,0,0,2,0,0,0,False,,0,0,,,,,,0,0,0,0,0,0,meta de fronteira expirou
13589.12,128.5,navigating,-0.4357,-0.2638,0.3577,-137.65,0.23,0.0012,-0.0234,6.124,47.89,3751,1,32,1,43.7,1,21,5,0,0,2,0,0,0,False,,0,0,,,,,,0,0,0,0,0,0,navegando para fronteira
13589.598,129.0,navigating,-0.4357,-0.2638,0.3577,-137.65,0.23,0.0013,-0.0206,6.124,47.89,3751,1,32,1,43.7,1,21,5,0,0,2,0,0,0,False,,0,0,,,,,,0,0,0,0,0,0,navegando para fronteira
13590.068,129.5,navigating,-0.4357,-0.2638,0.3577,-137.65,0.23,0.0013,-0.0158,6.124,47.89,3751,1,32,1,43.7,1,21,5,0,0,2,0,0,0,False,,0,0,,,,,,0,0,0,0,0,0,navegando para fronteira
13590.541,130.0,navigating,-0.4357,-0.2638,0.3577,-137.65,0.23,0.001,-0.0283,6.124,47.89,3751,1,32,1,43.7,1,21,5,0,0,2,0,0,0,False,,0,0,,,,,,0,0,0,0,0,0,navegando para fronteira
13590.962,130.5,navigating,-0.4361,-0.264,0.3567,-137.76,0.12,0.0018,-0.03,6.124,47.89,3751,1,32,1,43.7,1,21,5,0,0,2,0,0,0,False,,0,0,,,,,,0,0,0,0,0,0,navegando para fronteira
13591.418,131.001,navigating,-0.4427,-0.2633,0.3508,-138.59,0.33,0.0012,-0.0906,6.133,47.89,3751,1,32,1,43.7,1,21,5,0,0,2,0,0,0,False,,0,0,,,,,,0,0,0,0,0,0,navegando para fronteira
13591.911,131.5,navigating,-0.448,-0.2643,0.3536,-140.52,0.31,0.0039,-0.0646,6.146,47.89,3751,1,32,1,43.7,1,21,5,0,0,2,0,0,0,False,,0,0,,,,,,0,0,0,0,0,0,navegando para fronteira
13592.4,132.002,navigating,-0.448,-0.271,0.356,-142.79,0.19,0.0041,-0.0781,6.156,47.89,3751,1,32,1,43.7,1,21,5,0,0,2,0,0,0,False,,0,0,,,,,,0,0,0,0,0,0,navegando para fronteira
13592.877,132.502,navigating,-0.4482,-0.2743,0.3517,-144.75,0.32,0.0133,-0.038,6.164,47.89,3751,1,32,1,43.7,1,21,5,0,0,2,0,0,0,False,,0,0,,,,,,0,0,0,0,0,0,navegando para fronteira
13593.326,133.0,navigating,-0.458,-0.2766,0.3428,-145.98,0.51,0.0148,-0.0589,6.175,47.89,3751,1,32,1,43.7,1,21,5,0,0,2,0,0,0,False,,0,0,,,,,,0,0,0,0,0,0,navegando para fronteira
13593.805,133.501,navigating,-0.4709,-0.2765,0.3553,-147.7,0.76,0.0125,-0.0642,6.188,47.89,3751,1,32,1,43.7,1,21,5,0,0,2,0,0,0,False,,0,0,,,,,,0,0,0,0,0,0,navegando para fronteira
13594.302,134.0,navigating,-0.4754,-0.2784,0.355,-149.97,0.23,0.0143,-0.1015,6.204,47.89,3751,1,32,1,43.7,1,21,5,0,0,2,0,0,0,False,,0,0,,,,,,0,0,0,0,0,0,navegando para fronteira
13594.787,134.5,navigating,-0.4699,-0.2887,0.3465,-151.69,0.04,0.0063,-0.1355,6.217,47.89,3751,1,32,1,43.7,1,21,5,0,0,2,0,0,0,False,,0,0,,,,,,0,0,0,0,0,0,navegando para fronteira
13595.268,135.0,navigating,-0.4878,-0.293,0.3545,-153.87,0.26,0.0277,-0.1238,6.236,47.89,3751,1,32,1,43.7,1,21,5,0,0,2,0,0,0,False,,0,0,,,,,,0,0,0,0,0,0,navegando para fronteira
13595.73,135.5,navigating,-0.4952,-0.2962,0.3589,-156.53,0.3,0.0088,-0.1078,6.247,47.89,3751,1,32,1,43.7,1,21,5,0,0,2,0,0,0,False,,0,0,,,,,,0,0,0,0,0,0,navegando para fronteira
13596.239,136.0,navigating,-0.4984,-0.3048,0.3578,-157.99,0.21,0.0095,-0.0855,6.26,47.89,3751,1,32,1,43.7,1,21,5,0,0,2,0,0,0,False,,0,0,,,,,,0,0,0,0,0,0,navegando para fronteira
13596.703,136.5,navigating,-0.5122,-0.3008,0.3477,-159.59,0.59,0.0273,-0.0378,6.276,47.89,3751,1,32,1,43.7,1,21,5,0,0,2,0,0,0,False,,0,0,,,,,,0,0,0,0,0,0,navegando para fronteira
13597.19,137.0,navigating,-0.5313,-0.3161,0.3534,-161.85,0.03,0.0203,-0.0205,6.303,47.89,3751,1,32,1,43.7,1,21,5,0,0,2,0,0,0,False,,0,0,,,,,,0,0,0,0,0,0,navegando para fronteira
13597.631,137.5,navigating,-0.5402,-0.3199,0.351,-163.57,0.24,0.0127,-0.026,6.315,35.26,3754,1,32,1,43.7,1,21,5,0,0,2,0,0,0,False,,0,0,,,,,,0,0,0,0,0,0,navegando para fronteira
13598.129,138.0,navigating,-0.5495,-0.3221,0.3472,-164.93,0.4,0.0181,-0.0104,6.327,35.26,3754,1,32,1,43.7,1,21,5,0,0,2,0,0,0,False,,0,0,,,,,,0,0,0,0,0,0,navegando para fronteira
13598.594,138.5,navigating,-0.5652,-0.3284,0.3495,-165.75,0.23,0.0291,-0.0337,6.349,35.26,3754,1,32,1,43.7,1,21,5,0,0,2,0,0,0,False,,0,0,,,,,,0,0,0,0,0,0,navegando para fronteira
13599.063,139.0,navigating,-0.5721,-0.3317,0.3589,-166.95,0.34,0.0281,-0.0611,6.36,35.26,3754,1,32,1,43.7,1,21,5,0,0,2,0,0,0,False,,0,0,,,,,,0,0,0,0,0,0,navegando para fronteira
13599.523,139.5,navigating,-0.5799,-0.3364,0.3526,-168.32,0.07,0.0263,-0.1069,6.37,35.26,3754,1,32,1,43.7,1,21,5,0,0,2,0,0,0,False,,0,0,,,,,,0,0,0,0,0,0,navegando para fronteira
13600.012,140.0,navigating,-0.5916,-0.3376,0.352,-169.78,0.48,0.0167,-0.0879,6.385,35.26,3754,1,32,1,43.7,1,21,5,0,0,2,0,0,0,False,,0,0,,,,,,0,0,0,0,0,0,navegando para fronteira
13600.512,140.5,navigating,-0.6021,-0.3485,0.3582,-171.43,0.22,0.0164,-0.0782,6.402,35.26,3754,1,32,1,43.7,1,21,5,0,0,2,0,0,0,False,,0,0,,,,,,0,0,0,0,0,0,navegando para fronteira
13600.994,141.0,navigating,-0.6081,-0.3442,0.3569,-173.69,0.49,0.0215,-0.0727,6.416,35.26,3754,1,32,1,43.7,1,21,5,0,0,2,0,0,0,False,,0,0,,,,,,0,0,0,0,0,0,navegando para fronteira
13601.473,141.5,navigating,-0.6147,-0.3532,0.3613,-175.5,0.36,0.0139,-0.0844,6.431,35.26,3754,1,32,1,43.7,1,21,5,0,0,2,0,0,0,False,,0,0,,,,,,0,0,0,0,0,0,navegando para fronteira
13601.959,142.0,navigating,-0.6196,-0.355,0.3577,-178.91,0.06,0.0167,-0.0993,6.443,35.26,3754,1,32,1,43.7,1,21,5,0,0,2,0,0,0,False,,0,0,,,,,,0,0,0,0,0,0,navegando para fronteira
13602.454,142.5,navigating,-0.6314,-0.3431,0.3525,177.92,0.42,0.0319,-0.1072,6.466,35.26,3754,1,32,1,43.7,1,21,5,0,0,2,0,0,0,False,,0,0,,,,,,0,0,0,0,0,0,navegando para fronteira
13602.925,143.0,navigating,-0.6408,-0.3606,0.3563,175.07,0.41,0.0103,-0.109,6.487,35.26,3754,1,32,1,43.7,1,21,5,0,0,2,0,0,0,False,,0,0,,,,,,0,0,0,0,0,0,navegando para fronteira
13603.411,143.5,navigating,-0.6404,-0.3404,0.3577,172.66,0.95,0.0126,-0.102,6.514,35.26,3754,1,32,1,43.7,1,21,5,0,0,2,0,0,0,False,,0,0,,,,,,0,0,0,0,0,0,navegando para fronteira
13603.9,144.0,navigating,-0.6539,-0.3385,0.3546,170.52,0.07,0.0261,-0.0968,6.535,35.26,3754,1,32,1,43.7,1,21,5,0,0,2,0,0,0,False,,0,0,,,,,,0,0,0,0,0,0,navegando para fronteira
13604.358,144.5,navigating,-0.6606,-0.3264,0.3551,169.38,0.64,0.034,-0.0356,6.557,35.26,3754,1,32,1,43.7,1,21,5,0,0,2,0,0,0,False,,0,0,,,,,,0,0,0,0,0,0,navegando para fronteira
13604.86,145.0,navigating,-0.696,-0.3283,0.3574,169.09,0.61,0.0589,-0.0935,6.594,35.26,3754,1,32,1,43.7,1,21,5,0,0,2,0,0,0,False,,0,0,,,,,,0,0,0,0,0,0,navegando para fronteira
13605.324,145.5,navigating,-0.7217,-0.3083,0.3597,165.45,0.58,0.0684,-0.1577,6.629,35.26,3754,1,32,1,43.7,1,21,5,0,0,2,0,0,0,False,,0,0,,,,,,0,0,0,0,0,0,navegando para fronteira
13605.817,146.0,navigating,-0.7584,-0.2948,0.3598,161.86,0.33,0.0804,-0.0932,6.669,35.26,3754,1,32,1,43.7,1,21,5,0,0,2,0,0,0,False,,0,0,,,,,,0,0,0,0,0,0,navegando para fronteira
13606.285,146.5,navigating,-0.7994,-0.2748,0.3528,159.19,0.55,0.1026,-0.0756,6.715,35.35,3764,1,32,1,43.7,1,21,5,0,0,2,0,0,0,False,,0,0,,,,,,0,0,0,0,0,0,navegando para fronteira
13606.703,147.0,navigating,-0.8439,-0.256,0.3467,157.44,0.41,0.1346,-0.1079,6.764,35.35,3764,1,32,1,43.7,1,21,5,0,0,2,0,0,0,False,,0,0,,,,,,0,0,0,0,0,0,navegando para fronteira
13607.179,147.5,navigating,-0.917,-0.2551,0.3582,155.38,0.73,0.1282,-0.0599,6.838,35.35,3764,1,32,1,43.7,1,21,5,0,0,2,0,0,0,False,,0,0,,,,,,0,0,0,0,0,0,navegando para fronteira
13607.642,148.0,navigating,-0.9714,-0.2063,0.36,154.06,0.73,0.1403,-0.0432,6.914,35.35,3764,1,32,1,43.7,1,21,5,0,0,2,0,0,0,False,,0,0,,,,,,0,0,0,0,0,0,navegando para fronteira
13608.11,148.5,navigating,-1.0391,-0.1753,0.3559,153.81,0.17,0.1394,0.0055,6.99,35.35,3764,1,32,1,43.7,1,21,5,0,0,2,0,0,0,False,,0,0,,,,,,0,0,0,0,0,0,navegando para fronteira
13608.61,149.0,navigating,-1.1204,-0.1553,0.3512,154.42,0.51,0.1469,0.0545,7.074,35.35,3764,1,32,1,43.7,1,21,5,0,0,2,0,0,0,False,,0,0,,,,,,0,0,0,0,0,0,navegando para fronteira
13609.084,149.5,navigating,-1.175,-0.1116,0.3501,155.7,0.46,0.1239,0.0859,7.145,35.32,3761,1,32,1,43.7,1,21,5,0,0,2,0,0,0,False,,0,0,,,,,,0,0,0,0,0,0,navegando para fronteira
13609.559,150.0,navigating,-1.2422,-0.0973,0.3573,157.01,0.31,0.1273,0.0438,7.215,35.32,3761,1,32,1,43.7,1,21,5,0,0,2,0,0,0,False,,0,0,,,,,,0,0,0,0,0,0,navegando para fronteira
13610.049,150.5,navigating,-1.3103,-0.0863,0.3585,159.26,0.29,0.1369,0.1145,7.284,35.32,3761,1,32,1,43.7,1,21,5,0,0,2,0,0,0,False,,0,0,,,,,,0,0,0,0,0,0,navegando para fronteira
13610.521,151.0,navigating,-1.371,-0.0476,0.362,160.2,0.51,0.1284,0.0578,7.357,35.32,3761,1,32,1,43.7,1,21,5,0,0,2,0,0,0,False,,0,0,,,,,,0,0,0,0,0,0,navegando para fronteira
13610.975,151.5,navigating,-1.4363,-0.0261,0.3526,160.47,0.41,0.1328,0.1104,7.426,36.48,3884,1,32,1,43.7,1,21,5,0,0,2,0,0,0,False,,0,0,,,,,,0,0,0,0,0,0,navegando para fronteira
13611.461,152.0,navigating,-1.5158,-0.022,0.3537,161.09,0.47,0.1348,0.0738,7.506,36.48,3884,1,32,1,43.7,1,21,5,0,0,2,0,0,0,False,,0,0,,,,,,0,0,0,0,0,0,navegando para fronteira
13611.922,152.5,navigating,-1.5789,-0.0039,0.3565,162.45,0.23,0.1246,0.0334,7.573,36.48,3884,1,32,1,43.7,1,21,5,0,0,2,0,0,0,False,,0,0,,,,,,0,0,0,0,0,0,navegando para fronteira
13612.419,153.0,navigating,-1.6343,0.0378,0.3589,161.56,0.61,0.1129,-0.0635,7.642,36.48,3884,1,32,1,43.7,1,21,5,0,0,2,0,0,0,False,,0,0,,,,,,0,0,0,0,0,0,navegando para fronteira
13612.879,153.5,navigating,-1.7083,0.0478,0.3571,161.72,0.32,0.1322,0.0704,7.718,36.48,3884,1,32,1,43.7,1,21,5,0,0,2,0,0,0,False,,0,0,,,,,,0,0,0,0,0,0,navegando para fronteira
13613.361,154.0,navigating,-1.7706,0.0644,0.358,165.16,0.38,0.1195,0.1052,7.784,36.48,3884,1,32,1,43.7,1,21,5,0,0,2,0,0,0,False,,0,0,,,,,,0,0,0,0,0,0,navegando para fronteira
13613.839,154.5,navigating,-1.8224,0.0917,0.3584,167.02,0.34,0.0969,0.0036,7.844,37.54,3997,1,32,1,43.7,1,21,5,0,0,2,0,0,0,False,,0,0,,,,,,0,0,0,0,0,0,navegando para fronteira
13614.321,155.0,navigating,-1.8837,0.0815,0.3575,168.01,0.49,0.0974,0.0861,7.907,37.54,3997,1,32,1,43.7,1,21,5,0,0,2,0,0,0,False,,0,0,,,,,,0,0,0,0,0,0,navegando para fronteira
13614.788,155.5,navigating,-1.9388,0.0921,0.3566,170.49,0.05,0.1099,0.1425,7.963,37.54,3997,1,32,1,43.7,1,21,5,0,0,2,0,0,0,False,,0,0,,,,,,0,0,0,0,0,0,navegando para fronteira
13615.23,156.0,navigating,-1.9822,0.1035,0.3537,172.46,0.16,0.1048,0.1082,8.01,37.54,3997,1,32,1,43.7,1,21,5,0,0,2,0,0,0,False,,0,0,,,,,,0,0,0,0,0,0,navegando para fronteira
13615.712,156.501,navigating,-2.0394,0.0958,0.3592,175.77,0.44,0.1013,0.1699,8.068,37.54,3997,1,32,1,43.7,1,21,5,0,0,2,0,0,0,False,,0,0,,,,,,0,0,0,0,0,0,navegando para fronteira
13616.2,157.0,navigating,-2.1025,0.1095,0.3554,177.95,0.36,0.12,0.0888,8.134,37.54,3997,1,32,1,43.7,1,21,5,0,0,2,0,0,0,False,,0,0,,,,,,0,0,0,0,0,0,navegando para fronteira
13616.693,157.5,navigating,-2.1753,0.1158,0.3545,179.61,0.18,0.147,0.0488,8.207,37.54,3997,1,32,1,43.7,1,21,5,0,0,2,0,0,0,False,,0,0,,,,,,0,0,0,0,0,0,navegando para fronteira
13617.159,158.002,navigating,-2.2556,0.0865,0.3569,-179.06,0.93,0.1439,-0.0061,8.293,39.84,4277,1,32,1,43.7,1,21,5,0,0,2,0,0,0,False,,0,0,,,,,,0,0,0,0,0,0,navegando para fronteira
13617.624,158.5,navigating,-2.3205,0.0962,0.3606,-179.11,0.6,0.1222,-0.0208,8.36,39.84,4277,1,32,1,43.7,1,21,5,0,0,2,0,0,0,False,,0,0,,,,,,0,0,0,0,0,0,navegando para fronteira
13618.107,159.0,navigating,-2.3913,0.1081,0.3517,-179.12,0.51,0.1189,0.0154,8.433,39.84,4277,1,32,1,43.7,1,21,5,0,0,2,0,0,0,False,,0,0,,,,,,0,0,0,0,0,0,navegando para fronteira
13618.587,159.501,navigating,-2.4568,0.0871,0.3571,-178.96,0.53,0.113,0.0022,8.502,44.78,4808,1,32,1,43.7,1,21,5,0,0,2,0,0,0,False,,0,0,,,,,,0,0,0,0,0,0,navegando para fronteira
13619.089,160.001,navigating,-2.5222,0.0911,0.3566,-179.49,0.3,0.1157,-0.0119,8.568,44.78,4808,1,32,1,43.7,1,21,5,0,0,2,0,0,0,False,,0,0,,,,,,0,0,0,0,0,0,navegando para fronteira
13619.555,160.5,navigating,-2.5796,0.099,0.3587,-179.97,0.44,0.1102,-0.0028,8.628,44.78,4808,1,32,1,43.7,1,21,5,0,0,2,0,0,0,False,,0,0,,,,,,0,0,0,0,0,0,navegando para fronteira
13620.029,161.0,navigating,-2.6362,0.084,0.3584,179.36,0.33,0.099,0.0011,8.687,44.78,4808,1,32,1,43.7,1,21,5,0,0,2,0,0,0,False,,0,0,,,,,,0,0,0,0,0,0,navegando para fronteira
13620.503,161.5,navigating,-2.6854,0.0936,0.3594,179.27,0.66,0.0827,-0.0479,8.739,44.78,4808,1,32,1,43.7,1,21,5,0,0,2,0,0,0,False,,0,0,,,,,,0,0,0,0,0,0,navegando para fronteira
13620.963,162.0,navigating,-2.7299,0.0922,0.3537,179.17,0.16,0.0,0.0,8.789,44.78,4808,1,32,1,43.7,1,21,5,0,0,2,0,0,0,False,,0,0,,,,,,0,0,0,0,0,0,navegando para fronteira
13621.404,162.5,selecting,-2.717,0.089,0.3536,179.31,0.14,0.0063,-0.028,8.812,44.78,4808,3,428,3,125.1,0,22,6,0,0,0,0,0,0,False,,0,0,,,,,,0,0,0,0,0,0,fronteira alcancada; atualizando mapa
13621.868,163.0,selecting,-2.7317,0.1039,0.3498,178.93,0.64,0.0403,-0.0431,8.835,44.78,4808,3,428,3,125.1,0,22,6,0,0,0,0,0,0,False,,0,0,,,,,,0,0,0,0,0,0,fronteira alcancada; atualizando mapa
13622.349,163.5,navigating,-2.7694,0.1046,0.3542,178.19,0.23,0.062,-0.0401,8.874,46.84,5029,3,428,3,125.1,3,24,6,0,0,0,0,0,0,False,,0,0,,,,,,0,0,0,0,0,0,navegando para fronteira
13622.824,164.0,navigating,-2.8106,0.0829,0.3566,176.12,0.53,0.0818,-0.1017,8.921,46.84,5029,3,428,3,125.1,3,24,6,0,0,0,0,0,0,False,,0,0,,,,,,0,0,0,0,0,0,navegando para fronteira
13623.32,164.5,navigating,-2.8568,0.0993,0.3572,173.59,0.52,0.0875,-0.0507,8.971,46.84,5029,3,428,3,125.1,3,24,6,0,0,0,0,0,0,False,,0,0,,,,,,0,0,0,0,0,0,navegando para fronteira
13623.798,165.0,navigating,-2.8981,0.1086,0.3528,171.78,0.4,0.0872,-0.0699,9.017,46.84,5029,3,428,3,125.1,3,24,6,0,0,0,0,0,0,False,,0,0,,,,,,0,0,0,0,0,0,navegando para fronteira
13624.29,165.5,navigating,-2.9465,0.0885,0.3564,169.85,0.58,0.0723,-0.0732,9.071,46.84,5029,3,428,3,125.1,3,24,6,0,0,0,0,0,0,False,,0,0,,,,,,0,0,0,0,0,0,navegando para fronteira
13624.765,166.0,navigating,-2.9765,0.1209,0.3598,168.1,1.06,0.0778,-0.0806,9.122,46.84,5029,3,428,3,125.1,3,24,6,0,0,0,0,0,0,False,,0,0,,,,,,0,0,0,0,0,0,navegando para fronteira
13625.237,166.5,navigating,-3.0205,0.1324,0.3567,166.74,0.17,0.0886,-0.076,9.17,47.05,5051,3,428,3,125.1,3,24,6,0,0,0,0,0,0,False,,0,0,,,,,,0,0,0,0,0,0,navegando para fronteira
13625.706,167.0,navigating,-3.0592,0.1291,0.3565,165.4,0.25,0.0683,-0.1017,9.211,47.05,5051,3,428,3,125.1,3,24,6,0,0,0,0,0,0,False,,0,0,,,,,,0,0,0,0,0,0,navegando para fronteira
13626.202,167.5,navigating,-3.087,0.1488,0.356,163.53,0.58,0.0533,-0.0823,9.246,47.05,5051,3,428,3,125.1,3,24,6,0,0,0,0,0,0,False,,0,0,,,,,,0,0,0,0,0,0,navegando para fronteira
13626.688,168.0,navigating,-3.1217,0.1453,0.3586,161.55,0.42,0.0594,-0.064,9.284,47.05,5051,3,428,3,125.1,3,24,6,0,0,0,0,0,0,False,,0,0,,,,,,0,0,0,0,0,0,navegando para fronteira
13627.163,168.5,navigating,-3.1527,0.1448,0.3557,159.75,0.23,0.0672,-0.0612,9.317,47.05,5051,3,428,3,125.1,3,24,6,0,0,0,0,0,0,False,,0,0,,,,,,0,0,0,0,0,0,navegando para fronteira
13627.655,169.0,navigating,-3.18,0.1904,0.3489,157.7,1.08,0.0654,-0.0861,9.371,47.05,5051,3,428,3,125.1,3,24,6,0,0,0,0,0,0,False,,0,0,,,,,,0,0,0,0,0,0,navegando para fronteira
13628.089,169.5,navigating,-3.2168,0.2154,0.3499,155.47,0.41,0.0769,-0.0732,9.419,47.05,5051,3,428,3,125.1,3,24,6,0,0,0,0,0,0,False,,0,0,,,,,,0,0,0,0,0,0,navegando para fronteira
13628.571,170.0,navigating,-3.2629,0.2063,0.3548,153.49,0.5,0.0584,-0.0828,9.467,47.05,5051,3,428,3,125.1,3,24,6,0,0,0,0,0,0,False,,0,0,,,,,,0,0,0,0,0,0,navegando para fronteira
13629.062,170.5,navigating,-3.2775,0.2305,0.3585,151.39,0.81,0.0498,-0.0854,9.501,47.05,5051,3,428,3,125.1,3,24,6,0,0,0,0,0,0,False,,0,0,,,,,,0,0,0,0,0,0,navegando para fronteira
13629.555,171.0,navigating,-3.2978,0.2425,0.3517,149.71,0.1,0.046,-0.0899,9.53,47.05,5051,3,428,3,125.1,3,24,6,0,0,0,0,0,0,False,,0,0,,,,,,0,0,0,0,0,0,navegando para fronteira
13630.046,171.5,navigating,-3.3264,0.2338,0.3534,148.21,0.46,0.0337,-0.0746,9.562,45.36,5147,3,428,3,125.1,3,24,6,0,0,0,0,0,0,False,,0,0,,,,,,0,0,0,0,0,0,navegando para fronteira
13630.528,172.0,navigating,-3.3232,0.2564,0.3559,146.8,0.82,0.0201,-0.0624,9.586,45.36,5147,3,428,3,125.1,3,24,6,0,0,0,0,0,0,False,,0,0,,,,,,0,0,0,0,0,0,navegando para fronteira
13631.018,172.5,navigating,-3.3418,0.2638,0.3543,145.61,0.17,0.0295,-0.0322,9.611,45.36,5147,3,428,3,125.1,3,24,6,0,0,0,0,0,0,False,,0,0,,,,,,0,0,0,0,0,0,navegando para fronteira
13631.505,173.0,navigating,-3.3706,0.2599,0.3589,144.4,0.37,0.0467,-0.0397,9.642,45.36,5147,3,428,3,125.1,3,24,6,0,0,0,0,0,0,False,,0,0,,,,,,0,0,0,0,0,0,navegando para fronteira
13631.986,173.5,navigating,-3.3706,0.2891,0.3521,143.1,0.68,0.0246,-0.0251,9.673,45.36,5147,3,428,3,125.1,3,24,6,0,0,0,0,0,0,False,,0,0,,,,,,0,0,0,0,0,0,navegando para fronteira
13632.448,174.0,navigating,-3.3876,0.289,0.3509,142.12,0.22,0.0239,0.0017,9.692,45.36,5147,3,428,3,125.1,3,24,6,0,0,0,0,0,0,False,,0,0,,,,,,0,0,0,0,0,0,navegando para fronteira
13632.925,174.5,navigating,-3.4016,0.2946,0.3593,141.65,0.15,0.0222,0.0042,9.709,45.36,5147,3,428,3,125.1,3,24,6,0,0,0,0,0,0,False,,0,0,,,,,,0,0,0,0,0,0,navegando para fronteira
13633.399,175.0,navigating,-3.4032,0.299,0.3583,141.51,0.31,0.0122,-0.017,9.716,45.36,5147,3,428,3,125.1,3,24,6,0,0,0,0,0,0,False,,0,0,,,,,,0,0,0,0,0,0,navegando para fronteira
13633.866,175.5,navigating,-3.4125,0.2981,0.3539,141.47,0.2,0.0144,-0.0178,9.726,45.36,5147,3,428,3,125.1,3,24,6,0,0,0,0,0,0,False,,0,0,,,,,,0,0,0,0,0,0,navegando para fronteira
13634.352,176.0,navigating,-3.4124,0.3028,0.3531,141.41,0.31,0.0123,-0.0212,9.735,45.36,5147,3,428,3,125.1,3,24,6,0,0,0,0,0,0,False,,0,0,,,,,,0,0,0,0,0,0,navegando para fronteira
13634.827,176.5,navigating,-3.4238,0.3048,0.3537,141.25,0.22,0.0194,-0.0062,9.749,45.36,5147,3,428,3,125.1,3,24,6,0,0,0,0,0,0,False,,0,0,,,,,,0,0,0,0,0,0,navegando para fronteira
13635.309,177.001,navigating,-3.4328,0.3071,0.3573,141.04,0.19,0.0182,0.009,9.76,45.36,5147,3,428,3,125.1,3,24,6,0,0,0,0,0,0,False,,0,0,,,,,,0,0,0,0,0,0,navegando para fronteira
13635.78,177.501,navigating,-3.4332,0.3142,0.355,141.11,0.27,0.0105,0.018,9.771,45.36,5147,3,428,3,125.1,3,24,6,0,0,0,0,0,0,False,,0,0,,,,,,0,0,0,0,0,0,navegando para fronteira
13636.253,178.0,navigating,-3.447,0.3057,0.3478,141.46,0.35,0.0103,0.021,9.789,45.36,5147,3,428,3,125.1,3,24,6,0,0,0,0,0,0,False,,0,0,,,,,,0,0,0,0,0,0,navegando para fronteira
13636.728,178.5,navigating,-3.4586,0.2908,0.3467,141.2,0.55,0.0055,-0.0075,9.812,45.36,5147,3,428,3,125.1,3,24,6,0,0,0,0,0,0,False,,0,0,,,,,,0,0,0,0,0,0,navegando para fronteira
13637.226,179.0,navigating,-3.4553,0.3121,0.3523,141.03,0.66,0.0282,-0.0408,9.835,45.36,5147,3,428,3,125.1,3,24,6,0,0,0,0,0,0,False,,0,0,,,,,,0,0,0,0,0,0,navegando para fronteira
13637.701,179.5,navigating,-3.4718,0.3029,0.3549,140.65,0.43,0.0183,-0.028,9.858,45.36,5147,3,428,3,125.1,3,24,6,0,0,0,0,0,0,False,,0,0,,,,,,0,0,0,0,0,0,navegando para fronteira
13638.178,180.0,navigating,-3.4756,0.2998,0.3555,140.45,0.07,0.0061,-0.0283,9.875,45.36,5147,3,428,3,125.1,3,24,6,0,0,0,0,0,0,False,,0,0,,,,,,0,0,0,0,0,0,navegando para fronteira
13638.656,180.5,navigating,-3.4684,0.311,0.3568,140.32,0.47,0.0054,-0.0425,9.891,45.36,5147,3,428,3,125.1,3,24,6,0,0,0,0,0,0,False,,0,0,,,,,,0,0,0,0,0,0,navegando para fronteira
13639.136,181.0,navigating,-3.4838,0.3055,0.3566,139.91,0.37,0.0161,-0.0151,9.908,45.36,5147,3,428,3,125.1,3,24,6,0,0,0,0,0,0,False,,0,0,,,,,,0,0,0,0,0,0,navegando para fronteira
13639.605,181.5,navigating,-3.4872,0.3086,0.3588,139.46,0.23,0.0145,-0.0007,9.917,45.36,5147,3,428,3,125.1,3,24,6,0,0,0,0,0,0,False,,0,0,,,,,,0,0,0,0,0,0,navegando para fronteira
13640.067,182.0,navigating,-3.4923,0.301,0.3487,139.12,0.32,0.0029,0.0152,9.93,45.36,5147,3,428,3,125.1,3,24,6,0,0,0,0,0,0,False,,0,0,,,,,,0,0,0,0,0,0,navegando para fronteira
13640.55,182.5,navigating,-3.4985,0.2892,0.359,139.2,0.4,0.0039,0.0142,9.945,45.36,5147,3,428,3,125.1,3,24,6,0,0,0,0,0,0,False,,0,0,,,,,,0,0,0,0,0,0,navegando para fronteira
13641.033,183.0,navigating,-3.4919,0.3007,0.3539,138.97,0.45,0.0057,-0.0114,9.96,45.36,5147,3,428,3,125.1,3,24,6,0,0,0,0,0,0,False,,0,0,,,,,,0,0,0,0,0,0,navegando para fronteira
13641.52,183.5,navigating,-3.4987,0.2926,0.3556,138.32,0.38,0.0088,0.0189,9.977,45.36,5147,3,428,3,125.1,3,24,6,0,0,0,0,0,0,False,,0,0,,,,,,0,0,0,0,0,0,navegando para fronteira
13642.01,184.0,navigating,-3.5035,0.2902,0.3572,138.02,0.12,0.007,-0.0166,9.991,45.36,5147,3,428,3,125.1,3,24,6,0,0,0,0,0,0,False,,0,0,,,,,,0,0,0,0,0,0,navegando para fronteira
13642.49,184.5,navigating,-3.498,0.2987,0.3572,138.34,0.44,0.0102,-0.0095,10.003,45.36,5147,3,428,3,125.1,3,24,6,0,0,0,0,0,0,False,,0,0,,,,,,0,0,0,0,0,0,navegando para fronteira
13642.969,185.0,navigating,-3.5096,0.2948,0.3595,138.48,0.33,0.0129,-0.0135,10.016,45.36,5147,3,428,3,125.1,3,24,6,0,0,0,0,0,0,False,,0,0,,,,,,0,0,0,0,0,0,navegando para fronteira
13643.451,185.5,navigating,-3.5165,0.2881,0.3601,138.53,0.35,0.0086,0.006,10.028,45.36,5147,3,428,3,125.1,3,24,6,0,0,0,0,0,0,False,,0,0,,,,,,0,0,0,0,0,0,navegando para fronteira
13643.921,186.0,navigating,-3.5094,0.2915,0.3547,138.59,0.22,0.001,-0.0388,10.038,45.36,5147,3,428,3,125.1,3,24,6,0,0,0,0,0,0,False,,0,0,,,,,,0,0,0,0,0,0,navegando para fronteira
13644.411,186.5,navigating,-3.5204,0.2969,0.3553,138.84,0.15,0.0214,0.0395,10.05,45.36,5147,3,428,3,125.1,3,24,6,0,0,0,0,0,0,False,,0,0,,,,,,0,0,0,0,0,0,navegando para fronteira
13644.898,187.0,navigating,-3.5343,0.306,0.3531,139.04,0.17,0.0235,0.037,10.068,45.36,5147,3,428,3,125.1,3,24,6,0,0,0,0,0,0,False,,0,0,,,,,,0,0,0,0,0,0,navegando para fronteira
13645.354,187.5,navigating,-3.5407,0.3044,0.3538,139.4,0.23,0.0063,0.0245,10.076,45.36,5147,3,428,3,125.1,3,24,6,0,0,0,0,0,0,False,,0,0,,,,,,0,0,0,0,0,0,navegando para fronteira
13645.85,188.0,navigating,-3.5398,0.3012,0.3591,139.92,0.04,0.0003,0.0276,10.083,45.36,5147,3,428,3,125.1,3,24,6,0,0,0,0,0,0,False,,0,0,,,,,,0,0,0,0,0,0,navegando para fronteira
13646.311,188.5,navigating,-3.5386,0.3034,0.354,140.54,0.12,0.0092,0.0094,10.089,45.36,5147,3,428,3,125.1,3,24,6,0,0,0,0,0,0,False,,0,0,,,,,,0,0,0,0,0,0,navegando para fronteira
13646.773,189.0,navigating,-3.5461,0.2951,0.3497,141.08,0.29,0.0019,-0.0069,10.101,45.36,5147,3,428,3,125.1,3,24,6,0,0,0,0,0,0,False,,0,0,,,,,,0,0,0,0,0,0,navegando para fronteira
13647.226,189.5,navigating,-3.5385,0.3008,0.3568,141.28,0.39,0.0029,-0.0586,10.115,45.36,5147,3,428,3,125.1,3,24,6,0,0,0,0,0,0,False,,0,0,,,,,,0,0,0,0,0,0,navegando para fronteira
13647.72,190.0,navigating,-3.5418,0.3003,0.3584,140.85,0.12,0.0023,-0.0116,10.13,45.36,5147,3,428,3,125.1,3,24,6,0,0,0,0,0,0,False,,0,0,,,,,,0,0,0,0,0,0,navegando para fronteira
13648.218,190.5,navigating,-3.5523,0.2907,0.3581,140.59,0.4,0.0133,0.0055,10.147,45.36,5147,3,428,3,125.1,3,24,6,0,0,0,0,0,0,False,,0,0,,,,,,0,0,0,0,0,0,navegando para fronteira
13648.702,191.0,navigating,-3.5455,0.3015,0.3552,140.38,0.44,0.0034,0.0046,10.163,45.36,5147,3,428,3,125.1,3,24,6,0,0,0,0,0,0,False,,0,0,,,,,,0,0,0,0,0,0,navegando para fronteira
13649.195,191.5,navigating,-3.5503,0.2939,0.3517,140.14,0.27,0.0,0.0143,10.179,45.36,5147,3,428,3,125.1,3,24,6,0,0,0,0,0,0,False,,0,0,,,,,,0,0,0,0,0,0,navegando para fronteira
13649.685,192.0,navigating,-3.5552,0.2897,0.3531,140.3,0.02,0.0042,0.0168,10.194,45.36,5147,3,428,3,125.1,3,24,6,0,0,0,0,0,0,False,,0,0,,,,,,0,0,0,0,0,0,navegando para fronteira
13650.176,192.5,navigating,-3.5534,0.3014,0.3561,140.41,0.45,0.018,-0.0118,10.209,45.36,5147,3,428,3,125.1,3,24,6,0,0,0,0,0,0,False,,0,0,,,,,,0,0,0,0,0,0,navegando para fronteira
13650.653,193.002,navigating,-3.5632,0.2946,0.3572,140.2,0.36,0.0098,-0.0211,10.222,45.36,5147,3,428,3,125.1,3,24,6,0,0,0,0,0,0,False,,0,0,,,,,,0,0,0,0,0,0,navegando para fronteira
13651.126,193.5,navigating,-3.5618,0.2912,0.3597,140.19,0.07,0.0,0.0019,10.233,45.36,5147,3,428,3,125.1,3,24,6,0,0,0,0,0,0,False,,0,0,,,,,,0,0,0,0,0,0,navegando para fronteira
13651.598,194.0,navigating,-3.5577,0.2925,0.3584,140.54,0.25,0.0013,-0.0029,10.239,45.36,5147,3,428,3,125.1,3,24,6,0,0,0,0,0,0,False,,0,0,,,,,,0,0,0,0,0,0,navegando para fronteira
13652.09,194.5,navigating,-3.562,0.2907,0.3579,140.43,0.22,0.0051,-0.0061,10.245,45.36,5147,3,428,3,125.1,3,24,6,0,0,0,0,0,0,False,,0,0,,,,,,0,0,0,0,0,0,navegando para fronteira
13652.566,195.0,navigating,-3.5668,0.2925,0.3538,140.49,0.18,0.0108,0.0125,10.251,45.36,5147,3,428,3,125.1,3,24,6,0,0,0,0,0,0,False,,0,0,,,,,,0,0,0,0,0,0,navegando para fronteira
13653.02,195.5,navigating,-3.5667,0.304,0.3497,140.8,0.46,0.0079,0.0555,10.266,45.36,5147,3,428,3,125.1,3,24,6,0,0,0,0,0,0,False,,0,0,,,,,,0,0,0,0,0,0,navegando para fronteira
13653.51,196.0,navigating,-3.5667,0.301,0.3564,140.99,0.22,0.0024,0.0247,10.277,45.36,5147,3,428,3,125.1,3,24,6,0,0,0,0,0,0,False,,0,0,,,,,,0,0,0,0,0,0,navegando para fronteira
13653.988,196.5,navigating,-3.5627,0.2956,0.3576,140.73,0.1,0.0007,0.0276,10.286,45.36,5147,3,428,3,125.1,3,24,6,0,0,0,0,0,0,False,,0,0,,,,,,0,0,0,0,0,0,navegando para fronteira
13654.449,197.0,navigating,-3.5581,0.2969,0.3603,141.12,0.24,0.0001,0.0926,10.293,45.36,5147,3,428,3,125.1,3,24,6,0,0,0,0,0,0,False,,0,0,,,,,,0,0,0,0,0,0,navegando para fronteira
13654.924,197.5,navigating,-3.5658,0.2974,0.3511,141.58,0.29,0.0,0.0,10.301,45.36,5147,3,428,3,125.1,3,24,6,0,0,0,0,0,0,False,,0,0,,,,,,0,0,0,0,0,0,navegando para fronteira
13655.403,198.0,navigating,-3.5668,0.3006,0.3522,141.52,0.14,0.0037,-0.0228,10.306,45.36,5147,3,428,3,125.1,3,24,6,0,0,0,0,0,0,False,,0,0,,,,,,0,0,0,0,0,0,navegando para fronteira
13655.885,198.5,navigating,-3.5645,0.3046,0.3525,141.49,0.37,0.0011,-0.0157,10.313,45.36,5147,3,428,3,125.1,3,24,6,0,0,0,0,0,0,False,,0,0,,,,,,0,0,0,0,0,0,navegando para fronteira
13656.375,199.0,navigating,-3.5657,0.3054,0.3532,141.49,0.21,0.0001,-0.0178,10.324,45.36,5147,3,428,3,125.1,3,24,6,0,0,0,0,0,0,False,,0,0,,,,,,0,0,0,0,0,0,navegando para fronteira
13656.858,199.5,navigating,-3.5661,0.3007,0.3544,141.17,0.14,0.0009,-0.029,10.332,45.36,5147,3,428,3,125.1,3,24,6,0,0,0,0,0,0,False,,0,0,,,,,,0,0,0,0,0,0,navegando para fronteira
13657.352,200.0,navigating,-3.5668,0.3013,0.3547,141.22,0.2,0.0087,0.0388,10.341,45.36,5147,3,428,3,125.1,3,24,6,0,0,0,0,0,0,False,,0,0,,,,,,0,0,0,0,0,0,navegando para fronteira
13657.808,200.5,navigating,-3.567,0.3046,0.3543,140.45,0.25,0.0037,-0.0167,10.352,45.36,5147,3,428,3,125.1,3,24,6,0,0,0,0,0,0,False,,0,0,,,,,,0,0,0,0,0,0,navegando para fronteira
13658.282,201.0,navigating,-3.5658,0.3033,0.3567,140.97,0.32,0.0038,0.0394,10.36,45.36,5147,3,428,3,125.1,3,24,6,0,0,0,0,0,0,False,,0,0,,,,,,0,0,0,0,0,0,navegando para fronteira
13658.757,201.501,navigating,-3.5643,0.3029,0.361,140.72,0.44,0.0072,0.1524,10.37,45.36,5147,3,428,3,125.1,3,24,6,0,0,0,0,0,0,False,,0,0,,,,,,0,0,0,0,0,0,navegando para fronteira
13659.234,202.0,navigating,-3.5626,0.3028,0.3587,143.34,0.52,0.0093,0.1693,10.38,45.36,5147,3,428,3,125.1,3,24,6,0,0,0,0,0,0,False,,0,0,,,,,,0,0,0,0,0,0,navegando para fronteira
13659.729,202.5,navigating,-3.5536,0.3035,0.3573,146.52,0.72,0.0005,0.0987,10.4,45.36,5147,3,428,3,125.1,3,24,6,0,0,0,0,0,0,False,,0,0,,,,,,0,0,0,0,0,0,navegando para fronteira
13660.225,203.0,navigating,-3.5663,0.3011,0.3492,143.15,0.23,0.0278,-0.1206,10.421,45.36,5147,3,428,3,125.1,3,24,6,0,0,0,0,0,0,False,,0,0,,,,,,0,0,0,0,0,0,navegando para fronteira
13660.702,203.5,navigating,-3.5665,0.306,0.3528,141.94,0.54,0.0018,-0.1129,10.442,45.36,5147,3,428,3,125.1,3,24,6,0,0,0,0,0,0,False,,0,0,,,,,,0,0,0,0,0,0,navegando para fronteira
13661.12,204.0,navigating,-3.5634,0.3152,0.3492,141.89,0.22,0.0013,-0.0208,10.461,45.36,5147,3,428,3,125.1,3,24,6,0,0,0,0,0,0,False,,0,0,,,,,,0,0,0,0,0,0,navegando para fronteira
13661.586,204.5,navigating,-3.568,0.3102,0.3513,138.99,0.14,0.0085,-0.0727,10.474,45.36,5147,3,428,3,125.1,3,24,6,0,0,0,0,0,0,False,,0,0,,,,,,0,0,0,0,0,0,navegando para fronteira
13662.068,205.0,navigating,-3.5628,0.29,0.3535,139.99,0.54,0.0,0.0544,10.499,45.36,5147,3,428,3,125.1,3,24,6,0,0,0,0,0,0,False,,0,0,,,,,,0,0,0,0,0,0,navegando para fronteira
13662.548,205.5,navigating,-3.5669,0.2957,0.3558,139.54,0.06,0.0059,0.0223,10.514,45.36,5147,3,428,3,125.1,3,24,6,0,0,0,0,0,0,False,,0,0,,,,,,0,0,0,0,0,0,navegando para fronteira
13663.01,206.0,navigating,-3.5642,0.3214,0.3579,141.66,0.74,0.0362,0.0591,10.542,45.36,5147,3,428,3,125.1,3,24,6,0,0,0,0,0,0,False,,0,0,,,,,,0,0,0,0,0,0,navegando para fronteira
13663.509,206.5,navigating,-3.5626,0.3118,0.3566,138.74,0.58,0.0025,0.0533,10.559,45.36,5147,3,428,3,125.1,3,24,6,0,0,0,0,0,0,False,,0,0,,,,,,0,0,0,0,0,0,navegando para fronteira
13664.009,207.0,navigating,-3.5615,0.3153,0.355,137.22,0.3,0.0093,-0.0522,10.574,45.36,5147,3,428,3,125.1,3,24,6,0,0,0,0,0,0,False,,0,0,,,,,,0,0,0,0,0,0,navegando para fronteira
13664.469,207.5,navigating,-3.5612,0.3086,0.3534,138.14,0.42,0.0,-0.0126,10.589,45.36,5147,3,428,3,125.1,3,24,6,0,0,0,0,0,0,False,,0,0,,,,,,0,0,0,0,0,0,navegando para fronteira
13664.94,208.0,navigating,-3.5569,0.308,0.3535,139.38,0.08,0.0003,0.0795,10.597,45.36,5147,3,428,3,125.1,3,24,6,0,0,0,0,0,0,False,,0,0,,,,,,0,0,0,0,0,0,navegando para fronteira
13665.405,208.5,navigating,-3.5611,0.2999,0.3559,143.65,0.32,0.0026,-0.0227,10.608,45.36,5147,3,428,3,125.1,3,24,6,0,0,0,0,0,0,False,,0,0,,,,,,0,0,0,0,0,0,navegando para fronteira
13665.893,209.0,navigating,-3.5611,0.2878,0.3551,146.58,0.49,0.0005,0.007,10.626,45.36,5147,3,428,3,125.1,3,24,6,0,0,0,0,0,0,False,,0,0,,,,,,0,0,0,0,0,0,navegando para fronteira
13666.381,209.5,navigating,-3.5617,0.2911,0.3527,147.32,0.08,0.005,-0.0325,10.636,45.36,5147,3,428,3,125.1,3,24,6,0,0,0,0,0,0,False,,0,0,,,,,,0,0,0,0,0,0,navegando para fronteira
13666.866,210.0,navigating,-3.5639,0.2974,0.3552,148.25,0.35,0.011,0.1182,10.645,45.36,5147,3,428,3,125.1,3,24,6,0,0,0,0,0,0,False,,0,0,,,,,,0,0,0,0,0,0,navegando para fronteira
13667.275,210.5,selecting,-3.5629,0.3044,0.3626,148.41,0.45,0.0,0.0,10.657,45.36,5147,3,428,3,125.1,3,24,6,0,0,1,0,0,0,False,,0,0,,,,,,0,0,0,0,0,0,meta de fronteira expirou
13667.73,211.001,selecting,-3.5586,0.2973,0.354,149.1,0.24,0.0,0.0,10.673,45.36,5147,3,428,3,125.1,3,24,6,0,0,1,0,0,0,False,,0,0,,,,,,0,0,0,0,0,0,meta de fronteira expirou
13668.21,211.5,selecting,-3.5603,0.3034,0.3556,147.14,0.23,0.0,0.0,10.68,45.36,5147,3,153,3,206.5,0,25,7,0,0,1,0,0,0,False,,0,0,,,,,,0,0,0,0,0,0,meta de fronteira expirou
13668.699,212.0,selecting,-3.561,0.3032,0.3547,147.29,0.15,0.0,-0.0122,10.682,45.36,5147,3,153,3,206.5,0,25,7,0,0,1,0,0,0,False,,0,0,,,,,,0,0,0,0,0,0,meta de fronteira expirou
13669.174,212.5,navigating,-3.5585,0.3039,0.3559,147.58,0.2,0.0,-0.0304,10.685,45.36,5147,3,153,3,206.5,3,27,7,0,0,1,0,0,0,False,,0,0,,,,,,0,0,0,0,0,0,navegando para fronteira
13669.609,213.0,navigating,-3.5583,0.3039,0.3561,147.48,0.2,0.0,-0.0242,10.685,45.36,5147,3,153,3,206.5,3,27,7,0,0,1,0,0,0,False,,0,0,,,,,,0,0,0,0,0,0,navegando para fronteira
13670.11,213.5,navigating,-3.5546,0.3081,0.3566,146.68,0.21,0.0,-0.0025,10.694,45.36,5147,3,153,3,206.5,3,27,7,0,0,1,0,0,0,False,,0,0,,,,,,0,0,0,0,0,0,navegando para fronteira
13670.581,214.001,navigating,-3.5546,0.313,0.3556,145.16,0.36,0.0017,-0.0586,10.708,45.36,5147,3,153,3,206.5,3,27,7,0,0,1,0,0,0,False,,0,0,,,,,,0,0,0,0,0,0,navegando para fronteira
13671.078,214.5,navigating,-3.5601,0.32,0.3567,144.91,0.25,0.0048,0.0142,10.721,45.36,5147,3,153,3,206.5,3,27,7,0,0,1,0,0,0,False,,0,0,,,,,,0,0,0,0,0,0,navegando para fronteira
13671.562,215.0,navigating,-3.5645,0.3085,0.3566,144.21,0.21,0.0,-0.0204,10.735,45.36,5147,3,153,3,206.5,3,27,7,0,0,1,0,0,0,False,,0,0,,,,,,0,0,0,0,0,0,navegando para fronteira
13672.047,215.5,navigating,-3.5655,0.3146,0.3551,145.16,0.26,0.0024,0.029,10.743,45.36,5147,3,153,3,206.5,3,27,7,0,0,1,0,0,0,False,,0,0,,,,,,0,0,0,0,0,0,navegando para fronteira
13672.526,216.0,navigating,-3.559,0.3289,0.3538,145.02,0.64,0.0034,-0.1005,10.761,45.36,5147,3,153,3,206.5,3,27,7,0,0,1,0,0,0,False,,0,0,,,,,,0,0,0,0,0,0,navegando para fronteira
13673.021,216.501,navigating,-3.5661,0.3247,0.354,144.21,0.06,0.0036,-0.0719,10.775,45.36,5147,3,153,3,206.5,3,27,7,0,0,1,0,0,0,False,,0,0,,,,,,0,0,0,0,0,0,navegando para fronteira
13673.494,217.0,navigating,-3.5662,0.323,0.3534,143.55,0.32,0.0,-0.0172,10.784,45.36,5147,3,153,3,206.5,3,27,7,0,0,1,0,0,0,False,,0,0,,,,,,0,0,0,0,0,0,navegando para fronteira
13673.927,217.5,navigating,-3.5598,0.3235,0.3498,142.63,0.27,0.0001,-0.0351,10.795,45.36,5147,3,153,3,206.5,3,27,7,0,0,1,0,0,0,False,,0,0,,,,,,0,0,0,0,0,0,navegando para fronteira
13674.402,218.0,navigating,-3.5666,0.3318,0.3481,141.51,0.35,0.0053,-0.0435,10.807,45.36,5147,3,153,3,206.5,3,27,7,0,0,1,0,0,0,False,,0,0,,,,,,0,0,0,0,0,0,navegando para fronteira
13674.863,218.5,navigating,-3.5671,0.3387,0.3488,140.22,0.47,0.0036,0.0103,10.821,45.36,5147,3,153,3,206.5,3,27,7,0,0,1,0,0,0,False,,0,0,,,,,,0,0,0,0,0,0,navegando para fronteira
13675.342,219.0,navigating,-3.565,0.3406,0.3492,139.55,0.58,0.0018,-0.0101,10.83,45.36,5147,3,153,3,206.5,3,27,7,0,0,1,0,0,0,False,,0,0,,,,,,0,0,0,0,0,0,navegando para fronteira
13675.81,219.5,navigating,-3.5687,0.3337,0.3558,138.01,0.25,0.0056,-0.0733,10.847,45.36,5147,3,153,3,206.5,3,27,7,0,0,1,0,0,0,False,,0,0,,,,,,0,0,0,0,0,0,navegando para fronteira
13676.31,220.0,navigating,-3.5678,0.3285,0.3566,135.78,0.36,0.0041,-0.1021,10.858,45.36,5147,3,153,3,206.5,3,27,7,0,0,1,0,0,0,False,,0,0,,,,,,0,0,0,0,0,0,navegando para fronteira
13676.773,220.5,navigating,-3.5716,0.3336,0.353,133.74,0.18,0.0093,-0.1043,10.866,45.36,5147,3,153,3,206.5,3,27,7,0,0,1,0,0,0,False,,0,0,,,,,,0,0,0,0,0,0,navegando para fronteira
13677.259,221.001,navigating,-3.5696,0.3336,0.3555,131.75,0.36,0.0022,-0.0994,10.873,45.36,5147,3,153,3,206.5,3,27,7,0,0,1,0,0,0,False,,0,0,,,,,,0,0,0,0,0,0,navegando para fronteira
13677.724,221.5,navigating,-3.5775,0.3296,0.3583,129.65,0.17,0.0064,-0.1002,10.884,45.36,5147,3,153,3,206.5,3,27,7,0,0,1,0,0,0,False,,0,0,,,,,,0,0,0,0,0,0,navegando para fronteira
13678.224,222.0,navigating,-3.5777,0.3285,0.3567,127.28,0.22,0.0072,-0.0783,10.892,45.36,5147,3,153,3,206.5,3,27,7,0,0,1,0,0,0,False,,0,0,,,,,,0,0,0,0,0,0,navegando para fronteira
13678.708,222.5,navigating,-3.5847,0.3296,0.3564,125.12,0.07,0.0114,-0.0846,10.901,45.36,5147,3,153,3,206.5,3,27,7,0,0,1,0,0,0,False,,0,0,,,,,,0,0,0,0,0,0,navegando para fronteira
13679.21,223.0,navigating,-3.5861,0.3339,0.3567,122.3,0.22,0.0117,-0.098,10.911,45.36,5147,3,153,3,206.5,3,27,7,0,0,1,0,0,0,False,,0,0,,,,,,0,0,0,0,0,0,navegando para fronteira
13679.706,223.5,navigating,-3.5955,0.3299,0.3555,119.51,0.25,0.0048,-0.1195,10.923,45.36,5147,3,153,3,206.5,3,27,7,0,0,1,0,0,0,False,,0,0,,,,,,0,0,0,0,0,0,navegando para fronteira
13680.17,224.0,navigating,-3.5972,0.3339,0.355,117.27,0.17,0.0157,-0.0839,10.929,45.36,5147,3,153,3,206.5,3,27,7,0,0,1,0,0,0,False,,0,0,,,,,,0,0,0,0,0,0,navegando para fronteira
13680.656,224.5,navigating,-3.6003,0.3402,0.3602,114.69,0.17,0.0269,-0.1669,10.937,45.36,5147,3,153,3,206.5,3,27,7,0,0,1,0,0,0,False,,0,0,,,,,,0,0,0,0,0,0,navegando para fronteira
13681.13,225.0,navigating,-3.6072,0.3492,0.3563,111.62,0.13,0.036,-0.1407,10.949,45.36,5147,3,153,3,206.5,3,27,7,0,0,1,0,0,0,False,,0,0,,,,,,0,0,0,0,0,0,navegando para fronteira
13681.608,225.5,navigating,-3.6229,0.3633,0.3528,108.65,0.37,0.0433,-0.1085,10.971,45.36,5147,3,153,3,206.5,3,27,7,0,0,1,0,0,0,False,,0,0,,,,,,0,0,0,0,0,0,navegando para fronteira
13682.11,226.0,navigating,-3.6312,0.3658,0.3516,106.46,0.26,0.0337,-0.1539,10.983,45.36,5147,3,153,3,206.5,3,27,7,0,0,1,0,0,0,False,,0,0,,,,,,0,0,0,0,0,0,navegando para fronteira
13682.599,226.5,navigating,-3.6368,0.3835,0.3588,102.52,0.16,0.0532,-0.1763,11.002,45.36,5147,3,153,3,206.5,3,27,7,0,0,1,0,0,0,False,,0,0,,,,,,0,0,0,0,0,0,navegando para fronteira
13683.083,227.001,navigating,-3.651,0.4008,0.3559,98.85,0.32,0.0446,-0.1631,11.026,47.51,5390,3,153,3,206.5,3,27,7,0,0,1,0,0,0,False,,0,0,,,,,,0,0,0,0,0,0,navegando para fronteira
13683.579,227.5,navigating,-3.648,0.4271,0.3562,94.65,0.23,0.0557,-0.1404,11.053,47.51,5390,3,153,3,206.5,3,27,7,0,0,1,0,0,0,False,,0,0,,,,,,0,0,0,0,0,0,navegando para fronteira
13684.062,228.0,navigating,-3.6485,0.4634,0.3576,90.21,0.32,0.0727,-0.1573,11.09,47.51,5390,3,153,3,206.5,3,27,7,0,0,1,0,0,0,False,,0,0,,,,,,0,0,0,0,0,0,navegando para fronteira
13684.551,228.5,navigating,-3.658,0.5005,0.3581,86.81,0.27,0.0785,-0.1121,11.13,47.51,5390,3,153,3,206.5,3,27,7,0,0,1,0,0,0,False,,0,0,,,,,,0,0,0,0,0,0,navegando para fronteira
13685.045,229.0,navigating,-3.6465,0.5595,0.3598,84.61,0.3,0.1334,-0.0794,11.191,47.51,5390,3,153,3,206.5,3,27,7,0,0,1,0,0,0,False,,0,0,,,,,,0,0,0,0,0,0,navegando para fronteira
13685.519,229.5,navigating,-3.6522,0.6295,0.3605,83.18,0.54,0.1385,-0.0898,11.261,50.19,5694,3,153,3,206.5,3,27,7,0,0,1,0,0,0,False,,0,0,,,,,,0,0,0,0,0,0,navegando para fronteira
13685.975,230.0,navigating,-3.6374,0.6935,0.3539,82.18,0.38,0.1273,-0.0976,11.328,50.19,5694,3,153,3,206.5,3,27,7,0,0,1,0,0,0,False,,0,0,,,,,,0,0,0,0,0,0,navegando para fronteira
13686.454,230.5,navigating,-3.6119,0.7632,0.353,80.61,0.39,0.1275,-0.04,11.403,50.19,5694,3,153,3,206.5,3,27,7,0,0,1,0,0,0,False,,0,0,,,,,,0,0,0,0,0,0,navegando para fronteira
13686.912,231.0,navigating,-3.6252,0.8271,0.3592,79.22,0.81,0.1241,-0.081,11.469,50.19,5694,3,153,3,206.5,3,27,7,0,0,1,0,0,0,False,,0,0,,,,,,0,0,0,0,0,0,navegando para fronteira
13687.401,231.5,navigating,-3.6178,0.8712,0.3528,77.35,0.06,0.0922,-0.0339,11.517,50.19,5694,3,153,3,206.5,3,27,7,0,0,1,0,0,0,False,,0,0,,,,,,0,0,0,0,0,0,navegando para fronteira
13687.867,232.0,navigating,-3.5839,0.9117,0.3516,75.84,0.83,0.0877,-0.0608,11.571,50.19,5694,3,153,3,206.5,3,27,7,0,0,1,0,0,0,False,,0,0,,,,,,0,0,0,0,0,0,navegando para fronteira
13688.352,232.5,navigating,-3.5884,0.9656,0.3526,74.24,0.83,0.0936,-0.0786,11.626,54.17,6197,3,153,3,206.5,3,27,7,0,0,1,0,0,0,False,,0,0,,,,,,0,0,0,0,0,0,navegando para fronteira
13688.85,233.0,navigating,-3.5864,1.0101,0.3571,72.51,0.18,0.0719,-0.0724,11.676,54.17,6197,3,153,3,206.5,3,27,7,0,0,1,0,0,0,False,,0,0,,,,,,0,0,0,0,0,0,navegando para fronteira
13689.316,233.5,navigating,-3.547,1.0539,0.3596,70.84,0.75,0.1232,-0.0824,11.736,54.17,6197,3,153,3,206.5,3,27,7,0,0,1,0,0,0,False,,0,0,,,,,,0,0,0,0,0,0,navegando para fronteira
13689.808,234.0,navigating,-3.5463,1.1211,0.3567,69.53,0.68,0.1123,-0.0321,11.804,54.17,6197,3,153,3,206.5,3,27,7,0,0,1,0,0,0,False,,0,0,,,,,,0,0,0,0,0,0,navegando para fronteira
13690.298,234.5,navigating,-3.5208,1.1607,0.3553,69.23,0.53,0.0886,-0.0246,11.855,54.17,6197,3,153,3,206.5,3,27,7,0,0,1,0,0,0,False,,0,0,,,,,,0,0,0,0,0,0,navegando para fronteira
13690.789,235.0,navigating,-3.4874,1.2145,0.3578,69.1,0.2,0.0952,-0.0106,11.921,54.17,6197,3,153,3,206.5,3,27,7,0,0,1,0,0,0,False,,0,0,,,,,,0,0,0,0,0,0,navegando para fronteira
13691.27,235.5,navigating,-3.4924,1.2753,0.3582,69.15,0.85,0.1088,0.0102,11.982,54.17,6197,3,153,3,206.5,3,27,7,0,0,1,0,0,0,False,,0,0,,,,,,0,0,0,0,0,0,navegando para fronteira
13691.761,236.0,navigating,-3.4616,1.3104,0.3566,69.03,0.63,0.0751,-0.0037,12.031,54.17,6197,3,153,3,206.5,3,27,7,0,0,1,0,0,0,False,,0,0,,,,,,0,0,0,0,0,0,navegando para fronteira
13692.245,236.5,navigating,-3.4471,1.3409,0.353,68.74,0.22,0.0584,0.0069,12.068,55.66,6367,3,153,3,206.5,3,27,7,0,0,1,0,0,0,False,,0,0,,,,,,0,0,0,0,0,0,navegando para fronteira
13692.732,237.0,navigating,-3.4621,1.3536,0.355,68.92,0.21,0.0,0.0,12.097,55.66,6367,3,153,3,206.5,3,27,7,0,0,1,0,0,0,False,,0,0,,,,,,0,0,0,0,0,0,navegando para fronteira
13693.192,237.5,navigating,-3.454,1.3637,0.3568,69.0,0.25,0.0,0.0,12.11,55.66,6367,3,153,3,206.5,3,27,7,0,0,1,0,0,0,False,,0,0,,,,,,0,0,0,0,0,0,navegando para fronteira
13693.678,238.0,selecting,-3.454,1.3638,0.3568,68.91,0.19,0.0085,0.0284,12.111,55.66,6367,5,257,5,245.2,0,28,8,0,0,0,0,0,0,False,,0,0,,,,,,0,0,0,0,0,0,fronteira alcancada; atualizando mapa
13694.173,238.502,navigating,-3.4565,1.3722,0.3555,70.59,0.21,0.0113,0.0628,12.125,55.66,6367,5,257,5,245.2,5,32,8,0,0,0,0,0,0,False,,0,0,,,,,,0,0,0,0,0,0,navegando para fronteira
13694.645,239.0,navigating,-3.4436,1.3762,0.3544,73.99,0.28,0.0126,0.1575,12.139,55.66,6367,5,257,5,245.2,5,32,8,0,0,0,0,0,0,False,,0,0,,,,,,0,0,0,0,0,0,navegando para fronteira
13695.12,239.5,navigating,-3.448,1.3829,0.3548,77.71,0.23,0.0122,0.1479,12.152,55.66,6367,5,257,5,245.2,5,32,8,0,0,0,0,0,0,False,,0,0,,,,,,0,0,0,0,0,0,navegando para fronteira
13695.612,240.0,navigating,-3.4545,1.3873,0.3581,82.19,0.27,0.0156,0.2,12.164,55.66,6367,5,257,5,245.2,5,32,8,0,0,0,0,0,0,False,,0,0,,,,,,0,0,0,0,0,0,navegando para fronteira
13696.089,240.5,navigating,-3.4448,1.3914,0.3544,86.4,0.15,0.0139,0.1908,12.176,55.66,6367,5,257,5,245.2,5,32,8,0,0,0,0,0,0,False,,0,0,,,,,,0,0,0,0,0,0,navegando para fronteira
13696.574,241.0,navigating,-3.445,1.4046,0.3509,90.42,0.14,0.019,0.1735,12.191,55.66,6367,5,257,5,245.2,5,32,8,0,0,0,0,0,0,False,,0,0,,,,,,0,0,0,0,0,0,navegando para fronteira
13697.059,241.5,navigating,-3.4604,1.4144,0.351,93.84,0.47,0.0223,0.1752,12.211,55.66,6367,5,257,5,245.2,5,32,8,0,0,0,0,0,0,False,,0,0,,,,,,0,0,0,0,0,0,navegando para fronteira
13697.522,242.0,navigating,-3.4541,1.418,0.3576,97.06,0.29,0.0119,0.133,12.224,55.66,6367,5,257,5,245.2,5,32,8,0,0,0,0,0,0,False,,0,0,,,,,,0,0,0,0,0,0,navegando para fronteira
13698.009,242.5,navigating,-3.449,1.4213,0.3549,100.49,0.13,0.0208,0.1299,12.237,55.66,6367,5,257,5,245.2,5,32,8,0,0,0,0,0,0,False,,0,0,,,,,,0,0,0,0,0,0,navegando para fronteira
13698.504,243.0,navigating,-3.4606,1.4203,0.3588,103.95,0.3,0.0167,0.1165,12.254,55.66,6367,5,257,5,245.2,5,32,8,0,0,0,0,0,0,False,,0,0,,,,,,0,0,0,0,0,0,navegando para fronteira
13698.985,243.5,navigating,-3.4562,1.4317,0.3528,107.53,0.21,0.0278,0.1289,12.267,55.66,6367,5,257,5,245.2,5,32,8,0,0,0,0,0,0,False,,0,0,,,,,,0,0,0,0,0,0,navegando para fronteira
13699.477,244.0,navigating,-3.4665,1.4415,0.3566,110.92,0.22,0.0339,0.1388,12.282,55.66,6367,5,257,5,245.2,5,32,8,0,0,0,0,0,0,False,,0,0,,,,,,0,0,0,0,0,0,navegando para fronteira
13699.954,244.501,navigating,-3.4727,1.4529,0.3564,114.43,0.25,0.0361,0.1218,12.297,55.66,6367,5,257,5,245.2,5,32,8,0,0,0,0,0,0,False,,0,0,,,,,,0,0,0,0,0,0,navegando para fronteira
13700.435,245.0,navigating,-3.4754,1.469,0.3576,117.43,0.21,0.0356,0.1127,12.314,55.66,6367,5,257,5,245.2,5,32,8,0,0,0,0,0,0,False,,0,0,,,,,,0,0,0,0,0,0,navegando para fronteira
13700.913,245.5,navigating,-3.4911,1.4809,0.3585,120.72,0.2,0.0331,0.1626,12.334,56.37,6448,5,257,5,245.2,5,32,8,0,0,0,0,0,0,False,,0,0,,,,,,0,0,0,0,0,0,navegando para fronteira
13701.387,246.0,navigating,-3.5025,1.4936,0.3569,122.54,0.18,0.0324,0.1343,12.352,56.37,6448,5,257,5,245.2,5,32,8,0,0,0,0,0,0,False,,0,0,,,,,,0,0,0,0,0,0,navegando para fronteira
13701.867,246.5,navigating,-3.5119,1.5094,0.3545,125.17,0.14,0.0331,0.0702,12.371,56.37,6448,5,257,5,245.2,5,32,8,0,0,0,0,0,0,False,,0,0,,,,,,0,0,0,0,0,0,navegando para fronteira
13702.328,247.0,navigating,-3.5253,1.5138,0.359,128.48,0.14,0.0221,0.1711,12.387,56.37,6448,5,257,5,245.2,5,32,8,0,0,0,0,0,0,False,,0,0,,,,,,0,0,0,0,0,0,navegando para fronteira
13702.789,247.501,navigating,-3.5316,1.5236,0.3527,131.57,0.08,0.033,0.111,12.4,56.37,6448,5,257,5,245.2,5,32,8,0,0,0,0,0,0,False,,0,0,,,,,,0,0,0,0,0,0,navegando para fronteira
13703.274,248.0,navigating,-3.547,1.5247,0.3634,134.55,0.28,0.0215,0.0395,12.42,56.37,6448,5,257,5,245.2,5,32,8,0,0,0,0,0,0,False,,0,0,,,,,,0,0,0,0,0,0,navegando para fronteira
13703.753,248.5,navigating,-3.5487,1.5385,0.3608,135.75,0.3,0.0286,-0.0045,12.436,56.37,6448,5,257,5,245.2,5,32,8,0,0,0,0,0,0,False,,0,0,,,,,,0,0,0,0,0,0,navegando para fronteira
13704.221,249.0,navigating,-3.5686,1.5396,0.3597,136.92,0.54,0.0363,0.041,12.459,56.37,6448,5,257,5,245.2,5,32,8,0,0,0,0,0,0,False,,0,0,,,,,,0,0,0,0,0,0,navegando para fronteira
13704.678,249.5,navigating,-3.581,1.5444,0.3588,138.02,0.21,0.0,0.0,12.476,56.37,6448,5,257,5,245.2,5,32,8,0,0,0,0,0,0,False,,0,0,,,,,,0,0,0,0,0,0,navegando para fronteira
13705.163,250.0,navigating,-3.5783,1.5508,0.3568,138.0,0.21,0.0,0.0,12.492,56.37,6448,5,257,5,245.2,5,32,8,0,0,0,0,0,0,False,,0,0,,,,,,0,0,0,0,0,0,navegando para fronteira
13705.658,250.501,selecting,-3.5819,1.5523,0.3571,137.96,0.27,0.0,-0.0158,12.496,56.37,6448,6,154,6,284.4,0,33,9,0,0,0,0,0,0,False,,0,0,,,,,,0,0,0,0,0,0,fronteira alcancada; atualizando mapa
13706.127,251.0,navigating,-3.5797,1.5542,0.3567,137.46,0.35,0.0036,-0.041,12.5,56.37,6448,6,154,6,284.4,6,38,9,0,0,0,0,0,0,False,,0,0,,,,,,0,0,0,0,0,0,navegando para fronteira
13706.61,251.5,navigating,-3.5846,1.5608,0.3542,136.13,0.19,0.0165,-0.0935,12.514,56.37,6448,6,154,6,284.4,6,38,9,0,0,0,0,0,0,False,,0,0,,,,,,0,0,0,0,0,0,navegando para fronteira
13707.079,252.0,navigating,-3.592,1.5557,0.3514,134.25,0.12,0.0024,-0.1244,12.525,56.37,6448,6,154,6,284.4,6,38,9,0,0,0,0,0,0,False,,0,0,,,,,,0,0,0,0,0,0,navegando para fronteira
13707.528,252.5,navigating,-3.5834,1.5648,0.3504,131.36,0.43,0.0035,-0.1808,12.538,56.37,6448,6,154,6,284.4,6,38,9,0,0,0,0,0,0,False,,0,0,,,,,,0,0,0,0,0,0,navegando para fronteira
13708.026,253.0,navigating,-3.5908,1.5625,0.3548,127.08,0.08,0.0008,-0.171,12.555,56.37,6448,6,154,6,284.4,6,38,9,0,0,0,0,0,0,False,,0,0,,,,,,0,0,0,0,0,0,navegando para fronteira
13708.509,253.5,navigating,-3.5933,1.5573,0.3568,122.61,0.14,0.0089,-0.1914,12.565,56.37,6448,6,154,6,284.4,6,38,9,0,0,0,0,0,0,False,,0,0,,,,,,0,0,0,0,0,0,navegando para fronteira
13708.999,254.0,navigating,-3.5979,1.5551,0.3568,118.37,0.09,0.0013,-0.1587,12.575,56.37,6448,6,154,6,284.4,6,38,9,0,0,0,0,0,0,False,,0,0,,,,,,0,0,0,0,0,0,navegando para fronteira
13709.489,254.5,navigating,-3.5987,1.5548,0.3569,113.58,0.13,0.0072,-0.191,12.58,56.37,6448,6,154,6,284.4,6,38,9,0,0,0,0,0,0,False,,0,0,,,,,,0,0,0,0,0,0,navegando para fronteira
13709.973,255.0,navigating,-3.5977,1.56,0.3564,108.93,0.25,0.0096,-0.1888,12.587,56.37,6448,6,154,6,284.4,6,38,9,0,0,0,0,0,0,False,,0,0,,,,,,0,0,0,0,0,0,navegando para fronteira
13710.454,255.5,navigating,-3.6054,1.5576,0.359,104.71,0.19,0.0097,-0.1928,12.597,56.37,6448,6,154,6,284.4,6,38,9,0,0,0,0,0,0,False,,0,0,,,,,,0,0,0,0,0,0,navegando para fronteira
13710.949,256.0,navigating,-3.6009,1.5626,0.3563,100.2,0.42,0.013,-0.1872,12.607,56.37,6448,6,154,6,284.4,6,38,9,0,0,0,0,0,0,False,,0,0,,,,,,0,0,0,0,0,0,navegando para fronteira
13711.428,256.5,navigating,-3.609,1.5646,0.3546,96.29,0.11,0.0096,-0.1783,12.619,56.37,6448,6,154,6,284.4,6,38,9,0,0,0,0,0,0,False,,0,0,,,,,,0,0,0,0,0,0,navegando para fronteira
13711.909,257.0,navigating,-3.6164,1.5615,0.3572,92.4,0.19,0.0101,-0.1724,12.635,56.37,6448,6,154,6,284.4,6,38,9,0,0,0,0,0,0,False,,0,0,,,,,,0,0,0,0,0,0,navegando para fronteira
13712.399,257.5,navigating,-3.6054,1.5651,0.354,88.74,0.39,0.0072,-0.1321,12.647,56.37,6448,6,154,6,284.4,6,38,9,0,0,0,0,0,0,False,,0,0,,,,,,0,0,0,0,0,0,navegando para fronteira
13712.888,258.0,navigating,-3.6124,1.5659,0.3537,85.03,0.1,0.009,-0.1406,12.658,56.37,6448,6,154,6,284.4,6,38,9,0,0,0,0,0,0,False,,0,0,,,,,,0,0,0,0,0,0,navegando para fronteira
13713.376,258.5,navigating,-3.6181,1.5698,0.3555,81.62,0.14,0.0121,-0.1115,12.667,56.37,6448,6,154,6,284.4,6,38,9,0,0,0,0,0,0,False,,0,0,,,,,,0,0,0,0,0,0,navegando para fronteira
13713.819,259.001,navigating,-3.6123,1.5706,0.3585,78.84,0.25,0.0058,-0.101,12.674,56.37,6448,6,154,6,284.4,6,38,9,0,0,0,0,0,0,False,,0,0,,,,,,0,0,0,0,0,0,navegando para fronteira
13714.316,259.5,navigating,-3.608,1.571,0.3536,76.0,0.27,0.0115,-0.1012,12.685,56.37,6448,6,154,6,284.4,6,38,9,0,0,0,0,0,0,False,,0,0,,,,,,0,0,0,0,0,0,navegando para fronteira
13714.805,260.0,navigating,-3.6216,1.5715,0.3564,73.59,0.24,0.0031,-0.0868,12.701,56.37,6448,6,154,6,284.4,6,38,9,0,0,0,0,0,0,False,,0,0,,,,,,0,0,0,0,0,0,navegando para fronteira
13715.273,260.5,navigating,-3.6116,1.5734,0.3565,71.38,0.31,0.0177,-0.1295,12.713,56.37,6448,6,154,6,284.4,6,38,9,0,0,0,0,0,0,False,,0,0,,,,,,0,0,0,0,0,0,navegando para fronteira
13715.748,261.0,navigating,-3.6124,1.5763,0.3548,68.74,0.07,0.0109,-0.1025,12.718,56.37,6448,6,154,6,284.4,6,38,9,0,0,0,0,0,0,False,,0,0,,,,,,0,0,0,0,0,0,navegando para fronteira
13716.251,261.5,navigating,-3.6144,1.5829,0.3556,65.94,0.11,0.0141,-0.175,12.727,56.37,6448,6,154,6,284.4,6,38,9,0,0,0,0,0,0,False,,0,0,,,,,,0,0,0,0,0,0,navegando para fronteira
13716.71,262.0,navigating,-3.6151,1.588,0.3553,63.56,0.18,0.0169,-0.1794,12.733,56.37,6448,6,154,6,284.4,6,38,9,0,0,0,0,0,0,False,,0,0,,,,,,0,0,0,0,0,0,navegando para fronteira
13717.199,262.5,navigating,-3.6057,1.5922,0.3564,60.54,0.53,0.022,-0.0747,12.746,56.67,6483,6,154,6,284.4,6,38,9,0,0,0,0,0,0,False,,0,0,,,,,,0,0,0,0,0,0,navegando para fronteira
13717.63,263.0,navigating,-3.6043,1.6028,0.3508,58.43,0.16,0.0201,-0.087,12.759,56.67,6483,6,154,6,284.4,6,38,9,0,0,0,0,0,0,False,,0,0,,,,,,0,0,0,0,0,0,navegando para fronteira
13718.141,263.5,navigating,-3.6027,1.6215,0.3622,55.79,0.08,0.0259,-0.1228,12.779,56.67,6483,6,154,6,284.4,6,38,9,0,0,0,0,0,0,False,,0,0,,,,,,0,0,0,0,0,0,navegando para fronteira
13718.613,264.0,navigating,-3.5879,1.6262,0.3576,52.77,0.45,0.0262,-0.0822,12.795,56.67,6483,6,154,6,284.4,6,38,9,0,0,0,0,0,0,False,,0,0,,,,,,0,0,0,0,0,0,navegando para fronteira
13719.094,264.5,navigating,-3.594,1.6406,0.3543,50.53,0.59,0.0208,-0.1281,12.812,56.67,6483,6,154,6,284.4,6,38,9,0,0,0,0,0,0,False,,0,0,,,,,,0,0,0,0,0,0,navegando para fronteira
13719.555,265.0,navigating,-3.5925,1.6416,0.3587,48.35,0.23,0.0158,-0.1125,12.831,56.67,6483,6,154,6,284.4,6,38,9,0,0,0,0,0,0,False,,0,0,,,,,,0,0,0,0,0,0,navegando para fronteira
13720.014,265.5,navigating,-3.5698,1.6359,0.3593,46.05,0.8,0.0245,-0.1261,12.858,56.67,6483,6,154,6,284.4,6,38,9,0,0,0,0,0,0,False,,0,0,,,,,,0,0,0,0,0,0,navegando para fronteira
13720.521,266.002,navigating,-3.5732,1.6638,0.3573,43.25,0.62,0.032,-0.1302,12.887,56.67,6483,6,154,6,284.4,6,38,9,0,0,0,0,0,0,False,,0,0,,,,,,0,0,0,0,0,0,navegando para fronteira
13721.021,266.5,navigating,-3.572,1.6657,0.3498,40.35,0.26,0.0284,-0.1163,12.909,56.67,6483,6,154,6,284.4,6,38,9,0,0,0,0,0,0,False,,0,0,,,,,,0,0,0,0,0,0,navegando para fronteira
13721.523,267.0,navigating,-3.5422,1.6442,0.3536,37.39,1.04,0.0176,-0.0919,12.949,56.67,6483,6,154,6,284.4,6,38,9,0,0,0,0,0,0,False,,0,0,,,,,,0,0,0,0,0,0,navegando para fronteira
13722.005,267.5,navigating,-3.5417,1.6681,0.3559,34.74,0.45,0.0302,-0.0923,12.978,56.67,6483,6,154,6,284.4,6,38,9,0,0,0,0,0,0,False,,0,0,,,,,,0,0,0,0,0,0,navegando para fronteira
13722.47,268.0,navigating,-3.5263,1.6919,0.3562,31.9,0.22,0.0477,-0.1141,13.01,56.67,6483,6,154,6,284.4,6,38,9,0,0,0,0,0,0,False,,0,0,,,,,,0,0,0,0,0,0,navegando para fronteira
13722.962,268.5,navigating,-3.49,1.6797,0.3594,28.49,0.93,0.0451,-0.1333,13.049,56.67,6483,6,154,6,284.4,6,38,9,0,0,0,0,0,0,False,,0,0,,,,,,0,0,0,0,0,0,navegando para fronteira
13723.393,269.0,navigating,-3.492,1.6898,0.358,26.05,0.39,0.0286,-0.1104,13.066,56.67,6483,6,154,6,284.4,6,38,9,0,0,0,0,0,0,False,,0,0,,,,,,0,0,0,0,0,0,navegando para fronteira
13723.857,269.5,navigating,-3.4818,1.702,0.3561,23.55,0.14,0.0403,-0.1234,13.088,56.67,6483,6,154,6,284.4,6,38,9,0,0,0,0,0,0,False,,0,0,,,,,,0,0,0,0,0,0,navegando para fronteira
13724.308,270.0,navigating,-3.4515,1.6891,0.3497,21.05,0.6,0.0476,-0.129,13.123,56.67,6483,6,154,6,284.4,6,38,9,0,0,0,0,0,0,False,,0,0,,,,,,0,0,0,0,0,0,navegando para fronteira
13724.797,270.5,navigating,-3.4389,1.6817,0.3502,18.22,0.59,0.0274,-0.1176,13.146,56.77,6494,6,154,6,284.4,6,38,9,0,0,0,0,0,0,False,,0,0,,,,,,0,0,0,0,0,0,navegando para fronteira
13725.277,271.0,navigating,-3.42,1.7147,0.3535,16.15,0.65,0.0695,-0.0995,13.184,56.77,6494,6,154,6,284.4,6,38,9,0,0,0,0,0,0,False,,0,0,,,,,,0,0,0,0,0,0,navegando para fronteira
13725.725,271.5,navigating,-3.394,1.7054,0.3599,13.74,0.73,0.0614,-0.1097,13.214,56.77,6494,6,154,6,284.4,6,38,9,0,0,0,0,0,0,False,,0,0,,,,,,0,0,0,0,0,0,navegando para fronteira
13726.242,272.0,navigating,-3.3563,1.7102,0.3608,10.79,0.27,0.0696,-0.0851,13.256,56.77,6494,6,154,6,284.4,6,38,9,0,0,0,0,0,0,False,,0,0,,,,,,0,0,0,0,0,0,navegando para fronteira
13726.691,272.5,navigating,-3.324,1.731,0.3651,8.75,0.33,0.0815,-0.0815,13.295,56.77,6494,6,154,6,284.4,6,38,9,0,0,0,0,0,0,False,,0,0,,,,,,0,0,0,0,0,0,navegando para fronteira
13727.166,273.0,navigating,-3.2784,1.729,0.3624,7.18,0.43,0.0949,-0.0606,13.341,56.77,6494,6,154,6,284.4,6,38,9,0,0,0,0,0,0,False,,0,0,,,,,,0,0,0,0,0,0,navegando para fronteira
13727.652,273.5,navigating,-3.2299,1.7336,0.3621,5.71,0.34,0.1049,-0.0636,13.39,56.8,6497,6,154,6,284.4,6,38,9,0,0,0,0,0,0,False,,0,0,,,,,,0,0,0,0,0,0,navegando para fronteira
13728.114,274.0,navigating,-3.1776,1.7398,0.3501,4.35,0.24,0.1151,-0.0487,13.443,56.8,6497,6,154,6,284.4,6,38,9,0,0,0,0,0,0,False,,0,0,,,,,,0,0,0,0,0,0,navegando para fronteira
13728.612,274.501,navigating,-3.1175,1.7431,0.3561,3.16,0.17,0.1129,-0.0716,13.503,56.8,6497,6,154,6,284.4,6,38,9,0,0,0,0,0,0,False,,0,0,,,,,,0,0,0,0,0,0,navegando para fronteira
13729.107,275.0,navigating,-3.0505,1.7423,0.3578,1.83,0.25,0.1199,-0.0684,13.571,56.8,6497,6,154,6,284.4,6,38,9,0,0,0,0,0,0,False,,0,0,,,,,,0,0,0,0,0,0,navegando para fronteira
13729.566,275.5,navigating,-2.9849,1.7497,0.3587,0.44,0.36,0.1376,-0.0725,13.637,56.8,6497,6,154,6,284.4,6,38,9,0,0,0,0,0,0,False,,0,0,,,,,,0,0,0,0,0,0,navegando para fronteira
13730.06,276.0,navigating,-2.9221,1.7396,0.3631,-1.36,0.5,0.1268,-0.0672,13.701,56.8,6497,6,154,6,284.4,6,38,9,0,0,0,0,0,0,False,,0,0,,,,,,0,0,0,0,0,0,navegando para fronteira
13730.545,276.5,navigating,-2.8471,1.7476,0.361,-2.95,0.28,0.1366,-0.0424,13.777,56.85,6503,6,154,6,284.4,6,38,9,0,0,0,0,0,0,False,,0,0,,,,,,0,0,0,0,0,0,navegando para fronteira
13731.008,277.0,navigating,-2.7756,1.7431,0.3598,-4.06,0.16,0.1366,-0.0163,13.849,56.85,6503,6,154,6,284.4,6,38,9,0,0,0,0,0,0,False,,0,0,,,,,,0,0,0,0,0,0,navegando para fronteira
13731.509,277.5,navigating,-2.7017,1.7303,0.3606,-5.05,0.38,0.1349,-0.0275,13.925,56.85,6503,6,154,6,284.4,6,38,9,0,0,0,0,0,0,False,,0,0,,,,,,0,0,0,0,0,0,navegando para fronteira
13732.003,278.0,navigating,-2.6309,1.7265,0.3606,-5.62,0.25,0.1299,0.0133,13.996,56.85,6503,6,154,6,284.4,6,38,9,0,0,0,0,0,0,False,,0,0,,,,,,0,0,0,0,0,0,navegando para fronteira
13732.467,278.5,navigating,-2.5692,1.7148,0.3616,-5.47,0.46,0.131,-0.0107,14.059,56.85,6503,6,154,6,284.4,6,38,9,0,0,0,0,0,0,False,,0,0,,,,,,0,0,0,0,0,0,navegando para fronteira
13732.932,279.0,navigating,-2.4972,1.7164,0.3507,-4.53,0.39,0.1338,0.0336,14.131,56.85,6503,6,154,6,284.4,6,38,9,0,0,0,0,0,0,False,,0,0,,,,,,0,0,0,0,0,0,navegando para fronteira
13733.411,279.5,navigating,-2.4233,1.7116,0.348,-3.3,0.22,0.1341,0.0256,14.206,29.93,6921,6,154,6,284.4,6,38,9,0,0,0,0,0,0,False,,0,0,,,,,,0,0,0,0,0,0,navegando para fronteira
13733.894,280.0,navigating,-2.3597,1.6952,0.3539,-2.01,0.33,0.1106,0.0569,14.273,29.93,6921,6,154,6,284.4,6,38,9,0,0,0,0,0,0,False,,0,0,,,,,,0,0,0,0,0,0,navegando para fronteira
13734.372,280.5,navigating,-2.294,1.7104,0.3554,-0.55,0.56,0.1123,0.0482,14.341,29.93,6921,6,154,6,284.4,6,38,9,0,0,0,0,0,0,False,,0,0,,,,,,0,0,0,0,0,0,navegando para fronteira
13734.823,281.0,navigating,-2.2384,1.7043,0.3611,-0.54,0.21,0.1078,-0.0385,14.397,29.93,6921,6,154,6,284.4,6,38,9,0,0,0,0,0,0,False,,0,0,,,,,,0,0,0,0,0,0,navegando para fronteira
13735.309,281.5,navigating,-2.1877,1.6992,0.3583,-0.69,0.18,0.0944,0.0139,14.449,32.1,7422,6,154,6,284.4,6,38,9,0,0,0,0,0,0,False,,0,0,,,,,,0,0,0,0,0,0,navegando para fronteira
13735.779,282.0,navigating,-2.1388,1.7038,0.359,-0.31,0.31,0.0947,0.0221,14.498,32.1,7422,6,154,6,284.4,6,38,9,0,0,0,0,0,0,False,,0,0,,,,,,0,0,0,0,0,0,navegando para fronteira
13736.267,282.5,navigating,-2.0839,1.7001,0.3614,0.08,0.27,0.0999,0.0304,14.553,32.1,7422,6,154,6,284.4,6,38,9,0,0,0,0,0,0,False,,0,0,,,,,,0,0,0,0,0,0,navegando para fronteira
13736.749,283.0,navigating,-2.0346,1.6985,0.3618,0.57,0.25,0.0924,0.0074,14.603,32.1,7422,6,154,6,284.4,6,38,9,0,0,0,0,0,0,False,,0,0,,,,,,0,0,0,0,0,0,navegando para fronteira
13737.222,283.5,navigating,-1.9956,1.7011,0.3612,1.05,0.11,0.0,0.0,14.642,32.1,7422,6,154,6,284.4,6,38,9,0,0,0,0,0,0,False,,0,0,,,,,,0,0,0,0,0,0,navegando para fronteira
13737.721,284.0,navigating,-1.9969,1.6998,0.3587,1.15,0.09,0.0,0.0,14.65,32.1,7422,6,154,6,284.4,6,38,9,0,0,0,0,0,0,False,,0,0,,,,,,0,0,0,0,0,0,navegando para fronteira
13738.207,284.5,navigating,-1.9872,1.7,0.359,1.13,0.11,0.0,0.0,14.66,32.1,7422,6,154,6,284.4,6,38,9,0,0,0,0,0,0,False,,0,0,,,,,,0,0,0,0,0,0,navegando para fronteira
13738.678,285.0,selecting,-1.9867,1.7,0.359,1.13,0.11,0.0033,0.0515,14.66,32.1,7422,4,509,4,221.1,0,39,10,0,0,0,0,0,0,False,,0,0,,,,,,0,0,0,0,0,0,fronteira alcancada; atualizando mapa
13739.159,285.5,navigating,-1.9834,1.7036,0.3565,2.08,0.21,0.0182,0.0699,14.666,32.1,7422,4,509,4,221.1,4,42,10,0,0,0,0,0,0,False,,0,0,,,,,,0,0,0,0,0,0,navegando para fronteira
13739.646,286.0,navigating,-1.9666,1.6967,0.3531,3.48,0.33,0.0293,0.0997,14.685,32.1,7422,4,509,4,221.1,4,42,10,0,0,0,0,0,0,False,,0,0,,,,,,0,0,0,0,0,0,navegando para fronteira
13740.121,286.5,navigating,-1.9556,1.6964,0.3569,5.28,0.28,0.0262,0.0952,14.704,32.1,7422,4,509,4,221.1,4,42,10,0,0,0,0,0,0,False,,0,0,,,,,,0,0,0,0,0,0,navegando para fronteira
13740.609,287.0,navigating,-1.9454,1.7017,0.3576,7.38,0.15,0.0226,0.1127,14.717,32.1,7422,4,509,4,221.1,4,42,10,0,0,0,0,0,0,False,,0,0,,,,,,0,0,0,0,0,0,navegando para fronteira
13741.095,287.5,navigating,-1.9319,1.6938,0.3566,9.98,0.3,0.031,0.1184,14.734,32.1,7422,4,509,4,221.1,4,42,10,0,0,0,0,0,0,False,,0,0,,,,,,0,0,0,0,0,0,navegando para fronteira
13741.593,288.0,navigating,-1.9179,1.7022,0.3583,13.31,0.28,0.0309,0.1285,14.751,32.1,7422,4,509,4,221.1,4,42,10,0,0,0,0,0,0,False,,0,0,,,,,,0,0,0,0,0,0,navegando para fronteira
13742.053,288.5,navigating,-1.9067,1.6969,0.3561,16.63,0.19,0.0231,0.125,14.765,32.1,7422,4,509,4,221.1,4,42,10,0,0,0,0,0,0,False,,0,0,,,,,,0,0,0,0,0,0,navegando para fronteira
13742.522,289.0,navigating,-1.894,1.6982,0.3585,19.81,0.21,0.0231,0.1196,14.779,34.64,8011,4,509,4,221.1,4,42,10,0,0,0,0,0,0,False,,0,0,,,,,,0,0,0,0,0,0,navegando para fronteira
13743.001,289.5,navigating,-1.8854,1.7101,0.3627,23.02,0.39,0.0314,0.1489,14.795,34.64,8011,4,509,4,221.1,4,42,10,0,0,0,0,0,0,False,,0,0,,,,,,0,0,0,0,0,0,navegando para fronteira
13743.48,290.001,navigating,-1.8668,1.7076,0.3591,26.38,0.26,0.0353,0.188,14.815,34.64,8011,4,509,4,221.1,4,42,10,0,0,0,0,0,0,False,,0,0,,,,,,0,0,0,0,0,0,navegando para fronteira
13743.967,290.5,navigating,-1.8532,1.7101,0.3562,29.21,0.2,0.0263,0.1606,14.837,34.64,8011,4,509,4,221.1,4,42,10,0,0,0,0,0,0,False,,0,0,,,,,,0,0,0,0,0,0,navegando para fronteira
13744.464,291.0,navigating,-1.8482,1.7275,0.3561,32.33,0.38,0.0205,0.117,14.858,34.64,8011,4,509,4,221.1,4,42,10,0,0,0,0,0,0,False,,0,0,,,,,,0,0,0,0,0,0,navegando para fronteira
13744.949,291.5,navigating,-1.8229,1.7208,0.3585,34.67,0.7,0.0436,0.0839,14.887,34.64,8011,4,509,4,221.1,4,42,10,0,0,0,0,0,0,False,,0,0,,,,,,0,0,0,0,0,0,navegando para fronteira
13745.426,292.0,navigating,-1.8103,1.7398,0.3559,36.68,0.51,0.05,0.0791,14.917,34.64,8011,4,509,4,221.1,4,42,10,0,0,0,0,0,0,False,,0,0,,,,,,0,0,0,0,0,0,navegando para fronteira
13745.908,292.5,navigating,-1.8086,1.7589,0.357,38.62,0.63,0.0213,0.0914,14.943,34.64,8011,4,509,4,221.1,4,42,10,0,0,0,0,0,0,False,,0,0,,,,,,0,0,0,0,0,0,navegando para fronteira
13746.391,293.0,navigating,-1.7817,1.7389,0.3547,41.8,0.75,0.0254,0.0727,14.978,34.64,8011,4,509,4,221.1,4,42,10,0,0,0,0,0,0,False,,0,0,,,,,,0,0,0,0,0,0,navegando para fronteira
13746.873,293.5,navigating,-1.7675,1.7573,0.3596,44.41,0.26,0.0414,0.0909,15.009,34.64,8011,4,509,4,221.1,4,42,10,0,0,0,0,0,0,False,,0,0,,,,,,0,0,0,0,0,0,navegando para fronteira
13747.367,294.0,navigating,-1.7632,1.805,0.36,47.14,0.72,0.0857,0.0458,15.059,34.64,8011,4,509,4,221.1,4,42,10,0,0,0,0,0,0,False,,0,0,,,,,,0,0,0,0,0,0,navegando para fronteira
13747.843,294.5,navigating,-1.712,1.8129,0.3575,48.28,0.96,0.0667,0.0577,15.112,37.39,8645,4,509,4,221.1,4,42,10,0,0,0,0,0,0,False,,0,0,,,,,,0,0,0,0,0,0,navegando para fronteira
13748.319,295.0,navigating,-1.6962,1.8346,0.3583,49.16,0.17,0.047,0.1061,15.146,37.39,8645,4,509,4,221.1,4,42,10,0,0,0,0,0,0,False,,0,0,,,,,,0,0,0,0,0,0,navegando para fronteira
13748.812,295.5,navigating,-1.7026,1.8625,0.3536,50.64,0.52,0.0303,0.0762,15.179,37.39,8645,4,509,4,221.1,4,42,10,0,0,0,0,0,0,False,,0,0,,,,,,0,0,0,0,0,0,navegando para fronteira
13749.305,296.0,navigating,-1.6697,1.8573,0.3546,52.24,0.98,0.0463,0.083,15.215,37.39,8645,4,509,4,221.1,4,42,10,0,0,0,0,0,0,False,,0,0,,,,,,0,0,0,0,0,0,navegando para fronteira
13749.772,296.5,navigating,-1.6685,1.873,0.3558,53.65,0.41,0.042,0.0475,15.242,37.39,8645,4,509,4,221.1,4,42,10,0,0,0,0,0,0,False,,0,0,,,,,,0,0,0,0,0,0,navegando para fronteira
13750.23,297.0,navigating,-1.6731,1.8893,0.3555,55.56,0.33,0.0234,0.0478,15.269,37.39,8645,4,509,4,221.1,4,42,10,0,0,0,0,0,0,False,,0,0,,,,,,0,0,0,0,0,0,navegando para fronteira
13750.704,297.5,navigating,-1.6521,1.8859,0.3538,57.27,0.28,0.0209,0.0646,15.297,37.39,8645,4,509,4,221.1,4,42,10,0,0,0,0,0,0,False,,0,0,,,,,,0,0,0,0,0,0,navegando para fronteira
13751.184,298.0,navigating,-1.6678,1.9144,0.3589,59.49,0.98,0.0469,0.0852,15.333,37.39,8645,4,509,4,221.1,4,42,10,0,0,0,0,0,0,False,,0,0,,,,,,0,0,0,0,0,0,navegando para fronteira
13751.674,298.5,navigating,-1.6518,1.9086,0.3586,61.5,0.76,0.0332,0.1063,15.36,37.39,8645,4,509,4,221.1,4,42,10,0,0,0,0,0,0,False,,0,0,,,,,,0,0,0,0,0,0,navegando para fronteira
13752.163,299.0,navigating,-1.6474,1.9223,0.3571,63.72,0.15,0.0236,0.0921,15.386,37.39,8645,4,509,4,221.1,4,42,10,0,0,0,0,0,0,False,,0,0,,,,,,0,0,0,0,0,0,navegando para fronteira
13752.62,299.5,navigating,-1.6634,1.9378,0.3584,65.4,0.58,0.0209,0.088,15.415,37.39,8645,4,509,4,221.1,4,42,10,0,0,0,0,0,0,False,,0,0,,,,,,0,0,0,0,0,0,navegando para fronteira
13753.089,300.0,navigating,-1.6337,1.9402,0.3542,67.5,0.94,0.0366,0.0943,15.445,37.39,8645,4,509,4,221.1,4,42,10,0,0,0,0,0,0,False,,0,0,,,,,,0,0,0,0,0,0,navegando para fronteira
13753.572,300.5,navigating,-1.6343,1.9605,0.3575,69.69,0.51,0.0526,0.0869,15.478,37.39,8645,4,509,4,221.1,4,42,10,0,0,0,0,0,0,False,,0,0,,,,,,0,0,0,0,0,0,navegando para fronteira
13754.036,301.0,navigating,-1.6529,1.9781,0.3567,71.4,0.75,0.0154,0.0394,15.508,38.5,8903,4,509,4,221.1,4,42,10,0,0,0,0,0,0,False,,0,0,,,,,,0,0,0,0,0,0,navegando para fronteira
13754.531,301.5,navigating,-1.6284,1.9787,0.3555,72.89,0.6,0.0233,0.0323,15.535,38.5,8903,4,509,4,221.1,4,42,10,0,0,0,0,0,0,False,,0,0,,,,,,0,0,0,0,0,0,navegando para fronteira
13755.011,302.001,navigating,-1.6281,2.0026,0.3529,74.23,0.37,0.0476,0.0317,15.566,38.5,8903,4,509,4,221.1,4,42,10,0,0,0,0,0,0,False,,0,0,,,,,,0,0,0,0,0,0,navegando para fronteira
13755.511,302.5,navigating,-1.6335,2.0214,0.3592,75.39,0.37,0.0435,0.0333,15.599,38.5,8903,4,509,4,221.1,4,42,10,0,0,0,0,0,0,False,,0,0,,,,,,0,0,0,0,0,0,navegando para fronteira
13755.998,303.0,navigating,-1.611,2.0279,0.3599,76.31,0.56,0.0234,0.0674,15.626,38.5,8903,4,509,4,221.1,4,42,10,0,0,0,0,0,0,False,,0,0,,,,,,0,0,0,0,0,0,navegando para fronteira
13756.458,303.5,navigating,-1.6251,2.0467,0.3582,76.98,0.7,0.033,0.0264,15.654,38.5,8903,4,509,4,221.1,4,42,10,0,0,0,0,0,0,False,,0,0,,,,,,0,0,0,0,0,0,navegando para fronteira
13756.943,304.0,navigating,-1.6127,2.0703,0.3547,76.76,0.33,0.0458,-0.0276,15.683,38.5,8903,4,509,4,221.1,4,42,10,0,0,0,0,0,0,False,,0,0,,,,,,0,0,0,0,0,0,navegando para fronteira
13757.411,304.5,navigating,-1.6011,2.0879,0.3536,76.12,0.31,0.0399,0.0051,15.708,38.5,8903,4,509,4,221.1,4,42,10,0,0,0,0,0,0,False,,0,0,,,,,,0,0,0,0,0,0,navegando para fronteira
13757.902,305.0,navigating,-1.6195,2.0999,0.3553,76.34,0.61,0.0072,0.0425,15.734,38.5,8903,4,509,4,221.1,4,42,10,0,0,0,0,0,0,False,,0,0,,,,,,0,0,0,0,0,0,navegando para fronteira
13758.363,305.5,navigating,-1.6003,2.1029,0.3514,77.11,0.74,0.0222,0.0001,15.757,38.5,8903,4,509,4,221.1,4,42,10,0,0,0,0,0,0,False,,0,0,,,,,,0,0,0,0,0,0,navegando para fronteira
13758.824,306.0,navigating,-1.595,2.1139,0.3451,77.73,0.1,0.037,-0.0102,15.779,38.5,8903,4,509,4,221.1,4,42,10,0,0,0,0,0,0,False,,0,0,,,,,,0,0,0,0,0,0,navegando para fronteira
13759.309,306.5,navigating,-1.6152,2.1395,0.3488,77.82,0.7,0.0384,0.0,15.816,38.5,8903,4,509,4,221.1,4,42,10,0,0,0,0,0,0,False,,0,0,,,,,,0,0,0,0,0,0,navegando para fronteira
13759.765,307.0,navigating,-1.589,2.1341,0.3622,78.17,0.86,0.0,-0.0478,15.846,38.5,8903,4,509,4,221.1,4,42,10,0,0,0,0,0,0,False,,0,0,,,,,,0,0,0,0,0,0,navegando para fronteira
13760.245,307.5,navigating,-1.5979,2.1426,0.364,77.93,0.57,0.0148,0.0128,15.872,38.5,8903,4,509,4,221.1,4,42,10,0,0,0,0,0,0,False,,0,0,,,,,,0,0,0,0,0,0,navegando para fronteira
13760.736,308.0,navigating,-1.6102,2.1482,0.3554,77.76,0.39,0.0196,0.0136,15.893,38.5,8903,4,509,4,221.1,4,42,10,0,0,0,0,0,0,False,,0,0,,,,,,0,0,0,0,0,0,navegando para fronteira
13761.208,308.5,navigating,-1.5865,2.156,0.3591,77.63,0.64,0.0237,0.0317,15.921,38.5,8903,4,509,4,221.1,4,42,10,0,0,0,0,0,0,False,,0,0,,,,,,0,0,0,0,0,0,navegando para fronteira
13761.703,309.0,navigating,-1.5936,2.1703,0.3563,77.66,0.39,0.0193,0.0067,15.94,38.5,8903,4,509,4,221.1,4,42,10,0,0,0,0,0,0,False,,0,0,,,,,,0,0,0,0,0,0,navegando para fronteira
13762.18,309.503,navigating,-1.6,2.1798,0.3578,77.47,0.1,0.0092,0.01,15.957,38.5,8903,4,509,4,221.1,4,42,10,0,0,0,0,0,0,False,,0,0,,,,,,0,0,0,0,0,0,navegando para fronteira
13762.676,310.0,navigating,-1.5862,2.1802,0.3572,77.72,0.63,0.0162,-0.0129,15.974,38.5,8903,4,509,4,221.1,4,42,10,0,0,0,0,0,0,False,,0,0,,,,,,0,0,0,0,0,0,navegando para fronteira
13763.164,310.5,navigating,-1.5946,2.1896,0.3542,77.82,0.34,0.0195,-0.0238,15.988,38.5,8903,4,509,4,221.1,4,42,10,0,0,0,0,0,0,False,,0,0,,,,,,0,0,0,0,0,0,navegando para fronteira
13763.649,311.0,navigating,-1.5961,2.1933,0.3523,77.67,0.2,0.0144,-0.0262,16.004,38.5,8903,4,509,4,221.1,4,42,10,0,0,0,0,0,0,False,,0,0,,,,,,0,0,0,0,0,0,navegando para fronteira
13764.11,311.5,navigating,-1.5874,2.1926,0.3521,77.64,0.14,0.0033,-0.0142,16.019,38.5,8903,4,509,4,221.1,4,42,10,0,0,0,0,0,0,False,,0,0,,,,,,0,0,0,0,0,0,navegando para fronteira
13764.595,312.0,navigating,-1.59,2.1949,0.3544,77.23,0.18,0.0128,-0.0263,16.026,38.5,8903,4,509,4,221.1,4,42,10,0,0,0,0,0,0,False,,0,0,,,,,,0,0,0,0,0,0,navegando para fronteira
13765.084,312.5,navigating,-1.586,2.196,0.3604,76.95,0.17,0.0063,0.0151,16.036,38.5,8903,4,509,4,221.1,4,42,10,0,0,0,0,0,0,False,,0,0,,,,,,0,0,0,0,0,0,navegando para fronteira
13765.542,313.0,navigating,-1.5946,2.198,0.3539,76.6,0.37,0.0038,0.022,16.046,38.5,8903,4,509,4,221.1,4,42,10,0,0,0,0,0,0,False,,0,0,,,,,,0,0,0,0,0,0,navegando para fronteira
13766.023,313.5,navigating,-1.5948,2.1948,0.3497,76.26,0.2,0.0023,0.0017,16.054,38.5,8903,4,509,4,221.1,4,42,10,0,0,0,0,0,0,False,,0,0,,,,,,0,0,0,0,0,0,navegando para fronteira
13766.521,314.0,navigating,-1.5851,2.1943,0.3562,75.99,0.35,0.013,-0.0025,16.066,38.5,8903,4,509,4,221.1,4,42,10,0,0,0,0,0,0,False,,0,0,,,,,,0,0,0,0,0,0,navegando para fronteira
13767.013,314.5,navigating,-1.5921,2.1978,0.3564,75.97,0.3,0.0104,-0.0257,16.076,38.5,8903,4,509,4,221.1,4,42,10,0,0,0,0,0,0,False,,0,0,,,,,,0,0,0,0,0,0,navegando para fronteira
13767.494,315.0,navigating,-1.5903,2.1979,0.3532,75.87,0.18,0.0049,-0.0187,16.086,38.5,8903,4,509,4,221.1,4,42,10,0,0,0,0,0,0,False,,0,0,,,,,,0,0,0,0,0,0,navegando para fronteira
13767.962,315.501,navigating,-1.5847,2.1971,0.3487,76.12,0.32,0.0047,-0.008,16.096,38.5,8903,4,509,4,221.1,4,42,10,0,0,0,0,0,0,False,,0,0,,,,,,0,0,0,0,0,0,navegando para fronteira
13768.449,316.0,navigating,-1.5928,2.2054,0.3528,76.35,0.32,0.0134,-0.0071,16.108,38.5,8903,4,509,4,221.1,4,42,10,0,0,0,0,0,0,False,,0,0,,,,,,0,0,0,0,0,0,navegando para fronteira
13768.908,316.5,navigating,-1.5998,2.2061,0.3518,76.37,0.39,0.0125,0.0135,16.119,38.5,8903,4,509,4,221.1,4,42,10,0,0,0,0,0,0,False,,0,0,,,,,,0,0,0,0,0,0,navegando para fronteira
13769.388,317.001,navigating,-1.5804,2.2022,0.3554,76.36,0.74,0.0044,0.0183,16.144,38.5,8903,4,509,4,221.1,4,42,10,0,0,0,0,0,0,False,,0,0,,,,,,0,0,0,0,0,0,navegando para fronteira
13769.88,317.5,navigating,-1.5903,2.2069,0.355,76.18,0.25,0.0037,0.0088,16.162,38.5,8903,4,509,4,221.1,4,42,10,0,0,0,0,0,0,False,,0,0,,,,,,0,0,0,0,0,0,navegando para fronteira
13770.362,318.0,navigating,-1.6047,2.2055,0.3525,76.0,0.24,0.0,0.0,16.186,38.5,8903,4,509,4,221.1,4,42,10,0,0,0,0,0,0,False,,0,0,,,,,,0,0,0,0,0,0,navegando para fronteira
13770.843,318.5,navigating,-1.6018,2.2061,0.3555,76.05,0.22,0.0,0.0,16.194,38.5,8903,4,509,4,221.1,4,42,10,0,0,0,0,0,0,False,,0,0,,,,,,0,0,0,0,0,0,navegando para fronteira
13771.308,319.0,navigating,-1.6017,2.2081,0.3559,76.04,0.3,0.0,0.0,16.196,38.5,8903,4,509,4,221.1,4,42,10,0,0,0,0,0,0,False,,0,0,,,,,,0,0,0,0,0,0,navegando para fronteira
13771.8,319.5,selecting,-1.6017,2.2081,0.3559,76.04,0.3,0.0,0.0,16.196,38.5,8903,7,835,7,362.0,0,43,11,0,0,0,0,0,0,False,,0,0,,,,,,0,0,0,0,0,0,fronteira alcancada; atualizando mapa
13772.229,320.0,navigating,-1.5942,2.2111,0.3526,75.97,0.37,0.0322,-0.0025,16.205,38.5,8903,7,835,7,362.0,7,57,11,0,3,0,0,0,0,False,,0,0,,,,,,0,0,0,0,0,0,navegando para fronteira
13772.759,320.5,navigating,-1.5965,2.2587,0.3553,76.46,0.64,0.0874,0.0349,16.255,38.5,8903,7,835,7,362.0,7,57,11,0,3,0,0,0,0,False,,0,0,,,,,,0,0,0,0,0,0,navegando para fronteira
13773.227,321.0,navigating,-1.5953,2.2978,0.3579,77.28,0.37,0.0942,0.0544,16.299,38.5,8903,7,835,7,362.0,7,57,11,0,3,0,0,0,0,False,,0,0,,,,,,0,0,0,0,0,0,navegando para fronteira
13773.706,321.501,navigating,-1.5581,2.3316,0.3526,78.07,0.87,0.0703,0.0426,16.35,39.88,9221,7,835,7,362.0,7,57,11,0,3,0,0,0,0,False,,0,0,,,,,,0,0,0,0,0,0,navegando para fronteira
13774.19,322.0,navigating,-1.5604,2.3725,0.3509,78.71,0.28,0.074,0.0533,16.394,39.88,9221,7,835,7,362.0,7,57,11,0,3,0,0,0,0,False,,0,0,,,,,,0,0,0,0,0,0,navegando para fronteira
13774.678,322.5,navigating,-1.5696,2.4098,0.3544,79.31,0.32,0.0589,0.0323,16.435,39.88,9221,7,835,7,362.0,7,57,11,0,3,0,0,0,0,False,,0,0,,,,,,0,0,0,0,0,0,navegando para fronteira
13775.164,323.0,navigating,-1.5405,2.4429,0.3591,79.79,0.73,0.087,0.027,16.479,39.88,9221,7,835,7,362.0,7,57,11,0,3,0,0,0,0,False,,0,0,,,,,,0,0,0,0,0,0,navegando para fronteira
13775.645,323.5,navigating,-1.5534,2.487,0.356,80.53,0.75,0.0929,0.0222,16.527,39.88,9221,7,835,7,362.0,7,57,11,0,3,0,0,0,0,False,,0,0,,,,,,0,0,0,0,0,0,navegando para fronteira
13776.123,324.0,navigating,-1.562,2.5159,0.3516,81.2,0.34,0.0513,-0.0074,16.566,39.88,9221,7,835,7,362.0,7,57,11,0,3,0,0,0,0,False,,0,0,,,,,,0,0,0,0,0,0,navegando para fronteira
13776.626,324.5,navigating,-1.5308,2.5427,0.3533,81.24,0.7,0.0567,-0.0015,16.609,39.88,9221,7,835,7,362.0,7,57,11,0,3,0,0,0,0,False,,0,0,,,,,,0,0,0,0,0,0,navegando para fronteira
13777.09,325.0,navigating,-1.5457,2.5862,0.3502,81.54,0.61,0.0832,0.012,16.657,39.88,9221,7,835,7,362.0,7,57,11,0,3,0,0,0,0,False,,0,0,,,,,,0,0,0,0,0,0,navegando para fronteira
13777.581,325.5,navigating,-1.5291,2.6348,0.3538,81.3,0.8,0.1064,-0.0261,16.716,39.88,9221,7,835,7,362.0,7,57,11,0,3,0,0,0,0,False,,0,0,,,,,,0,0,0,0,0,0,navegando para fronteira
13778.073,326.0,navigating,-1.5005,2.6879,0.3563,80.87,0.57,0.1199,-0.0154,16.779,39.88,9221,7,835,7,362.0,7,57,11,0,3,0,0,0,0,False,,0,0,,,,,,0,0,0,0,0,0,navegando para fronteira
13778.565,326.5,navigating,-1.523,2.7559,0.3566,79.75,0.8,0.1116,0.0035,16.853,40.43,9349,7,835,7,362.0,7,57,11,0,3,0,0,0,0,False,,0,0,,,,,,0,0,0,0,0,0,navegando para fronteira
13779.057,327.0,navigating,-1.5045,2.8164,0.3548,79.32,0.38,0.109,-0.0054,16.919,40.43,9349,7,835,7,362.0,7,57,11,0,3,0,0,0,0,False,,0,0,,,,,,0,0,0,0,0,0,navegando para fronteira
13779.518,327.5,navigating,-1.4729,2.8761,0.3548,79.52,0.6,0.142,0.0239,16.989,40.43,9349,7,835,7,362.0,7,57,11,0,3,0,0,0,0,False,,0,0,,,,,,0,0,0,0,0,0,navegando para fronteira
13780.01,328.0,navigating,-1.4882,2.9413,0.3605,79.38,0.9,0.1114,0.022,17.057,40.43,9349,7,835,7,362.0,7,57,11,0,3,0,0,0,0,False,,0,0,,,,,,0,0,0,0,0,0,navegando para fronteira
13780.502,328.5,navigating,-1.4614,2.9925,0.3667,78.87,0.17,0.0983,0.0135,17.118,40.43,9349,7,835,7,362.0,7,57,11,0,3,0,0,0,0,False,,0,0,,,,,,0,0,0,0,0,0,navegando para fronteira
13780.99,329.0,navigating,-1.4443,3.0507,0.3595,81.27,0.23,0.1106,0.0561,17.18,40.43,9349,7,835,7,362.0,7,57,11,0,3,0,0,0,0,False,,0,0,,,,,,0,0,0,0,0,0,navegando para fronteira
13781.483,329.5,navigating,-1.4552,3.1147,0.3601,83.32,0.64,0.1209,0.0799,17.245,40.57,9382,7,835,7,362.0,7,57,11,0,3,0,0,0,0,False,,0,0,,,,,,0,0,0,0,0,0,navegando para fronteira
13781.948,330.0,navigating,-1.4397,3.1638,0.3542,85.16,0.37,0.1057,0.0737,17.297,40.57,9382,7,835,7,362.0,7,57,11,0,3,0,0,0,0,False,,0,0,,,,,,0,0,0,0,0,0,navegando para fronteira
13782.407,330.5,navigating,-1.4463,3.2044,0.3563,86.48,0.44,0.0783,0.0857,17.343,40.57,9382,7,835,7,362.0,7,57,11,0,3,0,0,0,0,False,,0,0,,,,,,0,0,0,0,0,0,navegando para fronteira
13782.9,331.0,navigating,-1.4524,3.242,0.3563,87.85,0.36,0.0711,0.0667,17.381,40.57,9382,7,835,7,362.0,7,57,11,0,3,0,0,0,0,False,,0,0,,,,,,0,0,0,0,0,0,navegando para fronteira
13783.382,331.5,navigating,-1.424,3.2924,0.358,88.95,0.75,0.0936,0.0385,17.44,40.57,9382,7,835,7,362.0,7,57,11,0,3,0,0,0,0,False,,0,0,,,,,,0,0,0,0,0,0,navegando para fronteira
13783.867,332.0,navigating,-1.4443,3.3267,0.3582,89.02,0.78,0.065,-0.0163,17.481,40.57,9382,7,835,7,362.0,7,57,11,0,3,0,0,0,0,False,,0,0,,,,,,0,0,0,0,0,0,navegando para fronteira
13784.358,332.5,navigating,-1.4417,3.3568,0.3569,89.0,0.3,0.0553,-0.0255,17.517,40.57,9382,7,835,7,362.0,7,57,11,0,3,0,0,0,0,False,,0,0,,,,,,0,0,0,0,0,0,navegando para fronteira
13784.818,333.0,navigating,-1.4265,3.3932,0.3517,88.85,0.31,0.0763,-0.0267,17.558,40.57,9382,7,835,7,362.0,7,57,11,0,3,0,0,0,0,False,,0,0,,,,,,0,0,0,0,0,0,navegando para fronteira
13785.3,333.5,navigating,-1.4538,3.429,0.3496,88.83,0.75,0.0635,-0.0136,17.604,41.32,9554,7,835,7,362.0,7,57,11,0,3,0,0,0,0,False,,0,0,,,,,,0,0,0,0,0,0,navegando para fronteira
13785.785,334.0,navigating,-1.4428,3.438,0.3563,88.39,0.09,0.0,0.0,17.625,41.32,9554,7,835,7,362.0,7,57,11,0,3,0,0,0,0,False,,0,0,,,,,,0,0,0,0,0,0,navegando para fronteira
13786.253,334.5,navigating,-1.4469,3.44,0.3561,88.48,0.23,0.0,0.0,17.634,41.32,9554,7,835,7,362.0,7,57,11,0,3,0,0,0,0,False,,0,0,,,,,,0,0,0,0,0,0,navegando para fronteira
13786.722,335.0,selecting,-1.4468,3.4454,0.3565,88.48,0.26,0.0,0.0,17.639,41.32,9554,10,386,10,487.4,0,58,12,0,0,0,0,0,0,False,,0,0,,,,,,0,0,0,0,0,0,fronteira alcancada; atualizando mapa
13787.209,335.502,navigating,-1.4465,3.4461,0.3553,88.59,0.13,0.0018,0.0424,17.64,41.32,9554,10,386,10,487.4,8,69,12,0,2,0,0,0,0,False,,0,0,,,,,,0,0,0,0,0,0,navegando para fronteira
13787.693,336.0,navigating,-1.4477,3.4504,0.353,89.7,0.27,0.0011,0.1017,17.65,41.32,9554,10,386,10,487.4,8,69,12,0,2,0,0,0,0,False,,0,0,,,,,,0,0,0,0,0,0,navegando para fronteira
13788.16,336.5,navigating,-1.4535,3.4441,0.349,91.72,0.06,0.0,0.1199,17.661,41.32,9554,10,386,10,487.4,8,69,12,0,2,0,0,0,0,False,,0,0,,,,,,0,0,0,0,0,0,navegando para fronteira
13788.624,337.001,navigating,-1.4476,3.4479,0.3532,94.83,0.1,0.0075,0.1253,17.67,41.32,9554,10,386,10,487.4,8,69,12,0,2,0,0,0,0,False,,0,0,,,,,,0,0,0,0,0,0,navegando para fronteira
13789.126,337.5,navigating,-1.4533,3.4441,0.3546,98.82,0.14,0.0,0.1642,17.678,41.32,9554,10,386,10,487.4,8,69,12,0,2,0,0,0,0,False,,0,0,,,,,,0,0,0,0,0,0,navegando para fronteira
13789.61,338.0,navigating,-1.4533,3.4403,0.3534,103.4,0.15,0.0001,0.1766,17.684,41.32,9554,10,386,10,487.4,8,69,12,0,2,0,0,0,0,False,,0,0,,,,,,0,0,0,0,0,0,navegando para fronteira
13790.1,338.5,navigating,-1.4509,3.4365,0.3566,107.92,0.15,0.0002,0.1666,17.69,41.32,9554,10,386,10,487.4,8,69,12,0,2,0,0,0,0,False,,0,0,,,,,,0,0,0,0,0,0,navegando para fronteira
13790.585,339.0,navigating,-1.4534,3.431,0.3549,112.56,0.19,0.0009,0.1992,17.698,41.32,9554,10,386,10,487.4,8,69,12,0,2,0,0,0,0,False,,0,0,,,,,,0,0,0,0,0,0,navegando para fronteira
13791.039,339.5,navigating,-1.4584,3.4246,0.3508,116.8,0.38,0.0006,0.1897,17.707,41.32,9554,10,386,10,487.4,8,69,12,0,2,0,0,0,0,False,,0,0,,,,,,0,0,0,0,0,0,navegando para fronteira
13791.509,340.0,navigating,-1.4616,3.406,0.3547,120.65,0.56,0.0,0.2,17.726,41.32,9554,10,386,10,487.4,8,69,12,0,2,0,0,0,0,False,,0,0,,,,,,0,0,0,0,0,0,navegando para fronteira
13791.987,340.501,navigating,-1.4552,3.4187,0.356,124.51,0.32,0.017,0.156,17.742,41.32,9554,10,386,10,487.4,8,69,12,0,2,0,0,0,0,False,,0,0,,,,,,0,0,0,0,0,0,navegando para fronteira
13792.471,341.0,navigating,-1.4602,3.4155,0.3575,128.15,0.28,0.0118,0.1608,17.757,41.32,9554,10,386,10,487.4,8,69,12,0,2,0,0,0,0,False,,0,0,,,,,,0,0,0,0,0,0,navegando para fronteira
13792.959,341.5,navigating,-1.4687,3.4124,0.3534,131.96,0.25,0.0055,0.1532,17.768,41.32,9554,10,386,10,487.4,8,69,12,0,2,0,0,0,0,False,,0,0,,,,,,0,0,0,0,0,0,navegando para fronteira
13793.449,342.0,navigating,-1.4681,3.4118,0.3532,136.01,0.1,0.0105,0.1522,17.775,41.32,9554,10,386,10,487.4,8,69,12,0,2,0,0,0,0,False,,0,0,,,,,,0,0,0,0,0,0,navegando para fronteira
13793.914,342.5,navigating,-1.4739,3.4104,0.3511,139.87,0.1,0.0152,0.1443,17.782,41.32,9554,10,386,10,487.4,8,69,12,0,2,0,0,0,0,False,,0,0,,,,,,0,0,0,0,0,0,navegando para fronteira
13794.398,343.0,navigating,-1.4815,3.4127,0.3548,143.74,0.25,0.0195,0.1262,17.794,41.32,9554,10,386,10,487.4,8,69,12,0,2,0,0,0,0,False,,0,0,,,,,,0,0,0,0,0,0,navegando para fronteira
13794.88,343.5,navigating,-1.4856,3.4239,0.3572,147.0,0.3,0.0224,0.1496,17.809,41.32,9554,10,386,10,487.4,8,69,12,0,2,0,0,0,0,False,,0,0,,,,,,0,0,0,0,0,0,navegando para fronteira
13795.358,344.0,navigating,-1.5041,3.4202,0.3556,150.16,0.44,0.0283,0.1385,17.83,41.32,9554,10,386,10,487.4,8,69,12,0,2,0,0,0,0,False,,0,0,,,,,,0,0,0,0,0,0,navegando para fronteira
13795.847,344.5,navigating,-1.517,3.4269,0.3574,153.05,0.11,0.0244,0.1321,17.846,41.32,9554,10,386,10,487.4,8,69,12,0,2,0,0,0,0,False,,0,0,,,,,,0,0,0,0,0,0,navegando para fronteira
13796.323,345.001,navigating,-1.5256,3.4364,0.3556,155.85,0.21,0.0316,0.1202,17.863,41.32,9554,10,386,10,487.4,8,69,12,0,2,0,0,0,0,False,,0,0,,,,,,0,0,0,0,0,0,navegando para fronteira
13796.784,345.5,navigating,-1.5425,3.4342,0.3549,158.36,0.21,0.0314,0.0979,17.881,41.32,9554,10,386,10,487.4,8,69,12,0,2,0,0,0,0,False,,0,0,,,,,,0,0,0,0,0,0,navegando para fronteira
13797.269,346.0,navigating,-1.5527,3.4353,0.3576,160.55,0.11,0.0168,0.0868,17.894,41.32,9554,10,386,10,487.4,8,69,12,0,2,0,0,0,0,False,,0,0,,,,,,0,0,0,0,0,0,navegando para fronteira
13797.736,346.5,navigating,-1.5593,3.4416,0.3505,162.91,0.07,0.0178,0.0661,17.904,41.32,9554,10,386,10,487.4,8,69,12,0,2,0,0,0,0,False,,0,0,,,,,,0,0,0,0,0,0,navegando para fronteira
13798.208,347.0,navigating,-1.5717,3.4455,0.3513,165.5,0.22,0.0,0.0286,17.918,41.32,9554,10,386,10,487.4,8,69,12,0,2,0,0,0,0,False,,0,0,,,,,,0,0,0,0,0,0,navegando para fronteira
13798.676,347.501,navigating,-1.5739,3.4413,0.357,165.56,0.15,0.0,0.0,17.925,41.32,9554,10,386,10,487.4,8,69,12,0,2,0,0,0,0,False,,0,0,,,,,,0,0,0,0,0,0,navegando para fronteira
13799.121,348.0,navigating,-1.5789,3.4427,0.3574,165.57,0.24,0.0,0.0,17.931,41.32,9554,10,386,10,487.4,8,69,12,0,2,0,0,0,0,False,,0,0,,,,,,0,0,0,0,0,0,navegando para fronteira
13799.611,348.5,selecting,-1.579,3.4426,0.3574,165.59,0.22,0.0,0.0,17.931,41.32,9554,9,386,10,476.3,0,70,13,0,0,0,1,0,0,False,,0,0,,,,,,0,0,0,0,0,0,fronteira alcancada; atualizando mapa
13800.089,349.0,navigating,-1.579,3.4426,0.3574,165.59,0.21,0.0,-0.0258,17.931,41.32,9554,9,386,10,476.3,8,81,13,0,2,0,1,0,0,False,,0,0,,,,,,0,0,0,0,0,0,navegando para fronteira
13800.566,349.5,navigating,-1.5793,3.4426,0.3573,165.57,0.21,0.0003,-0.0291,17.931,41.32,9554,9,386,10,476.3,8,81,13,0,2,0,1,0,0,False,,0,0,,,,,,0,0,0,0,0,0,navegando para fronteira
13801.009,350.001,navigating,-1.5793,3.4426,0.3573,165.58,0.21,0.001,-0.0296,17.931,41.32,9554,9,386,10,476.3,8,81,13,0,2,0,1,0,0,False,,0,0,,,,,,0,0,0,0,0,0,navegando para fronteira
13801.466,350.5,navigating,-1.5803,3.445,0.357,165.16,0.24,0.0049,-0.0434,17.934,41.32,9554,9,386,10,476.3,8,81,13,0,2,0,1,0,0,False,,0,0,,,,,,0,0,0,0,0,0,navegando para fronteira
13801.947,351.0,navigating,-1.5872,3.4479,0.3544,163.99,0.18,0.0107,-0.0845,17.942,41.32,9554,9,386,10,476.3,8,81,13,0,2,0,1,0,0,False,,0,0,,,,,,0,0,0,0,0,0,navegando para fronteira
13802.416,351.501,navigating,-1.5915,3.4467,0.3562,162.01,0.1,0.0101,-0.1313,17.948,41.32,9554,9,386,10,476.3,8,81,13,0,2,0,1,0,0,False,,0,0,,,,,,0,0,0,0,0,0,navegando para fronteira
13802.88,352.0,navigating,-1.5942,3.4446,0.3601,159.29,0.15,0.0121,-0.1034,17.953,41.32,9554,9,386,10,476.3,8,81,13,0,2,0,1,0,0,False,,0,0,,,,,,0,0,0,0,0,0,navegando para fronteira
13803.371,352.502,navigating,-1.5951,3.4497,0.3562,155.94,0.26,0.0133,-0.1323,17.962,41.32,9554,9,386,10,476.3,8,81,13,0,2,0,1,0,0,False,,0,0,,,,,,0,0,0,0,0,0,navegando para fronteira
13803.844,353.001,navigating,-1.6076,3.4525,0.3512,153.19,0.27,0.025,-0.0777,17.976,41.32,9554,9,386,10,476.3,8,81,13,0,2,0,1,0,0,False,,0,0,,,,,,0,0,0,0,0,0,navegando para fronteira
13804.307,353.5,navigating,-1.6224,3.4505,0.3542,150.92,0.19,0.0253,-0.0679,17.991,41.32,9554,9,386,10,476.3,8,81,13,0,2,0,1,0,0,False,,0,0,,,,,,0,0,0,0,0,0,navegando para fronteira
13804.76,354.001,navigating,-1.634,3.4553,0.351,148.23,0.27,0.0261,-0.0715,18.004,41.32,9554,9,386,10,476.3,8,81,13,0,2,0,1,0,0,False,,0,0,,,,,,0,0,0,0,0,0,navegando para fronteira
13805.25,354.5,navigating,-1.6472,3.4442,0.3565,145.87,0.41,0.0149,-0.0896,18.023,41.91,9691,9,386,10,476.3,8,81,13,0,2,0,1,0,0,False,,0,0,,,,,,0,0,0,0,0,0,navegando para fronteira
13805.717,355.0,navigating,-1.6507,3.4644,0.3537,143.7,0.83,0.0411,-0.1314,18.047,41.91,9691,9,386,10,476.3,8,81,13,0,2,0,1,0,0,False,,0,0,,,,,,0,0,0,0,0,0,navegando para fronteira
13806.193,355.5,navigating,-1.6792,3.4733,0.3521,141.04,0.31,0.0575,-0.1438,18.082,41.91,9691,9,386,10,476.3,8,81,13,0,2,0,1,0,0,False,,0,0,,,,,,0,0,0,0,0,0,navegando para fronteira
13806.666,356.0,navigating,-1.7076,3.4764,0.3575,137.89,0.37,0.0389,-0.1621,18.12,41.91,9691,9,386,10,476.3,8,81,13,0,2,0,1,0,0,False,,0,0,,,,,,0,0,0,0,0,0,navegando para fronteira
13807.144,356.5,navigating,-1.7063,3.5046,0.362,134.78,0.52,0.0385,-0.1297,18.151,41.91,9691,9,386,10,476.3,8,81,13,0,2,0,1,0,0,False,,0,0,,,,,,0,0,0,0,0,0,navegando para fronteira
13807.627,357.0,navigating,-1.7376,3.5055,0.3637,131.38,0.68,0.0529,-0.1126,18.185,41.91,9691,9,386,10,476.3,8,81,13,0,2,0,1,0,0,False,,0,0,,,,,,0,0,0,0,0,0,navegando para fronteira
13808.11,357.5,navigating,-1.755,3.5236,0.3597,128.39,0.19,0.0607,-0.1006,18.216,41.91,9691,9,386,10,476.3,8,81,13,0,2,0,1,0,0,False,,0,0,,,,,,0,0,0,0,0,0,navegando para fronteira
13808.607,358.0,navigating,-1.7643,3.564,0.3573,125.09,0.48,0.066,-0.1234,18.261,41.91,9691,9,386,10,476.3,8,81,13,0,2,0,1,0,0,False,,0,0,,,,,,0,0,0,0,0,0,navegando para fronteira
13809.106,358.5,navigating,-1.8003,3.5734,0.3631,122.24,0.32,0.0515,-0.1546,18.302,43.21,9992,9,386,10,476.3,8,81,13,0,2,0,1,0,0,False,,0,0,,,,,,0,0,0,0,0,0,navegando para fronteira
13809.593,359.0,navigating,-1.8026,3.617,0.3579,118.09,0.9,0.0823,-0.1885,18.347,43.21,9992,9,386,10,476.3,8,81,13,0,2,0,1,0,0,False,,0,0,,,,,,0,0,0,0,0,0,navegando para fronteira
13810.076,359.5,navigating,-1.8227,3.6463,0.3578,114.44,0.29,0.0868,-0.1585,18.387,43.21,9992,9,386,10,476.3,8,81,13,0,2,0,1,0,0,False,,0,0,,,,,,0,0,0,0,0,0,navegando para fronteira
13810.57,360.0,navigating,-1.8558,3.6713,0.356,111.24,0.36,0.0709,-0.1466,18.435,43.21,9992,9,386,10,476.3,8,81,13,0,2,0,1,0,0,False,,0,0,,,,,,0,0,0,0,0,0,navegando para fronteira
13811.02,360.5,navigating,-1.847,3.7094,0.3569,108.72,0.63,0.0754,-0.1385,18.475,43.21,9992,9,386,10,476.3,8,81,13,0,2,0,1,0,0,False,,0,0,,,,,,0,0,0,0,0,0,navegando para fronteira
13811.523,361.0,navigating,-1.8756,3.7484,0.3529,105.43,0.57,0.0838,-0.1334,18.528,43.21,9992,9,386,10,476.3,8,81,13,0,2,0,1,0,0,False,,0,0,,,,,,0,0,0,0,0,0,navegando para fronteira
13812.007,361.5,navigating,-1.8961,3.7822,0.3549,102.15,0.34,0.0923,-0.1158,18.574,44.18,10217,9,386,10,476.3,8,81,13,0,2,0,1,0,0,False,,0,0,,,,,,0,0,0,0,0,0,navegando para fronteira
13812.501,362.0,navigating,-1.8794,3.8345,0.3558,98.47,0.73,0.0816,-0.1114,18.63,44.18,10217,9,386,10,476.3,8,81,13,0,2,0,1,0,0,False,,0,0,,,,,,0,0,0,0,0,0,navegando para fronteira
13812.968,362.5,navigating,-1.8947,3.8763,0.3504,95.89,0.18,0.0865,-0.0801,18.675,44.18,10217,9,386,10,476.3,8,81,13,0,2,0,1,0,0,False,,0,0,,,,,,0,0,0,0,0,0,navegando para fronteira
13813.457,363.0,navigating,-1.9024,3.9289,0.3512,92.71,0.22,0.1001,-0.0622,18.729,44.18,10217,9,386,10,476.3,8,81,13,0,2,0,1,0,0,False,,0,0,,,,,,0,0,0,0,0,0,navegando para fronteira
13813.926,363.5,navigating,-1.9123,3.9749,0.3508,90.76,0.5,0.0964,-0.0992,18.776,45.08,10424,9,386,10,476.3,8,81,13,0,2,0,1,0,0,False,,0,0,,,,,,0,0,0,0,0,0,navegando para fronteira
13814.406,364.0,navigating,-1.9189,4.0104,0.3523,88.83,0.21,0.0719,-0.0912,18.814,45.08,10424,9,386,10,476.3,8,81,13,0,2,0,1,0,0,False,,0,0,,,,,,0,0,0,0,0,0,navegando para fronteira
13814.892,364.5,navigating,-1.9022,4.0504,0.3507,86.92,0.36,0.0899,-0.1002,18.858,45.08,10424,9,386,10,476.3,8,81,13,0,2,0,1,0,0,False,,0,0,,,,,,0,0,0,0,0,0,navegando para fronteira
13815.378,365.0,navigating,-1.9207,4.0946,0.3493,85.0,0.75,0.0887,-0.0968,18.907,45.08,10424,9,386,10,476.3,8,81,13,0,2,0,1,0,0,False,,0,0,,,,,,0,0,0,0,0,0,navegando para fronteira
13815.824,365.5,navigating,-1.9175,4.1227,0.3585,83.08,0.41,0.0691,-0.109,18.944,45.08,10424,9,386,10,476.3,8,81,13,0,2,0,1,0,0,False,,0,0,,,,,,0,0,0,0,0,0,navegando para fronteira
13816.32,366.0,navigating,-1.8964,4.1561,0.3584,81.19,0.32,0.0676,-0.0416,18.987,45.08,10424,9,386,10,476.3,8,81,13,0,2,0,1,0,0,False,,0,0,,,,,,0,0,0,0,0,0,navegando para fronteira
13816.81,366.5,navigating,-1.9146,4.191,0.357,80.06,0.55,0.07,-0.0116,19.028,45.08,10424,9,386,10,476.3,8,81,13,0,2,0,1,0,0,False,,0,0,,,,,,0,0,0,0,0,0,navegando para fronteira
13817.299,367.0,navigating,-1.8983,4.2291,0.3533,79.1,0.35,0.0763,-0.017,19.071,45.08,10424,9,386,10,476.3,8,81,13,0,2,0,1,0,0,False,,0,0,,,,,,0,0,0,0,0,0,navegando para fronteira
13817.778,367.501,navigating,-1.8818,4.2662,0.3584,78.08,0.45,0.0812,-0.0521,19.114,45.08,10424,9,386,10,476.3,8,81,13,0,2,0,1,0,0,False,,0,0,,,,,,0,0,0,0,0,0,navegando para fronteira
13818.252,368.0,navigating,-1.8927,4.3012,0.3626,76.83,0.33,0.0634,-0.0673,19.152,45.08,10424,9,386,10,476.3,8,81,13,0,2,0,1,0,0,False,,0,0,,,,,,0,0,0,0,0,0,navegando para fronteira
13818.695,368.5,navigating,-1.8665,4.3385,0.3496,75.16,0.76,0.0904,-0.0922,19.199,45.84,10599,9,386,10,476.3,8,81,13,0,2,0,1,0,0,False,,0,0,,,,,,0,0,0,0,0,0,navegando para fronteira
13819.185,369.0,navigating,-1.8659,4.3969,0.3519,73.98,0.64,0.1017,-0.0398,19.261,45.84,10599,9,386,10,476.3,8,81,13,0,2,0,1,0,0,False,,0,0,,,,,,0,0,0,0,0,0,navegando para fronteira
13819.679,369.5,navigating,-1.8699,4.4319,0.3557,73.57,0.38,0.067,-0.0283,19.305,45.84,10599,9,386,10,476.3,8,81,13,0,2,0,1,0,0,False,,0,0,,,,,,0,0,0,0,0,0,navegando para fronteira
13820.171,370.0,navigating,-1.8352,4.4525,0.3573,73.68,0.76,0.0422,0.0194,19.349,45.84,10599,9,386,10,476.3,8,81,13,0,2,0,1,0,0,False,,0,0,,,,,,0,0,0,0,0,0,navegando para fronteira
13820.64,370.5,navigating,-1.8467,4.4919,0.3571,74.29,0.73,0.0669,0.0224,19.394,45.84,10599,9,386,10,476.3,8,81,13,0,2,0,1,0,0,False,,0,0,,,,,,0,0,0,0,0,0,navegando para fronteira
13821.122,371.001,navigating,-1.8399,4.5258,0.3554,74.84,0.13,0.074,0.0824,19.433,45.84,10599,9,386,10,476.3,8,81,13,0,2,0,1,0,0,False,,0,0,,,,,,0,0,0,0,0,0,navegando para fronteira
13821.626,371.5,navigating,-1.811,4.5575,0.3552,76.05,0.62,0.0586,0.0676,19.478,45.84,10599,9,386,10,476.3,8,81,13,0,2,0,1,0,0,False,,0,0,,,,,,0,0,0,0,0,0,navegando para fronteira
13822.112,372.0,navigating,-1.8273,4.5807,0.3545,77.27,0.65,0.0406,0.0816,19.509,45.84,10599,9,386,10,476.3,8,81,13,0,2,0,1,0,0,False,,0,0,,,,,,0,0,0,0,0,0,navegando para fronteira
13822.598,372.5,navigating,-1.8133,4.6028,0.3549,78.44,0.48,0.0435,0.0239,19.539,45.84,10599,9,386,10,476.3,8,81,13,0,2,0,1,0,0,False,,0,0,,,,,,0,0,0,0,0,0,navegando para fronteira
13823.081,373.0,navigating,-1.7967,4.626,0.3551,79.49,0.25,0.0637,0.029,19.573,45.84,10599,9,386,10,476.3,8,81,13,0,2,0,1,0,0,False,,0,0,,,,,,0,0,0,0,0,0,navegando para fronteira
13823.565,373.5,navigating,-1.819,4.6427,0.3568,80.61,0.67,0.0217,0.028,19.605,45.84,10599,9,386,10,476.3,8,81,13,0,2,0,1,0,0,False,,0,0,,,,,,0,0,0,0,0,0,navegando para fronteira
13824.018,374.0,navigating,-1.8005,4.6415,0.3559,81.15,0.53,0.0103,0.0108,19.625,45.84,10599,9,386,10,476.3,8,81,13,0,2,0,1,0,0,False,,0,0,,,,,,0,0,0,0,0,0,navegando para fronteira
13824.508,374.501,navigating,-1.7907,4.6484,0.3625,81.8,0.32,0.0074,0.0175,19.645,46.22,10687,9,386,10,476.3,8,81,13,0,2,0,1,0,0,False,,0,0,,,,,,0,0,0,0,0,0,navegando para fronteira
13824.985,375.0,navigating,-1.8142,4.6616,0.3612,82.17,0.88,0.0305,0.0402,19.676,46.22,10687,9,386,10,476.3,8,81,13,0,2,0,1,0,0,False,,0,0,,,,,,0,0,0,0,0,0,navegando para fronteira
13825.465,375.5,navigating,-1.797,4.6736,0.355,83.13,0.52,0.0222,0.0444,19.702,46.22,10687,9,386,10,476.3,8,81,13,0,2,0,1,0,0,False,,0,0,,,,,,0,0,0,0,0,0,navegando para fronteira
13825.951,376.001,navigating,-1.8007,4.6802,0.3582,83.6,0.17,0.014,0.0507,19.723,46.22,10687,9,386,10,476.3,8,81,13,0,2,0,1,0,0,False,,0,0,,,,,,0,0,0,0,0,0,navegando para fronteira
13826.421,376.5,navigating,-1.813,4.6898,0.3542,84.23,0.37,0.013,0.023,19.743,46.22,10687,9,386,10,476.3,8,81,13,0,2,0,1,0,0,False,,0,0,,,,,,0,0,0,0,0,0,navegando para fronteira
13826.905,377.001,navigating,-1.7977,4.6979,0.3579,84.74,0.51,0.0241,0.0327,19.761,46.22,10687,9,386,10,476.3,8,81,13,0,2,0,1,0,0,False,,0,0,,,,,,0,0,0,0,0,0,navegando para fronteira
13827.386,377.5,navigating,-1.7984,4.7065,0.356,85.53,0.14,0.0179,0.0262,19.775,46.22,10687,9,386,10,476.3,8,81,13,0,2,0,1,0,0,False,,0,0,,,,,,0,0,0,0,0,0,navegando para fronteira
13827.866,378.0,navigating,-1.8107,4.7125,0.351,86.04,0.44,0.0092,-0.0105,19.791,46.22,10687,9,386,10,476.3,8,81,13,0,2,0,1,0,0,False,,0,0,,,,,,0,0,0,0,0,0,navegando para fronteira
13828.349,378.5,navigating,-1.7988,4.7121,0.3491,86.08,0.43,0.0065,-0.0066,19.804,46.22,10687,9,386,10,476.3,8,81,13,0,2,0,1,0,0,False,,0,0,,,,,,0,0,0,0,0,0,navegando para fronteira
13828.816,379.0,navigating,-1.7927,4.7152,0.351,86.35,0.19,0.0,0.0,19.82,46.22,10687,9,386,10,476.3,8,81,13,0,2,0,1,0,0,False,,0,0,,,,,,0,0,0,0,0,0,navegando para fronteira
13829.3,379.501,navigating,-1.7932,4.718,0.3525,86.24,0.3,0.0,0.0,19.829,46.22,10687,9,386,10,476.3,8,81,13,0,2,0,1,0,0,False,,0,0,,,,,,0,0,0,0,0,0,navegando para fronteira
13829.75,380.002,selecting,-1.7929,4.7181,0.3528,86.24,0.24,0.0014,-0.0164,19.829,46.22,10687,6,182,6,318.2,0,82,14,0,0,0,0,0,0,False,,0,0,,,,,,0,0,0,0,0,0,fronteira alcancada; atualizando mapa
13830.244,380.5,navigating,-1.7963,4.7205,0.3534,85.5,0.15,0.0146,-0.0814,19.835,46.22,10687,6,182,6,318.2,6,89,14,0,1,0,0,0,0,False,,0,0,,,,,,0,0,0,0,0,0,navegando para fronteira
13830.722,381.0,navigating,-1.7885,4.7405,0.3546,83.12,0.24,0.0497,-0.1226,19.857,46.22,10687,6,182,6,318.2,6,89,14,0,1,0,0,0,0,False,,0,0,,,,,,0,0,0,0,0,0,navegando para fronteira
13831.191,381.5,navigating,-1.7844,4.7571,0.3626,80.38,0.33,0.0375,-0.1094,19.875,46.22,10687,6,182,6,318.2,6,89,14,0,1,0,0,0,0,False,,0,0,,,,,,0,0,0,0,0,0,navegando para fronteira
13831.684,382.0,navigating,-1.7797,4.7775,0.3633,77.24,0.3,0.0424,-0.1173,19.896,46.22,10687,6,182,6,318.2,6,89,14,0,1,0,0,0,0,False,,0,0,,,,,,0,0,0,0,0,0,navegando para fronteira
13832.171,382.501,navigating,-1.7883,4.8015,0.3588,74.61,0.41,0.0445,-0.1322,19.922,46.22,10687,6,182,6,318.2,6,89,14,0,1,0,0,0,0,False,,0,0,,,,,,0,0,0,0,0,0,navegando para fronteira
13832.625,383.0,navigating,-1.783,4.8127,0.3581,71.84,0.17,0.0306,-0.155,19.939,46.22,10687,6,182,6,318.2,6,89,14,0,1,0,0,0,0,False,,0,0,,,,,,0,0,0,0,0,0,navegando para fronteira
13833.125,383.502,navigating,-1.7676,4.8249,0.3574,69.05,0.27,0.0348,-0.0971,19.96,46.22,10687,6,182,6,318.2,6,89,14,0,1,0,0,0,0,False,,0,0,,,,,,0,0,0,0,0,0,navegando para fronteira
13833.61,384.0,navigating,-1.7688,4.8442,0.3592,66.91,0.26,0.0398,-0.0846,19.98,46.22,10687,6,182,6,318.2,6,89,14,0,1,0,0,0,0,False,,0,0,,,,,,0,0,0,0,0,0,navegando para fronteira
13834.093,384.5,navigating,-1.7596,4.8653,0.3547,63.59,0.16,0.0481,-0.16,20.004,46.32,10712,6,182,6,318.2,6,89,14,0,1,0,0,0,0,False,,0,0,,,,,,0,0,0,0,0,0,navegando para fronteira
13834.525,385.0,navigating,-1.7368,4.8868,0.356,60.35,0.49,0.0544,-0.0395,20.036,46.32,10712,6,182,6,318.2,6,89,14,0,1,0,0,0,0,False,,0,0,,,,,,0,0,0,0,0,0,navegando para fronteira
13834.983,385.5,navigating,-1.7381,4.9136,0.3565,57.54,0.43,0.0429,-0.0961,20.064,46.32,10712,6,182,6,318.2,6,89,14,0,1,0,0,0,0,False,,0,0,,,,,,0,0,0,0,0,0,navegando para fronteira
13835.438,386.0,navigating,-1.7245,4.932,0.3613,55.65,0.23,0.0486,-0.0753,20.089,46.32,10712,6,182,6,318.2,6,89,14,0,1,0,0,0,0,False,,0,0,,,,,,0,0,0,0,0,0,navegando para fronteira
13835.917,386.5,navigating,-1.7021,4.946,0.3597,52.62,0.5,0.05,-0.1354,20.116,46.32,10712,6,182,6,318.2,6,89,14,0,1,0,0,0,0,False,,0,0,,,,,,0,0,0,0,0,0,navegando para fronteira
13836.42,387.0,navigating,-1.7014,4.9731,0.3566,50.04,0.41,0.0412,-0.1526,20.144,46.32,10712,6,182,6,318.2,6,89,14,0,1,0,0,0,0,False,,0,0,,,,,,0,0,0,0,0,0,navegando para fronteira
13836.895,387.5,navigating,-1.6941,4.9862,0.3546,46.68,0.2,0.0417,-0.1748,20.165,46.32,10712,6,182,6,318.2,6,89,14,0,1,0,0,0,0,False,,0,0,,,,,,0,0,0,0,0,0,navegando para fronteira
13837.357,388.0,navigating,-1.672,4.9875,0.3595,44.14,0.55,0.0363,-0.1905,20.189,46.32,10712,6,182,6,318.2,6,89,14,0,1,0,0,0,0,False,,0,0,,,,,,0,0,0,0,0,0,navegando para fronteira
13837.843,388.5,navigating,-1.6689,5.0091,0.3634,42.15,0.42,0.0339,-0.0499,20.213,46.37,10723,6,182,6,318.2,6,89,14,0,1,0,0,0,0,False,,0,0,,,,,,0,0,0,0,0,0,navegando para fronteira
13838.318,389.0,navigating,-1.6527,5.022,0.3575,39.92,0.24,0.0491,-0.1184,20.237,46.37,10723,6,182,6,318.2,6,89,14,0,1,0,0,0,0,False,,0,0,,,,,,0,0,0,0,0,0,navegando para fronteira
13838.81,389.5,navigating,-1.6235,5.0232,0.3557,38.07,0.67,0.0447,-0.0397,20.27,46.37,10723,6,182,6,318.2,6,89,14,0,1,0,0,0,0,False,,0,0,,,,,,0,0,0,0,0,0,navegando para fronteira
13839.302,390.0,navigating,-1.6217,5.0531,0.3574,35.87,0.59,0.0347,-0.0578,20.301,46.37,10723,6,182,6,318.2,6,89,14,0,1,0,0,0,0,False,,0,0,,,,,,0,0,0,0,0,0,navegando para fronteira
13839.761,390.5,navigating,-1.6005,5.0605,0.3491,34.19,0.36,0.0375,-0.075,20.329,46.37,10723,6,182,6,318.2,6,89,14,0,1,0,0,0,0,False,,0,0,,,,,,0,0,0,0,0,0,navegando para fronteira
13840.218,391.0,navigating,-1.5844,5.0643,0.3461,32.7,0.16,0.0315,-0.1094,20.35,46.37,10723,6,182,6,318.2,6,89,14,0,1,0,0,0,0,False,,0,0,,,,,,0,0,0,0,0,0,navegando para fronteira
13840.715,391.5,navigating,-1.5813,5.0739,0.3513,30.93,0.16,0.0139,-0.0719,20.367,46.37,10723,6,182,6,318.2,6,89,14,0,1,0,0,0,0,False,,0,0,,,,,,0,0,0,0,0,0,navegando para fronteira
13841.182,392.0,navigating,-1.5664,5.0624,0.3527,30.22,0.4,0.0135,-0.1122,20.387,46.37,10723,6,182,6,318.2,6,89,14,0,1,0,0,0,0,False,,0,0,,,,,,0,0,0,0,0,0,navegando para fronteira
13841.653,392.5,navigating,-1.562,5.0752,0.3546,28.67,0.34,0.0241,-0.1293,20.404,46.37,10723,6,182,6,318.2,6,89,14,0,1,0,0,0,0,False,,0,0,,,,,,0,0,0,0,0,0,navegando para fronteira
13842.144,393.0,navigating,-1.5497,5.0744,0.3575,26.53,0.46,0.0277,-0.1462,20.425,46.37,10723,6,182,6,318.2,6,89,14,0,1,0,0,0,0,False,,0,0,,,,,,0,0,0,0,0,0,navegando para fronteira
13842.607,393.501,navigating,-1.5455,5.0664,0.3552,24.2,0.23,0.0134,-0.0892,20.444,46.37,10723,6,182,6,318.2,6,89,14,0,1,0,0,0,0,False,,0,0,,,,,,0,0,0,0,0,0,navegando para fronteira
13843.071,394.0,navigating,-1.5411,5.081,0.3495,22.11,0.15,0.0185,-0.0625,20.461,46.37,10723,6,182,6,318.2,6,89,14,0,1,0,0,0,0,False,,0,0,,,,,,0,0,0,0,0,0,navegando para fronteira
13843.558,394.5,navigating,-1.5148,5.074,0.3567,20.02,0.67,0.0403,-0.0669,20.488,46.37,10723,6,182,6,318.2,6,89,14,0,1,0,0,0,0,False,,0,0,,,,,,0,0,0,0,0,0,navegando para fronteira
13844.05,395.0,navigating,-1.5065,5.09,0.359,18.37,0.62,0.0369,-0.0736,20.512,46.37,10723,6,182,6,318.2,6,89,14,0,1,0,0,0,0,False,,0,0,,,,,,0,0,0,0,0,0,navegando para fronteira
13844.546,395.5,navigating,-1.496,5.0934,0.3562,16.76,0.36,0.0225,-0.0694,20.533,46.27,10757,6,182,6,318.2,6,89,14,0,1,0,0,0,0,False,,0,0,,,,,,0,0,0,0,0,0,navegando para fronteira
13845.034,396.0,navigating,-1.4792,5.0774,0.357,15.39,0.69,0.0374,-0.0702,20.561,46.27,10757,6,182,6,318.2,6,89,14,0,1,0,0,0,0,False,,0,0,,,,,,0,0,0,0,0,0,navegando para fronteira
13845.511,396.501,navigating,-1.4651,5.0981,0.3604,14.16,0.52,0.0311,-0.0687,20.586,46.27,10757,6,182,6,318.2,6,89,14,0,1,0,0,0,0,False,,0,0,,,,,,0,0,0,0,0,0,navegando para fronteira
13845.966,397.0,navigating,-1.4536,5.0998,0.3605,12.8,0.31,0.0263,-0.0623,20.602,46.27,10757,6,182,6,318.2,6,89,14,0,1,0,0,0,0,False,,0,0,,,,,,0,0,0,0,0,0,navegando para fronteira
13846.467,397.5,navigating,-1.4367,5.0873,0.3591,11.34,0.5,0.0187,-0.0628,20.629,46.27,10757,6,182,6,318.2,6,89,14,0,1,0,0,0,0,False,,0,0,,,,,,0,0,0,0,0,0,navegando para fronteira
13846.916,398.0,navigating,-1.4238,5.1052,0.3534,9.67,0.55,0.0294,-0.0543,20.653,46.27,10757,6,182,6,318.2,6,89,14,0,1,0,0,0,0,False,,0,0,,,,,,0,0,0,0,0,0,navegando para fronteira
13847.405,398.5,navigating,-1.4028,5.1109,0.3501,7.73,0.06,0.0386,-0.0568,20.677,46.27,10757,6,182,6,318.2,6,89,14,0,1,0,0,0,0,False,,0,0,,,,,,0,0,0,0,0,0,navegando para fronteira
13847.879,399.0,navigating,-1.3742,5.0921,0.3566,6.25,0.72,0.0537,-0.0762,20.712,46.27,10757,6,182,6,318.2,6,89,14,0,1,0,0,0,0,False,,0,0,,,,,,0,0,0,0,0,0,navegando para fronteira
13848.344,399.5,navigating,-1.3603,5.087,0.3556,4.67,0.52,0.0358,-0.0505,20.729,46.27,10757,6,182,6,318.2,6,89,14,0,1,0,0,0,0,False,,0,0,,,,,,0,0,0,0,0,0,navegando para fronteira
13848.808,400.0,navigating,-1.3394,5.0974,0.3536,3.44,0.15,0.0467,-0.0462,20.753,46.27,10757,6,182,6,318.2,6,89,14,0,1,0,0,0,0,False,,0,0,,,,,,0,0,0,0,0,0,navegando para fronteira
13849.298,400.5,navigating,-1.3125,5.0995,0.3549,2.62,0.18,0.054,-0.0622,20.781,46.27,10757,6,182,6,318.2,6,89,14,0,1,0,0,0,0,False,,0,0,,,,,,0,0,0,0,0,0,navegando para fronteira
13849.785,401.0,navigating,-1.2846,5.0956,0.3533,1.37,0.38,0.0511,-0.0408,20.809,46.27,10757,6,182,6,318.2,6,89,14,0,1,0,0,0,0,False,,0,0,,,,,,0,0,0,0,0,0,navegando para fronteira
13850.224,401.5,navigating,-1.2583,5.0978,0.3535,0.54,0.3,0.0669,-0.0356,20.836,46.27,10757,6,182,6,318.2,6,89,14,0,1,0,0,0,0,False,,0,0,,,,,,0,0,0,0,0,0,navegando para fronteira
13850.717,402.0,navigating,-1.22,5.1058,0.3588,-0.42,0.3,0.0878,-0.0237,20.875,46.27,10757,6,182,6,318.2,6,89,14,0,1,0,0,0,0,False,,0,0,,,,,,0,0,0,0,0,0,navegando para fronteira
13851.201,402.501,navigating,-1.1711,5.1042,0.3586,-1.18,0.23,0.1008,-0.0025,20.924,46.27,10757,6,182,6,318.2,6,89,14,0,1,0,0,0,0,False,,0,0,,,,,,0,0,0,0,0,0,navegando para fronteira
13851.681,403.001,navigating,-1.1097,5.0989,0.3535,-1.42,0.35,0.1148,0.0143,20.986,46.27,10757,6,182,6,318.2,6,89,14,0,1,0,0,0,0,False,,0,0,,,,,,0,0,0,0,0,0,navegando para fronteira
13852.18,403.5,navigating,-1.0468,5.1077,0.3573,-1.5,0.46,0.1173,0.0106,21.05,46.27,10757,6,182,6,318.2,6,89,14,0,1,0,0,0,0,False,,0,0,,,,,,0,0,0,0,0,0,navegando para fronteira
13852.665,404.0,navigating,-0.981,5.0939,0.3559,-1.59,0.61,0.1263,0.0442,21.119,46.27,10757,6,182,6,318.2,6,89,14,0,1,0,0,0,0,False,,0,0,,,,,,0,0,0,0,0,0,navegando para fronteira
13853.156,404.502,navigating,-0.9091,5.0883,0.3577,-1.0,0.34,0.1408,-0.016,21.193,41.21,11304,6,182,6,318.2,6,89,14,0,1,0,0,0,0,False,,0,0,,,,,,0,0,0,0,0,0,navegando para fronteira
13853.629,405.0,navigating,-0.8385,5.1101,0.356,-0.35,0.87,0.1315,0.0119,21.267,41.21,11304,6,182,6,318.2,6,89,14,0,1,0,0,0,0,False,,0,0,,,,,,0,0,0,0,0,0,navegando para fronteira
13854.111,405.5,navigating,-0.777,5.0889,0.3519,0.4,0.74,0.1115,0.0281,21.334,41.21,11304,6,182,6,318.2,6,89,14,0,1,0,0,0,0,False,,0,0,,,,,,0,0,0,0,0,0,navegando para fronteira
13854.606,406.0,navigating,-0.7099,5.0862,0.3583,1.16,0.15,0.1154,0.0159,21.403,41.21,11304,6,182,6,318.2,6,89,14,0,1,0,0,0,0,False,,0,0,,,,,,0,0,0,0,0,0,navegando para fronteira
13855.087,406.5,navigating,-0.6442,5.1077,0.3608,1.75,0.67,0.1388,0.0551,21.473,41.21,11304,6,182,6,318.2,6,89,14,0,1,0,0,0,0,False,,0,0,,,,,,0,0,0,0,0,0,navegando para fronteira
13855.537,407.0,navigating,-0.575,5.0972,0.357,2.61,0.46,0.1305,0.0441,21.543,41.21,11304,6,182,6,318.2,6,89,14,0,1,0,0,0,0,False,,0,0,,,,,,0,0,0,0,0,0,navegando para fronteira
13856.009,407.5,navigating,-0.5093,5.0941,0.3541,3.42,0.24,0.1112,0.0566,21.609,43.3,11877,6,182,6,318.2,6,89,14,0,1,0,0,0,0,False,,0,0,,,,,,0,0,0,0,0,0,navegando para fronteira
13856.501,408.0,navigating,-0.4596,5.1133,0.3547,4.43,0.66,0.0242,0.0,21.663,43.3,11877,6,182,6,318.2,6,89,14,0,1,0,0,0,0,False,,0,0,,,,,,0,0,0,0,0,0,navegando para fronteira
13856.979,408.506,navigating,-0.4492,5.1136,0.3506,4.59,0.02,0.0,0.0,21.683,43.3,11877,6,182,6,318.2,6,89,14,0,1,0,0,0,0,False,,0,0,,,,,,0,0,0,0,0,0,navegando para fronteira
13857.474,409.0,selecting,-0.4408,5.1162,0.3524,4.71,0.17,0.0,0.0,21.692,43.3,11877,4,570,4,258.5,0,90,15,0,0,0,0,0,0,False,,0,0,,,,,,0,0,0,0,0,0,fronteira alcancada; atualizando mapa
13857.962,409.5,selecting,-0.4357,5.1138,0.3534,4.36,0.13,0.0076,0.0432,21.698,43.3,11877,4,570,4,258.5,0,90,15,0,0,0,0,0,0,False,,0,0,,,,,,0,0,0,0,0,0,fronteira alcancada; atualizando mapa
13858.418,410.0,navigating,-0.4258,5.1181,0.3522,5.93,0.19,0.0226,0.0522,21.709,43.3,11877,4,570,4,258.5,4,95,15,0,1,0,0,0,0,False,,0,0,,,,,,0,0,0,0,0,0,navegando para fronteira
13858.91,410.5,navigating,-0.4111,5.1169,0.3562,7.9,0.23,0.0298,0.0977,21.726,43.3,11877,4,570,4,258.5,4,95,15,0,1,0,0,0,0,False,,0,0,,,,,,0,0,0,0,0,0,navegando para fronteira
13859.396,411.0,navigating,-0.3958,5.1127,0.3559,9.91,0.23,0.0298,0.0839,21.743,43.3,11877,4,570,4,258.5,4,95,15,0,1,0,0,0,0,False,,0,0,,,,,,0,0,0,0,0,0,navegando para fronteira
13859.87,411.5,navigating,-0.378,5.1223,0.3529,11.62,0.24,0.0358,0.0431,21.763,43.3,11877,4,570,4,258.5,4,95,15,0,1,0,0,0,0,False,,0,0,,,,,,0,0,0,0,0,0,navegando para fronteira
13860.312,412.0,navigating,-0.3632,5.1225,0.3629,12.21,0.1,0.0335,0.0028,21.778,43.3,11877,4,570,4,258.5,4,95,15,0,1,0,0,0,0,False,,0,0,,,,,,0,0,0,0,0,0,navegando para fronteira
13860.796,412.5,navigating,-0.3453,5.1232,0.3578,12.84,0.25,0.0325,0.0766,21.797,43.3,11877,4,570,4,258.5,4,95,15,0,1,0,0,0,0,False,,0,0,,,,,,0,0,0,0,0,0,navegando para fronteira
13861.269,413.0,navigating,-0.3266,5.1357,0.3503,14.23,0.52,0.0422,0.0704,21.82,43.3,11877,4,570,4,258.5,4,95,15,0,1,0,0,0,0,False,,0,0,,,,,,0,0,0,0,0,0,navegando para fronteira
13861.749,413.5,navigating,-0.3071,5.1428,0.3503,16.0,0.22,0.0376,0.0766,21.841,43.3,11877,4,570,4,258.5,4,95,15,0,1,0,0,0,0,False,,0,0,,,,,,0,0,0,0,0,0,navegando para fronteira
13862.199,414.0,navigating,-0.2844,5.1263,0.3461,17.92,0.39,0.0388,0.0711,21.871,43.3,11877,4,570,4,258.5,4,95,15,0,1,0,0,0,0,False,,0,0,,,,,,0,0,0,0,0,0,navegando para fronteira
13862.689,414.5,navigating,-0.261,5.1253,0.3514,20.28,0.25,0.0449,0.0753,21.898,43.3,11877,4,570,4,258.5,4,95,15,0,1,0,0,0,0,False,,0,0,,,,,,0,0,0,0,0,0,navegando para fronteira
13863.183,415.0,navigating,-0.2426,5.1678,0.3591,23.2,0.86,0.0661,0.116,21.945,43.3,11877,4,570,4,258.5,4,95,15,0,1,0,0,0,0,False,,0,0,,,,,,0,0,0,0,0,0,navegando para fronteira
13863.664,415.5,navigating,-0.2198,5.1666,0.3598,25.44,0.4,0.0488,0.0936,21.971,43.3,11877,4,570,4,258.5,4,95,15,0,1,0,0,0,0,False,,0,0,,,,,,0,0,0,0,0,0,navegando para fronteira
13864.109,416.0,navigating,-0.1936,5.1587,0.3593,27.18,0.67,0.0341,0.1174,22.002,43.3,11877,4,570,4,258.5,4,95,15,0,1,0,0,0,0,False,,0,0,,,,,,0,0,0,0,0,0,navegando para fronteira
13864.607,416.5,navigating,-0.195,5.1836,0.3524,29.59,0.67,0.0234,0.1206,22.031,43.3,11877,4,570,4,258.5,4,95,15,0,1,0,0,0,0,False,,0,0,,,,,,0,0,0,0,0,0,navegando para fronteira
13865.074,417.0,navigating,-0.1764,5.1985,0.3519,31.85,0.11,0.0402,0.0802,22.061,44.92,12321,4,570,4,258.5,4,95,15,0,1,0,0,0,0,False,,0,0,,,,,,0,0,0,0,0,0,navegando para fronteira
13865.524,417.5,navigating,-0.1338,5.1945,0.3589,34.01,0.83,0.087,0.0958,22.105,44.92,12321,4,570,4,258.5,4,95,15,0,1,0,0,0,0,False,,0,0,,,,,,0,0,0,0,0,0,navegando para fronteira
13866.01,418.0,navigating,-0.1192,5.2411,0.3593,36.11,1.16,0.0716,0.0682,22.155,44.92,12321,4,570,4,258.5,4,95,15,0,1,0,0,0,0,False,,0,0,,,,,,0,0,0,0,0,0,navegando para fronteira
13866.496,418.5,navigating,-0.0926,5.2651,0.3533,38.02,0.19,0.0694,0.0792,22.197,44.92,12321,4,570,4,258.5,4,95,15,0,1,0,0,0,0,False,,0,0,,,,,,0,0,0,0,0,0,navegando para fronteira
13866.984,419.0,navigating,-0.0526,5.2535,0.3568,40.5,0.76,0.0357,0.1154,22.242,44.92,12321,4,570,4,258.5,4,95,15,0,1,0,0,0,0,False,,0,0,,,,,,0,0,0,0,0,0,navegando para fronteira
13867.429,419.5,navigating,-0.0484,5.2779,0.3577,42.81,0.49,0.0451,0.0865,22.268,45.77,12555,4,570,4,258.5,4,95,15,0,1,0,0,0,0,False,,0,0,,,,,,0,0,0,0,0,0,navegando para fronteira
13867.929,420.0,navigating,-0.0433,5.3008,0.3585,45.11,0.48,0.0619,0.0872,22.299,45.77,12555,4,570,4,258.5,4,95,15,0,1,0,0,0,0,False,,0,0,,,,,,0,0,0,0,0,0,navegando para fronteira
13868.42,420.5,navigating,-0.0041,5.2941,0.3541,47.38,0.82,0.0406,0.1107,22.341,45.77,12555,4,570,4,258.5,4,95,15,0,1,0,0,0,0,False,,0,0,,,,,,0,0,0,0,0,0,navegando para fronteira
13868.906,421.0,navigating,0.0001,5.3191,0.3566,49.62,0.53,0.0369,0.1021,22.372,45.77,12555,4,570,4,258.5,4,95,15,0,1,0,0,0,0,False,,0,0,,,,,,0,0,0,0,0,0,navegando para fronteira
13869.404,421.5,navigating,-0.0014,5.3507,0.3575,51.85,0.47,0.0462,0.0983,22.41,45.77,12555,4,570,4,258.5,4,95,15,0,1,0,0,0,0,False,,0,0,,,,,,0,0,0,0,0,0,navegando para fronteira
13869.871,422.0,navigating,0.0392,5.3566,0.3512,53.79,0.93,0.0757,0.0597,22.452,45.77,12555,4,570,4,258.5,4,95,15,0,1,0,0,0,0,False,,0,0,,,,,,0,0,0,0,0,0,navegando para fronteira
13870.361,422.501,navigating,0.0406,5.3922,0.3538,55.44,0.75,0.0648,0.0576,22.492,45.77,12555,4,570,4,258.5,4,95,15,0,1,0,0,0,0,False,,0,0,,,,,,0,0,0,0,0,0,navegando para fronteira
13870.832,423.0,navigating,0.0355,5.4074,0.352,57.06,0.32,0.0273,0.0377,22.521,45.77,12555,4,570,4,258.5,4,95,15,0,1,0,0,0,0,False,,0,0,,,,,,0,0,0,0,0,0,navegando para fronteira
13871.31,423.5,navigating,0.0651,5.4038,0.3491,58.38,0.73,0.0308,0.0658,22.552,46.57,12774,4,570,4,258.5,4,95,15,0,1,0,0,0,0,False,,0,0,,,,,,0,0,0,0,0,0,navegando para fronteira
13871.81,424.0,navigating,0.0644,5.4381,0.3576,61.92,0.61,0.0534,0.0535,22.592,46.57,12774,4,570,4,258.5,4,95,15,0,1,0,0,0,0,False,,0,0,,,,,,0,0,0,0,0,0,navegando para fronteira
13872.301,424.5,navigating,0.0676,5.4691,0.3595,63.52,0.35,0.0804,0.0519,22.632,46.57,12774,4,570,4,258.5,4,95,15,0,1,0,0,0,0,False,,0,0,,,,,,0,0,0,0,0,0,navegando para fronteira
13872.772,425.001,navigating,0.1069,5.479,0.3581,65.1,0.92,0.0446,0.0899,22.675,46.57,12774,4,570,4,258.5,4,95,15,0,1,0,0,0,0,False,,0,0,,,,,,0,0,0,0,0,0,navegando para fronteira
13873.228,425.5,navigating,0.1165,5.5143,0.3485,66.73,0.2,0.0798,0.0866,22.713,46.57,12774,4,570,4,258.5,4,95,15,0,1,0,0,0,0,False,,0,0,,,,,,0,0,0,0,0,0,navegando para fronteira
13873.711,426.002,navigating,0.1166,5.5633,0.3548,66.96,0.52,0.0716,0.0587,22.763,46.57,12774,4,570,4,258.5,4,95,15,0,1,0,0,0,0,False,,0,0,,,,,,0,0,0,0,0,0,navegando para fronteira
13874.208,426.5,navigating,0.1388,5.5921,0.3589,67.6,0.41,0.0564,0.1084,22.801,46.57,12774,4,570,4,258.5,4,95,15,0,1,0,0,0,0,False,,0,0,,,,,,0,0,0,0,0,0,navegando para fronteira
13874.707,427.0,navigating,0.1524,5.6146,0.3567,70.13,0.16,0.059,0.1282,22.832,46.57,12774,4,570,4,258.5,4,95,15,0,1,0,0,0,0,False,,0,0,,,,,,0,0,0,0,0,0,navegando para fronteira
13875.124,427.5,navigating,0.1358,5.6291,0.3479,71.21,0.67,0.0189,-0.0486,22.856,46.57,12774,4,570,4,258.5,4,95,15,0,1,0,0,0,0,False,,0,0,,,,,,0,0,0,0,0,0,navegando para fronteira
13875.625,428.0,navigating,0.1635,5.6283,0.3504,70.35,0.87,0.0181,-0.0533,22.887,46.57,12774,4,570,4,258.5,4,95,15,0,1,0,0,0,0,False,,0,0,,,,,,0,0,0,0,0,0,navegando para fronteira
13876.107,428.5,navigating,0.176,5.6537,0.3578,69.44,0.25,0.0449,-0.0557,22.923,46.57,12774,4,570,4,258.5,4,95,15,0,1,0,0,0,0,False,,0,0,,,,,,0,0,0,0,0,0,navegando para fronteira
13876.597,429.001,navigating,0.1681,5.6741,0.3602,68.08,0.47,0.0455,-0.0237,22.948,46.57,12774,4,570,4,258.5,4,95,15,0,1,0,0,0,0,False,,0,0,,,,,,0,0,0,0,0,0,navegando para fronteira
13877.068,429.502,navigating,0.1923,5.6787,0.3586,68.79,0.65,0.034,0.0451,22.976,46.57,12774,4,570,4,258.5,4,95,15,0,1,0,0,0,0,False,,0,0,,,,,,0,0,0,0,0,0,navegando para fronteira
13877.53,430.0,navigating,0.1823,5.6904,0.3549,69.32,0.3,0.0147,0.0397,22.995,46.57,12774,4,570,4,258.5,4,95,15,0,1,0,0,0,0,False,,0,0,,,,,,0,0,0,0,0,0,navegando para fronteira
13878.021,430.5,navigating,0.1775,5.7001,0.3488,69.53,0.15,0.009,0.07,23.015,46.57,12774,4,570,4,258.5,4,95,15,0,1,0,0,0,0,False,,0,0,,,,,,0,0,0,0,0,0,navegando para fronteira
13878.513,431.0,navigating,0.1999,5.7008,0.355,69.97,0.65,0.0301,0.0523,23.038,46.57,12774,4,570,4,258.5,4,95,15,0,1,0,0,0,0,False,,0,0,,,,,,0,0,0,0,0,0,navegando para fronteira
13878.995,431.5,navigating,0.1909,5.7121,0.359,70.87,0.45,0.0288,-0.0078,23.058,46.57,12774,4,570,4,258.5,4,95,15,0,1,0,0,0,0,False,,0,0,,,,,,0,0,0,0,0,0,navegando para fronteira
13879.471,432.0,navigating,0.1836,5.7168,0.3591,71.06,0.21,0.0098,-0.0022,23.075,46.57,12774,4,570,4,258.5,4,95,15,0,1,0,0,0,0,False,,0,0,,,,,,0,0,0,0,0,0,navegando para fronteira
13879.962,432.5,navigating,0.2028,5.7125,0.3597,71.04,0.65,0.0074,-0.0537,23.096,46.57,12774,4,570,4,258.5,4,95,15,0,1,0,0,0,0,False,,0,0,,,,,,0,0,0,0,0,0,navegando para fronteira
13880.421,433.0,navigating,0.1978,5.7265,0.3522,70.29,0.29,0.0225,-0.0591,23.116,46.57,12774,4,570,4,258.5,4,95,15,0,1,0,0,0,0,False,,0,0,,,,,,0,0,0,0,0,0,navegando para fronteira
13880.907,433.5,navigating,0.1967,5.7407,0.3483,68.8,0.26,0.0392,-0.0058,23.137,46.57,12774,4,570,4,258.5,4,95,15,0,1,0,0,0,0,False,,0,0,,,,,,0,0,0,0,0,0,navegando para fronteira
13881.389,434.002,navigating,0.2187,5.7517,0.3559,69.13,0.62,0.0245,0.0233,23.164,47.03,12901,4,570,4,258.5,4,95,15,0,1,0,0,0,0,False,,0,0,,,,,,0,0,0,0,0,0,navegando para fronteira
13881.885,434.5,navigating,0.2084,5.77,0.3575,68.58,0.39,0.0216,0.0112,23.188,47.03,12901,4,570,4,258.5,4,95,15,0,1,0,0,0,0,False,,0,0,,,,,,0,0,0,0,0,0,navegando para fronteira
13882.36,435.0,navigating,0.2058,5.7779,0.3551,69.05,0.18,0.0089,0.0306,23.203,47.03,12901,4,570,4,258.5,4,95,15,0,1,0,0,0,0,False,,0,0,,,,,,0,0,0,0,0,0,navegando para fronteira
13882.807,435.5,navigating,0.2236,5.7726,0.363,68.93,0.51,0.0141,0.0808,23.224,47.03,12901,4,570,4,258.5,4,95,15,0,1,0,0,0,0,False,,0,0,,,,,,0,0,0,0,0,0,navegando para fronteira
13883.26,436.0,navigating,0.2095,5.7733,0.3603,70.13,0.59,0.0091,0.0504,23.243,47.03,12901,4,570,4,258.5,4,95,15,0,1,0,0,0,0,False,,0,0,,,,,,0,0,0,0,0,0,navegando para fronteira
13883.722,436.504,navigating,0.2181,5.7728,0.3539,71.99,0.35,0.005,0.0551,23.265,47.03,12901,4,570,4,258.5,4,95,15,0,1,0,0,0,0,False,,0,0,,,,,,0,0,0,0,0,0,navegando para fronteira
13884.207,437.0,navigating,0.236,5.7789,0.3537,73.49,0.31,0.0215,-0.0088,23.29,47.03,12901,4,570,4,258.5,4,95,15,0,1,0,0,0,0,False,,0,0,,,,,,0,0,0,0,0,0,navegando para fronteira
13884.693,437.5,navigating,0.208,5.7993,0.3547,74.07,1.03,0.0286,0.03,23.327,47.03,12901,4,570,4,258.5,4,95,15,0,1,0,0,0,0,False,,0,0,,,,,,0,0,0,0,0,0,navegando para fronteira
13885.183,438.0,navigating,0.2214,5.7951,0.3554,74.57,0.71,0.0249,0.0471,23.358,47.03,12901,4,570,4,258.5,4,95,15,0,1,0,0,0,0,False,,0,0,,,,,,0,0,0,0,0,0,navegando para fronteira
13885.656,438.5,navigating,0.2326,5.8067,0.3556,75.03,0.19,0.0164,0.0197,23.382,47.03,12901,4,570,4,258.5,4,95,15,0,1,0,0,0,0,False,,0,0,,,,,,0,0,0,0,0,0,navegando para fronteira
13886.109,439.0,navigating,0.1991,5.81,0.3575,75.79,0.96,0.0072,0.032,23.424,47.03,12901,4,570,4,258.5,4,95,15,0,1,0,0,0,0,False,,0,0,,,,,,0,0,0,0,0,0,navegando para fronteira
13886.594,439.5,navigating,0.2266,5.8231,0.3562,75.63,0.77,0.0379,0.0125,23.456,47.03,12901,4,570,4,258.5,4,95,15,0,1,0,0,0,0,False,,0,0,,,,,,0,0,0,0,0,0,navegando para fronteira
13887.079,440.0,navigating,0.2273,5.8332,0.3568,75.42,0.33,0.0363,-0.0236,23.48,47.03,12901,4,570,4,258.5,4,95,15,0,1,0,0,0,0,False,,0,0,,,,,,0,0,0,0,0,0,navegando para fronteira
13887.571,440.5,navigating,0.2117,5.846,0.3564,75.16,0.46,0.0091,-0.028,23.507,47.03,12901,4,570,4,258.5,4,95,15,0,1,0,0,0,0,False,,0,0,,,,,,0,0,0,0,0,0,navegando para fronteira
13888.056,441.0,navigating,0.239,5.8393,0.3577,75.17,0.93,0.0076,0.0281,23.537,47.03,12901,4,570,4,258.5,4,95,15,0,1,0,0,0,0,False,,0,0,,,,,,0,0,0,0,0,0,navegando para fronteira
13888.517,441.5,navigating,0.2371,5.8545,0.3587,76.03,0.23,0.0244,-0.0009,23.563,47.03,12901,4,570,4,258.5,4,95,15,0,1,0,0,0,0,False,,0,0,,,,,,0,0,0,0,0,0,navegando para fronteira
13889.012,442.0,navigating,0.2262,5.854,0.3582,76.14,0.25,0.0095,-0.0177,23.582,47.03,12901,4,570,4,258.5,4,95,15,0,1,0,0,0,0,False,,0,0,,,,,,0,0,0,0,0,0,navegando para fronteira
13889.499,442.5,navigating,0.2277,5.8546,0.355,75.9,0.14,0.0051,0.008,23.593,47.03,12901,4,570,4,258.5,4,95,15,0,1,0,0,0,0,False,,0,0,,,,,,0,0,0,0,0,0,navegando para fronteira
13889.992,443.0,navigating,0.2188,5.8547,0.3525,75.56,0.39,0.0061,0.0049,23.606,47.03,12901,4,570,4,258.5,4,95,15,0,1,0,0,0,0,False,,0,0,,,,,,0,0,0,0,0,0,navegando para fronteira
13890.469,443.5,navigating,0.2325,5.8561,0.3525,75.09,0.44,0.0077,-0.0016,23.623,47.03,12901,4,570,4,258.5,4,95,15,0,1,0,0,0,0,False,,0,0,,,,,,0,0,0,0,0,0,navegando para fronteira
13890.909,444.0,navigating,0.2277,5.8584,0.3513,74.52,0.21,0.0063,-0.0029,23.631,47.03,12901,4,570,4,258.5,4,95,15,0,1,0,0,0,0,False,,0,0,,,,,,0,0,0,0,0,0,navegando para fronteira
13891.396,444.5,navigating,0.2261,5.8611,0.3561,73.95,0.14,0.0046,-0.0158,23.639,47.03,12901,4,570,4,258.5,4,95,15,0,1,0,0,0,0,False,,0,0,,,,,,0,0,0,0,0,0,navegando para fronteira
13891.852,445.0,navigating,0.2367,5.8629,0.3585,73.61,0.6,0.0186,-0.043,23.653,47.03,12901,4,570,4,258.5,4,95,15,0,1,0,0,0,0,False,,0,0,,,,,,0,0,0,0,0,0,navegando para fronteira
13892.326,445.5,navigating,0.2315,5.8727,0.3549,73.08,0.09,0.0138,-0.0329,23.665,47.03,12901,4,570,4,258.5,4,95,15,0,1,0,0,0,0,False,,0,0,,,,,,0,0,0,0,0,0,navegando para fronteira
13892.808,446.002,navigating,0.2191,5.8826,0.355,72.89,0.59,0.0149,-0.0375,23.681,47.03,12901,4,570,4,258.5,4,95,15,0,1,0,0,0,0,False,,0,0,,,,,,0,0,0,0,0,0,navegando para fronteira
13893.286,446.5,navigating,0.2231,5.8728,0.3537,72.52,0.2,0.0005,-0.0206,23.695,47.03,12901,4,570,4,258.5,4,95,15,0,1,0,0,0,0,False,,0,0,,,,,,0,0,0,0,0,0,navegando para fronteira
13893.771,447.0,navigating,0.2302,5.8699,0.3587,72.04,0.31,0.0015,-0.0072,23.704,47.03,12901,4,570,4,258.5,4,95,15,0,1,0,0,0,0,False,,0,0,,,,,,0,0,0,0,0,0,navegando para fronteira
13894.256,447.5,navigating,0.2214,5.8695,0.3514,71.78,0.28,0.0014,-0.0014,23.717,47.03,12901,4,570,4,258.5,4,95,15,0,1,0,0,0,0,False,,0,0,,,,,,0,0,0,0,0,0,navegando para fronteira
13894.751,448.0,navigating,0.2224,5.8694,0.3514,71.53,0.19,0.0023,-0.0036,23.723,47.03,12901,4,570,4,258.5,4,95,15,0,1,0,0,0,0,False,,0,0,,,,,,0,0,0,0,0,0,navegando para fronteira
13895.209,448.5,navigating,0.2229,5.8776,0.3561,71.31,0.15,0.0117,-0.0025,23.732,47.03,12901,4,570,4,258.5,4,95,15,0,1,0,0,0,0,False,,0,0,,,,,,0,0,0,0,0,0,navegando para fronteira
13895.685,449.0,navigating,0.2294,5.8875,0.357,70.95,0.23,0.0208,-0.0137,23.744,47.03,12901,4,570,4,258.5,4,95,15,0,1,0,0,0,0,False,,0,0,,,,,,0,0,0,0,0,0,navegando para fronteira
13896.168,449.5,navigating,0.231,5.8904,0.3536,70.28,0.21,0.0135,-0.0185,23.75,47.03,12901,4,570,4,258.5,4,95,15,0,1,0,0,0,0,False,,0,0,,,,,,0,0,0,0,0,0,navegando para fronteira
13896.654,450.0,navigating,0.2248,5.8932,0.3549,70.61,0.24,0.0029,-0.0168,23.758,47.03,12901,4,570,4,258.5,4,95,15,0,1,0,0,0,0,False,,0,0,,,,,,0,0,0,0,0,0,navegando para fronteira
13897.136,450.5,navigating,0.224,5.8934,0.3563,70.71,0.29,0.0081,-0.0028,23.77,47.03,12901,4,570,4,258.5,4,95,15,0,1,0,0,0,0,False,,0,0,,,,,,0,0,0,0,0,0,navegando para fronteira
13897.559,451.0,navigating,0.2302,5.907,0.3578,70.75,0.23,0.032,0.0186,23.785,47.03,12901,4,570,4,258.5,4,95,15,0,1,0,0,0,0,False,,0,0,,,,,,0,0,0,0,0,0,navegando para fronteira
13898.032,451.5,navigating,0.2322,5.9257,0.3594,70.91,0.33,0.0324,0.0206,23.805,47.03,12901,4,570,4,258.5,4,95,15,0,1,0,0,0,0,False,,0,0,,,,,,0,0,0,0,0,0,navegando para fronteira
13898.488,452.0,navigating,0.2387,5.9268,0.3532,71.09,0.23,0.0035,0.0033,23.813,47.03,12901,4,570,4,258.5,4,95,15,0,1,0,0,0,0,False,,0,0,,,,,,0,0,0,0,0,0,navegando para fronteira
13898.971,452.5,navigating,0.2393,5.9232,0.3546,71.01,0.12,0.0002,0.0158,23.82,47.03,12901,4,570,4,258.5,4,95,15,0,1,0,0,0,0,False,,0,0,,,,,,0,0,0,0,0,0,navegando para fronteira
13899.455,453.0,navigating,0.2423,5.9273,0.3549,70.89,0.27,0.0067,0.0015,23.825,47.03,12901,4,570,4,258.5,4,95,15,0,1,0,0,0,0,False,,0,0,,,,,,0,0,0,0,0,0,navegando para fronteira
13899.924,453.5,navigating,0.2515,5.9412,0.3533,70.79,0.24,0.0316,-0.0188,23.843,47.03,12901,4,570,4,258.5,4,95,15,0,1,0,0,0,0,False,,0,0,,,,,,0,0,0,0,0,0,navegando para fronteira
13900.373,454.0,navigating,0.2496,5.9418,0.3535,70.8,0.19,0.0033,-0.0179,23.85,47.03,12901,4,570,4,258.5,4,95,15,0,1,0,0,0,0,False,,0,0,,,,,,0,0,0,0,0,0,navegando para fronteira
13900.828,454.5,navigating,0.257,5.9411,0.3521,71.22,0.42,0.0056,-0.0119,23.859,47.03,12901,4,570,4,258.5,4,95,15,0,1,0,0,0,0,False,,0,0,,,,,,0,0,0,0,0,0,navegando para fronteira
13901.326,455.0,navigating,0.2457,5.9537,0.3477,71.5,0.4,0.0155,-0.0283,23.878,47.03,12901,4,570,4,258.5,4,95,15,0,1,0,0,0,0,False,,0,0,,,,,,0,0,0,0,0,0,navegando para fronteira
13901.811,455.5,navigating,0.2511,5.9516,0.3569,70.93,0.49,0.0035,-0.0368,23.896,47.03,12901,4,570,4,258.5,4,95,15,0,1,0,0,0,0,False,,0,0,,,,,,0,0,0,0,0,0,navegando para fronteira
13902.276,456.0,navigating,0.2512,5.9474,0.3575,70.43,0.09,0.0,-0.0028,23.913,47.03,12901,4,570,4,258.5,4,95,15,0,1,0,0,0,0,False,,0,0,,,,,,0,0,0,0,0,0,navegando para fronteira
13902.767,456.5,navigating,0.2394,5.9487,0.3534,69.64,0.3,0.0,0.0203,23.927,47.03,12901,4,570,4,258.5,4,95,15,0,1,0,0,0,0,False,,0,0,,,,,,0,0,0,0,0,0,navegando para fronteira
13903.223,457.002,selecting,0.2436,5.9497,0.3569,69.65,0.22,0.0,0.0,23.938,47.03,12901,4,570,4,258.5,4,95,15,0,1,1,0,0,0,False,,0,0,,,,,,0,0,0,0,0,0,meta de fronteira expirou
13903.707,457.5,selecting,0.2433,5.9508,0.3572,69.7,0.24,0.0,0.0,23.939,47.03,12901,4,570,4,258.5,4,95,15,0,1,1,0,0,0,False,,0,0,,,,,,0,0,0,0,0,0,meta de fronteira expirou
13904.191,458.0,selecting,0.2433,5.9508,0.3572,69.7,0.24,0.0,0.0,23.939,47.03,12901,4,570,4,258.5,4,95,15,0,1,1,0,0,0,False,,0,0,,,,,,0,0,0,0,0,0,meta de fronteira expirou
13904.661,458.5,selecting,0.2433,5.9508,0.3572,69.7,0.24,0.0014,-0.0045,23.939,47.03,12901,4,182,6,241.7,0,96,16,0,1,1,0,0,0,False,,0,0,,,,,,0,0,0,0,0,0,meta de fronteira expirou
13905.142,459.0,navigating,0.2431,5.9517,0.3563,69.86,0.17,0.0057,0.0202,23.94,47.03,12901,4,182,6,241.7,4,99,16,0,1,1,0,0,0,False,,0,0,,,,,,0,0,0,0,0,0,navegando para fronteira
13905.605,459.5,navigating,0.2469,5.9614,0.3549,70.77,0.17,0.0244,0.0643,23.951,47.03,12901,4,182,6,241.7,4,99,16,0,1,1,0,0,0,False,,0,0,,,,,,0,0,0,0,0,0,navegando para fronteira
13906.088,460.0,navigating,0.2501,5.9759,0.3609,72.51,0.19,0.0344,0.0704,23.967,47.03,12901,4,182,6,241.7,4,99,16,0,1,1,0,0,0,False,,0,0,,,,,,0,0,0,0,0,0,navegando para fronteira
13906.535,460.5,navigating,0.2512,5.9934,0.357,74.57,0.28,0.0489,0.1183,23.985,47.03,12901,4,182,6,241.7,4,99,16,0,1,1,0,0,0,False,,0,0,,,,,,0,0,0,0,0,0,navegando para fronteira
13907.024,461.0,navigating,0.2416,6.0085,0.3491,77.5,0.66,0.048,0.1537,24.007,47.03,12901,4,182,6,241.7,4,99,16,0,1,1,0,0,0,False,,0,0,,,,,,0,0,0,0,0,0,navegando para fronteira
13907.514,461.5,navigating,0.2599,6.0333,0.3482,80.66,0.32,0.0551,0.1239,24.04,47.03,12901,4,182,6,241.7,4,99,16,0,1,1,0,0,0,False,,0,0,,,,,,0,0,0,0,0,0,navegando para fronteira
13907.997,462.004,navigating,0.2574,6.0544,0.3526,83.56,0.57,0.0652,0.0871,24.066,47.03,12901,4,182,6,241.7,4,99,16,0,1,1,0,0,0,False,,0,0,,,,,,0,0,0,0,0,0,navegando para fronteira
13908.497,462.5,navigating,0.2441,6.0765,0.357,85.7,0.42,0.0437,0.0926,24.097,47.03,12901,4,182,6,241.7,4,99,16,0,1,1,0,0,0,False,,0,0,,,,,,0,0,0,0,0,0,navegando para fronteira
13908.988,463.0,navigating,0.2674,6.1086,0.3571,88.16,0.58,0.0786,0.0938,24.137,47.03,12901,4,182,6,241.7,4,99,16,0,1,1,0,0,0,False,,0,0,,,,,,0,0,0,0,0,0,navegando para fronteira
13909.469,463.5,navigating,0.2528,6.1545,0.3504,90.45,0.52,0.0998,0.067,24.187,47.03,12901,4,182,6,241.7,4,99,16,0,1,1,0,0,0,False,,0,0,,,,,,0,0,0,0,0,0,navegando para fronteira
13909.955,464.0,navigating,0.2403,6.1994,0.3586,92.3,0.45,0.0878,0.0368,24.24,47.11,12923,4,182,6,241.7,4,99,16,0,1,1,0,0,0,False,,0,0,,,,,,0,0,0,0,0,0,navegando para fronteira
13910.425,464.5,navigating,0.2575,6.254,0.3563,93.7,0.48,0.1119,0.0578,24.298,47.11,12923,4,182,6,241.7,4,99,16,0,1,1,0,0,0,False,,0,0,,,,,,0,0,0,0,0,0,navegando para fronteira
13910.93,465.002,navigating,0.23,6.3119,0.3576,95.25,0.83,0.1089,0.0988,24.364,47.11,12923,4,182,6,241.7,4,99,16,0,1,1,0,0,0,False,,0,0,,,,,,0,0,0,0,0,0,navegando para fronteira
13911.376,465.5,navigating,0.228,6.3648,0.3538,96.8,0.21,0.1196,0.0765,24.42,47.11,12923,4,182,6,241.7,4,99,16,0,1,1,0,0,0,False,,0,0,,,,,,0,0,0,0,0,0,navegando para fronteira
13911.835,466.0,navigating,0.2356,6.4184,0.3527,98.84,0.35,0.1104,0.1301,24.478,47.11,12923,4,182,6,241.7,4,99,16,0,1,1,0,0,0,False,,0,0,,,,,,0,0,0,0,0,0,navegando para fronteira
13912.314,466.5,navigating,0.1878,6.451,0.3513,101.94,1.46,0.0892,0.1527,24.538,47.11,12923,4,182,6,241.7,4,99,16,0,1,1,0,0,0,False,,0,0,,,,,,0,0,0,0,0,0,navegando para fronteira
13912.81,467.0,navigating,0.1674,6.5158,0.351,103.76,0.22,0.1246,0.0357,24.608,47.11,12923,4,182,6,241.7,4,99,16,0,1,1,0,0,0,False,,0,0,,,,,,0,0,0,0,0,0,navegando para fronteira
13913.305,467.5,navigating,0.156,6.5772,0.3565,104.73,0.1,0.1211,0.0004,24.671,47.19,12945,4,182,6,241.7,4,99,16,0,1,1,0,0,0,False,,0,0,,,,,,0,0,0,0,0,0,navegando para fronteira
13913.735,468.0,navigating,0.1419,6.6358,0.3521,105.19,0.22,0.1404,0.0647,24.731,47.19,12945,4,182,6,241.7,4,99,16,0,1,1,0,0,0,False,,0,0,,,,,,0,0,0,0,0,0,navegando para fronteira
13914.219,468.5,navigating,0.12,6.7082,0.3526,106.41,0.22,0.1404,0.0498,24.807,47.19,12945,4,182,6,241.7,4,99,16,0,1,1,0,0,0,False,,0,0,,,,,,0,0,0,0,0,0,navegando para fronteira
13914.699,469.0,navigating,0.0878,6.7749,0.3613,108.32,0.44,0.1422,0.0568,24.881,47.19,12945,4,182,6,241.7,4,99,16,0,1,1,0,0,0,False,,0,0,,,,,,0,0,0,0,0,0,navegando para fronteira
13915.18,469.502,navigating,0.0568,6.8247,0.3564,108.98,0.75,0.1256,-0.0024,24.94,47.19,12945,4,182,6,241.7,4,99,16,0,1,1,0,0,0,False,,0,0,,,,,,0,0,0,0,0,0,navegando para fronteira
13915.67,470.0,navigating,0.0497,6.8931,0.3553,108.41,0.48,0.1313,-0.0487,25.009,47.29,12971,4,182,6,241.7,4,99,16,0,1,1,0,0,0,False,,0,0,,,,,,0,0,0,0,0,0,navegando para fronteira
13916.107,470.5,navigating,0.0294,6.9604,0.3507,107.13,0.42,0.1411,-0.0406,25.08,47.29,12971,4,182,6,241.7,4,99,16,0,1,1,0,0,0,False,,0,0,,,,,,0,0,0,0,0,0,navegando para fronteira
13916.597,471.0,navigating,-0.0103,7.0216,0.3575,105.67,0.5,0.1294,-0.07,25.154,47.29,12971,4,182,6,241.7,4,99,16,0,1,1,0,0,0,False,,0,0,,,,,,0,0,0,0,0,0,navegando para fronteira
13917.071,471.501,navigating,-0.0196,7.0992,0.3601,104.07,0.43,0.1406,-0.0472,25.232,47.29,12971,4,182,6,241.7,4,99,16,0,1,1,0,0,0,False,,0,0,,,,,,0,0,0,0,0,0,navegando para fronteira
13917.568,472.0,navigating,-0.0357,7.1736,0.359,102.98,0.15,0.1404,-0.0418,25.309,47.29,12971,4,182,6,241.7,4,99,16,0,1,1,0,0,0,False,,0,0,,,,,,0,0,0,0,0,0,navegando para fronteira
13918.059,472.5,navigating,-0.0664,7.2393,0.3581,102.0,0.55,0.1232,-0.0732,25.382,47.3,12974,4,182,6,241.7,4,99,16,0,1,1,0,0,0,False,,0,0,,,,,,0,0,0,0,0,0,navegando para fronteira
13918.538,473.0,navigating,-0.071,7.2983,0.3562,100.34,0.28,0.1095,-0.1034,25.442,47.3,12974,4,182,6,241.7,4,99,16,0,1,1,0,0,0,False,,0,0,,,,,,0,0,0,0,0,0,navegando para fronteira
13919.023,473.5,navigating,-0.076,7.3553,0.3534,98.18,0.2,0.1039,-0.0791,25.5,47.3,12974,4,182,6,241.7,4,99,16,0,1,1,0,0,0,False,,0,0,,,,,,0,0,0,0,0,0,navegando para fronteira
13919.525,474.0,navigating,-0.0943,7.412,0.3561,96.39,0.34,0.1043,-0.0696,25.56,47.3,12974,4,182,6,241.7,4,99,16,0,1,1,0,0,0,False,,0,0,,,,,,0,0,0,0,0,0,navegando para fronteira
13920.003,474.5,navigating,-0.1026,7.4617,0.3508,94.44,0.08,0.0863,-0.0625,25.61,47.3,12975,4,182,6,241.7,4,99,16,0,1,1,0,0,0,False,,0,0,,,,,,0,0,0,0,0,0,navegando para fronteira
13920.483,475.001,navigating,-0.1073,7.5006,0.3548,92.35,0.11,0.0775,-0.0325,25.65,47.3,12975,4,182,6,241.7,4,99,16,0,1,1,0,0,0,False,,0,0,,,,,,0,0,0,0,0,0,navegando para fronteira
13920.948,475.5,navigating,-0.1071,7.5402,0.3511,90.73,0.24,0.0877,-0.0476,25.689,47.3,12975,4,182,6,241.7,4,99,16,0,1,1,0,0,0,False,,0,0,,,,,,0,0,0,0,0,0,navegando para fronteira
13921.423,476.0,navigating,-0.1073,7.5871,0.358,89.76,0.22,0.1026,-0.0767,25.736,47.3,12975,4,182,6,241.7,4,99,16,0,1,1,0,0,0,False,,0,0,,,,,,0,0,0,0,0,0,navegando para fronteira
13921.874,476.5,navigating,-0.1041,7.6441,0.3589,88.22,0.27,0.1251,-0.0781,25.794,47.3,12975,4,182,6,241.7,4,99,16,0,1,1,0,0,0,False,,0,0,,,,,,0,0,0,0,0,0,navegando para fronteira
13922.363,477.0,navigating,-0.1063,7.7143,0.3546,86.84,0.2,0.1361,-0.0527,25.864,47.3,12975,4,182,6,241.7,4,99,16,0,1,1,0,0,0,False,,0,0,,,,,,0,0,0,0,0,0,navegando para fronteira
13922.854,477.501,navigating,-0.1119,7.7773,0.3571,86.07,0.38,0.1211,-0.0318,25.928,47.3,12975,4,182,6,241.7,4,99,16,0,1,1,0,0,0,False,,0,0,,,,,,0,0,0,0,0,0,navegando para fronteira
13923.338,478.0,navigating,-0.0987,7.8381,0.3573,85.45,0.35,0.1162,0.0125,25.991,47.3,12975,4,182,6,241.7,4,99,16,0,1,1,0,0,0,False,,0,0,,,,,,0,0,0,0,0,0,navegando para fronteira
13923.821,478.501,navigating,-0.102,7.9004,0.3535,85.6,0.35,0.1181,0.0048,26.053,47.32,12979,4,182,6,241.7,4,99,16,0,1,1,0,0,0,False,,0,0,,,,,,0,0,0,0,0,0,navegando para fronteira
13924.303,479.0,navigating,-0.0944,7.9613,0.3496,85.65,0.25,0.111,0.0044,26.115,47.32,12979,4,182,6,241.7,4,99,16,0,1,1,0,0,0,False,,0,0,,,,,,0,0,0,0,0,0,navegando para fronteira
13924.791,479.5,navigating,-0.1006,8.0146,0.3548,85.14,0.35,0.1031,0.0101,26.169,47.32,12979,4,182,6,241.7,4,99,16,0,1,1,0,0,0,False,,0,0,,,,,,0,0,0,0,0,0,navegando para fronteira
13925.287,480.0,navigating,-0.0906,8.0745,0.3589,84.9,0.32,0.1066,0.0121,26.231,47.32,12979,4,182,6,241.7,4,99,16,0,1,1,0,0,0,False,,0,0,,,,,,0,0,0,0,0,0,navegando para fronteira
13925.763,480.5,navigating,-0.076,8.1312,0.3614,85.15,0.46,0.112,0.028,26.291,47.32,12979,4,182,6,241.7,4,99,16,0,1,1,0,0,0,False,,0,0,,,,,,0,0,0,0,0,0,navegando para fronteira
13926.209,481.0,navigating,-0.0896,8.1885,0.3587,85.61,0.57,0.1069,0.0212,26.35,47.32,12979,4,182,6,241.7,4,99,16,0,1,1,0,0,0,False,,0,0,,,,,,0,0,0,0,0,0,navegando para fronteira
13926.694,481.5,navigating,-0.0837,8.2492,0.3505,86.22,0.26,0.1162,-0.0076,26.411,47.32,12979,4,182,6,241.7,4,99,16,0,1,1,0,0,0,False,,0,0,,,,,,0,0,0,0,0,0,navegando para fronteira
13927.185,482.001,navigating,-0.0733,8.2975,0.356,86.29,0.29,0.0941,-0.0083,26.461,47.48,13023,4,182,6,241.7,4,99,16,0,1,1,0,0,0,False,,0,0,,,,,,0,0,0,0,0,0,navegando para fronteira
13927.63,482.5,navigating,-0.0686,8.3416,0.3464,85.95,0.55,0.0992,0.019,26.506,47.48,13023,4,182,6,241.7,4,99,16,0,1,1,0,0,0,False,,0,0,,,,,,0,0,0,0,0,0,navegando para fronteira
13928.121,483.0,navigating,-0.0637,8.4085,0.3497,86.43,0.22,0.1251,0.0095,26.573,47.48,13023,4,182,6,241.7,4,99,16,0,1,1,0,0,0,False,,0,0,,,,,,0,0,0,0,0,0,navegando para fronteira
13928.597,483.5,navigating,-0.0678,8.4763,0.3501,86.57,0.15,0.115,0.0172,26.642,47.48,13023,4,182,6,241.7,4,99,16,0,1,1,0,0,0,False,,0,0,,,,,,0,0,0,0,0,0,navegando para fronteira
13929.05,484.0,navigating,-0.063,8.5395,0.3586,86.39,0.18,0.129,0.0445,26.705,47.48,13023,4,182,6,241.7,4,99,16,0,1,1,0,0,0,False,,0,0,,,,,,0,0,0,0,0,0,navegando para fronteira
13929.533,484.5,navigating,-0.0646,8.603,0.3585,86.72,0.27,0.1192,0.0416,26.769,48.07,13184,4,182,6,241.7,4,99,16,0,1,1,0,0,0,False,,0,0,,,,,,0,0,0,0,0,0,navegando para fronteira
13930.021,485.0,navigating,-0.0623,8.6602,0.3578,87.7,0.17,0.1049,0.0406,26.827,48.07,13184,4,182,6,241.7,4,99,16,0,1,1,0,0,0,False,,0,0,,,,,,0,0,0,0,0,0,navegando para fronteira
13930.465,485.5,navigating,-0.057,8.7162,0.3579,88.42,0.26,0.124,0.0335,26.883,48.07,13184,4,182,6,241.7,4,99,16,0,1,1,0,0,0,False,,0,0,,,,,,0,0,0,0,0,0,navegando para fronteira
13930.922,486.001,navigating,-0.0772,8.7741,0.3532,88.61,1.07,0.1138,0.011,26.945,48.07,13184,4,182,6,241.7,4,99,16,0,1,1,0,0,0,False,,0,0,,,,,,0,0,0,0,0,0,navegando para fronteira
13931.406,486.5,navigating,-0.0819,8.8163,0.3527,89.36,0.23,0.1013,0.0213,26.995,48.07,13184,4,182,6,241.7,4,99,16,0,1,1,0,0,0,False,,0,0,,,,,,0,0,0,0,0,0,navegando para fronteira
13931.888,487.0,navigating,-0.0695,8.8664,0.3525,90.33,0.09,0.1012,0.0325,27.049,48.07,13184,4,182,6,241.7,4,99,16,0,1,1,0,0,0,False,,0,0,,,,,,0,0,0,0,0,0,navegando para fronteira
13932.321,487.5,navigating,-0.0881,8.891,0.3533,91.42,0.68,0.0644,0.0411,27.081,48.07,13184,4,182,6,241.7,4,99,16,0,1,1,0,0,0,False,,0,0,,,,,,0,0,0,0,0,0,navegando para fronteira
13932.815,488.0,navigating,-0.0834,8.9196,0.3561,92.53,0.16,0.0661,0.0641,27.112,48.07,13184,4,182,6,241.7,4,99,16,0,1,1,0,0,0,False,,0,0,,,,,,0,0,0,0,0,0,navegando para fronteira
13933.274,488.5,navigating,-0.0738,8.9571,0.3541,93.68,0.43,0.0679,0.0605,27.152,48.07,13184,4,182,6,241.7,4,99,16,0,1,1,0,0,0,False,,0,0,,,,,,0,0,0,0,0,0,navegando para fronteira
13933.764,489.0,navigating,-0.0932,8.9951,0.3559,94.84,0.55,0.0685,0.0547,27.196,46.3,13733,4,182,6,241.7,4,99,16,0,1,1,0,0,0,False,,0,0,,,,,,0,0,0,0,0,0,navegando para fronteira
13934.252,489.501,navigating,-0.0959,9.0307,0.3589,95.89,0.21,0.0631,0.0418,27.233,46.3,13733,4,182,6,241.7,4,99,16,0,1,1,0,0,0,False,,0,0,,,,,,0,0,0,0,0,0,navegando para fronteira
13934.683,490.0,navigating,-0.0932,9.0634,0.3514,96.84,0.17,0.077,0.0405,27.267,46.3,13733,4,182,6,241.7,4,99,16,0,1,1,0,0,0,False,,0,0,,,,,,0,0,0,0,0,0,navegando para fronteira
13935.169,490.5,navigating,-0.096,9.0696,0.3457,97.23,0.21,0.0,0.0,27.28,46.3,13733,4,182,6,241.7,4,99,16,0,1,1,0,0,0,False,,0,0,,,,,,0,0,0,0,0,0,navegando para fronteira
13935.648,491.0,selecting,-0.0987,9.0772,0.3512,97.38,0.15,0.0,0.0,27.288,46.3,13733,6,494,6,300.4,0,100,17,0,0,0,0,0,0,False,,0,0,,,,,,0,0,0,0,0,0,fronteira alcancada; atualizando mapa
13936.12,491.5,navigating,-0.1,9.0791,0.352,97.52,0.19,0.0293,0.0116,27.29,46.3,13733,6,494,6,300.4,6,105,17,0,0,0,0,0,0,False,,0,0,,,,,,0,0,0,0,0,0,navegando para fronteira
13936.608,492.0,navigating,-0.1064,9.1048,0.3535,97.85,0.26,0.0575,0.0152,27.317,46.3,13733,6,494,6,300.4,6,105,17,0,0,0,0,0,0,False,,0,0,,,,,,0,0,0,0,0,0,navegando para fronteira
13937.102,492.5,navigating,-0.1153,9.1381,0.3567,98.33,0.29,0.0729,0.0345,27.352,46.3,13733,6,494,6,300.4,6,105,17,0,0,0,0,0,0,False,,0,0,,,,,,0,0,0,0,0,0,navegando para fronteira
13937.594,493.0,navigating,-0.1245,9.1722,0.3567,98.96,0.21,0.0639,0.041,27.388,46.3,13733,6,494,6,300.4,6,105,17,0,0,0,0,0,0,False,,0,0,,,,,,0,0,0,0,0,0,navegando para fronteira
13938.065,493.5,navigating,-0.1217,9.2142,0.3522,99.58,0.5,0.0758,0.0356,27.43,46.3,13733,6,494,6,300.4,6,105,17,0,0,0,0,0,0,False,,0,0,,,,,,0,0,0,0,0,0,navegando para fronteira
13938.523,494.0,navigating,-0.1352,9.2558,0.357,100.05,0.34,0.1004,0.0008,27.474,46.3,13733,6,494,6,300.4,6,105,17,0,0,0,0,0,0,False,,0,0,,,,,,0,0,0,0,0,0,navegando para fronteira
13939.008,494.501,navigating,-0.1534,9.3096,0.3563,100.61,0.25,0.1041,0.0174,27.532,46.3,13733,6,494,6,300.4,6,105,17,0,0,0,0,0,0,False,,0,0,,,,,,0,0,0,0,0,0,navegando para fronteira
13939.508,495.0,navigating,-0.1596,9.3573,0.3582,101.28,0.2,0.0872,0.0114,27.58,46.3,13733,6,494,6,300.4,6,105,17,0,0,0,0,0,0,False,,0,0,,,,,,0,0,0,0,0,0,navegando para fronteira
13939.986,495.5,navigating,-0.1728,9.3972,0.361,102.16,0.29,0.0859,0.0245,27.622,47.54,14100,6,494,6,300.4,6,105,17,0,0,0,0,0,0,False,,0,0,,,,,,0,0,0,0,0,0,navegando para fronteira
13940.482,496.0,navigating,-0.1873,9.4351,0.3611,103.14,0.36,0.0803,0.0193,27.663,47.54,14100,6,494,6,300.4,6,105,17,0,0,0,0,0,0,False,,0,0,,,,,,0,0,0,0,0,0,navegando para fronteira
13940.927,496.5,navigating,-0.1887,9.4675,0.3587,103.66,0.38,0.0655,0.0349,27.696,47.54,14100,6,494,6,300.4,6,105,17,0,0,0,0,0,0,False,,0,0,,,,,,0,0,0,0,0,0,navegando para fronteira
13941.407,497.0,navigating,-0.1997,9.5003,0.3561,104.48,0.28,0.066,0.0572,27.732,47.54,14100,6,494,6,300.4,6,105,17,0,0,0,0,0,0,False,,0,0,,,,,,0,0,0,0,0,0,navegando para fronteira
13941.911,497.5,navigating,-0.2376,9.5035,0.3486,106.03,1.1,0.0227,0.0616,27.777,47.54,14100,6,494,6,300.4,6,105,17,0,0,0,0,0,0,False,,0,0,,,,,,0,0,0,0,0,0,navegando para fronteira
13942.392,498.0,navigating,-0.2306,9.5298,0.3595,106.94,0.56,0.0507,0.0429,27.81,47.54,14100,6,494,6,300.4,6,105,17,0,0,0,0,0,0,False,,0,0,,,,,,0,0,0,0,0,0,navegando para fronteira
13942.869,498.5,navigating,-0.2187,9.56,0.3522,108.05,0.37,0.0625,0.0703,27.851,47.54,14100,6,494,6,300.4,6,105,17,0,0,0,0,0,0,False,,0,0,,,,,,0,0,0,0,0,0,navegando para fronteira
13943.354,499.001,navigating,-0.2586,9.5632,0.3552,109.58,1.02,0.0239,0.0766,27.895,47.54,14100,6,494,6,300.4,6,105,17,0,0,0,0,0,0,False,,0,0,,,,,,0,0,0,0,0,0,navegando para fronteira
13943.849,499.5,navigating,-0.25,9.5953,0.3564,111.06,0.46,0.06,0.0451,27.933,47.54,14100,6,494,6,300.4,6,105,17,0,0,0,0,0,0,False,,0,0,,,,,,0,0,0,0,0,0,navegando para fronteira
13944.31,500.0,navigating,-0.2651,9.6185,0.3538,112.46,0.28,0.0752,0.044,27.969,47.54,14100,6,494,6,300.4,6,105,17,0,0,0,0,0,0,False,,0,0,,,,,,0,0,0,0,0,0,navegando para fronteira
13944.746,500.5,navigating,-0.3003,9.6178,0.3588,113.64,1.07,0.06,0.0496,28.007,47.54,14100,6,494,6,300.4,6,105,17,0,0,0,0,0,0,False,,0,0,,,,,,0,0,0,0,0,0,navegando para fronteira
13945.228,501.002,navigating,-0.292,9.6437,0.358,114.49,0.62,0.0463,0.0129,28.037,47.54,14100,6,494,6,300.4,6,105,17,0,0,0,0,0,0,False,,0,0,,,,,,0,0,0,0,0,0,navegando para fronteira
13945.728,501.5,navigating,-0.302,9.6616,0.3566,115.34,0.21,0.0377,0.0517,28.066,47.54,14100,6,494,6,300.4,6,105,17,0,0,0,0,0,0,False,,0,0,,,,,,0,0,0,0,0,0,navegando para fronteira
13946.213,502.0,navigating,-0.3239,9.6719,0.3561,116.58,0.45,0.0312,0.066,28.091,47.54,14100,6,494,6,300.4,6,105,17,0,0,0,0,0,0,False,,0,0,,,,,,0,0,0,0,0,0,navegando para fronteira
13946.696,502.5,navigating,-0.3243,9.6888,0.3551,117.69,0.23,0.0308,0.0422,28.109,47.54,14100,6,494,6,300.4,6,105,17,0,0,0,0,0,0,False,,0,0,,,,,,0,0,0,0,0,0,navegando para fronteira
13947.179,503.0,navigating,-0.3347,9.6953,0.3537,117.94,0.31,0.0317,0.0134,28.123,49.53,14689,6,494,6,300.4,6,105,17,0,0,0,0,0,0,False,,0,0,,,,,,0,0,0,0,0,0,navegando para fronteira
13947.663,503.5,navigating,-0.3442,9.7067,0.3547,118.89,0.1,0.0334,0.0211,28.14,49.53,14689,6,494,6,300.4,6,105,17,0,0,0,0,0,0,False,,0,0,,,,,,0,0,0,0,0,0,navegando para fronteira
13948.157,504.0,navigating,-0.3496,9.725,0.3538,119.87,0.17,0.0469,0.0247,28.159,49.53,14689,6,494,6,300.4,6,105,17,0,0,0,0,0,0,False,,0,0,,,,,,0,0,0,0,0,0,navegando para fronteira
13948.621,504.5,navigating,-0.3698,9.7345,0.3533,120.78,0.44,0.0,0.0,28.182,49.53,14689,6,494,6,300.4,6,105,17,0,0,0,0,0,0,False,,0,0,,,,,,0,0,0,0,0,0,navegando para fronteira
13949.094,505.0,navigating,-0.3704,9.7357,0.3568,120.95,0.23,0.0,0.0,28.196,49.53,14689,6,494,6,300.4,6,105,17,0,0,0,0,0,0,False,,0,0,,,,,,0,0,0,0,0,0,navegando para fronteira
13949.551,505.5,selecting,-0.3716,9.738,0.3569,120.95,0.25,0.0,0.0,28.198,49.53,14689,8,586,8,281.9,0,106,18,0,0,0,0,0,0,False,,0,0,,,,,,0,0,0,0,0,0,fronteira alcancada; atualizando mapa
13950.017,506.0,navigating,-0.3756,9.7368,0.3561,121.08,0.42,0.0298,0.0249,28.202,49.53,14689,8,586,8,281.9,8,113,18,0,0,0,0,0,0,False,,0,0,,,,,,0,0,0,0,0,0,navegando para fronteira
13950.51,506.5,navigating,-0.3855,9.7579,0.3598,121.05,0.24,0.046,0.007,28.226,49.53,14689,8,586,8,281.9,8,113,18,0,0,0,0,0,0,False,,0,0,,,,,,0,0,0,0,0,0,navegando para fronteira
13951.01,507.0,navigating,-0.3972,9.7753,0.3578,121.08,0.28,0.0387,0.0225,28.249,49.53,14689,8,586,8,281.9,8,113,18,0,0,0,0,0,0,False,,0,0,,,,,,0,0,0,0,0,0,navegando para fronteira
13951.472,507.5,navigating,-0.4141,9.7859,0.3547,121.59,0.3,0.0443,0.0149,28.269,49.53,14689,8,586,8,281.9,8,113,18,0,0,0,0,0,0,False,,0,0,,,,,,0,0,0,0,0,0,navegando para fronteira
13951.95,508.0,navigating,-0.4212,9.8026,0.3593,122.31,0.24,0.0426,0.0204,28.289,49.53,14689,8,586,8,281.9,8,113,18,0,0,0,0,0,0,False,,0,0,,,,,,0,0,0,0,0,0,navegando para fronteira
13952.427,508.501,navigating,-0.432,9.825,0.357,123.37,0.2,0.0515,0.0234,28.315,49.53,14689,8,586,8,281.9,8,113,18,0,0,0,0,0,0,False,,0,0,,,,,,0,0,0,0,0,0,navegando para fronteira
13952.909,509.001,navigating,-0.4561,9.8418,0.353,124.45,0.38,0.0513,0.0368,28.344,49.53,14689,8,586,8,281.9,8,113,18,0,0,0,0,0,0,False,,0,0,,,,,,0,0,0,0,0,0,navegando para fronteira
13953.402,509.5,navigating,-0.4709,9.8544,0.3607,126.09,0.26,0.0419,0.0952,28.365,49.53,14689,8,586,8,281.9,8,113,18,0,0,0,0,0,0,False,,0,0,,,,,,0,0,0,0,0,0,navegando para fronteira
13953.885,510.0,navigating,-0.4738,9.8676,0.3568,128.66,0.21,0.0306,0.1214,28.38,49.53,14689,8,586,8,281.9,8,113,18,0,0,0,0,0,0,False,,0,0,,,,,,0,0,0,0,0,0,navegando para fronteira
13954.37,510.502,navigating,-0.487,9.8752,0.355,130.72,0.18,0.0311,0.0896,28.396,49.53,14689,8,586,8,281.9,8,113,18,0,0,0,0,0,0,False,,0,0,,,,,,0,0,0,0,0,0,navegando para fronteira
13954.862,511.0,navigating,-0.5032,9.8891,0.3546,132.53,0.1,0.0388,0.098,28.418,49.53,14689,8,586,8,281.9,8,113,18,0,0,0,0,0,0,False,,0,0,,,,,,0,0,0,0,0,0,navegando para fronteira
13955.348,511.5,navigating,-0.5159,9.9042,0.3528,134.64,0.22,0.0343,0.0969,28.439,49.53,14689,8,586,8,281.9,8,113,18,0,0,0,0,0,0,False,,0,0,,,,,,0,0,0,0,0,0,navegando para fronteira
13955.785,512.0,navigating,-0.5292,9.9122,0.3479,137.11,0.16,0.0315,0.1388,28.455,49.53,14689,8,586,8,281.9,8,113,18,0,0,0,0,0,0,False,,0,0,,,,,,0,0,0,0,0,0,navegando para fronteira
13956.259,512.5,navigating,-0.5406,9.9299,0.3559,139.88,0.33,0.0336,0.106,28.476,49.53,14689,8,586,8,281.9,8,113,18,0,0,0,0,0,0,False,,0,0,,,,,,0,0,0,0,0,0,navegando para fronteira
13956.723,513.0,navigating,-0.5593,9.9302,0.3597,142.73,0.32,0.0337,0.1115,28.496,49.53,14689,8,586,8,281.9,8,113,18,0,0,0,0,0,0,False,,0,0,,,,,,0,0,0,0,0,0,navegando para fronteira
13957.185,513.5,navigating,-0.5735,9.9244,0.3598,145.95,0.57,0.027,0.1289,28.512,50.89,15092,8,586,8,281.9,8,113,18,0,0,0,0,0,0,False,,0,0,,,,,,0,0,0,0,0,0,navegando para fronteira
13957.625,514.0,navigating,-0.5843,9.9268,0.3543,149.73,0.31,0.0365,0.1897,28.526,50.89,15092,8,586,8,281.9,8,113,18,0,0,0,0,0,0,False,,0,0,,,,,,0,0,0,0,0,0,navegando para fronteira
13958.11,514.501,navigating,-0.6004,9.943,0.3576,153.49,0.3,0.052,0.1409,28.55,50.89,15092,8,586,8,281.9,8,113,18,0,0,0,0,0,0,False,,0,0,,,,,,0,0,0,0,0,0,navegando para fronteira
13958.607,515.0,navigating,-0.6293,9.9404,0.3571,156.77,0.41,0.0553,0.146,28.582,50.89,15092,8,586,8,281.9,8,113,18,0,0,0,0,0,0,False,,0,0,,,,,,0,0,0,0,0,0,navegando para fronteira
13959.094,515.5,navigating,-0.6607,9.9553,0.3532,160.11,0.26,0.0733,0.1502,28.619,50.89,15092,8,586,8,281.9,8,113,18,0,0,0,0,0,0,False,,0,0,,,,,,0,0,0,0,0,0,navegando para fronteira
13959.561,516.0,navigating,-0.6926,9.9812,0.3491,163.13,0.44,0.0732,0.1409,28.664,50.89,15092,8,586,8,281.9,8,113,18,0,0,0,0,0,0,False,,0,0,,,,,,0,0,0,0,0,0,navegando para fronteira
13960.045,516.5,navigating,-0.7404,9.9618,0.3557,166.14,0.88,0.0765,0.0859,28.717,50.89,15092,8,586,8,281.9,8,113,18,0,0,0,0,0,0,False,,0,0,,,,,,0,0,0,0,0,0,navegando para fronteira
13960.528,517.0,navigating,-0.7837,9.9752,0.3578,168.22,0.48,0.0906,0.0581,28.766,50.89,15092,8,586,8,281.9,8,113,18,0,0,0,0,0,0,False,,0,0,,,,,,0,0,0,0,0,0,navegando para fronteira
13961.008,517.501,navigating,-0.8379,9.9946,0.3601,169.96,0.32,0.1161,0.0492,28.824,51.43,15368,8,586,8,281.9,8,113,18,0,0,0,0,0,0,False,,0,0,,,,,,0,0,0,0,0,0,navegando para fronteira
13961.503,518.0,navigating,-0.9065,9.9827,0.3645,171.52,0.55,0.1191,0.0891,28.894,51.43,15368,8,586,8,281.9,8,113,18,0,0,0,0,0,0,False,,0,0,,,,,,0,0,0,0,0,0,navegando para fronteira
13961.993,518.5,navigating,-0.9556,9.988,0.3627,174.12,0.26,0.0984,0.1017,28.944,51.43,15368,8,586,8,281.9,8,113,18,0,0,0,0,0,0,False,,0,0,,,,,,0,0,0,0,0,0,navegando para fronteira
13962.474,519.0,navigating,-1.0066,9.9928,0.3592,176.8,0.25,0.1036,0.1196,28.996,51.43,15368,8,586,8,281.9,8,113,18,0,0,0,0,0,0,False,,0,0,,,,,,0,0,0,0,0,0,navegando para fronteira
13962.955,519.5,navigating,-1.0627,9.9829,0.3544,178.99,0.52,0.1072,0.0993,29.054,51.43,15368,8,586,8,281.9,8,113,18,0,0,0,0,0,0,False,,0,0,,,,,,0,0,0,0,0,0,navegando para fronteira
13963.407,520.0,navigating,-1.1248,9.9807,0.3541,-179.44,0.15,0.1208,0.1083,29.117,51.43,15368,8,586,8,281.9,8,113,18,0,0,0,0,0,0,False,,0,0,,,,,,0,0,0,0,0,0,navegando para fronteira
13963.884,520.5,navigating,-1.1728,9.9825,0.3558,-177.35,0.28,0.0923,0.1215,29.168,51.43,15368,8,586,8,281.9,8,113,18,0,0,0,0,0,0,False,,0,0,,,,,,0,0,0,0,0,0,navegando para fronteira
13964.359,521.0,navigating,-1.2238,9.9602,0.3545,-174.6,0.63,0.0965,0.1049,29.225,51.52,15396,8,586,8,281.9,8,113,18,0,0,0,0,0,0,False,,0,0,,,,,,0,0,0,0,0,0,navegando para fronteira
13964.827,521.5,navigating,-1.2839,9.9632,0.3551,-172.19,0.58,0.1073,0.0973,29.287,51.52,15396,8,586,8,281.9,8,113,18,0,0,0,0,0,0,False,,0,0,,,,,,0,0,0,0,0,0,navegando para fronteira
13965.311,522.0,navigating,-1.3491,9.9505,0.3603,-169.89,0.17,0.1243,0.0446,29.354,51.52,15396,8,586,8,281.9,8,113,18,0,0,0,0,0,0,False,,0,0,,,,,,0,0,0,0,0,0,navegando para fronteira
13965.806,522.5,navigating,-1.4107,9.9177,0.3612,-168.65,0.65,0.1093,0.0217,29.425,51.52,15396,8,586,8,281.9,8,113,18,0,0,0,0,0,0,False,,0,0,,,,,,0,0,0,0,0,0,navegando para fronteira
13966.297,523.002,navigating,-1.4649,9.9247,0.3613,-168.74,0.61,0.082,-0.0121,29.481,51.52,15396,8,586,8,281.9,8,113,18,0,0,0,0,0,0,False,,0,0,,,,,,0,0,0,0,0,0,navegando para fronteira
13966.779,523.503,navigating,-1.5091,9.8992,0.3615,-168.65,0.63,0.0891,0.0048,29.534,51.52,15396,8,586,8,281.9,8,113,18,0,0,0,0,0,0,False,,0,0,,,,,,0,0,0,0,0,0,navegando para fronteira
13967.274,524.001,navigating,-1.5594,9.8842,0.3596,-168.9,0.19,0.0267,0.0,29.591,51.52,15396,8,586,8,281.9,8,113,18,0,0,0,0,0,0,False,,0,0,,,,,,0,0,0,0,0,0,navegando para fronteira
13967.721,524.5,navigating,-1.5594,9.8923,0.3529,-169.14,0.05,0.0,0.0,29.611,51.58,15413,8,586,8,281.9,8,113,18,0,0,0,0,0,0,False,,0,0,,,,,,0,0,0,0,0,0,navegando para fronteira
13968.208,525.0,navigating,-1.5704,9.8868,0.3536,-169.49,0.14,0.0,0.0,29.624,51.58,15413,8,586,8,281.9,8,113,18,0,0,0,0,0,0,False,,0,0,,,,,,0,0,0,0,0,0,navegando para fronteira
13968.679,525.5,selecting,-1.5707,9.8861,0.3534,-168.98,0.1,0.0005,0.006,29.625,51.58,15413,6,179,6,306.0,0,114,19,0,0,0,0,0,0,False,,0,0,,,,,,0,0,0,0,0,0,fronteira alcancada; atualizando mapa
13969.166,526.0,navigating,-1.5716,9.886,0.3537,-169.21,0.15,0.0,0.0242,29.626,51.58,15413,6,179,6,306.0,6,121,19,0,1,0,0,0,0,False,,0,0,,,,,,0,0,0,0,0,0,navegando para fronteira
13969.646,526.5,navigating,-1.5721,9.8858,0.3541,-169.17,0.15,0.0,0.0352,29.626,51.58,15413,6,179,6,306.0,6,121,19,0,1,0,0,0,0,False,,0,0,,,,,,0,0,0,0,0,0,navegando para fronteira
13970.13,527.001,navigating,-1.5725,9.8858,0.3544,-169.24,0.17,0.0002,0.0234,29.627,51.58,15413,6,179,6,306.0,6,121,19,0,1,0,0,0,0,False,,0,0,,,,,,0,0,0,0,0,0,navegando para fronteira
13970.611,527.5,navigating,-1.5725,9.8858,0.3545,-169.24,0.16,0.0,0.0324,29.627,51.58,15413,6,179,6,306.0,6,121,19,0,1,0,0,0,0,False,,0,0,,,,,,0,0,0,0,0,0,navegando para fronteira
13971.1,528.0,navigating,-1.5727,9.8857,0.3546,-169.25,0.16,0.0,0.0264,29.627,51.58,15413,6,179,6,306.0,6,121,19,0,1,0,0,0,0,False,,0,0,,,,,,0,0,0,0,0,0,navegando para fronteira
13971.568,528.5,navigating,-1.5728,9.8857,0.3546,-169.24,0.16,0.0003,0.0301,29.627,51.58,15413,6,179,6,306.0,6,121,19,0,1,0,0,0,0,False,,0,0,,,,,,0,0,0,0,0,0,navegando para fronteira
13972.033,529.0,navigating,-1.5729,9.8856,0.3548,-169.22,0.17,0.0,0.0204,29.627,51.58,15413,6,179,6,306.0,6,121,19,0,1,0,0,0,0,False,,0,0,,,,,,0,0,0,0,0,0,navegando para fronteira
13972.522,529.5,navigating,-1.573,9.8856,0.3549,-169.21,0.17,0.0,0.0147,29.628,51.58,15413,6,179,6,306.0,6,121,19,0,1,0,0,0,0,False,,0,0,,,,,,0,0,0,0,0,0,navegando para fronteira
13973.008,530.0,navigating,-1.573,9.8856,0.355,-169.25,0.17,0.0,0.0275,29.628,51.58,15413,6,179,6,306.0,6,121,19,0,1,0,0,0,0,False,,0,0,,,,,,0,0,0,0,0,0,navegando para fronteira
13973.488,530.5,navigating,-1.573,9.8856,0.3551,-169.25,0.17,0.0,0.0234,29.628,51.58,15413,6,179,6,306.0,6,121,19,0,1,0,0,0,0,False,,0,0,,,,,,0,0,0,0,0,0,navegando para fronteira
13973.956,531.0,navigating,-1.573,9.8856,0.3551,-169.23,0.17,0.0,0.0412,29.628,51.58,15413,6,179,6,306.0,6,121,19,0,1,0,0,0,0,False,,0,0,,,,,,0,0,0,0,0,0,navegando para fronteira
13974.434,531.5,navigating,-1.5731,9.8856,0.3552,-169.22,0.18,0.0,0.0396,29.628,51.58,15413,6,179,6,306.0,6,121,19,0,1,0,0,0,0,False,,0,0,,,,,,0,0,0,0,0,0,navegando para fronteira
13974.906,532.0,navigating,-1.5731,9.8856,0.3553,-169.22,0.18,0.0,0.0222,29.628,51.58,15413,6,179,6,306.0,6,121,19,0,1,0,0,0,0,False,,0,0,,,,,,0,0,0,0,0,0,navegando para fronteira
13975.389,532.5,navigating,-1.5731,9.8856,0.3555,-169.26,0.2,0.0,0.0316,29.628,51.58,15413,6,179,6,306.0,6,121,19,0,1,0,0,0,0,False,,0,0,,,,,,0,0,0,0,0,0,navegando para fronteira
13975.855,533.0,navigating,-1.5732,9.8855,0.3558,-169.23,0.2,0.0002,0.0259,29.629,51.58,15413,6,179,6,306.0,6,121,19,0,1,0,0,0,0,False,,0,0,,,,,,0,0,0,0,0,0,navegando para fronteira
13976.327,533.5,navigating,-1.5732,9.8856,0.356,-169.35,0.21,0.0001,0.0507,29.629,51.58,15413,6,179,6,306.0,6,121,19,0,1,0,0,0,0,False,,0,0,,,,,,0,0,0,0,0,0,navegando para fronteira
13976.778,534.0,navigating,-1.5702,9.8806,0.3558,-168.78,0.27,0.0,0.0839,29.636,51.58,15413,6,179,6,306.0,6,121,19,0,1,0,0,0,0,False,,0,0,,,,,,0,0,0,0,0,0,navegando para fronteira
13977.249,534.5,navigating,-1.5766,9.8868,0.3538,-167.35,0.28,0.0004,0.0873,29.647,51.58,15413,6,179,6,306.0,6,121,19,0,1,0,0,0,0,False,,0,0,,,,,,0,0,0,0,0,0,navegando para fronteira
13977.719,535.0,navigating,-1.579,9.8809,0.353,-165.56,0.23,0.0049,0.1014,29.658,51.58,15413,6,179,6,306.0,6,121,19,0,1,0,0,0,0,False,,0,0,,,,,,0,0,0,0,0,0,navegando para fronteira
13978.21,535.5,navigating,-1.5744,9.8839,0.3554,-163.58,0.29,0.0,-0.0197,29.672,51.58,15413,6,179,6,306.0,6,121,19,0,1,0,0,0,0,False,,0,0,,,,,,0,0,0,0,0,0,navegando para fronteira
13978.698,536.0,navigating,-1.5788,9.885,0.3547,-162.77,0.17,0.0005,0.0035,29.681,51.58,15413,6,179,6,306.0,6,121,19,0,1,0,0,0,0,False,,0,0,,,,,,0,0,0,0,0,0,navegando para fronteira
13979.181,536.5,navigating,-1.5811,9.8869,0.3561,-161.64,0.25,0.0003,0.0903,29.687,51.58,15413,6,179,6,306.0,6,121,19,0,1,0,0,0,0,False,,0,0,,,,,,0,0,0,0,0,0,navegando para fronteira
13979.633,537.0,navigating,-1.5789,9.8831,0.3557,-159.59,0.11,0.0003,0.0927,29.694,51.58,15413,6,179,6,306.0,6,121,19,0,1,0,0,0,0,False,,0,0,,,,,,0,0,0,0,0,0,navegando para fronteira
13980.117,537.5,navigating,-1.581,9.881,0.3523,-157.39,0.08,0.0016,0.1182,29.7,51.58,15413,6,179,6,306.0,6,121,19,0,1,0,0,0,0,False,,0,0,,,,,,0,0,0,0,0,0,navegando para fronteira
13980.597,538.001,navigating,-1.5814,9.878,0.3529,-154.81,0.07,0.0028,0.1244,29.71,51.58,15413,6,179,6,306.0,6,121,19,0,1,0,0,0,0,False,,0,0,,,,,,0,0,0,0,0,0,navegando para fronteira
13981.072,538.5,navigating,-1.5764,9.8731,0.3574,-151.87,0.11,0.0004,0.1477,29.722,51.58,15413,6,179,6,306.0,6,121,19,0,1,0,0,0,0,False,,0,0,,,,,,0,0,0,0,0,0,navegando para fronteira
13981.562,539.0,navigating,-1.5825,9.8782,0.3575,-148.41,0.26,0.0029,0.1558,29.732,51.58,15413,6,179,6,306.0,6,121,19,0,1,0,0,0,0,False,,0,0,,,,,,0,0,0,0,0,0,navegando para fronteira
13982.012,539.5,navigating,-1.583,9.8746,0.3545,-145.07,0.12,0.003,0.1334,29.739,51.58,15413,6,179,6,306.0,6,121,19,0,1,0,0,0,0,False,,0,0,,,,,,0,0,0,0,0,0,navegando para fronteira
13982.498,540.0,navigating,-1.5871,9.8773,0.3479,-141.35,0.2,0.0,0.1307,29.747,51.58,15413,6,179,6,306.0,6,121,19,0,1,0,0,0,0,False,,0,0,,,,,,0,0,0,0,0,0,navegando para fronteira
13982.992,540.5,navigating,-1.586,9.8733,0.3545,-138.06,0.06,0.0011,0.1217,29.757,51.58,15413,6,179,6,306.0,6,121,19,0,1,0,0,0,0,False,,0,0,,,,,,0,0,0,0,0,0,navegando para fronteira
13983.451,541.001,navigating,-1.5828,9.8677,0.3562,-135.35,0.2,0.0069,0.1264,29.766,51.58,15413,6,179,6,306.0,6,121,19,0,1,0,0,0,0,False,,0,0,,,,,,0,0,0,0,0,0,navegando para fronteira
13983.909,541.5,navigating,-1.5886,9.8758,0.3614,-133.08,0.38,0.0006,0.0947,29.778,51.58,15413,6,179,6,306.0,6,121,19,0,1,0,0,0,0,False,,0,0,,,,,,0,0,0,0,0,0,navegando para fronteira
13984.391,542.0,navigating,-1.5812,9.8705,0.3586,-130.5,0.22,0.0002,0.1488,29.79,51.58,15413,6,179,6,306.0,6,121,19,0,1,0,0,0,0,False,,0,0,,,,,,0,0,0,0,0,0,navegando para fronteira
13984.864,542.5,navigating,-1.5889,9.8662,0.3514,-127.25,0.18,0.0119,0.1777,29.8,51.58,15413,6,179,6,306.0,6,121,19,0,1,0,0,0,0,False,,0,0,,,,,,0,0,0,0,0,0,navegando para fronteira
13985.356,543.0,navigating,-1.5944,9.8567,0.356,-123.71,0.22,0.0155,0.1454,29.816,51.58,15413,6,179,6,306.0,6,121,19,0,1,0,0,0,0,False,,0,0,,,,,,0,0,0,0,0,0,navegando para fronteira
13985.819,543.5,navigating,-1.5871,9.8525,0.3582,-120.69,0.28,0.0003,0.1359,29.828,51.58,15413,6,179,6,306.0,6,121,19,0,1,0,0,0,0,False,,0,0,,,,,,0,0,0,0,0,0,navegando para fronteira
13986.324,544.0,navigating,-1.605,9.858,0.3598,-117.44,0.7,0.0153,0.1367,29.848,51.58,15413,6,179,6,306.0,6,121,19,0,1,0,0,0,0,False,,0,0,,,,,,0,0,0,0,0,0,navegando para fronteira
13986.806,544.5,navigating,-1.6013,9.8414,0.3608,-114.18,0.38,0.0212,0.0756,29.869,51.58,15413,6,179,6,306.0,6,121,19,0,1,0,0,0,0,False,,0,0,,,,,,0,0,0,0,0,0,navegando para fronteira
13987.27,545.0,navigating,-1.5986,9.836,0.3583,-112.4,0.25,0.0101,0.0741,29.888,51.58,15413,6,179,6,306.0,6,121,19,0,1,0,0,0,0,False,,0,0,,,,,,0,0,0,0,0,0,navegando para fronteira
13987.766,545.5,navigating,-1.6147,9.8275,0.3564,-109.96,0.21,0.0165,0.0906,29.911,51.58,15413,6,179,6,306.0,6,121,19,0,1,0,0,0,0,False,,0,0,,,,,,0,0,0,0,0,0,navegando para fronteira
13988.249,546.0,navigating,-1.6052,9.8052,0.3591,-107.57,0.58,0.0321,0.0325,29.937,51.58,15413,6,179,6,306.0,6,121,19,0,1,0,0,0,0,False,,0,0,,,,,,0,0,0,0,0,0,navegando para fronteira
13988.697,546.5,navigating,-1.6216,9.8001,0.3581,-105.51,0.34,0.017,0.1064,29.956,51.58,15413,6,179,6,306.0,6,121,19,0,1,0,0,0,0,False,,0,0,,,,,,0,0,0,0,0,0,navegando para fronteira
13989.175,547.0,navigating,-1.6233,9.7894,0.3547,-103.42,0.14,0.0151,0.1096,29.978,51.58,15413,6,179,6,306.0,6,121,19,0,1,0,0,0,0,False,,0,0,,,,,,0,0,0,0,0,0,navegando para fronteira
13989.657,547.5,navigating,-1.6139,9.7789,0.3547,-101.27,0.38,0.0103,0.1055,29.996,51.58,15413,6,179,6,306.0,6,121,19,0,1,0,0,0,0,False,,0,0,,,,,,0,0,0,0,0,0,navegando para fronteira
13990.154,548.0,navigating,-1.6354,9.7641,0.3574,-98.94,0.61,0.034,0.0933,30.023,51.58,15413,6,179,6,306.0,6,121,19,0,1,0,0,0,0,False,,0,0,,,,,,0,0,0,0,0,0,navegando para fronteira
13990.625,548.5,navigating,-1.6303,9.7507,0.356,-96.56,0.33,0.0286,0.1016,30.043,51.61,15421,6,179,6,306.0,6,121,19,0,1,0,0,0,0,False,,0,0,,,,,,0,0,0,0,0,0,navegando para fronteira
13991.112,549.0,navigating,-1.6236,9.7481,0.3606,-93.86,0.19,0.0065,0.0288,30.061,51.61,15421,6,179,6,306.0,6,121,19,0,1,0,0,0,0,False,,0,0,,,,,,0,0,0,0,0,0,navegando para fronteira
13991.591,549.5,navigating,-1.644,9.7462,0.3528,-92.12,0.55,0.0082,0.0501,30.083,51.61,15421,6,179,6,306.0,6,121,19,0,1,0,0,0,0,False,,0,0,,,,,,0,0,0,0,0,0,navegando para fronteira
13992.087,550.0,navigating,-1.628,9.7324,0.3583,-90.46,0.52,0.0243,0.0831,30.107,51.61,15421,6,179,6,306.0,6,121,19,0,1,0,0,0,0,False,,0,0,,,,,,0,0,0,0,0,0,navegando para fronteira
13992.575,550.5,navigating,-1.6256,9.7225,0.3588,-88.48,0.28,0.0303,0.1053,30.127,51.61,15421,6,179,6,306.0,6,121,19,0,1,0,0,0,0,False,,0,0,,,,,,0,0,0,0,0,0,navegando para fronteira
13993.064,551.0,navigating,-1.637,9.7082,0.3562,-86.3,0.24,0.0248,0.1415,30.149,51.61,15421,6,179,6,306.0,6,121,19,0,1,0,0,0,0,False,,0,0,,,,,,0,0,0,0,0,0,navegando para fronteira
13993.548,551.5,navigating,-1.623,9.7013,0.3537,-83.84,0.38,0.0127,0.0937,30.167,51.61,15421,6,179,6,306.0,6,121,19,0,1,0,0,0,0,False,,0,0,,,,,,0,0,0,0,0,0,navegando para fronteira
13994.02,552.0,navigating,-1.6285,9.6907,0.3472,-82.87,0.23,0.0105,0.0417,30.183,51.61,15421,6,179,6,306.0,6,121,19,0,1,0,0,0,0,False,,0,0,,,,,,0,0,0,0,0,0,navegando para fronteira
13994.509,552.5,navigating,-1.6304,9.6853,0.3511,-81.91,0.17,0.0237,0.0284,30.196,51.61,15421,6,179,6,306.0,6,121,19,0,1,0,0,0,0,False,,0,0,,,,,,0,0,0,0,0,0,navegando para fronteira
13995.008,553.0,navigating,-1.6236,9.6782,0.3536,-80.6,0.18,0.0165,0.0603,30.208,51.61,15421,6,179,6,306.0,6,121,19,0,1,0,0,0,0,False,,0,0,,,,,,0,0,0,0,0,0,navegando para fronteira
13995.491,553.501,navigating,-1.6284,9.6636,0.3563,-78.85,0.22,0.0212,0.0699,30.224,51.61,15421,6,179,6,306.0,6,121,19,0,1,0,0,0,0,False,,0,0,,,,,,0,0,0,0,0,0,navegando para fronteira
13995.969,554.0,navigating,-1.627,9.6496,0.3546,-76.79,0.14,0.026,0.0709,30.239,51.61,15421,6,179,6,306.0,6,121,19,0,1,0,0,0,0,False,,0,0,,,,,,0,0,0,0,0,0,navegando para fronteira
13996.443,554.5,navigating,-1.6171,9.6352,0.3553,-74.78,0.24,0.0307,0.0831,30.256,51.61,15421,6,179,6,306.0,6,121,19,0,1,0,0,0,0,False,,0,0,,,,,,0,0,0,0,0,0,navegando para fronteira
13996.923,555.0,navigating,-1.6166,9.6223,0.3565,-72.85,0.18,0.0249,0.0849,30.27,51.61,15421,6,179,6,306.0,6,121,19,0,1,0,0,0,0,False,,0,0,,,,,,0,0,0,0,0,0,navegando para fronteira
13997.408,555.5,navigating,-1.6136,9.6064,0.3546,-70.66,0.1,0.0256,0.1024,30.287,51.61,15421,6,179,6,306.0,6,121,19,0,1,0,0,0,0,False,,0,0,,,,,,0,0,0,0,0,0,navegando para fronteira
13997.864,556.0,navigating,-1.6072,9.5929,0.3483,-68.19,0.27,0.0238,0.1316,30.302,51.61,15421,6,179,6,306.0,6,121,19,0,1,0,0,0,0,False,,0,0,,,,,,0,0,0,0,0,0,navegando para fronteira
13998.308,556.5,navigating,-1.5985,9.5818,0.3552,-65.45,0.26,0.0256,0.1866,30.317,51.61,15422,6,179,6,306.0,6,121,19,0,1,0,0,0,0,False,,0,0,,,,,,0,0,0,0,0,0,navegando para fronteira
13998.787,557.0,navigating,-1.6059,9.5601,0.3589,-61.74,0.43,0.0323,0.1433,30.341,51.61,15422,6,179,6,306.0,6,121,19,0,1,0,0,0,0,False,,0,0,,,,,,0,0,0,0,0,0,navegando para fronteira
13999.223,557.5,navigating,-1.5948,9.5562,0.3478,-59.09,0.36,0.0296,0.0813,30.357,51.61,15422,6,179,6,306.0,6,121,19,0,1,0,0,0,0,False,,0,0,,,,,,0,0,0,0,0,0,navegando para fronteira
13999.756,558.0,navigating,-1.5739,9.5457,0.3535,-57.03,0.37,0.0276,0.0769,30.384,51.61,15422,6,179,6,306.0,6,121,19,0,1,0,0,0,0,False,,0,0,,,,,,0,0,0,0,0,0,navegando para fronteira
14000.222,558.5,navigating,-1.5774,9.5203,0.3496,-54.07,0.35,0.0345,0.1257,30.41,51.61,15422,6,179,6,306.0,6,121,19,0,1,0,0,0,0,False,,0,0,,,,,,0,0,0,0,0,0,navegando para fronteira
14000.72,559.0,navigating,-1.5626,9.5029,0.3577,-50.89,0.26,0.0357,0.1243,30.436,51.61,15422,6,179,6,306.0,6,121,19,0,1,0,0,0,0,False,,0,0,,,,,,0,0,0,0,0,0,navegando para fronteira
14001.191,559.5,navigating,-1.5443,9.4951,0.361,-48.25,0.41,0.0427,0.0524,30.459,51.61,15422,6,179,6,306.0,6,121,19,0,1,0,0,0,0,False,,0,0,,,,,,0,0,0,0,0,0,navegando para fronteira
14001.672,560.0,navigating,-1.5471,9.4765,0.3605,-46.87,0.21,0.0265,0.118,30.479,51.61,15422,6,179,6,306.0,6,121,19,0,1,0,0,0,0,False,,0,0,,,,,,0,0,0,0,0,0,navegando para fronteira
14002.141,560.5,navigating,-1.537,9.4671,0.3624,-44.89,0.22,0.0238,0.0759,30.495,51.61,15422,6,179,6,306.0,6,121,19,0,1,0,0,0,0,False,,0,0,,,,,,0,0,0,0,0,0,navegando para fronteira
14002.615,561.0,navigating,-1.5254,9.4618,0.3581,-43.2,0.27,0.0259,0.0914,30.509,51.61,15422,6,179,6,306.0,6,121,19,0,1,0,0,0,0,False,,0,0,,,,,,0,0,0,0,0,0,navegando para fronteira
14003.09,561.5,navigating,-1.5181,9.4424,0.3567,-41.09,0.36,0.0369,0.081,30.53,51.61,15422,6,179,6,306.0,6,121,19,0,1,0,0,0,0,False,,0,0,,,,,,0,0,0,0,0,0,navegando para fronteira
14003.537,562.0,navigating,-1.5156,9.4309,0.3525,-39.25,0.59,0.0353,0.0493,30.543,51.61,15422,6,179,6,306.0,6,121,19,0,1,0,0,0,0,False,,0,0,,,,,,0,0,0,0,0,0,navegando para fronteira
14004.008,562.5,navigating,-1.4941,9.4321,0.3513,-37.87,0.45,0.0288,0.0413,30.565,51.61,15422,6,179,6,306.0,6,121,19,0,1,0,0,0,0,False,,0,0,,,,,,0,0,0,0,0,0,navegando para fronteira
14004.475,563.0,navigating,-1.4805,9.4263,0.3552,-36.5,0.29,0.0388,0.0426,30.585,51.61,15422,6,179,6,306.0,6,121,19,0,1,0,0,0,0,False,,0,0,,,,,,0,0,0,0,0,0,navegando para fronteira
14004.953,563.5,navigating,-1.4872,9.4026,0.3596,-35.56,0.66,0.0171,-0.009,30.612,51.61,15422,6,179,6,306.0,6,121,19,0,1,0,0,0,0,False,,0,0,,,,,,0,0,0,0,0,0,navegando para fronteira
14005.41,564.0,navigating,-1.4695,9.4079,0.3633,-34.26,0.42,0.0227,0.0508,30.633,51.61,15422,6,179,6,306.0,6,121,19,0,1,0,0,0,0,False,,0,0,,,,,,0,0,0,0,0,0,navegando para fronteira
14005.883,564.5,navigating,-1.4506,9.4054,0.3555,-32.28,0.11,0.0436,0.1194,30.657,51.61,15422,6,179,6,306.0,6,121,19,0,1,0,0,0,0,False,,0,0,,,,,,0,0,0,0,0,0,navegando para fronteira
14006.368,565.0,navigating,-1.4433,9.3801,0.3519,-29.88,0.42,0.0278,0.0906,30.685,51.61,15422,6,179,6,306.0,6,121,19,0,1,0,0,0,0,False,,0,0,,,,,,0,0,0,0,0,0,navegando para fronteira
14006.845,565.5,navigating,-1.4287,9.3792,0.3528,-28.5,0.37,0.0263,0.0679,30.702,51.61,15422,6,179,6,306.0,6,121,19,0,1,0,0,0,0,False,,0,0,,,,,,0,0,0,0,0,0,navegando para fronteira
14007.32,566.0,navigating,-1.4154,9.3702,0.3598,-27.37,0.14,0.0276,0.0548,30.72,51.61,15422,6,179,6,306.0,6,121,19,0,1,0,0,0,0,False,,0,0,,,,,,0,0,0,0,0,0,navegando para fronteira
14007.816,566.501,navigating,-1.4093,9.3564,0.3576,-26.28,0.32,0.0294,0.0459,30.736,51.61,15422,6,179,6,306.0,6,121,19,0,1,0,0,0,0,False,,0,0,,,,,,0,0,0,0,0,0,navegando para fronteira
14008.309,567.0,navigating,-1.3931,9.3565,0.354,-25.96,0.24,0.0236,-0.0551,30.753,51.61,15422,6,179,6,306.0,6,121,19,0,1,0,0,0,0,False,,0,0,,,,,,0,0,0,0,0,0,navegando para fronteira
14008.784,567.5,navigating,-1.3856,9.3444,0.3553,-26.05,0.31,0.0224,-0.0144,30.769,51.61,15422,6,179,6,306.0,6,121,19,0,1,0,0,0,0,False,,0,0,,,,,,0,0,0,0,0,0,navegando para fronteira
14009.26,568.0,navigating,-1.3774,9.3384,0.3523,-26.09,0.22,0.0192,-0.0371,30.78,51.61,15422,6,179,6,306.0,6,121,19,0,1,0,0,0,0,False,,0,0,,,,,,0,0,0,0,0,0,navegando para fronteira
14009.751,568.5,navigating,-1.3661,9.3391,0.3531,-26.33,0.19,0.0201,0.0071,30.792,51.61,15422,6,179,6,306.0,6,121,19,0,1,0,0,0,0,False,,0,0,,,,,,0,0,0,0,0,0,navegando para fronteira
14010.242,569.0,navigating,-1.3592,9.3325,0.3532,-26.23,0.18,0.0191,0.0041,30.803,51.61,15422,6,179,6,306.0,6,121,19,0,1,0,0,0,0,False,,0,0,,,,,,0,0,0,0,0,0,navegando para fronteira
14010.726,569.5,navigating,-1.3489,9.3312,0.3561,-26.39,0.18,0.0208,0.0107,30.814,51.61,15422,6,179,6,306.0,6,121,19,0,1,0,0,0,0,False,,0,0,,,,,,0,0,0,0,0,0,navegando para fronteira
14011.222,570.0,navigating,-1.3409,9.324,0.3564,-26.75,0.21,0.0207,-0.0049,30.825,51.61,15422,6,179,6,306.0,6,121,19,0,1,0,0,0,0,False,,0,0,,,,,,0,0,0,0,0,0,navegando para fronteira
14011.654,570.503,navigating,-1.3342,9.32,0.3585,-27.17,0.2,0.0206,-0.0143,30.834,51.61,15422,6,179,6,306.0,6,121,19,0,1,0,0,0,0,False,,0,0,,,,,,0,0,0,0,0,0,navegando para fronteira
14012.148,571.0,navigating,-1.3279,9.3187,0.3597,-27.72,0.18,0.0129,-0.0283,30.844,51.61,15422,6,179,6,306.0,6,121,19,0,1,0,0,0,0,False,,0,0,,,,,,0,0,0,0,0,0,navegando para fronteira
14012.622,571.5,navigating,-1.3275,9.3119,0.3587,-28.53,0.23,0.017,-0.0629,30.853,51.61,15422,6,179,6,306.0,6,121,19,0,1,0,0,0,0,False,,0,0,,,,,,0,0,0,0,0,0,navegando para fronteira
14013.105,572.0,navigating,-1.3218,9.3137,0.3536,-29.29,0.15,0.0092,-0.0024,30.863,51.61,15422,6,179,6,306.0,6,121,19,0,1,0,0,0,0,False,,0,0,,,,,,0,0,0,0,0,0,navegando para fronteira
14013.606,572.5,navigating,-1.319,9.3135,0.3546,-28.8,0.19,0.0074,-0.0024,30.869,51.61,15422,6,179,6,306.0,6,121,19,0,1,0,0,0,0,False,,0,0,,,,,,0,0,0,0,0,0,navegando para fronteira
14014.079,573.0,selecting,-1.3148,9.3155,0.3563,-27.98,0.32,0.0067,-0.0052,30.877,51.61,15422,6,179,6,306.0,6,121,19,0,1,1,0,0,0,False,,0,0,,,,,,0,0,0,0,0,0,meta de fronteira expirou
14014.565,573.5,selecting,-1.3099,9.3197,0.3519,-28.17,0.27,0.0,0.0,30.885,51.61,15422,6,179,6,306.0,6,121,19,0,1,1,0,0,0,False,,0,0,,,,,,0,0,0,0,0,0,meta de fronteira expirou
14015.024,574.0,selecting,-1.3108,9.3204,0.353,-28.19,0.18,0.0,0.0,30.886,51.61,15422,6,179,6,306.0,6,121,19,0,1,1,0,0,0,False,,0,0,,,,,,0,0,0,0,0,0,meta de fronteira expirou
14015.48,574.5,selecting,-1.3107,9.3205,0.3535,-28.15,0.18,0.0,0.0,30.886,51.61,15422,4,170,6,277.0,0,122,20,0,1,1,1,0,0,False,,0,0,,,,,,0,0,0,0,0,0,meta de fronteira expirou
14015.971,575.0,selecting,-1.3107,9.3206,0.354,-28.21,0.18,0.0,0.0,30.886,51.61,15422,4,170,6,277.0,0,122,20,0,1,1,1,0,0,False,,0,0,,,,,,0,0,0,0,0,0,meta de fronteira expirou
14016.47,575.5,selecting,-1.3107,9.3207,0.3543,-28.12,0.18,0.0,0.0,30.886,51.61,15422,0,170,6,274.8,0,133,21,0,5,1,1,0,1,False,,0,0,,,,,,0,0,0,0,0,0,todas as fronteiras estao dentro da tolerancia de chegada
14016.951,576.0,selecting,-1.3107,9.3206,0.3546,-28.25,0.19,0.0,0.0,30.887,51.61,15422,0,170,6,274.8,0,133,21,0,5,1,1,0,1,False,,0,0,,,,,,0,0,0,0,0,0,todas as fronteiras estao dentro da tolerancia de chegada
14017.422,576.5,selecting,-1.3107,9.3206,0.3547,-28.22,0.18,0.0,0.0,30.887,51.61,15422,5,170,6,284.2,0,134,22,0,0,0,1,1,1,False,,0,0,,,,,,0,0,0,0,0,0,released provisional frontier suppressions
14017.89,577.0,selecting,-1.3107,9.3207,0.3548,-28.25,0.17,0.0,0.0,30.887,51.61,15422,5,170,6,284.2,0,134,22,0,0,0,1,1,1,False,,0,0,,,,,,0,0,0,0,0,0,released provisional frontier suppressions
14018.37,577.5,selecting,-1.3107,9.3207,0.3549,-28.18,0.17,0.0,0.0,30.887,51.61,15422,0,170,6,242.8,0,148,23,0,5,0,1,1,2,False,,0,0,,,,,,0,0,0,0,0,0,todas as fronteiras estao dentro da tolerancia de chegada
14018.839,578.0,selecting,-1.3107,9.3207,0.3549,-28.19,0.17,0.0,0.0,30.887,51.61,15422,0,170,6,242.8,0,148,23,0,5,0,1,1,2,False,,0,0,,,,,,0,0,0,0,0,0,todas as fronteiras estao dentro da tolerancia de chegada
14019.315,578.5,selecting,-1.3107,9.3207,0.3549,-28.24,0.16,0.0,0.0,30.887,51.61,15422,0,170,6,269.2,0,148,24,0,5,0,1,1,3,False,,0,0,,,,,,0,0,0,0,0,0,todas as fronteiras estao dentro da tolerancia de chegada
14019.815,579.002,selecting,-1.3107,9.3207,0.3549,-28.24,0.16,0.0,0.0,30.887,51.61,15422,0,170,6,269.2,0,148,24,0,5,0,1,1,3,False,,0,0,,,,,,0,0,0,0,0,0,todas as fronteiras estao dentro da tolerancia de chegada
14020.308,579.5,selecting,-1.3107,9.3207,0.3549,-28.24,0.16,0.0,0.0,30.887,51.61,15422,0,170,6,249.7,0,148,25,0,5,0,1,1,4,False,,0,0,,,,,,0,0,0,0,0,0,todas as fronteiras estao dentro da tolerancia de chegada
14020.782,580.0,selecting,-1.3107,9.3207,0.3549,-28.24,0.16,0.0,0.0,30.887,51.61,15422,0,170,6,249.7,0,148,25,0,5,0,1,1,4,False,,0,0,,,,,,0,0,0,0,0,0,todas as fronteiras estao dentro da tolerancia de chegada
14021.275,580.5,selecting,-1.3107,9.3207,0.3549,-28.24,0.16,0.0,0.0,30.887,51.61,15422,0,170,6,218.1,0,148,26,0,5,0,1,1,5,False,,0,0,,,,,,0,0,0,0,0,0,todas as fronteiras estao dentro da tolerancia de chegada
14021.77,581.0,selecting,-1.3107,9.3207,0.3549,-28.24,0.16,0.0,0.0,30.887,51.61,15422,0,170,6,218.1,0,148,26,0,5,0,1,1,5,False,,0,0,,,,,,0,0,0,0,0,0,todas as fronteiras estao dentro da tolerancia de chegada
14022.256,581.5,selecting,-1.3107,9.3207,0.3549,-28.24,0.16,0.0,0.0,30.887,51.61,15422,0,170,6,218.1,0,148,26,0,5,0,1,1,5,False,,0,0,,,,,,0,0,0,0,0,0,todas as fronteiras estao dentro da tolerancia de chegada
14022.739,582.0,selecting,-1.3107,9.3207,0.3549,-28.24,0.16,0.0,0.0,30.887,51.61,15422,0,170,6,314.3,0,148,27,0,5,0,1,1,6,False,,0,0,,,,,,0,0,0,0,0,0,todas as fronteiras estao dentro da tolerancia de chegada
14023.232,582.5,selecting,-1.3107,9.3207,0.3549,-28.24,0.16,0.0,0.0,30.887,51.61,15422,0,170,6,314.3,0,148,27,0,5,0,1,1,6,False,,0,0,,,,,,0,0,0,0,0,0,todas as fronteiras estao dentro da tolerancia de chegada
14023.711,583.0,selecting,-1.3107,9.3207,0.3549,-28.24,0.16,0.0,0.0,30.887,51.61,15422,0,170,6,254.5,0,148,28,0,5,0,1,1,7,False,,0,0,,,,,,0,0,0,0,0,0,todas as fronteiras estao dentro da tolerancia de chegada
14024.189,583.5,selecting,-1.3107,9.3207,0.3549,-28.24,0.16,0.0,0.0,30.887,51.61,15422,0,170,6,254.5,0,148,28,0,5,0,1,1,7,False,,0,0,,,,,,0,0,0,0,0,0,todas as fronteiras estao dentro da tolerancia de chegada
14024.666,584.0,selecting,-1.3107,9.3207,0.3549,-28.24,0.16,0.0,0.0,30.887,51.61,15422,0,170,6,212.7,0,148,29,0,5,0,1,1,8,False,,0,0,,,,,,0,0,0,0,0,0,todas as fronteiras estao dentro da tolerancia de chegada
14025.147,584.5,selecting,-1.3107,9.3207,0.3549,-28.24,0.16,0.0,0.0,30.887,51.61,15422,0,170,6,212.7,0,148,29,0,5,0,1,1,8,False,,0,0,,,,,,0,0,0,0,0,0,todas as fronteiras estao dentro da tolerancia de chegada
14025.603,585.0,selecting,-1.3107,9.3207,0.3549,-28.24,0.16,0.0,0.0,30.887,51.61,15422,0,170,6,303.9,0,148,30,0,5,0,1,1,9,False,,0,0,,,,,,0,0,0,0,0,0,todas as fronteiras estao dentro da tolerancia de chegada
14026.068,585.5,selecting,-1.3107,9.3207,0.3549,-28.23,0.16,0.0,0.0,30.887,51.61,15422,0,170,6,303.9,0,148,30,0,5,0,1,1,9,False,,0,0,,,,,,0,0,0,0,0,0,todas as fronteiras estao dentro da tolerancia de chegada
14026.559,586.0,failed,-1.3107,9.3207,0.355,-28.25,0.16,0.0,0.0,30.887,51.61,15422,0,170,6,304.5,0,148,31,0,5,0,1,1,10,False,,0,0,,,,,,0,0,0,0,0,0,nenhuma fronteira segura alcancavel
14027.043,586.5,failed,-1.3107,9.3207,0.355,-28.25,0.16,0.0,0.0,30.887,51.61,15422,0,170,6,304.5,0,148,31,0,5,0,1,1,10,False,,0,0,,,,,,0,0,0,0,0,0,nenhuma fronteira segura alcancavel
14027.508,587.0,failed,-1.3107,9.3207,0.355,-28.24,0.16,0.0,0.0,30.887,51.61,15422,0,170,6,304.5,0,148,31,0,5,0,1,1,10,False,,0,0,,,,,,0,0,0,0,0,0,nenhuma fronteira segura alcancavel
14027.984,587.501,failed,-1.3107,9.3207,0.3551,-28.23,0.16,0.0,0.0,30.887,51.61,15422,0,170,6,304.5,0,148,31,0,5,0,1,1,10,False,,0,0,,,,,,0,0,0,0,0,0,nenhuma fronteira segura alcancavel
14028.412,588.0,failed,-1.3107,9.3208,0.3551,-28.29,0.16,0.0,0.0,30.887,51.61,15422,0,170,6,304.5,0,148,31,0,5,0,1,1,10,False,,0,0,,,,,,0,0,0,0,0,0,nenhuma fronteira segura alcancavel
14028.899,588.5,failed,-1.3107,9.3208,0.3552,-28.24,0.17,0.0,0.0,30.887,51.61,15422,0,170,6,304.5,0,148,31,0,5,0,1,1,10,False,,0,0,,,,,,0,0,0,0,0,0,nenhuma fronteira segura alcancavel
14029.362,589.0,failed,-1.3107,9.3208,0.3552,-28.24,0.17,0.0,0.0,30.887,51.61,15422,0,170,6,304.5,0,148,31,0,5,0,1,1,10,False,,0,0,,,,,,0,0,0,0,0,0,nenhuma fronteira segura alcancavel
14029.843,589.5,failed,-1.3107,9.3208,0.3552,-28.24,0.17,0.0,0.0,30.887,51.61,15422,0,170,6,304.5,0,148,31,0,5,0,1,1,10,False,,0,0,,,,,,0,0,0,0,0,0,nenhuma fronteira segura alcancavel
14030.317,590.0,failed,-1.3107,9.3208,0.3552,-28.24,0.17,0.0,0.0,30.887,51.61,15422,0,170,6,304.5,0,148,31,0,5,0,1,1,10,False,,0,0,,,,,,0,0,0,0,0,0,nenhuma fronteira segura alcancavel
14030.788,590.5,failed,-1.3107,9.3208,0.3552,-28.22,0.17,0.0,0.0,30.887,51.61,15422,0,170,6,304.5,0,148,31,0,5,0,1,1,10,False,,0,0,,,,,,0,0,0,0,0,0,nenhuma fronteira segura alcancavel
14031.264,591.0,failed,-1.3107,9.3208,0.3552,-28.24,0.16,0.0,0.0,30.887,51.61,15422,0,170,6,304.5,0,148,31,0,5,0,1,1,10,False,,0,0,,,,,,0,0,0,0,0,0,nenhuma fronteira segura alcancavel
14031.747,591.5,failed,-1.3108,9.3208,0.3553,-28.3,0.17,0.0,0.0,30.887,51.61,15422,0,170,6,304.5,0,148,31,0,5,0,1,1,10,False,,0,0,,,,,,0,0,0,0,0,0,nenhuma fronteira segura alcancavel
14032.212,592.0,failed,-1.3108,9.3208,0.3556,-28.26,0.18,0.0,0.0,30.887,51.61,15422,0,170,6,304.5,0,148,31,0,5,0,1,1,10,False,,0,0,,,,,,0,0,0,0,0,0,nenhuma fronteira segura alcancavel
14032.709,592.5,failed,-1.3108,9.3208,0.3556,-28.24,0.18,0.0,0.0,30.887,51.61,15422,0,170,6,304.5,0,148,31,0,5,0,1,1,10,False,,0,0,,,,,,0,0,0,0,0,0,nenhuma fronteira segura alcancavel
14033.201,593.0,failed,-1.3108,9.3208,0.3556,-28.24,0.18,0.0,0.0,30.887,51.61,15422,0,170,6,304.5,0,148,31,0,5,0,1,1,10,False,,0,0,,,,,,0,0,0,0,0,0,nenhuma fronteira segura alcancavel
14033.69,593.5,failed,-1.3108,9.3208,0.3556,-28.24,0.18,0.0,0.0,30.887,51.61,15422,0,170,6,304.5,0,148,31,0,5,0,1,1,10,False,,0,0,,,,,,0,0,0,0,0,0,nenhuma fronteira segura alcancavel
14034.168,594.0,failed,-1.3108,9.3208,0.3556,-28.24,0.18,0.0,0.0,30.887,51.61,15422,0,170,6,304.5,0,148,31,0,5,0,1,1,10,False,,0,0,,,,,,0,0,0,0,0,0,nenhuma fronteira segura alcancavel
14034.61,594.5,failed,-1.3108,9.3208,0.3556,-28.24,0.18,0.0,0.0,30.887,51.61,15422,0,170,6,304.5,0,148,31,0,5,0,1,1,10,False,,0,0,,,,,,0,0,0,0,0,0,nenhuma fronteira segura alcancavel
14035.076,595.0,failed,-1.3108,9.3208,0.3556,-28.24,0.18,0.0,0.0,30.887,51.61,15422,0,170,6,304.5,0,148,31,0,5,0,1,1,10,False,,0,0,,,,,,0,0,0,0,0,0,nenhuma fronteira segura alcancavel
14035.526,595.5,failed,-1.3108,9.3208,0.3556,-28.24,0.18,0.0,0.0,30.887,51.61,15422,0,170,6,304.5,0,148,31,0,5,0,1,1,10,False,,0,0,,,,,,0,0,0,0,0,0,nenhuma fronteira segura alcancavel
14036.043,596.0,failed,-1.3108,9.3208,0.3556,-28.24,0.18,0.0,0.0,30.887,51.61,15422,0,170,6,304.5,0,148,31,0,5,0,1,1,10,False,,0,0,,,,,,0,0,0,0,0,0,nenhuma fronteira segura alcancavel
14036.522,596.5,failed,-1.3108,9.3208,0.3556,-28.24,0.18,0.0,0.0,30.887,51.61,15422,0,170,6,304.5,0,148,31,0,5,0,1,1,10,False,,0,0,,,,,,0,0,0,0,0,0,nenhuma fronteira segura alcancavel
14037.009,597.0,failed,-1.3108,9.3208,0.3556,-28.24,0.18,0.0,0.0,30.887,51.61,15422,0,170,6,304.5,0,148,31,0,5,0,1,1,10,False,,0,0,,,,,,0,0,0,0,0,0,nenhuma fronteira segura alcancavel
14037.509,597.501,failed,-1.3108,9.3208,0.3557,-28.25,0.18,0.0,0.0,30.887,51.61,15422,0,170,6,304.5,0,148,31,0,5,0,1,1,10,False,,0,0,,,,,,0,0,0,0,0,0,nenhuma fronteira segura alcancavel
14038.005,598.0,failed,-1.3108,9.3208,0.3557,-28.24,0.17,0.0,0.0,30.887,51.61,15422,0,170,6,304.5,0,148,31,0,5,0,1,1,10,False,,0,0,,,,,,0,0,0,0,0,0,nenhuma fronteira segura alcancavel
14038.461,598.5,failed,-1.3108,9.3208,0.3557,-28.24,0.17,0.0,0.0,30.887,51.61,15422,0,170,6,304.5,0,148,31,0,5,0,1,1,10,False,,0,0,,,,,,0,0,0,0,0,0,nenhuma fronteira segura alcancavel
14038.936,599.0,failed,-1.3108,9.3208,0.3557,-28.24,0.17,0.0,0.0,30.887,51.61,15422,0,170,6,304.5,0,148,31,0,5,0,1,1,10,False,,0,0,,,,,,0,0,0,0,0,0,nenhuma fronteira segura alcancavel
14039.408,599.5,failed,-1.3108,9.3208,0.3557,-28.24,0.17,0.0,0.0,30.887,51.61,15422,0,170,6,304.5,0,148,31,0,5,0,1,1,10,False,,0,0,,,,,,0,0,0,0,0,0,nenhuma fronteira segura alcancavel
14039.902,600.0,failed,-1.3108,9.3208,0.3557,-28.24,0.17,0.0,0.0,30.887,51.61,15422,0,170,6,304.5,0,148,31,0,5,0,1,1,10,False,,0,0,,,,,,0,0,0,0,0,0,nenhuma fronteira segura alcancavel
14040.365,600.5,failed,-1.3108,9.3208,0.3557,-28.24,0.17,0.0,0.0,30.887,51.61,15422,0,170,6,304.5,0,148,31,0,5,0,1,1,10,False,,0,0,,,,,,0,0,0,0,0,0,nenhuma fronteira segura alcancavel
14040.834,601.0,failed,-1.3108,9.3208,0.3557,-28.24,0.17,0.0,0.0,30.887,51.61,15422,0,170,6,304.5,0,148,31,0,5,0,1,1,10,False,,0,0,,,,,,0,0,0,0,0,0,nenhuma fronteira segura alcancavel
14041.307,601.503,failed,-1.3108,9.3208,0.3557,-28.24,0.18,0.0,0.0,30.887,51.61,15422,0,170,6,304.5,0,148,31,0,5,0,1,1,10,False,,0,0,,,,,,0,0,0,0,0,0,nenhuma fronteira segura alcancavel
14041.798,602.002,failed,-1.3108,9.3208,0.3557,-28.24,0.18,0.0,0.0,30.887,51.61,15422,0,170,6,304.5,0,148,31,0,5,0,1,1,10,False,,0,0,,,,,,0,0,0,0,0,0,nenhuma fronteira segura alcancavel
14042.285,602.5,failed,-1.3108,9.3208,0.3557,-28.24,0.18,0.0,0.0,30.887,51.61,15422,0,170,6,304.5,0,148,31,0,5,0,1,1,10,False,,0,0,,,,,,0,0,0,0,0,0,nenhuma fronteira segura alcancavel
14042.74,603.0,failed,-1.3108,9.3208,0.3557,-28.24,0.18,0.0,0.0,30.887,51.61,15422,0,170,6,304.5,0,148,31,0,5,0,1,1,10,False,,0,0,,,,,,0,0,0,0,0,0,nenhuma fronteira segura alcancavel
14043.202,603.501,failed,-1.3108,9.3208,0.3557,-28.24,0.18,0.0,0.0,30.887,51.61,15422,0,170,6,304.5,0,148,31,0,5,0,1,1,10,False,,0,0,,,,,,0,0,0,0,0,0,nenhuma fronteira segura alcancavel
14043.685,604.0,failed,-1.3108,9.3208,0.3557,-28.24,0.18,0.0,0.0,30.887,51.61,15422,0,170,6,304.5,0,148,31,0,5,0,1,1,10,False,,0,0,,,,,,0,0,0,0,0,0,nenhuma fronteira segura alcancavel
14044.177,604.5,failed,-1.3108,9.3208,0.3557,-28.24,0.18,0.0,0.0,30.887,51.61,15422,0,170,6,304.5,0,148,31,0,5,0,1,1,10,False,,0,0,,,,,,0,0,0,0,0,0,nenhuma fronteira segura alcancavel
14044.624,605.0,failed,-1.3108,9.3208,0.3557,-28.24,0.18,0.0,0.0,30.887,51.61,15422,0,170,6,304.5,0,148,31,0,5,0,1,1,10,False,,0,0,,,,,,0,0,0,0,0,0,nenhuma fronteira segura alcancavel
14045.098,605.5,failed,-1.3108,9.3208,0.3557,-28.24,0.18,0.0,0.0,30.887,51.61,15422,0,170,6,304.5,0,148,31,0,5,0,1,1,10,False,,0,0,,,,,,0,0,0,0,0,0,nenhuma fronteira segura alcancavel
14045.593,606.0,failed,-1.3108,9.3208,0.3557,-28.24,0.18,0.0,0.0,30.887,51.61,15422,0,170,6,304.5,0,148,31,0,5,0,1,1,10,False,,0,0,,,,,,0,0,0,0,0,0,nenhuma fronteira segura alcancavel
14046.017,606.501,failed,-1.3108,9.3208,0.3557,-28.21,0.18,0.0,0.0,30.888,51.61,15422,0,170,6,304.5,0,148,31,0,5,0,1,1,10,False,,0,0,,,,,,0,0,0,0,0,0,nenhuma fronteira segura alcancavel
14046.495,607.0,failed,-1.3109,9.3207,0.3561,-28.45,0.2,0.0,0.0,30.888,51.61,15422,0,170,6,304.5,0,148,31,0,5,0,1,1,10,False,,0,0,,,,,,0,0,0,0,0,0,nenhuma fronteira segura alcancavel
14046.981,607.5,failed,-1.311,9.3209,0.3565,-28.44,0.21,0.0,0.0,30.888,51.61,15422,0,170,6,304.5,0,148,31,0,5,0,1,1,10,False,,0,0,,,,,,0,0,0,0,0,0,nenhuma fronteira segura alcancavel
14047.468,608.0,failed,-1.311,9.3208,0.3568,-28.47,0.21,0.0,0.0,30.889,51.61,15422,0,170,6,304.5,0,148,31,0,5,0,1,1,10,False,,0,0,,,,,,0,0,0,0,0,0,nenhuma fronteira segura alcancavel
14047.952,608.5,failed,-1.3109,9.321,0.3569,-28.22,0.21,0.0,0.0,30.889,51.61,15422,0,170,6,304.5,0,148,31,0,5,0,1,1,10,False,,0,0,,,,,,0,0,0,0,0,0,nenhuma fronteira segura alcancavel
14048.423,609.0,failed,-1.3109,9.321,0.357,-28.22,0.21,0.0,0.0,30.889,51.61,15422,0,170,6,304.5,0,148,31,0,5,0,1,1,10,False,,0,0,,,,,,0,0,0,0,0,0,nenhuma fronteira segura alcancavel
14048.923,609.5,failed,-1.3109,9.321,0.357,-28.22,0.21,0.0,0.0,30.889,51.61,15422,0,170,6,304.5,0,148,31,0,5,0,1,1,10,False,,0,0,,,,,,0,0,0,0,0,0,nenhuma fronteira segura alcancavel
14049.409,610.0,failed,-1.3109,9.321,0.3571,-28.22,0.21,0.0,0.0,30.889,51.61,15422,0,170,6,304.5,0,148,31,0,5,0,1,1,10,False,,0,0,,,,,,0,0,0,0,0,0,nenhuma fronteira segura alcancavel
14049.864,610.501,failed,-1.3109,9.321,0.3571,-28.2,0.21,0.0,0.0,30.889,51.61,15422,0,170,6,304.5,0,148,31,0,5,0,1,1,10,False,,0,0,,,,,,0,0,0,0,0,0,nenhuma fronteira segura alcancavel
14050.325,611.001,failed,-1.3109,9.321,0.3571,-28.21,0.21,0.0,0.0,30.889,51.61,15422,0,170,6,304.5,0,148,31,0,5,0,1,1,10,False,,0,0,,,,,,0,0,0,0,0,0,nenhuma fronteira segura alcancavel
14050.812,611.5,failed,-1.311,9.3209,0.3572,-28.28,0.21,0.0,0.0,30.89,51.61,15422,0,170,6,304.5,0,148,31,0,5,0,1,1,10,False,,0,0,,,,,,0,0,0,0,0,0,nenhuma fronteira segura alcancavel
14051.307,612.0,failed,-1.311,9.3209,0.3572,-28.29,0.21,0.0,0.0,30.89,51.61,15422,0,170,6,304.5,0,148,31,0,5,0,1,1,10,False,,0,0,,,,,,0,0,0,0,0,0,nenhuma fronteira segura alcancavel
14051.741,612.501,failed,-1.311,9.321,0.3572,-28.19,0.21,0.0,0.0,30.89,51.61,15422,0,170,6,304.5,0,148,31,0,5,0,1,1,10,False,,0,0,,,,,,0,0,0,0,0,0,nenhuma fronteira segura alcancavel
14052.211,613.0,failed,-1.311,9.3209,0.3573,-28.23,0.21,0.0,0.0,30.89,51.61,15422,0,170,6,304.5,0,148,31,0,5,0,1,1,10,False,,0,0,,,,,,0,0,0,0,0,0,nenhuma fronteira segura alcancavel
14052.691,613.5,failed,-1.311,9.3209,0.3573,-28.3,0.21,0.0,0.0,30.89,51.61,15422,0,170,6,304.5,0,148,31,0,5,0,1,1,10,False,,0,0,,,,,,0,0,0,0,0,0,nenhuma fronteira segura alcancavel
14053.172,614.001,failed,-1.311,9.321,0.3573,-28.31,0.21,0.0,0.0,30.891,51.61,15422,0,170,6,304.5,0,148,31,0,5,0,1,1,10,False,,0,0,,,,,,0,0,0,0,0,0,nenhuma fronteira segura alcancavel
14053.663,614.5,failed,-1.311,9.321,0.3573,-28.24,0.21,0.0,0.0,30.891,51.61,15422,0,170,6,304.5,0,148,31,0,5,0,1,1,10,False,,0,0,,,,,,0,0,0,0,0,0,nenhuma fronteira segura alcancavel
14054.121,615.001,failed,-1.311,9.321,0.3573,-28.25,0.21,0.0,0.0,30.891,51.61,15422,0,170,6,304.5,0,148,31,0,5,0,1,1,10,False,,0,0,,,,,,0,0,0,0,0,0,nenhuma fronteira segura alcancavel
14054.62,615.5,failed,-1.311,9.321,0.3572,-28.23,0.21,0.0,0.0,30.891,51.61,15422,0,170,6,304.5,0,148,31,0,5,0,1,1,10,False,,0,0,,,,,,0,0,0,0,0,0,nenhuma fronteira segura alcancavel
14055.126,616.0,failed,-1.311,9.321,0.3572,-28.21,0.21,0.0,0.0,30.891,51.61,15422,0,170,6,304.5,0,148,31,0,5,0,1,1,10,False,,0,0,,,,,,0,0,0,0,0,0,nenhuma fronteira segura alcancavel
14055.622,616.5,failed,-1.311,9.321,0.3572,-28.23,0.21,0.0,0.0,30.891,51.61,15422,0,170,6,304.5,0,148,31,0,5,0,1,1,10,False,,0,0,,,,,,0,0,0,0,0,0,nenhuma fronteira segura alcancavel
14056.084,617.0,failed,-1.311,9.321,0.3572,-28.26,0.21,0.0,0.0,30.892,51.61,15422,0,170,6,304.5,0,148,31,0,5,0,1,1,10,False,,0,0,,,,,,0,0,0,0,0,0,nenhuma fronteira segura alcancavel
14056.521,617.5,failed,-1.311,9.321,0.3572,-28.26,0.21,0.0,0.0,30.892,51.61,15422,0,170,6,304.5,0,148,31,0,5,0,1,1,10,False,,0,0,,,,,,0,0,0,0,0,0,nenhuma fronteira segura alcancavel
14057.012,618.0,failed,-1.311,9.321,0.3572,-28.24,0.21,0.0,0.0,30.892,51.61,15422,0,170,6,304.5,0,148,31,0,5,0,1,1,10,False,,0,0,,,,,,0,0,0,0,0,0,nenhuma fronteira segura alcancavel
14057.502,618.5,failed,-1.311,9.321,0.3572,-28.23,0.21,0.0,0.0,30.892,51.61,15422,0,170,6,304.5,0,148,31,0,5,0,1,1,10,False,,0,0,,,,,,0,0,0,0,0,0,nenhuma fronteira segura alcancavel
14057.99,619.0,failed,-1.311,9.321,0.3572,-28.2,0.21,0.0,0.0,30.892,51.61,15422,0,170,6,304.5,0,148,31,0,5,0,1,1,10,False,,0,0,,,,,,0,0,0,0,0,0,nenhuma fronteira segura alcancavel
14058.424,619.5,failed,-1.311,9.321,0.3572,-28.26,0.21,0.0,0.0,30.893,51.61,15422,0,170,6,304.5,0,148,31,0,5,0,1,1,10,False,,0,0,,,,,,0,0,0,0,0,0,nenhuma fronteira segura alcancavel
14058.951,620.0,failed,-1.311,9.321,0.3572,-28.25,0.21,0.0,0.0,30.893,51.61,15422,0,170,6,304.5,0,148,31,0,5,0,1,1,10,False,,0,0,,,,,,0,0,0,0,0,0,nenhuma fronteira segura alcancavel
14059.44,620.5,failed,-1.311,9.321,0.3572,-28.25,0.21,0.0,0.0,30.893,51.61,15422,0,170,6,304.5,0,148,31,0,5,0,1,1,10,False,,0,0,,,,,,0,0,0,0,0,0,nenhuma fronteira segura alcancavel
14059.889,621.0,failed,-1.311,9.321,0.3573,-28.22,0.21,0.0,0.0,30.893,51.61,15422,0,170,6,304.5,0,148,31,0,5,0,1,1,10,False,,0,0,,,,,,0,0,0,0,0,0,nenhuma fronteira segura alcancavel
14060.329,621.5,failed,-1.311,9.321,0.3573,-28.23,0.21,0.0,0.0,30.893,51.61,15422,0,170,6,304.5,0,148,31,0,5,0,1,1,10,False,,0,0,,,,,,0,0,0,0,0,0,nenhuma fronteira segura alcancavel
14060.811,622.0,failed,-1.311,9.321,0.3573,-28.24,0.21,0.0,0.0,30.893,51.61,15422,0,170,6,304.5,0,148,31,0,5,0,1,1,10,False,,0,0,,,,,,0,0,0,0,0,0,nenhuma fronteira segura alcancavel
14061.287,622.5,failed,-1.311,9.321,0.3573,-28.23,0.21,0.0,0.0,30.893,51.61,15422,0,170,6,304.5,0,148,31,0,5,0,1,1,10,False,,0,0,,,,,,0,0,0,0,0,0,nenhuma fronteira segura alcancavel
14061.782,623.0,failed,-1.311,9.321,0.3573,-28.25,0.21,0.0,0.0,30.893,51.61,15422,0,170,6,304.5,0,148,31,0,5,0,1,1,10,False,,0,0,,,,,,0,0,0,0,0,0,nenhuma fronteira segura alcancavel
14062.271,623.5,failed,-1.311,9.321,0.3573,-28.29,0.21,0.0,0.0,30.893,51.61,15422,0,170,6,304.5,0,148,31,0,5,0,1,1,10,False,,0,0,,,,,,0,0,0,0,0,0,nenhuma fronteira segura alcancavel
14062.758,624.0,failed,-1.311,9.321,0.3573,-28.17,0.21,0.0,0.0,30.894,51.61,15422,0,170,6,304.5,0,148,31,0,5,0,1,1,10,False,,0,0,,,,,,0,0,0,0,0,0,nenhuma fronteira segura alcancavel
14063.252,624.5,failed,-1.311,9.321,0.3572,-28.23,0.21,0.0,0.0,30.894,51.61,15422,0,170,6,304.5,0,148,31,0,5,0,1,1,10,False,,0,0,,,,,,0,0,0,0,0,0,nenhuma fronteira segura alcancavel
14063.72,625.001,failed,-1.3111,9.321,0.3572,-28.3,0.21,0.0,0.0,30.894,51.61,15422,0,170,6,304.5,0,148,31,0,5,0,1,1,10,False,,0,0,,,,,,0,0,0,0,0,0,nenhuma fronteira segura alcancavel
14064.209,625.5,failed,-1.3111,9.3209,0.3572,-28.27,0.21,0.0,0.0,30.894,51.61,15422,0,170,6,304.5,0,148,31,0,5,0,1,1,10,False,,0,0,,,,,,0,0,0,0,0,0,nenhuma fronteira segura alcancavel
14064.694,626.0,failed,-1.3111,9.3209,0.3572,-28.24,0.21,0.0,0.0,30.895,51.61,15422,0,170,6,304.5,0,148,31,0,5,0,1,1,10,False,,0,0,,,,,,0,0,0,0,0,0,nenhuma fronteira segura alcancavel
14065.171,626.5,failed,-1.311,9.321,0.3572,-28.18,0.21,0.0,0.0,30.895,51.61,15422,0,170,6,304.5,0,148,31,0,5,0,1,1,10,False,,0,0,,,,,,0,0,0,0,0,0,nenhuma fronteira segura alcancavel
14065.606,627.0,failed,-1.311,9.321,0.3572,-28.21,0.21,0.0,0.0,30.895,51.61,15422,0,170,6,304.5,0,148,31,0,5,0,1,1,10,False,,0,0,,,,,,0,0,0,0,0,0,nenhuma fronteira segura alcancavel
14066.082,627.5,failed,-1.311,9.3209,0.3572,-28.24,0.21,0.0,0.0,30.895,51.61,15422,0,170,6,304.5,0,148,31,0,5,0,1,1,10,False,,0,0,,,,,,0,0,0,0,0,0,nenhuma fronteira segura alcancavel
14066.564,628.0,failed,-1.311,9.3209,0.3572,-28.23,0.21,0.0,0.0,30.895,51.61,15422,0,170,6,304.5,0,148,31,0,5,0,1,1,10,False,,0,0,,,,,,0,0,0,0,0,0,nenhuma fronteira segura alcancavel
14067.024,628.5,failed,-1.311,9.321,0.3572,-28.01,0.21,0.0,0.0,30.895,51.61,15422,0,170,6,304.5,0,148,31,0,5,0,1,1,10,False,,0,0,,,,,,0,0,0,0,0,0,nenhuma fronteira segura alcancavel
14067.511,629.0,failed,-1.311,9.3209,0.3573,-28.2,0.21,0.0,0.0,30.896,51.61,15422,0,170,6,304.5,0,148,31,0,5,0,1,1,10,False,,0,0,,,,,,0,0,0,0,0,0,nenhuma fronteira segura alcancavel
14068.006,629.5,failed,-1.311,9.3209,0.3573,-28.23,0.22,0.0,0.0,30.896,51.61,15422,0,170,6,304.5,0,148,31,0,5,0,1,1,10,False,,0,0,,,,,,0,0,0,0,0,0,nenhuma fronteira segura alcancavel
14068.494,630.0,failed,-1.311,9.3209,0.3573,-28.24,0.22,0.0,0.0,30.896,51.61,15422,0,170,6,304.5,0,148,31,0,5,0,1,1,10,False,,0,0,,,,,,0,0,0,0,0,0,nenhuma fronteira segura alcancavel
14068.975,630.5,failed,-1.311,9.3209,0.3573,-28.26,0.21,0.0,0.0,30.896,51.61,15422,0,170,6,304.5,0,148,31,0,5,0,1,1,10,False,,0,0,,,,,,0,0,0,0,0,0,nenhuma fronteira segura alcancavel
14069.469,631.0,failed,-1.311,9.321,0.3573,-28.21,0.21,0.0,0.0,30.896,51.61,15422,0,170,6,304.5,0,148,31,0,5,0,1,1,10,False,,0,0,,,,,,0,0,0,0,0,0,nenhuma fronteira segura alcancavel
14069.924,631.5,failed,-1.311,9.321,0.3572,-28.23,0.21,0.0,0.0,30.896,51.61,15422,0,170,6,304.5,0,148,31,0,5,0,1,1,10,False,,0,0,,,,,,0,0,0,0,0,0,nenhuma fronteira segura alcancavel
14070.406,632.0,failed,-1.311,9.321,0.3572,-28.2,0.21,0.0,0.0,30.896,51.61,15422,0,170,6,304.5,0,148,31,0,5,0,1,1,10,False,,0,0,,,,,,0,0,0,0,0,0,nenhuma fronteira segura alcancavel
14070.896,632.5,failed,-1.311,9.321,0.3572,-28.26,0.21,0.0,0.0,30.897,51.61,15422,0,170,6,304.5,0,148,31,0,5,0,1,1,10,False,,0,0,,,,,,0,0,0,0,0,0,nenhuma fronteira segura alcancavel
14071.383,633.0,failed,-1.311,9.321,0.3572,-28.22,0.21,0.0,0.0,30.897,51.61,15422,0,170,6,304.5,0,148,31,0,5,0,1,1,10,False,,0,0,,,,,,0,0,0,0,0,0,nenhuma fronteira segura alcancavel
14071.858,633.5,failed,-1.311,9.321,0.3572,-28.21,0.21,0.0,0.0,30.897,51.61,15422,0,170,6,304.5,0,148,31,0,5,0,1,1,10,False,,0,0,,,,,,0,0,0,0,0,0,nenhuma fronteira segura alcancavel
14072.318,634.0,failed,-1.311,9.321,0.3572,-28.24,0.21,0.0,0.0,30.897,51.61,15422,0,170,6,304.5,0,148,31,0,5,0,1,1,10,False,,0,0,,,,,,0,0,0,0,0,0,nenhuma fronteira segura alcancavel
14072.807,634.5,failed,-1.3111,9.3209,0.3572,-28.4,0.22,0.0,0.0,30.897,51.61,15422,0,170,6,304.5,0,148,31,0,5,0,1,1,10,False,,0,0,,,,,,0,0,0,0,0,0,nenhuma fronteira segura alcancavel
14073.308,635.0,failed,-1.3111,9.321,0.3572,-28.26,0.21,0.0,0.0,30.898,51.61,15422,0,170,6,304.5,0,148,31,0,5,0,1,1,10,False,,0,0,,,,,,0,0,0,0,0,0,nenhuma fronteira segura alcancavel
14073.782,635.501,failed,-1.311,9.321,0.3572,-28.29,0.21,0.0,0.0,30.898,51.61,15422,0,170,6,304.5,0,148,31,0,5,0,1,1,10,False,,0,0,,,,,,0,0,0,0,0,0,nenhuma fronteira segura alcancavel
14074.274,636.0,failed,-1.311,9.321,0.3572,-28.4,0.21,0.0,0.0,30.898,51.61,15422,0,170,6,304.5,0,148,31,0,5,0,1,1,10,False,,0,0,,,,,,0,0,0,0,0,0,nenhuma fronteira segura alcancavel
14074.723,636.5,failed,-1.311,9.3211,0.3573,-28.2,0.21,0.0,0.0,30.899,51.61,15422,0,170,6,304.5,0,148,31,0,5,0,1,1,10,False,,0,0,,,,,,0,0,0,0,0,0,nenhuma fronteira segura alcancavel
14075.208,637.0,failed,-1.311,9.321,0.3573,-28.22,0.21,0.0,0.0,30.899,51.61,15422,0,170,6,304.5,0,148,31,0,5,0,1,1,10,False,,0,0,,,,,,0,0,0,0,0,0,nenhuma fronteira segura alcancavel
14075.65,637.5,failed,-1.311,9.321,0.3573,-28.23,0.21,0.0,0.0,30.899,51.61,15422,0,170,6,304.5,0,148,31,0,5,0,1,1,10,False,,0,0,,,,,,0,0,0,0,0,0,nenhuma fronteira segura alcancavel
14076.125,638.0,failed,-1.311,9.321,0.3573,-28.24,0.21,0.0,0.0,30.899,51.61,15422,0,170,6,304.5,0,148,31,0,5,0,1,1,10,False,,0,0,,,,,,0,0,0,0,0,0,nenhuma fronteira segura alcancavel
14076.619,638.5,failed,-1.311,9.321,0.3573,-28.2,0.21,0.0,0.0,30.899,51.61,15422,0,170,6,304.5,0,148,31,0,5,0,1,1,10,False,,0,0,,,,,,0,0,0,0,0,0,nenhuma fronteira segura alcancavel
14077.064,639.0,failed,-1.311,9.321,0.3573,-28.26,0.21,0.0,0.0,30.899,51.61,15422,0,170,6,304.5,0,148,31,0,5,0,1,1,10,False,,0,0,,,,,,0,0,0,0,0,0,nenhuma fronteira segura alcancavel
14077.512,639.5,failed,-1.311,9.321,0.3573,-28.18,0.21,0.0,0.0,30.9,51.61,15422,0,170,6,304.5,0,148,31,0,5,0,1,1,10,False,,0,0,,,,,,0,0,0,0,0,0,nenhuma fronteira segura alcancavel
14078.006,640.0,failed,-1.311,9.321,0.3573,-28.19,0.21,0.0,0.0,30.9,51.61,15422,0,170,6,304.5,0,148,31,0,5,0,1,1,10,False,,0,0,,,,,,0,0,0,0,0,0,nenhuma fronteira segura alcancavel
14078.49,640.5,failed,-1.311,9.321,0.3573,-28.21,0.21,0.0,0.0,30.9,51.61,15422,0,170,6,304.5,0,148,31,0,5,0,1,1,10,False,,0,0,,,,,,0,0,0,0,0,0,nenhuma fronteira segura alcancavel
14078.967,641.0,failed,-1.311,9.3209,0.3573,-28.23,0.21,0.0,0.0,30.9,51.61,15422,0,170,6,304.5,0,148,31,0,5,0,1,1,10,False,,0,0,,,,,,0,0,0,0,0,0,nenhuma fronteira segura alcancavel
14079.446,641.5,failed,-1.311,9.321,0.3573,-28.19,0.21,0.0,0.0,30.9,51.61,15422,0,170,6,304.5,0,148,31,0,5,0,1,1,10,False,,0,0,,,,,,0,0,0,0,0,0,nenhuma fronteira segura alcancavel
14079.931,642.0,failed,-1.311,9.321,0.3573,-28.24,0.21,0.0,0.0,30.9,51.61,15422,0,170,6,304.5,0,148,31,0,5,0,1,1,10,False,,0,0,,,,,,0,0,0,0,0,0,nenhuma fronteira segura alcancavel
14080.424,642.5,failed,-1.311,9.321,0.3573,-28.24,0.21,0.0,0.0,30.901,51.61,15422,0,170,6,304.5,0,148,31,0,5,0,1,1,10,False,,0,0,,,,,,0,0,0,0,0,0,nenhuma fronteira segura alcancavel
14080.889,643.0,failed,-1.311,9.3209,0.3573,-28.26,0.21,0.0,0.0,30.901,51.61,15422,0,170,6,304.5,0,148,31,0,5,0,1,1,10,False,,0,0,,,,,,0,0,0,0,0,0,nenhuma fronteira segura alcancavel
14081.382,643.5,failed,-1.311,9.321,0.3573,-28.23,0.21,0.0,0.0,30.901,51.61,15422,0,170,6,304.5,0,148,31,0,5,0,1,1,10,False,,0,0,,,,,,0,0,0,0,0,0,nenhuma fronteira segura alcancavel
14081.854,644.0,failed,-1.311,9.3209,0.3573,-28.24,0.21,0.0,0.0,30.901,51.61,15422,0,170,6,304.5,0,148,31,0,5,0,1,1,10,False,,0,0,,,,,,0,0,0,0,0,0,nenhuma fronteira segura alcancavel
14082.307,644.5,failed,-1.311,9.3209,0.3573,-28.27,0.21,0.0,0.0,30.901,51.61,15422,0,170,6,304.5,0,148,31,0,5,0,1,1,10,False,,0,0,,,,,,0,0,0,0,0,0,nenhuma fronteira segura alcancavel
14082.786,645.0,failed,-1.311,9.3209,0.3573,-28.25,0.21,0.0,0.0,30.901,51.61,15422,0,170,6,304.5,0,148,31,0,5,0,1,1,10,False,,0,0,,,,,,0,0,0,0,0,0,nenhuma fronteira segura alcancavel
14083.272,645.507,failed,-1.311,9.3209,0.3573,-28.23,0.21,0.0,0.0,30.901,51.61,15422,0,170,6,304.5,0,148,31,0,5,0,1,1,10,False,,0,0,,,,,,0,0,0,0,0,0,nenhuma fronteira segura alcancavel
14083.757,646.0,failed,-1.311,9.3209,0.3573,-28.23,0.21,0.0,0.0,30.901,51.61,15422,0,170,6,304.5,0,148,31,0,5,0,1,1,10,False,,0,0,,,,,,0,0,0,0,0,0,nenhuma fronteira segura alcancavel
14084.246,646.5,failed,-1.311,9.3209,0.3573,-28.23,0.21,0.0,0.0,30.902,51.61,15422,0,170,6,304.5,0,148,31,0,5,0,1,1,10,False,,0,0,,,,,,0,0,0,0,0,0,nenhuma fronteira segura alcancavel
14084.709,647.0,failed,-1.311,9.321,0.3573,-28.18,0.21,0.0,0.0,30.902,51.61,15422,0,170,6,304.5,0,148,31,0,5,0,1,1,10,False,,0,0,,,,,,0,0,0,0,0,0,nenhuma fronteira segura alcancavel
14085.199,647.5,failed,-1.311,9.321,0.3573,-28.21,0.21,0.0,0.0,30.902,51.61,15422,0,170,6,304.5,0,148,31,0,5,0,1,1,10,False,,0,0,,,,,,0,0,0,0,0,0,nenhuma fronteira segura alcancavel
14085.65,648.0,failed,-1.311,9.321,0.3573,-28.23,0.21,0.0,0.0,30.902,51.61,15422,0,170,6,304.5,0,148,31,0,5,0,1,1,10,False,,0,0,,,,,,0,0,0,0,0,0,nenhuma fronteira segura alcancavel
14086.108,648.5,failed,-1.311,9.3209,0.3573,-28.27,0.22,0.0,0.0,30.902,51.61,15422,0,170,6,304.5,0,148,31,0,5,0,1,1,10,False,,0,0,,,,,,0,0,0,0,0,0,nenhuma fronteira segura alcancavel
14086.558,649.0,failed,-1.311,9.321,0.3573,-28.27,0.21,0.0,0.0,30.902,51.61,15422,0,170,6,304.5,0,148,31,0,5,0,1,1,10,False,,0,0,,,,,,0,0,0,0,0,0,nenhuma fronteira segura alcancavel
14087.039,649.5,failed,-1.311,9.321,0.3573,-28.26,0.21,0.0,0.0,30.902,51.61,15422,0,170,6,304.5,0,148,31,0,5,0,1,1,10,False,,0,0,,,,,,0,0,0,0,0,0,nenhuma fronteira segura alcancavel
14087.496,650.0,failed,-1.311,9.321,0.3573,-28.24,0.21,0.0,0.0,30.903,51.61,15422,0,170,6,304.5,0,148,31,0,5,0,1,1,10,False,,0,0,,,,,,0,0,0,0,0,0,nenhuma fronteira segura alcancavel
14087.984,650.5,failed,-1.311,9.321,0.3573,-28.24,0.21,0.0,0.0,30.903,51.61,15422,0,170,6,304.5,0,148,31,0,5,0,1,1,10,False,,0,0,,,,,,0,0,0,0,0,0,nenhuma fronteira segura alcancavel
14088.452,651.0,failed,-1.311,9.321,0.3573,-28.21,0.21,0.0,0.0,30.903,51.61,15422,0,170,6,304.5,0,148,31,0,5,0,1,1,10,False,,0,0,,,,,,0,0,0,0,0,0,nenhuma fronteira segura alcancavel
14088.947,651.5,failed,-1.311,9.321,0.3573,-28.23,0.21,0.0,0.0,30.903,51.61,15422,0,170,6,304.5,0,148,31,0,5,0,1,1,10,False,,0,0,,,,,,0,0,0,0,0,0,nenhuma fronteira segura alcancavel
14089.404,652.0,failed,-1.311,9.3211,0.3573,-28.2,0.21,0.0,0.0,30.903,51.61,15422,0,170,6,304.5,0,148,31,0,5,0,1,1,10,False,,0,0,,,,,,0,0,0,0,0,0,nenhuma fronteira segura alcancavel
14089.89,652.5,failed,-1.311,9.321,0.3573,-28.27,0.21,0.0,0.0,30.904,51.61,15422,0,170,6,304.5,0,148,31,0,5,0,1,1,10,False,,0,0,,,,,,0,0,0,0,0,0,nenhuma fronteira segura alcancavel
14090.366,653.0,failed,-1.311,9.321,0.3573,-28.23,0.21,0.0,0.0,30.904,51.61,15422,0,170,6,304.5,0,148,31,0,5,0,1,1,10,False,,0,0,,,,,,0,0,0,0,0,0,nenhuma fronteira segura alcancavel
14090.803,653.501,failed,-1.311,9.321,0.3573,-28.25,0.21,0.0,0.0,30.904,51.61,15422,0,170,6,304.5,0,148,31,0,5,0,1,1,10,False,,0,0,,,,,,0,0,0,0,0,0,nenhuma fronteira segura alcancavel
14091.272,654.0,failed,-1.311,9.321,0.3573,-28.23,0.21,0.0,0.0,30.904,51.61,15422,0,170,6,304.5,0,148,31,0,5,0,1,1,10,False,,0,0,,,,,,0,0,0,0,0,0,nenhuma fronteira segura alcancavel
14091.746,654.5,failed,-1.311,9.321,0.3573,-28.24,0.21,0.0,0.0,30.904,51.61,15422,0,170,6,304.5,0,148,31,0,5,0,1,1,10,False,,0,0,,,,,,0,0,0,0,0,0,nenhuma fronteira segura alcancavel
14092.203,655.0,failed,-1.311,9.321,0.3573,-28.24,0.21,0.0,0.0,30.904,51.61,15422,0,170,6,304.5,0,148,31,0,5,0,1,1,10,False,,0,0,,,,,,0,0,0,0,0,0,nenhuma fronteira segura alcancavel
14092.622,655.5,failed,-1.311,9.321,0.3573,-28.24,0.21,0.0,0.0,30.904,51.61,15422,0,170,6,304.5,0,148,31,0,5,0,1,1,10,False,,0,0,,,,,,0,0,0,0,0,0,nenhuma fronteira segura alcancavel
14093.119,656.0,failed,-1.311,9.321,0.3573,-28.24,0.21,0.0,0.0,30.904,51.61,15422,0,170,6,304.5,0,148,31,0,5,0,1,1,10,False,,0,0,,,,,,0,0,0,0,0,0,nenhuma fronteira segura alcancavel
14093.61,656.501,failed,-1.311,9.321,0.3573,-28.23,0.21,0.0,0.0,30.904,51.61,15422,0,170,6,304.5,0,148,31,0,5,0,1,1,10,False,,0,0,,,,,,0,0,0,0,0,0,nenhuma fronteira segura alcancavel
14094.088,657.001,failed,-1.311,9.321,0.3573,-28.23,0.21,0.0,0.0,30.904,51.61,15422,0,170,6,304.5,0,148,31,0,5,0,1,1,10,False,,0,0,,,,,,0,0,0,0,0,0,nenhuma fronteira segura alcancavel
14094.58,657.5,failed,-1.311,9.321,0.3573,-28.24,0.21,0.0,0.0,30.904,51.61,15422,0,170,6,304.5,0,148,31,0,5,0,1,1,10,False,,0,0,,,,,,0,0,0,0,0,0,nenhuma fronteira segura alcancavel
14095.05,658.0,failed,-1.311,9.321,0.3573,-28.26,0.21,0.0,0.0,30.905,51.61,15422,0,170,6,304.5,0,148,31,0,5,0,1,1,10,False,,0,0,,,,,,0,0,0,0,0,0,nenhuma fronteira segura alcancavel
14095.529,658.5,failed,-1.311,9.321,0.3573,-28.26,0.21,0.0,0.0,30.905,51.61,15422,0,170,6,304.5,0,148,31,0,5,0,1,1,10,False,,0,0,,,,,,0,0,0,0,0,0,nenhuma fronteira segura alcancavel
14096.019,659.0,failed,-1.311,9.321,0.3573,-28.26,0.21,0.0,0.0,30.905,51.61,15422,0,170,6,304.5,0,148,31,0,5,0,1,1,10,False,,0,0,,,,,,0,0,0,0,0,0,nenhuma fronteira segura alcancavel
14096.485,659.5,failed,-1.3111,9.3209,0.3573,-28.3,0.21,0.0,0.0,30.905,51.61,15422,0,170,6,304.5,0,148,31,0,5,0,1,1,10,False,,0,0,,,,,,0,0,0,0,0,0,nenhuma fronteira segura alcancavel
14096.964,660.0,failed,-1.311,9.321,0.3573,-28.24,0.21,0.0,0.0,30.905,51.61,15422,0,170,6,304.5,0,148,31,0,5,0,1,1,10,False,,0,0,,,,,,0,0,0,0,0,0,nenhuma fronteira segura alcancavel
