sim_s,wall_s,state,x,y,z,yaw_deg,tilt_deg,cmd_vx,cmd_wz,path_m,map_known_pct,map_known_cells,frontier_count,frontier_cells,frontier_clusters,frontier_extract_ms,candidates_checked,path_requests,selection_cycle,blacklisted,refused,timed_out,near_frontiers_skipped,provisional_recoveries,barren_cycles,marker_visible,marker_distance_m,homing_entry_distance_m,homing_entries,homing_abandons,detections_n,exit_pose_seen,escaped,message
84.194,0.5,idle,-0.0012,0.0424,0.3469,90.04,0.02,,,0.0,23.61,1787,0,0,0,0.0,0,0,0,0,0,0,0,0,0,False,,,0,0,0,0,0,
84.683,1.0,idle,-0.0012,0.0424,0.3469,90.04,0.02,,,0.0,23.61,1787,0,0,0,0.0,0,0,0,0,0,0,0,0,0,False,,,0,0,0,0,0,
85.175,1.5,idle,-0.0012,0.0424,0.3469,90.04,0.02,,,0.0,23.61,1787,0,0,0,0.0,0,0,0,0,0,0,0,0,0,False,,,0,0,0,0,0,
85.672,2.0,idle,-0.0012,0.0424,0.3469,90.04,0.02,,,0.0,23.61,1787,0,0,0,0.0,0,0,0,0,0,0,0,0,0,False,,,0,0,0,0,0,
86.171,2.5,idle,-0.0012,0.0424,0.3469,90.04,0.02,,,0.0,23.61,1787,0,0,0,0.0,0,0,0,0,0,0,0,0,0,False,,,0,0,0,0,0,
86.671,3.0,idle,-0.0012,0.0424,0.3469,90.04,0.02,,,0.0,23.61,1787,0,0,0,0.0,0,0,0,0,0,0,0,0,0,False,,,0,0,0,0,0,
87.163,3.5,idle,-0.0012,0.0424,0.3469,90.04,0.02,,,0.0,23.61,1787,0,0,0,0.0,0,0,0,0,0,0,0,0,0,False,,,0,0,0,0,0,
87.657,4.0,idle,-0.0012,0.0424,0.3469,90.04,0.02,,,0.0,23.61,1787,0,0,0,0.0,0,0,0,0,0,0,0,0,0,False,,,0,0,0,0,0,
88.135,4.5,idle,-0.0012,0.0424,0.3469,90.04,0.02,,,0.0,23.61,1787,0,0,0,0.0,0,0,0,0,0,0,0,0,0,False,,,0,0,0,0,0,
88.626,5.0,idle,-0.0012,0.0424,0.3469,90.04,0.02,,,0.0,23.61,1787,0,0,0,0.0,0,0,0,0,0,0,0,0,0,False,,,0,0,0,0,0,
89.111,5.5,idle,-0.0012,0.0424,0.3469,90.04,0.02,,,0.0,23.61,1787,0,0,0,0.0,0,0,0,0,0,0,0,0,0,False,,,0,0,0,0,0,
89.599,6.0,idle,-0.0012,0.0424,0.3469,90.04,0.02,,,0.0,23.61,1787,0,0,0,0.0,0,0,0,0,0,0,0,0,0,False,,,0,0,0,0,0,
90.093,6.5,idle,-0.0012,0.0424,0.3469,90.04,0.02,,,0.0,23.61,1787,0,0,0,0.0,0,0,0,0,0,0,0,0,0,False,,,0,0,0,0,0,
90.569,7.001,idle,-0.0012,0.0424,0.3469,90.04,0.02,,,0.0,23.61,1787,0,0,0,0.0,0,0,0,0,0,0,0,0,0,False,,,0,0,0,0,0,
91.04,7.5,idle,-0.0012,0.0424,0.3469,90.04,0.02,,,0.0,23.61,1787,0,0,0,0.0,0,0,0,0,0,0,0,0,0,False,,,0,0,0,0,0,
91.536,8.0,idle,-0.0012,0.0424,0.3469,90.04,0.02,,,0.0,23.61,1787,0,0,0,0.0,0,0,0,0,0,0,0,0,0,False,,,0,0,0,0,0,
92.014,8.5,idle,-0.0012,0.0424,0.3469,90.04,0.02,,,0.0,23.61,1787,0,0,0,0.0,0,0,0,0,0,0,0,0,0,False,,,0,0,0,0,0,
92.493,9.0,idle,-0.0012,0.0424,0.3469,90.04,0.02,,,0.0,23.61,1787,0,0,0,0.0,0,0,0,0,0,0,0,0,0,False,,,0,0,0,0,0,
92.983,9.501,idle,-0.0012,0.0424,0.3469,90.04,0.02,,,0.0,23.61,1787,0,0,0,0.0,0,0,0,0,0,0,0,0,0,False,,,0,0,0,0,0,
93.459,10.0,idle,-0.0012,0.0424,0.3469,90.04,0.02,,,0.0,23.61,1787,0,0,0,0.0,0,0,0,0,0,0,0,0,0,False,,,0,0,0,0,0,
93.931,10.5,idle,-0.0012,0.0424,0.3469,90.04,0.02,,,0.0,23.61,1787,0,0,0,0.0,0,0,0,0,0,0,0,0,0,False,,,0,0,0,0,0,
94.422,11.0,idle,-0.0012,0.0424,0.3469,90.04,0.02,,,0.0,23.61,1787,0,0,0,0.0,0,0,0,0,0,0,0,0,0,False,,,0,0,0,0,0,
94.909,11.5,idle,-0.0012,0.0424,0.3469,90.04,0.02,,,0.0,23.61,1787,0,0,0,0.0,0,0,0,0,0,0,0,0,0,False,,,0,0,0,0,0,
95.374,12.0,idle,-0.0012,0.0424,0.3469,90.04,0.02,,,0.0,23.61,1787,0,0,0,0.0,0,0,0,0,0,0,0,0,0,False,,,0,0,0,0,0,
95.86,12.5,idle,-0.0012,0.0424,0.3469,90.04,0.02,,,0.0,23.61,1787,0,0,0,0.0,0,0,0,0,0,0,0,0,0,False,,,0,0,0,0,0,
96.361,13.0,idle,-0.0012,0.0424,0.3469,90.04,0.02,,,0.0,23.61,1787,0,0,0,0.0,0,0,0,0,0,0,0,0,0,False,,,0,0,0,0,0,
96.86,13.5,idle,-0.0012,0.0424,0.3469,90.04,0.02,,,0.0,23.61,1787,0,0,0,0.0,0,0,0,0,0,0,0,0,0,False,,,0,0,0,0,0,
97.359,14.0,idle,-0.0012,0.0424,0.3469,90.04,0.02,,,0.0,23.61,1787,0,0,0,0.0,0,0,0,0,0,0,0,0,0,False,,,0,0,0,0,0,
97.855,14.5,idle,-0.0012,0.0424,0.3469,90.04,0.02,,,0.0,23.61,1787,0,0,0,0.0,0,0,0,0,0,0,0,0,0,False,,,0,0,0,0,0,
98.351,15.001,idle,-0.0012,0.0424,0.3469,90.04,0.02,,,0.0,23.61,1787,0,0,0,0.0,0,0,0,0,0,0,0,0,0,False,,,0,0,0,0,0,
98.825,15.5,idle,-0.0012,0.0424,0.3469,90.04,0.02,,,0.0,23.61,1787,0,0,0,0.0,0,0,0,0,0,0,0,0,0,False,,,0,0,0,0,0,
99.323,16.0,idle,-0.0012,0.0424,0.3469,90.04,0.02,,,0.0,23.61,1787,0,0,0,0.0,0,0,0,0,0,0,0,0,0,False,,,0,0,0,0,0,
99.783,16.5,idle,-0.0012,0.0424,0.3469,90.04,0.02,,,0.0,23.61,1787,0,0,0,0.0,0,0,0,0,0,0,0,0,0,False,,,0,0,0,0,0,
100.255,17.0,idle,-0.0012,0.0424,0.3469,90.04,0.02,,,0.0,23.61,1787,0,0,0,0.0,0,0,0,0,0,0,0,0,0,False,,,0,0,0,0,0,
100.754,17.5,idle,-0.0012,0.0424,0.3469,90.04,0.02,,,0.0,23.61,1787,0,0,0,0.0,0,0,0,0,0,0,0,0,0,False,,,0,0,0,0,0,
101.227,18.001,idle,-0.0012,0.0424,0.3469,90.04,0.02,,,0.0,23.61,1787,0,0,0,0.0,0,0,0,0,0,0,0,0,0,False,,,0,0,0,0,0,
101.707,18.5,idle,-0.0012,0.0424,0.3469,90.04,0.02,,,0.0,23.61,1787,0,0,0,0.0,0,0,0,0,0,0,0,0,0,False,,,0,0,0,0,0,
102.166,19.0,idle,-0.0012,0.0424,0.3469,90.04,0.02,,,0.0,23.61,1787,0,0,0,0.0,0,0,0,0,0,0,0,0,0,False,,,0,0,0,0,0,
102.662,19.5,waiting_map,-0.0012,0.0424,0.3469,90.04,0.02,,,0.0,23.61,1787,0,0,0,0.0,0,0,0,0,0,0,0,0,0,False,,,0,0,0,0,0,"aguardando mapa, TF e Nav2"
103.109,20.0,selecting,-0.0012,0.0424,0.3469,90.04,0.02,,,0.0,23.61,1787,0,0,0,0.0,0,0,0,0,0,0,0,0,0,False,,,0,0,0,0,0,
103.605,20.5,selecting,-0.0012,0.0424,0.3469,90.04,0.02,,,0.0,23.61,1787,0,0,0,0.0,0,0,0,0,0,0,0,0,0,False,,,0,0,0,0,0,
104.101,21.0,selecting,-0.0012,0.0424,0.3469,90.04,0.02,,,0.0,23.61,1787,0,0,0,0.0,0,0,0,0,0,0,0,0,0,False,,,0,0,0,0,0,
104.595,21.5,selecting,-0.0012,0.0424,0.3469,90.04,0.02,,,0.0,23.61,1787,3,641,3,104.2,1,1,1,0,0,0,0,0,0,False,,,0,0,0,0,0,
105.064,22.001,navigating,-0.0012,0.0424,0.3469,90.04,0.02,,,0.0,23.61,1787,3,641,3,104.2,3,3,1,0,0,0,0,0,0,False,,,0,0,0,0,0,navegando para fronteira
105.563,22.5,navigating,0.003,0.0398,0.3445,89.89,0.1,0.0228,0.0035,0.006,23.61,1787,3,641,3,104.2,3,3,1,0,0,0,0,0,0,False,,,0,0,0,0,0,navegando para fronteira
106.06,23.0,navigating,0.0134,0.058,0.3481,89.64,0.32,0.0526,-0.0403,0.027,23.61,1787,3,641,3,104.2,3,3,1,0,0,0,0,0,0,False,,,0,0,0,0,0,navegando para fronteira
106.542,23.5,navigating,-0.0077,0.1184,0.3536,89.6,0.87,0.1168,-0.0037,0.092,23.61,1787,3,641,3,104.2,3,3,1,0,0,0,0,0,0,False,,,0,0,0,0,0,navegando para fronteira
107.014,24.001,navigating,-0.0179,0.1679,0.356,90.34,0.53,0.1085,0.0194,0.145,23.61,1787,3,641,3,104.2,3,3,1,0,0,0,0,0,0,False,,,0,0,0,0,0,navegando para fronteira
107.509,24.5,navigating,-0.0047,0.2187,0.3551,91.62,0.23,0.0907,0.0409,0.199,23.61,1787,3,641,3,104.2,3,3,1,0,0,0,0,0,0,False,,,0,0,0,0,0,navegando para fronteira
108.003,25.001,navigating,-0.0237,0.2666,0.3546,93.15,0.74,0.099,0.0636,0.252,23.61,1787,3,641,3,104.2,3,3,1,0,0,0,0,0,0,False,,,0,0,0,0,0,navegando para fronteira
108.498,25.5,navigating,-0.0188,0.3215,0.3534,94.15,0.24,0.1019,0.0638,0.307,23.61,1787,3,641,3,104.2,3,3,1,0,0,0,0,0,0,False,,,0,0,0,0,0,navegando para fronteira
108.914,26.0,navigating,-0.0199,0.3607,0.3517,95.26,0.15,0.0976,0.051,0.348,35.94,2720,3,641,3,104.2,3,3,1,0,0,0,0,0,0,False,,,0,0,0,0,0,navegando para fronteira
109.403,26.5,navigating,-0.0369,0.3936,0.3594,95.61,0.43,0.0556,0.0576,0.388,35.94,2720,3,641,3,104.2,3,3,1,0,0,0,0,0,0,False,,,0,0,0,0,0,navegando para fronteira
109.873,27.0,navigating,-0.0268,0.4282,0.3525,96.24,0.36,0.0801,0.0559,0.424,35.94,2720,3,641,3,104.2,3,3,1,0,0,0,0,0,0,False,,,0,0,0,0,0,navegando para fronteira
110.367,27.5,navigating,-0.0448,0.4517,0.3527,97.33,0.48,0.0418,0.0258,0.457,35.94,2720,3,641,3,104.2,3,3,1,0,0,0,0,0,0,False,,,0,0,0,0,0,navegando para fronteira
110.833,28.0,navigating,-0.0335,0.4717,0.3508,98.19,0.41,0.0,0.0,0.481,35.94,2720,3,641,3,104.2,3,3,1,0,0,0,0,0,0,False,,,0,0,0,0,0,navegando para fronteira
111.324,28.5,selecting,-0.0292,0.4762,0.353,98.47,0.26,0.0,0.0,0.493,35.94,2720,5,553,6,137.5,1,4,2,0,0,0,1,0,0,False,,,0,0,0,0,0,fronteira alcancada; atualizando mapa
111.809,29.0,selecting,-0.036,0.493,0.3539,98.41,0.39,0.0523,-0.0109,0.511,35.94,2720,5,553,6,137.5,1,4,2,0,0,0,1,0,0,False,,,0,0,0,0,0,fronteira alcancada; atualizando mapa
112.269,29.501,navigating,-0.0477,0.5425,0.3522,98.05,0.33,0.1129,-0.0083,0.563,35.94,2720,5,553,6,137.5,5,8,2,0,1,0,1,0,0,False,,,0,0,0,0,0,navegando para fronteira
112.721,30.0,navigating,-0.0485,0.6093,0.3554,97.3,0.41,0.1284,-0.0238,0.63,35.94,2720,5,553,6,137.5,5,8,2,0,1,0,1,0,0,False,,,0,0,0,0,0,navegando para fronteira
113.2,30.5,navigating,-0.0618,0.6787,0.352,96.19,0.34,0.1298,-0.0283,0.701,35.94,2720,5,553,6,137.5,5,8,2,0,1,0,1,0,0,False,,,0,0,0,0,0,navegando para fronteira
113.694,31.0,navigating,-0.0776,0.7468,0.3577,94.75,0.19,0.1189,-0.0101,0.773,37.14,2811,5,553,6,137.5,5,8,2,0,1,0,1,0,0,False,,,0,0,0,0,0,navegando para fronteira
114.179,31.5,navigating,-0.0704,0.829,0.3566,94.13,0.36,0.1457,-0.0388,0.856,37.14,2811,5,553,6,137.5,5,8,2,0,1,0,1,0,0,False,,,0,0,0,0,0,navegando para fronteira
114.662,32.0,navigating,-0.0949,0.8982,0.3527,93.54,0.66,0.1252,-0.0345,0.93,37.14,2811,5,553,6,137.5,5,8,2,0,1,0,1,0,0,False,,,0,0,0,0,0,navegando para fronteira
115.152,32.5,navigating,-0.0835,0.9622,0.3517,92.67,0.41,0.1224,-0.049,0.996,37.14,2811,5,553,6,137.5,5,8,2,0,1,0,1,0,0,False,,,0,0,0,0,0,navegando para fronteira
115.627,33.0,navigating,-0.0969,1.0279,0.3519,91.94,0.68,0.1315,-0.0513,1.066,37.14,2811,5,553,6,137.5,5,8,2,0,1,0,1,0,0,False,,,0,0,0,0,0,navegando para fronteira
116.102,33.5,navigating,-0.1059,1.0911,0.3513,90.75,0.25,0.1347,-0.0522,1.135,37.14,2811,5,553,6,137.5,5,8,2,0,1,0,1,0,0,False,,,0,0,0,0,0,navegando para fronteira
116.56,34.001,navigating,-0.0902,1.1573,0.3544,89.37,0.36,0.1251,-0.0293,1.205,37.22,2817,5,553,6,137.5,5,8,2,0,1,0,1,0,0,False,,,0,0,0,0,0,navegando para fronteira
117.046,34.501,navigating,-0.11,1.2257,0.3556,88.44,0.48,0.1211,-0.0227,1.277,37.22,2817,5,553,6,137.5,5,8,2,0,1,0,1,0,0,False,,,0,0,0,0,0,navegando para fronteira
117.529,35.0,navigating,-0.0959,1.3022,0.3567,87.08,0.41,0.1401,-0.0342,1.355,37.29,2822,5,553,6,137.5,5,8,2,0,1,0,1,0,0,False,,,0,0,0,0,0,navegando para fronteira
118.026,35.5,navigating,-0.095,1.3787,0.356,85.93,0.42,0.1409,-0.0343,1.432,37.29,2822,5,553,6,137.5,5,8,2,0,1,0,1,0,0,False,,,0,0,0,0,0,navegando para fronteira
118.521,36.0,navigating,-0.0912,1.4545,0.3536,85.26,0.13,0.1316,-0.0137,1.509,37.29,2822,5,553,6,137.5,5,8,2,0,1,0,1,0,0,False,,,0,0,0,0,0,navegando para fronteira
118.998,36.5,navigating,-0.0856,1.534,0.3473,84.68,0.41,0.1454,-0.061,1.59,37.29,2822,5,553,6,137.5,5,8,2,0,1,0,1,0,0,False,,,0,0,0,0,0,navegando para fronteira
119.487,37.0,navigating,-0.0884,1.5915,0.3497,83.54,0.17,0.1089,-0.0466,1.653,37.3,2823,5,553,6,137.5,5,8,2,0,1,0,1,0,0,False,,,0,0,0,0,0,navegando para fronteira
119.965,37.501,navigating,-0.0715,1.6527,0.3559,82.7,0.09,0.1172,-0.0452,1.717,37.3,2823,5,553,6,137.5,5,8,2,0,1,0,1,0,0,False,,,0,0,0,0,0,navegando para fronteira
120.455,38.002,navigating,-0.077,1.7185,0.3562,81.76,0.59,0.1313,-0.0163,1.784,37.3,2823,5,553,6,137.5,5,8,2,0,1,0,1,0,0,False,,,0,0,0,0,0,navegando para fronteira
120.944,38.5,navigating,-0.053,1.7902,0.3546,81.26,0.47,0.1297,-0.0034,1.86,37.3,2823,5,553,6,137.5,5,8,2,0,1,0,1,0,0,False,,,0,0,0,0,0,navegando para fronteira
121.415,39.0,navigating,-0.0575,1.8564,0.3522,81.11,0.46,0.1178,0.0178,1.927,37.3,2823,5,553,6,137.5,5,8,2,0,1,0,1,0,0,False,,,0,0,0,0,0,navegando para fronteira
121.909,39.5,navigating,-0.04,1.9277,0.3532,81.27,0.28,0.1184,0.0279,2.001,37.3,2823,5,553,6,137.5,5,8,2,0,1,0,1,0,0,False,,,0,0,0,0,0,navegando para fronteira
122.402,40.0,navigating,-0.0342,1.9867,0.3555,81.84,0.3,0.1053,0.0331,2.061,37.3,2823,5,553,6,137.5,5,8,2,0,1,0,1,0,0,False,,,0,0,0,0,0,navegando para fronteira
122.892,40.5,navigating,-0.0241,2.0428,0.3539,82.68,0.23,0.1041,0.0206,2.118,37.3,2823,5,553,6,137.5,5,8,2,0,1,0,1,0,0,False,,,0,0,0,0,0,navegando para fronteira
123.375,41.0,selecting,-0.0205,2.0699,0.3507,83.09,0.07,0.0011,-0.0151,2.15,37.3,2823,2,362,2,70.8,1,9,3,0,0,0,0,0,0,False,,,0,0,0,0,0,fronteira alcancada; atualizando mapa
123.809,41.5,selecting,-0.0201,2.0665,0.3503,83.15,0.07,0.0,-0.0332,2.156,37.3,2823,2,362,2,70.8,1,9,3,0,0,0,0,0,0,False,,,0,0,0,0,0,fronteira alcancada; atualizando mapa
124.293,42.0,navigating,-0.0191,2.0736,0.3515,83.17,0.23,0.0011,-0.0274,2.163,37.3,2823,2,362,2,70.8,2,10,3,0,0,0,0,0,0,False,,,0,0,0,0,0,navegando para fronteira
124.788,42.5,navigating,-0.0186,2.0792,0.352,83.05,0.22,0.0015,-0.0422,2.169,37.3,2823,2,362,2,70.8,2,10,3,0,0,0,0,0,0,False,,,0,0,0,0,0,navegando para fronteira
125.281,43.0,navigating,-0.0193,2.0754,0.3522,81.48,0.09,0.0,-0.0606,2.177,37.3,2823,2,362,2,70.8,2,10,3,0,0,0,0,0,0,False,,,0,0,0,0,0,navegando para fronteira
125.764,43.5,navigating,-0.0218,2.0753,0.3512,78.93,0.09,0.0,-0.0971,2.183,37.3,2823,2,362,2,70.8,2,10,3,0,0,0,0,0,0,False,,,0,0,0,0,0,navegando para fronteira
126.25,44.0,navigating,-0.0219,2.0725,0.3529,76.09,0.09,0.0001,-0.0875,2.188,37.3,2823,2,362,2,70.8,2,10,3,0,0,0,0,0,0,False,,,0,0,0,0,0,navegando para fronteira
126.718,44.5,navigating,-0.0187,2.0739,0.3535,73.25,0.22,0.0001,-0.1324,2.199,37.3,2823,2,362,2,70.8,2,10,3,0,0,0,0,0,0,False,,,0,0,0,0,0,navegando para fronteira
127.212,45.001,navigating,-0.0236,2.0664,0.3527,69.41,0.34,0.0,-0.1483,2.214,37.3,2823,2,362,2,70.8,2,10,3,0,0,0,0,0,0,False,,,0,0,0,0,0,navegando para fronteira
127.684,45.5,navigating,-0.0204,2.0748,0.3516,65.77,0.1,0.0038,-0.1737,2.231,37.3,2823,2,362,2,70.8,2,10,3,0,0,0,0,0,0,False,,,0,0,0,0,0,navegando para fronteira
128.177,46.0,navigating,-0.0267,2.0671,0.3519,61.71,0.16,0.0,-0.1797,2.252,37.3,2823,2,362,2,70.8,2,10,3,0,0,0,0,0,0,False,,,0,0,0,0,0,navegando para fronteira
128.66,46.5,navigating,-0.0272,2.0694,0.3515,57.69,0.08,0.0,-0.1806,2.267,37.3,2823,2,362,2,70.8,2,10,3,0,0,0,0,0,0,False,,,0,0,0,0,0,navegando para fronteira
129.116,47.001,navigating,-0.03,2.0629,0.3538,53.51,0.16,0.0,-0.1724,2.28,37.3,2823,2,362,2,70.8,2,10,3,0,0,0,0,0,0,False,,,0,0,0,0,0,navegando para fronteira
129.604,47.5,navigating,-0.0392,2.066,0.3507,49.51,0.3,0.0,-0.1801,2.297,37.3,2823,2,362,2,70.8,2,10,3,0,0,0,0,0,0,False,,,0,0,0,0,0,navegando para fronteira
130.093,48.0,navigating,-0.0264,2.0609,0.3518,44.69,0.36,0.0067,-0.1569,2.316,37.3,2823,2,362,2,70.8,2,10,3,0,0,0,0,0,0,False,,,0,0,0,0,0,navegando para fronteira
130.587,48.501,navigating,-0.0418,2.0634,0.3515,40.25,0.13,0.0,-0.178,2.334,37.3,2823,2,362,2,70.8,2,10,3,0,0,0,0,0,0,False,,,0,0,0,0,0,navegando para fronteira
131.07,49.0,navigating,-0.0345,2.0589,0.3522,35.83,0.19,0.0005,-0.1515,2.345,37.3,2823,2,362,2,70.8,2,10,3,0,0,0,0,0,0,False,,,0,0,0,0,0,navegando para fronteira
131.564,49.5,navigating,-0.042,2.0598,0.352,32.3,0.11,0.0,-0.1258,2.355,37.3,2823,2,362,2,70.8,2,10,3,0,0,0,0,0,0,False,,,0,0,0,0,0,navegando para fronteira
132.052,50.0,navigating,-0.0423,2.0576,0.3498,29.22,0.02,0.0,-0.0963,2.36,37.3,2823,2,362,2,70.8,2,10,3,0,0,0,0,0,0,False,,,0,0,0,0,0,navegando para fronteira
132.542,50.5,navigating,-0.0443,2.0551,0.3517,27.13,0.05,0.0,-0.0681,2.365,37.3,2823,2,362,2,70.8,2,10,3,0,0,0,0,0,0,False,,,0,0,0,0,0,navegando para fronteira
133.008,51.0,navigating,-0.0471,2.0515,0.3554,24.92,0.08,0.0,-0.2,2.372,37.3,2823,2,362,2,70.8,2,10,3,0,0,0,0,0,0,False,,,0,0,0,0,0,navegando para fronteira
133.471,51.5,navigating,-0.0494,2.0519,0.3529,21.11,0.2,0.0,-0.1419,2.378,37.3,2823,2,362,2,70.8,2,10,3,0,0,0,0,0,0,False,,,0,0,0,0,0,navegando para fronteira
133.965,52.0,navigating,-0.0496,2.0433,0.3507,17.66,0.11,0.0,-0.1108,2.39,37.3,2823,2,362,2,70.8,2,10,3,0,0,0,0,0,0,False,,,0,0,0,0,0,navegando para fronteira
134.425,52.5,navigating,-0.0517,2.0456,0.3557,14.14,0.03,0.0,-0.1162,2.398,37.3,2823,2,362,2,70.8,2,10,3,0,0,0,0,0,0,False,,,0,0,0,0,0,navegando para fronteira
134.907,53.0,navigating,-0.0536,2.0403,0.3526,10.38,0.17,0.0001,-0.1234,2.408,37.3,2823,2,362,2,70.8,2,10,3,0,0,0,0,0,0,False,,,0,0,0,0,0,navegando para fronteira
135.397,53.5,navigating,-0.0553,2.0472,0.3524,7.21,0.26,0.0001,-0.1115,2.417,37.3,2823,2,362,2,70.8,2,10,3,0,0,0,0,0,0,False,,,0,0,0,0,0,navegando para fronteira
135.889,54.0,navigating,-0.0573,2.0395,0.3527,4.35,0.24,0.0001,-0.1474,2.426,37.3,2823,2,362,2,70.8,2,10,3,0,0,0,0,0,0,False,,,0,0,0,0,0,navegando para fronteira
136.372,54.501,navigating,-0.0557,2.0383,0.3509,1.36,0.01,0.0,-0.129,2.432,37.3,2823,2,362,2,70.8,2,10,3,0,0,0,0,0,0,False,,,0,0,0,0,0,navegando para fronteira
136.867,55.0,navigating,-0.0576,2.0397,0.3489,-1.72,0.03,0.0,-0.1294,2.439,37.3,2823,2,362,2,70.8,2,10,3,0,0,0,0,0,0,False,,,0,0,0,0,0,navegando para fronteira
137.354,55.5,navigating,-0.0582,2.0363,0.3479,-4.68,0.08,0.0,-0.1288,2.444,37.3,2823,2,362,2,70.8,2,10,3,0,0,0,0,0,0,False,,,0,0,0,0,0,navegando para fronteira
137.845,56.0,navigating,-0.059,2.0343,0.3495,-7.62,0.11,0.0,-0.0971,2.448,37.3,2823,2,362,2,70.8,2,10,3,0,0,0,0,0,0,False,,,0,0,0,0,0,navegando para fronteira
138.332,56.5,navigating,-0.0596,2.033,0.3501,-10.69,0.09,0.0,-0.1175,2.453,37.3,2823,2,362,2,70.8,2,10,3,0,0,0,0,0,0,False,,,0,0,0,0,0,navegando para fronteira
138.794,57.0,navigating,-0.0599,2.0329,0.3492,-13.85,0.08,0.0,-0.1086,2.457,37.3,2823,2,362,2,70.8,2,10,3,0,0,0,0,0,0,False,,,0,0,0,0,0,navegando para fronteira
139.272,57.501,navigating,-0.0611,2.027,0.3509,-17.0,0.16,0.0,-0.1286,2.464,37.3,2823,2,362,2,70.8,2,10,3,0,0,0,0,0,0,False,,,0,0,0,0,0,navegando para fronteira
139.759,58.0,navigating,-0.0612,2.0289,0.351,-20.11,0.2,0.0,-0.1236,2.47,37.3,2823,2,362,2,70.8,2,10,3,0,0,0,0,0,0,False,,,0,0,0,0,0,navegando para fronteira
140.255,58.501,navigating,-0.0638,2.0241,0.3523,-23.27,0.15,0.0005,-0.1336,2.477,37.3,2823,2,362,2,70.8,2,10,3,0,0,0,0,0,0,False,,,0,0,0,0,0,navegando para fronteira
140.74,59.0,navigating,-0.062,2.0214,0.3484,-26.14,0.02,0.0012,-0.1242,2.483,37.3,2823,2,362,2,70.8,2,10,3,0,0,0,0,0,0,False,,,0,0,0,0,0,navegando para fronteira
141.238,59.5,navigating,-0.0613,2.0185,0.3491,-28.67,0.08,0.0,-0.127,2.489,37.3,2823,2,362,2,70.8,2,10,3,0,0,0,0,0,0,False,,,0,0,0,0,0,navegando para fronteira
141.706,60.0,navigating,-0.0639,2.0142,0.3491,-31.14,0.11,0.0008,-0.1135,2.495,37.3,2823,2,362,2,70.8,2,10,3,0,0,0,0,0,0,False,,,0,0,0,0,0,navegando para fronteira
142.166,60.5,navigating,-0.0634,2.0144,0.3508,-33.76,0.05,0.0005,-0.1089,2.5,37.3,2823,2,362,2,70.8,2,10,3,0,0,0,0,0,0,False,,,0,0,0,0,0,navegando para fronteira
142.651,61.001,navigating,-0.0581,2.0146,0.3471,-36.65,0.21,0.0077,-0.0992,2.508,37.3,2823,2,362,2,70.8,2,10,3,0,0,0,0,0,0,False,,,0,0,0,0,0,navegando para fronteira
143.147,61.5,navigating,-0.0615,2.0028,0.3492,-39.7,0.22,0.0126,-0.1071,2.522,37.3,2823,2,362,2,70.8,2,10,3,0,0,0,0,0,0,False,,,0,0,0,0,0,navegando para fronteira
143.631,62.0,navigating,-0.0562,2.0004,0.3508,-42.58,0.11,0.0155,-0.0966,2.53,37.3,2823,2,362,2,70.8,2,10,3,0,0,0,0,0,0,False,,,0,0,0,0,0,navegando para fronteira
144.119,62.5,navigating,-0.0473,1.9928,0.3507,-45.5,0.18,0.0258,-0.1159,2.542,37.3,2823,2,362,2,70.8,2,10,3,0,0,0,0,0,0,False,,,0,0,0,0,0,navegando para fronteira
144.615,63.001,navigating,-0.0381,1.9707,0.3541,-48.5,0.2,0.0478,-0.1242,2.566,37.3,2823,2,362,2,70.8,2,10,3,0,0,0,0,0,0,False,,,0,0,0,0,0,navegando para fronteira
145.108,63.501,navigating,-0.0185,1.951,0.3516,-51.57,0.14,0.0484,-0.1461,2.595,37.3,2823,2,362,2,70.8,2,10,3,0,0,0,0,0,0,False,,,0,0,0,0,0,navegando para fronteira
145.584,64.0,navigating,-0.0036,1.9257,0.3487,-54.85,0.14,0.0521,-0.1421,2.625,37.3,2823,2,362,2,70.8,2,10,3,0,0,0,0,0,0,False,,,0,0,0,0,0,navegando para fronteira
146.054,64.5,navigating,0.0113,1.8944,0.3491,-57.72,0.19,0.0619,-0.1314,2.659,37.3,2823,2,362,2,70.8,2,10,3,0,0,0,0,0,0,False,,,0,0,0,0,0,navegando para fronteira
146.544,65.0,navigating,0.035,1.8611,0.3544,-61.23,0.27,0.0763,-0.1593,2.701,37.3,2823,2,362,2,70.8,2,10,3,0,0,0,0,0,0,False,,,0,0,0,0,0,navegando para fronteira
147.023,65.5,navigating,0.0515,1.8194,0.356,-64.75,0.21,0.0851,-0.1359,2.746,37.3,2823,2,362,2,70.8,2,10,3,0,0,0,0,0,0,False,,,0,0,0,0,0,navegando para fronteira
147.499,66.0,navigating,0.0663,1.7798,0.3569,-68.16,0.16,0.0804,-0.1362,2.789,39.48,2988,2,362,2,70.8,2,10,3,0,0,0,0,0,0,False,,,0,0,0,0,0,navegando para fronteira
147.984,66.501,navigating,0.083,1.7349,0.3555,-72.54,0.2,0.0843,-0.1443,2.837,39.48,2988,2,362,2,70.8,2,10,3,0,0,0,0,0,0,False,,,0,0,0,0,0,navegando para fronteira
148.48,67.0,navigating,0.0929,1.6849,0.3558,-76.91,0.25,0.099,-0.1674,2.888,39.48,2988,2,362,2,70.8,2,10,3,0,0,0,0,0,0,False,,,0,0,0,0,0,navegando para fronteira
148.969,67.5,navigating,0.1069,1.6308,0.3569,-81.09,0.14,0.1076,-0.1478,2.945,39.48,2988,2,362,2,70.8,2,10,3,0,0,0,0,0,0,False,,,0,0,0,0,0,navegando para fronteira
149.447,68.0,navigating,0.1121,1.5667,0.3519,-84.66,0.07,0.1198,-0.1462,3.01,39.48,2988,2,362,2,70.8,2,10,3,0,0,0,0,0,0,False,,,0,0,0,0,0,navegando para fronteira
149.94,68.5,navigating,0.1178,1.4937,0.3521,-87.96,0.15,0.1325,-0.1335,3.083,39.48,2988,2,362,2,70.8,2,10,3,0,0,0,0,0,0,False,,,0,0,0,0,0,navegando para fronteira
150.424,69.0,navigating,0.1186,1.4165,0.3521,-90.55,0.29,0.1346,-0.0807,3.161,42.05,3182,2,362,2,70.8,2,10,3,0,0,0,0,0,0,False,,,0,0,0,0,0,navegando para fronteira
150.875,69.5,navigating,0.112,1.3464,0.3485,-92.26,0.24,0.1427,-0.0559,3.232,42.05,3182,2,362,2,70.8,2,10,3,0,0,0,0,0,0,False,,,0,0,0,0,0,navegando para fronteira
151.336,70.0,navigating,0.1209,1.2667,0.3441,-93.86,0.64,0.1456,-0.0493,3.312,42.05,3182,2,362,2,70.8,2,10,3,0,0,0,0,0,0,False,,,0,0,0,0,0,navegando para fronteira
151.824,70.5,navigating,0.1008,1.176,0.3497,-95.98,0.41,0.1463,-0.0611,3.405,42.05,3182,2,362,2,70.8,2,10,3,0,0,0,0,0,0,False,,,0,0,0,0,0,navegando para fronteira
152.31,71.0,navigating,0.0901,1.0979,0.3528,-97.96,0.27,0.1367,-0.0642,3.485,42.47,3214,2,362,2,70.8,2,10,3,0,0,0,0,0,0,False,,,0,0,0,0,0,navegando para fronteira
152.772,71.5,navigating,0.0896,1.0255,0.3447,-99.92,0.54,0.1283,-0.0675,3.557,42.47,3214,2,362,2,70.8,2,10,3,0,0,0,0,0,0,False,,,0,0,0,0,0,navegando para fronteira
153.246,72.0,navigating,0.0685,0.9493,0.3512,-101.84,0.31,0.1339,-0.0761,3.638,42.47,3214,2,362,2,70.8,2,10,3,0,0,0,0,0,0,False,,,0,0,0,0,0,navegando para fronteira
153.722,72.5,navigating,0.0424,0.8671,0.3538,-102.83,0.17,0.142,-0.0564,3.724,42.47,3214,2,362,2,70.8,2,10,3,0,0,0,0,0,0,False,,,0,0,0,0,0,navegando para fronteira
154.213,73.0,navigating,0.0383,0.8026,0.3539,-103.66,0.23,0.1089,-0.0393,3.79,44.79,3390,2,362,2,70.8,2,10,3,0,0,0,0,0,0,False,,,0,0,0,0,0,navegando para fronteira
154.712,73.5,navigating,0.0176,0.7439,0.3518,-104.25,0.35,0.0522,0.0,3.853,44.79,3390,2,362,2,70.8,2,10,3,0,0,0,0,0,0,False,,,0,0,0,0,0,navegando para fronteira
155.207,74.0,selecting,0.0154,0.7253,0.3462,-104.56,0.05,0.0,0.0,3.881,44.79,3390,2,293,2,96.0,1,11,4,0,0,0,0,0,0,False,,,0,0,0,0,0,fronteira alcancada; atualizando mapa
155.663,74.5,selecting,0.0152,0.713,0.3458,-104.76,0.27,0.0449,-0.0347,3.895,44.79,3390,2,293,2,96.0,1,11,4,0,0,0,0,0,0,False,,,0,0,0,0,0,fronteira alcancada; atualizando mapa
156.158,75.0,navigating,0.0007,0.6823,0.3468,-106.01,0.22,0.075,-0.0601,3.93,44.79,3390,2,293,2,96.0,2,12,4,0,0,0,0,0,0,False,,,0,0,0,0,0,navegando para fronteira
156.643,75.5,navigating,-0.0067,0.6342,0.352,-107.77,0.39,0.09,-0.0644,3.979,44.79,3390,2,293,2,96.0,2,12,4,0,0,0,0,0,0,False,,,0,0,0,0,0,navegando para fronteira
157.128,76.0,navigating,-0.0286,0.5765,0.3542,-109.99,0.22,0.111,-0.0817,4.041,44.79,3390,2,293,2,96.0,2,12,4,0,0,0,0,0,0,False,,,0,0,0,0,0,navegando para fronteira
157.625,76.5,navigating,-0.0577,0.5082,0.3549,-112.61,0.24,0.1313,-0.0823,4.116,44.79,3390,2,293,2,96.0,2,12,4,0,0,0,0,0,0,False,,,0,0,0,0,0,navegando para fronteira
158.114,77.0,navigating,-0.0796,0.4454,0.3552,-115.19,0.16,0.1163,-0.1236,4.183,48.2,3648,2,293,2,96.0,2,12,4,0,0,0,0,0,0,False,,,0,0,0,0,0,navegando para fronteira
158.608,77.5,navigating,-0.1176,0.385,0.3542,-117.98,0.27,0.1178,-0.1228,4.255,48.2,3648,2,293,2,96.0,2,12,4,0,0,0,0,0,0,False,,,0,0,0,0,0,navegando para fronteira
159.104,78.0,navigating,-0.143,0.317,0.3515,-120.74,0.41,0.1247,-0.0937,4.328,48.2,3648,2,293,2,96.0,2,12,4,0,0,0,0,0,0,False,,,0,0,0,0,0,navegando para fronteira
159.598,78.5,navigating,-0.1834,0.2662,0.3521,-123.34,0.39,0.1083,-0.114,4.394,48.2,3648,2,293,2,96.0,2,12,4,0,0,0,0,0,0,False,,,0,0,0,0,0,navegando para fronteira
160.076,79.0,navigating,-0.2111,0.2155,0.3508,-126.24,0.24,0.0972,-0.1004,4.452,48.2,3648,2,293,2,96.0,2,12,4,0,0,0,0,0,0,False,,,0,0,0,0,0,navegando para fronteira
160.552,79.5,navigating,-0.2389,0.1677,0.348,-128.79,0.09,0.0829,-0.0715,4.508,48.2,3648,2,293,2,96.0,2,12,4,0,0,0,0,0,0,False,,,0,0,0,0,0,navegando para fronteira
161.034,80.0,navigating,-0.2746,0.1353,0.3517,-131.59,0.2,0.0732,-0.1089,4.557,49.11,3717,2,293,2,96.0,2,12,4,0,0,0,0,0,0,False,,,0,0,0,0,0,navegando para fronteira
161.51,80.5,navigating,-0.291,0.1095,0.3536,-135.87,0.12,0.0465,-0.1517,4.588,49.11,3717,2,293,2,96.0,2,12,4,0,0,0,0,0,0,False,,,0,0,0,0,0,navegando para fronteira
161.983,81.0,navigating,-0.3136,0.0937,0.35,-140.21,0.35,0.067,-0.1657,4.617,49.11,3717,2,293,2,96.0,2,12,4,0,0,0,0,0,0,False,,,0,0,0,0,0,navegando para fronteira
162.454,81.5,navigating,-0.3441,0.062,0.351,-143.95,0.09,0.0886,-0.1639,4.661,49.11,3717,2,293,2,96.0,2,12,4,0,0,0,0,0,0,False,,,0,0,0,0,0,navegando para fronteira
162.927,82.0,navigating,-0.3859,0.037,0.3524,-147.71,0.26,0.0935,-0.1372,4.711,49.11,3717,2,293,2,96.0,2,12,4,0,0,0,0,0,0,False,,,0,0,0,0,0,navegando para fronteira
163.413,82.5,navigating,-0.4373,0.0032,0.3531,-150.96,0.18,0.1141,-0.1183,4.773,49.11,3717,2,293,2,96.0,2,12,4,0,0,0,0,0,0,False,,,0,0,0,0,0,navegando para fronteira
163.897,83.0,navigating,-0.4928,-0.0369,0.3553,-153.64,0.26,0.1211,-0.1598,4.842,48.88,3699,2,293,2,96.0,2,12,4,0,0,0,0,0,0,False,,,0,0,0,0,0,navegando para fronteira
164.368,83.5,navigating,-0.5566,-0.0611,0.349,-156.43,0.21,0.1243,-0.1245,4.911,48.88,3699,2,293,2,96.0,2,12,4,0,0,0,0,0,0,False,,,0,0,0,0,0,navegando para fronteira
164.853,84.0,navigating,-0.6127,-0.1058,0.3492,-159.42,0.47,0.1332,-0.145,4.983,48.88,3699,2,293,2,96.0,2,12,4,0,0,0,0,0,0,False,,,0,0,0,0,0,navegando para fronteira
165.34,84.5,navigating,-0.6878,-0.1152,0.3494,-163.03,0.63,0.1249,-0.1111,5.06,48.88,3699,2,293,2,96.0,2,12,4,0,0,0,0,0,0,False,,,0,0,0,0,0,navegando para fronteira
165.821,85.0,navigating,-0.7441,-0.1328,0.3528,-167.41,0.32,0.1162,-0.0965,5.122,48.88,3699,2,293,2,96.0,2,12,4,0,0,0,0,0,0,False,,,0,0,0,0,0,navegando para fronteira
166.31,85.5,navigating,-0.7992,-0.1492,0.3534,-170.87,0.28,0.1105,-0.0929,5.181,48.88,3699,2,293,2,96.0,2,12,4,0,0,0,0,0,0,False,,,0,0,0,0,0,navegando para fronteira
166.804,86.0,navigating,-0.863,-0.147,0.3516,-173.71,0.36,0.1173,-0.119,5.245,36.55,3803,2,293,2,96.0,2,12,4,0,0,0,0,0,0,False,,,0,0,0,0,0,navegando para fronteira
167.286,86.5,navigating,-0.8997,-0.1567,0.3502,-175.42,0.14,0.0657,-0.0254,5.283,36.55,3803,2,293,2,96.0,2,12,4,0,0,0,0,0,0,False,,,0,0,0,0,0,navegando para fronteira
167.771,87.0,navigating,-0.9338,-0.1659,0.3532,-175.99,0.24,0.0651,-0.0091,5.319,36.55,3803,2,293,2,96.0,2,12,4,0,0,0,0,0,0,False,,,0,0,0,0,0,navegando para fronteira
168.259,87.5,navigating,-0.9654,-0.1668,0.3491,-175.84,0.12,0.0622,0.0456,5.351,36.55,3803,2,293,2,96.0,2,12,4,0,0,0,0,0,0,False,,,0,0,0,0,0,navegando para fronteira
168.757,88.0,navigating,-1.0047,-0.1758,0.3515,-174.99,0.33,0.0763,0.0563,5.392,36.55,3803,2,293,2,96.0,2,12,4,0,0,0,0,0,0,False,,,0,0,0,0,0,navegando para fronteira
169.24,88.5,navigating,-1.0489,-0.1798,0.3505,-173.86,0.06,0.0747,0.0524,5.437,36.55,3803,2,293,2,96.0,2,12,4,0,0,0,0,0,0,False,,,0,0,0,0,0,navegando para fronteira
169.709,89.0,navigating,-1.0897,-0.1863,0.3515,-172.65,0.24,0.0754,0.0386,5.479,36.55,3803,2,293,2,96.0,2,12,4,0,0,0,0,0,0,False,,,0,0,0,0,0,navegando para fronteira
170.192,89.5,navigating,-1.1264,-0.1921,0.3535,-171.86,0.17,0.0641,0.0353,5.517,36.55,3803,2,293,2,96.0,2,12,4,0,0,0,0,0,0,False,,,0,0,0,0,0,navegando para fronteira
170.685,90.0,navigating,-1.1595,-0.1954,0.3529,-170.8,0.12,0.0591,0.0434,5.551,36.25,3816,2,293,2,96.0,2,12,4,0,0,0,0,0,0,False,,,0,0,0,0,0,navegando para fronteira
171.171,90.5,navigating,-1.1847,-0.2108,0.3498,-169.49,0.4,0.0413,0.042,5.582,36.25,3816,2,293,2,96.0,2,12,4,0,0,0,0,0,0,False,,,0,0,0,0,0,navegando para fronteira
171.667,91.0,navigating,-1.207,-0.2051,0.3496,-168.08,0.31,0.0336,0.0357,5.606,36.25,3816,2,293,2,96.0,2,12,4,0,0,0,0,0,0,False,,,0,0,0,0,0,navegando para fronteira
172.155,91.501,navigating,-1.2273,-0.2174,0.3522,-166.97,0.36,0.0395,0.0306,5.63,36.25,3816,2,293,2,96.0,2,12,4,0,0,0,0,0,0,False,,,0,0,0,0,0,navegando para fronteira
172.614,92.0,navigating,-1.2411,-0.2245,0.3537,-165.89,0.26,0.0314,0.0711,5.648,36.25,3816,2,293,2,96.0,2,12,4,0,0,0,0,0,0,False,,,0,0,0,0,0,navegando para fronteira
173.091,92.5,navigating,-1.2488,-0.23,0.3525,-164.62,0.49,0.0196,0.0811,5.664,36.25,3816,2,293,2,96.0,2,12,4,0,0,0,0,0,0,False,,,0,0,0,0,0,navegando para fronteira
173.582,93.0,navigating,-1.2596,-0.2375,0.3481,-163.54,0.1,0.0121,0.0287,5.68,36.25,3816,2,293,2,96.0,2,12,4,0,0,0,0,0,0,False,,,0,0,0,0,0,navegando para fronteira
174.079,93.5,navigating,-1.2748,-0.2359,0.351,-162.97,0.16,0.0206,0.0527,5.699,36.25,3816,2,293,2,96.0,2,12,4,0,0,0,0,0,0,False,,,0,0,0,0,0,navegando para fronteira
174.567,94.0,navigating,-1.2817,-0.2455,0.354,-162.31,0.26,0.0093,0.0626,5.712,36.25,3816,2,293,2,96.0,2,12,4,0,0,0,0,0,0,False,,,0,0,0,0,0,navegando para fronteira
175.058,94.5,navigating,-1.292,-0.2457,0.3512,-161.1,0.08,0.0156,0.0052,5.723,36.25,3816,2,293,2,96.0,2,12,4,0,0,0,0,0,0,False,,,0,0,0,0,0,navegando para fronteira
175.529,95.0,navigating,-1.2958,-0.2532,0.3497,-159.85,0.3,0.0079,0.0529,5.733,36.25,3816,2,293,2,96.0,2,12,4,0,0,0,0,0,0,False,,,0,0,0,0,0,navegando para fronteira
176.02,95.5,navigating,-1.298,-0.2489,0.348,-158.04,0.13,0.0007,0.0664,5.743,36.25,3816,2,293,2,96.0,2,12,4,0,0,0,0,0,0,False,,,0,0,0,0,0,navegando para fronteira
176.504,96.0,navigating,-1.3014,-0.2537,0.3515,-156.24,0.28,0.0046,0.0422,5.752,36.25,3816,2,293,2,96.0,2,12,4,0,0,0,0,0,0,False,,,0,0,0,0,0,navegando para fronteira
176.985,96.5,navigating,-1.3035,-0.2605,0.35,-155.03,0.25,0.013,0.0425,5.765,36.25,3816,2,293,2,96.0,2,12,4,0,0,0,0,0,0,False,,,0,0,0,0,0,navegando para fronteira
177.439,97.0,navigating,-1.3112,-0.2513,0.3474,-154.03,0.35,0.0017,-0.0009,5.779,36.25,3816,2,293,2,96.0,2,12,4,0,0,0,0,0,0,False,,,0,0,0,0,0,navegando para fronteira
177.921,97.5,navigating,-1.3074,-0.2595,0.3474,-154.01,0.35,0.0,0.0354,5.792,36.25,3816,2,293,2,96.0,2,12,4,0,0,0,0,0,0,False,,,0,0,0,0,0,navegando para fronteira
178.409,98.0,navigating,-1.3112,-0.2612,0.347,-153.35,0.13,0.0037,0.0304,5.804,36.25,3816,2,293,2,96.0,2,12,4,0,0,0,0,0,0,False,,,0,0,0,0,0,navegando para fronteira
178.898,98.5,navigating,-1.3179,-0.2586,0.3509,-152.8,0.2,0.0098,0.0112,5.82,36.25,3816,2,293,2,96.0,2,12,4,0,0,0,0,0,0,False,,,0,0,0,0,0,navegando para fronteira
179.38,99.0,navigating,-1.3123,-0.2657,0.3521,-151.68,0.16,0.0,0.0202,5.831,36.25,3816,2,293,2,96.0,2,12,4,0,0,0,0,0,0,False,,,0,0,0,0,0,navegando para fronteira
179.867,99.5,navigating,-1.3145,-0.2613,0.3494,-152.0,0.17,0.0,-0.0418,5.838,36.25,3816,2,293,2,96.0,2,12,4,0,0,0,0,0,0,False,,,0,0,0,0,0,navegando para fronteira
180.344,100.0,navigating,-1.3174,-0.2646,0.3497,-152.77,0.11,0.0007,-0.0345,5.844,36.25,3816,2,293,2,96.0,2,12,4,0,0,0,0,0,0,False,,,0,0,0,0,0,navegando para fronteira
180.811,100.501,navigating,-1.3161,-0.2696,0.3479,-153.33,0.21,0.0011,-0.0221,5.852,36.25,3816,2,293,2,96.0,2,12,4,0,0,0,0,0,0,False,,,0,0,0,0,0,navegando para fronteira
181.307,101.0,navigating,-1.321,-0.2673,0.3496,-154.04,0.14,0.0013,-0.0198,5.86,36.25,3816,2,293,2,96.0,2,12,4,0,0,0,0,0,0,False,,,0,0,0,0,0,navegando para fronteira
181.802,101.5,navigating,-1.3172,-0.2706,0.3505,-154.81,0.36,0.0,-0.0071,5.869,36.25,3816,2,293,2,96.0,2,12,4,0,0,0,0,0,0,False,,,0,0,0,0,0,navegando para fronteira
182.263,102.0,navigating,-1.3205,-0.2725,0.3454,-155.5,0.1,0.006,-0.0058,5.874,36.25,3816,2,293,2,96.0,2,12,4,0,0,0,0,0,0,False,,,0,0,0,0,0,navegando para fronteira
182.757,102.5,navigating,-1.3192,-0.2792,0.3491,-155.92,0.37,0.0012,0.0122,5.883,36.25,3816,2,293,2,96.0,2,12,4,0,0,0,0,0,0,False,,,0,0,0,0,0,navegando para fronteira
183.246,103.001,navigating,-1.3199,-0.2751,0.3467,-155.94,0.25,0.0018,0.0135,5.892,36.25,3816,2,293,2,96.0,2,12,4,0,0,0,0,0,0,False,,,0,0,0,0,0,navegando para fronteira
183.727,103.5,navigating,-1.3161,-0.2802,0.3489,-155.5,0.11,0.0013,0.0052,5.904,36.25,3816,2,293,2,96.0,2,12,4,0,0,0,0,0,0,False,,,0,0,0,0,0,navegando para fronteira
184.191,104.0,navigating,-1.324,-0.2779,0.3499,-155.64,0.25,0.0079,-0.0182,5.913,36.25,3816,2,293,2,96.0,2,12,4,0,0,0,0,0,0,False,,,0,0,0,0,0,navegando para fronteira
184.662,104.5,navigating,-1.3277,-0.2826,0.3519,-155.49,0.14,0.0045,-0.0187,5.92,36.25,3816,2,293,2,96.0,2,12,4,0,0,0,0,0,0,False,,,0,0,0,0,0,navegando para fronteira
185.15,105.0,navigating,-1.3277,-0.2844,0.353,-155.76,0.12,0.0008,-0.0307,5.925,36.25,3816,2,293,2,96.0,2,12,4,0,0,0,0,0,0,False,,,0,0,0,0,0,navegando para fronteira
185.64,105.5,navigating,-1.3286,-0.2843,0.3526,-156.24,0.06,0.0001,-0.0281,5.93,36.25,3816,2,293,2,96.0,2,12,4,0,0,0,0,0,0,False,,,0,0,0,0,0,navegando para fronteira
186.123,106.0,navigating,-1.3282,-0.286,0.3479,-156.82,0.18,0.0034,-0.0059,5.935,36.25,3816,2,293,2,96.0,2,12,4,0,0,0,0,0,0,False,,,0,0,0,0,0,navegando para fronteira
186.604,106.5,navigating,-1.3271,-0.2889,0.3464,-157.55,0.15,0.0003,-0.0196,5.942,36.25,3816,2,293,2,96.0,2,12,4,0,0,0,0,0,0,False,,,0,0,0,0,0,navegando para fronteira
187.072,107.001,navigating,-1.3233,-0.298,0.349,-158.04,0.38,0.0004,0.0119,5.953,36.25,3816,2,293,2,96.0,2,12,4,0,0,0,0,0,0,False,,,0,0,0,0,0,navegando para fronteira
187.566,107.5,navigating,-1.3135,-0.3016,0.3494,-158.46,0.22,0.0,-0.0095,5.965,36.25,3816,2,293,2,96.0,2,12,4,0,0,0,0,0,0,False,,,0,0,0,0,0,navegando para fronteira
188.026,108.0,navigating,-1.3175,-0.3026,0.3511,-158.3,0.27,0.0075,0.0136,5.973,36.25,3816,2,293,2,96.0,2,12,4,0,0,0,0,0,0,False,,,0,0,0,0,0,navegando para fronteira
188.527,108.5,navigating,-1.3186,-0.2999,0.3505,-158.1,0.3,0.0001,-0.0082,5.981,36.25,3816,2,293,2,96.0,2,12,4,0,0,0,0,0,0,False,,,0,0,0,0,0,navegando para fronteira
188.996,109.001,navigating,-1.3204,-0.3017,0.3518,-158.09,0.19,0.0062,-0.0026,5.988,36.25,3816,2,293,2,96.0,2,12,4,0,0,0,0,0,0,False,,,0,0,0,0,0,navegando para fronteira
189.484,109.5,navigating,-1.3254,-0.3031,0.354,-158.12,0.12,0.0046,-0.0004,5.994,36.25,3816,2,293,2,96.0,2,12,4,0,0,0,0,0,0,False,,,0,0,0,0,0,navegando para fronteira
189.98,110.0,navigating,-1.3277,-0.304,0.3524,-157.69,0.11,0.0054,0.0304,6.002,36.25,3816,2,293,2,96.0,2,12,4,0,0,0,0,0,0,False,,,0,0,0,0,0,navegando para fronteira
190.439,110.5,navigating,-1.3329,-0.3031,0.3479,-157.35,0.18,0.007,0.0257,6.009,36.25,3816,2,293,2,96.0,2,12,4,0,0,0,0,0,0,False,,,0,0,0,0,0,navegando para fronteira
190.912,111.0,navigating,-1.3356,-0.3016,0.3477,-156.83,0.26,0.0037,0.0406,6.017,36.25,3816,2,293,2,96.0,2,12,4,0,0,0,0,0,0,False,,,0,0,0,0,0,navegando para fronteira
191.389,111.5,navigating,-1.3404,-0.2997,0.3477,-156.46,0.46,0.0039,0.0292,6.025,36.25,3816,2,293,2,96.0,2,12,4,0,0,0,0,0,0,False,,,0,0,0,0,0,navegando para fronteira
191.878,112.0,navigating,-1.3424,-0.2989,0.3491,-156.15,0.36,0.0021,0.0064,6.032,36.25,3816,2,293,2,96.0,2,12,4,0,0,0,0,0,0,False,,,0,0,0,0,0,navegando para fronteira
192.366,112.5,navigating,-1.3411,-0.2969,0.3521,-155.96,0.46,0.0027,0.0031,6.039,36.25,3816,2,293,2,96.0,2,12,4,0,0,0,0,0,0,False,,,0,0,0,0,0,navegando para fronteira
192.846,113.0,navigating,-1.3411,-0.2982,0.3514,-155.55,0.02,0.0005,0.0166,6.043,36.25,3816,2,293,2,96.0,2,12,4,0,0,0,0,0,0,False,,,0,0,0,0,0,navegando para fronteira
193.317,113.5,navigating,-1.3379,-0.2948,0.3485,-155.09,0.12,0.0,0.0045,6.049,36.25,3816,2,293,2,96.0,2,12,4,0,0,0,0,0,0,False,,,0,0,0,0,0,navegando para fronteira
193.801,114.001,navigating,-1.3385,-0.2926,0.348,-154.84,0.19,0.0001,-0.0213,6.056,36.25,3816,2,293,2,96.0,2,12,4,0,0,0,0,0,0,False,,,0,0,0,0,0,navegando para fronteira
194.272,114.5,navigating,-1.3408,-0.2933,0.3502,-155.01,0.13,0.0056,0.005,6.061,36.25,3816,2,293,2,96.0,2,12,4,0,0,0,0,0,0,False,,,0,0,0,0,0,navegando para fronteira
194.746,115.0,navigating,-1.3406,-0.2936,0.3494,-155.03,0.15,0.0006,0.0416,6.066,36.25,3816,2,293,2,96.0,2,12,4,0,0,0,0,0,0,False,,,0,0,0,0,0,navegando para fronteira
195.208,115.5,navigating,-1.3404,-0.2878,0.3476,-154.96,0.2,0.0037,-0.0047,6.077,36.25,3816,2,293,2,96.0,2,12,4,0,0,0,0,0,0,False,,,0,0,0,0,0,navegando para fronteira
195.683,116.0,navigating,-1.3406,-0.2946,0.349,-154.98,0.25,0.0007,0.0104,6.085,36.25,3816,2,293,2,96.0,2,12,4,0,0,0,0,0,0,False,,,0,0,0,0,0,navegando para fronteira
196.174,116.5,navigating,-1.3444,-0.2931,0.3491,-154.9,0.15,0.0015,0.0072,6.091,36.25,3816,2,293,2,96.0,2,12,4,0,0,0,0,0,0,False,,,0,0,0,0,0,navegando para fronteira
196.661,117.0,navigating,-1.3452,-0.2932,0.3505,-154.72,0.15,0.0017,0.0006,6.098,36.25,3816,2,293,2,96.0,2,12,4,0,0,0,0,0,0,False,,,0,0,0,0,0,navegando para fronteira
197.155,117.5,navigating,-1.3489,-0.2926,0.3504,-155.0,0.11,0.0011,-0.0191,6.102,36.25,3816,2,293,2,96.0,2,12,4,0,0,0,0,0,0,False,,,0,0,0,0,0,navegando para fronteira
197.626,118.001,navigating,-1.3465,-0.2972,0.3481,-155.15,0.16,0.0002,-0.0186,6.11,36.25,3816,2,293,2,96.0,2,12,4,0,0,0,0,0,0,False,,,0,0,0,0,0,navegando para fronteira
198.107,118.5,navigating,-1.3482,-0.2969,0.3487,-155.04,0.16,0.0001,0.0087,6.111,36.25,3816,2,293,2,96.0,2,12,4,0,0,0,0,0,0,False,,,0,0,0,0,0,navegando para fronteira
198.592,119.0,navigating,-1.3482,-0.2969,0.3487,-155.05,0.16,0.0003,0.0024,6.112,36.25,3816,2,293,2,96.0,2,12,4,0,0,0,0,0,0,False,,,0,0,0,0,0,navegando para fronteira
199.075,119.5,navigating,-1.3482,-0.297,0.3487,-155.06,0.16,0.0001,-0.0032,6.112,36.25,3816,2,293,2,96.0,2,12,4,0,0,0,0,0,0,False,,,0,0,0,0,0,navegando para fronteira
199.494,120.0,navigating,-1.3482,-0.297,0.3487,-155.06,0.16,0.0002,0.0033,6.112,36.25,3816,2,293,2,96.0,2,12,4,0,0,0,0,0,0,False,,,0,0,0,0,0,navegando para fronteira
199.973,120.5,navigating,-1.3482,-0.297,0.3487,-155.07,0.16,0.0002,0.0007,6.112,36.25,3816,2,293,2,96.0,2,12,4,0,0,0,0,0,0,False,,,0,0,0,0,0,navegando para fronteira
200.464,121.0,navigating,-1.3483,-0.297,0.3487,-155.07,0.16,0.0001,-0.0024,6.112,36.25,3816,2,293,2,96.0,2,12,4,0,0,0,0,0,0,False,,,0,0,0,0,0,navegando para fronteira
200.951,121.5,navigating,-1.3485,-0.297,0.3489,-155.07,0.16,0.0001,0.0004,6.112,36.25,3816,2,293,2,96.0,2,12,4,0,0,0,0,0,0,False,,,0,0,0,0,0,navegando para fronteira
201.407,122.0,selecting,-1.3485,-0.297,0.3489,-155.07,0.16,0.0,0.0,6.112,36.25,3816,2,293,2,96.0,2,12,4,0,0,1,0,0,0,False,,,0,0,0,0,0,meta de fronteira expirou
201.883,122.5,selecting,-1.3485,-0.297,0.3489,-155.07,0.16,0.0,0.0,6.112,36.25,3816,2,293,2,96.0,2,12,4,0,0,1,0,0,0,False,,,0,0,0,0,0,meta de fronteira expirou
202.341,123.001,selecting,-1.3486,-0.2971,0.3489,-155.1,0.16,0.008,-0.021,6.112,36.25,3816,1,41,1,35.5,1,13,5,0,0,1,0,0,0,False,,,0,0,0,0,0,meta de fronteira expirou
202.822,123.501,selecting,-1.3538,-0.2976,0.3506,-155.89,0.06,0.0166,-0.0565,6.12,36.25,3816,1,41,1,35.5,1,13,5,0,0,1,0,0,0,False,,,0,0,0,0,0,meta de fronteira expirou
203.307,124.0,navigating,-1.3674,-0.3042,0.351,-157.82,0.15,0.0372,-0.0759,6.136,36.25,3816,1,41,1,35.5,1,13,5,0,0,1,0,0,0,False,,,0,0,0,0,0,navegando para fronteira
203.805,124.5,navigating,-1.393,-0.3112,0.3537,-160.53,0.29,0.0556,-0.1075,6.165,36.25,3816,1,41,1,35.5,1,13,5,0,0,1,0,0,0,False,,,0,0,0,0,0,navegando para fronteira
204.297,125.0,navigating,-1.4089,-0.3233,0.3526,-164.15,0.17,0.0402,-0.1464,6.186,36.25,3816,1,41,1,35.5,1,13,5,0,0,1,0,0,0,False,,,0,0,0,0,0,navegando para fronteira
204.792,125.5,navigating,-1.4219,-0.3311,0.3544,-168.4,0.17,0.0275,-0.1428,6.204,36.25,3816,1,41,1,35.5,1,13,5,0,0,1,0,0,0,False,,,0,0,0,0,0,navegando para fronteira
205.282,126.0,navigating,-1.4445,-0.3334,0.3537,-172.53,0.21,0.042,-0.1617,6.228,36.25,3816,1,41,1,35.5,1,13,5,0,0,1,0,0,0,False,,,0,0,0,0,0,navegando para fronteira
205.766,126.5,navigating,-1.4625,-0.3429,0.3508,-176.26,0.12,0.031,-0.1676,6.25,36.25,3816,1,41,1,35.5,1,13,5,0,0,1,0,0,0,False,,,0,0,0,0,0,navegando para fronteira
206.255,127.0,navigating,-1.4744,-0.3344,0.3502,-179.99,0.38,0.0158,-0.185,6.266,37.32,3961,1,41,1,35.5,1,13,5,0,0,1,0,0,0,False,,,0,0,0,0,0,navegando para fronteira
206.738,127.501,navigating,-1.4901,-0.3412,0.3514,176.01,0.12,0.0328,-0.1378,6.284,37.32,3961,1,41,1,35.5,1,13,5,0,0,1,0,0,0,False,,,0,0,0,0,0,navegando para fronteira
207.212,128.001,navigating,-1.5093,-0.3387,0.3501,172.68,0.24,0.0527,-0.1676,6.306,37.32,3961,1,41,1,35.5,1,13,5,0,0,1,0,0,0,False,,,0,0,0,0,0,navegando para fronteira
207.694,128.5,navigating,-1.539,-0.324,0.3561,169.0,0.36,0.0637,-0.074,6.34,37.32,3961,1,41,1,35.5,1,13,5,0,0,1,0,0,0,False,,,0,0,0,0,0,navegando para fronteira
208.182,129.0,navigating,-1.5774,-0.3112,0.3576,165.98,0.39,0.0789,-0.0752,6.38,37.32,3961,1,41,1,35.5,1,13,5,0,0,1,0,0,0,False,,,0,0,0,0,0,navegando para fronteira
208.653,129.5,navigating,-1.622,-0.2987,0.3585,163.43,0.38,0.0905,-0.0499,6.427,37.32,3961,1,41,1,35.5,1,13,5,0,0,1,0,0,0,False,,,0,0,0,0,0,navegando para fronteira
209.132,130.0,navigating,-1.6746,-0.2867,0.358,161.14,0.29,0.1092,0.0045,6.482,39.45,4187,1,41,1,35.5,1,13,5,0,0,1,0,0,0,False,,,0,0,0,0,0,navegando para fronteira
209.605,130.5,navigating,-1.731,-0.2691,0.3599,158.61,0.26,0.1246,-0.016,6.541,39.45,4187,1,41,1,35.5,1,13,5,0,0,1,0,0,0,False,,,0,0,0,0,0,navegando para fronteira
210.084,131.0,navigating,-1.7998,-0.2462,0.3515,157.08,0.12,0.1367,-0.101,6.613,39.45,4187,1,41,1,35.5,1,13,5,0,0,1,0,0,0,False,,,0,0,0,0,0,navegando para fronteira
210.579,131.5,navigating,-1.8734,-0.2229,0.3546,155.72,0.28,0.1433,-0.0725,6.691,39.45,4187,1,41,1,35.5,1,13,5,0,0,1,0,0,0,False,,,0,0,0,0,0,navegando para fronteira
211.07,132.0,navigating,-1.9416,-0.1864,0.3562,155.04,0.27,0.139,-0.0257,6.769,40.96,4347,1,41,1,35.5,1,13,5,0,0,1,0,0,0,False,,,0,0,0,0,0,navegando para fronteira
211.558,132.5,navigating,-2.0153,-0.1592,0.3527,154.93,0.33,0.1463,0.009,6.848,40.96,4347,1,41,1,35.5,1,13,5,0,0,1,0,0,0,False,,,0,0,0,0,0,navegando para fronteira
212.047,133.0,navigating,-2.0856,-0.1268,0.3523,155.19,0.15,0.1368,0.0407,6.925,40.96,4347,1,41,1,35.5,1,13,5,0,0,1,0,0,0,False,,,0,0,0,0,0,navegando para fronteira
212.515,133.5,navigating,-2.1481,-0.1028,0.3555,155.79,0.24,0.1329,0.0405,6.993,40.96,4347,1,41,1,35.5,1,13,5,0,0,1,0,0,0,False,,,0,0,0,0,0,navegando para fronteira
213.007,134.0,navigating,-2.2185,-0.0717,0.3563,156.37,0.17,0.1352,0.046,7.07,40.96,4347,1,41,1,35.5,1,13,5,0,0,1,0,0,0,False,,,0,0,0,0,0,navegando para fronteira
213.498,134.5,navigating,-2.2875,-0.0418,0.3548,157.5,0.26,0.143,0.0535,7.145,40.96,4347,1,41,1,35.5,1,13,5,0,0,1,0,0,0,False,,,0,0,0,0,0,navegando para fronteira
213.995,135.0,navigating,-2.3621,-0.0157,0.3539,158.61,0.13,0.1432,0.0358,7.225,42.24,4483,1,41,1,35.5,1,13,5,0,0,1,0,0,0,False,,,0,0,0,0,0,navegando para fronteira
214.483,135.5,navigating,-2.4397,0.013,0.3513,159.63,0.1,0.1415,0.0206,7.307,42.24,4483,1,41,1,35.5,1,13,5,0,0,1,0,0,0,False,,,0,0,0,0,0,navegando para fronteira
214.96,136.0,navigating,-2.5121,0.0344,0.35,160.35,0.25,0.1451,0.0067,7.383,42.24,4483,1,41,1,35.5,1,13,5,0,0,1,0,0,0,False,,,0,0,0,0,0,navegando para fronteira
215.456,136.5,navigating,-2.5853,0.0639,0.3531,160.66,0.25,0.1375,0.0008,7.462,42.24,4483,1,41,1,35.5,1,13,5,0,0,1,0,0,0,False,,,0,0,0,0,0,navegando para fronteira
215.933,137.0,navigating,-2.6581,0.0843,0.3552,160.72,0.34,0.1327,0.0132,7.538,45.76,4857,1,41,1,35.5,1,13,5,0,0,1,0,0,0,False,,,0,0,0,0,0,navegando para fronteira
216.398,137.5,navigating,-2.7234,0.102,0.3533,160.63,0.45,0.1354,0.0118,7.606,45.76,4857,1,41,1,35.5,1,13,5,0,0,1,0,0,0,False,,,0,0,0,0,0,navegando para fronteira
216.896,138.0,navigating,-2.7939,0.1256,0.3513,160.31,0.19,0.1293,0.0064,7.681,45.76,4857,1,41,1,35.5,1,13,5,0,0,1,0,0,0,False,,,0,0,0,0,0,navegando para fronteira
217.36,138.5,navigating,-2.858,0.1483,0.3527,160.13,0.17,0.1297,0.0032,7.749,45.76,4857,1,41,1,35.5,1,13,5,0,0,1,0,0,0,False,,,0,0,0,0,0,navegando para fronteira
217.819,139.0,navigating,-2.9156,0.1719,0.3553,159.98,0.24,0.1201,-0.0012,7.811,45.76,4857,1,41,1,35.5,1,13,5,0,0,1,0,0,0,False,,,0,0,0,0,0,navegando para fronteira
218.308,139.5,navigating,-2.9804,0.1913,0.3534,159.68,0.21,0.1227,-0.0165,7.879,45.76,4857,1,41,1,35.5,1,13,5,0,0,1,0,0,0,False,,,0,0,0,0,0,navegando para fronteira
218.791,140.0,navigating,-3.038,0.2143,0.3529,159.45,0.15,0.1114,-0.0146,7.942,24.14,5096,1,41,1,35.5,1,13,5,0,0,1,0,0,0,False,,,0,0,0,0,0,navegando para fronteira
219.279,140.501,navigating,-3.0959,0.2341,0.3508,159.43,0.13,0.0809,0.0,8.003,24.14,5096,1,41,1,35.5,1,13,5,0,0,1,0,0,0,False,,,0,0,0,0,0,navegando para fronteira
219.769,141.0,navigating,-3.1193,0.2294,0.35,159.23,0.36,0.0,0.0,8.034,24.35,5139,1,41,1,35.5,1,13,5,0,0,1,0,0,0,False,,,0,0,0,0,0,navegando para fronteira
220.259,141.5,selecting,-3.1226,0.2342,0.3491,159.27,0.14,0.0,0.0,8.041,24.35,5139,2,139,2,68.8,1,14,6,0,0,0,0,0,0,False,,,0,0,0,0,0,fronteira alcancada; atualizando mapa
220.755,142.0,selecting,-3.1357,0.2367,0.3498,159.05,0.12,0.0227,-0.0466,8.055,24.35,5139,2,139,2,68.8,1,14,6,0,0,0,0,0,0,False,,,0,0,0,0,0,fronteira alcancada; atualizando mapa
221.227,142.501,navigating,-3.1477,0.2417,0.3465,157.23,0.05,0.0223,-0.0724,8.069,24.35,5139,2,139,2,68.8,2,15,6,0,0,0,0,0,0,False,,,0,0,0,0,0,navegando para fronteira
221.722,143.0,navigating,-3.1612,0.2423,0.35,154.57,0.09,0.0185,-0.0925,8.083,24.35,5139,2,139,2,68.8,2,15,6,0,0,0,0,0,0,False,,,0,0,0,0,0,navegando para fronteira
222.221,143.5,navigating,-3.169,0.2529,0.3543,151.94,0.25,0.0221,-0.1203,8.097,24.35,5139,2,139,2,68.8,2,15,6,0,0,0,0,0,0,False,,,0,0,0,0,0,navegando para fronteira
222.709,144.0,navigating,-3.1806,0.258,0.353,148.75,0.18,0.03,-0.1732,8.111,24.35,5139,2,139,2,68.8,2,15,6,0,0,0,0,0,0,False,,,0,0,0,0,0,navegando para fronteira
223.208,144.5,navigating,-3.196,0.2678,0.3515,145.38,0.16,0.0308,-0.1715,8.13,24.35,5139,2,139,2,68.8,2,15,6,0,0,0,0,0,0,False,,,0,0,0,0,0,navegando para fronteira
223.706,145.0,navigating,-3.2085,0.2761,0.3513,141.95,0.12,0.0251,-0.1356,8.146,24.35,5139,2,139,2,68.8,2,15,6,0,0,0,0,0,0,False,,,0,0,0,0,0,navegando para fronteira
224.185,145.5,navigating,-3.2191,0.2834,0.3509,138.54,0.19,0.0237,-0.1386,8.159,24.35,5139,2,139,2,68.8,2,15,6,0,0,0,0,0,0,False,,,0,0,0,0,0,navegando para fronteira
224.674,146.0,navigating,-3.2275,0.2931,0.353,135.08,0.16,0.0239,-0.1062,8.173,24.35,5139,2,139,2,68.8,2,15,6,0,0,0,0,0,0,False,,,0,0,0,0,0,navegando para fronteira
225.156,146.5,navigating,-3.2418,0.2982,0.352,131.58,0.1,0.03,-0.1297,8.189,24.35,5139,2,139,2,68.8,2,15,6,0,0,0,0,0,0,False,,,0,0,0,0,0,navegando para fronteira
225.65,147.0,navigating,-3.2497,0.3122,0.3516,127.62,0.19,0.0281,-0.1232,8.205,24.35,5139,2,139,2,68.8,2,15,6,0,0,0,0,0,0,False,,,0,0,0,0,0,navegando para fronteira
226.138,147.5,navigating,-3.2578,0.3261,0.3515,124.2,0.26,0.0306,-0.1138,8.222,24.35,5139,2,139,2,68.8,2,15,6,0,0,0,0,0,0,False,,,0,0,0,0,0,navegando para fronteira
226.62,148.0,navigating,-3.2724,0.3347,0.3525,121.12,0.23,0.0297,-0.1428,8.24,25.26,5331,2,139,2,68.8,2,15,6,0,0,0,0,0,0,False,,,0,0,0,0,0,navegando para fronteira
227.111,148.5,navigating,-3.2778,0.3436,0.3549,117.93,0.16,0.0205,-0.1347,8.253,25.26,5331,2,139,2,68.8,2,15,6,0,0,0,0,0,0,False,,,0,0,0,0,0,navegando para fronteira
227.597,149.001,navigating,-3.2789,0.3578,0.3536,115.14,0.22,0.032,-0.1166,8.268,25.26,5331,2,139,2,68.8,2,15,6,0,0,0,0,0,0,False,,,0,0,0,0,0,navegando para fronteira
228.077,149.501,navigating,-3.2931,0.3723,0.3529,112.5,0.15,0.0355,-0.1268,8.288,25.26,5331,2,139,2,68.8,2,15,6,0,0,0,0,0,0,False,,,0,0,0,0,0,navegando para fronteira
228.552,150.0,navigating,-3.3003,0.3872,0.355,109.83,0.19,0.0421,-0.1234,8.307,25.26,5331,2,139,2,68.8,2,15,6,0,0,0,0,0,0,False,,,0,0,0,0,0,navegando para fronteira
229.03,150.5,navigating,-3.3063,0.4136,0.3538,107.13,0.19,0.0546,-0.0858,8.334,25.26,5331,2,139,2,68.8,2,15,6,0,0,0,0,0,0,False,,,0,0,0,0,0,navegando para fronteira
229.497,151.0,navigating,-3.3242,0.4452,0.3509,104.2,0.28,0.0783,-0.1039,8.371,25.26,5331,2,139,2,68.8,2,15,6,0,0,0,0,0,0,False,,,0,0,0,0,0,navegando para fronteira
229.989,151.5,navigating,-3.3354,0.4903,0.3514,100.56,0.14,0.0871,-0.1176,8.417,25.26,5331,2,139,2,68.8,2,15,6,0,0,0,0,0,0,False,,,0,0,0,0,0,navegando para fronteira
230.474,152.0,navigating,-3.3436,0.5385,0.3536,97.19,0.23,0.1002,-0.1241,8.466,25.26,5331,2,139,2,68.8,2,15,6,0,0,0,0,0,0,False,,,0,0,0,0,0,navegando para fronteira
230.967,152.501,navigating,-3.3488,0.5947,0.355,94.02,0.22,0.1077,-0.1095,8.523,25.26,5331,2,139,2,68.8,2,15,6,0,0,0,0,0,0,False,,,0,0,0,0,0,navegando para fronteira
231.461,153.0,navigating,-3.3504,0.6584,0.355,91.3,0.16,0.1233,-0.1109,8.587,26.16,5522,2,139,2,68.8,2,15,6,0,0,0,0,0,0,False,,,0,0,0,0,0,navegando para fronteira
231.95,153.5,navigating,-3.3583,0.7265,0.3527,88.91,0.33,0.131,-0.1007,8.656,26.16,5522,2,139,2,68.8,2,15,6,0,0,0,0,0,0,False,,,0,0,0,0,0,navegando para fronteira
232.425,154.0,navigating,-3.3551,0.7904,0.3536,86.92,0.21,0.1289,-0.0828,8.72,28.62,6041,2,139,2,68.8,2,15,6,0,0,0,0,0,0,False,,,0,0,0,0,0,navegando para fronteira
232.91,154.5,navigating,-3.3495,0.8561,0.352,84.95,0.26,0.122,-0.1003,8.786,28.62,6041,2,139,2,68.8,2,15,6,0,0,0,0,0,0,False,,,0,0,0,0,0,navegando para fronteira
233.407,155.0,navigating,-3.3441,0.9251,0.3538,82.88,0.19,0.1295,-0.0816,8.856,28.62,6041,2,139,2,68.8,2,15,6,0,0,0,0,0,0,False,,,0,0,0,0,0,navegando para fronteira
233.872,155.5,navigating,-3.3326,0.9946,0.3535,81.01,0.26,0.1348,-0.0753,8.927,28.62,6041,2,139,2,68.8,2,15,6,0,0,0,0,0,0,False,,,0,0,0,0,0,navegando para fronteira
234.354,156.0,navigating,-3.3192,1.0708,0.3544,78.37,0.19,0.134,-0.0838,9.004,28.62,6041,2,139,2,68.8,2,15,6,0,0,0,0,0,0,False,,,0,0,0,0,0,navegando para fronteira
234.838,156.501,navigating,-3.3136,1.1453,0.352,75.93,0.3,0.1261,-0.0768,9.079,28.62,6041,2,139,2,68.8,2,15,6,0,0,0,0,0,0,False,,,0,0,0,0,0,navegando para fronteira
235.313,157.001,navigating,-3.2872,1.212,0.3522,73.27,0.27,0.126,-0.1052,9.151,30.27,6388,2,139,2,68.8,2,15,6,0,0,0,0,0,0,False,,,0,0,0,0,0,navegando para fronteira
235.806,157.5,navigating,-3.2685,1.2721,0.3549,70.44,0.14,0.1142,-0.0934,9.214,30.27,6388,2,139,2,68.8,2,15,6,0,0,0,0,0,0,False,,,0,0,0,0,0,navegando para fronteira
236.284,158.0,navigating,-3.25,1.3243,0.3529,68.5,0.1,0.1004,-0.0681,9.27,30.27,6388,2,139,2,68.8,2,15,6,0,0,0,0,0,0,False,,,0,0,0,0,0,navegando para fronteira
236.786,158.5,navigating,-3.2282,1.3776,0.3529,67.5,0.15,0.097,-0.0426,9.328,30.27,6388,2,139,2,68.8,2,15,6,0,0,0,0,0,0,False,,,0,0,0,0,0,navegando para fronteira
237.268,159.0,navigating,-3.2101,1.4278,0.3525,66.73,0.22,0.0956,-0.0216,9.382,30.27,6388,2,139,2,68.8,2,15,6,0,0,0,0,0,0,False,,,0,0,0,0,0,navegando para fronteira
237.745,159.5,navigating,-3.1902,1.4721,0.3551,66.45,0.14,0.082,-0.0141,9.431,30.27,6388,2,139,2,68.8,2,15,6,0,0,0,0,0,0,False,,,0,0,0,0,0,navegando para fronteira
238.211,160.0,navigating,-3.1857,1.5064,0.3522,66.31,0.53,0.0705,0.0318,9.466,30.59,6457,2,139,2,68.8,2,15,6,0,0,0,0,0,0,False,,,0,0,0,0,0,navegando para fronteira
238.708,160.5,navigating,-3.1644,1.5337,0.3515,66.63,0.27,0.058,0.0265,9.501,30.59,6457,2,139,2,68.8,2,15,6,0,0,0,0,0,0,False,,,0,0,0,0,0,navegando para fronteira
239.183,161.0,navigating,-3.1522,1.5378,0.3488,66.78,0.28,0.0,0.0,9.516,30.59,6457,2,139,2,68.8,2,15,6,0,0,0,0,0,0,False,,,0,0,0,0,0,navegando para fronteira
239.642,161.5,selecting,-3.151,1.5435,0.3503,66.61,0.19,0.0025,-0.0442,9.522,30.59,6457,5,164,5,185.4,1,16,7,0,0,0,0,0,0,False,,,0,0,0,0,0,fronteira alcancada; atualizando mapa
240.127,162.0,navigating,-3.1478,1.542,0.3517,64.78,0.41,0.0126,-0.0855,9.528,30.59,6457,5,164,5,185.4,5,20,7,0,0,0,0,0,0,False,,,0,0,0,0,0,navegando para fronteira
240.617,162.5,navigating,-3.1498,1.5567,0.3539,62.73,0.31,0.0279,-0.1257,9.545,30.59,6457,5,164,5,185.4,5,20,7,0,0,0,0,0,0,False,,,0,0,0,0,0,navegando para fronteira
241.107,163.0,navigating,-3.1441,1.5623,0.3532,59.88,0.21,0.0207,-0.1296,9.561,30.59,6457,5,164,5,185.4,5,20,7,0,0,0,0,0,0,False,,,0,0,0,0,0,navegando para fronteira
241.581,163.5,navigating,-3.132,1.5689,0.3474,57.11,0.21,0.0237,-0.0826,9.576,30.59,6457,5,164,5,185.4,5,20,7,0,0,0,0,0,0,False,,,0,0,0,0,0,navegando para fronteira
242.056,164.0,navigating,-3.1308,1.5847,0.3477,54.48,0.21,0.0268,-0.1232,9.592,30.59,6457,5,164,5,185.4,5,20,7,0,0,0,0,0,0,False,,,0,0,0,0,0,navegando para fronteira
242.54,164.5,navigating,-3.1183,1.5983,0.3516,51.22,0.11,0.0369,-0.1152,9.612,30.59,6457,5,164,5,185.4,5,20,7,0,0,0,0,0,0,False,,,0,0,0,0,0,navegando para fronteira
243.021,165.0,navigating,-3.1088,1.6135,0.3529,47.92,0.08,0.0303,-0.1175,9.631,30.64,6466,5,164,5,185.4,5,20,7,0,0,0,0,0,0,False,,,0,0,0,0,0,navegando para fronteira
243.505,165.501,navigating,-3.1029,1.6231,0.3525,44.43,0.12,0.0205,-0.1429,9.643,30.64,6466,5,164,5,185.4,5,20,7,0,0,0,0,0,0,False,,,0,0,0,0,0,navegando para fronteira
243.994,166.0,navigating,-3.0927,1.6268,0.3556,40.72,0.21,0.0351,-0.149,9.655,30.64,6466,5,164,5,185.4,5,20,7,0,0,0,0,0,0,False,,,0,0,0,0,0,navegando para fronteira
244.482,166.5,navigating,-3.0787,1.6413,0.3525,36.97,0.22,0.0398,-0.1405,9.676,30.64,6466,5,164,5,185.4,5,20,7,0,0,0,0,0,0,False,,,0,0,0,0,0,navegando para fronteira
244.96,167.0,navigating,-3.067,1.6477,0.3494,33.64,0.03,0.0273,-0.1574,9.691,30.64,6466,5,164,5,185.4,5,20,7,0,0,0,0,0,0,False,,,0,0,0,0,0,navegando para fronteira
245.453,167.5,navigating,-3.0539,1.6449,0.3491,29.97,0.32,0.0216,-0.1496,9.707,30.64,6466,5,164,5,185.4,5,20,7,0,0,0,0,0,0,False,,,0,0,0,0,0,navegando para fronteira
245.942,168.0,navigating,-3.0466,1.6677,0.3516,26.78,0.48,0.0445,-0.1054,9.732,30.64,6466,5,164,5,185.4,5,20,7,0,0,0,0,0,0,False,,,0,0,0,0,0,navegando para fronteira
246.428,168.5,navigating,-3.0273,1.6669,0.3514,23.41,0.37,0.0372,-0.1408,9.754,30.64,6466,5,164,5,185.4,5,20,7,0,0,0,0,0,0,False,,,0,0,0,0,0,navegando para fronteira
246.909,169.0,navigating,-3.0153,1.6725,0.3565,19.98,0.14,0.0296,-0.1115,9.776,30.64,6466,5,164,5,185.4,5,20,7,0,0,0,0,0,0,False,,,0,0,0,0,0,navegando para fronteira
247.381,169.5,navigating,-2.9964,1.6853,0.3457,16.59,0.07,0.0297,-0.1266,9.802,30.64,6466,5,164,5,185.4,5,20,7,0,0,0,0,0,0,False,,,0,0,0,0,0,navegando para fronteira
247.876,170.0,navigating,-2.9701,1.6771,0.3508,13.1,0.41,0.0458,-0.1122,9.835,30.64,6466,5,164,5,185.4,5,20,7,0,0,0,0,0,0,False,,,0,0,0,0,0,navegando para fronteira
248.369,170.5,navigating,-2.9498,1.7015,0.3527,9.77,0.62,0.0482,-0.1379,9.868,30.64,6466,5,164,5,185.4,5,20,7,0,0,0,0,0,0,False,,,0,0,0,0,0,navegando para fronteira
248.85,171.001,navigating,-2.9208,1.6878,0.3559,6.43,0.76,0.0591,-0.1237,9.905,30.66,6472,5,164,5,185.4,5,20,7,0,0,0,0,0,0,False,,,0,0,0,0,0,navegando para fronteira
249.351,171.5,navigating,-2.8749,1.6963,0.3565,3.74,0.29,0.0912,-0.1106,9.954,30.66,6472,5,164,5,185.4,5,20,7,0,0,0,0,0,0,False,,,0,0,0,0,0,navegando para fronteira
249.841,172.0,navigating,-2.8229,1.708,0.3542,1.38,0.29,0.0907,-0.1062,10.011,30.66,6472,5,164,5,185.4,5,20,7,0,0,0,0,0,0,False,,,0,0,0,0,0,navegando para fronteira
250.329,172.5,navigating,-2.7732,1.6879,0.3531,-0.66,0.46,0.0936,-0.0549,10.067,30.66,6472,5,164,5,185.4,5,20,7,0,0,0,0,0,0,False,,,0,0,0,0,0,navegando para fronteira
250.816,173.002,navigating,-2.7127,1.7019,0.3539,-1.68,0.58,0.1239,-0.0258,10.129,31.2,6586,5,164,5,185.4,5,20,7,0,0,0,0,0,0,False,,,0,0,0,0,0,navegando para fronteira
251.304,173.5,navigating,-2.6471,1.6899,0.3523,-2.65,0.34,0.1263,0.0028,10.197,31.2,6586,5,164,5,185.4,5,20,7,0,0,0,0,0,0,False,,,0,0,0,0,0,navegando para fronteira
251.8,174.0,navigating,-2.5811,1.6855,0.3532,-2.89,0.24,0.1207,0.0196,10.264,31.2,6586,5,164,5,185.4,5,20,7,0,0,0,0,0,0,False,,,0,0,0,0,0,navegando para fronteira
252.29,174.5,navigating,-2.5079,1.684,0.3511,-2.69,0.23,0.1329,0.0226,10.338,31.2,6586,5,164,5,185.4,5,20,7,0,0,0,0,0,0,False,,,0,0,0,0,0,navegando para fronteira
252.788,175.0,navigating,-2.4349,1.6732,0.3545,-1.9,0.33,0.1298,0.0554,10.412,31.2,6586,5,164,5,185.4,5,20,7,0,0,0,0,0,0,False,,,0,0,0,0,0,navegando para fronteira
253.264,175.5,navigating,-2.3668,1.676,0.3536,-0.5,0.22,0.1264,0.0553,10.48,31.2,6586,5,164,5,185.4,5,20,7,0,0,0,0,0,0,False,,,0,0,0,0,0,navegando para fronteira
253.753,176.001,navigating,-2.2975,1.6723,0.3517,1.47,0.08,0.1331,0.0468,10.55,30.67,6959,5,164,5,185.4,5,20,7,0,0,0,0,0,0,False,,,0,0,0,0,0,navegando para fronteira
254.224,176.5,navigating,-2.2262,1.6754,0.3515,3.05,0.23,0.1309,0.0552,10.622,30.67,6959,5,164,5,185.4,5,20,7,0,0,0,0,0,0,False,,,0,0,0,0,0,navegando para fronteira
254.726,177.001,navigating,-2.1576,1.6766,0.3545,4.68,0.19,0.1192,0.0459,10.69,30.67,6959,5,164,5,185.4,5,20,7,0,0,0,0,0,0,False,,,0,0,0,0,0,navegando para fronteira
255.224,177.5,navigating,-2.0891,1.6848,0.3552,6.44,0.3,0.121,0.0866,10.759,30.67,6959,5,164,5,185.4,5,20,7,0,0,0,0,0,0,False,,,0,0,0,0,0,navegando para fronteira
255.715,178.0,navigating,-2.028,1.6911,0.3526,8.52,0.22,0.1194,0.0964,10.821,32.26,7359,5,164,5,185.4,5,20,7,0,0,0,0,0,0,False,,,0,0,0,0,0,navegando para fronteira
256.205,178.5,navigating,-1.9625,1.6984,0.3505,10.89,0.11,0.1084,0.1013,10.887,32.26,7359,5,164,5,185.4,5,20,7,0,0,0,0,0,0,False,,,0,0,0,0,0,navegando para fronteira
256.699,179.0,navigating,-1.9036,1.7088,0.3497,13.2,0.24,0.1059,0.1093,10.947,32.26,7359,5,164,5,185.4,5,20,7,0,0,0,0,0,0,False,,,0,0,0,0,0,navegando para fronteira
257.19,179.5,navigating,-1.8482,1.7212,0.3515,15.27,0.25,0.0942,0.0747,11.004,32.26,7359,5,164,5,185.4,5,20,7,0,0,0,0,0,0,False,,,0,0,0,0,0,navegando para fronteira
257.654,180.0,navigating,-1.8056,1.7341,0.3517,16.64,0.35,0.088,0.0527,11.049,32.26,7359,5,164,5,185.4,5,20,7,0,0,0,0,0,0,False,,,0,0,0,0,0,navegando para fronteira
258.131,180.5,navigating,-1.7612,1.7403,0.347,18.15,0.05,0.0798,0.04,11.094,32.26,7359,5,164,5,185.4,5,20,7,0,0,0,0,0,0,False,,,0,0,0,0,0,navegando para fronteira
258.609,181.0,navigating,-1.7159,1.7557,0.3492,18.99,0.24,0.0893,0.0177,11.142,35.19,8028,5,164,5,185.4,5,20,7,0,0,0,0,0,0,False,,,0,0,0,0,0,navegando para fronteira
259.108,181.501,navigating,-1.6746,1.7731,0.3513,19.38,0.29,0.0773,-0.0013,11.187,35.19,8028,5,164,5,185.4,5,20,7,0,0,0,0,0,0,False,,,0,0,0,0,0,navegando para fronteira
259.599,182.001,navigating,-1.6435,1.7772,0.3535,19.52,0.07,0.0567,-0.0221,11.219,35.19,8028,5,164,5,185.4,5,20,7,0,0,0,0,0,0,False,,,0,0,0,0,0,navegando para fronteira
260.06,182.501,navigating,-1.6151,1.7904,0.3551,19.43,0.24,0.009,0.0,11.251,35.19,8028,5,164,5,185.4,5,20,7,0,0,0,0,0,0,False,,,0,0,0,0,0,navegando para fronteira
260.554,183.0,selecting,-1.6148,1.7873,0.3534,18.93,0.11,0.0,0.0,11.262,35.19,8028,7,629,7,224.8,1,21,8,0,0,0,0,0,0,False,,,0,0,0,0,0,fronteira alcancada; atualizando mapa
261.004,183.5,selecting,-1.6052,1.7896,0.3536,18.96,0.19,0.002,0.0093,11.272,35.19,8028,7,629,7,224.8,1,21,8,0,0,0,0,0,0,False,,,0,0,0,0,0,fronteira alcancada; atualizando mapa
261.49,184.0,navigating,-1.6113,1.7932,0.3478,19.25,0.34,0.0,0.0429,11.281,35.19,8028,7,629,7,224.8,7,27,8,0,4,0,0,0,0,False,,,0,0,0,0,0,navegando para fronteira
261.969,184.501,navigating,-1.6125,1.7922,0.344,20.55,0.28,0.0,-0.0061,11.288,35.19,8028,7,629,7,224.8,7,27,8,0,4,0,0,0,0,False,,,0,0,0,0,0,navegando para fronteira
262.458,185.0,navigating,-1.6158,1.7861,0.349,21.12,0.13,0.0,-0.0136,11.298,35.19,8028,7,629,7,224.8,7,27,8,0,4,0,0,0,0,False,,,0,0,0,0,0,navegando para fronteira
262.931,185.5,navigating,-1.6162,1.7879,0.3526,22.67,0.21,0.0012,0.0895,11.308,35.19,8028,7,629,7,224.8,7,27,8,0,4,0,0,0,0,False,,,0,0,0,0,0,navegando para fronteira
263.415,186.002,navigating,-1.6138,1.7939,0.353,25.52,0.3,0.0077,0.1091,11.317,35.19,8028,7,629,7,224.8,7,27,8,0,4,0,0,0,0,False,,,0,0,0,0,0,navegando para fronteira
263.905,186.5,navigating,-1.6125,1.7861,0.354,28.77,0.12,0.0,0.0687,11.329,35.19,8028,7,629,7,224.8,7,27,8,0,4,0,0,0,0,False,,,0,0,0,0,0,navegando para fronteira
264.381,187.0,navigating,-1.6122,1.79,0.3448,31.47,0.18,0.0031,0.1356,11.337,35.19,8028,7,629,7,224.8,7,27,8,0,4,0,0,0,0,False,,,0,0,0,0,0,navegando para fronteira
264.846,187.501,navigating,-1.6032,1.7836,0.3433,34.12,0.39,0.0077,0.1549,11.349,35.19,8028,7,629,7,224.8,7,27,8,0,4,0,0,0,0,False,,,0,0,0,0,0,navegando para fronteira
265.344,188.0,navigating,-1.6035,1.7931,0.3507,37.76,0.59,0.0145,0.1511,11.368,35.19,8028,7,629,7,224.8,7,27,8,0,4,0,0,0,0,False,,,0,0,0,0,0,navegando para fronteira
265.812,188.5,navigating,-1.605,1.8015,0.3468,40.81,0.41,0.0083,0.1126,11.385,35.19,8028,7,629,7,224.8,7,27,8,0,4,0,0,0,0,False,,,0,0,0,0,0,navegando para fronteira
266.309,189.0,navigating,-1.5889,1.7906,0.3518,44.0,0.43,0.0213,0.111,11.406,35.19,8028,7,629,7,224.8,7,27,8,0,4,0,0,0,0,False,,,0,0,0,0,0,navegando para fronteira
266.798,189.5,navigating,-1.588,1.8057,0.3551,46.9,0.51,0.0288,0.1054,11.423,35.19,8028,7,629,7,224.8,7,27,8,0,4,0,0,0,0,False,,,0,0,0,0,0,navegando para fronteira
267.289,190.0,navigating,-1.5809,1.8059,0.3518,49.89,0.16,0.0171,0.0997,11.439,35.19,8028,7,629,7,224.8,7,27,8,0,4,0,0,0,0,False,,,0,0,0,0,0,navegando para fronteira
267.783,190.5,navigating,-1.5711,1.8121,0.3539,52.99,0.2,0.025,0.1144,11.453,35.19,8028,7,629,7,224.8,7,27,8,0,4,0,0,0,0,False,,,0,0,0,0,0,navegando para fronteira
268.269,191.0,navigating,-1.5695,1.8315,0.3539,55.91,0.47,0.0467,0.1261,11.475,35.19,8028,7,629,7,224.8,7,27,8,0,4,0,0,0,0,False,,,0,0,0,0,0,navegando para fronteira
268.732,191.5,navigating,-1.5531,1.8365,0.3532,58.68,0.07,0.0343,0.1492,11.493,35.19,8028,7,629,7,224.8,7,27,8,0,4,0,0,0,0,False,,,0,0,0,0,0,navegando para fronteira
269.221,192.0,navigating,-1.5646,1.8489,0.3457,61.63,0.79,0.021,0.168,11.517,35.19,8028,7,629,7,224.8,7,27,8,0,4,0,0,0,0,False,,,0,0,0,0,0,navegando para fronteira
269.711,192.5,navigating,-1.5537,1.8568,0.3485,64.57,0.13,0.031,0.2,11.535,35.19,8028,7,629,7,224.8,7,27,8,0,4,0,0,0,0,False,,,0,0,0,0,0,navegando para fronteira
270.207,193.0,navigating,-1.551,1.8687,0.3544,67.27,0.5,0.033,0.134,11.554,35.19,8028,7,629,7,224.8,7,27,8,0,4,0,0,0,0,False,,,0,0,0,0,0,navegando para fronteira
270.697,193.502,navigating,-1.546,1.884,0.3546,69.33,0.18,0.0357,0.1094,11.574,35.19,8028,7,629,7,224.8,7,27,8,0,4,0,0,0,0,False,,,0,0,0,0,0,navegando para fronteira
271.187,194.0,navigating,-1.5309,1.9056,0.3555,71.99,0.12,0.0616,0.1245,11.601,35.19,8028,7,629,7,224.8,7,27,8,0,4,0,0,0,0,False,,,0,0,0,0,0,navegando para fronteira
271.668,194.5,navigating,-1.5324,1.9368,0.355,74.53,0.53,0.0608,0.0111,11.632,35.19,8028,7,629,7,224.8,7,27,8,0,4,0,0,0,0,False,,,0,0,0,0,0,navegando para fronteira
272.149,195.0,navigating,-1.5186,1.9612,0.3517,76.68,0.3,0.061,0.078,11.661,35.19,8028,7,629,7,224.8,7,27,8,0,4,0,0,0,0,False,,,0,0,0,0,0,navegando para fronteira
272.639,195.5,navigating,-1.5129,1.9958,0.3555,78.27,0.38,0.0714,0.0516,11.698,35.19,8028,7,629,7,224.8,7,27,8,0,4,0,0,0,0,False,,,0,0,0,0,0,navegando para fronteira
273.094,196.0,navigating,-1.5138,2.0384,0.3511,80.44,0.38,0.0991,0.1143,11.741,36.99,8439,7,629,7,224.8,7,27,8,0,4,0,0,0,0,False,,,0,0,0,0,0,navegando para fronteira
273.551,196.5,navigating,-1.4928,2.0868,0.352,82.51,0.27,0.1001,0.101,11.794,36.99,8439,7,629,7,224.8,7,27,8,0,4,0,0,0,0,False,,,0,0,0,0,0,navegando para fronteira
274.023,197.0,navigating,-1.496,2.1478,0.3505,84.07,0.42,0.1091,0.0685,11.856,36.99,8439,7,629,7,224.8,7,27,8,0,4,0,0,0,0,False,,,0,0,0,0,0,navegando para fronteira
274.503,197.5,navigating,-1.4881,2.2082,0.3519,85.65,0.22,0.1104,0.0727,11.918,36.99,8439,7,629,7,224.8,7,27,8,0,4,0,0,0,0,False,,,0,0,0,0,0,navegando para fronteira
274.994,198.0,navigating,-1.4849,2.2724,0.3552,87.42,0.39,0.1282,0.1122,11.983,36.99,8439,7,629,7,224.8,7,27,8,0,4,0,0,0,0,False,,,0,0,0,0,0,navegando para fronteira
275.447,198.5,navigating,-1.4887,2.3253,0.3532,90.35,0.29,0.1017,0.0707,12.037,36.99,8439,7,629,7,224.8,7,27,8,0,4,0,0,0,0,False,,,0,0,0,0,0,navegando para fronteira
275.911,199.0,navigating,-1.4819,2.3825,0.347,92.3,0.13,0.1101,0.0098,12.095,39.19,8940,7,629,7,224.8,7,27,8,0,4,0,0,0,0,False,,,0,0,0,0,0,navegando para fronteira
276.41,199.5,navigating,-1.4949,2.4463,0.3543,94.62,0.37,0.1214,0.1038,12.161,39.19,8940,7,629,7,224.8,7,27,8,0,4,0,0,0,0,False,,,0,0,0,0,0,navegando para fronteira
276.896,200.0,navigating,-1.5004,2.5027,0.355,96.94,0.27,0.1124,0.0796,12.218,39.19,8940,7,629,7,224.8,7,27,8,0,4,0,0,0,0,False,,,0,0,0,0,0,navegando para fronteira
277.38,200.501,navigating,-1.5074,2.5577,0.3551,99.38,0.28,0.1023,0.0922,12.274,39.19,8940,7,629,7,224.8,7,27,8,0,4,0,0,0,0,False,,,0,0,0,0,0,navegando para fronteira
277.871,201.0,navigating,-1.5221,2.6095,0.3535,101.41,0.23,0.0986,0.0754,12.328,39.19,8940,7,629,7,224.8,7,27,8,0,4,0,0,0,0,False,,,0,0,0,0,0,navegando para fronteira
278.35,201.5,navigating,-1.5267,2.6616,0.3532,102.43,0.22,0.092,0.0603,12.38,39.19,8940,7,629,7,224.8,7,27,8,0,4,0,0,0,0,False,,,0,0,0,0,0,navegando para fronteira
278.824,202.0,navigating,-1.5403,2.706,0.3576,103.23,0.24,0.085,0.0406,12.427,39.19,8940,7,629,7,224.8,7,27,8,0,4,0,0,0,0,False,,,0,0,0,0,0,navegando para fronteira
279.279,202.5,navigating,-1.5463,2.7468,0.3606,103.85,0.27,0.0848,0.0179,12.469,39.19,8940,7,629,7,224.8,7,27,8,0,4,0,0,0,0,False,,,0,0,0,0,0,navegando para fronteira
279.759,203.0,navigating,-1.5611,2.7925,0.3517,103.95,0.23,0.0802,-0.0215,12.517,40.36,9207,7,629,7,224.8,7,27,8,0,4,0,0,0,0,False,,,0,0,0,0,0,navegando para fronteira
280.25,203.5,navigating,-1.5709,2.8265,0.3513,103.72,0.28,0.0,0.0,12.554,40.36,9207,7,629,7,224.8,7,27,8,0,4,0,0,0,0,False,,,0,0,0,0,0,navegando para fronteira
280.724,204.0,selecting,-1.5685,2.8293,0.3519,103.67,0.14,0.0009,0.0259,12.563,40.36,9207,12,518,12,292.2,1,28,9,0,0,0,0,0,0,False,,,0,0,0,0,0,fronteira alcancada; atualizando mapa
281.204,204.5,navigating,-1.57,2.8347,0.3518,104.01,0.16,0.0026,0.043,12.569,40.36,9207,12,518,12,292.2,8,35,9,0,5,0,0,0,0,False,,,0,0,0,0,0,navegando para fronteira
281.689,205.001,navigating,-1.5675,2.8304,0.3513,105.51,0.08,0.0,0.1186,12.579,40.36,9207,12,518,12,292.2,8,35,9,0,5,0,0,0,0,False,,,0,0,0,0,0,navegando para fronteira
282.178,205.5,navigating,-1.5741,2.8313,0.353,108.73,0.16,0.0026,0.1891,12.588,40.36,9207,12,518,12,292.2,8,35,9,0,5,0,0,0,0,False,,,0,0,0,0,0,navegando para fronteira
282.673,206.0,navigating,-1.5697,2.8319,0.3525,112.92,0.1,0.0001,0.1888,12.593,40.36,9207,12,518,12,292.2,8,35,9,0,5,0,0,0,0,False,,,0,0,0,0,0,navegando para fronteira
283.16,206.5,navigating,-1.5713,2.829,0.3529,117.12,0.17,0.0002,0.1914,12.6,40.36,9207,12,518,12,292.2,8,35,9,0,5,0,0,0,0,False,,,0,0,0,0,0,navegando para fronteira
283.635,207.0,navigating,-1.5703,2.8302,0.3539,121.69,0.04,0.003,0.1446,12.605,40.36,9207,12,518,12,292.2,8,35,9,0,5,0,0,0,0,False,,,0,0,0,0,0,navegando para fronteira
284.123,207.5,navigating,-1.5709,2.8298,0.3515,126.14,0.11,0.0001,0.1425,12.609,40.36,9207,12,518,12,292.2,8,35,9,0,5,0,0,0,0,False,,,0,0,0,0,0,navegando para fronteira
284.596,208.0,navigating,-1.5735,2.8282,0.3454,130.72,0.14,0.0017,0.1661,12.616,40.36,9207,12,518,12,292.2,8,35,9,0,5,0,0,0,0,False,,,0,0,0,0,0,navegando para fronteira
285.09,208.5,navigating,-1.5701,2.8336,0.3486,135.33,0.16,0.0017,0.1664,12.624,40.36,9207,12,518,12,292.2,8,35,9,0,5,0,0,0,0,False,,,0,0,0,0,0,navegando para fronteira
285.568,209.0,navigating,-1.5764,2.8236,0.3513,139.87,0.38,0.0032,0.1946,12.637,40.36,9207,12,518,12,292.2,8,35,9,0,5,0,0,0,0,False,,,0,0,0,0,0,navegando para fronteira
286.044,209.501,navigating,-1.5775,2.8259,0.3489,144.68,0.12,0.0076,0.1985,12.651,40.36,9207,12,518,12,292.2,8,35,9,0,5,0,0,0,0,False,,,0,0,0,0,0,navegando para fronteira
286.538,210.0,navigating,-1.5761,2.8231,0.3509,149.6,0.24,0.0025,0.2,12.668,40.36,9207,12,518,12,292.2,8,35,9,0,5,0,0,0,0,False,,,0,0,0,0,0,navegando para fronteira
287.027,210.5,navigating,-1.5829,2.8202,0.3524,154.6,0.12,0.0055,0.2,12.682,40.36,9207,12,518,12,292.2,8,35,9,0,5,0,0,0,0,False,,,0,0,0,0,0,navegando para fronteira
287.509,211.0,navigating,-1.5836,2.8273,0.3513,159.62,0.11,0.009,0.1954,12.691,40.36,9207,12,518,12,292.2,8,35,9,0,5,0,0,0,0,False,,,0,0,0,0,0,navegando para fronteira
287.996,211.5,navigating,-1.5907,2.8221,0.3527,164.66,0.24,0.0102,0.1747,12.701,40.36,9207,12,518,12,292.2,8,35,9,0,5,0,0,0,0,False,,,0,0,0,0,0,navegando para fronteira
288.488,212.0,navigating,-1.5947,2.8249,0.3529,169.69,0.07,0.0073,0.2,12.709,40.36,9207,12,518,12,292.2,8,35,9,0,5,0,0,0,0,False,,,0,0,0,0,0,navegando para fronteira
288.971,212.5,navigating,-1.6,2.8237,0.3543,174.69,0.2,0.0109,0.1767,12.716,40.36,9207,12,518,12,292.2,8,35,9,0,5,0,0,0,0,False,,,0,0,0,0,0,navegando para fronteira
289.46,213.0,navigating,-1.6094,2.8202,0.3532,179.3,0.27,0.0233,0.1744,12.728,40.36,9207,12,518,12,292.2,8,35,9,0,5,0,0,0,0,False,,,0,0,0,0,0,navegando para fronteira
289.956,213.5,navigating,-1.6219,2.8236,0.3546,-176.01,0.22,0.0282,0.1788,12.742,40.36,9207,12,518,12,292.2,8,35,9,0,5,0,0,0,0,False,,,0,0,0,0,0,navegando para fronteira
290.451,214.0,navigating,-1.6385,2.8157,0.3557,-171.32,0.31,0.0328,0.1683,12.761,40.36,9207,12,518,12,292.2,8,35,9,0,5,0,0,0,0,False,,,0,0,0,0,0,navegando para fronteira
290.893,214.5,navigating,-1.6532,2.813,0.3534,-167.5,0.11,0.0296,0.1871,12.776,40.36,9207,12,518,12,292.2,8,35,9,0,5,0,0,0,0,False,,,0,0,0,0,0,navegando para fronteira
291.368,215.0,navigating,-1.6656,2.8067,0.3504,-163.38,0.3,0.0221,0.1766,12.792,40.36,9207,12,518,12,292.2,8,35,9,0,5,0,0,0,0,False,,,0,0,0,0,0,navegando para fronteira
291.851,215.502,navigating,-1.6758,2.7977,0.3507,-159.34,0.28,0.0195,0.1783,12.807,40.36,9207,12,518,12,292.2,8,35,9,0,5,0,0,0,0,False,,,0,0,0,0,0,navegando para fronteira
292.335,216.0,navigating,-1.6925,2.798,0.3503,-154.86,0.11,0.0085,0.1623,12.824,40.36,9207,12,518,12,292.2,8,35,9,0,5,0,0,0,0,False,,,0,0,0,0,0,navegando para fronteira
292.81,216.5,navigating,-1.6974,2.7888,0.3501,-150.61,0.23,0.009,0.1273,12.836,40.36,9207,12,518,12,292.2,8,35,9,0,5,0,0,0,0,False,,,0,0,0,0,0,navegando para fronteira
293.289,217.0,navigating,-1.702,2.7868,0.3499,-146.63,0.12,0.0047,0.1414,12.846,40.36,9207,12,518,12,292.2,8,35,9,0,5,0,0,0,0,False,,,0,0,0,0,0,navegando para fronteira
293.776,217.5,navigating,-1.7104,2.7838,0.3519,-142.94,0.13,0.0107,0.1514,12.856,40.36,9207,12,518,12,292.2,8,35,9,0,5,0,0,0,0,False,,,0,0,0,0,0,navegando para fronteira
294.255,218.0,navigating,-1.718,2.7693,0.3537,-139.37,0.34,0.0292,0.1556,12.873,40.36,9207,12,518,12,292.2,8,35,9,0,5,0,0,0,0,False,,,0,0,0,0,0,navegando para fronteira
294.746,218.501,navigating,-1.7345,2.7574,0.3532,-135.49,0.18,0.0337,0.1387,12.894,40.36,9207,12,518,12,292.2,8,35,9,0,5,0,0,0,0,False,,,0,0,0,0,0,navegando para fronteira
295.233,219.0,navigating,-1.7448,2.7427,0.3519,-132.12,0.2,0.0285,0.1425,12.913,40.36,9207,12,518,12,292.2,8,35,9,0,5,0,0,0,0,False,,,0,0,0,0,0,navegando para fronteira
295.729,219.5,navigating,-1.759,2.7221,0.3513,-128.62,0.22,0.0353,0.1486,12.938,40.36,9207,12,518,12,292.2,8,35,9,0,5,0,0,0,0,False,,,0,0,0,0,0,navegando para fronteira
296.199,220.0,navigating,-1.7768,2.7021,0.3489,-125.41,0.34,0.0547,0.123,12.965,40.36,9207,12,518,12,292.2,8,35,9,0,5,0,0,0,0,False,,,0,0,0,0,0,navegando para fronteira
296.686,220.5,navigating,-1.7878,2.6727,0.3501,-121.5,0.38,0.0442,0.1292,12.997,40.36,9207,12,518,12,292.2,8,35,9,0,5,0,0,0,0,False,,,0,0,0,0,0,navegando para fronteira
297.157,221.0,navigating,-1.8123,2.6525,0.3525,-118.02,0.18,0.0526,0.1343,13.03,40.36,9208,12,518,12,292.2,8,35,9,0,5,0,0,0,0,False,,,0,0,0,0,0,navegando para fronteira
297.645,221.5,navigating,-1.8198,2.615,0.3523,-114.21,0.43,0.0603,0.1325,13.068,40.36,9208,12,518,12,292.2,8,35,9,0,5,0,0,0,0,False,,,0,0,0,0,0,navegando para fronteira
298.132,222.0,navigating,-1.8297,2.5826,0.3554,-110.77,0.34,0.0669,0.1236,13.104,40.36,9208,12,518,12,292.2,8,35,9,0,5,0,0,0,0,False,,,0,0,0,0,0,navegando para fronteira
298.609,222.5,navigating,-1.8488,2.5498,0.3527,-107.87,0.24,0.0721,0.0968,13.144,40.36,9208,12,518,12,292.2,8,35,9,0,5,0,0,0,0,False,,,0,0,0,0,0,navegando para fronteira
299.105,223.0,navigating,-1.852,2.4993,0.3552,-105.32,0.57,0.0939,0.1027,13.194,40.36,9208,12,518,12,292.2,8,35,9,0,5,0,0,0,0,False,,,0,0,0,0,0,navegando para fronteira
299.579,223.5,navigating,-1.8764,2.4459,0.3509,-103.41,0.23,0.1078,0.0684,13.253,40.36,9208,12,518,12,292.2,8,35,9,0,5,0,0,0,0,False,,,0,0,0,0,0,navegando para fronteira
300.05,224.0,navigating,-1.8814,2.3906,0.3534,-101.97,0.49,0.1007,0.0738,13.31,40.79,9305,12,518,12,292.2,8,35,9,0,5,0,0,0,0,False,,,0,0,0,0,0,navegando para fronteira
300.527,224.5,navigating,-1.8967,2.3297,0.3541,-100.27,0.23,0.1168,0.0896,13.373,40.79,9305,12,518,12,292.2,8,35,9,0,5,0,0,0,0,False,,,0,0,0,0,0,navegando para fronteira
301.002,225.0,navigating,-1.9101,2.2548,0.3509,-98.81,0.41,0.1388,0.0185,13.449,40.79,9305,12,518,12,292.2,8,35,9,0,5,0,0,0,0,False,,,0,0,0,0,0,navegando para fronteira
301.49,225.5,navigating,-1.9168,2.179,0.3519,-97.97,0.27,0.1303,-0.0257,13.526,40.79,9305,12,518,12,292.2,8,35,9,0,5,0,0,0,0,False,,,0,0,0,0,0,navegando para fronteira
301.974,226.0,navigating,-1.9367,2.1068,0.3541,-98.4,0.21,0.1259,-0.0519,13.601,40.79,9305,12,518,12,292.2,8,35,9,0,5,0,0,0,0,False,,,0,0,0,0,0,navegando para fronteira
302.452,226.503,navigating,-1.9404,2.0357,0.3573,-99.85,0.47,0.1292,-0.0941,13.672,40.79,9305,12,518,12,292.2,8,35,9,0,5,0,0,0,0,False,,,0,0,0,0,0,navegando para fronteira
302.937,227.0,navigating,-1.9614,1.9663,0.3544,-102.5,0.37,0.1264,-0.1305,13.746,40.88,9327,12,518,12,292.2,8,35,9,0,5,0,0,0,0,False,,,0,0,0,0,0,navegando para fronteira
303.43,227.5,navigating,-1.9761,1.8947,0.3521,-105.95,0.25,0.1123,-0.1183,13.82,40.88,9327,12,518,12,292.2,8,35,9,0,5,0,0,0,0,False,,,0,0,0,0,0,navegando para fronteira
303.913,228.002,navigating,-1.9923,1.834,0.3491,-109.63,0.05,0.1017,-0.1272,13.883,40.88,9327,12,518,12,292.2,8,35,9,0,5,0,0,0,0,False,,,0,0,0,0,0,navegando para fronteira
304.416,228.5,navigating,-2.0282,1.783,0.3505,-113.35,0.43,0.0959,-0.1405,13.947,40.88,9327,12,518,12,292.2,8,35,9,0,5,0,0,0,0,False,,,0,0,0,0,0,navegando para fronteira
304.894,229.0,navigating,-2.0236,1.7443,0.3499,-117.49,0.43,0.0467,-0.1881,13.987,40.88,9327,12,518,12,292.2,8,35,9,0,5,0,0,0,0,False,,,0,0,0,0,0,navegando para fronteira
305.355,229.5,navigating,-2.0455,1.7252,0.3497,-122.08,0.56,0.0482,-0.1827,14.02,40.88,9327,12,518,12,292.2,8,35,9,0,5,0,0,0,0,False,,,0,0,0,0,0,navegando para fronteira
305.833,230.0,navigating,-2.0613,1.7152,0.3488,-126.6,0.33,0.0389,-0.1931,14.04,40.91,9334,12,518,12,292.2,8,35,9,0,5,0,0,0,0,False,,,0,0,0,0,0,navegando para fronteira
306.328,230.5,navigating,-2.067,1.7022,0.3471,-131.65,0.11,0.0253,-0.1958,14.056,40.91,9334,12,518,12,292.2,8,35,9,0,5,0,0,0,0,False,,,0,0,0,0,0,navegando para fronteira
306.818,231.0,navigating,-2.0809,1.6906,0.3489,-136.16,0.25,0.0341,-0.2,14.075,40.91,9334,12,518,12,292.2,8,35,9,0,5,0,0,0,0,False,,,0,0,0,0,0,navegando para fronteira
307.291,231.5,navigating,-2.096,1.6706,0.3412,-140.83,0.13,0.0416,-0.16,14.1,40.91,9334,12,518,12,292.2,8,35,9,0,5,0,0,0,0,False,,,0,0,0,0,0,navegando para fronteira
307.78,232.0,navigating,-2.1202,1.6552,0.3475,-144.76,0.14,0.0472,-0.1644,14.13,40.91,9334,12,518,12,292.2,8,35,9,0,5,0,0,0,0,False,,,0,0,0,0,0,navegando para fronteira
308.268,232.5,navigating,-2.1391,1.6333,0.3489,-149.37,0.02,0.0449,-0.1495,14.159,40.91,9334,12,518,12,292.2,8,35,9,0,5,0,0,0,0,False,,,0,0,0,0,0,navegando para fronteira
308.757,233.0,navigating,-2.1666,1.6236,0.352,-153.6,0.32,0.0575,-0.1394,14.188,40.91,9334,12,518,12,292.2,8,35,9,0,5,0,0,0,0,False,,,0,0,0,0,0,navegando para fronteira
309.25,233.5,navigating,-2.1961,1.6072,0.3546,-157.38,0.31,0.0679,-0.1121,14.224,40.91,9334,12,518,12,292.2,8,35,9,0,5,0,0,0,0,False,,,0,0,0,0,0,navegando para fronteira
309.708,234.0,navigating,-2.2225,1.589,0.3541,-160.3,0.11,0.0605,-0.1337,14.257,40.92,9336,12,518,12,292.2,8,35,9,0,5,0,0,0,0,False,,,0,0,0,0,0,navegando para fronteira
310.182,234.5,navigating,-2.2622,1.5944,0.3517,-163.09,0.52,0.0854,-0.101,14.298,40.92,9336,12,518,12,292.2,8,35,9,0,5,0,0,0,0,False,,,0,0,0,0,0,navegando para fronteira
310.654,235.0,navigating,-2.3045,1.571,0.3548,-165.32,0.32,0.0908,-0.0936,14.347,40.92,9336,12,518,12,292.2,8,35,9,0,5,0,0,0,0,False,,,0,0,0,0,0,navegando para fronteira
311.132,235.5,navigating,-2.3489,1.563,0.3526,-167.03,0.57,0.0798,-0.0489,14.394,40.92,9336,12,518,12,292.2,8,35,9,0,5,0,0,0,0,False,,,0,0,1,1,0,navegando para fronteira
311.622,236.0,navigating,-2.3951,1.5545,0.3552,-168.56,0.14,0.0792,-0.0771,14.444,40.94,9339,12,518,12,292.2,8,35,9,0,5,0,0,0,0,False,,,0,0,1,1,0,navegando para fronteira
312.11,236.5,homing_exit,-2.4453,1.5306,0.3535,-170.71,0.4,0.082,-0.0373,14.499,40.94,9339,12,518,12,292.2,8,35,9,0,5,0,0,0,0,True,2.36,2.36,1,0,1,1,0,aproximando marcador da saida
312.599,237.0,homing_exit,-2.4725,1.5376,0.3501,-171.28,0.37,0.0,0.0,14.531,40.94,9339,12,518,12,292.2,8,35,9,0,5,0,0,0,0,True,2.36,2.36,1,0,1,1,0,aproximando marcador da saida
313.08,237.5,homing_exit,-2.4774,1.5348,0.3495,-171.32,0.09,0.0,0.0,14.538,40.94,9339,12,518,12,292.2,8,35,9,0,5,0,0,0,0,True,2.03,2.36,1,0,1,1,0,aproximando marcador da saida
313.516,238.0,homing_exit,-2.4792,1.5346,0.3496,-171.32,0.09,0.0,0.0,14.54,40.94,9339,12,518,12,292.2,8,35,9,0,5,0,0,0,0,True,2.03,2.36,1,0,1,1,0,aproximando marcador da saida
314.005,238.5,homing_exit,-2.4795,1.5345,0.3496,-171.33,0.11,0.0,0.0,14.54,40.94,9339,12,518,12,292.2,8,35,9,0,5,0,0,0,0,True,2.03,2.36,1,0,1,1,0,aproximando marcador da saida
314.483,239.0,homing_exit,-2.4872,1.5381,0.3447,-171.33,0.25,0.0316,-0.0065,14.549,40.94,9339,12,518,12,292.2,8,35,9,0,5,0,0,0,0,True,2.03,2.36,1,0,1,1,0,aproximando marcador da saida
314.965,239.5,homing_exit,-2.5263,1.5285,0.3512,-170.83,0.22,0.0756,0.0139,14.59,40.94,9339,12,518,12,292.2,8,35,9,0,5,0,0,0,0,True,2.03,2.36,1,0,1,1,0,aproximando marcador da saida
315.45,240.0,homing_exit,-2.5681,1.5133,0.3571,-170.12,0.39,0.0784,0.0538,14.635,40.94,9339,12,518,12,292.2,8,35,9,0,5,0,0,0,0,True,1.94,2.36,1,0,1,1,0,aproximando marcador da saida
315.948,240.5,homing_exit,-2.6038,1.5093,0.3581,-167.75,0.2,0.0629,0.1347,14.672,40.94,9339,12,518,12,292.2,8,35,9,0,5,0,0,0,0,True,1.94,2.36,1,0,1,1,0,aproximando marcador da saida
316.445,241.001,homing_exit,-2.6394,1.4891,0.3555,-164.27,0.35,0.0612,0.1603,14.713,40.94,9339,12,518,12,292.2,8,35,9,0,5,0,0,0,0,True,2.13,2.36,1,0,1,1,0,aproximando marcador da saida
316.934,241.5,homing_exit,-2.6787,1.482,0.3532,-160.64,0.12,0.0761,0.1524,14.753,40.94,9339,12,518,12,292.2,8,35,9,0,5,0,0,0,0,True,2.13,2.36,1,0,0,1,0,aproximando marcador da saida
317.406,242.0,homing_exit,-2.7166,1.4671,0.3532,-156.93,0.33,0.0704,0.1681,14.796,40.94,9339,12,518,12,292.2,8,35,9,0,5,0,0,0,0,True,2.48,2.36,1,0,0,1,0,aproximando marcador da saida
317.896,242.5,homing_exit,-2.7413,1.4412,0.3538,-153.48,0.48,0.0571,0.1061,14.832,40.94,9339,12,518,12,292.2,8,35,9,0,5,0,0,0,0,True,2.48,2.36,1,0,0,1,0,aproximando marcador da saida
318.383,243.001,homing_exit,-2.7789,1.4351,0.3532,-150.14,0.46,0.0647,0.1197,14.871,40.94,9339,12,518,12,292.2,8,35,9,0,5,0,0,0,0,True,2.41,2.36,1,0,0,1,0,aproximando marcador da saida
318.856,243.501,homing_exit,-2.8086,1.4037,0.3459,-146.89,0.56,0.0737,0.1065,14.917,40.94,9339,12,518,12,292.2,8,35,9,0,5,0,0,0,0,True,2.41,2.36,1,0,0,1,0,aproximando marcador da saida
319.344,244.0,homing_exit,-2.8205,1.3767,0.3477,-143.54,0.45,0.0,0.0317,14.95,40.94,9339,12,518,12,292.2,8,35,9,0,5,0,0,0,0,False,2.33,2.36,1,0,0,1,0,aproximando marcador da saida
319.824,244.5,homing_exit,-2.8186,1.3963,0.3423,-143.35,0.28,0.0,0.0,14.974,40.94,9339,12,518,12,292.2,8,35,9,0,5,0,0,0,0,False,2.33,2.36,1,0,0,1,0,aproximando marcador da saida
320.3,245.0,homing_exit,-2.8259,1.3866,0.3464,-143.32,0.29,0.0112,0.0131,14.987,40.94,9339,12,518,12,292.2,8,35,9,0,5,0,0,0,0,False,2.32,2.36,1,0,0,1,0,aproximando marcador da saida
320.784,245.5,homing_exit,-2.8297,1.3866,0.3475,-142.99,0.14,0.0253,0.024,15.004,40.94,9339,12,518,12,292.2,8,35,9,0,5,0,0,0,0,False,2.32,2.36,1,0,0,1,0,aproximando marcador da saida
321.271,246.0,homing_exit,-2.8542,1.3531,0.3507,-142.51,0.31,0.0866,0.0251,15.046,40.94,9339,12,518,12,292.2,8,35,9,0,5,0,0,0,0,False,2.3,2.36,1,0,0,1,0,aproximando marcador da saida
321.766,246.5,homing_exit,-2.9136,1.3181,0.3572,-141.71,0.42,0.125,0.0486,15.115,40.94,9339,12,518,12,292.2,8,35,9,0,5,0,0,0,0,False,2.3,2.36,1,0,0,1,0,aproximando marcador da saida
322.208,247.0,homing_exit,-2.9539,1.271,0.3525,-141.11,0.72,0.1205,0.0268,15.177,40.95,9343,12,518,12,292.2,8,35,9,0,5,0,0,0,0,False,2.19,2.36,1,0,0,1,0,aproximando marcador da saida
322.702,247.5,homing_exit,-3.0127,1.2236,0.3563,-140.18,0.28,0.1321,0.0419,15.254,40.95,9343,12,518,12,292.2,8,35,9,0,5,0,0,0,0,False,2.19,2.36,1,0,0,1,0,aproximando marcador da saida
323.192,248.0,homing_exit,-3.074,1.1687,0.3542,-139.29,0.39,0.1441,0.0205,15.336,40.96,9345,12,518,12,292.2,8,35,9,0,5,0,0,0,0,False,2.06,2.36,1,0,0,1,0,aproximando marcador da saida
323.688,248.5,homing_exit,-3.1309,1.1096,0.3555,-138.54,0.36,0.1345,0.0114,15.419,40.96,9345,12,518,12,292.2,8,35,9,0,5,0,0,0,0,False,2.06,2.36,1,0,0,1,0,aproximando marcador da saida
324.177,249.002,homing_exit,-3.1896,1.0618,0.3568,-137.67,0.21,0.1303,0.0552,15.496,40.96,9345,12,518,12,292.2,8,35,9,0,5,0,0,0,0,False,1.9,2.36,1,0,0,1,0,aproximando marcador da saida
324.678,249.5,homing_exit,-3.2398,1.0021,0.3563,-136.47,0.51,0.1363,0.0477,15.574,40.96,9345,12,518,12,292.2,8,35,9,0,5,0,0,0,0,False,1.9,2.36,1,0,0,1,0,aproximando marcador da saida
325.164,250.0,homing_exit,-3.2992,0.9485,0.3558,-135.4,0.19,0.1376,0.0555,15.654,40.96,9345,12,518,12,292.2,8,35,9,0,5,0,0,0,0,False,1.75,2.36,1,0,0,1,0,aproximando marcador da saida
325.642,250.5,homing_exit,-3.351,0.8924,0.3486,-134.23,0.2,0.1314,0.0971,15.731,40.96,9345,12,518,12,292.2,8,35,9,0,5,0,0,0,0,False,1.75,2.36,1,0,0,1,0,aproximando marcador da saida
326.132,251.0,homing_exit,-3.4012,0.8356,0.3485,-132.41,0.2,0.1266,0.0761,15.807,40.96,9345,12,518,12,292.2,8,35,9,0,5,0,0,0,0,False,1.6,2.36,1,0,0,1,0,aproximando marcador da saida
326.613,251.5,homing_exit,-3.4519,0.7797,0.3497,-130.94,0.28,0.1038,0.0487,15.882,40.96,9345,12,518,12,292.2,8,35,9,0,5,0,0,0,0,False,1.6,2.36,1,0,0,1,0,aproximando marcador da saida
327.106,252.0,homing_exit,-3.4816,0.7273,0.3469,-129.55,0.33,0.0908,0.0118,15.943,40.96,9345,12,518,12,292.2,8,35,9,0,5,0,0,0,0,False,1.47,2.36,1,0,0,1,0,aproximando marcador da saida
327.585,252.5,homing_exit,-3.519,0.6882,0.3482,-128.72,0.13,0.0841,0.0421,15.998,40.96,9345,12,518,12,292.2,8,35,9,0,5,0,0,0,0,False,1.47,2.36,1,0,0,1,0,aproximando marcador da saida
328.065,253.0,homing_exit,-3.5518,0.6428,0.3438,-127.22,0.21,0.0925,0.0503,16.054,40.96,9345,12,518,12,292.2,8,35,9,0,5,0,0,0,0,False,1.37,2.36,1,0,0,1,0,aproximando marcador da saida
328.55,253.5,homing_exit,-3.5795,0.5884,0.3489,-125.54,0.41,0.0965,0.0614,16.115,40.96,9345,12,518,12,292.2,8,35,9,0,5,0,0,0,0,False,1.37,2.36,1,0,0,1,0,aproximando marcador da saida
329.005,254.0,homing_exit,-3.5823,0.5633,0.3442,-123.98,0.81,0.0379,0.095,16.143,40.96,9345,12,518,12,292.2,8,35,9,0,5,0,0,0,0,False,1.28,2.36,1,0,0,1,0,aproximando marcador da saida
329.495,254.5,homing_exit,-3.5832,0.5337,0.3462,-122.75,0.5,0.0549,0.0775,16.174,40.96,9345,12,518,12,292.2,8,35,9,0,5,0,0,0,0,False,1.28,2.36,1,0,0,1,0,aproximando marcador da saida
329.984,255.0,homing_exit,-3.5837,0.5173,0.3442,-121.23,0.49,0.0253,0.0988,16.196,40.96,9345,12,518,12,292.2,8,35,9,0,5,0,0,0,0,False,1.28,2.36,1,0,0,1,0,aproximando marcador da saida
330.476,255.5,homing_exit,-3.5956,0.4981,0.35,-119.73,0.04,0.0404,0.0817,16.22,40.96,9345,12,518,12,292.2,8,35,9,0,5,0,0,0,0,False,1.23,2.36,1,0,0,1,0,aproximando marcador da saida
330.969,256.0,homing_exit,-3.5889,0.4833,0.3488,-118.4,0.55,0.0193,0.0541,16.239,40.96,9345,12,518,12,292.2,8,35,9,0,5,0,0,0,0,False,1.23,2.36,1,0,0,1,0,aproximando marcador da saida
331.456,256.5,homing_exit,-3.6021,0.4686,0.349,-116.93,0.2,0.0361,0.0301,16.259,40.96,9345,12,518,12,292.2,8,35,9,0,5,0,0,0,0,False,1.21,2.36,1,0,0,1,0,aproximando marcador da saida
331.929,257.0,homing_exit,-3.5891,0.4427,0.3524,-116.52,0.75,0.0325,-0.0402,16.291,40.96,9345,12,518,12,292.2,8,35,9,0,5,0,0,0,0,False,1.21,2.36,1,0,0,1,0,aproximando marcador da saida
332.423,257.502,homing_exit,-3.6033,0.4334,0.3539,-116.1,0.12,0.03,0.0034,16.312,40.96,9345,12,518,12,292.2,8,35,9,0,5,0,0,0,0,False,1.16,2.36,1,0,0,1,0,aproximando marcador da saida
332.913,258.0,homing_exit,-3.6041,0.4047,0.3538,-114.87,0.56,0.0531,0.0061,16.341,40.96,9345,12,518,12,292.2,8,35,9,0,5,0,0,0,0,False,1.16,2.36,1,0,0,1,0,aproximando marcador da saida
333.407,258.5,homing_exit,-3.6012,0.3906,0.3487,-114.5,0.75,0.031,-0.0357,16.361,40.96,9345,12,518,12,292.2,8,35,9,0,5,0,0,0,0,False,1.12,2.36,1,0,0,1,0,aproximando marcador da saida
333.866,259.0,homing_exit,-3.6061,0.3772,0.3492,-115.26,0.1,0.0,0.0,16.382,40.96,9345,12,518,12,292.2,8,35,9,0,5,0,0,0,0,False,1.12,2.36,1,0,0,1,0,aproximando marcador da saida
334.351,259.5,homing_exit,-3.6054,0.3879,0.3434,-115.64,0.27,0.0158,0.0267,16.408,40.96,9345,12,518,12,292.2,8,35,9,0,5,0,0,0,0,False,1.1,2.36,1,0,0,1,0,aproximando marcador da saida
334.824,260.0,homing_exit,-3.6069,0.3707,0.3487,-115.01,0.28,0.038,0.063,16.426,40.96,9345,12,518,12,292.2,8,35,9,0,5,0,0,0,0,False,1.1,2.36,1,0,0,1,0,aproximando marcador da saida
335.307,260.5,homing_exit,-3.6117,0.3454,0.3514,-113.23,0.29,0.0493,0.052,16.453,40.96,9345,12,518,12,292.2,8,35,9,0,5,0,0,0,0,False,1.08,2.36,1,0,0,1,0,aproximando marcador da saida
335.788,261.0,homing_exit,-3.6168,0.3156,0.3516,-111.4,0.31,0.0457,0.0541,16.485,40.96,9345,12,518,12,292.2,8,35,9,0,5,0,0,0,0,False,1.08,2.36,1,0,0,1,0,aproximando marcador da saida
336.274,261.5,homing_exit,-3.6214,0.2886,0.3517,-109.75,0.27,0.0531,0.09,16.514,40.96,9345,12,518,12,292.2,8,35,9,0,5,0,0,0,0,False,1.02,2.36,1,0,0,1,0,aproximando marcador da saida
336.754,262.0,homing_exit,-3.6269,0.2558,0.3519,-107.79,0.35,0.0705,0.0493,16.549,40.96,9345,12,518,12,292.2,8,35,9,0,5,0,0,0,0,False,1.02,2.36,1,0,0,1,0,aproximando marcador da saida
337.222,262.5,homing_exit,-3.6238,0.2204,0.3549,-106.2,0.91,0.0,0.0,16.587,40.96,9345,12,518,12,292.2,8,35,9,0,5,0,0,0,0,False,0.95,2.36,1,0,0,1,0,aproximando marcador da saida
337.713,263.001,homing_exit,-3.622,0.2208,0.3508,-106.12,0.13,0.0,0.0,16.607,40.96,9345,12,518,12,292.2,8,35,9,0,5,0,0,0,0,False,0.95,2.36,1,0,0,1,0,aproximando marcador da saida
338.204,263.5,homing_exit,-3.6253,0.2167,0.3508,-106.05,0.1,0.0,0.0,16.613,40.96,9345,12,518,12,292.2,8,35,9,0,5,0,0,0,0,False,0.93,2.36,1,0,0,1,0,aproximando marcador da saida
338.702,264.0,homing_exit,-3.6261,0.2165,0.3504,-106.1,0.11,0.0,0.0,16.614,40.96,9345,12,518,12,292.2,8,35,9,0,5,0,0,0,0,False,0.93,2.36,1,0,0,1,0,aproximando marcador da saida
339.199,264.5,homing_exit,-3.6263,0.2161,0.3503,-106.13,0.12,0.0,0.0,16.615,40.96,9345,12,518,12,292.2,8,35,9,0,5,0,0,0,0,False,0.93,2.36,1,0,0,1,0,aproximando marcador da saida
339.67,265.0,homing_exit,-3.6264,0.216,0.3503,-106.11,0.12,0.0,0.0,16.615,40.96,9345,12,518,12,292.2,8,35,9,0,5,0,0,0,0,False,0.93,2.36,1,0,0,1,0,aproximando marcador da saida
340.167,265.5,homing_exit,-3.6266,0.2158,0.3505,-106.13,0.13,0.0,0.0,16.615,40.96,9345,12,518,12,292.2,8,35,9,0,5,0,0,0,0,False,0.93,2.36,1,0,0,1,0,aproximando marcador da saida
340.648,266.0,homing_exit,-3.6265,0.2156,0.3506,-106.15,0.14,0.0,0.0,16.616,40.96,9345,12,518,12,292.2,8,35,9,0,5,0,0,0,0,False,0.93,2.36,1,0,0,1,0,aproximando marcador da saida
341.142,266.5,homing_exit,-3.6266,0.2156,0.3508,-106.13,0.14,0.0,0.0,16.616,40.96,9345,12,518,12,292.2,8,35,9,0,5,0,0,0,0,False,0.93,2.36,1,0,0,1,0,aproximando marcador da saida
341.621,267.0,homing_exit,-3.6266,0.2155,0.3509,-106.09,0.15,0.0,0.0,16.616,40.96,9345,12,518,12,292.2,8,35,9,0,5,0,0,0,0,False,0.93,2.36,1,0,0,1,0,aproximando marcador da saida
342.099,267.5,homing_exit,-3.6266,0.2155,0.351,-106.08,0.15,0.0,0.0,16.616,40.96,9345,12,518,12,292.2,8,35,9,0,5,0,0,0,0,False,0.93,2.36,1,0,0,1,0,aproximando marcador da saida
342.567,268.0,homing_exit,-3.6266,0.2154,0.3512,-106.03,0.16,0.0,0.0,16.616,40.96,9345,12,518,12,292.2,8,35,9,0,5,0,0,0,0,False,0.93,2.36,1,0,0,1,0,aproximando marcador da saida
343.054,268.5,homing_exit,-3.6264,0.2154,0.3513,-105.73,0.16,0.0,0.0,16.617,40.96,9345,12,518,12,292.2,8,35,9,0,5,0,0,0,0,False,0.93,2.36,1,0,0,1,0,aproximando marcador da saida
343.551,269.0,homing_exit,-3.6264,0.2154,0.3513,-105.77,0.16,0.0,0.0,16.618,40.96,9345,12,518,12,292.2,8,35,9,0,5,0,0,0,0,False,0.93,2.36,1,0,0,1,0,aproximando marcador da saida
344.016,269.5,homing_exit,-3.6265,0.2154,0.3514,-105.8,0.16,0.0,0.0,16.618,40.96,9345,12,518,12,292.2,8,35,9,0,5,0,0,0,0,False,0.93,2.36,1,0,0,1,0,aproximando marcador da saida
344.507,270.0,homing_exit,-3.6268,0.2156,0.3514,-106.07,0.15,0.0,0.0,16.619,40.96,9345,12,518,12,292.2,8,35,9,0,5,0,0,0,0,False,0.93,2.36,1,0,0,1,0,aproximando marcador da saida
345.005,270.5,homing_exit,-3.6265,0.2155,0.3514,-105.88,0.17,0.0,0.0,16.62,40.96,9345,12,518,12,292.2,8,35,9,0,5,0,0,0,0,False,0.93,2.36,1,0,0,1,0,aproximando marcador da saida
345.498,271.0,homing_exit,-3.6266,0.2155,0.3514,-106.07,0.15,0.0,0.0,16.62,40.96,9345,12,518,12,292.2,8,35,9,0,5,0,0,0,0,False,0.93,2.36,1,0,0,1,0,aproximando marcador da saida
345.963,271.5,homing_exit,-3.6266,0.2155,0.3514,-106.07,0.15,0.0,0.0,16.62,40.96,9345,12,518,12,292.2,8,35,9,0,5,0,0,0,0,False,0.93,2.36,1,0,0,1,0,aproximando marcador da saida
346.44,272.0,homing_exit,-3.6266,0.2155,0.3514,-106.09,0.15,0.0,0.0,16.62,40.96,9345,12,518,12,292.2,8,35,9,0,5,0,0,0,0,False,0.93,2.36,1,0,0,1,0,aproximando marcador da saida
346.885,272.5,homing_exit,-3.6266,0.2155,0.3514,-106.12,0.15,0.0,0.0,16.62,40.96,9345,12,518,12,292.2,8,35,9,0,5,0,0,0,0,False,0.93,2.36,1,0,0,1,0,aproximando marcador da saida
347.371,273.0,homing_exit,-3.6267,0.2155,0.3514,-106.11,0.15,0.0,0.0,16.62,40.96,9345,12,518,12,292.2,8,35,9,0,5,0,0,0,0,False,0.93,2.36,1,0,0,1,0,aproximando marcador da saida
347.829,273.5,homing_exit,-3.6266,0.2155,0.3514,-106.1,0.15,0.0,0.0,16.621,40.96,9345,12,518,12,292.2,8,35,9,0,5,0,0,0,0,False,0.93,2.36,1,0,0,1,0,aproximando marcador da saida
348.322,274.0,homing_exit,-3.6267,0.2155,0.3514,-106.11,0.15,0.0,0.0,16.621,40.96,9345,12,518,12,292.2,8,35,9,0,5,0,0,0,0,False,0.93,2.36,1,0,0,1,0,aproximando marcador da saida
348.81,274.5,homing_exit,-3.6266,0.2155,0.3514,-106.07,0.16,0.0,0.0,16.621,40.96,9345,12,518,12,292.2,8,35,9,0,5,0,0,0,0,False,0.93,2.36,1,0,0,1,0,aproximando marcador da saida
349.299,275.0,homing_exit,-3.6267,0.2155,0.3514,-106.13,0.15,0.0,0.0,16.621,40.96,9345,12,518,12,292.2,8,35,9,0,5,0,0,0,0,False,0.93,2.36,1,0,0,1,0,aproximando marcador da saida
349.778,275.501,homing_exit,-3.6265,0.2155,0.3513,-105.96,0.16,0.0,0.0,16.621,40.96,9345,12,518,12,292.2,8,35,9,0,5,0,0,0,0,False,0.93,2.36,1,0,0,1,0,aproximando marcador da saida
350.212,276.0,homing_exit,-3.6268,0.2156,0.3513,-106.48,0.14,0.0,0.0,16.622,40.96,9345,12,518,12,292.2,8,35,9,0,5,0,0,0,0,False,0.93,2.36,1,0,0,1,0,aproximando marcador da saida
350.707,276.5,homing_exit,-3.6262,0.2154,0.3513,-105.84,0.16,0.0,0.0,16.623,40.96,9345,12,518,12,292.2,8,35,9,0,5,0,0,0,0,False,0.93,2.36,1,0,0,1,0,aproximando marcador da saida
351.194,277.0,homing_exit,-3.6265,0.2154,0.3513,-106.05,0.15,0.0,0.0,16.623,40.96,9345,12,518,12,292.2,8,35,9,0,5,0,0,0,0,False,0.93,2.36,1,0,0,1,0,aproximando marcador da saida
351.689,277.5,homing_exit,-3.6267,0.2155,0.3513,-106.26,0.15,0.0,0.0,16.624,40.96,9345,12,518,12,292.2,8,35,9,0,5,0,0,0,0,False,0.93,2.36,1,0,0,1,0,aproximando marcador da saida
352.154,278.0,homing_exit,-3.6266,0.2155,0.3513,-106.08,0.15,0.0,0.0,16.624,40.96,9345,12,518,12,292.2,8,35,9,0,5,0,0,0,0,False,0.93,2.36,1,0,0,1,0,aproximando marcador da saida
352.644,278.5,homing_exit,-3.6264,0.2154,0.3513,-106.16,0.15,0.0,0.0,16.625,40.96,9345,12,518,12,292.2,8,35,9,0,5,0,0,0,0,False,0.93,2.36,1,0,0,1,0,aproximando marcador da saida
353.127,279.002,homing_exit,-3.6265,0.2155,0.3513,-106.09,0.15,0.0,0.0,16.625,40.96,9345,12,518,12,292.2,8,35,9,0,5,0,0,0,0,False,0.93,2.36,1,0,0,1,0,aproximando marcador da saida
353.624,279.5,homing_exit,-3.6265,0.2155,0.3513,-106.08,0.15,0.0,0.0,16.626,40.96,9345,12,518,12,292.2,8,35,9,0,5,0,0,0,0,False,0.93,2.36,1,0,0,1,0,aproximando marcador da saida
354.107,280.0,homing_exit,-3.6266,0.2155,0.3514,-106.12,0.16,0.0,0.0,16.626,40.96,9345,12,518,12,292.2,8,35,9,0,5,0,0,0,0,False,0.93,2.36,1,0,0,1,0,aproximando marcador da saida
354.594,280.5,homing_exit,-3.6266,0.2155,0.3514,-106.11,0.16,0.0,0.0,16.626,40.96,9345,12,518,12,292.2,8,35,9,0,5,0,0,0,0,False,0.93,2.36,1,0,0,1,0,aproximando marcador da saida
355.078,281.0,homing_exit,-3.6267,0.2155,0.3514,-106.16,0.15,0.0,0.0,16.627,40.96,9345,12,518,12,292.2,8,35,9,0,5,0,0,0,0,False,0.93,2.36,1,0,0,1,0,aproximando marcador da saida
355.559,281.5,homing_exit,-3.6266,0.2155,0.3514,-106.07,0.16,0.0,0.0,16.627,40.96,9345,12,518,12,292.2,8,35,9,0,5,0,0,0,0,False,0.93,2.36,1,0,0,1,0,aproximando marcador da saida
356.047,282.0,homing_exit,-3.6266,0.2155,0.3514,-106.05,0.16,0.0,0.0,16.627,40.96,9345,12,518,12,292.2,8,35,9,0,5,0,0,0,0,False,0.93,2.36,1,0,0,1,0,aproximando marcador da saida
356.515,282.5,homing_exit,-3.6266,0.2155,0.3514,-106.06,0.15,0.0,0.0,16.627,40.96,9345,12,518,12,292.2,8,35,9,0,5,0,0,0,0,False,0.93,2.36,1,0,0,1,0,aproximando marcador da saida
357.012,283.0,homing_exit,-3.6265,0.2155,0.3513,-106.04,0.16,0.0,0.0,16.627,40.96,9345,12,518,12,292.2,8,35,9,0,5,0,0,0,0,False,0.93,2.36,1,0,0,1,0,aproximando marcador da saida
357.484,283.5,homing_exit,-3.6266,0.2155,0.3513,-106.08,0.15,0.0,0.0,16.628,40.96,9345,12,518,12,292.2,8,35,9,0,5,0,0,0,0,False,0.93,2.36,1,0,0,1,0,aproximando marcador da saida
357.98,284.0,homing_exit,-3.6266,0.2155,0.3513,-106.09,0.15,0.0,0.0,16.628,40.96,9345,12,518,12,292.2,8,35,9,0,5,0,0,0,0,False,0.93,2.36,1,0,0,1,0,aproximando marcador da saida
358.456,284.5,homing_exit,-3.6267,0.2156,0.3513,-106.21,0.14,0.0,0.0,16.628,40.96,9345,12,518,12,292.2,8,35,9,0,5,0,0,0,0,False,0.93,2.36,1,0,0,1,0,aproximando marcador da saida
358.952,285.0,homing_exit,-3.6265,0.2155,0.3512,-106.0,0.15,0.0,0.0,16.629,40.96,9345,12,518,12,292.2,8,35,9,0,5,0,0,0,0,False,0.93,2.36,1,0,0,1,0,aproximando marcador da saida
359.451,285.5,homing_exit,-3.6265,0.2155,0.3513,-106.09,0.15,0.0,0.0,16.629,40.96,9345,12,518,12,292.2,8,35,9,0,5,0,0,0,0,False,0.93,2.36,1,0,0,1,0,aproximando marcador da saida
359.939,286.001,homing_exit,-3.6266,0.2155,0.3513,-106.1,0.15,0.0,0.0,16.629,40.96,9345,12,518,12,292.2,8,35,9,0,5,0,0,0,0,False,0.93,2.36,1,0,0,1,0,aproximando marcador da saida
360.418,286.5,homing_exit,-3.6266,0.2155,0.3513,-106.09,0.16,0.0,0.0,16.629,40.96,9345,12,518,12,292.2,8,35,9,0,5,0,0,0,0,False,0.93,2.36,1,0,0,1,0,aproximando marcador da saida
360.871,287.0,homing_exit,-3.6265,0.2155,0.3514,-106.07,0.16,0.0,0.0,16.63,40.96,9345,12,518,12,292.2,8,35,9,0,5,0,0,0,0,False,0.93,2.36,1,0,0,1,0,aproximando marcador da saida
361.345,287.5,homing_exit,-3.6265,0.2154,0.3514,-106.07,0.15,0.0,0.0,16.63,40.96,9345,12,518,12,292.2,8,35,9,0,5,0,0,0,0,False,0.93,2.36,1,0,0,1,0,aproximando marcador da saida
361.824,288.0,homing_exit,-3.6265,0.2154,0.3514,-106.07,0.16,0.0,0.0,16.63,40.96,9345,12,518,12,292.2,8,35,9,0,5,0,0,0,0,False,0.93,2.36,1,0,0,1,0,aproximando marcador da saida
362.321,288.5,homing_exit,-3.6265,0.2154,0.3514,-106.09,0.15,0.0,0.0,16.63,40.96,9345,12,518,12,292.2,8,35,9,0,5,0,0,0,0,False,0.93,2.36,1,0,0,1,0,aproximando marcador da saida
362.805,289.0,homing_exit,-3.6265,0.2154,0.3514,-106.08,0.16,0.0,0.0,16.63,40.96,9345,12,518,12,292.2,8,35,9,0,5,0,0,0,0,False,0.93,2.36,1,0,0,1,0,aproximando marcador da saida
363.29,289.5,homing_exit,-3.6265,0.2155,0.3514,-106.08,0.15,0.0,0.0,16.63,40.96,9345,12,518,12,292.2,8,35,9,0,5,0,0,0,0,False,0.93,2.36,1,0,0,1,0,aproximando marcador da saida
363.759,290.0,homing_exit,-3.6266,0.2155,0.3514,-106.09,0.15,0.0,0.0,16.631,40.96,9345,12,518,12,292.2,8,35,9,0,5,0,0,0,0,False,0.93,2.36,1,0,0,1,0,aproximando marcador da saida
364.212,290.5,homing_exit,-3.6265,0.2155,0.3514,-106.03,0.16,0.0,0.0,16.631,40.96,9345,12,518,12,292.2,8,35,9,0,5,0,0,0,0,False,0.93,2.36,1,0,0,1,0,aproximando marcador da saida
364.708,291.0,homing_exit,-3.6265,0.2155,0.3514,-106.09,0.15,0.0,0.0,16.631,40.96,9345,12,518,12,292.2,8,35,9,0,5,0,0,0,0,False,0.93,2.36,1,0,0,1,0,aproximando marcador da saida
365.183,291.5,homing_exit,-3.6265,0.2155,0.3514,-106.08,0.16,0.0,0.0,16.631,40.96,9345,12,518,12,292.2,8,35,9,0,5,0,0,0,0,False,0.93,2.36,1,0,0,1,0,aproximando marcador da saida
365.626,292.0,homing_exit,-3.6266,0.2155,0.3514,-106.09,0.16,0.0,0.0,16.631,40.96,9345,12,518,12,292.2,8,35,9,0,5,0,0,0,0,False,0.93,2.36,1,0,0,1,0,aproximando marcador da saida
366.125,292.5,homing_exit,-3.6266,0.2155,0.3514,-106.1,0.15,0.0,0.0,16.631,40.96,9345,12,518,12,292.2,8,35,9,0,5,0,0,0,0,False,0.93,2.36,1,0,0,1,0,aproximando marcador da saida
366.609,293.0,homing_exit,-3.6266,0.2155,0.3514,-106.09,0.16,0.0,0.0,16.631,40.96,9345,12,518,12,292.2,8,35,9,0,5,0,0,0,0,False,0.93,2.36,1,0,0,1,0,aproximando marcador da saida
367.099,293.5,homing_exit,-3.6266,0.2155,0.3514,-106.08,0.16,0.0,0.0,16.632,40.96,9345,12,518,12,292.2,8,35,9,0,5,0,0,0,0,False,0.93,2.36,1,0,0,1,0,aproximando marcador da saida
367.579,294.0,homing_exit,-3.6266,0.2155,0.3514,-106.15,0.15,0.0,0.0,16.632,40.96,9345,12,518,12,292.2,8,35,9,0,5,0,0,0,0,False,0.93,2.36,1,0,0,1,0,aproximando marcador da saida
368.058,294.5,homing_exit,-3.6266,0.2155,0.3514,-106.13,0.15,0.0,0.0,16.632,40.96,9345,12,518,12,292.2,8,35,9,0,5,0,0,0,0,False,0.93,2.36,1,0,0,1,0,aproximando marcador da saida
368.533,295.001,homing_exit,-3.6266,0.2155,0.3514,-106.11,0.16,0.0,0.0,16.632,40.96,9345,12,518,12,292.2,8,35,9,0,5,0,0,0,0,False,0.93,2.36,1,0,0,1,0,aproximando marcador da saida
369.01,295.5,homing_exit,-3.6266,0.2155,0.3514,-106.1,0.16,0.0,0.0,16.632,40.96,9345,12,518,12,292.2,8,35,9,0,5,0,0,0,0,False,0.93,2.36,1,0,0,1,0,aproximando marcador da saida
369.505,296.0,homing_exit,-3.6266,0.2155,0.3514,-106.1,0.16,0.0,0.0,16.632,40.96,9345,12,518,12,292.2,8,35,9,0,5,0,0,0,0,False,0.93,2.36,1,0,0,1,0,aproximando marcador da saida
370.003,296.5,homing_exit,-3.6265,0.2154,0.3514,-106.05,0.16,0.0,0.0,16.632,40.96,9345,12,518,12,292.2,8,35,9,0,5,0,0,0,0,False,0.93,2.36,1,0,0,1,0,aproximando marcador da saida
370.484,297.0,homing_exit,-3.6266,0.2155,0.3514,-106.11,0.15,0.0,0.0,16.632,40.96,9345,12,518,12,292.2,8,35,9,0,5,0,0,0,0,False,0.93,2.36,1,0,0,1,0,aproximando marcador da saida
370.977,297.5,homing_exit,-3.6266,0.2155,0.3514,-106.1,0.16,0.0,0.0,16.633,40.96,9345,12,518,12,292.2,8,35,9,0,5,0,0,0,0,False,0.93,2.36,1,0,0,1,0,aproximando marcador da saida
371.443,298.0,homing_exit,-3.6266,0.2155,0.3514,-106.1,0.16,0.0,0.0,16.633,40.96,9345,12,518,12,292.2,8,35,9,0,5,0,0,0,0,False,0.93,2.36,1,0,0,1,0,aproximando marcador da saida
371.931,298.5,homing_exit,-3.6267,0.2155,0.3514,-106.13,0.15,0.0,0.0,16.633,40.96,9345,12,518,12,292.2,8,35,9,0,5,0,0,0,0,False,0.93,2.36,1,0,0,1,0,aproximando marcador da saida
372.424,299.001,homing_exit,-3.6266,0.2155,0.3513,-106.11,0.15,0.0,0.0,16.633,40.96,9345,12,518,12,292.2,8,35,9,0,5,0,0,0,0,False,0.93,2.36,1,0,0,1,0,aproximando marcador da saida
372.919,299.501,homing_exit,-3.6266,0.2155,0.3513,-106.03,0.15,0.0,0.0,16.634,40.96,9345,12,518,12,292.2,8,35,9,0,5,0,0,0,0,False,0.93,2.36,1,0,0,1,0,aproximando marcador da saida
373.41,300.0,homing_exit,-3.6264,0.2155,0.3513,-105.93,0.16,0.0,0.0,16.634,40.96,9345,12,518,12,292.2,8,35,9,0,5,0,0,0,0,False,0.93,2.36,1,0,0,1,0,aproximando marcador da saida
373.896,300.5,homing_exit,-3.6266,0.2155,0.3513,-106.08,0.15,0.0,0.0,16.634,40.96,9345,12,518,12,292.2,8,35,9,0,5,0,0,0,0,False,0.93,2.36,1,0,0,1,0,aproximando marcador da saida
374.386,301.001,homing_exit,-3.6265,0.2155,0.3513,-106.03,0.15,0.0,0.0,16.634,40.96,9345,12,518,12,292.2,8,35,9,0,5,0,0,0,0,False,0.93,2.36,1,0,0,1,0,aproximando marcador da saida
374.877,301.501,homing_exit,-3.6265,0.2155,0.3513,-106.06,0.15,0.0,0.0,16.634,40.96,9345,12,518,12,292.2,8,35,9,0,5,0,0,0,0,False,0.93,2.36,1,0,0,1,0,aproximando marcador da saida
375.36,302.0,homing_exit,-3.6266,0.2155,0.3513,-106.11,0.15,0.0,0.0,16.635,40.96,9345,12,518,12,292.2,8,35,9,0,5,0,0,0,0,False,0.93,2.36,1,0,0,1,0,aproximando marcador da saida
375.854,302.5,homing_exit,-3.6266,0.2155,0.3513,-106.11,0.15,0.0,0.0,16.635,40.96,9345,12,518,12,292.2,8,35,9,0,5,0,0,0,0,False,0.93,2.36,1,0,0,1,0,aproximando marcador da saida
376.351,303.0,homing_exit,-3.6265,0.2155,0.3513,-106.02,0.16,0.0,0.0,16.635,40.96,9345,12,518,12,292.2,8,35,9,0,5,0,0,0,0,False,0.93,2.36,1,0,0,1,0,aproximando marcador da saida
376.798,303.5,homing_exit,-3.6266,0.2155,0.3513,-106.15,0.15,0.0,0.0,16.635,40.96,9345,12,518,12,292.2,8,35,9,0,5,0,0,0,0,False,0.93,2.36,1,0,0,1,0,aproximando marcador da saida
377.28,304.0,homing_exit,-3.6266,0.2155,0.3513,-106.07,0.16,0.0,0.0,16.635,40.96,9345,12,518,12,292.2,8,35,9,0,5,0,0,0,0,False,0.93,2.36,1,0,0,1,0,aproximando marcador da saida
377.767,304.5,homing_exit,-3.6266,0.2155,0.3513,-106.13,0.15,0.0,0.0,16.636,40.96,9345,12,518,12,292.2,8,35,9,0,5,0,0,0,0,False,0.93,2.36,1,0,0,1,0,aproximando marcador da saida
378.251,305.0,homing_exit,-3.6265,0.2155,0.3513,-105.99,0.15,0.0,0.0,16.636,40.96,9345,12,518,12,292.2,8,35,9,0,5,0,0,0,0,False,0.93,2.36,1,0,0,1,0,aproximando marcador da saida
378.743,305.5,homing_exit,-3.6265,0.2155,0.3513,-105.93,0.16,0.0,0.0,16.636,40.96,9345,12,518,12,292.2,8,35,9,0,5,0,0,0,0,False,0.93,2.36,1,0,0,1,0,aproximando marcador da saida
379.221,306.001,homing_exit,-3.6267,0.2155,0.3513,-106.14,0.15,0.0,0.0,16.637,40.96,9345,12,518,12,292.2,8,35,9,0,5,0,0,0,0,False,0.93,2.36,1,0,0,1,0,aproximando marcador da saida
379.694,306.5,homing_exit,-3.6267,0.2155,0.3514,-106.1,0.15,0.0,0.0,16.637,40.96,9345,12,518,12,292.2,8,35,9,0,5,0,0,0,0,False,0.93,2.36,1,0,0,1,0,aproximando marcador da saida
380.187,307.0,homing_exit,-3.6266,0.2155,0.3514,-106.1,0.15,0.0,0.0,16.637,40.96,9345,12,518,12,292.2,8,35,9,0,5,0,0,0,0,False,0.93,2.36,1,0,0,1,0,aproximando marcador da saida
380.678,307.5,homing_exit,-3.6266,0.2155,0.3514,-106.15,0.15,0.0,0.0,16.637,40.96,9345,12,518,12,292.2,8,35,9,0,5,0,0,0,0,False,0.93,2.36,1,0,0,1,0,aproximando marcador da saida
381.154,308.0,homing_exit,-3.6266,0.2155,0.3514,-106.14,0.15,0.0,0.0,16.638,40.96,9345,12,518,12,292.2,8,35,9,0,5,0,0,0,0,False,0.93,2.36,1,0,0,1,0,aproximando marcador da saida
381.635,308.5,homing_exit,-3.6265,0.2155,0.3514,-106.05,0.16,0.0,0.0,16.638,40.96,9345,12,518,12,292.2,8,35,9,0,5,0,0,0,0,False,0.93,2.36,1,0,0,1,0,aproximando marcador da saida
382.109,309.0,homing_exit,-3.6266,0.2155,0.3514,-106.05,0.15,0.0,0.0,16.638,40.96,9345,12,518,12,292.2,8,35,9,0,5,0,0,0,0,False,0.93,2.36,1,0,0,1,0,aproximando marcador da saida
382.607,309.5,homing_exit,-3.6265,0.2155,0.3514,-106.06,0.15,0.0,0.0,16.638,40.96,9345,12,518,12,292.2,8,35,9,0,5,0,0,0,0,False,0.93,2.36,1,0,0,1,0,aproximando marcador da saida
383.096,310.0,homing_exit,-3.6266,0.2155,0.3514,-106.13,0.15,0.0,0.0,16.638,40.96,9345,12,518,12,292.2,8,35,9,0,5,0,0,0,0,False,0.93,2.36,1,0,0,1,0,aproximando marcador da saida
383.587,310.5,homing_exit,-3.6266,0.2155,0.3514,-106.1,0.15,0.0,0.0,16.639,40.96,9345,12,518,12,292.2,8,35,9,0,5,0,0,0,0,False,0.93,2.36,1,0,0,1,0,aproximando marcador da saida
384.071,311.0,homing_exit,-3.6266,0.2155,0.3514,-106.05,0.15,0.0,0.0,16.639,40.96,9345,12,518,12,292.2,8,35,9,0,5,0,0,0,0,False,0.93,2.36,1,0,0,1,0,aproximando marcador da saida
384.548,311.5,homing_exit,-3.6266,0.2155,0.3514,-106.07,0.15,0.0,0.0,16.639,40.96,9345,12,518,12,292.2,8,35,9,0,5,0,0,0,0,False,0.93,2.36,1,0,0,1,0,aproximando marcador da saida
385.009,312.0,homing_exit,-3.6266,0.2155,0.3514,-106.07,0.15,0.0,0.0,16.639,40.96,9345,12,518,12,292.2,8,35,9,0,5,0,0,0,0,False,0.93,2.36,1,0,0,1,0,aproximando marcador da saida
385.503,312.5,homing_exit,-3.6266,0.2155,0.3514,-106.09,0.15,0.0,0.0,16.639,40.96,9345,12,518,12,292.2,8,35,9,0,5,0,0,0,0,False,0.93,2.36,1,0,0,1,0,aproximando marcador da saida
385.989,313.0,homing_exit,-3.6266,0.2155,0.3514,-106.06,0.16,0.0,0.0,16.64,40.96,9345,12,518,12,292.2,8,35,9,0,5,0,0,0,0,False,0.93,2.36,1,0,0,1,0,aproximando marcador da saida
386.477,313.5,homing_exit,-3.6266,0.2155,0.3514,-106.07,0.15,0.0,0.0,16.64,40.96,9345,12,518,12,292.2,8,35,9,0,5,0,0,0,0,False,0.93,2.36,1,0,0,1,0,aproximando marcador da saida
386.949,314.0,homing_exit,-3.6266,0.2155,0.3514,-106.1,0.15,0.0,0.0,16.64,40.96,9345,12,518,12,292.2,8,35,9,0,5,0,0,0,0,False,0.93,2.36,1,0,0,1,0,aproximando marcador da saida
387.439,314.501,homing_exit,-3.6266,0.2155,0.3513,-106.1,0.15,0.0,0.0,16.64,40.96,9345,12,518,12,292.2,8,35,9,0,5,0,0,0,0,False,0.93,2.36,1,0,0,1,0,aproximando marcador da saida
387.921,315.0,homing_exit,-3.6266,0.2155,0.3514,-106.08,0.15,0.0,0.0,16.64,40.96,9345,12,518,12,292.2,8,35,9,0,5,0,0,0,0,False,0.93,2.36,1,0,0,1,0,aproximando marcador da saida
388.409,315.5,homing_exit,-3.6266,0.2155,0.3514,-106.11,0.15,0.0,0.0,16.64,40.96,9345,12,518,12,292.2,8,35,9,0,5,0,0,0,0,False,0.93,2.36,1,0,0,1,0,aproximando marcador da saida
388.907,316.0,homing_exit,-3.6266,0.2155,0.3513,-106.14,0.15,0.0,0.0,16.641,40.96,9345,12,518,12,292.2,8,35,9,0,5,0,0,0,0,False,0.93,2.36,1,0,0,1,0,aproximando marcador da saida
389.396,316.5,homing_exit,-3.6266,0.2155,0.3513,-106.05,0.15,0.0,0.0,16.641,40.96,9345,12,518,12,292.2,8,35,9,0,5,0,0,0,0,False,0.93,2.36,1,0,0,1,0,aproximando marcador da saida
389.883,317.0,homing_exit,-3.6265,0.2155,0.3513,-106.05,0.16,0.0,0.0,16.641,40.96,9345,12,518,12,292.2,8,35,9,0,5,0,0,0,0,False,0.93,2.36,1,0,0,1,0,aproximando marcador da saida
390.374,317.5,homing_exit,-3.6266,0.2155,0.3513,-106.08,0.15,0.0,0.0,16.641,40.96,9345,12,518,12,292.2,8,35,9,0,5,0,0,0,0,False,0.93,2.36,1,0,0,1,0,aproximando marcador da saida
390.86,318.0,homing_exit,-3.6266,0.2155,0.3514,-106.09,0.15,0.0,0.0,16.641,40.96,9345,12,518,12,292.2,8,35,9,0,5,0,0,0,0,False,0.93,2.36,1,0,0,1,0,aproximando marcador da saida
391.339,318.5,homing_exit,-3.6265,0.2155,0.3514,-106.07,0.15,0.0,0.0,16.641,40.96,9345,12,518,12,292.2,8,35,9,0,5,0,0,0,0,False,0.93,2.36,1,0,0,1,0,aproximando marcador da saida
391.834,319.0,homing_exit,-3.6266,0.2155,0.3514,-106.1,0.15,0.0,0.0,16.642,40.96,9345,12,518,12,292.2,8,35,9,0,5,0,0,0,0,False,0.93,2.36,1,0,0,1,0,aproximando marcador da saida
392.312,319.5,homing_exit,-3.6265,0.2154,0.3514,-106.08,0.15,0.0,0.0,16.642,40.96,9345,12,518,12,292.2,8,35,9,0,5,0,0,0,0,False,0.93,2.36,1,0,0,1,0,aproximando marcador da saida
392.809,320.0,homing_exit,-3.6265,0.2155,0.3514,-106.04,0.15,0.0,0.0,16.642,40.96,9345,12,518,12,292.2,8,35,9,0,5,0,0,0,0,False,0.93,2.36,1,0,0,1,0,aproximando marcador da saida
393.269,320.5,homing_exit,-3.6265,0.2155,0.3513,-106.07,0.15,0.0,0.0,16.642,40.96,9345,12,518,12,292.2,8,35,9,0,5,0,0,0,0,False,0.93,2.36,1,0,0,1,0,aproximando marcador da saida
393.748,321.0,homing_exit,-3.6265,0.2155,0.3513,-106.01,0.16,0.0,0.0,16.642,40.96,9345,12,518,12,292.2,8,35,9,0,5,0,0,0,0,False,0.93,2.36,1,0,0,1,0,aproximando marcador da saida
394.226,321.5,homing_exit,-3.6265,0.2155,0.3514,-106.07,0.15,0.0,0.0,16.642,40.96,9345,12,518,12,292.2,8,35,9,0,5,0,0,0,0,False,0.93,2.36,1,0,0,1,0,aproximando marcador da saida
394.686,322.0,homing_exit,-3.6266,0.2155,0.3514,-106.08,0.15,0.0,0.0,16.642,40.96,9345,12,518,12,292.2,8,35,9,0,5,0,0,0,0,False,0.93,2.36,1,0,0,1,0,aproximando marcador da saida
395.178,322.501,homing_exit,-3.6266,0.2155,0.3514,-106.07,0.15,0.0,0.0,16.643,40.96,9345,12,518,12,292.2,8,35,9,0,5,0,0,0,0,False,0.93,2.36,1,0,0,1,0,aproximando marcador da saida
395.649,323.001,homing_exit,-3.6266,0.2155,0.3514,-106.07,0.16,0.0,0.0,16.643,40.96,9345,12,518,12,292.2,8,35,9,0,5,0,0,0,0,False,0.93,2.36,1,0,0,1,0,aproximando marcador da saida
396.125,323.5,homing_exit,-3.6266,0.2155,0.3514,-106.08,0.15,0.0,0.0,16.643,40.96,9345,12,518,12,292.2,8,35,9,0,5,0,0,0,0,False,0.93,2.36,1,0,0,1,0,aproximando marcador da saida
396.608,324.0,homing_exit,-3.6266,0.2155,0.3514,-106.11,0.15,0.0,0.0,16.643,40.96,9345,12,518,12,292.2,8,35,9,0,5,0,0,0,0,False,0.93,2.36,1,0,0,1,0,aproximando marcador da saida
397.084,324.5,homing_exit,-3.6266,0.2155,0.3514,-106.08,0.16,0.0,0.0,16.643,40.96,9345,12,518,12,292.2,8,35,9,0,5,0,0,0,0,False,0.93,2.36,1,0,0,1,0,aproximando marcador da saida
397.572,325.0,homing_exit,-3.6266,0.2155,0.3515,-106.09,0.16,0.0,0.0,16.643,40.96,9345,12,518,12,292.2,8,35,9,0,5,0,0,0,0,False,0.93,2.36,1,0,0,1,0,aproximando marcador da saida
398.065,325.5,homing_exit,-3.6266,0.2155,0.3515,-106.09,0.16,0.0,0.0,16.643,40.96,9345,12,518,12,292.2,8,35,9,0,5,0,0,0,0,False,0.93,2.36,1,0,0,1,0,aproximando marcador da saida
398.541,326.0,homing_exit,-3.6266,0.2155,0.3515,-106.1,0.15,0.0,0.0,16.643,40.96,9345,12,518,12,292.2,8,35,9,0,5,0,0,0,0,False,0.93,2.36,1,0,0,1,0,aproximando marcador da saida
399.024,326.5,homing_exit,-3.6266,0.2155,0.3515,-106.12,0.15,0.0,0.0,16.644,40.96,9345,12,518,12,292.2,8,35,9,0,5,0,0,0,0,False,0.93,2.36,1,0,0,1,0,aproximando marcador da saida
399.508,327.0,homing_exit,-3.6223,0.2192,0.3522,-105.96,0.29,0.0,0.0,16.651,40.96,9345,12,518,12,292.2,8,35,9,0,5,0,0,0,0,False,0.93,2.36,1,0,0,1,0,aproximando marcador da saida
400.003,327.5,homing_exit,-3.627,0.217,0.3529,-106.09,0.24,0.0,0.0,16.656,40.96,9345,12,518,12,292.2,8,35,9,0,5,0,0,0,0,False,0.93,2.36,1,0,0,1,0,aproximando marcador da saida
400.485,328.0,homing_exit,-3.627,0.2169,0.353,-106.08,0.24,0.0,0.0,16.656,40.96,9345,12,518,12,292.2,8,35,9,0,5,0,0,0,0,False,0.93,2.36,1,0,0,1,0,aproximando marcador da saida
400.968,328.5,homing_exit,-3.627,0.2169,0.353,-106.08,0.24,0.0,0.0,16.656,40.96,9345,12,518,12,292.2,8,35,9,0,5,0,0,0,0,False,0.93,2.36,1,0,0,1,0,aproximando marcador da saida
401.447,329.0,homing_exit,-3.627,0.2169,0.353,-106.08,0.24,0.0,0.0,16.656,40.96,9345,12,518,12,292.2,8,35,9,0,5,0,0,0,0,False,0.93,2.36,1,0,0,1,0,aproximando marcador da saida
401.923,329.5,homing_exit,-3.627,0.2169,0.353,-106.08,0.24,0.0,0.0,16.656,40.96,9345,12,518,12,292.2,8,35,9,0,5,0,0,0,0,False,0.93,2.36,1,0,0,1,0,aproximando marcador da saida
402.41,330.0,homing_exit,-3.627,0.2169,0.353,-106.08,0.24,0.0,0.0,16.656,40.96,9345,12,518,12,292.2,8,35,9,0,5,0,0,0,0,False,0.93,2.36,1,0,0,1,0,aproximando marcador da saida
402.864,330.5,homing_exit,-3.627,0.2169,0.353,-106.08,0.24,0.0,0.0,16.656,40.96,9345,12,518,12,292.2,8,35,9,0,5,0,0,0,0,False,0.93,2.36,1,0,0,1,0,aproximando marcador da saida
403.358,331.001,homing_exit,-3.627,0.2169,0.353,-106.08,0.24,0.0,0.0,16.656,40.96,9345,12,518,12,292.2,8,35,9,0,5,0,0,0,0,False,0.93,2.36,1,0,0,1,0,aproximando marcador da saida
403.856,331.5,homing_exit,-3.627,0.2169,0.353,-106.08,0.24,0.0,0.0,16.656,40.96,9345,12,518,12,292.2,8,35,9,0,5,0,0,0,0,False,0.93,2.36,1,0,0,1,0,aproximando marcador da saida
404.347,332.0,homing_exit,-3.627,0.2169,0.353,-106.08,0.24,0.0,0.0,16.656,40.96,9345,12,518,12,292.2,8,35,9,0,5,0,0,0,0,False,0.93,2.36,1,0,0,1,0,aproximando marcador da saida
404.839,332.5,homing_exit,-3.627,0.2169,0.353,-106.08,0.24,0.0,0.0,16.656,40.96,9345,12,518,12,292.2,8,35,9,0,5,0,0,0,0,False,0.93,2.36,1,0,0,1,0,aproximando marcador da saida
405.328,333.0,homing_exit,-3.627,0.2169,0.353,-106.08,0.24,0.0,0.0,16.656,40.96,9345,12,518,12,292.2,8,35,9,0,5,0,0,0,0,False,0.93,2.36,1,0,0,1,0,aproximando marcador da saida
405.819,333.5,homing_exit,-3.627,0.2169,0.353,-106.08,0.24,0.0,0.0,16.656,40.96,9345,12,518,12,292.2,8,35,9,0,5,0,0,0,0,False,0.93,2.36,1,0,0,1,0,aproximando marcador da saida
406.3,334.002,homing_exit,-3.627,0.2169,0.353,-106.08,0.24,0.0,0.0,16.656,40.96,9345,12,518,12,292.2,8,35,9,0,5,0,0,0,0,False,0.93,2.36,1,0,0,1,0,aproximando marcador da saida
406.795,334.5,homing_exit,-3.627,0.2169,0.353,-106.08,0.24,0.0,0.0,16.656,40.96,9345,12,518,12,292.2,8,35,9,0,5,0,0,0,0,False,0.93,2.36,1,0,0,1,0,aproximando marcador da saida
407.289,335.0,selecting,-3.627,0.2169,0.353,-106.08,0.24,0.0,0.0,16.656,40.96,9345,12,518,12,292.2,8,35,9,0,5,0,0,0,0,False,0.93,2.36,1,1,0,1,0,marcador perdido; retomando fronteiras
407.78,335.5,selecting,-3.627,0.2169,0.353,-106.08,0.24,0.0,0.0,16.656,40.96,9345,12,518,12,292.2,8,35,9,0,5,0,0,0,0,False,0.93,2.36,1,1,0,1,0,marcador perdido; retomando fronteiras
408.263,336.0,selecting,-3.627,0.2169,0.353,-106.08,0.24,0.0,0.0,16.656,40.96,9345,12,518,12,292.2,8,35,9,0,5,0,0,0,0,False,0.93,2.36,1,1,0,1,0,marcador perdido; retomando fronteiras
408.739,336.5,selecting,-3.627,0.2169,0.353,-106.08,0.24,0.0,0.0,16.656,40.96,9345,1,475,12,258.3,1,36,10,0,5,0,0,0,0,False,0.93,2.36,1,1,0,1,0,marcador perdido; retomando fronteiras
409.224,337.0,navigating,-3.627,0.2169,0.353,-106.08,0.24,0.0,0.0,16.656,40.96,9345,1,475,12,258.3,1,36,10,0,5,0,0,0,0,False,0.93,2.36,1,1,0,1,0,navegando para fronteira
409.707,337.5,navigating,-3.627,0.2169,0.353,-106.08,0.24,0.0001,0.0294,16.656,40.96,9345,1,475,12,258.3,1,36,10,0,5,0,0,0,0,False,0.93,2.36,1,1,0,1,0,navegando para fronteira
410.169,338.0,navigating,-3.627,0.2169,0.353,-106.08,0.24,0.0,0.0289,16.656,40.96,9345,1,475,12,258.3,1,36,10,0,5,0,0,0,0,False,0.93,2.36,1,1,0,1,0,navegando para fronteira
410.615,338.5,navigating,-3.627,0.2169,0.353,-106.08,0.24,0.0,0.0227,16.656,40.96,9345,1,475,12,258.3,1,36,10,0,5,0,0,0,0,False,0.93,2.36,1,1,0,1,0,navegando para fronteira
411.107,339.0,navigating,-3.627,0.2169,0.353,-106.08,0.24,0.0008,0.0266,16.656,40.96,9345,1,475,12,258.3,1,36,10,0,5,0,0,0,0,False,0.93,2.36,1,1,0,1,0,navegando para fronteira
411.598,339.5,navigating,-3.627,0.2169,0.353,-106.08,0.24,0.0003,0.0225,16.656,40.96,9345,1,475,12,258.3,1,36,10,0,5,0,0,0,0,False,0.93,2.36,1,1,0,1,0,navegando para fronteira
412.068,340.0,navigating,-3.627,0.2169,0.353,-106.08,0.24,0.0002,0.0275,16.656,40.96,9345,1,475,12,258.3,1,36,10,0,5,0,0,0,0,False,0.93,2.36,1,1,0,1,0,navegando para fronteira
412.56,340.5,navigating,-3.627,0.2169,0.353,-106.08,0.24,0.0,0.0226,16.656,40.96,9345,1,475,12,258.3,1,36,10,0,5,0,0,0,0,False,0.93,2.36,1,1,0,1,0,navegando para fronteira
413.034,341.0,navigating,-3.627,0.2169,0.353,-106.08,0.24,0.0002,0.0222,16.656,40.96,9345,1,475,12,258.3,1,36,10,0,5,0,0,0,0,False,0.93,2.36,1,1,0,1,0,navegando para fronteira
413.519,341.5,navigating,-3.627,0.2169,0.353,-106.08,0.24,0.0001,0.0336,16.656,40.96,9345,1,475,12,258.3,1,36,10,0,5,0,0,0,0,False,0.93,2.36,1,1,0,1,0,navegando para fronteira
414.007,342.0,navigating,-3.627,0.2169,0.353,-106.08,0.24,0.0,0.0258,16.656,40.96,9345,1,475,12,258.3,1,36,10,0,5,0,0,0,0,False,0.93,2.36,1,1,0,1,0,navegando para fronteira
414.499,342.5,navigating,-3.627,0.2169,0.353,-106.08,0.24,0.0001,0.0264,16.656,40.96,9345,1,475,12,258.3,1,36,10,0,5,0,0,0,0,False,0.93,2.36,1,1,0,1,0,navegando para fronteira
414.989,343.0,navigating,-3.627,0.2169,0.353,-106.08,0.24,0.0,0.0262,16.656,40.96,9345,1,475,12,258.3,1,36,10,0,5,0,0,0,0,False,0.93,2.36,1,1,0,1,0,navegando para fronteira
415.455,343.5,navigating,-3.627,0.2169,0.353,-106.08,0.24,0.0006,0.0285,16.656,40.96,9345,1,475,12,258.3,1,36,10,0,5,0,0,0,0,False,0.93,2.36,1,1,0,1,0,navegando para fronteira
415.936,344.0,navigating,-3.627,0.2169,0.353,-106.08,0.24,0.0001,0.0315,16.656,40.96,9345,1,475,12,258.3,1,36,10,0,5,0,0,0,0,False,0.93,2.36,1,1,0,1,0,navegando para fronteira
416.423,344.502,navigating,-3.627,0.2169,0.353,-106.08,0.24,0.0001,0.0247,16.656,40.96,9345,1,475,12,258.3,1,36,10,0,5,0,0,0,0,False,0.93,2.36,1,1,0,1,0,navegando para fronteira
416.893,345.0,navigating,-3.627,0.2169,0.353,-106.08,0.24,0.0,0.0325,16.656,40.96,9345,1,475,12,258.3,1,36,10,0,5,0,0,0,0,False,0.93,2.36,1,1,0,1,0,navegando para fronteira
417.385,345.5,navigating,-3.627,0.2169,0.353,-106.08,0.24,0.0,0.0229,16.656,40.96,9345,1,475,12,258.3,1,36,10,0,5,0,0,0,0,False,0.93,2.36,1,1,0,1,0,navegando para fronteira
417.854,346.0,navigating,-3.627,0.2169,0.353,-106.08,0.24,0.0,0.0243,16.656,40.96,9345,1,475,12,258.3,1,36,10,0,5,0,0,0,0,False,0.93,2.36,1,1,0,1,0,navegando para fronteira
418.34,346.5,navigating,-3.627,0.2169,0.353,-106.08,0.24,0.0,0.0285,16.656,40.96,9345,1,475,12,258.3,1,36,10,0,5,0,0,0,0,False,0.93,2.36,1,1,0,1,0,navegando para fronteira
418.817,347.0,navigating,-3.627,0.2169,0.353,-106.08,0.24,0.0013,0.0278,16.656,40.96,9345,1,475,12,258.3,1,36,10,0,5,0,0,0,0,False,0.93,2.36,1,1,0,1,0,navegando para fronteira
419.304,347.5,navigating,-3.627,0.2169,0.353,-106.08,0.24,0.0004,0.0292,16.656,40.96,9345,1,475,12,258.3,1,36,10,0,5,0,0,0,0,False,0.93,2.36,1,1,0,1,0,navegando para fronteira
419.803,348.0,navigating,-3.627,0.2169,0.353,-106.08,0.24,0.0,0.0294,16.656,40.96,9345,1,475,12,258.3,1,36,10,0,5,0,0,0,0,False,0.93,2.36,1,1,0,1,0,navegando para fronteira
420.295,348.5,navigating,-3.627,0.2169,0.353,-106.08,0.24,0.0004,0.025,16.656,40.96,9345,1,475,12,258.3,1,36,10,0,5,0,0,0,0,False,0.93,2.36,1,1,0,1,0,navegando para fronteira
420.792,349.0,navigating,-3.627,0.2169,0.353,-106.08,0.24,0.0,0.0253,16.656,40.96,9345,1,475,12,258.3,1,36,10,0,5,0,0,0,0,False,0.93,2.36,1,1,0,1,0,navegando para fronteira
421.255,349.5,navigating,-3.627,0.2169,0.353,-106.08,0.24,0.0011,0.0229,16.656,40.96,9345,1,475,12,258.3,1,36,10,0,5,0,0,0,0,False,0.93,2.36,1,1,0,1,0,navegando para fronteira
421.745,350.0,navigating,-3.627,0.2169,0.353,-106.08,0.24,0.0001,0.0282,16.656,40.96,9345,1,475,12,258.3,1,36,10,0,5,0,0,0,0,False,0.93,2.36,1,1,0,1,0,navegando para fronteira
422.22,350.5,navigating,-3.627,0.2169,0.353,-106.08,0.24,0.0,0.0284,16.656,40.96,9345,1,475,12,258.3,1,36,10,0,5,0,0,0,0,False,0.93,2.36,1,1,0,1,0,navegando para fronteira
422.712,351.0,navigating,-3.627,0.2169,0.353,-106.08,0.24,0.0003,0.0294,16.656,40.96,9345,1,475,12,258.3,1,36,10,0,5,0,0,0,0,False,0.93,2.36,1,1,0,1,0,navegando para fronteira
423.206,351.501,navigating,-3.627,0.2169,0.353,-106.08,0.24,0.0,0.0274,16.656,40.96,9345,1,475,12,258.3,1,36,10,0,5,0,0,0,0,False,0.93,2.36,1,1,0,1,0,navegando para fronteira
423.707,352.0,navigating,-3.627,0.2169,0.353,-106.08,0.24,0.0,0.0273,16.656,40.96,9345,1,475,12,258.3,1,36,10,0,5,0,0,0,0,False,0.93,2.36,1,1,0,1,0,navegando para fronteira
424.182,352.5,navigating,-3.627,0.2169,0.353,-106.08,0.24,0.0015,0.0299,16.656,40.96,9345,1,475,12,258.3,1,36,10,0,5,0,0,0,0,False,0.93,2.36,1,1,0,1,0,navegando para fronteira
424.66,353.0,navigating,-3.627,0.2169,0.353,-106.08,0.24,0.0003,0.0308,16.656,40.96,9345,1,475,12,258.3,1,36,10,0,5,0,0,0,0,False,0.93,2.36,1,1,0,1,0,navegando para fronteira
425.153,353.5,navigating,-3.627,0.2169,0.353,-106.08,0.24,0.0,0.0301,16.656,40.96,9345,1,475,12,258.3,1,36,10,0,5,0,0,0,0,False,0.93,2.36,1,1,0,1,0,navegando para fronteira
425.641,354.0,navigating,-3.627,0.2169,0.353,-106.08,0.24,0.0,0.0289,16.656,40.96,9345,1,475,12,258.3,1,36,10,0,5,0,0,0,0,False,0.93,2.36,1,1,0,1,0,navegando para fronteira
426.124,354.5,navigating,-3.627,0.2169,0.353,-106.08,0.24,0.0001,0.0228,16.656,40.96,9345,1,475,12,258.3,1,36,10,0,5,0,0,0,0,False,0.93,2.36,1,1,0,1,0,navegando para fronteira
426.593,355.0,navigating,-3.627,0.2169,0.353,-106.08,0.24,0.0005,0.0215,16.656,40.96,9345,1,475,12,258.3,1,36,10,0,5,0,0,0,0,False,0.93,2.36,1,1,0,1,0,navegando para fronteira
427.087,355.5,navigating,-3.627,0.2169,0.353,-106.08,0.24,0.0001,0.029,16.656,40.96,9345,1,475,12,258.3,1,36,10,0,5,0,0,0,0,False,0.93,2.36,1,1,0,1,0,navegando para fronteira
427.555,356.001,navigating,-3.627,0.2169,0.353,-106.08,0.24,0.0002,0.0193,16.656,40.96,9345,1,475,12,258.3,1,36,10,0,5,0,0,0,0,False,0.93,2.36,1,1,0,1,0,navegando para fronteira
428.055,356.5,navigating,-3.627,0.2169,0.353,-106.08,0.24,0.0003,0.0272,16.656,40.96,9345,1,475,12,258.3,1,36,10,0,5,0,0,0,0,False,0.93,2.36,1,1,0,1,0,navegando para fronteira
428.517,357.0,navigating,-3.627,0.2169,0.353,-106.08,0.24,0.0004,0.0286,16.656,40.96,9345,1,475,12,258.3,1,36,10,0,5,0,0,0,0,False,0.93,2.36,1,1,0,1,0,navegando para fronteira
429.008,357.5,navigating,-3.627,0.2169,0.353,-106.08,0.24,0.0,0.0278,16.656,40.96,9345,1,475,12,258.3,1,36,10,0,5,0,0,0,0,False,0.93,2.36,1,1,0,1,0,navegando para fronteira
429.498,358.0,navigating,-3.627,0.2169,0.353,-106.08,0.24,0.0,0.0298,16.656,40.96,9345,1,475,12,258.3,1,36,10,0,5,0,0,0,0,False,0.93,2.36,1,1,0,1,0,navegando para fronteira
429.975,358.5,navigating,-3.627,0.2169,0.353,-106.08,0.24,0.0002,0.0242,16.656,40.96,9345,1,475,12,258.3,1,36,10,0,5,0,0,0,0,False,0.93,2.36,1,1,0,1,0,navegando para fronteira
430.473,359.0,navigating,-3.627,0.2169,0.353,-106.08,0.24,0.0,0.0284,16.656,40.96,9345,1,475,12,258.3,1,36,10,0,5,0,0,0,0,False,0.93,2.36,1,1,0,1,0,navegando para fronteira
430.948,359.5,navigating,-3.627,0.2169,0.353,-106.08,0.24,0.0001,0.031,16.656,40.96,9345,1,475,12,258.3,1,36,10,0,5,0,0,0,0,False,0.93,2.36,1,1,0,1,0,navegando para fronteira
431.443,360.0,navigating,-3.627,0.2169,0.353,-106.08,0.24,0.0,0.0267,16.656,40.96,9345,1,475,12,258.3,1,36,10,0,5,0,0,0,0,False,0.93,2.36,1,1,0,1,0,navegando para fronteira
431.922,360.5,navigating,-3.627,0.2169,0.353,-106.08,0.24,0.0,0.0308,16.656,40.96,9345,1,475,12,258.3,1,36,10,0,5,0,0,0,0,False,0.93,2.36,1,1,0,1,0,navegando para fronteira
432.418,361.0,navigating,-3.627,0.2169,0.353,-106.08,0.24,0.0004,0.0236,16.656,40.96,9345,1,475,12,258.3,1,36,10,0,5,0,0,0,0,False,0.93,2.36,1,1,0,1,0,navegando para fronteira
432.909,361.5,navigating,-3.627,0.2169,0.353,-106.08,0.24,0.0002,0.0263,16.656,40.96,9345,1,475,12,258.3,1,36,10,0,5,0,0,0,0,False,0.93,2.36,1,1,0,1,0,navegando para fronteira
433.395,362.0,navigating,-3.627,0.2169,0.353,-106.08,0.24,0.0,0.0316,16.656,40.96,9345,1,475,12,258.3,1,36,10,0,5,0,0,0,0,False,0.93,2.36,1,1,0,1,0,navegando para fronteira
433.856,362.5,navigating,-3.627,0.2169,0.353,-106.08,0.24,0.0,0.0227,16.656,40.96,9345,1,475,12,258.3,1,36,10,0,5,0,0,0,0,False,0.93,2.36,1,1,0,1,0,navegando para fronteira
434.324,363.0,navigating,-3.627,0.2169,0.353,-106.08,0.24,0.0,0.0305,16.656,40.96,9345,1,475,12,258.3,1,36,10,0,5,0,0,0,0,False,0.93,2.36,1,1,0,1,0,navegando para fronteira
434.803,363.5,navigating,-3.627,0.2169,0.353,-106.08,0.24,0.0,0.0315,16.656,40.96,9345,1,475,12,258.3,1,36,10,0,5,0,0,0,0,False,0.93,2.36,1,1,0,1,0,navegando para fronteira
435.299,364.0,navigating,-3.627,0.2169,0.353,-106.08,0.24,0.0023,0.028,16.656,40.96,9345,1,475,12,258.3,1,36,10,0,5,0,0,0,0,False,0.93,2.36,1,1,0,1,0,navegando para fronteira
435.724,364.5,navigating,-3.6304,0.2192,0.3519,-105.74,0.4,0.0011,0.0405,16.66,40.96,9345,1,475,12,258.3,1,36,10,0,5,0,0,0,0,False,0.93,2.36,1,1,0,1,0,navegando para fronteira
436.219,365.0,navigating,-3.6342,0.2178,0.3478,-104.16,0.1,0.0056,0.0628,16.667,40.96,9345,1,475,12,258.3,1,36,10,0,5,0,0,0,0,False,0.93,2.36,1,1,0,1,0,navegando para fronteira
436.709,365.501,navigating,-3.6282,0.2113,0.349,-101.64,0.25,0.0034,0.0879,16.68,40.96,9345,1,475,12,258.3,1,36,10,0,5,0,0,0,0,False,0.93,2.36,1,1,0,1,0,navegando para fronteira
437.197,366.0,navigating,-3.637,0.2111,0.3522,-98.96,0.16,0.0,0.1058,16.69,40.96,9345,1,475,12,258.3,1,36,10,0,5,0,0,0,0,False,0.92,2.36,1,1,0,1,0,navegando para fronteira
437.687,366.5,navigating,-3.6328,0.2082,0.3534,-95.76,0.3,0.0017,0.1175,16.698,40.96,9345,1,475,12,258.3,1,36,10,0,5,0,0,0,0,False,0.92,2.36,1,1,0,1,0,navegando para fronteira
438.179,367.0,navigating,-3.6352,0.2044,0.3521,-92.77,0.12,0.0051,0.1457,16.707,40.96,9345,1,475,12,258.3,1,36,10,0,5,0,0,0,0,False,0.92,2.36,1,1,0,1,0,navegando para fronteira
438.653,367.5,navigating,-3.6381,0.1992,0.3486,-89.81,0.08,0.0073,0.1355,16.716,40.96,9345,1,475,12,258.3,1,36,10,0,5,0,0,0,0,False,0.92,2.36,1,1,0,1,0,navegando para fronteira
439.147,368.0,navigating,-3.6358,0.1956,0.3499,-86.88,0.2,0.0015,0.1291,16.723,40.96,9345,1,475,12,258.3,1,36,10,0,5,0,0,0,0,False,0.91,2.36,1,1,0,1,0,navegando para fronteira
439.627,368.5,navigating,-3.6416,0.1916,0.3503,-84.09,0.11,0.0043,0.1153,16.731,40.96,9345,1,475,12,258.3,1,36,10,0,5,0,0,0,0,False,0.91,2.36,1,1,0,1,0,navegando para fronteira
440.115,369.0,navigating,-3.642,0.186,0.3506,-81.4,0.11,0.008,0.1074,16.738,40.96,9345,1,475,12,258.3,1,36,10,0,5,0,0,0,0,False,0.9,2.36,1,1,0,1,0,navegando para fronteira
440.608,369.5,navigating,-3.6326,0.1774,0.3514,-78.29,0.34,0.0074,0.0248,16.753,40.96,9345,1,475,12,258.3,1,36,10,0,5,0,0,0,0,False,0.9,2.36,1,1,0,1,0,navegando para fronteira
441.099,370.001,navigating,-3.622,0.172,0.3532,-76.01,0.42,0.0045,0.0362,16.771,40.96,9345,1,475,12,258.3,1,36,10,0,5,0,0,0,0,False,0.89,2.36,1,1,0,1,0,navegando para fronteira
441.592,370.5,navigating,-3.6136,0.16,0.3537,-74.0,0.29,0.0224,0.0933,16.792,40.96,9345,1,475,12,258.3,1,36,10,0,5,0,0,0,0,False,0.89,2.36,1,1,0,1,0,navegando para fronteira
442.066,371.0,navigating,-3.6052,0.1526,0.3535,-72.27,0.48,0.0181,0.0492,16.809,40.96,9345,1,475,12,258.3,1,36,10,0,5,0,0,0,0,False,0.87,2.36,1,1,0,1,0,navegando para fronteira
442.537,371.501,navigating,-3.5982,0.1494,0.352,-70.77,0.3,0.0172,0.1137,16.822,40.96,9345,1,475,12,258.3,1,36,10,0,5,0,0,0,0,False,0.87,2.36,1,1,0,1,0,navegando para fronteira
443.028,372.0,navigating,-3.5897,0.1407,0.3528,-69.14,0.08,0.0165,0.0729,16.839,40.97,9346,1,475,12,258.3,1,36,10,0,5,0,0,0,0,False,0.86,2.36,1,1,0,1,0,navegando para fronteira
443.523,372.5,navigating,-3.5883,0.1278,0.353,-68.76,0.81,0.0071,0.0644,16.857,40.97,9346,1,475,12,258.3,1,36,10,0,5,0,0,0,0,False,0.86,2.36,1,1,0,1,0,navegando para fronteira
444.008,373.0,navigating,-3.5786,0.1281,0.3522,-67.36,0.21,0.0004,0.0791,16.874,40.97,9346,1,475,12,258.3,1,36,10,0,5,0,0,0,0,False,0.86,2.36,1,1,0,1,0,navegando para fronteira
444.501,373.5,navigating,-3.5707,0.1132,0.3515,-65.47,0.23,0.0133,0.0252,16.894,40.97,9346,1,475,12,258.3,1,36,10,0,5,0,0,0,0,False,0.86,2.36,1,1,0,1,0,navegando para fronteira
444.992,374.0,navigating,-3.5659,0.1043,0.3513,-63.78,0.06,0.002,0.0497,16.91,40.97,9346,1,475,12,258.3,1,36,10,0,5,0,0,0,0,False,0.86,2.36,1,1,0,1,0,navegando para fronteira
445.471,374.5,navigating,-3.5516,0.0965,0.3532,-61.04,0.47,0.0123,0.0364,16.93,40.97,9346,1,475,12,258.3,1,36,10,0,5,0,0,0,0,False,0.85,2.36,1,1,0,1,0,navegando para fronteira
445.964,375.0,navigating,-3.5524,0.0885,0.3549,-59.24,0.15,0.0129,-0.0321,16.946,40.97,9346,1,475,12,258.3,1,36,10,0,5,0,0,0,0,False,0.85,2.36,1,1,0,1,0,navegando para fronteira
446.453,375.5,navigating,-3.5434,0.0818,0.3536,-58.15,0.3,0.0245,0.0812,16.964,40.97,9346,1,475,12,258.3,1,36,10,0,5,0,0,0,0,False,0.84,2.36,1,1,0,1,0,navegando para fronteira
446.923,376.0,navigating,-3.5399,0.0676,0.3496,-56.46,0.22,0.0272,0.0861,16.982,40.97,9346,1,475,12,258.3,1,36,10,0,5,0,0,0,0,False,0.84,2.36,1,1,0,1,0,navegando para fronteira
447.408,376.5,navigating,-3.5269,0.0634,0.3515,-53.82,0.2,0.0073,0.1853,17.004,40.97,9346,1,475,12,258.3,1,36,10,0,5,0,0,0,0,False,0.83,2.36,1,1,0,1,0,navegando para fronteira
447.861,377.0,navigating,-3.5249,0.0533,0.3513,-51.13,0.92,0.0051,0.1487,17.022,40.97,9346,1,475,12,258.3,1,36,10,0,5,0,0,0,0,False,0.83,2.36,1,1,0,1,0,navegando para fronteira
448.345,377.5,navigating,-3.517,0.0508,0.3543,-48.99,0.77,0.0056,0.1117,17.042,40.97,9346,1,475,12,258.3,1,36,10,0,5,0,0,0,0,False,0.81,2.36,1,1,0,1,0,navegando para fronteira
448.812,378.0,navigating,-3.5057,0.0407,0.3473,-47.25,0.22,0.0325,0.0369,17.065,40.97,9346,1,475,12,258.3,1,36,10,0,5,0,0,0,0,False,0.81,2.36,1,1,0,1,0,navegando para fronteira
449.293,378.5,navigating,-3.495,0.0423,0.3472,-45.95,0.19,0.0091,0.0002,17.088,40.97,9346,1,475,12,258.3,1,36,10,0,5,0,0,0,0,False,0.81,2.36,1,1,0,1,0,navegando para fronteira
449.789,379.0,navigating,-3.498,0.0274,0.3509,-44.75,0.19,0.025,-0.0312,17.107,40.97,9346,1,475,12,258.3,1,36,10,0,5,0,0,0,0,False,0.81,2.36,1,1,0,1,0,navegando para fronteira
450.286,379.5,navigating,-3.4927,0.0225,0.3541,-44.61,0.11,0.0227,-0.0321,17.118,40.97,9346,1,475,12,258.3,1,36,10,0,5,0,0,0,0,False,0.81,2.36,1,1,0,1,0,navegando para fronteira
450.778,380.001,navigating,-3.4892,0.0157,0.3544,-44.01,0.16,0.0215,0.027,17.131,40.97,9346,1,475,12,258.3,1,36,10,0,5,0,0,0,0,False,0.81,2.36,1,1,0,1,0,navegando para fronteira
451.262,380.5,navigating,-3.4877,0.0067,0.3511,-43.07,0.03,0.0155,0.121,17.142,40.97,9346,1,475,12,258.3,1,36,10,0,5,0,0,0,0,False,0.8,2.36,1,1,0,1,0,navegando para fronteira
451.763,381.0,navigating,-3.4728,0.0008,0.3485,-40.9,0.22,0.0167,0.0547,17.159,40.97,9348,1,475,12,258.3,1,36,10,0,5,0,0,0,0,False,0.8,2.36,1,1,0,1,0,navegando para fronteira
452.254,381.5,navigating,-3.4708,-0.0167,0.3506,-39.14,0.28,0.0206,0.0872,17.177,40.97,9348,1,475,12,258.3,1,36,10,0,5,0,0,0,0,False,0.79,2.36,1,1,0,1,0,navegando para fronteira
452.723,382.002,navigating,-3.4624,-0.0201,0.351,-36.98,0.32,0.0136,0.0987,17.19,40.97,9348,1,475,12,258.3,1,36,10,0,5,0,0,0,0,False,0.79,2.36,1,1,0,1,0,navegando para fronteira
453.201,382.5,navigating,-3.4576,-0.0314,0.3543,-34.81,0.2,0.0144,0.0777,17.204,40.97,9348,1,475,12,258.3,1,36,10,0,5,0,0,0,0,False,0.78,2.36,1,1,0,1,0,navegando para fronteira
453.693,383.001,navigating,-3.4516,-0.0374,0.3538,-32.64,0.09,0.0138,0.0661,17.213,40.97,9348,1,475,12,258.3,1,36,10,0,5,0,0,0,0,False,0.78,2.36,1,1,0,1,0,navegando para fronteira
454.182,383.5,selecting,-3.4449,-0.0463,0.3531,-29.99,0.12,0.0,0.0107,17.225,40.97,9348,1,475,12,258.3,1,36,10,0,5,1,0,0,0,False,0.77,2.36,1,1,0,1,0,meta de fronteira expirou
454.672,384.0,selecting,-3.447,-0.0476,0.3516,-29.77,0.09,0.0,0.0,17.232,40.97,9348,1,475,12,258.3,1,36,10,0,5,1,0,0,0,False,0.77,2.36,1,1,0,1,0,meta de fronteira expirou
455.145,384.5,selecting,-3.4422,-0.05,0.3519,-29.76,0.14,0.0,0.0,17.237,40.97,9348,1,475,12,258.3,1,36,10,0,5,1,0,0,0,False,0.77,2.36,1,1,0,1,0,meta de fronteira expirou
455.621,385.0,selecting,-3.4422,-0.05,0.3519,-29.76,0.14,0.0,0.0,17.237,40.97,9348,11,459,11,209.5,1,37,11,0,0,0,0,1,0,False,0.76,2.36,1,1,0,1,0,released provisional frontier suppressions
456.113,385.5,navigating,-3.4422,-0.05,0.3519,-29.76,0.14,0.0,0.0236,17.237,40.97,9348,11,459,11,209.5,8,44,11,0,0,0,0,1,0,False,0.76,2.36,1,1,0,1,0,navegando para fronteira
456.59,386.0,navigating,-3.4422,-0.05,0.3519,-29.76,0.14,0.0001,0.033,17.237,40.97,9348,11,459,11,209.5,8,44,11,0,0,0,0,1,0,False,0.76,2.36,1,1,0,1,0,navegando para fronteira
457.071,386.5,navigating,-3.4422,-0.05,0.3519,-29.76,0.14,0.0005,0.0366,17.237,40.97,9348,11,459,11,209.5,8,44,11,0,0,0,0,1,0,False,0.76,2.36,1,1,0,1,0,navegando para fronteira
457.56,387.0,navigating,-3.4422,-0.05,0.3519,-29.76,0.14,0.0,0.0345,17.237,40.97,9348,11,459,11,209.5,8,44,11,0,0,0,0,1,0,False,0.76,2.36,1,1,0,1,0,navegando para fronteira
458.039,387.501,navigating,-3.4422,-0.05,0.3519,-29.76,0.14,0.0011,0.0508,17.237,40.97,9348,11,459,11,209.5,8,44,11,0,0,0,0,1,0,False,0.76,2.36,1,1,0,1,0,navegando para fronteira
458.52,388.0,navigating,-3.4426,-0.0513,0.3502,-28.32,0.07,0.0,0.0905,17.241,40.97,9348,11,459,11,209.5,8,44,11,0,0,0,0,1,0,False,0.76,2.36,1,1,0,1,0,navegando para fronteira
459.007,388.501,navigating,-3.4393,-0.0492,0.35,-25.58,0.19,0.0002,0.1013,17.248,40.97,9348,11,459,11,209.5,8,44,11,0,0,0,0,1,0,False,0.77,2.36,1,1,0,1,0,navegando para fronteira
459.511,389.0,navigating,-3.4436,-0.0535,0.3518,-22.23,0.12,0.0007,0.1595,17.255,40.97,9348,11,459,11,209.5,8,44,11,0,0,0,0,1,0,False,0.77,2.36,1,1,0,1,0,navegando para fronteira
459.995,389.5,navigating,-3.4426,-0.0546,0.3514,-18.31,0.18,0.0,0.1956,17.259,40.97,9348,11,459,11,209.5,8,44,11,0,0,0,0,1,0,False,0.77,2.36,1,1,0,1,0,navegando para fronteira
460.471,390.0,navigating,-3.4436,-0.054,0.3515,-13.52,0.16,0.0019,0.2,17.264,40.97,9348,11,459,11,209.5,8,44,11,0,0,0,0,1,0,False,0.76,2.36,1,1,0,1,0,navegando para fronteira
460.944,390.5,navigating,-3.4394,-0.059,0.3525,-8.85,0.19,0.0046,0.1906,17.27,40.97,9348,11,459,11,209.5,8,44,11,0,0,0,0,1,0,False,0.76,2.36,1,1,0,1,0,navegando para fronteira
461.421,391.0,navigating,-3.439,-0.0618,0.3539,-4.33,0.18,0.0057,0.172,17.276,40.97,9348,11,459,11,209.5,8,44,11,0,0,0,0,1,0,False,0.76,2.36,1,1,0,1,0,navegando para fronteira
461.893,391.501,navigating,-3.4394,-0.071,0.3523,0.41,0.34,0.0058,0.1594,17.286,40.97,9348,11,459,11,209.5,8,44,11,0,0,0,0,1,0,False,0.76,2.36,1,1,0,1,0,navegando para fronteira
462.352,392.0,navigating,-3.4307,-0.0612,0.3556,4.74,0.4,0.0199,0.1647,17.302,40.97,9348,11,459,11,209.5,8,44,11,0,0,0,0,1,0,False,0.75,2.36,1,1,0,1,0,navegando para fronteira
462.824,392.5,navigating,-3.4235,-0.063,0.3541,9.24,0.27,0.0136,0.1612,17.314,40.97,9348,11,459,11,209.5,8,44,11,0,0,0,0,1,0,False,0.75,2.36,1,1,0,1,0,navegando para fronteira
463.308,393.0,navigating,-3.4189,-0.0751,0.3533,13.86,0.14,0.0116,0.1634,17.329,40.97,9348,11,459,11,209.5,8,44,11,0,0,0,0,1,0,False,0.76,2.36,1,1,0,1,0,navegando para fronteira
463.795,393.5,navigating,-3.4072,-0.0613,0.3527,18.31,0.42,0.0313,0.1647,17.348,40.97,9348,11,459,11,209.5,8,44,11,0,0,0,0,1,0,False,0.76,2.36,1,1,0,1,0,navegando para fronteira
464.28,394.0,navigating,-3.3904,-0.0637,0.3526,22.45,0.15,0.0329,0.1826,17.367,40.97,9348,11,459,11,209.5,8,44,11,0,0,0,0,1,0,False,0.78,2.36,1,1,0,1,0,navegando para fronteira
464.766,394.5,navigating,-3.3785,-0.0585,0.3496,26.95,0.27,0.0265,0.18,17.387,40.97,9348,11,459,11,209.5,8,44,11,0,0,0,0,1,0,False,0.78,2.36,1,1,0,1,0,navegando para fronteira
465.217,395.0,navigating,-3.3643,-0.046,0.3519,31.03,0.12,0.0311,0.1865,17.408,40.97,9348,11,459,11,209.5,8,44,11,0,0,0,0,1,0,False,0.81,2.36,1,1,0,1,0,navegando para fronteira
465.686,395.5,navigating,-3.3352,-0.0441,0.3494,35.64,0.2,0.0554,0.1711,17.44,40.97,9348,11,459,11,209.5,8,44,11,0,0,0,0,1,0,False,0.81,2.36,1,1,0,1,0,navegando para fronteira
466.164,396.0,navigating,-3.3304,-0.0131,0.3504,40.1,0.92,0.0416,0.1426,17.472,40.97,9348,11,459,11,209.5,8,44,11,0,0,0,0,1,0,False,0.84,2.36,1,1,0,1,0,navegando para fronteira
466.648,396.501,navigating,-3.3021,-0.0083,0.3502,44.22,0.19,0.042,0.1104,17.503,40.97,9348,11,459,11,209.5,8,44,11,0,0,0,0,1,0,False,0.84,2.36,1,1,0,1,0,navegando para fronteira
467.143,397.0,navigating,-3.2849,0.0058,0.3525,47.99,0.19,0.036,0.1396,17.53,40.98,9349,11,459,11,209.5,8,44,11,0,0,0,0,1,0,False,0.9,2.36,1,1,0,1,0,navegando para fronteira
467.636,397.5,navigating,-3.2839,0.0311,0.3541,51.55,0.55,0.0418,0.1068,17.56,40.98,9349,11,459,11,209.5,8,44,11,0,0,0,0,1,0,False,0.9,2.36,1,1,0,1,0,navegando para fronteira
468.132,398.0,navigating,-3.265,0.0293,0.3544,54.71,0.19,0.0284,0.1391,17.582,40.98,9349,11,459,11,209.5,8,44,11,0,0,0,0,1,0,False,0.93,2.36,1,1,0,1,0,navegando para fronteira
468.611,398.5,navigating,-3.2626,0.0508,0.3565,57.72,0.51,0.0368,0.1203,17.605,40.98,9349,11,459,11,209.5,8,44,11,0,0,0,0,1,0,False,0.93,2.36,1,1,0,1,0,navegando para fronteira
469.106,399.0,navigating,-3.2493,0.0669,0.3547,60.31,0.12,0.0317,0.1124,17.627,40.98,9349,11,459,11,209.5,8,44,11,0,0,0,0,1,0,False,0.97,2.36,1,1,0,1,0,navegando para fronteira
469.603,399.5,navigating,-3.2386,0.0795,0.3538,62.87,0.29,0.0385,0.0946,17.648,40.98,9349,11,459,11,209.5,8,44,11,0,0,0,0,1,0,False,0.97,2.36,1,1,0,1,0,navegando para fronteira
470.086,400.0,navigating,-3.2352,0.0996,0.3547,65.29,0.36,0.0368,0.1065,17.67,40.98,9349,11,459,11,209.5,8,44,11,0,0,0,0,1,0,False,1.0,2.36,1,1,0,1,0,navegando para fronteira
470.576,400.501,navigating,-3.2162,0.1228,0.3532,67.81,0.14,0.0507,0.0919,17.7,40.98,9349,11,459,11,209.5,8,44,11,0,0,0,0,1,0,False,1.0,2.36,1,1,0,1,0,navegando para fronteira
471.061,401.0,navigating,-3.2136,0.1477,0.3524,70.94,0.34,0.0497,0.1012,17.726,40.98,9349,11,459,11,209.5,8,44,11,0,0,0,0,1,0,False,1.05,2.36,1,1,0,1,0,navegando para fronteira
471.56,401.5,navigating,-3.2022,0.1695,0.3536,73.9,0.18,0.0504,0.0867,17.751,40.98,9349,11,459,11,209.5,8,44,11,0,0,0,0,1,0,False,1.05,2.36,1,1,0,1,0,navegando para fronteira
472.058,402.0,navigating,-3.1953,0.1976,0.3549,76.92,0.29,0.0544,0.1085,17.781,41.11,9378,11,459,11,209.5,8,44,11,0,0,0,0,1,0,False,1.1,2.36,1,1,0,1,0,navegando para fronteira
472.512,402.5,navigating,-3.1971,0.2255,0.3533,79.38,0.47,0.0609,0.1221,17.809,41.11,9378,11,459,11,209.5,8,44,11,0,0,0,0,1,0,False,1.1,2.36,1,1,0,1,0,navegando para fronteira
473.008,403.0,navigating,-3.1874,0.2492,0.3497,81.92,0.21,0.0524,0.1165,17.835,41.11,9378,11,459,11,209.5,8,44,11,0,0,0,0,1,0,False,1.1,2.36,1,1,0,1,0,navegando para fronteira
473.498,403.5,navigating,-3.1849,0.2749,0.3523,84.18,0.27,0.0488,0.1163,17.862,41.11,9378,11,459,11,209.5,8,44,11,0,0,0,0,1,0,False,1.15,2.36,1,1,0,1,0,navegando para fronteira
473.989,404.0,navigating,-3.1847,0.3024,0.3526,85.93,0.29,0.0463,0.0517,17.89,41.11,9378,11,459,11,209.5,8,44,11,0,0,0,0,1,0,False,1.15,2.36,1,1,0,1,0,navegando para fronteira
474.457,404.5,navigating,-3.1801,0.3279,0.3467,87.1,0.24,0.0553,0.0631,17.916,41.11,9378,11,459,11,209.5,8,44,11,0,0,0,0,1,0,False,1.19,2.36,1,1,0,1,0,navegando para fronteira
474.95,405.0,navigating,-3.1866,0.3583,0.3492,88.63,0.47,0.0519,0.0554,17.947,41.18,9472,11,459,11,209.5,8,44,11,0,0,0,0,1,0,False,1.19,2.36,1,1,0,1,0,navegando para fronteira
475.427,405.5,navigating,-3.179,0.3827,0.3512,90.2,0.19,0.0502,0.0258,17.974,41.18,9472,11,459,11,209.5,8,44,11,0,0,0,0,1,0,False,1.25,2.36,1,1,0,1,0,navegando para fronteira
475.924,406.0,navigating,-3.1813,0.414,0.353,91.48,0.26,0.057,0.0429,18.007,41.18,9472,11,459,11,209.5,8,44,11,0,0,0,0,1,0,False,1.25,2.36,1,1,0,1,0,navegando para fronteira
476.396,406.5,navigating,-3.1866,0.4378,0.3602,92.54,0.34,0.0562,-0.0168,18.034,41.18,9472,11,459,11,209.5,8,44,11,0,0,0,0,1,0,False,1.29,2.36,1,1,0,1,0,navegando para fronteira
476.884,407.0,navigating,-3.1838,0.4647,0.3554,92.44,0.17,0.0582,0.0245,18.061,41.18,9472,11,459,11,209.5,8,44,11,0,0,0,0,1,0,False,1.29,2.36,1,1,0,1,0,navegando para fronteira
477.371,407.5,navigating,-3.1888,0.4979,0.3551,92.64,0.35,0.0724,0.01,18.095,41.18,9472,11,459,11,209.5,8,44,11,0,0,0,0,1,0,False,1.34,2.36,1,1,0,1,0,navegando para fronteira
477.861,408.001,navigating,-3.1871,0.5449,0.356,92.3,0.18,0.0873,-0.0005,18.143,41.18,9472,11,459,11,209.5,8,44,11,0,0,0,0,1,0,False,1.34,2.36,1,1,0,1,0,navegando para fronteira
478.36,408.501,navigating,-3.1949,0.5917,0.3555,92.0,0.36,0.0803,-0.0081,18.191,41.18,9472,11,459,11,209.5,8,44,11,0,0,0,0,1,0,False,1.4,2.36,1,1,0,1,0,navegando para fronteira
478.854,409.0,navigating,-3.1928,0.6411,0.3543,91.36,0.23,0.0942,-0.0113,18.24,41.18,9472,11,459,11,209.5,8,44,11,0,0,0,0,1,0,False,1.4,2.36,1,1,0,1,0,navegando para fronteira
479.324,409.5,navigating,-3.1974,0.6935,0.355,90.86,0.39,0.1048,-0.0434,18.293,41.18,9472,11,459,11,209.5,8,44,11,0,0,0,0,1,0,False,1.48,2.36,1,1,0,1,0,navegando para fronteira
479.809,410.001,navigating,-3.202,0.7431,0.3527,90.43,0.32,0.0925,-0.0175,18.344,41.18,9472,11,459,11,209.5,8,44,11,0,0,0,0,1,0,False,1.48,2.36,1,1,0,1,0,navegando para fronteira
480.305,410.5,navigating,-3.1973,0.7928,0.3532,90.29,0.18,0.0928,-0.042,18.394,41.18,9472,11,459,11,209.5,8,44,11,0,0,0,0,1,0,False,1.6,2.36,1,1,0,1,0,navegando para fronteira
480.8,411.001,navigating,-3.1992,0.8426,0.3544,89.38,0.24,0.0967,-0.0496,18.444,41.32,9505,11,459,11,209.5,8,44,11,0,0,0,0,1,0,False,1.6,2.36,1,1,0,1,0,navegando para fronteira
481.28,411.5,navigating,-3.2083,0.8906,0.3533,88.19,0.67,0.0953,-0.041,18.493,41.32,9505,11,459,11,209.5,8,44,11,0,0,0,0,1,0,False,1.69,2.36,1,1,0,1,0,navegando para fronteira
481.772,412.0,navigating,-3.1943,0.9422,0.3525,86.22,0.32,0.0936,-0.0792,18.547,41.32,9505,11,459,11,209.5,8,44,11,0,0,0,0,1,0,False,1.69,2.36,1,1,0,1,0,navegando para fronteira
482.259,412.5,navigating,-3.1964,0.9906,0.3528,83.99,0.24,0.0873,-0.0812,18.597,41.32,9505,11,459,11,209.5,8,44,11,0,0,0,0,1,0,False,1.78,2.36,1,1,0,1,0,navegando para fronteira
482.752,413.0,navigating,-3.1895,1.0448,0.355,81.02,0.16,0.0971,-0.1003,18.652,41.32,9505,11,459,11,209.5,8,44,11,0,0,0,0,1,0,False,1.78,2.36,1,1,0,1,0,navegando para fronteira
483.252,413.501,navigating,-3.1754,1.1037,0.3571,78.05,0.3,0.1035,-0.1009,18.713,41.32,9505,11,459,11,209.5,8,44,11,0,0,0,0,1,0,False,1.88,2.36,1,1,0,1,0,navegando para fronteira
483.747,414.0,navigating,-3.1687,1.1525,0.3578,74.73,0.14,0.0907,-0.1521,18.764,41.34,9508,11,459,11,209.5,8,44,11,0,0,0,0,1,0,False,1.88,2.36,1,1,0,1,0,navegando para fronteira
484.22,414.5,navigating,-3.153,1.2031,0.3502,71.35,0.16,0.0872,-0.1624,18.817,41.34,9508,11,459,11,209.5,8,44,11,0,0,0,0,1,0,False,2.0,2.36,1,1,0,1,0,navegando para fronteira
484.704,415.0,navigating,-3.1343,1.2402,0.3521,67.87,0.46,0.0733,-0.1393,18.862,41.34,9508,11,459,11,209.5,8,44,11,0,0,0,0,1,0,False,2.0,2.36,1,1,0,1,0,navegando para fronteira
485.2,415.5,navigating,-3.1208,1.2845,0.3551,64.3,0.21,0.0804,-0.1277,18.91,41.34,9508,11,459,11,209.5,8,44,11,0,0,0,0,1,0,False,2.09,2.36,1,1,0,1,0,navegando para fronteira
485.673,416.0,navigating,-3.1139,1.3213,0.3544,60.95,0.32,0.0748,-0.1539,18.951,41.35,9510,11,459,11,209.5,8,44,11,0,0,0,0,1,0,False,2.09,2.36,1,1,0,1,0,navegando para fronteira
486.167,416.5,navigating,-3.072,1.3471,0.3546,57.27,0.7,0.0783,-0.1339,19.002,41.35,9510,11,459,11,209.5,8,44,11,0,0,0,0,1,0,False,2.17,2.36,1,1,0,1,0,navegando para fronteira
486.628,417.001,navigating,-3.0651,1.388,0.3493,53.67,0.15,0.0727,-0.1066,19.045,41.35,9510,11,459,11,209.5,8,44,11,0,0,0,0,1,0,False,2.17,2.36,1,1,0,1,0,navegando para fronteira
487.106,417.5,navigating,-3.0269,1.4303,0.353,50.1,0.28,0.1011,-0.138,19.102,41.35,9510,11,459,11,209.5,8,44,11,0,0,0,0,1,0,False,2.27,2.36,1,1,0,1,0,navegando para fronteira
487.588,418.0,navigating,-2.9994,1.4713,0.3505,46.68,0.46,0.0879,-0.1281,19.152,41.35,9510,11,459,11,209.5,8,44,11,0,0,0,0,1,0,False,2.27,2.36,1,1,0,1,0,navegando para fronteira
488.072,418.5,navigating,-2.9747,1.4942,0.3521,43.49,0.22,0.0557,-0.1695,19.188,41.35,9510,11,459,11,209.5,8,44,11,0,0,0,0,1,0,False,2.36,2.36,1,1,0,1,0,navegando para fronteira
488.557,419.0,navigating,-2.9442,1.5058,0.3535,40.12,0.4,0.0571,-0.1232,19.221,41.35,9510,11,459,11,209.5,8,44,11,0,0,0,0,1,0,False,2.36,2.36,1,1,0,1,0,navegando para fronteira
489.033,419.5,navigating,-2.9309,1.5402,0.3495,37.35,0.59,0.0515,-0.1414,19.258,41.35,9510,11,459,11,209.5,8,44,11,0,0,0,0,1,0,False,2.42,2.36,1,1,0,1,0,navegando para fronteira
489.493,420.0,navigating,-2.9144,1.5398,0.3515,34.83,0.28,0.0371,-0.1584,19.277,41.35,9510,11,459,11,209.5,8,44,11,0,0,0,0,1,0,False,2.42,2.36,1,1,0,1,0,navegando para fronteira
489.985,420.5,navigating,-2.8921,1.5454,0.352,31.4,0.04,0.0422,-0.1109,19.303,41.35,9510,11,459,11,209.5,8,44,11,0,0,0,0,1,0,False,2.42,2.36,1,1,0,1,0,navegando para fronteira
490.444,421.0,navigating,-2.8724,1.569,0.3481,28.63,0.22,0.0577,-0.1091,19.334,41.35,9510,11,459,11,209.5,8,44,11,0,0,0,0,1,0,False,2.45,2.36,1,1,0,1,0,navegando para fronteira
490.92,421.501,navigating,-2.8456,1.5762,0.3468,25.75,0.04,0.0445,-0.1137,19.362,41.35,9510,11,459,11,209.5,8,44,11,0,0,0,0,1,0,False,2.45,2.36,1,1,0,1,0,navegando para fronteira
491.408,422.0,navigating,-2.8205,1.5773,0.3534,22.78,0.24,0.0552,-0.0947,19.389,41.35,9510,11,459,11,209.5,8,44,11,0,0,0,0,1,0,False,2.49,2.36,1,1,0,1,0,navegando para fronteira
491.904,422.5,navigating,-2.7986,1.5911,0.3575,20.42,0.22,0.0553,-0.0581,19.416,41.35,9510,11,459,11,209.5,8,44,11,0,0,0,0,1,0,False,2.49,2.36,1,1,0,1,0,navegando para fronteira
492.4,423.001,navigating,-2.7636,1.598,0.3569,18.9,0.27,0.0712,-0.061,19.452,41.35,9510,11,459,11,209.5,8,44,11,0,0,0,0,1,0,False,2.53,2.36,1,1,0,1,0,navegando para fronteira
492.879,423.5,navigating,-2.7293,1.6143,0.3565,17.67,0.17,0.0725,-0.0663,19.49,41.35,9510,11,459,11,209.5,8,44,11,0,0,0,0,1,0,False,2.53,2.36,1,1,0,1,0,navegando para fronteira
493.356,424.001,navigating,-2.6909,1.6231,0.3521,16.27,0.16,0.0772,-0.0695,19.53,41.35,9511,11,459,11,209.5,8,44,11,0,0,0,0,1,0,False,2.57,2.36,1,1,0,1,0,navegando para fronteira
493.853,424.5,navigating,-2.6486,1.6327,0.3541,14.83,0.17,0.0793,-0.0682,19.574,41.35,9511,11,459,11,209.5,8,44,11,0,0,0,0,1,0,False,2.57,2.36,1,1,0,1,0,navegando para fronteira
494.346,425.0,navigating,-2.606,1.6512,0.354,13.32,0.33,0.0843,-0.0763,19.621,41.35,9511,11,459,11,209.5,8,44,11,0,0,0,0,1,0,False,2.61,2.36,1,1,0,1,0,navegando para fronteira
494.834,425.5,navigating,-2.5617,1.6531,0.3528,11.73,0.24,0.0848,-0.024,19.665,41.35,9511,11,459,11,209.5,8,44,11,0,0,0,0,1,0,False,2.61,2.36,1,1,0,1,0,navegando para fronteira
495.327,426.0,navigating,-2.5172,1.6653,0.3521,10.7,0.23,0.0832,-0.0152,19.712,41.35,9511,11,459,11,209.5,8,44,11,0,0,0,0,1,0,False,2.68,2.36,1,1,0,1,0,navegando para fronteira
495.812,426.501,navigating,-2.4693,1.6724,0.35,9.99,0.16,0.0884,0.0008,19.761,41.35,9511,11,459,11,209.5,8,44,11,0,0,0,0,1,0,False,2.68,2.36,1,1,0,1,0,navegando para fronteira
496.303,427.0,navigating,-2.4222,1.6763,0.3554,9.59,0.24,0.0841,0.0112,19.808,42.11,9685,11,459,11,209.5,8,44,11,0,0,0,0,1,0,False,2.72,2.36,1,1,0,1,0,navegando para fronteira
496.787,427.5,navigating,-2.3777,1.6872,0.3536,9.62,0.25,0.0868,-0.0091,19.854,42.11,9685,11,459,11,209.5,8,44,11,0,0,0,0,1,0,False,2.72,2.36,1,1,0,1,0,navegando para fronteira
497.284,428.0,navigating,-2.3273,1.6852,0.3498,9.72,0.31,0.0891,-0.0057,19.905,42.11,9685,11,459,11,209.5,8,44,11,0,0,0,0,1,0,False,2.79,2.36,1,1,0,1,0,navegando para fronteira
497.78,428.501,navigating,-2.2699,1.7036,0.3526,10.39,0.47,0.1099,0.0311,19.965,42.11,9685,11,459,11,209.5,8,44,11,0,0,0,0,1,0,False,2.79,2.36,1,1,0,1,0,navegando para fronteira
498.271,429.0,navigating,-2.2177,1.7077,0.3544,11.54,0.28,0.0955,0.0456,20.018,42.37,9745,11,459,11,209.5,8,44,11,0,0,0,0,1,0,False,2.85,2.36,1,1,0,1,0,navegando para fronteira
498.749,429.5,navigating,-2.1706,1.7177,0.3528,13.38,0.4,0.0888,0.1064,20.067,42.37,9745,11,459,11,209.5,8,44,11,0,0,0,0,1,0,False,2.85,2.36,1,1,0,1,0,navegando para fronteira
499.239,430.0,navigating,-2.1222,1.7321,0.3533,16.17,0.28,0.0794,0.1544,20.119,42.37,9745,11,459,11,209.5,8,44,11,0,0,0,0,1,0,False,2.95,2.36,1,1,0,1,0,navegando para fronteira
499.721,430.5,navigating,-2.0905,1.7352,0.3491,19.53,0.09,0.0494,0.1622,20.152,42.37,9745,11,459,11,209.5,8,44,11,0,0,0,0,1,0,False,2.95,2.36,1,1,0,1,0,navegando para fronteira
500.195,431.0,navigating,-2.075,1.7485,0.346,23.21,0.51,0.0378,0.1498,20.173,42.89,9865,11,459,11,209.5,8,44,11,0,0,0,0,1,0,False,3.04,2.36,1,1,0,1,0,navegando para fronteira
500.687,431.5,navigating,-2.0551,1.7488,0.3502,27.21,0.03,0.0372,0.1682,20.194,42.89,9865,11,459,11,209.5,8,44,11,0,0,0,0,1,0,False,3.04,2.36,1,1,0,1,0,navegando para fronteira
501.175,432.001,selecting,-2.0321,1.7591,0.3531,30.67,0.38,0.0011,0.0312,20.222,42.89,9865,11,459,11,209.5,8,44,11,0,0,1,0,1,0,False,3.07,2.36,1,1,0,1,0,meta de fronteira expirou
501.658,432.5,selecting,-2.0372,1.751,0.3463,31.32,0.19,0.0,0.0,20.242,42.89,9865,11,459,11,209.5,8,44,11,0,0,1,0,1,0,False,3.07,2.36,1,1,0,1,0,meta de fronteira expirou
502.143,433.0,selecting,-2.0277,1.7578,0.3488,31.43,0.22,0.0,0.0,20.255,42.89,9865,11,459,11,209.5,8,44,11,0,0,1,0,1,0,False,3.07,2.36,1,1,0,1,0,meta de fronteira expirou
502.604,433.5,selecting,-2.0277,1.7578,0.3488,31.43,0.22,0.0,0.0,20.255,42.89,9865,10,339,11,285.2,1,45,12,0,0,1,0,1,0,False,3.08,2.36,1,1,0,1,0,meta de fronteira expirou
503.071,434.0,navigating,-2.0278,1.7599,0.3497,31.79,0.23,0.0143,0.032,20.257,42.89,9865,10,339,11,285.2,8,52,12,0,0,1,0,1,0,False,3.09,2.36,1,1,0,1,0,navegando para fronteira
503.557,434.5,navigating,-2.0137,1.7692,0.3535,33.02,0.17,0.0383,0.0682,20.275,42.89,9865,10,339,11,285.2,8,52,12,0,0,1,0,1,0,False,3.09,2.36,1,1,0,1,0,navegando para fronteira
504.049,435.0,navigating,-1.9931,1.7867,0.3526,34.93,0.19,0.0566,0.0945,20.302,42.89,9865,10,339,11,285.2,8,52,12,0,0,1,0,1,0,False,3.12,2.36,1,1,0,1,0,navegando para fronteira
504.515,435.5,navigating,-1.9621,1.8007,0.3551,37.28,0.22,0.0722,0.113,20.336,42.89,9865,10,339,11,285.2,8,52,12,0,0,1,0,1,0,False,3.12,2.36,1,1,0,1,0,navegando para fronteira
505.004,436.0,navigating,-1.9334,1.831,0.3541,40.08,0.48,0.0872,0.1093,20.378,42.89,9865,10,339,11,285.2,8,52,12,0,0,1,0,1,0,False,3.12,2.36,1,1,0,1,0,navegando para fronteira
505.493,436.5,navigating,-1.8988,1.8584,0.3539,42.99,0.15,0.0837,0.1049,20.423,42.89,9865,10,339,11,285.2,8,52,12,0,0,1,0,1,0,False,3.2,2.36,1,1,0,1,0,navegando para fronteira
505.985,437.001,navigating,-1.863,1.8883,0.3537,46.03,0.22,0.0839,0.1025,20.47,43.05,9901,10,339,11,285.2,8,52,12,0,0,1,0,1,0,False,3.2,2.36,1,1,0,1,0,navegando para fronteira
506.475,437.5,navigating,-1.8394,1.9223,0.355,48.96,0.4,0.0854,0.1058,20.512,43.05,9901,10,339,11,285.2,8,52,12,0,0,1,0,1,0,False,3.29,2.36,1,1,0,1,0,navegando para fronteira
506.961,438.001,navigating,-1.8074,1.947,0.3551,51.94,0.2,0.0765,0.0863,20.553,43.05,9901,10,339,11,285.2,8,52,12,0,0,1,0,1,0,False,3.29,2.36,1,1,0,1,0,navegando para fronteira
507.455,438.5,navigating,-1.7874,1.9873,0.3559,54.46,0.51,0.0871,0.1158,20.598,43.05,9901,10,339,11,285.2,8,52,12,0,0,1,0,1,0,False,3.37,2.36,1,1,0,1,0,navegando para fronteira
507.944,439.001,navigating,-1.7628,2.0201,0.3546,57.4,0.26,0.0702,0.1313,20.64,43.13,9921,10,339,11,285.2,8,52,12,0,0,1,0,1,0,False,3.37,2.36,1,1,0,1,0,navegando para fronteira
508.443,439.5,navigating,-1.743,2.0466,0.353,60.34,0.21,0.0602,0.1128,20.675,43.13,9921,10,339,11,285.2,8,52,12,0,0,1,0,1,0,False,3.46,2.36,1,1,0,1,0,navegando para fronteira
508.929,440.0,navigating,-1.7363,2.0751,0.3534,62.88,0.39,0.0446,0.0912,20.705,43.13,9921,10,339,11,285.2,8,52,12,0,0,1,0,1,0,False,3.46,2.36,1,1,0,1,0,navegando para fronteira
509.427,440.5,navigating,-1.7181,2.0948,0.3551,65.24,0.16,0.0488,0.1072,20.732,43.13,9921,10,339,11,285.2,8,52,12,0,0,1,0,1,0,False,3.52,2.36,1,1,0,1,0,navegando para fronteira
509.903,441.0,navigating,-1.7124,2.1241,0.3518,67.65,0.54,0.0538,0.0794,20.764,43.13,9921,10,339,11,285.2,8,52,12,0,0,1,0,1,0,False,3.52,2.36,1,1,0,1,0,navegando para fronteira
510.378,441.5,navigating,-1.7031,2.1455,0.3482,69.81,0.06,0.0438,0.0636,20.789,43.13,9921,10,339,11,285.2,8,52,12,0,0,1,0,1,0,False,3.57,2.36,1,1,0,1,0,navegando para fronteira
510.868,442.0,navigating,-1.6906,2.168,0.3507,71.95,0.1,0.0489,0.1073,20.815,43.16,9928,10,339,11,285.2,8,52,12,0,0,1,0,1,0,False,3.57,2.36,1,1,0,1,0,navegando para fronteira
511.356,442.5,navigating,-1.6919,2.1889,0.3552,73.91,0.36,0.0432,0.0151,20.837,43.16,9928,10,339,11,285.2,8,52,12,0,0,1,0,1,0,False,3.6,2.36,1,1,0,1,0,navegando para fronteira
511.839,443.0,navigating,-1.6834,2.2014,0.3553,74.88,0.16,0.0317,0.0443,20.853,43.16,9928,10,339,11,285.2,8,52,12,0,0,1,0,1,0,False,3.6,2.36,1,1,0,1,0,navegando para fronteira
512.326,443.5,navigating,-1.6829,2.217,0.3565,76.39,0.35,0.0306,0.0477,20.871,43.16,9928,10,339,11,285.2,8,52,12,0,0,1,0,1,0,False,3.63,2.36,1,1,0,1,0,navegando para fronteira
512.805,444.0,navigating,-1.6814,2.2322,0.3541,77.91,0.24,0.0258,0.0785,20.887,43.16,9928,10,339,11,285.2,8,52,12,0,0,1,0,1,0,False,3.63,2.36,1,1,0,1,0,navegando para fronteira
513.293,444.5,navigating,-1.6756,2.245,0.3512,79.35,0.2,0.0246,0.0461,20.901,43.16,9928,10,339,11,285.2,8,52,12,0,0,1,0,1,0,False,3.66,2.36,1,1,0,1,0,navegando para fronteira
513.764,445.0,navigating,-1.6788,2.2521,0.3461,80.8,0.39,0.0218,0.0576,20.911,43.16,9928,10,339,11,285.2,8,52,12,0,0,1,0,1,0,False,3.66,2.36,1,1,0,1,0,navegando para fronteira
514.261,445.5,navigating,-1.6735,2.2625,0.3494,82.52,0.1,0.0184,0.0482,20.925,43.16,9928,10,339,11,285.2,8,52,12,0,0,1,0,1,0,False,3.67,2.36,1,1,0,1,0,navegando para fronteira
514.751,446.0,navigating,-1.6669,2.2786,0.3518,83.94,0.08,0.0522,0.0411,20.943,43.16,9928,10,339,11,285.2,8,52,12,0,0,1,0,1,0,False,3.67,2.36,1,1,0,1,0,navegando para fronteira
515.242,446.5,navigating,-1.6704,2.3106,0.3552,85.89,0.29,0.074,0.0661,20.976,43.16,9928,10,339,11,285.2,8,52,12,0,0,1,0,1,0,False,3.7,2.36,1,1,0,1,0,navegando para fronteira
515.713,447.0,navigating,-1.6666,2.3503,0.3504,87.63,0.3,0.0949,0.0861,21.016,43.22,9940,10,339,11,285.2,8,52,12,0,0,1,0,1,0,False,3.7,2.36,1,1,0,1,0,navegando para fronteira
516.202,447.5,navigating,-1.6682,2.4048,0.3552,89.57,0.38,0.1032,0.0594,21.071,43.22,9940,10,339,11,285.2,8,52,12,0,0,1,0,1,0,False,3.79,2.36,1,1,0,1,0,navegando para fronteira
516.686,448.0,navigating,-1.6833,2.4488,0.3533,90.92,0.87,0.1058,0.0481,21.118,43.22,9940,10,339,11,285.2,8,52,12,0,0,1,0,1,0,False,3.79,2.36,1,1,0,1,0,navegando para fronteira
517.169,448.501,navigating,-1.6727,2.4982,0.3551,91.54,0.3,0.0902,0.0381,21.169,43.22,9940,10,339,11,285.2,8,52,12,0,0,1,0,1,0,False,3.86,2.36,1,1,0,1,0,navegando para fronteira
517.647,449.0,navigating,-1.6787,2.5439,0.3555,91.93,0.39,0.0871,0.0327,21.217,43.23,9943,10,339,11,285.2,8,52,12,0,0,1,0,1,0,False,3.86,2.36,1,1,0,1,0,navegando para fronteira
518.134,449.5,navigating,-1.6781,2.5967,0.3551,91.84,0.24,0.0937,-0.0036,21.27,43.23,9943,10,339,11,285.2,8,52,12,0,0,1,0,1,0,False,3.95,2.36,1,1,0,1,0,navegando para fronteira
518.605,450.0,navigating,-1.6791,2.6526,0.3517,91.14,0.25,0.1066,-0.0382,21.327,43.23,9943,10,339,11,285.2,8,52,12,0,0,1,0,1,0,False,3.95,2.36,1,1,0,1,0,navegando para fronteira
519.066,450.5,navigating,-1.6895,2.6952,0.3571,90.69,0.34,0.0949,-0.0251,21.373,43.23,9943,10,339,11,285.2,8,52,12,0,0,1,0,1,0,False,4.03,2.36,1,1,0,1,0,navegando para fronteira
519.545,451.0,navigating,-1.6814,2.7515,0.3589,89.93,0.21,0.1181,-0.046,21.43,43.23,9943,10,339,11,285.2,8,52,12,0,0,1,0,1,0,False,4.03,2.36,1,1,0,1,0,navegando para fronteira
520.021,451.501,navigating,-1.6891,2.8177,0.3552,89.45,0.53,0.1343,-0.0116,21.497,43.23,9943,10,339,11,285.2,8,52,12,0,0,1,0,1,0,False,4.14,2.36,1,1,0,1,0,navegando para fronteira
520.499,452.0,navigating,-1.6854,2.8802,0.3557,89.16,0.26,0.1264,-0.0119,21.56,43.23,9943,10,339,11,285.2,8,52,12,0,0,1,0,1,0,False,4.14,2.36,1,1,0,1,0,navegando para fronteira
520.994,452.5,navigating,-1.6957,2.9429,0.352,89.34,0.78,0.1126,0.0366,21.625,43.23,9943,10,339,11,285.2,8,52,12,0,0,1,0,1,0,False,4.14,2.36,1,1,0,1,0,navegando para fronteira
521.486,453.0,navigating,-1.6838,3.0189,0.3535,89.88,0.38,0.1349,0.0309,21.703,43.46,9996,10,339,11,285.2,8,52,12,0,0,1,0,1,0,False,4.24,2.36,1,1,0,1,0,navegando para fronteira
521.976,453.502,navigating,-1.6902,3.0855,0.352,90.38,0.46,0.1234,0.0229,21.771,43.46,9996,10,339,11,285.2,8,52,12,0,0,1,0,1,0,False,4.24,2.36,1,1,0,1,0,navegando para fronteira
522.469,454.0,navigating,-1.6952,3.1495,0.3534,90.86,0.12,0.1118,0.0077,21.836,43.46,9996,10,339,11,285.2,8,52,12,0,0,1,0,1,0,False,4.37,2.36,1,1,0,1,0,navegando para fronteira
522.969,454.501,navigating,-1.6885,3.2198,0.3549,91.37,0.25,0.1326,0.0081,21.907,43.46,9996,10,339,11,285.2,8,52,12,0,0,1,0,1,0,False,4.37,2.36,1,1,0,1,0,navegando para fronteira
523.448,455.0,navigating,-1.6967,3.2848,0.3555,91.69,0.16,0.1183,-0.0436,21.973,43.7,10052,10,339,11,285.2,8,52,12,0,0,1,0,1,0,False,4.48,2.36,1,1,0,1,0,navegando para fronteira
523.94,455.5,navigating,-1.6957,3.3544,0.3552,91.17,0.2,0.1197,-0.0443,22.043,43.7,10052,10,339,11,285.2,8,52,12,0,0,1,0,1,0,False,4.48,2.36,1,1,0,1,0,navegando para fronteira
524.425,456.0,navigating,-1.7049,3.4164,0.357,90.31,0.48,0.1149,-0.0022,22.106,43.7,10052,10,339,11,285.2,8,52,12,0,0,1,0,1,0,False,4.59,2.36,1,1,0,1,0,navegando para fronteira
524.907,456.501,navigating,-1.7043,3.4405,0.3508,90.32,0.23,0.0,0.0,22.141,43.7,10052,10,339,11,285.2,8,52,12,0,0,1,0,1,0,False,4.59,2.36,1,1,0,1,0,navegando para fronteira
525.399,457.0,selecting,-1.7043,3.4363,0.3507,89.56,0.05,0.0298,-0.0488,22.153,43.7,10052,3,189,3,69.5,1,53,13,0,0,0,0,1,0,False,4.66,2.36,1,1,0,1,0,fronteira alcancada; atualizando mapa
525.877,457.5,selecting,-1.6992,3.4593,0.3494,88.91,0.28,0.0719,-0.0211,22.181,43.7,10052,3,189,3,69.5,1,53,13,0,0,0,0,1,0,False,4.66,2.36,1,1,0,1,0,fronteira alcancada; atualizando mapa
526.363,458.0,navigating,-1.7133,3.5035,0.3517,87.2,0.41,0.0846,-0.0377,22.229,43.7,10052,3,189,3,69.5,3,55,13,0,1,0,0,1,0,False,4.69,2.36,1,1,0,1,0,navegando para fronteira
526.857,458.5,navigating,-1.6968,3.5676,0.3559,86.64,0.4,0.134,0.0181,22.295,43.7,10052,3,189,3,69.5,3,55,13,0,1,0,0,1,0,False,4.69,2.36,1,1,0,1,0,navegando para fronteira
527.347,459.0,navigating,-1.7092,3.6352,0.356,86.87,0.7,0.1304,-0.0234,22.365,44.22,10170,3,189,3,69.5,3,55,13,0,1,0,0,1,0,False,4.8,2.36,1,1,0,1,0,navegando para fronteira
527.844,459.5,navigating,-1.7008,3.6987,0.3547,87.22,0.16,0.1191,-0.0354,22.43,44.22,10170,3,189,3,69.5,3,55,13,0,1,0,0,1,0,False,4.8,2.36,1,1,0,1,0,navegando para fronteira
528.332,460.0,navigating,-1.6973,3.7684,0.3516,87.26,0.25,0.1316,-0.0529,22.501,44.22,10170,3,189,3,69.5,3,55,13,0,1,0,0,1,0,False,4.92,2.36,1,1,0,1,0,navegando para fronteira
528.814,460.5,navigating,-1.7028,3.8353,0.3559,86.78,0.38,0.1304,-0.033,22.569,44.22,10170,3,189,3,69.5,3,55,13,0,1,0,0,1,0,False,4.92,2.36,1,1,0,1,0,navegando para fronteira
529.309,461.0,navigating,-1.6965,3.9057,0.3552,86.17,0.29,0.1361,-0.0191,22.64,45.44,10451,3,189,3,69.5,3,55,13,0,1,0,0,1,0,False,5.06,2.36,1,1,0,1,0,navegando para fronteira
529.791,461.5,navigating,-1.694,3.9785,0.354,85.62,0.31,0.1324,-0.0016,22.713,45.44,10451,3,189,3,69.5,3,55,13,0,1,0,0,1,0,False,5.06,2.36,1,1,0,1,0,navegando para fronteira
530.284,462.001,navigating,-1.6836,4.0587,0.3534,85.3,0.16,0.1393,0.0044,22.794,45.44,10451,3,189,3,69.5,3,55,13,0,1,0,0,1,0,False,5.19,2.36,1,1,0,1,0,navegando para fronteira
530.78,462.501,navigating,-1.684,4.1339,0.3542,85.07,0.37,0.1294,-0.0068,22.87,45.44,10451,3,189,3,69.5,3,55,13,0,1,0,0,1,0,False,5.19,2.36,1,1,0,1,0,navegando para fronteira
531.253,463.0,navigating,-1.6768,4.2027,0.3528,84.71,0.24,0.1308,-0.036,22.939,46.9,10788,3,189,3,69.5,3,55,13,0,1,0,0,1,0,False,5.33,2.36,1,1,0,1,0,navegando para fronteira
531.743,463.5,navigating,-1.669,4.2734,0.3537,83.7,0.12,0.1275,-0.0569,23.011,46.9,10788,3,189,3,69.5,3,55,13,0,1,0,0,1,0,False,5.33,2.36,1,1,0,1,0,navegando para fronteira
532.228,464.0,navigating,-1.6602,4.3474,0.3521,82.49,0.09,0.1419,-0.0681,23.085,46.9,10788,3,189,3,69.5,3,55,13,0,1,0,0,1,0,False,5.48,2.36,1,1,0,1,0,navegando para fronteira
532.722,464.5,navigating,-1.6541,4.4236,0.3514,81.28,0.31,0.1327,-0.0705,23.162,46.9,10788,3,189,3,69.5,3,55,13,0,1,0,0,1,0,False,5.48,2.36,1,1,0,1,0,navegando para fronteira
533.207,465.0,navigating,-1.6393,4.4929,0.3513,79.97,0.25,0.1304,-0.0627,23.233,48.03,11048,3,189,3,69.5,3,55,13,0,1,0,0,1,0,False,5.63,2.36,1,1,0,1,0,navegando para fronteira
533.697,465.5,navigating,-1.6286,4.5644,0.3539,78.33,0.26,0.1293,-0.0534,23.305,48.03,11048,3,189,3,69.5,3,55,13,0,1,0,0,1,0,False,5.63,2.36,1,1,0,1,0,navegando para fronteira
534.193,466.0,navigating,-1.6149,4.6345,0.3545,76.46,0.17,0.1188,-0.0658,23.377,48.03,11048,3,189,3,69.5,3,55,13,0,1,0,0,1,0,False,5.78,2.36,1,1,0,1,0,navegando para fronteira
534.673,466.5,navigating,-1.5976,4.6991,0.3495,74.83,0.13,0.1153,-0.0228,23.444,48.03,11048,3,189,3,69.5,3,55,13,0,1,0,0,1,0,False,5.78,2.36,1,1,0,1,0,navegando para fronteira
535.158,467.0,navigating,-1.5867,4.7532,0.3541,74.07,0.06,0.0992,0.0002,23.5,48.03,11048,3,189,3,69.5,3,55,13,0,1,0,0,1,0,False,5.91,2.36,1,1,0,1,0,navegando para fronteira
535.641,467.5,navigating,-1.5575,4.8114,0.3542,73.75,0.34,0.1152,-0.0275,23.566,48.03,11048,3,189,3,69.5,3,55,13,0,1,0,0,1,0,False,5.91,2.36,1,1,0,1,0,navegando para fronteira
536.126,468.0,navigating,-1.5608,4.8684,0.3554,73.4,0.57,0.0854,-0.0154,23.625,48.22,11090,3,189,3,69.5,3,55,13,0,1,0,0,1,0,False,6.01,2.36,1,1,0,1,0,navegando para fronteira
536.613,468.5,navigating,-1.5342,4.9132,0.3559,73.01,0.4,0.0922,-0.0243,23.678,48.22,11090,3,189,3,69.5,3,55,13,0,1,0,0,1,0,False,6.01,2.36,1,1,0,1,0,navegando para fronteira
537.089,469.0,navigating,-1.5237,4.9633,0.3508,73.02,0.21,0.0,0.0,23.73,48.22,11090,3,189,3,69.5,3,55,13,0,1,0,0,1,0,False,6.01,2.36,1,1,0,1,0,navegando para fronteira
537.585,469.5,selecting,-1.5234,4.9594,0.3506,73.01,0.15,0.0,-0.0334,23.741,48.22,11090,4,223,4,97.7,1,56,14,0,0,0,0,1,0,False,6.13,2.36,1,1,0,1,0,fronteira alcancada; atualizando mapa
538.051,470.0,navigating,-1.521,4.9678,0.3514,73.01,0.23,0.0006,-0.0308,23.749,48.22,11090,4,223,4,97.7,4,59,14,0,1,0,0,1,0,False,6.14,2.36,1,1,0,1,0,navegando para fronteira
538.547,470.5,navigating,-1.521,4.9678,0.3514,73.01,0.23,0.0,-0.0182,23.749,48.22,11090,4,223,4,97.7,4,59,14,0,1,0,0,1,0,False,6.14,2.36,1,1,0,1,0,navegando para fronteira
539.031,471.0,navigating,-1.5208,4.9684,0.3515,73.01,0.25,0.0,-0.0165,23.75,48.22,11090,4,223,4,97.7,4,59,14,0,1,0,0,1,0,False,6.14,2.36,1,1,0,1,0,navegando para fronteira
539.51,471.5,navigating,-1.5207,4.9688,0.3515,73.01,0.26,0.0,-0.0175,23.75,48.22,11090,4,223,4,97.7,4,59,14,0,1,0,0,1,0,False,6.14,2.36,1,1,0,1,0,navegando para fronteira
539.957,472.0,navigating,-1.5206,4.969,0.3515,73.01,0.26,0.0001,-0.027,23.751,48.22,11090,4,223,4,97.7,4,59,14,0,1,0,0,1,0,False,6.14,2.36,1,1,0,1,0,navegando para fronteira
540.435,472.5,navigating,-1.5206,4.9691,0.3515,73.01,0.26,0.0,-0.0168,23.751,48.22,11090,4,223,4,97.7,4,59,14,0,1,0,0,1,0,False,6.14,2.36,1,1,0,1,0,navegando para fronteira
540.901,473.0,navigating,-1.5205,4.9693,0.3515,73.01,0.27,0.0,-0.0168,23.751,48.22,11090,4,223,4,97.7,4,59,14,0,1,0,0,1,0,False,6.14,2.36,1,1,0,1,0,navegando para fronteira
541.391,473.501,navigating,-1.5205,4.9693,0.3515,73.01,0.27,0.0,-0.025,23.751,48.22,11090,4,223,4,97.7,4,59,14,0,1,0,0,1,0,False,6.14,2.36,1,1,0,1,0,navegando para fronteira
541.864,474.0,navigating,-1.5205,4.9693,0.3515,73.01,0.27,0.0,-0.0235,23.751,48.22,11090,4,223,4,97.7,4,59,14,0,1,0,0,1,0,False,6.14,2.36,1,1,0,1,0,navegando para fronteira
542.35,474.5,navigating,-1.5205,4.9693,0.3515,73.01,0.27,0.0,-0.0248,23.751,48.22,11090,4,223,4,97.7,4,59,14,0,1,0,0,1,0,False,6.14,2.36,1,1,0,1,0,navegando para fronteira
542.812,475.0,navigating,-1.5205,4.9694,0.3515,73.01,0.27,0.0,-0.0274,23.751,48.22,11090,4,223,4,97.7,4,59,14,0,1,0,0,1,0,False,6.14,2.36,1,1,0,1,0,navegando para fronteira
543.289,475.5,navigating,-1.5205,4.9694,0.3515,73.01,0.27,0.0,-0.0387,23.751,48.22,11090,4,223,4,97.7,4,59,14,0,1,0,0,1,0,False,6.14,2.36,1,1,0,1,0,navegando para fronteira
543.779,476.0,navigating,-1.5205,4.9694,0.3515,73.01,0.27,0.0,0.0,23.751,48.22,11090,4,223,4,97.7,4,59,14,0,1,0,0,1,0,False,6.14,2.36,1,1,0,1,0,navegando para fronteira
544.267,476.5,navigating,-1.5205,4.9694,0.3515,73.01,0.27,0.0,-0.0183,23.751,48.22,11090,4,223,4,97.7,4,59,14,0,1,0,0,1,0,False,6.14,2.36,1,1,0,1,0,navegando para fronteira
544.745,477.001,navigating,-1.5205,4.9694,0.3515,73.01,0.27,0.0,-0.0221,23.751,48.22,11090,4,223,4,97.7,4,59,14,0,1,0,0,1,0,False,6.14,2.36,1,1,0,1,0,navegando para fronteira
545.23,477.501,navigating,-1.5205,4.9694,0.3515,73.01,0.27,0.0,-0.0264,23.751,48.22,11090,4,223,4,97.7,4,59,14,0,1,0,0,1,0,False,6.14,2.36,1,1,0,1,0,navegando para fronteira
545.725,478.001,navigating,-1.5205,4.9694,0.3515,73.01,0.27,0.0,-0.0238,23.751,48.22,11090,4,223,4,97.7,4,59,14,0,1,0,0,1,0,False,6.14,2.36,1,1,0,1,0,navegando para fronteira
546.211,478.5,navigating,-1.5205,4.9694,0.3515,73.01,0.27,0.0,-0.0205,23.751,48.22,11090,4,223,4,97.7,4,59,14,0,1,0,0,1,0,False,6.14,2.36,1,1,0,1,0,navegando para fronteira
546.706,479.0,navigating,-1.5205,4.9694,0.3515,73.01,0.27,0.0,-0.0252,23.751,48.22,11090,4,223,4,97.7,4,59,14,0,1,0,0,1,0,False,6.14,2.36,1,1,0,1,0,navegando para fronteira
547.191,479.5,navigating,-1.5205,4.9694,0.3515,73.01,0.27,0.0,-0.0369,23.751,48.22,11090,4,223,4,97.7,4,59,14,0,1,0,0,1,0,False,6.14,2.36,1,1,0,1,0,navegando para fronteira
547.668,480.0,navigating,-1.5205,4.9694,0.3515,73.01,0.27,0.0,-0.033,23.751,48.22,11090,4,223,4,97.7,4,59,14,0,1,0,0,1,0,False,6.14,2.36,1,1,0,1,0,navegando para fronteira
548.156,480.5,navigating,-1.5205,4.9694,0.3515,73.01,0.27,0.0,-0.032,23.751,48.22,11090,4,223,4,97.7,4,59,14,0,1,0,0,1,0,False,6.14,2.36,1,1,0,1,0,navegando para fronteira
548.644,481.0,navigating,-1.5205,4.9694,0.3515,73.01,0.27,0.0,-0.0194,23.751,48.22,11090,4,223,4,97.7,4,59,14,0,1,0,0,1,0,False,6.14,2.36,1,1,0,1,0,navegando para fronteira
549.128,481.5,navigating,-1.5205,4.9694,0.3515,73.01,0.27,0.0,-0.0303,23.751,48.22,11090,4,223,4,97.7,4,59,14,0,1,0,0,1,0,False,6.14,2.36,1,1,0,1,0,navegando para fronteira
549.616,482.0,navigating,-1.5205,4.9694,0.3515,73.01,0.27,0.0,-0.0242,23.751,48.22,11090,4,223,4,97.7,4,59,14,0,1,0,0,1,0,False,6.14,2.36,1,1,0,1,0,navegando para fronteira
550.111,482.5,navigating,-1.5205,4.9694,0.3515,73.01,0.27,0.0,-0.0288,23.751,48.22,11090,4,223,4,97.7,4,59,14,0,1,0,0,1,0,False,6.14,2.36,1,1,0,1,0,navegando para fronteira
550.583,483.0,navigating,-1.5205,4.9694,0.3515,73.01,0.27,0.0,-0.0236,23.751,48.22,11090,4,223,4,97.7,4,59,14,0,1,0,0,1,0,False,6.14,2.36,1,1,0,1,0,navegando para fronteira
551.079,483.5,navigating,-1.5205,4.9694,0.3515,73.01,0.27,0.0,-0.0248,23.751,48.22,11090,4,223,4,97.7,4,59,14,0,1,0,0,1,0,False,6.14,2.36,1,1,0,1,0,navegando para fronteira
551.526,484.0,navigating,-1.5205,4.9694,0.3515,73.01,0.27,0.0002,-0.0279,23.751,48.22,11090,4,223,4,97.7,4,59,14,0,1,0,0,1,0,False,6.14,2.36,1,1,0,1,0,navegando para fronteira
552.003,484.5,navigating,-1.5205,4.9694,0.3515,73.01,0.27,0.0,-0.0235,23.751,48.22,11090,4,223,4,97.7,4,59,14,0,1,0,0,1,0,False,6.14,2.36,1,1,0,1,0,navegando para fronteira
552.494,485.0,navigating,-1.5205,4.9694,0.3515,73.01,0.27,0.0,-0.0212,23.751,48.22,11090,4,223,4,97.7,4,59,14,0,1,0,0,1,0,False,6.14,2.36,1,1,0,1,0,navegando para fronteira
552.978,485.5,navigating,-1.5205,4.9694,0.3515,73.01,0.27,0.0,-0.0238,23.751,48.22,11090,4,223,4,97.7,4,59,14,0,1,0,0,1,0,False,6.14,2.36,1,1,0,1,0,navegando para fronteira
553.465,486.0,navigating,-1.5205,4.9694,0.3515,73.01,0.27,0.0,-0.025,23.751,48.22,11090,4,223,4,97.7,4,59,14,0,1,0,0,1,0,False,6.14,2.36,1,1,0,1,0,navegando para fronteira
553.935,486.5,navigating,-1.5205,4.9694,0.3515,73.01,0.27,0.0005,-0.0262,23.751,48.22,11090,4,223,4,97.7,4,59,14,0,1,0,0,1,0,False,6.14,2.36,1,1,0,1,0,navegando para fronteira
554.429,487.0,navigating,-1.5205,4.9694,0.3515,73.01,0.27,0.0003,-0.022,23.751,48.22,11090,4,223,4,97.7,4,59,14,0,1,0,0,1,0,False,6.14,2.36,1,1,0,1,0,navegando para fronteira
554.914,487.5,navigating,-1.5205,4.9694,0.3515,73.01,0.27,0.0,-0.0293,23.751,48.22,11090,4,223,4,97.7,4,59,14,0,1,0,0,1,0,False,6.14,2.36,1,1,0,1,0,navegando para fronteira
555.41,488.001,navigating,-1.5205,4.9694,0.3515,73.01,0.27,0.0008,-0.032,23.751,48.22,11090,4,223,4,97.7,4,59,14,0,1,0,0,1,0,False,6.14,2.36,1,1,0,1,0,navegando para fronteira
555.897,488.5,navigating,-1.5205,4.9694,0.3515,73.01,0.27,0.0001,-0.0239,23.751,48.22,11090,4,223,4,97.7,4,59,14,0,1,0,0,1,0,False,6.14,2.36,1,1,0,1,0,navegando para fronteira
556.382,489.0,navigating,-1.5205,4.9694,0.3515,73.01,0.27,0.0,-0.0286,23.751,48.22,11090,4,223,4,97.7,4,59,14,0,1,0,0,1,0,False,6.14,2.36,1,1,0,1,0,navegando para fronteira
556.847,489.5,navigating,-1.5205,4.9694,0.3515,73.01,0.27,0.0001,-0.026,23.751,48.22,11090,4,223,4,97.7,4,59,14,0,1,0,0,1,0,False,6.14,2.36,1,1,0,1,0,navegando para fronteira
557.336,490.0,navigating,-1.5205,4.9694,0.3515,73.01,0.27,0.0,-0.0308,23.751,48.22,11090,4,223,4,97.7,4,59,14,0,1,0,0,1,0,False,6.14,2.36,1,1,0,1,0,navegando para fronteira
557.802,490.5,navigating,-1.5205,4.9694,0.3515,73.01,0.27,0.0,-0.031,23.751,48.22,11090,4,223,4,97.7,4,59,14,0,1,0,0,1,0,False,6.14,2.36,1,1,0,1,0,navegando para fronteira
558.274,491.0,navigating,-1.5205,4.9694,0.3515,73.01,0.27,0.0,-0.0304,23.751,48.22,11090,4,223,4,97.7,4,59,14,0,1,0,0,1,0,False,6.14,2.36,1,1,0,1,0,navegando para fronteira
558.762,491.5,navigating,-1.5205,4.9694,0.3515,73.01,0.27,0.0,-0.026,23.751,48.22,11090,4,223,4,97.7,4,59,14,0,1,0,0,1,0,False,6.14,2.36,1,1,0,1,0,navegando para fronteira
559.244,492.0,navigating,-1.5205,4.9694,0.3515,73.01,0.27,0.0,-0.023,23.751,48.22,11090,4,223,4,97.7,4,59,14,0,1,0,0,1,0,False,6.14,2.36,1,1,0,1,0,navegando para fronteira
559.735,492.5,navigating,-1.5205,4.9694,0.3515,73.01,0.27,0.0,-0.0203,23.751,48.22,11090,4,223,4,97.7,4,59,14,0,1,0,0,1,0,False,6.14,2.36,1,1,0,1,0,navegando para fronteira
560.211,493.0,navigating,-1.5205,4.9694,0.3515,73.01,0.27,0.0,-0.036,23.751,48.22,11090,4,223,4,97.7,4,59,14,0,1,0,0,1,0,False,6.14,2.36,1,1,0,1,0,navegando para fronteira
560.707,493.5,navigating,-1.5205,4.9694,0.3515,73.01,0.27,0.0,-0.0267,23.751,48.22,11090,4,223,4,97.7,4,59,14,0,1,0,0,1,0,False,6.14,2.36,1,1,0,1,0,navegando para fronteira
561.196,494.0,navigating,-1.5205,4.9694,0.3515,73.01,0.27,0.0,-0.0328,23.751,48.22,11090,4,223,4,97.7,4,59,14,0,1,0,0,1,0,False,6.14,2.36,1,1,0,1,0,navegando para fronteira
561.628,494.5,navigating,-1.5205,4.9694,0.3515,73.01,0.27,0.0,-0.0323,23.751,48.22,11090,4,223,4,97.7,4,59,14,0,1,0,0,1,0,False,6.14,2.36,1,1,0,1,0,navegando para fronteira
562.084,495.0,navigating,-1.5205,4.9694,0.3515,73.01,0.27,0.0001,-0.0233,23.751,48.22,11090,4,223,4,97.7,4,59,14,0,1,0,0,1,0,False,6.14,2.36,1,1,0,1,0,navegando para fronteira
562.576,495.5,navigating,-1.5205,4.9694,0.3515,73.01,0.27,0.0014,-0.0294,23.751,48.22,11090,4,223,4,97.7,4,59,14,0,1,0,0,1,0,False,6.14,2.36,1,1,0,1,0,navegando para fronteira
563.069,496.001,navigating,-1.5205,4.9694,0.3515,73.01,0.27,0.0,-0.0261,23.751,48.22,11090,4,223,4,97.7,4,59,14,0,1,0,0,1,0,False,6.14,2.36,1,1,0,1,0,navegando para fronteira
563.564,496.5,navigating,-1.5205,4.9694,0.3515,73.01,0.27,0.0,-0.0218,23.751,48.22,11090,4,223,4,97.7,4,59,14,0,1,0,0,1,0,False,6.14,2.36,1,1,0,1,0,navegando para fronteira
564.041,497.0,navigating,-1.5205,4.9694,0.3515,73.01,0.27,0.0,-0.0333,23.751,48.22,11090,4,223,4,97.7,4,59,14,0,1,0,0,1,0,False,6.14,2.36,1,1,0,1,0,navegando para fronteira
564.527,497.5,navigating,-1.5205,4.9694,0.3515,73.01,0.27,0.0,-0.0172,23.751,48.22,11090,4,223,4,97.7,4,59,14,0,1,0,0,1,0,False,6.14,2.36,1,1,0,1,0,navegando para fronteira
565.021,498.0,navigating,-1.5205,4.9694,0.3515,73.01,0.27,0.0,-0.0365,23.751,48.22,11090,4,223,4,97.7,4,59,14,0,1,0,0,1,0,False,6.14,2.36,1,1,0,1,0,navegando para fronteira
565.523,498.5,navigating,-1.5205,4.9694,0.3515,73.01,0.27,0.0,-0.0135,23.751,48.22,11090,4,223,4,97.7,4,59,14,0,1,0,0,1,0,False,6.14,2.36,1,1,0,1,0,navegando para fronteira
566.008,499.0,navigating,-1.5205,4.9694,0.3515,73.01,0.27,0.0,-0.0176,23.751,48.22,11090,4,223,4,97.7,4,59,14,0,1,0,0,1,0,False,6.14,2.36,1,1,0,1,0,navegando para fronteira
566.48,499.5,navigating,-1.5205,4.9694,0.3515,73.01,0.27,0.0011,-0.0243,23.751,48.22,11090,4,223,4,97.7,4,59,14,0,1,0,0,1,0,False,6.14,2.36,1,1,0,1,0,navegando para fronteira
566.972,500.0,navigating,-1.5205,4.9694,0.3515,73.01,0.27,0.0001,-0.0259,23.751,48.22,11090,4,223,4,97.7,4,59,14,0,1,0,0,1,0,False,6.14,2.36,1,1,0,1,0,navegando para fronteira
567.468,500.5,navigating,-1.5205,4.9694,0.3515,73.01,0.27,0.0001,-0.021,23.751,48.22,11090,4,223,4,97.7,4,59,14,0,1,0,0,1,0,False,6.14,2.36,1,1,0,1,0,navegando para fronteira
567.95,501.0,navigating,-1.5205,4.9694,0.3515,73.01,0.27,0.0,-0.0237,23.751,48.22,11090,4,223,4,97.7,4,59,14,0,1,0,0,1,0,False,6.14,2.36,1,1,0,1,0,navegando para fronteira
568.442,501.5,navigating,-1.5205,4.9694,0.3515,73.01,0.27,0.0001,-0.0249,23.751,48.22,11090,4,223,4,97.7,4,59,14,0,1,0,0,1,0,False,6.14,2.36,1,1,0,1,0,navegando para fronteira
568.929,502.0,navigating,-1.5205,4.9694,0.3515,73.01,0.27,0.0,-0.0228,23.751,48.22,11090,4,223,4,97.7,4,59,14,0,1,0,0,1,0,False,6.14,2.36,1,1,0,1,0,navegando para fronteira
569.406,502.5,navigating,-1.5205,4.9694,0.3515,73.01,0.27,0.0001,-0.0177,23.751,48.22,11090,4,223,4,97.7,4,59,14,0,1,0,0,1,0,False,6.14,2.36,1,1,0,1,0,navegando para fronteira
569.901,503.0,navigating,-1.5205,4.9694,0.3515,73.01,0.27,0.0,-0.0224,23.751,48.22,11090,4,223,4,97.7,4,59,14,0,1,0,0,1,0,False,6.14,2.36,1,1,0,1,0,navegando para fronteira
570.392,503.5,navigating,-1.5205,4.9694,0.3515,73.01,0.27,0.0,-0.0192,23.751,48.22,11090,4,223,4,97.7,4,59,14,0,1,0,0,1,0,False,6.14,2.36,1,1,0,1,0,navegando para fronteira
570.861,504.0,navigating,-1.5205,4.9694,0.3515,73.01,0.27,0.0,-0.0282,23.751,48.22,11090,4,223,4,97.7,4,59,14,0,1,0,0,1,0,False,6.14,2.36,1,1,0,1,0,navegando para fronteira
571.351,504.5,navigating,-1.5205,4.9694,0.3515,73.01,0.27,0.0,-0.0305,23.751,48.22,11090,4,223,4,97.7,4,59,14,0,1,0,0,1,0,False,6.14,2.36,1,1,0,1,0,navegando para fronteira
571.825,505.0,navigating,-1.5205,4.9694,0.3515,73.01,0.27,0.0,-0.024,23.751,48.22,11090,4,223,4,97.7,4,59,14,0,1,0,0,1,0,False,6.14,2.36,1,1,0,1,0,navegando para fronteira
572.322,505.5,navigating,-1.5205,4.9694,0.3515,73.01,0.27,0.0,-0.0235,23.751,48.22,11090,4,223,4,97.7,4,59,14,0,1,0,0,1,0,False,6.14,2.36,1,1,0,1,0,navegando para fronteira
572.8,506.0,navigating,-1.5205,4.9694,0.3515,73.01,0.27,0.0,-0.0168,23.751,48.22,11090,4,223,4,97.7,4,59,14,0,1,0,0,1,0,False,6.14,2.36,1,1,0,1,0,navegando para fronteira
573.276,506.5,navigating,-1.5205,4.9694,0.3515,73.01,0.27,0.0,-0.0277,23.751,48.22,11090,4,223,4,97.7,4,59,14,0,1,0,0,1,0,False,6.14,2.36,1,1,0,1,0,navegando para fronteira
573.753,507.0,navigating,-1.5205,4.9694,0.3515,73.01,0.27,0.0,-0.0205,23.751,48.22,11090,4,223,4,97.7,4,59,14,0,1,0,0,1,0,False,6.14,2.36,1,1,0,1,0,navegando para fronteira
574.238,507.5,navigating,-1.5205,4.9694,0.3515,73.01,0.27,0.0,-0.0382,23.751,48.22,11090,4,223,4,97.7,4,59,14,0,1,0,0,1,0,False,6.14,2.36,1,1,0,1,0,navegando para fronteira
574.712,508.0,navigating,-1.5205,4.9694,0.3515,73.01,0.27,0.0,-0.0173,23.751,48.22,11090,4,223,4,97.7,4,59,14,0,1,0,0,1,0,False,6.14,2.36,1,1,0,1,0,navegando para fronteira
575.18,508.5,navigating,-1.5205,4.9694,0.3515,73.01,0.27,0.0,-0.0265,23.751,48.22,11090,4,223,4,97.7,4,59,14,0,1,0,0,1,0,False,6.14,2.36,1,1,0,1,0,navegando para fronteira
575.674,509.0,navigating,-1.5205,4.9694,0.3515,73.01,0.27,0.0,-0.0251,23.751,48.22,11090,4,223,4,97.7,4,59,14,0,1,0,0,1,0,False,6.14,2.36,1,1,0,1,0,navegando para fronteira
576.169,509.5,navigating,-1.5205,4.9694,0.3515,73.01,0.27,0.0006,-0.0244,23.751,48.22,11090,4,223,4,97.7,4,59,14,0,1,0,0,1,0,False,6.14,2.36,1,1,0,1,0,navegando para fronteira
576.664,510.0,navigating,-1.5205,4.9694,0.3515,73.01,0.27,0.0,-0.0259,23.751,48.22,11090,4,223,4,97.7,4,59,14,0,1,0,0,1,0,False,6.14,2.36,1,1,0,1,0,navegando para fronteira
577.148,510.5,navigating,-1.5205,4.9694,0.3515,73.01,0.27,0.0,-0.0173,23.751,48.22,11090,4,223,4,97.7,4,59,14,0,1,0,0,1,0,False,6.14,2.36,1,1,0,1,0,navegando para fronteira
577.63,511.0,navigating,-1.5205,4.9694,0.3515,73.01,0.27,0.0001,-0.0214,23.751,48.22,11090,4,223,4,97.7,4,59,14,0,1,0,0,1,0,False,6.14,2.36,1,1,0,1,0,navegando para fronteira
578.086,511.5,navigating,-1.5205,4.9694,0.3515,73.01,0.27,0.0014,-0.0278,23.751,48.22,11090,4,223,4,97.7,4,59,14,0,1,0,0,1,0,False,6.14,2.36,1,1,0,1,0,navegando para fronteira
578.58,512.0,navigating,-1.5186,4.9706,0.351,72.63,0.26,0.0039,-0.0616,23.753,48.22,11090,4,223,4,97.7,4,59,14,0,1,0,0,1,0,False,6.14,2.36,1,1,0,1,0,navegando para fronteira
579.073,512.501,navigating,-1.5163,4.9753,0.3525,70.77,0.21,0.0054,-0.0884,23.764,48.22,11090,4,223,4,97.7,4,59,14,0,1,0,0,1,0,False,6.15,2.36,1,1,0,1,0,navegando para fronteira
579.557,513.0,navigating,-1.5228,4.969,0.3529,68.07,0.09,0.0,-0.138,23.778,48.22,11090,4,223,4,97.7,4,59,14,0,1,0,0,1,0,False,6.15,2.36,1,1,0,1,0,navegando para fronteira
580.024,513.5,navigating,-1.518,4.9717,0.3486,64.67,0.05,0.0107,-0.142,23.79,48.22,11090,4,223,4,97.7,4,59,14,0,1,0,0,1,0,False,6.14,2.36,1,1,0,1,0,navegando para fronteira
580.51,514.0,navigating,-1.5247,4.9704,0.3428,61.32,0.14,0.0012,-0.1916,23.805,48.22,11090,4,223,4,97.7,4,59,14,0,1,0,0,1,0,False,6.14,2.36,1,1,0,1,0,navegando para fronteira
580.984,514.5,navigating,-1.5143,4.9673,0.3495,57.15,0.19,0.0011,-0.1615,23.818,48.22,11090,4,223,4,97.7,4,59,14,0,1,0,0,1,0,False,6.14,2.36,1,1,0,1,0,navegando para fronteira
581.464,515.0,navigating,-1.5281,4.97,0.3562,52.58,0.53,0.0025,-0.1659,23.834,48.22,11090,4,223,4,97.7,4,59,14,0,1,0,0,1,0,False,6.14,2.36,1,1,0,1,0,navegando para fronteira
581.943,515.5,navigating,-1.5203,4.9681,0.3513,47.85,0.18,0.0179,-0.1524,23.851,48.22,11090,4,223,4,97.7,4,59,14,0,1,0,0,1,0,False,6.14,2.36,1,1,0,1,0,navegando para fronteira
582.427,516.0,navigating,-1.5151,4.971,0.3481,43.97,0.11,0.0143,-0.1215,23.86,48.22,11090,4,223,4,97.7,4,59,14,0,1,0,0,1,0,False,6.14,2.36,1,1,0,1,0,navegando para fronteira
582.921,516.5,navigating,-1.5143,4.9766,0.3528,40.11,0.11,0.018,-0.184,23.867,48.22,11090,4,223,4,97.7,4,59,14,0,1,0,0,1,0,False,6.14,2.36,1,1,0,1,0,navegando para fronteira
583.408,517.0,selecting,-1.5103,4.9755,0.3546,37.05,0.16,0.0,0.0,23.875,48.22,11090,4,223,4,97.7,4,59,14,0,1,1,0,1,0,False,6.15,2.36,1,1,0,1,0,meta de fronteira expirou
583.897,517.5,selecting,-1.5144,4.977,0.351,37.08,0.31,0.0,0.0,23.889,48.22,11090,4,223,4,97.7,4,59,14,0,1,1,0,1,0,False,6.15,2.36,1,1,0,1,0,meta de fronteira expirou
584.383,518.0,selecting,-1.512,4.9765,0.3518,37.08,0.16,0.0133,0.0043,23.893,48.22,11090,2,223,4,127.7,1,60,15,0,1,1,0,1,0,False,6.15,2.36,1,1,0,1,0,meta de fronteira expirou
584.839,518.5,selecting,-1.5048,4.9809,0.3555,36.81,0.15,0.0351,-0.0327,23.902,48.22,11090,2,223,4,127.7,1,60,15,0,1,1,0,1,0,False,6.15,2.36,1,1,0,1,0,meta de fronteira expirou
585.32,519.0,navigating,-1.4819,5.009,0.3543,36.71,0.48,0.0841,-0.0114,23.939,48.22,11090,2,223,4,127.7,2,61,15,0,1,1,0,1,0,False,6.16,2.36,1,1,0,1,0,navegando para fronteira
585.806,519.5,navigating,-1.4447,5.0166,0.3554,36.05,0.53,0.0575,-0.048,23.978,48.22,11090,2,223,4,127.7,2,61,15,0,1,1,0,1,0,False,6.16,2.36,1,1,0,1,0,navegando para fronteira
586.3,520.0,navigating,-1.4283,5.0471,0.3551,35.01,0.67,0.0607,-0.0278,24.015,48.22,11090,2,223,4,127.7,2,61,15,0,1,1,0,1,0,False,6.22,2.36,1,1,0,1,0,navegando para fronteira
586.776,520.5,navigating,-1.395,5.0628,0.3466,33.87,0.15,0.0637,-0.0351,24.055,48.22,11090,2,223,4,127.7,2,61,15,0,1,1,0,1,0,False,6.22,2.36,1,1,0,1,0,navegando para fronteira
587.259,521.001,navigating,-1.3689,5.0727,0.3507,32.08,0.18,0.0551,-0.0862,24.085,48.26,11101,2,223,4,127.7,2,61,15,0,1,1,0,1,0,False,6.29,2.36,1,1,0,1,0,navegando para fronteira
587.747,521.5,navigating,-1.3463,5.0896,0.3562,29.57,0.16,0.0555,-0.1136,24.115,48.26,11101,2,223,4,127.7,2,61,15,0,1,1,0,1,0,False,6.29,2.36,1,1,0,1,0,navegando para fronteira
588.212,522.0,navigating,-1.3141,5.0974,0.3559,26.9,0.36,0.0721,-0.1322,24.148,48.26,11101,2,223,4,127.7,2,61,15,0,1,1,0,1,0,False,6.34,2.36,1,1,0,1,0,navegando para fronteira
588.695,522.5,navigating,-1.2902,5.1229,0.3601,24.51,0.31,0.06,-0.045,24.184,48.26,11101,2,223,4,127.7,2,61,15,0,1,1,0,1,0,False,6.34,2.36,1,1,0,1,0,navegando para fronteira
589.184,523.0,navigating,-1.2603,5.1308,0.3565,23.2,0.21,0.058,-0.0916,24.216,48.26,11101,2,223,4,127.7,2,61,15,0,1,1,0,1,0,False,6.39,2.36,1,1,0,1,0,navegando para fronteira
589.681,523.5,navigating,-1.2274,5.1457,0.3552,20.67,0.18,0.067,-0.1089,24.252,48.26,11101,2,223,4,127.7,2,61,15,0,1,1,0,1,0,False,6.39,2.36,1,1,0,1,0,navegando para fronteira
590.143,524.0,navigating,-1.1929,5.1639,0.3492,18.04,0.23,0.0795,-0.0819,24.292,48.32,11113,2,223,4,127.7,2,61,15,0,1,1,0,1,0,False,6.42,2.36,1,1,0,1,0,navegando para fronteira
590.619,524.5,navigating,-1.1564,5.1604,0.3511,15.78,0.35,0.0649,-0.1094,24.33,48.32,11113,2,223,4,127.7,2,61,15,0,1,1,0,1,0,False,6.42,2.36,1,1,0,1,0,navegando para fronteira
591.11,525.0,navigating,-1.1244,5.1727,0.3543,13.14,0.14,0.0633,-0.0341,24.365,48.32,11113,2,223,4,127.7,2,61,15,0,1,1,0,1,0,False,6.47,2.36,1,1,0,1,0,navegando para fronteira
591.607,525.5,navigating,-1.0913,5.18,0.3545,11.62,0.2,0.0594,-0.055,24.399,48.32,11113,2,223,4,127.7,2,61,15,0,1,1,0,1,0,False,6.47,2.36,1,1,0,1,0,navegando para fronteira
592.088,526.001,navigating,-1.0603,5.1818,0.3537,9.9,0.21,0.059,-0.0394,24.43,48.32,11113,2,223,4,127.7,2,61,15,0,1,1,0,1,0,False,6.51,2.36,1,1,0,1,0,navegando para fronteira
592.583,526.5,navigating,-1.0286,5.1883,0.3525,8.36,0.16,0.0574,-0.0694,24.463,48.32,11113,2,223,4,127.7,2,61,15,0,1,1,0,1,0,False,6.51,2.36,1,1,0,1,0,navegando para fronteira
593.08,527.0,navigating,-0.996,5.1898,0.3517,6.62,0.08,0.0539,-0.059,24.496,48.77,11217,2,223,4,127.7,2,61,15,0,1,1,0,1,0,False,6.54,2.36,1,1,0,1,0,navegando para fronteira
593.543,527.5,navigating,-0.9672,5.1876,0.3487,4.46,0.13,0.0555,-0.1148,24.525,48.77,11217,2,223,4,127.7,2,61,15,0,1,1,0,1,0,False,6.54,2.36,1,1,0,1,0,navegando para fronteira
594.03,528.0,navigating,-0.9365,5.1913,0.3517,3.06,0.14,0.0552,-0.0418,24.556,48.77,11217,2,223,4,127.7,2,61,15,0,1,1,0,1,0,False,6.58,2.36,1,1,0,1,0,navegando para fronteira
594.507,528.5,navigating,-0.9109,5.1962,0.3501,1.68,0.27,0.0431,-0.0551,24.582,48.77,11217,2,223,4,127.7,2,61,15,0,1,1,0,1,0,False,6.58,2.36,1,1,0,1,0,navegando para fronteira
594.999,529.0,navigating,-0.8921,5.1915,0.3528,0.27,0.09,0.0292,-0.0115,24.604,48.77,11217,2,223,4,127.7,2,61,15,0,1,1,0,1,0,False,6.58,2.36,1,1,0,1,0,navegando para fronteira
595.5,529.5,navigating,-0.8753,5.2017,0.3499,-0.95,0.39,0.0337,-0.0302,24.625,48.77,11217,2,223,4,127.7,2,61,15,0,1,1,0,1,0,False,6.61,2.36,1,1,0,1,0,navegando para fronteira
595.998,530.0,navigating,-0.8533,5.1905,0.3503,-1.92,0.3,0.0399,-0.0296,24.65,48.77,11217,2,223,4,127.7,2,61,15,0,1,1,0,1,0,False,6.61,2.36,1,1,0,1,0,navegando para fronteira
596.492,530.5,navigating,-0.8312,5.187,0.3544,-3.24,0.31,0.0448,-0.0439,24.677,48.77,11217,2,223,4,127.7,2,61,15,0,1,1,0,1,0,False,6.64,2.36,1,1,0,1,0,navegando para fronteira
596.966,531.0,navigating,-0.8092,5.1904,0.3527,-4.69,0.16,0.0398,-0.077,24.701,48.77,11217,2,223,4,127.7,2,61,15,0,1,1,0,1,0,False,6.64,2.36,1,1,0,1,0,navegando para fronteira
597.46,531.5,navigating,-0.7864,5.1692,0.3489,-6.31,0.52,0.0486,-0.0724,24.734,48.77,11217,2,223,4,127.7,2,61,15,0,1,1,0,1,0,False,6.65,2.36,1,1,0,1,0,navegando para fronteira
597.956,532.0,navigating,-0.7551,5.1806,0.3514,-7.76,0.52,0.0493,-0.0788,24.767,48.77,11217,2,223,4,127.7,2,61,15,0,1,1,0,1,0,False,6.65,2.36,1,1,0,1,0,navegando para fronteira
598.443,532.5,navigating,-0.7361,5.1698,0.3505,-9.26,0.37,0.0364,-0.0616,24.793,48.77,11217,2,223,4,127.7,2,61,15,0,1,1,0,1,0,False,6.67,2.36,1,1,0,1,0,navegando para fronteira
598.926,533.001,navigating,-0.7179,5.1642,0.3529,-10.7,0.25,0.032,-0.057,24.815,48.77,11217,2,223,4,127.7,2,61,15,0,1,1,0,1,0,False,6.67,2.36,1,1,0,1,0,navegando para fronteira
599.42,533.5,navigating,-0.6925,5.165,0.352,-12.23,0.17,0.05,-0.0269,24.843,48.77,11217,2,223,4,127.7,2,61,15,0,1,1,0,1,0,False,6.68,2.36,1,1,0,1,0,navegando para fronteira
599.906,534.0,navigating,-0.6766,5.1481,0.3491,-13.43,0.27,0.0301,-0.0216,24.869,42.16,11461,2,223,4,127.7,2,61,15,0,1,1,0,1,0,False,6.68,2.36,1,1,0,1,0,navegando para fronteira
600.399,534.5,navigating,-0.6605,5.1509,0.3496,-14.22,0.31,0.0268,-0.0059,24.886,42.16,11461,2,223,4,127.7,2,61,15,0,1,1,0,1,0,False,6.69,2.36,1,1,0,1,0,navegando para fronteira
600.885,535.0,navigating,-0.6443,5.1364,0.3506,-14.77,0.39,0.0343,-0.0158,24.91,42.16,11461,2,223,4,127.7,2,61,15,0,1,1,0,1,0,False,6.69,2.36,1,1,0,1,0,navegando para fronteira
601.367,535.5,navigating,-0.6302,5.1305,0.3538,-15.02,0.14,0.0295,-0.0329,24.927,42.16,11461,2,223,4,127.7,2,61,15,0,1,1,0,1,0,False,6.69,2.36,1,1,0,1,0,navegando para fronteira
601.844,536.0,navigating,-0.6147,5.1296,0.3534,-15.68,0.09,0.028,-0.0288,24.945,42.16,11461,2,223,4,127.7,2,61,15,0,1,1,0,1,0,False,6.69,2.36,1,1,0,1,0,navegando para fronteira
602.322,536.5,navigating,-0.6016,5.1194,0.3525,-15.83,0.17,0.0297,-0.0156,24.962,42.16,11461,2,223,4,127.7,2,61,15,0,1,1,0,1,0,False,6.7,2.36,1,1,0,1,0,navegando para fronteira
602.818,537.0,navigating,-0.5868,5.1154,0.3529,-15.92,0.13,0.0283,-0.0097,24.978,42.16,11461,2,223,4,127.7,2,61,15,0,1,1,0,1,0,False,6.7,2.36,1,1,0,1,0,navegando para fronteira
603.308,537.5,navigating,-0.5728,5.1089,0.3518,-15.93,0.1,0.0318,0.018,24.994,42.16,11461,2,223,4,127.7,2,61,15,0,1,1,0,1,0,False,6.7,2.36,1,1,0,1,0,navegando para fronteira
603.799,538.0,navigating,-0.5587,5.1027,0.3518,-15.86,0.09,0.0284,-0.0018,25.01,42.16,11461,2,223,4,127.7,2,61,15,0,1,1,0,1,0,False,6.7,2.36,1,1,0,1,0,navegando para fronteira
604.293,538.5,navigating,-0.5447,5.0973,0.3513,-16.07,0.08,0.0178,-0.0033,25.025,42.16,11461,2,223,4,127.7,2,61,15,0,1,1,0,1,0,False,6.71,2.36,1,1,0,1,0,navegando para fronteira
604.782,539.0,navigating,-0.5367,5.0931,0.3486,-16.2,0.12,0.0187,-0.0129,25.035,42.16,11461,2,223,4,127.7,2,61,15,0,1,1,0,1,0,False,6.71,2.36,1,1,0,1,0,navegando para fronteira
605.251,539.5,navigating,-0.5294,5.0835,0.3486,-16.18,0.34,0.0192,0.033,25.048,42.16,11461,2,223,4,127.7,2,61,15,0,1,1,0,1,0,False,6.71,2.36,1,1,0,1,0,navegando para fronteira
605.741,540.0,navigating,-0.5165,5.0829,0.3512,-15.65,0.31,0.0218,0.0053,25.064,42.16,11461,2,223,4,127.7,2,61,15,0,1,1,0,1,0,False,6.71,2.36,1,1,0,1,0,navegando para fronteira
606.232,540.5,navigating,-0.5106,5.078,0.3517,-15.6,0.11,0.0123,-0.0319,25.075,42.16,11461,2,223,4,127.7,2,61,15,0,1,1,0,1,0,False,6.71,2.36,1,1,0,1,0,navegando para fronteira
606.709,541.0,navigating,-0.5036,5.0706,0.3501,-16.06,0.11,0.014,-0.0309,25.086,42.16,11461,2,223,4,127.7,2,61,15,0,1,1,0,1,0,False,6.71,2.36,1,1,0,1,0,navegando para fronteira
607.185,541.5,navigating,-0.4954,5.0703,0.3469,-16.21,0.15,0.0135,-0.0023,25.096,42.16,11461,2,223,4,127.7,2,61,15,0,1,1,0,1,0,False,6.71,2.36,1,1,0,1,0,navegando para fronteira
607.665,542.001,navigating,-0.4971,5.0641,0.3528,-16.27,0.04,0.0002,-0.0083,25.108,42.16,11461,2,223,4,127.7,2,61,15,0,1,1,0,1,0,False,6.71,2.36,1,1,0,1,0,navegando para fronteira
608.155,542.5,navigating,-0.491,5.0677,0.3523,-16.06,0.3,0.0139,0.0329,25.117,42.16,11461,2,223,4,127.7,2,61,15,0,1,1,0,1,0,False,6.71,2.36,1,1,0,1,0,navegando para fronteira
608.651,543.0,navigating,-0.4874,5.0611,0.3511,-15.85,0.1,0.0083,0.0181,25.125,42.16,11461,2,223,4,127.7,2,61,15,0,1,1,0,1,0,False,6.71,2.36,1,1,0,1,0,navegando para fronteira
609.15,543.5,navigating,-0.4838,5.059,0.3517,-16.11,0.1,0.0099,-0.0245,25.131,42.16,11461,2,223,4,127.7,2,61,15,0,1,1,0,1,0,False,6.71,2.36,1,1,0,1,0,navegando para fronteira
609.628,544.0,navigating,-0.4801,5.0546,0.3506,-16.45,0.15,0.0077,0.008,25.137,42.16,11461,2,223,4,127.7,2,61,15,0,1,1,0,1,0,False,6.71,2.36,1,1,0,1,0,navegando para fronteira
610.109,544.5,navigating,-0.4763,5.0519,0.3496,-16.27,0.07,0.0078,-0.0106,25.143,42.16,11461,2,223,4,127.7,2,61,15,0,1,1,0,1,0,False,6.7,2.36,1,1,0,1,0,navegando para fronteira
610.559,545.0,navigating,-0.4736,5.0487,0.3501,-15.91,0.1,0.0071,0.0036,25.148,42.16,11461,2,223,4,127.7,2,61,15,0,1,1,0,1,0,False,6.7,2.36,1,1,0,1,0,navegando para fronteira
611.045,545.5,navigating,-0.4713,5.0465,0.3493,-15.03,0.08,0.0035,0.0157,25.153,42.16,11461,2,223,4,127.7,2,61,15,0,1,1,0,1,0,False,6.7,2.36,1,1,0,1,0,navegando para fronteira
611.506,546.0,navigating,-0.4691,5.0438,0.3493,-14.13,0.19,0.0054,0.0182,25.158,42.16,11461,2,223,4,127.7,2,61,15,0,1,1,0,1,0,False,6.7,2.36,1,1,0,1,0,navegando para fronteira
611.997,546.5,navigating,-0.468,5.0346,0.3482,-13.46,0.22,0.0078,0.046,25.168,42.16,11461,2,223,4,127.7,2,61,15,0,1,1,0,1,0,False,6.7,2.36,1,1,0,1,0,navegando para fronteira
612.481,547.0,navigating,-0.4643,5.0312,0.3475,-12.81,0.05,0.0016,0.0282,25.176,42.16,11461,2,223,4,127.7,2,61,15,0,1,1,0,1,0,False,6.69,2.36,1,1,0,1,0,navegando para fronteira
612.975,547.5,navigating,-0.4622,5.0325,0.3503,-12.55,0.19,0.0032,0.0272,25.181,42.16,11461,2,223,4,127.7,2,61,15,0,1,1,0,1,0,False,6.69,2.36,1,1,0,1,0,navegando para fronteira
613.471,548.0,navigating,-0.4641,5.0286,0.3516,-12.27,0.11,0.0004,-0.002,25.187,42.16,11461,2,223,4,127.7,2,61,15,0,1,1,0,1,0,False,6.69,2.36,1,1,0,1,0,navegando para fronteira
613.958,548.501,navigating,-0.4662,5.028,0.3499,-12.28,0.13,0.0002,0.0013,25.193,42.16,11461,2,223,4,127.7,2,61,15,0,1,1,0,1,0,False,6.69,2.36,1,1,0,1,0,navegando para fronteira
614.452,549.0,navigating,-0.4659,5.021,0.3496,-12.24,0.38,0.0073,-0.0179,25.203,42.16,11461,2,223,4,127.7,2,61,15,0,1,1,0,1,0,False,6.69,2.36,1,1,0,1,0,navegando para fronteira
614.931,549.5,navigating,-0.4611,5.0287,0.3502,-12.22,0.39,0.003,-0.0206,25.215,42.16,11461,2,223,4,127.7,2,61,15,0,1,1,0,1,0,False,6.69,2.36,1,1,0,1,0,navegando para fronteira
615.426,550.0,navigating,-0.461,5.0235,0.3507,-12.44,0.06,0.0018,-0.0283,25.221,42.16,11461,2,223,4,127.7,2,61,15,0,1,1,0,1,0,False,6.69,2.36,1,1,0,1,0,navegando para fronteira
615.923,550.5,navigating,-0.4635,5.0255,0.3514,-12.67,0.11,0.0006,0.0052,25.227,42.16,11461,2,223,4,127.7,2,61,15,0,1,1,0,1,0,False,6.69,2.36,1,1,0,1,0,navegando para fronteira
616.38,551.0,navigating,-0.4557,5.0243,0.3521,-12.46,0.19,0.0112,0.0106,25.235,42.16,11461,2,223,4,127.7,2,61,15,0,1,1,0,1,0,False,6.69,2.36,1,1,0,1,0,navegando para fronteira
616.854,551.5,navigating,-0.4498,5.0243,0.3548,-12.16,0.21,0.0092,0.0164,25.243,42.16,11461,2,223,4,127.7,2,61,15,0,1,1,0,1,0,False,6.69,2.36,1,1,0,1,0,navegando para fronteira
617.317,552.0,navigating,-0.45,5.0258,0.3535,-12.64,0.18,0.0,0.0096,25.248,42.16,11461,2,223,4,127.7,2,61,15,0,1,1,0,1,0,False,6.69,2.36,1,1,0,1,0,navegando para fronteira
617.827,552.5,navigating,-0.4474,5.0252,0.3547,-12.73,0.2,0.0072,-0.0069,25.256,42.16,11461,2,223,4,127.7,2,61,15,0,1,1,0,1,0,False,6.69,2.36,1,1,0,1,0,navegando para fronteira
618.309,553.0,navigating,-0.4428,5.0265,0.3532,-12.93,0.19,0.0037,-0.0069,25.261,42.16,11461,2,223,4,127.7,2,61,15,0,1,1,0,1,0,False,6.7,2.36,1,1,0,1,0,navegando para fronteira
618.808,553.5,navigating,-0.4424,5.0263,0.3509,-12.99,0.06,0.0004,-0.007,25.266,42.16,11461,2,223,4,127.7,2,61,15,0,1,1,0,1,0,False,6.7,2.36,1,1,0,1,0,navegando para fronteira
619.297,554.001,navigating,-0.4437,5.0238,0.3509,-13.04,0.15,0.0024,-0.0177,25.271,42.16,11461,2,223,4,127.7,2,61,15,0,1,1,0,1,0,False,6.7,2.36,1,1,0,1,0,navegando para fronteira
619.785,554.5,navigating,-0.4438,5.0213,0.3499,-13.25,0.12,0.0013,-0.0269,25.276,42.16,11461,2,223,4,127.7,2,61,15,0,1,1,0,1,0,False,6.7,2.36,1,1,0,1,0,navegando para fronteira
620.278,555.0,navigating,-0.4398,5.0257,0.3512,-13.45,0.25,0.0022,-0.0008,25.284,42.16,11461,2,223,4,127.7,2,61,15,0,1,1,0,1,0,False,6.7,2.36,1,1,0,1,0,navegando para fronteira
620.769,555.5,navigating,-0.4399,5.0255,0.352,-13.27,0.19,0.0013,0.0052,25.289,42.16,11461,2,223,4,127.7,2,61,15,0,1,1,0,1,0,False,6.7,2.36,1,1,0,1,0,navegando para fronteira
621.265,556.0,navigating,-0.4349,5.0239,0.3517,-13.45,0.16,0.0076,0.0004,25.297,42.16,11461,2,223,4,127.7,2,61,15,0,1,1,0,1,0,False,6.7,2.36,1,1,0,1,0,navegando para fronteira
621.754,556.501,navigating,-0.4295,5.0244,0.35,-13.68,0.18,0.0057,0.0105,25.305,42.16,11461,2,223,4,127.7,2,61,15,0,1,1,0,1,0,False,6.7,2.36,1,1,0,1,0,navegando para fronteira
622.205,557.0,navigating,-0.43,5.0213,0.3548,-13.82,0.19,0.0009,0.0275,25.312,42.16,11461,2,223,4,127.7,2,61,15,0,1,1,0,1,0,False,6.71,2.36,1,1,0,1,0,navegando para fronteira
622.672,557.501,navigating,-0.4305,5.0181,0.354,-13.9,0.17,0.0033,0.0151,25.326,42.16,11461,2,223,4,127.7,2,61,15,0,1,1,0,1,0,False,6.71,2.36,1,1,0,1,0,navegando para fronteira
623.139,558.0,navigating,-0.4126,5.0198,0.3489,-14.03,0.43,0.0261,-0.0113,25.344,42.16,11461,2,223,4,127.7,2,61,15,0,1,1,0,1,0,False,6.71,2.36,1,1,0,1,0,navegando para fronteira
623.626,558.5,navigating,-0.4038,5.0118,0.3503,-14.3,0.17,0.0108,-0.0286,25.358,42.16,11461,2,223,4,127.7,2,61,15,0,1,1,0,1,0,False,6.71,2.36,1,1,0,1,0,navegando para fronteira
624.119,559.001,navigating,-0.3995,5.0069,0.3496,-14.4,0.05,0.004,-0.0017,25.365,42.16,11461,2,223,4,127.7,2,61,15,0,1,1,0,1,0,False,6.71,2.36,1,1,0,1,0,navegando para fronteira
624.563,559.5,navigating,-0.4013,5.0096,0.3466,-14.37,0.16,0.0,-0.0109,25.372,42.16,11461,2,223,4,127.7,2,61,15,0,1,1,0,1,0,False,6.71,2.36,1,1,0,1,0,navegando para fronteira
625.042,560.0,navigating,-0.4002,5.0091,0.3474,-14.36,0.19,0.0014,0.0077,25.373,42.16,11461,2,223,4,127.7,2,61,15,0,1,1,0,1,0,False,6.71,2.36,1,1,0,1,0,navegando para fronteira
625.508,560.5,navigating,-0.4002,5.0091,0.3474,-14.36,0.18,0.0002,0.0021,25.373,42.16,11461,2,223,4,127.7,2,61,15,0,1,1,0,1,0,False,6.71,2.36,1,1,0,1,0,navegando para fronteira
625.988,561.0,navigating,-0.4001,5.0092,0.3475,-14.35,0.18,0.0003,0.0054,25.373,42.16,11461,2,223,4,127.7,2,61,15,0,1,1,0,1,0,False,6.71,2.36,1,1,0,1,0,navegando para fronteira
626.478,561.5,navigating,-0.3999,5.0092,0.3475,-14.35,0.18,0.0009,0.0027,25.374,42.16,11461,2,223,4,127.7,2,61,15,0,1,1,0,1,0,False,6.71,2.36,1,1,0,1,0,navegando para fronteira
626.937,562.0,navigating,-0.3997,5.0092,0.3477,-14.34,0.17,0.0,0.0023,25.374,42.16,11461,2,223,4,127.7,2,61,15,0,1,1,0,1,0,False,6.71,2.36,1,1,0,1,0,navegando para fronteira
627.405,562.5,navigating,-0.3992,5.0092,0.3479,-14.32,0.16,0.0016,-0.0071,25.374,42.16,11461,2,223,4,127.7,2,61,15,0,1,1,0,1,0,False,6.71,2.36,1,1,0,1,0,navegando para fronteira
627.891,563.0,navigating,-0.3987,5.0091,0.3485,-14.33,0.14,0.0002,-0.0004,25.375,42.16,11461,2,223,4,127.7,2,61,15,0,1,1,0,1,0,False,6.71,2.36,1,1,0,1,0,navegando para fronteira
628.347,563.5,navigating,-0.3985,5.009,0.3488,-14.37,0.13,0.0016,0.0076,25.375,42.16,11461,2,223,4,127.7,2,61,15,0,1,1,0,1,0,False,6.71,2.36,1,1,0,1,0,navegando para fronteira
628.828,564.0,navigating,-0.3984,5.009,0.349,-14.35,0.12,0.0002,-0.0012,25.375,42.16,11461,2,223,4,127.7,2,61,15,0,1,1,0,1,0,False,6.71,2.36,1,1,0,1,0,navegando para fronteira
629.279,564.5,navigating,-0.3983,5.0091,0.3493,-14.27,0.13,0.0,-0.0005,25.375,42.16,11461,2,223,4,127.7,2,61,15,0,1,1,0,1,0,False,6.71,2.36,1,1,0,1,0,navegando para fronteira
629.74,565.0,navigating,-0.3983,5.009,0.3497,-14.4,0.13,0.0005,-0.0165,25.376,42.16,11461,2,223,4,127.7,2,61,15,0,1,1,0,1,0,False,6.71,2.36,1,1,0,1,0,navegando para fronteira
630.23,565.5,selecting,-0.3983,5.009,0.35,-14.33,0.14,0.0,0.0,25.376,42.16,11461,2,223,4,127.7,2,61,15,0,1,2,0,1,0,False,6.71,2.36,1,1,0,1,0,meta de fronteira expirou
630.71,566.0,selecting,-0.3983,5.009,0.3502,-14.33,0.14,0.0,0.0,25.376,42.16,11461,2,223,4,127.7,2,61,15,0,1,2,0,1,0,False,6.71,2.36,1,1,0,1,0,meta de fronteira expirou
631.206,566.5,selecting,-0.3983,5.009,0.3504,-14.33,0.14,0.0,0.0,25.376,42.16,11461,1,264,4,111.2,1,62,16,0,1,2,0,1,0,False,6.71,2.36,1,1,0,1,0,meta de fronteira expirou
631.695,567.0,selecting,-0.3969,5.0061,0.3512,-14.94,0.24,0.0137,-0.0733,25.379,42.16,11461,1,264,4,111.2,1,62,16,0,1,2,0,1,0,False,6.71,2.36,1,1,0,1,0,meta de fronteira expirou
632.187,567.5,navigating,-0.3818,5.0035,0.3509,-16.37,0.08,0.0187,-0.1,25.395,42.16,11461,1,264,4,111.2,1,62,16,0,1,2,0,1,0,False,6.71,2.36,1,1,0,1,0,navegando para fronteira
632.681,568.001,navigating,-0.3801,4.999,0.3511,-18.78,0.2,0.0051,-0.0982,25.404,42.49,11551,1,264,4,111.2,1,62,16,0,1,2,0,1,0,False,6.71,2.36,1,1,0,1,0,navegando para fronteira
633.176,568.5,navigating,-0.3767,4.9984,0.3519,-21.58,0.07,0.0032,-0.1311,25.409,42.49,11551,1,264,4,111.2,1,62,16,0,1,2,0,1,0,False,6.71,2.36,1,1,0,1,0,navegando para fronteira
633.665,569.0,navigating,-0.3757,4.9978,0.3528,-24.49,0.06,0.0058,-0.12,25.414,42.49,11551,1,264,4,111.2,1,62,16,0,1,2,0,1,0,False,6.71,2.36,1,1,0,1,0,navegando para fronteira
634.149,569.501,navigating,-0.3723,4.994,0.3512,-27.36,0.1,0.0125,-0.1535,25.42,42.49,11551,1,264,4,111.2,1,62,16,0,1,2,0,1,0,False,6.71,2.36,1,1,0,1,0,navegando para fronteira
634.632,570.0,navigating,-0.3683,4.9894,0.3478,-32.06,0.07,0.0023,-0.1624,25.427,42.49,11551,1,264,4,111.2,1,62,16,0,1,2,0,1,0,False,6.71,2.36,1,1,0,1,0,navegando para fronteira
635.12,570.5,navigating,-0.369,4.9862,0.3498,-36.67,0.11,0.0004,-0.1709,25.432,42.49,11551,1,264,4,111.2,1,62,16,0,1,2,0,1,0,False,6.71,2.36,1,1,0,1,0,navegando para fronteira
635.591,571.0,navigating,-0.3732,4.9825,0.3577,-41.3,0.25,0.0012,-0.0797,25.439,42.49,11551,1,264,4,111.2,1,62,16,0,1,2,0,1,0,False,6.71,2.36,1,1,0,1,0,navegando para fronteira
636.083,571.5,navigating,-0.3694,4.9872,0.3528,-45.06,0.15,0.0004,-0.1409,25.451,42.49,11551,1,264,4,111.2,1,62,16,0,1,2,0,1,0,False,6.7,2.36,1,1,0,1,0,navegando para fronteira
636.574,572.0,navigating,-0.3729,4.9793,0.3522,-49.45,0.23,0.0031,-0.1428,25.463,42.49,11551,1,264,4,111.2,1,62,16,0,1,2,0,1,0,False,6.7,2.36,1,1,0,1,0,navegando para fronteira
637.055,572.5,navigating,-0.3729,4.9777,0.3525,-53.86,0.07,0.0006,-0.2,25.47,42.49,11551,1,264,4,111.2,1,62,16,0,1,2,0,1,0,False,6.69,2.36,1,1,0,1,0,navegando para fronteira
637.531,573.0,navigating,-0.3674,4.9781,0.3517,-58.09,0.11,0.005,-0.1941,25.483,42.49,11551,1,264,4,111.2,1,62,16,0,1,2,0,1,0,False,6.69,2.36,1,1,0,1,0,navegando para fronteira
638.014,573.5,navigating,-0.3736,4.9702,0.3523,-62.77,0.19,0.0,-0.1785,25.494,42.49,11551,1,264,4,111.2,1,62,16,0,1,2,0,1,0,False,6.69,2.36,1,1,0,1,0,navegando para fronteira
638.508,574.0,navigating,-0.3719,4.9742,0.3496,-67.19,0.12,0.0,-0.1753,25.503,42.49,11551,1,264,4,111.2,1,62,16,0,1,2,0,1,0,False,6.69,2.36,1,1,0,1,0,navegando para fronteira
638.994,574.5,navigating,-0.3673,4.9682,0.3436,-71.69,0.06,0.0036,-0.131,25.513,42.49,11551,1,264,4,111.2,1,62,16,0,1,2,0,1,0,False,6.69,2.36,1,1,0,1,0,navegando para fronteira
639.452,575.0,navigating,-0.3713,4.9595,0.341,-76.01,0.16,0.0065,-0.141,25.523,42.49,11551,1,264,4,111.2,1,62,16,0,1,2,0,1,0,False,6.69,2.36,1,1,0,1,0,navegando para fronteira
639.925,575.5,navigating,-0.3679,4.9565,0.3476,-80.31,0.12,0.0039,-0.1544,25.529,42.49,11551,1,264,4,111.2,1,62,16,0,1,2,0,1,0,False,6.69,2.36,1,1,0,1,0,navegando para fronteira
640.417,576.0,navigating,-0.3727,4.9487,0.3511,-84.73,0.19,0.0164,-0.1886,25.539,42.49,11551,1,264,4,111.2,1,62,16,0,1,2,0,1,0,False,6.68,2.36,1,1,0,1,0,navegando para fronteira
640.908,576.5,navigating,-0.3732,4.9454,0.3512,-89.28,0.1,0.0011,-0.196,25.546,42.49,11551,1,264,4,111.2,1,62,16,0,1,2,0,1,0,False,6.68,2.36,1,1,0,1,0,navegando para fronteira
641.388,577.0,navigating,-0.3711,4.9437,0.3477,-93.7,0.07,0.0062,-0.1978,25.553,42.49,11551,1,264,4,111.2,1,62,16,0,1,2,0,1,0,False,6.67,2.36,1,1,0,1,0,navegando para fronteira
641.868,577.5,navigating,-0.3701,4.9347,0.3487,-98.18,0.09,0.0103,-0.1963,25.563,42.49,11551,1,264,4,111.2,1,62,16,0,1,2,0,1,0,False,6.67,2.36,1,1,0,1,0,navegando para fronteira
642.354,578.0,navigating,-0.3756,4.9284,0.3515,-102.55,0.15,0.0063,-0.1789,25.573,42.49,11551,1,264,4,111.2,1,62,16,0,1,2,0,1,0,False,6.67,2.36,1,1,0,1,0,navegando para fronteira
642.842,578.501,navigating,-0.3747,4.9224,0.3524,-106.98,0.12,0.0114,-0.1215,25.584,42.49,11551,1,264,4,111.2,1,62,16,0,1,2,0,1,0,False,6.67,2.36,1,1,0,1,0,navegando para fronteira
643.338,579.0,navigating,-0.3729,4.9123,0.3521,-111.15,0.07,0.0134,-0.1338,25.596,42.49,11551,1,264,4,111.2,1,62,16,0,1,2,0,1,0,False,6.65,2.36,1,1,0,1,0,navegando para fronteira
643.833,579.501,navigating,-0.3888,4.8978,0.3535,-115.58,0.31,0.0402,-0.1719,25.618,42.49,11551,1,264,4,111.2,1,62,16,0,1,2,0,1,0,False,6.65,2.36,1,1,0,1,0,navegando para fronteira
644.321,580.001,navigating,-0.3881,4.8841,0.3563,-119.8,0.2,0.0246,-0.1705,25.634,42.49,11551,1,264,4,111.2,1,62,16,0,1,2,0,1,0,False,6.62,2.36,1,1,0,1,0,navegando para fronteira
644.806,580.5,navigating,-0.3984,4.8728,0.3551,-124.82,0.26,0.0305,-0.1992,25.65,42.49,11551,1,264,4,111.2,1,62,16,0,1,2,0,1,0,False,6.62,2.36,1,1,0,1,0,navegando para fronteira
645.28,581.0,navigating,-0.407,4.8585,0.3526,-129.2,0.04,0.0283,-0.2,25.668,42.49,11551,1,264,4,111.2,1,62,16,0,1,2,0,1,0,False,6.59,2.36,1,1,0,1,0,navegando para fronteira
645.772,581.5,navigating,-0.4115,4.8501,0.3488,-133.84,0.18,0.0248,-0.1826,25.683,42.49,11551,1,264,4,111.2,1,62,16,0,1,2,0,1,0,False,6.59,2.36,1,1,0,1,0,navegando para fronteira
646.259,582.0,navigating,-0.4241,4.8421,0.3492,-137.79,0.16,0.0303,-0.173,25.699,42.49,11551,1,264,4,111.2,1,62,16,0,1,2,0,1,0,False,6.56,2.36,1,1,0,1,0,navegando para fronteira
646.749,582.5,navigating,-0.4338,4.8207,0.3516,-141.68,0.29,0.0345,-0.1578,25.723,42.49,11551,1,264,4,111.2,1,62,16,0,1,2,0,1,0,False,6.56,2.36,1,1,0,1,0,navegando para fronteira
647.226,583.0,navigating,-0.4541,4.8129,0.3514,-145.34,0.24,0.0433,-0.0898,25.746,42.54,11563,1,264,4,111.2,1,62,16,0,1,2,0,1,0,False,6.52,2.36,1,1,0,1,0,navegando para fronteira
647.713,583.5,navigating,-0.4728,4.8026,0.3502,-148.79,0.17,0.0394,-0.1268,25.77,42.54,11563,1,264,4,111.2,1,62,16,0,1,2,0,1,0,False,6.52,2.36,1,1,0,1,0,navegando para fronteira
648.196,584.0,navigating,-0.4866,4.7798,0.3507,-152.32,0.23,0.0439,-0.1252,25.798,42.54,11563,1,264,4,111.2,1,62,16,0,1,2,0,1,0,False,6.47,2.36,1,1,0,1,0,navegando para fronteira
648.694,584.5,navigating,-0.5225,4.7739,0.3566,-155.8,0.38,0.071,-0.1193,25.835,42.54,11563,1,264,4,111.2,1,62,16,0,1,2,0,1,0,False,6.47,2.36,1,1,0,1,0,navegando para fronteira
649.186,585.0,navigating,-0.5569,4.7497,0.3552,-158.84,0.39,0.0769,-0.1244,25.878,42.54,11563,1,264,4,111.2,1,62,16,0,1,2,0,1,0,False,6.42,2.36,1,1,0,1,0,navegando para fronteira
649.653,585.5,navigating,-0.5879,4.7353,0.3523,-161.42,0.1,0.0659,-0.1002,25.915,42.54,11563,1,264,4,111.2,1,62,16,0,1,2,0,1,0,False,6.42,2.36,1,1,0,1,0,navegando para fronteira
650.139,586.002,navigating,-0.6311,4.7321,0.3523,-164.07,0.31,0.0799,-0.1234,25.959,35.94,11582,1,264,4,111.2,1,62,16,0,1,2,0,1,0,False,6.36,2.36,1,1,0,1,0,navegando para fronteira
650.621,586.5,navigating,-0.6744,4.7048,0.3549,-167.03,0.43,0.0959,-0.1381,26.01,35.94,11582,1,264,4,111.2,1,62,16,0,1,2,0,1,0,False,6.36,2.36,1,1,0,1,0,navegando para fronteira
651.108,587.0,navigating,-0.7157,4.7049,0.3555,-170.32,0.33,0.0849,-0.0675,26.053,35.94,11582,1,264,4,111.2,1,62,16,0,1,2,0,1,0,False,6.29,2.36,1,1,0,1,0,navegando para fronteira
651.603,587.5,navigating,-0.7644,4.6899,0.3526,-172.16,0.28,0.0899,-0.0447,26.104,35.94,11582,1,264,4,111.2,1,62,16,0,1,2,0,1,0,False,6.29,2.36,1,1,0,1,0,navegando para fronteira
652.098,588.0,navigating,-0.8213,4.6795,0.3534,-173.12,0.1,0.1101,-0.0056,26.162,35.94,11582,1,264,4,111.2,1,62,16,0,1,2,0,1,0,False,6.22,2.36,1,1,0,1,0,navegando para fronteira
652.572,588.5,navigating,-0.8818,4.6747,0.3503,-174.11,0.28,0.1109,-0.0124,26.224,35.94,11582,1,264,4,111.2,1,62,16,0,1,2,0,1,0,False,6.22,2.36,1,1,0,1,0,navegando para fronteira
653.065,589.0,navigating,-0.9449,4.657,0.3546,-175.0,0.28,0.1191,-0.0282,26.29,35.94,11582,1,264,4,111.2,1,62,16,0,1,2,0,1,0,False,6.13,2.36,1,1,0,1,0,navegando para fronteira
653.558,589.5,navigating,-1.0109,4.6584,0.3559,-175.43,0.5,0.1194,0.003,26.356,35.94,11582,1,264,4,111.2,1,62,16,0,1,2,0,1,0,False,6.13,2.36,1,1,0,1,0,navegando para fronteira
654.038,590.0,navigating,-1.0793,4.6447,0.3533,-174.96,0.37,0.1299,0.0246,26.426,35.94,11582,1,264,4,111.2,1,62,16,0,1,2,0,1,0,False,6.05,2.36,1,1,0,1,0,navegando para fronteira
654.526,590.5,navigating,-1.1482,4.6347,0.3529,-173.57,0.19,0.1129,0.0852,26.496,35.94,11582,1,264,4,111.2,1,62,16,0,1,2,0,1,0,False,6.05,2.36,1,1,0,1,0,navegando para fronteira
654.979,591.0,navigating,-1.1927,4.6247,0.3557,-171.11,0.26,0.0891,0.1251,26.542,35.98,11596,1,264,4,111.2,1,62,16,0,1,2,0,1,0,False,6.05,2.36,1,1,0,1,0,navegando para fronteira
655.469,591.5,navigating,-1.2273,4.615,0.3557,-167.26,0.22,0.0667,0.1785,26.579,35.98,11596,1,264,4,111.2,1,62,16,0,1,2,0,1,0,False,5.97,2.36,1,1,0,1,0,navegando para fronteira
655.964,592.0,navigating,-1.2504,4.5987,0.3503,-163.01,0.5,0.0582,0.1911,26.61,35.98,11596,1,264,4,111.2,1,62,16,0,1,2,0,1,0,False,5.97,2.36,1,1,0,1,0,navegando para fronteira
656.444,592.501,navigating,-1.2741,4.5864,0.3448,-159.28,0.19,0.0534,0.1349,26.637,35.98,11596,1,264,4,111.2,1,62,16,0,1,2,0,1,0,False,5.92,2.36,1,1,0,1,0,navegando para fronteira
656.918,593.0,navigating,-1.3088,4.5762,0.3427,-156.45,0.21,0.0804,0.143,26.675,35.98,11596,1,264,4,111.2,1,62,16,0,1,2,0,1,0,False,5.92,2.36,1,1,0,1,0,navegando para fronteira
657.409,593.5,navigating,-1.3556,4.5407,0.3513,-152.5,0.44,0.0999,0.1493,26.734,35.98,11596,1,264,4,111.2,1,62,16,0,1,2,0,1,0,False,5.86,2.36,1,1,0,1,0,navegando para fronteira
657.908,594.0,navigating,-1.4128,4.5184,0.3556,-148.55,0.21,0.0928,0.1423,26.796,35.98,11596,1,264,4,111.2,1,62,16,0,1,2,0,1,0,False,5.86,2.36,1,1,0,1,0,navegando para fronteira
658.405,594.5,navigating,-1.4556,4.4749,0.3554,-144.21,0.56,0.0962,0.1612,26.857,35.98,11596,1,264,4,111.2,1,62,16,0,1,2,0,1,0,False,5.77,2.36,1,1,0,1,0,navegando para fronteira
658.898,595.0,navigating,-1.491,4.4487,0.353,-139.94,0.2,0.0821,0.1662,26.902,35.98,11596,1,264,4,111.2,1,62,16,0,1,2,0,1,0,False,5.77,2.36,1,1,0,1,0,navegando para fronteira
659.395,595.5,navigating,-1.5296,4.413,0.3558,-135.42,0.32,0.0859,0.1496,26.955,35.98,11596,1,264,4,111.2,1,62,16,0,1,2,0,1,0,False,5.67,2.36,1,1,0,1,0,navegando para fronteira
659.866,596.001,navigating,-1.5601,4.3677,0.3563,-131.2,0.49,0.1042,0.1845,27.01,35.98,11596,1,264,4,111.2,1,62,16,0,1,2,0,1,0,False,5.67,2.36,1,1,0,1,0,navegando para fronteira
660.364,596.5,navigating,-1.6005,4.3294,0.3559,-126.75,0.21,0.0926,0.1476,27.067,35.98,11596,1,264,4,111.2,1,62,16,0,1,2,0,1,0,False,5.55,2.36,1,1,0,1,0,navegando para fronteira
660.857,597.0,navigating,-1.6194,4.283,0.3528,-122.83,0.46,0.0787,0.1609,27.118,35.98,11596,1,264,4,111.2,1,62,16,0,1,2,0,1,0,False,5.55,2.36,1,1,0,1,0,navegando para fronteira
661.343,597.5,navigating,-1.6495,4.2367,0.3506,-118.83,0.18,0.0881,0.1273,27.173,35.98,11596,1,264,4,111.2,1,62,16,0,1,2,0,1,0,False,5.45,2.36,1,1,0,1,0,navegando para fronteira
661.828,598.0,navigating,-1.6724,4.1913,0.3485,-115.47,0.4,0.0923,0.1289,27.224,35.98,11596,1,264,4,111.2,1,62,16,0,1,2,0,1,0,False,5.45,2.36,1,1,0,1,0,navegando para fronteira
662.317,598.5,navigating,-1.6885,4.1372,0.3508,-111.67,0.45,0.089,0.1433,27.281,35.98,11596,1,264,4,111.2,1,62,16,0,1,2,0,1,0,False,5.35,2.36,1,1,0,1,0,navegando para fronteira
662.812,599.0,navigating,-1.7163,4.0948,0.3517,-107.86,0.21,0.0878,0.1206,27.332,35.98,11596,1,264,4,111.2,1,62,16,0,1,2,0,1,0,False,5.35,2.36,1,1,0,1,0,navegando para fronteira
663.292,599.5,navigating,-1.7239,4.0319,0.3552,-104.63,0.49,0.1111,0.0797,27.396,35.98,11596,1,264,4,111.2,1,62,16,0,1,2,0,1,0,False,5.24,2.36,1,1,0,1,0,navegando para fronteira
663.787,600.0,navigating,-1.737,3.9771,0.3555,-102.17,0.31,0.1052,0.0907,27.453,35.98,11596,1,264,4,111.2,1,62,16,0,1,2,0,1,0,False,5.24,2.36,1,1,0,1,0,navegando para fronteira
664.277,600.5,navigating,-1.749,3.9221,0.3548,-100.1,0.33,0.0992,0.0874,27.51,35.98,11596,1,264,4,111.2,1,62,16,0,1,2,0,1,0,False,5.11,2.36,1,1,0,1,0,navegando para fronteira
664.762,601.0,navigating,-1.7553,3.8587,0.353,-98.21,0.29,0.1025,0.0818,27.574,35.98,11596,1,264,4,111.2,1,62,16,0,1,2,0,1,0,False,5.11,2.36,1,1,0,1,0,navegando para fronteira
665.25,601.5,navigating,-1.7685,3.802,0.3516,-96.33,0.13,0.0941,0.0831,27.633,35.98,11596,1,264,4,111.2,1,62,16,0,1,2,0,1,0,False,5.0,2.36,1,1,0,1,0,navegando para fronteira
665.739,602.0,navigating,-1.7688,3.7497,0.3504,-94.34,0.39,0.0841,0.1,27.686,35.98,11596,1,264,4,111.2,1,62,16,0,1,2,0,1,0,False,5.0,2.36,1,1,0,1,0,navegando para fronteira
666.232,602.5,navigating,-1.7778,3.6998,0.3504,-91.82,0.16,0.076,0.087,27.736,35.98,11596,1,264,4,111.2,1,62,16,0,1,2,0,1,0,False,4.9,2.36,1,1,0,1,0,navegando para fronteira
666.72,603.001,navigating,-1.7783,3.6539,0.3498,-89.26,0.17,0.07,0.0578,27.783,35.99,11598,1,264,4,111.2,1,62,16,0,1,2,0,1,0,False,4.9,2.36,1,1,0,1,0,navegando para fronteira
667.199,603.501,navigating,-1.7792,3.6087,0.3491,-87.37,0.06,0.0682,0.04,27.829,35.99,11598,1,264,4,111.2,1,62,16,0,1,2,0,1,0,False,4.81,2.36,1,1,0,1,0,navegando para fronteira
667.678,604.0,navigating,-1.7796,3.5654,0.3485,-86.36,0.08,0.0681,0.0147,27.872,35.99,11598,1,264,4,111.2,1,62,16,0,1,2,0,1,0,False,4.81,2.36,1,1,0,1,0,navegando para fronteira
668.167,604.5,navigating,-1.7746,3.5204,0.3507,-85.69,0.19,0.0645,-0.0076,27.918,35.99,11598,1,264,4,111.2,1,62,16,0,1,2,0,1,0,False,4.73,2.36,1,1,0,1,0,navegando para fronteira
668.639,605.001,navigating,-1.7784,3.4862,0.3564,-85.58,0.1,0.0641,-0.0109,27.953,35.99,11598,1,264,4,111.2,1,62,16,0,1,2,0,1,0,False,4.73,2.36,1,1,0,1,0,navegando para fronteira
669.131,605.5,navigating,-1.7696,3.442,0.3547,-85.58,0.43,0.0855,0.0049,27.999,35.99,11598,1,264,4,111.2,1,62,16,0,1,2,0,1,0,False,4.66,2.36,1,1,0,1,0,navegando para fronteira
669.612,606.001,navigating,-1.771,3.3907,0.3515,-85.98,0.15,0.0958,-0.0185,28.05,35.99,11598,1,264,4,111.2,1,62,16,0,1,2,0,1,0,False,4.66,2.36,1,1,0,1,0,navegando para fronteira
670.102,606.5,navigating,-1.7654,3.3272,0.3525,-86.51,0.34,0.1233,-0.0071,28.114,35.99,11598,1,264,4,111.2,1,62,16,0,1,2,0,1,0,False,4.57,2.36,1,1,0,1,0,navegando para fronteira
670.595,607.0,navigating,-1.765,3.254,0.3571,-86.91,0.26,0.1352,-0.0271,28.188,36.01,11603,1,264,4,111.2,1,62,16,0,1,2,0,1,0,False,4.57,2.36,1,1,0,1,0,navegando para fronteira
671.078,607.5,navigating,-1.759,3.1752,0.3504,-87.52,0.41,0.1439,-0.0248,28.267,36.01,11603,1,264,4,111.2,1,62,16,0,1,2,0,1,0,False,4.43,2.36,1,1,0,1,0,navegando para fronteira
671.564,608.0,navigating,-1.7547,3.0881,0.3505,-88.5,0.22,0.1456,-0.0449,28.355,36.01,11603,1,264,4,111.2,1,62,16,0,1,2,0,1,0,False,4.43,2.36,1,1,0,1,0,navegando para fronteira
672.054,608.5,navigating,-1.7605,3.0042,0.3482,-89.25,0.19,0.1465,-0.0394,28.439,36.01,11603,1,264,4,111.2,1,62,16,0,1,2,0,1,0,False,4.28,2.36,1,1,0,1,0,navegando para fronteira
672.509,609.0,navigating,-1.7588,2.9247,0.3489,-89.63,0.25,0.1456,-0.0097,28.519,36.01,11603,1,264,4,111.2,1,62,16,0,1,2,0,1,0,False,4.28,2.36,1,1,0,1,0,navegando para fronteira
672.979,609.501,navigating,-1.7594,2.8417,0.3508,-89.88,0.2,0.1453,-0.0003,28.602,36.01,11603,1,264,4,111.2,1,62,16,0,1,2,0,1,0,False,4.28,2.36,1,1,0,1,0,navegando para fronteira
673.475,610.0,navigating,-1.764,2.764,0.3539,-89.66,0.16,0.1418,0.0136,28.68,36.01,11603,1,264,4,111.2,1,62,16,0,1,2,0,1,0,False,4.13,2.36,1,1,0,1,0,navegando para fronteira
673.972,610.5,navigating,-1.7666,2.6804,0.35,-90.14,0.13,0.1427,-0.0208,28.764,36.01,11603,1,264,4,111.2,1,62,16,0,1,2,0,1,0,False,4.13,2.36,1,1,0,1,0,navegando para fronteira
674.464,611.0,navigating,-1.7644,2.5991,0.3513,-90.81,0.15,0.1301,-0.0152,28.846,36.01,11603,1,264,4,111.2,1,62,16,0,1,2,0,1,0,False,3.99,2.36,1,1,0,1,0,navegando para fronteira
674.94,611.5,navigating,-1.7719,2.5208,0.35,-91.51,0.22,0.1384,-0.04,28.925,36.01,11603,1,264,4,111.2,1,62,16,0,1,2,0,1,0,False,3.99,2.36,1,1,0,1,0,navegando para fronteira
675.431,612.0,navigating,-1.769,2.4467,0.3529,-92.69,0.16,0.125,-0.0495,28.999,36.05,11617,1,264,4,111.2,1,62,16,0,1,2,0,1,0,False,3.85,2.36,1,1,0,1,0,navegando para fronteira
675.924,612.5,navigating,-1.7822,2.3732,0.3532,-93.95,0.31,0.123,-0.0528,29.074,36.05,11617,1,264,4,111.2,1,62,16,0,1,2,0,1,0,False,3.85,2.36,1,1,0,1,0,navegando para fronteira
676.407,613.0,navigating,-1.7826,2.2985,0.3501,-95.23,0.24,0.1249,-0.0697,29.149,36.05,11617,1,264,4,111.2,1,62,16,0,1,2,0,1,0,False,3.73,2.36,1,1,0,1,0,navegando para fronteira
676.898,613.5,navigating,-1.7926,2.2277,0.3496,-96.72,0.26,0.1203,-0.0655,29.221,36.05,11617,1,264,4,111.2,1,62,16,0,1,2,0,1,0,False,3.73,2.36,1,1,0,1,0,navegando para fronteira
677.376,614.001,selecting,-1.8077,2.1604,0.3501,-97.86,0.3,0.0262,0.0,29.29,36.05,11617,1,264,4,111.2,1,62,16,0,1,3,0,1,0,False,3.59,2.36,1,1,0,1,0,meta de fronteira expirou
677.84,614.5,selecting,-1.8086,2.1552,0.3458,-97.98,0.12,0.0,0.0,29.302,36.05,11617,1,264,4,111.2,1,62,16,0,1,3,0,1,0,False,3.59,2.36,1,1,0,1,0,meta de fronteira expirou
678.327,615.0,selecting,-1.8098,2.1453,0.3462,-97.95,0.06,0.0,0.0,29.312,36.05,11617,3,278,3,105.6,1,63,17,0,0,0,0,2,0,False,3.54,2.36,1,1,0,1,0,released provisional frontier suppressions
678.813,615.5,selecting,-1.8106,2.1422,0.346,-97.73,0.1,0.0001,0.0426,29.316,36.05,11617,3,278,3,105.6,1,63,17,0,0,0,0,2,0,False,3.54,2.36,1,1,0,1,0,released provisional frontier suppressions
679.301,616.0,navigating,-1.8085,2.1483,0.3464,-96.17,0.02,0.0,0.078,29.325,36.05,11617,3,278,3,105.6,3,65,17,0,0,0,0,2,0,False,3.53,2.36,1,1,0,1,0,navegando para fronteira
679.791,616.5,navigating,-1.8102,2.1385,0.3473,-94.0,0.07,0.0101,0.1128,29.336,36.05,11617,3,278,3,105.6,3,65,17,0,0,0,0,2,0,False,3.53,2.36,1,1,0,1,0,navegando para fronteira
680.287,617.0,navigating,-1.8122,2.1358,0.3495,-90.98,0.01,0.0,0.1088,29.344,36.05,11617,3,278,3,105.6,3,65,17,0,0,0,0,2,0,False,3.53,2.36,1,1,0,1,0,navegando para fronteira
680.768,617.5,navigating,-1.816,2.1311,0.3498,-86.88,0.08,0.0002,0.1046,29.352,36.05,11617,3,278,3,105.6,3,65,17,0,0,0,0,2,0,False,3.53,2.36,1,1,0,1,0,navegando para fronteira
681.259,618.0,navigating,-1.8154,2.1289,0.3523,-83.73,0.15,0.0001,0.0999,29.357,36.05,11617,3,278,3,105.6,3,65,17,0,0,0,0,2,0,False,3.52,2.36,1,1,0,1,0,navegando para fronteira
681.753,618.5,navigating,-1.8183,2.1282,0.3531,-80.23,0.14,0.0003,0.1079,29.362,36.05,11617,3,278,3,105.6,3,65,17,0,0,0,0,2,0,False,3.52,2.36,1,1,0,1,0,navegando para fronteira
682.226,619.0,navigating,-1.8172,2.1264,0.3517,-76.91,0.22,0.0006,0.1538,29.367,36.05,11617,3,278,3,105.6,3,65,17,0,0,0,0,2,0,False,3.51,2.36,1,1,0,1,0,navegando para fronteira
682.712,619.501,navigating,-1.8175,2.1253,0.3522,-73.45,0.14,0.0007,0.1342,29.372,36.05,11617,3,278,3,105.6,3,65,17,0,0,0,0,2,0,False,3.51,2.36,1,1,0,1,0,navegando para fronteira
683.209,620.0,navigating,-1.8221,2.1193,0.3473,-70.2,0.16,0.0004,0.1636,29.38,36.05,11617,3,278,3,105.6,3,65,17,0,0,0,0,2,0,False,3.51,2.36,1,1,0,1,0,navegando para fronteira
683.7,620.501,navigating,-1.8206,2.1169,0.3497,-66.82,0.21,0.001,0.1206,29.386,36.05,11617,3,278,3,105.6,3,65,17,0,0,0,0,2,0,False,3.51,2.36,1,1,0,1,0,navegando para fronteira
684.191,621.0,navigating,-1.8251,2.1124,0.3507,-63.46,0.1,0.0003,0.1163,29.393,36.05,11617,3,278,3,105.6,3,65,17,0,0,0,0,2,0,False,3.5,2.36,1,1,0,1,0,navegando para fronteira
684.683,621.5,navigating,-1.8268,2.1077,0.3514,-59.94,0.04,0.0024,0.1689,29.399,36.05,11617,3,278,3,105.6,3,65,17,0,0,0,0,2,0,False,3.5,2.36,1,1,0,1,0,navegando para fronteira
685.175,622.0,navigating,-1.826,2.1037,0.3517,-55.67,0.14,0.0027,0.1,29.404,36.05,11617,3,278,3,105.6,3,65,17,0,0,0,0,2,0,False,3.49,2.36,1,1,0,1,0,navegando para fronteira
685.662,622.5,navigating,-1.828,2.1015,0.3523,-53.0,0.14,0.0,0.0,29.409,36.05,11617,3,278,3,105.6,3,65,17,0,0,0,0,2,0,False,3.49,2.36,1,1,0,1,0,navegando para fronteira
686.15,623.0,navigating,-1.826,2.1007,0.3541,-49.68,0.23,0.0025,0.1398,29.414,36.05,11617,3,278,3,105.6,3,65,17,0,0,0,0,2,0,False,3.49,2.36,1,1,0,1,0,navegando para fronteira
686.642,623.5,navigating,-1.8237,2.0983,0.3506,-46.16,0.2,0.0111,0.1814,29.42,36.05,11617,3,278,3,105.6,3,65,17,0,0,0,0,2,0,False,3.49,2.36,1,1,0,1,0,navegando para fronteira
687.128,624.0,navigating,-1.8268,2.0922,0.3503,-42.59,0.04,0.0038,0.1918,29.428,36.05,11617,3,278,3,105.6,3,65,17,0,0,0,0,2,0,False,3.49,2.36,1,1,0,1,0,navegando para fronteira
687.622,624.5,navigating,-1.8267,2.0896,0.3513,-38.09,0.19,0.0046,0.2,29.434,36.05,11617,3,278,3,105.6,3,65,17,0,0,0,0,2,0,False,3.49,2.36,1,1,0,1,0,navegando para fronteira
688.092,625.001,navigating,-1.8242,2.0821,0.3503,-33.55,0.1,0.0176,0.1997,29.442,36.05,11617,3,278,3,105.6,3,65,17,0,0,0,0,2,0,False,3.48,2.36,1,1,0,1,0,navegando para fronteira
688.592,625.5,navigating,-1.8169,2.0816,0.3515,-28.6,0.29,0.0128,0.2,29.453,36.05,11617,3,278,3,105.6,3,65,17,0,0,0,0,2,0,False,3.48,2.36,1,1,0,1,0,navegando para fronteira
689.063,626.0,navigating,-1.8171,2.0711,0.3519,-23.59,0.05,0.0106,0.1954,29.465,36.05,11617,3,278,3,105.6,3,65,17,0,0,0,0,2,0,False,3.48,2.36,1,1,0,1,0,navegando para fronteira
689.537,626.5,navigating,-1.8109,2.0671,0.3549,-18.72,0.18,0.0124,0.178,29.473,36.05,11617,3,278,3,105.6,3,65,17,0,0,0,0,2,0,False,3.48,2.36,1,1,0,1,0,navegando para fronteira
690.01,627.0,navigating,-1.7996,2.0671,0.3533,-14.0,0.41,0.0296,0.129,29.485,36.05,11617,3,278,3,105.6,3,65,17,0,0,0,0,2,0,False,3.48,2.36,1,1,0,1,0,navegando para fronteira
690.509,627.5,navigating,-1.7915,2.0537,0.3545,-10.48,0.19,0.0212,0.1592,29.501,36.05,11617,3,278,3,105.6,3,65,17,0,0,0,0,2,0,False,3.47,2.36,1,1,0,1,0,navegando para fronteira
691.004,628.0,navigating,-1.7835,2.0524,0.3529,-6.39,0.23,0.011,0.1701,29.512,36.05,11617,3,278,3,105.6,3,65,17,0,0,0,0,2,0,False,3.47,2.36,1,1,0,1,0,navegando para fronteira
691.49,628.5,navigating,-1.7741,2.051,0.3508,-2.38,0.16,0.024,0.1611,29.525,36.05,11617,3,278,3,105.6,3,65,17,0,0,0,0,2,0,False,3.47,2.36,1,1,0,1,0,navegando para fronteira
691.969,629.0,navigating,-1.7688,2.0423,0.3474,1.58,0.21,0.0097,0.1546,29.537,36.05,11617,3,278,3,105.6,3,65,17,0,0,0,0,2,0,False,3.47,2.36,1,1,0,1,0,navegando para fronteira
692.464,629.5,navigating,-1.7683,2.0479,0.3503,6.07,0.42,0.0028,0.2,29.545,36.05,11617,3,278,3,105.6,3,65,17,0,0,0,0,2,0,False,3.48,2.36,1,1,0,1,0,navegando para fronteira
692.953,630.0,navigating,-1.7632,2.0355,0.351,10.95,0.13,0.0044,0.1528,29.561,36.05,11617,3,278,3,105.6,3,65,17,0,0,0,0,2,0,False,3.48,2.36,1,1,0,1,0,navegando para fronteira
693.448,630.5,navigating,-1.7589,2.0413,0.3518,15.36,0.35,0.0112,0.1029,29.572,36.05,11617,3,278,3,105.6,3,65,17,0,0,0,0,2,0,False,3.47,2.36,1,1,0,1,0,navegando para fronteira
693.913,631.001,navigating,-1.7563,2.0363,0.3466,18.73,0.12,0.0071,0.1306,29.581,36.05,11617,3,278,3,105.6,3,65,17,0,0,0,0,2,0,False,3.47,2.36,1,1,0,1,0,navegando para fronteira
694.406,631.502,navigating,-1.7487,2.0308,0.3502,23.08,0.08,0.0097,0.1556,29.593,36.05,11617,3,278,3,105.6,3,65,17,0,0,0,0,2,0,False,3.48,2.36,1,1,0,1,0,navegando para fronteira
694.896,632.0,navigating,-1.7449,2.0453,0.3523,26.77,0.5,0.0214,0.1493,29.612,36.05,11617,3,278,3,105.6,3,65,17,0,0,0,0,2,0,False,3.48,2.36,1,1,0,1,0,navegando para fronteira
695.39,632.5,navigating,-1.7373,2.0346,0.3531,30.46,0.14,0.0097,0.147,29.628,36.05,11617,3,278,3,105.6,3,65,17,0,0,0,0,2,0,False,3.49,2.36,1,1,0,1,0,navegando para fronteira
695.87,633.0,navigating,-1.7386,2.039,0.3502,33.81,0.31,0.0099,0.1549,29.637,36.05,11617,3,278,3,105.6,3,65,17,0,0,0,0,2,0,False,3.49,2.36,1,1,0,1,0,navegando para fronteira
696.35,633.5,navigating,-1.7324,2.0409,0.3539,37.19,0.02,0.0094,0.1329,29.652,36.05,11617,3,278,3,105.6,3,65,17,0,0,0,0,2,0,False,3.49,2.36,1,1,0,1,0,navegando para fronteira
696.846,634.0,navigating,-1.7212,2.0414,0.3552,40.5,0.28,0.0176,0.1389,29.67,36.05,11617,3,278,3,105.6,3,65,17,0,0,0,0,2,0,False,3.49,2.36,1,1,0,1,0,navegando para fronteira
697.315,634.5,navigating,-1.7214,2.0533,0.3506,43.93,0.46,0.0163,0.1318,29.685,36.05,11617,3,278,3,105.6,3,65,17,0,0,0,0,2,0,False,3.51,2.36,1,1,0,1,0,navegando para fronteira
697.792,635.0,navigating,-1.7078,2.0488,0.3454,47.69,0.06,0.0142,0.1228,29.701,36.05,11617,3,278,3,105.6,3,65,17,0,0,0,0,2,0,False,3.51,2.36,1,1,0,1,0,navegando para fronteira
698.288,635.5,navigating,-1.701,2.0609,0.3471,51.73,0.28,0.0237,0.1364,29.718,36.05,11617,3,278,3,105.6,3,65,17,0,0,0,0,2,0,False,3.52,2.36,1,1,0,1,0,navegando para fronteira
698.779,636.0,navigating,-1.7027,2.073,0.352,55.42,0.47,0.0345,0.1255,29.737,36.05,11617,3,278,3,105.6,3,65,17,0,0,0,0,2,0,False,3.52,2.36,1,1,0,1,0,navegando para fronteira
699.266,636.5,navigating,-1.6868,2.0667,0.3543,59.01,0.21,0.0114,0.1399,29.758,36.05,11617,3,278,3,105.6,3,65,17,0,0,0,0,2,0,False,3.54,2.36,1,1,0,1,0,navegando para fronteira
699.754,637.0,navigating,-1.6923,2.0793,0.3547,62.47,0.57,0.0208,0.1422,29.775,36.05,11617,3,278,3,105.6,3,65,17,0,0,0,0,2,0,False,3.54,2.36,1,1,0,1,0,navegando para fronteira
700.233,637.5,navigating,-1.6867,2.0867,0.3527,65.42,0.14,0.0241,0.1289,29.79,36.05,11617,3,278,3,105.6,3,65,17,0,0,0,0,2,0,False,3.56,2.36,1,1,0,1,0,navegando para fronteira
700.726,638.0,navigating,-1.6727,2.0963,0.3524,68.18,0.22,0.0303,0.0991,29.813,36.05,11617,3,278,3,105.6,3,65,17,0,0,0,0,2,0,False,3.56,2.36,1,1,0,1,0,navegando para fronteira
701.224,638.5,navigating,-1.6805,2.108,0.3528,70.88,0.45,0.0222,0.0933,29.831,36.05,11617,3,278,3,105.6,3,65,17,0,0,0,0,2,0,False,3.58,2.36,1,1,0,1,0,navegando para fronteira
701.709,639.0,navigating,-1.6642,2.1209,0.3548,73.28,0.26,0.0357,0.0736,29.852,36.05,11617,3,278,3,105.6,3,65,17,0,0,0,0,2,0,False,3.58,2.36,1,1,0,1,0,navegando para fronteira
702.188,639.5,navigating,-1.6686,2.1402,0.3528,76.08,0.55,0.0332,0.1044,29.873,36.05,11617,3,278,3,105.6,3,65,17,0,0,0,0,2,0,False,3.61,2.36,1,1,0,1,0,navegando para fronteira
702.678,640.0,navigating,-1.6652,2.1466,0.3505,78.66,0.14,0.0391,0.0656,29.892,36.05,11617,3,278,3,105.6,3,65,17,0,0,0,0,2,0,False,3.61,2.36,1,1,0,1,0,navegando para fronteira
703.172,640.5,failed,-1.6568,2.1744,0.3544,80.9,0.22,0.0147,0.0,29.922,36.05,11617,3,278,3,105.6,3,65,17,0,0,0,0,2,0,False,3.61,2.36,1,1,0,1,0,prazo total de exploracao excedido
703.663,641.0,failed,-1.6607,2.1774,0.3541,80.86,0.23,0.0,0.0,29.931,36.05,11617,3,278,3,105.6,3,65,17,0,0,0,0,2,0,False,3.61,2.36,1,1,0,1,0,prazo total de exploracao excedido
704.142,641.5,failed,-1.6594,2.181,0.3545,80.9,0.22,0.0,0.0,29.935,36.05,11617,3,278,3,105.6,3,65,17,0,0,0,0,2,0,False,3.61,2.36,1,1,0,1,0,prazo total de exploracao excedido
704.609,642.0,failed,-1.6592,2.1812,0.3545,80.91,0.21,0.0,0.0,29.935,36.05,11617,3,278,3,105.6,3,65,17,0,0,0,0,2,0,False,3.61,2.36,1,1,0,1,0,prazo total de exploracao excedido
705.108,642.5,failed,-1.659,2.1816,0.3545,80.93,0.21,0.0,0.0,29.935,36.05,11617,3,278,3,105.6,3,65,17,0,0,0,0,2,0,False,3.61,2.36,1,1,0,1,0,prazo total de exploracao excedido
705.568,643.0,failed,-1.6589,2.1817,0.3545,80.91,0.21,0.0,0.0,29.935,36.05,11617,3,278,3,105.6,3,65,17,0,0,0,0,2,0,False,3.61,2.36,1,1,0,1,0,prazo total de exploracao excedido
706.046,643.5,failed,-1.6587,2.1821,0.3545,80.91,0.2,0.0,0.0,29.936,36.05,11617,3,278,3,105.6,3,65,17,0,0,0,0,2,0,False,3.61,2.36,1,1,0,1,0,prazo total de exploracao excedido
706.51,644.0,failed,-1.6586,2.1823,0.3545,80.86,0.2,0.0,0.0,29.936,36.05,11617,3,278,3,105.6,3,65,17,0,0,0,0,2,0,False,3.61,2.36,1,1,0,1,0,prazo total de exploracao excedido
706.989,644.5,failed,-1.6585,2.1825,0.3544,80.89,0.19,0.0,0.0,29.936,36.05,11617,3,278,3,105.6,3,65,17,0,0,0,0,2,0,False,3.61,2.36,1,1,0,1,0,prazo total de exploracao excedido
707.48,645.0,failed,-1.6585,2.1826,0.3544,80.91,0.19,0.0,0.0,29.937,36.05,11617,3,278,3,105.6,3,65,17,0,0,0,0,2,0,False,3.61,2.36,1,1,0,1,0,prazo total de exploracao excedido
707.966,645.5,failed,-1.6585,2.1828,0.3543,81.01,0.2,0.0,0.0,29.937,36.05,11617,3,278,3,105.6,3,65,17,0,0,0,0,2,0,False,3.61,2.36,1,1,0,1,0,prazo total de exploracao excedido
708.463,646.0,failed,-1.6583,2.183,0.3542,80.92,0.19,0.0,0.0,29.937,36.05,11617,3,278,3,105.6,3,65,17,0,0,0,0,2,0,False,3.61,2.36,1,1,0,1,0,prazo total de exploracao excedido
708.957,646.5,failed,-1.6583,2.1831,0.354,80.96,0.19,0.0,0.0,29.937,36.05,11617,3,278,3,105.6,3,65,17,0,0,0,0,2,0,False,3.61,2.36,1,1,0,1,0,prazo total de exploracao excedido
709.442,647.0,failed,-1.6583,2.1832,0.3539,80.9,0.19,0.0,0.0,29.937,36.05,11617,3,278,3,105.6,3,65,17,0,0,0,0,2,0,False,3.61,2.36,1,1,0,1,0,prazo total de exploracao excedido
709.928,647.5,failed,-1.6583,2.1833,0.3537,80.89,0.19,0.0,0.0,29.938,36.05,11617,3,278,3,105.6,3,65,17,0,0,0,0,2,0,False,3.61,2.36,1,1,0,1,0,prazo total de exploracao excedido
710.41,648.0,failed,-1.6582,2.1833,0.3536,80.91,0.19,0.0,0.0,29.938,36.05,11617,3,278,3,105.6,3,65,17,0,0,0,0,2,0,False,3.61,2.36,1,1,0,1,0,prazo total de exploracao excedido
710.906,648.5,failed,-1.6583,2.1833,0.3536,80.92,0.19,0.0,0.0,29.938,36.05,11617,3,278,3,105.6,3,65,17,0,0,0,0,2,0,False,3.61,2.36,1,1,0,1,0,prazo total de exploracao excedido
711.363,649.0,failed,-1.6583,2.1833,0.3535,80.93,0.19,0.0,0.0,29.938,36.05,11617,3,278,3,105.6,3,65,17,0,0,0,0,2,0,False,3.61,2.36,1,1,0,1,0,prazo total de exploracao excedido
711.848,649.5,failed,-1.6582,2.1834,0.3535,80.91,0.19,0.0,0.0,29.938,36.05,11617,3,278,3,105.6,3,65,17,0,0,0,0,2,0,False,3.61,2.36,1,1,0,1,0,prazo total de exploracao excedido
712.331,650.0,failed,-1.6582,2.1834,0.3533,80.91,0.19,0.0,0.0,29.939,36.05,11617,3,278,3,105.6,3,65,17,0,0,0,0,2,0,False,3.61,2.36,1,1,0,1,0,prazo total de exploracao excedido
712.806,650.5,failed,-1.6582,2.1834,0.3532,80.91,0.19,0.0,0.0,29.939,36.05,11617,3,278,3,105.6,3,65,17,0,0,0,0,2,0,False,3.61,2.36,1,1,0,1,0,prazo total de exploracao excedido
713.293,651.0,failed,-1.6582,2.1834,0.3531,80.99,0.19,0.0,0.0,29.939,36.05,11617,3,278,3,105.6,3,65,17,0,0,0,0,2,0,False,3.61,2.36,1,1,0,1,0,prazo total de exploracao excedido
713.756,651.5,failed,-1.6583,2.1834,0.3531,80.97,0.19,0.0,0.0,29.939,36.05,11617,3,278,3,105.6,3,65,17,0,0,0,0,2,0,False,3.61,2.36,1,1,0,1,0,prazo total de exploracao excedido
714.233,652.0,failed,-1.6583,2.1834,0.3531,80.96,0.18,0.0,0.0,29.939,36.05,11617,3,278,3,105.6,3,65,17,0,0,0,0,2,0,False,3.61,2.36,1,1,0,1,0,prazo total de exploracao excedido
714.693,652.501,failed,-1.6582,2.1834,0.353,80.87,0.18,0.0,0.0,29.939,36.05,11617,3,278,3,105.6,3,65,17,0,0,0,0,2,0,False,3.61,2.36,1,1,0,1,0,prazo total de exploracao excedido
715.176,653.0,failed,-1.6583,2.1834,0.3531,81.03,0.18,0.0,0.0,29.94,36.05,11617,3,278,3,105.6,3,65,17,0,0,0,0,2,0,False,3.61,2.36,1,1,0,1,0,prazo total de exploracao excedido
715.671,653.5,failed,-1.6583,2.1834,0.353,81.0,0.19,0.0,0.0,29.94,36.05,11617,3,278,3,105.6,3,65,17,0,0,0,0,2,0,False,3.61,2.36,1,1,0,1,0,prazo total de exploracao excedido
716.167,654.0,failed,-1.6582,2.1834,0.353,80.89,0.18,0.0,0.0,29.94,36.05,11617,3,278,3,105.6,3,65,17,0,0,0,0,2,0,False,3.61,2.36,1,1,0,1,0,prazo total de exploracao excedido
716.619,654.5,failed,-1.6582,2.1834,0.353,80.92,0.18,0.0,0.0,29.94,36.05,11617,3,278,3,105.6,3,65,17,0,0,0,0,2,0,False,3.61,2.36,1,1,0,1,0,prazo total de exploracao excedido
717.11,655.0,failed,-1.6583,2.1834,0.353,80.92,0.18,0.0,0.0,29.94,36.05,11617,3,278,3,105.6,3,65,17,0,0,0,0,2,0,False,3.61,2.36,1,1,0,1,0,prazo total de exploracao excedido
717.599,655.5,failed,-1.6583,2.1834,0.353,80.95,0.18,0.0,0.0,29.941,36.05,11617,3,278,3,105.6,3,65,17,0,0,0,0,2,0,False,3.61,2.36,1,1,0,1,0,prazo total de exploracao excedido
718.089,656.0,failed,-1.6582,2.1834,0.353,80.94,0.18,0.0,0.0,29.941,36.05,11617,3,278,3,105.6,3,65,17,0,0,0,0,2,0,False,3.61,2.36,1,1,0,1,0,prazo total de exploracao excedido
718.579,656.5,failed,-1.6582,2.1834,0.353,80.92,0.18,0.0,0.0,29.941,36.05,11617,3,278,3,105.6,3,65,17,0,0,0,0,2,0,False,3.61,2.36,1,1,0,1,0,prazo total de exploracao excedido
719.06,657.0,failed,-1.6583,2.1834,0.353,80.94,0.18,0.0,0.0,29.941,36.05,11617,3,278,3,105.6,3,65,17,0,0,0,0,2,0,False,3.61,2.36,1,1,0,1,0,prazo total de exploracao excedido
719.551,657.501,failed,-1.6583,2.1834,0.353,80.91,0.18,0.0,0.0,29.941,36.05,11617,3,278,3,105.6,3,65,17,0,0,0,0,2,0,False,3.61,2.36,1,1,0,1,0,prazo total de exploracao excedido
720.038,658.0,failed,-1.6583,2.1834,0.353,80.91,0.18,0.0,0.0,29.941,36.05,11617,3,278,3,105.6,3,65,17,0,0,0,0,2,0,False,3.61,2.36,1,1,0,1,0,prazo total de exploracao excedido
720.497,658.5,failed,-1.6582,2.1834,0.353,80.92,0.18,0.0,0.0,29.941,36.05,11617,3,278,3,105.6,3,65,17,0,0,0,0,2,0,False,3.61,2.36,1,1,0,1,0,prazo total de exploracao excedido
720.979,659.0,failed,-1.6582,2.1834,0.353,80.9,0.18,0.0,0.0,29.942,36.05,11617,3,278,3,105.6,3,65,17,0,0,0,0,2,0,False,3.61,2.36,1,1,0,1,0,prazo total de exploracao excedido
721.468,659.5,failed,-1.6582,2.1834,0.353,80.91,0.18,0.0,0.0,29.942,36.05,11617,3,278,3,105.6,3,65,17,0,0,0,0,2,0,False,3.61,2.36,1,1,0,1,0,prazo total de exploracao excedido
721.963,660.001,failed,-1.6582,2.1834,0.353,80.95,0.18,0.0,0.0,29.942,36.05,11617,3,278,3,105.6,3,65,17,0,0,0,0,2,0,False,3.61,2.36,1,1,0,1,0,prazo total de exploracao excedido
722.425,660.5,failed,-1.6584,2.1834,0.353,81.04,0.18,0.0,0.0,29.942,36.05,11617,3,278,3,105.6,3,65,17,0,0,0,0,2,0,False,3.61,2.36,1,1,0,1,0,prazo total de exploracao excedido
722.906,661.0,failed,-1.6582,2.1834,0.353,80.89,0.18,0.0,0.0,29.942,36.05,11617,3,278,3,105.6,3,65,17,0,0,0,0,2,0,False,3.61,2.36,1,1,0,1,0,prazo total de exploracao excedido
723.386,661.5,failed,-1.6582,2.1834,0.353,80.88,0.18,0.0,0.0,29.942,36.05,11617,3,278,3,105.6,3,65,17,0,0,0,0,2,0,False,3.61,2.36,1,1,0,1,0,prazo total de exploracao excedido
723.875,662.0,failed,-1.6582,2.1834,0.3531,80.89,0.18,0.0,0.0,29.943,36.05,11617,3,278,3,105.6,3,65,17,0,0,0,0,2,0,False,3.61,2.36,1,1,0,1,0,prazo total de exploracao excedido
724.366,662.5,failed,-1.6582,2.1834,0.3531,80.9,0.18,0.0,0.0,29.943,36.05,11617,3,278,3,105.6,3,65,17,0,0,0,0,2,0,False,3.61,2.36,1,1,0,1,0,prazo total de exploracao excedido
724.844,663.0,failed,-1.6583,2.1834,0.3531,80.95,0.19,0.0,0.0,29.943,36.05,11617,3,278,3,105.6,3,65,17,0,0,0,0,2,0,False,3.61,2.36,1,1,0,1,0,prazo total de exploracao excedido
725.335,663.5,failed,-1.6582,2.1834,0.3531,80.88,0.18,0.0,0.0,29.943,36.05,11617,3,278,3,105.6,3,65,17,0,0,0,0,2,0,False,3.61,2.36,1,1,0,1,0,prazo total de exploracao excedido
725.825,664.0,failed,-1.6583,2.1834,0.353,80.92,0.18,0.0,0.0,29.943,36.05,11617,3,278,3,105.6,3,65,17,0,0,0,0,2,0,False,3.61,2.36,1,1,0,1,0,prazo total de exploracao excedido
726.309,664.5,failed,-1.6582,2.1834,0.3531,80.93,0.18,0.0,0.0,29.943,36.05,11617,3,278,3,105.6,3,65,17,0,0,0,0,2,0,False,3.61,2.36,1,1,0,1,0,prazo total de exploracao excedido
726.79,665.0,failed,-1.6582,2.1834,0.3531,80.9,0.18,0.0,0.0,29.943,36.05,11617,3,278,3,105.6,3,65,17,0,0,0,0,2,0,False,3.61,2.36,1,1,0,1,0,prazo total de exploracao excedido
727.287,665.5,failed,-1.6582,2.1834,0.3531,80.92,0.18,0.0,0.0,29.944,36.05,11617,3,278,3,105.6,3,65,17,0,0,0,0,2,0,False,3.61,2.36,1,1,0,1,0,prazo total de exploracao excedido
727.753,666.0,failed,-1.6582,2.1834,0.3531,80.94,0.18,0.0,0.0,29.944,36.05,11617,3,278,3,105.6,3,65,17,0,0,0,0,2,0,False,3.61,2.36,1,1,0,1,0,prazo total de exploracao excedido
728.235,666.5,failed,-1.6582,2.1834,0.3531,80.95,0.19,0.0,0.0,29.944,36.05,11617,3,278,3,105.6,3,65,17,0,0,0,0,2,0,False,3.61,2.36,1,1,0,1,0,prazo total de exploracao excedido
728.692,667.0,failed,-1.6582,2.1834,0.3531,80.95,0.18,0.0,0.0,29.944,36.05,11617,3,278,3,105.6,3,65,17,0,0,0,0,2,0,False,3.61,2.36,1,1,0,1,0,prazo total de exploracao excedido
729.163,667.5,failed,-1.6582,2.1834,0.3531,80.93,0.18,0.0,0.0,29.944,36.05,11617,3,278,3,105.6,3,65,17,0,0,0,0,2,0,False,3.61,2.36,1,1,0,1,0,prazo total de exploracao excedido
729.625,668.0,failed,-1.6583,2.1834,0.3531,80.93,0.18,0.0,0.0,29.944,36.05,11617,3,278,3,105.6,3,65,17,0,0,0,0,2,0,False,3.61,2.36,1,1,0,1,0,prazo total de exploracao excedido
730.11,668.5,failed,-1.6583,2.1834,0.3531,80.92,0.18,0.0,0.0,29.944,36.05,11617,3,278,3,105.6,3,65,17,0,0,0,0,2,0,False,3.61,2.36,1,1,0,1,0,prazo total de exploracao excedido
730.602,669.001,failed,-1.6582,2.1834,0.3531,80.91,0.18,0.0,0.0,29.944,36.05,11617,3,278,3,105.6,3,65,17,0,0,0,0,2,0,False,3.61,2.36,1,1,0,1,0,prazo total de exploracao excedido
731.06,669.501,failed,-1.6583,2.1835,0.3531,80.9,0.18,0.0,0.0,29.945,36.05,11617,3,278,3,105.6,3,65,17,0,0,0,0,2,0,False,3.61,2.36,1,1,0,1,0,prazo total de exploracao excedido
731.523,670.0,failed,-1.6583,2.1835,0.3531,80.9,0.18,0.0,0.0,29.945,36.05,11617,3,278,3,105.6,3,65,17,0,0,0,0,2,0,False,3.61,2.36,1,1,0,1,0,prazo total de exploracao excedido
731.998,670.5,failed,-1.6583,2.1835,0.3531,80.89,0.18,0.0,0.0,29.945,36.05,11617,3,278,3,105.6,3,65,17,0,0,0,0,2,0,False,3.61,2.36,1,1,0,1,0,prazo total de exploracao excedido
732.47,671.0,failed,-1.6583,2.1835,0.3531,80.94,0.19,0.0,0.0,29.945,36.05,11617,3,278,3,105.6,3,65,17,0,0,0,0,2,0,False,3.61,2.36,1,1,0,1,0,prazo total de exploracao excedido
732.937,671.5,failed,-1.6583,2.1835,0.3531,80.93,0.18,0.0,0.0,29.945,36.05,11617,3,278,3,105.6,3,65,17,0,0,0,0,2,0,False,3.61,2.36,1,1,0,1,0,prazo total de exploracao excedido
733.41,672.0,failed,-1.6583,2.1835,0.3531,80.92,0.18,0.0,0.0,29.945,36.05,11617,3,278,3,105.6,3,65,17,0,0,0,0,2,0,False,3.61,2.36,1,1,0,1,0,prazo total de exploracao excedido
733.851,672.5,failed,-1.6583,2.1835,0.3531,80.91,0.18,0.0,0.0,29.945,36.05,11617,3,278,3,105.6,3,65,17,0,0,0,0,2,0,False,3.61,2.36,1,1,0,1,0,prazo total de exploracao excedido
734.342,673.0,failed,-1.6582,2.1834,0.3531,80.91,0.18,0.0,0.0,29.945,36.05,11617,3,278,3,105.6,3,65,17,0,0,0,0,2,0,False,3.61,2.36,1,1,0,1,0,prazo total de exploracao excedido
734.827,673.5,failed,-1.6583,2.1834,0.3531,80.93,0.18,0.0,0.0,29.945,36.05,11617,3,278,3,105.6,3,65,17,0,0,0,0,2,0,False,3.61,2.36,1,1,0,1,0,prazo total de exploracao excedido
735.282,674.0,failed,-1.6582,2.1834,0.3531,80.92,0.18,0.0,0.0,29.946,36.05,11617,3,278,3,105.6,3,65,17,0,0,0,0,2,0,False,3.61,2.36,1,1,0,1,0,prazo total de exploracao excedido
735.747,674.5,failed,-1.6582,2.1834,0.3531,80.92,0.18,0.0,0.0,29.946,36.05,11617,3,278,3,105.6,3,65,17,0,0,0,0,2,0,False,3.61,2.36,1,1,0,1,0,prazo total de exploracao excedido
736.234,675.0,failed,-1.6582,2.1834,0.3531,80.92,0.18,0.0,0.0,29.946,36.05,11617,3,278,3,105.6,3,65,17,0,0,0,0,2,0,False,3.61,2.36,1,1,0,1,0,prazo total de exploracao excedido
736.719,675.501,failed,-1.6582,2.1834,0.3531,80.92,0.18,0.0,0.0,29.946,36.05,11617,3,278,3,105.6,3,65,17,0,0,0,0,2,0,False,3.61,2.36,1,1,0,1,0,prazo total de exploracao excedido
737.205,676.0,failed,-1.6582,2.1834,0.3531,80.92,0.18,0.0,0.0,29.946,36.05,11617,3,278,3,105.6,3,65,17,0,0,0,0,2,0,False,3.61,2.36,1,1,0,1,0,prazo total de exploracao excedido
737.688,676.5,failed,-1.6582,2.1834,0.3531,80.92,0.18,0.0,0.0,29.946,36.05,11617,3,278,3,105.6,3,65,17,0,0,0,0,2,0,False,3.61,2.36,1,1,0,1,0,prazo total de exploracao excedido
738.145,677.0,failed,-1.6582,2.1834,0.3531,80.92,0.18,0.0,0.0,29.946,36.05,11617,3,278,3,105.6,3,65,17,0,0,0,0,2,0,False,3.61,2.36,1,1,0,1,0,prazo total de exploracao excedido
738.62,677.5,failed,-1.6582,2.1834,0.3531,80.92,0.18,0.0,0.0,29.946,36.05,11617,3,278,3,105.6,3,65,17,0,0,0,0,2,0,False,3.61,2.36,1,1,0,1,0,prazo total de exploracao excedido
739.091,678.0,failed,-1.6582,2.1834,0.3531,80.92,0.18,0.0,0.0,29.946,36.05,11617,3,278,3,105.6,3,65,17,0,0,0,0,2,0,False,3.61,2.36,1,1,0,1,0,prazo total de exploracao excedido
739.568,678.501,failed,-1.6582,2.1834,0.3531,80.92,0.18,0.0,0.0,29.946,36.05,11617,3,278,3,105.6,3,65,17,0,0,0,0,2,0,False,3.61,2.36,1,1,0,1,0,prazo total de exploracao excedido
740.048,679.0,failed,-1.6582,2.1834,0.3531,80.92,0.18,0.0,0.0,29.946,36.05,11617,3,278,3,105.6,3,65,17,0,0,0,0,2,0,False,3.61,2.36,1,1,0,1,0,prazo total de exploracao excedido
740.524,679.5,failed,-1.6582,2.1834,0.3531,80.92,0.18,0.0,0.0,29.946,36.05,11617,3,278,3,105.6,3,65,17,0,0,0,0,2,0,False,3.61,2.36,1,1,0,1,0,prazo total de exploracao excedido
741.008,680.0,failed,-1.6582,2.1834,0.3531,80.92,0.18,0.0,0.0,29.946,36.05,11617,3,278,3,105.6,3,65,17,0,0,0,0,2,0,False,3.61,2.36,1,1,0,1,0,prazo total de exploracao excedido
741.494,680.5,failed,-1.6582,2.1834,0.3531,80.92,0.18,0.0,0.0,29.946,36.05,11617,3,278,3,105.6,3,65,17,0,0,0,0,2,0,False,3.61,2.36,1,1,0,1,0,prazo total de exploracao excedido
741.983,681.0,failed,-1.6582,2.1834,0.3531,80.92,0.18,0.0,0.0,29.946,36.05,11617,3,278,3,105.6,3,65,17,0,0,0,0,2,0,False,3.61,2.36,1,1,0,1,0,prazo total de exploracao excedido
742.47,681.5,failed,-1.6582,2.1834,0.3531,80.92,0.18,0.0,0.0,29.946,36.05,11617,3,278,3,105.6,3,65,17,0,0,0,0,2,0,False,3.61,2.36,1,1,0,1,0,prazo total de exploracao excedido
742.956,682.0,failed,-1.6582,2.1834,0.3531,80.92,0.18,0.0,0.0,29.946,36.05,11617,3,278,3,105.6,3,65,17,0,0,0,0,2,0,False,3.61,2.36,1,1,0,1,0,prazo total de exploracao excedido
743.425,682.5,failed,-1.6582,2.1834,0.3531,80.92,0.18,0.0,0.0,29.946,36.05,11617,3,278,3,105.6,3,65,17,0,0,0,0,2,0,False,3.61,2.36,1,1,0,1,0,prazo total de exploracao excedido
743.915,683.0,failed,-1.6583,2.1834,0.3531,80.92,0.18,0.0,0.0,29.946,36.05,11617,3,278,3,105.6,3,65,17,0,0,0,0,2,0,False,3.61,2.36,1,1,0,1,0,prazo total de exploracao excedido
744.4,683.5,failed,-1.6582,2.1834,0.3531,80.89,0.18,0.0,0.0,29.946,36.05,11617,3,278,3,105.6,3,65,17,0,0,0,0,2,0,False,3.61,2.36,1,1,0,1,0,prazo total de exploracao excedido
744.871,684.0,failed,-1.6583,2.1834,0.3531,80.9,0.18,0.0,0.0,29.946,36.05,11617,3,278,3,105.6,3,65,17,0,0,0,0,2,0,False,3.61,2.36,1,1,0,1,0,prazo total de exploracao excedido
745.36,684.5,failed,-1.6582,2.1834,0.3531,80.94,0.19,0.0,0.0,29.946,36.05,11617,3,278,3,105.6,3,65,17,0,0,0,0,2,0,False,3.61,2.36,1,1,0,1,0,prazo total de exploracao excedido
745.824,685.0,failed,-1.6582,2.1834,0.3531,80.92,0.18,0.0,0.0,29.946,36.05,11617,3,278,3,105.6,3,65,17,0,0,0,0,2,0,False,3.61,2.36,1,1,0,1,0,prazo total de exploracao excedido
746.294,685.5,failed,-1.6582,2.1834,0.3531,80.92,0.18,0.0,0.0,29.946,36.05,11617,3,278,3,105.6,3,65,17,0,0,0,0,2,0,False,3.61,2.36,1,1,0,1,0,prazo total de exploracao excedido
746.789,686.0,failed,-1.6582,2.1834,0.3531,80.91,0.18,0.0,0.0,29.946,36.05,11617,3,278,3,105.6,3,65,17,0,0,0,0,2,0,False,3.61,2.36,1,1,0,1,0,prazo total de exploracao excedido
747.254,686.5,failed,-1.6582,2.1834,0.3531,80.91,0.18,0.0,0.0,29.946,36.05,11617,3,278,3,105.6,3,65,17,0,0,0,0,2,0,False,3.61,2.36,1,1,0,1,0,prazo total de exploracao excedido
747.738,687.0,failed,-1.6582,2.1834,0.3531,80.91,0.18,0.0,0.0,29.947,36.05,11617,3,278,3,105.6,3,65,17,0,0,0,0,2,0,False,3.61,2.36,1,1,0,1,0,prazo total de exploracao excedido
748.22,687.5,failed,-1.6582,2.1834,0.3531,80.92,0.19,0.0,0.0,29.947,36.05,11617,3,278,3,105.6,3,65,17,0,0,0,0,2,0,False,3.61,2.36,1,1,0,1,0,prazo total de exploracao excedido
748.695,688.0,failed,-1.6582,2.1834,0.3531,80.88,0.18,0.0,0.0,29.947,36.05,11617,3,278,3,105.6,3,65,17,0,0,0,0,2,0,False,3.61,2.36,1,1,0,1,0,prazo total de exploracao excedido
749.149,688.5,failed,-1.6582,2.1834,0.3531,80.91,0.18,0.0,0.0,29.947,36.05,11617,3,278,3,105.6,3,65,17,0,0,0,0,2,0,False,3.61,2.36,1,1,0,1,0,prazo total de exploracao excedido
749.63,689.0,failed,-1.6582,2.1834,0.3531,80.92,0.18,0.0,0.0,29.947,36.05,11617,3,278,3,105.6,3,65,17,0,0,0,0,2,0,False,3.61,2.36,1,1,0,1,0,prazo total de exploracao excedido
750.089,689.5,failed,-1.6582,2.1834,0.3531,80.94,0.19,0.0,0.0,29.947,36.05,11617,3,278,3,105.6,3,65,17,0,0,0,0,2,0,False,3.61,2.36,1,1,0,1,0,prazo total de exploracao excedido
750.567,690.0,failed,-1.6582,2.1834,0.3531,80.9,0.18,0.0,0.0,29.947,36.05,11617,3,278,3,105.6,3,65,17,0,0,0,0,2,0,False,3.61,2.36,1,1,0,1,0,prazo total de exploracao excedido
751.022,690.5,failed,-1.6582,2.1834,0.3531,80.93,0.19,0.0,0.0,29.947,36.05,11617,3,278,3,105.6,3,65,17,0,0,0,0,2,0,False,3.61,2.36,1,1,0,1,0,prazo total de exploracao excedido
751.497,691.0,failed,-1.6582,2.1834,0.3531,80.86,0.18,0.0,0.0,29.947,36.05,11617,3,278,3,105.6,3,65,17,0,0,0,0,2,0,False,3.61,2.36,1,1,0,1,0,prazo total de exploracao excedido
751.959,691.5,failed,-1.6583,2.1834,0.353,80.95,0.18,0.0,0.0,29.948,36.05,11617,3,278,3,105.6,3,65,17,0,0,0,0,2,0,False,3.61,2.36,1,1,0,1,0,prazo total de exploracao excedido
752.449,692.0,failed,-1.6582,2.1834,0.3531,80.89,0.18,0.0,0.0,29.948,36.05,11617,3,278,3,105.6,3,65,17,0,0,0,0,2,0,False,3.61,2.36,1,1,0,1,0,prazo total de exploracao excedido
752.924,692.5,failed,-1.6583,2.1834,0.3531,80.94,0.19,0.0,0.0,29.948,36.05,11617,3,278,3,105.6,3,65,17,0,0,0,0,2,0,False,3.61,2.36,1,1,0,1,0,prazo total de exploracao excedido
753.407,693.0,failed,-1.6582,2.1834,0.3531,80.88,0.18,0.0,0.0,29.948,36.05,11617,3,278,3,105.6,3,65,17,0,0,0,0,2,0,False,3.61,2.36,1,1,0,1,0,prazo total de exploracao excedido
753.875,693.5,failed,-1.6582,2.1834,0.353,80.85,0.18,0.0,0.0,29.948,36.05,11617,3,278,3,105.6,3,65,17,0,0,0,0,2,0,False,3.61,2.36,1,1,0,1,0,prazo total de exploracao excedido
754.354,694.0,failed,-1.6582,2.1833,0.353,80.87,0.18,0.0,0.0,29.949,36.05,11617,3,278,3,105.6,3,65,17,0,0,0,0,2,0,False,3.61,2.36,1,1,0,1,0,prazo total de exploracao excedido
754.849,694.5,failed,-1.6582,2.1833,0.353,80.92,0.18,0.0,0.0,29.949,36.05,11617,3,278,3,105.6,3,65,17,0,0,0,0,2,0,False,3.61,2.36,1,1,0,1,0,prazo total de exploracao excedido
755.34,695.0,failed,-1.6582,2.1834,0.353,80.92,0.18,0.0,0.0,29.949,36.05,11617,3,278,3,105.6,3,65,17,0,0,0,0,2,0,False,3.61,2.36,1,1,0,1,0,prazo total de exploracao excedido
755.824,695.5,failed,-1.6582,2.1834,0.353,80.91,0.18,0.0,0.0,29.949,36.05,11617,3,278,3,105.6,3,65,17,0,0,0,0,2,0,False,3.61,2.36,1,1,0,1,0,prazo total de exploracao excedido
756.3,696.0,failed,-1.6582,2.1834,0.353,80.9,0.18,0.0,0.0,29.949,36.05,11617,3,278,3,105.6,3,65,17,0,0,0,0,2,0,False,3.61,2.36,1,1,0,1,0,prazo total de exploracao excedido
756.774,696.5,failed,-1.6582,2.1834,0.353,80.89,0.18,0.0,0.0,29.949,36.05,11617,3,278,3,105.6,3,65,17,0,0,0,0,2,0,False,3.61,2.36,1,1,0,1,0,prazo total de exploracao excedido
757.23,697.0,failed,-1.6582,2.1834,0.353,80.92,0.19,0.0,0.0,29.949,36.05,11617,3,278,3,105.6,3,65,17,0,0,0,0,2,0,False,3.61,2.36,1,1,0,1,0,prazo total de exploracao excedido
757.701,697.5,failed,-1.6582,2.1834,0.353,80.93,0.18,0.0,0.0,29.949,36.05,11617,3,278,3,105.6,3,65,17,0,0,0,0,2,0,False,3.61,2.36,1,1,0,1,0,prazo total de exploracao excedido
758.181,698.0,failed,-1.6582,2.1834,0.353,80.89,0.18,0.0,0.0,29.95,36.05,11617,3,278,3,105.6,3,65,17,0,0,0,0,2,0,False,3.61,2.36,1,1,0,1,0,prazo total de exploracao excedido
758.665,698.5,failed,-1.6583,2.1834,0.353,80.91,0.19,0.0,0.0,29.95,36.05,11617,3,278,3,105.6,3,65,17,0,0,0,0,2,0,False,3.61,2.36,1,1,0,1,0,prazo total de exploracao excedido
759.124,699.0,failed,-1.6582,2.1834,0.353,80.91,0.18,0.0,0.0,29.95,36.05,11617,3,278,3,105.6,3,65,17,0,0,0,0,2,0,False,3.61,2.36,1,1,0,1,0,prazo total de exploracao excedido
759.582,699.5,failed,-1.6582,2.1834,0.3531,80.9,0.18,0.0,0.0,29.95,36.05,11617,3,278,3,105.6,3,65,17,0,0,0,0,2,0,False,3.61,2.36,1,1,0,1,0,prazo total de exploracao excedido
