sim_s,wall_s,x,y,z,yaw_deg,tilt_deg,cmd_vx,cmd_wz,min_range_m
58.127,0.001,-0.0023,0.0424,0.3469,90.04,0.02,0.0,0.0,0.547
58.127,0.001,-0.0023,0.0424,0.3469,90.04,0.02,0.0,0.0,0.547
58.222,0.218,-0.0023,0.0424,0.3469,90.04,0.02,0.0,0.0,0.547
58.322,0.397,-0.0023,0.0424,0.3469,90.04,0.02,0.0,0.0,0.547
58.422,0.673,-0.0023,0.0424,0.3469,90.04,0.02,0.0,0.0,0.547
58.522,0.934,-0.0023,0.0424,0.3469,90.04,0.02,0.0,0.0,0.547
58.622,1.096,-0.0023,0.0424,0.3469,90.04,0.02,0.0,0.0,0.547
58.722,1.304,-0.0023,0.0424,0.3469,90.04,0.02,0.0,0.0,0.547
58.822,1.411,-0.0023,0.0424,0.3469,90.04,0.02,0.0,0.0,0.547
58.922,1.536,-0.0023,0.0424,0.3469,90.04,0.02,0.0,0.0,0.547
59.022,1.626,-0.0023,0.0424,0.3469,90.04,0.02,0.0,0.0,0.547
59.122,1.729,-0.0023,0.0424,0.3469,90.04,0.02,0.0,0.0,0.547
59.224,1.86,-0.0023,0.0424,0.3469,90.04,0.02,0.0,0.0,0.547
59.322,1.951,-0.0023,0.0424,0.3469,90.04,0.02,0.0,0.0,0.547
59.422,2.07,-0.0023,0.0424,0.3469,90.04,0.02,0.0,0.0,0.547
59.522,2.294,-0.0023,0.0424,0.3469,90.04,0.02,0.0,0.0,0.547
59.622,2.555,-0.0023,0.0424,0.3469,90.04,0.02,0.0,0.0,0.547
59.722,2.818,-0.0023,0.0424,0.3469,90.04,0.02,0.0,0.0,0.547
59.822,3.025,-0.0023,0.0424,0.3469,90.04,0.02,0.0,0.0,0.547
59.922,3.146,-0.0023,0.0424,0.3469,90.04,0.02,0.0,0.0,0.547
60.022,3.234,-0.0023,0.0424,0.3469,90.04,0.02,0.0,0.0,0.547
60.122,3.426,-0.0023,0.0424,0.3469,90.04,0.02,0.0,-0.0026,0.547
60.222,3.792,-0.0022,0.0419,0.3447,90.0,0.08,0.0001,-0.0147,0.547
60.322,4.011,-0.0001,0.0386,0.3443,90.06,0.05,0.0,-0.0177,0.547
60.422,4.121,0.0027,0.034,0.3441,90.0,0.09,0.0,-0.0166,0.546
60.522,4.232,0.0047,0.0307,0.3443,90.03,0.1,0.0,-0.029,0.543
60.622,4.356,0.0053,0.03,0.3446,90.03,0.11,0.0,-0.036,0.541
60.722,4.47,0.0051,0.0315,0.3455,90.04,0.14,0.0,-0.0427,0.54
60.822,4.612,0.0043,0.0336,0.3467,90.06,0.24,0.0,-0.0482,0.54
60.922,4.828,0.0034,0.0357,0.3478,90.09,0.34,0.0037,-0.0486,0.541
61.022,5.023,0.0026,0.0377,0.3483,89.9,0.33,0.0008,-0.061,0.541
61.122,5.269,0.001,0.0404,0.3481,89.58,0.22,0.0011,-0.0823,0.541
61.222,5.583,-0.002,0.0398,0.3506,88.41,0.68,0.0002,-0.2,0.541
61.322,5.871,-0.0065,0.0373,0.3689,89.38,0.11,0.0,-0.1471,0.539
61.422,6.057,-0.0096,0.0361,0.351,87.94,0.38,0.0004,-0.1268,0.549
61.522,6.205,-0.0096,0.0328,0.3339,86.85,0.29,0.0,-0.1438,0.544
61.622,6.344,-0.0153,0.023,0.3397,85.31,0.42,0.0,-0.1335,0.538
61.722,6.504,-0.025,0.0127,0.3475,85.42,1.13,0.0,-0.1492,0.534
61.822,6.743,-0.0364,0.0024,0.3309,84.6,0.7,0.0,-0.0813,0.539
61.922,6.959,-0.0484,-0.0119,0.3146,84.12,1.21,0.0,-0.1011,0.548
62.022,7.139,-0.0595,-0.0277,0.303,83.59,0.79,0.0,-0.092,0.554
62.122,7.372,-0.0688,-0.0337,0.3152,82.83,1.54,0.0001,-0.1134,0.565
62.222,7.478,-0.079,-0.0376,0.3371,84.76,1.16,0.0,-0.0734,0.566
62.322,7.598,-0.0816,-0.0316,0.3492,82.38,0.76,0.0011,-0.0144,0.588
62.422,7.703,-0.082,-0.0206,0.3464,81.78,0.63,0.0127,-0.0544,0.582
62.522,7.809,-0.0781,-0.0136,0.3463,81.76,0.37,0.0349,-0.1339,0.579
62.622,7.946,-0.07,-0.0074,0.3494,81.37,0.32,0.0286,-0.0836,0.577
62.722,8.129,-0.0639,-0.0046,0.3525,80.49,0.31,0.019,-0.1067,0.57
62.822,8.366,-0.0592,-0.0036,0.3333,79.97,0.28,0.0,-0.1014,0.557
62.922,8.557,-0.0568,-0.008,0.3026,79.37,0.31,0.0,-0.1224,0.551
63.022,8.748,-0.0583,-0.0177,0.2842,79.32,0.39,0.0,-0.0988,0.542
63.122,8.894,-0.0583,-0.0271,0.2814,78.42,0.51,0.0,-0.0686,0.544
63.222,9.047,-0.0577,-0.0341,0.295,77.74,0.65,0.0,-0.0827,0.54
63.322,9.22,-0.0608,-0.0326,0.3136,78.34,0.44,0.0,-0.0133,0.536
63.422,9.361,-0.0659,-0.0251,0.3053,77.64,0.43,0.0098,-0.0303,0.539
63.522,9.627,-0.0773,-0.0188,0.3206,77.36,1.79,0.0056,-0.1142,0.541
63.622,9.789,-0.0862,-0.0209,0.3494,80.09,0.42,0.0,-0.1117,0.545
63.722,9.927,-0.0925,-0.0193,0.3628,77.33,0.71,0.0,0.0083,0.572
63.822,10.068,-0.0967,-0.0214,0.3683,76.72,0.76,0.0,-0.1117,0.566
63.922,10.194,-0.0991,-0.0288,0.3642,76.15,0.47,0.0,-0.1494,0.565
64.022,10.408,-0.0989,-0.0345,0.3606,75.48,0.34,0.0,-0.0978,0.565
64.122,10.603,-0.097,-0.0434,0.3389,74.57,0.11,0.0,-0.0854,0.563
64.222,10.774,-0.0931,-0.0577,0.3215,74.13,0.23,0.0,-0.0835,0.558
64.322,10.98,-0.0887,-0.0724,0.3096,73.8,0.72,0.0,-0.0782,0.551
64.422,11.18,-0.083,-0.0846,0.3144,73.22,1.39,0.0,-0.0918,0.546
64.522,11.347,-0.0752,-0.0981,0.3322,71.47,1.64,0.0,-0.1143,0.541
64.622,11.477,-0.071,-0.1005,0.3409,72.0,0.82,0.0,-0.1177,0.524
64.722,11.661,-0.0686,-0.0991,0.3434,71.41,0.9,0.0031,-0.0602,0.52
64.822,11.795,-0.0683,-0.0988,0.3364,71.03,0.19,0.001,-0.0718,0.515
64.922,12.012,-0.0672,-0.0957,0.3367,71.1,0.45,0.0027,-0.0487,0.51
65.022,12.165,-0.0669,-0.0928,0.3423,70.57,0.34,0.0018,-0.0481,0.51
65.122,12.315,-0.0694,-0.0882,0.3463,70.55,0.12,0.0024,-0.0462,0.507
65.222,12.462,-0.0731,-0.0835,0.3458,70.22,0.14,0.0037,-0.0549,0.507
65.322,12.703,-0.0798,-0.0798,0.3459,69.9,0.56,0.0002,-0.0633,0.51
65.421,12.855,-0.0865,-0.0844,0.3581,71.94,0.55,0.0,-0.066,0.512
65.521,13.043,-0.0861,-0.092,0.3675,72.0,0.3,0.0,0.0795,0.524
65.621,13.213,-0.0824,-0.0978,0.3348,69.97,0.86,0.0,-0.0805,0.536
65.721,13.381,-0.0779,-0.1118,0.3445,72.0,0.9,0.0,-0.1205,0.519
65.821,13.525,-0.0734,-0.1302,0.3508,70.1,1.28,0.0,-0.0005,0.527
65.921,13.685,-0.075,-0.1387,0.3535,70.05,0.67,0.0,-0.0963,0.516
66.021,13.818,-0.0796,-0.1401,0.3407,70.24,1.27,0.0,-0.0889,0.512
66.121,13.961,-0.0883,-0.1432,0.3384,69.42,0.44,0.0,-0.0402,0.518
66.221,14.209,-0.0998,-0.1462,0.3405,69.3,0.79,0.0,-0.0247,0.521
66.321,14.43,-0.112,-0.1447,0.3017,69.25,1.4,0.0,-0.024,0.528
66.421,14.546,-0.1235,-0.1449,0.2749,69.07,1.25,0.0008,0.0072,0.538
66.521,14.671,-0.1333,-0.1464,0.2846,69.54,1.35,0.0001,-0.0314,0.549
66.621,14.772,-0.1364,-0.1436,0.3047,68.78,0.67,0.0001,-0.016,0.563
66.721,14.872,-0.1285,-0.1331,0.3229,68.74,0.28,0.0216,-0.0616,0.563
66.821,14.983,-0.1232,-0.1246,0.3363,68.73,0.29,0.0272,-0.0418,0.558
66.921,15.169,-0.1202,-0.1189,0.3464,68.5,0.26,0.0187,-0.0431,0.552
67.021,15.325,-0.1166,-0.1109,0.355,67.6,0.52,0.0171,-0.0441,0.547
67.121,15.599,-0.1146,-0.1061,0.3615,67.75,0.24,0.0042,-0.0487,0.541
67.221,15.701,-0.1149,-0.105,0.3299,66.86,1.14,0.0017,-0.0347,0.539
67.321,15.914,-0.1259,-0.1123,0.3513,61.8,1.17,0.0,-0.101,0.535
67.421,16.046,-0.1352,-0.1237,0.3612,65.5,0.86,0.0,-0.181,0.519
67.521,16.247,-0.1377,-0.1313,0.3586,65.97,0.41,0.0,-0.021,0.541
67.621,16.444,-0.1385,-0.1397,0.3388,65.72,0.25,0.0,0.0693,0.551
67.721,16.639,-0.1408,-0.1469,0.3153,66.21,0.21,0.0,0.05,0.552
67.821,16.787,-0.1456,-0.1493,0.3009,66.84,0.37,0.0,0.0928,0.555
67.921,16.908,-0.1495,-0.1523,0.3118,67.62,0.25,0.0,0.0802,0.563
68.021,17.044,-0.1425,-0.1486,0.3253,67.04,1.36,0.0,0.1253,0.57
68.121,17.202,-0.1317,-0.1459,0.3314,67.41,0.69,0.0086,0.0053,0.567
68.221,17.362,-0.1221,-0.1471,0.3362,68.69,1.3,0.0023,0.0726,0.556
68.321,17.513,-0.1162,-0.1514,0.3471,67.91,2.18,0.0004,0.0601,0.553
68.421,17.644,-0.1108,-0.1571,0.3353,68.52,0.69,0.0,0.0108,0.546
68.521,17.772,-0.1042,-0.1571,0.3321,68.83,1.22,0.0018,0.0159,0.541
68.621,17.899,-0.0973,-0.1539,0.3385,68.91,1.99,0.0056,0.0441,0.537
68.721,18.013,-0.0929,-0.1552,0.3448,69.02,1.14,0.013,0.0207,0.533
68.821,18.154,-0.0932,-0.1534,0.3468,69.43,0.67,0.0025,0.0231,0.527
68.921,18.36,-0.0967,-0.1508,0.3486,69.4,0.19,0.0,0.0058,0.527
69.021,18.504,-0.1019,-0.1539,0.3746,63.11,0.49,0.0,-0.0556,0.529
69.121,18.661,-0.1028,-0.1601,0.3746,60.22,0.1,0.0,-0.1974,0.51
69.221,18.829,-0.1061,-0.1707,0.3702,63.11,0.13,0.0,-0.1174,0.491
69.321,18.945,-0.1149,-0.1826,0.3772,63.71,0.78,0.0,-0.0374,0.503
69.421,19.095,-0.1292,-0.1906,0.3744,64.83,1.33,0.0,0.0826,0.516
69.521,19.289,-0.1485,-0.199,0.3597,64.87,0.92,0.0,0.1368,0.532
69.621,19.43,-0.1608,-0.1999,0.3549,65.66,1.57,0.0,0.1187,0.552
69.721,19.594,-0.1872,-0.1983,0.349,66.54,3.54,0.0,0.1068,0.567
69.822,19.831,-0.2063,-0.1771,0.3352,68.04,1.83,0.05,0.1101,0.59
69.921,20.005,-0.2253,-0.1548,0.3018,68.28,1.99,0.0957,0.0794,0.621
70.021,20.176,-0.2486,-0.1428,0.2902,68.14,3.25,0.0403,-0.0301,0.641
70.121,20.415,-0.2684,-0.122,0.2993,67.8,5.45,0.0462,-0.0518,0.663
70.221,20.594,-0.2834,-0.114,0.3247,69.96,5.57,0.031,-0.0173,0.637
70.321,20.742,-0.2899,-0.0987,0.3406,67.8,3.66,0.0185,0.042,0.688
70.421,20.908,-0.2927,-0.0886,0.3503,67.95,2.08,0.0344,-0.078,0.678
70.521,21.025,-0.2924,-0.0835,0.3297,67.74,0.85,0.0215,-0.0604,0.665
70.622,21.202,-0.2964,-0.0792,0.327,67.16,1.4,0.0054,-0.0433,0.656
70.721,21.334,-0.3011,-0.0829,0.3358,67.32,1.01,0.0028,-0.065,0.655
70.821,21.475,-0.3042,-0.0913,0.3309,66.93,0.13,0.0,-0.0739,0.652
70.921,21.645,-0.3046,-0.0991,0.331,66.46,0.15,0.0,-0.0724,0.654
71.021,21.754,-0.3043,-0.108,0.3395,66.28,0.06,0.0,-0.0746,0.663
71.121,21.874,-0.306,-0.1122,0.3436,66.0,0.26,0.0,-0.0541,0.668
71.221,21.977,-0.3025,-0.1132,0.3473,65.46,0.24,0.0,-0.0544,0.672
71.321,22.141,-0.2951,-0.1142,0.3499,65.13,0.52,0.0,-0.0622,0.676
71.421,22.392,-0.2877,-0.1125,0.3537,65.09,0.71,0.0052,-0.053,0.684
71.521,22.556,-0.286,-0.1142,0.3757,60.82,0.62,0.0048,-0.0626,0.69
71.625,22.677,-0.287,-0.1148,0.3811,57.75,0.91,0.0,-0.1826,0.682
71.721,22.77,-0.2929,-0.1183,0.3776,60.72,0.4,0.0,-0.16,0.658
71.821,22.878,-0.2912,-0.1197,0.3729,61.9,0.19,0.0,-0.08,0.674
71.921,23.038,-0.2894,-0.1211,0.3764,60.98,0.18,0.0,0.04,0.682
72.021,23.19,-0.2884,-0.1216,0.3756,61.66,0.32,0.0,0.0,0.677
72.121,23.428,-0.2883,-0.1211,0.3751,61.63,0.37,0.001,-0.0215,0.679
72.221,23.65,-0.2886,-0.1202,0.3745,61.62,0.43,0.002,-0.0376,0.679
72.321,23.756,-0.2891,-0.1202,0.3733,61.54,0.44,0.0024,-0.0453,0.679
72.421,23.879,-0.2897,-0.1206,0.3713,61.3,0.37,0.0002,-0.0598,0.679
72.521,23.985,-0.2905,-0.12,0.3663,61.08,0.39,0.0,-0.0753,0.679
72.621,24.139,-0.2917,-0.121,0.3638,60.86,0.25,0.0,-0.0744,0.678
72.721,24.348,-0.2907,-0.122,0.3605,60.34,0.12,0.0,-0.0909,0.678
72.821,24.583,-0.2894,-0.1259,0.3324,59.86,0.39,0.0,-0.0941,0.676
72.921,24.744,-0.2904,-0.1343,0.309,59.56,0.47,0.0,-0.1131,0.673
73.022,24.85,-0.2979,-0.147,0.2954,59.12,0.09,0.0,-0.1087,0.672
73.121,24.963,-0.3075,-0.151,0.3022,58.74,0.86,0.0,-0.0877,0.675
73.221,25.099,-0.3148,-0.1475,0.306,57.94,0.26,0.0,-0.0899,0.68
73.321,25.294,-0.313,-0.1399,0.3179,57.41,0.28,0.019,-0.1109,0.687
73.421,25.516,-0.3102,-0.1367,0.3264,57.48,0.24,0.0146,-0.0482,0.684
73.521,25.748,-0.3069,-0.1368,0.3381,56.47,0.03,0.0002,-0.0982,0.681
73.621,25.902,-0.3044,-0.1411,0.3495,57.65,0.48,0.0,-0.0884,0.674
73.721,26.028,-0.3005,-0.1498,0.36,56.57,0.77,0.0,-0.0084,0.675
73.821,26.165,-0.2976,-0.1629,0.3589,55.79,0.87,0.0001,-0.1123,0.671
73.921,26.291,-0.2951,-0.1705,0.3532,55.42,1.06,0.0,-0.1372,0.664
74.021,26.455,-0.2946,-0.1733,0.354,54.8,0.99,0.0,-0.1093,0.66
74.121,26.647,-0.2994,-0.1773,0.368,51.91,0.67,0.0,-0.0969,0.656
74.221,26.834,-0.3056,-0.1792,0.3767,52.93,0.22,0.0,-0.1868,0.651
74.321,26.995,-0.3021,-0.1761,0.3785,53.81,0.6,0.0145,-0.0668,0.651
74.421,27.142,-0.2951,-0.1701,0.3524,52.49,0.72,0.0187,-0.0272,0.66
74.521,27.245,-0.2878,-0.1681,0.3603,53.66,0.9,0.028,-0.0767,0.648
74.621,27.397,-0.28,-0.1652,0.3636,52.14,1.46,0.0269,-0.1013,0.645
74.721,27.54,-0.2757,-0.1621,0.3528,51.54,0.56,0.0244,-0.1489,0.633
74.821,27.717,-0.2718,-0.1597,0.3461,50.9,0.83,0.01,-0.1,0.624
74.921,27.859,-0.2721,-0.1602,0.3505,49.89,0.75,0.0003,-0.0803,0.618
75.021,27.973,-0.2749,-0.1607,0.3397,49.51,0.19,0.0,-0.0788,0.613
75.121,28.104,-0.2775,-0.16,0.3371,49.32,0.25,0.0,-0.069,0.613
75.221,28.344,-0.2799,-0.1572,0.3335,48.74,0.13,0.0,-0.0634,0.615
75.321,28.575,-0.2839,-0.154,0.3167,48.61,0.15,0.0,-0.0578,0.615
75.421,28.767,-0.2889,-0.1511,0.302,48.06,0.67,0.0,-0.0819,0.618
75.521,28.945,-0.2977,-0.143,0.3024,48.1,1.1,0.0,-0.079,0.62
75.621,29.16,-0.308,-0.1396,0.3192,47.88,1.45,0.0,-0.0371,0.626
75.723,29.286,-0.3102,-0.1378,0.3462,43.74,1.8,0.0,-0.0771,0.636
75.824,29.392,-0.3051,-0.1335,0.3624,41.55,1.38,0.0116,-0.1571,0.624
75.921,29.481,-0.3029,-0.1335,0.3704,44.74,0.74,0.0068,-0.1518,0.612
76.022,29.591,-0.3006,-0.1338,0.3648,44.97,0.38,0.004,-0.0718,0.621
76.121,29.688,-0.2997,-0.1344,0.3668,44.5,0.55,0.0,0.0082,0.62
76.221,29.896,-0.3002,-0.1357,0.3702,44.72,0.37,0.0,0.034,0.619
76.321,30.152,-0.3018,-0.1385,0.3626,44.54,0.51,0.0,0.0355,0.619
76.421,30.387,-0.3045,-0.1402,0.3612,44.59,0.45,0.0,0.0046,0.62
76.521,30.492,-0.3056,-0.14,0.3609,44.64,0.47,0.0,0.0007,0.623
76.621,30.628,-0.3061,-0.1399,0.3607,44.62,0.47,0.0,-0.0073,0.624
76.726,30.746,-0.3067,-0.1403,0.3603,44.6,0.43,0.0,-0.0122,0.625
76.821,30.842,-0.3073,-0.1413,0.3598,44.6,0.38,0.0,-0.0146,0.625
76.921,31.017,-0.3078,-0.1423,0.3594,44.6,0.31,0.0,-0.0173,0.626
77.021,31.193,-0.3085,-0.144,0.3587,44.6,0.23,0.0,-0.0221,0.627
77.121,31.363,-0.3088,-0.1447,0.3583,44.6,0.21,0.0,-0.028,0.627
77.221,31.478,-0.3087,-0.1448,0.3582,44.63,0.22,0.0,-0.0288,0.628
77.321,31.584,-0.3087,-0.1449,0.3582,44.63,0.22,0.0,-0.0337,0.628
77.422,31.708,-0.3087,-0.1449,0.3582,44.62,0.22,0.0,-0.0319,0.628
77.521,31.802,-0.3087,-0.1449,0.3582,44.62,0.22,0.0,-0.0326,0.628
77.621,31.909,-0.3087,-0.1449,0.3582,44.62,0.22,0.0,-0.0286,0.628
77.725,32.027,-0.3087,-0.1449,0.3582,44.62,0.22,0.0,-0.0303,0.628
77.821,32.126,-0.3087,-0.1449,0.3582,44.62,0.22,0.0,-0.0308,0.628
77.921,32.232,-0.3087,-0.1449,0.3582,44.62,0.22,0.0,-0.03,0.628
78.022,32.374,-0.3087,-0.1449,0.3582,44.62,0.22,0.0,-0.0342,0.628
78.122,32.502,-0.3087,-0.1449,0.3582,44.62,0.22,0.0,-0.0319,0.628
78.221,32.601,-0.3087,-0.1449,0.3582,44.62,0.22,0.0,-0.0361,0.628
78.321,32.71,-0.3087,-0.1449,0.3582,44.62,0.22,0.0,-0.0353,0.628
78.428,32.851,-0.3087,-0.1449,0.3582,44.62,0.22,0.0,-0.0352,0.628
78.531,32.971,-0.3087,-0.1449,0.3582,44.62,0.22,0.0,-0.034,0.628
78.624,33.077,-0.3087,-0.1449,0.3582,44.62,0.22,0.0,-0.0346,0.628
78.721,33.18,-0.3087,-0.1449,0.3582,44.62,0.22,0.0,-0.0375,0.628
78.821,33.296,-0.3087,-0.1449,0.3582,44.62,0.22,0.0,-0.0429,0.628
78.921,33.413,-0.3087,-0.1449,0.3582,44.62,0.22,0.0,-0.0434,0.628
79.021,33.555,-0.3087,-0.1449,0.3582,44.62,0.22,0.0,-0.0425,0.628
79.121,33.67,-0.3087,-0.1449,0.3582,44.62,0.22,0.0,-0.0375,0.628
79.221,33.794,-0.3087,-0.1449,0.3582,44.62,0.22,0.0003,-0.0372,0.628
79.321,33.959,-0.3087,-0.1449,0.3582,44.62,0.22,0.0,-0.034,0.628
79.425,34.089,-0.3087,-0.1449,0.3582,44.62,0.22,0.0,-0.038,0.628
79.522,34.212,-0.3087,-0.1449,0.3582,44.62,0.22,0.0,-0.041,0.628
79.622,34.325,-0.3087,-0.1449,0.3582,44.62,0.22,0.0,-0.037,0.628
79.723,34.453,-0.3087,-0.1449,0.3582,44.62,0.22,0.0,-0.032,0.628
79.821,34.563,-0.3087,-0.1449,0.3582,44.62,0.22,0.0,-0.0314,0.628
79.921,34.709,-0.3087,-0.1449,0.3582,44.62,0.22,0.0,-0.0302,0.628
80.021,34.979,-0.3087,-0.1449,0.3582,44.62,0.22,0.0008,-0.0378,0.628
80.121,35.187,-0.3087,-0.1449,0.3582,44.62,0.22,0.0049,-0.0382,0.628
80.221,35.342,-0.3085,-0.145,0.3579,44.54,0.21,0.0075,-0.0389,0.628
80.324,35.466,-0.3072,-0.144,0.3561,44.29,0.26,0.0099,-0.0397,0.627
80.425,35.577,-0.3068,-0.1413,0.356,44.06,0.43,0.015,-0.0509,0.625
80.521,35.689,-0.3063,-0.1377,0.3538,43.98,0.43,0.0203,-0.0514,0.624
80.621,35.804,-0.3074,-0.1347,0.3508,43.66,0.31,0.0171,-0.0479,0.623
80.721,35.965,-0.3061,-0.1317,0.3472,43.29,0.51,0.0182,-0.0674,0.623
80.821,36.165,-0.3034,-0.1279,0.3355,43.13,0.41,0.0253,-0.0732,0.621
80.921,36.335,-0.3007,-0.1311,0.3422,43.06,0.26,0.0209,-0.0712,0.617
81.021,36.627,-0.2965,-0.1365,0.3533,42.3,0.83,0.0098,-0.099,0.616
81.121,36.738,-0.2932,-0.1372,0.3732,45.84,1.22,0.0101,-0.1024,0.609
81.221,36.848,-0.2887,-0.1395,0.3775,43.39,0.97,0.0076,-0.0224,0.618
81.321,37.072,-0.2885,-0.1445,0.3722,42.06,1.06,0.0,-0.0915,0.607
81.421,37.271,-0.2882,-0.1471,0.3877,46.62,1.54,0.0,0.0261,0.6
81.521,37.411,-0.2922,-0.1519,0.4067,42.44,0.84,0.0,0.1461,0.617
81.621,37.603,-0.2961,-0.154,0.3936,38.97,0.67,0.0,0.0261,0.609
81.721,37.792,-0.298,-0.1553,0.3599,40.2,0.45,0.0,-0.0539,0.595
81.821,37.948,-0.3015,-0.1558,0.3336,41.4,0.49,0.0,0.0661,0.6
81.921,38.057,-0.3053,-0.1606,0.3372,42.5,0.25,0.0,0.1461,0.608
82.021,38.196,-0.3051,-0.1676,0.3406,41.81,0.86,0.0,0.1331,0.616
82.121,38.39,-0.3023,-0.1764,0.3341,42.52,0.61,0.0,0.0603,0.615
82.221,38.566,-0.3024,-0.1835,0.3497,46.83,1.36,0.0,0.1022,0.614
82.321,38.808,-0.3047,-0.1863,0.3581,45.71,1.08,0.0,0.071,0.631
82.421,38.968,-0.308,-0.188,0.3747,47.31,0.78,0.0,-0.009,0.63
82.521,39.127,-0.3057,-0.1875,0.3808,48.2,2.39,0.0,0.111,0.634
82.621,39.279,-0.3024,-0.1924,0.3694,48.75,0.82,0.0009,0.1066,0.64
82.721,39.426,-0.3095,-0.1961,0.3663,48.78,0.44,0.0005,0.0813,0.637
82.821,39.574,-0.3115,-0.1903,0.363,49.01,1.19,0.0029,0.0765,0.643
82.921,39.7,-0.3134,-0.1875,0.3454,49.54,0.64,0.0004,0.0948,0.647
83.021,39.868,-0.3156,-0.1839,0.3428,49.97,0.39,0.0,0.1039,0.651
83.121,40.011,-0.314,-0.1788,0.3422,49.91,0.88,0.0007,0.0957,0.655
83.221,40.128,-0.3133,-0.1721,0.3366,50.59,0.22,0.0064,0.0751,0.654
83.321,40.34,-0.3141,-0.1729,0.3371,51.27,0.22,0.0017,0.0795,0.654
83.421,40.473,-0.314,-0.1674,0.3266,51.4,0.36,0.0074,0.0781,0.658
83.521,40.593,-0.3187,-0.1597,0.3339,51.88,0.64,0.0056,0.0789,0.658
83.621,40.742,-0.3302,-0.1487,0.3417,52.99,1.28,0.0035,0.1372,0.664
83.721,40.858,-0.3367,-0.1393,0.3313,53.4,1.67,0.0011,0.1276,0.677
83.821,41.004,-0.3415,-0.125,0.3349,53.51,1.68,0.0082,0.0876,0.686
83.921,41.211,-0.3453,-0.1171,0.3398,54.59,1.33,0.0141,0.1084,0.691
84.021,41.405,-0.3479,-0.1112,0.3135,55.42,1.16,0.0021,0.1325,0.699
84.121,41.652,-0.3512,-0.1094,0.2924,55.92,0.66,0.0001,0.1017,0.704
84.221,41.779,-0.3587,-0.1115,0.2691,56.16,1.38,0.0,0.0799,0.694
84.321,41.882,-0.3711,-0.107,0.2813,56.22,2.03,0.0,0.0761,0.687
84.422,41.998,-0.3842,-0.1055,0.2969,57.11,2.63,0.0,0.0838,0.684
84.524,42.1,-0.4075,-0.1068,0.3171,57.92,3.79,0.0,0.1073,0.668
84.621,42.195,-0.4322,-0.1043,0.3133,57.86,2.54,0.0,0.0975,0.652
84.721,42.403,-0.4451,-0.0931,0.3222,58.29,2.21,0.0073,0.0651,0.635
84.821,42.606,-0.4548,-0.0894,0.3377,60.01,1.88,0.0023,0.1037,0.618
84.921,42.758,-0.455,-0.0888,0.3544,59.85,0.83,0.0004,0.2,0.6
85.021,42.916,-0.451,-0.0862,0.3478,60.03,0.78,0.0067,0.0756,0.592
85.121,43.074,-0.4452,-0.0856,0.3517,60.57,0.28,0.0039,0.1101,0.591
85.221,43.266,-0.4394,-0.0858,0.3587,60.28,0.37,0.0007,0.0652,0.589
85.321,43.412,-0.4354,-0.0852,0.3648,61.25,0.63,0.0023,0.0194,0.594
85.421,43.585,-0.4322,-0.0841,0.3489,61.87,0.42,0.0016,0.07,0.591
85.521,43.803,-0.4399,-0.0892,0.3589,60.87,0.35,0.0,0.0423,0.59
85.621,43.956,-0.4472,-0.0999,0.3832,68.44,0.27,0.0,-0.0776,0.595
85.721,44.133,-0.4518,-0.1086,0.3785,71.0,0.23,0.0,0.0824,0.57
85.821,44.335,-0.4548,-0.1171,0.3743,69.88,0.01,0.0,0.0824,0.556
85.921,44.504,-0.453,-0.125,0.3694,69.71,0.43,0.0,-0.0345,0.565
86.021,44.644,-0.4487,-0.1346,0.3567,69.67,0.45,0.0,-0.0046,0.572
86.126,44.757,-0.445,-0.1408,0.3511,69.79,0.77,0.0,0.0242,0.582
86.221,44.849,-0.4429,-0.1428,0.3621,70.94,0.51,0.0,0.0466,0.592
86.321,44.959,-0.4438,-0.1393,0.3619,70.37,0.3,0.0016,0.0866,0.589
86.421,45.186,-0.4449,-0.1363,0.361,70.61,0.28,0.0037,0.0445,0.59
86.521,45.369,-0.4448,-0.1339,0.3625,70.75,0.3,0.0037,0.0609,0.587
86.621,45.499,-0.4459,-0.1339,0.3735,68.1,0.1,0.0004,0.0606,0.583
86.721,45.681,-0.4475,-0.1329,0.3731,69.16,0.17,0.0,0.0206,0.591
86.821,45.815,-0.4484,-0.131,0.3369,70.98,0.42,0.0,0.1406,0.59
86.921,45.963,-0.4533,-0.131,0.3431,69.5,0.98,0.0001,0.16,0.579
87.021,46.099,-0.4597,-0.1341,0.3492,71.74,1.01,0.0,0.08,0.582
87.121,46.223,-0.4655,-0.1377,0.3365,72.99,0.89,0.0,0.12,0.574
87.221,46.363,-0.4702,-0.1393,0.3339,73.44,0.99,0.0,0.1728,0.567
87.321,46.497,-0.4747,-0.1422,0.3355,74.62,0.98,0.0,0.171,0.567
87.421,46.697,-0.4803,-0.1477,0.339,75.74,0.88,0.0,0.1492,0.562
87.521,46.912,-0.4821,-0.1504,0.3555,72.35,0.82,0.0,0.0549,0.559
87.621,47.058,-0.4774,-0.1537,0.3849,71.21,0.35,0.0,-0.0251,0.573
87.721,47.178,-0.4666,-0.1551,0.3899,75.62,1.17,0.0002,-0.0139,0.588
87.821,47.321,-0.4527,-0.1639,0.3835,75.47,1.11,0.0,0.1061,0.569
87.921,47.457,-0.4392,-0.1694,0.3757,75.28,1.33,0.0,0.1339,0.582
88.021,47.597,-0.4285,-0.1716,0.371,75.88,1.38,0.0004,0.121,0.595
88.121,47.717,-0.4234,-0.177,0.3741,76.26,1.04,0.0001,0.1225,0.601
88.221,47.905,-0.4253,-0.178,0.374,76.92,0.49,0.0,0.0443,0.605
88.321,48.146,-0.429,-0.1739,0.3452,78.27,0.51,0.0025,0.1462,0.606
88.421,48.294,-0.4325,-0.1684,0.3199,78.86,0.97,0.0035,0.131,0.598
88.521,48.432,-0.4323,-0.1656,0.3281,79.84,0.42,0.0053,0.114,0.591
88.621,48.568,-0.4257,-0.1572,0.3375,79.72,0.68,0.0232,0.1263,0.584
88.721,48.689,-0.4196,-0.1493,0.3305,80.28,0.33,0.0226,0.0874,0.58
88.821,48.853,-0.4107,-0.143,0.3311,80.93,0.96,0.0213,0.075,0.574
88.921,48.997,-0.404,-0.1408,0.3283,81.03,0.72,0.0104,0.0809,0.571
89.021,49.143,-0.4032,-0.1436,0.331,81.42,0.31,0.0014,0.0744,0.571
89.121,49.3,-0.4037,-0.1486,0.3325,82.09,0.36,0.0,0.0785,0.573
89.221,49.451,-0.4041,-0.1522,0.3345,82.11,0.61,0.0,0.0835,0.575
89.321,49.701,-0.4048,-0.1559,0.3349,82.72,0.26,0.0,0.0712,0.577
89.43,49.816,-0.4049,-0.1567,0.3371,82.99,0.39,0.0,0.0647,0.578
89.521,49.996,-0.4038,-0.1558,0.342,83.37,0.85,0.0,0.0539,0.578
89.621,50.18,-0.4033,-0.1562,0.324,83.65,0.48,0.0002,0.0748,0.577
89.721,50.388,-0.4057,-0.1562,0.3055,84.12,0.17,0.0035,0.0699,0.576
89.821,50.529,-0.414,-0.1536,0.2926,84.66,0.34,0.0026,0.0687,0.576
89.921,50.716,-0.4193,-0.1573,0.3027,85.13,0.47,0.0,0.0664,0.568
90.021,50.824,-0.4201,-0.1586,0.3162,84.86,0.24,0.0,0.0732,0.566
90.121,50.937,-0.4169,-0.1551,0.3296,85.38,0.41,0.0,0.0513,0.568
90.221,51.04,-0.4156,-0.1483,0.3447,85.95,0.14,0.0056,0.0721,0.565
90.324,51.158,-0.4147,-0.1426,0.3466,86.05,0.08,0.0092,0.0704,0.559
90.421,51.247,-0.4169,-0.1377,0.3523,86.19,0.49,0.0124,0.0672,0.553
90.521,51.385,-0.4212,-0.1359,0.3558,86.6,0.53,0.0025,0.0606,0.549
90.621,51.522,-0.4236,-0.1398,0.3586,86.99,0.49,0.0001,0.07,0.544
90.721,51.729,-0.4244,-0.1446,0.3538,87.23,0.42,0.0,0.0631,0.544
90.821,51.86,-0.4248,-0.1498,0.3371,87.59,0.36,0.0,0.0643,0.547
90.921,52.092,-0.4231,-0.1572,0.3407,88.38,0.16,0.0,0.1036,0.55
91.021,52.247,-0.4184,-0.1618,0.3647,84.97,0.19,0.0,0.1135,0.556
91.121,52.389,-0.4155,-0.1628,0.3752,83.59,0.67,0.0,-0.0065,0.566
91.222,52.522,-0.4151,-0.1624,0.3631,87.07,0.11,0.0,0.0335,0.578
91.321,52.694,-0.4192,-0.1652,0.3612,86.07,0.62,0.0,0.0906,0.569
91.421,52.86,-0.4245,-0.1719,0.3627,86.18,0.31,0.0,-0.0235,0.568
91.521,53.111,-0.4279,-0.1787,0.3575,86.65,0.31,0.0,0.0012,0.574
91.621,53.341,-0.4301,-0.1849,0.3303,86.47,0.41,0.0,-0.0298,0.577
91.721,53.491,-0.432,-0.1838,0.3154,86.58,0.71,0.0025,-0.0343,0.584
91.821,53.679,-0.432,-0.1851,0.3186,86.57,0.4,0.0002,-0.0153,0.581
91.922,53.799,-0.4327,-0.1885,0.3344,88.32,0.4,0.0,-0.0022,0.582
92.021,53.89,-0.4283,-0.1863,0.3497,89.03,1.17,0.0,0.0378,0.581
92.121,53.992,-0.4204,-0.1828,0.3552,89.12,1.01,0.0109,0.0767,0.579
92.221,54.096,-0.4156,-0.182,0.3474,89.64,0.61,0.0031,0.1043,0.578
92.321,54.23,-0.4127,-0.1787,0.349,90.14,0.73,0.0012,0.0948,0.579
92.421,54.333,-0.4129,-0.1768,0.3397,90.51,0.35,0.003,0.114,0.577
92.521,54.444,-0.4187,-0.1808,0.3422,90.96,0.16,0.003,0.1177,0.574
92.621,54.624,-0.4258,-0.1812,0.3425,91.59,0.74,0.0,0.1198,0.574
92.721,54.743,-0.4327,-0.1793,0.3434,92.24,0.73,0.0066,0.1053,0.573
92.821,54.884,-0.4401,-0.1784,0.3455,92.64,1.04,0.0008,0.1101,0.566
92.921,55.013,-0.4459,-0.1772,0.3346,93.44,0.67,0.0,0.1083,0.563
93.021,55.241,-0.4445,-0.1798,0.3402,94.12,0.3,0.0,0.1164,0.558
93.121,55.441,-0.4399,-0.1851,0.3636,91.1,0.19,0.0,0.1007,0.558
93.222,55.548,-0.4354,-0.1918,0.3766,90.59,0.18,0.0,0.0207,0.566
93.321,55.65,-0.4294,-0.1984,0.3842,96.23,0.92,0.0,-0.0593,0.578
93.424,55.758,-0.4205,-0.2057,0.3822,95.84,1.01,0.0104,0.0207,0.577
93.521,55.857,-0.4056,-0.2186,0.3794,94.91,0.92,0.0018,0.0763,0.588
93.621,55.963,-0.4059,-0.2025,0.376,91.52,0.59,0.0085,-0.0437,0.605
93.721,56.131,-0.4024,-0.1839,0.3797,93.73,0.84,0.0585,-0.1378,0.599
93.821,56.286,-0.4023,-0.1771,0.3894,93.26,0.52,0.0706,-0.0178,0.581
93.921,56.437,-0.4043,-0.1752,0.3924,93.93,0.25,0.0394,-0.0578,0.573
94.021,56.578,-0.406,-0.1753,0.3695,94.25,0.24,0.0,-0.015,0.57
94.121,56.726,-0.4123,-0.1839,0.3681,92.48,0.87,0.0,0.0287,0.568
94.221,56.881,-0.4201,-0.1884,0.371,92.11,1.62,0.0,-0.0913,0.574
94.321,56.992,-0.4273,-0.1936,0.3675,92.34,1.6,0.0001,-0.0913,0.579
94.421,57.2,-0.4397,-0.2129,0.3602,92.3,1.78,0.0001,-0.0206,0.58
94.521,57.382,-0.4549,-0.2121,0.3558,91.14,3.77,0.0,0.0102,0.591
94.621,57.507,-0.4679,-0.1974,0.3362,90.91,2.58,0.0,-0.0055,0.59
94.721,57.685,-0.4843,-0.1831,0.3419,89.87,2.85,0.0662,-0.0462,0.578
94.821,57.792,-0.4916,-0.1785,0.3451,90.59,1.46,0.0537,-0.0822,0.56
94.921,57.911,-0.4919,-0.1761,0.3451,90.33,0.95,0.0256,-0.0378,0.55
95.021,58.043,-0.4931,-0.1738,0.347,90.32,1.09,0.0072,-0.047,0.547
95.121,58.209,-0.4954,-0.171,0.3374,90.44,0.8,0.0009,-0.0066,0.545
95.221,58.376,-0.4913,-0.1746,0.3383,90.36,0.23,0.0,0.0185,0.541
95.321,58.627,-0.4855,-0.181,0.3455,89.09,0.3,0.0,-0.114,0.544
95.421,58.761,-0.4834,-0.1851,0.3497,89.8,0.27,0.0,-0.1128,0.552
95.521,58.888,-0.4817,-0.1861,0.3509,89.72,0.73,0.0,-0.0328,0.558
95.621,59.009,-0.4784,-0.1874,0.3507,88.55,0.62,0.0,0.0472,0.56
95.721,59.175,-0.4769,-0.1872,0.3506,88.77,0.5,0.0,-0.0088,0.563
95.821,59.307,-0.4788,-0.1834,0.3284,88.81,0.15,0.0015,-0.0265,0.564
95.921,59.461,-0.4878,-0.1797,0.3359,87.73,0.82,0.0035,-0.008,0.562
96.021,59.627,-0.4934,-0.1799,0.3406,88.61,0.26,0.0019,-0.1244,0.556
96.121,59.758,-0.4966,-0.1814,0.3412,88.8,0.68,0.0,-0.0444,0.552
96.221,59.899,-0.5014,-0.1817,0.3447,87.97,0.93,0.0,-0.0044,0.553
96.321,60.114,-0.5064,-0.1814,0.3459,88.11,1.11,0.0,-0.023,0.554
96.421,60.269,-0.5096,-0.1867,0.3298,87.62,0.48,0.0,0.0163,0.551
96.521,60.432,-0.5077,-0.1911,0.333,87.87,0.15,0.0,0.02,0.554
96.621,60.572,-0.506,-0.1924,0.3364,87.9,0.17,0.0,0.0227,0.559
96.721,60.725,-0.5057,-0.1922,0.3397,88.04,0.15,0.0,0.0265,0.561
96.821,60.937,-0.506,-0.1912,0.3426,88.07,0.12,0.0,0.0308,0.561
96.921,61.216,-0.5063,-0.1902,0.3448,88.07,0.11,0.0,0.0294,0.56
97.021,61.349,-0.5065,-0.19,0.3463,88.05,0.11,0.0,0.0297,0.559
97.121,61.461,-0.5066,-0.1905,0.3472,88.05,0.11,0.0,0.0266,0.559
97.221,61.586,-0.5066,-0.1912,0.3476,88.04,0.1,0.0,0.0334,0.559
97.325,61.716,-0.5066,-0.1917,0.3476,88.04,0.1,0.0,0.0352,0.56
97.421,61.81,-0.5067,-0.1919,0.3476,88.05,0.1,0.0,0.0349,0.561
97.523,61.923,-0.5067,-0.1919,0.3476,88.05,0.1,0.0,0.0346,0.561
97.621,62.017,-0.5067,-0.1919,0.3476,88.05,0.1,0.0,0.034,0.561
97.722,62.124,-0.5067,-0.1919,0.3476,88.05,0.1,0.0,0.0332,0.561
97.829,62.246,-0.5067,-0.1919,0.3476,88.05,0.1,0.0,0.032,0.561
97.922,62.348,-0.5067,-0.1919,0.3476,88.05,0.1,0.0,0.029,0.561
98.021,62.449,-0.5067,-0.1919,0.3476,88.05,0.1,0.0,0.0298,0.561
98.121,62.624,-0.5067,-0.1919,0.3476,88.05,0.1,0.0,0.0256,0.561
98.221,62.787,-0.5067,-0.1919,0.3476,88.05,0.1,0.0,0.0327,0.561
98.322,62.909,-0.5067,-0.1919,0.3476,88.05,0.1,0.0,0.0346,0.561
98.421,63.01,-0.5067,-0.1919,0.3476,88.05,0.1,0.0,0.0353,0.561
98.521,63.125,-0.5067,-0.1919,0.3476,88.05,0.1,0.0,0.0365,0.561
98.625,63.252,-0.5067,-0.1919,0.3476,88.05,0.1,0.0,0.0319,0.561
98.722,63.368,-0.5067,-0.1919,0.3476,88.05,0.1,0.0,0.0309,0.561
98.821,63.464,-0.5067,-0.1919,0.3476,88.05,0.1,0.0,0.0252,0.561
98.921,63.591,-0.5067,-0.1919,0.3476,88.05,0.1,0.0,0.0279,0.561
99.022,63.777,-0.5067,-0.1919,0.3476,88.05,0.1,0.0,0.0299,0.561
99.121,63.926,-0.5067,-0.1919,0.3476,88.05,0.1,0.0,0.0315,0.561
99.221,64.046,-0.5067,-0.1919,0.3476,88.05,0.1,0.0,0.0333,0.561
99.321,64.158,-0.5067,-0.1919,0.3476,88.05,0.1,0.0,0.0308,0.561
99.421,64.287,-0.5067,-0.1919,0.3476,88.05,0.1,0.0,0.0321,0.561
99.521,64.391,-0.5067,-0.1919,0.3476,88.05,0.1,0.0,0.0329,0.561
99.623,64.521,-0.5067,-0.1919,0.3476,88.05,0.1,0.0,0.0313,0.561
99.721,64.623,-0.5067,-0.1919,0.3476,88.05,0.1,0.0,0.0314,0.561
99.821,64.737,-0.5067,-0.1919,0.3476,88.05,0.1,0.0,0.0313,0.561
99.921,65.009,-0.5067,-0.1919,0.3476,88.05,0.1,0.0,0.0276,0.561
100.021,65.21,-0.5067,-0.1919,0.3476,88.05,0.1,0.0,0.0265,0.561
100.121,65.393,-0.5067,-0.1919,0.3476,88.05,0.1,0.0,0.0305,0.561
100.221,65.499,-0.5067,-0.1919,0.3476,88.05,0.1,0.0,0.0298,0.561
100.321,65.609,-0.5067,-0.1919,0.3476,88.05,0.1,0.0,0.0303,0.561
100.421,65.724,-0.5067,-0.1919,0.3476,88.05,0.1,0.0,0.0294,0.561
100.521,65.859,-0.5067,-0.1919,0.3476,88.05,0.1,0.0,0.0277,0.561
100.621,65.955,-0.5067,-0.1919,0.3476,88.05,0.1,0.0,0.0288,0.561
100.721,66.178,-0.5067,-0.1919,0.3476,88.05,0.1,0.0,0.0357,0.561
100.821,66.412,-0.5067,-0.1919,0.3476,88.05,0.1,0.0,0.0357,0.561
100.921,66.593,-0.5067,-0.1919,0.3476,88.05,0.1,0.0,0.0358,0.561
101.021,66.717,-0.5067,-0.1919,0.3476,88.05,0.1,0.0,0.0312,0.561
101.122,66.84,-0.5067,-0.1919,0.3476,88.05,0.1,0.0,0.0326,0.561
101.223,66.948,-0.5067,-0.1919,0.3476,88.05,0.1,0.0,0.0353,0.561
101.321,67.055,-0.5067,-0.1919,0.3476,88.05,0.1,0.0,0.0349,0.561
101.421,67.186,-0.5067,-0.1919,0.3476,88.05,0.1,0.0,0.0349,0.561
101.521,67.305,-0.5067,-0.1919,0.3476,88.05,0.1,0.0,0.0326,0.561
101.621,67.425,-0.5067,-0.1919,0.3476,88.05,0.1,0.0,0.0326,0.561
101.722,67.546,-0.5067,-0.1919,0.3476,88.05,0.1,0.0,0.0314,0.561
101.821,67.644,-0.5067,-0.1919,0.3476,88.05,0.1,0.0,0.034,0.561
101.921,67.77,-0.5067,-0.1919,0.3476,88.05,0.1,0.0,0.0351,0.561
102.021,67.867,-0.5067,-0.1919,0.3476,88.05,0.1,0.0,0.0392,0.561
102.121,68.023,-0.5067,-0.1919,0.3476,88.05,0.1,0.0,0.0388,0.561
102.221,68.303,-0.5067,-0.1919,0.3476,88.05,0.1,0.0,0.0383,0.561
102.322,68.46,-0.5067,-0.1919,0.3476,88.05,0.1,0.0,0.0399,0.561
102.427,68.586,-0.5067,-0.1919,0.3476,88.05,0.1,0.0,0.0431,0.561
102.521,68.678,-0.5067,-0.1919,0.3476,88.05,0.1,0.0,0.0411,0.561
102.624,68.803,-0.5067,-0.1919,0.3476,88.05,0.1,0.0,0.0417,0.561
102.725,68.911,-0.5067,-0.1919,0.3476,88.05,0.1,0.0,0.0407,0.561
102.821,69.058,-0.5067,-0.1919,0.3476,88.05,0.1,0.0,0.0416,0.561
102.924,69.311,-0.5067,-0.1919,0.3476,88.06,0.1,0.0,0.0356,0.561
103.021,69.403,-0.5067,-0.1919,0.3476,88.06,0.1,0.0,0.0362,0.561
103.121,69.526,-0.5067,-0.1919,0.3476,88.06,0.1,0.0,0.0345,0.561
103.224,69.651,-0.5067,-0.1919,0.3476,88.06,0.1,0.0,0.0346,0.561
103.321,69.749,-0.5067,-0.1919,0.3476,88.06,0.1,0.0,0.0374,0.561
103.421,69.876,-0.5067,-0.1919,0.3476,88.06,0.1,0.0,0.0379,0.561
103.526,69.989,-0.5067,-0.1919,0.3476,88.06,0.1,0.0,0.0296,0.561
103.623,70.097,-0.5067,-0.1919,0.3477,88.06,0.11,0.0,0.0315,0.561
103.721,70.201,-0.5067,-0.1919,0.3477,88.06,0.11,0.0,0.0339,0.561
103.821,70.467,-0.5067,-0.1919,0.3477,88.06,0.11,0.0,0.0345,0.561
103.921,70.697,-0.5067,-0.1919,0.3477,88.06,0.11,0.0,0.0333,0.561
104.021,70.872,-0.5067,-0.1919,0.3477,88.06,0.11,0.0,0.0367,0.561
104.121,70.981,-0.5067,-0.1919,0.3477,88.06,0.11,0.0,0.0359,0.561
104.221,71.126,-0.5067,-0.1919,0.3477,88.06,0.11,0.0,0.0379,0.561
104.324,71.251,-0.5067,-0.1919,0.3477,88.06,0.11,0.0,0.0371,0.561
104.421,71.359,-0.5067,-0.1919,0.3477,88.06,0.11,0.0,0.0377,0.561
104.521,71.457,-0.5067,-0.1919,0.3477,88.06,0.11,0.0,0.0399,0.561
104.621,71.739,-0.5067,-0.1919,0.3477,88.06,0.11,0.0,0.0339,0.561
104.721,71.924,-0.5067,-0.1919,0.3477,88.06,0.11,0.0,0.0357,0.561
104.821,72.043,-0.5067,-0.1919,0.3477,88.06,0.11,0.0,0.0361,0.561
104.921,72.15,-0.5067,-0.1919,0.3477,88.06,0.11,0.0,0.0376,0.561
105.026,72.273,-0.5067,-0.1919,0.3477,88.06,0.11,0.0,0.0367,0.561
105.127,72.386,-0.5067,-0.1919,0.3477,88.06,0.11,0.0,0.0354,0.561
105.223,72.494,-0.5067,-0.1919,0.3477,88.06,0.11,0.0,0.0362,0.561
105.321,72.613,-0.5067,-0.1919,0.3477,88.06,0.11,0.0,0.0374,0.561
105.421,72.916,-0.5067,-0.1919,0.3477,88.06,0.11,0.0,0.0363,0.561
105.523,73.074,-0.5067,-0.1919,0.3477,88.06,0.11,0.0,0.0341,0.561
105.621,73.171,-0.5067,-0.1919,0.3477,88.06,0.11,0.0,0.0339,0.561
105.724,73.305,-0.5067,-0.1918,0.3477,88.06,0.11,0.0,0.0333,0.561
105.821,73.406,-0.5067,-0.1918,0.3477,88.06,0.11,0.0,0.0354,0.561
105.921,73.511,-0.5067,-0.1918,0.3477,88.06,0.11,0.0,0.0332,0.561
106.021,73.62,-0.5067,-0.1918,0.3477,88.06,0.11,0.0,0.0365,0.561
106.126,73.748,-0.5067,-0.1918,0.3477,88.06,0.11,0.0,0.0362,0.561
106.221,73.848,-0.5067,-0.1918,0.3477,88.06,0.11,0.0,0.0403,0.561
106.325,73.982,-0.5067,-0.1918,0.3477,88.06,0.11,0.0,0.0378,0.561
106.421,74.087,-0.5067,-0.1918,0.3477,88.06,0.11,0.0,0.0325,0.561
106.522,74.185,-0.5067,-0.1918,0.3477,88.06,0.11,0.0,0.0341,0.561
106.621,74.294,-0.5067,-0.1918,0.3477,88.06,0.11,0.0,0.0354,0.561
106.722,74.423,-0.5067,-0.1918,0.3477,88.06,0.11,0.0,0.0333,0.561
106.821,74.523,-0.5067,-0.1918,0.3477,88.06,0.11,0.0,0.03,0.561
106.921,74.64,-0.5067,-0.1918,0.3477,88.06,0.11,0.0,0.0301,0.561
107.021,74.772,-0.5067,-0.1918,0.3477,88.06,0.11,0.0,0.0305,0.561
107.122,74.89,-0.5067,-0.1918,0.3477,88.06,0.11,0.0,0.0265,0.561
107.221,74.999,-0.5067,-0.1918,0.3477,88.06,0.11,0.0,0.0261,0.561
107.33,75.133,-0.5067,-0.1918,0.3477,88.06,0.11,0.0,0.0246,0.561
107.421,75.236,-0.5067,-0.1918,0.3477,88.06,0.11,0.0,0.0227,0.561
107.521,75.373,-0.5067,-0.1918,0.3477,88.06,0.11,0.0,0.0265,0.561
107.621,75.514,-0.5067,-0.1918,0.3477,88.06,0.11,0.0,0.0253,0.561
107.721,75.647,-0.5067,-0.1918,0.3477,88.06,0.11,0.0,0.0304,0.561
107.823,75.775,-0.5067,-0.1918,0.3477,88.06,0.11,0.0,0.036,0.561
107.921,75.895,-0.5067,-0.1918,0.3477,88.06,0.11,0.0,0.034,0.561
108.021,76.018,-0.5067,-0.1918,0.3477,88.06,0.11,0.0,0.036,0.561
108.122,76.143,-0.5067,-0.1918,0.3477,88.06,0.11,0.0,0.0327,0.561
108.221,76.259,-0.5067,-0.1918,0.3477,88.06,0.11,0.0,0.0348,0.561
108.322,76.398,-0.5067,-0.1918,0.3477,88.06,0.11,0.0,0.0323,0.561
108.421,76.528,-0.5067,-0.1918,0.3477,88.06,0.11,0.0,0.031,0.561
108.521,76.64,-0.5067,-0.1918,0.3477,88.06,0.11,0.0,0.03,0.561
108.621,76.796,-0.5067,-0.1918,0.3477,88.06,0.11,0.0,0.0381,0.561
108.721,76.957,-0.5067,-0.1918,0.3477,88.06,0.11,0.0,0.0395,0.561
108.821,77.082,-0.5067,-0.1918,0.3477,88.06,0.11,0.0,0.0351,0.561
108.921,77.211,-0.5067,-0.1918,0.3477,88.06,0.11,0.0,0.0376,0.561
109.022,77.346,-0.5067,-0.1918,0.3477,88.06,0.11,0.0,0.0388,0.561
109.121,77.459,-0.5067,-0.1918,0.3477,88.06,0.11,0.0,0.0383,0.561
109.221,77.671,-0.5067,-0.1918,0.3477,88.06,0.11,0.0,0.0352,0.561
109.321,77.859,-0.5067,-0.1918,0.3477,88.06,0.11,0.0,0.0363,0.561
109.421,78.003,-0.5067,-0.1918,0.3477,88.06,0.11,0.0,0.0349,0.561
109.521,78.141,-0.5067,-0.1918,0.3477,88.06,0.11,0.0,0.0327,0.561
109.621,78.26,-0.5067,-0.1918,0.3477,88.06,0.11,0.0,0.0381,0.561
109.721,78.384,-0.5067,-0.1918,0.3477,88.06,0.11,0.0,0.0376,0.561
109.821,78.499,-0.5067,-0.1918,0.3477,88.06,0.11,0.0,0.0409,0.561
109.921,78.617,-0.5067,-0.1918,0.3477,88.06,0.11,0.0,0.0395,0.561
110.022,78.753,-0.5067,-0.1918,0.3477,88.06,0.11,0.0,0.0354,0.561
110.121,78.867,-0.5067,-0.1918,0.3477,88.06,0.11,0.0,0.0353,0.561
110.221,78.989,-0.5067,-0.1918,0.3477,88.06,0.11,0.0,0.0368,0.561
110.322,79.13,-0.5067,-0.1918,0.3477,88.06,0.11,0.0,0.0396,0.561
110.421,79.271,-0.5067,-0.1918,0.3477,88.06,0.11,0.0,0.0407,0.561
110.521,79.391,-0.5067,-0.1918,0.3477,88.06,0.11,0.0,0.0358,0.561
110.622,79.512,-0.5067,-0.1918,0.3477,88.06,0.11,0.0,0.0376,0.561
110.721,79.648,-0.5067,-0.1918,0.3477,88.06,0.11,0.0,0.0375,0.561
110.821,79.772,-0.5067,-0.1918,0.3477,88.06,0.11,0.0,0.0324,0.561
110.921,79.989,-0.5067,-0.1918,0.3477,88.06,0.11,0.0,0.0294,0.561
111.021,80.225,-0.5067,-0.1918,0.3477,88.06,0.11,0.0,0.0311,0.561
111.121,80.339,-0.5067,-0.1918,0.3477,88.06,0.11,0.0,0.0348,0.561
111.221,80.457,-0.5067,-0.1918,0.3477,88.06,0.11,0.0,0.0337,0.561
111.321,80.587,-0.5067,-0.1918,0.3477,88.06,0.11,0.0,0.0339,0.561
111.434,80.703,-0.5067,-0.1918,0.3477,88.06,0.11,0.0,0.0323,0.561
111.524,80.823,-0.5067,-0.1918,0.3477,88.06,0.11,0.0,0.0335,0.561
111.624,80.945,-0.5067,-0.1918,0.3477,88.06,0.11,0.0,0.0358,0.561
111.721,81.061,-0.5067,-0.1918,0.3477,88.06,0.11,0.0,0.0354,0.561
111.821,81.271,-0.5067,-0.1918,0.3477,88.06,0.11,0.0,0.0375,0.561
111.921,81.51,-0.5067,-0.1918,0.3477,88.06,0.11,0.0,0.032,0.561
112.021,81.626,-0.5067,-0.1918,0.3477,88.06,0.11,0.0,0.0349,0.561
112.121,81.734,-0.5067,-0.1918,0.3477,88.06,0.11,0.0,0.0335,0.561
112.221,81.883,-0.5067,-0.1918,0.3477,88.06,0.11,0.0,0.0338,0.561
112.321,82.032,-0.5067,-0.1918,0.3477,88.06,0.11,0.0,0.0309,0.561
112.421,82.145,-0.5067,-0.1918,0.3477,88.06,0.11,0.0,0.0382,0.561
112.522,82.278,-0.5067,-0.1918,0.3477,88.06,0.11,0.0,0.0428,0.561
112.622,82.399,-0.5067,-0.1918,0.3477,88.06,0.11,0.0,0.0457,0.561
112.721,82.498,-0.5067,-0.1918,0.3477,88.06,0.11,0.0,0.043,0.561
112.821,82.611,-0.5067,-0.1918,0.3477,88.06,0.11,0.0,0.039,0.561
112.927,82.742,-0.5067,-0.1918,0.3477,88.06,0.11,0.0,0.0377,0.561
113.021,82.845,-0.5067,-0.1918,0.3477,88.06,0.11,0.0,0.036,0.561
113.121,82.966,-0.5067,-0.1918,0.3477,88.06,0.11,0.0,0.0349,0.561
113.221,83.093,-0.5067,-0.1918,0.3477,88.07,0.11,0.0,0.0337,0.561
113.327,83.229,-0.5067,-0.1918,0.3477,88.07,0.11,0.0,0.0323,0.561
113.421,83.342,-0.5067,-0.1918,0.3477,88.07,0.11,0.0,0.0308,0.561
113.525,83.462,-0.5067,-0.1918,0.3477,88.07,0.11,0.0,0.0325,0.561
113.621,83.577,-0.5067,-0.1918,0.3477,88.07,0.11,0.0,0.0286,0.561
113.721,83.692,-0.5067,-0.1918,0.3477,88.07,0.11,0.0,0.0286,0.561
113.821,83.846,-0.5067,-0.1918,0.3477,88.07,0.11,0.0,0.03,0.561
113.921,84.129,-0.5067,-0.1918,0.3477,88.07,0.11,0.0,0.0356,0.561
114.022,84.294,-0.5067,-0.1918,0.3477,88.07,0.11,0.0,0.0391,0.561
114.121,84.411,-0.5067,-0.1918,0.3477,88.07,0.11,0.0,0.0381,0.561
114.221,84.529,-0.5067,-0.1918,0.3477,88.07,0.11,0.0,0.0364,0.561
114.322,84.66,-0.5067,-0.1918,0.3477,88.07,0.11,0.0,0.0329,0.561
114.421,84.763,-0.5067,-0.1918,0.3477,88.07,0.11,0.0,0.034,0.561
114.521,84.884,-0.5067,-0.1918,0.3477,88.07,0.11,0.0,0.0356,0.561
114.621,85.0,-0.5067,-0.1918,0.3477,88.07,0.11,0.0,0.0348,0.561
114.721,85.108,-0.5067,-0.1918,0.3477,88.07,0.12,0.0,0.0319,0.561
114.821,85.224,-0.5067,-0.1918,0.3477,88.07,0.12,0.0,0.0302,0.561
114.921,85.361,-0.5067,-0.1918,0.3477,88.07,0.12,0.0,0.0285,0.561
115.024,85.482,-0.5067,-0.1918,0.3477,88.07,0.12,0.0,0.0358,0.561
115.123,85.591,-0.5067,-0.1918,0.3477,88.07,0.12,0.0,0.0388,0.561
115.223,85.716,-0.5067,-0.1918,0.3477,88.07,0.12,0.0,0.0428,0.561
115.321,85.829,-0.5066,-0.1918,0.3477,88.07,0.12,0.0,0.0412,0.561
115.421,85.946,-0.5066,-0.1918,0.3477,88.07,0.12,0.0,0.0425,0.561
115.521,86.279,-0.5066,-0.1918,0.3477,88.07,0.12,0.0,0.036,0.561
115.621,86.497,-0.5066,-0.1918,0.3477,88.07,0.12,0.0,0.0366,0.561
115.721,86.617,-0.5066,-0.1918,0.3477,88.07,0.12,0.0,0.033,0.561
115.821,86.732,-0.5066,-0.1918,0.3477,88.07,0.12,0.0,0.0328,0.561
115.922,86.85,-0.5066,-0.1918,0.3477,88.07,0.12,0.0,0.0319,0.561
116.024,86.98,-0.5066,-0.1917,0.3477,88.07,0.12,0.0,0.0272,0.561
116.122,87.098,-0.5066,-0.1917,0.3477,88.07,0.12,0.0,0.0289,0.561
116.224,87.214,-0.5066,-0.1917,0.3477,88.07,0.12,0.0,0.028,0.561
116.321,87.315,-0.5066,-0.1917,0.3477,88.07,0.12,0.0,0.0283,0.561
116.421,87.496,-0.5066,-0.1917,0.3477,88.07,0.12,0.0,0.0311,0.561
116.521,87.727,-0.5066,-0.1917,0.3477,88.07,0.12,0.0,0.0349,0.561
116.621,87.89,-0.5066,-0.1917,0.3477,88.07,0.12,0.0,0.0372,0.561
116.721,88.011,-0.5066,-0.1917,0.3477,88.07,0.12,0.0,0.0375,0.561
116.822,88.143,-0.5066,-0.1917,0.3477,88.07,0.12,0.0,0.0333,0.561
116.921,88.244,-0.5066,-0.1917,0.3477,88.07,0.12,0.0,0.0313,0.561
117.021,88.355,-0.5066,-0.1917,0.3477,88.07,0.12,0.0,0.0287,0.561
117.121,88.596,-0.5066,-0.1917,0.3477,88.07,0.12,0.0,0.0317,0.561
117.221,88.834,-0.5066,-0.1917,0.3477,88.07,0.12,0.0,0.0327,0.561
117.321,88.942,-0.5066,-0.1917,0.3477,88.07,0.12,0.0,0.0304,0.561
117.422,89.049,-0.5066,-0.1917,0.3477,88.07,0.12,0.0,0.029,0.561
117.521,89.154,-0.5066,-0.1917,0.3477,88.07,0.12,0.0,0.0301,0.561
117.624,89.271,-0.5066,-0.1917,0.3477,88.07,0.12,0.0,0.0287,0.561
117.726,89.385,-0.5066,-0.1917,0.3477,88.07,0.12,0.0,0.0314,0.561
117.821,89.479,-0.5066,-0.1917,0.3477,88.07,0.12,0.0,0.0336,0.561
117.922,89.606,-0.5066,-0.1917,0.3477,88.07,0.12,0.0,0.0351,0.561
118.026,89.716,-0.5066,-0.1917,0.3477,88.07,0.12,0.0,0.0364,0.561
118.121,89.819,-0.5066,-0.1917,0.3477,88.07,0.12,0.0,0.0385,0.561
118.221,89.931,-0.5066,-0.1917,0.3477,88.07,0.12,0.0,0.0361,0.561
118.321,90.107,-0.5066,-0.1917,0.3477,88.07,0.12,0.0,0.0362,0.561
118.421,90.232,-0.5066,-0.1917,0.3477,88.07,0.12,0.0,0.0354,0.561
118.521,90.365,-0.5066,-0.1917,0.3477,88.07,0.12,0.0,0.0358,0.561
118.621,90.487,-0.5066,-0.1917,0.3477,88.07,0.12,0.0,0.0382,0.561
118.721,90.611,-0.5066,-0.1917,0.3477,88.07,0.12,0.0,0.0364,0.561
118.823,90.731,-0.5066,-0.1917,0.3477,88.07,0.12,0.0,0.0376,0.561
118.932,90.842,-0.5066,-0.1917,0.3477,88.07,0.12,0.0,0.0392,0.561
119.021,90.948,-0.5066,-0.1917,0.3477,88.07,0.12,0.0,0.0409,0.561
119.121,91.061,-0.5066,-0.1917,0.3477,88.07,0.12,0.0,0.0407,0.561
119.221,91.278,-0.5066,-0.1917,0.3477,88.07,0.12,0.0,0.0395,0.561
119.321,91.445,-0.5066,-0.1917,0.3477,88.07,0.12,0.0,0.0374,0.561
119.421,91.588,-0.5066,-0.1917,0.3477,88.07,0.12,0.0,0.036,0.561
119.521,91.891,-0.5066,-0.1917,0.3477,88.07,0.12,0.0,0.0278,0.561
119.621,92.138,-0.5066,-0.1917,0.3477,88.07,0.12,0.0,0.0317,0.561
119.721,92.292,-0.5066,-0.1917,0.3477,88.07,0.12,0.0,0.0323,0.561
119.821,92.4,-0.5066,-0.1917,0.3477,88.07,0.12,0.0,0.033,0.561
119.922,92.52,-0.5066,-0.1917,0.3477,88.07,0.12,0.0,0.0338,0.561
120.024,92.624,-0.5066,-0.1917,0.3477,88.07,0.12,0.0,0.0368,0.561
120.121,92.72,-0.5066,-0.1917,0.3477,88.07,0.12,0.0,0.0344,0.561
120.221,92.869,-0.5066,-0.1917,0.3477,88.07,0.12,0.0,0.0328,0.561
120.321,92.981,-0.5066,-0.1917,0.3477,88.07,0.12,0.0,0.0375,0.561
120.421,93.087,-0.5066,-0.1917,0.3477,88.07,0.12,0.0,0.0383,0.561
120.53,93.212,-0.5066,-0.1917,0.3477,88.07,0.12,0.0,0.0382,0.561
120.628,93.317,-0.5066,-0.1917,0.3477,88.07,0.12,0.0,0.0373,0.561
120.724,93.435,-0.5066,-0.1917,0.3477,88.07,0.12,0.0,0.042,0.561
120.821,93.531,-0.5066,-0.1917,0.3477,88.07,0.12,0.0,0.0393,0.561
120.921,93.747,-0.5066,-0.1917,0.3477,88.07,0.12,0.0,0.0365,0.561
121.021,93.906,-0.5066,-0.1917,0.3477,88.07,0.12,0.0,0.0307,0.561
121.121,94.017,-0.5066,-0.1917,0.3477,88.07,0.12,0.0,0.0283,0.561
121.221,94.155,-0.5066,-0.1917,0.3477,88.07,0.12,0.0,0.0287,0.561
121.325,94.308,-0.5066,-0.1917,0.3477,88.07,0.12,0.0,0.0287,0.561
121.421,94.406,-0.5066,-0.1917,0.3477,88.07,0.12,0.0,0.0346,0.561
121.525,94.526,-0.5066,-0.1917,0.3477,88.07,0.12,0.0,0.0342,0.561
121.621,94.62,-0.5066,-0.1917,0.3477,88.07,0.12,0.0,0.0364,0.561
121.721,94.881,-0.5066,-0.1917,0.3477,88.07,0.12,0.0,0.0324,0.561
121.821,95.085,-0.5066,-0.1917,0.3477,88.07,0.12,0.0,0.0377,0.561
121.921,95.21,-0.5066,-0.1917,0.3477,88.07,0.12,0.0,0.0411,0.561
122.021,95.314,-0.5066,-0.1917,0.3477,88.07,0.12,0.0,0.0391,0.561
122.121,95.426,-0.5066,-0.1917,0.3477,88.07,0.12,0.0,0.0385,0.561
122.225,95.545,-0.5066,-0.1917,0.3477,88.07,0.12,0.0,0.0401,0.561
122.321,95.644,-0.5066,-0.1917,0.3477,88.07,0.12,0.0,0.0411,0.561
122.424,95.763,-0.5066,-0.1917,0.3477,88.07,0.12,0.0,0.0401,0.561
122.524,95.878,-0.5066,-0.1917,0.3477,88.07,0.12,0.0,0.0395,0.561
122.626,95.993,-0.5066,-0.1917,0.3477,88.07,0.12,0.0,0.0421,0.561
122.721,96.093,-0.5066,-0.1917,0.3477,88.07,0.12,0.0,0.0398,0.561
122.821,96.208,-0.5066,-0.1917,0.3477,88.07,0.12,0.0,0.0377,0.561
122.922,96.338,-0.5066,-0.1917,0.3477,88.07,0.12,0.0,0.0352,0.561
123.021,96.435,-0.5066,-0.1917,0.3477,88.07,0.12,0.0,0.0303,0.561
123.121,96.55,-0.5066,-0.1917,0.3477,88.07,0.12,0.0,0.0302,0.561
123.222,96.72,-0.5066,-0.1917,0.3477,88.07,0.12,0.0,0.0345,0.561
123.321,97.009,-0.5066,-0.1917,0.3477,88.07,0.12,0.0,0.0349,0.561
123.421,97.274,-0.5066,-0.1917,0.3477,88.07,0.12,0.0,0.0365,0.561
123.521,97.409,-0.5066,-0.1917,0.3477,88.07,0.12,0.0,0.0354,0.561
123.621,97.573,-0.5066,-0.1917,0.3477,88.07,0.12,0.0,0.0342,0.561
123.721,97.716,-0.5066,-0.1917,0.3477,88.07,0.12,0.0,0.0329,0.561
123.821,97.824,-0.5066,-0.1917,0.3477,88.07,0.12,0.0,0.0341,0.561
123.924,97.979,-0.5066,-0.1917,0.3477,88.07,0.12,0.0,0.0313,0.561
124.021,98.083,-0.5066,-0.1917,0.3477,88.07,0.12,0.0,0.0337,0.561
124.121,98.2,-0.5066,-0.1917,0.3477,88.07,0.12,0.0,0.0362,0.561
124.222,98.314,-0.5066,-0.1917,0.3477,88.07,0.12,0.0,0.0347,0.561
124.321,98.416,-0.5066,-0.1917,0.3477,88.07,0.12,0.0,0.0345,0.561
124.421,98.593,-0.5066,-0.1917,0.3477,88.07,0.12,0.0,0.0308,0.561
124.522,98.754,-0.5066,-0.1917,0.3477,88.07,0.12,0.0,0.0293,0.561
124.625,98.871,-0.5066,-0.1917,0.3477,88.07,0.12,0.0,0.032,0.561
124.721,98.982,-0.5066,-0.1917,0.3477,88.07,0.12,0.0,0.0321,0.561
124.821,99.092,-0.5066,-0.1917,0.3477,88.07,0.12,0.0,0.0332,0.561
124.922,99.214,-0.5066,-0.1917,0.3477,88.07,0.12,0.0,0.0329,0.561
125.022,99.326,-0.5066,-0.1917,0.3477,88.07,0.12,0.0,0.0288,0.561
125.121,99.431,-0.5066,-0.1917,0.3477,88.07,0.12,0.0,0.0294,0.561
125.221,99.557,-0.5066,-0.1917,0.3477,88.07,0.12,0.0,0.0332,0.561
125.321,99.832,-0.5066,-0.1917,0.3477,88.07,0.12,0.0,0.0356,0.561
125.421,100.068,-0.5066,-0.1917,0.3477,88.07,0.12,0.0,0.0318,0.561
125.521,100.253,-0.5066,-0.1917,0.3477,88.07,0.12,0.0,0.0328,0.561
125.621,100.371,-0.5066,-0.1917,0.3477,88.07,0.12,0.0,0.024,0.561
125.721,100.48,-0.5066,-0.1917,0.3477,88.07,0.12,0.0,0.0251,0.561
125.821,100.653,-0.5066,-0.1917,0.3478,88.07,0.12,0.0,0.027,0.561
125.921,100.787,-0.5066,-0.1917,0.3478,88.07,0.12,0.0,0.0311,0.561
126.021,100.909,-0.5066,-0.1917,0.3478,88.07,0.12,0.0,0.0317,0.561
126.121,101.017,-0.5066,-0.1917,0.3478,88.07,0.12,0.0,0.0318,0.561
126.222,101.127,-0.5066,-0.1917,0.3478,88.07,0.12,0.0,0.03,0.561
126.321,101.238,-0.5066,-0.1917,0.3478,88.07,0.12,0.0,0.0315,0.561
126.421,101.357,-0.5066,-0.1917,0.3478,88.07,0.12,0.0,0.0343,0.561
126.521,101.46,-0.5066,-0.1917,0.3478,88.07,0.12,0.0,0.0335,0.561
126.621,101.57,-0.5066,-0.1917,0.3478,88.07,0.13,0.0,0.0344,0.561
126.721,101.68,-0.5066,-0.1917,0.3478,88.06,0.13,0.0,0.0314,0.561
126.821,101.872,-0.5066,-0.1917,0.3478,88.07,0.13,0.0,0.0334,0.561
126.922,102.01,-0.5066,-0.1917,0.3478,88.07,0.13,0.0,0.0386,0.561
127.021,102.102,-0.5066,-0.1917,0.3478,88.07,0.13,0.0,0.0437,0.561
127.122,102.236,-0.5066,-0.1917,0.3478,88.07,0.13,0.0,0.0442,0.561
127.223,102.352,-0.5066,-0.1917,0.3478,88.07,0.13,0.0,0.0428,0.561
127.321,102.452,-0.5066,-0.1916,0.3479,88.05,0.13,0.0,0.034,0.561
127.426,102.581,-0.5067,-0.1916,0.3479,88.08,0.14,0.0,0.034,0.561
127.521,102.681,-0.5067,-0.1916,0.3479,88.08,0.14,0.0,0.0314,0.561
127.624,102.817,-0.5067,-0.1916,0.3479,88.08,0.14,0.0,0.0,0.561
127.721,102.918,-0.5067,-0.1916,0.3479,88.08,0.14,0.0,0.0,0.561
127.821,103.033,-0.5067,-0.1916,0.3479,88.08,0.14,0.0,0.0014,0.561
127.921,103.151,-0.5067,-0.1916,0.3479,88.08,0.14,0.0,0.0034,0.561
128.022,103.289,-0.5067,-0.1916,0.3479,88.08,0.14,0.0,0.0068,0.561
128.121,103.39,-0.5067,-0.1916,0.3479,88.08,0.14,0.0,0.0065,0.561
128.222,103.522,-0.5067,-0.1916,0.3479,88.08,0.14,0.0,0.013,0.561
128.321,103.63,-0.5067,-0.1916,0.3479,88.08,0.14,0.0,0.0112,0.561
128.421,103.746,-0.5067,-0.1916,0.3479,88.08,0.14,0.0,0.0101,0.561
128.521,104.014,-0.5067,-0.1916,0.3479,88.08,0.14,0.0,0.015,0.561
128.621,104.222,-0.5067,-0.1916,0.3479,88.08,0.14,0.0,0.0184,0.561
128.721,104.334,-0.5067,-0.1916,0.3479,88.08,0.14,0.0,0.019,0.561
128.826,104.462,-0.5067,-0.1916,0.3479,88.08,0.14,0.0,0.0187,0.561
128.924,104.573,-0.5067,-0.1916,0.3479,88.08,0.14,0.0,0.021,0.561
129.021,104.677,-0.5067,-0.1916,0.3479,88.08,0.14,0.0,0.0204,0.561
129.121,104.841,-0.5067,-0.1916,0.3479,88.08,0.14,0.0,0.0186,0.561
129.221,105.083,-0.5067,-0.1916,0.3479,88.08,0.14,0.0,0.0244,0.561
129.321,105.245,-0.5067,-0.1916,0.3479,88.08,0.14,0.0,0.0252,0.561
129.421,105.355,-0.5067,-0.1916,0.3479,88.08,0.14,0.0,0.0241,0.561
129.522,105.487,-0.5067,-0.1916,0.3479,88.08,0.14,0.0,0.0258,0.561
129.625,105.604,-0.5067,-0.1916,0.3479,88.08,0.14,0.0,0.028,0.561
129.721,105.707,-0.5067,-0.1916,0.3479,88.08,0.14,0.0,0.0303,0.561
129.821,105.825,-0.5067,-0.1916,0.3479,88.08,0.14,0.0,0.0253,0.561
129.921,106.021,-0.5067,-0.1916,0.3479,88.08,0.14,0.0,0.0243,0.561
130.021,106.378,-0.5067,-0.1916,0.3479,88.08,0.14,0.0,0.0242,0.561
130.121,106.485,-0.5067,-0.1916,0.3479,88.08,0.14,0.0,0.0254,0.561
130.221,106.594,-0.5067,-0.1916,0.3479,88.08,0.14,0.0,0.0246,0.561
130.321,106.702,-0.5067,-0.1916,0.3479,88.08,0.14,0.0,0.026,0.561
130.421,106.812,-0.5067,-0.1916,0.3479,88.08,0.14,0.0,0.0323,0.561
130.521,106.92,-0.5067,-0.1916,0.3479,88.08,0.14,0.0,0.0314,0.561
130.621,107.038,-0.5067,-0.1916,0.3479,88.08,0.14,0.0,0.0287,0.561
130.721,107.149,-0.5067,-0.1916,0.3479,88.08,0.14,0.0,0.0297,0.561
130.821,107.255,-0.5067,-0.1916,0.3479,88.08,0.14,0.0,0.031,0.561
130.921,107.369,-0.5067,-0.1916,0.3479,88.08,0.14,0.0,0.0351,0.561
131.024,107.489,-0.5067,-0.1916,0.3479,88.08,0.14,0.0,0.0353,0.561
131.121,107.598,-0.5067,-0.1916,0.3479,88.08,0.14,0.0,0.0359,0.561
131.221,107.708,-0.5067,-0.1916,0.3479,88.08,0.14,0.0,0.0354,0.561
131.321,108.045,-0.5067,-0.1916,0.3479,88.08,0.14,0.0,0.0336,0.561
131.421,108.246,-0.5067,-0.1916,0.3479,88.08,0.14,0.0,0.037,0.561
131.521,108.394,-0.5067,-0.1916,0.3479,88.08,0.14,0.0,0.0372,0.561
131.621,108.501,-0.5067,-0.1916,0.3479,88.08,0.14,0.0,0.0376,0.561
131.728,108.628,-0.5067,-0.1916,0.3479,88.08,0.14,0.0,0.0406,0.561
131.821,108.725,-0.5067,-0.1916,0.3479,88.08,0.14,0.0,0.0371,0.561
131.923,108.845,-0.5067,-0.1916,0.3479,88.08,0.14,0.0,0.0338,0.561
132.021,108.939,-0.5067,-0.1916,0.3479,88.08,0.14,0.0,0.0334,0.561
132.122,109.062,-0.5067,-0.1916,0.3479,88.08,0.14,0.0,0.0244,0.561
132.221,109.182,-0.5066,-0.1916,0.3479,88.08,0.14,0.0,0.0254,0.561
132.324,109.31,-0.5066,-0.1916,0.3479,88.08,0.14,0.0,0.0276,0.561
132.421,109.401,-0.5066,-0.1916,0.3479,88.08,0.14,0.0,0.029,0.561
132.521,109.513,-0.5066,-0.1916,0.3479,88.08,0.14,0.0,0.0261,0.561
132.623,109.639,-0.5066,-0.1916,0.3479,88.08,0.14,0.0,0.031,0.561
132.721,109.738,-0.5066,-0.1916,0.3479,88.08,0.14,0.0,0.0318,0.561
132.821,110.045,-0.5066,-0.1916,0.3479,88.08,0.14,0.0,0.031,0.561
132.921,110.267,-0.5066,-0.1916,0.3479,88.08,0.14,0.0,0.0293,0.561
133.021,110.408,-0.5066,-0.1916,0.3479,88.08,0.14,0.0,0.0293,0.561
133.121,110.517,-0.5066,-0.1916,0.3479,88.08,0.14,0.0,0.0353,0.561
133.221,110.628,-0.5066,-0.1916,0.3479,88.08,0.14,0.0,0.0312,0.561
133.321,110.735,-0.5066,-0.1916,0.3479,88.08,0.14,0.0,0.0316,0.561
133.425,110.862,-0.5066,-0.1916,0.3479,88.08,0.14,0.0,0.0328,0.561
133.521,110.965,-0.5066,-0.1916,0.3479,88.08,0.14,0.0,0.0286,0.561
133.622,111.089,-0.5066,-0.1916,0.3479,88.08,0.14,0.0,0.0259,0.561
133.724,111.208,-0.5066,-0.1916,0.3479,88.08,0.14,0.0,0.0266,0.561
133.821,111.3,-0.5066,-0.1916,0.3479,88.08,0.14,0.0,0.0319,0.561
133.921,111.467,-0.5066,-0.1916,0.3479,88.08,0.14,0.0,0.0361,0.561
134.021,111.607,-0.5066,-0.1916,0.3479,88.08,0.14,0.0,0.0361,0.561
134.121,111.72,-0.5066,-0.1916,0.3479,88.08,0.14,0.0,0.0351,0.561
134.225,111.852,-0.5066,-0.1916,0.3479,88.08,0.14,0.0,0.0378,0.561
134.321,111.951,-0.5066,-0.1916,0.3479,88.08,0.14,0.0,0.0344,0.561
134.422,112.084,-0.5066,-0.1916,0.3479,88.08,0.14,0.0,0.0331,0.561
134.521,112.181,-0.5066,-0.1916,0.3479,88.08,0.14,0.0,0.0291,0.561
134.621,112.291,-0.5066,-0.1916,0.3479,88.08,0.14,0.0,0.0297,0.561
134.721,112.576,-0.5066,-0.1916,0.3479,88.08,0.14,0.0,0.0371,0.561
134.821,112.858,-0.5066,-0.1916,0.3479,88.08,0.14,0.0,0.0348,0.561
134.921,113.022,-0.5066,-0.1916,0.3479,88.08,0.14,0.0,0.0348,0.561
135.021,113.187,-0.5066,-0.1916,0.3479,88.08,0.14,0.0,0.0335,0.561
135.129,113.308,-0.5066,-0.1916,0.3479,88.08,0.14,0.0,0.0332,0.561
135.224,113.411,-0.5066,-0.1916,0.3479,88.08,0.14,0.0,0.0316,0.561
135.321,113.53,-0.5066,-0.1916,0.3479,88.08,0.14,0.0,0.033,0.561
135.421,113.632,-0.5066,-0.1916,0.3479,88.08,0.14,0.0,0.0324,0.561
135.522,113.737,-0.5066,-0.1916,0.3479,88.08,0.14,0.0,0.0321,0.561
135.621,113.931,-0.5066,-0.1916,0.3479,88.08,0.14,0.0,0.0301,0.561
135.721,114.094,-0.5066,-0.1916,0.3479,88.08,0.14,0.0,0.0315,0.561
135.821,114.205,-0.5066,-0.1916,0.3479,88.08,0.14,0.0,0.0332,0.561
135.921,114.321,-0.5066,-0.1916,0.3479,88.08,0.14,0.0,0.031,0.561
136.024,114.45,-0.5066,-0.1916,0.3479,88.08,0.14,0.0,0.0318,0.561
136.121,114.553,-0.5066,-0.1916,0.3479,88.08,0.14,0.0,0.0348,0.561
136.225,114.692,-0.5066,-0.1916,0.3479,88.08,0.14,0.0,0.0368,0.561
136.321,114.797,-0.5066,-0.1916,0.3479,88.08,0.14,0.0,0.0367,0.561
136.421,114.912,-0.5066,-0.1916,0.3479,88.08,0.14,0.0,0.0365,0.561
136.521,115.03,-0.5066,-0.1916,0.3479,88.08,0.14,0.0,0.0379,0.561
136.621,115.151,-0.5066,-0.1916,0.3479,88.08,0.14,0.0,0.0397,0.561
136.722,115.273,-0.5066,-0.1916,0.3479,88.08,0.14,0.0,0.0419,0.561
136.821,115.385,-0.5066,-0.1916,0.3479,88.08,0.14,0.0,0.0396,0.561
136.921,115.512,-0.5066,-0.1916,0.3479,88.08,0.14,0.0,0.042,0.561
137.026,115.655,-0.5066,-0.1916,0.3479,88.08,0.14,0.0,0.041,0.561
137.121,115.749,-0.5066,-0.1916,0.3479,88.08,0.14,0.0,0.04,0.561
137.221,115.883,-0.5066,-0.1916,0.3479,88.08,0.14,0.0,0.0357,0.561
137.327,116.026,-0.5066,-0.1916,0.3479,88.08,0.14,0.0,0.0338,0.561
137.421,116.146,-0.5066,-0.1916,0.3479,88.08,0.14,0.0,0.0349,0.561
137.521,116.277,-0.5066,-0.1916,0.3479,88.08,0.14,0.0,0.0368,0.561
137.621,116.395,-0.5066,-0.1916,0.3479,88.08,0.14,0.0,0.0345,0.561
137.721,116.622,-0.5066,-0.1916,0.3479,88.08,0.14,0.0,0.0325,0.561
137.821,116.954,-0.5066,-0.1916,0.3479,88.08,0.14,0.0,0.0348,0.561
137.921,117.126,-0.5066,-0.1916,0.3479,88.08,0.14,0.0,0.0358,0.561
138.021,117.24,-0.5066,-0.1916,0.3479,88.08,0.14,0.0,0.0329,0.561
138.122,117.353,-0.5066,-0.1916,0.3479,88.08,0.14,0.0,0.0274,0.561
138.221,117.465,-0.5066,-0.1916,0.3479,88.08,0.14,0.0,0.0273,0.561
138.321,117.577,-0.5066,-0.1916,0.3479,88.08,0.14,0.0,0.0257,0.561
138.423,117.712,-0.5066,-0.1916,0.3479,88.08,0.14,0.0,0.0282,0.561
138.523,117.823,-0.5066,-0.1916,0.3479,88.08,0.14,0.0,0.0303,0.561
138.621,117.918,-0.5066,-0.1916,0.3479,88.08,0.14,0.0,0.0318,0.561
138.722,118.109,-0.5066,-0.1916,0.3479,88.08,0.14,0.0,0.0328,0.561
138.821,118.356,-0.5066,-0.1916,0.3479,88.08,0.14,0.0,0.0317,0.561
138.921,118.573,-0.5066,-0.1916,0.3479,88.08,0.14,0.0,0.0351,0.561
139.021,118.697,-0.5066,-0.1916,0.3479,88.08,0.14,0.0,0.0351,0.561
139.121,118.807,-0.5066,-0.1916,0.3479,88.08,0.14,0.0,0.0356,0.561
139.223,118.922,-0.5066,-0.1916,0.3479,88.08,0.14,0.0,0.0351,0.561
139.321,119.026,-0.5066,-0.1916,0.3479,88.08,0.14,0.0,0.0318,0.561
139.425,119.149,-0.5066,-0.1916,0.3479,88.08,0.14,0.0,0.034,0.561
139.522,119.267,-0.5066,-0.1916,0.3479,88.08,0.14,0.0,0.0346,0.561
139.621,119.362,-0.5066,-0.1916,0.3479,88.08,0.14,0.0,0.0292,0.561
139.721,119.584,-0.5066,-0.1916,0.3479,88.08,0.14,0.0,0.0346,0.561
139.821,119.851,-0.5066,-0.1916,0.3479,88.08,0.14,0.0,0.0317,0.561
139.921,120.013,-0.5066,-0.1916,0.3479,88.08,0.14,0.0,0.0333,0.561
140.021,120.119,-0.5066,-0.1916,0.3479,88.08,0.14,0.0,0.0294,0.561
140.124,120.238,-0.5066,-0.1916,0.3479,88.08,0.14,0.0,0.0258,0.561
140.221,120.331,-0.5066,-0.1916,0.3479,88.08,0.14,0.0,0.0263,0.561
140.321,120.457,-0.5066,-0.1916,0.3479,88.08,0.14,0.0,0.0251,0.561
140.421,120.555,-0.5066,-0.1916,0.3479,88.08,0.14,0.0,0.0249,0.561
140.521,120.772,-0.5066,-0.1916,0.3479,88.08,0.14,0.0,0.0295,0.561
140.621,120.949,-0.5066,-0.1916,0.3479,88.08,0.14,0.0,0.0301,0.561
140.721,121.117,-0.5066,-0.1916,0.3479,88.08,0.14,0.0,0.0316,0.561
140.821,121.232,-0.5066,-0.1916,0.3479,88.08,0.14,0.0,0.0286,0.561
140.921,121.353,-0.5066,-0.1916,0.3479,88.08,0.14,0.0,0.0307,0.561
141.021,121.452,-0.5066,-0.1916,0.3479,88.08,0.14,0.0,0.0268,0.561
141.121,121.564,-0.5066,-0.1916,0.3479,88.08,0.14,0.0,0.0262,0.561
141.221,121.669,-0.5066,-0.1916,0.3479,88.08,0.14,0.0,0.0318,0.561
141.321,121.778,-0.5066,-0.1916,0.3479,88.08,0.14,0.0,0.0307,0.561
141.421,121.886,-0.5066,-0.1916,0.3479,88.08,0.14,0.0,0.0297,0.561
141.521,122.001,-0.5066,-0.1916,0.3479,88.08,0.14,0.0,0.0291,0.561
141.621,122.122,-0.5066,-0.1916,0.3479,88.08,0.14,0.0,0.0335,0.561
141.721,122.237,-0.5066,-0.1916,0.3479,88.08,0.14,0.0,0.0336,0.561
141.827,122.351,-0.5066,-0.1916,0.3479,88.08,0.14,0.0,0.0306,0.561
141.921,122.45,-0.5066,-0.1916,0.3479,88.08,0.14,0.0,0.0303,0.561
142.021,122.569,-0.5066,-0.1916,0.3479,88.08,0.14,0.0,0.0291,0.561
142.121,122.703,-0.5066,-0.1916,0.3479,88.08,0.14,0.0,0.0265,0.561
142.221,122.87,-0.5066,-0.1916,0.3479,88.08,0.14,0.0,0.0261,0.561
142.321,123.026,-0.5066,-0.1916,0.3479,88.08,0.14,0.0,0.0268,0.561
142.421,123.136,-0.5066,-0.1916,0.3479,88.08,0.14,0.0,0.0252,0.561
142.521,123.247,-0.5066,-0.1916,0.3479,88.08,0.14,0.0,0.0277,0.561
142.623,123.364,-0.5066,-0.1916,0.3479,88.08,0.14,0.0,0.0293,0.561
142.721,123.467,-0.5066,-0.1916,0.3479,88.08,0.14,0.0,0.0279,0.561
142.826,123.6,-0.5066,-0.1916,0.3479,88.08,0.14,0.0,0.0271,0.561
142.921,123.696,-0.5066,-0.1916,0.3479,88.08,0.14,0.0,0.0286,0.561
143.021,123.9,-0.5066,-0.1916,0.3479,88.08,0.14,0.0,0.0322,0.561
143.121,124.106,-0.5066,-0.1916,0.3479,88.08,0.14,0.0,0.0331,0.561
143.221,124.307,-0.5066,-0.1916,0.3479,88.08,0.14,0.0,0.0299,0.561
143.321,124.418,-0.5066,-0.1916,0.3479,88.08,0.14,0.0,0.0289,0.561
143.421,124.599,-0.5066,-0.1916,0.3479,88.08,0.14,0.0,0.0362,0.561
143.521,124.712,-0.5066,-0.1916,0.3479,88.08,0.14,0.0,0.0362,0.561
143.621,124.849,-0.5066,-0.1916,0.3479,88.08,0.14,0.0,0.0325,0.561
143.725,124.954,-0.5066,-0.1916,0.3479,88.08,0.14,0.0,0.0314,0.561
143.821,125.053,-0.5066,-0.1916,0.3479,88.08,0.14,0.0,0.0332,0.561
143.921,125.161,-0.5066,-0.1916,0.3479,88.08,0.14,0.0,0.0358,0.561
144.026,125.254,-0.5066,-0.1916,0.3479,88.08,0.14,0.0,0.0392,0.561
144.122,125.357,-0.5066,-0.1916,0.3479,88.08,0.14,0.0,0.0348,0.561
144.221,125.449,-0.5066,-0.1916,0.3479,88.08,0.14,0.0,0.0362,0.561
144.324,125.554,-0.5066,-0.1916,0.3479,88.08,0.14,0.0,0.035,0.561
144.423,125.657,-0.5066,-0.1916,0.3479,88.08,0.14,0.0,0.033,0.561
144.525,125.757,-0.5066,-0.1916,0.3479,88.08,0.14,0.0,0.032,0.561
144.623,125.855,-0.5066,-0.1916,0.3479,88.08,0.14,0.0,0.0297,0.561
144.725,125.961,-0.5066,-0.1916,0.3479,88.08,0.14,0.0,0.0322,0.561
144.821,126.051,-0.5066,-0.1916,0.3479,88.08,0.14,0.0,0.0346,0.561
144.921,126.163,-0.5066,-0.1916,0.3479,88.08,0.14,0.0,0.0367,0.561
145.021,126.249,-0.5066,-0.1916,0.3479,88.08,0.14,0.0,0.0351,0.561
145.121,126.364,-0.5066,-0.1916,0.3479,88.08,0.14,0.0,0.0345,0.561
145.224,126.456,-0.5066,-0.1916,0.3479,88.08,0.14,0.0,0.0295,0.561
145.329,126.559,-0.5066,-0.1916,0.3479,88.08,0.14,0.0,0.0306,0.561
145.421,126.655,-0.5066,-0.1916,0.3479,88.08,0.14,0.0,0.0364,0.561
145.521,126.757,-0.5066,-0.1916,0.3479,88.08,0.14,0.0,0.0333,0.561
145.621,126.851,-0.5066,-0.1916,0.3479,88.08,0.14,0.0,0.028,0.561
145.723,126.962,-0.5066,-0.1916,0.3479,88.08,0.14,0.0,0.0293,0.561
145.822,127.057,-0.5066,-0.1916,0.3479,88.08,0.14,0.0,0.0277,0.561
145.921,127.159,-0.5066,-0.1916,0.3479,88.08,0.14,0.0,0.0294,0.561
146.022,127.265,-0.5066,-0.1916,0.3479,88.08,0.14,0.0,0.0304,0.561
146.121,127.358,-0.5066,-0.1916,0.3479,88.08,0.14,0.0,0.0294,0.561
146.221,127.452,-0.5066,-0.1916,0.3479,88.08,0.14,0.0,0.0295,0.561
146.321,127.552,-0.5066,-0.1916,0.3479,88.08,0.14,0.0,0.0322,0.561
146.421,127.651,-0.5066,-0.1916,0.3479,88.08,0.14,0.0,0.0318,0.561
146.523,127.762,-0.5066,-0.1916,0.3479,88.08,0.14,0.0,0.0338,0.561
146.622,127.857,-0.5066,-0.1916,0.3479,88.08,0.14,0.0,0.0299,0.561
146.724,127.96,-0.5066,-0.1916,0.3479,88.08,0.14,0.0,0.0327,0.561
146.823,128.062,-0.5066,-0.1916,0.3479,88.08,0.14,0.0,0.0318,0.561
146.921,128.164,-0.5066,-0.1916,0.3479,88.08,0.14,0.0,0.0336,0.561
147.021,128.257,-0.5066,-0.1916,0.3479,88.08,0.14,0.0,0.0343,0.561
147.122,128.363,-0.5066,-0.1916,0.3479,88.08,0.14,0.0,0.0367,0.561
147.223,128.455,-0.5066,-0.1916,0.3479,88.07,0.14,0.0,0.035,0.561
147.322,128.563,-0.5066,-0.1916,0.3479,88.07,0.14,0.0,0.0394,0.561
147.421,128.664,-0.5066,-0.1916,0.3479,88.07,0.14,0.0,0.0364,0.561
147.522,128.762,-0.5066,-0.1916,0.3479,88.07,0.14,0.0,0.0367,0.561
147.621,128.852,-0.5066,-0.1916,0.3479,88.07,0.14,0.0,0.036,0.561
147.721,128.959,-0.5066,-0.1916,0.3479,88.07,0.14,0.0,0.0305,0.561
147.821,129.062,-0.5066,-0.1916,0.3479,88.06,0.14,0.0,0.0308,0.561
147.921,129.153,-0.5067,-0.1916,0.348,88.07,0.14,0.0,0.0346,0.561
148.022,129.255,-0.5067,-0.1916,0.3481,88.09,0.14,0.0,0.0375,0.561
148.121,129.353,-0.5067,-0.1915,0.3482,88.09,0.15,0.0,0.0376,0.561
148.222,129.459,-0.5067,-0.1915,0.3483,88.06,0.15,0.0,0.0377,0.561
148.321,129.56,-0.5067,-0.1915,0.3483,88.09,0.15,0.0,0.0426,0.561
148.423,129.662,-0.5068,-0.1915,0.3484,88.1,0.15,0.0,0.0386,0.561
148.521,129.759,-0.5067,-0.1915,0.3485,88.07,0.16,0.0,0.0358,0.561
148.621,129.86,-0.5068,-0.1915,0.3486,88.12,0.16,0.0,0.0373,0.561
148.721,129.967,-0.5068,-0.1915,0.3488,88.02,0.16,0.0,0.0352,0.561
148.829,130.064,-0.5068,-0.1915,0.3489,88.05,0.17,0.0,0.0386,0.56
148.932,130.167,-0.5069,-0.1915,0.349,88.1,0.17,0.0,0.0351,0.561
149.021,130.272,-0.5069,-0.1915,0.3492,88.21,0.18,0.0,0.0342,0.561
149.122,130.365,-0.507,-0.1915,0.3494,88.24,0.18,0.0,0.0374,0.561
149.223,130.462,-0.507,-0.1914,0.3495,88.29,0.19,0.0,0.033,0.56
149.321,130.564,-0.5068,-0.1914,0.3497,88.16,0.19,0.0,0.0323,0.559
149.421,130.666,-0.5068,-0.1915,0.3498,88.12,0.19,0.0,0.0368,0.56
149.523,130.761,-0.5067,-0.1915,0.35,88.02,0.19,0.0,0.0422,0.561
149.621,130.868,-0.5068,-0.1915,0.3501,88.21,0.19,0.0,0.0427,0.56
149.722,130.966,-0.5067,-0.1916,0.3503,87.94,0.19,0.0,0.0368,0.56
149.821,131.069,-0.5066,-0.1916,0.3505,87.9,0.19,0.0,0.0371,0.56
149.924,131.162,-0.5066,-0.1917,0.3506,87.78,0.19,0.0,0.0445,0.56
150.021,131.266,-0.5067,-0.1917,0.3508,88.02,0.19,0.0,0.0422,0.561
150.123,131.372,-0.5069,-0.1917,0.3509,88.13,0.2,0.0,0.0484,0.561
150.222,131.462,-0.5069,-0.1918,0.351,88.14,0.2,0.0,0.0456,0.561
150.321,131.559,-0.5069,-0.1918,0.3511,88.19,0.2,0.0,0.0387,0.56
150.422,131.667,-0.507,-0.1918,0.3512,88.36,0.2,0.0,0.0377,0.56
150.523,131.763,-0.5069,-0.1918,0.3513,88.37,0.2,0.0,0.0328,0.56
150.622,131.87,-0.507,-0.1919,0.3514,88.46,0.21,0.0,0.0368,0.56
150.725,131.963,-0.5069,-0.1918,0.3515,88.33,0.2,0.0,0.0282,0.56
150.825,132.065,-0.5067,-0.1918,0.3516,88.0,0.2,0.0,0.0233,0.56
150.921,132.171,-0.5066,-0.1917,0.3517,87.99,0.2,0.0,0.0216,0.561
151.023,132.264,-0.5067,-0.1918,0.3517,88.0,0.2,0.0,0.0307,0.561
151.121,132.367,-0.5066,-0.1918,0.3518,87.94,0.2,0.0,0.0276,0.561
151.227,132.467,-0.5066,-0.1918,0.3518,87.85,0.2,0.0,0.0323,0.561
151.321,132.566,-0.5067,-0.1918,0.3519,87.96,0.2,0.0,0.0348,0.561
151.422,132.669,-0.5068,-0.1919,0.3519,88.16,0.21,0.0,0.0406,0.561
151.522,132.776,-0.5069,-0.1919,0.352,88.17,0.21,0.0,0.0382,0.56
151.625,132.869,-0.5069,-0.1919,0.352,88.13,0.21,0.0,0.0272,0.56
151.722,132.966,-0.5067,-0.1919,0.3521,87.99,0.2,0.0,0.0227,0.561
151.823,133.071,-0.5068,-0.1919,0.3521,88.09,0.21,0.0,0.0342,0.561
151.921,133.168,-0.5067,-0.1919,0.3522,88.03,0.2,0.0,0.0276,0.561
152.023,133.269,-0.5068,-0.1919,0.3522,88.08,0.21,0.0,0.0292,0.561
152.122,133.368,-0.5069,-0.192,0.3522,88.15,0.21,0.0,0.0302,0.561
152.226,133.468,-0.5068,-0.1919,0.3522,88.07,0.2,0.0,0.0292,0.56
152.322,133.563,-0.5068,-0.1919,0.3523,88.05,0.2,0.0,0.0357,0.561
152.434,133.673,-0.5068,-0.1919,0.3523,88.04,0.2,0.0,0.0333,0.561
152.538,133.78,-0.5068,-0.192,0.3523,88.03,0.2,0.0,0.0329,0.561
152.623,133.865,-0.5069,-0.192,0.3523,88.13,0.2,0.0,0.0345,0.561
152.721,133.965,-0.5069,-0.192,0.3523,88.01,0.2,0.0,0.0294,0.561
152.823,134.075,-0.5068,-0.192,0.3524,88.01,0.2,0.0,0.024,0.561
152.921,134.173,-0.5069,-0.192,0.3524,88.18,0.21,0.0,0.0278,0.561
153.021,134.271,-0.5069,-0.1921,0.3524,88.37,0.21,0.0,0.0315,0.56
153.125,134.377,-0.5071,-0.1921,0.3524,88.55,0.22,0.0,0.0405,0.56
153.221,134.469,-0.5069,-0.192,0.3525,88.28,0.21,0.0,0.0432,0.56
153.324,134.579,-0.507,-0.1921,0.3525,88.39,0.21,0.0,0.0402,0.56
153.421,134.68,-0.507,-0.1921,0.3525,88.39,0.21,0.0,0.0414,0.56
153.521,134.783,-0.5068,-0.192,0.3525,88.06,0.2,0.0,0.029,0.56
153.622,134.878,-0.5068,-0.192,0.3525,88.01,0.2,0.0,0.0119,0.561
153.721,134.977,-0.5068,-0.192,0.3525,87.98,0.2,0.0,0.0194,0.561
153.821,135.071,-0.5066,-0.1919,0.3525,87.82,0.2,0.0,0.0326,0.561
153.924,135.182,-0.5067,-0.1919,0.3525,87.83,0.2,0.0,0.0391,0.561
154.021,135.274,-0.5067,-0.192,0.3525,87.81,0.2,0.0,0.0425,0.561
154.123,135.381,-0.5068,-0.192,0.3526,87.94,0.21,0.0,0.046,0.561
154.224,135.489,-0.5068,-0.192,0.3526,87.89,0.2,0.0,0.0414,0.561
154.321,135.586,-0.5069,-0.192,0.3526,88.13,0.21,0.0,0.0312,0.561
154.421,135.685,-0.5069,-0.1921,0.3526,88.05,0.21,0.0,0.0441,0.561
154.521,135.786,-0.5069,-0.1921,0.3526,87.94,0.21,0.0,0.0359,0.561
154.621,135.881,-0.5068,-0.192,0.3526,87.99,0.21,0.0,0.0402,0.561
154.721,135.979,-0.5068,-0.192,0.3526,87.98,0.21,0.0,0.0296,0.561
154.821,136.073,-0.5067,-0.192,0.3526,87.82,0.2,0.0,0.0309,0.561
154.921,136.181,-0.5066,-0.192,0.3526,87.92,0.21,0.0,0.013,0.561
155.023,136.276,-0.5067,-0.192,0.3526,87.92,0.21,0.0,0.028,0.561
155.121,136.384,-0.5069,-0.1921,0.3526,88.31,0.22,0.0,0.0179,0.561
155.224,136.481,-0.5069,-0.192,0.3525,87.78,0.2,0.0,0.0305,0.56
155.321,136.582,-0.5067,-0.192,0.3525,87.77,0.21,0.0,-0.0104,0.561
155.421,136.677,-0.5069,-0.192,0.3525,88.05,0.21,0.0,0.0094,0.561
155.521,136.786,-0.507,-0.1921,0.3525,88.2,0.22,0.0,0.038,0.561
155.624,136.881,-0.5071,-0.1921,0.3525,88.13,0.21,0.0,0.0445,0.56
155.727,136.985,-0.5069,-0.192,0.3525,88.08,0.21,0.0,0.0459,0.56
155.821,137.085,-0.5068,-0.192,0.3525,88.28,0.21,0.0,0.0388,0.561
155.921,137.188,-0.5069,-0.192,0.3525,88.31,0.21,0.0,0.0489,0.56
156.021,137.293,-0.5067,-0.1919,0.3525,88.04,0.21,0.0,0.0439,0.56
156.122,137.389,-0.5066,-0.1919,0.3525,87.91,0.21,0.0,0.0293,0.561
156.223,137.487,-0.5066,-0.1918,0.3525,87.77,0.2,0.0,0.0213,0.561
156.323,137.586,-0.5067,-0.1919,0.3525,87.91,0.21,0.0,0.0224,0.561
156.424,137.683,-0.5067,-0.1919,0.3525,87.92,0.21,0.0,0.0267,0.561
156.521,137.777,-0.5068,-0.1919,0.3525,87.99,0.21,0.0,0.0254,0.561
156.621,137.877,-0.5069,-0.192,0.3525,88.09,0.21,0.0,0.0092,0.561
156.722,137.988,-0.5069,-0.192,0.3525,88.13,0.21,0.0,0.0209,0.561
156.824,138.086,-0.5068,-0.192,0.3525,88.02,0.21,0.0,0.023,0.561
156.923,138.191,-0.5068,-0.1919,0.3525,88.06,0.21,0.0,0.0225,0.561
157.022,138.285,-0.5069,-0.1919,0.3525,88.2,0.21,0.0,0.0337,0.561
157.121,138.382,-0.5069,-0.1919,0.3525,88.17,0.21,0.0,0.0374,0.56
157.221,138.49,-0.5069,-0.1919,0.3525,88.26,0.21,0.0,0.0253,0.56
157.322,138.595,-0.5069,-0.192,0.3525,88.33,0.21,0.0,0.0267,0.56
157.422,138.691,-0.507,-0.192,0.3525,88.38,0.21,0.0,0.0359,0.56
157.521,138.791,-0.5067,-0.1919,0.3525,87.95,0.2,0.0,0.0071,0.56
157.623,138.896,-0.5068,-0.1919,0.3525,88.35,0.21,0.0,0.0098,0.561
157.721,138.99,-0.5069,-0.1919,0.3525,88.34,0.21,0.0,0.0222,0.56
157.822,139.092,-0.5068,-0.1919,0.3525,88.12,0.21,0.0,0.0379,0.56
157.933,139.196,-0.5068,-0.1919,0.3525,88.23,0.21,0.0,0.0321,0.56
158.023,139.291,-0.5068,-0.1919,0.3525,88.08,0.21,0.0,0.0367,0.56
158.13,139.393,-0.5067,-0.1918,0.3525,88.03,0.21,0.0,0.0324,0.561
158.221,139.483,-0.5068,-0.1919,0.3524,88.23,0.21,0.0,0.0278,0.561
158.321,139.596,-0.5069,-0.1919,0.3524,88.06,0.21,0.0,0.0325,0.56
158.421,139.695,-0.5069,-0.1919,0.3525,88.23,0.21,0.0,0.0209,0.561
158.521,139.793,-0.5069,-0.1919,0.3525,88.23,0.21,0.0,0.034,0.56
158.622,139.889,-0.5069,-0.1919,0.3525,88.2,0.21,0.0,0.0321,0.56
158.721,139.994,-0.5069,-0.1919,0.3525,88.2,0.21,0.0,0.0338,0.56
158.821,140.099,-0.5069,-0.1919,0.3525,88.11,0.21,0.0,0.0349,0.56
158.921,140.196,-0.5069,-0.1919,0.3525,88.09,0.21,0.0,0.0323,0.561
159.033,140.299,-0.5069,-0.1919,0.3525,88.1,0.21,0.0,0.0358,0.561
159.121,140.387,-0.5069,-0.1919,0.3525,88.08,0.21,0.0,0.0331,0.561
159.221,140.487,-0.5069,-0.1919,0.3525,88.06,0.21,0.0,0.0366,0.561
159.321,140.602,-0.5069,-0.1919,0.3525,88.11,0.21,0.0,0.0288,0.561
159.422,140.703,-0.5069,-0.1919,0.3525,88.07,0.21,0.0,0.0385,0.561
159.521,140.804,-0.5069,-0.1919,0.3525,88.08,0.21,0.0,0.0294,0.561
159.623,140.901,-0.5069,-0.1919,0.3525,88.1,0.21,0.0,0.0401,0.561
159.721,140.999,-0.5069,-0.1919,0.3525,88.03,0.21,0.0,0.0329,0.561
159.823,141.098,-0.5069,-0.1919,0.3525,88.14,0.21,0.0,0.0363,0.561
159.924,141.198,-0.5069,-0.1919,0.3525,88.06,0.21,0.0,0.0376,0.56
160.022,141.303,-0.5069,-0.1919,0.3525,88.04,0.21,0.0,0.0353,0.561
160.121,141.391,-0.5069,-0.1919,0.3525,88.11,0.21,0.0,0.0371,0.561
160.222,141.5,-0.5068,-0.1919,0.3525,88.01,0.21,0.0,0.0449,0.561
160.321,141.589,-0.5068,-0.1919,0.3525,88.07,0.21,0.0,0.0444,0.561
160.421,141.691,-0.5068,-0.1919,0.3525,88.12,0.21,0.0,0.0293,0.561
160.523,141.801,-0.5069,-0.1919,0.3525,88.17,0.21,0.0,0.0404,0.561
160.625,141.901,-0.5069,-0.1919,0.3525,88.13,0.21,0.0,0.0423,0.56
160.722,141.994,-0.5068,-0.1919,0.3525,88.13,0.21,0.0,0.0432,0.561
160.822,142.091,-0.5069,-0.1919,0.3525,88.12,0.21,0.0,0.0282,0.561
160.922,142.198,-0.5068,-0.1919,0.3525,88.1,0.21,0.0,0.0355,0.561
161.022,142.298,-0.5068,-0.1919,0.3525,87.95,0.2,0.0,0.0276,0.561
161.128,142.4,-0.5067,-0.1919,0.3525,87.83,0.2,0.0,0.0196,0.561
161.222,142.496,-0.5066,-0.1919,0.3525,87.78,0.2,0.0,0.024,0.561
161.334,142.61,-0.5069,-0.192,0.3525,88.09,0.21,0.0,0.0222,0.56
161.423,142.699,-0.5067,-0.1919,0.3525,87.72,0.2,0.0,0.0646,0.56
161.522,142.799,-0.5068,-0.1919,0.3525,88.12,0.21,0.0,-0.0063,0.562
161.621,142.897,-0.5069,-0.192,0.3525,88.07,0.21,0.0,0.0557,0.561
161.723,143.0,-0.5067,-0.1892,0.3511,88.32,0.18,0.0,0.046,0.561
161.823,143.1,-0.5065,-0.1818,0.3518,88.2,0.13,0.0,0.0485,0.557
161.923,143.198,-0.5118,-0.1772,0.3521,88.49,0.54,0.0133,0.0267,0.551
162.021,143.302,-0.5154,-0.1762,0.3537,89.06,0.73,0.0079,0.0247,0.546
162.121,143.4,-0.5177,-0.1785,0.3523,89.99,0.51,0.0059,0.0469,0.543
162.224,143.501,-0.5164,-0.1791,0.352,89.41,0.35,0.0003,0.1216,0.542
162.321,143.605,-0.5129,-0.1795,0.3523,89.13,0.1,0.0,0.0463,0.544
162.421,143.696,-0.5092,-0.1803,0.352,89.56,0.13,0.0,0.0086,0.546
162.521,143.79,-0.5069,-0.1807,0.352,90.0,0.13,0.0,0.0099,0.547
162.622,143.895,-0.5055,-0.1812,0.3505,89.99,0.22,0.0,0.0336,0.547
162.722,144.004,-0.5041,-0.1819,0.3516,90.04,0.31,0.0,0.0239,0.548
162.823,144.1,-0.5043,-0.1837,0.3518,90.32,0.13,0.0,0.0289,0.549
162.923,144.193,-0.5071,-0.181,0.3535,90.72,0.28,0.0,0.0305,0.55
163.022,144.294,-0.5086,-0.1807,0.3524,91.18,0.11,0.0032,0.0323,0.547
163.123,144.399,-0.5086,-0.1812,0.3531,91.04,0.12,0.0005,0.0243,0.546
163.221,144.496,-0.5085,-0.1828,0.3527,91.03,0.09,0.0003,0.0338,0.546
163.322,144.605,-0.5087,-0.1826,0.3521,90.95,0.36,0.0,0.0226,0.547
163.423,144.708,-0.509,-0.1823,0.3529,91.42,0.15,0.0,0.0355,0.547
163.521,144.803,-0.5082,-0.1833,0.3515,91.83,0.08,0.0,0.0441,0.546
163.621,144.903,-0.5073,-0.186,0.3523,91.95,0.03,0.0,0.0477,0.547
163.721,145.004,-0.5065,-0.1887,0.3523,92.18,0.08,0.0,0.0578,0.55
163.822,145.105,-0.5098,-0.1826,0.3542,92.41,0.49,0.0,0.0511,0.553
163.921,145.203,-0.5096,-0.1806,0.3541,92.91,0.11,0.0149,0.0119,0.545
164.022,145.304,-0.5081,-0.1823,0.3549,92.68,0.14,0.0019,0.018,0.543
164.121,145.405,-0.5069,-0.1857,0.3539,92.79,0.02,0.0019,0.018,0.545
164.221,145.497,-0.5063,-0.1847,0.3528,92.59,0.35,0.0,0.022,0.549
164.322,145.601,-0.5058,-0.1822,0.3545,93.29,0.12,0.0,0.0332,0.548
164.423,145.705,-0.5034,-0.1826,0.3538,93.48,0.14,0.003,0.0644,0.545
164.521,145.805,-0.5018,-0.1882,0.3544,93.59,0.16,0.0006,0.0638,0.546
164.625,145.904,-0.5008,-0.1907,0.3535,93.36,0.37,0.0003,0.0423,0.551
164.723,146.005,-0.5043,-0.1827,0.3552,94.02,0.27,0.0,0.0466,0.556
164.823,146.106,-0.5023,-0.1792,0.3555,94.54,0.06,0.0161,-0.0334,0.547
164.923,146.206,-0.5014,-0.1813,0.3563,94.28,0.14,0.0096,0.0076,0.542
165.024,146.31,-0.5008,-0.1863,0.354,94.36,0.01,0.0026,0.0166,0.544
165.123,146.403,-0.501,-0.1836,0.3533,93.86,0.39,0.0,0.0279,0.549
165.222,146.506,-0.501,-0.1806,0.3545,94.68,0.14,0.0,0.0187,0.547
165.321,146.606,-0.4996,-0.1815,0.353,94.9,0.12,0.0042,0.0438,0.544
165.422,146.708,-0.499,-0.188,0.3533,94.91,0.11,0.0007,0.0532,0.545
165.522,146.801,-0.4982,-0.1912,0.3518,94.85,0.26,0.0004,0.0519,0.551
165.621,146.901,-0.5018,-0.1818,0.3535,95.14,0.45,0.0,0.0593,0.554
165.722,147.012,-0.5007,-0.177,0.3539,95.92,0.06,0.0223,-0.0207,0.544
165.822,147.112,-0.4998,-0.1775,0.355,95.76,0.16,0.0147,0.0593,0.54
165.921,147.211,-0.4994,-0.1817,0.3529,95.95,0.01,0.006,0.0466,0.54
166.024,147.311,-0.5009,-0.1772,0.3525,95.87,0.34,0.0,0.055,0.545
166.121,147.402,-0.5007,-0.1753,0.3539,96.63,0.14,0.0,0.052,0.541
166.224,147.512,-0.4991,-0.1763,0.3534,96.7,0.12,0.0035,0.1002,0.537
166.324,147.613,-0.4977,-0.1845,0.3529,97.33,0.11,0.0005,0.0635,0.539
166.426,147.714,-0.4988,-0.1842,0.3522,97.08,0.6,0.0004,0.0723,0.548
166.521,147.812,-0.5027,-0.1786,0.3544,97.71,0.54,0.0,0.0478,0.548
166.622,147.919,-0.5016,-0.1759,0.3555,98.43,0.08,0.0194,-0.0148,0.54
166.721,148.007,-0.5,-0.178,0.3565,98.21,0.11,0.0092,0.0645,0.537
166.822,148.116,-0.498,-0.1833,0.355,98.37,0.05,0.0028,0.0431,0.54
166.923,148.221,-0.4995,-0.1773,0.3548,98.01,0.43,0.0,0.0447,0.545
167.021,148.313,-0.4984,-0.1747,0.3561,98.82,0.12,0.0,0.0524,0.54
167.121,148.416,-0.4957,-0.1754,0.3552,99.1,0.13,0.0055,0.0808,0.537
167.222,148.52,-0.4926,-0.1839,0.3546,99.49,0.23,0.0012,0.0849,0.538
167.325,148.617,-0.4931,-0.1832,0.3535,99.06,0.57,0.0006,0.0742,0.544
167.421,148.709,-0.4973,-0.1764,0.3549,99.62,0.41,0.0,0.0626,0.547
167.521,148.815,-0.4955,-0.1725,0.357,100.59,0.09,0.0304,-0.0174,0.539
167.623,148.909,-0.4931,-0.1736,0.3575,100.61,0.13,0.0238,0.0626,0.535
167.721,149.008,-0.4905,-0.178,0.355,100.91,0.17,0.0154,0.0711,0.536
167.821,149.111,-0.4925,-0.1726,0.3538,100.46,0.47,0.0,0.0426,0.541
167.922,149.216,-0.4932,-0.1682,0.3559,101.7,0.18,0.0,0.0,0.536
168.021,149.317,-0.4915,-0.1684,0.3556,101.66,0.14,0.0,0.0,0.531
168.126,149.415,-0.4898,-0.1738,0.3554,101.64,0.22,0.0,0.0,0.532
168.221,149.517,-0.4886,-0.176,0.3545,101.61,0.2,0.0,0.0,0.537
168.321,149.62,-0.4903,-0.173,0.3547,101.68,0.18,0.0,0.0,0.54
168.425,149.721,-0.4918,-0.1688,0.355,101.63,0.26,0.0,0.0,0.537
168.521,149.825,-0.4925,-0.1661,0.3551,101.61,0.3,0.0,0.0,0.533
168.636,149.931,-0.4929,-0.1651,0.3551,101.65,0.3,0.0012,-0.007,0.528
168.723,150.022,-0.4928,-0.1656,0.355,101.67,0.27,0.0002,-0.0095,0.528
168.825,150.122,-0.4928,-0.1659,0.3549,101.7,0.26,0.0001,-0.0082,0.529
168.922,150.217,-0.4928,-0.166,0.3549,101.69,0.26,0.0,-0.0095,0.529
169.025,150.323,-0.4928,-0.166,0.3549,101.69,0.26,0.0,-0.0107,0.529
169.123,150.42,-0.4928,-0.1661,0.3548,101.68,0.25,0.0,-0.0105,0.529
169.221,150.526,-0.4928,-0.1662,0.3548,101.68,0.25,0.0,-0.0142,0.529
169.322,150.62,-0.4928,-0.1662,0.3548,101.68,0.25,0.0,-0.0159,0.529
169.422,150.726,-0.4927,-0.1663,0.3547,101.65,0.25,0.0,-0.0142,0.529
169.521,150.825,-0.4927,-0.1663,0.3547,101.65,0.25,0.0,-0.0142,0.53
169.623,150.925,-0.4928,-0.1664,0.3547,101.7,0.25,0.0,-0.0181,0.53
169.721,151.027,-0.4928,-0.1664,0.3547,101.68,0.25,0.0,-0.0212,0.53
169.821,151.128,-0.4928,-0.1664,0.3546,101.66,0.24,0.0,-0.0225,0.53
169.922,151.229,-0.4928,-0.1665,0.3546,101.67,0.24,0.0,-0.025,0.53
170.021,151.333,-0.4928,-0.1665,0.3546,101.67,0.24,0.0,-0.025,0.53
170.121,151.425,-0.4928,-0.1665,0.3545,101.68,0.24,0.0,-0.0265,0.53
170.221,151.527,-0.4928,-0.1665,0.3545,101.68,0.24,0.0,-0.0265,0.53
170.321,151.631,-0.4927,-0.1666,0.3544,101.65,0.23,0.0,-0.0256,0.53
170.421,151.727,-0.4928,-0.1666,0.3543,101.67,0.23,0.0,-0.0253,0.53
170.521,151.83,-0.4928,-0.1666,0.3543,101.67,0.23,0.0,-0.0256,0.53
170.623,151.93,-0.4928,-0.1666,0.3543,101.67,0.23,0.0,-0.0279,0.53
170.722,152.03,-0.4928,-0.1666,0.3542,101.73,0.23,0.0,-0.0274,0.53
170.821,152.139,-0.4929,-0.1667,0.3542,101.76,0.23,0.0,-0.0303,0.53
170.925,152.239,-0.4928,-0.1667,0.3541,101.73,0.22,0.0,-0.0294,0.53
171.022,152.329,-0.4929,-0.1667,0.3541,101.74,0.22,0.0,-0.0364,0.53
171.123,152.432,-0.4929,-0.1667,0.3541,101.69,0.22,0.0,-0.0397,0.53
171.222,152.534,-0.4929,-0.1667,0.354,101.7,0.22,0.0,-0.0392,0.53
171.323,152.63,-0.4929,-0.1667,0.354,101.69,0.22,0.0,-0.0355,0.53
171.422,152.728,-0.4928,-0.1667,0.354,101.68,0.22,0.0,-0.0368,0.53
171.522,152.836,-0.4929,-0.1667,0.354,101.7,0.22,0.0,-0.0366,0.53
171.621,152.936,-0.4929,-0.1667,0.354,101.69,0.22,0.0,-0.0369,0.53
171.723,153.037,-0.4928,-0.1667,0.3539,101.62,0.22,0.0,-0.0375,0.53
171.823,153.137,-0.4928,-0.1667,0.3539,101.7,0.22,0.0,-0.036,0.53
171.921,153.235,-0.4926,-0.1667,0.3538,101.64,0.21,0.0,-0.0372,0.53
172.024,153.341,-0.4927,-0.1667,0.3538,101.72,0.22,0.0,-0.035,0.53
172.122,153.442,-0.4928,-0.1668,0.3537,101.77,0.22,0.0,-0.0369,0.53
172.224,153.545,-0.4927,-0.1668,0.3537,101.66,0.21,0.0,-0.0397,0.53
172.322,153.638,-0.4926,-0.1667,0.3536,101.56,0.21,0.0,-0.0283,0.53
172.421,153.741,-0.4927,-0.1668,0.3536,101.64,0.22,0.0,-0.0283,0.53
172.522,153.839,-0.4927,-0.1667,0.3536,101.63,0.21,0.0,-0.0241,0.53
172.623,153.937,-0.4927,-0.1667,0.3536,101.68,0.22,0.0,-0.0217,0.53
172.721,154.039,-0.4928,-0.1667,0.3535,101.73,0.22,0.0,-0.0253,0.53
172.822,154.144,-0.4928,-0.1667,0.3535,101.7,0.21,0.0,-0.0286,0.53
172.933,154.245,-0.4927,-0.1667,0.3535,101.69,0.21,0.0,-0.0338,0.53
173.022,154.333,-0.4928,-0.1667,0.3535,101.72,0.22,0.0,-0.0318,0.53
173.121,154.434,-0.4928,-0.1667,0.3535,101.69,0.21,0.0,-0.0307,0.53
173.222,154.539,-0.4927,-0.1667,0.3535,101.65,0.21,0.0,-0.0329,0.53
173.322,154.64,-0.4927,-0.1667,0.3535,101.66,0.21,0.0,-0.0332,0.53
173.422,154.742,-0.4927,-0.1667,0.3535,101.68,0.21,0.0,-0.0352,0.53
173.521,154.842,-0.4929,-0.1667,0.3534,101.77,0.22,0.0,-0.0418,0.53
173.637,154.949,-0.4928,-0.1667,0.3534,101.79,0.22,0.0,-0.0418,0.53
173.723,155.042,-0.4928,-0.1667,0.3534,101.71,0.21,0.0,-0.0344,0.53
173.822,155.143,-0.4928,-0.1667,0.3534,101.74,0.21,0.0,-0.0363,0.53
173.922,155.241,-0.4928,-0.1667,0.3534,101.7,0.21,0.0,-0.036,0.53
174.021,155.342,-0.4927,-0.1667,0.3534,101.66,0.21,0.0,-0.0356,0.53
174.123,155.445,-0.4928,-0.1667,0.3533,101.74,0.21,0.0,-0.0391,0.53
174.233,155.553,-0.4928,-0.1667,0.3533,101.74,0.21,0.0,-0.0386,0.53
174.322,155.647,-0.4928,-0.1667,0.3533,101.75,0.21,0.0,-0.0424,0.53
174.425,155.742,-0.4927,-0.1667,0.3533,101.63,0.21,0.0,-0.0387,0.53
174.523,155.846,-0.4927,-0.1667,0.3533,101.63,0.21,0.0,-0.0352,0.53
174.621,155.937,-0.4926,-0.1667,0.3533,101.59,0.21,0.0,-0.0381,0.53
174.722,156.049,-0.4927,-0.1667,0.3533,101.7,0.21,0.0,-0.0376,0.53
174.821,156.143,-0.4928,-0.1667,0.3533,101.76,0.21,0.0,-0.0342,0.53
174.924,156.245,-0.4928,-0.1667,0.3533,101.79,0.21,0.0,-0.0364,0.53
175.021,156.343,-0.4928,-0.1667,0.3533,101.78,0.21,0.0,-0.0371,0.53
175.122,156.445,-0.4928,-0.1667,0.3533,101.76,0.21,0.0,-0.0408,0.53
175.223,156.547,-0.4929,-0.1667,0.3533,101.78,0.21,0.0,-0.0481,0.53
175.321,156.644,-0.4929,-0.1667,0.3532,101.7,0.2,0.0,-0.0522,0.53
175.421,156.742,-0.4943,-0.1635,0.3518,101.36,0.4,0.0,-0.0589,0.53
175.521,156.845,-0.4957,-0.1592,0.3526,101.21,0.19,0.0069,-0.0662,0.527
175.621,156.946,-0.4941,-0.1551,0.3528,100.78,0.13,0.0037,-0.0689,0.522
175.734,157.05,-0.4931,-0.1564,0.3543,100.26,0.13,0.0033,-0.0722,0.52
175.821,157.14,-0.4931,-0.1586,0.3529,100.08,0.06,0.0002,-0.0687,0.52
175.922,157.244,-0.4933,-0.1591,0.3534,99.76,0.1,0.0,-0.0638,0.523
176.027,157.346,-0.4931,-0.1603,0.3527,99.33,0.07,0.0,-0.0548,0.522
176.122,157.446,-0.4926,-0.1635,0.3535,98.88,0.14,0.0,-0.0553,0.524
176.222,157.547,-0.4914,-0.1672,0.3524,98.65,0.15,0.0,-0.0603,0.526
176.322,157.656,-0.4922,-0.1665,0.3516,98.44,0.26,0.0,-0.052,0.53
176.423,157.746,-0.4943,-0.1641,0.3526,98.27,0.19,0.0027,-0.0581,0.53
176.522,157.851,-0.4954,-0.1616,0.3518,97.7,0.21,0.0018,-0.0496,0.528
176.624,157.951,-0.4969,-0.1625,0.3534,97.44,0.35,0.0018,-0.0496,0.525
176.721,158.048,-0.4986,-0.1644,0.3522,97.39,0.29,0.0001,-0.0395,0.526
176.821,158.148,-0.4996,-0.1645,0.3534,97.26,0.44,0.0001,-0.0253,0.527
176.925,158.248,-0.4989,-0.1667,0.3527,97.01,0.16,0.0,-0.0235,0.527
177.022,158.342,-0.4972,-0.1688,0.3532,96.81,0.07,0.0,-0.0306,0.53
177.121,158.446,-0.4941,-0.1725,0.3529,96.49,0.18,0.0,-0.0351,0.532
177.224,158.548,-0.4935,-0.1705,0.3518,96.44,0.23,0.0,-0.0364,0.537
177.325,158.646,-0.4942,-0.1669,0.353,96.62,0.13,0.004,-0.0612,0.535
177.421,158.747,-0.494,-0.1641,0.3532,95.98,0.17,0.0039,-0.0549,0.532
177.523,158.849,-0.495,-0.1653,0.3548,95.45,0.26,0.0016,-0.0732,0.53
177.621,158.949,-0.4966,-0.1684,0.3539,94.98,0.21,0.0001,-0.0746,0.53
177.721,159.036,-0.4978,-0.1709,0.3544,94.79,0.36,0.0,-0.0723,0.534
177.823,159.147,-0.4978,-0.1735,0.3536,94.61,0.19,0.0,-0.0576,0.535
177.923,159.244,-0.4961,-0.1767,0.3535,94.24,0.05,0.0,-0.0581,0.538
178.022,159.338,-0.4931,-0.1806,0.3532,93.86,0.19,0.0,-0.0707,0.542
178.129,159.447,-0.4926,-0.1789,0.3518,93.54,0.27,0.0,-0.0689,0.545
178.224,159.554,-0.4937,-0.1732,0.3532,93.44,0.14,0.0054,-0.0848,0.545
178.324,159.645,-0.4931,-0.1696,0.3536,92.83,0.16,0.0063,-0.0838,0.54
178.422,159.745,-0.4943,-0.1704,0.3551,92.29,0.31,0.0068,-0.0848,0.538
178.522,159.851,-0.4964,-0.1731,0.3536,91.93,0.19,0.001,-0.0808,0.538
178.623,159.955,-0.4979,-0.1761,0.354,91.58,0.41,0.0,-0.0601,0.541
178.721,160.049,-0.4983,-0.1805,0.3533,91.39,0.23,0.0,-0.0544,0.544
178.821,160.15,-0.4966,-0.1822,0.3537,90.94,0.02,0.0,-0.0595,0.548
178.921,160.249,-0.4942,-0.1831,0.3537,90.5,0.12,0.0,-0.0565,0.55
179.021,160.351,-0.4935,-0.1816,0.3529,90.31,0.05,0.0,-0.0624,0.553
179.123,160.451,-0.4935,-0.1796,0.3535,90.09,0.15,0.0013,-0.0646,0.552
179.221,160.559,-0.4926,-0.1779,0.3531,89.67,0.15,0.0015,-0.0652,0.55
179.323,160.659,-0.4925,-0.178,0.3544,89.23,0.14,0.0014,-0.0694,0.55
179.422,160.759,-0.494,-0.1804,0.3538,88.98,0.1,0.0002,-0.0756,0.55
179.522,160.854,-0.4956,-0.1824,0.3545,88.77,0.26,0.0,-0.0666,0.552
179.621,160.959,-0.4971,-0.1854,0.3517,88.35,0.19,0.0,-0.0633,0.554
179.721,161.05,-0.4969,-0.1818,0.352,88.23,0.08,0.0,-0.067,0.557
179.822,161.154,-0.4984,-0.1804,0.3527,87.67,0.26,0.0082,-0.055,0.553
179.921,161.257,-0.5003,-0.1822,0.3525,87.5,0.33,0.0032,-0.0653,0.553
180.021,161.361,-0.502,-0.1879,0.3521,87.24,0.36,0.001,-0.0591,0.554
180.122,161.458,-0.5017,-0.1874,0.3503,87.28,0.36,0.0,-0.0601,0.56
180.223,161.553,-0.4992,-0.181,0.3525,86.51,0.06,0.0,-0.051,0.558
180.321,161.662,-0.5009,-0.1787,0.3529,86.16,0.21,0.0069,-0.0839,0.555
180.422,161.751,-0.5015,-0.183,0.3537,85.91,0.23,0.0028,-0.0721,0.553
180.521,161.863,-0.5018,-0.1896,0.3521,85.4,0.18,0.0009,-0.0722,0.558
180.622,161.951,-0.4987,-0.1817,0.3534,85.5,0.49,0.0,-0.0752,0.565
180.722,162.062,-0.4988,-0.1777,0.3547,84.52,0.08,0.0196,-0.0464,0.558
180.822,162.151,-0.5003,-0.1781,0.3544,84.4,0.13,0.0127,-0.0835,0.556
180.921,162.261,-0.5016,-0.1835,0.3535,84.03,0.21,0.0034,-0.0735,0.556
181.022,162.359,-0.5016,-0.1831,0.3516,84.22,0.38,0.0,-0.0781,0.562
181.124,162.461,-0.4998,-0.1762,0.354,83.09,0.24,0.0,-0.0538,0.56
181.23,162.559,-0.5018,-0.1751,0.3547,82.9,0.24,0.006,-0.1046,0.556
181.321,162.656,-0.5033,-0.1809,0.3548,82.47,0.27,0.0012,-0.0804,0.556
181.424,162.763,-0.5043,-0.1879,0.352,82.11,0.3,0.0,-0.0708,0.562
181.524,162.86,-0.4996,-0.1784,0.3533,82.06,0.41,0.0,-0.0708,0.57
181.621,162.95,-0.5002,-0.1742,0.3541,81.31,0.1,0.03,-0.0129,0.561
181.721,163.058,-0.5013,-0.1748,0.3541,81.15,0.14,0.0161,-0.0809,0.56
181.823,163.159,-0.5034,-0.1811,0.352,80.68,0.22,0.006,-0.0729,0.561
181.921,163.259,-0.5028,-0.1787,0.3502,80.99,0.41,0.0,-0.0824,0.565
182.022,163.353,-0.4998,-0.1719,0.3522,80.1,0.09,0.0,-0.0493,0.563
182.123,163.462,-0.5018,-0.1694,0.3525,79.57,0.23,0.0059,-0.1021,0.561
182.222,163.565,-0.5039,-0.1761,0.3525,79.07,0.3,0.0007,-0.0894,0.559
182.321,163.663,-0.5049,-0.1815,0.3514,78.7,0.24,0.0007,-0.0894,0.564
182.421,163.774,-0.4998,-0.1733,0.3525,78.81,0.59,0.0,-0.0869,0.571
182.524,163.869,-0.4993,-0.1693,0.353,77.66,0.06,0.0243,-0.0524,0.564
182.621,163.961,-0.5002,-0.1708,0.3531,77.42,0.04,0.0037,-0.079,0.565
182.721,164.063,-0.5022,-0.1764,0.3518,76.96,0.14,0.0,-0.085,0.566
182.823,164.166,-0.5015,-0.1737,0.3504,77.32,0.56,0.0057,-0.045,0.572
182.921,164.271,-0.4997,-0.1685,0.3522,76.24,0.14,0.0076,-0.0479,0.568
183.022,164.363,-0.5017,-0.1675,0.3516,76.0,0.19,0.0017,-0.0662,0.568
183.123,164.475,-0.5041,-0.1736,0.3521,75.74,0.28,0.0002,-0.0728,0.568
183.223,164.576,-0.5068,-0.1791,0.3507,75.62,0.31,0.0,-0.0693,0.573
183.321,164.678,-0.5012,-0.1698,0.3519,75.73,0.55,0.025,-0.0554,0.577
183.422,164.78,-0.501,-0.1647,0.3527,74.74,0.11,0.0162,-0.0901,0.57
183.522,164.871,-0.5026,-0.165,0.3529,74.48,0.14,0.0062,-0.0726,0.569
183.623,164.974,-0.5051,-0.1699,0.3515,73.96,0.21,0.0,-0.0802,0.57
183.721,165.075,-0.5039,-0.1674,0.3505,74.11,0.48,0.0,-0.0736,0.574
183.821,165.178,-0.502,-0.1632,0.3527,73.04,0.18,0.0037,-0.1089,0.572
183.922,165.281,-0.5039,-0.1647,0.3522,72.61,0.14,0.0006,-0.0961,0.574
184.022,165.376,-0.5067,-0.1728,0.3515,72.12,0.22,0.0004,-0.0903,0.574
184.133,165.484,-0.5067,-0.1744,0.3504,72.22,0.55,0.0,-0.0848,0.585
184.223,165.58,-0.5013,-0.1674,0.3522,71.73,0.57,0.025,-0.0448,0.585
184.323,165.68,-0.5023,-0.1625,0.3534,70.77,0.13,0.0167,-0.0654,0.58
184.421,165.773,-0.5046,-0.1638,0.3539,70.67,0.22,0.0067,-0.0782,0.58
184.521,165.87,-0.5089,-0.169,0.3518,70.24,0.35,0.0,-0.0838,0.581
184.621,165.976,-0.5084,-0.1647,0.3503,70.45,0.42,0.0003,-0.0438,0.585
184.723,166.078,-0.5077,-0.1585,0.3523,69.36,0.38,0.0089,-0.0808,0.58
184.822,166.179,-0.5096,-0.1571,0.352,69.15,0.35,0.0042,-0.0744,0.58
184.923,166.28,-0.5123,-0.1633,0.3521,68.81,0.38,0.0012,-0.0773,0.579
185.022,166.38,-0.5139,-0.1687,0.3501,68.48,0.31,0.0,-0.0665,0.584
185.131,166.483,-0.5063,-0.1611,0.3527,67.77,0.34,0.0234,-0.0672,0.587
185.232,166.584,-0.5056,-0.1584,0.3529,67.42,0.05,0.017,-0.0796,0.587
185.331,166.683,-0.506,-0.1597,0.3534,67.25,0.07,0.0065,-0.0775,0.59
185.423,166.782,-0.5078,-0.1636,0.3518,66.92,0.04,0.0,-0.0596,0.59
185.521,166.883,-0.5067,-0.1607,0.3511,66.7,0.47,0.0,-0.0438,0.593
185.624,166.985,-0.5073,-0.1569,0.3528,65.92,0.19,0.0014,-0.0471,0.591
185.721,167.074,-0.5098,-0.1583,0.3522,65.92,0.24,0.0002,-0.0395,0.592
185.822,167.182,-0.5145,-0.1661,0.3522,65.84,0.42,0.0002,-0.0318,0.592
185.924,167.288,-0.5171,-0.1691,0.351,65.79,0.49,0.0002,-0.0318,0.598
186.023,167.381,-0.512,-0.1629,0.353,65.41,0.36,0.025,-0.0404,0.599
186.122,167.481,-0.5111,-0.1575,0.3547,64.8,0.19,0.0183,-0.0591,0.596
186.222,167.583,-0.5118,-0.158,0.3557,65.05,0.19,0.007,-0.0437,0.595
186.321,167.682,-0.5135,-0.1624,0.3539,64.77,0.16,0.0,-0.0504,0.595
186.426,167.786,-0.5115,-0.1597,0.3533,64.68,0.3,0.0,-0.0417,0.599
186.521,167.877,-0.5117,-0.1579,0.3545,63.85,0.25,0.0018,-0.0817,0.596
186.623,167.985,-0.514,-0.1597,0.3537,63.87,0.22,0.0002,-0.0747,0.6
186.721,168.081,-0.518,-0.1683,0.3534,63.75,0.3,0.0002,-0.0747,0.6
186.824,168.178,-0.5209,-0.1735,0.3521,63.59,0.32,0.0,-0.0588,0.606
186.922,168.274,-0.5154,-0.1665,0.3542,62.78,0.43,0.0218,-0.0633,0.609
187.024,168.382,-0.515,-0.1626,0.3556,62.18,0.14,0.012,-0.0958,0.608
187.121,168.484,-0.5167,-0.1651,0.3558,62.28,0.13,0.0034,-0.0616,0.609
187.224,168.585,-0.5198,-0.1716,0.3531,61.74,0.16,0.0,-0.0694,0.609
187.324,168.686,-0.5178,-0.1683,0.3523,61.32,0.58,0.0018,-0.0575,0.616
187.422,168.783,-0.5161,-0.164,0.3545,60.43,0.18,0.0045,-0.081,0.615
187.521,168.88,-0.5177,-0.1643,0.3543,60.48,0.2,0.0009,-0.0626,0.617
187.622,168.982,-0.5212,-0.1716,0.3539,60.18,0.27,0.0003,-0.0686,0.617
187.723,169.085,-0.5233,-0.1754,0.3522,60.03,0.34,0.0,-0.0671,0.622
187.822,169.189,-0.518,-0.1689,0.3536,59.48,0.43,0.0212,-0.0604,0.625
187.921,169.279,-0.5186,-0.1644,0.3554,59.09,0.16,0.0154,-0.1004,0.623
188.022,169.394,-0.5206,-0.1665,0.3558,58.93,0.22,0.0051,-0.1,0.623
188.121,169.496,-0.5241,-0.172,0.3534,58.07,0.24,0.0,-0.0965,0.625
188.221,169.591,-0.5215,-0.1681,0.3525,58.07,0.49,0.0,-0.0872,0.63
188.322,169.687,-0.5197,-0.1635,0.3541,57.28,0.23,0.0085,-0.0991,0.627
188.421,169.784,-0.5207,-0.1632,0.3536,57.17,0.22,0.0032,-0.0696,0.63
188.522,169.89,-0.5237,-0.1692,0.3529,56.81,0.25,0.0012,-0.0667,0.629
188.621,169.982,-0.5257,-0.1722,0.3493,56.11,0.29,0.0,-0.0898,0.635
188.724,170.098,-0.5215,-0.1674,0.3512,55.25,0.11,0.0163,-0.1174,0.638
188.824,170.189,-0.5221,-0.1649,0.3526,54.79,0.14,0.0202,-0.0915,0.641
188.921,170.282,-0.5246,-0.1669,0.3535,54.89,0.26,0.0145,-0.0589,0.641
189.021,170.399,-0.5281,-0.1709,0.3507,54.47,0.27,0.0061,-0.0493,0.642
189.123,170.499,-0.5239,-0.1687,0.3511,53.48,0.48,0.0061,-0.0493,0.645
189.221,170.6,-0.5207,-0.1674,0.3516,53.29,0.1,0.0048,-0.0687,0.647
189.321,170.688,-0.5176,-0.1687,0.3518,53.46,0.24,0.0195,-0.0671,0.651
189.423,170.792,-0.5163,-0.1714,0.3522,53.47,0.21,0.0164,-0.0416,0.652
189.523,170.896,-0.5139,-0.1719,0.3505,53.01,0.79,0.0126,-0.0511,0.656
189.623,170.999,-0.5107,-0.1704,0.3525,52.14,0.55,0.0209,-0.0661,0.658
189.721,171.099,-0.511,-0.1692,0.3528,52.36,0.17,0.0189,-0.0616,0.664
189.826,171.197,-0.5136,-0.1695,0.354,52.31,0.1,0.017,-0.051,0.661
189.921,171.3,-0.5173,-0.1698,0.3523,52.08,0.27,0.0085,-0.0475,0.662
190.021,171.393,-0.5166,-0.1668,0.3526,51.52,0.14,0.0081,-0.0646,0.662
190.125,171.505,-0.5158,-0.1632,0.3527,50.9,0.24,0.012,-0.063,0.662
190.223,171.596,-0.5165,-0.1633,0.3526,50.92,0.26,0.0155,-0.0616,0.663
190.321,171.696,-0.519,-0.1662,0.3525,50.74,0.31,0.009,-0.0571,0.662
190.423,171.808,-0.5189,-0.168,0.3506,50.1,0.06,0.0063,-0.0747,0.664
190.522,171.903,-0.5145,-0.1693,0.3523,49.42,0.25,0.0093,-0.0803,0.669
190.623,172.003,-0.5115,-0.1693,0.3522,49.35,0.28,0.0115,-0.0796,0.674
190.722,172.105,-0.5082,-0.1688,0.3535,49.13,0.38,0.015,-0.0758,0.676
190.823,172.201,-0.505,-0.1675,0.3532,48.7,0.33,0.018,-0.0772,0.679
190.923,172.305,-0.504,-0.1663,0.3544,48.13,0.31,0.0196,-0.0726,0.682
191.024,172.4,-0.505,-0.1652,0.3536,47.71,0.08,0.0164,-0.08,0.686
191.121,172.497,-0.508,-0.1636,0.3527,47.36,0.27,0.0152,-0.0745,0.686
191.224,172.605,-0.5123,-0.1624,0.3523,47.17,0.41,0.0112,-0.0751,0.686
191.321,172.699,-0.5127,-0.1605,0.3518,46.47,0.38,0.0093,-0.0571,0.685
191.421,172.806,-0.5116,-0.159,0.3532,46.01,0.39,0.0118,-0.0584,0.686
191.522,172.9,-0.5084,-0.157,0.3522,45.92,0.27,0.0157,-0.0598,0.688
191.621,172.999,-0.5061,-0.1574,0.3537,45.76,0.18,0.0166,-0.0557,0.689
191.721,173.099,-0.5035,-0.1574,0.3528,45.41,0.12,0.0151,-0.0609,0.69
191.821,173.199,-0.5016,-0.1585,0.3546,44.89,0.2,0.0176,-0.068,0.692
191.921,173.32,-0.4999,-0.1597,0.354,44.57,0.18,0.0138,-0.073,0.697
192.021,173.42,-0.499,-0.1596,0.3544,44.4,0.19,0.01,-0.067,0.702
192.121,173.551,-0.4978,-0.1594,0.3589,44.33,0.19,0.0059,-0.0593,0.702
192.221,173.653,-0.4967,-0.1604,0.3607,43.65,0.22,0.0028,-0.0709,0.702
192.321,173.776,-0.4975,-0.1612,0.3638,43.29,0.07,0.0,-0.1031,0.71
192.421,173.899,-0.5,-0.1605,0.3636,43.03,0.15,0.0,-0.0747,0.712
192.521,174.088,-0.5028,-0.1589,0.3564,42.43,0.34,0.0,-0.0521,0.711
192.621,174.24,-0.5073,-0.1586,0.3622,41.64,0.43,0.0,-0.0434,0.713
192.721,174.378,-0.5139,-0.1605,0.362,41.89,0.56,0.0,-0.0111,0.707
192.821,174.544,-0.5161,-0.1637,0.358,41.76,0.35,0.0,-0.005,0.71
192.921,174.703,-0.5148,-0.1676,0.3535,41.75,0.1,0.0,0.0027,0.706
193.021,174.849,-0.5141,-0.1711,0.3586,42.5,0.19,0.0,0.015,0.701
193.121,175.083,-0.5111,-0.1706,0.3602,42.15,0.12,0.0035,0.0454,0.702
193.221,175.44,-0.5075,-0.1666,0.3608,42.09,0.46,0.0099,0.0448,0.702
193.321,175.758,-0.5063,-0.1706,0.367,32.27,0.89,0.0001,-0.1023,0.708
193.421,175.902,-0.5053,-0.1755,0.3315,26.02,0.59,0.0,-0.2,0.61
193.521,176.087,-0.5137,-0.1725,0.3368,26.36,1.11,0.0,-0.1589,0.536
193.621,176.259,-0.5259,-0.1669,0.3466,28.45,1.26,0.0,0.0011,0.53
193.721,176.438,-0.5323,-0.1608,0.3468,27.54,0.78,0.0,0.0864,0.551
193.821,176.707,-0.538,-0.1539,0.339,27.32,0.92,0.0,-0.0715,0.559
193.921,176.885,-0.5475,-0.1491,0.3203,27.12,1.16,0.0,0.0045,0.562
194.021,177.105,-0.5583,-0.1421,0.3208,27.33,1.77,0.0,0.0193,0.565
194.121,177.225,-0.5741,-0.1232,0.2929,27.41,2.92,0.0,0.0252,0.574
194.221,177.424,-0.5832,-0.1009,0.3044,26.32,5.44,0.0,-0.0212,0.589
194.321,177.66,-0.5825,-0.0893,0.3198,27.26,2.86,0.0078,-0.0302,0.591
194.421,177.861,-0.5778,-0.0852,0.3296,27.13,1.95,0.0143,0.0143,0.621
194.521,178.045,-0.5778,-0.0836,0.3509,28.98,1.37,0.0081,0.0177,0.628
194.621,178.208,-0.5752,-0.0818,0.3652,28.55,0.4,0.001,0.141,0.64
194.721,178.355,-0.5698,-0.0744,0.3453,27.86,1.05,0.0032,0.061,0.652
194.821,178.538,-0.5668,-0.0686,0.3542,28.86,0.78,0.0162,-0.026,0.648
194.921,178.765,-0.5684,-0.062,0.373,25.96,1.34,0.0004,-0.0058,0.666
195.021,178.936,-0.5717,-0.0575,0.398,29.42,0.8,0.0,-0.1258,0.653
195.121,179.189,-0.5716,-0.0462,0.4027,34.24,1.13,0.0124,0.0742,0.665
195.221,179.359,-0.5721,-0.0325,0.4063,33.27,1.03,0.0111,0.1542,0.634
195.321,179.484,-0.5709,-0.0212,0.4046,30.11,1.29,0.0156,0.0742,0.624
195.421,179.691,-0.5689,-0.0094,0.3986,27.72,0.93,0.0296,-0.0858,0.63
195.521,179.903,-0.5701,-0.0049,0.4203,32.84,3.52,0.0145,-0.16,0.637
195.621,180.1,-0.5745,-0.0135,0.4098,38.68,0.56,0.0,0.0,0.609
195.721,180.24,-0.5832,-0.02,0.4059,38.08,0.51,0.0,0.12,0.573
195.821,180.421,-0.5881,-0.0302,0.3996,38.25,0.36,0.0,0.0956,0.578
195.921,180.623,-0.593,-0.0386,0.3681,38.95,0.83,0.0001,0.1242,0.581
196.021,180.853,-0.5983,-0.0489,0.3707,41.38,0.49,0.0,0.1904,0.581
196.121,180.989,-0.6038,-0.0546,0.3671,39.66,0.24,0.0,0.16,0.572
196.221,181.094,-0.6081,-0.0535,0.3634,40.84,0.24,0.0,0.08,0.586
196.321,181.206,-0.6073,-0.0506,0.3658,41.62,0.13,0.0,0.0119,0.58
196.421,181.381,-0.6028,-0.0474,0.3631,41.54,0.07,0.0053,0.0363,0.57
196.521,181.506,-0.5988,-0.0455,0.3358,41.56,0.64,0.013,0.0577,0.571
196.621,181.682,-0.5959,-0.0521,0.3405,42.41,0.64,0.0009,0.0947,0.572
196.721,181.914,-0.5945,-0.0608,0.3486,41.6,0.97,0.0,-0.0287,0.57
196.821,182.101,-0.5948,-0.0632,0.367,45.04,0.87,0.0,-0.0687,0.581
196.921,182.263,-0.5921,-0.0646,0.3726,46.58,1.04,0.0,0.0905,0.574
197.021,182.415,-0.5876,-0.0619,0.3553,44.08,0.66,0.0017,0.0105,0.559
197.121,182.61,-0.5812,-0.0574,0.3571,43.26,0.71,0.0183,-0.1495,0.573
197.221,182.739,-0.5804,-0.0556,0.3782,38.94,0.28,0.0242,-0.1846,0.577
197.321,182.936,-0.5813,-0.0516,0.3789,38.72,0.72,0.0035,-0.1175,0.599
197.421,183.153,-0.5808,-0.0455,0.3328,40.11,0.88,0.0009,0.0425,0.605
197.528,183.326,-0.5795,-0.04,0.3034,40.13,0.91,0.0159,0.1469,0.59
197.621,183.418,-0.5755,-0.0339,0.3069,40.88,0.5,0.0138,0.0911,0.585
197.721,183.641,-0.5665,-0.0271,0.3165,41.24,0.15,0.029,0.0478,0.578
197.821,183.77,-0.5574,-0.0193,0.2829,41.57,1.22,0.0487,0.0644,0.576
197.922,183.924,-0.5504,-0.0276,0.2992,43.32,1.84,0.0255,0.1444,0.572
198.021,184.179,-0.5468,-0.0396,0.3121,42.89,1.78,0.0,0.0482,0.567
198.121,184.324,-0.5492,-0.051,0.3364,47.22,2.5,0.0,0.105,0.58
198.221,184.439,-0.5527,-0.0647,0.3453,48.15,2.02,0.0,0.185,0.571
198.321,184.568,-0.5575,-0.0845,0.3422,45.93,1.24,0.0001,0.1361,0.565
198.421,184.722,-0.5628,-0.0938,0.3369,45.57,0.61,0.0,0.0161,0.593
198.521,184.858,-0.5678,-0.0994,0.3284,45.77,0.49,0.0,-0.0639,0.605
198.621,185.066,-0.5729,-0.1067,0.3375,45.0,0.43,0.0,-0.0838,0.608
198.721,185.203,-0.578,-0.1108,0.3604,48.39,0.21,0.0,-0.081,0.615
198.821,185.34,-0.5772,-0.1135,0.3704,49.92,0.88,0.0,0.0388,0.608
198.921,185.51,-0.5739,-0.1182,0.3703,47.44,1.03,0.0,0.0206,0.59
199.021,185.68,-0.57,-0.1292,0.3821,51.07,1.63,0.0,-0.0194,0.611
199.121,185.813,-0.5685,-0.1397,0.3868,55.44,1.92,0.0,0.1006,0.61
199.221,185.989,-0.566,-0.1614,0.3711,55.48,1.51,0.0,0.1406,0.592
199.321,186.195,-0.5656,-0.1711,0.3942,58.79,2.63,0.0034,0.0606,0.608
199.421,186.38,-0.5707,-0.1796,0.4141,53.38,0.65,0.0009,0.1406,0.608
199.521,186.509,-0.5749,-0.1866,0.398,45.79,2.7,0.0001,0.0206,0.625
199.621,186.643,-0.5712,-0.197,0.3907,42.42,0.7,0.0,-0.0594,0.684
199.721,186.768,-0.562,-0.2062,0.391,45.65,1.34,0.0046,-0.0948,0.674
199.821,186.957,-0.5514,-0.2028,0.3924,50.24,1.2,0.0024,0.0252,0.7
199.921,187.111,-0.5374,-0.1837,0.3574,52.37,1.49,0.0778,0.1852,0.686
200.021,187.262,-0.5349,-0.1605,0.364,48.63,1.47,0.1246,0.16,0.664
200.121,187.419,-0.5356,-0.143,0.3622,47.86,1.63,0.0869,0.04,0.663
200.221,187.558,-0.5341,-0.1235,0.3297,50.94,1.7,0.0575,-0.0205,0.663
200.321,187.704,-0.5353,-0.0982,0.3299,53.72,3.57,0.0958,0.0995,0.631
200.421,187.836,-0.5407,-0.081,0.3407,56.35,2.71,0.1047,0.1688,0.599
200.521,188.07,-0.5484,-0.065,0.3366,57.8,1.81,0.0518,0.1989,0.566
200.621,188.217,-0.5523,-0.0503,0.3291,58.82,1.7,0.0559,0.1913,0.538
200.721,188.447,-0.5605,-0.0368,0.3376,60.7,1.79,0.0273,0.2,0.514
200.821,188.653,-0.5597,-0.029,0.3597,57.31,2.03,0.014,0.12,0.492
200.921,188.797,-0.5557,-0.0264,0.3754,58.66,0.98,0.0184,-0.0,0.496
201.021,188.925,-0.5485,-0.0279,0.3802,61.09,0.17,0.0091,0.04,0.498
201.121,189.086,-0.5437,-0.0325,0.3783,61.53,0.13,0.0,0.16,0.483
201.221,189.233,-0.5382,-0.0372,0.374,62.48,0.6,0.0,0.1813,0.487
201.321,189.438,-0.5364,-0.0422,0.3711,63.33,0.65,0.0,0.159,0.49
201.421,189.69,-0.5363,-0.0471,0.34,64.24,0.47,0.0,0.1288,0.49
201.521,189.821,-0.5429,-0.0543,0.3085,65.01,0.67,0.0,0.1081,0.491
201.621,190.05,-0.5517,-0.0614,0.3131,65.26,0.54,0.0,0.0735,0.492
201.721,190.187,-0.5592,-0.0661,0.3407,70.3,0.87,0.0,0.0789,0.493
201.821,190.29,-0.56,-0.0655,0.3509,68.9,0.29,0.0,0.1589,0.478
201.921,190.411,-0.5546,-0.0629,0.3533,67.84,0.23,0.0017,0.1172,0.475
202.021,190.56,-0.549,-0.0569,0.3549,68.27,0.39,0.0166,-0.0028,0.481
202.121,190.723,-0.5437,-0.0484,0.3385,68.41,0.37,0.0279,-0.0638,0.478
202.221,190.864,-0.5494,-0.046,0.3469,67.18,0.48,0.0048,-0.0725,0.472
202.321,191.017,-0.5578,-0.0486,0.3518,67.79,0.69,0.0,-0.0325,0.473
202.421,191.124,-0.5648,-0.0529,0.3362,67.47,0.79,0.0,-0.0125,0.468
202.521,191.278,-0.5711,-0.0554,0.3347,67.3,0.91,0.0,-0.0019,0.47
202.621,191.463,-0.5773,-0.0576,0.3333,67.46,0.85,0.0001,0.0139,0.473
202.721,191.646,-0.5831,-0.0617,0.3211,67.17,0.58,0.0,0.006,0.47
202.821,191.768,-0.5847,-0.0693,0.3221,67.23,0.25,0.0,0.0044,0.471
202.921,191.901,-0.5834,-0.0715,0.3266,67.27,0.04,0.0,0.0076,0.477
203.021,192.065,-0.5821,-0.0702,0.3309,67.3,0.12,0.0022,0.0142,0.48
203.121,192.286,-0.5816,-0.0677,0.336,67.3,0.11,0.0011,0.0256,0.479
203.221,192.473,-0.5833,-0.0695,0.3699,76.13,0.33,0.0085,0.1077,0.477
203.321,192.688,-0.5861,-0.0661,0.3809,79.08,0.43,0.0066,0.16,0.457
203.421,192.822,-0.5905,-0.061,0.3905,74.12,0.56,0.0056,0.0556,0.448
203.521,192.984,-0.5887,-0.0547,0.3953,70.58,0.63,0.015,-0.0644,0.448
203.621,193.122,-0.5881,-0.0521,0.3958,69.4,0.44,0.0118,-0.1844,0.452
203.721,193.273,-0.5858,-0.0535,0.3925,68.09,0.53,0.0003,-0.1833,0.453
203.821,193.414,-0.5837,-0.0561,0.3762,67.28,0.56,0.0,-0.1812,0.459
203.921,193.568,-0.5884,-0.0643,0.3809,64.65,0.37,0.0,-0.1912,0.465
204.021,193.756,-0.5949,-0.0735,0.3757,64.44,0.5,0.0,-0.1915,0.478
204.121,193.939,-0.5982,-0.0828,0.3495,64.26,0.4,0.0,-0.0854,0.488
204.221,194.157,-0.6,-0.0908,0.3238,63.81,0.37,0.0,-0.0858,0.494
204.321,194.333,-0.5983,-0.0986,0.3101,63.42,0.5,0.0,-0.0751,0.503
204.421,194.543,-0.5943,-0.1055,0.3187,62.58,0.6,0.0,-0.1539,0.511
204.521,194.826,-0.5921,-0.1052,0.3448,67.49,0.77,0.006,0.0252,0.523
204.621,195.033,-0.591,-0.096,0.3557,67.22,0.27,0.026,0.0959,0.51
204.721,195.152,-0.5889,-0.0833,0.3563,64.45,0.5,0.0369,0.0159,0.5
204.821,195.29,-0.5872,-0.0728,0.3598,63.03,0.39,0.0384,-0.1041,0.498
204.921,195.439,-0.586,-0.0639,0.3464,62.35,0.42,0.0328,-0.1865,0.497
205.021,195.571,-0.5822,-0.0638,0.3532,62.29,0.45,0.0044,-0.108,0.492
205.121,195.742,-0.577,-0.0668,0.3594,60.47,0.59,0.0,-0.1117,0.493
205.221,195.939,-0.5733,-0.0685,0.3383,59.83,0.36,0.0,-0.0953,0.502
205.321,196.143,-0.5676,-0.0783,0.3293,59.42,0.96,0.0001,-0.0495,0.512
205.421,196.312,-0.5694,-0.0909,0.3386,58.13,0.87,0.0,-0.116,0.52
205.521,196.415,-0.5724,-0.095,0.3506,60.83,0.59,0.0,-0.1172,0.538
205.621,196.516,-0.5749,-0.0913,0.356,62.99,0.27,0.0,-0.0372,0.535
205.721,196.729,-0.5787,-0.0873,0.359,59.5,0.22,0.0002,-0.0372,0.517
205.821,196.902,-0.5821,-0.0877,0.3445,58.17,0.55,0.0,-0.1572,0.526
205.921,197.181,-0.5826,-0.0954,0.344,57.25,0.25,0.0,-0.1708,0.532
206.021,197.286,-0.5831,-0.1032,0.3159,56.99,1.12,0.0,-0.1506,0.54
206.124,197.402,-0.5853,-0.1232,0.3359,62.43,1.4,0.0,-0.1106,0.55
206.221,197.496,-0.5882,-0.1481,0.3375,60.09,2.04,0.0,-0.0306,0.542
206.321,197.599,-0.5886,-0.1682,0.3316,55.42,0.59,0.0,-0.0306,0.564
206.421,197.773,-0.5875,-0.1673,0.3241,53.59,0.5,0.0011,-0.1906,0.604
206.521,197.964,-0.5856,-0.1589,0.3102,53.12,0.49,0.0274,-0.16,0.619
206.621,198.137,-0.5894,-0.1487,0.3105,53.4,0.25,0.0358,-0.0481,0.617
206.721,198.255,-0.5961,-0.1467,0.3265,54.41,0.45,0.0301,-0.0381,0.606
206.821,198.394,-0.5964,-0.1459,0.3398,52.51,0.24,0.0004,-0.0804,0.597
206.921,198.55,-0.5921,-0.1437,0.3402,51.81,0.32,0.0,-0.1711,0.601
207.021,198.726,-0.5889,-0.146,0.3389,51.85,0.5,0.0016,-0.0619,0.606
207.122,198.877,-0.5877,-0.1562,0.3546,50.73,0.84,0.0,-0.0219,0.609
207.221,199.08,-0.5876,-0.164,0.3395,50.52,0.48,0.0,-0.0849,0.619
207.321,199.244,-0.5878,-0.1703,0.345,50.48,0.97,0.0,-0.0147,0.63
207.421,199.359,-0.5922,-0.1787,0.3581,48.8,0.87,0.0,-0.0293,0.633
207.521,199.492,-0.5984,-0.1792,0.3642,49.25,0.26,0.0,-0.0138,0.644
207.621,199.624,-0.607,-0.1746,0.3653,49.85,0.4,0.0,0.0537,0.649
207.721,199.851,-0.6105,-0.1671,0.3623,49.89,0.36,0.002,0.0413,0.639
207.821,200.035,-0.6145,-0.1619,0.327,49.85,0.49,0.0057,0.0352,0.632
207.921,200.193,-0.6246,-0.161,0.3099,50.13,1.02,0.0002,0.0297,0.623
208.021,200.355,-0.6368,-0.1556,0.3095,50.41,1.31,0.0,0.0258,0.621
208.121,200.512,-0.6525,-0.1576,0.3158,50.82,1.61,0.0,0.0397,0.611
208.221,200.647,-0.6582,-0.1589,0.3232,50.57,0.62,0.0,0.0502,0.604
208.321,200.77,-0.654,-0.1593,0.3228,50.85,0.49,0.0006,0.0337,0.602
208.421,200.964,-0.6472,-0.163,0.3227,51.12,0.53,0.0002,0.0451,0.602
208.521,201.12,-0.6423,-0.1619,0.3158,50.97,0.77,0.0014,0.0306,0.605
208.621,201.26,-0.6434,-0.1584,0.3128,51.46,0.26,0.0,0.0,0.607
208.721,201.424,-0.645,-0.1565,0.3212,51.82,0.17,0.0,0.0146,0.602
208.821,201.581,-0.6463,-0.1543,0.3331,51.44,0.29,0.0,0.0221,0.598
208.921,201.761,-0.6474,-0.1513,0.3218,51.77,0.14,0.0006,0.014,0.597
209.021,201.88,-0.6496,-0.1559,0.3341,52.59,0.4,0.0001,0.0084,0.593
209.121,202.019,-0.6509,-0.161,0.3441,51.76,1.15,0.0,0.0484,0.591
209.221,202.179,-0.6514,-0.1642,0.3355,52.2,0.38,0.0,0.0329,0.597
209.321,202.317,-0.6518,-0.1655,0.3435,53.38,0.58,0.0,0.0314,0.601
209.421,202.46,-0.6489,-0.1641,0.3574,52.4,1.38,0.0,0.0478,0.596
209.521,202.605,-0.6485,-0.1631,0.3491,52.54,0.65,0.001,-0.0322,0.598
209.621,202.768,-0.6477,-0.1628,0.3544,53.26,0.77,0.0002,0.0192,0.599
209.721,202.911,-0.6476,-0.1631,0.3641,52.23,1.12,0.0,0.0592,0.598
209.821,203.059,-0.6495,-0.1629,0.3552,52.63,0.68,0.0,-0.0608,0.598
209.921,203.228,-0.6539,-0.1643,0.3599,54.22,0.45,0.0,-0.0112,0.6
210.021,203.368,-0.6524,-0.1661,0.3676,53.49,0.66,0.0,0.0833,0.595
210.121,203.507,-0.6506,-0.1686,0.3599,53.93,0.35,0.0,0.0071,0.595
210.221,203.646,-0.6545,-0.1718,0.3581,53.83,0.2,0.0,0.0103,0.597
210.321,203.754,-0.655,-0.1702,0.3562,53.61,0.88,0.0,0.0041,0.6
210.421,203.888,-0.6551,-0.1692,0.3561,53.55,0.55,0.0027,0.0126,0.598
210.521,204.12,-0.6563,-0.1657,0.3528,53.97,0.11,0.0,0.0452,0.598
210.621,204.273,-0.6597,-0.1592,0.3165,54.28,0.72,0.0022,0.0257,0.594
210.721,204.41,-0.6749,-0.1558,0.3162,54.47,1.2,0.0005,0.0743,0.589
210.821,204.526,-0.6917,-0.159,0.3184,54.86,1.77,0.0,0.0737,0.58
210.921,204.672,-0.7079,-0.1613,0.3201,54.85,0.85,0.0,0.0814,0.576
211.021,204.878,-0.7084,-0.1584,0.3254,55.07,0.78,0.0,0.0473,0.574
211.121,205.09,-0.7092,-0.1608,0.3512,59.53,1.06,0.0004,0.1145,0.571
211.221,205.269,-0.7091,-0.1618,0.3764,56.05,0.66,0.0,0.2,0.561
211.321,205.546,-0.7091,-0.1596,0.3798,49.31,2.97,0.0004,-0.0,0.563
211.421,205.661,-0.706,-0.1648,0.398,32.6,5.08,0.0,-0.12,0.592
211.522,205.807,-0.6961,-0.1736,0.3745,12.48,8.7,0.006,-0.2,0.644
211.621,205.943,-0.7024,-0.1781,0.3481,-4.05,4.7,0.0012,-0.1989,0.46
211.721,206.169,-0.6975,-0.1845,0.3331,-9.81,2.17,0.0,-0.2,0.45
211.821,206.309,-0.6988,-0.1987,0.3248,-7.23,0.58,0.0001,-0.16,0.45
211.921,206.44,-0.6971,-0.2167,0.3205,-3.7,0.93,0.0053,-0.08,0.449
212.023,206.551,-0.701,-0.2263,0.3235,-0.21,0.95,0.004,0.0,0.449
212.123,206.653,-0.705,-0.2293,0.3335,3.01,0.58,0.001,0.08,0.449
212.221,206.745,-0.7029,-0.2266,0.3448,10.8,0.22,0.0,0.16,0.449
212.321,206.856,-0.6971,-0.2205,0.3392,21.87,0.11,0.0007,0.1984,0.449
212.421,207.02,-0.6905,-0.2098,0.3341,25.79,0.72,0.0211,0.2,0.448
212.521,207.177,-0.6842,-0.2013,0.3261,28.88,0.43,0.0491,0.2,0.484
212.621,207.302,-0.6795,-0.2017,0.3264,30.47,0.41,0.0383,0.2,0.523
212.721,207.424,-0.6769,-0.202,0.3324,30.32,0.15,0.0113,0.192,0.542
212.821,207.582,-0.6749,-0.2022,0.3328,31.32,0.2,0.0006,0.1492,0.541
212.921,207.759,-0.6741,-0.2081,0.3445,33.42,0.54,0.0,0.1737,0.546
213.021,207.939,-0.6754,-0.2159,0.3519,33.44,0.78,0.0,0.1596,0.562
213.121,208.086,-0.6771,-0.2189,0.3495,33.85,0.51,0.0001,0.111,0.559
213.221,208.23,-0.6777,-0.2172,0.3449,34.87,0.56,0.0,0.1463,0.556
213.321,208.356,-0.6806,-0.2125,0.3457,34.86,0.4,0.0017,0.1182,0.568
213.421,208.503,-0.6901,-0.2061,0.3573,35.91,0.77,0.0003,0.0382,0.571
213.521,208.673,-0.7017,-0.2043,0.3558,36.68,0.88,0.0,0.0966,0.584
213.621,208.952,-0.7076,-0.2037,0.3628,35.81,1.31,0.0,0.0394,0.598
213.721,209.113,-0.7142,-0.2073,0.3952,40.48,0.3,0.0,-0.0406,0.594
213.821,209.36,-0.7178,-0.2109,0.3929,41.31,0.22,0.0,0.1594,0.624
213.921,209.533,-0.7222,-0.2142,0.3888,41.07,0.22,0.0,0.0952,0.644
214.021,209.723,-0.7229,-0.2104,0.3826,41.23,0.57,0.0,0.082,0.633
214.121,209.877,-0.724,-0.208,0.3557,41.42,0.64,0.0018,0.1025,0.641
214.221,210.039,-0.7259,-0.2076,0.3518,41.58,0.53,0.0002,0.0685,0.645
214.321,210.195,-0.7317,-0.2013,0.3576,41.21,0.7,0.0,0.0845,0.648
214.421,210.33,-0.7411,-0.1987,0.362,42.64,0.91,0.0,-0.0355,0.655
214.521,210.455,-0.7506,-0.2004,0.3536,43.33,0.35,0.0,-0.0355,0.657
214.621,210.677,-0.7551,-0.1948,0.3425,42.82,0.19,0.0005,0.0545,0.65
214.721,210.836,-0.7577,-0.1916,0.335,42.86,0.44,0.0002,-0.0076,0.646
214.821,211.0,-0.7581,-0.1927,0.3292,42.87,0.62,0.0001,0.0129,0.643
214.921,211.18,-0.7552,-0.1949,0.3263,43.02,0.18,0.0002,0.0232,0.642
215.021,211.362,-0.755,-0.2011,0.3441,45.29,0.55,0.0,0.0966,0.644
215.121,211.479,-0.7507,-0.2025,0.3557,43.82,1.98,0.0,0.1766,0.642
215.221,211.58,-0.7449,-0.2027,0.3571,43.99,0.95,0.0006,0.0966,0.643
215.321,211.801,-0.7391,-0.198,0.3584,45.03,0.72,0.0088,0.0844,0.648
215.421,211.951,-0.7353,-0.1866,0.3389,44.81,0.76,0.0407,0.0614,0.642
215.521,212.112,-0.7398,-0.1745,0.3415,45.72,0.37,0.0233,0.0358,0.634
215.621,212.237,-0.7462,-0.1623,0.3407,46.36,0.43,0.0123,0.1158,0.62
215.721,212.378,-0.7499,-0.1477,0.3378,45.75,1.4,0.0094,0.0956,0.604
215.821,212.501,-0.7507,-0.1315,0.3298,45.49,1.16,0.0212,0.0156,0.594
215.921,212.623,-0.7532,-0.126,0.3343,46.73,0.94,0.0335,0.022,0.578
216.021,212.762,-0.7515,-0.1229,0.3338,47.63,0.71,0.0213,0.102,0.568
216.121,212.905,-0.7446,-0.1192,0.3393,48.04,0.45,0.0182,0.148,0.557
216.221,213.066,-0.7383,-0.1197,0.3426,48.25,0.32,0.0201,0.0964,0.554
216.321,213.183,-0.7331,-0.123,0.3272,48.0,0.3,0.0156,0.0882,0.554
216.421,213.288,-0.7358,-0.1293,0.3305,47.21,0.26,0.0097,0.0708,0.556
216.521,213.426,-0.7402,-0.1346,0.3374,48.49,0.13,0.0,0.0032,0.566
216.621,213.583,-0.7472,-0.1371,0.3433,50.07,0.47,0.0,0.0832,0.568
216.721,213.745,-0.7498,-0.1371,0.3442,49.56,0.08,0.0,0.173,0.562
216.821,213.867,-0.7486,-0.1343,0.3298,49.29,0.44,0.0001,0.093,0.561
216.921,214.069,-0.7445,-0.1303,0.334,50.25,0.26,0.0106,-0.0145,0.563
217.021,214.252,-0.7398,-0.1262,0.342,50.21,0.13,0.0151,0.0634,0.556
217.121,214.388,-0.736,-0.1207,0.3485,50.71,0.18,0.0133,0.014,0.551
217.221,214.517,-0.7322,-0.1146,0.3441,51.64,0.24,0.0216,0.0623,0.547
217.321,214.638,-0.7342,-0.1086,0.3453,51.14,0.73,0.024,0.0713,0.537
217.421,214.796,-0.7384,-0.1048,0.3476,52.12,0.66,0.0171,0.0569,0.535
217.521,214.978,-0.7447,-0.1081,0.3523,52.58,0.67,0.0004,0.0915,0.526
217.621,215.226,-0.7472,-0.1126,0.3633,51.04,0.5,0.0,0.0053,0.524
217.721,215.367,-0.7493,-0.1186,0.3938,57.19,0.71,0.0,-0.1147,0.531
217.821,215.541,-0.7507,-0.1236,0.3935,62.95,0.84,0.011,0.0053,0.524
217.921,215.675,-0.7517,-0.127,0.3536,63.51,0.42,0.0049,0.1253,0.504
218.022,215.838,-0.7561,-0.1321,0.3617,60.32,0.15,0.0032,0.0658,0.506
218.121,215.942,-0.7582,-0.1381,0.3669,57.56,0.6,0.0007,-0.0142,0.518
218.221,216.12,-0.7591,-0.1441,0.3641,57.08,0.28,0.0,-0.1742,0.531
218.321,216.25,-0.7621,-0.1486,0.3822,62.53,0.36,0.0,-0.1539,0.54
218.421,216.363,-0.7621,-0.1516,0.3834,66.96,1.21,0.0078,-0.0339,0.534
218.521,216.492,-0.759,-0.1566,0.3811,65.12,1.17,0.0113,0.0461,0.521
218.621,216.62,-0.7535,-0.1579,0.3664,59.85,0.71,0.0007,-0.0739,0.53
218.721,216.753,-0.7457,-0.1537,0.3619,56.67,0.95,0.0078,-0.1539,0.546
218.821,216.886,-0.7425,-0.1523,0.3622,54.3,0.69,0.0149,-0.2,0.553
218.921,217.038,-0.7422,-0.1498,0.349,53.01,0.56,0.0049,-0.1994,0.558
219.021,217.305,-0.7429,-0.1475,0.3552,53.85,0.53,0.0004,-0.1021,0.563
219.121,217.438,-0.7455,-0.1439,0.3699,51.65,0.24,0.0,-0.0621,0.559
219.221,217.595,-0.7491,-0.1368,0.3689,52.24,0.39,0.0039,-0.182,0.563
219.321,217.744,-0.7538,-0.1303,0.3541,51.83,1.09,0.0065,-0.062,0.554
219.421,217.866,-0.7617,-0.1225,0.3484,50.85,1.32,0.0014,-0.025,0.548
219.521,218.05,-0.771,-0.1211,0.3456,51.05,1.27,0.0,-0.0096,0.545
219.621,218.207,-0.7774,-0.1211,0.324,50.34,0.75,0.0,0.0007,0.539
219.721,218.4,-0.7813,-0.1183,0.3202,50.57,0.74,0.0,-0.0083,0.541
219.821,218.598,-0.7848,-0.1203,0.3377,52.69,0.3,0.0004,0.0202,0.538
219.921,218.701,-0.7814,-0.1213,0.3591,48.23,0.06,0.0002,0.1002,0.531
220.021,218.822,-0.7726,-0.1156,0.3661,47.46,0.13,0.0106,0.1397,0.542
220.121,218.924,-0.7659,-0.1085,0.3709,50.26,0.26,0.0317,0.1397,0.55
220.222,219.076,-0.7564,-0.0951,0.3628,51.88,0.64,0.0527,0.1743,0.53
220.321,219.188,-0.7571,-0.0859,0.3652,52.4,0.82,0.0654,0.1944,0.515
220.421,219.444,-0.7596,-0.0753,0.3658,53.99,0.64,0.0219,0.159,0.503
220.521,219.597,-0.7638,-0.0693,0.328,54.62,1.27,0.0102,0.1579,0.488
220.621,219.718,-0.7747,-0.069,0.3255,55.42,1.14,0.0,0.1294,0.479
220.721,219.919,-0.7866,-0.0726,0.3289,56.27,1.43,0.0,0.1393,0.474
220.821,220.144,-0.7986,-0.0757,0.3287,56.33,0.91,0.0,0.0877,0.473
220.921,220.255,-0.8053,-0.0768,0.3374,57.68,1.11,0.0001,0.0077,0.474
221.021,220.405,-0.8121,-0.0765,0.3483,58.53,0.71,0.0,0.0549,0.472
221.121,220.536,-0.8105,-0.0748,0.3543,57.29,0.59,0.0005,0.0296,0.469
221.221,220.674,-0.8068,-0.0696,0.3606,57.26,0.49,0.0018,-0.0904,0.471
221.321,220.824,-0.8032,-0.066,0.3538,57.37,0.29,0.0048,-0.0838,0.467
221.421,221.012,-0.8035,-0.0637,0.3566,57.14,0.66,0.0009,-0.0319,0.463
221.521,221.17,-0.8069,-0.0665,0.3624,57.34,0.51,0.0001,-0.0793,0.46
221.621,221.322,-0.8093,-0.0711,0.3417,57.03,0.56,0.0,-0.04,0.462
221.721,221.542,-0.8145,-0.0784,0.3497,55.33,0.38,0.0029,-0.0475,0.467
221.821,221.716,-0.8194,-0.0862,0.3798,65.19,0.45,0.011,-0.1275,0.477
221.921,221.885,-0.8241,-0.0887,0.3797,70.2,0.32,0.0123,-0.0075,0.467
222.021,222.038,-0.8317,-0.0885,0.3813,66.65,0.64,0.0128,0.0325,0.455
222.121,222.209,-0.8378,-0.0875,0.3669,60.26,0.39,0.0251,-0.1275,0.46
222.221,222.343,-0.8378,-0.091,0.3818,50.04,0.73,0.0344,-0.2,0.472
222.321,222.466,-0.8354,-0.0972,0.3761,44.59,0.79,0.0291,-0.2,0.5
222.421,222.654,-0.8369,-0.102,0.3653,45.17,0.5,0.0018,-0.16,0.531
222.521,222.777,-0.8361,-0.1109,0.3818,50.49,1.86,0.0,-0.04,0.536
222.621,222.93,-0.8399,-0.1125,0.3851,53.74,0.88,0.0,0.08,0.526
222.721,223.092,-0.8515,-0.1128,0.3784,53.88,1.11,0.0,0.2,0.516
222.821,223.228,-0.8732,-0.1165,0.369,54.75,1.67,0.0001,0.1665,0.516
222.921,223.353,-0.9089,-0.1223,0.3573,55.69,4.37,0.0,0.1668,0.518
223.021,223.572,-0.9601,-0.1274,0.3447,57.52,8.45,0.0,0.1867,0.521
223.121,223.712,-0.9847,-0.123,0.3623,54.33,20.21,0.0,0.16,0.522
223.228,223.825,-0.9925,-0.119,0.367,52.24,15.76,0.0,0.08,0.532
223.321,223.919,-0.9871,-0.1179,0.3617,51.84,8.53,0.0,-0.0,0.533
223.421,224.097,-0.9769,-0.1179,0.3612,51.67,5.01,0.0063,-0.12,0.53
223.521,224.24,-0.9614,-0.1182,0.3606,51.42,2.02,0.0215,-0.0761,0.529
223.621,224.372,-0.9534,-0.119,0.3597,51.28,0.84,0.0189,-0.0638,0.53
223.721,224.52,-0.9504,-0.1201,0.3584,51.23,0.35,0.0032,-0.0445,0.531
223.821,224.662,-0.9502,-0.1214,0.3573,51.19,0.18,0.0,-0.0348,0.532
223.921,224.871,-0.9504,-0.1222,0.3562,51.11,0.21,0.0,-0.0249,0.533
224.021,225.068,-0.9517,-0.1227,0.3617,49.92,0.63,0.0003,-0.0265,0.534
224.121,225.234,-0.9615,-0.1244,0.3641,50.04,1.57,0.0,-0.0665,0.537
224.221,225.377,-0.9674,-0.1245,0.3406,50.5,0.39,0.0,-0.0474,0.54
224.321,225.528,-0.9735,-0.1219,0.3427,49.17,1.14,0.0,-0.0339,0.539
224.421,225.761,-0.9796,-0.1193,0.3451,49.9,1.33,0.0,-0.0111,0.542
224.521,225.984,-0.9826,-0.1165,0.3379,49.67,0.62,0.0,0.0384,0.537
224.621,226.086,-0.9869,-0.1121,0.344,49.67,0.71,0.0,0.0069,0.534
224.723,226.197,-0.9888,-0.1105,0.3555,51.03,0.71,0.0,-0.0042,0.531
224.824,226.297,-0.9845,-0.1084,0.3581,50.31,0.47,0.0,0.0758,0.524
224.921,226.391,-0.9797,-0.1081,0.3595,50.09,0.29,0.0054,0.0798,0.524
225.021,226.517,-0.9764,-0.107,0.3595,50.55,0.36,0.0029,0.0553,0.524
225.121,226.627,-0.9746,-0.1066,0.3535,50.59,0.19,0.0002,0.0551,0.522
225.222,226.754,-0.9749,-0.1063,0.3502,51.03,0.5,0.0014,0.0527,0.521
225.321,226.979,-0.9767,-0.106,0.3447,51.39,0.4,0.0001,0.0818,0.52
225.421,227.18,-0.9785,-0.1116,0.3515,51.86,0.15,0.0,0.1506,0.518
225.521,227.352,-0.98,-0.1175,0.3667,49.16,0.21,0.0,0.0306,0.52
225.621,227.462,-0.9817,-0.1205,0.3751,52.14,0.2,0.0,-0.0894,0.534
225.721,227.637,-0.984,-0.1213,0.3786,54.98,0.29,0.0,0.0306,0.533
225.821,227.786,-0.9859,-0.1264,0.3757,53.41,0.11,0.0,0.1506,0.521
225.921,227.963,-0.9897,-0.1317,0.3711,54.21,0.16,0.0,0.0081,0.53
226.021,228.134,-0.992,-0.1364,0.3654,54.6,0.16,0.0,0.047,0.534
226.121,228.255,-0.9927,-0.1396,0.3386,54.75,0.46,0.0,0.0477,0.536
226.221,228.382,-0.9916,-0.1435,0.3348,55.42,0.65,0.0,0.0337,0.539
226.321,228.512,-0.989,-0.1474,0.3394,55.07,0.99,0.0,0.0297,0.542
226.421,228.632,-0.9863,-0.1533,0.342,55.25,1.18,0.0,0.0062,0.545
226.521,228.752,-0.984,-0.1537,0.3384,55.56,0.79,0.0,0.0301,0.55
226.621,228.929,-0.9821,-0.1483,0.3396,55.56,0.51,0.0067,0.0436,0.551
226.721,229.193,-0.9858,-0.1444,0.3498,54.8,0.34,0.0019,-0.0772,0.547
226.821,229.298,-0.9904,-0.1466,0.3792,60.01,0.39,0.0003,-0.1572,0.544
226.921,229.4,-0.9936,-0.1459,0.3825,63.02,0.1,0.0,-0.0772,0.533
227.021,229.525,-0.9951,-0.1463,0.3835,60.02,0.22,0.0,-0.0372,0.524
227.121,229.626,-0.9945,-0.1449,0.3718,56.13,0.19,0.0002,-0.1172,0.533
227.221,229.762,-0.9926,-0.1466,0.3722,55.65,0.29,0.0001,-0.2,0.54
227.321,229.892,-0.9884,-0.1493,0.373,54.32,0.42,0.0,-0.12,0.545
227.421,230.111,-0.9856,-0.1532,0.3663,53.2,0.53,0.0,-0.1339,0.549
227.521,230.294,-0.9847,-0.1539,0.3847,61.52,0.64,0.0,-0.0603,0.557
227.621,230.397,-0.9849,-0.1516,0.3988,61.19,0.78,0.0069,0.0197,0.54
227.721,230.499,-0.9806,-0.1461,0.3979,52.5,0.26,0.007,0.0997,0.535
227.821,230.649,-0.9738,-0.1421,0.3888,51.41,0.39,0.0161,-0.0203,0.552
227.921,230.756,-0.9671,-0.1395,0.3638,51.62,0.53,0.0178,-0.1003,0.554
228.021,230.882,-0.9717,-0.1417,0.3646,50.03,0.44,0.0141,-0.1439,0.55
228.121,231.038,-0.9791,-0.1445,0.3633,50.57,0.55,0.0,-0.1247,0.555
228.221,231.305,-0.9924,-0.1523,0.3429,50.73,0.08,0.0,0.0618,0.558
228.321,231.44,-1.0018,-0.1568,0.3167,49.8,0.41,0.0001,0.001,0.563
228.422,231.549,-1.0143,-0.1589,0.319,50.29,0.82,0.0,-0.039,0.571
228.521,231.776,-1.0173,-0.1575,0.3216,50.47,0.69,0.0,0.0833,0.574
228.621,231.927,-1.0194,-0.1523,0.3304,51.0,1.36,0.0014,0.0865,0.571
228.721,232.088,-1.0265,-0.1451,0.3314,51.12,1.02,0.0003,0.0865,0.566
228.821,232.228,-1.0298,-0.1343,0.3396,49.43,1.44,0.0052,-0.0012,0.558
228.921,232.454,-1.0334,-0.1269,0.3507,50.33,1.49,0.003,-0.0617,0.553
229.021,232.588,-1.0357,-0.12,0.3149,51.29,1.53,0.0007,0.0583,0.544
229.121,232.734,-1.0443,-0.1133,0.3247,49.8,2.1,0.0019,0.1077,0.535
229.221,232.888,-1.0568,-0.1094,0.3337,51.08,1.81,0.0003,0.0277,0.534
229.321,233.11,-1.0631,-0.1046,0.3236,51.09,1.35,0.0,0.0843,0.525
229.421,233.314,-1.0666,-0.1013,0.3011,52.61,0.47,0.0006,0.1451,0.52
229.521,233.438,-1.0664,-0.1024,0.29,53.72,0.53,0.0003,0.1731,0.511
229.621,233.571,-1.0647,-0.0994,0.3028,53.12,0.67,0.0,0.1351,0.507
229.721,233.714,-1.0628,-0.0966,0.3176,54.5,0.51,0.0035,0.1025,0.508
229.821,233.861,-1.0591,-0.0956,0.3281,55.52,0.47,0.0023,0.1288,0.5
229.921,234.032,-1.054,-0.0937,0.3258,55.77,0.16,0.0068,0.0931,0.496
230.021,234.192,-1.0492,-0.092,0.3324,56.44,0.33,0.0071,0.0755,0.494
230.121,234.345,-1.0418,-0.0895,0.324,56.7,0.23,0.0063,0.0808,0.49
230.221,234.472,-1.0419,-0.0897,0.3358,55.91,0.3,0.0124,0.0811,0.486
230.321,234.597,-1.048,-0.0918,0.352,57.3,0.52,0.002,0.0201,0.488
230.421,234.702,-1.056,-0.0966,0.355,57.67,0.8,0.0005,0.1001,0.487
230.521,234.842,-1.0606,-0.0996,0.3471,58.03,0.66,0.0,0.1249,0.49
230.621,235.072,-1.0623,-0.101,0.3476,58.77,0.56,0.0,0.0962,0.492
230.721,235.314,-1.0625,-0.1071,0.3667,62.81,0.09,0.0,0.2,0.492
230.832,235.484,-1.0591,-0.1097,0.3711,61.2,0.09,0.0,0.1881,0.487
230.921,235.595,-1.0561,-0.113,0.384,63.04,0.38,0.0,0.1081,0.493
231.021,235.718,-1.05,-0.1162,0.3874,62.69,0.83,0.0,0.0798,0.495
231.121,235.894,-1.0456,-0.1239,0.3842,62.22,0.93,0.0,0.0312,0.495
231.221,236.067,-1.0437,-0.1266,0.3889,63.57,0.99,0.0,0.0037,0.504
231.321,236.232,-1.0431,-0.1296,0.3898,63.1,0.94,0.0,0.0437,0.506
231.421,236.422,-1.044,-0.1323,0.3585,62.51,0.69,0.0,-0.1113,0.507
231.521,236.562,-1.0427,-0.1407,0.3625,64.7,0.94,0.0,-0.0969,0.512
231.621,236.689,-1.0392,-0.1519,0.3611,62.7,1.14,0.0,-0.0169,0.515
231.721,236.832,-1.0353,-0.1583,0.3506,61.92,0.67,0.0,-0.121,0.528
231.821,236.976,-1.0326,-0.1577,0.3537,62.3,0.74,0.0,-0.1148,0.539
231.921,237.121,-1.0299,-0.1546,0.3564,61.42,0.96,0.0061,-0.05,0.54
232.021,237.25,-1.0286,-0.15,0.3415,60.56,0.5,0.0035,-0.0532,0.537
232.121,237.388,-1.0267,-0.1459,0.3392,60.32,0.6,0.0073,-0.0604,0.535
232.221,237.546,-1.026,-0.1423,0.3429,59.71,0.58,0.0035,-0.0387,0.532
232.321,237.668,-1.0274,-0.1381,0.3384,59.73,0.06,0.0031,-0.0181,0.529
232.421,237.801,-1.0294,-0.1351,0.3382,59.87,0.07,0.0024,0.0119,0.526
232.521,237.94,-1.031,-0.1319,0.3314,59.58,0.16,0.0,0.0186,0.522
232.621,238.104,-1.0364,-0.129,0.3385,59.02,0.69,0.0002,0.0267,0.52
232.721,238.268,-1.0392,-0.129,0.3438,59.81,0.25,0.0001,0.0165,0.519
232.821,238.523,-1.0388,-0.131,0.3444,59.91,0.08,0.0,0.0471,0.516
232.921,238.686,-1.0379,-0.1324,0.3453,60.11,0.1,0.0,0.0343,0.518
233.021,238.855,-1.0368,-0.1328,0.3458,60.24,0.14,0.0,0.0405,0.519
233.121,239.01,-1.0375,-0.1344,0.3591,58.51,0.16,0.0,0.0034,0.519
233.221,239.166,-1.0411,-0.1345,0.365,59.54,0.65,0.0,-0.1166,0.523
233.321,239.305,-1.0447,-0.1328,0.3413,60.06,0.58,0.0,-0.0366,0.523
233.421,239.429,-1.0502,-0.1323,0.3532,56.75,1.18,0.0,0.0386,0.52
233.521,239.602,-1.0575,-0.1322,0.3594,56.86,1.34,0.0,-0.0414,0.526
233.621,239.835,-1.0658,-0.1324,0.3351,58.5,0.36,0.0,0.1586,0.529
233.721,239.941,-1.071,-0.1316,0.3228,58.54,0.7,0.0,0.1887,0.523
233.821,240.104,-1.0695,-0.1285,0.3253,59.19,0.43,0.0,0.1087,0.523
233.921,240.215,-1.065,-0.1193,0.3304,59.82,0.7,0.0083,0.0749,0.519
234.022,240.365,-1.0625,-0.1032,0.3353,60.39,0.92,0.0302,0.0699,0.51
234.121,240.499,-1.0612,-0.0944,0.3351,60.79,0.71,0.0616,0.061,0.495
234.221,240.68,-1.0564,-0.0866,0.3336,60.91,0.52,0.0331,0.0463,0.481
234.321,240.786,-1.0556,-0.0824,0.3425,60.13,0.83,0.0241,0.0397,0.474
234.421,240.916,-1.0562,-0.0802,0.3496,60.96,0.62,0.0031,0.0447,0.471
234.521,241.071,-1.0573,-0.0845,0.3463,61.62,0.23,0.0,0.0799,0.467
234.621,241.203,-1.0598,-0.09,0.3466,61.34,0.42,0.0,0.052,0.468
234.721,241.375,-1.0643,-0.0959,0.3521,62.05,0.62,0.0,0.0446,0.473
234.821,241.522,-1.0703,-0.1033,0.3466,62.65,0.24,0.0001,0.0615,0.478
234.921,241.65,-1.0726,-0.1092,0.3471,62.3,0.13,0.0,0.0572,0.483
235.021,241.921,-1.0744,-0.1095,0.3511,63.17,0.58,0.0,0.0969,0.489
235.121,242.079,-1.0782,-0.1085,0.3161,63.61,0.86,0.0,0.1101,0.49
235.221,242.221,-1.0864,-0.1147,0.3097,64.14,0.77,0.0,0.0665,0.488
235.321,242.363,-1.0953,-0.1258,0.3155,64.87,0.87,0.0,0.0862,0.491
235.421,242.521,-1.095,-0.132,0.3241,64.75,0.15,0.0,0.0802,0.5
235.521,242.648,-1.0872,-0.1338,0.3156,65.35,0.44,0.0,0.0746,0.507
235.621,242.79,-1.0748,-0.1317,0.3172,65.74,0.71,0.0013,0.0702,0.509
235.721,243.025,-1.0623,-0.13,0.3237,65.86,1.22,0.0133,0.0598,0.507
235.821,243.169,-1.0497,-0.1301,0.2949,66.39,2.2,0.0132,0.0733,0.503
235.921,243.303,-1.0345,-0.1387,0.3078,67.04,3.62,0.0082,0.0572,0.502
236.021,243.436,-1.0222,-0.1479,0.3213,66.06,3.85,0.0,0.0972,0.507
236.121,243.596,-1.0116,-0.154,0.3181,67.19,2.07,0.0,-0.0228,0.517
236.221,243.699,-1.0003,-0.1483,0.3288,68.0,1.93,0.0029,-0.0632,0.525
236.321,243.833,-0.9914,-0.1421,0.3403,67.43,2.03,0.0239,0.0114,0.518
236.421,244.024,-0.9875,-0.1397,0.3442,67.56,1.1,0.0119,0.0216,0.512
236.521,244.277,-0.9866,-0.141,0.3708,72.72,1.44,0.0027,0.1107,0.51
236.621,244.424,-0.9889,-0.1434,0.4078,71.2,0.6,0.0051,0.1507,0.504
236.721,244.565,-0.991,-0.1464,0.4051,69.47,0.43,0.0011,0.0307,0.506
236.821,244.713,-0.9941,-0.1519,0.3915,69.52,0.58,0.0,-0.0607,0.511
236.921,244.839,-1.0013,-0.162,0.4014,67.26,0.74,0.0,-0.0373,0.516
237.021,245.081,-1.0103,-0.1785,0.3948,63.63,0.49,0.0,-0.1692,0.532
237.126,245.21,-1.016,-0.186,0.3521,64.26,0.65,0.0,-0.1707,0.552
237.221,245.303,-1.0369,-0.1862,0.3608,66.55,1.16,0.0,-0.1503,0.56
237.321,245.471,-1.0608,-0.1914,0.3551,66.91,2.03,0.0,0.0097,0.558
237.421,245.589,-1.0822,-0.1845,0.3206,68.5,0.34,0.0,0.0332,0.559
237.521,245.704,-1.1018,-0.1586,0.3211,68.11,4.0,0.0,0.0154,0.557
237.621,245.834,-1.117,-0.143,0.3326,67.87,2.17,0.0654,0.0554,0.532
237.721,245.995,-1.119,-0.1384,0.3356,69.02,1.35,0.0435,0.0312,0.516
237.821,246.185,-1.1219,-0.1296,0.3371,69.26,1.84,0.0071,0.0452,0.507
237.921,246.344,-1.1287,-0.1258,0.328,69.74,1.3,0.0089,0.0299,0.5
238.021,246.534,-1.1341,-0.1298,0.3167,69.64,1.05,0.0,0.0336,0.492
238.121,246.706,-1.1424,-0.1344,0.3295,68.8,1.61,0.0,0.0295,0.495
238.221,246.909,-1.1526,-0.145,0.3415,70.24,1.53,0.0,0.118,0.502
238.321,247.049,-1.1535,-0.1532,0.3492,70.06,0.49,0.0,0.1291,0.508
238.421,247.251,-1.1504,-0.1556,0.3486,70.54,0.36,0.0,0.0471,0.517
238.521,247.406,-1.1468,-0.1543,0.3356,71.52,0.18,0.0,0.0475,0.52
238.621,247.584,-1.1468,-0.1557,0.3465,69.36,0.24,0.0005,0.0867,0.517
238.721,247.739,-1.1478,-0.16,0.354,70.77,0.34,0.0,-0.0333,0.521
238.821,247.879,-1.1452,-0.1606,0.3494,71.76,0.31,0.0,0.0067,0.523
238.923,248.032,-1.1431,-0.1591,0.3513,71.07,0.17,0.0012,0.0467,0.523
239.021,248.127,-1.1442,-0.1593,0.352,71.41,0.11,0.0003,-0.0049,0.522
239.121,248.33,-1.1462,-0.1617,0.3517,71.96,0.09,0.0,0.0228,0.522
239.221,248.475,-1.1485,-0.1673,0.3706,67.65,0.12,0.0,0.0412,0.523
239.321,248.585,-1.1475,-0.1701,0.3711,68.03,0.12,0.0,-0.0388,0.534
239.421,248.717,-1.1491,-0.1713,0.3707,70.12,0.2,0.0,-0.0788,0.538
239.521,248.868,-1.1511,-0.171,0.3697,70.61,0.27,0.0,0.0412,0.536
239.621,249.077,-1.1544,-0.1699,0.3657,70.27,0.38,0.0004,0.0559,0.535
239.721,249.262,-1.158,-0.1663,0.328,70.98,0.46,0.0,-0.0065,0.534
239.821,249.38,-1.1688,-0.1631,0.3262,71.48,1.18,0.0112,0.0735,0.532
239.921,249.514,-1.183,-0.1714,0.3269,71.74,1.67,0.001,0.1422,0.526
240.021,249.624,-1.195,-0.1721,0.3143,72.66,1.52,0.0,0.1022,0.531
240.121,249.755,-1.2004,-0.1571,0.3186,73.01,1.49,0.0212,0.1022,0.535
240.221,249.868,-1.2052,-0.1478,0.3209,73.67,1.22,0.04,0.114,0.521
240.321,249.985,-1.2085,-0.1479,0.3312,74.35,1.15,0.0286,0.1199,0.508
240.421,250.138,-1.2085,-0.1475,0.3282,74.23,0.54,0.0,0.0757,0.507
240.521,250.305,-1.2061,-0.1468,0.3339,74.2,0.5,0.0,0.0441,0.506
240.621,250.476,-1.2017,-0.1499,0.3379,74.98,0.15,0.0,0.0649,0.506
240.721,250.698,-1.1913,-0.1549,0.3531,74.73,1.3,0.0001,0.0392,0.508
240.821,250.822,-1.1798,-0.1563,0.3252,74.71,1.6,0.0005,0.0435,0.512
240.921,250.965,-1.1687,-0.1579,0.3429,76.19,1.9,0.0119,0.0178,0.515
241.021,251.118,-1.1608,-0.1643,0.3464,75.93,1.6,0.001,0.0115,0.514
241.121,251.255,-1.1575,-0.1682,0.3393,75.94,1.1,0.0,0.0428,0.519
241.221,251.434,-1.1573,-0.1666,0.3405,76.08,0.7,0.001,0.0382,0.524
241.321,251.588,-1.1604,-0.1672,0.3562,73.92,0.18,0.0023,0.0307,0.523
241.421,251.735,-1.1659,-0.168,0.3655,73.81,0.87,0.0001,-0.0893,0.524
241.521,251.877,-1.1769,-0.172,0.3627,74.57,0.71,0.0,-0.0493,0.527
241.621,252.096,-1.1806,-0.177,0.3567,73.73,0.22,0.0,-0.0138,0.529
241.721,252.221,-1.1859,-0.1813,0.3628,75.08,0.86,0.0,-0.0101,0.535
241.821,252.354,-1.1868,-0.18,0.366,76.02,0.45,0.0,0.0299,0.538
241.921,252.542,-1.1816,-0.1716,0.3679,74.38,0.23,0.0189,0.1094,0.537
242.021,252.681,-1.1794,-0.166,0.3691,74.46,0.36,0.0254,-0.0106,0.531
242.121,252.821,-1.1743,-0.1615,0.3742,74.56,0.27,0.0182,-0.0456,0.524
242.221,252.948,-1.1722,-0.1613,0.3719,74.16,0.23,0.0103,-0.0144,0.52
242.321,253.126,-1.1712,-0.1623,0.3684,73.99,0.37,0.0,0.0125,0.52
242.421,253.283,-1.1707,-0.1617,0.3352,74.08,0.3,0.0,0.0151,0.521
242.521,253.504,-1.1775,-0.1608,0.3408,72.65,0.62,0.0001,-0.0249,0.521
242.621,253.635,-1.1811,-0.1632,0.3423,73.26,0.32,0.0,-0.0649,0.522
242.721,253.866,-1.1817,-0.1654,0.3421,72.96,0.22,0.0,0.0343,0.522
242.821,254.005,-1.185,-0.1681,0.3436,73.15,0.51,0.0,0.0168,0.525
242.921,254.115,-1.19,-0.1712,0.34,72.85,0.27,0.0,0.0215,0.527
243.021,254.243,-1.1895,-0.1722,0.3406,72.7,0.13,0.0,0.0218,0.53
243.121,254.424,-1.185,-0.1686,0.3431,73.15,0.2,0.0039,0.0444,0.532
243.221,254.578,-1.1813,-0.1638,0.3448,73.58,0.24,0.0076,0.0483,0.529
243.321,254.719,-1.1788,-0.1594,0.3508,72.55,0.28,0.0089,0.0165,0.524
243.421,254.848,-1.179,-0.1554,0.3557,73.33,0.24,0.006,-0.0541,0.521
243.521,254.996,-1.1804,-0.1532,0.3559,73.84,0.2,0.0036,0.0259,0.516
243.621,255.13,-1.1821,-0.151,0.3533,72.91,0.51,0.0007,0.0508,0.513
243.721,255.28,-1.1837,-0.1497,0.3493,73.37,0.37,0.0,-0.0292,0.512
243.821,255.4,-1.1848,-0.1535,0.3573,75.73,0.2,0.0,0.0152,0.51
243.921,255.526,-1.1845,-0.1526,0.3591,75.98,0.26,0.0,0.1308,0.511
244.021,255.668,-1.1833,-0.1497,0.3588,75.25,0.19,0.0009,0.0867,0.51
244.121,255.847,-1.1831,-0.1462,0.3575,75.73,0.16,0.0021,0.0412,0.508
244.221,255.987,-1.1829,-0.143,0.338,75.05,0.7,0.0017,0.0455,0.504
244.321,256.131,-1.1858,-0.1423,0.3391,74.66,0.69,0.0003,0.0064,0.501
244.421,256.296,-1.1904,-0.1456,0.3423,76.6,0.64,0.0,0.0063,0.501
244.521,256.508,-1.1911,-0.1471,0.3329,76.04,0.17,0.0,0.0908,0.501
244.621,256.643,-1.1893,-0.1472,0.3044,76.14,0.49,0.001,0.0168,0.504
244.721,256.818,-1.1816,-0.1478,0.3142,76.94,0.96,0.0001,0.028,0.503
244.821,256.984,-1.1706,-0.1508,0.3265,76.97,1.35,0.0,0.1428,0.503
244.921,257.167,-1.1653,-0.1552,0.3281,77.28,0.78,0.0,0.0851,0.505
245.021,257.32,-1.1659,-0.1603,0.3321,77.26,1.04,0.0,0.0375,0.509
245.121,257.454,-1.1648,-0.167,0.3404,76.79,1.07,0.0,0.0126,0.514
245.221,257.582,-1.1684,-0.1701,0.347,78.56,0.37,0.0,0.0072,0.52
245.321,257.739,-1.1753,-0.1696,0.3452,79.05,0.04,0.0,0.1272,0.523
245.421,257.966,-1.1832,-0.1707,0.3561,78.0,0.56,0.0,0.0593,0.522
245.521,258.116,-1.1876,-0.1764,0.3776,81.04,0.75,0.0,0.0193,0.524
245.621,258.269,-1.188,-0.1843,0.3883,88.38,1.02,0.0062,0.1393,0.527
245.721,258.433,-1.1842,-0.1904,0.3671,88.24,0.58,0.0004,0.1898,0.529
245.821,258.572,-1.1831,-0.1953,0.3837,86.81,1.03,0.0,0.1098,0.536
245.921,258.685,-1.1779,-0.1912,0.3872,85.92,2.37,0.0,0.0689,0.542
246.021,258.802,-1.1683,-0.1914,0.3852,83.52,1.71,0.0125,0.045,0.538
246.121,258.933,-1.1617,-0.188,0.3708,82.18,1.09,0.0043,-0.075,0.54
246.221,259.095,-1.1587,-0.1824,0.3653,82.15,0.86,0.0068,-0.1396,0.538
246.321,259.254,-1.1619,-0.1845,0.376,79.08,0.24,0.0064,-0.0539,0.533
246.421,259.385,-1.1669,-0.1918,0.3773,79.28,0.48,0.0013,-0.1339,0.535
246.521,259.54,-1.1724,-0.202,0.3645,80.25,0.05,0.0,-0.0139,0.542
246.622,259.651,-1.1762,-0.2043,0.3747,77.62,0.8,0.0,0.0661,0.551
246.721,259.797,-1.18,-0.2057,0.3758,75.84,0.87,0.0,0.0028,0.556
246.821,259.931,-1.1862,-0.2112,0.3732,77.05,1.1,0.0,-0.0372,0.56
246.921,260.109,-1.1904,-0.1941,0.3628,80.81,0.63,0.025,0.1228,0.564
247.021,260.256,-1.1921,-0.1773,0.3351,81.12,0.65,0.075,0.2,0.549
247.121,260.365,-1.1919,-0.1748,0.3422,82.15,0.48,0.0954,0.12,0.53
247.221,260.517,-1.1891,-0.1691,0.3432,82.38,1.05,0.0416,0.1248,0.526
247.321,260.662,-1.1859,-0.1595,0.3268,83.26,0.36,0.0306,0.1298,0.519
247.421,260.783,-1.1823,-0.155,0.3279,84.43,0.92,0.0338,0.1076,0.511
247.521,260.902,-1.1771,-0.1524,0.3383,84.08,1.47,0.0274,0.1111,0.505
247.621,261.057,-1.1699,-0.1507,0.3431,84.69,1.59,0.0101,0.0559,0.502
247.721,261.238,-1.1638,-0.1512,0.3322,84.97,1.22,0.0,0.0677,0.5
247.821,261.41,-1.1603,-0.1583,0.3141,85.28,0.61,0.0,0.0611,0.5
247.921,261.597,-1.1628,-0.1719,0.3103,85.82,0.27,0.0,0.0559,0.505
248.021,261.769,-1.1675,-0.185,0.3268,87.75,0.42,0.0,0.0799,0.517
248.121,261.936,-1.1673,-0.1886,0.3366,86.91,0.81,0.0,0.1199,0.53
248.221,262.13,-1.1698,-0.1854,0.3391,87.12,0.55,0.0087,-0.013,0.535
248.321,262.253,-1.1765,-0.1748,0.313,87.49,0.56,0.0137,0.0172,0.534
248.421,262.446,-1.1889,-0.1652,0.318,86.8,2.19,0.0436,0.0499,0.525
248.521,262.593,-1.2065,-0.1638,0.3374,87.35,1.87,0.0366,-0.0701,0.514
248.621,262.718,-1.2153,-0.1622,0.3416,87.06,1.52,0.0013,-0.0525,0.511
248.721,262.866,-1.2216,-0.1579,0.3449,86.77,1.21,0.0,-0.0273,0.511
248.821,263.083,-1.2231,-0.159,0.3452,86.65,0.83,0.0007,0.001,0.508
248.921,263.255,-1.2223,-0.1645,0.3287,86.56,0.49,0.0,0.0287,0.508
249.021,263.468,-1.2217,-0.1744,0.3061,86.85,0.54,0.0,0.0432,0.513
249.121,263.571,-1.2223,-0.168,0.2963,87.27,0.52,0.0,0.0342,0.521
249.225,263.682,-1.2284,-0.1616,0.3024,87.03,1.34,0.0054,0.0679,0.518
249.321,263.778,-1.2434,-0.154,0.3133,87.37,1.59,0.014,0.0578,0.51
249.421,263.979,-1.2538,-0.1605,0.3247,87.77,1.63,0.005,0.0719,0.503
249.521,264.141,-1.2628,-0.1682,0.3047,88.07,0.75,0.0,0.0826,0.507
249.621,264.336,-1.2692,-0.1725,0.3002,88.14,0.96,0.0037,0.0679,0.514
249.721,264.449,-1.2746,-0.1724,0.3056,88.71,0.78,0.0044,0.0581,0.52
249.821,264.588,-1.2755,-0.1693,0.3127,88.93,0.59,0.0029,0.0642,0.52
249.924,264.699,-1.2746,-0.1648,0.3165,89.39,0.41,0.0066,0.0631,0.517
250.021,264.79,-1.2694,-0.1669,0.3265,89.92,0.16,0.0128,0.0794,0.513
250.121,264.926,-1.2642,-0.1676,0.33,90.17,0.27,0.001,0.0916,0.514
250.221,265.072,-1.2566,-0.1727,0.3371,90.54,0.51,0.0,0.0796,0.515
250.321,265.287,-1.2547,-0.1733,0.34,90.81,0.37,0.0,0.093,0.519
250.421,265.465,-1.2551,-0.171,0.3115,90.95,0.25,0.0065,0.0418,0.521
250.521,265.657,-1.2624,-0.1709,0.31,91.47,0.6,0.0005,0.0721,0.519
250.621,265.843,-1.2629,-0.1748,0.3284,93.05,0.4,0.0008,0.1112,0.519
250.721,265.996,-1.2596,-0.1789,0.3477,91.34,0.25,0.0003,0.2,0.522
250.821,266.102,-1.2595,-0.181,0.3585,92.3,0.65,0.0,0.12,0.526
250.921,266.221,-1.2612,-0.1847,0.3598,93.65,0.47,0.0,0.08,0.528
251.021,266.377,-1.2609,-0.1879,0.3586,94.08,0.33,0.0,0.1073,0.531
251.121,266.599,-1.2588,-0.1884,0.3453,94.32,0.25,0.0,0.1047,0.535
251.221,266.701,-1.2534,-0.1848,0.3406,94.95,0.24,0.0,0.0743,0.537
251.321,266.803,-1.2479,-0.186,0.3439,95.1,0.58,0.0047,0.0691,0.533
251.421,266.929,-1.2434,-0.1889,0.3452,95.27,0.55,0.0006,0.0674,0.533
251.521,267.08,-1.2463,-0.1826,0.3481,95.64,0.24,0.0,0.0749,0.537
251.621,267.195,-1.2505,-0.1797,0.3373,96.17,0.41,0.0099,0.1102,0.532
251.721,267.356,-1.2578,-0.183,0.34,96.65,0.67,0.0047,0.1156,0.528
251.821,267.555,-1.2646,-0.1796,0.344,97.43,1.44,0.0077,0.1293,0.531
251.921,267.69,-1.2709,-0.1744,0.3252,97.99,1.1,0.008,0.1424,0.529
252.021,267.836,-1.2792,-0.1714,0.3306,98.61,1.18,0.0203,0.1321,0.526
252.121,267.969,-1.2841,-0.1732,0.3366,99.52,1.27,0.0151,0.1357,0.522
252.221,268.136,-1.2856,-0.1783,0.3323,100.19,0.9,0.0001,0.1282,0.523
252.321,268.434,-1.2849,-0.1826,0.3338,100.48,0.58,0.0,0.1114,0.528
252.421,268.59,-1.2811,-0.1834,0.3323,101.12,0.12,0.0002,0.1065,0.534
252.522,268.727,-1.2754,-0.1858,0.3347,101.62,0.45,0.0,0.1249,0.535
252.622,268.843,-1.2733,-0.1752,0.3342,100.27,0.49,0.0103,0.0849,0.538
252.721,268.937,-1.2676,-0.1642,0.3424,102.42,0.49,0.032,0.0109,0.527
252.821,269.071,-1.2617,-0.1634,0.3484,102.57,0.7,0.0253,0.0464,0.52
252.921,269.231,-1.2575,-0.1656,0.3385,102.96,0.21,0.0024,0.1063,0.517
253.021,269.357,-1.2509,-0.1707,0.3461,104.88,1.1,0.0,0.0663,0.52
253.121,269.516,-1.2429,-0.1751,0.356,103.95,1.42,0.0005,0.1037,0.527
253.221,269.693,-1.2325,-0.1775,0.3416,104.58,0.51,0.0001,0.0048,0.53
253.321,269.854,-1.2245,-0.1785,0.3542,107.58,1.38,0.0,0.061,0.533
253.421,270.009,-1.2148,-0.1779,0.36,106.16,1.55,0.0075,0.1409,0.539
253.521,270.119,-1.2113,-0.1669,0.3462,104.74,0.15,0.0051,0.0609,0.537
253.621,270.263,-1.2127,-0.147,0.3486,105.95,0.67,0.0551,-0.0591,0.528
253.721,270.382,-1.2146,-0.1341,0.3539,105.93,0.56,0.0953,0.0209,0.51
253.821,270.517,-1.2201,-0.1259,0.3523,106.09,0.15,0.0667,0.1058,0.496
253.921,270.68,-1.2267,-0.1184,0.3505,106.64,0.24,0.0475,0.1027,0.488
254.021,270.837,-1.2331,-0.1126,0.3362,107.08,0.63,0.0249,0.1252,0.481
254.121,271.016,-1.2441,-0.1133,0.3372,107.81,0.79,0.0087,0.1312,0.475
254.221,271.12,-1.2486,-0.1227,0.3514,110.44,0.99,0.0087,0.1312,0.475
254.321,271.317,-1.2481,-0.1321,0.3582,110.71,0.66,0.0,0.1522,0.485
254.421,271.449,-1.2455,-0.1365,0.3434,110.16,0.65,0.0,0.0722,0.498
254.521,271.586,-1.2411,-0.1408,0.3401,110.37,0.22,0.0006,-0.0478,0.501
254.621,271.703,-1.2337,-0.1405,0.3451,109.86,0.64,0.0019,-0.073,0.506
254.721,271.889,-1.2221,-0.1385,0.3491,109.14,1.16,0.0019,-0.0467,0.506
254.821,272.063,-1.2137,-0.1347,0.3501,110.01,0.91,0.0009,0.011,0.503
254.921,272.188,-1.2069,-0.1343,0.3546,109.34,1.08,0.0013,0.091,0.501
255.021,272.324,-1.1994,-0.1381,0.3499,109.67,0.78,0.0,0.0383,0.499
255.121,272.427,-1.1965,-0.1396,0.3466,110.12,0.75,0.0,0.0492,0.502
255.221,272.552,-1.1963,-0.1393,0.3571,110.66,0.65,0.0,0.0693,0.506
255.321,272.708,-1.1959,-0.1391,0.3586,110.64,0.58,0.0074,0.0367,0.507
255.421,272.885,-1.1983,-0.137,0.3377,110.87,0.3,0.0084,0.072,0.506
255.521,273.023,-1.1999,-0.1336,0.3328,111.05,0.36,0.0104,0.09,0.504
255.621,273.167,-1.2044,-0.1305,0.3343,111.29,0.1,0.0094,0.0738,0.501
255.721,273.35,-1.2114,-0.1296,0.3368,112.01,0.46,0.007,0.0843,0.499
255.821,273.581,-1.2179,-0.1303,0.3223,112.46,0.63,0.0048,0.0957,0.498
255.921,273.735,-1.2242,-0.137,0.3133,112.91,0.95,0.0021,0.1157,0.499
256.021,273.877,-1.2253,-0.1451,0.3248,114.48,1.01,0.0006,0.1175,0.506
256.121,274.027,-1.222,-0.1452,0.336,114.04,0.34,0.0016,0.1487,0.516
256.221,274.164,-1.2177,-0.1382,0.3249,114.66,0.21,0.0035,0.0834,0.518
256.321,274.308,-1.2105,-0.1281,0.3302,115.36,0.8,0.009,0.0903,0.513
256.421,274.44,-1.2021,-0.1188,0.3436,115.29,1.32,0.0187,0.0893,0.506
256.521,274.564,-1.1923,-0.1141,0.3457,115.84,1.05,0.0135,0.0942,0.497
256.621,274.686,-1.1852,-0.1075,0.3417,116.48,1.46,0.0083,0.1203,0.492
256.721,274.858,-1.1802,-0.0976,0.3425,116.97,1.3,0.0127,0.1442,0.489
256.821,274.999,-1.1759,-0.0985,0.3589,115.45,0.91,0.0151,0.1386,0.48
256.921,275.141,-1.1767,-0.1021,0.3672,116.87,0.4,0.0008,0.0186,0.477
257.021,275.299,-1.1796,-0.1062,0.3526,118.13,0.1,0.0027,0.0586,0.48
257.121,275.432,-1.184,-0.1175,0.3646,114.94,0.91,0.0039,0.1786,0.488
257.221,275.581,-1.1903,-0.1308,0.3688,114.89,1.45,0.0006,0.12,0.494
257.321,275.687,-1.1968,-0.1493,0.3547,118.76,0.97,0.0008,0.1232,0.5
257.421,275.814,-1.204,-0.1631,0.3409,120.15,1.67,0.0029,0.2,0.526
257.521,275.939,-1.2188,-0.1722,0.3424,121.56,2.3,0.0052,0.2,0.548
257.621,276.129,-1.23,-0.1743,0.3451,122.79,2.51,0.0181,0.1937,0.56
257.721,276.405,-1.2389,-0.1756,0.337,123.77,1.56,0.0204,0.1758,0.564
257.821,276.551,-1.2398,-0.1773,0.339,128.07,0.94,0.0336,0.191,0.569
257.921,276.655,-1.2313,-0.1817,0.3458,129.63,0.53,0.0184,0.1988,0.58
258.021,276.761,-1.2152,-0.1847,0.3456,127.65,1.53,0.0119,0.2,0.594
258.121,276.864,-1.2035,-0.179,0.3301,127.62,0.1,0.0049,0.12,0.591
258.222,276.994,-1.2018,-0.1634,0.3323,128.15,0.71,0.0087,0.04,0.588
258.321,277.134,-1.201,-0.1524,0.3367,128.22,1.04,0.0482,0.0463,0.576
258.421,277.239,-1.1992,-0.1482,0.3391,128.41,0.69,0.0427,0.055,0.564
258.523,277.341,-1.2012,-0.1446,0.3381,128.97,0.72,0.0342,0.0942,0.559
258.621,277.444,-1.2068,-0.1386,0.3445,129.51,0.6,0.0317,0.1101,0.557
258.721,277.543,-1.2144,-0.1337,0.3442,129.47,0.36,0.0399,0.1216,0.553
258.823,277.649,-1.2243,-0.1354,0.3499,129.9,0.39,0.033,0.0965,0.548
258.926,277.749,-1.2334,-0.1384,0.3505,130.81,0.5,0.0294,0.1231,0.549
259.021,277.84,-1.2368,-0.1441,0.3537,131.35,0.7,0.0248,0.1245,0.554
259.121,277.947,-1.2377,-0.1528,0.3541,131.89,0.76,0.0139,0.1356,0.563
259.221,278.051,-1.2373,-0.1552,0.3535,132.42,0.62,0.0119,0.1303,0.573
259.322,278.143,-1.2364,-0.153,0.3548,133.0,0.31,0.0145,0.1312,0.577
259.423,278.242,-1.2358,-0.1496,0.3559,133.92,0.34,0.0221,0.1369,0.577
259.528,278.353,-1.234,-0.145,0.3562,134.82,0.18,0.0249,0.1364,0.577
259.621,278.457,-1.2336,-0.1401,0.3538,135.28,0.29,0.0294,0.1349,0.577
259.724,278.553,-1.2303,-0.1365,0.3544,135.94,0.4,0.0285,0.1291,0.574
259.821,278.641,-1.2306,-0.1352,0.355,136.54,0.27,0.0261,0.1312,0.573
259.921,278.741,-1.2352,-0.1351,0.357,137.51,0.14,0.0278,0.1397,0.573
260.023,278.846,-1.2396,-0.1349,0.3554,138.13,0.16,0.0317,0.1392,0.576
260.123,278.945,-1.2462,-0.1339,0.3554,138.58,0.47,0.0378,0.131,0.579
260.221,279.057,-1.2516,-0.1325,0.3546,139.18,0.45,0.042,0.1272,0.579
260.322,279.146,-1.258,-0.1311,0.3552,140.31,0.46,0.0503,0.1311,0.58
260.421,279.245,-1.2615,-0.1309,0.3556,140.93,0.43,0.048,0.1343,0.583
260.521,279.358,-1.2639,-0.128,0.3538,141.31,0.3,0.0448,0.1221,0.585
260.622,279.457,-1.266,-0.1239,0.3546,141.85,0.16,0.0363,0.1041,0.584
260.721,279.549,-1.269,-0.1194,0.3543,142.57,0.21,0.0325,0.0976,0.583
260.822,279.655,-1.271,-0.1157,0.3562,143.1,0.33,0.0264,0.0964,0.581
260.922,279.757,-1.273,-0.1115,0.3538,143.65,0.21,0.0176,0.0947,0.58
261.021,279.855,-1.2729,-0.1099,0.3536,143.95,0.25,0.0088,0.0801,0.579
261.122,279.954,-1.2714,-0.1109,0.3529,144.38,0.1,0.0002,0.0773,0.578
261.221,280.047,-1.271,-0.1151,0.3529,145.11,0.12,0.0,0.0687,0.581
261.322,280.155,-1.2707,-0.1201,0.3527,145.54,0.37,0.0,0.0785,0.586
261.421,280.247,-1.2717,-0.1251,0.3501,145.72,0.41,0.0,0.0812,0.594
261.521,280.357,-1.273,-0.1256,0.3508,145.89,0.39,0.0,0.0716,0.599
261.621,280.456,-1.2754,-0.1234,0.352,146.42,0.32,0.0011,0.0658,0.601
261.722,280.554,-1.2757,-0.1216,0.3543,147.09,0.28,0.0019,0.0838,0.601
261.821,280.662,-1.2752,-0.1183,0.3513,147.38,0.11,0.0004,0.0867,0.603
261.924,280.759,-1.2734,-0.1172,0.3519,147.57,0.24,0.0002,0.0776,0.601
262.021,280.856,-1.27,-0.1168,0.3513,147.96,0.22,0.0,0.0755,0.601
262.124,280.955,-1.2692,-0.1187,0.3518,148.61,0.09,0.0,0.0814,0.602
262.221,281.062,-1.2697,-0.1221,0.3517,149.12,0.19,0.0,0.0808,0.606
262.321,281.15,-1.2709,-0.1235,0.3506,149.29,0.24,0.0,0.0814,0.611
262.421,281.258,-1.2726,-0.124,0.3515,149.62,0.27,0.0,0.0699,0.614
262.528,281.367,-1.275,-0.1231,0.3523,150.16,0.23,0.0,0.0778,0.618
262.622,281.457,-1.2746,-0.1229,0.3539,150.53,0.22,0.0009,0.0849,0.618
262.732,281.564,-1.2739,-0.1221,0.3512,150.81,0.05,0.0001,0.091,0.618
262.824,281.661,-1.2712,-0.1215,0.3515,151.13,0.14,0.0001,0.0874,0.618
262.922,281.759,-1.2689,-0.1212,0.3511,151.34,0.15,0.0,0.0718,0.616
263.021,281.857,-1.2684,-0.1221,0.3516,152.21,0.09,0.0,0.0646,0.614
263.121,281.959,-1.2687,-0.1249,0.3518,152.83,0.2,0.0,0.0749,0.605
263.222,282.063,-1.27,-0.1257,0.3507,152.93,0.23,0.0,0.0685,0.598
263.323,282.164,-1.2717,-0.1261,0.3519,153.16,0.3,0.0,0.0648,0.595
263.424,282.257,-1.2735,-0.1258,0.3523,153.53,0.24,0.0004,0.0512,0.593
263.523,282.361,-1.273,-0.1261,0.3543,154.11,0.21,0.0007,0.0544,0.59
263.621,282.46,-1.2723,-0.1262,0.3532,154.19,0.1,0.0001,0.0587,0.585
263.722,282.564,-1.2703,-0.1258,0.3536,154.28,0.14,0.0,0.0499,0.584
263.821,282.663,-1.2675,-0.1252,0.3531,154.57,0.13,0.0,0.0469,0.583
263.923,282.766,-1.2672,-0.1257,0.3531,155.02,0.12,0.0,0.0465,0.581
264.023,282.862,-1.2673,-0.1274,0.3534,155.29,0.17,0.0,0.0469,0.577
264.122,282.966,-1.2689,-0.1279,0.3524,155.38,0.22,0.0,0.044,0.574
264.223,283.06,-1.2696,-0.1279,0.3529,155.52,0.22,0.0,0.0462,0.572
264.323,283.163,-1.2714,-0.1275,0.3527,155.85,0.18,0.0,0.0521,0.571
264.421,283.263,-1.2713,-0.1277,0.3542,156.28,0.2,0.0,0.0587,0.569
264.522,283.358,-1.2707,-0.1279,0.353,156.47,0.08,0.0,0.0656,0.565
264.622,283.461,-1.269,-0.1278,0.3534,156.62,0.14,0.0,0.0584,0.563
264.721,283.566,-1.2668,-0.1275,0.3523,157.04,0.06,0.0,0.0544,0.562
264.821,283.667,-1.2665,-0.1282,0.3528,157.44,0.12,0.0,0.0543,0.559
264.921,283.765,-1.2666,-0.1305,0.3526,157.84,0.18,0.0,0.061,0.555
265.024,283.861,-1.2677,-0.1311,0.3519,157.9,0.24,0.0,0.0594,0.551
265.121,283.961,-1.2684,-0.1312,0.3524,158.09,0.22,0.0,0.0506,0.549
265.222,284.065,-1.2701,-0.1312,0.3526,158.46,0.19,0.0,0.049,0.547
265.322,284.167,-1.2698,-0.1317,0.3543,158.91,0.2,0.0,0.0565,0.545
265.421,284.266,-1.269,-0.1321,0.3532,159.11,0.1,0.0,0.0672,0.541
265.523,284.364,-1.2673,-0.1319,0.3538,159.19,0.13,0.0,0.0631,0.539
265.625,284.463,-1.2653,-0.1314,0.353,159.59,0.07,0.0,0.0657,0.538
265.721,284.565,-1.265,-0.1325,0.3537,160.21,0.13,0.0,0.0666,0.535
265.822,284.671,-1.2649,-0.1342,0.3535,160.54,0.19,0.0,0.0727,0.531
265.922,284.767,-1.2662,-0.1348,0.3523,160.76,0.21,0.0,0.068,0.527
266.022,284.868,-1.2672,-0.135,0.353,161.02,0.2,0.0019,0.066,0.524
266.121,284.966,-1.2688,-0.1351,0.3528,161.5,0.2,0.0003,0.0764,0.522
266.223,285.073,-1.2683,-0.1355,0.3544,161.97,0.2,0.0002,0.0718,0.52
266.322,285.164,-1.2673,-0.1357,0.3543,162.25,0.11,0.0,0.0786,0.516
266.421,285.262,-1.2657,-0.135,0.3547,162.43,0.12,0.0,0.0735,0.514
266.522,285.364,-1.2637,-0.134,0.3537,162.84,0.09,0.0,0.0756,0.513
266.622,285.462,-1.2635,-0.1343,0.3538,163.43,0.14,0.0,0.0884,0.511
266.721,285.557,-1.2634,-0.1357,0.3541,163.89,0.15,0.0,0.0931,0.507
266.821,285.667,-1.2646,-0.1362,0.3528,164.17,0.17,0.0,0.0999,0.503
266.921,285.763,-1.2652,-0.1365,0.3531,164.62,0.15,0.0,0.0845,0.5
267.021,285.866,-1.2665,-0.1369,0.3525,165.23,0.18,0.0,0.09,0.497
267.122,285.959,-1.2659,-0.1377,0.3542,165.86,0.19,0.0,0.1039,0.493
267.223,286.069,-1.2653,-0.1384,0.3532,166.26,0.11,0.0,0.108,0.488
267.321,286.166,-1.2643,-0.1381,0.3536,166.61,0.13,0.0,0.1045,0.485
267.424,286.267,-1.2633,-0.1373,0.3524,167.2,0.06,0.0,0.1011,0.483
267.522,286.372,-1.2634,-0.1376,0.3529,167.97,0.16,0.0015,0.0896,0.48
267.622,286.461,-1.2631,-0.1389,0.353,168.45,0.17,0.0003,0.1175,0.475
267.721,286.571,-1.2642,-0.1393,0.3516,168.79,0.17,0.0006,0.1039,0.472
267.821,286.671,-1.2646,-0.1394,0.352,169.32,0.12,0.0,0.0841,0.469
267.931,286.775,-1.2657,-0.1396,0.3517,169.95,0.15,0.0,0.0632,0.462
268.021,286.859,-1.2649,-0.1401,0.3534,170.52,0.16,0.0,0.0616,0.462
268.122,286.967,-1.2647,-0.1404,0.3522,170.67,0.1,0.0,0.0565,0.459
268.223,287.069,-1.2636,-0.14,0.353,170.77,0.12,0.0,0.0383,0.457
268.322,287.168,-1.2625,-0.1391,0.3522,171.04,0.06,0.0,0.0244,0.457
268.422,287.271,-1.2626,-0.1399,0.3531,171.47,0.14,0.0,0.0248,0.456
268.521,287.372,-1.2625,-0.1411,0.3527,171.57,0.16,0.0,0.0383,0.453
268.623,287.475,-1.2636,-0.1418,0.3521,171.56,0.23,0.0004,0.0547,0.452
268.722,287.571,-1.264,-0.1419,0.3525,171.71,0.17,0.0001,0.0463,0.451
268.821,287.674,-1.2653,-0.1418,0.3508,172.1,0.17,0.0,0.0393,0.45
268.921,287.778,-1.2646,-0.1418,0.3526,172.47,0.18,0.0,0.0472,0.448
269.022,287.874,-1.264,-0.1415,0.3528,172.62,0.07,0.0,0.0577,0.448
269.121,287.972,-1.2621,-0.1405,0.354,172.68,0.21,0.0,0.0544,0.448
269.224,288.073,-1.26,-0.1393,0.353,173.02,0.16,0.0,0.0498,0.448
269.323,288.174,-1.2601,-0.1403,0.3535,173.48,0.13,0.0,0.0546,0.448
269.421,288.281,-1.2608,-0.1428,0.3537,173.8,0.14,0.0,0.0604,0.448
269.521,288.368,-1.2622,-0.1438,0.3534,173.88,0.27,0.0,0.0592,0.448
269.622,288.465,-1.264,-0.145,0.3539,174.13,0.33,0.0,0.0631,0.448
269.721,288.579,-1.2659,-0.1458,0.3538,174.57,0.26,0.0,0.0659,0.448
269.824,288.677,-1.2648,-0.146,0.3551,175.02,0.21,0.0,0.0632,0.448
269.925,288.775,-1.2632,-0.1455,0.3557,175.27,0.05,0.0,0.0643,0.448
270.021,288.877,-1.2602,-0.1438,0.3561,175.41,0.21,0.0,0.0532,0.448
270.123,288.981,-1.2573,-0.1421,0.3546,175.77,0.15,0.0,0.0483,0.448
270.223,289.078,-1.257,-0.1434,0.3554,176.23,0.11,0.0,0.0512,0.448
270.323,289.176,-1.2573,-0.1454,0.3548,176.49,0.17,0.0,0.0528,0.448
270.422,289.283,-1.2599,-0.1469,0.3543,176.53,0.29,0.0,0.0502,0.448
270.521,289.38,-1.2619,-0.1478,0.3543,176.72,0.31,0.0003,0.0376,0.448
270.624,289.476,-1.2646,-0.1485,0.3537,177.1,0.26,0.0,0.0463,0.449
270.724,289.582,-1.2638,-0.148,0.3549,177.51,0.2,0.0015,0.0478,0.448
270.824,289.678,-1.2629,-0.1474,0.3546,177.57,0.09,0.0002,0.0461,0.448
270.921,289.769,-1.2592,-0.1457,0.355,177.67,0.23,0.0001,0.0401,0.448
271.022,289.879,-1.2571,-0.1447,0.3539,177.87,0.17,0.0,0.0526,0.448
271.123,289.974,-1.2562,-0.1459,0.3541,178.31,0.09,0.0,0.0629,0.448
271.226,290.073,-1.2558,-0.1488,0.3537,178.61,0.22,0.0,0.0647,0.448
271.326,290.178,-1.2576,-0.1506,0.3527,178.76,0.32,0.0,0.0697,0.449
271.422,290.282,-1.2602,-0.1518,0.3532,179.04,0.34,0.0009,0.0706,0.449
271.525,290.374,-1.2628,-0.1522,0.3531,179.54,0.27,0.0002,0.0713,0.449
271.622,290.476,-1.2621,-0.1512,0.3546,-179.99,0.23,0.001,0.0635,0.448
271.724,290.572,-1.261,-0.1498,0.3531,-179.75,0.09,0.0001,0.0605,0.449
271.823,290.682,-1.257,-0.1474,0.3535,-179.52,0.31,0.0001,0.0528,0.448
271.921,290.783,-1.2547,-0.1462,0.353,-179.26,0.24,0.0,0.0557,0.448
272.021,290.868,-1.2537,-0.1481,0.354,-178.68,0.08,0.0,0.0616,0.448
272.125,290.982,-1.2541,-0.1514,0.3525,-178.41,0.18,0.0,0.0723,0.449
272.222,291.082,-1.2564,-0.1536,0.3524,-178.24,0.4,0.0,0.0705,0.449
272.323,291.178,-1.2589,-0.155,0.3529,-177.99,0.42,0.0002,0.064,0.449
272.421,291.276,-1.2619,-0.1556,0.3532,-177.49,0.32,0.0039,0.0569,0.448
272.522,291.378,-1.2616,-0.1543,0.3547,-177.08,0.25,0.0021,0.062,0.449
272.622,291.482,-1.2608,-0.1526,0.3541,-176.87,0.11,0.0006,0.066,0.449
272.724,291.577,-1.2578,-0.1502,0.3547,-176.71,0.28,0.0,0.0642,0.449
272.821,291.678,-1.2548,-0.1482,0.3534,-176.29,0.21,0.0,0.0,0.449
272.923,291.791,-1.2537,-0.15,0.3541,-175.85,0.08,0.0,0.0166,0.448
273.021,291.885,-1.2538,-0.1527,0.3525,-175.83,0.18,0.0,0.0298,0.449
273.122,291.988,-1.256,-0.155,0.3518,-175.93,0.35,0.0,0.0,0.45
273.223,292.088,-1.259,-0.1568,0.3526,-175.9,0.39,0.0,0.01,0.449
273.321,292.191,-1.2618,-0.1576,0.3527,-175.62,0.32,0.0003,0.0137,0.449
273.422,292.286,-1.2612,-0.1565,0.3537,-175.53,0.2,0.0002,0.0226,0.448
273.521,292.388,-1.2602,-0.1551,0.3523,-175.55,0.13,0.0001,0.025,0.448
273.621,292.479,-1.256,-0.1525,0.353,-175.54,0.35,0.0,0.0138,0.448
273.721,292.594,-1.2538,-0.1513,0.3515,-175.31,0.2,0.0,0.0233,0.448
273.822,292.688,-1.2531,-0.1525,0.3526,-175.06,0.08,0.0,0.0279,0.448
273.924,292.792,-1.2535,-0.156,0.351,-174.96,0.15,0.0,0.0285,0.449
274.021,292.882,-1.2559,-0.1581,0.3519,-175.0,0.38,0.0,0.0314,0.45
274.121,292.982,-1.2592,-0.1595,0.3522,-174.81,0.34,0.0,0.0307,0.448
274.221,293.083,-1.2611,-0.1599,0.3524,-174.53,0.28,0.0019,0.03,0.449
274.323,293.186,-1.2608,-0.1586,0.3535,-174.31,0.2,0.0012,0.0348,0.45
274.421,293.293,-1.2598,-0.1572,0.3522,-174.29,0.17,0.0003,0.036,0.448
274.521,293.384,-1.2555,-0.1544,0.3528,-174.19,0.37,0.0,0.0327,0.45
274.621,293.484,-1.2536,-0.1539,0.3527,-173.91,0.19,0.0,0.0399,0.449
274.721,293.584,-1.2527,-0.156,0.3542,-173.55,0.08,0.0,0.0463,0.45
274.821,293.693,-1.2531,-0.1593,0.3527,-173.4,0.18,0.0,0.0546,0.449
274.921,293.796,-1.2548,-0.1609,0.353,-173.34,0.39,0.0,0.0721,0.448
275.021,293.888,-1.2577,-0.1627,0.3532,-173.0,0.39,0.0,0.0653,0.449
275.121,293.994,-1.2601,-0.1634,0.3534,-172.5,0.29,0.0002,0.0763,0.448
275.221,294.092,-1.2595,-0.1621,0.3543,-172.07,0.21,0.0,0.0775,0.448
275.323,294.197,-1.2582,-0.1604,0.3528,-171.83,0.1,0.0,0.0836,0.448
275.423,294.293,-1.2539,-0.1571,0.3529,-171.44,0.28,0.0,0.0763,0.449
275.524,294.396,-1.2513,-0.1561,0.3532,-170.99,0.06,0.0,0.0749,0.448
275.625,294.493,-1.2502,-0.158,0.3544,-170.49,0.1,0.0,0.0591,0.45
275.725,294.601,-1.2498,-0.1619,0.3535,-170.14,0.27,0.0,0.0655,0.448
275.823,294.693,-1.2524,-0.1645,0.3533,-170.01,0.47,0.0,0.0618,0.448
275.924,294.794,-1.2562,-0.1669,0.3539,-169.74,0.49,0.0,0.0,0.449
276.021,294.902,-1.2592,-0.1675,0.354,-169.48,0.37,0.0,0.0,0.45
276.125,294.993,-1.259,-0.1654,0.3545,-169.37,0.24,0.0,0.009,0.449
276.221,295.094,-1.2591,-0.1647,0.354,-169.39,0.2,0.0,0.008,0.45
276.321,295.195,-1.2593,-0.1649,0.354,-169.4,0.2,0.0,0.008,0.449
276.424,295.293,-1.2596,-0.1651,0.3541,-169.39,0.21,0.0,0.0,0.449
276.521,295.398,-1.2597,-0.1653,0.3541,-169.38,0.22,0.0,0.0,0.448
276.621,295.491,-1.2599,-0.1654,0.3542,-169.39,0.22,0.0,0.08,0.448
276.721,295.598,-1.26,-0.1656,0.3542,-169.22,0.22,0.0,0.12,0.448
276.821,295.691,-1.2602,-0.1664,0.3542,-168.7,0.21,0.0,0.12,0.45
276.921,295.802,-1.2612,-0.1679,0.3537,-167.85,0.22,0.0,0.04,0.448
277.021,295.897,-1.2613,-0.169,0.3541,-167.51,0.2,0.0,0.0,0.45
277.122,295.994,-1.2627,-0.1697,0.3508,-167.59,0.19,0.0,0.0,0.449
277.222,296.092,-1.263,-0.1698,0.3518,-167.72,0.21,0.0,0.0,0.449
277.321,296.185,-1.2634,-0.1697,0.3524,-167.71,0.15,0.0,0.0,0.448
277.424,296.294,-1.2638,-0.1698,0.3525,-167.69,0.17,0.0,0.0,0.448
277.522,296.39,-1.2644,-0.1699,0.3526,-167.69,0.18,0.0,0.0,0.45
277.624,296.491,-1.2647,-0.17,0.3527,-167.68,0.19,0.0,0.0,0.45
277.721,296.587,-1.2648,-0.17,0.3527,-167.7,0.19,0.0,0.0,0.45
277.822,296.692,-1.2649,-0.1701,0.3528,-167.69,0.19,0.0,0.0,0.45
277.921,296.791,-1.265,-0.1701,0.3528,-167.67,0.19,0.0,0.0,0.45
278.021,296.9,-1.265,-0.1701,0.3528,-167.67,0.19,0.0,0.0,0.449
278.123,296.997,-1.2651,-0.1702,0.3529,-167.67,0.19,0.0,0.0,0.45
278.221,297.101,-1.2653,-0.1703,0.3529,-167.67,0.2,0.0,0.0,0.449
278.322,297.197,-1.2654,-0.1703,0.353,-167.69,0.2,0.0,0.0,0.449
278.421,297.302,-1.2656,-0.1703,0.353,-167.72,0.2,0.0,0.0,0.45
278.526,297.404,-1.2657,-0.1704,0.3531,-167.69,0.2,0.0,0.0,0.45
278.632,297.503,-1.2657,-0.1704,0.3531,-167.66,0.2,0.0,0.0,0.449
278.725,297.602,-1.2658,-0.1704,0.3532,-167.69,0.2,0.0,0.0,0.449
278.821,297.701,-1.2658,-0.1704,0.3532,-167.79,0.2,0.0,0.0,0.449
278.921,297.804,-1.2658,-0.1704,0.3532,-167.74,0.2,0.0,0.0,0.448
279.021,297.896,-1.2659,-0.1704,0.3532,-167.73,0.2,0.0,0.0,0.45
279.123,298.006,-1.2659,-0.1705,0.3533,-167.71,0.2,0.0,0.0,0.45
279.222,298.099,-1.2659,-0.1705,0.3533,-167.71,0.2,0.0,0.0,0.45
279.323,298.2,-1.2659,-0.1704,0.3533,-167.74,0.2,0.0,0.0,0.45
279.421,298.303,-1.2659,-0.1704,0.3533,-167.73,0.2,0.0,0.0,0.45
279.521,298.403,-1.2659,-0.1705,0.3533,-167.71,0.2,0.0,0.0,0.45
279.632,298.508,-1.2659,-0.1705,0.3533,-167.71,0.2,0.0,0.0,0.449
279.722,298.6,-1.2659,-0.1705,0.3534,-167.69,0.2,0.0,0.0,0.449
279.822,298.699,-1.2659,-0.1705,0.3534,-167.71,0.2,0.0,0.0,0.449
279.921,298.799,-1.2659,-0.1705,0.3534,-167.69,0.2,0.0,0.0,0.45
280.022,298.908,-1.266,-0.1705,0.3534,-167.69,0.2,0.0,0.0,0.449
280.122,299.009,-1.266,-0.1705,0.3534,-167.7,0.2,0.0,0.0,0.449
280.222,299.105,-1.266,-0.1705,0.3534,-167.7,0.2,0.0,0.0,0.449
280.33,299.208,-1.266,-0.1705,0.3534,-167.73,0.2,0.0,0.0,0.449
280.421,299.305,-1.266,-0.1705,0.3534,-167.73,0.2,0.0,0.0,0.45
280.521,299.398,-1.266,-0.1705,0.3535,-167.75,0.2,0.0,0.0,0.45
280.621,299.511,-1.266,-0.1705,0.3535,-167.72,0.2,0.0,0.0,0.45
280.721,299.598,-1.266,-0.1705,0.3535,-167.74,0.2,0.0,0.0,0.45
280.822,299.707,-1.266,-0.1706,0.3535,-167.7,0.2,0.0,0.0,0.45
280.921,299.798,-1.266,-0.1705,0.3535,-167.71,0.2,0.0,0.0,0.449
281.026,299.91,-1.266,-0.1706,0.3535,-167.7,0.2,0.0,0.0,0.45
281.121,300.01,-1.266,-0.1706,0.3535,-167.7,0.2,0.0,0.0,0.45
281.221,300.109,-1.266,-0.1705,0.3535,-167.7,0.2,0.0,0.0,0.45
281.321,300.2,-1.266,-0.1705,0.3535,-167.72,0.2,0.0,0.0,0.45
281.422,300.31,-1.266,-0.1705,0.3535,-167.72,0.2,0.0,0.0,0.45
281.522,300.406,-1.2661,-0.1705,0.3535,-167.74,0.21,0.0,0.0,0.45
281.621,300.51,-1.2661,-0.1705,0.3535,-167.72,0.21,0.0,0.0,0.45
281.721,300.606,-1.2661,-0.1705,0.3535,-167.72,0.21,0.0,0.0,0.45
281.821,300.717,-1.2661,-0.1705,0.3535,-167.73,0.21,0.0,0.0,0.45
281.921,300.818,-1.2661,-0.1705,0.3536,-167.72,0.21,0.0,0.0,0.45
282.025,300.912,-1.2661,-0.1706,0.3536,-167.72,0.21,0.0,0.0,0.45
282.121,301.013,-1.266,-0.1706,0.3536,-167.7,0.21,0.0,0.0124,0.45
282.222,301.115,-1.2661,-0.1706,0.3536,-167.73,0.21,0.0,0.0029,0.449
282.323,301.222,-1.2661,-0.1706,0.3536,-167.73,0.21,0.0,-0.0165,0.45
282.421,301.315,-1.2661,-0.1706,0.3536,-167.72,0.21,0.0,-0.0156,0.45
282.523,301.414,-1.266,-0.1706,0.3536,-167.7,0.21,0.0,-0.0109,0.45
282.621,301.516,-1.2661,-0.1706,0.3536,-167.7,0.21,0.002,-0.0063,0.449
282.722,301.614,-1.2665,-0.1713,0.3524,-167.63,0.17,0.0012,0.0018,0.449
282.822,301.721,-1.2655,-0.1722,0.353,-167.52,0.2,0.0003,-0.0057,0.45
282.921,301.812,-1.2645,-0.1725,0.3544,-167.55,0.23,0.0,-0.0297,0.45
283.023,301.916,-1.265,-0.1723,0.3545,-167.49,0.21,0.0011,-0.039,0.45
283.122,302.014,-1.2656,-0.1722,0.3546,-167.53,0.22,0.0002,-0.0428,0.449
283.221,302.114,-1.2661,-0.172,0.3547,-167.55,0.22,0.0001,-0.0271,0.45
283.322,302.214,-1.2664,-0.1718,0.3547,-167.52,0.23,0.0,-0.0236,0.45
283.421,302.321,-1.2666,-0.1718,0.3547,-167.51,0.22,0.0018,-0.0113,0.45
283.523,302.413,-1.2667,-0.1717,0.3547,-167.55,0.22,0.0003,0.0069,0.45
283.622,302.518,-1.2667,-0.1717,0.3547,-167.52,0.22,0.0024,0.0146,0.448
283.728,302.621,-1.2668,-0.1717,0.3547,-167.49,0.22,0.0003,0.0133,0.45
283.828,302.716,-1.2674,-0.1714,0.3535,-167.49,0.14,0.0002,0.0012,0.45
283.921,302.819,-1.2674,-0.1701,0.3537,-167.59,0.23,0.0,0.0026,0.45
284.021,302.914,-1.2663,-0.1691,0.3536,-167.61,0.23,0.0,0.0145,0.448
284.122,303.021,-1.2666,-0.1695,0.3536,-167.58,0.2,0.0,0.0145,0.45
284.222,303.121,-1.2674,-0.17,0.3536,-167.57,0.2,0.0,0.0133,0.449
284.324,303.215,-1.2679,-0.1703,0.3537,-167.57,0.22,0.0,0.0265,0.448
284.424,303.323,-1.268,-0.1703,0.3537,-167.57,0.23,0.0,0.0395,0.45
284.522,303.414,-1.268,-0.1703,0.3537,-167.57,0.23,0.0,0.0381,0.45
284.621,303.513,-1.268,-0.1703,0.3537,-167.57,0.23,0.0,0.0381,0.45
284.722,303.615,-1.268,-0.1703,0.3537,-167.57,0.23,0.0,0.041,0.45
284.821,303.715,-1.268,-0.1703,0.3537,-167.57,0.23,0.0,0.0448,0.45
284.921,303.823,-1.268,-0.1703,0.3537,-167.57,0.23,0.0,0.0417,0.45
285.022,303.927,-1.268,-0.1703,0.3537,-167.57,0.23,0.0,0.0283,0.45
285.121,304.015,-1.268,-0.1703,0.3537,-167.57,0.23,0.0,0.0033,0.45
285.222,304.123,-1.268,-0.1703,0.3537,-167.57,0.23,0.0,-0.0073,0.45
285.322,304.226,-1.268,-0.1703,0.3537,-167.57,0.23,0.0,0.0076,0.45
285.422,304.332,-1.268,-0.1703,0.3537,-167.57,0.23,0.0,0.0184,0.45
285.521,304.428,-1.268,-0.1703,0.3537,-167.57,0.23,0.0,0.033,0.45
285.621,304.524,-1.268,-0.1703,0.3537,-167.57,0.23,0.0,0.0477,0.45
285.722,304.628,-1.268,-0.1703,0.3537,-167.57,0.23,0.0,0.0499,0.45
285.823,304.723,-1.268,-0.1703,0.3537,-167.57,0.23,0.0,0.0499,0.45
285.921,304.815,-1.268,-0.1703,0.3537,-167.57,0.23,0.0,0.0225,0.45
286.026,304.925,-1.268,-0.1703,0.3537,-167.57,0.23,0.0,0.0206,0.45
286.126,305.029,-1.268,-0.1703,0.3537,-167.57,0.23,0.0,0.0206,0.45
286.221,305.129,-1.268,-0.1703,0.3537,-167.57,0.23,0.0022,0.0557,0.45
286.323,305.225,-1.2681,-0.1704,0.3538,-167.51,0.21,0.0022,0.0557,0.45
286.423,305.323,-1.2684,-0.1708,0.3539,-167.28,0.2,0.0002,0.0512,0.449
286.524,305.427,-1.2696,-0.1711,0.3527,-166.93,0.14,0.0,0.0535,0.449
286.621,305.53,-1.2702,-0.1705,0.3532,-166.77,0.19,0.0,0.0535,0.449
286.726,305.626,-1.2709,-0.1702,0.3532,-166.44,0.08,0.001,0.0591,0.45
286.825,305.73,-1.2713,-0.172,0.3545,-165.83,0.16,0.0002,0.0759,0.448
286.922,305.83,-1.2712,-0.1737,0.3532,-165.63,0.18,0.0001,0.073,0.451
287.022,305.926,-1.272,-0.175,0.3514,-165.44,0.28,0.0,0.0746,0.448
287.121,306.03,-1.2725,-0.1757,0.3521,-165.23,0.26,0.0,0.0664,0.449
287.223,306.13,-1.2736,-0.1765,0.3524,-164.64,0.23,0.0,0.0796,0.448
287.323,306.222,-1.2725,-0.1766,0.3539,-164.13,0.21,0.0,0.0784,0.45
287.427,306.33,-1.2719,-0.1767,0.3524,-163.83,0.12,0.0003,0.0646,0.45
287.521,306.427,-1.2711,-0.1756,0.3531,-163.7,0.12,0.0001,0.0456,0.448
287.621,306.529,-1.271,-0.1741,0.3525,-163.26,0.04,0.0,0.0566,0.449
287.721,306.633,-1.271,-0.1744,0.3533,-162.81,0.14,0.0,0.0602,0.451
287.821,306.727,-1.2706,-0.1753,0.3531,-162.54,0.16,0.0,0.048,0.449
287.925,306.825,-1.2715,-0.1759,0.3524,-162.54,0.17,0.0,0.048,0.448
288.022,306.935,-1.2726,-0.1758,0.3513,-162.17,0.12,0.0001,0.0616,0.451
288.122,307.029,-1.2737,-0.1763,0.3495,-161.78,0.16,0.0001,0.0667,0.448
288.222,307.139,-1.2737,-0.1762,0.3513,-161.33,0.17,0.0,0.0767,0.448
288.321,307.225,-1.2741,-0.1766,0.3511,-161.19,0.1,0.0,0.0633,0.451
288.421,307.332,-1.2735,-0.1762,0.3524,-161.01,0.14,0.0,0.0633,0.449
288.521,307.431,-1.2731,-0.1756,0.3516,-160.61,0.07,0.0,0.0615,0.451
288.621,307.53,-1.2721,-0.1761,0.3528,-160.08,0.16,0.0,0.0701,0.451
288.721,307.631,-1.2704,-0.1772,0.3524,-159.81,0.21,0.0,0.0681,0.451
288.823,307.738,-1.2706,-0.1777,0.3521,-159.57,0.2,0.0,0.0681,0.451
288.923,307.832,-1.2714,-0.1773,0.3522,-159.27,0.13,0.0,0.0628,0.448
289.021,307.927,-1.2724,-0.1776,0.3521,-158.88,0.15,0.0,0.0567,0.45
289.123,308.033,-1.272,-0.1773,0.3536,-158.3,0.15,0.0,0.0757,0.45
289.221,308.131,-1.2723,-0.1773,0.353,-158.18,0.08,0.0,0.0663,0.452
289.321,308.237,-1.2712,-0.1761,0.3536,-157.82,0.1,0.0,0.0557,0.449
289.421,308.334,-1.2705,-0.1756,0.3535,-157.47,0.07,0.0,0.0353,0.451
289.521,308.43,-1.2694,-0.176,0.3548,-156.89,0.16,0.0,0.0702,0.45
289.622,308.534,-1.2676,-0.1773,0.3542,-156.65,0.22,0.0,0.0562,0.45
289.722,308.634,-1.2682,-0.1781,0.3535,-156.7,0.23,0.0,0.0538,0.45
289.821,308.74,-1.2692,-0.1782,0.3538,-156.44,0.17,0.0,0.0589,0.45
289.923,308.836,-1.2706,-0.1788,0.3532,-156.27,0.16,0.0,0.0589,0.452
290.021,308.938,-1.2704,-0.1785,0.3546,-155.52,0.18,0.0,0.0702,0.45
290.121,309.035,-1.2706,-0.1785,0.3538,-155.57,0.1,0.0,0.0702,0.449
290.221,309.137,-1.2697,-0.1776,0.3549,-155.7,0.15,0.0,0.0794,0.449
290.322,309.236,-1.2693,-0.1767,0.3548,-155.08,0.08,0.0,0.0691,0.448
290.425,309.343,-1.2681,-0.1777,0.3564,-153.83,0.2,0.0,0.1091,0.453
290.522,309.447,-1.2677,-0.1791,0.3517,-153.93,0.1,0.0,0.0969,0.448
290.621,309.548,-1.268,-0.1806,0.349,-153.59,0.29,0.0,0.0907,0.451
290.721,309.645,-1.2691,-0.182,0.35,-153.19,0.25,0.0,0.0839,0.45
290.823,309.743,-1.2706,-0.1841,0.3511,-152.48,0.27,0.0002,0.0971,0.45
290.923,309.848,-1.2705,-0.1849,0.3527,-151.93,0.22,0.0,0.0837,0.451
291.021,309.939,-1.2714,-0.1854,0.3499,-151.7,0.21,0.0,0.0874,0.449
291.122,310.052,-1.2713,-0.185,0.351,-151.4,0.17,0.0,0.0769,0.451
291.223,310.154,-1.2716,-0.1847,0.3523,-150.75,0.14,0.0,0.0825,0.448
291.324,310.254,-1.2704,-0.1841,0.354,-150.19,0.17,0.0,0.0825,0.449
291.423,310.343,-1.2695,-0.1841,0.3523,-149.97,0.1,0.0,0.0828,0.452
291.523,310.451,-1.2693,-0.1831,0.3519,-149.63,0.11,0.0,0.075,0.451
291.621,310.548,-1.2692,-0.1813,0.3515,-149.21,0.1,0.0,0.0758,0.451
291.721,310.653,-1.2699,-0.1818,0.352,-148.43,0.13,0.0001,0.0874,0.448
291.823,310.745,-1.2696,-0.1825,0.3525,-148.04,0.12,0.0,0.0878,0.45
291.921,310.845,-1.2704,-0.184,0.3506,-147.85,0.15,0.0,0.0835,0.45
292.022,310.951,-1.2702,-0.1846,0.3517,-147.59,0.19,0.0,0.0835,0.452
292.122,311.052,-1.2701,-0.1855,0.3526,-147.13,0.18,0.0,0.0764,0.455
292.221,311.15,-1.2682,-0.1857,0.3544,-146.52,0.21,0.0,0.0624,0.451
292.322,311.246,-1.2659,-0.1861,0.3515,-146.25,0.24,0.0,0.068,0.449
292.421,311.347,-1.266,-0.1857,0.3516,-146.15,0.21,0.0,0.066,0.452
292.521,311.441,-1.2679,-0.1845,0.3517,-145.68,0.07,0.0,0.076,0.45
292.622,311.545,-1.2693,-0.1848,0.3523,-145.16,0.17,0.0,0.0938,0.455
292.724,311.649,-1.271,-0.1848,0.3531,-144.5,0.15,0.0,0.0806,0.45
292.822,311.754,-1.2721,-0.185,0.3519,-144.37,0.15,0.0,0.0869,0.45
292.921,311.85,-1.2715,-0.1841,0.3528,-144.08,0.16,0.0,0.0615,0.45
293.021,311.945,-1.2709,-0.184,0.3523,-143.66,0.06,0.0,0.0575,0.455
293.121,312.053,-1.269,-0.1847,0.3538,-143.13,0.16,0.0,0.0572,0.455
293.223,312.146,-1.267,-0.1861,0.3527,-142.91,0.23,0.0,0.0572,0.45
293.321,312.254,-1.2674,-0.187,0.3529,-142.83,0.29,0.0,0.0703,0.455
293.421,312.353,-1.2687,-0.1876,0.3522,-142.5,0.19,0.0,0.0603,0.451
293.521,312.454,-1.27,-0.1883,0.3519,-142.0,0.21,0.0,0.0648,0.451
293.624,312.557,-1.2701,-0.1877,0.3528,-141.64,0.17,0.0,0.0626,0.45
293.721,312.645,-1.2706,-0.1872,0.3518,-141.5,0.09,0.0,0.0722,0.448
293.821,312.745,-1.2702,-0.1853,0.3526,-141.24,0.14,0.0,0.0722,0.453
293.923,312.855,-1.2706,-0.1842,0.3524,-140.75,0.08,0.0,0.0658,0.45
294.024,312.958,-1.2697,-0.1849,0.354,-140.16,0.13,0.0,0.0716,0.45
294.121,313.062,-1.2695,-0.1866,0.3527,-139.92,0.13,0.0,0.0919,0.448
294.222,313.154,-1.2695,-0.1875,0.3533,-139.75,0.25,0.0023,0.0729,0.448
294.322,313.258,-1.2699,-0.1886,0.3529,-139.2,0.17,0.0004,0.0728,0.45
294.423,313.358,-1.2696,-0.1893,0.3534,-138.74,0.21,0.0002,0.0806,0.45
294.522,313.459,-1.2679,-0.1892,0.354,-138.27,0.23,0.0002,0.0806,0.453
294.621,313.562,-1.268,-0.1892,0.3526,-138.05,0.16,0.0,0.0924,0.45
294.721,313.659,-1.2685,-0.1882,0.3532,-137.71,0.1,0.0,0.0836,0.451
294.821,313.761,-1.2699,-0.1876,0.3534,-137.16,0.1,0.0,0.0904,0.45
294.923,313.864,-1.2704,-0.1872,0.355,-136.46,0.18,0.0,0.0895,0.454
295.021,313.965,-1.2707,-0.1873,0.3545,-136.14,0.09,0.0,0.0889,0.455
295.124,314.068,-1.2708,-0.1865,0.3548,-135.87,0.16,0.0,0.0718,0.453
295.222,314.16,-1.2708,-0.1859,0.3537,-135.4,0.07,0.0,0.0559,0.449
295.323,314.266,-1.27,-0.1868,0.3544,-134.85,0.16,0.0,0.0426,0.448
295.421,314.357,-1.2685,-0.1877,0.3543,-134.61,0.25,0.0,0.0607,0.452
295.521,314.457,-1.2686,-0.1892,0.3531,-134.53,0.26,0.0,0.0625,0.448
295.622,314.563,-1.2689,-0.1902,0.3536,-134.3,0.28,0.0,0.0538,0.449
295.723,314.665,-1.2699,-0.1908,0.3538,-133.8,0.22,0.0,0.0555,0.45
295.821,314.767,-1.2693,-0.1894,0.3548,-133.39,0.21,0.0,0.0505,0.45
295.921,314.865,-1.2691,-0.1884,0.3542,-133.24,0.08,0.0,0.0597,0.453
296.021,314.961,-1.2694,-0.1861,0.3544,-133.16,0.18,0.0,0.0552,0.45
296.122,315.071,-1.2704,-0.1833,0.3522,-132.84,0.25,0.0,0.0621,0.454
296.221,315.157,-1.2715,-0.1838,0.352,-132.25,0.2,0.0,0.0562,0.451
296.321,315.266,-1.2717,-0.1856,0.3517,-132.03,0.12,0.0,0.0595,0.449
296.422,315.373,-1.2727,-0.1885,0.3506,-131.93,0.21,0.001,0.0534,0.451
296.521,315.472,-1.2721,-0.191,0.3516,-131.69,0.38,0.0002,0.0497,0.454
296.622,315.578,-1.2719,-0.1931,0.3503,-131.33,0.32,0.0001,0.0553,0.454
296.724,315.67,-1.2699,-0.1919,0.352,-130.88,0.28,0.0,0.0547,0.449
296.822,315.761,-1.2679,-0.1904,0.3511,-130.71,0.22,0.0,0.0524,0.451
296.924,315.87,-1.2677,-0.188,0.352,-130.59,0.08,0.0,0.049,0.45
297.021,315.972,-1.2691,-0.1856,0.3511,-130.23,0.09,0.0,0.044,0.453
297.124,316.073,-1.2704,-0.1863,0.3522,-129.81,0.14,0.0,0.0552,0.455
297.221,316.161,-1.2709,-0.1876,0.3518,-129.58,0.11,0.0,0.0536,0.449
297.322,316.271,-1.2721,-0.1898,0.3508,-129.58,0.19,0.0,0.059,0.456
297.422,316.373,-1.272,-0.1913,0.3519,-129.41,0.23,0.0,0.0575,0.449
297.521,316.473,-1.2718,-0.1924,0.352,-128.99,0.21,0.0,0.0622,0.452
297.623,316.573,-1.2693,-0.1913,0.3536,-128.49,0.26,0.0,0.0713,0.451
297.721,316.666,-1.2683,-0.1906,0.354,-128.26,0.2,0.0,0.0705,0.454
297.821,316.761,-1.2686,-0.1886,0.3548,-127.98,0.09,0.0,0.0642,0.451
297.921,316.87,-1.2696,-0.1874,0.3539,-127.62,0.04,0.0,0.0633,0.448
298.022,316.974,-1.27,-0.1876,0.3542,-127.16,0.15,0.0,0.0608,0.456
298.123,317.075,-1.2699,-0.1882,0.3544,-126.84,0.15,0.0,0.0663,0.453
298.221,317.176,-1.2707,-0.1893,0.3537,-126.79,0.17,0.0,0.0601,0.449
298.321,317.274,-1.2705,-0.1894,0.354,-126.53,0.18,0.0,0.0497,0.451
298.421,317.374,-1.2701,-0.1898,0.3537,-126.02,0.18,0.0,0.0583,0.458
298.521,317.468,-1.2681,-0.1888,0.3548,-125.64,0.25,0.0,0.0726,0.451
298.624,317.576,-1.2668,-0.1883,0.3548,-125.38,0.21,0.0,0.0704,0.45
298.722,317.678,-1.2673,-0.1874,0.3554,-125.18,0.16,0.0,0.071,0.45
298.821,317.78,-1.2685,-0.1871,0.3546,-124.8,0.1,0.0,0.0724,0.456
298.928,317.874,-1.2692,-0.1875,0.3552,-124.18,0.19,0.0,0.0819,0.458
299.022,317.973,-1.2691,-0.1878,0.3543,-123.85,0.16,0.0,0.0849,0.452
299.122,318.074,-1.27,-0.1886,0.3528,-123.61,0.17,0.0,0.0781,0.451
299.221,318.165,-1.2704,-0.1882,0.3534,-123.16,0.15,0.0,0.0668,0.449
299.326,318.275,-1.2703,-0.1887,0.3532,-122.66,0.14,0.0,0.0553,0.453
299.423,318.379,-1.2692,-0.188,0.3542,-122.33,0.19,0.0,0.0598,0.451
299.521,318.465,-1.2685,-0.1876,0.3542,-122.11,0.11,0.0,0.0539,0.451
299.621,318.576,-1.2688,-0.1867,0.3552,-122.07,0.13,0.0,0.0487,0.453
299.722,318.677,-1.2698,-0.1858,0.3545,-121.77,0.06,0.0,0.0393,0.456
299.825,318.78,-1.2699,-0.1862,0.355,-121.35,0.15,0.0,0.044,0.457
299.922,318.866,-1.2692,-0.1867,0.3548,-121.13,0.18,0.0,0.0475,0.456
300.022,318.979,-1.2698,-0.1879,0.3539,-121.04,0.21,0.0,0.0509,0.455
300.121,319.065,-1.2697,-0.1883,0.354,-120.86,0.22,0.0,0.0512,0.454
300.225,319.177,-1.2694,-0.1888,0.3534,-120.41,0.19,0.0,0.0569,0.456
300.322,319.285,-1.2682,-0.1878,0.3543,-120.12,0.23,0.0,0.0674,0.458
300.424,319.375,-1.2672,-0.1873,0.3543,-119.81,0.2,0.0,0.0689,0.453
300.521,319.477,-1.2676,-0.1865,0.355,-119.72,0.18,0.0,0.0631,0.454
300.622,319.573,-1.2688,-0.186,0.3542,-119.34,0.09,0.0,0.0632,0.454
300.721,319.668,-1.2689,-0.1863,0.3548,-118.83,0.18,0.0,0.0731,0.459
300.822,319.774,-1.2684,-0.1865,0.3538,-118.49,0.18,0.0,0.0806,0.452
300.921,319.877,-1.2691,-0.1873,0.3523,-118.28,0.2,0.0,0.0765,0.45
301.022,319.976,-1.2695,-0.1872,0.3529,-117.88,0.15,0.0,0.0704,0.454
301.122,320.08,-1.2697,-0.1879,0.3533,-117.23,0.16,0.0,0.0692,0.45
301.222,320.185,-1.269,-0.1875,0.3543,-116.89,0.2,0.0,0.0734,0.455
301.321,320.276,-1.2686,-0.1879,0.3542,-116.64,0.17,0.0,0.0748,0.456
301.423,320.375,-1.2688,-0.1876,0.355,-116.48,0.22,0.0,0.0659,0.452
301.522,320.482,-1.2693,-0.1873,0.3547,-116.06,0.14,0.0,0.0635,0.456
301.621,320.575,-1.2688,-0.187,0.3555,-115.53,0.21,0.0,0.0667,0.448
301.721,320.679,-1.2675,-0.1863,0.3546,-115.19,0.26,0.0,0.0669,0.45
301.827,320.779,-1.2679,-0.1866,0.3535,-115.07,0.23,0.0,0.0637,0.448
301.921,320.873,-1.2688,-0.1862,0.354,-114.84,0.17,0.0,0.0539,0.452
302.021,320.982,-1.2694,-0.187,0.3538,-114.34,0.18,0.0,0.0508,0.453
302.123,321.082,-1.269,-0.1866,0.3545,-113.89,0.2,0.0,0.0597,0.459
302.221,321.188,-1.2694,-0.1871,0.3536,-113.77,0.15,0.0,0.0567,0.454
302.321,321.283,-1.2697,-0.1866,0.3542,-113.6,0.19,0.0,0.05,0.454
302.422,321.388,-1.2701,-0.1861,0.3537,-113.31,0.12,0.0,0.0435,0.449
302.521,321.492,-1.2692,-0.1856,0.3547,-112.9,0.19,0.0,0.0439,0.459
302.624,321.585,-1.2678,-0.1849,0.3543,-112.64,0.22,0.0,0.0461,0.455
302.722,321.694,-1.2684,-0.1851,0.354,-112.63,0.18,0.0,0.042,0.457
302.825,321.789,-1.2697,-0.185,0.3539,-112.41,0.12,0.0,0.0361,0.456
302.921,321.88,-1.2701,-0.1859,0.3536,-112.11,0.16,0.0,0.0371,0.45
303.022,321.995,-1.2698,-0.1859,0.3544,-111.84,0.17,0.0,0.0459,0.45
303.121,322.092,-1.2703,-0.1866,0.3531,-111.77,0.13,0.0,0.0487,0.451
303.231,322.195,-1.2705,-0.1861,0.3539,-111.67,0.17,0.0,0.038,0.46
303.323,322.291,-1.2705,-0.1857,0.3539,-111.32,0.12,0.0,0.0326,0.46
303.421,322.397,-1.2695,-0.1851,0.3549,-111.03,0.18,0.0,0.0341,0.46
303.521,322.495,-1.2677,-0.1845,0.3536,-110.87,0.25,0.0,0.0313,0.46
303.623,322.603,-1.2679,-0.1849,0.3529,-110.91,0.24,0.0,0.0244,0.454
303.728,322.694,-1.2691,-0.1851,0.3532,-110.79,0.13,0.0,0.017,0.455
303.824,322.79,-1.2695,-0.186,0.3531,-110.56,0.16,0.0,0.0066,0.452
303.922,322.902,-1.2694,-0.1858,0.3532,-110.43,0.16,0.0,0.0005,0.458
304.022,322.996,-1.27,-0.1863,0.3513,-110.53,0.12,0.0,0.0005,0.452
304.122,323.096,-1.2705,-0.1851,0.3522,-110.64,0.11,0.0,-0.0099,0.454
304.222,323.198,-1.271,-0.1849,0.3537,-110.65,0.13,0.0,-0.0088,0.452
304.324,323.296,-1.2713,-0.186,0.354,-110.62,0.17,0.0,-0.0057,0.454
304.422,323.402,-1.2714,-0.1867,0.3542,-110.6,0.2,0.0,-0.0064,0.46
304.522,323.494,-1.2714,-0.1869,0.3542,-110.59,0.2,0.0,-0.0109,0.456
304.623,323.599,-1.2714,-0.1869,0.3542,-110.59,0.2,0.0,-0.0127,0.455
304.725,323.696,-1.2714,-0.1869,0.3542,-110.58,0.2,0.0,-0.0134,0.454
304.822,323.797,-1.2714,-0.1869,0.3542,-110.58,0.2,0.0,-0.0121,0.454
304.922,323.897,-1.2714,-0.1869,0.3542,-110.58,0.2,0.0,-0.0093,0.454
305.022,324.009,-1.2714,-0.1869,0.3542,-110.58,0.2,0.0,-0.0127,0.454
305.124,324.109,-1.2714,-0.1869,0.3542,-110.58,0.2,0.0,-0.0144,0.454
305.222,324.202,-1.2714,-0.1869,0.3542,-110.58,0.2,0.0,-0.0193,0.454
305.323,324.306,-1.2714,-0.1869,0.3542,-110.58,0.2,0.0,-0.0218,0.454
305.423,324.411,-1.2714,-0.1869,0.3542,-110.58,0.2,0.0,-0.0223,0.454
305.522,324.496,-1.2714,-0.1869,0.3542,-110.57,0.2,0.0,-0.0193,0.454
305.624,324.604,-1.2714,-0.1869,0.3542,-110.57,0.2,0.0,-0.0205,0.454
305.722,324.695,-1.2714,-0.1869,0.3542,-110.57,0.2,0.0,-0.0168,0.454
305.822,324.807,-1.2714,-0.1869,0.3542,-110.57,0.2,0.0,-0.0204,0.454
305.925,324.902,-1.2714,-0.1869,0.3542,-110.57,0.2,0.0,-0.0212,0.454
306.022,325.0,-1.2714,-0.1869,0.3542,-110.57,0.2,0.0,-0.0241,0.454
306.122,325.108,-1.2714,-0.1869,0.3542,-110.57,0.2,0.0,-0.0191,0.454
306.223,325.208,-1.2714,-0.1869,0.3542,-110.57,0.2,0.0,-0.0198,0.454
306.322,325.301,-1.2714,-0.1869,0.3542,-110.57,0.2,0.0,-0.0213,0.454
306.422,325.41,-1.2714,-0.1869,0.3542,-110.57,0.2,0.0,-0.0184,0.454
306.522,325.511,-1.2714,-0.1869,0.3542,-110.57,0.2,0.0,-0.0203,0.454
306.626,325.619,-1.2714,-0.1869,0.3542,-110.57,0.2,0.0,-0.0192,0.454
306.722,325.727,-1.2714,-0.1869,0.3542,-110.57,0.2,0.0,-0.0252,0.454
306.822,325.872,-1.2714,-0.1869,0.3542,-110.57,0.2,0.0,-0.0248,0.454
306.922,326.093,-1.2714,-0.1869,0.3542,-110.57,0.2,0.0,-0.027,0.454
307.022,326.335,-1.2714,-0.1869,0.3542,-110.57,0.2,0.0,-0.0193,0.454
307.122,326.523,-1.2714,-0.1869,0.3542,-110.57,0.2,0.0,-0.0209,0.454
307.222,326.65,-1.2714,-0.1869,0.3542,-110.57,0.2,0.0,-0.0194,0.454
307.322,326.801,-1.2714,-0.1869,0.3542,-110.57,0.2,0.0,-0.0195,0.454
307.422,326.919,-1.2714,-0.1869,0.3542,-110.57,0.2,0.0,-0.0198,0.454
307.522,327.03,-1.2714,-0.1869,0.3542,-110.57,0.2,0.0,-0.0214,0.454
307.622,327.142,-1.2714,-0.1869,0.3542,-110.57,0.2,0.0,-0.0189,0.454
307.722,327.255,-1.2714,-0.1869,0.3542,-110.57,0.2,0.0,-0.0202,0.454
307.822,327.377,-1.2714,-0.1869,0.3542,-110.57,0.2,0.0,-0.0239,0.454
307.924,327.513,-1.2714,-0.1869,0.3542,-110.57,0.2,0.0,-0.0219,0.454
308.022,327.637,-1.2714,-0.1869,0.3542,-110.57,0.2,0.0,-0.0202,0.454
308.122,327.77,-1.2714,-0.1869,0.3542,-110.57,0.2,0.0,-0.0227,0.454
308.222,328.009,-1.2714,-0.1869,0.3542,-110.57,0.2,0.0,-0.0261,0.454
308.322,328.287,-1.2714,-0.1869,0.3542,-110.57,0.2,0.0,-0.0287,0.454
308.422,328.445,-1.2714,-0.1869,0.3542,-110.57,0.2,0.0,-0.0267,0.454
308.522,328.569,-1.2714,-0.1869,0.3542,-110.57,0.2,0.0,-0.0237,0.454
308.622,328.71,-1.2714,-0.1869,0.3542,-110.57,0.2,0.0,-0.0266,0.454
308.722,328.881,-1.2714,-0.1869,0.3542,-110.57,0.2,0.0,-0.0265,0.454
308.822,329.06,-1.2714,-0.1869,0.3542,-110.57,0.2,0.0,-0.0286,0.454
308.922,329.222,-1.2714,-0.1869,0.3542,-110.57,0.2,0.0,-0.0277,0.454
309.022,329.372,-1.2714,-0.1869,0.3542,-110.57,0.2,0.0,-0.0315,0.454
309.126,329.538,-1.2714,-0.1869,0.3542,-110.57,0.2,0.0,-0.0308,0.454
309.223,329.685,-1.2714,-0.1869,0.3542,-110.57,0.2,0.0,-0.0285,0.454
309.322,329.825,-1.2714,-0.1869,0.3542,-110.57,0.2,0.0,-0.0286,0.454
309.422,329.981,-1.2714,-0.1869,0.3542,-110.57,0.2,0.0,-0.0244,0.454
309.522,330.138,-1.2714,-0.1869,0.3542,-110.57,0.2,0.0,-0.0196,0.454
309.622,330.304,-1.2714,-0.1869,0.3542,-110.57,0.2,0.0,-0.0259,0.454
309.722,330.484,-1.2714,-0.1869,0.3542,-110.57,0.2,0.0,-0.0214,0.454
309.836,330.674,-1.2714,-0.1869,0.3542,-110.57,0.2,0.0,-0.0262,0.454
309.922,330.816,-1.2714,-0.1869,0.3542,-110.57,0.2,0.0,-0.0276,0.454
310.025,331.002,-1.2714,-0.1869,0.3542,-110.57,0.2,0.0,-0.0335,0.454
310.124,331.156,-1.2714,-0.1869,0.3542,-110.57,0.2,0.0,-0.0312,0.454
310.222,331.269,-1.2714,-0.1869,0.3542,-110.57,0.2,0.0,-0.0315,0.454
310.323,331.443,-1.2714,-0.1869,0.3542,-110.57,0.2,0.0,-0.0266,0.454
310.422,331.567,-1.2714,-0.1869,0.3542,-110.57,0.2,0.0,-0.0202,0.454
310.527,331.728,-1.2714,-0.1869,0.3542,-110.57,0.2,0.0,-0.0293,0.454
310.622,331.846,-1.2714,-0.1869,0.3542,-110.57,0.2,0.0,-0.0351,0.454
310.728,331.991,-1.2714,-0.1869,0.3542,-110.57,0.2,0.0,-0.0342,0.454
310.822,332.133,-1.2714,-0.1869,0.3542,-110.57,0.2,0.0,-0.0378,0.454
310.928,332.308,-1.2714,-0.1869,0.3542,-110.57,0.2,0.0,-0.0403,0.454
311.026,332.481,-1.2714,-0.1869,0.3542,-110.57,0.2,0.0,-0.0389,0.454
311.122,332.681,-1.2714,-0.1869,0.3542,-110.57,0.2,0.0,-0.0368,0.454
311.223,332.919,-1.2714,-0.1869,0.3542,-110.57,0.2,0.0,-0.0337,0.454
311.322,333.209,-1.2714,-0.1869,0.3542,-110.57,0.2,0.0,-0.031,0.454
311.422,333.51,-1.2714,-0.1869,0.3542,-110.57,0.2,0.0,-0.0263,0.454
311.527,333.687,-1.2714,-0.1869,0.3542,-110.57,0.2,0.0,-0.0251,0.454
311.622,333.816,-1.2714,-0.1869,0.3542,-110.57,0.2,0.0,-0.0324,0.454
311.723,333.982,-1.2714,-0.1869,0.3542,-110.57,0.2,0.0,-0.0363,0.454
311.822,334.129,-1.2714,-0.1869,0.3542,-110.57,0.2,0.0,-0.0359,0.454
311.924,334.311,-1.2714,-0.1869,0.3542,-110.57,0.2,0.0,-0.0397,0.454
312.025,334.497,-1.2714,-0.1869,0.3542,-110.57,0.2,0.0,-0.0325,0.454
312.123,334.638,-1.2714,-0.1869,0.3542,-110.57,0.2,0.0,-0.0324,0.454
312.224,334.778,-1.2714,-0.1869,0.3542,-110.57,0.2,0.0,-0.0328,0.454
312.322,334.911,-1.2714,-0.1869,0.3542,-110.57,0.2,0.0,-0.0367,0.454
312.422,335.127,-1.2714,-0.1869,0.3542,-110.57,0.2,0.0,-0.0361,0.454
312.523,335.264,-1.2714,-0.1869,0.3542,-110.57,0.2,0.0,-0.0299,0.454
312.622,335.431,-1.2714,-0.1869,0.3542,-110.57,0.2,0.0,-0.0285,0.454
312.722,335.603,-1.2714,-0.1869,0.3542,-110.57,0.2,0.0,-0.0334,0.454
312.822,335.751,-1.2714,-0.1869,0.3542,-110.57,0.2,0.0,-0.0352,0.454
312.925,335.923,-1.2714,-0.1869,0.3542,-110.57,0.2,0.0,-0.0329,0.454
313.022,336.065,-1.2714,-0.1869,0.3542,-110.57,0.2,0.0,-0.0314,0.454
313.122,336.213,-1.2714,-0.1869,0.3542,-110.57,0.2,0.0,-0.0276,0.454
313.223,336.402,-1.2714,-0.1869,0.3542,-110.57,0.2,0.0,-0.0287,0.454
313.327,336.571,-1.2714,-0.1869,0.3542,-110.57,0.2,0.0,-0.0345,0.454
313.422,336.722,-1.2714,-0.1869,0.3542,-110.57,0.2,0.0,-0.0368,0.454
313.523,336.922,-1.2714,-0.1869,0.3542,-110.57,0.2,0.0,-0.0314,0.454
313.622,337.105,-1.2714,-0.1869,0.3542,-110.57,0.2,0.0,-0.0265,0.454
313.73,337.324,-1.2714,-0.1869,0.3542,-110.57,0.2,0.0,-0.0211,0.454
313.822,337.459,-1.2714,-0.1869,0.3542,-110.57,0.2,0.0,-0.026,0.454
313.922,337.601,-1.2714,-0.1869,0.3542,-110.57,0.2,0.0,-0.0294,0.454
314.026,337.739,-1.2714,-0.1869,0.3542,-110.57,0.2,0.0,-0.0262,0.454
314.122,337.873,-1.2714,-0.1869,0.3542,-110.57,0.2,0.0,-0.0261,0.454
314.222,338.058,-1.2714,-0.1869,0.3542,-110.57,0.2,0.0,-0.0289,0.454
314.322,338.195,-1.2714,-0.1869,0.3542,-110.57,0.2,0.0,-0.0333,0.454
314.422,338.351,-1.2714,-0.1869,0.3542,-110.57,0.2,0.0,-0.0342,0.454
314.522,338.477,-1.2714,-0.1869,0.3542,-110.57,0.2,0.0,-0.0351,0.454
314.622,338.618,-1.2714,-0.1869,0.3542,-110.57,0.2,0.0,-0.0272,0.454
314.723,338.788,-1.2714,-0.1869,0.3542,-110.57,0.2,0.0,-0.028,0.454
314.822,338.912,-1.2714,-0.1869,0.3542,-110.57,0.2,0.0,-0.0236,0.454
314.922,339.067,-1.2714,-0.1869,0.3542,-110.57,0.2,0.0,-0.0267,0.454
315.022,339.208,-1.2714,-0.1869,0.3542,-110.57,0.2,0.0,-0.0311,0.454
315.122,339.358,-1.2714,-0.1869,0.3542,-110.57,0.2,0.0,-0.0336,0.454
315.222,339.498,-1.2714,-0.1869,0.3542,-110.57,0.2,0.0,-0.0359,0.454
315.322,339.636,-1.2714,-0.1869,0.3542,-110.57,0.2,0.0,-0.0394,0.454
315.422,339.774,-1.2714,-0.1869,0.3542,-110.57,0.2,0.0,-0.0454,0.454
315.522,339.917,-1.2714,-0.1869,0.3542,-110.57,0.2,0.0,-0.0434,0.454
315.622,340.057,-1.2714,-0.1869,0.3542,-110.57,0.2,0.0,-0.0401,0.454
315.722,340.208,-1.2714,-0.1869,0.3542,-110.57,0.2,0.0,-0.0381,0.454
315.825,340.391,-1.2714,-0.1869,0.3542,-110.57,0.2,0.0,-0.0346,0.454
315.924,340.535,-1.2714,-0.1869,0.3542,-110.57,0.2,0.0,-0.0328,0.454
316.022,340.698,-1.2714,-0.1869,0.3542,-110.57,0.2,0.0,-0.0287,0.454
316.125,340.848,-1.2714,-0.1869,0.3542,-110.57,0.2,0.0,-0.0291,0.454
316.222,340.98,-1.2714,-0.1869,0.3542,-110.57,0.2,0.0,-0.0305,0.454
316.322,341.181,-1.2714,-0.1869,0.3542,-110.57,0.2,0.0,-0.0319,0.454
316.423,341.332,-1.2714,-0.1869,0.3542,-110.57,0.2,0.0,-0.0306,0.454
316.522,341.469,-1.2714,-0.1869,0.3542,-110.57,0.2,0.0,-0.0346,0.454
316.622,341.602,-1.2714,-0.1869,0.3542,-110.57,0.2,0.0,-0.0303,0.454
316.723,341.764,-1.2714,-0.1869,0.3542,-110.57,0.2,0.0,-0.0321,0.454
316.822,341.903,-1.2714,-0.1869,0.3542,-110.57,0.2,0.0,-0.0255,0.454
316.922,342.038,-1.2714,-0.1869,0.3542,-110.57,0.2,0.0,-0.0316,0.454
317.022,342.173,-1.2714,-0.1869,0.3542,-110.57,0.2,0.0,-0.031,0.454
317.122,342.346,-1.2714,-0.1869,0.3542,-110.57,0.2,0.0,-0.0307,0.454
317.222,342.494,-1.2714,-0.1869,0.3542,-110.57,0.2,0.0,-0.0292,0.454
317.322,342.638,-1.2714,-0.1869,0.3542,-110.57,0.2,0.0,-0.0322,0.454
317.422,342.805,-1.2714,-0.1869,0.3542,-110.57,0.2,0.0,-0.0339,0.454
317.522,342.985,-1.2714,-0.1869,0.3542,-110.57,0.2,0.0,-0.0407,0.454
317.631,343.133,-1.2714,-0.1869,0.3542,-110.57,0.2,0.0,-0.0344,0.454
317.725,343.284,-1.2714,-0.1869,0.3542,-110.57,0.2,0.0,-0.0326,0.454
317.824,343.431,-1.2714,-0.1869,0.3542,-110.57,0.2,0.0,-0.025,0.454
317.923,343.554,-1.2714,-0.1869,0.3542,-110.57,0.2,0.0,-0.0215,0.454
318.022,343.738,-1.2714,-0.1869,0.3542,-110.57,0.2,0.0,-0.0357,0.454
318.122,344.313,-1.2714,-0.1869,0.3542,-110.57,0.2,0.0,-0.032,0.454
318.222,344.465,-1.2714,-0.1869,0.3542,-110.57,0.2,0.0,-0.0381,0.454
318.322,344.583,-1.2714,-0.1869,0.3542,-110.57,0.2,0.0,-0.0362,0.454
318.422,344.716,-1.2714,-0.1869,0.3542,-110.57,0.2,0.0,-0.0347,0.454
318.522,344.836,-1.2714,-0.1869,0.3542,-110.57,0.2,0.0,-0.0351,0.454
318.626,344.97,-1.2714,-0.1869,0.3542,-110.57,0.2,0.0,-0.0331,0.454
318.722,345.078,-1.2714,-0.1869,0.3542,-110.57,0.2,0.0,-0.0379,0.454
318.822,345.213,-1.2714,-0.1869,0.3542,-110.57,0.2,0.0,-0.0387,0.454
318.923,345.348,-1.2714,-0.1869,0.3542,-110.57,0.2,0.0,-0.0292,0.454
319.022,345.462,-1.2714,-0.1869,0.3542,-110.57,0.2,0.0,-0.0256,0.454
319.123,345.622,-1.2714,-0.1869,0.3542,-110.57,0.2,0.0,-0.0295,0.454
319.223,345.732,-1.2714,-0.1869,0.3542,-110.57,0.2,0.0,-0.0358,0.454
319.323,345.859,-1.2714,-0.1869,0.3542,-110.57,0.2,0.0,-0.0364,0.454
319.422,345.975,-1.2714,-0.1869,0.3542,-110.57,0.2,0.0,-0.0365,0.454
319.522,346.102,-1.2714,-0.1869,0.3542,-110.57,0.2,0.0,-0.0353,0.454
319.622,346.291,-1.2714,-0.1869,0.3542,-110.57,0.2,0.0,-0.04,0.454
319.722,346.429,-1.2714,-0.1869,0.3542,-110.57,0.2,0.0,-0.0418,0.454
319.824,346.564,-1.2714,-0.1869,0.3542,-110.57,0.2,0.0,-0.0409,0.454
319.922,346.679,-1.2714,-0.1869,0.3542,-110.57,0.2,0.0,-0.0372,0.454
320.022,346.813,-1.2714,-0.1869,0.3542,-110.57,0.2,0.0,-0.0359,0.454
320.122,346.937,-1.2714,-0.1869,0.3542,-110.57,0.2,0.0,-0.0371,0.454
320.222,347.058,-1.2714,-0.1869,0.3542,-110.57,0.2,0.0,-0.0341,0.454
320.326,347.199,-1.2714,-0.1869,0.3542,-110.57,0.2,0.0,-0.0337,0.454
320.422,347.324,-1.2714,-0.1869,0.3542,-110.57,0.2,0.0,-0.0298,0.454
320.524,347.443,-1.2714,-0.1869,0.3542,-110.57,0.2,0.0,-0.0309,0.454
320.625,347.576,-1.2714,-0.1869,0.3542,-110.57,0.2,0.0,-0.0323,0.454
320.723,347.715,-1.2714,-0.1869,0.3542,-110.57,0.2,0.0,-0.0321,0.454
320.827,347.862,-1.2714,-0.1869,0.3542,-110.57,0.2,0.0,-0.0311,0.454
320.922,347.996,-1.2714,-0.1869,0.3542,-110.57,0.2,0.0,-0.0273,0.454
321.025,348.148,-1.2714,-0.1869,0.3542,-110.57,0.2,0.0,-0.0273,0.454
321.125,348.255,-1.2714,-0.1869,0.3542,-110.57,0.2,0.0,-0.0248,0.454
321.222,348.358,-1.2714,-0.1869,0.3542,-110.57,0.2,0.0,-0.0271,0.454
321.322,348.544,-1.2714,-0.1869,0.3542,-110.57,0.2,0.0,-0.0282,0.454
321.422,348.673,-1.2714,-0.1869,0.3542,-110.57,0.2,0.0,-0.0302,0.454
321.523,348.844,-1.2714,-0.1869,0.3542,-110.57,0.2,0.0,-0.0276,0.454
321.622,348.97,-1.2714,-0.1869,0.3542,-110.57,0.2,0.0,-0.0278,0.454
321.723,349.107,-1.2714,-0.1869,0.3542,-110.57,0.2,0.0,-0.0293,0.454
321.822,349.246,-1.2714,-0.1869,0.3542,-110.57,0.2,0.0,-0.0229,0.454
321.923,349.378,-1.2714,-0.1869,0.3542,-110.57,0.2,0.0,-0.0258,0.454
322.022,349.52,-1.2714,-0.1869,0.3542,-110.57,0.2,0.0,-0.0257,0.454
322.133,349.681,-1.2714,-0.1869,0.3542,-110.57,0.2,0.0,0.0002,0.454
322.227,349.811,-1.2714,-0.1869,0.3542,-110.57,0.2,0.0,-0.0068,0.454
322.322,349.938,-1.2714,-0.1869,0.3542,-110.57,0.2,0.0,-0.013,0.454
322.422,350.101,-1.2714,-0.1869,0.3542,-110.57,0.2,0.0,-0.0167,0.454
322.524,350.249,-1.2714,-0.1869,0.3542,-110.57,0.2,0.0,-0.015,0.454
322.622,350.371,-1.2714,-0.1869,0.3542,-110.57,0.2,0.0,-0.0149,0.454
322.722,350.51,-1.2714,-0.1869,0.3542,-110.57,0.2,0.0,-0.0119,0.454
322.822,350.667,-1.2714,-0.1869,0.3542,-110.57,0.2,0.0,-0.0111,0.454
322.922,350.784,-1.2714,-0.1869,0.3542,-110.57,0.2,0.0,-0.0074,0.454
323.028,350.933,-1.2714,-0.1869,0.3542,-110.57,0.2,0.0,-0.0058,0.454
323.123,351.079,-1.2714,-0.1869,0.3542,-110.57,0.2,0.0,-0.0058,0.454
323.222,351.223,-1.2714,-0.1869,0.3542,-110.57,0.2,0.0,-0.0089,0.454
323.324,351.382,-1.2714,-0.1869,0.3542,-110.57,0.2,0.0,-0.0074,0.454
323.422,351.491,-1.2714,-0.1869,0.3542,-110.57,0.2,0.0,-0.015,0.454
323.522,351.617,-1.2714,-0.1869,0.3542,-110.57,0.2,0.0,-0.0142,0.454
323.622,351.751,-1.2714,-0.1869,0.3542,-110.57,0.2,0.0,-0.0216,0.454
323.722,351.894,-1.2714,-0.1869,0.3542,-110.57,0.2,0.0,-0.0103,0.454
323.824,352.072,-1.2714,-0.1869,0.3542,-110.57,0.2,0.0,-0.0117,0.454
323.922,352.177,-1.2714,-0.1869,0.3542,-110.57,0.2,0.0,-0.0148,0.454
324.022,352.317,-1.2714,-0.1869,0.3542,-110.57,0.2,0.0,-0.0168,0.454
324.122,352.442,-1.2714,-0.1869,0.3542,-110.57,0.2,0.0,-0.0188,0.454
324.223,352.613,-1.2714,-0.1869,0.3542,-110.57,0.2,0.0,-0.0217,0.454
324.322,352.723,-1.2714,-0.1869,0.3542,-110.57,0.2,0.0,-0.0215,0.454
324.422,352.864,-1.2714,-0.1869,0.3542,-110.57,0.2,0.0,-0.0208,0.454
324.522,353.007,-1.2714,-0.1869,0.3542,-110.57,0.2,0.0,-0.0204,0.454
324.624,353.179,-1.2714,-0.1869,0.3542,-110.57,0.2,0.0,-0.0232,0.454
324.727,353.321,-1.2714,-0.1869,0.3542,-110.57,0.2,0.0,-0.027,0.454
324.822,353.454,-1.2714,-0.1869,0.3542,-110.57,0.2,0.0,-0.0293,0.454
324.923,353.605,-1.2714,-0.1869,0.3542,-110.57,0.2,0.0,-0.028,0.454
325.022,353.742,-1.2714,-0.1869,0.3542,-110.57,0.2,0.0,-0.0242,0.454
325.122,353.907,-1.2714,-0.1869,0.3542,-110.57,0.2,0.0,-0.0197,0.454
325.225,354.064,-1.2714,-0.1869,0.3542,-110.57,0.2,0.0,-0.0261,0.454
325.322,354.223,-1.2714,-0.1869,0.3542,-110.57,0.2,0.0,-0.0261,0.454
325.423,354.373,-1.2714,-0.1869,0.3542,-110.57,0.2,0.0,-0.021,0.454
325.522,354.486,-1.2714,-0.1869,0.3542,-110.57,0.2,0.0,-0.0197,0.454
325.622,354.625,-1.2714,-0.1869,0.3542,-110.57,0.2,0.0,-0.0207,0.454
325.722,354.768,-1.2714,-0.1869,0.3542,-110.57,0.2,0.0,-0.0184,0.454
325.824,354.913,-1.2714,-0.1869,0.3542,-110.57,0.2,0.0,-0.0167,0.454
325.922,355.076,-1.2714,-0.1869,0.3542,-110.57,0.2,0.0,-0.0178,0.454
326.026,355.218,-1.2714,-0.1869,0.3542,-110.57,0.2,0.0,-0.0292,0.454
326.122,355.337,-1.2714,-0.1869,0.3542,-110.57,0.2,0.0,-0.0291,0.454
326.222,355.499,-1.2714,-0.1869,0.3542,-110.57,0.2,0.0,-0.0297,0.454
326.322,355.719,-1.2714,-0.1869,0.3542,-110.57,0.2,0.0,-0.0241,0.454
326.422,355.906,-1.2714,-0.1869,0.3542,-110.57,0.2,0.0,-0.0227,0.454
326.522,356.03,-1.2714,-0.1869,0.3542,-110.57,0.2,0.0,-0.0272,0.454
326.622,356.23,-1.2714,-0.1869,0.3542,-110.57,0.2,0.0,-0.0271,0.454
326.722,356.382,-1.2714,-0.1869,0.3542,-110.57,0.2,0.0,-0.026,0.454
326.822,356.503,-1.2714,-0.1869,0.3542,-110.57,0.2,0.0,-0.0258,0.454
326.922,356.63,-1.2714,-0.1869,0.3542,-110.57,0.2,0.0,-0.0286,0.454
327.022,356.765,-1.2714,-0.1869,0.3542,-110.57,0.2,0.0,-0.0286,0.454
327.122,356.898,-1.2714,-0.1869,0.3542,-110.57,0.2,0.0,-0.0307,0.454
327.222,357.025,-1.2714,-0.1869,0.3542,-110.57,0.2,0.0,-0.0303,0.454
327.323,357.162,-1.2714,-0.1869,0.3542,-110.57,0.2,0.0,-0.032,0.454
327.422,357.291,-1.2714,-0.1869,0.3542,-110.57,0.2,0.0,-0.0266,0.454
327.524,357.424,-1.2714,-0.1869,0.3542,-110.57,0.2,0.0,-0.0242,0.454
327.622,357.544,-1.2714,-0.1869,0.3542,-110.57,0.2,0.0,-0.0225,0.453
327.722,357.685,-1.2714,-0.1869,0.3542,-110.57,0.2,0.0,-0.0178,0.453
327.824,357.872,-1.2714,-0.1869,0.3542,-110.57,0.2,0.0,-0.0142,0.453
327.922,357.985,-1.2714,-0.1869,0.3542,-110.57,0.2,0.0,-0.0188,0.453
328.022,358.142,-1.2714,-0.1869,0.3542,-110.57,0.2,0.0,-0.0168,0.453
328.122,358.28,-1.2714,-0.1869,0.3542,-110.57,0.2,0.0,-0.0172,0.453
328.222,358.381,-1.2714,-0.1869,0.3542,-110.57,0.2,0.0,-0.0189,0.453
328.322,358.587,-1.2714,-0.1869,0.3542,-110.57,0.2,0.0,-0.0242,0.453
328.422,358.742,-1.2714,-0.1869,0.3542,-110.57,0.2,0.0,-0.0296,0.453
328.522,358.879,-1.2714,-0.1869,0.3542,-110.57,0.2,0.0,-0.0329,0.453
328.622,359.002,-1.2714,-0.1869,0.3542,-110.57,0.2,0.0,-0.0277,0.453
328.722,359.121,-1.2714,-0.1869,0.3542,-110.57,0.2,0.0,-0.0269,0.453
328.822,359.242,-1.2714,-0.1869,0.3542,-110.57,0.2,0.0,-0.0308,0.453
328.922,359.592,-1.2714,-0.1869,0.3542,-110.57,0.2,0.0,-0.0307,0.453
329.022,359.868,-1.2714,-0.1869,0.3542,-110.57,0.2,0.0,-0.0339,0.453
329.122,360.002,-1.2714,-0.1869,0.3542,-110.57,0.2,0.0,-0.0308,0.453
329.225,360.119,-1.2714,-0.1869,0.3542,-110.57,0.2,0.0,-0.0316,0.453
329.322,360.225,-1.2714,-0.1869,0.3542,-110.57,0.2,0.0,-0.0282,0.453
329.426,360.353,-1.2714,-0.1869,0.3542,-110.57,0.2,0.0,-0.0259,0.453
329.522,360.455,-1.2714,-0.1869,0.3542,-110.57,0.2,0.0,-0.0254,0.453
329.622,360.572,-1.2714,-0.1869,0.3542,-110.57,0.2,0.0,-0.0317,0.453
329.722,360.691,-1.2714,-0.1869,0.3542,-110.57,0.2,0.0,-0.0279,0.453
329.822,360.802,-1.2714,-0.1869,0.3542,-110.57,0.2,0.0,-0.0258,0.453
329.93,360.938,-1.2714,-0.1869,0.3542,-110.57,0.2,0.0,-0.0247,0.453
330.022,361.044,-1.2714,-0.1869,0.3542,-110.57,0.2,0.0,-0.0228,0.453
330.122,361.282,-1.2714,-0.1869,0.3542,-110.57,0.2,0.0,-0.029,0.453
330.222,361.499,-1.2714,-0.1869,0.3542,-110.57,0.2,0.0,-0.0286,0.453
330.322,361.658,-1.2714,-0.1869,0.3542,-110.57,0.2,0.0,-0.0343,0.453
330.422,361.77,-1.2714,-0.1869,0.3542,-110.57,0.2,0.0,-0.039,0.453
330.522,361.923,-1.2714,-0.1869,0.3542,-110.57,0.2,0.0,-0.0362,0.453
330.622,362.039,-1.2714,-0.1869,0.3542,-110.57,0.2,0.0,-0.0332,0.453
330.722,362.149,-1.2714,-0.1869,0.3542,-110.57,0.2,0.0,-0.0344,0.453
330.822,362.264,-1.2714,-0.1869,0.3542,-110.57,0.2,0.0,-0.0416,0.453
330.929,362.387,-1.2714,-0.1869,0.3542,-110.57,0.2,0.0,-0.0384,0.453
331.022,362.49,-1.2714,-0.1869,0.3542,-110.57,0.2,0.0,-0.0405,0.453
331.125,362.616,-1.2714,-0.1869,0.3542,-110.57,0.2,0.0,-0.0402,0.453
331.222,362.718,-1.2714,-0.1869,0.3542,-110.57,0.2,0.0,-0.0424,0.453
331.322,362.843,-1.2714,-0.1869,0.3542,-110.57,0.2,0.0,-0.0361,0.453
331.422,362.949,-1.2714,-0.1869,0.3542,-110.57,0.2,0.0,-0.0329,0.453
331.522,363.074,-1.2714,-0.1869,0.3542,-110.57,0.2,0.0,-0.0291,0.453
331.622,363.183,-1.2714,-0.1869,0.3542,-110.57,0.2,0.0,-0.0253,0.453
331.722,363.301,-1.2714,-0.1869,0.3542,-110.57,0.2,0.0,-0.0281,0.453
331.822,363.422,-1.2714,-0.1869,0.3542,-110.57,0.2,0.0,-0.0274,0.453
331.922,363.532,-1.2714,-0.1869,0.3542,-110.57,0.2,0.0,-0.0247,0.453
332.022,363.753,-1.2714,-0.1869,0.3542,-110.57,0.2,0.0,-0.0262,0.453
332.122,364.089,-1.2714,-0.1869,0.3542,-110.57,0.2,0.0,-0.0304,0.453
332.222,364.217,-1.2714,-0.1869,0.3542,-110.57,0.2,0.0,-0.0318,0.453
332.322,364.349,-1.2714,-0.1869,0.3542,-110.57,0.2,0.0,-0.0339,0.453
332.422,364.479,-1.2714,-0.1869,0.3542,-110.57,0.2,0.0,-0.0327,0.453
332.523,364.595,-1.2714,-0.1869,0.3542,-110.57,0.2,0.0,-0.0334,0.453
332.622,364.7,-1.2714,-0.1869,0.3542,-110.57,0.2,0.0,-0.0316,0.453
332.723,364.816,-1.2714,-0.1869,0.3542,-110.57,0.2,0.0,-0.0301,0.453
332.829,364.924,-1.2714,-0.1869,0.3542,-110.57,0.2,0.0,-0.0339,0.453
332.923,365.038,-1.2714,-0.1869,0.3542,-110.57,0.2,0.0,-0.0317,0.453
333.023,365.166,-1.2714,-0.1869,0.3542,-110.57,0.2,0.0,-0.031,0.453
333.127,365.262,-1.2714,-0.1869,0.3542,-110.57,0.2,0.0,-0.0296,0.453
333.222,365.366,-1.2714,-0.1869,0.3542,-110.57,0.2,0.0,-0.0218,0.453
333.322,365.602,-1.2714,-0.1869,0.3542,-110.57,0.2,0.0,-0.0257,0.453
333.422,365.829,-1.2714,-0.1869,0.3542,-110.57,0.2,0.0,-0.0288,0.453
333.522,366.029,-1.2714,-0.1869,0.3542,-110.57,0.2,0.0,-0.0296,0.453
333.622,366.136,-1.2714,-0.1869,0.3542,-110.57,0.2,0.0,-0.0269,0.453
333.722,366.245,-1.2714,-0.1869,0.3542,-110.57,0.2,0.0,-0.0254,0.453
333.822,366.357,-1.2714,-0.1869,0.3542,-110.57,0.2,0.0,-0.0265,0.453
333.925,366.479,-1.2714,-0.1869,0.3542,-110.57,0.2,0.0,-0.0241,0.453
334.024,366.597,-1.2714,-0.1869,0.3542,-110.57,0.2,0.0,-0.0262,0.453
334.122,366.698,-1.2714,-0.1869,0.3542,-110.57,0.2,0.0,-0.0276,0.453
334.225,366.831,-1.2714,-0.1869,0.3542,-110.57,0.2,0.0,-0.026,0.453
334.328,366.942,-1.2714,-0.1869,0.3542,-110.57,0.2,0.0,-0.0266,0.453
334.427,367.053,-1.2714,-0.1869,0.3542,-110.57,0.2,0.0,-0.0298,0.453
334.522,367.159,-1.2714,-0.1869,0.3542,-110.57,0.2,0.0,-0.0349,0.453
334.622,367.302,-1.2714,-0.1869,0.3542,-110.57,0.2,0.0,-0.0357,0.453
334.722,367.462,-1.2714,-0.1869,0.3542,-110.57,0.2,0.0,-0.0381,0.453
334.822,367.621,-1.2714,-0.1869,0.3542,-110.57,0.2,0.0,-0.0388,0.453
334.922,367.739,-1.2714,-0.1869,0.3542,-110.57,0.2,0.0,-0.0397,0.453
335.023,367.867,-1.2714,-0.1869,0.3542,-110.57,0.2,0.0,-0.0353,0.453
335.122,367.985,-1.2714,-0.1869,0.3542,-110.57,0.2,0.0,-0.0349,0.453
335.222,368.09,-1.2714,-0.1869,0.3542,-110.57,0.2,0.0,-0.0374,0.453
335.322,368.209,-1.2714,-0.1869,0.3542,-110.57,0.2,0.0,-0.0404,0.453
335.422,368.339,-1.2714,-0.1869,0.3542,-110.57,0.2,0.0,-0.0424,0.453
335.522,368.45,-1.2714,-0.1869,0.3542,-110.57,0.2,0.0,-0.0394,0.453
335.622,368.567,-1.2714,-0.1869,0.3542,-110.57,0.2,0.0,-0.0363,0.453
335.722,368.699,-1.2714,-0.1869,0.3542,-110.57,0.2,0.0,-0.0323,0.453
335.822,368.925,-1.2714,-0.1869,0.3542,-110.57,0.2,0.0,-0.0324,0.453
335.922,369.088,-1.2714,-0.1869,0.3542,-110.57,0.2,0.0,-0.0263,0.453
336.022,369.212,-1.2714,-0.1869,0.3542,-110.57,0.2,0.0,-0.0278,0.453
336.122,369.327,-1.2714,-0.1869,0.3542,-110.57,0.2,0.0,-0.0308,0.453
336.222,369.441,-1.2714,-0.1869,0.3542,-110.57,0.2,0.0,-0.0306,0.453
336.323,369.569,-1.2714,-0.1869,0.3542,-110.57,0.2,0.0,-0.0291,0.453
336.422,369.664,-1.2714,-0.1869,0.3542,-110.57,0.2,0.0,-0.0278,0.453
336.522,369.774,-1.2714,-0.1869,0.3542,-110.57,0.2,0.0,-0.0225,0.453
336.623,369.895,-1.2714,-0.1869,0.3542,-110.57,0.2,0.0,-0.022,0.453
336.722,370.0,-1.2714,-0.1869,0.3542,-110.57,0.2,0.0,-0.0176,0.453
336.822,370.275,-1.2714,-0.1869,0.3542,-110.57,0.2,0.0,-0.0247,0.453
336.922,370.445,-1.2714,-0.1869,0.3542,-110.57,0.2,0.0,-0.0242,0.453
337.022,370.571,-1.2714,-0.1869,0.3542,-110.57,0.2,0.0,-0.022,0.453
337.122,370.719,-1.2714,-0.1869,0.3542,-110.57,0.2,0.0,-0.0239,0.453
337.222,370.831,-1.2714,-0.1869,0.3542,-110.57,0.2,0.0,-0.028,0.453
337.323,370.953,-1.2714,-0.1869,0.3542,-110.57,0.2,0.0,-0.026,0.453
337.428,371.067,-1.2714,-0.1869,0.3542,-110.57,0.2,0.0,-0.0215,0.453
337.522,371.178,-1.2714,-0.1869,0.3542,-110.57,0.2,0.0,-0.0238,0.453
337.622,371.452,-1.2714,-0.1869,0.3542,-110.57,0.2,0.0,-0.0305,0.453
337.722,371.63,-1.2714,-0.1869,0.3542,-110.57,0.2,0.0,-0.0336,0.453
337.822,371.809,-1.2714,-0.1869,0.3542,-110.57,0.2,0.0,-0.0357,0.453
337.927,371.932,-1.2714,-0.1869,0.3542,-110.57,0.2,0.0,-0.0346,0.453
338.022,372.024,-1.2714,-0.1869,0.3542,-110.57,0.2,0.0,-0.0339,0.453
338.122,372.136,-1.2714,-0.1869,0.3542,-110.57,0.2,0.0,-0.0326,0.453
338.222,372.255,-1.2714,-0.1869,0.3542,-110.57,0.2,0.0,-0.0337,0.453
338.322,372.366,-1.2714,-0.1869,0.3542,-110.57,0.2,0.0,-0.0277,0.453
338.422,372.478,-1.2714,-0.1869,0.3542,-110.57,0.2,0.0,-0.0263,0.453
338.523,372.609,-1.2714,-0.1869,0.3542,-110.57,0.2,0.0,-0.0252,0.453
338.63,372.708,-1.2714,-0.1869,0.3542,-110.57,0.2,0.0,-0.0261,0.453
338.722,372.808,-1.2714,-0.1869,0.3542,-110.57,0.2,0.0,-0.0322,0.453
338.826,372.93,-1.2714,-0.1869,0.3542,-110.57,0.2,0.0,-0.0372,0.453
338.922,373.034,-1.2714,-0.1869,0.3542,-110.57,0.2,0.0,-0.0347,0.453
339.022,373.15,-1.2714,-0.1869,0.3542,-110.57,0.2,0.0,-0.0293,0.453
339.125,373.27,-1.2714,-0.1869,0.3542,-110.57,0.2,0.0,-0.029,0.453
339.223,373.389,-1.2714,-0.1869,0.3542,-110.57,0.2,0.0,-0.03,0.453
339.322,373.494,-1.2714,-0.1869,0.3542,-110.57,0.2,0.0,-0.0287,0.453
339.422,373.615,-1.2714,-0.1869,0.3542,-110.57,0.2,0.0,-0.0304,0.453
339.522,373.822,-1.2714,-0.1869,0.3542,-110.57,0.2,0.0,-0.0293,0.453
339.622,373.941,-1.2714,-0.1869,0.3542,-110.57,0.2,0.0,-0.0272,0.453
339.722,374.052,-1.2714,-0.1869,0.3542,-110.57,0.2,0.0,-0.0286,0.453
339.822,374.178,-1.2714,-0.1869,0.3542,-110.57,0.2,0.0,-0.0268,0.453
339.922,374.296,-1.2714,-0.1869,0.3542,-110.57,0.2,0.0,-0.0275,0.453
340.022,374.538,-1.2714,-0.1869,0.3542,-110.57,0.2,0.0,-0.0298,0.453
340.122,374.751,-1.2714,-0.1869,0.3542,-110.57,0.2,0.0,-0.0298,0.453
340.222,374.913,-1.2714,-0.1869,0.3542,-110.57,0.2,0.0,-0.0323,0.453
340.322,375.025,-1.2714,-0.1869,0.3542,-110.57,0.2,0.0,-0.0306,0.453
340.422,375.137,-1.2714,-0.1869,0.3542,-110.57,0.2,0.0,-0.0276,0.453
340.522,375.257,-1.2714,-0.1869,0.3542,-110.57,0.2,0.0,-0.0289,0.453
340.622,375.364,-1.2714,-0.1869,0.3542,-110.57,0.2,0.0,-0.0267,0.453
340.722,375.5,-1.2714,-0.1869,0.3542,-110.57,0.2,0.0,-0.0337,0.453
340.824,375.613,-1.2714,-0.1869,0.3542,-110.57,0.2,0.0,-0.0307,0.453
340.922,375.726,-1.2714,-0.1869,0.3542,-110.57,0.2,0.0,-0.0323,0.453
341.022,375.903,-1.2714,-0.1869,0.3542,-110.57,0.2,0.0,-0.0309,0.453
341.122,376.029,-1.2714,-0.1869,0.3542,-110.57,0.2,0.0,-0.0334,0.453
341.222,376.143,-1.2714,-0.1869,0.3542,-110.57,0.2,0.0,-0.0346,0.453
341.322,376.25,-1.2714,-0.1869,0.3542,-110.57,0.2,0.0,-0.0351,0.453
341.422,376.38,-1.2714,-0.1869,0.3542,-110.57,0.2,0.0,-0.0341,0.453
341.525,376.498,-1.2714,-0.1869,0.3542,-110.57,0.2,0.0,-0.0354,0.453
341.626,376.616,-1.2714,-0.1869,0.3542,-110.57,0.2,0.0,-0.027,0.453
341.722,376.722,-1.2714,-0.1869,0.3542,-110.57,0.2,0.0,-0.0253,0.453
341.822,376.9,-1.2714,-0.1869,0.3542,-110.57,0.2,0.0,-0.0236,0.453
341.922,377.049,-1.2714,-0.1869,0.3542,-110.57,0.2,0.0,-0.0239,0.453
342.022,377.2,-1.2714,-0.1869,0.3542,-110.57,0.2,0.0,-0.0235,0.453
342.125,377.326,-1.2714,-0.1869,0.3542,-110.57,0.2,0.0,-0.0208,0.453
342.224,377.446,-1.2714,-0.1869,0.3542,-110.57,0.2,0.0,-0.0234,0.453
342.323,377.56,-1.2714,-0.1869,0.3542,-110.57,0.2,0.0,-0.026,0.453
342.422,377.659,-1.2714,-0.1869,0.3542,-110.57,0.2,0.0,-0.0254,0.453
342.522,377.994,-1.2714,-0.1869,0.3542,-110.57,0.2,0.0,-0.0269,0.453
342.622,378.17,-1.2714,-0.1869,0.3542,-110.57,0.2,0.0,-0.0337,0.453
342.722,378.301,-1.2714,-0.1869,0.3542,-110.57,0.2,0.0,-0.034,0.453
342.822,378.411,-1.2714,-0.1869,0.3542,-110.57,0.2,0.0,-0.0297,0.453
342.923,378.549,-1.2714,-0.1869,0.3542,-110.57,0.2,0.0,-0.029,0.453
343.022,378.643,-1.2714,-0.1869,0.3542,-110.57,0.2,0.0,-0.0295,0.453
343.122,378.907,-1.2714,-0.1869,0.3542,-110.57,0.2,0.0,-0.0313,0.453
343.222,379.062,-1.2714,-0.1869,0.3542,-110.57,0.2,0.0,-0.0383,0.453
343.322,379.183,-1.2714,-0.1869,0.3542,-110.57,0.2,0.0,-0.0353,0.453
343.429,379.29,-1.2714,-0.1869,0.3542,-110.57,0.2,0.0,-0.034,0.453
343.522,379.39,-1.2714,-0.1869,0.3542,-110.57,0.2,0.0,-0.0301,0.453
343.622,379.498,-1.2714,-0.1869,0.3542,-110.57,0.2,0.0,-0.0321,0.453
343.722,379.609,-1.2714,-0.187,0.3542,-110.57,0.2,0.0,-0.0298,0.453
343.822,379.749,-1.2714,-0.187,0.3542,-110.57,0.2,0.0,-0.0319,0.453
343.929,379.865,-1.2714,-0.187,0.3542,-110.56,0.2,0.0,-0.0307,0.453
344.029,379.983,-1.2714,-0.187,0.3542,-110.56,0.2,0.0,-0.0326,0.453
344.122,380.079,-1.2714,-0.187,0.3542,-110.56,0.2,0.0,-0.0328,0.453
344.225,380.205,-1.2714,-0.187,0.3542,-110.56,0.2,0.0,-0.0318,0.453
344.325,380.32,-1.2714,-0.187,0.3542,-110.56,0.2,0.0,-0.0333,0.453
344.425,380.437,-1.2714,-0.187,0.3542,-110.56,0.2,0.0,-0.034,0.453
344.522,380.536,-1.2714,-0.187,0.3542,-110.56,0.2,0.0,-0.0339,0.453
344.622,380.903,-1.2714,-0.187,0.3542,-110.56,0.2,0.0,-0.0274,0.453
344.722,381.066,-1.2714,-0.187,0.3542,-110.56,0.2,0.0,-0.0349,0.453
344.822,381.18,-1.2714,-0.187,0.3542,-110.56,0.2,0.0,-0.0352,0.453
344.922,381.313,-1.2714,-0.187,0.3542,-110.56,0.2,0.0,-0.0369,0.453
345.022,381.426,-1.2714,-0.187,0.3542,-110.56,0.2,0.0,-0.0374,0.453
345.122,381.548,-1.2714,-0.187,0.3542,-110.56,0.2,0.0,-0.0389,0.453
345.224,381.66,-1.2714,-0.187,0.3542,-110.56,0.2,0.0,-0.0349,0.453
345.326,381.777,-1.2714,-0.187,0.3542,-110.56,0.2,0.0,-0.0428,0.453
345.422,381.877,-1.2714,-0.187,0.3542,-110.56,0.2,0.0,-0.0418,0.453
345.522,382.021,-1.2714,-0.187,0.3542,-110.56,0.2,0.0,-0.0404,0.453
345.622,382.324,-1.2714,-0.187,0.3542,-110.56,0.2,0.0,-0.0413,0.453
345.722,382.53,-1.2714,-0.187,0.3542,-110.56,0.2,0.0,-0.0412,0.453
345.822,382.635,-1.2714,-0.187,0.3542,-110.56,0.2,0.0,-0.0382,0.453
345.922,382.752,-1.2714,-0.187,0.3542,-110.56,0.2,0.0,-0.0377,0.453
346.022,382.873,-1.2714,-0.187,0.3542,-110.56,0.2,0.0,-0.0338,0.453
346.122,382.991,-1.2714,-0.187,0.3542,-110.56,0.2,0.0,-0.0346,0.453
346.222,383.1,-1.2714,-0.187,0.3542,-110.56,0.2,0.0,-0.0372,0.453
346.322,383.226,-1.2714,-0.187,0.3542,-110.56,0.2,0.0,-0.0361,0.453
346.422,383.32,-1.2714,-0.187,0.3542,-110.56,0.2,0.0,-0.0391,0.453
346.528,383.456,-1.2714,-0.187,0.3542,-110.56,0.2,0.0,-0.04,0.453
346.625,383.567,-1.2714,-0.187,0.3542,-110.56,0.2,0.0,-0.0392,0.453
346.722,383.666,-1.2714,-0.187,0.3543,-110.56,0.2,0.0,-0.029,0.453
346.822,383.786,-1.2714,-0.187,0.3543,-110.56,0.2,0.0,-0.0321,0.453
346.926,383.917,-1.2714,-0.187,0.3543,-110.56,0.2,0.0,-0.03,0.453
347.022,384.019,-1.2714,-0.187,0.3543,-110.56,0.2,0.0,-0.0279,0.453
347.122,384.137,-1.2714,-0.187,0.3543,-110.56,0.2,0.0,-0.0302,0.453
347.224,384.267,-1.2714,-0.187,0.3543,-110.56,0.2,0.0,-0.0088,0.453
347.322,384.384,-1.2714,-0.187,0.3543,-110.56,0.2,0.0,-0.0123,0.453
347.429,384.508,-1.2714,-0.187,0.3543,-110.56,0.2,0.0,-0.0166,0.453
347.527,384.627,-1.2714,-0.187,0.3543,-110.56,0.2,0.0,-0.0185,0.453
347.622,384.734,-1.2714,-0.187,0.3543,-110.55,0.2,0.0,-0.0219,0.452
347.722,384.935,-1.2714,-0.187,0.3543,-110.55,0.2,0.0,-0.0278,0.452
347.822,385.109,-1.2714,-0.187,0.3543,-110.55,0.2,0.0,-0.0279,0.452
347.922,385.286,-1.2714,-0.187,0.3543,-110.55,0.2,0.0,-0.0358,0.452
348.022,385.399,-1.2714,-0.187,0.3543,-110.55,0.2,0.0,-0.0355,0.452
348.122,385.535,-1.2714,-0.187,0.3543,-110.55,0.2,0.0,-0.0343,0.452
348.222,385.658,-1.2714,-0.187,0.3543,-110.55,0.2,0.0,-0.0311,0.452
348.322,385.787,-1.2714,-0.187,0.3543,-110.55,0.2,0.0,-0.0244,0.452
348.422,385.902,-1.2714,-0.187,0.3543,-110.55,0.2,0.0,-0.0322,0.452
348.522,386.021,-1.2714,-0.187,0.3543,-110.54,0.2,0.0,-0.0258,0.452
348.623,386.144,-1.2714,-0.1871,0.3543,-110.53,0.2,0.0,-0.0276,0.452
348.722,386.265,-1.2714,-0.1872,0.3543,-110.55,0.2,0.0,-0.0238,0.451
348.822,386.385,-1.2713,-0.1873,0.3543,-110.53,0.2,0.0,-0.0208,0.451
348.922,386.541,-1.2714,-0.1873,0.3543,-110.56,0.2,0.0,-0.018,0.45
349.022,386.67,-1.2714,-0.1874,0.3543,-110.57,0.2,0.0,-0.0248,0.451
349.122,386.889,-1.2713,-0.1875,0.3543,-110.54,0.21,0.0,-0.0298,0.451
349.222,387.187,-1.2713,-0.1875,0.3543,-110.52,0.21,0.0,-0.0278,0.449
349.322,387.352,-1.2713,-0.1876,0.3543,-110.48,0.21,0.0,-0.027,0.449
349.422,387.466,-1.2713,-0.1877,0.3543,-110.49,0.21,0.0,-0.0317,0.459
349.522,387.577,-1.2713,-0.1877,0.3543,-110.5,0.21,0.0,-0.0318,0.459
349.622,387.686,-1.2713,-0.1877,0.3543,-110.52,0.21,0.0,-0.0286,0.459
349.724,387.837,-1.2713,-0.1877,0.3543,-110.52,0.21,0.0,-0.0271,0.46
349.825,387.946,-1.2713,-0.1877,0.3543,-110.53,0.2,0.0,-0.0251,0.46
349.925,388.067,-1.2713,-0.1877,0.3543,-110.53,0.2,0.0,-0.0267,0.461
350.024,388.178,-1.2713,-0.1877,0.3543,-110.53,0.2,0.0,-0.0274,0.461
350.125,388.295,-1.2713,-0.1877,0.3543,-110.52,0.2,0.0,-0.0245,0.461
350.224,388.41,-1.2713,-0.1877,0.3543,-110.54,0.2,0.0,-0.0272,0.461
350.324,388.528,-1.2713,-0.1877,0.3543,-110.53,0.2,0.0,-0.0278,0.461
350.428,388.655,-1.2713,-0.1877,0.3543,-110.53,0.2,0.0,-0.0283,0.461
350.522,388.761,-1.2713,-0.1877,0.3543,-110.52,0.2,0.0,-0.0277,0.461
350.627,388.892,-1.2713,-0.1878,0.3543,-110.55,0.2,0.0,-0.0268,0.46
350.722,389.002,-1.2713,-0.1878,0.3543,-110.53,0.2,0.0,-0.0291,0.448
350.822,389.124,-1.2713,-0.1878,0.3542,-110.53,0.2,0.0,-0.0314,0.46
350.925,389.262,-1.2712,-0.1878,0.3542,-110.5,0.21,0.0,-0.0355,0.461
351.022,389.375,-1.2713,-0.1878,0.3542,-110.54,0.2,0.0,-0.04,0.459
351.122,389.495,-1.2713,-0.1878,0.3542,-110.54,0.2,0.0,-0.0371,0.461
351.228,389.632,-1.2713,-0.1878,0.3542,-110.54,0.2,0.0,-0.0354,0.461
351.322,389.739,-1.2713,-0.1878,0.3542,-110.54,0.2,0.0,-0.0352,0.461
351.422,389.862,-1.2713,-0.1878,0.3542,-110.54,0.2,0.0,-0.0399,0.461
351.522,390.004,-1.2713,-0.1878,0.3542,-110.54,0.2,0.0,-0.0367,0.461
351.622,390.117,-1.2713,-0.1878,0.3542,-110.54,0.2,0.0,-0.0324,0.461
351.727,390.247,-1.2713,-0.1878,0.3542,-110.54,0.2,0.0,-0.0332,0.461
351.829,390.368,-1.2713,-0.1878,0.3542,-110.54,0.2,0.0,-0.0353,0.461
351.922,390.637,-1.2713,-0.1878,0.3542,-110.54,0.2,0.0,-0.0334,0.461
352.022,390.906,-1.2713,-0.1878,0.3542,-110.54,0.2,0.0,-0.03,0.461
352.122,391.058,-1.2713,-0.1878,0.3542,-110.54,0.2,0.0,-0.034,0.461
352.222,391.181,-1.2713,-0.1878,0.3542,-110.54,0.2,0.0,-0.034,0.461
352.322,391.3,-1.2713,-0.1878,0.3542,-110.54,0.2,0.0,-0.0332,0.461
352.423,391.414,-1.2713,-0.1878,0.3542,-110.54,0.2,0.0,-0.027,0.461
352.522,391.53,-1.2713,-0.1878,0.3542,-110.54,0.2,0.0,-0.0247,0.461
352.622,391.629,-1.2713,-0.1878,0.3542,-110.54,0.2,0.0,-0.0244,0.461
352.722,391.744,-1.2713,-0.1878,0.3542,-110.54,0.21,0.0,-0.0244,0.461
352.826,391.876,-1.2713,-0.1878,0.3542,-110.54,0.21,0.0,-0.0247,0.461
352.923,391.988,-1.2713,-0.1878,0.3542,-110.54,0.21,0.0,-0.0272,0.461
353.022,392.094,-1.2713,-0.1878,0.3542,-110.54,0.21,0.0,-0.0235,0.461
353.122,392.202,-1.2713,-0.1878,0.3542,-110.54,0.21,0.0,-0.0249,0.461
353.222,392.41,-1.2713,-0.1878,0.3542,-110.54,0.21,0.0,-0.0229,0.461
353.322,392.552,-1.2713,-0.1878,0.3542,-110.54,0.21,0.0,-0.0201,0.461
353.422,392.661,-1.2713,-0.1878,0.3542,-110.54,0.21,0.0,-0.0252,0.461
353.523,392.783,-1.2713,-0.1878,0.3542,-110.54,0.21,0.0,-0.0234,0.461
353.622,392.894,-1.2713,-0.1878,0.3542,-110.54,0.21,0.0,-0.0265,0.461
353.722,393.044,-1.2713,-0.1878,0.3542,-110.54,0.21,0.0,-0.0293,0.461
353.822,393.161,-1.2713,-0.1878,0.3542,-110.54,0.21,0.0,-0.0285,0.461
353.922,393.291,-1.2713,-0.1878,0.3542,-110.55,0.21,0.0,-0.0292,0.461
354.022,393.407,-1.2712,-0.1879,0.3542,-110.51,0.21,0.0,-0.0301,0.461
354.123,393.532,-1.2713,-0.1879,0.3542,-110.52,0.21,0.0,-0.0313,0.459
354.226,393.653,-1.2713,-0.1879,0.3542,-110.52,0.21,0.0,-0.0201,0.459
354.322,393.763,-1.2713,-0.188,0.3541,-110.57,0.2,0.0,-0.0234,0.459
354.422,393.901,-1.2713,-0.1881,0.3541,-110.51,0.21,0.0,-0.0248,0.448
354.522,394.079,-1.2713,-0.188,0.3541,-110.53,0.2,0.0,-0.0202,0.457
354.622,394.293,-1.2713,-0.188,0.3541,-110.53,0.2,0.0,-0.0225,0.459
354.722,394.418,-1.2713,-0.188,0.3541,-110.53,0.2,0.0,-0.023,0.459
354.822,394.536,-1.2713,-0.188,0.3541,-110.54,0.2,0.0,-0.028,0.459
354.922,394.652,-1.2713,-0.188,0.3541,-110.54,0.2,0.0,-0.0282,0.46
355.022,394.762,-1.2713,-0.188,0.3541,-110.54,0.2,0.0,-0.0279,0.46
355.124,394.885,-1.2713,-0.188,0.3541,-110.54,0.2,0.0,-0.0276,0.46
355.222,394.989,-1.2713,-0.188,0.3541,-110.54,0.2,0.0,-0.0276,0.46
355.322,395.101,-1.2713,-0.188,0.3541,-110.54,0.2,0.0,-0.0283,0.46
355.422,395.294,-1.2713,-0.188,0.3541,-110.54,0.2,0.0,-0.0323,0.46
355.522,395.446,-1.2713,-0.188,0.3541,-110.54,0.2,0.0,-0.0344,0.46
355.622,395.559,-1.2713,-0.188,0.3541,-110.54,0.2,0.0,-0.036,0.46
355.722,395.693,-1.2713,-0.188,0.3541,-110.54,0.2,0.0,-0.0265,0.46
355.822,395.805,-1.2713,-0.188,0.3541,-110.54,0.2,0.0,-0.0278,0.46
355.924,395.936,-1.2713,-0.188,0.3541,-110.54,0.2,0.0,-0.0317,0.46
356.022,396.041,-1.2713,-0.188,0.3541,-110.54,0.2,0.0,-0.0331,0.46
356.122,396.143,-1.2713,-0.188,0.3541,-110.54,0.2,0.0,-0.0297,0.46
356.222,396.364,-1.2713,-0.188,0.3541,-110.54,0.21,0.0,-0.0302,0.46
356.322,396.471,-1.2713,-0.188,0.3541,-110.54,0.21,0.0,-0.0328,0.46
356.427,396.595,-1.2713,-0.188,0.3541,-110.54,0.21,0.0,-0.0339,0.46
356.523,396.708,-1.2713,-0.188,0.3541,-110.54,0.21,0.0,-0.0385,0.46
356.63,396.827,-1.2713,-0.188,0.3541,-110.54,0.21,0.0,-0.0379,0.46
356.722,396.925,-1.2713,-0.188,0.3541,-110.54,0.21,0.0,-0.0371,0.46
356.822,397.146,-1.2713,-0.188,0.3541,-110.54,0.21,0.0,-0.0395,0.46
356.922,397.349,-1.2713,-0.188,0.3541,-110.54,0.21,0.0,-0.0395,0.46
357.022,397.527,-1.2713,-0.188,0.3541,-110.54,0.21,0.0,-0.0328,0.46
357.122,397.634,-1.2713,-0.188,0.3541,-110.54,0.21,0.0,-0.0313,0.46
357.222,397.747,-1.2713,-0.188,0.3541,-110.54,0.21,0.0,-0.027,0.46
357.322,397.859,-1.2713,-0.188,0.3541,-110.54,0.21,0.0,-0.0268,0.46
357.422,397.982,-1.2713,-0.188,0.3541,-110.54,0.21,0.0,-0.035,0.46
357.522,398.108,-1.2713,-0.188,0.3541,-110.54,0.21,0.0,-0.0301,0.46
357.629,398.216,-1.2713,-0.188,0.3541,-110.54,0.21,0.0,-0.0356,0.46
357.722,398.317,-1.2713,-0.188,0.3541,-110.54,0.21,0.0,-0.0318,0.46
357.822,398.549,-1.2713,-0.188,0.3541,-110.54,0.21,0.0,-0.0315,0.46
357.922,398.817,-1.2713,-0.188,0.3541,-110.54,0.21,0.0,-0.028,0.46
358.022,399.003,-1.2713,-0.188,0.3541,-110.54,0.21,0.0,-0.0267,0.46
358.122,399.111,-1.2713,-0.188,0.3541,-110.54,0.21,0.0,-0.0288,0.46
358.222,399.218,-1.2713,-0.188,0.3541,-110.54,0.21,0.0,-0.0298,0.46
358.322,399.326,-1.2713,-0.188,0.3541,-110.54,0.21,0.0,-0.0257,0.46
358.429,399.461,-1.2713,-0.188,0.3541,-110.54,0.21,0.0,-0.0282,0.46
358.522,399.554,-1.2713,-0.188,0.3541,-110.54,0.21,0.0,-0.0262,0.46
358.622,399.883,-1.2713,-0.188,0.3541,-110.53,0.21,0.0,-0.0328,0.46
358.722,400.041,-1.2713,-0.188,0.3541,-110.52,0.21,0.0,-0.0384,0.459
358.822,400.147,-1.2713,-0.1881,0.3541,-110.53,0.21,0.0,-0.0419,0.459
358.922,400.256,-1.2713,-0.1881,0.3541,-110.53,0.21,0.0,-0.0408,0.459
359.022,400.386,-1.2713,-0.188,0.3541,-110.54,0.21,0.0,-0.0364,0.459
359.122,400.513,-1.2713,-0.188,0.3541,-110.53,0.21,0.0,-0.0354,0.459
359.222,400.608,-1.2713,-0.1881,0.3541,-110.52,0.21,0.0,-0.034,0.459
359.322,400.716,-1.2713,-0.1881,0.3541,-110.55,0.2,0.0,-0.0326,0.458
359.424,400.832,-1.2714,-0.1881,0.354,-110.58,0.2,0.0,-0.0308,0.46
359.523,400.958,-1.2713,-0.1881,0.354,-110.55,0.2,0.0,-0.0377,0.461
359.622,401.119,-1.2713,-0.1881,0.354,-110.56,0.2,0.0,-0.0369,0.46
359.722,401.431,-1.2713,-0.1882,0.354,-110.54,0.2,0.0,-0.0243,0.461
359.822,401.546,-1.2713,-0.1882,0.354,-110.51,0.21,0.0,-0.0221,0.459
359.922,401.652,-1.2713,-0.1882,0.354,-110.54,0.2,0.0,-0.0137,0.457
360.022,401.809,-1.2713,-0.1882,0.354,-110.54,0.2,0.0,-0.0242,0.459
360.124,401.926,-1.2713,-0.1882,0.354,-110.54,0.2,0.0,-0.0299,0.459
360.222,402.028,-1.2713,-0.1882,0.354,-110.54,0.21,0.0,-0.0328,0.459
360.324,402.149,-1.2713,-0.1882,0.354,-110.55,0.2,0.0,-0.0336,0.459
360.422,402.251,-1.2713,-0.1881,0.354,-110.56,0.2,0.0,-0.0377,0.459
360.522,402.376,-1.2714,-0.1881,0.3539,-110.55,0.2,0.0,-0.0335,0.46
360.622,402.487,-1.2714,-0.1881,0.3539,-110.59,0.2,0.0,-0.0299,0.46
360.722,402.79,-1.2714,-0.1881,0.3539,-110.57,0.2,0.0,-0.0285,0.448
360.822,402.933,-1.2714,-0.1881,0.3539,-110.56,0.2,0.0,-0.0309,0.461
360.922,403.048,-1.2714,-0.1882,0.3539,-110.55,0.2,0.0,-0.035,0.46
361.022,403.211,-1.2714,-0.1882,0.3539,-110.58,0.2,0.0,-0.0324,0.46
361.123,403.327,-1.2714,-0.1882,0.3539,-110.55,0.2,0.0,-0.0319,0.461
361.223,403.435,-1.2714,-0.1882,0.3539,-110.55,0.2,0.0,-0.0251,0.459
361.323,403.55,-1.2714,-0.1882,0.3539,-110.55,0.2,0.0,-0.0273,0.459
361.422,403.644,-1.2714,-0.1882,0.3539,-110.54,0.2,0.0,-0.0303,0.459
361.522,403.844,-1.2713,-0.1882,0.3539,-110.52,0.21,0.0,-0.0251,0.459
361.622,404.079,-1.2713,-0.1882,0.3538,-110.52,0.21,0.0,-0.0245,0.458
361.722,404.239,-1.2713,-0.1882,0.3538,-110.54,0.2,0.0,-0.0319,0.457
361.822,404.351,-1.2713,-0.1882,0.3538,-110.54,0.2,0.0,-0.0348,0.459
361.925,404.473,-1.2713,-0.1882,0.3538,-110.52,0.21,0.0,-0.0408,0.458
362.022,404.573,-1.2713,-0.1882,0.3538,-110.56,0.2,0.0,-0.0406,0.458
362.122,404.706,-1.2714,-0.1882,0.3538,-110.56,0.2,0.0,0.0,0.46
362.223,404.83,-1.2713,-0.1882,0.3538,-110.56,0.2,0.0,0.0,0.46
362.322,404.926,-1.2713,-0.1882,0.3538,-110.55,0.2,0.0,0.0,0.46
362.422,405.215,-1.2713,-0.1882,0.3538,-110.55,0.2,0.0,0.0,0.459
362.522,405.375,-1.2713,-0.1882,0.3538,-110.55,0.2,0.0,0.0,0.459
362.622,405.532,-1.2713,-0.1882,0.3538,-110.55,0.2,0.0,0.0,0.459
362.722,405.641,-1.2713,-0.1882,0.3538,-110.55,0.2,0.0,0.0,0.459
362.822,405.746,-1.2713,-0.1882,0.3538,-110.55,0.2,0.0,0.0,0.459
362.922,405.852,-1.2713,-0.1882,0.3538,-110.55,0.2,0.0,0.0,0.459
363.023,405.973,-1.2713,-0.1882,0.3538,-110.55,0.2,0.0,0.0,0.459
363.122,406.065,-1.2713,-0.1882,0.3538,-110.55,0.2,0.0,0.0,0.459
363.222,406.225,-1.2713,-0.1882,0.3538,-110.55,0.2,0.0,0.0,0.459
363.322,406.42,-1.2713,-0.1882,0.3538,-110.55,0.2,0.0,0.0,0.459
363.422,406.718,-1.2713,-0.1882,0.3538,-110.55,0.2,0.0,0.0,0.459
363.522,406.893,-1.2713,-0.1882,0.3538,-110.55,0.2,0.0,0.0,0.459
363.624,407.009,-1.2713,-0.1882,0.3538,-110.55,0.2,0.0,0.0,0.459
363.722,407.101,-1.2713,-0.1882,0.3538,-110.54,0.2,0.0,0.0,0.459
363.828,407.214,-1.2713,-0.1882,0.3538,-110.55,0.2,0.0,0.0,0.459
363.922,407.309,-1.2713,-0.1882,0.3538,-110.55,0.2,0.0,0.0,0.459
364.022,407.55,-1.2713,-0.1882,0.3538,-110.54,0.2,0.0,0.0,0.459
364.122,407.727,-1.2713,-0.1882,0.3538,-110.54,0.21,0.0,0.0,0.459
364.222,407.868,-1.2713,-0.1882,0.3538,-110.54,0.2,0.0,0.0,0.459
364.322,408.106,-1.2713,-0.1882,0.3538,-110.55,0.2,0.0,0.0,0.459
364.422,408.256,-1.2713,-0.1882,0.3537,-110.54,0.2,0.0,0.0,0.459
364.522,408.362,-1.2713,-0.1882,0.3537,-110.54,0.2,0.0,0.0,0.459
364.622,408.478,-1.2713,-0.1882,0.3537,-110.55,0.2,0.0,0.0,0.459
364.724,408.594,-1.2713,-0.1882,0.3537,-110.53,0.2,0.0,0.0,0.459
364.824,408.694,-1.2713,-0.1882,0.3537,-110.52,0.2,0.0,0.0,0.458
364.922,408.791,-1.2713,-0.1882,0.3537,-110.54,0.2,0.0,0.0,0.458
365.022,408.95,-1.2713,-0.1882,0.3537,-110.55,0.2,0.0,0.0,0.459
365.122,409.12,-1.2713,-0.1883,0.3537,-110.53,0.2,0.0,0.0,0.459
365.222,409.225,-1.2713,-0.1882,0.3537,-110.54,0.2,0.0,0.0,0.457
365.322,409.334,-1.2713,-0.1882,0.3537,-110.55,0.2,0.0,0.0,0.459
365.422,409.483,-1.2714,-0.1882,0.3537,-110.57,0.2,0.0,0.0,0.459
365.522,409.596,-1.2713,-0.1883,0.3537,-110.48,0.2,0.0,0.0,0.46
365.622,409.766,-1.2713,-0.1883,0.3536,-110.48,0.2,0.0,0.0,0.456
365.722,409.967,-1.2713,-0.1883,0.3536,-110.51,0.2,0.0,0.0,0.455
365.822,410.112,-1.2713,-0.1883,0.3536,-110.5,0.2,0.0,0.0,0.457
365.922,410.214,-1.2713,-0.1883,0.3536,-110.5,0.2,0.0,0.0,0.456
366.022,410.32,-1.2714,-0.1883,0.3536,-110.51,0.2,0.0,0.0,0.456
366.122,410.427,-1.2714,-0.1883,0.3536,-110.52,0.2,0.0,0.0,0.457
366.222,410.532,-1.2714,-0.1883,0.3536,-110.52,0.2,0.0,0.0,0.457
366.322,410.667,-1.2714,-0.1883,0.3536,-110.52,0.2,0.0,0.0,0.457
366.422,410.919,-1.2714,-0.1883,0.3536,-110.52,0.2,0.0,0.0,0.457
366.522,411.097,-1.2714,-0.1883,0.3536,-110.52,0.2,0.0,0.0,0.457
366.622,411.198,-1.2714,-0.1883,0.3536,-110.53,0.2,0.0,0.0,0.457
366.722,411.315,-1.2714,-0.1883,0.3536,-110.53,0.2,0.0,0.0,0.458
366.822,411.407,-1.2714,-0.1883,0.3536,-110.53,0.2,0.0,0.0,0.458
366.923,411.525,-1.2714,-0.1883,0.3536,-110.53,0.2,0.0,0.0,0.458
367.022,411.623,-1.2714,-0.1883,0.3536,-110.53,0.2,0.0,0.0,0.458
367.122,411.799,-1.2714,-0.1883,0.3536,-110.53,0.2,0.0,0.0,0.458
367.222,411.952,-1.2714,-0.1883,0.3536,-110.53,0.2,0.0,0.0,0.458
367.322,412.152,-1.2714,-0.1883,0.3536,-110.53,0.2,0.0,0.0,0.458
367.422,412.353,-1.2714,-0.1883,0.3536,-110.53,0.2,0.0,0.0,0.458
367.522,412.515,-1.2714,-0.1883,0.3536,-110.54,0.2,0.0,0.0,0.458
367.622,412.625,-1.2714,-0.1883,0.3536,-110.54,0.2,0.0,0.0,0.458
367.722,412.756,-1.2714,-0.1883,0.3536,-110.54,0.2,0.0,0.0,0.458
367.823,412.867,-1.2714,-0.1883,0.3536,-110.54,0.2,0.0,0.0,0.458
367.922,412.971,-1.2714,-0.1883,0.3536,-110.54,0.2,0.0,0.0,0.458
368.022,413.111,-1.2714,-0.1883,0.3536,-110.54,0.2,0.0,0.0,0.458
368.122,413.233,-1.2714,-0.1883,0.3536,-110.54,0.2,0.0,0.0,0.458
368.222,413.408,-1.2714,-0.1883,0.3536,-110.54,0.2,0.0,0.0,0.458
368.322,413.603,-1.2714,-0.1883,0.3536,-110.54,0.2,0.0,0.0,0.458
368.422,413.798,-1.2714,-0.1883,0.3536,-110.54,0.2,0.0,0.0,0.458
368.522,413.914,-1.2714,-0.1883,0.3536,-110.55,0.2,0.0,0.0,0.458
368.622,414.02,-1.2714,-0.1883,0.3536,-110.54,0.2,0.0,0.0,0.459
368.722,414.132,-1.2714,-0.1883,0.3536,-110.53,0.2,0.0,0.0,0.459
368.822,414.253,-1.2714,-0.1883,0.3536,-110.54,0.2,0.0,0.0,0.458
368.922,414.357,-1.2714,-0.1883,0.3536,-110.53,0.2,0.0,0.0,0.458
369.022,414.544,-1.2714,-0.1883,0.3536,-110.52,0.2,0.0,0.0,0.458
369.122,414.74,-1.2713,-0.1883,0.3536,-110.5,0.21,0.0,0.0,0.458
369.222,414.877,-1.2713,-0.1883,0.3536,-110.5,0.2,0.0,0.0,0.456
369.322,415.131,-1.2713,-0.1883,0.3536,-110.52,0.2,0.0,0.0,0.456
369.422,415.28,-1.2713,-0.1883,0.3536,-110.5,0.2,0.0,0.0,0.458
369.522,415.383,-1.2714,-0.1883,0.3536,-110.58,0.2,0.0,0.0,0.456
369.622,415.496,-1.2713,-0.1883,0.3536,-110.51,0.2,0.0,0.0,0.461
369.722,415.603,-1.2713,-0.1884,0.3536,-110.49,0.21,0.0,0.0,0.457
369.822,415.732,-1.2713,-0.1884,0.3536,-110.48,0.21,0.0,0.0,0.455
369.922,415.944,-1.2714,-0.1884,0.3535,-110.56,0.2,0.0,0.0,0.454
370.022,416.148,-1.2714,-0.1884,0.3535,-110.59,0.2,0.0,0.0,0.459
370.122,416.281,-1.2714,-0.1884,0.3535,-110.57,0.2,0.0,0.0,0.459
370.222,416.384,-1.2714,-0.1884,0.3535,-110.56,0.2,0.0,0.0,0.461
370.322,416.535,-1.2714,-0.1884,0.3535,-110.56,0.2,0.0,0.0,0.459
370.422,416.771,-1.2714,-0.1884,0.3535,-110.56,0.2,0.0,0.0,0.459
370.522,416.882,-1.2714,-0.1884,0.3535,-110.51,0.2,0.0,0.0,0.459
370.622,416.984,-1.2714,-0.1884,0.3535,-110.52,0.2,0.0,0.0,0.456
370.723,417.098,-1.2714,-0.1884,0.3535,-110.54,0.2,0.0,0.0,0.457
370.822,417.195,-1.2714,-0.1884,0.3535,-110.52,0.2,0.0,0.0,0.458
370.922,417.334,-1.2714,-0.1884,0.3535,-110.56,0.2,0.0,0.0,0.457
371.022,417.535,-1.2714,-0.1884,0.3535,-110.6,0.2,0.0,0.0,0.459
371.122,417.715,-1.2714,-0.1884,0.3535,-110.53,0.2,0.0,0.0,0.449
371.222,417.883,-1.2713,-0.1884,0.3535,-110.52,0.2,0.0,0.0,0.458
371.322,418.207,-1.2714,-0.1884,0.3535,-110.53,0.2,0.0,0.0,0.457
371.422,418.314,-1.2714,-0.1884,0.3535,-110.53,0.2,0.0,0.0,0.457
371.523,418.429,-1.2714,-0.1884,0.3535,-110.54,0.2,0.0,0.0,0.457
371.623,418.528,-1.2714,-0.1884,0.3535,-110.54,0.2,0.0,0.0,0.458
371.723,418.637,-1.2713,-0.1884,0.3535,-110.51,0.2,0.0,0.0,0.458
371.822,418.736,-1.2714,-0.1884,0.3535,-110.54,0.2,0.0,0.0,0.456
371.922,418.901,-1.2714,-0.1884,0.3535,-110.54,0.2,0.0,0.0,0.457
372.022,419.167,-1.2714,-0.1884,0.3535,-110.52,0.2,0.0,0.0,0.458
372.122,419.285,-1.2714,-0.1884,0.3534,-110.57,0.2,0.0,0.0,0.457
372.222,419.463,-1.2714,-0.1884,0.3534,-110.57,0.2,0.0,0.0,0.459
372.322,419.701,-1.2714,-0.1884,0.3534,-110.54,0.2,0.0,0.0,0.459
372.424,419.865,-1.2714,-0.1884,0.3534,-110.56,0.2,0.0,0.0,0.459
372.522,419.954,-1.2714,-0.1884,0.3534,-110.56,0.2,0.0,-0.0036,0.459
372.622,420.058,-1.2714,-0.1884,0.3534,-110.56,0.2,0.0,-0.0006,0.459
372.722,420.19,-1.2714,-0.1884,0.3534,-110.58,0.21,0.0,-0.0029,0.459
372.822,420.333,-1.2714,-0.1884,0.3534,-110.57,0.2,0.0,-0.0084,0.46
372.922,420.439,-1.2714,-0.1884,0.3534,-110.51,0.21,0.0,-0.0058,0.459
373.022,420.566,-1.2713,-0.1884,0.3534,-110.49,0.21,0.0,-0.0023,0.456
373.122,420.824,-1.2713,-0.1884,0.3534,-110.48,0.21,0.0,-0.0086,0.455
373.222,420.987,-1.2714,-0.1884,0.3534,-110.52,0.2,0.0,-0.0077,0.455
373.322,421.13,-1.2713,-0.1884,0.3534,-110.53,0.21,0.0,-0.0068,0.457
373.423,421.25,-1.2714,-0.1884,0.3534,-110.57,0.2,0.0,-0.0116,0.457
373.525,421.353,-1.2714,-0.1884,0.3534,-110.56,0.2,0.0,-0.0141,0.46
373.624,421.451,-1.2715,-0.1884,0.3534,-110.58,0.2,0.0,-0.0124,0.459
373.722,421.587,-1.2715,-0.1884,0.3534,-110.58,0.2,0.0,-0.0115,0.46
373.822,421.833,-1.2715,-0.1884,0.3534,-110.58,0.2,0.0,-0.0192,0.461
373.922,421.984,-1.2714,-0.1884,0.3534,-110.57,0.2,0.0,-0.0204,0.46
374.022,422.126,-1.2714,-0.1884,0.3534,-110.55,0.2,0.0,-0.0219,0.46
374.122,422.229,-1.2714,-0.1884,0.3534,-110.55,0.2,0.0,-0.0161,0.459
374.222,422.334,-1.2714,-0.1884,0.3534,-110.54,0.2,0.0,-0.0168,0.458
374.322,422.441,-1.2714,-0.1884,0.3534,-110.53,0.2,0.0,-0.016,0.458
374.426,422.563,-1.2714,-0.1884,0.3534,-110.53,0.2,0.0,-0.0023,0.457
374.528,422.674,-1.2714,-0.1884,0.3534,-110.54,0.2,0.0,-0.0121,0.457
374.622,422.838,-1.2714,-0.1884,0.3534,-110.53,0.2,0.0,-0.0174,0.458
374.722,423.048,-1.2714,-0.1884,0.3534,-110.54,0.2,0.0,-0.0203,0.457
374.822,423.183,-1.2714,-0.1884,0.3534,-110.54,0.2,0.0,-0.0223,0.457
374.922,423.291,-1.2714,-0.1884,0.3534,-110.52,0.2,0.0,-0.0243,0.458
375.022,423.409,-1.2714,-0.1884,0.3534,-110.54,0.2,0.0,-0.0227,0.456
375.122,423.54,-1.2714,-0.1884,0.3534,-110.56,0.2,0.0,-0.0248,0.457
375.222,423.648,-1.2715,-0.1884,0.3534,-110.59,0.2,0.0,-0.0249,0.458
375.322,423.773,-1.2715,-0.1884,0.3534,-110.57,0.2,0.0,-0.0212,0.461
375.426,423.89,-1.2715,-0.1884,0.3534,-110.57,0.2,0.0,-0.0186,0.46
375.528,424.011,-1.2715,-0.1884,0.3534,-110.57,0.2,0.0,-0.0174,0.46
375.622,424.111,-1.2715,-0.1884,0.3534,-110.56,0.2,0.0,-0.0142,0.46
375.722,424.226,-1.2715,-0.1884,0.3534,-110.56,0.2,0.0,-0.0112,0.459
375.825,424.334,-1.2715,-0.1884,0.3534,-110.56,0.2,0.0,-0.0169,0.459
375.922,424.432,-1.2715,-0.1884,0.3534,-110.56,0.2,0.0,-0.0215,0.459
376.022,424.627,-1.2714,-0.1884,0.3534,-110.56,0.2,0.0,-0.0247,0.459
376.122,424.853,-1.2714,-0.1884,0.3534,-110.55,0.2,0.0,-0.0219,0.459
376.224,425.043,-1.2714,-0.1884,0.3534,-110.55,0.2,0.0,-0.0238,0.459
376.322,425.136,-1.2714,-0.1884,0.3534,-110.56,0.2,0.0,-0.0215,0.459
376.426,425.265,-1.2714,-0.1884,0.3534,-110.56,0.2,0.0,-0.0239,0.459
376.522,425.351,-1.2714,-0.1884,0.3534,-110.55,0.2,0.0,-0.026,0.459
376.622,425.471,-1.2714,-0.1884,0.3534,-110.55,0.2,0.0,-0.0326,0.459
376.725,425.582,-1.2714,-0.1884,0.3534,-110.55,0.2,0.0,-0.0255,0.458
376.822,425.681,-1.2714,-0.1884,0.3534,-110.55,0.2,0.0,-0.0255,0.458
376.922,425.859,-1.2714,-0.1884,0.3534,-110.55,0.2,0.0,-0.0256,0.458
377.022,426.116,-1.2714,-0.1884,0.3534,-110.55,0.2,0.0,-0.024,0.458
377.122,426.306,-1.2714,-0.1884,0.3534,-110.55,0.2,0.0,-0.0265,0.458
377.222,426.418,-1.2714,-0.1884,0.3534,-110.56,0.2,0.0,-0.0284,0.459
377.322,426.56,-1.2714,-0.1884,0.3534,-110.55,0.2,0.0,-0.0265,0.459
377.426,426.679,-1.2714,-0.1884,0.3534,-110.55,0.2,0.0,-0.0254,0.458
377.522,426.78,-1.2714,-0.1884,0.3534,-110.54,0.2,0.0,-0.0242,0.458
377.623,426.895,-1.2715,-0.1884,0.3534,-110.58,0.2,0.0,-0.021,0.458
377.724,427.021,-1.2715,-0.1884,0.3534,-110.57,0.2,0.0,-0.0232,0.46
377.822,427.112,-1.2714,-0.1884,0.3534,-110.53,0.2,0.0,-0.0266,0.46
377.922,427.228,-1.2714,-0.1884,0.3534,-110.54,0.2,0.0,-0.029,0.457
378.022,427.464,-1.2714,-0.1884,0.3534,-110.55,0.2,0.0,-0.0255,0.458
378.122,427.76,-1.2714,-0.1884,0.3534,-110.57,0.2,0.0,-0.0274,0.458
378.222,427.889,-1.2714,-0.1884,0.3534,-110.56,0.2,0.0,-0.0247,0.459
378.322,428.006,-1.2714,-0.1884,0.3534,-110.55,0.2,0.0,-0.0253,0.459
378.422,428.108,-1.2714,-0.1884,0.3534,-110.55,0.2,0.0,-0.0232,0.459
378.522,428.211,-1.2714,-0.1884,0.3534,-110.55,0.2,0.0,-0.0254,0.458
378.627,428.333,-1.2714,-0.1884,0.3534,-110.55,0.2,0.0,-0.0237,0.458
378.722,428.448,-1.2714,-0.1884,0.3534,-110.53,0.21,0.0,-0.0269,0.458
378.822,428.541,-1.2713,-0.1884,0.3534,-110.49,0.21,0.0,-0.0269,0.458
378.922,428.667,-1.2713,-0.1884,0.3534,-110.47,0.21,0.0,-0.022,0.455
379.022,428.953,-1.2713,-0.1884,0.3534,-110.5,0.2,0.0,-0.0186,0.454
379.122,429.066,-1.2714,-0.1884,0.3534,-110.51,0.2,0.0,-0.0245,0.455
379.222,429.181,-1.2714,-0.1884,0.3534,-110.52,0.2,0.0,-0.0198,0.456
379.322,429.29,-1.2714,-0.1884,0.3534,-110.53,0.2,0.0,-0.0183,0.456
379.427,429.431,-1.2714,-0.1884,0.3534,-110.54,0.2,0.0,-0.0211,0.457
379.522,429.543,-1.2714,-0.1884,0.3534,-110.55,0.2,0.0,-0.0263,0.457
379.623,429.655,-1.2714,-0.1884,0.3534,-110.55,0.2,0.0,-0.0291,0.458
379.722,429.754,-1.2714,-0.1884,0.3534,-110.55,0.2,0.0,-0.0231,0.458
379.822,429.865,-1.2714,-0.1884,0.3534,-110.55,0.2,0.0,-0.022,0.458
379.922,429.972,-1.2714,-0.1884,0.3534,-110.55,0.2,0.0,-0.0204,0.458
380.022,430.327,-1.2714,-0.1884,0.3534,-110.55,0.2,0.0,-0.0184,0.458
380.122,430.497,-1.2714,-0.1884,0.3534,-110.55,0.2,0.0,-0.0244,0.458
380.222,430.613,-1.2714,-0.1884,0.3534,-110.55,0.2,0.0,-0.0269,0.458
380.322,430.719,-1.2714,-0.1884,0.3534,-110.55,0.2,0.0,-0.0286,0.458
380.422,430.836,-1.2714,-0.1884,0.3534,-110.55,0.2,0.0,-0.0257,0.458
380.522,430.945,-1.2714,-0.1884,0.3534,-110.55,0.2,0.0,-0.0281,0.458
380.622,431.052,-1.2714,-0.1884,0.3534,-110.54,0.2,0.0,-0.0312,0.458
380.722,431.16,-1.2714,-0.1884,0.3534,-110.54,0.2,0.0,-0.0307,0.458
380.823,431.295,-1.2714,-0.1884,0.3534,-110.54,0.2,0.0,-0.0358,0.458
380.923,431.411,-1.2714,-0.1884,0.3534,-110.54,0.2,0.0,-0.0345,0.458
381.024,431.535,-1.2714,-0.1884,0.3534,-110.54,0.2,0.0,-0.0271,0.458
381.124,431.656,-1.2714,-0.1884,0.3534,-110.54,0.2,0.0,-0.0238,0.457
381.222,431.757,-1.2714,-0.1884,0.3534,-110.54,0.2,0.0,-0.0269,0.458
381.322,431.93,-1.2714,-0.1884,0.3534,-110.51,0.2,0.0,-0.0261,0.458
381.422,432.087,-1.2714,-0.1884,0.3534,-110.56,0.2,0.0,-0.0391,0.456
381.523,432.211,-1.2714,-0.1884,0.3534,-110.49,0.2,0.0,-0.041,0.459
381.622,432.308,-1.2714,-0.1884,0.3534,-110.57,0.19,0.0,-0.042,0.455
381.722,432.588,-1.2714,-0.1884,0.3534,-110.58,0.19,0.0,-0.0285,0.459
381.822,432.723,-1.2714,-0.1884,0.3534,-110.61,0.19,0.0,-0.0296,0.46
381.922,432.849,-1.2714,-0.1884,0.3534,-110.57,0.2,0.0,-0.035,0.46
382.026,432.975,-1.2714,-0.1884,0.3534,-110.52,0.2,0.0,-0.0357,0.459
382.123,433.104,-1.2714,-0.1884,0.3534,-110.53,0.2,0.0,-0.0409,0.457
382.222,433.188,-1.2713,-0.1884,0.3534,-110.51,0.2,0.0,-0.0381,0.457
382.322,433.301,-1.2713,-0.1884,0.3534,-110.5,0.2,0.0,-0.0308,0.456
382.422,433.58,-1.2713,-0.1884,0.3534,-110.51,0.2,0.0,-0.0253,0.455
382.522,433.762,-1.2713,-0.1884,0.3534,-110.51,0.2,0.0,-0.0248,0.456
382.622,433.877,-1.2713,-0.1884,0.3533,-110.53,0.2,0.0,-0.0299,0.456
382.722,433.998,-1.2713,-0.1884,0.3533,-110.54,0.2,0.0,-0.0274,0.457
382.822,434.126,-1.2713,-0.1884,0.3533,-110.54,0.2,0.0,-0.0268,0.457
382.922,434.229,-1.2714,-0.1884,0.3533,-110.54,0.2,0.0,-0.0318,0.457
383.022,434.333,-1.2713,-0.1884,0.3533,-110.53,0.2,0.0,-0.0266,0.458
383.122,434.471,-1.2713,-0.1884,0.3533,-110.53,0.2,0.0,-0.0293,0.457
383.222,434.555,-1.2713,-0.1884,0.3533,-110.52,0.2,0.0,-0.0291,0.457
383.322,434.673,-1.2714,-0.1884,0.3533,-110.55,0.19,0.0,-0.0294,0.456
383.422,434.834,-1.2714,-0.1884,0.3533,-110.54,0.2,0.0,-0.0264,0.458
383.527,434.956,-1.2713,-0.1884,0.3533,-110.53,0.2,0.0,-0.0199,0.458
383.622,435.057,-1.2713,-0.1884,0.3533,-110.53,0.2,0.0,-0.0192,0.457
383.722,435.166,-1.2713,-0.1884,0.3533,-110.54,0.2,0.0,-0.0264,0.457
383.825,435.289,-1.2714,-0.1884,0.3533,-110.54,0.2,0.0,-0.0333,0.458
383.922,435.382,-1.2714,-0.1884,0.3533,-110.54,0.2,0.0,-0.0351,0.458
384.022,435.491,-1.2714,-0.1884,0.3533,-110.54,0.2,0.0,-0.0313,0.458
384.122,435.788,-1.2714,-0.1884,0.3533,-110.54,0.2,0.0,-0.0284,0.458
384.222,435.966,-1.2714,-0.1884,0.3533,-110.54,0.2,0.0,-0.0299,0.458
384.322,436.103,-1.2714,-0.1884,0.3533,-110.54,0.2,0.0,-0.0345,0.458
384.425,436.233,-1.2714,-0.1884,0.3533,-110.54,0.2,0.0,-0.0355,0.458
384.522,436.33,-1.2714,-0.1884,0.3533,-110.54,0.2,0.0,-0.0327,0.458
384.622,436.449,-1.2714,-0.1884,0.3533,-110.54,0.2,0.0,-0.0316,0.458
384.722,436.565,-1.2714,-0.1884,0.3533,-110.54,0.2,0.0,-0.0325,0.458
384.822,436.676,-1.2714,-0.1884,0.3533,-110.54,0.2,0.0,-0.0328,0.458
384.922,436.784,-1.2714,-0.1884,0.3533,-110.54,0.2,0.0,-0.0324,0.458
385.022,436.898,-1.2714,-0.1884,0.3533,-110.54,0.2,0.0,-0.0318,0.458
385.123,437.02,-1.2714,-0.1884,0.3533,-110.54,0.2,0.0,-0.0335,0.458
385.232,437.134,-1.2714,-0.1884,0.3533,-110.54,0.2,0.0,-0.0314,0.458
385.322,437.232,-1.2714,-0.1884,0.3533,-110.59,0.19,0.0,-0.0318,0.458
385.422,437.362,-1.2714,-0.1884,0.3534,-110.6,0.19,0.0,-0.0452,0.461
385.522,437.652,-1.2714,-0.1884,0.3534,-110.59,0.2,0.0,-0.0406,0.448
385.622,437.805,-1.2714,-0.1884,0.3534,-110.56,0.2,0.0,-0.0322,0.46
385.722,437.948,-1.2714,-0.1884,0.3534,-110.56,0.2,0.0,-0.0294,0.459
385.822,438.059,-1.2714,-0.1884,0.3534,-110.57,0.2,0.0,-0.0323,0.459
385.922,438.178,-1.2714,-0.1884,0.3534,-110.55,0.2,0.0,-0.0357,0.459
386.022,438.287,-1.2714,-0.1884,0.3534,-110.56,0.2,0.0,-0.0295,0.458
386.123,438.408,-1.2713,-0.1884,0.3534,-110.53,0.2,0.0,-0.0261,0.459
386.225,438.519,-1.2713,-0.1884,0.3534,-110.53,0.2,0.0,-0.0265,0.457
386.322,438.621,-1.2713,-0.1884,0.3534,-110.52,0.2,0.0,-0.0238,0.457
386.422,438.944,-1.2713,-0.1884,0.3534,-110.53,0.2,0.0,-0.024,0.457
386.522,439.103,-1.2713,-0.1884,0.3534,-110.52,0.2,0.0,-0.0206,0.457
386.622,439.21,-1.2713,-0.1884,0.3534,-110.53,0.2,0.0,-0.0258,0.457
386.722,439.321,-1.2713,-0.1884,0.3534,-110.53,0.2,0.0,-0.0311,0.457
386.822,439.494,-1.2713,-0.1884,0.3534,-110.54,0.2,0.0,-0.0287,0.457
386.922,439.66,-1.2714,-0.1884,0.3534,-110.54,0.2,0.0,-0.0294,0.457
387.022,439.831,-1.2713,-0.1884,0.3534,-110.52,0.2,0.0,-0.0231,0.457
387.122,439.943,-1.2713,-0.1884,0.3534,-110.52,0.2,0.0,-0.0284,0.457
387.222,440.054,-1.2713,-0.1885,0.3534,-110.51,0.2,0.0,-0.0282,0.457
387.322,440.156,-1.2713,-0.1885,0.3534,-110.48,0.21,0.0,-0.0266,0.455
387.422,440.278,-1.2714,-0.1884,0.3534,-110.55,0.2,0.0,-0.0279,0.454
387.522,440.383,-1.2714,-0.1884,0.3534,-110.56,0.2,0.0,-0.0291,0.458
387.625,440.504,-1.2714,-0.1884,0.3534,-110.55,0.2,0.0,-0.0278,0.458
387.722,440.6,-1.2714,-0.1884,0.3534,-110.55,0.2,0.0,-0.0261,0.458
387.822,440.748,-1.2714,-0.1884,0.3534,-110.58,0.2,0.0,-0.0308,0.458
387.922,440.914,-1.2714,-0.1884,0.3534,-110.54,0.2,0.0,-0.0254,0.458
388.022,441.139,-1.2714,-0.1884,0.3534,-110.53,0.2,0.0,-0.0273,0.458
388.122,441.316,-1.2714,-0.1884,0.3534,-110.54,0.2,0.0,-0.0277,0.457
388.222,441.569,-1.2714,-0.1884,0.3534,-110.55,0.2,0.0,-0.0287,0.458
388.322,441.733,-1.2714,-0.1884,0.3534,-110.52,0.2,0.0,-0.0294,0.459
388.422,441.866,-1.2714,-0.1884,0.3534,-110.51,0.2,0.0,-0.0282,0.457
388.525,442.022,-1.2714,-0.1884,0.3534,-110.52,0.2,0.0,-0.0305,0.456
388.622,442.126,-1.2714,-0.1884,0.3534,-110.55,0.2,0.0,-0.0337,0.457
388.727,442.231,-1.2714,-0.1884,0.3534,-110.55,0.2,0.0,-0.0357,0.458
388.827,442.344,-1.2714,-0.1884,0.3534,-110.54,0.2,0.0,-0.0347,0.458
388.925,442.444,-1.2714,-0.1884,0.3534,-110.57,0.2,0.0,-0.0302,0.457
389.022,442.546,-1.2714,-0.1884,0.3534,-110.56,0.2,0.0,-0.0287,0.459
389.122,442.816,-1.2715,-0.1884,0.3534,-110.57,0.2,0.0,-0.0355,0.459
389.222,443.009,-1.2714,-0.1884,0.3534,-110.54,0.2,0.0,-0.0352,0.459
389.322,443.155,-1.2715,-0.1884,0.3534,-110.56,0.2,0.0,-0.0346,0.458
389.422,443.273,-1.2714,-0.1884,0.3534,-110.53,0.2,0.0,-0.0261,0.459
389.526,443.392,-1.2715,-0.1884,0.3534,-110.56,0.2,0.0,-0.03,0.457
389.622,443.488,-1.2715,-0.1884,0.3534,-110.55,0.2,0.0,-0.0255,0.459
389.722,443.643,-1.2715,-0.1884,0.3534,-110.59,0.19,0.0,-0.0263,0.459
389.822,443.899,-1.2715,-0.1884,0.3534,-110.56,0.2,0.0,-0.0287,0.461
389.922,444.015,-1.2715,-0.1884,0.3534,-110.54,0.2,0.0,-0.0334,0.459
390.022,444.116,-1.2714,-0.1884,0.3534,-110.53,0.2,0.0,-0.0298,0.458
390.122,444.222,-1.2714,-0.1884,0.3534,-110.53,0.2,0.0,-0.0336,0.457
390.222,444.323,-1.2714,-0.1884,0.3534,-110.54,0.2,0.0,-0.0293,0.457
390.325,444.427,-1.2714,-0.1884,0.3534,-110.56,0.2,0.0,-0.0237,0.457
390.425,444.527,-1.2715,-0.1884,0.3534,-110.58,0.19,0.0,-0.0194,0.458
390.522,444.623,-1.2715,-0.1884,0.3533,-110.6,0.19,0.0,-0.0192,0.46
390.623,444.727,-1.2714,-0.1884,0.3533,-110.54,0.2,0.0,-0.0238,0.461
390.722,444.828,-1.2715,-0.1884,0.3533,-110.59,0.19,0.0,-0.0243,0.458
390.822,444.921,-1.2714,-0.1884,0.3533,-110.54,0.2,0.0,-0.0278,0.461
390.922,445.028,-1.2714,-0.1884,0.3533,-110.52,0.2,0.0,-0.0271,0.458
391.024,445.135,-1.2715,-0.1884,0.3533,-110.57,0.2,0.0,-0.0277,0.457
391.122,445.231,-1.2714,-0.1884,0.3533,-110.53,0.2,0.0,-0.0307,0.459
391.223,445.324,-1.2714,-0.1884,0.3533,-110.53,0.2,0.0,-0.0282,0.457
391.324,445.427,-1.2714,-0.1884,0.3533,-110.54,0.2,0.0,-0.0273,0.457
391.433,445.532,-1.2714,-0.1884,0.3533,-110.55,0.2,0.0,-0.0315,0.458
391.527,445.632,-1.2714,-0.1884,0.3533,-110.51,0.2,0.0,-0.03,0.458
391.622,445.726,-1.2714,-0.1884,0.3533,-110.52,0.2,0.0,-0.0279,0.456
391.723,445.822,-1.2715,-0.1884,0.3533,-110.57,0.19,0.0,-0.0285,0.457
391.822,445.92,-1.2715,-0.1884,0.3533,-110.58,0.19,0.0,-0.025,0.459
391.922,446.028,-1.2715,-0.1884,0.3533,-110.57,0.2,0.0,-0.0266,0.46
392.024,446.122,-1.2715,-0.1884,0.3533,-110.55,0.2,0.0,-0.0287,0.459
392.123,446.235,-1.2714,-0.1884,0.3533,-110.54,0.2,0.0,-0.0301,0.458
392.223,446.327,-1.2714,-0.1884,0.3533,-110.53,0.2,0.0,-0.0297,0.458
392.322,446.42,-1.2714,-0.1884,0.3533,-110.53,0.2,0.0,-0.0264,0.457
392.422,446.526,-1.2714,-0.1884,0.3533,-110.53,0.2,0.0,-0.0238,0.457
392.526,446.624,-1.2714,-0.1884,0.3533,-110.53,0.2,0.0,-0.0244,0.457
392.623,446.722,-1.2714,-0.1884,0.3534,-110.51,0.2,0.0,-0.0248,0.457
392.724,446.832,-1.2714,-0.1884,0.3534,-110.58,0.2,0.0,-0.0245,0.456
392.822,446.93,-1.2715,-0.1884,0.3534,-110.58,0.2,0.0,-0.0192,0.46
392.922,447.032,-1.2714,-0.1884,0.3534,-110.55,0.2,0.0,-0.0224,0.46
393.024,447.128,-1.2714,-0.1884,0.3534,-110.49,0.21,0.0,-0.0213,0.459
393.122,447.234,-1.2714,-0.1884,0.3534,-110.49,0.21,0.0,-0.0236,0.456
393.223,447.327,-1.2714,-0.1884,0.3534,-110.47,0.21,0.0,-0.0217,0.455
393.324,447.425,-1.2713,-0.1884,0.3534,-110.46,0.2,0.0,-0.0195,0.454
393.424,447.531,-1.2713,-0.1884,0.3534,-110.32,0.21,0.0,-0.0264,0.453
393.523,447.625,-1.2713,-0.1884,0.3534,-110.43,0.2,0.0,-0.0281,0.455
393.633,447.735,-1.2714,-0.1884,0.3534,-110.5,0.2,0.0,-0.0305,0.456
393.722,447.827,-1.2714,-0.1883,0.3534,-110.59,0.19,0.0,-0.03,0.456
393.823,447.928,-1.2714,-0.1884,0.3533,-110.6,0.2,0.0,-0.0303,0.461
393.924,448.029,-1.2714,-0.1883,0.3533,-110.59,0.2,0.0,-0.0288,0.449
394.025,448.123,-1.2713,-0.1884,0.3533,-110.45,0.2,0.0,-0.0249,0.46
394.123,448.23,-1.2714,-0.1884,0.3533,-110.64,0.19,0.0,-0.0265,0.451
394.223,448.326,-1.2714,-0.1884,0.3533,-110.52,0.2,0.0,-0.0382,0.46
394.323,448.426,-1.2712,-0.1884,0.3533,-110.3,0.21,0.0,-0.0208,0.457
394.424,448.528,-1.2712,-0.1884,0.3533,-110.44,0.2,0.0,-0.0173,0.453
394.524,448.628,-1.2713,-0.1884,0.3533,-110.46,0.19,0.0,-0.0271,0.451
394.626,448.727,-1.2713,-0.1884,0.3533,-110.49,0.19,0.0,-0.0252,0.455
394.724,448.827,-1.2713,-0.1884,0.3533,-110.54,0.19,0.0,-0.0285,0.455
394.823,448.935,-1.2713,-0.1884,0.3533,-110.57,0.19,0.0,-0.0356,0.457
394.922,449.027,-1.2714,-0.1884,0.3533,-110.57,0.19,0.0,-0.0289,0.458
395.022,449.133,-1.2714,-0.1884,0.3533,-110.58,0.19,0.0,-0.0299,0.46
395.124,449.234,-1.2713,-0.1884,0.3533,-110.52,0.2,0.0,-0.0354,0.46
395.223,449.329,-1.2712,-0.1884,0.3533,-110.37,0.2,0.0,-0.0263,0.457
395.322,449.429,-1.2712,-0.1884,0.3533,-110.38,0.2,0.0,-0.0302,0.449
395.422,449.531,-1.2713,-0.1884,0.3534,-110.4,0.2,0.0,-0.0305,0.45
395.524,449.627,-1.2714,-0.1884,0.3534,-110.6,0.2,0.0,-0.0268,0.45
395.622,449.723,-1.2713,-0.1884,0.3534,-110.51,0.2,0.0,-0.0255,0.461
395.724,449.825,-1.2714,-0.1884,0.3533,-110.61,0.2,0.0,-0.0305,0.454
395.823,449.934,-1.2714,-0.1883,0.3533,-110.59,0.2,0.0,-0.0266,0.461
395.922,450.028,-1.2714,-0.1884,0.3533,-110.55,0.2,0.0,-0.0207,0.449
396.023,450.13,-1.2714,-0.1884,0.3533,-110.54,0.2,0.0,-0.0204,0.459
396.123,450.234,-1.2714,-0.1884,0.3533,-110.48,0.2,0.0,-0.0236,0.448
396.222,450.329,-1.2714,-0.1884,0.3533,-110.56,0.2,0.0,-0.0246,0.456
396.324,450.427,-1.2715,-0.1883,0.3533,-110.7,0.19,0.0,-0.0254,0.457
396.422,450.523,-1.2714,-0.1884,0.3533,-110.53,0.2,0.0,-0.0192,0.453
396.526,450.637,-1.2713,-0.1884,0.3532,-110.48,0.19,0.0,-0.0167,0.452
396.63,450.732,-1.2715,-0.1884,0.3532,-110.69,0.2,0.0,-0.0244,0.453
396.727,450.829,-1.2714,-0.1884,0.3532,-110.71,0.19,0.0,-0.03,0.453
396.828,450.932,-1.2715,-0.1884,0.3532,-110.67,0.2,0.0,-0.0287,0.453
396.922,451.029,-1.2713,-0.1884,0.3532,-110.49,0.2,0.0,-0.0023,0.453
397.023,451.132,-1.2712,-0.1885,0.3532,-110.35,0.21,0.0,-0.0006,0.452
397.125,451.234,-1.2711,-0.1885,0.3532,-110.21,0.21,0.0,0.0055,0.456
397.229,451.336,-1.2713,-0.1884,0.3532,-110.32,0.2,0.0,-0.0005,0.449
397.331,451.433,-1.2713,-0.1884,0.3533,-110.36,0.2,0.0,-0.0059,0.452
397.422,451.534,-1.2714,-0.1884,0.3532,-110.57,0.19,0.0,-0.0086,0.452
397.522,451.625,-1.2714,-0.1884,0.3532,-110.45,0.2,0.0,-0.0147,0.459
397.622,451.729,-1.2714,-0.1884,0.3532,-110.52,0.19,0.0,-0.0149,0.453
397.722,451.832,-1.2714,-0.1884,0.3532,-110.54,0.19,0.0,-0.0136,0.457
397.823,451.933,-1.2714,-0.1884,0.3532,-110.56,0.19,0.0,-0.015,0.458
397.922,452.032,-1.2714,-0.1884,0.3533,-110.57,0.19,0.0,-0.0132,0.459
398.022,452.126,-1.2714,-0.1884,0.3533,-110.54,0.19,0.0,-0.0188,0.46
398.124,452.235,-1.2714,-0.1884,0.3533,-110.53,0.2,0.0,-0.0222,0.458
398.224,452.341,-1.2713,-0.1884,0.3533,-110.51,0.2,0.0,-0.0265,0.458
398.322,452.427,-1.2713,-0.1884,0.3533,-110.46,0.2,0.0,-0.0265,0.457
398.426,452.535,-1.2713,-0.1884,0.3533,-110.5,0.2,0.0,-0.0257,0.454
398.525,452.633,-1.2713,-0.1884,0.3533,-110.55,0.19,0.0,-0.0277,0.454
398.622,452.736,-1.2713,-0.1884,0.3533,-110.57,0.2,0.0,-0.0244,0.458
398.722,452.835,-1.2713,-0.1884,0.3533,-110.56,0.2,0.0,-0.0214,0.459
398.822,452.933,-1.2713,-0.1884,0.3533,-110.57,0.2,0.0,-0.0213,0.459
398.922,453.029,-1.2714,-0.1884,0.3533,-110.56,0.2,0.0,-0.0231,0.459
399.022,453.137,-1.2713,-0.1884,0.3533,-110.55,0.2,0.0,-0.0226,0.46
399.122,453.243,-1.2713,-0.1884,0.3534,-110.49,0.2,0.0,-0.0269,0.458
399.223,453.339,-1.2713,-0.1884,0.3534,-110.52,0.2,0.0,-0.0249,0.454
399.322,453.429,-1.2713,-0.1884,0.3534,-110.49,0.2,0.0,-0.0264,0.455
399.426,453.535,-1.2713,-0.1884,0.3534,-110.57,0.2,0.0,-0.03,0.456
399.522,453.628,-1.2714,-0.1884,0.3534,-110.58,0.2,0.0,-0.0295,0.459
399.626,453.738,-1.2714,-0.1884,0.3534,-110.62,0.2,0.0,-0.0289,0.46
399.722,453.828,-1.2714,-0.1884,0.3534,-110.68,0.2,0.0,-0.0239,0.448
399.823,453.94,-1.2713,-0.1884,0.3534,-110.55,0.2,0.0,-0.0131,0.449
399.922,454.036,-1.2714,-0.1884,0.3534,-110.61,0.2,0.0,-0.0168,0.458
400.022,454.137,-1.2714,-0.1884,0.3534,-110.62,0.2,0.0,-0.0181,0.448
400.123,454.241,-1.2713,-0.1884,0.3534,-110.54,0.2,0.0,-0.0218,0.448
400.225,454.34,-1.2713,-0.1884,0.3534,-110.55,0.2,0.0,-0.024,0.458
400.323,454.439,-1.2713,-0.1884,0.3534,-110.55,0.2,0.0,-0.0247,0.458
400.424,454.54,-1.2713,-0.1884,0.3534,-110.49,0.21,0.0,-0.0279,0.46
400.525,454.637,-1.2712,-0.1884,0.3534,-110.48,0.2,0.0,-0.0299,0.456
400.624,454.734,-1.2713,-0.1884,0.3534,-110.51,0.2,0.0,-0.0312,0.455
400.724,454.838,-1.2713,-0.1884,0.3534,-110.58,0.2,0.0,-0.0299,0.456
400.824,454.935,-1.2715,-0.1883,0.3534,-110.78,0.21,0.0,-0.0324,0.46
400.923,455.042,-1.2716,-0.1883,0.3534,-110.85,0.2,0.0,-0.0388,0.456
401.025,455.135,-1.2715,-0.1884,0.3534,-110.8,0.2,0.0,-0.0395,0.46
401.122,455.237,-1.2716,-0.1884,0.3534,-110.8,0.2,0.0,-0.0369,0.458
401.223,455.334,-1.2715,-0.1884,0.3533,-110.7,0.2,0.0,-0.0208,0.458
401.325,455.442,-1.2714,-0.1884,0.3533,-110.58,0.2,0.0,-0.0231,0.453
401.424,455.534,-1.2713,-0.1884,0.3533,-110.47,0.2,0.0,-0.0232,0.458
401.522,455.64,-1.2714,-0.1884,0.3533,-110.64,0.19,0.0,-0.0227,0.453
401.626,455.742,-1.2714,-0.1884,0.3533,-110.45,0.2,0.0,-0.0333,0.449
401.722,455.833,-1.2713,-0.1884,0.3533,-110.4,0.2,0.0,-0.0351,0.453
401.823,455.939,-1.2713,-0.1884,0.3533,-110.4,0.2,0.0,-0.0401,0.45
401.923,456.037,-1.2713,-0.1884,0.3533,-110.44,0.19,0.0,-0.0349,0.45
402.026,456.14,-1.2713,-0.1884,0.3533,-110.49,0.19,0.0,-0.0333,0.452
402.122,456.243,-1.2713,-0.1884,0.3533,-110.5,0.19,0.0,-0.0314,0.454
402.228,456.341,-1.2713,-0.1884,0.3533,-110.48,0.19,0.0,-0.0333,0.455
402.322,456.442,-1.2713,-0.1884,0.3533,-110.5,0.19,0.0,-0.031,0.455
402.422,456.535,-1.2713,-0.1884,0.3533,-110.53,0.19,0.0,-0.032,0.456
402.524,456.645,-1.2713,-0.1884,0.3533,-110.54,0.19,0.0,-0.0278,0.457
402.622,456.748,-1.2713,-0.1884,0.3533,-110.52,0.19,0.0,-0.0293,0.457
402.722,456.841,-1.2713,-0.1884,0.3533,-110.54,0.19,0.0,-0.0276,0.457
402.822,456.945,-1.2713,-0.1884,0.3533,-110.54,0.19,0.0,-0.0286,0.458
402.923,457.047,-1.2713,-0.1884,0.3533,-110.53,0.2,0.0,-0.0323,0.458
403.027,457.146,-1.2713,-0.1884,0.3533,-110.53,0.2,0.0,-0.0298,0.457
403.13,457.247,-1.2714,-0.1884,0.3533,-110.56,0.19,0.0,-0.0312,0.459
403.222,457.342,-1.2713,-0.1884,0.3533,-110.51,0.2,0.0,-0.0258,0.459
403.322,457.446,-1.2713,-0.1884,0.3533,-110.51,0.2,0.0,-0.0257,0.456
403.423,457.542,-1.2713,-0.1884,0.3533,-110.54,0.2,0.0,-0.0245,0.454
403.523,457.649,-1.2713,-0.1884,0.3533,-110.55,0.2,0.0,-0.0193,0.457
403.627,457.746,-1.2714,-0.1884,0.3533,-110.61,0.19,0.0,-0.0238,0.461
403.723,457.854,-1.2713,-0.1884,0.3533,-110.53,0.2,0.0,-0.0281,0.461
403.823,457.947,-1.2713,-0.1884,0.3533,-110.54,0.2,0.0,-0.0308,0.457
403.923,458.045,-1.2713,-0.1884,0.3533,-110.56,0.19,0.0,-0.0306,0.458
404.026,458.148,-1.2713,-0.1884,0.3533,-110.53,0.2,0.0,-0.0347,0.458
404.122,458.247,-1.2713,-0.1884,0.3533,-110.54,0.2,0.0,-0.0344,0.457
404.222,458.346,-1.2714,-0.1884,0.3533,-110.54,0.2,0.0,-0.0349,0.458
404.322,458.446,-1.2713,-0.1884,0.3533,-110.53,0.2,0.0,-0.0328,0.458
404.424,458.549,-1.2713,-0.1884,0.3533,-110.48,0.2,0.0,-0.0328,0.457
404.522,458.65,-1.2713,-0.1884,0.3533,-110.54,0.2,0.0,-0.0351,0.456
404.624,458.75,-1.2713,-0.1884,0.3533,-110.51,0.2,0.0,-0.0349,0.458
404.722,458.849,-1.2713,-0.1884,0.3533,-110.51,0.2,0.0,-0.0304,0.456
404.822,458.947,-1.2713,-0.1884,0.3533,-110.52,0.2,0.0,-0.0288,0.456
404.923,459.047,-1.2713,-0.1884,0.3533,-110.52,0.2,0.0,-0.0303,0.456
405.023,459.146,-1.2713,-0.1884,0.3533,-110.52,0.2,0.0,-0.0309,0.457
405.123,459.246,-1.2713,-0.1884,0.3533,-110.53,0.2,0.0,-0.0323,0.457
405.233,459.352,-1.2713,-0.1884,0.3533,-110.53,0.2,0.0,-0.0273,0.457
405.323,459.449,-1.2713,-0.1884,0.3533,-110.56,0.2,0.0,-0.025,0.457
405.43,459.549,-1.2713,-0.1884,0.3534,-110.56,0.2,0.0,-0.0269,0.458
405.522,459.649,-1.2713,-0.1884,0.3534,-110.55,0.2,0.0,-0.0294,0.458
405.622,459.752,-1.2713,-0.1884,0.3534,-110.54,0.2,0.0,-0.0325,0.458
405.722,459.848,-1.2713,-0.1884,0.3534,-110.53,0.2,0.0,-0.0327,0.458
405.829,459.948,-1.2713,-0.1884,0.3534,-110.49,0.2,0.0,-0.0299,0.455
405.924,460.049,-1.2713,-0.1884,0.3534,-110.53,0.2,0.0,-0.03,0.455
406.023,460.149,-1.2713,-0.1884,0.3534,-110.53,0.2,0.0,-0.0289,0.457
406.124,460.244,-1.2713,-0.1884,0.3534,-110.53,0.2,0.0,-0.0284,0.457
406.222,460.346,-1.2713,-0.1884,0.3534,-110.53,0.2,0.0,-0.0259,0.457
406.323,460.449,-1.2714,-0.1884,0.3534,-110.54,0.2,0.0,-0.028,0.457
406.423,460.551,-1.2714,-0.1884,0.3534,-110.55,0.2,0.0,-0.0237,0.458
406.522,460.641,-1.2713,-0.1884,0.3534,-110.52,0.2,0.0,-0.0183,0.458
406.622,460.742,-1.2714,-0.1884,0.3534,-110.55,0.2,0.0,-0.0204,0.456
406.726,460.85,-1.2714,-0.1884,0.3534,-110.58,0.2,0.0,-0.0192,0.46
406.825,460.951,-1.2714,-0.1884,0.3534,-110.57,0.2,0.0,-0.0184,0.46
406.922,461.047,-1.2714,-0.1884,0.3534,-110.57,0.2,0.0,-0.0239,0.459
407.023,461.154,-1.2714,-0.1884,0.3534,-110.58,0.19,0.0,-0.0238,0.46
407.123,461.258,-1.2714,-0.1884,0.3534,-110.57,0.2,0.0,-0.0253,0.46
407.224,461.359,-1.2714,-0.1884,0.3534,-110.56,0.2,0.0,-0.0206,0.46
407.322,461.454,-1.2714,-0.1884,0.3534,-110.56,0.2,0.0,-0.0218,0.458
407.437,461.564,-1.2714,-0.1884,0.3534,-110.57,0.2,0.0,-0.0235,0.459
407.525,461.659,-1.2714,-0.1884,0.3534,-110.57,0.2,0.0,-0.0285,0.459
407.625,461.763,-1.2714,-0.1884,0.3534,-110.54,0.2,0.0,-0.0294,0.459
407.725,461.857,-1.2714,-0.1884,0.3534,-110.54,0.2,0.0,-0.0311,0.458
407.825,461.965,-1.2714,-0.1884,0.3534,-110.54,0.2,0.0,-0.0294,0.457
407.922,462.061,-1.2714,-0.1884,0.3534,-110.53,0.2,0.0,-0.0294,0.458
408.022,462.155,-1.2713,-0.1884,0.3534,-110.54,0.2,0.0,-0.0305,0.457
408.122,462.255,-1.2713,-0.1884,0.3534,-110.52,0.2,0.0,-0.0364,0.457
408.229,462.363,-1.2713,-0.1884,0.3534,-110.48,0.2,0.0,-0.0344,0.455
408.322,462.455,-1.2713,-0.1884,0.3534,-110.51,0.2,0.0,-0.0298,0.455
408.422,462.561,-1.2713,-0.1884,0.3534,-110.54,0.2,0.0,-0.0271,0.456
408.524,462.657,-1.2714,-0.1884,0.3534,-110.54,0.2,0.0,-0.0271,0.457
408.623,462.765,-1.2714,-0.1884,0.3534,-110.54,0.2,0.0,-0.0254,0.457
408.722,462.857,-1.2714,-0.1884,0.3534,-110.55,0.2,0.0,-0.0254,0.458
408.822,462.956,-1.2714,-0.1884,0.3534,-110.54,0.2,0.0,-0.0259,0.458
408.922,463.061,-1.2713,-0.1884,0.3534,-110.53,0.2,0.0,-0.0196,0.458
409.022,463.169,-1.2713,-0.1884,0.3534,-110.53,0.2,0.0,-0.022,0.457
409.122,463.262,-1.2713,-0.1884,0.3534,-110.5,0.2,0.0,-0.0242,0.457
409.222,463.366,-1.2713,-0.1884,0.3534,-110.51,0.2,0.0,-0.0242,0.455
409.322,463.466,-1.2713,-0.1884,0.3534,-110.52,0.2,0.0,-0.0256,0.457
409.423,463.566,-1.2713,-0.1884,0.3534,-110.54,0.2,0.0,-0.0282,0.456
409.523,463.665,-1.2714,-0.1884,0.3534,-110.61,0.19,0.0,-0.0289,0.456
409.622,463.756,-1.2714,-0.1884,0.3534,-110.57,0.2,0.0,-0.0301,0.46
409.724,463.865,-1.2714,-0.1884,0.3534,-110.58,0.2,0.0,-0.0295,0.459
409.828,463.962,-1.2714,-0.1884,0.3534,-110.58,0.2,0.0,-0.0264,0.46
409.922,464.062,-1.2714,-0.1884,0.3534,-110.55,0.2,0.0,-0.0217,0.46
410.023,464.17,-1.2714,-0.1884,0.3534,-110.55,0.2,0.0,-0.0233,0.458
410.122,464.256,-1.2714,-0.1884,0.3534,-110.55,0.2,0.0,-0.0252,0.458
410.222,464.365,-1.2714,-0.1884,0.3533,-110.58,0.2,0.0,-0.0311,0.458
410.322,464.465,-1.2714,-0.1884,0.3533,-110.57,0.2,0.0,-0.0334,0.46
410.423,464.566,-1.2715,-0.1884,0.3533,-110.59,0.2,0.0,-0.0285,0.459
410.524,464.658,-1.2714,-0.1884,0.3534,-110.54,0.2,0.0,-0.0285,0.46
410.622,464.756,-1.2714,-0.1884,0.3534,-110.53,0.2,0.0,-0.0281,0.458
410.722,464.86,-1.2714,-0.1884,0.3534,-110.52,0.2,0.0,-0.0306,0.458
410.822,464.968,-1.2714,-0.1884,0.3534,-110.59,0.2,0.0,-0.0301,0.457
410.923,465.069,-1.2714,-0.1884,0.3534,-110.54,0.2,0.0,-0.033,0.46
411.022,465.171,-1.2713,-0.1884,0.3534,-110.44,0.21,0.0,-0.033,0.458
411.124,465.271,-1.2713,-0.1884,0.3534,-110.52,0.2,0.0,-0.0361,0.454
411.222,465.365,-1.2713,-0.1884,0.3534,-110.5,0.2,0.0,-0.0385,0.457
411.322,465.47,-1.2713,-0.1884,0.3534,-110.44,0.2,0.0,-0.0317,0.456
411.424,465.566,-1.2713,-0.1884,0.3534,-110.49,0.2,0.0,-0.0317,0.452
411.522,465.666,-1.2713,-0.1884,0.3534,-110.53,0.2,0.0,-0.041,0.455
411.623,465.761,-1.2713,-0.1884,0.3534,-110.49,0.2,0.0,-0.041,0.457
411.722,465.859,-1.2713,-0.1884,0.3534,-110.47,0.2,0.0,-0.0366,0.455
411.824,465.971,-1.2712,-0.1884,0.3534,-110.47,0.2,0.0,-0.0366,0.455
411.922,466.065,-1.2712,-0.1884,0.3534,-110.44,0.2,0.0,-0.0294,0.454
412.024,466.172,-1.2712,-0.1884,0.3534,-110.36,0.2,0.0,-0.0284,0.453
412.124,466.263,-1.2713,-0.1884,0.3534,-110.46,0.2,0.0,-0.0284,0.45
412.223,466.365,-1.2713,-0.1884,0.3534,-110.48,0.2,0.0,-0.0398,0.454
412.327,466.467,-1.2714,-0.1883,0.3534,-110.57,0.2,0.0,-0.0366,0.455
412.424,466.569,-1.2715,-0.1883,0.3534,-110.81,0.19,0.0,-0.0428,0.458
412.527,466.669,-1.2715,-0.1883,0.3534,-110.71,0.2,0.0,-0.0079,0.458
412.627,466.77,-1.2714,-0.1884,0.3534,-110.64,0.2,0.0,0.0,0.449
412.723,466.872,-1.2715,-0.1883,0.3534,-110.64,0.2,0.0,-0.0004,0.449
412.825,466.973,-1.2714,-0.1884,0.3534,-110.59,0.2,0.0,-0.0029,0.452
412.925,467.071,-1.2715,-0.1883,0.3534,-110.71,0.19,0.0,-0.0063,0.46
413.023,467.172,-1.2714,-0.1884,0.3534,-110.57,0.2,0.0,0.0013,0.454
413.123,467.272,-1.2713,-0.1884,0.3534,-110.53,0.2,0.0,-0.0126,0.46
413.226,467.369,-1.2714,-0.1884,0.3534,-110.53,0.2,0.0,-0.0057,0.458
413.323,467.477,-1.2713,-0.1884,0.3534,-110.51,0.2,0.0,-0.0069,0.457
413.422,467.577,-1.2713,-0.1884,0.3534,-110.51,0.2,0.0,-0.0085,0.457
413.522,467.664,-1.2713,-0.1884,0.3534,-110.48,0.2,0.0,-0.0103,0.458
413.624,467.777,-1.2713,-0.1884,0.3534,-110.52,0.2,0.0,-0.0155,0.455
413.722,467.874,-1.2713,-0.1884,0.3534,-110.52,0.2,0.0,-0.0154,0.457
413.822,467.967,-1.2713,-0.1884,0.3534,-110.55,0.2,0.0,-0.0155,0.457
413.923,468.072,-1.2713,-0.1884,0.3534,-110.55,0.2,0.0,-0.0154,0.458
414.025,468.174,-1.2713,-0.1884,0.3534,-110.54,0.2,0.0,-0.0133,0.458
414.125,468.273,-1.2713,-0.1884,0.3534,-110.5,0.2,0.0,-0.0141,0.458
414.23,468.374,-1.2713,-0.1884,0.3534,-110.47,0.2,0.0,-0.0116,0.454
414.322,468.479,-1.2713,-0.1884,0.3533,-110.48,0.2,0.0,-0.0205,0.454
414.422,468.574,-1.2713,-0.1884,0.3533,-110.51,0.2,0.0,-0.0194,0.455
414.523,468.673,-1.2714,-0.1884,0.3533,-110.54,0.19,0.0,-0.0238,0.456
414.627,468.776,-1.2713,-0.1884,0.3533,-110.49,0.2,0.0,-0.0154,0.457
414.722,468.878,-1.2713,-0.1884,0.3533,-110.5,0.2,0.0,-0.0165,0.457
414.824,468.978,-1.2713,-0.1884,0.3533,-110.43,0.2,0.0,-0.0133,0.457
414.922,469.073,-1.2712,-0.1884,0.3533,-110.39,0.2,0.0,-0.0211,0.452
415.022,469.179,-1.2713,-0.1884,0.3533,-110.47,0.2,0.0,-0.0203,0.45
415.122,469.28,-1.2713,-0.1884,0.3533,-110.49,0.2,0.0,-0.0222,0.454
415.223,469.375,-1.2713,-0.1884,0.3533,-110.47,0.2,0.0,-0.0235,0.455
415.323,469.47,-1.2713,-0.1884,0.3533,-110.5,0.2,0.0,-0.0234,0.454
415.424,469.58,-1.2713,-0.1884,0.3533,-110.51,0.19,0.0,-0.0195,0.455
415.527,469.675,-1.2714,-0.1884,0.3533,-110.52,0.19,0.0,-0.0175,0.456
415.622,469.779,-1.2714,-0.1884,0.3533,-110.54,0.19,0.0,-0.0148,0.457
415.722,469.87,-1.2714,-0.1884,0.3533,-110.54,0.19,0.0,-0.0137,0.458
415.825,469.982,-1.2714,-0.1884,0.3533,-110.51,0.2,0.0,-0.0158,0.458
415.922,470.073,-1.2714,-0.1884,0.3533,-110.53,0.2,0.0,-0.0199,0.456
416.029,470.177,-1.2714,-0.1884,0.3533,-110.5,0.2,0.0,-0.0179,0.456
416.123,470.271,-1.2714,-0.1884,0.3533,-110.55,0.2,0.0,-0.018,0.456
416.222,470.376,-1.2714,-0.1884,0.3533,-110.54,0.2,0.0,-0.017,0.458
416.324,470.472,-1.2714,-0.1884,0.3533,-110.54,0.2,0.0,-0.0136,0.458
416.425,470.579,-1.2714,-0.1884,0.3533,-110.54,0.2,0.0,-0.0151,0.458
416.522,470.673,-1.2714,-0.1884,0.3533,-110.54,0.2,0.0,-0.0174,0.458
416.623,470.782,-1.2714,-0.1884,0.3533,-110.53,0.2,0.0,-0.0212,0.458
416.724,470.872,-1.2714,-0.1884,0.3533,-110.53,0.2,0.0,-0.0223,0.457
416.832,470.98,-1.2714,-0.1884,0.3534,-110.52,0.2,0.0,-0.023,0.458
416.923,471.07,-1.2713,-0.1884,0.3534,-110.5,0.2,0.0,-0.0188,0.458
417.024,471.175,-1.2714,-0.1884,0.3534,-110.53,0.2,0.0,-0.0198,0.456
417.122,471.285,-1.2714,-0.1884,0.3534,-110.54,0.2,0.0,-0.0211,0.457
417.235,471.384,-1.2714,-0.1884,0.3534,-110.52,0.2,0.0,-0.0241,0.458
417.322,471.478,-1.2713,-0.1885,0.3534,-110.5,0.2,0.0,-0.0274,0.458
417.423,471.58,-1.2713,-0.1884,0.3534,-110.51,0.2,0.0,-0.0277,0.455
417.524,471.674,-1.2713,-0.1884,0.3534,-110.53,0.2,0.0,-0.0252,0.456
417.623,471.782,-1.2713,-0.1885,0.3534,-110.5,0.2,0.0,-0.0216,0.457
417.722,471.876,-1.2713,-0.1884,0.3534,-110.52,0.2,0.0,-0.0214,0.455
417.822,471.981,-1.2713,-0.1884,0.3534,-110.57,0.2,0.0,-0.0222,0.456
417.924,472.079,-1.2713,-0.1884,0.3534,-110.56,0.2,0.0,-0.0195,0.459
418.022,472.181,-1.2713,-0.1884,0.3534,-110.55,0.2,0.0,-0.0224,0.458
418.122,472.278,-1.2714,-0.1884,0.3534,-110.56,0.2,0.0,-0.0259,0.457
418.222,472.384,-1.2714,-0.1884,0.3534,-110.55,0.2,0.0,-0.0293,0.459
418.323,472.478,-1.2713,-0.1884,0.3534,-110.55,0.2,0.0,-0.034,0.458
418.423,472.586,-1.2714,-0.1884,0.3534,-110.55,0.2,0.0,-0.0331,0.458
418.522,472.686,-1.2713,-0.1884,0.3534,-110.53,0.2,0.0,-0.0333,0.458
418.622,472.789,-1.2714,-0.1884,0.3534,-110.57,0.2,0.0,-0.0333,0.457
418.732,472.892,-1.2714,-0.1884,0.3534,-110.57,0.2,0.0,-0.0298,0.459
418.823,472.984,-1.2714,-0.1884,0.3534,-110.57,0.2,0.0,-0.029,0.459
418.922,473.079,-1.2714,-0.1884,0.3534,-110.58,0.2,0.0,-0.0294,0.459
419.024,473.189,-1.2714,-0.1884,0.3534,-110.53,0.2,0.0,-0.0262,0.46
419.124,473.285,-1.2713,-0.1884,0.3534,-110.53,0.2,0.0,-0.0269,0.458
419.222,473.391,-1.2714,-0.1884,0.3534,-110.54,0.2,0.0,-0.0308,0.457
419.322,473.478,-1.2714,-0.1884,0.3534,-110.56,0.2,0.0,-0.0299,0.458
419.423,473.591,-1.2714,-0.1884,0.3534,-110.55,0.2,0.0,-0.0267,0.458
419.524,473.689,-1.2714,-0.1884,0.3534,-110.55,0.2,0.0,-0.0259,0.458
419.624,473.791,-1.2714,-0.1884,0.3534,-110.55,0.2,0.0,-0.0256,0.458
419.723,473.887,-1.2714,-0.1884,0.3534,-110.55,0.2,0.0,-0.0241,0.458
419.823,473.994,-1.2714,-0.1884,0.3534,-110.55,0.2,0.0,-0.0238,0.458
419.925,474.086,-1.2714,-0.1884,0.3534,-110.55,0.2,0.0,-0.0214,0.458
420.023,474.189,-1.2714,-0.1884,0.3534,-110.55,0.2,0.0,-0.0192,0.458
420.123,474.285,-1.2714,-0.1884,0.3534,-110.55,0.2,0.0,-0.0232,0.458
420.235,474.399,-1.2714,-0.1884,0.3534,-110.55,0.2,0.0,-0.022,0.458
420.322,474.485,-1.2714,-0.1884,0.3534,-110.55,0.2,0.0,-0.0244,0.458
420.422,474.593,-1.2714,-0.1884,0.3534,-110.55,0.2,0.0,-0.0313,0.458
420.525,474.686,-1.2714,-0.1884,0.3534,-110.55,0.2,0.0,-0.0327,0.458
420.626,474.794,-1.2714,-0.1884,0.3534,-110.55,0.2,0.0,-0.0288,0.458
420.724,474.889,-1.2714,-0.1884,0.3534,-110.55,0.2,0.0,-0.0288,0.458
420.822,474.994,-1.2714,-0.1884,0.3534,-110.55,0.2,0.0,-0.0253,0.458
420.922,475.093,-1.2714,-0.1884,0.3534,-110.55,0.2,0.0,-0.0228,0.458
421.024,475.193,-1.2714,-0.1884,0.3534,-110.55,0.2,0.0,-0.02,0.458
421.122,475.288,-1.2714,-0.1884,0.3534,-110.55,0.2,0.0,-0.0177,0.458
421.223,475.397,-1.2714,-0.1884,0.3534,-110.55,0.2,0.0,-0.0217,0.458
421.322,475.489,-1.2714,-0.1884,0.3534,-110.55,0.2,0.0,-0.0202,0.458
421.422,475.598,-1.2714,-0.1884,0.3534,-110.55,0.2,0.0,-0.0229,0.458
421.523,475.692,-1.2714,-0.1884,0.3534,-110.55,0.2,0.0,-0.0201,0.458
421.622,475.794,-1.2714,-0.1884,0.3534,-110.55,0.2,0.0,-0.0216,0.458
421.722,475.889,-1.2714,-0.1884,0.3534,-110.55,0.2,0.0,-0.0227,0.458
421.823,476.001,-1.2714,-0.1884,0.3534,-110.55,0.2,0.0,-0.0245,0.458
421.922,476.093,-1.2714,-0.1884,0.3534,-110.55,0.2,0.0,-0.0285,0.458
422.023,476.203,-1.2714,-0.1884,0.3534,-110.55,0.2,0.0,-0.0299,0.458
422.122,476.29,-1.2714,-0.1884,0.3534,-110.55,0.2,0.0,-0.0299,0.458
422.223,476.397,-1.2714,-0.1884,0.3534,-110.55,0.2,0.0,-0.0374,0.458
422.326,476.501,-1.2714,-0.1884,0.3534,-110.55,0.2,0.0,-0.0257,0.458
422.422,476.605,-1.2714,-0.1884,0.3534,-110.55,0.2,0.0,-0.0268,0.458
422.523,476.697,-1.2714,-0.1884,0.3534,-110.55,0.2,0.0,-0.0268,0.458
422.623,476.81,-1.2714,-0.1884,0.3534,-110.55,0.2,0.0,-0.031,0.458
422.724,476.905,-1.2714,-0.1884,0.3534,-110.55,0.2,0.0,-0.031,0.458
422.822,477.007,-1.2714,-0.1884,0.3534,-110.55,0.2,0.0,-0.0294,0.458
422.928,477.11,-1.2714,-0.1884,0.3534,-110.55,0.2,0.0,-0.0357,0.458
423.022,477.206,-1.2714,-0.1884,0.3534,-110.55,0.2,0.0,-0.037,0.458
423.123,477.309,-1.2714,-0.1884,0.3534,-110.55,0.2,0.0,-0.0394,0.458
423.224,477.413,-1.2714,-0.1884,0.3534,-110.55,0.2,0.0,-0.0371,0.458
423.325,477.513,-1.2714,-0.1884,0.3534,-110.55,0.2,0.0,-0.0351,0.458
423.423,477.604,-1.2714,-0.1884,0.3534,-110.55,0.2,0.0,-0.0351,0.458
423.525,477.715,-1.2714,-0.1884,0.3534,-110.55,0.2,0.0,-0.0332,0.458
423.622,477.807,-1.2714,-0.1884,0.3534,-110.55,0.2,0.0,-0.03,0.458
423.725,477.905,-1.2714,-0.1884,0.3534,-110.55,0.2,0.0,-0.0226,0.458
423.822,478.002,-1.2714,-0.1884,0.3534,-110.55,0.2,0.0,-0.0251,0.458
423.926,478.112,-1.2714,-0.1884,0.3534,-110.55,0.2,0.0,-0.025,0.458
424.022,478.213,-1.2714,-0.1884,0.3534,-110.55,0.2,0.0,-0.0228,0.458
424.122,478.313,-1.2714,-0.1884,0.3534,-110.55,0.2,0.0,-0.022,0.458
424.226,478.413,-1.2714,-0.1884,0.3534,-110.55,0.2,0.0,-0.0221,0.458
424.322,478.509,-1.2714,-0.1884,0.3534,-110.55,0.2,0.0,-0.0252,0.458
424.422,478.616,-1.2714,-0.1884,0.3534,-110.55,0.2,0.0,-0.0305,0.458
424.523,478.714,-1.2714,-0.1884,0.3534,-110.55,0.2,0.0,-0.0297,0.458
424.623,478.814,-1.2714,-0.1884,0.3534,-110.55,0.2,0.0,-0.0349,0.458
424.722,478.906,-1.2714,-0.1884,0.3534,-110.54,0.2,0.0,-0.0349,0.458
424.823,479.015,-1.2714,-0.1884,0.3534,-110.54,0.2,0.0,-0.035,0.458
424.923,479.117,-1.2714,-0.1884,0.3534,-110.53,0.2,0.0,-0.033,0.458
425.022,479.209,-1.2713,-0.1884,0.3534,-110.51,0.2,0.0,-0.0272,0.457
425.123,479.317,-1.2713,-0.1884,0.3534,-110.49,0.2,0.0,-0.0258,0.456
425.224,479.417,-1.2713,-0.1884,0.3534,-110.48,0.2,0.0,-0.0221,0.455
425.322,479.518,-1.2713,-0.1884,0.3534,-110.51,0.2,0.0,-0.0161,0.454
425.425,479.619,-1.2713,-0.1884,0.3534,-110.48,0.2,0.0,-0.0216,0.456
425.523,479.722,-1.2713,-0.1884,0.3534,-110.53,0.2,0.0,-0.0181,0.455
425.622,479.809,-1.2714,-0.1884,0.3534,-110.57,0.2,0.0,-0.0226,0.456
425.723,479.921,-1.2714,-0.1884,0.3534,-110.57,0.2,0.0,-0.0357,0.459
425.822,480.016,-1.2714,-0.1884,0.3534,-110.56,0.2,0.0,-0.0357,0.459
425.922,480.117,-1.2713,-0.1884,0.3534,-110.54,0.2,0.0,-0.0286,0.459
426.022,480.219,-1.2714,-0.1884,0.3534,-110.53,0.2,0.0,-0.026,0.457
426.123,480.321,-1.2714,-0.1884,0.3534,-110.57,0.2,0.0,-0.0268,0.458
426.224,480.418,-1.2714,-0.1884,0.3534,-110.62,0.2,0.0,-0.0244,0.458
426.323,480.525,-1.2714,-0.1884,0.3534,-110.6,0.2,0.0,-0.0366,0.46
426.423,480.621,-1.2714,-0.1884,0.3534,-110.59,0.19,0.0,-0.0303,0.461
426.523,480.726,-1.2714,-0.1884,0.3533,-110.59,0.19,0.0,-0.034,0.46
426.622,480.823,-1.2714,-0.1884,0.3533,-110.59,0.19,0.0,-0.0282,0.461
426.724,480.92,-1.2714,-0.1884,0.3533,-110.6,0.19,0.0,-0.0285,0.46
426.822,481.018,-1.2714,-0.1884,0.3533,-110.58,0.2,0.0,-0.0259,0.46
426.922,481.124,-1.2714,-0.1884,0.3533,-110.54,0.2,0.0,-0.0166,0.46
427.022,481.226,-1.2714,-0.1884,0.3533,-110.56,0.2,0.0,-0.0173,0.458
427.122,481.319,-1.2714,-0.1884,0.3533,-110.56,0.2,0.0,-0.023,0.459
427.223,481.429,-1.2714,-0.1884,0.3533,-110.54,0.2,0.0,-0.0159,0.459
427.323,481.532,-1.2714,-0.1884,0.3533,-110.55,0.2,0.0,-0.0163,0.458
427.422,481.627,-1.2714,-0.1884,0.3533,-110.52,0.2,0.0,-0.0177,0.457
427.522,481.729,-1.2713,-0.1884,0.3533,-110.48,0.2,0.0,-0.0197,0.457
427.625,481.821,-1.2713,-0.1884,0.3533,-110.49,0.2,0.0,-0.0342,0.457
427.723,481.926,-1.2713,-0.1884,0.3533,-110.45,0.2,0.0,-0.0299,0.455
427.822,482.018,-1.2714,-0.1884,0.3533,-110.57,0.2,0.0,-0.0317,0.453
427.922,482.118,-1.2714,-0.1883,0.3533,-110.64,0.2,0.0,-0.0381,0.459
428.022,482.227,-1.2714,-0.1884,0.3533,-110.54,0.2,0.0,-0.0382,0.45
428.123,482.328,-1.2713,-0.1884,0.3533,-110.49,0.2,0.0,-0.0241,0.458
428.222,482.426,-1.2713,-0.1884,0.3533,-110.45,0.2,0.0,-0.0255,0.456
428.325,482.528,-1.2713,-0.1884,0.3533,-110.47,0.2,0.0,-0.0227,0.453
428.426,482.624,-1.2713,-0.1884,0.3533,-110.55,0.2,0.0,-0.0366,0.453
428.522,482.724,-1.2713,-0.1884,0.3533,-110.51,0.2,0.0,-0.0357,0.458
428.624,482.824,-1.2713,-0.1884,0.3533,-110.53,0.2,0.0,-0.0316,0.456
428.723,482.924,-1.2713,-0.1884,0.3533,-110.5,0.2,0.0,-0.0315,0.459
428.823,483.022,-1.2713,-0.1884,0.3533,-110.51,0.2,0.0,-0.0291,0.456
428.922,483.127,-1.2712,-0.1884,0.3533,-110.5,0.2,0.0,-0.029,0.456
429.024,483.223,-1.2713,-0.1884,0.3533,-110.57,0.2,0.0,-0.0333,0.455
429.122,483.33,-1.2713,-0.1884,0.3533,-110.51,0.2,0.0,-0.0288,0.459
429.232,483.429,-1.2713,-0.1884,0.3533,-110.53,0.2,0.0,-0.0306,0.457
429.326,483.526,-1.2713,-0.1884,0.3533,-110.53,0.2,0.0,-0.0275,0.457
429.425,483.629,-1.2713,-0.1884,0.3533,-110.52,0.2,0.0,-0.0276,0.457
429.522,483.728,-1.2713,-0.1884,0.3534,-110.55,0.2,0.0,-0.0315,0.457
429.624,483.832,-1.2714,-0.1884,0.3534,-110.58,0.2,0.0,-0.032,0.458
429.725,483.934,-1.2714,-0.1884,0.3534,-110.59,0.2,0.0,-0.0347,0.46
429.822,484.029,-1.2714,-0.1884,0.3534,-110.56,0.2,0.0,-0.0214,0.46
429.923,484.129,-1.2713,-0.1884,0.3534,-110.53,0.2,0.0,-0.0205,0.459
430.022,484.221,-1.2713,-0.1884,0.3534,-110.55,0.2,0.0,-0.0192,0.458
430.123,484.323,-1.2713,-0.1884,0.3534,-110.53,0.2,0.0,-0.0253,0.458
430.222,484.425,-1.2713,-0.1884,0.3534,-110.53,0.2,0.0,-0.0247,0.457
430.323,484.527,-1.2713,-0.1884,0.3534,-110.54,0.2,0.0,-0.0302,0.457
430.422,484.63,-1.2713,-0.1884,0.3534,-110.53,0.2,0.0,-0.0306,0.458
430.522,484.735,-1.2714,-0.1884,0.3534,-110.55,0.2,0.0,-0.0309,0.457
430.624,484.835,-1.2714,-0.1884,0.3534,-110.54,0.2,0.0,-0.0321,0.458
430.723,484.929,-1.2713,-0.1884,0.3534,-110.53,0.2,0.0,-0.0294,0.457
430.823,485.032,-1.2714,-0.1884,0.3534,-110.55,0.2,0.0,-0.0302,0.457
430.922,485.13,-1.2714,-0.1884,0.3534,-110.54,0.2,0.0,-0.0362,0.459
431.023,485.237,-1.2713,-0.1884,0.3534,-110.53,0.2,0.0,-0.0357,0.457
431.122,485.331,-1.2714,-0.1884,0.3534,-110.53,0.2,0.0,-0.0375,0.456
431.226,485.432,-1.2714,-0.1884,0.3534,-110.53,0.2,0.0,-0.0361,0.457
431.322,485.535,-1.2714,-0.1884,0.3534,-110.53,0.2,0.0,-0.0374,0.457
431.422,485.626,-1.2713,-0.1884,0.3534,-110.52,0.2,0.0,-0.0342,0.457
431.522,485.727,-1.2713,-0.1884,0.3534,-110.52,0.2,0.0,-0.0344,0.457
431.622,485.844,-1.2713,-0.1884,0.3534,-110.53,0.2,0.0,-0.0262,0.457
431.723,485.937,-1.2714,-0.1884,0.3534,-110.58,0.2,0.0,-0.0251,0.457
431.822,486.038,-1.2714,-0.1884,0.3534,-110.55,0.2,0.0,-0.0213,0.459
431.923,486.139,-1.2713,-0.1884,0.3534,-110.52,0.2,0.0,-0.023,0.458
432.022,486.246,-1.2714,-0.1884,0.3534,-110.54,0.2,0.0,-0.0217,0.457
432.124,486.338,-1.2714,-0.1884,0.3534,-110.55,0.2,0.0,-0.0218,0.458
432.222,486.436,-1.2714,-0.1884,0.3534,-110.55,0.2,0.0,-0.0269,0.458
432.324,486.544,-1.2713,-0.1884,0.3534,-110.53,0.2,0.0,-0.0277,0.458
432.423,486.64,-1.2714,-0.1884,0.3534,-110.54,0.2,0.0,-0.0327,0.457
432.523,486.745,-1.2714,-0.1884,0.3534,-110.54,0.2,0.0,-0.0312,0.458
432.623,486.843,-1.2714,-0.1884,0.3534,-110.54,0.2,0.0,-0.0342,0.458
432.722,486.942,-1.2714,-0.1884,0.3534,-110.53,0.2,0.0,-0.0343,0.458
432.827,487.04,-1.2714,-0.1884,0.3534,-110.57,0.2,0.0,-0.0331,0.457
432.924,487.135,-1.2715,-0.1884,0.3534,-110.62,0.2,0.0,-0.0335,0.46
433.022,487.232,-1.2714,-0.1884,0.3534,-110.61,0.2,0.0,-0.0322,0.449
433.122,487.332,-1.2714,-0.1884,0.3534,-110.59,0.2,0.0,-0.0284,0.448
433.222,487.434,-1.2714,-0.1884,0.3534,-110.56,0.2,0.0,-0.0292,0.46
433.322,487.545,-1.2714,-0.1884,0.3534,-110.55,0.2,0.0,-0.028,0.459
433.422,487.694,-1.2714,-0.1884,0.3534,-110.56,0.2,0.0,-0.0299,0.459
433.522,487.877,-1.2714,-0.1884,0.3534,-110.55,0.2,0.0,-0.0287,0.459
433.622,488.045,-1.2714,-0.1884,0.3534,-110.53,0.2,0.0,-0.0207,0.458
433.722,488.201,-1.2714,-0.1884,0.3534,-110.53,0.2,0.0,-0.0142,0.457
433.822,488.389,-1.2714,-0.1884,0.3534,-110.54,0.2,0.0,-0.0193,0.457
433.922,488.568,-1.2714,-0.1884,0.3534,-110.53,0.2,0.0,-0.0231,0.458
434.022,488.732,-1.2713,-0.1884,0.3534,-110.53,0.2,0.0,-0.0218,0.457
434.125,488.876,-1.2713,-0.1884,0.3534,-110.53,0.2,0.0,-0.0217,0.457
434.222,488.975,-1.2714,-0.1884,0.3534,-110.55,0.2,0.0,-0.0202,0.457
434.322,489.084,-1.2714,-0.1884,0.3534,-110.56,0.2,0.0,-0.0182,0.458
434.424,489.2,-1.2714,-0.1884,0.3534,-110.56,0.2,0.0,-0.0177,0.459
434.523,489.311,-1.2714,-0.1884,0.3534,-110.57,0.2,0.0,-0.0222,0.459
434.625,489.427,-1.2714,-0.1884,0.3534,-110.57,0.2,0.0,-0.0324,0.459
434.723,489.539,-1.2714,-0.1884,0.3534,-110.56,0.2,0.0,-0.0342,0.459
434.823,489.66,-1.2714,-0.1884,0.3534,-110.56,0.2,0.0,-0.032,0.459
434.922,489.762,-1.2714,-0.1884,0.3534,-110.56,0.2,0.0,-0.0289,0.459
435.022,490.138,-1.2714,-0.1884,0.3534,-110.56,0.2,0.0,-0.0309,0.459
435.122,490.346,-1.2714,-0.1884,0.3534,-110.56,0.2,0.0,-0.0325,0.459
435.222,490.513,-1.2714,-0.1884,0.3534,-110.56,0.2,0.0,-0.028,0.459
435.322,490.653,-1.2714,-0.1884,0.3534,-110.56,0.2,0.0,-0.0301,0.459
435.422,490.791,-1.2714,-0.1884,0.3534,-110.56,0.2,0.0,-0.0325,0.459
435.522,490.911,-1.2714,-0.1884,0.3534,-110.55,0.2,0.0,-0.0351,0.459
435.625,491.05,-1.2714,-0.1884,0.3534,-110.55,0.2,0.0,-0.0366,0.458
435.722,491.165,-1.2714,-0.1884,0.3534,-110.56,0.2,0.0,-0.0358,0.458
435.823,491.303,-1.2714,-0.1884,0.3534,-110.55,0.2,0.0,-0.0364,0.459
435.922,491.423,-1.2714,-0.1884,0.3534,-110.55,0.2,0.0,-0.0326,0.458
436.024,491.549,-1.2714,-0.1884,0.3534,-110.55,0.2,0.0,-0.0305,0.458
436.122,491.68,-1.2714,-0.1884,0.3534,-110.55,0.2,0.0,-0.0296,0.458
436.222,491.807,-1.2714,-0.1884,0.3534,-110.55,0.2,0.0,-0.0282,0.458
436.322,492.104,-1.2714,-0.1884,0.3534,-110.55,0.2,0.0,-0.0277,0.458
436.422,492.292,-1.2714,-0.1884,0.3534,-110.55,0.2,0.0,-0.0212,0.458
436.522,492.463,-1.2714,-0.1884,0.3534,-110.55,0.2,0.0,-0.0229,0.458
436.622,492.634,-1.2714,-0.1884,0.3534,-110.55,0.2,0.0,-0.0319,0.458
436.723,492.777,-1.2714,-0.1884,0.3534,-110.55,0.2,0.0,-0.0347,0.458
436.822,492.911,-1.2714,-0.1884,0.3534,-110.55,0.2,0.0,-0.039,0.458
436.922,493.055,-1.2714,-0.1884,0.3534,-110.55,0.2,0.0,-0.0319,0.458
437.022,493.276,-1.2714,-0.1884,0.3534,-110.55,0.2,0.0,-0.0269,0.458
437.122,493.519,-1.2714,-0.1884,0.3534,-110.55,0.2,0.0,-0.028,0.458
437.222,493.718,-1.2714,-0.1884,0.3534,-110.55,0.2,0.0,-0.02,0.458
437.322,493.888,-1.2714,-0.1884,0.3534,-110.55,0.2,0.0,-0.0221,0.458
437.422,494.08,-1.2714,-0.1884,0.3534,-110.55,0.2,0.0,-0.0179,0.458
437.522,494.208,-1.2714,-0.1884,0.3534,-110.55,0.2,0.0,-0.0204,0.458
437.622,494.332,-1.2714,-0.1884,0.3534,-110.55,0.2,0.0,-0.0252,0.458
437.722,494.459,-1.2714,-0.1884,0.3534,-110.55,0.2,0.0,-0.0241,0.458
437.823,494.588,-1.2714,-0.1884,0.3534,-110.55,0.2,0.0,-0.0234,0.458
437.923,494.729,-1.2714,-0.1884,0.3534,-110.55,0.2,0.0,-0.0292,0.458
438.022,494.893,-1.2714,-0.1884,0.3534,-110.55,0.2,0.0,-0.0275,0.458
438.122,495.047,-1.2714,-0.1884,0.3534,-110.55,0.2,0.0,-0.0295,0.458
438.226,495.244,-1.2714,-0.1884,0.3534,-110.55,0.2,0.0,-0.0227,0.458
438.322,495.403,-1.2714,-0.1884,0.3534,-110.55,0.2,0.0,-0.0255,0.458
438.424,495.587,-1.2714,-0.1884,0.3534,-110.55,0.2,0.0,-0.0319,0.458
438.526,495.77,-1.2714,-0.1884,0.3534,-110.55,0.2,0.0,-0.0299,0.458
438.623,495.979,-1.2714,-0.1884,0.3534,-110.55,0.2,0.0,-0.0361,0.458
438.722,496.137,-1.2714,-0.1884,0.3534,-110.55,0.2,0.0,-0.0365,0.458
438.825,496.299,-1.2714,-0.1884,0.3534,-110.55,0.2,0.0,-0.0321,0.458
438.922,496.422,-1.2714,-0.1884,0.3534,-110.55,0.2,0.0,-0.0298,0.458
439.022,496.577,-1.2714,-0.1884,0.3534,-110.55,0.2,0.0,-0.0313,0.458
439.122,496.825,-1.2714,-0.1884,0.3534,-110.55,0.2,0.0,-0.0196,0.458
439.222,496.969,-1.2714,-0.1884,0.3534,-110.55,0.2,0.0,-0.0155,0.458
439.328,497.116,-1.2714,-0.1884,0.3534,-110.55,0.2,0.0,-0.0233,0.458
439.425,497.247,-1.2714,-0.1884,0.3534,-110.55,0.2,0.0,-0.0271,0.458
439.525,497.405,-1.2714,-0.1884,0.3534,-110.55,0.2,0.0,-0.0255,0.458
439.622,497.566,-1.2713,-0.1884,0.3534,-110.55,0.2,0.0,-0.0242,0.458
439.726,497.746,-1.2713,-0.1884,0.3534,-110.55,0.2,0.0,-0.0272,0.458
439.824,497.897,-1.2713,-0.1884,0.3534,-110.53,0.2,0.0,-0.0301,0.458
439.922,498.022,-1.2713,-0.1884,0.3534,-110.52,0.2,0.0,-0.028,0.457
440.022,498.271,-1.2714,-0.1884,0.3534,-110.59,0.19,0.0,-0.0378,0.457
440.122,498.368,-1.2714,-0.1884,0.3534,-110.6,0.19,0.0,-0.0394,0.46
440.222,498.507,-1.2714,-0.1884,0.3534,-110.58,0.2,0.0,-0.0372,0.461
440.322,498.644,-1.2713,-0.1884,0.3534,-110.57,0.2,0.0,-0.0298,0.46
440.422,498.8,-1.2713,-0.1884,0.3534,-110.56,0.2,0.0,-0.0307,0.459
440.522,498.987,-1.2713,-0.1884,0.3534,-110.55,0.2,0.0,-0.025,0.459
440.622,499.079,-1.2713,-0.1884,0.3534,-110.55,0.2,0.0,-0.0234,0.458
440.724,499.265,-1.2713,-0.1884,0.3534,-110.55,0.2,0.0,-0.022,0.458
440.822,499.406,-1.2713,-0.1884,0.3534,-110.55,0.2,0.0,-0.0243,0.458
440.922,499.583,-1.2713,-0.1884,0.3534,-110.55,0.2,0.0,-0.0324,0.458
441.024,499.738,-1.2713,-0.1884,0.3534,-110.55,0.2,0.0,-0.0306,0.458
441.123,499.878,-1.2713,-0.1884,0.3534,-110.55,0.2,0.0,-0.025,0.458
441.222,500.029,-1.2713,-0.1884,0.3534,-110.55,0.2,0.0,-0.0272,0.458
441.323,500.199,-1.2713,-0.1884,0.3534,-110.55,0.2,0.0,-0.0251,0.458
441.432,500.355,-1.2713,-0.1884,0.3534,-110.55,0.2,0.0,-0.0294,0.458
441.522,500.516,-1.2713,-0.1884,0.3534,-110.55,0.2,0.0,-0.0259,0.458
441.625,500.685,-1.2713,-0.1884,0.3534,-110.55,0.2,0.0,-0.0324,0.458
441.722,500.809,-1.2713,-0.1884,0.3534,-110.55,0.2,0.0,-0.0336,0.458
441.827,500.953,-1.2713,-0.1884,0.3534,-110.55,0.2,0.0,-0.0293,0.458
441.923,501.082,-1.2713,-0.1884,0.3534,-110.55,0.2,0.0,-0.0242,0.458
442.027,501.224,-1.2713,-0.1884,0.3534,-110.55,0.2,0.0,-0.0226,0.458
442.123,501.374,-1.2713,-0.1884,0.3534,-110.55,0.2,0.0,-0.0203,0.458
442.224,501.553,-1.2713,-0.1884,0.3534,-110.55,0.2,0.0,-0.0254,0.458
442.324,501.685,-1.2713,-0.1884,0.3534,-110.55,0.2,0.0,-0.0253,0.458
442.422,501.833,-1.2713,-0.1884,0.3534,-110.55,0.2,0.0,-0.0273,0.458
442.522,501.993,-1.2713,-0.1884,0.3534,-110.55,0.2,0.0,-0.0246,0.458
442.629,502.17,-1.2713,-0.1884,0.3534,-110.55,0.2,0.0,-0.0291,0.458
442.724,502.323,-1.2713,-0.1884,0.3534,-110.55,0.2,0.0,-0.0337,0.458
442.822,502.5,-1.2713,-0.1884,0.3534,-110.55,0.2,0.0,-0.0378,0.458
442.922,502.631,-1.2713,-0.1884,0.3534,-110.55,0.2,0.0,-0.0273,0.458
443.022,502.763,-1.2713,-0.1884,0.3534,-110.55,0.2,0.0,-0.027,0.458
443.122,502.906,-1.2713,-0.1884,0.3534,-110.55,0.2,0.0,-0.0283,0.458
443.224,503.061,-1.2713,-0.1884,0.3534,-110.55,0.2,0.0,-0.0231,0.458
443.328,503.183,-1.2713,-0.1884,0.3534,-110.55,0.2,0.0,-0.0249,0.458
443.422,503.304,-1.2713,-0.1884,0.3534,-110.55,0.2,0.0,-0.0262,0.458
443.522,503.44,-1.2713,-0.1884,0.3534,-110.55,0.2,0.0,-0.0295,0.458
443.625,503.589,-1.2713,-0.1884,0.3534,-110.55,0.2,0.0,-0.0274,0.458
443.722,503.708,-1.2713,-0.1884,0.3534,-110.55,0.2,0.0,-0.0269,0.458
443.822,503.902,-1.2713,-0.1884,0.3534,-110.55,0.2,0.0,-0.0248,0.458
443.922,504.091,-1.2713,-0.1884,0.3534,-110.55,0.2,0.0,-0.0305,0.458
444.022,504.241,-1.2713,-0.1884,0.3534,-110.55,0.2,0.0,-0.0354,0.458
444.126,504.395,-1.2713,-0.1884,0.3534,-110.55,0.2,0.0,-0.0365,0.458
444.222,504.518,-1.2713,-0.1884,0.3534,-110.55,0.2,0.0,-0.0404,0.458
444.322,504.662,-1.2713,-0.1884,0.3534,-110.55,0.2,0.0,-0.0432,0.458
444.422,504.799,-1.2713,-0.1884,0.3534,-110.55,0.2,0.0,-0.0426,0.458
444.524,504.973,-1.2713,-0.1884,0.3534,-110.55,0.2,0.0,-0.0321,0.458
444.624,505.127,-1.2713,-0.1884,0.3534,-110.55,0.2,0.0,-0.0252,0.458
444.722,505.259,-1.2713,-0.1884,0.3534,-110.55,0.2,0.0,-0.0277,0.458
444.822,505.402,-1.2713,-0.1884,0.3534,-110.55,0.2,0.0,-0.032,0.458
444.926,505.561,-1.2713,-0.1884,0.3534,-110.55,0.2,0.0,-0.0369,0.458
445.025,505.719,-1.2713,-0.1884,0.3534,-110.55,0.2,0.0,-0.0353,0.458
445.122,505.857,-1.2713,-0.1884,0.3534,-110.55,0.2,0.0,-0.0337,0.458
445.223,506.012,-1.2713,-0.1884,0.3534,-110.55,0.2,0.0,-0.0293,0.458
445.322,506.152,-1.2713,-0.1884,0.3534,-110.55,0.2,0.0,-0.0233,0.458
445.422,506.301,-1.2713,-0.1884,0.3534,-110.55,0.2,0.0,-0.026,0.458
445.524,506.476,-1.2713,-0.1884,0.3534,-110.55,0.2,0.0,-0.0237,0.458
445.622,506.615,-1.2713,-0.1884,0.3534,-110.55,0.2,0.0,-0.0219,0.458
445.722,506.759,-1.2713,-0.1884,0.3534,-110.55,0.2,0.0,-0.0178,0.458
445.822,507.076,-1.2713,-0.1884,0.3534,-110.56,0.2,0.0,-0.0239,0.458
445.922,507.203,-1.2714,-0.1884,0.3534,-110.6,0.2,0.0,-0.0234,0.458
446.022,507.375,-1.2714,-0.1884,0.3534,-110.57,0.2,0.0,-0.025,0.448
446.122,507.512,-1.2713,-0.1884,0.3534,-110.56,0.2,0.0,-0.0294,0.459
446.222,507.661,-1.2714,-0.1884,0.3534,-110.51,0.2,0.0,-0.0268,0.459
446.322,507.792,-1.2713,-0.1884,0.3534,-110.52,0.2,0.0,-0.0247,0.456
446.423,507.935,-1.2714,-0.1884,0.3534,-110.53,0.2,0.0,-0.03,0.456
446.522,508.049,-1.2714,-0.1884,0.3534,-110.53,0.2,0.0,-0.0353,0.457
446.622,508.196,-1.2714,-0.1884,0.3534,-110.53,0.2,0.0,-0.0309,0.457
446.723,508.328,-1.2714,-0.1884,0.3534,-110.54,0.2,0.0,-0.0323,0.457
446.826,508.476,-1.2714,-0.1884,0.3534,-110.54,0.2,0.0,-0.0294,0.457
446.922,508.622,-1.2713,-0.1884,0.3534,-110.5,0.2,0.0,-0.0279,0.458
447.022,508.816,-1.2713,-0.1884,0.3534,-110.55,0.2,0.0,-0.0367,0.455
447.122,508.944,-1.2712,-0.1884,0.3534,-110.44,0.2,0.0,-0.0372,0.457
447.222,509.081,-1.2713,-0.1884,0.3534,-110.56,0.2,0.0,-0.0354,0.452
447.322,509.2,-1.2712,-0.1884,0.3534,-110.48,0.2,0.0,-0.032,0.459
447.422,509.351,-1.2713,-0.1884,0.3534,-110.53,0.2,0.0,-0.026,0.454
447.522,509.471,-1.2713,-0.1884,0.3534,-110.56,0.2,0.0,-0.0258,0.457
447.622,509.609,-1.2714,-0.1884,0.3534,-110.59,0.19,0.0,-0.0325,0.459
447.722,509.754,-1.2714,-0.1884,0.3534,-110.57,0.2,0.0,-0.0351,0.46
447.822,509.896,-1.2713,-0.1884,0.3534,-110.56,0.2,0.0,-0.0386,0.459
447.923,510.044,-1.2714,-0.1884,0.3534,-110.63,0.19,0.0,-0.0307,0.459
448.022,510.177,-1.2714,-0.1884,0.3534,-110.59,0.2,0.0,-0.0328,0.449
448.122,510.308,-1.2714,-0.1884,0.3534,-110.57,0.2,0.0,-0.0346,0.46
448.222,510.464,-1.2714,-0.1884,0.3534,-110.59,0.2,0.0,-0.0336,0.459
448.322,510.604,-1.2714,-0.1884,0.3534,-110.58,0.2,0.0,-0.0289,0.46
448.422,510.754,-1.2714,-0.1884,0.3534,-110.6,0.2,0.0,-0.0237,0.46
448.522,510.91,-1.2714,-0.1884,0.3534,-110.58,0.2,0.0,-0.023,0.461
448.622,511.059,-1.2714,-0.1884,0.3534,-110.57,0.2,0.0,-0.0267,0.46
448.73,511.221,-1.2714,-0.1884,0.3534,-110.57,0.2,0.0,-0.0305,0.459
448.822,511.352,-1.2713,-0.1884,0.3534,-110.56,0.2,0.0,-0.035,0.459
448.925,511.491,-1.2714,-0.1884,0.3534,-110.57,0.2,0.0,-0.0368,0.458
449.022,511.609,-1.2713,-0.1884,0.3534,-110.55,0.2,0.0,-0.0352,0.459
449.122,511.739,-1.2713,-0.1884,0.3534,-110.55,0.2,0.0,-0.0239,0.458
449.222,511.885,-1.2713,-0.1884,0.3534,-110.55,0.2,0.0,-0.0278,0.458
449.324,512.025,-1.2713,-0.1884,0.3534,-110.55,0.2,0.0,-0.0284,0.458
449.422,512.157,-1.2713,-0.1884,0.3534,-110.55,0.2,0.0,-0.0265,0.458
449.522,512.325,-1.2713,-0.1884,0.3534,-110.55,0.2,0.0,-0.0344,0.458
449.622,512.458,-1.2713,-0.1884,0.3534,-110.55,0.2,0.0,-0.0335,0.458
449.722,512.593,-1.2713,-0.1884,0.3534,-110.55,0.2,0.0,-0.033,0.458
449.822,512.722,-1.2713,-0.1884,0.3534,-110.55,0.2,0.0,-0.0303,0.458
449.922,512.866,-1.2713,-0.1884,0.3534,-110.55,0.2,0.0,-0.0308,0.458
450.027,513.022,-1.2713,-0.1884,0.3534,-110.55,0.2,0.0,-0.0275,0.458
450.122,513.134,-1.2713,-0.1884,0.3534,-110.55,0.2,0.0,-0.0264,0.458
450.222,513.279,-1.2713,-0.1884,0.3534,-110.55,0.2,0.0,-0.0258,0.458
450.322,513.427,-1.2713,-0.1884,0.3534,-110.55,0.2,0.0,-0.0274,0.458
450.422,513.547,-1.2713,-0.1884,0.3534,-110.55,0.2,0.0,-0.0324,0.458
450.524,513.705,-1.2713,-0.1884,0.3534,-110.55,0.2,0.0,-0.0354,0.458
450.624,513.852,-1.2713,-0.1884,0.3534,-110.55,0.2,0.0,-0.0338,0.458
450.722,514.003,-1.2713,-0.1884,0.3534,-110.55,0.2,0.0,-0.0299,0.458
450.835,514.146,-1.2713,-0.1884,0.3534,-110.55,0.2,0.0,-0.0257,0.458
450.924,514.281,-1.2713,-0.1884,0.3534,-110.55,0.2,0.0,-0.0256,0.458
451.027,514.428,-1.2713,-0.1884,0.3534,-110.55,0.2,0.0,-0.0283,0.458
451.122,514.573,-1.2713,-0.1884,0.3534,-110.55,0.2,0.0,-0.0301,0.458
451.223,514.733,-1.2713,-0.1884,0.3534,-110.55,0.2,0.0,-0.0285,0.458
451.326,514.914,-1.2713,-0.1884,0.3534,-110.55,0.2,0.0,-0.0263,0.458
451.428,515.086,-1.2713,-0.1884,0.3534,-110.55,0.2,0.0,-0.0261,0.458
451.524,515.259,-1.2713,-0.1884,0.3534,-110.55,0.2,0.0,-0.0282,0.458
451.627,515.434,-1.2713,-0.1884,0.3534,-110.55,0.2,0.0,-0.0284,0.458
451.722,515.574,-1.2713,-0.1884,0.3534,-110.55,0.2,0.0,-0.0282,0.458
451.824,515.71,-1.2713,-0.1884,0.3534,-110.55,0.2,0.0,-0.0226,0.458
451.93,515.835,-1.2713,-0.1884,0.3534,-110.55,0.2,0.0,-0.0235,0.458
452.022,515.945,-1.2713,-0.1884,0.3534,-110.55,0.2,0.0,-0.0206,0.458
452.122,516.158,-1.2713,-0.1884,0.3534,-110.55,0.2,0.0,-0.0263,0.458
452.222,516.319,-1.2713,-0.1884,0.3534,-110.55,0.2,0.0,-0.0301,0.458
452.325,516.516,-1.2713,-0.1884,0.3534,-110.55,0.2,0.0,-0.0308,0.458
452.426,516.642,-1.2713,-0.1884,0.3534,-110.55,0.2,0.0,-0.0259,0.458
452.522,516.754,-1.2713,-0.1884,0.3534,-110.55,0.2,0.0,-0.0324,0.458
452.622,516.88,-1.2713,-0.1884,0.3534,-110.55,0.2,0.0,0.0,0.458
452.722,517.023,-1.2713,-0.1884,0.3534,-110.55,0.2,0.0,0.08,0.458
452.827,517.147,-1.2711,-0.189,0.3524,-110.23,0.17,0.0,0.12,0.458
452.922,517.249,-1.27,-0.1891,0.3537,-109.5,0.22,0.0,0.12,0.454
453.022,517.619,-1.2691,-0.1904,0.3451,-108.87,0.19,0.0,0.12,0.457
453.122,517.879,-1.2681,-0.1822,0.3606,-102.67,1.16,0.0,0.0,0.459
453.224,518.006,-1.2658,-0.1714,0.3936,-100.83,1.2,0.0,0.0,0.454
453.322,518.1,-1.2621,-0.1563,0.3898,-103.61,0.47,0.0,0.0,0.45
453.422,518.231,-1.2572,-0.1425,0.3807,-106.36,0.31,0.0,0.0,0.453
453.522,518.379,-1.2558,-0.1306,0.3731,-106.28,0.35,0.0,0.0,0.449
453.628,518.501,-1.2578,-0.1205,0.3631,-106.19,0.48,0.0,0.0,0.452
453.722,518.612,-1.2589,-0.117,0.3605,-106.27,0.52,0.0,0.0,0.452
453.826,518.743,-1.2589,-0.1186,0.3601,-106.27,0.49,0.0,0.0,0.449
453.923,518.859,-1.2587,-0.1232,0.3604,-106.26,0.46,0.0,0.0,0.451
454.03,518.989,-1.259,-0.1283,0.3608,-106.26,0.5,0.0,0.0,0.448
454.122,519.094,-1.2595,-0.1324,0.3611,-106.25,0.54,0.0,0.0,0.449
454.222,519.221,-1.2596,-0.1334,0.3612,-106.27,0.54,0.0,0.0,0.448
454.322,519.394,-1.2596,-0.1332,0.3611,-106.27,0.52,0.0,0.0,0.449
454.422,519.557,-1.2596,-0.133,0.361,-106.27,0.49,0.0,0.0,0.448
454.522,519.786,-1.2595,-0.1328,0.3609,-106.28,0.47,0.0,0.0,0.449
454.622,519.925,-1.2595,-0.1327,0.3608,-106.28,0.46,0.0,0.0,0.449
454.722,520.054,-1.2595,-0.1326,0.3608,-106.28,0.45,0.0,0.0,0.45
454.822,520.171,-1.2595,-0.1326,0.3608,-106.28,0.44,0.0,0.0,0.45
454.922,520.284,-1.2595,-0.1325,0.3607,-106.28,0.44,0.0,0.0,0.45
455.022,520.402,-1.2595,-0.1325,0.3607,-106.28,0.43,0.0,0.0,0.45
455.124,520.533,-1.2595,-0.1325,0.3607,-106.27,0.43,0.0,0.0,0.45
455.222,520.639,-1.2594,-0.1324,0.3607,-106.27,0.42,0.0,0.0,0.45
455.322,520.865,-1.2594,-0.1324,0.3607,-106.27,0.42,0.0,0.0,0.45
455.422,521.151,-1.2594,-0.1324,0.3606,-106.27,0.42,0.0,0.0,0.45
455.522,521.427,-1.2594,-0.1323,0.3606,-106.27,0.42,0.0,0.0,0.45
455.622,521.531,-1.2593,-0.1323,0.3606,-106.27,0.41,0.0,0.0,0.45
455.722,521.689,-1.2593,-0.1323,0.3606,-106.27,0.41,0.0,0.0,0.45
455.822,521.795,-1.2593,-0.1323,0.3606,-106.27,0.41,0.0,0.0,0.451
455.922,521.902,-1.2593,-0.1322,0.3606,-106.27,0.41,0.0,0.0,0.451
456.022,522.062,-1.2592,-0.1322,0.3605,-106.27,0.4,0.0,0.0,0.451
456.122,522.362,-1.2592,-0.1322,0.3605,-106.27,0.4,0.0,0.0,0.451
456.222,522.507,-1.2591,-0.1322,0.3605,-106.28,0.4,0.0,0.0,0.451
456.322,522.635,-1.2591,-0.1321,0.3605,-106.27,0.4,0.0,0.0,0.451
456.422,522.738,-1.2591,-0.1321,0.3604,-106.27,0.39,0.0,0.0,0.451
456.522,522.841,-1.2591,-0.1321,0.3604,-106.27,0.39,0.0,0.0,0.451
456.622,523.012,-1.259,-0.1321,0.3604,-106.27,0.39,0.0,0.0,0.451
456.722,523.179,-1.259,-0.1321,0.3604,-106.27,0.39,0.0,0.0,0.451
456.822,523.325,-1.2589,-0.132,0.3604,-106.28,0.38,0.0,0.0,0.451
456.922,523.431,-1.2588,-0.132,0.3603,-106.29,0.37,0.0,0.0,0.451
457.026,523.543,-1.2587,-0.132,0.3602,-106.28,0.36,0.0,0.0,0.451
457.122,523.64,-1.2587,-0.132,0.3602,-106.28,0.36,0.0,0.0,0.451
457.222,523.837,-1.2586,-0.132,0.3602,-106.28,0.36,0.0,0.0,0.451
457.322,523.99,-1.2586,-0.132,0.3601,-106.27,0.35,0.0,0.0,0.451
457.422,524.149,-1.2585,-0.132,0.3601,-106.27,0.35,0.0,0.0,0.451
457.522,524.388,-1.2585,-0.132,0.3601,-106.28,0.34,0.0,0.0,0.451
457.622,524.618,-1.2585,-0.132,0.3601,-106.28,0.34,0.0,0.0,0.451
457.722,524.774,-1.2584,-0.132,0.36,-106.27,0.34,0.0,0.0,0.451
457.822,524.865,-1.2584,-0.132,0.36,-106.27,0.33,0.0,0.0,0.451
457.922,524.965,-1.2583,-0.132,0.36,-106.26,0.33,0.0,0.0,0.451
458.022,525.068,-1.2583,-0.132,0.36,-106.26,0.33,0.0,0.0,0.451
458.122,525.229,-1.2583,-0.132,0.3599,-106.27,0.32,0.0,0.0,0.451
458.222,525.539,-1.2583,-0.132,0.3599,-106.28,0.32,0.0,-0.0032,0.451
458.322,525.674,-1.2583,-0.132,0.3599,-106.28,0.31,0.0,0.004,0.451
458.422,525.796,-1.2582,-0.132,0.3599,-106.27,0.31,0.0,0.0163,0.45
458.524,525.936,-1.2582,-0.132,0.3598,-106.28,0.3,0.0,0.0085,0.451
458.622,526.029,-1.2582,-0.132,0.3598,-106.29,0.3,0.0,0.0041,0.45
458.728,526.15,-1.2581,-0.132,0.3598,-106.29,0.3,0.0,0.0029,0.45
458.826,526.257,-1.2581,-0.132,0.3598,-106.28,0.3,0.0,0.0015,0.45
458.927,526.368,-1.2581,-0.132,0.3598,-106.28,0.29,0.0,-0.0138,0.45
459.022,526.463,-1.2581,-0.132,0.3597,-106.28,0.29,0.0,-0.0093,0.45
459.122,526.577,-1.258,-0.132,0.3597,-106.28,0.28,0.0,-0.0066,0.45
459.222,526.788,-1.2579,-0.1321,0.3597,-106.28,0.28,0.0,-0.0031,0.45
459.322,526.983,-1.2579,-0.1321,0.3596,-106.27,0.28,0.0,-0.0239,0.45
459.422,527.151,-1.2579,-0.1321,0.3596,-106.27,0.28,0.0,-0.0257,0.45
459.522,527.315,-1.2579,-0.1321,0.3596,-106.28,0.27,0.0,-0.055,0.45
459.622,527.429,-1.2579,-0.1322,0.3593,-106.34,0.23,0.0,-0.0532,0.45
459.722,527.532,-1.2584,-0.1341,0.357,-106.45,0.3,0.0,-0.047,0.449
459.822,527.638,-1.2606,-0.1356,0.3561,-106.77,0.32,0.0,-0.0476,0.453
459.925,527.758,-1.2623,-0.1366,0.3543,-107.02,0.32,0.0,-0.0179,0.45
460.022,527.868,-1.2626,-0.1347,0.3539,-107.27,0.27,0.0,-0.024,0.452
460.123,527.968,-1.2623,-0.1345,0.3498,-107.24,0.15,0.0,-0.0183,0.45
460.225,528.08,-1.2604,-0.134,0.3507,-107.2,0.14,0.0,-0.0146,0.451
460.322,528.174,-1.2581,-0.1352,0.3504,-107.51,0.22,0.0,-0.0218,0.451
460.422,528.284,-1.2568,-0.136,0.3518,-107.69,0.32,0.0,-0.0469,0.449
460.522,528.492,-1.2563,-0.1377,0.346,-107.8,0.38,0.0,-0.0613,0.448
460.622,528.726,-1.2564,-0.1378,0.3394,-108.1,0.37,0.0,-0.0279,0.451
460.722,528.894,-1.2549,-0.1381,0.3361,-108.11,0.36,0.0,0.0115,0.45
460.822,529.08,-1.2543,-0.1359,0.3466,-107.52,0.18,0.0002,0.0107,0.451
460.922,529.247,-1.2549,-0.1325,0.3604,-108.92,0.24,0.0001,0.0507,0.449
461.022,529.439,-1.2649,-0.1262,0.3922,-121.01,1.25,0.0056,-0.0731,0.448
461.122,529.612,-1.2871,-0.1171,0.3984,-128.87,1.52,0.0006,-0.2,0.452
461.222,529.899,-1.3048,-0.1023,0.3784,-130.71,0.6,0.0,-0.1978,0.452
461.322,530.028,-1.3189,-0.0899,0.3465,-128.71,1.01,0.0,-0.1587,0.451
461.423,530.141,-1.3256,-0.076,0.3455,-125.13,1.1,0.0,-0.1187,0.45
461.522,530.231,-1.3309,-0.0694,0.3473,-116.73,1.25,0.0064,-0.0387,0.448
461.622,530.343,-1.3361,-0.0723,0.3495,-112.76,0.51,0.0098,0.0413,0.45
461.722,530.502,-1.3383,-0.0781,0.3416,-111.42,0.51,0.0091,0.1613,0.448
461.822,530.638,-1.3339,-0.0846,0.3365,-110.24,0.08,0.0013,0.1722,0.45
461.922,530.842,-1.329,-0.0887,0.3329,-109.17,0.15,0.003,0.1928,0.449
462.022,530.993,-1.3231,-0.0906,0.334,-108.32,0.76,0.0009,0.1943,0.449
462.122,531.19,-1.3175,-0.0917,0.3233,-107.27,0.69,0.0,0.1617,0.45
462.222,531.311,-1.3142,-0.0862,0.3193,-106.55,0.6,0.0,0.1167,0.449
462.322,531.469,-1.3128,-0.0832,0.3238,-105.85,0.56,0.0,0.1127,0.452
462.422,531.656,-1.3126,-0.0826,0.3201,-104.98,0.55,0.0004,0.0767,0.448
462.523,531.828,-1.314,-0.0822,0.3094,-104.69,0.2,0.0,0.042,0.451
462.625,531.928,-1.3111,-0.0814,0.3203,-104.89,0.7,0.0,0.0171,0.449
462.725,532.022,-1.3072,-0.082,0.3327,-103.86,0.97,0.0,0.019,0.45
462.822,532.124,-1.3002,-0.0805,0.3451,-103.68,1.32,0.0,0.0287,0.449
462.922,532.222,-1.2916,-0.0805,0.3407,-103.93,0.72,0.0,0.0193,0.448
463.022,532.324,-1.2875,-0.0848,0.3449,-103.98,0.9,0.0004,0.0352,0.449
463.122,532.507,-1.2854,-0.0908,0.3468,-103.62,0.81,0.01,0.0036,0.449
463.222,532.639,-1.2855,-0.0903,0.3561,-103.05,0.51,0.0013,0.0077,0.448
463.322,532.877,-1.2887,-0.0902,0.3575,-103.4,0.3,0.0,0.0268,0.449
463.422,533.071,-1.2912,-0.0878,0.3348,-103.12,0.42,0.0042,0.0238,0.449
463.522,533.226,-1.2956,-0.0803,0.3339,-103.09,0.41,0.0009,0.0284,0.449
463.622,533.345,-1.3025,-0.0736,0.3159,-102.93,0.31,0.0,-0.0116,0.448
463.722,533.48,-1.3126,-0.0656,0.3083,-102.88,1.26,0.0,-0.0097,0.449
463.822,533.691,-1.3183,-0.062,0.3155,-103.11,0.65,0.0,0.0055,0.45
463.922,533.869,-1.3168,-0.0653,0.3234,-103.06,0.17,0.0,-0.0253,0.449
464.022,534.055,-1.3133,-0.0704,0.3313,-103.02,0.27,0.0,-0.0667,0.453
464.122,534.177,-1.3108,-0.0728,0.3379,-103.09,0.38,0.0,-0.0675,0.45
464.222,534.316,-1.3097,-0.0727,0.3427,-103.26,0.2,0.0005,-0.0149,0.449
464.322,534.48,-1.3105,-0.0699,0.3429,-103.66,0.09,0.0002,-0.0112,0.449
464.422,534.604,-1.31,-0.0644,0.3523,-105.04,0.25,0.0,0.0031,0.449
464.522,534.771,-1.3068,-0.0618,0.3607,-105.55,0.37,0.0055,-0.0687,0.448
464.622,534.894,-1.3026,-0.059,0.3541,-105.78,0.27,0.0009,-0.084,0.45
464.722,535.044,-1.3013,-0.0591,0.3505,-106.22,0.35,0.0,-0.0522,0.452
464.822,535.188,-1.3019,-0.0629,0.34,-106.48,0.39,0.0003,-0.063,0.451
464.922,535.311,-1.3046,-0.0653,0.3487,-106.08,0.19,0.0005,-0.0852,0.448
465.022,535.45,-1.3107,-0.0683,0.3561,-107.15,0.24,0.0013,-0.0632,0.45
465.122,535.581,-1.3148,-0.07,0.3478,-107.54,0.2,0.0,-0.1029,0.452
465.222,535.769,-1.3214,-0.069,0.3428,-108.0,0.76,0.0,-0.1262,0.45
465.322,535.911,-1.326,-0.0638,0.3402,-108.64,0.53,0.0,-0.1328,0.448
465.422,536.092,-1.3271,-0.056,0.3344,-109.11,0.53,0.0,-0.1208,0.45
465.522,536.261,-1.3271,-0.049,0.3501,-106.72,0.7,0.0,-0.0423,0.449
465.622,536.473,-1.3244,-0.0425,0.3557,-108.72,0.53,0.0,-0.0423,0.45
465.722,536.61,-1.3189,-0.0365,0.3479,-110.39,0.13,0.0,-0.1623,0.45
465.822,536.749,-1.3147,-0.0309,0.3492,-111.03,0.16,0.0,-0.16,0.448
465.922,536.917,-1.3134,-0.0254,0.3531,-112.67,0.17,0.0,-0.1889,0.449
466.022,537.088,-1.3104,-0.0252,0.354,-113.03,0.23,0.0,-0.1856,0.449
466.122,537.188,-1.3081,-0.028,0.334,-113.74,0.38,0.0,-0.1606,0.448
466.222,537.326,-1.3051,-0.0338,0.3349,-114.2,0.63,0.002,-0.1427,0.448
466.322,537.496,-1.3016,-0.0394,0.3385,-114.73,0.83,0.0048,-0.123,0.449
466.422,537.62,-1.2986,-0.0443,0.3262,-115.94,0.45,0.0003,-0.0904,0.45
466.522,537.816,-1.2879,-0.0477,0.3228,-116.41,1.07,0.0005,-0.0933,0.448
466.622,537.943,-1.2722,-0.0462,0.3287,-116.27,1.53,0.0003,-0.0711,0.449
466.722,538.081,-1.2561,-0.0433,0.3265,-117.2,0.94,0.0,-0.0467,0.45
466.822,538.202,-1.2481,-0.0441,0.3322,-118.27,0.94,0.0,-0.0642,0.449
466.922,538.352,-1.2425,-0.0467,0.3388,-117.7,1.21,0.0,-0.095,0.449
467.022,538.509,-1.2348,-0.0467,0.342,-118.11,1.09,0.0,-0.0257,0.448
467.122,538.627,-1.2277,-0.0467,0.3436,-119.13,1.05,0.0,-0.0489,0.45
467.222,538.845,-1.2223,-0.0445,0.3516,-119.02,1.06,0.0,-0.0315,0.448
467.322,539.055,-1.2172,-0.0387,0.3425,-119.09,0.64,0.0,0.0261,0.45
467.422,539.22,-1.213,-0.0354,0.3507,-119.84,0.49,0.0,-0.0195,0.448
467.522,539.362,-1.2129,-0.0374,0.3524,-119.77,0.45,0.0,-0.0316,0.449
467.622,539.504,-1.2146,-0.0391,0.354,-119.52,0.35,0.0006,-0.0414,0.448
467.722,539.646,-1.2154,-0.0394,0.3548,-119.55,0.29,0.0001,-0.0096,0.449
467.822,539.812,-1.2153,-0.0385,0.3553,-119.17,0.28,0.0,0.0243,0.451
467.922,539.926,-1.2149,-0.0376,0.3554,-119.25,0.25,0.0,0.0269,0.448
468.022,540.12,-1.2147,-0.0372,0.3555,-119.22,0.25,0.0,-0.0221,0.449
468.122,540.312,-1.2146,-0.0371,0.3556,-119.15,0.25,0.0002,-0.0004,0.449
468.222,540.412,-1.2144,-0.0371,0.3558,-118.92,0.26,0.0001,0.0279,0.449
468.322,540.582,-1.2145,-0.0371,0.3558,-119.11,0.26,0.0,0.0197,0.448
468.422,540.731,-1.2144,-0.0371,0.3559,-118.83,0.26,0.0003,0.0048,0.452
468.522,540.881,-1.2145,-0.0369,0.3558,-119.33,0.25,0.0026,0.0294,0.448
468.622,541.002,-1.214,-0.0375,0.3547,-118.64,0.24,0.0004,0.01,0.451
468.722,541.131,-1.2105,-0.0375,0.3541,-119.05,0.41,0.0,-0.0073,0.448
468.822,541.324,-1.2088,-0.0391,0.3479,-118.8,0.36,0.0043,-0.0249,0.448
468.922,541.457,-1.2068,-0.0404,0.3393,-118.26,0.59,0.0007,-0.0305,0.448
469.022,541.624,-1.2052,-0.0408,0.3394,-118.42,0.5,0.0,-0.0047,0.448
469.122,541.827,-1.2061,-0.0428,0.3403,-118.55,0.25,0.0043,-0.0235,0.451
469.223,541.941,-1.2073,-0.0467,0.3103,-119.08,0.82,0.0021,-0.0168,0.45
469.322,542.028,-1.2109,-0.0461,0.322,-117.19,0.92,0.0011,-0.052,0.448
469.422,542.144,-1.2156,-0.044,0.3347,-118.09,0.87,0.0,0.028,0.449
469.522,542.257,-1.2171,-0.0372,0.3425,-119.33,1.0,0.0,-0.012,0.448
469.622,542.425,-1.2155,-0.0305,0.3351,-118.92,0.3,0.0,-0.092,0.45
469.722,542.587,-1.2141,-0.0277,0.3364,-119.43,0.36,0.0,-0.0441,0.449
469.822,542.739,-1.2166,-0.0214,0.3482,-121.65,0.57,0.0,-0.0489,0.448
469.922,542.865,-1.2168,-0.0224,0.3566,-121.91,0.26,0.0,-0.1289,0.45
470.022,542.97,-1.2143,-0.0282,0.3539,-120.76,0.18,0.0029,-0.0489,0.448
470.122,543.097,-1.2152,-0.0366,0.3511,-120.53,0.8,0.0035,0.0311,0.449
470.222,543.23,-1.217,-0.0478,0.3503,-121.2,0.76,0.0123,0.0657,0.449
470.322,543.371,-1.2191,-0.0542,0.3524,-120.88,0.64,0.0229,0.0257,0.449
470.422,543.508,-1.2222,-0.0594,0.3446,-120.53,0.72,0.0062,0.033,0.45
470.522,543.639,-1.2223,-0.0644,0.3524,-121.49,0.87,0.0042,0.0099,0.449
470.622,543.908,-1.2213,-0.067,0.3568,-120.37,0.63,0.0039,0.0499,0.449
470.722,544.033,-1.2174,-0.0621,0.3345,-121.12,1.35,0.0006,0.1011,0.449
470.822,544.161,-1.2039,-0.045,0.3404,-122.96,0.82,0.0004,0.0211,0.448
470.922,544.352,-1.1842,-0.0211,0.3361,-120.84,0.96,0.0,-0.0189,0.448
471.029,544.542,-1.1713,0.0006,0.3286,-120.1,0.6,0.0,0.1411,0.448
471.122,544.65,-1.1584,0.0167,0.3221,-119.44,1.08,0.0,0.1102,0.449
471.222,544.809,-1.1383,0.0249,0.3236,-118.27,1.55,0.0,0.0813,0.451
471.322,544.933,-1.1292,0.0249,0.328,-118.6,0.71,0.0,0.0507,0.449
471.422,545.067,-1.1277,0.0187,0.3317,-117.95,1.02,0.0,0.0317,0.45
471.522,545.174,-1.1251,0.0111,0.3407,-117.42,1.11,0.0044,0.0182,0.449
471.622,545.344,-1.1263,0.0011,0.3467,-117.64,0.94,0.0211,0.0017,0.449
471.722,545.558,-1.1288,-0.0099,0.3484,-117.45,0.91,0.0313,-0.0124,0.448
471.822,545.672,-1.1313,-0.0102,0.3725,-113.2,0.18,0.0347,-0.0168,0.448
471.922,545.784,-1.1373,-0.009,0.3772,-114.67,0.18,0.006,0.0632,0.449
472.022,545.886,-1.1429,-0.0049,0.3744,-116.57,0.25,0.0003,-0.0168,0.449
472.122,545.988,-1.1487,-0.0012,0.3686,-117.16,0.82,0.0,-0.0968,0.449
472.222,546.103,-1.1544,0.0006,0.371,-117.1,0.82,0.0,-0.1768,0.45
472.322,546.254,-1.1561,0.0023,0.3722,-118.1,0.7,0.0001,-0.1034,0.45
472.422,546.461,-1.1533,0.0061,0.3614,-118.68,0.57,0.0001,-0.0523,0.449
472.522,546.633,-1.1503,0.0109,0.3792,-112.07,0.54,0.0,-0.0161,0.45
472.622,546.77,-1.1474,0.0134,0.3881,-114.14,0.27,0.0,0.1039,0.448
472.722,546.872,-1.1423,0.0122,0.3888,-117.27,0.85,0.0,0.0239,0.45
472.83,546.989,-1.1325,0.0144,0.3856,-114.67,0.77,0.0,-0.0561,0.448
472.922,547.08,-1.1293,0.0132,0.3788,-113.49,0.67,0.0,0.0239,0.45
473.022,547.181,-1.129,0.0101,0.3758,-113.43,0.68,0.0,0.1039,0.448
473.122,547.304,-1.1279,0.0067,0.3765,-113.27,0.55,0.0,0.1779,0.448
473.222,547.48,-1.1274,0.0064,0.3721,-112.48,0.22,0.0,0.0901,0.449
473.322,547.638,-1.1262,0.0082,0.3623,-111.81,0.61,0.0,0.0872,0.45
473.422,547.84,-1.1239,0.0119,0.3423,-111.39,0.44,0.0,0.0493,0.448
473.522,548.096,-1.1248,0.0201,0.3334,-111.05,0.27,0.0,0.0372,0.448
473.622,548.294,-1.1279,0.0264,0.3208,-110.68,0.47,0.0,0.0365,0.448
473.722,548.422,-1.1341,0.0295,0.314,-110.74,0.66,0.0,-0.0026,0.45
473.822,548.533,-1.1379,0.0341,0.3207,-111.1,0.76,0.0,-0.0292,0.448
473.922,548.633,-1.1407,0.0349,0.3269,-110.85,0.3,0.0,-0.0336,0.449
474.023,548.747,-1.1412,0.0328,0.3356,-110.57,0.13,0.0,-0.0102,0.448
474.128,548.854,-1.1411,0.0289,0.3396,-110.86,0.1,0.0,-0.0155,0.449
474.222,548.946,-1.1406,0.0341,0.3421,-111.28,0.19,0.0,-0.0152,0.449
474.322,549.152,-1.1395,0.0401,0.3432,-110.94,0.19,0.0,-0.0164,0.448
474.422,549.308,-1.139,0.0422,0.3438,-110.78,0.11,0.0,-0.009,0.449
474.522,549.461,-1.1393,0.0402,0.3451,-110.72,0.07,0.0,-0.0191,0.449
474.622,549.65,-1.1402,0.0366,0.347,-111.1,0.17,0.0008,-0.0622,0.449
474.722,549.846,-1.1409,0.0339,0.3488,-111.21,0.21,0.0004,-0.0478,0.448
474.822,549.959,-1.1413,0.0323,0.3492,-111.39,0.15,0.0001,-0.0356,0.448
474.922,550.061,-1.1408,0.032,0.3504,-111.44,0.19,0.0,-0.0426,0.448
475.022,550.176,-1.1401,0.0323,0.3519,-111.41,0.17,0.0,-0.0445,0.448
475.122,550.275,-1.1403,0.0331,0.3533,-112.17,0.16,0.0,-0.0193,0.449
475.222,550.403,-1.1409,0.0349,0.3536,-112.32,0.2,0.0,-0.0361,0.448
475.322,550.674,-1.1409,0.0349,0.3526,-112.46,0.09,0.0,-0.0321,0.449
475.422,550.886,-1.1335,0.045,0.3483,-116.24,0.78,0.0,-0.1236,0.449
475.522,550.988,-1.1173,0.0698,0.3516,-119.0,1.04,0.0,-0.2,0.448
475.622,551.111,-1.1011,0.0979,0.3517,-113.1,1.34,0.0,-0.16,0.448
475.722,551.244,-1.0936,0.1303,0.3414,-112.7,1.41,0.0,-0.08,0.448
475.822,551.377,-1.0891,0.1591,0.3308,-114.67,0.91,0.0,0.0208,0.448
475.922,551.51,-1.079,0.1772,0.3354,-114.43,1.01,0.0,-0.0549,0.448
476.022,551.713,-1.0798,0.1882,0.3418,-115.26,0.96,0.0,-0.0549,0.448
476.122,551.866,-1.0871,0.1973,0.3076,-115.74,0.89,0.0,-0.0312,0.452
476.222,551.999,-1.0994,0.2083,0.3173,-114.68,2.02,0.0,-0.0432,0.463
476.322,552.158,-1.1129,0.2241,0.3261,-115.82,2.43,0.0,-0.0032,0.471
476.422,552.393,-1.1258,0.2385,0.3034,-116.09,1.65,0.0,-0.0813,0.486
476.522,552.525,-1.1302,0.2504,0.294,-116.22,1.12,0.0,-0.0499,0.502
476.622,552.739,-1.127,0.2518,0.3009,-116.24,0.7,0.0,-0.0242,0.516
476.722,552.876,-1.125,0.2456,0.3319,-110.66,0.86,0.0,-0.0171,0.519
476.822,552.988,-1.1233,0.2376,0.3444,-110.34,0.29,0.0165,0.0629,0.506
476.922,553.139,-1.1218,0.2325,0.3483,-114.0,0.15,0.0133,0.0748,0.494
477.022,553.262,-1.1238,0.2361,0.3508,-114.99,0.52,0.0105,-0.0452,0.495
477.122,553.371,-1.1288,0.2437,0.3572,-115.55,0.71,0.001,-0.1252,0.5
477.222,553.525,-1.1358,0.2564,0.3577,-116.27,1.13,0.0,-0.1627,0.507
477.322,553.721,-1.1419,0.2642,0.3467,-117.26,0.91,0.0,-0.128,0.52
477.422,553.844,-1.1483,0.2636,0.3218,-117.85,1.17,0.0001,-0.1263,0.531
477.522,553.97,-1.1471,0.2589,0.3315,-119.35,0.45,0.0168,-0.0697,0.535
477.622,554.121,-1.1396,0.2562,0.3455,-118.92,0.56,0.0015,-0.1097,0.533
477.722,554.257,-1.1303,0.2555,0.3409,-119.46,0.43,0.0,-0.0657,0.53
477.822,554.416,-1.1147,0.2575,0.3316,-120.0,1.41,0.0,-0.0779,0.53
477.922,554.54,-1.0926,0.2664,0.3324,-120.1,2.04,0.0,-0.0689,0.533
