sim_s,wall_s,x,y,z,yaw_deg,tilt_deg,cmd_vx,cmd_wz,min_range_m
5077.68,0.001,-0.0001,-0.0054,0.3584,90.03,0.21,0.0,0.0,inf
5083.672,0.001,-0.0001,-0.0054,0.3584,90.03,0.21,0.0,0.0,inf
5083.672,0.001,-0.0001,-0.0054,0.3584,90.03,0.21,0.0,0.0,inf
5083.672,0.003,-0.0001,-0.0054,0.3584,90.03,0.21,0.0,0.0,0.545
5083.672,0.003,-0.0001,-0.0054,0.3584,90.03,0.21,0.0,0.0,0.545
5083.674,0.003,-0.0001,-0.0054,0.3584,90.03,0.21,0.0,0.0,0.545
5083.674,0.003,-0.0001,-0.0054,0.3584,90.03,0.21,0.0,0.0,0.545
5083.674,0.004,-0.0001,-0.0054,0.3584,90.03,0.21,0.0,0.0,0.545
5083.674,0.004,-0.0001,-0.0054,0.3584,90.03,0.21,0.0,0.0,0.545
5083.674,0.004,-0.0001,-0.0054,0.3584,90.03,0.21,0.0,0.0,0.545
5083.675,0.005,-0.0001,-0.0054,0.3584,90.03,0.21,0.0,0.0,0.545
5083.675,0.005,-0.0001,-0.0054,0.3584,90.03,0.21,0.0,0.0,0.545
5083.675,0.005,-0.0001,-0.0054,0.3584,90.03,0.21,0.0,0.0,0.545
5083.677,0.006,-0.0001,-0.0054,0.3584,90.03,0.21,0.0,0.0,0.545
5083.677,0.006,-0.0001,-0.0054,0.3584,90.03,0.21,0.0,0.0,0.545
5083.677,0.006,-0.0001,-0.0054,0.3584,90.03,0.21,0.0,0.0,0.545
5083.677,0.007,-0.0001,-0.0054,0.3584,90.03,0.21,0.0,0.0,0.545
5083.677,0.007,-0.0001,-0.0054,0.3584,90.03,0.21,0.0,0.0,0.545
5083.678,0.008,-0.0001,-0.0054,0.3584,90.03,0.21,0.0,0.0,0.545
5083.679,0.008,-0.0001,-0.0054,0.3584,90.03,0.21,0.0,0.0,0.545
5083.679,0.009,-0.0001,-0.0054,0.3584,90.03,0.21,0.0,0.0,0.545
5083.68,0.009,-0.0001,-0.0054,0.3584,90.03,0.21,0.0,0.0,0.545
5083.68,0.009,-0.0001,-0.0054,0.3584,90.03,0.21,0.0,0.0,0.545
5083.681,0.01,-0.0001,-0.0054,0.3584,90.03,0.21,0.0,0.0,0.545
5083.682,0.011,-0.0001,-0.0054,0.3584,90.03,0.21,0.0,0.0,0.545
5083.683,0.012,-0.0001,-0.0054,0.3584,90.03,0.21,0.0,0.0,0.545
5083.684,0.013,-0.0001,-0.0054,0.3584,90.03,0.21,0.0,0.0,0.545
5083.685,0.014,-0.0001,-0.0054,0.3584,90.03,0.21,0.0,0.0,0.545
5083.686,0.015,-0.0001,-0.0054,0.3584,90.03,0.21,0.0,0.0,0.545
5083.687,0.016,-0.0001,-0.0054,0.3584,90.03,0.21,0.0,0.0,0.545
5083.687,0.016,-0.0001,-0.0054,0.3584,90.03,0.21,0.0,0.0,0.545
5083.688,0.017,-0.0001,-0.0054,0.3584,90.03,0.21,0.0,0.0,0.545
5083.689,0.018,-0.0001,-0.0054,0.3584,90.03,0.21,0.0,0.0,0.545
5083.69,0.019,-0.0001,-0.0054,0.3584,90.03,0.21,0.0,0.0,0.545
5083.691,0.02,-0.0001,-0.0054,0.3584,90.03,0.21,0.0,0.0,0.545
5083.692,0.021,-0.0001,-0.0054,0.3584,90.03,0.21,0.0,0.0,0.545
5083.693,0.022,-0.0001,-0.0054,0.3584,90.03,0.21,0.0,0.0,0.545
5083.694,0.023,-0.0001,-0.0054,0.3584,90.03,0.21,0.0,0.0,0.545
5083.695,0.024,-0.0001,-0.0054,0.3584,90.03,0.21,0.0,0.0,0.545
5083.696,0.025,-0.0001,-0.0054,0.3584,90.03,0.21,0.0,0.0,0.545
5083.697,0.026,-0.0001,-0.0054,0.3584,90.03,0.21,0.0,0.0,0.545
5083.697,0.026,-0.0001,-0.0054,0.3584,90.03,0.21,0.0,0.0,0.545
5083.698,0.027,-0.0001,-0.0054,0.3584,90.03,0.21,0.0,0.0,0.545
5083.699,0.029,-0.0001,-0.0054,0.3584,90.03,0.21,0.0,0.0,0.545
5083.7,0.03,-0.0001,-0.0054,0.3584,90.03,0.21,0.0,0.0,0.545
5083.7,0.031,-0.0001,-0.0054,0.3584,90.03,0.21,0.0,0.0,0.545
5083.701,0.031,-0.0001,-0.0054,0.3584,90.03,0.21,0.0,0.0,0.545
5083.702,0.032,-0.0001,-0.0054,0.3584,90.03,0.21,0.0,0.0,0.545
5083.703,0.033,-0.0001,-0.0054,0.3584,90.03,0.21,0.0,0.0,0.545
5083.704,0.034,-0.0001,-0.0054,0.3584,90.03,0.21,0.0,0.0,0.545
5083.705,0.035,-0.0001,-0.0054,0.3584,90.03,0.21,0.0,0.0,0.545
5083.705,0.035,-0.0001,-0.0054,0.3584,90.03,0.21,0.0,0.0,0.545
5083.707,0.037,-0.0001,-0.0054,0.3584,90.03,0.21,0.0,0.0,0.545
5083.708,0.038,-0.0001,-0.0054,0.3584,90.03,0.21,0.0,0.0,0.545
5083.709,0.039,-0.0001,-0.0054,0.3584,90.03,0.21,0.0,0.0,0.545
5083.71,0.04,-0.0001,-0.0054,0.3584,90.03,0.21,0.0,0.0,0.545
5083.711,0.041,-0.0001,-0.0054,0.3584,90.03,0.21,0.0,0.0,0.545
5083.712,0.042,-0.0001,-0.0054,0.3584,90.03,0.21,0.0,0.0,0.545
5083.712,0.047,-0.0001,-0.0054,0.3584,90.03,0.21,0.0,0.0,0.545
5083.712,0.056,-0.0001,-0.0054,0.3584,90.03,0.21,0.0,0.0,0.545
5083.715,0.06,-0.0001,-0.0054,0.3584,90.03,0.21,0.0,0.0,0.545
5083.781,0.111,-0.0001,-0.0054,0.3584,90.03,0.21,0.0,-0.0069,0.545
5083.881,0.211,-0.0001,-0.0054,0.3584,90.03,0.21,0.0,-0.0049,0.545
5083.981,0.311,-0.0001,-0.0054,0.3584,90.03,0.21,0.0,-0.0049,0.545
5084.081,0.411,-0.0001,-0.0054,0.3584,90.03,0.21,0.0,-0.0054,0.545
5084.181,0.511,-0.0001,-0.0054,0.3584,90.03,0.21,0.0,-0.0037,0.545
5084.281,0.614,-0.0001,-0.0054,0.3584,90.03,0.21,0.0,-0.0013,0.545
5084.381,0.715,-0.0001,-0.0054,0.3584,90.03,0.21,0.0,-0.0013,0.545
5084.481,0.816,-0.0001,-0.0054,0.3584,90.03,0.21,0.0,-0.0032,0.545
5084.581,0.915,-0.0001,-0.0054,0.3584,90.03,0.21,0.0,-0.0046,0.545
5084.681,1.016,-0.0001,-0.0054,0.3584,90.03,0.21,0.0,-0.004,0.545
5084.781,1.115,-0.0001,-0.0054,0.3584,90.03,0.21,0.0,-0.0061,0.545
5084.881,1.216,-0.0001,-0.0054,0.3584,90.03,0.21,0.0,-0.0034,0.545
5084.981,1.316,-0.0001,-0.0054,0.3584,90.03,0.21,0.0,-0.0003,0.545
5085.081,1.417,-0.0001,-0.0054,0.3584,90.03,0.21,0.0,0.0007,0.545
5085.181,1.517,-0.0001,-0.0054,0.3584,90.03,0.21,0.0,0.0025,0.545
5085.281,1.616,-0.0001,-0.0054,0.3584,90.03,0.21,0.0,0.0042,0.545
5085.381,1.716,-0.0001,-0.0054,0.3584,90.03,0.21,0.0,0.0043,0.545
5085.481,1.816,-0.0001,-0.0054,0.3584,90.03,0.21,0.0,0.0055,0.545
5085.581,1.916,-0.0001,-0.0054,0.3584,90.03,0.21,0.0,0.0093,0.545
5085.681,2.016,-0.0001,-0.0054,0.3584,90.03,0.21,0.0,0.0092,0.545
5085.781,2.117,-0.0001,-0.0054,0.3584,90.03,0.21,0.0,0.0083,0.545
5085.881,2.217,-0.0001,-0.0054,0.3584,90.03,0.21,0.0,0.0081,0.545
5085.981,2.317,-0.0001,-0.0054,0.3584,90.03,0.21,0.0,0.0079,0.545
5086.081,2.417,-0.0001,-0.0054,0.3584,90.03,0.21,0.0,0.0093,0.545
5086.181,2.517,-0.0001,-0.0054,0.3584,90.03,0.21,0.0,0.012,0.545
5086.281,2.617,-0.0001,-0.0054,0.3584,90.03,0.21,0.0,0.0159,0.545
5086.381,2.716,-0.0001,-0.0054,0.3584,90.03,0.21,0.0,0.0186,0.545
5086.481,2.816,-0.0001,-0.0054,0.3584,90.03,0.21,0.0,0.0194,0.545
5086.581,2.917,-0.0001,-0.0054,0.3584,90.03,0.21,0.0,0.0214,0.545
5086.681,3.016,-0.0001,-0.0054,0.3584,90.03,0.21,0.0,0.023,0.545
5086.781,3.117,-0.0001,-0.0054,0.3584,90.03,0.21,0.0,0.0247,0.545
5086.881,3.216,-0.0001,-0.0054,0.3584,90.03,0.21,0.0,0.0273,0.545
5086.981,3.317,-0.0001,-0.0054,0.3584,90.03,0.21,0.0,0.0279,0.545
5087.081,3.417,-0.0001,-0.0054,0.3584,90.03,0.21,0.0,0.0261,0.545
5087.181,3.517,-0.0001,-0.0054,0.3584,90.03,0.21,0.0,0.0261,0.545
5087.281,3.616,-0.0001,-0.0054,0.3584,90.03,0.21,0.0,0.0272,0.545
5087.381,3.716,-0.0001,-0.0054,0.3584,90.03,0.21,0.0,0.0286,0.545
5087.481,3.817,-0.0001,-0.0054,0.3584,90.03,0.21,0.0,0.0318,0.545
5087.581,3.917,-0.0001,-0.0054,0.3584,90.03,0.21,0.0,0.0318,0.545
5087.681,4.02,-0.0001,-0.0054,0.3584,90.03,0.21,0.0,0.0314,0.545
5087.781,4.12,-0.0001,-0.0054,0.3584,90.03,0.21,0.0,0.033,0.545
5087.881,4.22,-0.0001,-0.0054,0.3584,90.03,0.21,0.0,0.033,0.545
5087.981,4.32,-0.0001,-0.0054,0.3584,90.03,0.21,0.0,0.0321,0.545
5088.081,4.42,-0.0001,-0.0054,0.3584,90.03,0.21,0.0,0.0316,0.545
5088.181,4.52,-0.0001,-0.0054,0.3584,90.03,0.21,0.0,0.0349,0.545
5088.281,4.62,-0.0001,-0.0054,0.3584,90.03,0.21,0.0,0.0373,0.545
5088.381,4.72,-0.0001,-0.0054,0.3584,90.03,0.21,0.0,0.0373,0.545
5088.481,4.822,-0.0001,-0.0054,0.3584,90.03,0.21,0.0,0.0376,0.545
5088.581,4.922,-0.0001,-0.0054,0.3584,90.03,0.21,0.0,0.0391,0.545
5088.681,5.023,-0.0001,-0.0054,0.3584,90.03,0.21,0.0,0.0392,0.545
5088.781,5.122,-0.0001,-0.0054,0.3584,90.03,0.21,0.0,0.0397,0.545
5088.881,5.225,-0.0001,-0.0054,0.3584,90.03,0.21,0.0,0.04,0.545
5088.981,5.326,-0.0001,-0.0054,0.3584,90.03,0.21,0.0,0.0407,0.545
5089.081,5.426,-0.0001,-0.0054,0.3584,90.03,0.21,0.0,0.0405,0.545
5089.181,5.526,-0.0001,-0.0054,0.3584,90.03,0.21,0.0,0.039,0.545
5089.281,5.628,-0.0001,-0.0054,0.3584,90.03,0.21,0.0,0.0395,0.545
5089.381,5.728,-0.0001,-0.0054,0.3584,90.03,0.21,0.0,0.041,0.545
5089.481,5.829,-0.0001,-0.0054,0.3584,90.03,0.21,0.0,0.0441,0.545
5089.581,5.929,-0.0001,-0.0054,0.3584,90.03,0.21,0.0,0.0476,0.545
5089.681,6.029,-0.0001,-0.0054,0.3584,90.03,0.21,0.0,0.0487,0.545
5089.781,6.132,-0.0001,-0.0054,0.3584,90.06,0.22,0.0,0.0508,0.545
5089.881,6.232,-0.0004,-0.0053,0.3582,90.28,0.19,0.0,0.0528,0.545
5089.981,6.335,-0.0016,-0.0047,0.3577,90.67,0.23,0.0,0.0579,0.547
5090.081,6.435,-0.0031,-0.0053,0.3576,91.0,0.26,0.0,0.0681,0.551
5090.181,6.535,-0.0042,-0.0046,0.3558,91.21,0.26,0.0,0.0851,0.554
5090.281,6.635,-0.0049,-0.0048,0.3562,91.53,0.22,0.0,0.0851,0.556
5090.381,6.735,-0.0054,-0.0046,0.3555,91.98,0.2,0.0001,0.0825,0.558
5090.481,6.835,-0.0065,-0.0064,0.3571,92.63,0.26,0.0,0.0997,0.562
5090.581,6.935,-0.0082,-0.0084,0.357,93.08,0.31,0.0,0.0997,0.567
5090.681,7.035,-0.0081,-0.0086,0.3574,93.33,0.25,0.0,0.103,0.57
5090.781,7.135,-0.0068,-0.0082,0.3584,93.82,0.17,0.0,0.0976,0.572
5090.881,7.235,-0.0063,-0.0073,0.3593,94.5,0.23,0.0005,0.1077,0.574
5090.981,7.335,-0.0059,-0.0077,0.3594,95.08,0.19,0.0005,0.1077,0.577
5091.081,7.435,-0.0053,-0.0069,0.3563,95.4,0.17,0.0008,0.1086,0.58
5091.181,7.535,-0.0046,-0.0081,0.3567,95.83,0.13,0.0008,0.1086,0.581
5091.281,7.635,-0.0048,-0.0092,0.3573,96.5,0.16,0.0001,0.1052,0.583
5091.381,7.736,-0.006,-0.0118,0.3587,97.19,0.26,0.0,0.114,0.587
5091.481,7.835,-0.008,-0.0144,0.3582,97.7,0.34,0.0,0.1246,0.592
5091.581,7.935,-0.0085,-0.0148,0.3584,98.1,0.31,0.0,0.1246,0.596
5091.681,8.038,-0.0081,-0.0141,0.358,98.74,0.23,0.0,0.1191,0.599
5091.781,8.138,-0.0083,-0.0135,0.3585,99.53,0.27,0.0013,0.1283,0.603
5091.881,8.238,-0.0082,-0.0146,0.3588,100.17,0.28,0.0013,0.1283,0.607
5091.981,8.338,-0.0076,-0.014,0.3572,100.61,0.18,0.0007,0.1329,0.611
5092.081,8.438,-0.0063,-0.0145,0.3575,101.21,0.12,0.0,0.127,0.613
5092.181,8.538,-0.0055,-0.0145,0.3568,101.95,0.15,0.0,0.1314,0.615
5092.281,8.638,-0.0053,-0.016,0.3583,102.75,0.2,0.0,0.1401,0.619
5092.381,8.739,-0.006,-0.0173,0.3581,103.3,0.2,0.0002,0.143,0.623
5092.481,8.839,-0.0057,-0.0178,0.3584,103.77,0.19,0.0017,0.1367,0.627
5092.581,8.939,-0.005,-0.0181,0.3589,104.41,0.14,0.0015,0.1366,0.63
5092.681,9.039,-0.0059,-0.0181,0.3597,105.35,0.24,0.0019,0.146,0.634
5092.781,9.139,-0.0069,-0.0196,0.3598,106.14,0.31,0.0008,0.1525,0.64
5092.881,9.239,-0.0078,-0.0193,0.3576,106.66,0.29,0.0016,0.1486,0.646
5092.981,9.339,-0.0082,-0.0195,0.3576,107.37,0.25,0.0033,0.1426,0.651
5093.081,9.439,-0.0089,-0.0193,0.3578,108.19,0.28,0.0045,0.147,0.656
5093.181,9.539,-0.009,-0.0214,0.3594,109.02,0.31,0.0044,0.1501,0.663
5093.281,9.64,-0.0095,-0.0234,0.3577,109.66,0.32,0.0031,0.1537,0.662
5093.381,9.742,-0.0089,-0.0237,0.3577,110.26,0.28,0.0038,0.1548,0.66
5093.481,9.842,-0.008,-0.0232,0.3596,111.0,0.23,0.0048,0.1585,0.659
5093.581,9.943,-0.0086,-0.0228,0.361,112.0,0.31,0.0078,0.1678,0.656
5093.681,10.043,-0.0087,-0.0239,0.3611,112.86,0.34,0.0057,0.1698,0.655
5093.781,10.143,-0.0088,-0.0227,0.3591,113.52,0.25,0.007,0.1729,0.652
5093.881,10.243,-0.0082,-0.0223,0.359,114.33,0.26,0.0071,0.1652,0.651
5093.981,10.345,-0.0088,-0.0217,0.3599,115.27,0.27,0.008,0.1631,0.65
5094.081,10.445,-0.0091,-0.0232,0.3613,116.24,0.32,0.01,0.169,0.645
5094.181,10.545,-0.0093,-0.0243,0.36,116.95,0.23,0.0088,0.1671,0.645
5094.281,10.645,-0.0086,-0.0239,0.3598,117.61,0.22,0.0104,0.1583,0.644
5094.381,10.745,-0.0078,-0.0227,0.3607,118.41,0.13,0.0114,0.1574,0.643
5094.481,10.847,-0.0089,-0.0215,0.3618,119.43,0.24,0.0147,0.1685,0.639
5094.581,10.948,-0.0095,-0.0215,0.3615,120.24,0.27,0.0156,0.1708,0.637
5094.681,11.048,-0.0102,-0.0194,0.3594,120.85,0.23,0.0157,0.1648,0.635
5094.781,11.148,-0.0103,-0.0181,0.3592,121.61,0.23,0.0154,0.1585,0.633
5094.881,11.248,-0.0117,-0.0167,0.3594,122.52,0.23,0.0154,0.1652,0.631
5094.981,11.348,-0.0125,-0.0174,0.3608,123.45,0.3,0.0149,0.1694,0.627
5095.081,11.448,-0.0139,-0.0178,0.3587,124.17,0.3,0.0144,0.1701,0.626
5095.181,11.548,-0.0147,-0.0172,0.3587,124.81,0.33,0.0172,0.1614,0.624
5095.281,11.648,-0.015,-0.0156,0.3607,125.43,0.2,0.0177,0.1591,0.623
5095.381,11.748,-0.0164,-0.0145,0.3621,126.48,0.3,0.0209,0.1575,0.619
5095.481,11.848,-0.0168,-0.0146,0.3619,127.24,0.31,0.0209,0.1632,0.618
5095.581,11.948,-0.0175,-0.0124,0.3599,127.87,0.21,0.0212,0.1609,0.618
5095.681,12.048,-0.0173,-0.0104,0.3597,128.62,0.19,0.0226,0.1572,0.614
5095.781,12.148,-0.019,-0.0083,0.3598,129.5,0.21,0.0241,0.1606,0.613
5095.881,12.248,-0.0204,-0.0077,0.3612,130.39,0.28,0.026,0.164,0.61
5095.981,12.349,-0.0225,-0.0062,0.3583,130.97,0.19,0.0239,0.1642,0.608
5096.081,12.45,-0.0239,-0.0042,0.3583,131.71,0.27,0.0276,0.1599,0.605
5096.181,12.551,-0.0254,-0.0023,0.36,132.44,0.18,0.0262,0.1589,0.604
5096.281,12.651,-0.0282,-0.0016,0.3616,133.47,0.29,0.0281,0.1619,0.599
5096.381,12.751,-0.0301,-0.0021,0.3606,134.28,0.3,0.027,0.1658,0.598
5096.481,12.851,-0.0326,-0.0004,0.3579,134.96,0.31,0.025,0.1617,0.597
5096.581,12.951,-0.0345,0.0013,0.358,135.71,0.3,0.0263,0.1537,0.594
5096.681,13.051,-0.0377,0.0031,0.3585,136.56,0.3,0.0278,0.1567,0.592
5096.781,13.151,-0.039,0.0032,0.3601,137.39,0.34,0.0316,0.1619,0.59
5096.881,13.251,-0.0407,0.0043,0.3573,138.04,0.21,0.0285,0.1568,0.588
5096.981,13.351,-0.0416,0.0067,0.3577,138.62,0.22,0.0315,0.1553,0.587
5097.081,13.451,-0.0426,0.0098,0.359,139.58,0.17,0.0308,0.1491,0.585
5097.181,13.551,-0.0454,0.012,0.3608,140.61,0.28,0.0339,0.1551,0.582
5097.281,13.651,-0.0479,0.0137,0.3601,141.44,0.2,0.0328,0.1593,0.58
5097.381,13.751,-0.051,0.0169,0.3579,141.99,0.22,0.0318,0.1557,0.578
5097.481,13.852,-0.053,0.0189,0.358,142.67,0.2,0.0305,0.1471,0.574
5097.581,13.952,-0.0567,0.0202,0.3582,143.47,0.2,0.0286,0.1521,0.573
5097.681,14.052,-0.0593,0.0197,0.36,144.47,0.27,0.0292,0.1526,0.57
5097.781,14.152,-0.0623,0.0197,0.3576,145.04,0.26,0.0256,0.1573,0.57
5097.881,14.252,-0.0647,0.0204,0.358,145.59,0.32,0.0267,0.1516,0.569
5097.981,14.352,-0.0675,0.0215,0.3599,146.31,0.29,0.0257,0.1505,0.568
5098.081,14.452,-0.0702,0.0213,0.3615,147.33,0.37,0.0282,0.1533,0.567
5098.181,14.552,-0.0711,0.02,0.3612,147.98,0.37,0.0274,0.1559,0.568
5098.281,14.652,-0.0729,0.0215,0.3593,148.63,0.26,0.0246,0.1468,0.569
5098.381,14.752,-0.0741,0.024,0.3594,149.31,0.19,0.0254,0.1426,0.569
5098.481,14.852,-0.0772,0.0265,0.3596,149.93,0.21,0.0279,0.1406,0.568
5098.581,14.952,-0.0792,0.028,0.3612,150.95,0.3,0.0308,0.1339,0.565
5098.681,15.052,-0.0821,0.0303,0.3586,151.45,0.12,0.0312,0.1342,0.565
5098.781,15.152,-0.0837,0.0326,0.3591,151.79,0.21,0.0326,0.1045,0.563
5098.881,15.252,-0.0854,0.0343,0.36,152.53,0.13,0.0294,0.1024,0.562
5098.981,15.352,-0.0883,0.0338,0.3612,153.29,0.24,0.0314,0.1108,0.561
5099.081,15.454,-0.0907,0.0322,0.3607,153.8,0.34,0.0314,0.1146,0.562
5099.181,15.554,-0.0944,0.0329,0.3591,154.15,0.34,0.0332,0.1178,0.562
5099.281,15.654,-0.0981,0.0344,0.3594,154.7,0.31,0.037,0.1152,0.561
5099.381,15.754,-0.1036,0.0359,0.3598,155.41,0.32,0.041,0.1186,0.559
5099.481,15.854,-0.1069,0.0365,0.3613,156.07,0.35,0.0469,0.1201,0.558
5099.581,15.954,-0.111,0.0385,0.3586,156.56,0.2,0.0437,0.1185,0.558
5099.681,16.054,-0.1145,0.0414,0.3592,157.02,0.25,0.0478,0.1148,0.555
5099.781,16.154,-0.1185,0.0446,0.3605,157.6,0.17,0.0473,0.1177,0.553
5099.881,16.254,-0.1239,0.0463,0.3621,158.37,0.28,0.0496,0.1267,0.55
5099.981,16.354,-0.1286,0.0479,0.3615,158.97,0.22,0.0504,0.1294,0.549
5100.081,16.454,-0.1338,0.0503,0.3599,159.47,0.27,0.0529,0.1263,0.547
5100.181,16.554,-0.1378,0.0521,0.3603,160.07,0.27,0.0518,0.1209,0.545
5100.281,16.654,-0.1444,0.0525,0.3605,160.87,0.23,0.0514,0.1216,0.544
5100.381,16.754,-0.1495,0.0516,0.3623,161.61,0.28,0.0531,0.1241,0.544
5100.481,16.856,-0.1554,0.0514,0.3601,162.13,0.28,0.0518,0.1202,0.546
5100.581,16.957,-0.1612,0.0522,0.3606,162.62,0.43,0.0554,0.1122,0.544
5100.681,17.056,-0.1681,0.0537,0.3616,163.14,0.35,0.0557,0.1082,0.544
5100.781,17.156,-0.1742,0.0547,0.363,163.94,0.38,0.0612,0.1107,0.543
5100.881,17.257,-0.1782,0.0561,0.3628,164.48,0.27,0.0591,0.1117,0.543
5100.981,17.358,-0.1829,0.0595,0.3616,164.84,0.24,0.0561,0.1076,0.542
5101.081,17.458,-0.1867,0.063,0.3618,165.3,0.26,0.055,0.1018,0.54
5101.181,17.558,-0.1933,0.0647,0.3616,166.01,0.23,0.0561,0.1012,0.538
5101.281,17.658,-0.1996,0.0654,0.3628,166.62,0.24,0.0621,0.1065,0.537
5101.381,17.758,-0.2073,0.0665,0.3604,166.97,0.21,0.0625,0.1071,0.537
5101.481,17.858,-0.214,0.0676,0.361,167.34,0.35,0.0672,0.1014,0.535
5101.581,17.958,-0.2215,0.0684,0.3626,167.88,0.25,0.0653,0.0978,0.534
5101.681,18.058,-0.2289,0.0674,0.364,168.56,0.33,0.0694,0.101,0.534
5101.781,18.158,-0.235,0.0666,0.3635,169.06,0.32,0.0683,0.0992,0.537
5101.881,18.258,-0.2421,0.0677,0.3622,169.3,0.37,0.0683,0.0943,0.538
5101.981,18.36,-0.2495,0.0692,0.362,169.68,0.36,0.0691,0.0876,0.537
5102.081,18.46,-0.2588,0.0699,0.3615,170.24,0.36,0.073,0.0848,0.537
5102.181,18.56,-0.2662,0.0703,0.3625,170.89,0.33,0.078,0.0909,0.537
5102.281,18.66,-0.2751,0.0718,0.3607,171.17,0.22,0.0783,0.0884,0.538
5102.381,18.76,-0.2831,0.0738,0.3614,171.49,0.32,0.0821,0.0778,0.537
5102.481,18.861,-0.2924,0.0757,0.3625,171.83,0.28,0.0797,0.0756,0.536
5102.581,18.961,-0.3017,0.0759,0.3639,172.43,0.34,0.0843,0.079,0.536
5102.681,19.061,-0.3105,0.0765,0.3622,172.81,0.22,0.0851,0.0823,0.538
5102.781,19.161,-0.3196,0.0782,0.3607,173.04,0.31,0.089,0.0797,0.539
5102.881,19.261,-0.328,0.0797,0.3611,173.37,0.3,0.0888,0.0706,0.538
5102.981,19.361,-0.3389,0.0791,0.361,173.92,0.3,0.0903,0.0717,0.539
5103.081,19.461,-0.3484,0.0777,0.3622,174.4,0.34,0.0923,0.0736,0.542
5103.181,19.561,-0.3593,0.0774,0.3607,174.67,0.3,0.0912,0.072,0.545
5103.281,19.673,-0.3698,0.0777,0.3616,174.91,0.43,0.0942,0.0683,0.547
5103.381,19.775,-0.3827,0.0779,0.3566,175.33,0.37,0.0931,0.0648,0.548
5103.481,19.875,-0.3926,0.0785,0.3579,175.81,0.37,0.0998,0.0619,0.55
5103.581,19.975,-0.4018,0.0804,0.3596,176.11,0.21,0.097,0.0624,0.552
5103.681,20.077,-0.4103,0.0838,0.3608,176.22,0.32,0.0953,0.0689,0.552
5103.781,20.177,-0.4182,0.087,0.3612,176.54,0.34,0.0908,0.0578,0.55
5103.881,20.279,-0.4287,0.0867,0.3615,177.03,0.28,0.0876,0.0607,0.55
5103.981,20.379,-0.4393,0.0852,0.3628,177.42,0.27,0.0903,0.0602,0.553
5104.081,20.479,-0.451,0.0846,0.3626,177.65,0.31,0.091,0.057,0.556
5104.181,20.579,-0.4618,0.0834,0.3634,177.79,0.43,0.0963,0.0527,0.557
5104.281,20.679,-0.474,0.0817,0.3637,178.23,0.4,0.0961,0.0455,0.559
5104.381,20.779,-0.4834,0.0795,0.3649,178.5,0.45,0.1013,0.0574,0.563
5104.481,20.88,-0.492,0.0777,0.3665,178.67,0.43,0.0989,0.0549,0.566
5104.581,20.98,-0.5022,0.0784,0.3668,178.63,0.44,0.0951,0.0451,0.568
5104.681,21.08,-0.514,0.0799,0.3663,179.04,0.34,0.0944,0.0425,0.568
5104.781,21.18,-0.5261,0.0801,0.3655,179.43,0.37,0.0997,0.0511,0.569
5104.881,21.28,-0.5363,0.0811,0.3654,179.83,0.32,0.102,0.0421,0.572
5104.981,21.38,-0.5476,0.0833,0.3642,179.65,0.29,0.1023,0.0381,0.573
5105.081,21.482,-0.5571,0.0858,0.3642,179.79,0.33,0.1042,0.0051,0.57
5105.181,21.582,-0.569,0.0863,0.3626,179.84,0.21,0.101,0.0119,0.569
5105.281,21.682,-0.5809,0.0845,0.3633,-179.92,0.25,0.1028,0.0115,0.569
5105.381,21.784,-0.5935,0.0825,0.3635,-179.64,0.24,0.1042,0.038,0.571
5105.481,21.884,-0.6055,0.0811,0.3638,-179.57,0.48,0.1062,0.0539,0.575
5105.581,21.984,-0.6186,0.0792,0.3637,-179.45,0.45,0.1055,0.055,0.576
5105.681,22.084,-0.6307,0.0767,0.3639,-179.16,0.49,0.1105,0.0419,0.579
5105.781,22.184,-0.6399,0.0748,0.3644,-178.46,0.43,0.1132,0.0514,0.582
5105.881,22.283,-0.6512,0.0748,0.3629,-178.21,0.32,0.1074,0.0516,0.588
5105.981,22.384,-0.6625,0.0757,0.3634,-178.57,0.29,0.1082,0.0388,0.59
5106.081,22.484,-0.6759,0.0764,0.3622,-178.65,0.22,0.1066,0.006,0.587
5106.181,22.584,-0.6875,0.0767,0.3635,-177.97,0.32,0.1089,-0.0025,0.587
5106.281,22.684,-0.6999,0.0775,0.3636,-177.84,0.24,0.1081,0.0375,0.59
5106.381,22.784,-0.7107,0.0789,0.3641,-177.88,0.35,0.1081,0.0355,0.59
5106.481,22.884,-0.7208,0.0796,0.3647,-177.83,0.26,0.1089,0.0124,0.589
5106.581,22.985,-0.7322,0.0771,0.3645,-177.33,0.26,0.107,0.0119,0.589
5106.681,23.086,-0.7434,0.0731,0.364,-177.54,0.32,0.1087,0.0235,0.594
5106.781,23.186,-0.7571,0.0703,0.3618,-177.48,0.39,0.1082,0.0137,0.596
5106.881,23.286,-0.7712,0.0676,0.3619,-177.5,0.55,0.1136,0.0033,0.599
5106.981,23.386,-0.7871,0.065,0.3617,-177.39,0.53,0.1161,-0.0033,0.599
5107.081,23.486,-0.7987,0.0633,0.3629,-177.12,0.47,0.1218,-0.0064,0.595
5107.181,23.589,-0.8103,0.0629,0.3618,-177.36,0.31,0.1185,-0.0072,0.593
5107.281,23.689,-0.8217,0.0644,0.3625,-177.67,0.29,0.1153,-0.0115,0.594
5107.381,23.789,-0.8341,0.0663,0.3625,-177.66,0.23,0.1125,-0.012,0.596
5107.481,23.889,-0.8476,0.0656,0.3625,-177.44,0.33,0.1111,-0.0016,0.597
5107.581,23.989,-0.8609,0.0647,0.3625,-177.31,0.29,0.1144,0.0064,0.595
5107.681,24.089,-0.8751,0.0649,0.3616,-177.41,0.31,0.1145,-0.0058,0.594
5107.781,24.189,-0.8875,0.0648,0.3624,-177.99,0.33,0.1188,-0.0097,0.596
5107.881,24.289,-0.9021,0.0631,0.3606,-177.99,0.25,0.1161,-0.0128,0.598
5107.981,24.389,-0.9144,0.0604,0.3621,-177.31,0.3,0.1182,-0.0125,0.595
5108.081,24.489,-0.9273,0.0579,0.3619,-177.53,0.29,0.1155,0.027,0.59
5108.181,24.59,-0.9395,0.0564,0.363,-178.01,0.53,0.113,-0.0026,0.589
5108.281,24.691,-0.9531,0.055,0.3625,-178.21,0.42,0.1103,-0.0116,0.591
5108.381,24.791,-0.9644,0.0535,0.3626,-177.61,0.43,0.1096,-0.0143,0.59
5108.481,24.891,-0.9734,0.0527,0.3631,-177.22,0.36,0.1079,0.0061,0.584
5108.581,24.991,-0.9839,0.0541,0.3618,-177.07,0.23,0.1011,0.0085,0.582
5108.681,25.091,-0.9932,0.0566,0.3621,-177.23,0.23,0.1001,0.0072,0.583
5108.781,25.192,-1.0044,0.0577,0.3608,-177.76,0.19,0.0951,-0.0012,0.586
5108.881,25.294,-1.0146,0.0573,0.3617,-177.33,0.23,0.0961,-0.0291,0.589
5108.981,25.394,-1.0268,0.0567,0.3611,-177.47,0.18,0.0947,0.0193,0.587
5109.081,25.494,-1.0373,0.0567,0.3623,-177.83,0.3,0.098,0.0133,0.588
5109.181,25.594,-1.0478,0.0561,0.3643,-178.29,0.19,0.0973,-0.0267,0.589
5109.281,25.694,-1.0581,0.0532,0.3649,-178.07,0.3,0.0955,-0.0352,0.59
5109.381,25.794,-1.0673,0.0494,0.3644,-177.69,0.42,0.0962,-0.0226,0.586
5109.481,25.894,-1.0785,0.047,0.3625,-177.76,0.45,0.0934,-0.0075,0.581
5109.581,25.994,-1.0906,0.0453,0.3628,-177.98,0.47,0.0955,-0.0011,0.581
5109.681,26.097,-1.1036,0.0441,0.3627,-178.25,0.45,0.0965,-0.0242,0.58
5109.781,26.196,-1.113,0.0436,0.3635,-178.13,0.4,0.1023,-0.0274,0.58
5109.881,26.296,-1.1229,0.0444,0.3624,-178.29,0.18,0.0992,-0.0288,0.578
5109.981,26.396,-1.1321,0.0472,0.3632,-178.67,0.27,0.0944,-0.0258,0.58
5110.081,26.496,-1.142,0.05,0.363,-178.58,0.26,0.0927,-0.0347,0.584
5110.181,26.596,-1.1536,0.0492,0.363,-178.37,0.32,0.0894,-0.02,0.586
5110.281,26.696,-1.1656,0.0481,0.3626,-178.62,0.25,0.0934,-0.0153,0.584
5110.381,26.796,-1.1774,0.0476,0.3618,-178.98,0.32,0.0938,-0.0207,0.585
5110.481,26.896,-1.1874,0.0464,0.362,-179.05,0.27,0.0963,-0.028,0.586
5110.581,26.996,-1.1982,0.0442,0.3612,-179.05,0.29,0.0919,-0.0247,0.586
5110.681,27.096,-1.2064,0.041,0.3621,-179.0,0.41,0.0906,-0.0203,0.584
5110.781,27.196,-1.2153,0.0383,0.3608,-179.39,0.33,0.0856,-0.0154,0.581
5110.881,27.296,-1.2248,0.0375,0.3615,-179.48,0.48,0.0819,-0.0185,0.581
5110.981,27.396,-1.2357,0.0372,0.3627,-179.41,0.39,0.0802,-0.024,0.581
5111.081,27.497,-1.2449,0.0364,0.3631,-179.71,0.4,0.0826,-0.0326,0.579
5111.181,27.596,-1.2519,0.0361,0.3622,-179.67,0.32,0.0835,-0.0059,0.581
5111.281,27.697,-1.2599,0.0378,0.3604,-179.49,0.21,0.0766,-0.0112,0.579
5111.381,27.797,-1.2668,0.0405,0.3608,-179.93,0.2,0.0266,0.0,0.581
5111.481,27.898,-1.2732,0.0426,0.3598,179.82,0.28,0.0,0.0,0.585
5111.581,27.998,-1.275,0.0457,0.3604,-179.76,0.45,0.0,0.0,0.587
5111.681,28.098,-1.2746,0.0483,0.3587,-179.78,0.34,0.0,0.0,0.588
5111.781,28.198,-1.2736,0.0477,0.3581,179.95,0.16,0.0,0.0,0.591
5111.881,28.298,-1.274,0.0466,0.3578,179.93,0.1,0.0,0.0,0.592
5111.981,28.398,-1.2754,0.0459,0.3578,179.92,0.15,0.0071,-0.0238,0.592
5112.081,28.498,-1.2775,0.0457,0.3577,179.88,0.16,0.0229,-0.0369,0.591
5112.181,28.598,-1.2806,0.0468,0.3569,179.6,0.19,0.0321,-0.0478,0.592
5112.281,28.698,-1.2827,0.049,0.3573,179.38,0.34,0.0432,-0.0493,0.594
5112.381,28.798,-1.2884,0.0496,0.3557,179.29,0.23,0.0459,-0.0475,0.597
5112.481,28.898,-1.2955,0.0474,0.3574,179.1,0.16,0.0547,-0.0345,0.598
5112.581,28.999,-1.3054,0.0446,0.3567,178.85,0.24,0.0651,-0.0321,0.597
5112.681,29.098,-1.3159,0.0426,0.3587,178.55,0.53,0.0746,-0.0304,0.597
5112.781,29.198,-1.3277,0.0406,0.3607,178.35,0.58,0.0837,-0.0375,0.597
5112.881,29.299,-1.3378,0.0386,0.362,178.44,0.61,0.0942,-0.0429,0.596
5112.981,29.4,-1.346,0.0375,0.3605,178.19,0.46,0.1009,-0.037,0.594
5113.081,29.499,-1.3568,0.0386,0.3573,177.96,0.38,0.0973,-0.0423,0.594
5113.181,29.604,-1.3683,0.0401,0.3587,177.66,0.34,0.1015,-0.0463,0.596
5113.281,29.707,-1.3826,0.0399,0.3592,177.58,0.35,0.1026,-0.0484,0.599
5113.381,29.807,-1.3952,0.0398,0.361,177.4,0.32,0.1104,-0.0417,0.599
5113.481,29.907,-1.4091,0.0409,0.36,177.13,0.25,0.113,-0.0385,0.6
5113.581,30.007,-1.4208,0.042,0.3618,176.85,0.37,0.118,-0.0378,0.597
5113.681,30.107,-1.4332,0.0422,0.3623,176.69,0.28,0.119,-0.0396,0.595
5113.781,30.208,-1.4453,0.0406,0.3634,176.66,0.38,0.1196,-0.0373,0.594
5113.881,30.308,-1.4569,0.0394,0.3637,176.51,0.39,0.1213,-0.0347,0.595
5113.981,30.408,-1.47,0.0407,0.3639,176.18,0.38,0.1194,-0.0349,0.594
5114.081,30.508,-1.4836,0.0421,0.3648,175.95,0.38,0.1243,-0.0379,0.592
5114.181,30.608,-1.4998,0.0417,0.3646,175.89,0.39,0.1245,-0.0354,0.589
5114.281,30.708,-1.5141,0.0413,0.3653,175.78,0.38,0.1295,-0.0296,0.589
5114.381,30.808,-1.5291,0.043,0.3652,175.57,0.29,0.1296,-0.0232,0.589
5114.481,30.908,-1.5421,0.0447,0.3659,175.38,0.4,0.1304,-0.0133,0.586
5114.581,31.008,-1.5552,0.0452,0.3677,175.24,0.26,0.1292,-0.0087,0.584
5114.681,31.109,-1.5676,0.0437,0.3679,175.33,0.38,0.1256,-0.0149,0.583
5114.781,31.208,-1.5795,0.0422,0.3646,175.28,0.36,0.1261,-0.0042,0.584
5114.881,31.31,-1.5929,0.0424,0.3612,175.19,0.47,0.1194,-0.0004,0.585
5114.981,31.41,-1.6071,0.043,0.3618,175.08,0.49,0.1215,-0.0017,0.584
5115.081,31.51,-1.623,0.0421,0.362,175.24,0.49,0.123,0.0012,0.583
5115.181,31.61,-1.6361,0.0414,0.3627,175.32,0.48,0.1299,0.0033,0.585
5115.281,31.71,-1.6506,0.0427,0.36,175.26,0.32,0.1275,0.0041,0.586
5115.381,31.81,-1.664,0.045,0.3611,175.15,0.31,0.1297,0.0026,0.584
5115.481,31.91,-1.679,0.0474,0.3622,175.09,0.25,0.128,0.0004,0.582
5115.581,32.01,-1.6936,0.0482,0.3633,175.33,0.34,0.1297,0.0043,0.58
5115.681,32.11,-1.7079,0.0496,0.3633,175.4,0.26,0.1313,0.0157,0.58
5115.781,32.21,-1.7217,0.0524,0.3632,175.3,0.35,0.1288,0.0182,0.579
5115.881,32.312,-1.7343,0.0547,0.3625,175.38,0.32,0.1286,0.0168,0.576
5115.981,32.411,-1.7495,0.0546,0.3605,175.58,0.27,0.1228,0.0186,0.574
5116.081,32.511,-1.7634,0.0537,0.3612,175.75,0.24,0.1255,0.024,0.576
5116.181,32.611,-1.7784,0.054,0.3605,175.77,0.24,0.1241,0.0256,0.577
5116.281,32.712,-1.7916,0.0543,0.3616,175.78,0.36,0.1243,0.0311,0.576
5116.381,32.812,-1.8065,0.0544,0.3609,175.97,0.29,0.1213,0.0249,0.576
5116.481,32.913,-1.8193,0.0536,0.3619,176.28,0.38,0.1208,0.028,0.577
5116.581,33.016,-1.8313,0.0534,0.3611,176.4,0.31,0.1206,0.0299,0.58
5116.681,33.117,-1.8432,0.0549,0.3608,176.38,0.3,0.1146,0.0285,0.58
5116.781,33.217,-1.855,0.0568,0.361,176.5,0.22,0.1143,0.024,0.579
5116.881,33.319,-1.8681,0.0567,0.3605,176.78,0.27,0.1109,0.0259,0.578
5116.981,33.419,-1.8801,0.0557,0.361,176.95,0.31,0.1136,0.0256,0.58
5117.081,33.519,-1.8936,0.0559,0.3602,176.89,0.26,0.112,0.027,0.582
5117.181,33.619,-1.906,0.0567,0.3612,176.92,0.3,0.1142,0.0249,0.581
5117.281,33.719,-1.9206,0.0573,0.361,177.09,0.25,0.1142,0.0215,0.581
5117.381,33.821,-1.9336,0.0566,0.3623,177.38,0.33,0.1172,0.0302,0.581
5117.481,33.921,-1.9463,0.0565,0.3633,177.61,0.21,0.1187,0.0358,0.583
5117.581,34.021,-1.9583,0.0582,0.3636,177.58,0.27,0.1172,0.0374,0.584
5117.681,34.121,-1.9703,0.0599,0.3626,177.75,0.22,0.1174,0.0293,0.583
5117.781,34.222,-1.9839,0.0595,0.3612,178.0,0.26,0.1146,0.0299,0.583
5117.881,34.325,-1.9967,0.0581,0.3613,178.23,0.24,0.1177,0.0314,0.585
5117.981,34.425,-2.0113,0.0577,0.3597,178.26,0.28,0.1167,0.032,0.587
5118.081,34.525,-2.0248,0.0575,0.3606,178.34,0.34,0.1204,0.0336,0.587
5118.181,34.625,-2.0404,0.0571,0.3593,178.61,0.28,0.1194,0.0265,0.588
5118.281,34.729,-2.053,0.0561,0.3606,178.87,0.35,0.1241,0.0288,0.59
5118.381,34.829,-2.0656,0.0555,0.36,178.92,0.32,0.1233,0.0287,0.592
5118.481,34.93,-2.0779,0.0565,0.3605,178.93,0.32,0.1197,0.0265,0.592
5118.581,35.032,-2.0907,0.0576,0.3605,179.01,0.2,0.118,0.0215,0.592
5118.681,35.131,-2.1041,0.0567,0.3605,179.33,0.3,0.1164,0.017,0.592
5118.781,35.231,-2.1164,0.0553,0.3608,179.41,0.34,0.1186,0.0204,0.594
5118.881,35.331,-2.1305,0.0551,0.3598,179.36,0.29,0.1155,0.0199,0.596
5118.981,35.431,-2.1439,0.0553,0.3606,179.4,0.29,0.1186,0.0178,0.596
5119.081,35.531,-2.1593,0.055,0.3598,179.52,0.28,0.1165,0.012,0.596
5119.181,35.633,-2.1719,0.054,0.3613,179.7,0.33,0.1214,0.01,0.597
5119.281,35.733,-2.185,0.0535,0.361,179.67,0.25,0.1175,0.0097,0.599
5119.381,35.833,-2.1972,0.0543,0.3617,179.62,0.31,0.1175,0.0097,0.599
5119.481,35.933,-2.2094,0.0552,0.3633,179.51,0.25,0.1136,0.005,0.598
5119.581,36.033,-2.2219,0.0541,0.364,179.82,0.31,0.1136,0.005,0.597
5119.681,36.133,-2.2335,0.0522,0.3636,179.84,0.31,0.1097,0.0117,0.6
5119.781,36.233,-2.2469,0.0515,0.361,179.78,0.33,0.1097,0.0117,0.598
5119.881,36.333,-2.2596,0.0512,0.3613,179.82,0.34,0.1128,0.012,0.598
5119.981,36.433,-2.2738,0.0503,0.3615,179.97,0.35,0.1108,0.0082,0.598
5120.081,36.534,-2.2852,0.0486,0.3626,-179.88,0.42,0.1105,0.002,0.596
5120.181,36.634,-2.2964,0.0474,0.3635,-179.86,0.36,0.1105,0.002,0.594
5120.281,36.734,-2.3077,0.0482,0.364,179.96,0.34,0.1071,0.0008,0.593
5120.381,36.834,-2.3196,0.0496,0.3642,179.93,0.21,0.1053,-0.0072,0.594
5120.481,36.934,-2.3313,0.0493,0.3636,-179.95,0.29,0.1029,-0.0067,0.595
5120.581,37.035,-2.3419,0.0488,0.363,-179.94,0.27,0.1057,-0.0062,0.594
5120.681,37.135,-2.3543,0.0496,0.3611,179.91,0.25,0.1019,-0.006,0.594
5120.781,37.236,-2.3653,0.0508,0.3614,179.8,0.23,0.1017,-0.0159,0.595
5120.881,37.336,-2.3783,0.0508,0.3599,179.82,0.18,0.1017,-0.0159,0.597
5120.981,37.436,-2.3894,0.0496,0.3607,179.86,0.25,0.1018,-0.0154,0.596
5121.081,37.539,-2.4011,0.0484,0.3603,179.77,0.23,0.1004,-0.0164,0.596
5121.181,37.64,-2.4118,0.0481,0.361,179.5,0.37,0.1006,-0.0193,0.595
5121.281,37.742,-2.4235,0.0481,0.3608,179.38,0.29,0.0974,-0.0213,0.596
5121.381,37.842,-2.4341,0.0472,0.3609,179.51,0.36,0.101,-0.0151,0.597
5121.481,37.948,-2.4435,0.0461,0.3591,179.42,0.29,0.096,-0.0109,0.596
5121.581,38.052,-2.454,0.0461,0.3553,179.24,0.29,0.095,-0.0128,0.595
5121.681,38.154,-2.4645,0.0467,0.356,179.09,0.23,0.0926,-0.0138,0.596
5121.781,38.254,-2.4767,0.046,0.3561,179.18,0.26,0.0952,-0.0175,0.597
5121.881,38.354,-2.4869,0.0444,0.3579,179.2,0.37,0.0939,-0.0105,0.596
5121.981,38.454,-2.4984,0.0432,0.3558,179.0,0.28,0.0924,-0.0112,0.595
5122.081,38.555,-2.5091,0.0432,0.3576,178.83,0.35,0.0951,-0.0149,0.595
5122.181,38.656,-2.5213,0.0434,0.357,178.82,0.28,0.0947,-0.015,0.596
5122.281,38.761,-2.5313,0.0428,0.3583,178.89,0.36,0.0984,-0.0102,0.596
5122.381,38.861,-2.5403,0.0426,0.3595,178.88,0.28,0.0926,-0.0079,0.595
5122.481,38.961,-2.5497,0.0448,0.3603,178.62,0.2,0.0897,-0.0105,0.595
5122.581,39.064,-2.5584,0.0477,0.3605,178.55,0.27,0.0841,-0.0164,0.598
5122.681,39.163,-2.5695,0.0487,0.3586,178.64,0.31,0.0814,-0.0147,0.6
5122.781,39.265,-2.5802,0.0486,0.3596,178.64,0.23,0.0838,-0.011,0.601
5122.881,39.365,-2.5917,0.0483,0.3592,178.49,0.23,0.0847,-0.0113,0.601
5122.981,39.465,-2.6003,0.0474,0.3605,178.31,0.31,0.0863,-0.0156,0.602
5123.081,39.565,-2.6098,0.0464,0.36,178.28,0.23,0.0812,-0.0154,0.602
5123.181,39.664,-2.617,0.0441,0.3609,178.38,0.39,0.0802,-0.0132,0.601
5123.281,39.766,-2.6238,0.0411,0.3595,178.29,0.43,0.0731,-0.0102,0.599
5123.381,39.866,-2.6319,0.0402,0.3588,178.07,0.45,0.0714,-0.0098,0.597
5123.481,39.966,-2.6411,0.0404,0.3599,177.95,0.37,0.0697,-0.0101,0.597
5123.581,40.066,-2.6504,0.0404,0.3599,178.07,0.37,0.0718,-0.0104,0.598
5123.681,40.166,-2.6569,0.0406,0.3605,178.09,0.34,0.0713,-0.0066,0.597
5123.781,40.266,-2.6647,0.0417,0.3587,177.93,0.16,0.0463,0.0,0.597
5123.881,40.366,-2.6706,0.0437,0.3597,177.81,0.2,0.0152,-0.0357,0.599
5123.981,40.466,-2.6741,0.0445,0.3588,177.72,0.11,0.0244,-0.0497,0.601
5124.081,40.567,-2.6742,0.0441,0.3587,177.66,0.09,0.03,-0.0544,0.602
5124.181,40.667,-2.6742,0.0418,0.3577,177.36,0.2,0.0284,-0.0561,0.603
5124.281,40.768,-2.6752,0.041,0.3573,176.89,0.18,0.0298,-0.0668,0.603
5124.381,40.868,-2.6772,0.0423,0.3571,176.57,0.1,0.0299,-0.0723,0.604
5124.481,40.968,-2.6814,0.0428,0.356,176.41,0.11,0.0364,-0.0744,0.607
5124.581,41.069,-2.6855,0.0416,0.3567,176.11,0.22,0.0393,-0.0723,0.609
5124.681,41.17,-2.692,0.0409,0.3558,175.59,0.17,0.0437,-0.0779,0.61
5124.781,41.27,-2.6984,0.0415,0.3579,175.13,0.28,0.0487,-0.086,0.612
5124.881,41.37,-2.7067,0.0424,0.3563,174.85,0.18,0.0544,-0.0867,0.615
5124.981,41.469,-2.7131,0.0427,0.3576,174.52,0.25,0.0592,-0.0821,0.617
5125.081,41.57,-2.719,0.0433,0.3587,174.09,0.14,0.0579,-0.0823,0.619
5125.182,41.671,-2.7248,0.0457,0.36,173.48,0.22,0.0611,-0.0887,0.622
5125.281,41.77,-2.73,0.0485,0.3606,173.03,0.24,0.0603,-0.0902,0.628
5125.381,41.869,-2.7375,0.0497,0.3596,172.77,0.25,0.0617,-0.0829,0.633
5125.481,41.97,-2.7447,0.0498,0.3601,172.42,0.18,0.0625,-0.0722,0.635
5125.581,42.071,-2.7531,0.0506,0.3599,171.91,0.23,0.0641,-0.0737,0.638
5125.681,42.171,-2.7597,0.0511,0.3613,171.52,0.28,0.0644,-0.0751,0.642
5125.781,42.273,-2.7679,0.0516,0.3595,171.2,0.16,0.0607,-0.0771,0.644
5125.881,42.374,-2.7742,0.0511,0.3602,171.0,0.26,0.0621,-0.0691,0.647
5125.981,42.474,-2.7798,0.0508,0.3599,170.63,0.14,0.0554,-0.0708,0.648
5126.081,42.575,-2.7838,0.0518,0.3602,170.17,0.2,0.0529,-0.0734,0.65
5126.182,42.675,-2.789,0.0537,0.3608,169.69,0.16,0.0489,-0.0785,0.654
5126.281,42.774,-2.7947,0.054,0.3597,169.48,0.19,0.0486,-0.0774,0.657
5126.381,42.874,-2.7992,0.0533,0.36,169.17,0.21,0.0486,-0.0717,0.659
5126.481,42.974,-2.8048,0.0541,0.3598,168.68,0.16,0.0475,-0.0645,0.66
5126.581,43.083,-2.8093,0.0556,0.361,168.25,0.21,0.0477,-0.0691,0.664
5126.681,43.183,-2.8157,0.0572,0.358,167.99,0.15,0.0468,-0.07,0.668
5126.781,43.284,-2.8209,0.0577,0.359,167.9,0.23,0.0496,-0.0642,0.671
5126.881,43.383,-2.8266,0.0582,0.3588,167.48,0.16,0.0468,-0.0584,0.672
5126.981,43.483,-2.8318,0.0595,0.36,167.01,0.27,0.0486,-0.0663,0.676
5127.081,43.584,-2.8371,0.0611,0.3589,166.55,0.15,0.0477,-0.0756,0.68
5127.181,43.684,-2.843,0.0615,0.3579,166.59,0.26,0.0488,-0.0693,0.684
5127.281,43.784,-2.8475,0.0613,0.3588,166.35,0.28,0.0462,-0.063,0.684
5127.381,43.884,-2.8526,0.0625,0.3589,165.66,0.19,0.0457,-0.0593,0.686
5127.481,43.987,-2.8565,0.0642,0.3602,165.32,0.2,0.0455,-0.0717,0.691
5127.581,44.087,-2.8624,0.066,0.3569,165.22,0.15,0.0446,-0.0699,0.693
5127.681,44.187,-2.8669,0.0667,0.358,165.01,0.21,0.0478,-0.0643,0.688
5127.781,44.289,-2.8716,0.0676,0.3578,164.59,0.11,0.0443,-0.0568,0.684
5127.881,44.388,-2.8752,0.0695,0.3591,164.27,0.23,0.0421,-0.0583,0.68
5127.981,44.488,-2.8781,0.0718,0.3602,163.74,0.19,0.04,-0.0603,0.677
5128.081,44.588,-2.8824,0.0727,0.3604,163.51,0.21,0.0401,-0.0847,0.674
5128.181,44.692,-2.8868,0.0726,0.3596,163.25,0.11,0.0422,-0.0726,0.671
5128.281,44.792,-2.8923,0.0731,0.3564,162.86,0.25,0.0428,-0.0668,0.667
5128.381,44.892,-2.8969,0.0731,0.3575,162.38,0.27,0.0436,-0.0562,0.662
5128.481,44.992,-2.9031,0.0732,0.3579,162.2,0.27,0.0431,-0.0533,0.658
5128.581,45.092,-2.9072,0.072,0.3594,162.15,0.38,0.0473,-0.0534,0.653
5128.681,45.192,-2.9113,0.0715,0.358,161.74,0.28,0.0473,-0.0534,0.649
5128.781,45.292,-2.9153,0.0733,0.3593,161.26,0.27,0.046,-0.0374,0.646
5128.881,45.392,-2.9201,0.0765,0.3598,160.98,0.17,0.0455,-0.042,0.642
5128.981,45.498,-2.9259,0.0787,0.3606,161.36,0.28,0.0486,-0.0407,0.637
5129.082,45.599,-2.9308,0.0808,0.3613,161.17,0.23,0.0503,-0.0251,0.632
5129.181,45.698,-2.936,0.0843,0.3613,160.51,0.27,0.0498,-0.0395,0.627
5129.281,45.798,-2.9396,0.0872,0.3618,160.42,0.26,0.0498,-0.0395,0.624
5129.381,45.898,-2.9455,0.0891,0.3603,160.47,0.21,0.0484,-0.0398,0.62
5129.481,45.998,-2.9499,0.0894,0.3613,160.38,0.23,0.051,-0.0352,0.614
5129.581,46.098,-2.9571,0.09,0.3603,159.97,0.16,0.0493,-0.0346,0.609
5129.681,46.199,-2.9621,0.0907,0.3614,159.68,0.35,0.0527,-0.052,0.604
5129.781,46.3,-2.9676,0.0916,0.3619,159.4,0.31,0.0511,-0.0497,0.6
5129.881,46.4,-2.9727,0.0914,0.3623,159.26,0.39,0.0491,-0.0721,0.595
5129.981,46.501,-2.9762,0.0904,0.3622,159.28,0.42,0.0491,-0.0721,0.591
5130.081,46.601,-2.9805,0.0922,0.3616,158.52,0.29,0.0467,-0.0663,0.587
5130.181,46.701,-2.9844,0.0949,0.3618,158.25,0.23,0.0417,-0.0737,0.584
5130.281,46.801,-2.9901,0.0975,0.3604,157.93,0.21,0.042,-0.0555,0.581
5130.381,46.902,-2.9943,0.0992,0.3611,158.03,0.24,0.0485,-0.0659,0.576
5130.481,47.002,-2.9992,0.1014,0.3598,157.57,0.17,0.0459,-0.0223,0.572
5130.581,47.109,-3.0022,0.1036,0.3611,156.99,0.27,0.0454,-0.0351,0.568
5130.681,47.209,-3.0061,0.106,0.3584,157.2,0.15,0.0428,-0.061,0.566
5130.781,47.308,-3.0109,0.1069,0.3585,157.16,0.23,0.04,-0.0444,0.561
5130.881,47.408,-3.0154,0.1072,0.3592,156.89,0.18,0.042,-0.0426,0.557
5130.981,47.508,-3.0196,0.1087,0.3595,156.55,0.24,0.0419,-0.0435,0.553
5131.081,47.608,-3.0234,0.1102,0.36,156.11,0.18,0.0423,-0.0545,0.55
5131.181,47.708,-3.0291,0.1114,0.3582,155.97,0.21,0.0413,-0.0626,0.547
5131.281,47.809,-3.033,0.1114,0.3593,155.85,0.26,0.0442,-0.0588,0.542
5131.381,47.909,-3.0375,0.1124,0.3582,155.54,0.18,0.0404,-0.0522,0.539
5131.481,48.012,-3.0411,0.114,0.36,154.96,0.29,0.042,-0.0373,0.535
5131.581,48.113,-3.0455,0.1164,0.3612,154.99,0.16,0.0399,-0.0474,0.533
5131.681,48.215,-3.0497,0.1175,0.3621,154.9,0.25,0.0388,-0.0425,0.528
5131.781,48.315,-3.0527,0.1184,0.3618,154.85,0.19,0.0395,-0.0377,0.525
5131.881,48.414,-3.0553,0.1206,0.3619,154.11,0.23,0.0357,-0.0401,0.522
5131.981,48.515,-3.0568,0.1228,0.3622,153.97,0.22,0.0376,-0.0577,0.521
5132.081,48.614,-3.061,0.1241,0.3608,153.9,0.19,0.0333,-0.0545,0.519
5132.181,48.714,-3.0646,0.1239,0.3611,153.71,0.23,0.0357,-0.0547,0.516
5132.281,48.814,-3.0688,0.1247,0.3607,153.35,0.19,0.0311,-0.0451,0.512
5132.381,48.915,-3.072,0.1257,0.3617,153.02,0.32,0.0306,-0.0533,0.509
5132.481,49.015,-3.076,0.1272,0.3613,152.83,0.19,0.03,-0.0587,0.507
5132.581,49.114,-3.0789,0.1274,0.3614,152.65,0.28,0.0285,-0.0509,0.503
5132.681,49.216,-3.0805,0.1269,0.3605,152.38,0.28,0.0253,-0.053,0.502
5132.781,49.318,-3.0821,0.1279,0.3601,151.98,0.27,0.0193,-0.0556,0.5
5132.881,49.418,-3.083,0.1294,0.3611,151.62,0.2,0.0174,-0.0603,0.5
5132.981,49.518,-3.0849,0.1303,0.3604,151.52,0.18,0.0152,-0.0647,0.5
5133.081,49.618,-3.0852,0.1298,0.3602,151.24,0.2,0.0157,-0.0613,0.498
5133.181,49.718,-3.0861,0.1303,0.359,150.83,0.11,0.0118,-0.064,0.499
5133.281,49.818,-3.0859,0.1316,0.3597,150.41,0.16,0.0185,-0.0683,0.499
5133.381,49.918,-3.0866,0.1344,0.3592,150.06,0.13,0.0222,-0.0691,0.5
5133.481,50.02,-3.0891,0.1359,0.3598,149.89,0.17,0.0248,-0.0728,0.5
5133.581,50.121,-3.0923,0.1375,0.3603,149.58,0.09,0.0288,-0.0674,0.498
5133.681,50.224,-3.0952,0.1405,0.3611,149.09,0.23,0.0298,-0.0671,0.495
5133.781,50.324,-3.0974,0.1427,0.362,148.74,0.19,0.034,-0.0651,0.494
5133.881,50.424,-3.1024,0.1438,0.3614,148.6,0.19,0.0342,-0.064,0.492
5133.981,50.524,-3.1064,0.1433,0.3616,148.34,0.27,0.0372,-0.0553,0.488
5134.081,50.624,-3.1107,0.1446,0.3608,147.94,0.25,0.0369,-0.0517,0.485
5134.181,50.726,-3.1143,0.1458,0.3618,147.58,0.36,0.0364,-0.058,0.482
5134.281,50.826,-3.1192,0.148,0.3589,147.39,0.24,0.0343,-0.061,0.479
5134.381,50.926,-3.1222,0.149,0.3596,147.22,0.29,0.0358,-0.055,0.475
5134.481,51.026,-3.1239,0.1502,0.361,147.05,0.11,0.0365,-0.0519,0.473
5134.581,51.126,-3.1246,0.1535,0.3617,146.65,0.18,0.0316,-0.0534,0.472
5134.681,51.226,-3.1243,0.1565,0.3613,146.31,0.26,0.0307,-0.0584,0.473
5134.781,51.327,-3.1272,0.1587,0.36,146.21,0.24,0.028,-0.0591,0.473
5134.881,51.426,-3.1306,0.1597,0.3602,145.9,0.16,0.0298,-0.0574,0.471
5134.981,51.533,-3.1349,0.1617,0.3596,145.53,0.2,0.0284,-0.0503,0.468
5135.081,51.633,-3.138,0.1626,0.3606,145.21,0.28,0.0294,-0.0478,0.465
5135.182,51.734,-3.142,0.1634,0.361,144.99,0.25,0.0293,-0.0548,0.463
5135.281,51.833,-3.1445,0.1621,0.3616,144.83,0.38,0.0281,-0.0593,0.46
5135.381,51.933,-3.1459,0.1603,0.3627,144.61,0.36,0.0265,-0.0533,0.459
5135.481,52.033,-3.1472,0.1615,0.3634,144.06,0.32,0.0211,-0.0555,0.458
5135.581,52.133,-3.1484,0.1642,0.3628,143.78,0.2,0.0211,-0.0597,0.458
5135.681,52.233,-3.1507,0.1666,0.3617,143.6,0.24,0.0219,-0.0609,0.457
5135.781,52.333,-3.1516,0.1682,0.3618,143.43,0.21,0.0256,-0.0542,0.456
5135.881,52.433,-3.1531,0.1714,0.361,143.0,0.21,0.0249,-0.0503,0.455
5135.981,52.533,-3.1528,0.1737,0.3616,142.7,0.28,0.0256,-0.0526,0.456
5136.081,52.633,-3.1543,0.1758,0.3601,142.5,0.22,0.0242,-0.0534,0.457
5136.181,52.733,-3.1569,0.1764,0.3606,142.36,0.16,0.0223,-0.0583,0.455
5136.281,52.833,-3.1601,0.1767,0.3603,141.99,0.16,0.0239,-0.0515,0.453
5136.381,52.933,-3.1625,0.1776,0.3607,141.65,0.29,0.0241,-0.0515,0.451
5136.481,53.033,-3.1659,0.179,0.3608,141.33,0.23,0.0264,-0.0547,0.45
5136.581,53.134,-3.1695,0.1797,0.3603,141.23,0.32,0.0248,-0.0524,0.448
5136.681,53.238,-3.1712,0.1787,0.3598,140.99,0.39,0.0231,-0.0446,0.448
5136.781,53.339,-3.1735,0.1797,0.3577,140.61,0.32,0.0231,-0.0446,0.448
5136.881,53.441,-3.175,0.1814,0.3584,140.31,0.24,0.0209,-0.0496,0.448
5136.981,53.541,-3.1777,0.1841,0.357,140.21,0.18,0.0217,-0.0476,0.448
5137.081,53.641,-3.1791,0.1854,0.3581,140.08,0.21,0.023,-0.0405,0.448
5137.181,53.741,-3.1804,0.1871,0.3577,139.82,0.08,0.0228,-0.043,0.448
5137.281,53.841,-3.1805,0.1892,0.359,139.4,0.19,0.0228,-0.043,0.448
5137.381,53.941,-3.1802,0.1915,0.3586,139.19,0.19,0.0208,-0.0452,0.448
5137.481,54.041,-3.1823,0.193,0.3586,139.14,0.2,0.0219,-0.0414,0.448
5137.581,54.144,-3.1846,0.1936,0.3591,138.97,0.15,0.0225,-0.04,0.448
5137.681,54.244,-3.1872,0.1953,0.3589,138.59,0.21,0.0243,-0.0472,0.448
5137.781,54.344,-3.189,0.1963,0.3597,138.35,0.22,0.0231,-0.0484,0.448
5137.881,54.444,-3.1924,0.1979,0.3583,138.24,0.2,0.0253,-0.0456,0.448
5137.981,54.544,-3.1945,0.1975,0.3594,138.14,0.33,0.0247,-0.0416,0.448
5138.081,54.644,-3.1964,0.1978,0.3587,137.79,0.21,0.0206,-0.0439,0.448
5138.181,54.744,-3.1974,0.1992,0.3597,137.43,0.25,0.0189,-0.0491,0.448
5138.281,54.844,-3.1982,0.2011,0.36,137.22,0.15,0.0174,-0.0452,0.448
5138.381,54.944,-3.1999,0.2021,0.3598,137.17,0.2,0.019,-0.0424,0.448
5138.481,55.044,-3.2013,0.2021,0.3598,137.02,0.21,0.0172,-0.0393,0.448
5138.581,55.144,-3.2025,0.2035,0.3588,136.72,0.18,0.0192,-0.0481,0.448
5138.681,55.244,-3.2027,0.2047,0.3592,136.45,0.16,0.0177,-0.0511,0.448
5138.781,55.344,-3.2044,0.2065,0.358,136.27,0.14,0.0183,-0.0497,0.448
5138.881,55.445,-3.206,0.2068,0.3589,136.12,0.18,0.0177,-0.0423,0.448
5138.981,55.545,-3.2082,0.2074,0.357,135.82,0.18,0.0163,-0.0444,0.449
5139.081,55.645,-3.2099,0.2085,0.358,135.52,0.29,0.0174,-0.0429,0.448
5139.181,55.746,-3.2114,0.21,0.3588,135.18,0.19,0.0186,-0.0449,0.448
5139.281,55.846,-3.2133,0.2104,0.3595,135.23,0.28,0.0208,-0.0384,0.448
5139.381,55.946,-3.2144,0.2094,0.3595,135.01,0.33,0.0163,-0.0347,0.448
5139.481,56.047,-3.2153,0.2108,0.3589,134.63,0.21,0.0167,-0.0386,0.448
5139.581,56.146,-3.2153,0.2126,0.3594,134.39,0.14,0.0153,-0.037,0.449
5139.681,56.247,-3.2166,0.2149,0.3584,134.49,0.15,0.0167,-0.0319,0.449
5139.781,56.347,-3.2175,0.2158,0.3593,134.34,0.17,0.0181,-0.0276,0.449
5139.881,56.447,-3.2191,0.2171,0.3573,134.03,0.1,0.0165,-0.0313,0.448
5139.981,56.547,-3.2197,0.2182,0.3582,133.79,0.21,0.0177,-0.0355,0.448
5140.081,56.648,-3.2201,0.2193,0.3592,133.61,0.08,0.0161,-0.0351,0.448
5140.181,56.75,-3.2221,0.2192,0.3597,133.65,0.22,0.0173,-0.0294,0.448
5140.281,56.852,-3.2236,0.2178,0.3597,133.56,0.33,0.0132,-0.0312,0.448
5140.381,56.952,-3.225,0.2187,0.3592,133.22,0.28,0.0146,-0.0383,0.448
5140.481,57.052,-3.2258,0.22,0.3598,132.97,0.23,0.0161,-0.0449,0.448
5140.581,57.152,-3.2278,0.2218,0.3594,132.92,0.21,0.017,-0.0397,0.448
5140.681,57.252,-3.2288,0.2219,0.3601,132.8,0.27,0.014,-0.0344,0.448
5140.781,57.354,-3.2298,0.2229,0.3589,132.49,0.14,0.01,-0.0345,0.448
5140.881,57.454,-3.2297,0.2241,0.3597,132.19,0.21,0.0107,-0.0392,0.448
5140.981,57.554,-3.2296,0.225,0.3609,131.92,0.11,0.0102,-0.0407,0.448
5141.081,57.655,-3.2305,0.2244,0.3612,132.01,0.25,0.0113,-0.0322,0.448
5141.181,57.757,-3.2311,0.2224,0.3604,131.89,0.33,0.0113,-0.0322,0.448
5141.281,57.856,-3.2317,0.2227,0.3593,131.57,0.24,0.0099,-0.0328,0.448
5141.381,57.958,-3.2315,0.2237,0.3594,131.37,0.14,0.0105,-0.0386,0.448
5141.481,58.058,-3.2329,0.2255,0.3584,131.34,0.16,0.011,-0.0431,0.448
5141.582,58.159,-3.2338,0.2257,0.3589,131.23,0.2,0.0119,-0.0356,0.449
5141.681,58.258,-3.2352,0.2267,0.3577,130.92,0.13,0.0095,-0.0381,0.448
5141.781,58.36,-3.2356,0.2276,0.3589,130.58,0.23,0.0128,-0.0417,0.448
5141.881,58.46,-3.2361,0.2289,0.359,130.45,0.1,0.0102,-0.0441,0.448
5141.981,58.56,-3.2372,0.2291,0.3596,130.42,0.19,0.0137,-0.0374,0.448
5142.081,58.66,-3.238,0.2282,0.3601,130.27,0.24,0.01,-0.0337,0.449
5142.181,58.76,-3.2388,0.229,0.3602,129.88,0.23,0.0109,-0.0399,0.448
5142.281,58.86,-3.2389,0.23,0.3602,129.67,0.18,0.0098,-0.0426,0.448
5142.381,58.96,-3.2402,0.2314,0.359,129.61,0.18,0.0118,-0.0459,0.448
5142.481,59.06,-3.2409,0.2312,0.3594,129.48,0.2,0.0087,-0.0416,0.448
5142.581,59.16,-3.2417,0.2318,0.3587,129.17,0.13,0.0078,-0.0434,0.448
5142.681,59.26,-3.2414,0.2324,0.3596,128.82,0.21,0.0097,-0.0442,0.448
5142.781,59.363,-3.2413,0.2334,0.3592,128.68,0.11,0.0092,-0.0432,0.448
5142.881,59.463,-3.242,0.2335,0.3596,128.63,0.16,0.0114,-0.0369,0.448
5142.981,59.564,-3.2427,0.2327,0.36,128.46,0.16,0.0098,-0.0342,0.448
5143.081,59.664,-3.2431,0.2338,0.3601,128.06,0.19,0.011,-0.0424,0.448
5143.181,59.764,-3.2428,0.2348,0.3599,127.85,0.16,0.0111,-0.0442,0.448
5143.281,59.864,-3.2443,0.2364,0.3586,127.8,0.16,0.0119,-0.0447,0.448
5143.381,59.964,-3.2455,0.2364,0.359,127.66,0.17,0.0118,-0.0377,0.448
5143.481,60.066,-3.2467,0.2374,0.3583,127.34,0.13,0.0102,-0.0403,0.448
5143.581,60.166,-3.247,0.2381,0.3592,127.02,0.22,0.01,-0.0418,0.448
5143.681,60.266,-3.2475,0.239,0.3585,126.88,0.1,0.0095,-0.0428,0.448
5143.781,60.366,-3.2482,0.2387,0.3591,126.85,0.19,0.0095,-0.0346,0.448
5143.881,60.466,-3.2487,0.2375,0.3592,126.63,0.19,0.0065,-0.0354,0.448
5143.981,60.566,-3.2486,0.2381,0.3593,126.27,0.18,0.006,-0.0419,0.448
5144.081,60.666,-3.2477,0.2387,0.3592,126.03,0.14,0.006,-0.0455,0.448
5144.181,60.77,-3.2485,0.2397,0.3583,125.99,0.15,0.0077,-0.0455,0.448
5144.281,60.87,-3.2492,0.2394,0.3588,125.87,0.17,0.007,-0.0411,0.448
5144.381,60.97,-3.2499,0.2402,0.3592,125.52,0.11,0.0073,-0.0357,0.448
5144.481,61.07,-3.2498,0.2406,0.3602,125.22,0.19,0.0085,-0.0419,0.448
5144.581,61.17,-3.2501,0.2414,0.3589,125.11,0.09,0.0088,-0.0389,0.448
5144.681,61.271,-3.251,0.2409,0.3595,125.07,0.2,0.0101,-0.0343,0.448
5144.781,61.371,-3.2517,0.2399,0.3601,124.92,0.23,0.0073,-0.0322,0.448
5144.881,61.471,-3.2518,0.2411,0.3607,124.52,0.2,0.0077,-0.0412,0.448
5144.981,61.571,-3.2513,0.2421,0.3596,124.37,0.11,0.0081,-0.0466,0.448
5145.081,61.671,-3.2525,0.2435,0.3572,124.26,0.17,0.0107,-0.0457,0.448
5145.181,61.772,-3.2533,0.2434,0.3576,124.08,0.16,0.0118,-0.0386,0.448
5145.281,61.872,-3.2543,0.2446,0.3573,123.69,0.14,0.0113,-0.0373,0.448
5145.381,61.972,-3.2545,0.2453,0.3584,123.39,0.2,0.0104,-0.0409,0.448
5145.481,62.072,-3.2552,0.2466,0.3571,123.3,0.09,0.0084,-0.0406,0.448
5145.581,62.172,-3.2562,0.2466,0.358,123.28,0.17,0.0084,-0.0406,0.448
5145.681,62.272,-3.257,0.2459,0.3587,123.14,0.19,0.0094,-0.0345,0.448
5145.781,62.373,-3.2571,0.2467,0.3595,122.69,0.2,0.01,-0.0471,0.448
5145.881,62.473,-3.2566,0.2477,0.3596,122.37,0.14,0.0085,-0.0542,0.448
5145.981,62.573,-3.2577,0.249,0.3588,122.43,0.17,0.0094,-0.0472,0.448
5146.081,62.674,-3.2585,0.2486,0.3589,122.32,0.19,0.0072,-0.0406,0.448
5146.181,62.775,-3.2596,0.2495,0.357,122.01,0.18,0.0063,-0.0446,0.448
5146.281,62.875,-3.2599,0.2495,0.3582,121.52,0.23,0.0053,-0.0454,0.448
5146.381,62.974,-3.2603,0.2501,0.3567,121.34,0.12,0.0048,-0.0467,0.448
5146.481,63.074,-3.2606,0.249,0.3576,121.41,0.2,0.0068,-0.0409,0.448
5146.581,63.174,-3.261,0.2474,0.3581,121.22,0.18,0.0044,-0.0405,0.448
5146.681,63.275,-3.2604,0.2477,0.3589,120.78,0.13,0.0068,-0.0511,0.448
5146.781,63.376,-3.259,0.2484,0.3593,120.5,0.13,0.0046,-0.0511,0.448
5146.881,63.476,-3.2596,0.2497,0.3588,120.46,0.16,0.0044,-0.0541,0.448
5146.981,63.578,-3.2602,0.2499,0.3589,120.21,0.11,0.0059,-0.0473,0.448
5147.081,63.678,-3.2612,0.2511,0.357,119.83,0.18,0.0068,-0.0484,0.448
5147.181,63.778,-3.2615,0.2509,0.3579,119.5,0.21,0.0083,-0.0463,0.448
5147.281,63.878,-3.2622,0.2511,0.3573,119.36,0.14,0.0072,-0.0469,0.448
5147.381,63.978,-3.2632,0.2497,0.3581,119.27,0.29,0.0082,-0.0419,0.448
5147.481,64.078,-3.2644,0.2476,0.3587,119.03,0.32,0.0051,-0.0396,0.448
5147.581,64.178,-3.2648,0.2481,0.3595,118.62,0.27,0.0041,-0.0459,0.448
5147.681,64.28,-3.2647,0.2493,0.3596,118.44,0.16,0.0051,-0.048,0.448
5147.781,64.379,-3.2654,0.2506,0.3591,118.39,0.2,0.0075,-0.0475,0.448
5147.881,64.479,-3.2653,0.2506,0.3594,118.19,0.2,0.0092,-0.0419,0.448
5147.981,64.583,-3.265,0.2521,0.359,117.84,0.14,0.0089,-0.0464,0.448
5148.081,64.683,-3.2637,0.2525,0.3597,117.55,0.18,0.0086,-0.0481,0.448
5148.181,64.783,-3.2633,0.2531,0.3596,117.48,0.11,0.0051,-0.0443,0.448
5148.281,64.883,-3.264,0.2524,0.36,117.24,0.14,0.0074,-0.0423,0.448
5148.381,64.983,-3.2651,0.2516,0.3599,117.08,0.16,0.0074,-0.0423,0.448
5148.481,65.083,-3.2655,0.2518,0.3605,116.61,0.23,0.0081,-0.0449,0.448
5148.581,65.183,-3.2655,0.2521,0.3604,116.39,0.16,0.0081,-0.0449,0.449
5148.681,65.283,-3.267,0.2526,0.3599,116.38,0.24,0.0087,-0.0472,0.45
5148.781,65.387,-3.2684,0.2514,0.3594,116.14,0.3,0.0081,-0.0395,0.449
5148.881,65.487,-3.2696,0.2519,0.3571,115.81,0.29,0.0053,-0.0397,0.449
5148.981,65.59,-3.2701,0.2522,0.3576,115.69,0.27,0.006,-0.0343,0.449
5149.081,65.689,-3.2708,0.2535,0.3555,115.61,0.2,0.0066,-0.0394,0.449
5149.181,65.789,-3.271,0.2527,0.3565,115.45,0.27,0.007,-0.0371,0.449
5149.281,65.889,-3.2711,0.2523,0.3564,115.22,0.14,0.0055,-0.0367,0.45
5149.381,65.991,-3.2697,0.253,0.3578,114.81,0.14,0.0058,-0.0376,0.451
5149.481,66.092,-3.268,0.2539,0.3574,114.77,0.12,0.0064,-0.043,0.454
5149.581,66.193,-3.2683,0.2551,0.3574,114.54,0.15,0.0079,-0.04,0.455
5149.681,66.293,-3.2691,0.2554,0.3581,114.28,0.14,0.0108,-0.0464,0.456
5149.781,66.393,-3.2696,0.257,0.3582,113.88,0.16,0.0125,-0.0435,0.457
5149.881,66.493,-3.2696,0.2576,0.359,113.83,0.17,0.0131,-0.0529,0.458
5149.981,66.593,-3.2706,0.2586,0.3581,113.74,0.13,0.01,-0.0366,0.458
5150.081,66.693,-3.2721,0.2579,0.3591,113.72,0.24,0.0103,-0.0364,0.457
5150.181,66.793,-3.2736,0.2576,0.358,113.57,0.22,0.0065,-0.0257,0.456
5150.281,66.893,-3.2742,0.258,0.3588,113.34,0.3,0.0098,-0.0387,0.456
5150.381,66.993,-3.2743,0.2588,0.359,113.3,0.18,0.0068,-0.0238,0.456
5150.481,67.093,-3.2752,0.2591,0.3591,113.19,0.24,0.0072,-0.0227,0.456
5150.581,67.193,-3.2757,0.2577,0.3589,112.87,0.25,0.0052,-0.0225,0.456
5150.681,67.293,-3.2754,0.2581,0.3583,112.46,0.16,0.0056,-0.0389,0.457
5150.781,67.395,-3.2741,0.2582,0.3586,112.42,0.13,0.0055,-0.0432,0.46
5150.881,67.495,-3.2735,0.2592,0.3569,112.33,0.14,0.0043,-0.0378,0.461
5150.982,67.596,-3.2737,0.2592,0.3579,112.4,0.16,0.0077,-0.0332,0.461
5151.081,67.695,-3.2743,0.2598,0.3571,112.17,0.09,0.007,-0.0149,0.462
5151.181,67.795,-3.2741,0.2604,0.358,112.13,0.19,0.0088,-0.0152,0.462
5151.281,67.895,-3.2737,0.2606,0.3582,111.78,0.11,0.007,-0.0111,0.462
5151.381,67.995,-3.275,0.2608,0.3586,111.91,0.18,0.0068,-0.0543,0.464
5151.481,68.095,-3.2766,0.2595,0.3584,111.5,0.24,0.0063,-0.0471,0.462
5151.581,68.196,-3.2774,0.2598,0.3578,111.04,0.21,0.0049,-0.0538,0.463
5151.681,68.3,-3.2777,0.2599,0.358,110.98,0.18,0.0054,-0.0665,0.465
5151.781,68.401,-3.2786,0.2608,0.3565,110.95,0.18,0.0052,-0.0265,0.465
5151.881,68.5,-3.2794,0.2595,0.3575,110.85,0.3,0.0082,-0.0075,0.464
5151.981,68.6,-3.2804,0.2592,0.356,110.5,0.18,0.0061,-0.0185,0.464
5152.081,68.701,-3.2803,0.2597,0.3575,109.82,0.24,0.0076,-0.0233,0.465
5152.181,68.801,-3.2797,0.2609,0.3585,109.74,0.13,0.0067,-0.0444,0.468
5152.281,68.902,-3.28,0.2616,0.3594,110.09,0.2,0.0064,-0.0438,0.468
5152.381,69.002,-3.2802,0.261,0.3596,109.62,0.2,0.0055,-0.0038,0.467
5152.481,69.102,-3.2797,0.2618,0.3593,109.11,0.17,0.0042,-0.0438,0.469
5152.581,69.202,-3.2784,0.2616,0.3593,109.22,0.12,0.0055,-0.0514,0.472
5152.681,69.302,-3.2783,0.2622,0.3579,109.17,0.12,0.0047,-0.0287,0.473
5152.781,69.402,-3.2787,0.2613,0.3587,109.38,0.19,0.0058,-0.0331,0.472
5152.881,69.502,-3.2796,0.2613,0.3575,108.79,0.12,0.0042,-0.0078,0.471
5152.981,69.602,-3.2796,0.2612,0.3587,108.39,0.22,0.0058,-0.0622,0.474
5153.081,69.702,-3.2791,0.2616,0.3591,108.54,0.11,0.0044,-0.0538,0.476
5153.181,69.803,-3.2798,0.2616,0.3598,108.61,0.2,0.0066,-0.0409,0.475
5153.281,69.903,-3.2806,0.2604,0.3595,108.35,0.23,0.0054,-0.0287,0.474
5153.381,70.003,-3.2806,0.261,0.3589,108.13,0.2,0.0023,-0.0346,0.475
5153.481,70.103,-3.28,0.2608,0.3593,107.75,0.17,0.0023,-0.0237,0.476
5153.581,70.204,-3.2802,0.261,0.3584,108.0,0.15,0.0014,-0.0258,0.479
5153.681,70.305,-3.2808,0.2596,0.3589,108.06,0.22,0.0065,0.0035,0.477
5153.781,70.404,-3.2818,0.2593,0.3576,107.6,0.14,0.0038,-0.001,0.476
5153.881,70.505,-3.2819,0.2592,0.3585,107.41,0.22,0.0036,-0.0069,0.478
5153.981,70.605,-3.2818,0.2596,0.3594,107.58,0.15,0.0029,-0.0222,0.478
5154.081,70.705,-3.2828,0.2594,0.3601,107.74,0.24,0.004,-0.0178,0.477
5154.181,70.805,-3.2837,0.2574,0.3613,107.79,0.33,0.0025,-0.0142,0.476
5154.281,70.906,-3.2835,0.2578,0.3615,107.38,0.23,0.0008,-0.011,0.475
5154.381,71.005,-3.2825,0.2582,0.361,107.25,0.14,0.0021,-0.0143,0.477
5154.481,71.105,-3.2821,0.2594,0.3588,107.22,0.17,0.0013,-0.0119,0.479
5154.581,71.205,-3.2817,0.2591,0.359,107.33,0.18,0.0048,-0.0062,0.479
5154.681,71.306,-3.2816,0.2597,0.3581,106.82,0.11,0.003,-0.0084,0.479
5154.781,71.406,-3.2808,0.2595,0.359,106.5,0.18,0.0062,-0.0562,0.481
5154.881,71.506,-3.2801,0.2594,0.3587,106.39,0.08,0.0058,-0.071,0.484
5154.981,71.606,-3.2811,0.259,0.3589,106.16,0.14,0.0052,-0.0571,0.484
5155.081,71.706,-3.2826,0.2575,0.359,106.4,0.24,0.0069,-0.0597,0.485
5155.181,71.806,-3.283,0.258,0.3587,106.14,0.2,0.0029,-0.0215,0.483
5155.281,71.906,-3.2828,0.2582,0.3592,105.65,0.16,0.0054,-0.0389,0.484
5155.381,72.007,-3.2832,0.2592,0.3582,105.47,0.16,0.0034,-0.0401,0.487
5155.481,72.107,-3.2837,0.2584,0.3589,105.83,0.22,0.0066,-0.0375,0.487
5155.581,72.208,-3.2843,0.2586,0.3572,105.56,0.16,0.005,-0.0047,0.485
5155.681,72.307,-3.2841,0.2585,0.3584,104.98,0.23,0.006,-0.0197,0.486
5155.781,72.408,-3.2835,0.2587,0.3588,105.26,0.09,0.0072,-0.0454,0.488
5155.881,72.507,-3.2842,0.2587,0.3596,105.31,0.19,0.0065,-0.034,0.487
5155.981,72.608,-3.2851,0.2576,0.3592,105.11,0.23,0.0084,-0.0275,0.487
5156.081,72.707,-3.285,0.2582,0.3592,104.45,0.2,0.0044,-0.0196,0.488
5156.181,72.808,-3.2843,0.2582,0.3598,104.11,0.18,0.0055,-0.0481,0.491
5156.281,72.907,-3.2846,0.2592,0.3589,104.17,0.16,0.0041,-0.0452,0.493
5156.381,73.009,-3.2852,0.2586,0.3593,104.03,0.21,0.0067,-0.0388,0.492
5156.481,73.109,-3.2858,0.2591,0.3579,103.8,0.14,0.0046,-0.0452,0.493
5156.581,73.209,-3.2856,0.259,0.3588,103.44,0.22,0.0049,-0.0417,0.494
5156.681,73.31,-3.2853,0.2591,0.3594,103.08,0.09,0.0035,-0.046,0.495
5156.781,73.41,-3.2859,0.2584,0.3596,102.9,0.18,0.0039,-0.052,0.497
5156.881,73.51,-3.2867,0.2564,0.3595,103.22,0.2,0.0066,-0.0553,0.498
5156.981,73.61,-3.286,0.2563,0.3595,102.23,0.17,0.0032,-0.0442,0.496
5157.081,73.71,-3.2843,0.2561,0.3595,101.96,0.15,0.0069,-0.0741,0.502
5157.181,73.81,-3.2838,0.2574,0.3583,102.39,0.17,0.0078,-0.0527,0.504
5157.281,73.911,-3.2844,0.2581,0.359,102.4,0.17,0.0109,0.0021,0.502
5157.381,74.011,-3.2855,0.2604,0.3573,102.02,0.17,0.0117,-0.002,0.502
5157.481,74.111,-3.2866,0.2614,0.3585,101.77,0.29,0.0164,-0.0156,0.503
5157.581,74.211,-3.2877,0.2626,0.3588,101.57,0.18,0.0153,-0.017,0.503
5157.681,74.311,-3.2896,0.2625,0.3599,101.97,0.29,0.0145,-0.0246,0.503
5157.781,74.411,-3.2917,0.261,0.3588,101.93,0.39,0.0104,-0.0116,0.499
5157.881,74.511,-3.2926,0.2614,0.358,101.58,0.39,0.0046,-0.021,0.498
5157.981,74.611,-3.2929,0.2619,0.3583,101.34,0.32,0.0028,-0.0412,0.499
5158.081,74.711,-3.2928,0.2624,0.3574,101.4,0.26,0.0007,-0.0262,0.5
5158.181,74.811,-3.2924,0.2605,0.3577,100.96,0.26,0.0023,-0.0261,0.499
5158.281,74.911,-3.2914,0.2594,0.3565,101.11,0.08,0.0012,-0.0319,0.502
5158.381,75.013,-3.289,0.2582,0.3579,100.34,0.13,0.0003,-0.0233,0.503
5158.481,75.113,-3.286,0.2581,0.3574,100.47,0.18,0.0003,-0.053,0.509
5158.581,75.214,-3.2854,0.259,0.3582,100.59,0.22,0.0027,-0.0209,0.51
5158.681,75.314,-3.2858,0.2605,0.3587,100.49,0.16,0.0068,-0.0151,0.51
5158.781,75.414,-3.286,0.2621,0.3593,99.99,0.23,0.0092,-0.0137,0.511
5158.881,75.514,-3.2866,0.2619,0.3595,99.97,0.17,0.0127,-0.032,0.513
5158.981,75.615,-3.2886,0.2622,0.3587,100.05,0.17,0.0097,-0.0342,0.512
5159.081,75.716,-3.2915,0.2605,0.3592,100.06,0.43,0.0132,-0.0305,0.51
5159.181,75.816,-3.2935,0.2607,0.3584,99.76,0.32,0.0072,-0.0197,0.508
5159.281,75.917,-3.2944,0.2619,0.3595,99.48,0.38,0.0065,-0.0334,0.508
5159.381,76.02,-3.2947,0.264,0.3589,99.46,0.26,0.0039,-0.0371,0.508
5159.481,76.12,-3.2944,0.2639,0.3593,99.09,0.26,0.004,-0.0426,0.508
5159.581,76.22,-3.2937,0.2625,0.3583,98.92,0.15,0.0014,-0.0453,0.511
5159.681,76.32,-3.2918,0.2615,0.3584,98.4,0.14,0.0002,-0.0511,0.512
5159.781,76.42,-3.2888,0.26,0.3582,98.14,0.22,0.0008,-0.0575,0.517
5159.881,76.521,-3.2876,0.2603,0.3571,98.34,0.21,0.0004,-0.0513,0.52
5159.981,76.621,-3.288,0.2607,0.3577,98.4,0.12,0.0032,-0.0372,0.52
5160.081,76.721,-3.2888,0.2626,0.3576,97.65,0.16,0.0061,-0.0248,0.52
5160.181,76.821,-3.2898,0.2632,0.359,97.28,0.24,0.01,-0.0592,0.523
5160.281,76.921,-3.2912,0.2642,0.3573,97.0,0.16,0.0117,-0.0566,0.524
5160.381,77.021,-3.2935,0.2638,0.358,96.92,0.31,0.0116,-0.0507,0.524
5160.481,77.121,-3.2956,0.2625,0.3587,96.68,0.36,0.0102,-0.0471,0.522
5160.581,77.221,-3.2956,0.2635,0.3596,96.03,0.27,0.0049,-0.0431,0.523
5160.681,77.321,-3.295,0.2645,0.3599,95.75,0.2,0.0042,-0.0521,0.526
5160.781,77.421,-3.2949,0.2655,0.3594,96.52,0.22,0.0011,-0.0472,0.528
5160.881,77.523,-3.2951,0.2646,0.3595,96.17,0.2,0.0019,0.019,0.523
5160.981,77.623,-3.2952,0.2644,0.3579,95.7,0.15,0.0008,0.007,0.526
5161.081,77.723,-3.2948,0.2626,0.3585,95.75,0.16,0.0019,-0.0075,0.528
5161.181,77.824,-3.294,0.2619,0.3579,96.04,0.14,0.0009,-0.0332,0.528
5161.281,77.933,-3.2941,0.2629,0.3581,96.04,0.18,0.0006,-0.0217,0.527
5161.381,78.04,-3.2942,0.2654,0.3575,95.97,0.15,0.0068,-0.0193,0.527
5161.481,78.141,-3.2931,0.2677,0.3584,95.36,0.26,0.0107,-0.0279,0.527
5161.581,78.24,-3.292,0.2695,0.3593,95.01,0.2,0.0126,-0.0302,0.532
5161.681,78.34,-3.2936,0.2728,0.3595,95.25,0.19,0.0158,0.004,0.533
5161.781,78.44,-3.2962,0.2753,0.3596,95.7,0.17,0.0171,0.0139,0.531
5161.881,78.54,-3.2986,0.2795,0.3575,95.11,0.31,0.0179,-0.013,0.527
5161.981,78.641,-3.3018,0.282,0.3583,94.92,0.49,0.0057,-0.0194,0.528
5162.081,78.74,-3.3043,0.2835,0.3574,95.01,0.38,0.0045,-0.0173,0.526
5162.181,78.84,-3.3056,0.2801,0.3582,95.12,0.43,0.0005,0.0044,0.522
5162.281,78.94,-3.3058,0.2754,0.3572,95.28,0.3,0.0013,0.0003,0.521
5162.381,79.04,-3.3034,0.2714,0.3572,95.16,0.05,0.0013,0.0003,0.52
5162.481,79.14,-3.2988,0.2684,0.3575,95.03,0.33,0.0047,-0.0041,0.523
5162.581,79.24,-3.2978,0.2706,0.3579,95.42,0.23,0.0039,-0.0043,0.527
5162.681,79.34,-3.2992,0.2751,0.3584,95.47,0.18,0.0087,0.0002,0.525
5162.781,79.44,-3.3012,0.2814,0.3577,95.3,0.27,0.018,-0.0143,0.525
5162.881,79.54,-3.3054,0.2842,0.3591,94.91,0.49,0.0246,-0.0225,0.524
5162.981,79.64,-3.3104,0.2856,0.358,95.19,0.45,0.0284,-0.0135,0.521
5163.081,79.74,-3.3145,0.2819,0.3588,95.27,0.71,0.0284,-0.0135,0.515
5163.181,79.84,-3.3177,0.2777,0.3571,95.48,0.54,0.0167,-0.0005,0.512
5163.281,79.94,-3.3161,0.2783,0.3579,94.46,0.31,0.0205,-0.035,0.509
5163.381,80.04,-3.3118,0.2818,0.3597,94.6,0.11,0.0283,-0.033,0.515
5163.481,80.141,-3.3089,0.2876,0.3608,95.24,0.33,0.0383,-0.0009,0.517
5163.581,80.241,-3.306,0.2951,0.3607,95.17,0.32,0.0452,-0.0103,0.517
5163.681,80.341,-3.3032,0.3048,0.3591,94.83,0.43,0.0582,-0.0068,0.52
5163.781,80.442,-3.3026,0.3093,0.3606,94.35,0.3,0.058,-0.0233,0.524
5163.881,80.541,-3.3043,0.3131,0.3591,94.86,0.16,0.0556,-0.0083,0.527
5163.981,80.641,-3.3076,0.3151,0.3602,94.96,0.29,0.049,-0.023,0.523
5164.081,80.741,-3.3111,0.3181,0.3596,94.46,0.28,0.0459,-0.0245,0.52
5164.181,80.841,-3.3128,0.3227,0.3609,93.98,0.44,0.0502,-0.0471,0.52
5164.281,80.941,-3.3141,0.3282,0.3623,94.14,0.33,0.0523,-0.042,0.52
5164.381,81.041,-3.3159,0.3335,0.3628,94.22,0.44,0.0566,-0.0309,0.518
5164.481,81.141,-3.3174,0.3369,0.3624,93.81,0.44,0.0566,-0.0309,0.516
5164.581,81.241,-3.3163,0.3439,0.361,93.53,0.28,0.0544,-0.0288,0.517
5164.681,81.341,-3.315,0.3499,0.3616,93.16,0.23,0.057,-0.0337,0.52
5164.781,81.441,-3.3145,0.3564,0.3603,93.14,0.21,0.0594,-0.0288,0.522
5164.881,81.541,-3.3146,0.3613,0.3611,93.08,0.25,0.0594,-0.0288,0.523
5164.981,81.641,-3.3148,0.3681,0.3595,92.94,0.15,0.0592,-0.025,0.523
5165.081,81.744,-3.3142,0.3745,0.3604,92.67,0.28,0.0642,-0.0277,0.524
5165.181,81.845,-3.3145,0.3802,0.3607,92.57,0.18,0.0647,-0.03,0.526
5165.281,81.945,-3.3166,0.3856,0.3612,92.65,0.33,0.0677,-0.0266,0.526
5165.381,82.045,-3.3194,0.3899,0.3612,92.51,0.45,0.0645,-0.0257,0.524
5165.481,82.147,-3.3198,0.3978,0.3606,92.26,0.37,0.0707,-0.0312,0.522
5165.581,82.248,-3.3199,0.4059,0.3611,92.05,0.34,0.0731,-0.0392,0.524
5165.681,82.348,-3.3206,0.4154,0.3597,91.88,0.32,0.0794,-0.0385,0.524
5165.781,82.448,-3.3215,0.4231,0.361,92.02,0.37,0.0813,-0.0351,0.524
5165.881,82.549,-3.3217,0.4328,0.3596,91.67,0.21,0.0842,-0.0395,0.523
5165.981,82.649,-3.3206,0.4422,0.361,91.31,0.33,0.0884,-0.0421,0.525
5166.081,82.749,-3.3204,0.4514,0.3613,91.13,0.25,0.0899,-0.0402,0.527
5166.181,82.849,-3.3215,0.4596,0.3619,91.12,0.34,0.0914,-0.0377,0.528
5166.281,82.949,-3.3231,0.4677,0.361,90.95,0.34,0.0899,-0.0361,0.528
5166.381,83.049,-3.323,0.4787,0.3596,90.57,0.34,0.0951,-0.0396,0.527
5166.481,83.149,-3.3231,0.4889,0.3602,90.33,0.32,0.0947,-0.0393,0.53
5166.581,83.249,-3.3242,0.4998,0.3595,90.28,0.35,0.0985,-0.0371,0.531
5166.681,83.349,-3.3256,0.5081,0.3606,90.2,0.48,0.0973,-0.0318,0.53
5166.781,83.449,-3.3262,0.5186,0.3586,89.92,0.34,0.0971,-0.034,0.53
5166.881,83.549,-3.3251,0.5295,0.36,89.62,0.38,0.1006,-0.0381,0.531
5166.981,83.65,-3.3244,0.541,0.3596,89.52,0.25,0.1038,-0.0375,0.533
5167.081,83.75,-3.3249,0.5516,0.3603,89.5,0.34,0.1079,-0.0301,0.534
5167.181,83.851,-3.3257,0.5624,0.3599,89.29,0.34,0.1079,-0.0301,0.534
5167.281,83.954,-3.3244,0.5759,0.3596,89.0,0.31,0.1111,-0.0316,0.534
5167.381,84.056,-3.3237,0.5885,0.3603,88.71,0.27,0.1121,-0.0364,0.537
5167.481,84.156,-3.3242,0.6014,0.3594,88.69,0.29,0.1146,-0.0277,0.539
5167.581,84.257,-3.3251,0.6122,0.3607,88.72,0.33,0.1125,-0.0159,0.538
5167.681,84.357,-3.3255,0.6256,0.3583,88.61,0.36,0.1099,-0.0221,0.538
5167.781,84.456,-3.3255,0.6378,0.3597,88.39,0.49,0.1142,-0.0205,0.539
5167.881,84.557,-3.3262,0.6503,0.3598,88.28,0.44,0.1122,-0.0192,0.54
5167.981,84.658,-3.3275,0.6596,0.3608,88.29,0.53,0.1112,-0.0108,0.54
5168.081,84.758,-3.3288,0.6681,0.3596,88.18,0.5,0.1036,-0.0108,0.539
5168.181,84.861,-3.3273,0.6792,0.3588,87.97,0.35,0.1036,-0.0101,0.538
5168.281,84.961,-3.3248,0.6906,0.3594,87.81,0.2,0.1031,-0.0154,0.541
5168.382,85.062,-3.3234,0.7034,0.3589,87.92,0.25,0.1069,-0.0106,0.543
5168.481,85.161,-3.3225,0.7153,0.3601,87.93,0.22,0.1076,-0.0036,0.544
5168.581,85.265,-3.321,0.7301,0.3578,87.81,0.23,0.1108,-0.0015,0.545
5168.681,85.367,-3.3204,0.7417,0.3594,87.71,0.29,0.1141,-0.0015,0.546
5168.781,85.467,-3.3208,0.7533,0.3588,87.8,0.19,0.1107,-0.0019,0.548
5168.881,85.569,-3.3224,0.7624,0.3601,87.93,0.36,0.1089,0.0007,0.547
5168.981,85.672,-3.3244,0.7717,0.3592,87.85,0.41,0.1018,-0.0002,0.546
5169.081,85.774,-3.3237,0.7828,0.3596,87.62,0.39,0.1027,-0.0034,0.546
5169.181,85.875,-3.3222,0.7951,0.3598,87.71,0.26,0.1008,-0.0015,0.549
5169.281,85.976,-3.3219,0.8076,0.3598,87.89,0.32,0.1055,-0.0009,0.55
5169.381,86.077,-3.3219,0.819,0.3603,87.83,0.3,0.1039,-0.0016,0.595
5169.481,86.177,-3.3208,0.8329,0.3581,87.73,0.25,0.1044,-0.0044,0.661
5169.581,86.277,-3.32,0.8447,0.3596,87.58,0.31,0.109,-0.0073,0.661
5169.681,86.377,-3.3202,0.857,0.3576,87.61,0.28,0.1079,-0.0043,0.662
5169.781,86.477,-3.3212,0.8658,0.3589,87.75,0.39,0.1088,-0.0023,0.664
5169.881,86.58,-3.3218,0.875,0.3588,87.83,0.35,0.1023,0.0037,0.668
5169.981,86.68,-3.3198,0.8853,0.3598,87.61,0.24,0.1002,0.0018,0.707
5170.081,86.78,-3.317,0.8965,0.3596,87.61,0.15,0.0983,-0.0035,0.755
5170.181,86.88,-3.3161,0.9087,0.3595,87.75,0.24,0.1016,-0.0063,0.79
5170.281,86.98,-3.3162,0.9211,0.36,87.73,0.18,0.1005,0.0029,0.869
5170.381,87.08,-3.3155,0.9358,0.3588,87.66,0.26,0.1028,0.0066,0.947
5170.481,87.18,-3.316,0.9477,0.3603,87.56,0.37,0.1053,0.0101,0.993
5170.581,87.28,-3.3176,0.9597,0.3588,87.72,0.38,0.1033,0.0146,0.981
5170.681,87.38,-3.3197,0.9671,0.36,87.89,0.52,0.1007,0.0222,0.97
5170.781,87.48,-3.3216,0.974,0.3609,88.04,0.48,0.0892,0.0299,0.964
5170.881,87.58,-3.3197,0.9832,0.3617,87.93,0.28,0.0851,0.0272,0.956
5170.981,87.68,-3.3166,0.9935,0.3618,88.03,0.15,0.0847,0.0273,0.948
5171.081,87.781,-3.3155,1.0048,0.3616,88.33,0.26,0.0891,0.0264,0.937
5171.181,87.882,-3.3148,1.0159,0.3616,88.49,0.18,0.0891,0.0264,0.927
5171.281,87.982,-3.3135,1.0289,0.3596,88.51,0.26,0.0908,0.035,0.915
5171.381,88.082,-3.3134,1.0388,0.3603,88.59,0.26,0.0961,0.0352,0.903
5171.481,88.182,-3.3143,1.0485,0.3593,88.86,0.19,0.0961,0.0352,0.894
5171.581,88.282,-3.3165,1.055,0.3603,89.18,0.38,0.09,0.0462,0.885
5171.681,88.386,-3.3189,1.062,0.3586,89.33,0.41,0.0816,0.0503,0.879
5171.781,88.486,-3.3187,1.0703,0.3589,89.41,0.4,0.0789,0.0479,0.872
5171.881,88.586,-3.3175,1.0804,0.359,89.67,0.26,0.0789,0.0479,0.863
5171.981,88.686,-3.3176,1.0901,0.3596,90.1,0.33,0.0826,0.049,0.853
5172.081,88.787,-3.318,1.0988,0.3597,90.35,0.31,0.0815,0.0524,0.844
5172.181,88.886,-3.317,1.1096,0.3577,90.47,0.24,0.0827,0.0506,0.835
5172.281,88.987,-3.316,1.1185,0.3587,90.66,0.2,0.0851,0.0453,0.825
5172.381,89.087,-3.316,1.1281,0.3584,90.99,0.19,0.0825,0.0452,0.817
5172.481,89.19,-3.3171,1.1353,0.3601,91.32,0.27,0.0806,0.0492,0.808
5172.581,89.29,-3.3185,1.1435,0.3586,91.46,0.31,0.0747,0.0507,0.801
5172.681,89.39,-3.3187,1.1517,0.3594,91.57,0.36,0.075,0.0439,0.793
5172.781,89.49,-3.3186,1.1602,0.3599,91.8,0.26,0.025,0.0,0.785
5172.881,89.591,-3.3186,1.1657,0.3604,92.05,0.25,0.025,0.0063,0.777
5172.981,89.691,-3.3166,1.166,0.36,92.09,0.16,0.0323,0.0083,0.773
5173.081,89.791,-3.3141,1.1639,0.358,91.97,0.32,0.0309,0.0043,0.773
5173.181,89.891,-3.3089,1.16,0.3574,91.92,0.68,0.0309,0.0043,0.775
5173.281,89.993,-3.3049,1.1589,0.3563,92.04,0.52,0.0125,-0.008,0.779
5173.381,90.094,-3.305,1.1606,0.3571,92.16,0.35,0.0146,-0.0047,0.779
5173.481,90.194,-3.3069,1.1645,0.3578,92.07,0.21,0.0211,-0.0069,0.777
5173.581,90.294,-3.3086,1.1672,0.359,91.87,0.2,0.0301,-0.0177,0.773
5173.681,90.394,-3.3107,1.1702,0.3588,91.86,0.15,0.0303,-0.0203,0.771
5173.781,90.494,-3.315,1.1733,0.3591,91.94,0.44,0.0345,-0.0189,0.768
5173.881,90.594,-3.3205,1.1744,0.3593,91.9,0.63,0.033,-0.0167,0.765
5173.981,90.694,-3.3231,1.1786,0.3586,91.59,0.57,0.0297,-0.014,0.764
5174.081,90.794,-3.3242,1.1845,0.3594,91.45,0.58,0.0328,-0.0221,0.76
5174.181,90.894,-3.3244,1.1911,0.3586,91.5,0.47,0.037,-0.025,0.753
5174.281,90.994,-3.3238,1.194,0.3597,91.46,0.38,0.0399,-0.0284,0.748
5174.381,91.094,-3.3223,1.1972,0.3588,91.22,0.15,0.037,-0.0323,0.745
5174.481,91.196,-3.319,1.1999,0.3598,90.93,0.2,0.0376,-0.0384,0.742
5174.581,91.296,-3.3152,1.2026,0.3606,90.72,0.29,0.0339,-0.0433,0.739
5174.681,91.396,-3.3142,1.2071,0.3609,90.72,0.37,0.0333,-0.0427,0.736
5174.781,91.496,-3.3143,1.2124,0.3607,90.59,0.26,0.0337,-0.0384,0.732
5174.881,91.599,-3.3149,1.2179,0.3599,90.25,0.29,0.0388,-0.0394,0.727
5174.981,91.699,-3.3165,1.2208,0.3606,89.97,0.27,0.0379,-0.0472,0.722
5175.081,91.8,-3.319,1.2238,0.3602,89.85,0.28,0.0366,-0.0503,0.719
5175.181,91.9,-3.3227,1.2237,0.3606,89.7,0.57,0.0331,-0.0459,0.717
5175.281,92.0,-3.3254,1.2244,0.3589,89.36,0.44,0.0249,-0.0472,0.717
5175.381,92.101,-3.3251,1.2271,0.3597,89.0,0.38,0.0281,-0.0575,0.716
5175.481,92.201,-3.3232,1.2315,0.3603,88.78,0.18,0.0301,-0.0557,0.713
5175.581,92.301,-3.3221,1.2359,0.3607,88.68,0.23,0.0347,-0.0489,0.708
5175.681,92.401,-3.3212,1.2399,0.3604,88.48,0.17,0.0355,-0.0479,0.705
5175.781,92.503,-3.319,1.2449,0.3599,88.1,0.24,0.0361,-0.046,0.7
5175.881,92.603,-3.3172,1.2477,0.3605,87.8,0.26,0.0371,-0.0503,0.696
5175.981,92.705,-3.3165,1.2513,0.3592,87.71,0.22,0.0334,-0.0508,0.693
5176.081,92.805,-3.3171,1.2539,0.3599,87.51,0.14,0.0325,-0.043,0.69
5176.181,92.905,-3.3176,1.2578,0.359,87.15,0.13,0.0307,-0.0457,0.687
5176.281,93.005,-3.3176,1.2605,0.3601,86.8,0.25,0.0341,-0.0532,0.684
5176.381,93.105,-3.3175,1.2637,0.36,86.56,0.12,0.0328,-0.0598,0.681
5176.481,93.205,-3.3189,1.2665,0.3604,86.48,0.28,0.0319,-0.064,0.678
5176.581,93.305,-3.3209,1.2684,0.3599,86.19,0.35,0.0304,-0.0572,0.676
5176.681,93.405,-3.3207,1.2721,0.3594,85.72,0.29,0.0267,-0.0598,0.674
5176.781,93.505,-3.32,1.2752,0.3598,85.33,0.22,0.0309,-0.0653,0.67
5176.881,93.605,-3.3196,1.2792,0.3586,85.23,0.2,0.0302,-0.0703,0.667
5176.981,93.705,-3.3199,1.2811,0.3593,84.93,0.24,0.0322,-0.0654,0.664
5177.081,93.807,-3.3197,1.2844,0.3578,84.56,0.12,0.0284,-0.0676,0.662
5177.181,93.908,-3.3184,1.2868,0.3591,84.03,0.21,0.0289,-0.0669,0.659
5177.281,94.013,-3.3169,1.2895,0.359,83.72,0.08,0.0282,-0.0797,0.657
5177.381,94.113,-3.3168,1.2921,0.3594,83.48,0.15,0.0277,-0.0738,0.654
5177.481,94.213,-3.3172,1.2943,0.3588,83.14,0.11,0.027,-0.0737,0.652
5177.581,94.317,-3.3165,1.2968,0.359,82.59,0.19,0.0275,-0.0704,0.65
5177.681,94.416,-3.3155,1.2985,0.3599,82.17,0.16,0.0275,-0.074,0.648
5177.781,94.517,-3.3155,1.3016,0.3593,82.03,0.15,0.0254,-0.0761,0.647
5177.881,94.617,-3.3169,1.3036,0.3598,81.76,0.22,0.0268,-0.0696,0.644
5177.981,94.717,-3.3172,1.307,0.3589,81.31,0.16,0.0262,-0.0681,0.642
5178.081,94.818,-3.317,1.3097,0.3602,80.85,0.29,0.0293,-0.0721,0.639
5178.181,94.918,-3.3163,1.313,0.3593,80.57,0.18,0.027,-0.0765,0.637
5178.281,95.018,-3.3164,1.3151,0.3599,80.39,0.23,0.028,-0.0738,0.634
5178.381,95.119,-3.3169,1.3168,0.3603,80.0,0.18,0.0263,-0.0664,0.632
5178.481,95.219,-3.3155,1.3194,0.3608,79.44,0.22,0.0246,-0.0552,0.631
5178.581,95.319,-3.3136,1.3215,0.361,79.12,0.17,0.027,-0.0649,0.629
5178.681,95.419,-3.3126,1.3246,0.3599,78.98,0.19,0.0268,-0.0676,0.627
5178.781,95.519,-3.3128,1.3269,0.36,78.72,0.17,0.0287,-0.0653,0.624
5178.881,95.621,-3.312,1.3306,0.3594,78.28,0.16,0.0282,-0.0632,0.622
5178.981,95.721,-3.3112,1.3329,0.3605,77.83,0.24,0.0302,-0.0714,0.619
5179.081,95.821,-3.3101,1.3357,0.3598,77.52,0.14,0.0283,-0.0749,0.617
5179.181,95.921,-3.3105,1.3379,0.3603,77.29,0.19,0.0288,-0.0711,0.615
5179.281,96.023,-3.3111,1.3402,0.3608,76.97,0.16,0.0279,-0.0681,0.613
5179.381,96.123,-3.31,1.343,0.3615,76.38,0.19,0.0242,-0.0711,0.611
5179.481,96.223,-3.3088,1.3452,0.361,76.07,0.12,0.0249,-0.0771,0.609
5179.581,96.323,-3.3084,1.3481,0.3592,75.83,0.16,0.0252,-0.0797,0.607
5179.681,96.426,-3.3092,1.3498,0.359,75.5,0.16,0.0269,-0.0713,0.605
5179.781,96.526,-3.3089,1.3527,0.3579,74.92,0.15,0.0239,-0.0728,0.604
5179.881,96.626,-3.3082,1.3546,0.3589,74.49,0.22,0.0245,-0.0749,0.602
5179.981,96.726,-3.3072,1.3578,0.3561,74.25,0.1,0.0247,-0.0763,0.6
5180.081,96.826,-3.3075,1.3601,0.3569,74.05,0.18,0.026,-0.0734,0.597
5180.181,96.926,-3.3078,1.3626,0.3577,73.62,0.14,0.0247,-0.0694,0.596
5180.281,97.026,-3.3058,1.3655,0.3591,73.0,0.15,0.0261,-0.0711,0.593
5180.381,97.126,-3.3035,1.368,0.3585,72.67,0.09,0.0281,-0.0802,0.592
5180.481,97.227,-3.3021,1.3718,0.357,72.49,0.18,0.0279,-0.0779,0.589
5180.581,97.328,-3.3018,1.3748,0.3577,72.16,0.16,0.0299,-0.0728,0.586
5180.681,97.428,-3.3007,1.3789,0.3577,71.65,0.17,0.0294,-0.0698,0.584
5180.781,97.528,-3.3004,1.3816,0.3592,71.21,0.25,0.0322,-0.0744,0.581
5180.881,97.628,-3.3,1.3851,0.3557,71.0,0.14,0.0286,-0.0795,0.579
5180.981,97.731,-3.301,1.3871,0.3565,70.72,0.24,0.0295,-0.0771,0.576
5181.081,97.831,-3.3022,1.3896,0.3563,70.35,0.28,0.0272,-0.0722,0.575
5181.181,97.931,-3.3013,1.3925,0.3578,69.62,0.3,0.0241,-0.0765,0.573
5181.281,98.031,-3.2998,1.3954,0.358,69.46,0.18,0.0247,-0.0815,0.571
5181.381,98.131,-3.2987,1.3981,0.3576,69.37,0.21,0.0241,-0.0808,0.568
5181.481,98.233,-3.2984,1.3991,0.3578,68.82,0.17,0.0269,-0.0789,0.566
5181.581,98.333,-3.297,1.4013,0.3557,68.01,0.19,0.0251,-0.0849,0.566
5181.681,98.434,-3.2951,1.4025,0.3576,67.08,0.2,0.0258,-0.0743,0.566
5181.781,98.534,-3.2921,1.4049,0.3566,67.59,0.13,0.025,-0.0977,0.566
5181.881,98.634,-3.2901,1.4071,0.3582,67.56,0.2,0.0221,-0.0845,0.562
5181.981,98.734,-3.2882,1.4103,0.3587,67.38,0.14,0.0224,-0.0601,0.561
5182.081,98.834,-3.2867,1.4125,0.3602,66.65,0.23,0.0198,-0.0597,0.558
5182.181,98.936,-3.2865,1.4136,0.3594,66.59,0.11,0.0231,-0.0863,0.558
5182.281,99.036,-3.2877,1.4146,0.3587,66.79,0.19,0.023,-0.089,0.556
5182.381,99.138,-3.2909,1.415,0.3585,65.89,0.29,0.0238,-0.0697,0.555
5182.481,99.238,-3.2917,1.417,0.3579,64.55,0.21,0.0162,-0.1108,0.557
5182.581,99.338,-3.2912,1.4186,0.3592,63.68,0.23,0.0162,-0.1108,0.558
5182.681,99.438,-3.2894,1.4206,0.3584,64.01,0.18,0.0164,-0.12,0.558
5182.781,99.538,-3.2887,1.4214,0.3593,63.96,0.2,0.0154,-0.0965,0.555
5182.881,99.638,-3.288,1.4225,0.3604,63.49,0.11,0.0154,-0.0965,0.555
5182.981,99.738,-3.2858,1.4232,0.3621,61.88,0.22,0.0151,-0.1076,0.555
5183.081,99.838,-3.2831,1.4233,0.3619,61.77,0.21,0.0158,-0.1619,0.558
5183.181,99.938,-3.2812,1.4249,0.3607,60.99,0.25,0.0156,-0.1565,0.557
5183.281,100.044,-3.2802,1.4266,0.3597,60.06,0.18,0.0152,-0.1318,0.558
5183.381,100.146,-3.279,1.4286,0.3589,59.19,0.24,0.017,-0.1323,0.558
5183.481,100.246,-3.2793,1.4289,0.3592,58.6,0.19,0.014,-0.1133,0.559
5183.581,100.346,-3.2798,1.4297,0.3577,58.06,0.11,0.013,-0.1294,0.561
5183.681,100.446,-3.2824,1.4302,0.3582,57.9,0.3,0.0106,-0.1051,0.561
5183.781,100.546,-3.2843,1.4318,0.3572,57.17,0.21,0.0106,-0.1184,0.561
5183.881,100.647,-3.2839,1.4333,0.3588,56.0,0.3,0.0135,-0.1342,0.561
5183.981,100.747,-3.2821,1.4348,0.3593,55.55,0.13,0.0162,-0.1364,0.563
5184.081,100.847,-3.2809,1.4358,0.3595,55.37,0.18,0.0166,-0.0964,0.562
5184.181,100.947,-3.2806,1.4361,0.3595,55.17,0.16,0.0153,-0.0903,0.562
5184.281,101.047,-3.2781,1.4368,0.3595,53.94,0.18,0.0175,-0.0986,0.562
5184.381,101.147,-3.2757,1.4361,0.3604,53.38,0.2,0.0175,-0.0986,0.566
5184.481,101.248,-3.273,1.4367,0.3583,52.84,0.2,0.0237,-0.1045,0.568
5184.581,101.347,-3.2716,1.4379,0.3594,53.2,0.22,0.0231,-0.0829,0.568
5184.681,101.451,-3.2699,1.4411,0.3588,52.28,0.2,0.0231,-0.0829,0.566
5184.781,101.55,-3.2697,1.443,0.3601,51.8,0.26,0.0269,-0.1245,0.566
5184.881,101.657,-3.2707,1.4449,0.3579,51.21,0.14,0.0248,-0.1324,0.566
5184.981,101.757,-3.2735,1.4466,0.3575,51.05,0.34,0.0236,-0.1289,0.566
5185.081,101.86,-3.2779,1.4485,0.3569,50.54,0.47,0.0193,-0.1112,0.565
5185.181,101.959,-3.2775,1.4513,0.3571,49.33,0.41,0.0235,-0.1512,0.565
5185.281,102.059,-3.2747,1.4542,0.3583,48.13,0.25,0.0288,-0.1649,0.567
5185.381,102.159,-3.2705,1.4569,0.357,48.12,0.24,0.0339,-0.1627,0.567
5185.481,102.259,-3.2672,1.4579,0.3581,47.82,0.21,0.0314,-0.1242,0.564
5185.581,102.359,-3.2629,1.4595,0.3573,47.44,0.16,0.0313,-0.1155,0.564
5185.681,102.459,-3.2598,1.4595,0.3597,45.92,0.23,0.0305,-0.1187,0.564
5185.781,102.559,-3.2567,1.4595,0.3583,44.95,0.14,0.0307,-0.1372,0.57
5185.881,102.659,-3.2546,1.4605,0.3586,44.9,0.25,0.0315,-0.115,0.573
5185.981,102.759,-3.2528,1.4625,0.3592,44.83,0.19,0.0307,-0.1094,0.572
5186.081,102.859,-3.2506,1.464,0.3599,43.78,0.24,0.0333,-0.1127,0.57
5186.181,102.959,-3.2496,1.4646,0.3606,43.11,0.23,0.0344,-0.1502,0.574
5186.281,103.059,-3.2482,1.467,0.3591,42.82,0.15,0.0349,-0.1365,0.575
5186.381,103.159,-3.2483,1.4707,0.3594,42.25,0.22,0.0336,-0.1303,0.573
5186.481,103.261,-3.2464,1.4759,0.3586,41.45,0.2,0.0347,-0.1168,0.572
5186.581,103.361,-3.244,1.4808,0.3605,40.3,0.46,0.0409,-0.1337,0.57
5186.681,103.461,-3.2404,1.4862,0.3593,39.86,0.4,0.0454,-0.1373,0.57
5186.781,103.561,-3.239,1.4891,0.3594,39.22,0.39,0.0451,-0.1372,0.566
5186.881,103.661,-3.2386,1.4905,0.3601,38.73,0.33,0.039,-0.1296,0.567
5186.981,103.761,-3.234,1.4911,0.3608,37.9,0.19,0.04,-0.1325,0.567
5187.081,103.864,-3.2283,1.4907,0.3607,37.16,0.12,0.0397,-0.1308,0.57
5187.181,103.973,-3.2214,1.4918,0.3568,36.6,0.36,0.0443,-0.126,0.573
5187.281,104.073,-3.2146,1.4926,0.3584,36.1,0.52,0.0465,-0.121,0.574
5187.381,104.174,-3.2079,1.4938,0.3605,35.4,0.52,0.0485,-0.0985,0.575
5187.481,104.274,-3.205,1.4936,0.3623,34.74,0.47,0.0505,-0.1081,0.577
5187.581,104.374,-3.2023,1.4951,0.3586,34.34,0.27,0.0437,-0.1047,0.58
5187.681,104.475,-3.2,1.5001,0.3588,33.92,0.18,0.0469,-0.1016,0.58
5187.781,104.575,-3.197,1.5068,0.3601,33.5,0.2,0.0468,-0.0981,0.577
5187.881,104.675,-3.1927,1.513,0.3614,32.81,0.44,0.0546,-0.1062,0.572
5187.981,104.775,-3.1885,1.5206,0.3602,32.33,0.44,0.0548,-0.1071,0.57
5188.081,104.875,-3.1851,1.5274,0.3577,31.94,0.58,0.0625,-0.107,0.564
5188.181,104.975,-3.1846,1.5318,0.358,31.49,0.61,0.0557,-0.1039,0.56
5188.281,105.075,-3.1802,1.535,0.3577,30.81,0.37,0.0479,-0.0997,0.558
5188.381,105.175,-3.1736,1.5367,0.3597,30.18,0.3,0.0493,-0.1055,0.558
5188.481,105.276,-3.165,1.5386,0.357,29.68,0.18,0.0527,-0.1059,0.559
5188.581,105.376,-3.1581,1.5388,0.3579,29.3,0.36,0.0561,-0.0996,0.559
5188.681,105.476,-3.1509,1.5384,0.359,29.06,0.4,0.0559,-0.0956,0.56
5188.781,105.577,-3.1458,1.5367,0.3605,28.35,0.56,0.0573,-0.1088,0.562
5188.881,105.677,-3.1432,1.5341,0.3611,27.84,0.59,0.0504,-0.1147,0.567
5188.981,105.777,-3.1394,1.5367,0.3602,27.52,0.4,0.0479,-0.1073,0.571
5189.081,105.877,-3.1353,1.5428,0.3603,26.98,0.18,0.0497,-0.1036,0.569
5189.181,105.977,-3.1289,1.5498,0.36,26.29,0.26,0.0578,-0.0973,0.566
5189.281,106.077,-3.1235,1.5574,0.3614,25.65,0.58,0.0646,-0.1001,0.563
5189.381,106.177,-3.1167,1.5656,0.359,25.4,0.56,0.0705,-0.098,0.559
5189.481,106.278,-3.1137,1.5708,0.3597,24.93,0.62,0.0706,-0.1037,0.553
5189.581,106.377,-3.1111,1.5744,0.3596,24.26,0.51,0.0706,-0.1037,0.55
5189.681,106.477,-3.1036,1.5755,0.3606,23.68,0.32,0.0596,-0.1033,0.55
5189.781,106.577,-3.0943,1.5757,0.3603,23.22,0.16,0.0623,-0.1011,0.552
5189.881,106.678,-3.0845,1.5764,0.3593,22.93,0.35,0.0699,-0.0976,0.553
5189.981,106.777,-3.0753,1.5758,0.3596,22.45,0.45,0.0715,-0.098,0.554
5190.081,106.878,-3.066,1.5756,0.3592,21.89,0.51,0.0754,-0.0955,0.557
5190.181,106.977,-3.0612,1.5745,0.3609,21.3,0.52,0.0729,-0.1009,0.56
5190.281,107.077,-3.056,1.575,0.3586,20.77,0.38,0.0652,-0.096,0.564
5190.381,107.177,-3.0504,1.5792,0.3593,20.43,0.26,0.0658,-0.0872,0.565
5190.481,107.277,-3.0434,1.585,0.36,19.98,0.15,0.067,-0.0825,0.563
5190.581,107.377,-3.0361,1.5899,0.3615,19.4,0.36,0.0742,-0.0862,0.56
5190.681,107.479,-3.0283,1.5958,0.36,18.99,0.3,0.0752,-0.0848,0.558
5190.781,107.579,-3.021,1.6019,0.3578,18.72,0.47,0.0801,-0.0813,0.554
5190.881,107.68,-3.0165,1.6067,0.3584,18.37,0.5,0.0741,-0.0767,0.55
5190.981,107.78,-3.0091,1.6096,0.3582,17.82,0.33,0.0662,-0.0732,0.548
5191.081,107.879,-3.0011,1.6111,0.3599,17.37,0.29,0.0669,-0.0775,0.548
5191.181,107.979,-2.9914,1.6129,0.3568,17.12,0.22,0.069,-0.0768,0.548
5191.281,108.079,-2.9843,1.6132,0.358,16.9,0.31,0.0718,-0.0725,0.548
5191.381,108.179,-2.9773,1.613,0.3591,16.49,0.23,0.0698,-0.0682,0.549
5191.481,108.279,-2.9717,1.6114,0.3605,16.04,0.4,0.069,-0.0699,0.551
5191.581,108.38,-2.9673,1.609,0.3588,15.71,0.43,0.0608,-0.0679,0.554
5191.681,108.481,-2.9608,1.6096,0.3558,15.46,0.46,0.0608,-0.0651,0.558
5191.781,108.581,-2.9534,1.6122,0.3572,15.33,0.35,0.0623,-0.0566,0.558
5191.881,108.681,-2.9449,1.6154,0.3582,14.85,0.35,0.0669,-0.0517,0.557
5191.981,108.781,-2.9386,1.6188,0.3601,14.49,0.29,0.0676,-0.0557,0.556
5192.081,108.881,-2.9305,1.6235,0.3556,14.36,0.2,0.0672,-0.0518,0.555
5192.181,108.981,-2.9247,1.628,0.3572,14.31,0.3,0.0688,-0.0522,0.551
5192.281,109.082,-2.9188,1.632,0.358,14.02,0.18,0.0646,-0.0587,0.548
5192.381,109.182,-2.9126,1.6338,0.3598,13.51,0.29,0.0641,-0.065,0.545
5192.481,109.282,-2.9074,1.635,0.3603,13.15,0.22,0.0602,-0.0685,0.546
5192.581,109.382,-2.8991,1.6374,0.3599,12.99,0.26,0.0602,-0.0685,0.547
5192.681,109.482,-2.8943,1.639,0.3601,12.73,0.23,0.0589,-0.0682,0.546
5192.781,109.583,-2.8876,1.6398,0.3591,12.26,0.19,0.0581,-0.061,0.545
5192.881,109.684,-2.882,1.6395,0.3604,11.84,0.2,0.0598,-0.067,0.547
5192.981,109.784,-2.8749,1.6398,0.359,11.64,0.16,0.0592,-0.0676,0.549
5193.081,109.884,-2.8691,1.6409,0.36,11.41,0.24,0.0644,-0.0646,0.55
5193.181,109.984,-2.862,1.6425,0.3587,11.06,0.14,0.064,-0.061,0.55
5193.281,110.084,-2.8551,1.643,0.3599,10.53,0.27,0.069,-0.0669,0.551
5193.381,110.184,-2.8484,1.6433,0.3609,10.28,0.19,0.068,-0.072,0.553
5193.481,110.284,-2.841,1.6454,0.361,10.26,0.24,0.0697,-0.0731,0.553
5193.581,110.384,-2.8343,1.6479,0.3611,9.89,0.23,0.0709,-0.0587,0.552
5193.681,110.484,-2.8253,1.6493,0.3604,9.39,0.25,0.0747,-0.0554,0.552
5193.781,110.584,-2.8169,1.6501,0.3615,9.03,0.25,0.0747,-0.0554,0.553
5193.881,110.684,-2.8066,1.6514,0.3601,8.9,0.19,0.0795,-0.0506,0.554
5193.981,110.786,-2.7983,1.6527,0.3611,8.77,0.27,0.085,-0.0437,0.553
5194.081,110.886,-2.7891,1.6539,0.3607,8.46,0.18,0.0828,-0.0358,0.553
5194.181,110.986,-2.7806,1.6539,0.3618,8.12,0.29,0.0863,-0.0393,0.554
5194.281,111.086,-2.7721,1.6539,0.3613,7.92,0.23,0.0853,-0.0369,0.555
5194.381,111.189,-2.7627,1.656,0.361,7.92,0.25,0.0853,-0.0369,0.556
5194.481,111.289,-2.7539,1.6584,0.3615,7.84,0.25,0.0837,-0.0157,0.554
5194.581,111.39,-2.7436,1.6594,0.3614,7.48,0.25,0.0838,-0.0133,0.553
5194.681,111.49,-2.7346,1.6603,0.362,7.37,0.23,0.0863,-0.0112,0.553
5194.781,111.591,-2.724,1.662,0.3605,7.37,0.2,0.0864,-0.0074,0.553
5194.881,111.69,-2.7156,1.664,0.3614,7.46,0.26,0.0882,-0.0022,0.551
5194.981,111.79,-2.7063,1.6655,0.3606,7.39,0.16,0.0849,0.003,0.549
5195.081,111.89,-2.6979,1.6657,0.3614,7.17,0.26,0.0847,0.003,0.548
5195.181,111.99,-2.6895,1.666,0.3613,7.18,0.19,0.0804,0.0012,0.549
5195.281,112.091,-2.6809,1.6683,0.3613,7.39,0.26,0.0818,0.0074,0.548
5195.381,112.19,-2.6729,1.6709,0.3612,7.47,0.27,0.0793,0.014,0.545
5195.481,112.29,-2.6631,1.6722,0.36,7.32,0.26,0.0804,0.0124,0.542
5195.581,112.39,-2.6542,1.6732,0.3605,7.33,0.22,0.08,0.0113,0.542
5195.681,112.49,-2.6437,1.6746,0.3591,7.56,0.22,0.0809,0.0143,0.541
5195.781,112.59,-2.6355,1.676,0.3603,7.69,0.26,0.0842,0.0215,0.538
5195.881,112.69,-2.6267,1.677,0.3599,7.74,0.14,0.0796,0.0229,0.536
5195.981,112.79,-2.6193,1.6767,0.3608,7.67,0.26,0.0807,0.0206,0.535
5196.081,112.89,-2.612,1.6766,0.3606,7.8,0.21,0.0753,0.0201,0.535
5196.181,112.99,-2.6042,1.6791,0.3607,8.07,0.22,0.0756,0.0256,0.534
5196.281,113.091,-2.597,1.6825,0.3604,8.22,0.24,0.074,0.0351,0.53
5196.381,113.19,-2.5875,1.6852,0.3577,8.23,0.36,0.0752,0.0327,0.526
5196.481,113.291,-2.5778,1.6876,0.3585,8.3,0.43,0.0762,0.0259,0.524
5196.581,113.393,-2.5669,1.6893,0.3577,8.52,0.36,0.0792,0.0277,0.521
5196.681,113.494,-2.5597,1.6895,0.3594,8.79,0.29,0.0812,0.0337,0.519
5196.781,113.594,-2.5518,1.6888,0.3573,8.82,0.11,0.0771,0.0407,0.517
5196.881,113.695,-2.5453,1.6867,0.3582,8.89,0.29,0.0737,0.0324,0.517
5196.981,113.795,-2.5394,1.6844,0.3594,9.05,0.29,0.0656,0.0321,0.519
5197.081,113.895,-2.5324,1.6858,0.3605,9.49,0.25,0.0619,0.0395,0.52
5197.181,113.995,-2.5252,1.6885,0.3602,9.69,0.15,0.0604,0.0454,0.517
5197.281,114.098,-2.5169,1.691,0.3584,9.74,0.3,0.0635,0.0384,0.514
5197.381,114.198,-2.5098,1.6935,0.3589,9.87,0.3,0.065,0.038,0.513
5197.481,114.298,-2.5025,1.6955,0.3586,10.17,0.32,0.0658,0.0385,0.511
5197.581,114.398,-2.4984,1.697,0.3599,10.43,0.33,0.064,0.0461,0.508
5197.681,114.499,-2.4929,1.6983,0.3566,10.59,0.25,0.0563,0.0454,0.506
5197.781,114.599,-2.4871,1.698,0.3573,10.68,0.22,0.0577,0.0395,0.505
5197.881,114.701,-2.4803,1.6971,0.358,10.9,0.13,0.0567,0.0412,0.505
5197.981,114.803,-2.4741,1.6973,0.3593,11.3,0.23,0.0586,0.0444,0.505
5198.081,114.903,-2.4683,1.6977,0.3599,11.54,0.16,0.0575,0.0496,0.504
5198.181,115.003,-2.4616,1.697,0.3596,11.59,0.28,0.0573,0.0477,0.504
5198.281,115.103,-2.4564,1.6956,0.36,11.79,0.35,0.0585,0.0456,0.505
5198.381,115.204,-2.4498,1.6962,0.3592,12.15,0.23,0.0538,0.0493,0.507
5198.481,115.305,-2.444,1.6982,0.3604,12.47,0.17,0.0544,0.0533,0.505
5198.581,115.405,-2.4367,1.7009,0.3578,12.6,0.16,0.0527,0.0567,0.503
5198.681,115.506,-2.431,1.7033,0.3587,12.74,0.34,0.0564,0.0529,0.503
5198.781,115.606,-2.425,1.7054,0.3595,13.06,0.24,0.0543,0.052,0.501
5198.881,115.706,-2.4212,1.7076,0.3607,13.49,0.33,0.0535,0.0511,0.498
5198.981,115.805,-2.4187,1.7098,0.3599,13.73,0.37,0.0484,0.0571,0.495
5199.081,115.906,-2.4137,1.7106,0.3585,13.81,0.32,0.0444,0.052,0.493
5199.181,116.005,-2.4081,1.7102,0.3588,14.05,0.19,0.0446,0.0474,0.494
5199.281,116.105,-2.4017,1.7101,0.3586,14.45,0.21,0.0459,0.0474,0.494
5199.381,116.205,-2.3971,1.7096,0.3598,14.82,0.24,0.0489,0.056,0.494
5199.481,116.307,-2.391,1.7093,0.3577,14.95,0.22,0.0474,0.0624,0.494
5199.581,116.406,-2.3869,1.708,0.3585,15.08,0.32,0.0475,0.0536,0.495
5199.681,116.507,-2.383,1.7067,0.3595,15.39,0.29,0.042,0.0428,0.497
5199.781,116.606,-2.3787,1.7083,0.3606,15.82,0.23,0.0359,0.0344,0.498
5199.881,116.706,-2.3745,1.7109,0.3601,16.0,0.15,0.036,0.0324,0.496
5199.981,116.807,-2.3698,1.7132,0.3593,16.0,0.3,0.0349,0.0262,0.494
5200.081,116.906,-2.3663,1.7154,0.3593,16.1,0.29,0.0354,0.017,0.495
5200.181,117.008,-2.3629,1.7172,0.3582,16.33,0.3,0.0331,0.0144,0.494
5200.281,117.108,-2.3625,1.7185,0.3587,16.44,0.39,0.0334,0.0114,0.492
5200.381,117.208,-2.3607,1.7198,0.3562,16.32,0.26,0.0292,0.0121,0.491
5200.481,117.309,-2.358,1.7193,0.3571,16.29,0.17,0.0291,0.0048,0.491
5200.581,117.409,-2.3539,1.7181,0.3578,16.4,0.08,0.0294,-0.0008,0.493
5200.681,117.509,-2.3502,1.7182,0.359,16.74,0.2,0.0296,-0.0028,0.494
5200.781,117.609,-2.3465,1.7188,0.3587,16.71,0.12,0.0313,0.0106,0.494
5200.881,117.71,-2.3423,1.7187,0.3585,16.44,0.22,0.0323,0.0003,0.495
5200.981,117.81,-2.3392,1.7179,0.359,16.32,0.23,0.0352,0.0058,0.51
5201.081,117.91,-2.3354,1.7183,0.358,16.31,0.18,0.0341,-0.005,0.52
5201.181,118.01,-2.3328,1.7196,0.3589,16.27,0.14,0.0351,-0.0161,0.525
5201.281,118.114,-2.3287,1.7213,0.358,16.33,0.14,0.0352,-0.0186,0.524
5201.381,118.214,-2.3255,1.7222,0.3594,15.92,0.25,0.0364,-0.0175,0.537
5201.481,118.314,-2.3213,1.7228,0.3588,16.07,0.15,0.0357,-0.0411,0.555
5201.581,118.414,-2.318,1.7242,0.3597,16.17,0.23,0.0364,-0.0316,0.563
5201.681,118.514,-2.3149,1.7261,0.3589,16.03,0.18,0.0361,-0.0294,0.567
5201.781,118.614,-2.3107,1.7272,0.359,15.54,0.28,0.0378,-0.0322,0.582
5201.881,118.714,-2.3064,1.7276,0.3593,15.5,0.19,0.0375,-0.0236,0.609
5201.981,118.814,-2.3015,1.7284,0.3583,15.66,0.21,0.0361,-0.0079,0.619
5202.081,118.915,-2.2985,1.7288,0.3592,15.63,0.19,0.0367,0.0,0.622
5202.181,119.017,-2.2942,1.7291,0.3575,15.47,0.17,0.0333,0.0036,0.621
5202.281,119.117,-2.2915,1.7285,0.3585,15.49,0.22,0.0359,-0.0076,0.636
5202.381,119.217,-2.2884,1.7277,0.3597,15.53,0.14,0.0324,0.0033,0.645
5202.481,119.317,-2.2858,1.7286,0.3607,15.56,0.16,0.03,-0.0028,0.649
5202.581,119.417,-2.2833,1.7299,0.361,15.63,0.11,0.0308,0.0013,0.655
5202.681,119.517,-2.2801,1.7302,0.3609,15.44,0.2,0.0292,0.0128,0.662
5202.781,119.617,-2.2778,1.7299,0.3606,15.44,0.17,0.0295,-0.0025,0.674
5202.881,119.718,-2.2747,1.7307,0.3593,15.5,0.16,0.028,0.0029,0.682
5202.981,119.82,-2.273,1.7319,0.3596,15.58,0.15,0.0279,0.0099,0.686
5203.081,119.92,-2.2698,1.7335,0.3577,15.51,0.19,0.0242,0.0087,0.688
5203.181,120.021,-2.2674,1.7343,0.3587,15.44,0.26,0.0266,0.0008,0.7
5203.281,120.12,-2.264,1.7348,0.3574,15.57,0.14,0.0265,-0.0055,0.708
5203.381,120.221,-2.2624,1.7353,0.3583,15.69,0.2,0.0261,-0.0016,0.712
5203.481,120.32,-2.2613,1.7361,0.3584,15.7,0.16,0.0232,0.0022,0.712
5203.581,120.42,-2.259,1.7357,0.3588,15.48,0.16,0.0207,-0.0002,0.719
5203.681,120.52,-2.257,1.7344,0.3586,15.46,0.19,0.0242,-0.0051,0.729
5203.781,120.62,-2.254,1.7345,0.3575,15.62,0.2,0.0238,-0.0023,0.735
5203.881,120.72,-2.2518,1.7352,0.3581,15.68,0.13,0.0246,0.0115,0.736
5203.981,120.82,-2.2484,1.7363,0.3572,15.62,0.16,0.0187,0.0172,0.741
5204.081,120.92,-2.2465,1.7369,0.3585,15.58,0.21,0.0224,0.018,0.753
5204.181,121.02,-2.2442,1.7375,0.3567,15.77,0.13,0.0192,0.018,0.757
5204.281,121.12,-2.2438,1.7382,0.3576,16.01,0.21,0.0203,0.0196,0.757
5204.381,121.22,-2.2437,1.7394,0.3575,16.04,0.23,0.0177,0.0216,0.749
5204.481,121.32,-2.242,1.7394,0.3577,16.0,0.21,0.0157,0.0206,0.752
5204.581,121.421,-2.24,1.7386,0.3575,16.07,0.11,0.019,0.0124,0.755
5204.681,121.521,-2.2372,1.7387,0.3568,16.37,0.16,0.0221,0.0114,0.758
5204.781,121.622,-2.2359,1.7391,0.3578,16.43,0.16,0.0265,0.0092,0.754
5204.881,121.722,-2.2318,1.7405,0.3564,16.33,0.14,0.0257,0.0053,0.759
5204.981,121.823,-2.2288,1.7408,0.358,16.2,0.21,0.0259,0.0014,0.769
5205.081,121.923,-2.2251,1.7411,0.3573,16.33,0.11,0.0255,-0.0081,0.766
5205.181,122.023,-2.2229,1.7416,0.3586,16.48,0.2,0.0253,-0.0065,0.77
5205.281,122.123,-2.2211,1.7423,0.3587,16.42,0.15,0.0263,-0.0043,0.771
5205.381,122.223,-2.2188,1.7421,0.3592,16.17,0.21,0.0241,-0.0055,0.781
5205.481,122.324,-2.2169,1.7413,0.3588,16.17,0.2,0.0234,-0.0096,0.782
5205.581,122.424,-2.2142,1.7418,0.3579,16.27,0.2,0.0203,-0.0132,0.782
5205.681,122.524,-2.2127,1.7428,0.3583,16.26,0.14,0.0203,-0.0132,0.783
5205.781,122.626,-2.2101,1.7437,0.3578,16.05,0.16,0.0187,-0.0087,0.784
5205.881,122.728,-2.2087,1.744,0.3588,15.91,0.19,0.0205,-0.0141,0.783
5205.981,122.828,-2.2064,1.7444,0.357,15.93,0.09,0.0182,-0.0169,0.782
5206.081,122.928,-2.2057,1.7453,0.358,15.96,0.16,0.017,-0.0148,0.783
5206.181,123.028,-2.2052,1.7466,0.3575,15.84,0.16,0.0155,-0.0107,0.784
5206.281,123.129,-2.204,1.7468,0.3578,15.63,0.2,0.0151,-0.0112,0.784
5206.381,123.229,-2.2022,1.7464,0.3579,15.56,0.11,0.0143,-0.0167,0.783
5206.481,123.33,-2.2004,1.7465,0.3573,15.67,0.16,0.0146,-0.0139,0.783
5206.581,123.43,-2.1999,1.7469,0.3576,15.66,0.13,0.0163,-0.0083,0.783
5206.681,123.531,-2.1981,1.747,0.3569,15.47,0.13,0.0136,-0.0083,0.783
5206.781,123.631,-2.197,1.7462,0.3579,15.32,0.17,0.0134,-0.0108,0.782
5206.881,123.732,-2.195,1.7454,0.3567,15.39,0.16,0.0107,-0.0151,0.781
5206.981,123.832,-2.1942,1.7454,0.3577,15.46,0.2,0.01,-0.0113,0.781
5207.081,123.932,-2.193,1.746,0.3573,15.34,0.12,0.0099,-0.0086,0.781
5207.181,124.034,-2.1923,1.746,0.3581,15.12,0.2,0.0109,-0.0097,0.781
5207.281,124.137,-2.1922,1.7455,0.3579,15.1,0.12,0.0119,-0.0133,0.779
5207.381,124.237,-2.1919,1.746,0.3576,15.2,0.12,0.0115,-0.0112,0.779
5207.481,124.337,-2.1927,1.7475,0.358,15.22,0.24,0.0132,-0.0068,0.78
5207.581,124.442,-2.191,1.7483,0.3576,14.99,0.2,0.0135,-0.0067,0.781
5207.681,124.542,-2.1889,1.7481,0.3584,14.89,0.16,0.0159,-0.0124,0.78
5207.781,124.643,-2.1856,1.7482,0.3586,14.95,0.14,0.0185,-0.0131,0.779
5207.881,124.743,-2.1838,1.7483,0.3597,15.0,0.21,0.0185,-0.0131,0.78
5207.981,124.843,-2.1814,1.7483,0.3592,14.88,0.14,0.0209,-0.0071,0.78
5208.081,124.943,-2.1799,1.7473,0.3602,14.72,0.24,0.0204,-0.0083,0.78
5208.181,125.043,-2.1789,1.746,0.3596,14.67,0.24,0.0191,-0.0077,0.778
5208.281,125.143,-2.1773,1.7464,0.3596,14.84,0.22,0.0205,-0.0044,0.777
5208.381,125.243,-2.1762,1.7478,0.3597,14.85,0.16,0.0196,-0.0032,0.778
5208.481,125.343,-2.1734,1.7487,0.3591,14.65,0.2,0.0229,-0.0101,0.779
5208.581,125.444,-2.1713,1.7492,0.3596,14.59,0.2,0.0205,-0.009,0.778
5208.681,125.544,-2.1678,1.75,0.3584,14.67,0.16,0.0228,-0.0093,0.779
5208.781,125.644,-2.1662,1.7505,0.3593,14.64,0.2,0.0234,-0.0057,0.78
5208.881,125.744,-2.1641,1.7512,0.3581,14.56,0.11,0.0234,-0.0065,0.78
5208.981,125.844,-2.1623,1.7509,0.359,14.33,0.2,0.0231,-0.0089,0.78
5209.081,125.944,-2.1607,1.7504,0.3601,14.34,0.12,0.0191,-0.0094,0.779
5209.181,126.044,-2.1589,1.7514,0.3606,14.52,0.17,0.0183,-0.0051,0.779
5209.281,126.145,-2.158,1.7528,0.3598,14.46,0.17,0.0145,-0.007,0.78
5209.381,126.245,-2.1557,1.7537,0.3578,14.28,0.25,0.0173,-0.0066,0.781
5209.481,126.345,-2.1541,1.754,0.3582,14.17,0.21,0.0168,-0.0081,0.78
5209.581,126.445,-2.1519,1.7539,0.3579,14.26,0.16,0.0162,-0.005,0.78
5209.681,126.546,-2.1515,1.7537,0.3587,14.34,0.18,0.0127,-0.0022,0.781
5209.781,126.647,-2.1503,1.7536,0.3558,14.23,0.09,0.009,-0.0034,0.781
5209.881,126.749,-2.1498,1.7526,0.3566,14.06,0.18,0.0092,-0.0068,0.78
5209.981,126.85,-2.1492,1.7509,0.3557,14.11,0.16,0.0,0.0,0.779
5210.081,126.95,-2.149,1.7502,0.3564,14.29,0.21,0.0,0.0,0.778
5210.181,127.05,-2.1497,1.7499,0.3571,14.45,0.14,0.0067,0.0062,0.778
5210.281,127.15,-2.1496,1.7509,0.361,14.64,0.15,0.0,0.0,0.779
5210.381,127.25,-2.1489,1.753,0.3646,14.72,0.39,0.005,0.0031,0.781
5210.481,127.351,-2.1479,1.7563,0.3646,14.5,0.41,0.007,0.0022,0.782
5210.581,127.451,-2.1506,1.7588,0.365,14.6,0.58,0.0096,-0.0056,0.785
5210.681,127.552,-2.1528,1.7603,0.3615,14.55,0.46,0.0021,-0.0045,0.787
5210.781,127.653,-2.1525,1.7594,0.3616,14.03,0.41,0.0006,-0.0046,0.787
5210.881,127.755,-2.1506,1.757,0.3625,14.05,0.19,0.0,-0.0147,0.784
5210.981,127.855,-2.1497,1.7536,0.3626,14.34,0.26,0.0026,-0.0038,0.783
5211.081,127.955,-2.1495,1.7491,0.3615,14.27,0.25,0.0014,0.0003,0.781
5211.181,128.055,-2.1495,1.7441,0.36,14.16,0.43,0.0026,0.0059,0.776
5211.281,128.155,-2.1525,1.7376,0.36,13.88,0.6,0.0003,-0.0161,0.771
5211.381,128.255,-2.1546,1.7352,0.3598,13.74,0.44,0.0001,-0.0126,0.763
5211.481,128.355,-2.1535,1.7374,0.36,13.91,0.21,0.0,-0.0277,0.761
5211.581,128.456,-2.1507,1.7407,0.3603,14.07,0.25,0.0,-0.0115,0.764
5211.681,128.557,-2.1478,1.7429,0.3606,13.76,0.33,0.0,0.0,0.767
5211.781,128.657,-2.1465,1.7437,0.3607,13.63,0.33,0.0,0.0,0.766
5211.881,128.758,-2.1468,1.7439,0.3605,13.64,0.29,0.0,0.0,0.767
5211.981,128.864,-2.1472,1.7439,0.3603,13.65,0.27,0.0034,-0.0044,0.767
5212.081,128.964,-2.1476,1.744,0.3601,14.06,0.26,0.0095,0.0019,0.767
5212.181,129.064,-2.1476,1.7441,0.3599,14.02,0.25,0.0143,0.0329,0.77
5212.281,129.165,-2.1465,1.7459,0.3584,14.1,0.26,0.0179,0.0271,0.769
5212.381,129.266,-2.1468,1.7487,0.3587,14.42,0.43,0.0223,0.0268,0.772
5212.481,129.367,-2.1441,1.7516,0.3568,14.18,0.36,0.0243,0.0335,0.776
5212.581,129.467,-2.1388,1.753,0.3582,14.23,0.39,0.0304,0.0193,0.777
5212.681,129.567,-2.1306,1.754,0.3574,14.44,0.28,0.038,0.0177,0.775
5212.781,129.667,-2.1236,1.7539,0.3589,14.58,0.38,0.0477,0.019,0.767
5212.881,129.768,-2.1167,1.7521,0.3568,14.65,0.34,0.0516,0.0259,0.761
5212.981,129.868,-2.1112,1.7497,0.3565,14.63,0.44,0.0531,0.0157,0.754
5213.081,129.968,-2.1082,1.7471,0.357,14.62,0.5,0.05,0.0166,0.749
5213.181,130.068,-2.1032,1.7477,0.3568,15.0,0.38,0.0449,0.0178,0.746
5213.281,130.17,-2.0979,1.75,0.3586,15.47,0.27,0.0455,0.0366,0.742
5213.381,130.272,-2.0911,1.7534,0.3561,15.86,0.26,0.0465,0.0315,0.737
5213.481,130.372,-2.0863,1.7572,0.3581,15.06,0.38,0.0524,0.0401,0.731
5213.581,130.473,-2.0803,1.7609,0.3574,15.61,0.29,0.0508,-0.0399,0.725
5213.681,130.573,-2.077,1.7635,0.3593,15.71,0.35,0.0537,-0.0167,0.721
5213.781,130.674,-2.0743,1.7653,0.3597,15.87,0.29,0.0496,-0.024,0.718
5213.881,130.774,-2.0697,1.7655,0.361,14.91,0.31,0.046,0.0028,0.715
5213.981,130.875,-2.0642,1.7648,0.3612,14.65,0.19,0.0457,-0.0632,0.709
5214.081,130.977,-2.0576,1.765,0.3607,15.15,0.31,0.0432,-0.0412,0.703
5214.181,131.078,-2.0521,1.7645,0.3614,15.27,0.31,0.0485,-0.006,0.698
5214.281,131.178,-2.0459,1.7641,0.3605,14.64,0.32,0.0486,0.0017,0.693
5214.381,131.278,-2.0427,1.7633,0.3616,14.32,0.32,0.0508,-0.0151,0.686
5214.481,131.378,-2.0386,1.7635,0.3602,14.6,0.2,0.0457,-0.0086,0.683
5214.581,131.478,-2.0349,1.7656,0.3612,14.9,0.25,0.0428,0.0022,0.679
5214.681,131.578,-2.0307,1.7686,0.3616,15.04,0.16,0.0421,0.0187,0.676
5214.781,131.678,-2.0261,1.7711,0.3621,14.97,0.35,0.0445,0.0278,0.672
5214.881,131.781,-2.0212,1.7739,0.3605,14.9,0.3,0.0466,0.0196,0.667
5214.981,131.88,-2.0164,1.7768,0.3589,15.18,0.38,0.0459,0.0097,0.662
5215.081,131.981,-2.0141,1.7787,0.3594,15.41,0.37,0.0481,0.029,0.659
5215.181,132.081,-2.0096,1.7796,0.3585,15.23,0.23,0.0436,0.0319,0.656
5215.281,132.184,-2.0052,1.7791,0.3596,15.26,0.16,0.0446,0.0292,0.652
5215.381,132.284,-1.9986,1.7789,0.3561,15.72,0.14,0.0424,0.0268,0.647
5215.481,132.384,-1.9932,1.7789,0.3573,15.86,0.33,0.046,0.0367,0.641
5215.581,132.484,-1.9872,1.7792,0.3579,16.06,0.31,0.047,0.0347,0.637
5215.681,132.584,-1.9832,1.7789,0.359,15.99,0.38,0.048,0.0418,0.631
5215.781,132.684,-1.9803,1.7783,0.3579,16.21,0.33,0.0454,0.0275,0.628
5215.881,132.784,-1.9764,1.7806,0.3576,16.82,0.21,0.0395,0.0277,0.625
5215.981,132.885,-1.9733,1.7845,0.3582,16.87,0.15,0.0391,0.0223,0.622
5216.081,132.985,-1.9684,1.7891,0.3565,16.57,0.33,0.0391,0.0223,0.619
5216.181,133.085,-1.9635,1.7937,0.3579,16.55,0.55,0.0446,0.013,0.614
5216.281,133.186,-1.9572,1.7976,0.3571,16.58,0.52,0.0468,0.0172,0.608
5216.381,133.286,-1.9548,1.799,0.3589,17.12,0.46,0.0531,0.0118,0.603
5216.481,133.386,-1.9522,1.7998,0.3577,17.28,0.33,0.0456,0.0417,0.602
5216.581,133.486,-1.9478,1.7986,0.3584,17.15,0.18,0.0413,0.0354,0.599
5216.681,133.586,-1.9424,1.7961,0.3586,17.27,0.18,0.0401,0.0344,0.594
5216.781,133.686,-1.9363,1.7951,0.359,17.61,0.35,0.0396,0.0262,0.589
5216.881,133.786,-1.9303,1.7941,0.3596,17.81,0.36,0.0436,0.0326,0.584
5216.981,133.886,-1.924,1.7936,0.3589,17.72,0.42,0.0428,0.0357,0.578
5217.081,133.986,-1.9212,1.7927,0.3596,17.93,0.39,0.0439,0.0265,0.573
5217.181,134.086,-1.9177,1.7937,0.3586,18.22,0.21,0.0439,0.0265,0.57
5217.281,134.186,-1.9146,1.7972,0.36,18.49,0.17,0.0428,0.0393,0.567
5217.381,134.286,-1.9104,1.8021,0.3593,18.63,0.22,0.0423,0.0421,0.565
5217.481,134.386,-1.9051,1.8064,0.3599,18.81,0.49,0.0446,0.0341,0.56
5217.581,134.486,-1.899,1.811,0.36,18.79,0.48,0.0446,0.0341,0.556
5217.681,134.589,-1.8946,1.8141,0.3603,18.98,0.52,0.0475,0.0221,0.55
5217.781,134.69,-1.893,1.8153,0.3601,19.16,0.44,0.0505,0.0449,0.547
5217.881,134.789,-1.8889,1.8154,0.3584,19.21,0.26,0.0441,0.049,0.545
5217.981,134.889,-1.8844,1.8138,0.3587,19.61,0.1,0.0441,0.0469,0.541
5218.081,134.989,-1.8781,1.8132,0.3576,20.01,0.17,0.0409,0.0443,0.537
5218.181,135.089,-1.8726,1.813,0.3593,20.55,0.33,0.0423,0.0324,0.532
5218.281,135.189,-1.866,1.8137,0.3584,20.76,0.27,0.0442,0.037,0.527
5218.381,135.289,-1.8619,1.8138,0.3597,20.28,0.3,0.0453,0.0386,0.521
5218.481,135.389,-1.859,1.8139,0.3592,20.4,0.23,0.0443,0.016,0.517
5218.581,135.49,-1.8562,1.8163,0.3594,21.0,0.19,0.037,0.0327,0.514
5218.681,135.589,-1.8544,1.82,0.3599,21.12,0.24,0.037,0.0327,0.513
5218.781,135.689,-1.8507,1.8237,0.3592,20.84,0.33,0.0375,0.0114,0.511
5218.881,135.789,-1.8471,1.8271,0.3598,20.98,0.45,0.0375,0.0073,0.507
5218.981,135.889,-1.8422,1.8303,0.3585,21.09,0.4,0.0375,0.0073,0.503
5219.081,135.989,-1.8405,1.8317,0.3597,21.34,0.39,0.0395,0.0212,0.499
5219.181,136.09,-1.8384,1.8329,0.3588,21.41,0.26,0.0353,0.0291,0.498
5219.281,136.189,-1.8345,1.8325,0.3594,21.18,0.19,0.0365,0.017,0.496
5219.381,136.291,-1.8294,1.8312,0.3572,21.61,0.09,0.0347,0.0244,0.492
5219.481,136.39,-1.8241,1.8308,0.3564,21.93,0.3,0.0347,0.0244,0.487
5219.581,136.49,-1.8189,1.8305,0.3568,21.92,0.29,0.0384,0.0336,0.483
5219.681,136.59,-1.8135,1.8305,0.3563,21.76,0.35,0.0412,0.0088,0.478
5219.781,136.692,-1.8112,1.8299,0.3572,22.01,0.33,0.0363,0.0159,0.473
5219.881,136.792,-1.8082,1.8308,0.354,21.89,0.19,0.0363,0.0159,0.471
5219.981,136.892,-1.8063,1.8335,0.3557,22.08,0.11,0.035,0.0175,0.468
5220.081,136.992,-1.8035,1.8377,0.3551,22.12,0.1,0.0351,0.0389,0.467
5220.181,137.092,-1.8004,1.8411,0.3564,22.29,0.36,0.0351,0.0389,0.463
5220.281,137.192,-1.7964,1.8444,0.3576,22.23,0.3,0.0311,0.0255,0.461
5220.381,137.292,-1.7939,1.847,0.3589,22.82,0.37,0.0311,0.0255,0.457
5220.481,137.392,-1.7934,1.8487,0.3588,22.8,0.37,0.0213,0.035,0.456
5220.581,137.492,-1.7909,1.8494,0.3571,22.76,0.3,0.017,0.0322,0.455
5220.681,137.592,-1.789,1.8489,0.3576,22.85,0.19,0.0109,0.0361,0.453
5220.781,137.692,-1.7868,1.848,0.3569,23.14,0.14,0.0083,0.0426,0.451
5220.881,137.792,-1.7869,1.8462,0.358,23.72,0.18,0.0034,0.0566,0.45
5220.981,137.892,-1.7868,1.845,0.3567,23.84,0.06,0.001,0.0572,0.451
5221.081,137.992,-1.7877,1.8426,0.357,23.94,0.21,0.001,0.0572,0.451
5221.181,138.092,-1.7887,1.8393,0.3576,24.2,0.29,0.0,0.054,0.453
5221.281,138.193,-1.7891,1.8393,0.3582,24.75,0.1,0.0,0.054,0.454
5221.381,138.293,-1.79,1.8411,0.3584,25.1,0.17,0.0044,0.06,0.456
5221.481,138.395,-1.7888,1.8429,0.3575,25.13,0.25,0.0144,0.0488,0.457
5221.581,138.495,-1.7874,1.8444,0.3578,25.44,0.25,0.0194,0.0476,0.456
5221.681,138.595,-1.7849,1.8458,0.3577,25.87,0.27,0.0261,0.0454,0.455
5221.781,138.695,-1.7842,1.847,0.359,26.12,0.31,0.0292,0.0456,0.454
5221.881,138.795,-1.7825,1.8492,0.357,26.29,0.31,0.0292,0.0456,0.453
5221.981,138.895,-1.779,1.8506,0.358,26.23,0.36,0.0328,0.0359,0.452
5222.081,138.995,-1.7743,1.8514,0.3597,26.4,0.24,0.0328,0.0359,0.448
5222.181,139.095,-1.7701,1.8523,0.3609,26.78,0.29,0.0393,0.046,0.448
5222.281,139.195,-1.7665,1.8524,0.3604,26.99,0.18,0.0359,0.0414,0.448
5222.381,139.298,-1.7616,1.8522,0.3585,27.08,0.24,0.0379,0.0358,0.448
5222.481,139.398,-1.7586,1.851,0.3592,27.11,0.28,0.0379,0.0358,0.448
5222.581,139.498,-1.7551,1.8513,0.3593,27.55,0.2,0.0252,0.0471,0.448
5222.681,139.598,-1.7528,1.8521,0.3605,27.76,0.24,0.0201,0.0498,0.448
5222.781,139.699,-1.75,1.8536,0.3587,27.85,0.18,0.018,0.0507,0.449
5222.881,139.804,-1.7493,1.8542,0.3591,28.03,0.22,0.0146,0.0542,0.448
5222.981,139.905,-1.7493,1.8543,0.3612,28.16,0.04,0.0085,0.0553,0.448
5223.081,140.006,-1.7507,1.8552,0.3619,28.75,0.19,0.0085,0.0553,0.448
5223.181,140.106,-1.7536,1.8565,0.3605,29.16,0.33,0.0062,0.062,0.448
5223.281,140.207,-1.7538,1.8573,0.3586,29.26,0.36,0.0004,0.0618,0.448
5223.381,140.307,-1.7533,1.8571,0.3587,29.33,0.25,0.005,0.0596,0.448
5223.481,140.408,-1.7523,1.8562,0.3583,30.1,0.26,0.0119,0.0597,0.448
5223.581,140.507,-1.7532,1.8545,0.3588,30.53,0.26,0.0119,0.0597,0.448
5223.681,140.607,-1.7524,1.8536,0.3574,30.45,0.09,0.0126,0.0538,0.448
5223.781,140.708,-1.7504,1.8514,0.3583,30.59,0.17,0.016,0.0405,0.448
5223.881,140.808,-1.7471,1.849,0.3588,30.79,0.25,0.0187,0.0371,0.448
5223.981,140.908,-1.7431,1.8496,0.36,31.35,0.35,0.0256,0.0456,0.448
5224.081,141.011,-1.7386,1.8515,0.36,31.57,0.28,0.0308,0.043,0.448
5224.181,141.114,-1.7346,1.8536,0.3599,31.59,0.32,0.0375,0.0445,0.448
5224.281,141.214,-1.7327,1.8555,0.3604,31.73,0.22,0.0335,0.0441,0.448
5224.381,141.314,-1.7307,1.8586,0.3602,32.21,0.19,0.0338,0.0507,0.448
5224.481,141.414,-1.7306,1.8617,0.3608,32.29,0.33,0.0307,0.0474,0.449
5224.581,141.515,-1.7286,1.8654,0.3587,32.44,0.31,0.0291,0.047,0.448
5224.681,141.615,-1.7261,1.8687,0.3595,32.58,0.51,0.0306,0.0417,0.448
5224.781,141.715,-1.7225,1.8718,0.3596,32.9,0.41,0.0335,0.049,0.448
5224.881,141.816,-1.7208,1.8725,0.3608,33.37,0.35,0.0325,0.0599,0.448
5224.981,141.915,-1.7199,1.8722,0.3595,33.56,0.2,0.0271,0.057,0.448
5225.081,142.015,-1.7169,1.871,0.3586,33.75,0.14,0.028,0.0532,0.448
5225.181,142.115,-1.7139,1.8685,0.3587,33.96,0.28,0.0262,0.0468,0.448
5225.281,142.216,-1.7101,1.8686,0.3582,34.4,0.27,0.0276,0.0516,0.449
5225.381,142.315,-1.7067,1.8698,0.3593,34.76,0.27,0.0283,0.054,0.448
5225.481,142.418,-1.7021,1.8723,0.3577,34.82,0.26,0.0326,0.0457,0.448
5225.581,142.518,-1.7,1.8739,0.3589,34.93,0.25,0.031,0.0399,0.448
5225.681,142.618,-1.6979,1.8756,0.3586,35.24,0.09,0.029,0.0402,0.448
5225.781,142.717,-1.6974,1.8776,0.3597,35.63,0.2,0.0291,0.0469,0.448
5225.881,142.818,-1.6974,1.8801,0.3597,35.81,0.27,0.0264,0.0484,0.448
5225.981,142.919,-1.695,1.8824,0.3597,35.79,0.35,0.0274,0.0412,0.448
5226.081,143.021,-1.6921,1.8846,0.3592,36.06,0.27,0.0279,0.0386,0.449
5226.181,143.121,-1.689,1.8869,0.3582,36.4,0.29,0.0326,0.0413,0.449
5226.281,143.221,-1.6876,1.888,0.3587,36.63,0.27,0.0298,0.0449,0.448
5226.381,143.322,-1.6845,1.8896,0.3574,36.71,0.18,0.0291,0.0433,0.448
5226.481,143.423,-1.6818,1.8902,0.3586,36.82,0.17,0.0294,0.0374,0.448
5226.581,143.524,-1.6786,1.8911,0.3576,37.14,0.09,0.0286,0.0387,0.448
5226.681,143.624,-1.6768,1.8924,0.3589,37.45,0.19,0.0301,0.0434,0.448
5226.781,143.724,-1.6749,1.8943,0.3587,37.62,0.15,0.0301,0.0434,0.448
5226.881,143.826,-1.6719,1.8957,0.3591,37.66,0.19,0.0308,0.0417,0.448
5226.981,143.926,-1.6694,1.8965,0.3597,37.85,0.14,0.0284,0.0393,0.448
5227.081,144.027,-1.6671,1.8986,0.3597,38.26,0.19,0.0284,0.0393,0.449
5227.181,144.127,-1.6662,1.9007,0.3603,38.51,0.23,0.0294,0.0436,0.448
5227.281,144.227,-1.6635,1.9032,0.3595,38.57,0.22,0.0254,0.0538,0.448
5227.381,144.327,-1.6614,1.905,0.3602,38.68,0.28,0.027,0.0453,0.448
5227.481,144.43,-1.6587,1.9071,0.3587,39.07,0.22,0.027,0.0453,0.448
5227.581,144.53,-1.6579,1.9084,0.3597,39.42,0.26,0.0266,0.0466,0.449
5227.681,144.631,-1.6573,1.91,0.3599,39.62,0.23,0.0235,0.0471,0.449
5227.781,144.731,-1.6551,1.911,0.3602,39.66,0.23,0.022,0.0395,0.449
5227.881,144.831,-1.6529,1.9114,0.3604,39.83,0.16,0.0202,0.0344,0.448
5227.981,144.931,-1.6512,1.913,0.3602,40.2,0.22,0.0222,0.0401,0.448
5228.081,145.032,-1.6508,1.9142,0.3601,40.41,0.22,0.0205,0.0431,0.449
5228.181,145.133,-1.6487,1.9161,0.3577,40.49,0.23,0.021,0.042,0.448
5228.281,145.234,-1.6471,1.917,0.3582,40.6,0.22,0.0222,0.0367,0.449
5228.381,145.335,-1.6449,1.9182,0.3576,40.88,0.18,0.0245,0.0399,0.449
5228.481,145.434,-1.6443,1.9191,0.3587,41.21,0.24,0.0245,0.0399,0.448
5228.581,145.536,-1.6433,1.9209,0.3574,41.34,0.23,0.0223,0.0474,0.448
5228.681,145.636,-1.6408,1.9221,0.358,41.41,0.24,0.024,0.046,0.449
5228.781,145.736,-1.6379,1.9229,0.3583,41.72,0.13,0.024,0.046,0.448
5228.881,145.836,-1.6355,1.9241,0.3587,42.2,0.2,0.0229,0.0437,0.448
5228.981,145.936,-1.6341,1.9251,0.359,42.43,0.18,0.0252,0.0459,0.449
5229.081,146.036,-1.6314,1.9266,0.3576,42.52,0.16,0.0247,0.047,0.449
5229.181,146.137,-1.6297,1.9269,0.3582,42.78,0.14,0.0245,0.0385,0.448
5229.281,146.237,-1.6275,1.9279,0.3569,43.06,0.1,0.0241,0.0405,0.449
5229.381,146.337,-1.627,1.9292,0.3581,43.28,0.18,0.0244,0.044,0.45
5229.481,146.437,-1.6263,1.9317,0.3582,43.5,0.17,0.0214,0.0454,0.449
5229.581,146.537,-1.6245,1.9339,0.3591,43.39,0.28,0.024,0.0356,0.448
5229.681,146.637,-1.6222,1.936,0.3587,43.61,0.21,0.024,0.0356,0.449
5229.781,146.737,-1.6206,1.9381,0.3588,43.9,0.26,0.0258,0.041,0.448
5229.881,146.837,-1.6203,1.9393,0.3589,44.21,0.26,0.0227,0.0437,0.449
5229.981,146.937,-1.6181,1.9412,0.3571,44.3,0.25,0.0221,0.0431,0.448
5230.081,147.037,-1.6161,1.9421,0.358,44.33,0.2,0.0228,0.0357,0.45
5230.181,147.137,-1.6135,1.9433,0.3579,44.68,0.17,0.0227,0.0405,0.448
5230.281,147.237,-1.6123,1.9437,0.3591,44.93,0.21,0.0227,0.0405,0.449
5230.381,147.339,-1.611,1.9451,0.3579,45.12,0.15,0.0201,0.0486,0.448
5230.481,147.439,-1.6091,1.9458,0.3585,45.22,0.2,0.0212,0.0442,0.449
5230.581,147.539,-1.607,1.9459,0.3578,45.48,0.11,0.0197,0.0407,0.448
5230.681,147.639,-1.6055,1.9467,0.3577,45.8,0.18,0.0184,0.0421,0.449
5230.781,147.739,-1.6051,1.9475,0.3578,46.06,0.17,0.0191,0.0421,0.448
5230.881,147.84,-1.6033,1.949,0.3568,46.07,0.18,0.0176,0.0423,0.45
5230.981,147.94,-1.602,1.9494,0.3574,46.23,0.15,0.0176,0.0423,0.448
5231.081,148.04,-1.6004,1.9503,0.3567,46.52,0.12,0.0183,0.0431,0.449
5231.181,148.14,-1.6004,1.9513,0.358,46.84,0.19,0.0183,0.0493,0.45
5231.281,148.24,-1.5999,1.9533,0.3567,47.01,0.21,0.0164,0.0501,0.449
5231.381,148.34,-1.5986,1.9549,0.3575,47.12,0.29,0.0194,0.0468,0.448
5231.481,148.44,-1.5968,1.9562,0.3579,47.39,0.21,0.0199,0.0468,0.448
5231.581,148.54,-1.596,1.9573,0.3586,47.79,0.25,0.0209,0.0502,0.449
5231.681,148.64,-1.5965,1.9578,0.359,47.98,0.28,0.0192,0.054,0.449
5231.781,148.74,-1.5946,1.9589,0.3582,48.07,0.17,0.017,0.053,0.448
5231.881,148.84,-1.5923,1.9588,0.3587,48.42,0.11,0.018,0.0455,0.449
5231.981,148.94,-1.5895,1.9598,0.3578,48.75,0.12,0.018,0.0458,0.451
5232.081,149.04,-1.5879,1.9607,0.3591,49.14,0.2,0.018,0.0458,0.449
5232.181,149.14,-1.5863,1.9629,0.3584,49.28,0.12,0.0187,0.0505,0.45
5232.281,149.24,-1.5848,1.9643,0.3591,49.33,0.22,0.0219,0.0398,0.448
5232.381,149.34,-1.5837,1.9653,0.3588,49.57,0.13,0.0179,0.0367,0.448
5232.481,149.441,-1.5836,1.9666,0.3589,49.88,0.21,0.0184,0.0426,0.449
5232.581,149.541,-1.585,1.9675,0.3588,50.15,0.29,0.0149,0.0472,0.448
5232.681,149.641,-1.5846,1.9693,0.357,50.24,0.31,0.014,0.0514,0.449
5232.781,149.741,-1.5837,1.9706,0.3574,50.34,0.3,0.0184,0.0485,0.449
5232.881,149.841,-1.582,1.9718,0.3572,50.77,0.26,0.0184,0.0485,0.448
5232.981,149.941,-1.5818,1.9719,0.3584,51.21,0.29,0.0215,0.0475,0.448
5233.081,150.041,-1.5813,1.9733,0.3565,51.42,0.23,0.017,0.0538,0.449
5233.181,150.142,-1.5795,1.9744,0.3572,51.39,0.24,0.0213,0.0507,0.448
5233.281,150.242,-1.5771,1.9749,0.359,51.47,0.14,0.0204,0.0375,0.448
5233.381,150.343,-1.5754,1.976,0.36,52.1,0.2,0.0212,0.0292,0.449
5233.481,150.443,-1.5746,1.9767,0.3598,52.3,0.17,0.0215,0.0406,0.448
5233.581,150.543,-1.5721,1.9781,0.3585,52.08,0.17,0.0217,0.054,0.448
5233.681,150.643,-1.5701,1.9781,0.3587,52.34,0.14,0.022,0.0422,0.449
5233.781,150.744,-1.5677,1.9792,0.3572,52.81,0.13,0.02,0.0551,0.449
5233.881,150.844,-1.5668,1.9804,0.3584,53.17,0.18,0.021,0.0558,0.449
5233.981,150.944,-1.5657,1.9832,0.3573,53.27,0.14,0.0177,0.0563,0.448
5234.081,151.044,-1.5651,1.9852,0.3581,53.42,0.29,0.0219,0.0507,0.449
5234.181,151.144,-1.5648,1.987,0.3575,53.73,0.22,0.0199,0.0445,0.449
5234.281,151.244,-1.5656,1.988,0.3581,54.2,0.3,0.02,0.0558,0.45
5234.381,151.344,-1.568,1.9882,0.358,54.44,0.39,0.0176,0.0619,0.448
5234.481,151.444,-1.5675,1.9895,0.3567,54.51,0.35,0.0141,0.0585,0.449
5234.581,151.544,-1.5658,1.9906,0.3572,54.72,0.25,0.0155,0.055,0.448
5234.681,151.644,-1.5633,1.992,0.3567,55.15,0.23,0.0175,0.0577,0.45
5234.781,151.744,-1.562,1.9922,0.3582,55.56,0.24,0.0212,0.0647,0.448
5234.881,151.844,-1.5603,1.9936,0.3576,55.82,0.15,0.0181,0.0661,0.449
5234.981,151.944,-1.5586,1.9944,0.3585,55.95,0.19,0.02,0.0605,0.448
5235.081,152.044,-1.5572,1.9947,0.3603,56.21,0.08,0.0181,0.0575,0.448
5235.181,152.144,-1.5575,1.9961,0.3612,56.74,0.2,0.0184,0.0598,0.449
5235.281,152.247,-1.5591,1.9972,0.3604,57.04,0.31,0.0164,0.0655,0.449
5235.381,152.347,-1.5584,1.9995,0.3584,57.15,0.38,0.0155,0.0656,0.448
5235.481,152.447,-1.5575,2.0014,0.3586,57.45,0.36,0.0187,0.0624,0.448
5235.581,152.547,-1.5564,2.0033,0.3589,57.9,0.33,0.0219,0.0661,0.448
5235.681,152.647,-1.5566,2.0032,0.3599,58.34,0.35,0.023,0.0737,0.449
5235.781,152.747,-1.5561,2.0041,0.3584,58.64,0.28,0.0187,0.0758,0.45
5235.881,152.848,-1.5536,2.0047,0.3589,58.86,0.19,0.0219,0.0724,0.448
5235.981,152.948,-1.5506,2.0056,0.3597,59.18,0.08,0.0232,0.0691,0.449
5236.081,153.048,-1.549,2.0078,0.3609,59.89,0.19,0.0262,0.0681,0.449
5236.181,153.148,-1.548,2.0103,0.3606,60.1,0.2,0.0252,0.0734,0.449
5236.281,153.248,-1.5456,2.0136,0.3592,60.25,0.24,0.0263,0.074,0.449
5236.381,153.348,-1.5444,2.0157,0.3597,60.56,0.22,0.028,0.0682,0.449
5236.481,153.449,-1.5433,2.0177,0.3598,61.1,0.21,0.0275,0.0704,0.45
5236.581,153.552,-1.5438,2.0185,0.3607,61.54,0.29,0.0261,0.0812,0.45
5236.681,153.653,-1.5437,2.0207,0.3574,61.88,0.25,0.0217,0.0818,0.449
5236.781,153.756,-1.5428,2.0224,0.3577,62.11,0.33,0.0255,0.0775,0.449
5236.881,153.857,-1.5411,2.0244,0.3578,62.56,0.23,0.0248,0.0744,0.448
5236.981,153.957,-1.5406,2.0257,0.3588,63.1,0.28,0.0277,0.0766,0.449
5237.081,154.057,-1.5407,2.0265,0.3589,63.5,0.3,0.0274,0.0816,0.449
5237.181,154.157,-1.5381,2.0285,0.3585,63.64,0.18,0.0251,0.0816,0.45
5237.281,154.257,-1.535,2.0298,0.3587,64.01,0.12,0.0268,0.0769,0.449
5237.381,154.358,-1.5319,2.0324,0.3579,64.55,0.18,0.0283,0.0803,0.45
5237.481,154.457,-1.5298,2.0348,0.3593,65.03,0.23,0.0308,0.0832,0.45
5237.581,154.557,-1.5276,2.0387,0.3581,65.27,0.13,0.0315,0.0844,0.45
5237.681,154.659,-1.5263,2.0411,0.359,65.51,0.23,0.0351,0.0802,0.45
5237.781,154.76,-1.5256,2.0434,0.3588,66.0,0.13,0.0316,0.0812,0.449
5237.881,154.859,-1.5267,2.0456,0.3598,66.57,0.26,0.0301,0.0832,0.45
5237.981,154.959,-1.5287,2.0475,0.3594,66.98,0.35,0.0288,0.0881,0.448
5238.081,155.059,-1.5279,2.0509,0.3586,67.21,0.38,0.0268,0.086,0.449
5238.181,155.159,-1.5265,2.0543,0.3585,67.59,0.31,0.0306,0.0795,0.449
5238.281,155.259,-1.525,2.0579,0.3578,68.16,0.31,0.0339,0.0808,0.448
5238.381,155.359,-1.5243,2.0595,0.359,68.65,0.33,0.037,0.0877,0.448
5238.481,155.46,-1.5226,2.0626,0.3575,68.93,0.2,0.0351,0.0876,0.449
5238.581,155.56,-1.5199,2.0652,0.3585,69.22,0.2,0.0381,0.0819,0.45
5238.681,155.66,-1.5168,2.0682,0.3591,69.65,0.13,0.0379,0.0777,0.449
5238.781,155.76,-1.5149,2.0717,0.3605,70.23,0.25,0.0388,0.0694,0.449
5238.881,155.862,-1.5135,2.0757,0.3588,70.56,0.16,0.0379,0.0771,0.449
5238.981,155.962,-1.5116,2.0801,0.3574,70.79,0.27,0.0407,0.078,0.449
5239.081,156.062,-1.5109,2.0831,0.358,71.14,0.24,0.0419,0.079,0.448
5239.181,156.163,-1.511,2.0863,0.3581,71.73,0.26,0.0413,0.0817,0.448
5239.281,156.264,-1.5128,2.0883,0.3593,72.22,0.43,0.0413,0.0867,0.449
5239.381,156.364,-1.5132,2.0926,0.3569,72.51,0.38,0.0384,0.0869,0.449
5239.481,156.465,-1.512,2.0975,0.3581,72.79,0.45,0.0417,0.0812,0.448
5239.581,156.565,-1.5101,2.1034,0.3574,73.27,0.36,0.0436,0.077,0.449
5239.681,156.665,-1.5086,2.1071,0.3591,73.83,0.37,0.0489,0.0766,0.449
5239.781,156.765,-1.5071,2.1101,0.359,74.16,0.26,0.0477,0.0827,0.448
5239.881,156.866,-1.5037,2.114,0.359,74.39,0.18,0.0455,0.0802,0.449
5239.981,156.969,-1.5002,2.117,0.3592,74.8,0.18,0.0454,0.0744,0.448
5240.081,157.071,-1.4979,2.1217,0.3589,75.32,0.21,0.0452,0.0771,0.448
5240.181,157.17,-1.4968,2.1264,0.3601,75.84,0.19,0.0478,0.0803,0.448
5240.281,157.27,-1.4952,2.1334,0.359,76.12,0.18,0.0478,0.08,0.45
5240.381,157.371,-1.4949,2.1385,0.3601,76.38,0.32,0.0536,0.0773,0.448
5240.481,157.471,-1.4951,2.1442,0.3585,76.84,0.24,0.0526,0.0772,0.448
5240.581,157.57,-1.4969,2.1479,0.3597,77.36,0.39,0.0538,0.0782,0.448
5240.681,157.67,-1.4986,2.1511,0.3602,77.73,0.47,0.0492,0.0796,0.449
5240.781,157.77,-1.4968,2.1566,0.3605,77.9,0.39,0.0447,0.0825,0.449
5240.881,157.871,-1.4943,2.1626,0.3603,78.28,0.3,0.0488,0.0731,0.449
5240.981,157.972,-1.4924,2.1689,0.3599,78.79,0.31,0.0521,0.0725,0.448
5241.081,158.074,-1.4909,2.1735,0.3607,79.22,0.29,0.055,0.0756,0.448
5241.181,158.175,-1.4885,2.1801,0.3594,79.45,0.19,0.0546,0.0777,0.448
5241.281,158.275,-1.4864,2.1851,0.3603,79.74,0.23,0.0574,0.0709,0.449
5241.381,158.375,-1.485,2.1908,0.3593,80.16,0.15,0.0569,0.0691,0.449
5241.481,158.475,-1.4855,2.1956,0.3607,80.67,0.26,0.0553,0.0678,0.449
5241.581,158.575,-1.486,2.2008,0.3613,81.0,0.21,0.0546,0.0725,0.449
5241.681,158.675,-1.4843,2.2069,0.3617,81.11,0.27,0.054,0.079,0.449
5241.781,158.775,-1.4828,2.2127,0.3617,81.44,0.22,0.0567,0.0695,0.449
5241.881,158.875,-1.4828,2.219,0.3613,81.98,0.28,0.0571,0.0673,0.449
5241.981,158.975,-1.4838,2.224,0.3616,82.35,0.35,0.059,0.0694,0.449
5242.081,159.078,-1.4839,2.2317,0.3585,82.56,0.35,0.0567,0.0661,0.449
5242.181,159.178,-1.4839,2.2389,0.3591,82.78,0.46,0.062,0.0612,0.449
5242.281,159.28,-1.4838,2.2467,0.3584,83.18,0.38,0.0624,0.0564,0.449
5242.381,159.38,-1.4843,2.2514,0.3601,83.61,0.4,0.0661,0.0566,0.448
5242.481,159.48,-1.4846,2.256,0.359,83.87,0.36,0.0601,0.0612,0.449
5242.581,159.58,-1.4825,2.2621,0.3594,83.99,0.31,0.0548,0.0584,0.448
5242.681,159.68,-1.4798,2.2686,0.3593,84.29,0.18,0.0555,0.0521,0.449
5242.781,159.78,-1.4782,2.2754,0.3594,84.73,0.26,0.0572,0.0532,0.448
5242.881,159.88,-1.477,2.2813,0.36,85.03,0.2,0.0602,0.058,0.448
5242.981,159.981,-1.4753,2.2892,0.3581,85.14,0.22,0.0592,0.0571,0.448
5243.081,160.081,-1.4744,2.2946,0.3592,85.34,0.24,0.0642,0.0502,0.449
5243.181,160.181,-1.4743,2.3006,0.3585,85.69,0.16,0.0617,0.0463,0.449
5243.281,160.281,-1.4758,2.3049,0.36,86.06,0.3,0.0596,0.047,0.449
5243.381,160.381,-1.4777,2.3097,0.3596,86.26,0.34,0.055,0.0517,0.449
5243.481,160.481,-1.4775,2.3158,0.3601,86.33,0.41,0.0511,0.0508,0.449
5243.581,160.581,-1.4772,2.3223,0.3608,86.54,0.35,0.0527,0.0464,0.448
5243.681,160.681,-1.4778,2.3281,0.3611,86.97,0.37,0.0548,0.0472,0.449
5243.781,160.781,-1.4787,2.3316,0.3614,87.23,0.38,0.057,0.0519,0.448
5243.881,160.882,-1.4781,2.3376,0.359,87.37,0.32,0.052,0.0541,0.449
5243.981,160.982,-1.4769,2.3428,0.3597,87.56,0.29,0.0549,0.0476,0.448
5244.081,161.082,-1.4759,2.3491,0.3592,87.92,0.26,0.0552,0.0464,0.449
5244.181,161.182,-1.476,2.3538,0.3606,88.28,0.32,0.0575,0.0498,0.448
5244.281,161.282,-1.4765,2.3594,0.3597,88.53,0.29,0.0547,0.0524,0.448
5244.381,161.382,-1.4758,2.366,0.3602,88.59,0.33,0.0547,0.0499,0.449
5244.481,161.483,-1.4751,2.3723,0.3613,88.78,0.27,0.0579,0.0456,0.449
5244.581,161.583,-1.4759,2.3781,0.3618,89.22,0.32,0.0572,0.0456,0.448
5244.681,161.683,-1.4773,2.3821,0.3623,89.52,0.38,0.0588,0.0504,0.448
5244.781,161.783,-1.4768,2.3883,0.3609,89.61,0.27,0.0543,0.0519,0.448
5244.881,161.883,-1.4757,2.3941,0.3613,89.71,0.22,0.0561,0.0449,0.448
5244.981,161.983,-1.475,2.4014,0.3598,90.02,0.2,0.0577,0.0349,0.448
5245.081,162.085,-1.4754,2.4072,0.3609,90.31,0.28,0.0633,0.0271,0.448
5245.181,162.185,-1.4759,2.4145,0.3585,90.37,0.21,0.065,0.0273,0.448
5245.281,162.287,-1.4755,2.4221,0.359,90.32,0.33,0.0674,0.0218,0.448
5245.381,162.387,-1.4757,2.4294,0.3596,90.49,0.25,0.0691,0.0112,0.448
5245.481,162.487,-1.4773,2.4361,0.3601,90.59,0.38,0.0705,0.0027,0.449
5245.581,162.587,-1.4797,2.4411,0.3603,90.67,0.51,0.0713,0.0004,0.449
5245.681,162.687,-1.4802,2.4494,0.3585,90.62,0.42,0.067,-0.0005,0.448
5245.781,162.787,-1.4801,2.4578,0.3597,90.48,0.43,0.0718,-0.0066,0.448
5245.881,162.888,-1.4803,2.4671,0.3592,90.57,0.36,0.0724,-0.0132,0.448
5245.981,162.989,-1.4805,2.4734,0.3608,90.63,0.37,0.076,-0.0032,0.448
5246.081,163.091,-1.4807,2.4812,0.3588,90.57,0.26,0.076,-0.0032,0.449
5246.181,163.191,-1.4794,2.4893,0.36,90.19,0.32,0.0718,-0.004,0.449
5246.281,163.291,-1.4782,2.4972,0.3601,90.26,0.19,0.0737,-0.016,0.448
5246.381,163.391,-1.4784,2.5043,0.3607,90.61,0.27,0.0732,-0.0115,0.448
5246.481,163.491,-1.479,2.5106,0.3607,90.31,0.26,0.0737,0.0016,0.448
5246.581,163.591,-1.4781,2.519,0.3597,90.34,0.22,0.069,-0.0051,0.449
5246.681,163.691,-1.4773,2.5258,0.3605,90.25,0.22,0.0686,-0.0211,0.449
5246.781,163.791,-1.4773,2.5335,0.3592,90.18,0.18,0.0686,-0.0211,0.448
5246.881,163.891,-1.4785,2.5395,0.3604,90.32,0.27,0.0688,-0.0209,0.448
5246.981,163.991,-1.48,2.5467,0.3594,90.06,0.23,0.0662,-0.0084,0.448
5247.081,164.092,-1.4802,2.5542,0.3608,89.6,0.36,0.0676,-0.0177,0.448
5247.181,164.192,-1.4802,2.5623,0.3609,89.62,0.26,0.068,-0.0087,0.449
5247.281,164.292,-1.4813,2.5694,0.3613,89.8,0.36,0.0717,-0.0006,0.448
5247.381,164.392,-1.4827,2.5749,0.3611,89.79,0.42,0.0717,-0.0006,0.448
5247.481,164.492,-1.4819,2.583,0.3596,89.72,0.31,0.0654,-0.0031,0.448
5247.581,164.592,-1.4806,2.5903,0.3603,89.65,0.22,0.0687,-0.0055,0.448
5247.681,164.692,-1.4799,2.5981,0.3597,89.72,0.2,0.0666,-0.013,0.448
5247.781,164.792,-1.48,2.6039,0.3607,89.85,0.25,0.0666,-0.013,0.448
5247.881,164.892,-1.4797,2.6109,0.3597,89.68,0.13,0.0637,-0.0105,0.449
5247.981,164.992,-1.4781,2.6172,0.3606,89.44,0.23,0.0611,-0.0114,0.449
5248.081,165.092,-1.4769,2.6227,0.3619,89.26,0.11,0.0111,0.0,0.448
5248.181,165.192,-1.4769,2.6267,0.3621,89.49,0.21,0.0,0.0,0.449
5248.281,165.292,-1.4763,2.6266,0.3613,89.58,0.17,0.0,0.0,0.448
5248.381,165.392,-1.4761,2.6253,0.3607,89.55,0.14,0.0032,0.0029,0.448
5248.481,165.492,-1.4761,2.6255,0.3607,89.54,0.15,0.0103,0.0026,0.448
5248.581,165.592,-1.4772,2.6276,0.3591,89.56,0.1,0.0171,0.0081,0.448
5248.681,165.692,-1.4796,2.6282,0.3594,89.71,0.34,0.0266,0.0147,0.448
5248.781,165.792,-1.4818,2.63,0.359,89.76,0.34,0.0274,0.0327,0.448
5248.881,165.892,-1.4816,2.6336,0.3596,89.68,0.31,0.0305,0.0476,0.448
5248.981,165.993,-1.4805,2.6387,0.3591,89.83,0.17,0.0326,0.0524,0.448
5249.081,166.094,-1.4805,2.6443,0.3595,90.33,0.27,0.0423,0.0663,0.449
5249.181,166.195,-1.4811,2.6501,0.359,90.64,0.22,0.0475,0.0876,0.449
5249.281,166.295,-1.481,2.6577,0.3565,90.84,0.28,0.051,0.0987,0.448
5249.381,166.396,-1.4819,2.6634,0.3572,91.23,0.29,0.0572,0.103,0.448
5249.481,166.495,-1.4838,2.6695,0.3558,91.83,0.3,0.0565,0.1084,0.448
5249.581,166.597,-1.4863,2.6727,0.358,92.5,0.4,0.0577,0.1097,0.448
5249.681,166.698,-1.4885,2.6773,0.3548,92.87,0.36,0.0531,0.1116,0.448
5249.781,166.797,-1.4887,2.6835,0.3558,93.23,0.45,0.0519,0.1067,0.449
5249.881,166.897,-1.4888,2.6904,0.3574,93.71,0.37,0.0544,0.1024,0.451
5249.981,166.997,-1.4895,2.6957,0.3593,94.45,0.4,0.0613,0.1039,0.455
5250.081,167.098,-1.4901,2.6998,0.3598,94.99,0.39,0.0598,0.1054,0.459
5250.181,167.197,-1.4887,2.7068,0.359,95.31,0.22,0.0591,0.1061,0.462
5250.281,167.299,-1.4866,2.713,0.3595,95.78,0.14,0.0644,0.0983,0.463
5250.381,167.399,-1.4855,2.721,0.3573,96.41,0.23,0.0657,0.0938,0.464
5250.481,167.499,-1.4854,2.7285,0.3594,97.02,0.27,0.0721,0.0968,0.467
5250.581,167.599,-1.4858,2.7387,0.3577,97.35,0.2,0.0753,0.0966,0.47
5250.681,167.699,-1.4865,2.7466,0.3591,97.67,0.29,0.0816,0.0887,0.473
5250.781,167.799,-1.4887,2.7532,0.3593,98.18,0.18,0.0837,0.086,0.476
5250.881,167.899,-1.4933,2.7589,0.3607,98.83,0.38,0.0815,0.0766,0.481
5250.981,167.999,-1.4991,2.7635,0.3601,99.14,0.58,0.0804,0.0801,0.489
5251.081,168.099,-1.5039,2.7722,0.3578,99.39,0.7,0.0762,0.0769,0.496
5251.181,168.199,-1.5087,2.7827,0.3585,99.66,0.74,0.0822,0.0743,0.501
5251.281,168.302,-1.5126,2.7934,0.3592,100.22,0.71,0.0885,0.0722,0.508
5251.381,168.402,-1.5145,2.7999,0.3611,100.71,0.62,0.0961,0.078,0.515
5251.481,168.502,-1.5153,2.809,0.3593,100.92,0.37,0.0898,0.0754,0.519
5251.581,168.602,-1.5141,2.8192,0.3604,101.19,0.27,0.0915,0.0707,0.521
5251.681,168.702,-1.5137,2.8296,0.3611,101.55,0.18,0.0961,0.0673,0.522
5251.781,168.802,-1.5153,2.839,0.3624,102.11,0.29,0.1024,0.0641,0.524
5251.881,168.902,-1.5174,2.8492,0.3619,102.42,0.27,0.1015,0.0657,0.529
5251.981,169.002,-1.5186,2.8622,0.3609,102.57,0.29,0.1022,0.0647,0.533
5252.081,169.102,-1.5204,2.8729,0.3612,102.85,0.26,0.1095,0.06,0.535
5252.181,169.205,-1.5246,2.884,0.3609,103.32,0.26,0.1093,0.0586,0.539
5252.281,169.306,-1.5296,2.8932,0.3622,103.69,0.43,0.1134,0.0576,0.546
5252.381,169.406,-1.5345,2.9052,0.3599,103.89,0.39,0.1117,0.0554,0.553
5252.481,169.506,-1.5387,2.9179,0.3609,104.02,0.56,0.1141,0.0505,0.559
5252.581,169.606,-1.5437,2.9315,0.3609,104.32,0.52,0.1172,0.0439,0.564
5252.681,169.707,-1.5482,2.9418,0.3622,104.68,0.6,0.1219,0.0392,0.571
5252.781,169.808,-1.5518,2.951,0.3607,104.86,0.51,0.1201,0.0356,0.577
5252.881,169.908,-1.5534,2.964,0.3593,104.89,0.38,0.1149,0.0297,0.582
5252.981,170.01,-1.5548,2.9769,0.3596,105.0,0.23,0.1177,0.0255,0.584
5253.081,170.11,-1.558,2.9905,0.3591,105.25,0.27,0.1183,0.0224,0.587
5253.181,170.211,-1.5613,3.0023,0.3603,105.44,0.27,0.1245,0.0217,0.592
5253.281,170.312,-1.5646,3.0174,0.3573,105.34,0.23,0.1241,0.0213,0.597
5253.381,170.413,-1.5676,3.0308,0.3587,105.46,0.31,0.1292,0.0175,0.6
5253.481,170.513,-1.572,3.0443,0.3585,105.57,0.22,0.1318,0.0123,0.6
5253.581,170.613,-1.5774,3.0555,0.3601,105.89,0.39,0.1315,0.0118,0.595
5253.681,170.713,-1.583,3.0666,0.3594,105.84,0.46,0.1294,0.0101,0.589
5253.781,170.813,-1.5867,3.0809,0.3595,105.68,0.43,0.1264,0.0008,0.584
5253.881,170.913,-1.5907,3.0958,0.3599,105.66,0.37,0.1288,-0.0038,0.581
5253.981,171.013,-1.5961,3.1108,0.3595,105.84,0.42,0.1276,-0.008,0.576
5254.081,171.116,-1.6005,3.1234,0.3607,105.84,0.45,0.1341,-0.0117,0.57
5254.181,171.216,-1.6044,3.139,0.3573,105.85,0.29,0.1305,-0.0132,0.566
5254.281,171.316,-1.6078,3.1527,0.3591,105.31,0.41,0.1332,-0.021,0.563
5254.381,171.416,-1.6123,3.167,0.3585,105.27,0.35,0.1325,-0.0292,0.562
5254.481,171.517,-1.6168,3.178,0.3601,105.59,0.43,0.1334,-0.0315,0.557
5254.581,171.617,-1.6211,3.189,0.3594,105.34,0.34,0.1296,-0.0256,0.552
5254.681,171.717,-1.623,3.2028,0.3598,104.98,0.29,0.1227,-0.036,0.549
5254.781,171.817,-1.6245,3.2168,0.3598,104.84,0.19,0.1226,-0.0447,0.549
5254.881,171.918,-1.6278,3.2313,0.3585,104.74,0.26,0.1217,-0.0462,0.547
5254.981,172.018,-1.6313,3.2446,0.3595,104.64,0.18,0.1271,-0.0498,0.545
5255.081,172.118,-1.6341,3.2604,0.3594,104.32,0.24,0.1223,-0.0494,0.542
5255.181,172.219,-1.6367,3.2734,0.3614,103.93,0.28,0.1264,-0.0539,0.541
5255.281,172.322,-1.6409,3.287,0.3581,103.7,0.19,0.1247,-0.0603,0.54
5255.381,172.422,-1.6456,3.2978,0.359,103.6,0.34,0.122,-0.0621,0.537
5255.481,172.523,-1.6499,3.3083,0.3595,103.32,0.32,0.1171,-0.0623,0.534
5255.581,172.623,-1.6519,3.32,0.3607,102.82,0.33,0.1084,-0.0657,0.532
5255.681,172.723,-1.6538,3.3323,0.36,102.51,0.17,0.1078,-0.074,0.532
5255.781,172.823,-1.6569,3.3446,0.3582,102.27,0.26,0.1056,-0.072,0.531
5255.881,172.923,-1.6599,3.3553,0.359,101.95,0.26,0.1084,-0.0722,0.53
5255.981,173.023,-1.6615,3.3679,0.3594,101.45,0.19,0.1058,-0.0707,0.528
5256.081,173.124,-1.6622,3.379,0.3612,100.96,0.22,0.105,-0.074,0.53
5256.181,173.224,-1.6641,3.3912,0.3594,100.72,0.16,0.1037,-0.0788,0.531
5256.281,173.326,-1.6673,3.4014,0.3602,100.47,0.23,0.1028,-0.0728,0.53
5256.381,173.427,-1.6708,3.4124,0.3595,100.04,0.19,0.1018,-0.0736,0.529
5256.481,173.527,-1.6726,3.4235,0.3605,99.51,0.3,0.0981,-0.0717,0.528
5256.581,173.627,-1.6743,3.4346,0.3605,99.24,0.19,0.0989,-0.0748,0.529
5256.681,173.727,-1.6772,3.4453,0.3598,99.07,0.29,0.0969,-0.0758,0.529
5256.781,173.827,-1.6805,3.4539,0.3599,98.68,0.31,0.0994,-0.0765,0.527
5256.881,173.927,-1.6825,3.4648,0.3589,98.13,0.24,0.0948,-0.0785,0.526
5256.981,174.029,-1.6833,3.4751,0.3603,97.66,0.25,0.0943,-0.084,0.528
5257.081,174.129,-1.6844,3.4871,0.3581,97.36,0.19,0.093,-0.0862,0.529
5257.181,174.229,-1.6861,3.4968,0.359,97.1,0.25,0.0956,-0.0847,0.529
5257.281,174.329,-1.6878,3.5073,0.3591,96.59,0.16,0.0932,-0.0836,0.529
5257.381,174.429,-1.6875,3.518,0.3604,96.04,0.25,0.0912,-0.0847,0.531
5257.481,174.53,-1.687,3.5287,0.3598,95.66,0.15,0.0959,-0.084,0.534
5257.581,174.629,-1.6883,3.5395,0.3588,95.48,0.24,0.0953,-0.0761,0.536
5257.681,174.729,-1.6903,3.5497,0.3592,95.11,0.22,0.0993,-0.0665,0.536
5257.781,174.829,-1.6913,3.5619,0.359,94.66,0.2,0.0981,-0.0583,0.536
5257.881,174.929,-1.6918,3.5727,0.3605,94.31,0.22,0.1028,-0.0551,0.538
5257.981,175.029,-1.6931,3.585,0.3587,94.13,0.16,0.1031,-0.0514,0.539
5258.081,175.129,-1.6956,3.5954,0.3598,94.02,0.32,0.1072,-0.0471,0.538
5258.181,175.229,-1.6979,3.6069,0.3598,93.77,0.29,0.1071,-0.0407,0.537
5258.281,175.33,-1.6978,3.6194,0.3611,93.38,0.29,0.1067,-0.0388,0.537
5258.381,175.43,-1.6977,3.6325,0.36,93.21,0.18,0.1104,-0.0424,0.539
5258.481,175.531,-1.6992,3.6458,0.3588,93.15,0.3,0.1111,-0.0399,0.539
5258.582,175.631,-1.7008,3.6583,0.3594,93.03,0.29,0.116,-0.0374,0.538
5258.681,175.731,-1.7007,3.673,0.3592,92.67,0.22,0.1119,-0.0342,0.537
5258.781,175.832,-1.7005,3.6859,0.3606,92.48,0.22,0.1162,-0.0356,0.54
5258.881,175.932,-1.7014,3.6998,0.3568,92.41,0.19,0.1161,-0.0375,0.54
5258.981,176.033,-1.7027,3.711,0.3578,92.36,0.26,0.1167,-0.0314,0.54
5259.081,176.133,-1.7042,3.7237,0.357,92.12,0.22,0.1146,-0.0283,0.539
5259.181,176.234,-1.704,3.7363,0.3585,91.8,0.29,0.1117,-0.0285,0.539
5259.281,176.333,-1.7043,3.7493,0.3576,91.69,0.15,0.1149,-0.0333,0.541
5259.381,176.433,-1.7061,3.7619,0.357,91.7,0.32,0.115,-0.0335,0.541
5259.481,176.533,-1.7084,3.7733,0.3577,91.57,0.4,0.1185,-0.0309,0.54
5259.581,176.636,-1.7091,3.7875,0.3569,91.25,0.31,0.1131,-0.0291,0.539
5259.681,176.736,-1.7094,3.801,0.3588,91.02,0.3,0.116,-0.0325,0.54
5259.781,176.836,-1.7103,3.8156,0.357,90.92,0.3,0.1161,-0.0353,0.54
5259.881,176.944,-1.7113,3.8267,0.3589,90.91,0.35,0.1173,-0.028,0.54
5259.981,177.044,-1.7123,3.8397,0.3572,90.69,0.28,0.113,-0.0252,0.539
5260.081,177.145,-1.7117,3.8526,0.3588,90.43,0.34,0.1167,-0.0316,0.54
5260.181,177.246,-1.7113,3.8657,0.3594,90.3,0.24,0.114,-0.0328,0.542
5260.281,177.347,-1.712,3.8773,0.3603,90.36,0.32,0.1149,-0.0256,0.542
5260.381,177.447,-1.7128,3.8882,0.36,90.19,0.3,0.1074,-0.0268,0.542
5260.481,177.547,-1.7115,3.9013,0.3594,89.86,0.24,0.1095,-0.0281,0.542
5260.581,177.648,-1.7099,3.913,0.3601,89.68,0.16,0.1071,-0.0335,0.545
5260.681,177.748,-1.7094,3.9261,0.3575,89.64,0.2,0.1081,-0.0291,0.547
5260.781,177.848,-1.7097,3.9372,0.3589,89.72,0.2,0.1055,-0.0265,0.547
5260.881,177.948,-1.71,3.9507,0.3569,89.45,0.19,0.1037,-0.0252,0.547
5260.981,178.051,-1.71,3.9622,0.3586,89.21,0.3,0.1057,-0.031,0.549
5261.081,178.151,-1.7108,3.9738,0.3583,88.91,0.22,0.1036,-0.0308,0.55
5261.181,178.251,-1.7126,3.983,0.3591,89.03,0.36,0.1016,-0.0275,0.551
5261.281,178.351,-1.7151,3.991,0.3584,88.73,0.38,0.0932,-0.0213,0.548
5261.381,178.451,-1.715,4.0011,0.3572,88.68,0.33,0.0906,-0.0194,0.548
5261.481,178.55,-1.7136,4.0112,0.3581,88.29,0.17,0.0892,-0.0227,0.548
5261.581,178.651,-1.7124,4.0227,0.3559,88.32,0.2,0.0932,-0.0171,0.552
5261.681,178.751,-1.7115,4.0324,0.3579,88.71,0.22,0.0924,-0.0036,0.552
5261.781,178.853,-1.7104,4.0442,0.3572,88.54,0.14,0.0932,-0.0034,0.551
5261.881,178.952,-1.7088,4.0539,0.359,88.35,0.24,0.0951,-0.0087,0.553
5261.981,179.053,-1.7078,4.0635,0.3591,88.37,0.16,0.092,-0.0031,0.555
5262.081,179.156,-1.7089,4.0726,0.3602,88.45,0.2,0.0914,0.0028,0.556
5262.181,179.256,-1.7109,4.0819,0.3602,88.46,0.25,0.0882,0.0084,0.555
5262.281,179.356,-1.7109,4.0924,0.3601,88.15,0.29,0.0908,-0.0024,0.554
5262.381,179.456,-1.7109,4.1025,0.3603,88.21,0.24,0.0886,-0.007,0.555
5262.481,179.556,-1.7118,4.1135,0.3595,88.46,0.29,0.0897,-0.0042,0.555
5262.581,179.658,-1.7131,4.1219,0.3606,88.56,0.38,0.0864,0.0009,0.552
5262.681,179.759,-1.7138,4.1322,0.358,88.44,0.28,0.0843,-0.0027,0.551
5262.781,179.86,-1.7135,4.1413,0.3594,87.89,0.35,0.0857,-0.008,0.551
5262.881,179.96,-1.7127,4.1515,0.3588,88.11,0.23,0.0841,-0.0221,0.554
5262.981,180.061,-1.7128,4.1594,0.3598,88.05,0.3,0.0867,-0.0027,0.553
5263.081,180.161,-1.713,4.1671,0.3593,88.15,0.25,0.0823,-0.0126,0.554
5263.181,180.261,-1.7111,4.1759,0.3593,87.85,0.19,0.0814,-0.0047,0.554
5263.281,180.361,-1.7083,4.1843,0.3596,87.73,0.19,0.0804,-0.005,0.557
5263.381,180.461,-1.7068,4.1942,0.358,88.04,0.25,0.0805,-0.0041,0.559
5263.481,180.563,-1.7064,4.2037,0.3592,88.04,0.18,0.0818,0.0031,0.559
5263.581,180.663,-1.706,4.2151,0.3576,88.3,0.19,0.0805,0.0058,0.559
5263.681,180.763,-1.7062,4.2236,0.3592,87.85,0.28,0.0838,0.0049,0.559
5263.781,180.863,-1.707,4.2319,0.359,87.74,0.17,0.0793,-0.0306,0.561
5263.881,180.964,-1.7093,4.238,0.3601,88.05,0.37,0.0778,-0.0143,0.561
5263.981,181.064,-1.712,4.2433,0.3595,87.81,0.42,0.068,-0.0044,0.557
5264.081,181.165,-1.7116,4.2504,0.3591,87.74,0.33,0.0639,-0.0038,0.557
5264.181,181.264,-1.7098,4.2582,0.3597,87.51,0.2,0.0616,-0.0036,0.557
5264.281,181.364,-1.7091,4.2668,0.3596,87.91,0.25,0.0366,0.0,0.56
5264.381,181.464,-1.7084,4.273,0.3605,88.06,0.2,0.0325,-0.0081,0.558
5264.481,181.564,-1.707,4.2772,0.3584,87.84,0.16,0.0421,-0.0309,0.558
5264.581,181.665,-1.7054,4.2781,0.3591,87.55,0.2,0.0499,-0.0452,0.561
5264.681,181.765,-1.7028,4.2801,0.3584,87.37,0.2,0.047,-0.0456,0.564
5264.781,181.868,-1.7031,4.2839,0.3589,87.44,0.15,0.0508,-0.0347,0.567
5264.881,181.968,-1.7052,4.2894,0.3587,87.19,0.19,0.052,-0.0283,0.567
5264.981,182.068,-1.7057,4.2966,0.3593,86.79,0.28,0.0617,-0.0321,0.567
5265.081,182.168,-1.7058,4.3047,0.3593,86.64,0.21,0.0656,-0.0323,0.568
5265.181,182.268,-1.7069,4.3143,0.3582,86.64,0.36,0.0735,-0.0307,0.569
5265.281,182.368,-1.7088,4.3223,0.3593,86.53,0.52,0.0753,-0.0296,0.568
5265.381,182.468,-1.709,4.3329,0.3589,86.28,0.37,0.0774,-0.0321,0.567
5265.481,182.568,-1.7086,4.3408,0.3606,86.05,0.47,0.0824,-0.0369,0.569
5265.581,182.668,-1.7085,4.3536,0.3589,85.95,0.41,0.0826,-0.0368,0.57
5265.681,182.768,-1.7087,4.3607,0.3598,85.89,0.43,0.0828,-0.0352,0.571
5265.781,182.868,-1.7082,4.3668,0.3611,85.81,0.32,0.0765,-0.0364,0.571
5265.881,182.968,-1.7047,4.3741,0.3619,85.37,0.18,0.0769,-0.0428,0.572
5265.981,183.068,-1.7001,4.3812,0.3613,85.22,0.27,0.0724,-0.0394,0.578
5266.081,183.168,-1.697,4.3908,0.3589,85.09,0.4,0.0731,-0.0339,0.582
5266.181,183.268,-1.695,4.4013,0.3593,84.95,0.35,0.0724,-0.0192,0.585
5266.281,183.368,-1.6935,4.4135,0.3588,84.7,0.35,0.0754,-0.0158,0.588
5266.381,183.468,-1.6944,4.4216,0.3605,84.52,0.33,0.0736,-0.0112,0.591
5266.481,183.568,-1.6967,4.4287,0.3596,84.53,0.28,0.0671,-0.0034,0.592
5266.581,183.668,-1.7,4.4317,0.3602,84.58,0.49,0.0593,0.0045,0.59
5266.681,183.768,-1.7036,4.4327,0.3602,84.67,0.59,0.0473,0.0062,0.587
5266.781,183.868,-1.703,4.4359,0.3602,84.51,0.37,0.0483,-0.0013,0.584
5266.881,183.968,-1.6998,4.4409,0.3606,84.46,0.12,0.0461,-0.0068,0.585
5266.981,184.068,-1.6975,4.4484,0.36,84.48,0.2,0.0524,-0.0052,0.587
5267.081,184.168,-1.696,4.4559,0.3607,84.56,0.21,0.0525,0.0019,0.589
5267.181,184.269,-1.6939,4.4651,0.3596,84.45,0.25,0.0556,0.0013,0.59
5267.281,184.368,-1.6933,4.471,0.3609,84.35,0.28,0.0575,0.0042,0.593
5267.381,184.468,-1.6936,4.4765,0.36,84.43,0.16,0.0516,-0.0008,0.594
5267.481,184.568,-1.6951,4.479,0.3606,84.58,0.3,0.0468,0.002,0.593
5267.581,184.669,-1.6971,4.4804,0.3598,84.55,0.34,0.037,0.0046,0.591
5267.681,184.769,-1.6965,4.4832,0.3593,84.45,0.28,0.0336,0.0052,0.59
5267.781,184.869,-1.6944,4.4863,0.36,84.44,0.13,0.0327,0.0025,0.591
5267.881,184.969,-1.6934,4.4909,0.3595,84.63,0.17,0.0348,0.0034,0.592
5267.981,185.069,-1.6932,4.4945,0.3599,84.7,0.16,0.036,0.0078,0.592
5268.081,185.169,-1.6925,4.4998,0.3582,84.61,0.16,0.0371,0.0035,0.592
5268.181,185.269,-1.6917,4.5034,0.3593,84.52,0.22,0.0374,-0.0004,0.594
5268.281,185.369,-1.6909,4.5073,0.3585,84.58,0.1,0.0352,-0.0001,0.595
5268.381,185.47,-1.6916,4.51,0.3593,84.74,0.2,0.035,0.0051,0.595
5268.481,185.572,-1.6929,4.5124,0.3587,84.74,0.24,0.0329,0.0065,0.594
5268.581,185.676,-1.6924,4.5157,0.3589,84.58,0.25,0.0339,0.0014,0.593
5268.681,185.776,-1.691,4.5189,0.359,84.59,0.14,0.0321,-0.0013,0.594
5268.781,185.876,-1.6907,4.5233,0.3587,84.76,0.2,0.0312,-0.0032,0.595
5268.881,185.976,-1.6913,4.5263,0.3593,84.81,0.21,0.0308,0.0006,0.594
5268.981,186.076,-1.6911,4.5306,0.3578,84.68,0.21,0.0298,-0.0011,0.594
5269.081,186.176,-1.6908,4.5335,0.359,84.59,0.26,0.0305,-0.0033,0.595
5269.181,186.276,-1.6904,4.537,0.3578,84.66,0.18,0.0284,-0.0047,0.596
5269.281,186.376,-1.691,4.5385,0.3588,84.79,0.26,0.029,-0.0033,0.595
5269.381,186.476,-1.6918,4.5397,0.359,84.75,0.24,0.0254,0.0009,0.594
5269.481,186.576,-1.6904,4.5417,0.3595,84.55,0.13,0.026,-0.003,0.594
5269.581,186.678,-1.6879,4.5437,0.359,84.52,0.18,0.0261,-0.0059,0.596
5269.681,186.778,-1.6868,4.5476,0.3582,84.63,0.22,0.0268,-0.0042,0.598
5269.781,186.878,-1.6869,4.5514,0.359,84.69,0.18,0.0268,-0.0002,0.598
5269.881,186.978,-1.6867,4.5564,0.3585,84.55,0.2,0.0285,0.0006,0.598
5269.981,187.078,-1.6873,4.5593,0.3596,84.47,0.3,0.0293,-0.003,0.599
5270.081,187.178,-1.6881,4.5625,0.3583,84.56,0.23,0.0275,-0.0036,0.6
5270.181,187.278,-1.6901,4.563,0.359,84.68,0.41,0.0264,-0.001,0.598
5270.281,187.378,-1.6921,4.5629,0.3588,84.65,0.38,0.021,0.0041,0.596
5270.381,187.478,-1.6912,4.5642,0.3591,84.48,0.25,0.0205,-0.0016,0.595
5270.481,187.578,-1.6889,4.5659,0.3599,84.39,0.11,0.0193,-0.0011,0.596
5270.581,187.685,-1.6879,4.5692,0.3599,84.58,0.18,0.0207,-0.012,0.598
5270.681,187.785,-1.6876,4.572,0.3608,84.65,0.2,0.0225,-0.0053,0.598
5270.781,187.886,-1.6862,4.5759,0.3608,84.38,0.21,0.0236,-0.0038,0.598
5270.881,187.985,-1.6851,4.5777,0.3614,84.33,0.22,0.0248,-0.0057,0.601
5270.981,188.085,-1.685,4.5799,0.3599,84.4,0.12,0.021,0.0007,0.602
5271.081,188.185,-1.6864,4.5807,0.3605,84.55,0.18,0.0237,0.004,0.601
5271.181,188.285,-1.6884,4.5818,0.3609,84.6,0.24,0.0178,0.0018,0.6
5271.281,188.385,-1.6886,4.584,0.3614,84.3,0.29,0.0193,-0.0045,0.598
5271.381,188.485,-1.6881,4.5868,0.3604,84.36,0.19,0.0194,-0.0121,0.599
5271.481,188.586,-1.6883,4.5899,0.3597,84.5,0.25,0.022,-0.0085,0.6
5271.581,188.685,-1.6891,4.5913,0.3594,84.48,0.29,0.0218,0.0055,0.599
5271.681,188.785,-1.6886,4.5944,0.3576,84.38,0.26,0.0204,0.005,0.598
5271.781,188.885,-1.6878,4.5963,0.3585,84.16,0.24,0.0223,-0.0019,0.599
5271.882,188.986,-1.6869,4.599,0.3573,84.39,0.16,0.0212,-0.0071,0.601
5271.981,189.085,-1.6871,4.6002,0.3584,84.52,0.22,0.0203,0.0019,0.6
5272.081,189.185,-1.6875,4.6017,0.3587,84.51,0.19,0.0175,0.0051,0.6
5272.181,189.285,-1.6865,4.6035,0.3595,84.31,0.19,0.0183,-0.0001,0.6
5272.281,189.388,-1.6851,4.6051,0.3585,84.32,0.1,0.0162,-0.0038,0.601
5272.381,189.488,-1.6848,4.6072,0.358,84.49,0.16,0.0164,-0.0012,0.602
5272.481,189.588,-1.6854,4.6082,0.3588,84.53,0.17,0.0161,0.0073,0.602
5272.581,189.688,-1.6847,4.6102,0.3587,84.33,0.15,0.0136,0.0101,0.601
5272.681,189.788,-1.684,4.6109,0.3593,84.32,0.15,0.0139,0.0015,0.603
5272.781,189.888,-1.6837,4.6125,0.3568,84.41,0.11,0.0124,-0.0011,0.603
5272.881,189.988,-1.6846,4.6128,0.3578,84.58,0.19,0.0141,0.0006,0.603
5272.981,190.089,-1.6862,4.6138,0.3574,84.58,0.23,0.0107,0.0055,0.602
5273.081,190.191,-1.6866,4.6152,0.3583,84.43,0.29,0.0121,0.0021,0.601
5273.181,190.29,-1.6865,4.6167,0.3584,84.47,0.22,0.0117,0.0005,0.601
5273.281,190.391,-1.6872,4.6177,0.3587,84.62,0.28,0.0129,0.0049,0.601
5273.381,190.492,-1.6886,4.6171,0.3587,84.65,0.34,0.0129,0.0105,0.599
5273.481,190.592,-1.6882,4.6182,0.3577,84.51,0.24,0.0083,0.0074,0.598
5273.581,190.692,-1.687,4.6186,0.3582,84.45,0.12,0.0108,-0.0006,0.599
5273.681,190.792,-1.686,4.6199,0.3574,84.58,0.11,0.0089,-0.0061,0.6
5273.781,190.893,-1.6862,4.6202,0.3583,84.67,0.15,0.0127,-0.0001,0.6
5273.881,190.992,-1.6865,4.6214,0.3574,84.6,0.11,0.0112,0.0009,0.6
5273.981,191.092,-1.6861,4.6222,0.3584,84.44,0.19,0.0125,-0.0013,0.6
5274.081,191.192,-1.6854,4.6226,0.3598,84.42,0.11,0.0115,-0.0035,0.601
5274.181,191.292,-1.6861,4.6233,0.3604,84.61,0.18,0.0094,-0.0182,0.601
5274.281,191.394,-1.6877,4.6227,0.3597,84.61,0.29,0.0096,-0.0116,0.6
5274.381,191.494,-1.6882,4.6236,0.3578,84.37,0.28,0.0081,-0.0117,0.599
5274.481,191.594,-1.6882,4.624,0.3581,84.26,0.23,0.0102,-0.0159,0.6
5274.581,191.694,-1.6878,4.625,0.3575,84.3,0.18,0.0105,-0.0148,0.6
5274.681,191.794,-1.6885,4.6245,0.3583,84.34,0.27,0.0101,-0.0078,0.6
5274.781,191.895,-1.6891,4.6249,0.3568,84.22,0.2,0.0092,-0.0011,0.6
5274.881,191.996,-1.6882,4.6255,0.3577,84.01,0.2,0.0076,-0.0005,0.6
5274.981,192.096,-1.6868,4.6261,0.3584,84.05,0.09,0.0085,-0.0056,0.601
5275.081,192.196,-1.6866,4.627,0.359,84.22,0.16,0.007,-0.0102,0.602
5275.181,192.296,-1.6871,4.627,0.3589,84.2,0.15,0.0078,-0.0038,0.601
5275.281,192.406,-1.6867,4.6278,0.3582,83.97,0.17,0.0088,-0.0053,0.602
5275.381,192.507,-1.6861,4.6275,0.3592,83.85,0.17,0.01,-0.0117,0.603
5275.481,192.607,-1.6865,4.6283,0.3591,84.02,0.15,0.0082,-0.0105,0.604
5275.581,192.707,-1.6881,4.6277,0.3596,84.02,0.3,0.0082,-0.0043,0.603
5275.681,192.808,-1.6889,4.6282,0.358,83.94,0.21,0.0044,-0.0028,0.602
5275.781,192.908,-1.6887,4.6285,0.3588,83.71,0.27,0.0046,0.0,0.602
5275.881,193.008,-1.6879,4.6289,0.3596,83.75,0.11,0.0057,-0.0038,0.603
5275.981,193.108,-1.6879,4.6285,0.3603,84.06,0.19,0.0062,-0.0084,0.603
5276.081,193.208,-1.6884,4.6271,0.3599,83.99,0.16,0.0061,0.0082,0.602
5276.181,193.308,-1.6873,4.6268,0.3592,83.9,0.11,0.0054,-0.0005,0.602
5276.281,193.408,-1.6854,4.6256,0.3597,83.55,0.17,0.0057,-0.0026,0.603
5276.381,193.508,-1.6847,4.6263,0.359,83.71,0.13,0.0056,-0.0213,0.606
5276.481,193.612,-1.6854,4.6268,0.3595,83.66,0.14,0.0063,-0.009,0.605
5276.581,193.712,-1.6862,4.6288,0.3568,83.46,0.17,0.0072,0.0009,0.606
5276.681,193.812,-1.6872,4.6296,0.3577,83.39,0.31,0.0101,-0.0016,0.607
5276.781,193.912,-1.6876,4.6307,0.3574,83.63,0.28,0.0097,-0.0026,0.606
5276.881,194.012,-1.6886,4.6302,0.3586,83.99,0.34,0.0117,-0.0041,0.604
5276.981,194.112,-1.6904,4.6286,0.359,84.2,0.38,0.0101,0.0132,0.601
5277.081,194.212,-1.6902,4.6293,0.3591,83.55,0.27,0.0054,0.0131,0.6
5277.181,194.312,-1.6887,4.6304,0.3588,83.55,0.17,0.0061,-0.0181,0.603
5277.281,194.412,-1.6874,4.6323,0.357,83.63,0.18,0.0059,-0.0183,0.604
5277.381,194.514,-1.6865,4.6326,0.3578,84.01,0.18,0.0083,0.0033,0.604
5277.481,194.614,-1.6856,4.6342,0.3555,83.65,0.13,0.0083,0.0208,0.603
5277.581,194.714,-1.685,4.6337,0.3568,83.38,0.17,0.0096,0.0167,0.606
5277.681,194.815,-1.6844,4.6332,0.357,83.48,0.05,0.009,-0.002,0.608
5277.781,194.918,-1.6855,4.6325,0.3582,83.85,0.16,0.0065,-0.0107,0.607
5277.881,195.018,-1.6876,4.6317,0.358,83.99,0.25,0.0051,0.0192,0.605
5277.981,195.118,-1.6884,4.6323,0.3581,83.84,0.31,0.0028,0.0152,0.603
5278.081,195.218,-1.6889,4.6324,0.3592,83.95,0.27,0.0065,0.0014,0.603
5278.181,195.317,-1.6898,4.6327,0.3592,84.08,0.3,0.0073,0.0072,0.601
5278.281,195.419,-1.6915,4.6308,0.3594,83.93,0.4,0.0089,0.0024,0.6
5278.381,195.519,-1.692,4.6308,0.3576,83.85,0.27,0.0049,0.0136,0.599
5278.481,195.619,-1.691,4.6307,0.3583,84.03,0.21,0.0045,0.0091,0.599
5278.581,195.719,-1.6894,4.6315,0.3578,83.89,0.11,0.0055,0.0097,0.599
5278.681,195.819,-1.6886,4.6318,0.3589,84.28,0.19,0.006,0.0056,0.601
5278.781,195.919,-1.6882,4.632,0.3588,84.43,0.12,0.0075,0.0148,0.6
5278.881,196.02,-1.687,4.6324,0.3591,83.99,0.18,0.0053,0.0057,0.599
5278.981,196.12,-1.6857,4.6316,0.3596,83.77,0.16,0.009,-0.0109,0.603
5279.081,196.22,-1.6859,4.6319,0.3589,84.05,0.14,0.0072,-0.0113,0.604
5279.181,196.32,-1.6874,4.6314,0.3593,84.34,0.22,0.0074,-0.0055,0.602
5279.281,196.42,-1.6881,4.6325,0.3582,84.28,0.21,0.0055,0.0099,0.6
5279.381,196.52,-1.6887,4.6327,0.359,84.12,0.29,0.0052,0.0118,0.6
5279.481,196.62,-1.6889,4.6334,0.3577,84.13,0.21,0.0063,-0.0029,0.6
5279.581,196.72,-1.6899,4.6325,0.3586,84.51,0.28,0.0051,0.0023,0.6
5279.681,196.82,-1.6914,4.631,0.3591,84.25,0.26,0.003,0.014,0.597
5279.781,196.92,-1.6909,4.6309,0.3596,83.75,0.21,0.0009,0.0111,0.598
5279.881,197.02,-1.6895,4.6305,0.3596,84.16,0.13,0.0006,-0.0021,0.601
5279.981,197.12,-1.6889,4.6308,0.3592,84.73,0.18,0.0014,0.0089,0.599
5280.081,197.22,-1.689,4.6299,0.3594,84.7,0.14,0.0052,0.023,0.596
5280.181,197.32,-1.6891,4.6301,0.3583,84.23,0.15,0.0043,0.0185,0.596
5280.281,197.42,-1.6892,4.6291,0.3588,84.49,0.18,0.0053,0.014,0.599
5280.381,197.52,-1.6891,4.6287,0.3576,84.63,0.06,0.0055,0.0112,0.597
5280.481,197.62,-1.6907,4.6281,0.3582,84.83,0.22,0.0051,0.0122,0.596
5280.581,197.72,-1.6931,4.6271,0.359,84.84,0.31,0.0066,0.0161,0.594
5280.681,197.82,-1.6932,4.6279,0.3592,84.75,0.26,0.005,0.0083,0.592
5280.781,197.92,-1.6925,4.6288,0.3601,84.65,0.2,0.0067,0.0027,0.593
5280.881,198.02,-1.6924,4.6306,0.36,84.94,0.23,0.0089,-0.0016,0.593
5280.981,198.121,-1.6928,4.6308,0.3605,85.01,0.26,0.0128,0.0073,0.592
5281.081,198.22,-1.6921,4.6325,0.3598,84.88,0.18,0.0104,0.0098,0.592
5281.181,198.32,-1.691,4.6334,0.3607,84.63,0.2,0.0112,0.0029,0.593
5281.281,198.42,-1.69,4.6345,0.3587,84.89,0.12,0.0103,-0.0057,0.595
5281.381,198.52,-1.6901,4.6345,0.3591,84.97,0.17,0.0114,-0.0002,0.595
5281.481,198.62,-1.6907,4.6346,0.359,84.99,0.14,0.0112,0.0021,0.594
5281.581,198.72,-1.6902,4.6353,0.3592,84.82,0.17,0.009,0.0009,0.593
5281.681,198.82,-1.6896,4.6352,0.3594,84.75,0.14,0.0081,-0.0054,0.595
5281.781,198.92,-1.6899,4.636,0.3588,84.88,0.14,0.0068,-0.0059,0.595
5281.881,199.02,-1.6914,4.6354,0.359,85.03,0.24,0.0075,-0.0045,0.594
5281.981,199.12,-1.6921,4.6363,0.3578,84.83,0.22,0.0062,0.0037,0.592
5282.081,199.22,-1.6924,4.6367,0.3585,84.74,0.27,0.008,-0.0064,0.593
5282.181,199.321,-1.6924,4.6376,0.3576,84.78,0.21,0.0076,-0.0069,0.593
5282.286,199.425,-1.693,4.6375,0.3581,84.88,0.27,0.0078,-0.0107,0.593
5282.381,199.532,-1.6946,4.6369,0.3546,84.76,0.2,0.0058,-0.005,0.592
5282.481,199.632,-1.6953,4.6367,0.3542,84.59,0.32,0.004,-0.0023,0.591
5282.581,199.732,-1.6952,4.6366,0.3555,84.55,0.24,0.0055,-0.0032,0.591
5282.681,199.832,-1.6957,4.6363,0.3562,84.74,0.29,0.005,-0.004,0.591
5282.781,199.932,-1.6972,4.6341,0.3568,84.78,0.4,0.0063,0.0032,0.59
5282.881,200.032,-1.6972,4.6342,0.3555,84.64,0.3,0.004,0.0056,0.59
5282.981,200.132,-1.696,4.6342,0.3568,84.56,0.16,0.0054,0.001,0.589
5283.081,200.232,-1.6946,4.6352,0.3569,84.67,0.11,0.0063,-0.0036,0.591
5283.181,200.332,-1.6942,4.6354,0.3583,84.77,0.15,0.0081,-0.0061,0.591
5283.281,200.433,-1.6942,4.6362,0.3582,84.74,0.1,0.0068,0.0014,0.591
5283.381,200.533,-1.6936,4.6369,0.359,84.61,0.18,0.007,-0.0005,0.591
5283.481,200.633,-1.6928,4.6369,0.3586,84.59,0.11,0.0106,-0.0001,0.592
5283.581,200.733,-1.6931,4.6372,0.3582,84.77,0.14,0.0078,-0.0009,0.593
5283.681,200.833,-1.6944,4.6363,0.3585,84.83,0.22,0.0081,0.0074,0.592
5283.781,200.933,-1.6944,4.6372,0.3578,84.62,0.18,0.0043,0.0043,0.591
5283.881,201.033,-1.6941,4.6371,0.3585,84.58,0.19,0.0049,0.0021,0.592
5283.981,201.133,-1.694,4.6377,0.3577,84.67,0.15,0.0055,-0.0013,0.592
5284.081,201.233,-1.6951,4.637,0.3588,84.82,0.25,0.0057,-0.0059,0.591
5284.181,201.333,-1.6965,4.6364,0.3579,84.72,0.28,0.0057,-0.0011,0.59
5284.281,201.433,-1.6964,4.6367,0.3584,84.56,0.3,0.0037,-0.0025,0.59
5284.381,201.533,-1.6957,4.6369,0.359,84.51,0.18,0.0049,-0.001,0.59
5284.481,201.633,-1.6957,4.6371,0.359,84.69,0.22,0.004,-0.0022,0.591
5284.581,201.733,-1.6964,4.6357,0.3592,84.74,0.26,0.0054,0.0058,0.59
5284.681,201.839,-1.6958,4.636,0.3581,84.64,0.18,0.0035,0.009,0.589
5284.781,201.939,-1.6948,4.6353,0.3586,84.61,0.11,0.0046,0.0051,0.59
5284.881,202.038,-1.6942,4.6357,0.3584,84.74,0.1,0.0046,0.0051,0.591
5284.981,202.138,-1.695,4.6353,0.3593,84.88,0.19,0.0045,0.0022,0.591
5285.081,202.241,-1.6961,4.6356,0.3581,84.85,0.22,0.0045,0.0053,0.59
5285.181,202.341,-1.6961,4.6362,0.3587,84.72,0.28,0.0059,0.0017,0.59
5285.281,202.441,-1.6959,4.6366,0.3588,84.78,0.2,0.0065,0.0006,0.59
5285.381,202.541,-1.6965,4.6365,0.359,84.95,0.26,0.0068,0.0054,0.589
5285.481,202.641,-1.6979,4.6347,0.3596,85.05,0.35,0.0048,0.0054,0.589
5285.581,202.741,-1.6971,4.6348,0.3593,84.86,0.17,0.0088,0.0001,0.586
5285.681,202.841,-1.6952,4.6344,0.3597,84.82,0.12,0.0078,-0.0048,0.588
5285.781,202.941,-1.6937,4.6357,0.3586,84.92,0.14,0.0082,-0.0058,0.59
5285.881,203.041,-1.6935,4.637,0.3594,85.0,0.17,0.0084,-0.001,0.59
5285.983,203.15,-1.6937,4.6387,0.3586,84.93,0.12,0.0081,-0.0022,0.59
5286.081,203.241,-1.6939,4.6406,0.3591,84.76,0.25,0.0081,-0.0022,0.591
5286.181,203.341,-1.6946,4.6409,0.3599,84.71,0.2,0.009,-0.004,0.591
5286.281,203.441,-1.6962,4.6402,0.36,84.89,0.32,0.0067,0.0036,0.591
5286.381,203.542,-1.6986,4.6371,0.3601,84.96,0.49,0.0023,0.0056,0.589
5286.481,203.642,-1.6985,4.6363,0.359,84.79,0.3,0.0046,-0.0008,0.589
5286.581,203.742,-1.6968,4.6357,0.3593,84.74,0.08,0.0079,-0.0014,0.587
5286.681,203.842,-1.6952,4.6371,0.3584,84.85,0.11,0.0102,-0.0019,0.589
5286.781,203.942,-1.6949,4.6385,0.3593,84.95,0.17,0.0105,0.004,0.589
5286.881,204.042,-1.6948,4.6412,0.3585,84.86,0.12,0.0109,0.0049,0.589
5286.981,204.143,-1.6945,4.6431,0.3592,84.74,0.24,0.0118,0.0035,0.589
5287.083,204.247,-1.6947,4.6439,0.3591,84.75,0.19,0.0089,0.0037,0.59
5287.181,204.344,-1.6957,4.644,0.3586,84.99,0.22,0.0094,0.0064,0.59
5287.281,204.445,-1.6973,4.6417,0.359,85.07,0.32,0.0062,0.0097,0.588
5287.381,204.544,-1.6969,4.641,0.3582,84.93,0.19,0.0067,0.0037,0.587
5287.481,204.644,-1.6954,4.6399,0.3587,84.88,0.12,0.0061,0.0019,0.587
5287.584,204.747,-1.6946,4.6403,0.359,84.95,0.07,0.0049,0.0021,0.589
5287.681,204.844,-1.6953,4.6411,0.3599,85.1,0.18,0.0055,0.0076,0.589
5287.781,204.944,-1.6963,4.6426,0.358,85.04,0.21,0.0062,0.0089,0.588
5287.881,205.044,-1.697,4.6438,0.3585,84.96,0.37,0.0062,0.0089,0.588
5287.981,205.144,-1.6973,4.6448,0.3591,85.01,0.33,0.0104,0.0095,0.587
5288.081,205.244,-1.6982,4.6445,0.3595,85.22,0.35,0.0114,0.0133,0.587
5288.181,205.344,-1.6997,4.6422,0.3593,85.33,0.43,0.0066,0.0147,0.585
5288.281,205.445,-1.699,4.6421,0.3581,85.22,0.26,0.0127,0.013,0.583
5288.381,205.545,-1.697,4.6419,0.3584,85.22,0.1,0.0104,0.0101,0.584
5288.481,205.645,-1.6955,4.6436,0.3582,85.41,0.12,0.0104,0.0101,0.586
5288.581,205.746,-1.6953,4.6452,0.3594,85.57,0.16,0.0106,0.0123,0.585
5288.681,205.846,-1.6951,4.6479,0.3583,85.58,0.12,0.0124,0.0135,0.585
5288.781,205.945,-1.6951,4.6494,0.3593,85.5,0.24,0.0125,0.0067,0.585
5288.881,206.047,-1.6953,4.6502,0.3586,85.52,0.16,0.0081,0.0042,0.586
5288.983,206.153,-1.6962,4.6501,0.3584,85.71,0.22,0.0066,0.0114,0.586
5289.081,206.253,-1.6986,4.6473,0.3584,85.89,0.37,0.0066,0.0114,0.583
5289.181,206.353,-1.6992,4.6465,0.3575,85.76,0.32,0.006,0.0112,0.581
5289.281,206.453,-1.6983,4.646,0.3583,85.71,0.21,0.006,0.0112,0.581
5289.381,206.553,-1.6977,4.6472,0.3586,85.93,0.21,0.0113,-0.0059,0.582
5289.481,206.653,-1.6984,4.6477,0.3596,86.08,0.31,0.0113,-0.0059,0.582
5289.581,206.753,-1.6982,4.6496,0.3588,85.96,0.21,0.0102,0.0068,0.581
5289.681,206.853,-1.6972,4.6513,0.3598,85.8,0.23,0.0142,0.0016,0.581
5289.781,206.953,-1.6962,4.6528,0.3598,85.85,0.13,0.011,0.0009,0.582
5289.881,207.053,-1.6961,4.6537,0.3601,86.05,0.19,0.013,0.0078,0.582
5289.981,207.153,-1.6967,4.6536,0.3595,86.03,0.18,0.0071,0.0064,0.582
5290.081,207.253,-1.6963,4.6544,0.3585,85.95,0.18,0.0058,-0.0029,0.582
5290.181,207.353,-1.6959,4.6539,0.3587,85.94,0.16,0.0062,-0.0017,0.582
5290.281,207.453,-1.6961,4.6539,0.3583,86.06,0.14,0.0039,-0.0095,0.583
5290.381,207.553,-1.6975,4.6524,0.3587,86.16,0.29,0.0022,0.0007,0.581
5290.484,207.658,-1.6989,4.6517,0.357,86.05,0.29,0.0018,0.0022,0.581
5290.581,207.763,-1.6991,4.6513,0.3574,85.83,0.27,0.0048,0.0001,0.58
5290.681,207.863,-1.6983,4.6518,0.3579,85.85,0.14,0.008,-0.0001,0.58
5290.781,207.963,-1.6985,4.6519,0.3588,86.06,0.23,0.0091,0.0099,0.58
5290.887,208.07,-1.6994,4.6516,0.3586,86.1,0.29,0.0088,0.0127,0.579
5290.982,208.173,-1.6987,4.6532,0.3579,85.97,0.22,0.0116,0.0126,0.579
5291.081,208.265,-1.6976,4.654,0.3579,85.94,0.15,0.0128,0.0139,0.579
5291.181,208.365,-1.6972,4.6556,0.3569,86.19,0.16,0.0135,0.0131,0.581
5291.281,208.466,-1.6977,4.6559,0.3579,86.4,0.22,0.0112,0.0213,0.58
5291.381,208.567,-1.6981,4.6579,0.3559,86.31,0.2,0.0093,0.0206,0.578
5291.481,208.666,-1.6983,4.6589,0.357,86.29,0.27,0.0093,0.0206,0.578
5291.581,208.766,-1.6984,4.6598,0.3565,86.5,0.19,0.0096,0.0174,0.578
5291.681,208.866,-1.6992,4.6589,0.3574,86.72,0.27,0.0098,0.0215,0.577
5291.781,208.968,-1.7006,4.6573,0.3569,86.76,0.31,0.0078,0.0275,0.575
5291.882,209.07,-1.7001,4.6574,0.3564,86.74,0.23,0.0187,0.0169,0.575
5291.981,209.195,-1.6985,4.6578,0.3556,86.88,0.04,0.0212,0.0131,0.574
5292.081,209.29,-1.6967,4.6604,0.3458,87.04,0.23,0.0196,0.0356,0.575
5292.181,209.392,-1.6938,4.6654,0.3487,87.29,0.25,0.015,0.0323,0.576
5292.281,209.493,-1.6915,4.6707,0.3501,87.2,0.39,0.0141,0.0361,0.576
5292.381,209.592,-1.6911,4.672,0.3534,87.29,0.3,0.0118,0.0237,0.576
5292.481,209.695,-1.6924,4.673,0.3529,87.62,0.1,0.0077,0.0219,0.578
5292.581,209.795,-1.6952,4.6713,0.3556,87.92,0.19,0.0025,0.0212,0.578
5292.681,209.895,-1.6985,4.6694,0.3549,87.86,0.28,0.0,0.025,0.572
5292.781,209.995,-1.7008,4.6679,0.3559,87.78,0.43,0.0,0.0117,0.569
5292.883,210.098,-1.7017,4.6672,0.3575,87.79,0.32,0.0072,0.0071,0.567
5292.99,210.204,-1.7036,4.6664,0.3585,88.09,0.47,0.0115,-0.0172,0.566
5293.081,210.295,-1.706,4.6638,0.3589,88.14,0.61,0.0147,-0.0061,0.563
5293.181,210.395,-1.7054,4.6648,0.3584,87.92,0.35,0.0156,-0.0011,0.561
5293.281,210.495,-1.703,4.667,0.3594,87.87,0.12,0.0243,-0.0027,0.563
5293.381,210.595,-1.7008,4.6714,0.3589,88.0,0.18,0.0299,0.008,0.565
5293.481,210.695,-1.6993,4.6761,0.3607,88.1,0.28,0.0368,0.0196,0.566
5293.581,210.795,-1.698,4.6833,0.3596,88.08,0.23,0.0369,0.0249,0.566
5293.681,210.895,-1.6973,4.688,0.3607,88.02,0.33,0.0424,0.0336,0.568
5293.781,210.995,-1.6988,4.6922,0.361,88.24,0.23,0.0406,0.0393,0.568
5293.881,211.095,-1.701,4.6935,0.3612,88.6,0.33,0.0356,0.0401,0.566
5293.981,211.195,-1.704,4.6921,0.3614,88.92,0.53,0.0349,0.0494,0.562
5294.081,211.295,-1.7048,4.6937,0.3603,88.93,0.46,0.0289,0.0477,0.558
5294.181,211.396,-1.7039,4.6965,0.3604,89.08,0.3,0.0347,0.0441,0.558
5294.281,211.496,-1.7028,4.7013,0.3597,89.39,0.29,0.0371,0.0431,0.557
5294.385,211.6,-1.7023,4.7043,0.361,89.66,0.33,0.0461,0.0503,0.556
5294.481,211.696,-1.7012,4.7112,0.3599,89.88,0.18,0.0481,0.049,0.556
5294.581,211.807,-1.6996,4.7172,0.3611,89.98,0.26,0.0542,0.0433,0.555
5294.681,211.908,-1.6986,4.7233,0.3602,90.27,0.13,0.0599,0.0394,0.555
5294.781,212.008,-1.6995,4.7293,0.361,90.61,0.26,0.0636,0.0417,0.554
5294.881,212.108,-1.701,4.7355,0.362,90.92,0.34,0.065,0.046,0.552
5294.982,212.212,-1.701,4.7427,0.3618,90.89,0.31,0.0689,0.0424,0.552
5295.081,212.313,-1.702,4.7529,0.3617,91.08,0.36,0.0739,0.0324,0.549
5295.181,212.413,-1.7038,4.762,0.359,91.33,0.43,0.076,0.0298,0.547
5295.281,212.515,-1.7053,4.7686,0.3602,91.61,0.46,0.0809,0.0305,0.544
5295.381,212.614,-1.7058,4.7781,0.3573,91.63,0.33,0.0778,0.035,0.544
5295.481,212.714,-1.7059,4.7868,0.359,91.62,0.42,0.0816,0.0306,0.541
5295.581,212.814,-1.7067,4.7965,0.3573,91.83,0.33,0.0863,0.0245,0.54
5295.682,212.915,-1.708,4.8037,0.3588,92.15,0.41,0.0914,0.0267,0.538
5295.781,213.014,-1.7094,4.8109,0.3588,92.26,0.42,0.0885,0.0296,0.535
5295.881,213.114,-1.7084,4.821,0.3591,92.21,0.31,0.084,0.0274,0.535
5295.981,213.214,-1.7076,4.8308,0.3599,92.33,0.26,0.0887,0.0213,0.535
5296.081,213.314,-1.7084,4.841,0.3596,92.56,0.28,0.0887,0.0207,0.534
5296.181,213.414,-1.7093,4.8494,0.3608,92.74,0.33,0.0926,0.0238,0.532
5296.281,213.514,-1.7093,4.8605,0.3594,92.73,0.24,0.0898,0.023,0.53
5296.381,213.614,-1.7092,4.8701,0.3607,92.73,0.31,0.0941,0.0169,0.531
5296.481,213.714,-1.71,4.8801,0.3599,92.91,0.25,0.0956,0.0126,0.53
5296.581,213.815,-1.7122,4.8881,0.361,93.11,0.4,0.0987,0.0085,0.528
5296.683,213.922,-1.7144,4.8943,0.3602,93.18,0.48,0.0961,0.0115,0.528
5296.781,214.015,-1.7152,4.9078,0.359,93.08,0.46,0.0926,0.0058,0.523
5296.881,214.115,-1.716,4.9192,0.3599,93.04,0.44,0.0966,0.0005,0.523
5296.981,214.215,-1.7174,4.9301,0.36,93.22,0.44,0.099,-0.0026,0.522
5297.081,214.315,-1.7186,4.9382,0.361,93.26,0.5,0.1016,-0.0028,0.522
5297.181,214.415,-1.7185,4.9495,0.3591,93.14,0.3,0.0967,-0.005,0.519
5297.281,214.515,-1.7175,4.9603,0.3605,92.99,0.27,0.0993,-0.0103,0.52
5297.381,214.615,-1.717,4.972,0.36,93.02,0.18,0.1009,-0.0154,0.521
5297.481,214.715,-1.7179,4.9821,0.3611,93.08,0.26,0.1026,-0.0167,0.521
5297.581,214.815,-1.7192,4.9931,0.359,92.97,0.24,0.1008,-0.0149,0.521
5297.682,214.919,-1.7194,5.0028,0.3577,92.79,0.32,0.1003,-0.017,0.519
5297.782,215.019,-1.7207,5.0153,0.3596,92.59,0.34,0.1029,-0.0217,0.52
5297.881,215.118,-1.723,5.0247,0.36,92.72,0.43,0.1016,-0.0235,0.52
5297.981,215.218,-1.726,5.0312,0.3606,92.65,0.67,0.1008,-0.0202,0.517
5298.081,215.318,-1.7278,5.0406,0.3579,92.43,0.48,0.0929,-0.0251,0.515
5298.181,215.418,-1.7276,5.0513,0.3593,92.19,0.43,0.0923,-0.031,0.515
5298.281,215.518,-1.7269,5.0645,0.3584,92.13,0.27,0.0947,-0.0367,0.515
5298.381,215.619,-1.7265,5.0758,0.3599,92.11,0.28,0.1028,-0.0356,0.517
5298.481,215.719,-1.726,5.0879,0.3597,91.85,0.17,0.1033,-0.0324,0.517
5298.581,215.819,-1.7241,5.1002,0.3606,91.51,0.27,0.1053,-0.0293,0.519
5298.681,215.919,-1.7229,5.1111,0.3608,91.43,0.22,0.1076,-0.0309,0.523
5298.781,216.019,-1.7238,5.1225,0.3598,91.4,0.22,0.1043,-0.0259,0.524
5298.881,216.119,-1.7255,5.1326,0.3604,91.38,0.24,0.1045,-0.0169,0.523
5298.981,216.219,-1.7263,5.1453,0.359,91.23,0.24,0.1009,-0.0143,0.522
5299.081,216.32,-1.7271,5.1563,0.3604,91.02,0.38,0.1042,-0.0152,0.522
5299.182,216.421,-1.7283,5.1663,0.3582,91.04,0.33,0.1032,-0.0262,0.522
5299.281,216.519,-1.7311,5.178,0.3585,91.03,0.5,0.1064,-0.0207,0.521
5299.381,216.619,-1.7335,5.187,0.3578,90.91,0.52,0.1028,-0.0215,0.519
5299.481,216.719,-1.7335,5.1982,0.3584,90.61,0.45,0.0989,-0.0232,0.518
5299.583,216.825,-1.733,5.2079,0.359,90.5,0.32,0.0993,-0.0246,0.518
5299.681,216.925,-1.7326,5.2226,0.36,90.52,0.33,0.1013,-0.0244,0.52
5299.781,217.025,-1.7324,5.2333,0.361,90.47,0.28,0.1049,-0.0178,0.52
5299.887,217.131,-1.7313,5.2435,0.3608,90.31,0.18,0.101,-0.0178,0.52
5299.981,217.225,-1.7291,5.2563,0.3625,90.04,0.25,0.1047,-0.0223,0.523
5300.081,217.325,-1.7284,5.2679,0.3595,90.07,0.21,0.1024,-0.025,0.525
5300.181,217.425,-1.7291,5.278,0.3604,90.09,0.22,0.1021,-0.0169,0.526
5300.281,217.525,-1.73,5.2892,0.3605,89.99,0.16,0.0986,-0.0089,0.525
5300.381,217.625,-1.7293,5.3004,0.3613,89.78,0.27,0.0986,-0.0065,0.525
5300.481,217.725,-1.7291,5.3112,0.3609,89.75,0.18,0.0991,-0.0061,0.525
5300.581,217.825,-1.7306,5.3221,0.36,89.76,0.28,0.0965,-0.001,0.527
5300.681,217.926,-1.7327,5.331,0.3605,89.93,0.38,0.0983,0.0039,0.526
5300.781,218.027,-1.7331,5.3421,0.3592,89.93,0.31,0.0925,0.0086,0.523
5300.881,218.127,-1.7328,5.3526,0.3604,89.67,0.31,0.0941,0.0099,0.523
5300.981,218.227,-1.7329,5.3641,0.36,89.93,0.27,0.0935,0.0098,0.523
5301.081,218.327,-1.7339,5.373,0.3615,90.15,0.33,0.0936,0.0076,0.522
5301.181,218.427,-1.7347,5.3826,0.3597,90.19,0.29,0.0906,0.0152,0.521
5301.281,218.528,-1.7337,5.3923,0.3599,90.07,0.31,0.0875,0.013,0.52
5301.381,218.628,-1.7327,5.4017,0.361,90.0,0.23,0.0872,0.0056,0.521
5301.481,218.728,-1.7333,5.4105,0.3611,90.22,0.28,0.0847,0.007,0.522
5301.581,218.828,-1.7344,5.4175,0.3611,90.32,0.3,0.0834,0.019,0.521
5301.681,218.928,-1.734,5.4265,0.3591,90.43,0.24,0.077,0.0185,0.519
5301.781,219.028,-1.7329,5.4343,0.3599,90.25,0.21,0.078,0.0133,0.519
5301.884,219.139,-1.7321,5.4413,0.3597,90.26,0.14,0.0768,0.0098,0.519
5301.982,219.231,-1.7324,5.4486,0.3605,90.46,0.24,0.0772,0.0051,0.521
5302.081,219.328,-1.7332,5.4575,0.3598,90.64,0.18,0.0729,0.0139,0.519
5302.181,219.428,-1.7323,5.4652,0.3603,90.29,0.25,0.0697,0.02,0.519
5302.281,219.528,-1.7311,5.4725,0.3608,90.36,0.16,0.0718,0.0018,0.521
5302.381,219.628,-1.7317,5.4801,0.3608,90.88,0.22,0.0703,0.0045,0.521
5302.481,219.728,-1.7333,5.4864,0.361,90.82,0.26,0.0697,0.0204,0.518
5302.581,219.828,-1.7339,5.4947,0.3589,90.82,0.27,0.0673,0.0244,0.518
5302.681,219.928,-1.734,5.5019,0.3598,90.87,0.28,0.0684,0.0207,0.517
5302.781,220.028,-1.7341,5.5105,0.3589,91.03,0.24,0.0671,0.012,0.516
5302.881,220.128,-1.7348,5.5161,0.3601,91.24,0.27,0.0171,0.0,0.515
5302.981,220.228,-1.735,5.5193,0.3598,91.25,0.19,0.0179,0.0069,0.514
5303.081,220.328,-1.7349,5.5189,0.3595,91.16,0.16,0.0296,0.0044,0.514
5303.181,220.428,-1.7332,5.5185,0.3592,91.13,0.07,0.029,0.0017,0.514
5303.281,220.528,-1.7335,5.5197,0.3584,91.57,0.1,0.0319,-0.0022,0.515
5303.381,220.628,-1.7359,5.5205,0.3591,91.77,0.32,0.0354,0.013,0.515
5303.481,220.728,-1.7374,5.5241,0.3596,91.37,0.22,0.0362,0.0079,0.509
5303.581,220.828,-1.7371,5.529,0.3606,91.22,0.21,0.0446,-0.0321,0.51
5303.681,220.928,-1.7366,5.5368,0.3584,91.22,0.17,0.0511,-0.0474,0.511
5303.781,221.028,-1.7376,5.5444,0.3595,91.32,0.28,0.0642,-0.0371,0.512
5303.881,221.128,-1.7387,5.5533,0.3583,91.08,0.22,0.0681,-0.008,0.512
5303.981,221.245,-1.7387,5.5626,0.3594,90.81,0.36,0.0746,-0.0243,0.51
5304.081,221.345,-1.7394,5.5713,0.3616,90.32,0.28,0.0849,-0.0548,0.512
5304.181,221.445,-1.7414,5.5788,0.3625,90.4,0.42,0.085,-0.0371,0.514
5304.281,221.545,-1.7439,5.5851,0.3622,90.35,0.49,0.085,-0.0371,0.512
5304.381,221.645,-1.7438,5.5947,0.3611,90.08,0.37,0.081,-0.0382,0.512
5304.481,221.745,-1.7431,5.6042,0.3618,89.8,0.32,0.0892,-0.0569,0.512
5304.581,221.845,-1.7429,5.6147,0.3611,89.49,0.33,0.0892,-0.0569,0.514
5304.681,221.945,-1.7432,5.6233,0.362,89.45,0.35,0.0957,-0.0603,0.516
5304.781,222.045,-1.7427,5.6343,0.3613,88.94,0.19,0.0953,-0.0537,0.516
5304.881,222.145,-1.7406,5.6453,0.3628,88.4,0.29,0.0962,-0.056,0.516
5304.982,222.246,-1.7393,5.6543,0.3622,88.02,0.23,0.1002,-0.0652,0.525
5305.081,222.345,-1.7392,5.6676,0.3617,88.24,0.3,0.1052,-0.0601,0.528
5305.181,222.445,-1.7397,5.6783,0.3621,88.02,0.29,0.1079,-0.0326,0.526
5305.281,222.545,-1.7382,5.6912,0.3621,87.4,0.28,0.108,-0.0361,0.527
5305.381,222.645,-1.7372,5.703,0.3627,87.22,0.25,0.1143,-0.0465,0.527
5305.481,222.745,-1.7373,5.716,0.3616,87.38,0.27,0.116,-0.0321,0.534
5305.581,222.845,-1.7386,5.7276,0.3623,87.08,0.33,0.116,-0.0321,0.533
5305.681,222.945,-1.7392,5.7417,0.361,87.04,0.22,0.1146,-0.0365,0.534
5305.781,223.045,-1.7386,5.7528,0.3618,86.59,0.4,0.1186,-0.0266,0.534
5305.881,223.145,-1.7391,5.7698,0.3616,86.31,0.38,0.1207,-0.0366,0.537
5305.981,223.245,-1.7402,5.7816,0.3619,86.41,0.48,0.1229,-0.0274,0.537
5306.081,223.345,-1.7413,5.7918,0.3615,86.31,0.52,0.122,-0.0196,0.536
5306.181,223.445,-1.7392,5.8048,0.3606,85.98,0.33,0.1166,-0.0278,0.536
5306.281,223.545,-1.7363,5.8176,0.3612,85.87,0.18,0.1204,-0.0368,0.54
5306.381,223.645,-1.7342,5.8321,0.3593,85.8,0.23,0.1204,-0.0368,0.54
5306.481,223.745,-1.7331,5.8453,0.3606,85.79,0.24,0.1255,-0.0326,0.545
5306.581,223.845,-1.7315,5.8617,0.3589,85.55,0.19,0.1255,-0.0326,0.546
5306.681,223.945,-1.7298,5.8764,0.3607,85.2,0.33,0.1327,-0.0405,0.549
5306.783,224.047,-1.7294,5.8911,0.3601,85.07,0.24,0.1327,-0.0405,0.553
5306.881,224.146,-1.7305,5.9037,0.3604,84.97,0.39,0.1313,-0.0334,0.554
5306.981,224.246,-1.7321,5.9152,0.3606,84.81,0.51,0.1249,-0.0355,0.554
5307.081,224.348,-1.7305,5.9293,0.3602,84.49,0.37,0.1249,-0.0355,0.554
5307.181,224.448,-1.7282,5.9435,0.361,84.23,0.32,0.126,-0.0288,0.557
5307.281,224.548,-1.7268,5.9588,0.3607,84.19,0.34,0.1317,-0.0206,0.561
5307.388,224.655,-1.7262,5.9691,0.3619,84.19,0.37,0.1317,-0.0206,0.561
5307.483,224.75,-1.7249,5.9841,0.3614,84.08,0.25,0.135,-0.017,0.563
5307.581,224.849,-1.7206,6.0023,0.3626,83.84,0.28,0.135,-0.017,0.566
5307.681,224.949,-1.7179,6.0177,0.362,83.75,0.18,0.1376,-0.0193,0.57
5307.781,225.049,-1.7173,6.0325,0.3625,83.79,0.28,0.1386,-0.0158,0.57
5307.881,225.15,-1.7173,6.0445,0.3623,83.74,0.28,0.1381,-0.0114,0.573
5307.981,225.249,-1.7147,6.0649,0.3615,83.49,0.34,0.1359,-0.0074,0.575
5308.081,225.349,-1.7136,6.0806,0.3617,83.41,0.36,0.1399,-0.0094,0.578
5308.181,225.449,-1.7134,6.0963,0.36,83.5,0.41,0.1389,-0.0063,0.58
5308.281,225.549,-1.7138,6.1082,0.3608,83.52,0.54,0.1383,0.0026,0.58
5308.381,225.649,-1.7129,6.1225,0.3588,83.45,0.36,0.131,0.0039,0.58
5308.481,225.749,-1.7098,6.1367,0.36,83.31,0.3,0.1289,0.0066,0.581
5308.581,225.849,-1.7065,6.1522,0.3593,83.36,0.18,0.1302,0.0092,0.584
5308.681,225.949,-1.7047,6.1666,0.3602,83.59,0.27,0.1302,0.0092,0.587
5308.781,226.049,-1.7031,6.1813,0.3602,83.66,0.22,0.129,0.0175,0.587
5308.881,226.149,-1.7,6.1967,0.3598,83.56,0.26,0.1253,0.0238,0.587
5308.981,226.255,-1.6984,6.2072,0.3608,83.59,0.24,0.1273,0.0254,0.589
5309.081,226.354,-1.6974,6.224,0.3574,83.89,0.21,0.1225,0.0279,0.593
5309.181,226.454,-1.6977,6.2354,0.3585,84.12,0.27,0.1226,0.0363,0.592
5309.281,226.555,-1.6969,6.2491,0.3575,84.16,0.21,0.1167,0.0419,0.591
5309.381,226.654,-1.695,6.2615,0.3589,84.23,0.24,0.1148,0.0449,0.592
5309.481,226.754,-1.6932,6.275,0.3589,84.5,0.16,0.1125,0.0435,0.593
5309.581,226.854,-1.6932,6.2869,0.3603,84.88,0.28,0.1129,0.0446,0.593
5309.681,226.954,-1.6939,6.2988,0.3598,85.09,0.32,0.113,0.0487,0.591
5309.781,227.054,-1.6928,6.3117,0.359,85.15,0.35,0.1096,0.0526,0.59
5309.881,227.154,-1.6917,6.3241,0.3596,85.34,0.3,0.1136,0.0485,0.59
5309.981,227.269,-1.6915,6.3364,0.3597,85.74,0.33,0.1121,0.0476,0.59
5310.081,227.369,-1.6922,6.3464,0.3608,86.07,0.38,0.1139,0.0522,0.588
5310.181,227.469,-1.6908,6.3582,0.3609,86.21,0.2,0.1072,0.0549,0.586
5310.281,227.569,-1.688,6.3693,0.3618,86.39,0.18,0.1051,0.0533,0.586
5310.382,227.674,-1.6857,6.3796,0.3606,86.65,0.15,0.1044,0.0442,0.587
5310.481,227.769,-1.685,6.3944,0.3613,87.1,0.22,0.1071,0.0463,0.588
5310.581,227.869,-1.6851,6.4081,0.3599,87.29,0.17,0.1097,0.0475,0.587
5310.681,227.97,-1.6846,6.4212,0.3596,87.35,0.32,0.1089,0.0477,0.586
5310.781,228.07,-1.6851,6.4329,0.3612,87.52,0.33,0.1143,0.0425,0.586
5310.882,228.172,-1.687,6.4418,0.3615,87.88,0.42,0.1115,0.0422,0.586
5310.981,228.273,-1.6914,6.451,0.3622,88.22,0.79,0.1121,0.0458,0.584
5311.081,228.373,-1.6936,6.4614,0.3585,88.32,0.6,0.1019,0.0467,0.575
5311.181,228.473,-1.6933,6.4738,0.3591,88.44,0.6,0.099,0.0419,0.573
5311.281,228.573,-1.6922,6.4885,0.3594,88.69,0.5,0.1,0.0364,0.572
5311.381,228.675,-1.6909,6.4999,0.3611,89.03,0.42,0.1093,0.0333,0.572
5311.481,228.775,-1.6897,6.5094,0.3605,89.2,0.32,0.1093,0.0329,0.572
5311.582,228.879,-1.6864,6.5224,0.3602,89.15,0.23,0.1055,0.0338,0.571
5311.681,228.977,-1.6824,6.5359,0.3613,89.25,0.25,0.1078,0.0277,0.574
5311.781,229.077,-1.6814,6.5474,0.3614,89.63,0.26,0.1041,0.0291,0.574
5311.885,229.187,-1.6813,6.5561,0.362,89.78,0.18,0.1017,0.0403,0.576
5311.981,229.299,-1.6822,6.5712,0.3579,89.84,0.31,0.1059,0.0397,0.574
5312.081,229.401,-1.6839,6.581,0.3601,89.72,0.47,0.1037,0.0335,0.574
5312.181,229.501,-1.6868,6.5899,0.3622,90.16,0.51,0.1012,0.0262,0.574
5312.281,229.601,-1.6911,6.5949,0.363,90.52,0.82,0.1012,0.0262,0.574
5312.381,229.701,-1.6946,6.6017,0.3596,90.68,0.61,0.0835,0.0335,0.568
5312.481,229.806,-1.6944,6.6096,0.3596,90.71,0.56,0.0836,0.0265,0.558
5312.582,229.915,-1.6923,6.6224,0.3595,90.77,0.31,0.0885,0.0217,0.558
5312.681,230.011,-1.6906,6.6348,0.3598,91.12,0.32,0.0885,0.0217,0.559
5312.781,230.106,-1.6881,6.649,0.3603,91.35,0.22,0.1007,0.0151,0.558
5312.881,230.206,-1.6852,6.6616,0.3604,91.17,0.31,0.1038,0.0162,0.558
5312.981,230.307,-1.6826,6.6719,0.3606,91.19,0.29,0.1006,0.0078,0.563
5313.081,230.406,-1.6824,6.6836,0.3588,91.35,0.25,0.1006,0.0078,0.563
5313.181,230.506,-1.6838,6.6941,0.3602,91.53,0.15,0.0979,0.0102,0.565
5313.281,230.606,-1.6855,6.7067,0.3581,91.45,0.2,0.0972,0.0101,0.562
5313.383,230.716,-1.687,6.7151,0.3593,91.39,0.42,0.1007,0.0027,0.562
5313.481,230.814,-1.6893,6.726,0.3597,91.45,0.41,0.099,-0.0011,0.561
5313.59,230.917,-1.6932,6.7362,0.3604,91.67,0.6,0.0985,0.003,0.56
5313.681,231.006,-1.697,6.7424,0.3603,91.72,0.7,0.09,0.0024,0.553
5313.781,231.107,-1.6977,6.7522,0.36,91.52,0.53,0.084,0.0106,0.55
5313.881,231.207,-1.6964,6.7638,0.361,91.45,0.37,0.0863,0.0013,0.55
5313.981,231.307,-1.6958,6.776,0.3613,91.65,0.33,0.0919,0.0002,0.551
5314.081,231.407,-1.695,6.7838,0.3624,91.74,0.29,0.0919,0.0002,0.551
5314.192,231.521,-1.6928,6.7973,0.3621,91.67,0.22,0.092,0.0006,0.551
5314.281,231.61,-1.69,6.8068,0.3632,91.56,0.29,0.0923,-0.0062,0.551
5314.381,231.71,-1.6879,6.8146,0.3619,91.55,0.28,0.0872,-0.0077,0.553
5314.481,231.81,-1.6879,6.8264,0.3616,91.68,0.31,0.0866,-0.0048,0.557
5314.582,231.915,-1.6888,6.8346,0.3615,91.69,0.24,0.0833,-0.0029,0.557
5314.681,232.01,-1.6895,6.847,0.3612,91.47,0.29,0.0863,-0.0048,0.556
5314.784,232.118,-1.6905,6.8537,0.3613,91.42,0.27,0.0826,-0.0108,0.556
5314.881,232.21,-1.6932,6.8642,0.3611,91.49,0.33,0.0815,-0.0115,0.556
5314.981,232.31,-1.6968,6.8698,0.3615,91.52,0.6,0.0776,-0.0081,0.554
5315.081,232.41,-1.6991,6.8774,0.3593,91.36,0.42,0.0709,-0.0084,0.55
5315.181,232.51,-1.6992,6.886,0.3601,91.22,0.41,0.0713,-0.0133,0.549
5315.281,232.61,-1.6984,6.8962,0.3606,91.28,0.28,0.072,-0.0144,0.55
5315.381,232.71,-1.6982,6.9044,0.3614,91.35,0.31,0.076,-0.0021,0.55
5315.481,232.81,-1.698,6.9119,0.3617,91.36,0.24,0.051,0.0,0.55
5315.581,232.91,-1.6964,6.9197,0.3617,91.1,0.23,0.0163,-0.004,0.55
5315.681,233.017,-1.696,6.9239,0.3607,91.12,0.12,0.0172,-0.005,0.553
5315.781,233.118,-1.6956,6.9243,0.3566,91.19,0.15,0.0095,0.0028,0.553
5315.881,233.218,-1.6953,6.92,0.3562,91.3,0.05,0.0012,0.0045,0.552
5315.981,233.318,-1.6945,6.9147,0.3554,91.15,0.17,0.0,0.0091,0.552
5316.082,233.427,-1.692,6.9094,0.3554,91.05,0.44,0.0,0.0078,0.552
5316.181,233.518,-1.6863,6.9019,0.3549,91.08,0.6,0.0,-0.0014,0.557
5316.281,233.618,-1.6855,6.8991,0.3549,91.23,0.43,0.0,0.0148,0.561
5316.381,233.718,-1.6859,6.8942,0.3552,91.25,0.18,0.0001,0.0171,0.561
5316.486,233.823,-1.686,6.8942,0.3553,91.22,0.12,0.0,0.0188,0.561
5316.581,233.918,-1.6862,6.8969,0.356,91.17,0.13,0.0,0.0174,0.562
5316.681,234.018,-1.6863,6.9,0.3565,91.13,0.22,0.0,0.0009,0.562
5316.781,234.118,-1.6864,6.9029,0.3568,91.14,0.27,0.0,0.004,0.562
5316.881,234.218,-1.6864,6.9046,0.3569,91.12,0.29,0.0,0.0128,0.562
5316.981,234.318,-1.6864,6.9047,0.3569,91.13,0.29,0.0012,0.0169,0.562
5317.081,234.417,-1.6864,6.9047,0.3569,91.13,0.29,0.0002,0.0225,0.562
5317.181,234.517,-1.6864,6.9048,0.3569,91.13,0.28,0.0001,0.0279,0.562
5317.281,234.618,-1.6864,6.9048,0.3569,91.13,0.28,0.0,0.0196,0.562
5317.381,234.718,-1.6864,6.9048,0.3569,91.13,0.28,0.0,0.0203,0.562
5317.481,234.819,-1.6864,6.9048,0.3569,91.13,0.28,0.0,0.0226,0.562
5317.581,234.919,-1.6864,6.9048,0.3569,91.14,0.28,0.0001,0.0238,0.562
