sim_s,wall_s,x,y,z,yaw_deg,tilt_deg,cmd_vx,cmd_wz,min_range_m
3796.2,0.001,-3.353,-0.0818,0.3521,-164.38,0.16,0.0,0.0,inf
3801.899,0.001,-3.353,-0.0818,0.3521,-164.38,0.16,0.0,0.0,inf
3801.899,0.002,-3.353,-0.0818,0.3522,-164.4,0.16,0.0,0.0,inf
3801.899,0.003,-3.353,-0.0818,0.3522,-164.4,0.16,0.0,0.0,0.449
3801.899,0.004,-3.353,-0.0818,0.3522,-164.4,0.16,0.0,0.0,0.449
3801.902,0.004,-3.353,-0.0818,0.3522,-164.4,0.16,0.0,0.0,0.449
3801.902,0.004,-3.353,-0.0818,0.3522,-164.39,0.16,0.0,0.0,0.449
3801.902,0.004,-3.353,-0.0818,0.3522,-164.39,0.16,0.0,0.0,0.449
3801.902,0.004,-3.353,-0.0818,0.3522,-164.39,0.16,0.0,0.0,0.449
3801.902,0.004,-3.353,-0.0818,0.3522,-164.39,0.16,0.0,0.0,0.449
3801.903,0.005,-3.353,-0.0818,0.3522,-164.39,0.16,0.0,0.0,0.449
3801.903,0.005,-3.353,-0.0819,0.3522,-164.38,0.16,0.0,0.0,0.449
3801.903,0.005,-3.353,-0.0819,0.3522,-164.38,0.16,0.0,0.0,0.449
3801.903,0.005,-3.353,-0.0819,0.3522,-164.37,0.16,0.0,0.0,0.449
3801.903,0.006,-3.353,-0.0819,0.3522,-164.37,0.16,0.0,0.0,0.449
3801.904,0.006,-3.353,-0.0819,0.3522,-164.37,0.16,0.0,0.0,0.449
3801.904,0.006,-3.353,-0.0819,0.3522,-164.37,0.16,0.0,0.0,0.449
3801.904,0.006,-3.353,-0.0819,0.3522,-164.37,0.16,0.0,0.0,0.449
3801.904,0.006,-3.353,-0.0819,0.3522,-164.37,0.16,0.0,0.0,0.449
3801.905,0.007,-3.353,-0.0819,0.3522,-164.37,0.16,0.0,0.0,0.449
3801.905,0.008,-3.353,-0.0819,0.3522,-164.37,0.16,0.0,0.0,0.449
3801.906,0.01,-3.353,-0.0819,0.3522,-164.37,0.16,0.0,0.0,0.449
3801.908,0.01,-3.353,-0.0819,0.3522,-164.37,0.16,0.0,0.0,0.449
3801.909,0.011,-3.353,-0.0819,0.3522,-164.37,0.16,0.0,0.0,0.449
3801.91,0.011,-3.353,-0.0819,0.3522,-164.37,0.16,0.0,0.0,0.449
3801.91,0.015,-3.353,-0.0819,0.3522,-164.37,0.16,0.0,0.0,0.449
3801.915,0.02,-3.353,-0.0819,0.3522,-164.37,0.16,0.0,0.0,0.449
3801.917,0.021,-3.353,-0.0819,0.3522,-164.37,0.16,0.0,0.0,0.449
3801.917,0.025,-3.353,-0.0819,0.3522,-164.37,0.16,0.0,0.0,0.449
3801.919,0.029,-3.353,-0.0819,0.3522,-164.37,0.16,0.0,0.0,0.449
3801.92,0.029,-3.353,-0.0819,0.3522,-164.37,0.16,0.0,0.0,0.449
3801.92,0.03,-3.353,-0.0819,0.3522,-164.38,0.16,0.0,0.0,0.449
3801.922,0.03,-3.353,-0.0819,0.3522,-164.38,0.16,0.0,0.0,0.449
3801.922,0.033,-3.353,-0.0819,0.3522,-164.38,0.16,0.0,0.0,0.449
3801.932,0.034,-3.353,-0.0819,0.3522,-164.38,0.16,0.0,0.0,0.449
3801.933,0.034,-3.353,-0.0819,0.3522,-164.38,0.16,0.0,0.0,0.449
3801.934,0.035,-3.353,-0.0819,0.3522,-164.38,0.16,0.0,0.0,0.449
3801.935,0.036,-3.353,-0.0819,0.3522,-164.38,0.16,0.0,0.0,0.449
3801.936,0.037,-3.353,-0.0819,0.3522,-164.38,0.16,0.0,0.0,0.449
3801.937,0.039,-3.353,-0.0819,0.3522,-164.38,0.16,0.0,0.0,0.449
3801.938,0.039,-3.353,-0.0819,0.3522,-164.38,0.16,0.0,0.0,0.449
3801.938,0.04,-3.353,-0.0819,0.3522,-164.38,0.16,0.0,0.0,0.449
3801.939,0.04,-3.353,-0.0819,0.3522,-164.38,0.16,0.0,0.0,0.449
3801.94,0.042,-3.353,-0.0819,0.3522,-164.38,0.16,0.0,0.0,0.449
3801.94,0.042,-3.353,-0.0819,0.3522,-164.38,0.16,0.0,0.0,0.449
3801.941,0.042,-3.353,-0.0819,0.3522,-164.38,0.16,0.0,0.0,0.449
3801.942,0.043,-3.353,-0.0819,0.3522,-164.38,0.16,0.0,0.0,0.449
3801.943,0.044,-3.353,-0.0819,0.3522,-164.38,0.16,0.0,0.0,0.449
3801.943,0.045,-3.353,-0.0819,0.3522,-164.38,0.16,0.0,0.0,0.449
3801.944,0.046,-3.353,-0.0819,0.3522,-164.38,0.16,0.0,0.0,0.449
3801.945,0.046,-3.353,-0.0819,0.3522,-164.38,0.16,0.0,0.0,0.449
3801.946,0.047,-3.353,-0.0819,0.3522,-164.38,0.16,0.0,0.0,0.449
3801.947,0.049,-3.353,-0.0819,0.3522,-164.38,0.16,0.0,0.0,0.449
3801.948,0.049,-3.353,-0.0819,0.3522,-164.38,0.16,0.0,0.0,0.449
3801.949,0.05,-3.353,-0.0819,0.3522,-164.38,0.16,0.0,0.0,0.449
3801.95,0.051,-3.353,-0.0819,0.3522,-164.38,0.16,0.0,0.0,0.449
3801.951,0.052,-3.353,-0.0819,0.3522,-164.38,0.16,0.0,0.0,0.449
3801.952,0.054,-3.353,-0.0819,0.3522,-164.38,0.16,0.0,0.0,0.449
3802.0,0.101,-3.353,-0.0819,0.3522,-164.38,0.16,0.0,0.0,0.449
3802.1,0.204,-3.353,-0.0819,0.3522,-164.37,0.16,0.0,-0.0073,0.449
3802.2,0.304,-3.353,-0.0818,0.3522,-164.38,0.16,0.0,-0.0077,0.449
3802.3,0.407,-3.353,-0.0818,0.3522,-164.39,0.16,0.0,-0.0108,0.449
3802.4,0.509,-3.353,-0.0819,0.3522,-164.37,0.16,0.0,-0.0073,0.449
3802.5,0.609,-3.353,-0.0819,0.3522,-164.36,0.16,0.0,-0.0079,0.449
3802.6,0.71,-3.353,-0.0819,0.3522,-164.37,0.16,0.0,-0.0095,0.449
3802.7,0.81,-3.353,-0.0818,0.3521,-164.44,0.16,0.0,-0.0165,0.449
3802.8,0.912,-3.353,-0.0818,0.3521,-164.43,0.16,0.0,-0.0208,0.449
3802.9,1.013,-3.353,-0.0818,0.3521,-164.42,0.16,0.0,-0.0231,0.449
3803.0,1.113,-3.353,-0.0818,0.3521,-164.43,0.16,0.0,-0.0228,0.449
3803.1,1.217,-3.353,-0.0818,0.3521,-164.41,0.16,0.0,-0.0223,0.449
3803.2,1.317,-3.353,-0.0818,0.3521,-164.41,0.16,0.0,-0.021,0.449
3803.3,1.418,-3.353,-0.0818,0.3521,-164.4,0.16,0.0,-0.0258,0.449
3803.4,1.519,-3.353,-0.0818,0.3521,-164.4,0.16,0.0,-0.0257,0.449
3803.5,1.619,-3.353,-0.0818,0.3521,-164.42,0.16,0.0,-0.0249,0.449
3803.6,1.722,-3.353,-0.0818,0.3521,-164.41,0.16,0.0,-0.0254,0.449
3803.7,1.825,-3.353,-0.0818,0.3521,-164.4,0.16,0.0,-0.025,0.449
3803.8,1.925,-3.353,-0.0819,0.3522,-164.39,0.16,0.0,-0.0289,0.449
3803.9,2.025,-3.353,-0.0819,0.3522,-164.39,0.16,0.0,-0.0327,0.449
3804.0,2.125,-3.353,-0.0819,0.3522,-164.39,0.16,0.0,-0.03,0.449
3804.1,2.225,-3.353,-0.0819,0.3522,-164.4,0.16,0.0,-0.0312,0.449
3804.2,2.325,-3.353,-0.0819,0.3522,-164.38,0.16,0.0,-0.0338,0.449
3804.3,2.426,-3.353,-0.0819,0.3522,-164.41,0.16,0.0,-0.0298,0.449
3804.4,2.527,-3.353,-0.0819,0.3522,-164.41,0.16,0.0,-0.0335,0.449
3804.5,2.628,-3.353,-0.0819,0.3522,-164.4,0.16,0.0,-0.0292,0.449
3804.6,2.728,-3.353,-0.0819,0.3522,-164.4,0.16,0.0,-0.0311,0.449
3804.7,2.83,-3.353,-0.0819,0.3522,-164.4,0.16,0.0,-0.0328,0.449
3804.8,2.93,-3.353,-0.0819,0.3522,-164.41,0.16,0.0,-0.0315,0.449
3804.9,3.03,-3.353,-0.0819,0.3522,-164.41,0.16,0.0,-0.0362,0.449
3805.0,3.134,-3.353,-0.0819,0.3522,-164.41,0.16,0.0,-0.0335,0.449
3805.1,3.234,-3.353,-0.0818,0.3522,-164.42,0.16,0.0,-0.0308,0.449
3805.2,3.335,-3.353,-0.0818,0.3521,-164.44,0.16,0.0,-0.0308,0.449
3805.3,3.435,-3.353,-0.0818,0.3521,-164.42,0.16,0.0,-0.0356,0.449
3805.4,3.535,-3.353,-0.0818,0.3521,-164.4,0.16,0.0,-0.037,0.449
3805.5,3.635,-3.353,-0.0818,0.3521,-164.41,0.16,0.0,-0.0301,0.449
3805.6,3.735,-3.353,-0.0818,0.3521,-164.4,0.16,0.0,-0.0269,0.449
3805.7,3.835,-3.353,-0.0819,0.3521,-164.4,0.16,0.0,-0.0263,0.449
3805.8,3.935,-3.353,-0.0819,0.3521,-164.39,0.16,0.0,-0.0256,0.449
3805.9,4.035,-3.353,-0.0819,0.3521,-164.33,0.16,0.0,-0.029,0.449
3806.0,4.135,-3.353,-0.0819,0.3521,-164.32,0.16,0.0,-0.0218,0.448
3806.1,4.236,-3.3529,-0.0818,0.3521,-164.4,0.16,0.0,-0.0197,0.448
3806.2,4.337,-3.3529,-0.0818,0.3521,-164.4,0.16,0.0,-0.0202,0.449
3806.3,4.441,-3.3529,-0.0818,0.3521,-164.4,0.16,0.0,-0.025,0.449
3806.4,4.541,-3.353,-0.0818,0.3521,-164.4,0.16,0.0,-0.0241,0.449
3806.5,4.641,-3.353,-0.0818,0.3521,-164.4,0.16,0.0,-0.0232,0.449
3806.6,4.741,-3.353,-0.0818,0.3521,-164.39,0.16,0.0,-0.0276,0.449
3806.7,4.841,-3.353,-0.0818,0.3521,-164.37,0.16,0.0,-0.0244,0.449
3806.8,4.941,-3.353,-0.0818,0.3521,-164.37,0.16,0.0,-0.0237,0.449
3806.9,5.042,-3.353,-0.0818,0.3521,-164.39,0.16,0.0,-0.0213,0.449
3807.0,5.142,-3.353,-0.0818,0.3521,-164.39,0.16,0.0,-0.0267,0.449
3807.1,5.242,-3.353,-0.0818,0.3521,-164.41,0.16,0.0,-0.0242,0.449
3807.2,5.342,-3.353,-0.0818,0.3521,-164.38,0.16,0.0,-0.0225,0.449
3807.3,5.445,-3.353,-0.0818,0.3521,-164.4,0.16,0.0,-0.0226,0.449
3807.4,5.546,-3.353,-0.0818,0.3521,-164.41,0.16,0.0,-0.0274,0.449
3807.5,5.646,-3.353,-0.0818,0.3521,-164.41,0.16,0.0,-0.0231,0.449
3807.6,5.747,-3.353,-0.0818,0.3521,-164.39,0.16,0.0,-0.0278,0.449
3807.7,5.85,-3.353,-0.0818,0.3521,-164.39,0.16,0.0,-0.0284,0.449
3807.8,5.955,-3.353,-0.0818,0.3521,-164.41,0.16,0.0,-0.0257,0.449
3807.9,6.054,-3.353,-0.0818,0.3521,-164.4,0.16,0.0,-0.0282,0.449
3808.0,6.154,-3.353,-0.0818,0.3521,-164.36,0.16,0.0,-0.0263,0.449
3808.1,6.258,-3.353,-0.0818,0.3521,-164.4,0.16,0.0,-0.0233,0.449
3808.2,6.358,-3.353,-0.0818,0.3521,-164.41,0.16,0.0,-0.0233,0.449
3808.3,6.461,-3.353,-0.0818,0.3521,-164.41,0.16,0.0,-0.0247,0.449
3808.4,6.56,-3.353,-0.0818,0.3521,-164.4,0.16,0.0,-0.0284,0.449
3808.5,6.662,-3.353,-0.0818,0.3521,-164.41,0.16,0.0,-0.0296,0.449
3808.6,6.762,-3.353,-0.0818,0.3521,-164.42,0.16,0.0,-0.0345,0.449
3808.7,6.862,-3.353,-0.0818,0.3521,-164.43,0.16,0.0,-0.0337,0.449
3808.8,6.962,-3.353,-0.0818,0.3521,-164.41,0.16,0.0,-0.0315,0.449
3808.9,7.071,-3.353,-0.0818,0.3521,-164.42,0.16,0.0,-0.0321,0.449
3809.0,7.172,-3.353,-0.0818,0.3521,-164.43,0.16,0.0,-0.0294,0.449
3809.1,7.272,-3.353,-0.0818,0.3521,-164.39,0.16,0.0,-0.0281,0.449
3809.2,7.373,-3.353,-0.0818,0.3521,-164.42,0.16,0.0,-0.0258,0.449
3809.3,7.475,-3.353,-0.0818,0.3521,-164.41,0.16,0.0,-0.0264,0.449
3809.4,7.575,-3.353,-0.0818,0.3521,-164.42,0.16,0.0,-0.0253,0.449
3809.5,7.677,-3.353,-0.0818,0.3521,-164.4,0.16,0.0,-0.0264,0.449
3809.6,7.779,-3.353,-0.0818,0.3521,-164.38,0.16,0.0,-0.0298,0.449
3809.7,7.879,-3.353,-0.0818,0.3521,-164.4,0.16,0.0,-0.033,0.449
3809.8,7.979,-3.353,-0.0818,0.3521,-164.39,0.16,0.0,-0.0331,0.449
3809.9,8.079,-3.353,-0.0818,0.3521,-164.39,0.16,0.0,-0.0326,0.449
3810.0,8.182,-3.353,-0.0818,0.3521,-164.39,0.16,0.0,-0.0353,0.449
3810.1,8.282,-3.353,-0.0818,0.3521,-164.4,0.16,0.0,-0.0361,0.449
3810.2,8.384,-3.353,-0.0818,0.3521,-164.39,0.16,0.0,-0.0317,0.449
3810.3,8.484,-3.353,-0.0818,0.3521,-164.4,0.16,0.0,-0.0301,0.449
3810.4,8.584,-3.353,-0.0818,0.3521,-164.4,0.16,0.0,-0.0324,0.449
3810.5,8.69,-3.353,-0.0818,0.3521,-164.39,0.16,0.0,-0.0345,0.449
3810.6,8.791,-3.353,-0.0818,0.3521,-164.4,0.16,0.0,-0.0394,0.449
3810.7,8.891,-3.353,-0.0818,0.3521,-164.38,0.16,0.0,-0.0371,0.449
3810.8,8.994,-3.353,-0.0818,0.3521,-164.4,0.16,0.0,-0.0384,0.449
3810.9,9.094,-3.353,-0.0818,0.3521,-164.4,0.16,0.0,-0.0349,0.449
3811.0,9.196,-3.353,-0.0818,0.3521,-164.41,0.16,0.0,-0.0312,0.449
3811.1,9.296,-3.353,-0.0818,0.3521,-164.4,0.16,0.0,-0.0309,0.449
3811.2,9.402,-3.353,-0.0818,0.3521,-164.39,0.16,0.0,-0.0316,0.449
3811.3,9.504,-3.353,-0.0818,0.3521,-164.38,0.16,0.0,-0.0316,0.449
3811.4,9.608,-3.353,-0.0818,0.3521,-164.37,0.16,0.0,-0.0301,0.449
3811.5,9.714,-3.353,-0.0819,0.3521,-164.36,0.16,0.0,-0.03,0.449
3811.6,9.814,-3.353,-0.0818,0.3521,-164.39,0.16,0.0,-0.0307,0.449
3811.7,9.914,-3.353,-0.0818,0.3521,-164.44,0.16,0.0,-0.0343,0.449
3811.8,10.017,-3.353,-0.0818,0.3521,-164.44,0.16,0.0,-0.0365,0.45
3811.9,10.117,-3.353,-0.0818,0.3521,-164.44,0.16,0.0,-0.0319,0.449
3812.0,10.216,-3.353,-0.0817,0.3521,-164.47,0.16,0.0,-0.0291,0.449
3812.1,10.318,-3.353,-0.0819,0.3521,-164.33,0.16,0.0,-0.0361,0.45
3812.2,10.42,-3.353,-0.0819,0.3521,-164.19,0.16,0.0,-0.0314,0.448
3812.3,10.52,-3.353,-0.0819,0.3521,-164.31,0.16,0.0,-0.0228,0.45
3812.4,10.62,-3.353,-0.0818,0.3521,-164.38,0.16,0.0,-0.0263,0.449
3812.5,10.722,-3.353,-0.0817,0.3521,-164.51,0.16,0.0,-0.0153,0.449
3812.6,10.822,-3.353,-0.0817,0.3521,-164.65,0.16,0.0,-0.0235,0.451
3812.7,10.922,-3.353,-0.0818,0.3521,-164.4,0.16,0.0,-0.014,0.451
3812.8,11.023,-3.353,-0.0819,0.3521,-164.32,0.16,0.0,-0.0114,0.448
3812.9,11.125,-3.353,-0.0819,0.3521,-164.41,0.16,0.0,-0.0137,0.448
3813.0,11.226,-3.353,-0.0818,0.3521,-164.44,0.16,0.0,-0.0265,0.449
3813.1,11.326,-3.353,-0.0818,0.3521,-164.49,0.16,0.0,-0.0298,0.45
3813.2,11.426,-3.353,-0.0817,0.3521,-164.57,0.16,0.0,-0.0316,0.45
3813.3,11.53,-3.353,-0.0817,0.3521,-164.54,0.16,0.0,-0.0364,0.451
3813.4,11.633,-3.353,-0.0817,0.352,-164.61,0.16,0.0,-0.0357,0.45
3813.5,11.734,-3.3531,-0.0817,0.352,-164.62,0.16,0.0,-0.048,0.452
3813.6,11.834,-3.3531,-0.0818,0.352,-164.56,0.16,0.0,-0.0449,0.451
3813.7,11.935,-3.3531,-0.0818,0.352,-164.53,0.16,0.0,-0.0379,0.45
3813.8,12.035,-3.353,-0.082,0.352,-164.35,0.16,0.0,-0.0349,0.45
3813.9,12.135,-3.353,-0.0819,0.352,-164.44,0.16,0.0,-0.0274,0.448
3814.0,12.235,-3.353,-0.0819,0.352,-164.45,0.16,0.0,-0.0337,0.45
3814.1,12.339,-3.353,-0.0819,0.352,-164.41,0.16,0.0,-0.031,0.449
3814.2,12.439,-3.353,-0.0819,0.352,-164.39,0.16,0.0,-0.0258,0.449
3814.3,12.543,-3.353,-0.0819,0.352,-164.4,0.16,0.0,-0.0238,0.449
3814.4,12.643,-3.353,-0.0819,0.352,-164.4,0.16,0.0,-0.026,0.449
3814.5,12.743,-3.353,-0.0819,0.352,-164.41,0.16,0.0,-0.0295,0.449
3814.6,12.844,-3.353,-0.0818,0.352,-164.44,0.16,0.0,-0.0315,0.449
3814.7,12.944,-3.353,-0.0818,0.352,-164.43,0.16,0.0,-0.0287,0.449
3814.8,13.044,-3.353,-0.0818,0.352,-164.41,0.16,0.0,-0.0281,0.449
3814.9,13.144,-3.353,-0.0818,0.352,-164.4,0.16,0.0,-0.0279,0.449
3815.0,13.244,-3.353,-0.0818,0.352,-164.39,0.16,0.0,-0.0279,0.449
3815.1,13.346,-3.353,-0.0819,0.3521,-164.39,0.16,0.0,-0.0317,0.449
3815.2,13.452,-3.353,-0.0819,0.3521,-164.39,0.16,0.0,-0.0348,0.449
3815.3,13.552,-3.353,-0.0819,0.3521,-164.38,0.16,0.0,-0.0319,0.449
3815.4,13.653,-3.353,-0.0819,0.3521,-164.38,0.16,0.0,-0.0341,0.449
3815.5,13.754,-3.353,-0.0819,0.3521,-164.38,0.16,0.0,-0.0314,0.449
3815.6,13.854,-3.353,-0.0819,0.3521,-164.4,0.16,0.0,-0.0333,0.449
3815.7,13.954,-3.353,-0.0819,0.3521,-164.39,0.16,0.0,-0.0288,0.449
3815.8,14.056,-3.353,-0.0819,0.3521,-164.38,0.16,0.0,-0.033,0.449
3815.9,14.156,-3.353,-0.0819,0.3521,-164.37,0.16,0.0,-0.0303,0.449
3816.0,14.26,-3.353,-0.0818,0.3521,-164.4,0.16,0.0,-0.0269,0.449
3816.1,14.359,-3.353,-0.0818,0.3521,-164.41,0.16,0.0,-0.0237,0.449
3816.2,14.459,-3.353,-0.0818,0.3521,-164.41,0.16,0.0,-0.0197,0.449
3816.3,14.559,-3.353,-0.0818,0.3521,-164.41,0.16,0.0,-0.0276,0.449
3816.4,14.659,-3.353,-0.0819,0.3521,-164.4,0.16,0.0,-0.0279,0.449
3816.5,14.759,-3.353,-0.0818,0.3521,-164.43,0.16,0.0,-0.0339,0.449
3816.6,14.859,-3.353,-0.0819,0.3521,-164.39,0.16,0.0,-0.03,0.449
3816.7,14.96,-3.353,-0.0818,0.3521,-164.42,0.16,0.0,-0.0264,0.449
3816.8,15.061,-3.353,-0.0818,0.3521,-164.41,0.16,0.0,-0.0278,0.449
3816.9,15.161,-3.353,-0.0819,0.3521,-164.38,0.16,0.0,-0.0302,0.449
3817.0,15.263,-3.353,-0.0818,0.3521,-164.4,0.16,0.0,-0.0289,0.449
3817.1,15.365,-3.353,-0.0818,0.3521,-164.4,0.16,0.0,-0.0306,0.449
3817.2,15.468,-3.353,-0.0819,0.3521,-164.4,0.16,0.0,-0.0291,0.449
3817.3,15.581,-3.353,-0.0818,0.3521,-164.43,0.16,0.0,-0.0325,0.449
3817.4,15.681,-3.353,-0.0818,0.3521,-164.4,0.16,0.0,-0.0355,0.449
3817.5,15.781,-3.353,-0.0819,0.3521,-164.38,0.16,0.0,-0.0381,0.449
3817.6,15.884,-3.353,-0.0818,0.3521,-164.4,0.16,0.0,-0.0348,0.449
3817.7,15.986,-3.353,-0.0818,0.3521,-164.41,0.16,0.0,-0.0317,0.449
3817.8,16.086,-3.353,-0.0818,0.3522,-164.4,0.16,0.0,-0.0328,0.449
3817.9,16.186,-3.353,-0.0818,0.3522,-164.4,0.16,0.0,-0.0277,0.449
3818.0,16.288,-3.353,-0.0818,0.3522,-164.4,0.16,0.0,-0.0288,0.449
3818.1,16.392,-3.353,-0.0818,0.3522,-164.41,0.16,0.0,-0.0272,0.449
3818.2,16.495,-3.353,-0.0818,0.3522,-164.39,0.16,0.0,-0.0266,0.449
3818.3,16.595,-3.353,-0.0818,0.3522,-164.41,0.16,0.0,-0.0214,0.449
3818.4,16.697,-3.353,-0.0818,0.3522,-164.41,0.16,0.0,-0.0222,0.449
3818.5,16.799,-3.353,-0.0818,0.3522,-164.39,0.16,0.0,-0.0234,0.449
3818.6,16.9,-3.353,-0.0818,0.3522,-164.4,0.16,0.0,-0.0246,0.449
3818.7,17.001,-3.353,-0.0818,0.3522,-164.39,0.16,0.0,-0.025,0.449
3818.8,17.101,-3.353,-0.0818,0.3522,-164.4,0.16,0.0,-0.0298,0.449
3818.9,17.206,-3.353,-0.0818,0.3522,-164.41,0.16,0.0,-0.0324,0.449
3819.0,17.305,-3.353,-0.0818,0.3522,-164.4,0.16,0.0,-0.0346,0.449
3819.1,17.405,-3.353,-0.0818,0.3522,-164.4,0.16,0.0,-0.0351,0.449
3819.2,17.508,-3.353,-0.0818,0.3522,-164.4,0.16,0.0001,-0.0324,0.449
3819.3,17.611,-3.353,-0.0818,0.3522,-164.4,0.16,0.0,-0.0283,0.449
3819.4,17.711,-3.353,-0.0818,0.3522,-164.4,0.16,0.0,-0.0285,0.449
3819.5,17.811,-3.353,-0.0818,0.3522,-164.39,0.16,0.0,-0.0287,0.449
3819.6,17.937,-3.353,-0.0818,0.3522,-164.39,0.16,0.0,-0.0314,0.449
3819.7,18.041,-3.353,-0.0818,0.3522,-164.4,0.16,0.0,-0.0344,0.449
3819.8,18.141,-3.353,-0.0818,0.3522,-164.4,0.16,0.0,-0.0383,0.449
3819.9,18.242,-3.353,-0.0818,0.3522,-164.41,0.16,0.0,-0.035,0.449
3820.0,18.349,-3.353,-0.0818,0.3522,-164.41,0.16,0.0,-0.0378,0.449
3820.1,18.454,-3.353,-0.0818,0.3522,-164.38,0.16,0.0,-0.0413,0.449
3820.2,18.554,-3.353,-0.0818,0.3522,-164.38,0.16,0.0,-0.0384,0.449
3820.3,18.655,-3.353,-0.0818,0.3522,-164.38,0.16,0.0,-0.0373,0.449
3820.4,18.755,-3.353,-0.0819,0.3522,-164.38,0.16,0.0,-0.0396,0.449
3820.5,18.856,-3.353,-0.0818,0.3522,-164.4,0.16,0.0,-0.0399,0.449
3820.6,18.961,-3.353,-0.0818,0.3522,-164.4,0.16,0.0,-0.0352,0.449
3820.7,19.062,-3.353,-0.0818,0.3522,-164.4,0.16,0.0,-0.0373,0.449
3820.8,19.165,-3.353,-0.0818,0.3522,-164.41,0.16,0.0,-0.0412,0.449
3820.9,19.266,-3.353,-0.0818,0.3522,-164.39,0.16,0.0,-0.0399,0.449
3821.0,19.366,-3.353,-0.0819,0.3522,-164.33,0.17,0.0,-0.0382,0.449
3821.1,19.47,-3.353,-0.0819,0.3522,-164.36,0.16,0.0,-0.0413,0.448
3821.2,19.571,-3.353,-0.0819,0.3522,-164.36,0.16,0.0,-0.0344,0.449
3821.3,19.675,-3.353,-0.0819,0.3522,-164.37,0.16,0.0,-0.0324,0.448
3821.4,19.774,-3.353,-0.0818,0.3522,-164.39,0.16,0.0,-0.0281,0.449
3821.5,19.874,-3.353,-0.0819,0.3522,-164.37,0.16,0.0,-0.0333,0.449
3821.6,19.976,-3.353,-0.0819,0.3522,-164.38,0.16,0.0,-0.0347,0.449
3821.7,20.076,-3.353,-0.0819,0.3522,-164.38,0.16,0.0,-0.034,0.449
3821.8,20.181,-3.353,-0.0819,0.3522,-164.38,0.16,0.0,-0.0332,0.449
3821.9,20.281,-3.353,-0.0819,0.3522,-164.38,0.16,0.0,-0.032,0.449
3822.0,20.381,-3.353,-0.0819,0.3522,-164.39,0.16,0.0,-0.0325,0.449
3822.1,20.482,-3.353,-0.0819,0.3522,-164.38,0.16,0.0,-0.0294,0.449
3822.2,20.583,-3.353,-0.0819,0.3522,-164.38,0.16,0.0,-0.0278,0.449
3822.3,20.686,-3.353,-0.0819,0.3522,-164.39,0.16,0.0,-0.0292,0.449
3822.4,20.795,-3.353,-0.0819,0.3522,-164.39,0.16,0.0,-0.0283,0.449
3822.5,20.898,-3.353,-0.0819,0.3522,-164.39,0.16,0.0,-0.0339,0.449
3822.6,20.998,-3.353,-0.0819,0.3522,-164.39,0.16,0.0,-0.032,0.449
3822.7,21.1,-3.353,-0.0819,0.3522,-164.39,0.16,0.0,-0.031,0.449
3822.8,21.201,-3.353,-0.0819,0.3522,-164.39,0.16,0.0,-0.0319,0.449
3822.9,21.301,-3.353,-0.0819,0.3522,-164.39,0.16,0.0,-0.0322,0.449
3823.0,21.406,-3.353,-0.0819,0.3522,-164.39,0.16,0.0,-0.0355,0.449
3823.1,21.51,-3.353,-0.0818,0.3522,-164.39,0.16,0.0,-0.0332,0.449
3823.2,21.615,-3.353,-0.0818,0.3522,-164.39,0.16,0.0,-0.0317,0.449
3823.3,21.715,-3.353,-0.0818,0.3522,-164.39,0.16,0.0,-0.0333,0.449
3823.4,21.817,-3.353,-0.0818,0.3522,-164.39,0.16,0.0,-0.032,0.449
3823.5,21.918,-3.353,-0.0818,0.3522,-164.39,0.16,0.0,-0.0309,0.449
3823.6,22.018,-3.353,-0.0818,0.3522,-164.39,0.16,0.0,-0.0294,0.449
3823.7,22.119,-3.353,-0.0818,0.3522,-164.39,0.16,0.0,-0.0322,0.449
3823.8,22.218,-3.353,-0.0818,0.3522,-164.39,0.16,0.0,-0.0361,0.449
3823.9,22.318,-3.353,-0.0818,0.3522,-164.39,0.16,0.0,-0.0345,0.449
3824.0,22.42,-3.353,-0.0819,0.3522,-164.38,0.16,0.0,-0.0315,0.449
3824.1,22.52,-3.353,-0.0819,0.3522,-164.38,0.16,0.0,-0.0299,0.449
3824.2,22.62,-3.353,-0.0819,0.3522,-164.38,0.16,0.0,-0.0292,0.449
3824.3,22.727,-3.353,-0.0819,0.3522,-164.38,0.16,0.0,-0.031,0.449
3824.4,22.831,-3.353,-0.0819,0.3522,-164.38,0.16,0.0,-0.0279,0.449
3824.5,22.935,-3.353,-0.0819,0.3522,-164.37,0.16,0.0,-0.0266,0.449
3824.6,23.039,-3.353,-0.0819,0.3522,-164.38,0.16,0.0,-0.0244,0.449
3824.7,23.14,-3.353,-0.0819,0.3522,-164.38,0.16,0.0,-0.03,0.449
3824.8,23.24,-3.353,-0.0819,0.3522,-164.38,0.16,0.0,-0.0279,0.449
3824.9,23.341,-3.353,-0.0819,0.3522,-164.38,0.16,0.0,-0.0277,0.449
3825.0,23.44,-3.353,-0.0819,0.3522,-164.39,0.16,0.0,-0.0262,0.449
3825.1,23.54,-3.353,-0.0819,0.3522,-164.39,0.16,0.0,-0.0271,0.449
3825.2,23.643,-3.353,-0.0819,0.3522,-164.38,0.16,0.0,-0.03,0.449
3825.3,23.744,-3.353,-0.0819,0.3522,-164.38,0.16,0.0,-0.0334,0.449
3825.4,23.844,-3.353,-0.0819,0.3522,-164.38,0.16,0.0,-0.0301,0.449
3825.5,23.945,-3.353,-0.0819,0.3522,-164.38,0.16,0.0,-0.0297,0.449
3825.6,24.048,-3.353,-0.0818,0.3522,-164.39,0.16,0.0,-0.0254,0.449
3825.7,24.148,-3.353,-0.0818,0.3522,-164.39,0.16,0.0,-0.0233,0.449
3825.8,24.249,-3.353,-0.0819,0.3522,-164.38,0.16,0.0,-0.0231,0.449
3825.904,24.354,-3.353,-0.0819,0.3522,-164.37,0.16,0.0,-0.025,0.449
3826.0,24.448,-3.353,-0.0819,0.3522,-164.39,0.16,0.0,-0.029,0.449
3826.1,24.548,-3.353,-0.0819,0.3522,-164.4,0.16,0.0,-0.0275,0.449
3826.2,24.649,-3.353,-0.0819,0.3522,-164.39,0.16,0.0,-0.0282,0.449
3826.3,24.751,-3.353,-0.0818,0.3522,-164.44,0.16,0.0,-0.0245,0.449
3826.4,24.851,-3.353,-0.0818,0.3522,-164.43,0.16,0.0,-0.0268,0.449
3826.5,24.952,-3.353,-0.0818,0.3522,-164.41,0.16,0.0,-0.0279,0.449
3826.6,25.057,-3.353,-0.0819,0.3522,-164.41,0.16,0.0,-0.0286,0.449
3826.7,25.157,-3.353,-0.0818,0.3522,-164.41,0.16,0.0,-0.0309,0.449
3826.8,25.258,-3.353,-0.0818,0.3522,-164.42,0.16,0.0,-0.0315,0.449
3826.9,25.359,-3.353,-0.0818,0.3522,-164.42,0.16,0.0,-0.0292,0.449
3827.0,25.46,-3.353,-0.0819,0.3522,-164.41,0.16,0.0,-0.0272,0.449
3827.1,25.56,-3.353,-0.0819,0.3522,-164.41,0.16,0.0,-0.0272,0.449
3827.2,25.66,-3.353,-0.0819,0.3522,-164.38,0.16,0.0,-0.0275,0.449
3827.3,25.761,-3.353,-0.0819,0.3522,-164.39,0.16,0.0,-0.0292,0.449
3827.4,25.867,-3.353,-0.0819,0.3522,-164.39,0.16,0.0,-0.0334,0.449
3827.5,25.969,-3.353,-0.0819,0.3522,-164.37,0.16,0.0,-0.0352,0.449
3827.6,26.075,-3.353,-0.0818,0.3522,-164.4,0.16,0.0,-0.04,0.449
3827.7,26.175,-3.353,-0.0819,0.3522,-164.39,0.16,0.0,-0.0412,0.449
3827.8,26.278,-3.353,-0.0818,0.3522,-164.4,0.16,0.0,-0.0397,0.449
3827.9,26.381,-3.353,-0.0818,0.3522,-164.4,0.16,0.0,-0.0388,0.449
3828.0,26.486,-3.353,-0.0819,0.3522,-164.37,0.16,0.0,-0.0325,0.449
3828.1,26.586,-3.353,-0.0819,0.3522,-164.39,0.16,0.0,-0.0321,0.449
3828.2,26.686,-3.353,-0.0818,0.3522,-164.41,0.16,0.0,-0.0335,0.449
3828.3,26.787,-3.353,-0.0818,0.3522,-164.41,0.16,0.0,-0.0332,0.449
3828.4,26.888,-3.353,-0.0818,0.3522,-164.42,0.16,0.0,-0.0334,0.449
3828.5,26.99,-3.353,-0.0818,0.3522,-164.4,0.16,0.0,-0.0392,0.449
3828.6,27.092,-3.353,-0.0819,0.3522,-164.39,0.16,0.0,-0.0387,0.449
3828.7,27.193,-3.353,-0.0818,0.3522,-164.42,0.16,0.0,-0.0379,0.449
3828.8,27.293,-3.353,-0.0818,0.3522,-164.42,0.16,0.0,-0.0346,0.449
3828.9,27.397,-3.353,-0.0818,0.3522,-164.43,0.16,0.0,-0.0332,0.449
3829.0,27.497,-3.353,-0.0818,0.3521,-164.42,0.16,0.0,-0.0299,0.449
3829.1,27.598,-3.353,-0.0819,0.3521,-164.39,0.16,0.0,-0.03,0.449
3829.2,27.699,-3.353,-0.0819,0.3521,-164.39,0.16,0.0,-0.0266,0.449
3829.3,27.8,-3.353,-0.0819,0.3521,-164.39,0.16,0.0,-0.0279,0.449
3829.4,27.902,-3.353,-0.0818,0.3521,-164.4,0.16,0.0,-0.0323,0.449
3829.5,28.006,-3.353,-0.0818,0.3521,-164.39,0.16,0.0,-0.0315,0.449
3829.6,28.112,-3.353,-0.0818,0.3521,-164.39,0.16,0.0,-0.0308,0.449
3829.7,28.213,-3.353,-0.0818,0.3521,-164.38,0.16,0.0,-0.0338,0.449
3829.8,28.313,-3.353,-0.0818,0.3521,-164.37,0.16,0.0,-0.0366,0.449
3829.9,28.413,-3.353,-0.0818,0.3521,-164.42,0.16,0.0,-0.0333,0.449
3830.0,28.514,-3.353,-0.0817,0.3521,-164.44,0.16,0.0,-0.0388,0.449
3830.1,28.618,-3.353,-0.0818,0.3521,-164.41,0.16,0.0,-0.0375,0.449
3830.2,28.724,-3.353,-0.0818,0.3521,-164.42,0.16,0.0,-0.0383,0.449
3830.3,28.837,-3.353,-0.0818,0.3521,-164.43,0.16,0.0,-0.0318,0.449
3830.4,28.939,-3.353,-0.0818,0.3521,-164.41,0.16,0.0,-0.0311,0.449
3830.5,29.039,-3.353,-0.0818,0.3521,-164.41,0.16,0.0,-0.0322,0.449
3830.6,29.14,-3.353,-0.0818,0.3521,-164.42,0.16,0.0,-0.0311,0.449
3830.7,29.245,-3.353,-0.0818,0.3521,-164.36,0.16,0.0,-0.0323,0.449
3830.8,29.345,-3.353,-0.0818,0.3521,-164.39,0.16,0.0,-0.0313,0.448
3830.9,29.447,-3.353,-0.0818,0.3521,-164.39,0.16,0.0,-0.0272,0.449
3831.0,29.551,-3.353,-0.0818,0.3521,-164.38,0.16,0.0,-0.0292,0.449
3831.1,29.651,-3.353,-0.0818,0.3521,-164.38,0.16,0.0,-0.0286,0.449
3831.2,29.755,-3.353,-0.0818,0.3521,-164.39,0.16,0.0,-0.0288,0.449
3831.3,29.854,-3.353,-0.0818,0.3521,-164.4,0.16,0.0,-0.0301,0.449
3831.4,29.959,-3.353,-0.0818,0.3521,-164.4,0.16,0.0,-0.031,0.449
3831.5,30.062,-3.353,-0.0818,0.3521,-164.4,0.16,0.0,-0.0322,0.449
3831.6,30.163,-3.353,-0.0818,0.3521,-164.39,0.16,0.0,-0.0294,0.449
3831.7,30.263,-3.353,-0.0818,0.3521,-164.4,0.16,0.0,-0.0278,0.449
3831.8,30.364,-3.353,-0.0818,0.3521,-164.4,0.16,0.0,-0.0306,0.449
3831.9,30.464,-3.353,-0.0818,0.3521,-164.39,0.16,0.0,-0.0311,0.449
3832.0,30.565,-3.353,-0.0818,0.3521,-164.4,0.16,0.0,-0.0315,0.449
3832.1,30.671,-3.353,-0.0818,0.3521,-164.4,0.16,0.0,-0.0356,0.449
3832.2,30.771,-3.353,-0.0818,0.3521,-164.4,0.16,0.0,-0.0385,0.449
3832.3,30.872,-3.353,-0.0818,0.3521,-164.41,0.16,0.0,-0.0404,0.449
3832.4,30.973,-3.353,-0.0818,0.3521,-164.41,0.16,0.0,-0.0399,0.449
3832.5,31.089,-3.353,-0.0818,0.3521,-164.4,0.16,0.0,-0.0415,0.449
3832.6,31.19,-3.353,-0.0818,0.3521,-164.41,0.16,0.0,-0.0395,0.449
3832.7,31.292,-3.353,-0.0818,0.3521,-164.4,0.16,0.0,-0.0376,0.449
3832.8,31.394,-3.353,-0.0818,0.3521,-164.42,0.16,0.0,-0.0344,0.449
3832.9,31.493,-3.353,-0.0818,0.3521,-164.39,0.16,0.0,-0.0291,0.449
3833.0,31.593,-3.353,-0.0818,0.3521,-164.38,0.16,0.0,-0.0303,0.449
3833.1,31.699,-3.353,-0.0818,0.3521,-164.37,0.16,0.0,-0.028,0.449
3833.2,31.801,-3.353,-0.0818,0.3521,-164.38,0.16,0.0,-0.0291,0.449
3833.3,31.907,-3.353,-0.0818,0.3521,-164.39,0.16,0.0,-0.0279,0.449
3833.4,32.023,-3.353,-0.0818,0.3521,-164.38,0.16,0.0,-0.0278,0.449
3833.5,32.124,-3.353,-0.0818,0.3521,-164.37,0.16,0.0,-0.0307,0.449
3833.6,32.226,-3.353,-0.0818,0.3521,-164.39,0.16,0.0,-0.0342,0.449
3833.7,32.329,-3.353,-0.0818,0.3521,-164.4,0.16,0.0,-0.0365,0.449
3833.8,32.433,-3.353,-0.0818,0.3521,-164.41,0.16,0.0,-0.0374,0.449
3833.9,32.535,-3.353,-0.0818,0.3521,-164.39,0.16,0.0,-0.0389,0.449
3834.0,32.635,-3.353,-0.0818,0.3521,-164.39,0.16,0.0,-0.035,0.449
3834.1,32.736,-3.353,-0.0818,0.3521,-164.39,0.16,0.0,-0.032,0.449
3834.2,32.836,-3.353,-0.0818,0.3521,-164.39,0.16,0.0,-0.0283,0.449
3834.3,32.936,-3.353,-0.0818,0.3521,-164.39,0.16,0.0,-0.0286,0.449
3834.4,33.036,-3.353,-0.0818,0.3521,-164.39,0.16,0.0,-0.0271,0.449
3834.5,33.14,-3.353,-0.0818,0.3521,-164.39,0.16,0.0,-0.0229,0.449
3834.6,33.252,-3.353,-0.0818,0.3521,-164.39,0.16,0.0,-0.0286,0.449
3834.7,33.373,-3.353,-0.0818,0.3521,-164.39,0.16,0.0,-0.0316,0.449
3834.8,33.484,-3.353,-0.0818,0.3521,-164.39,0.16,0.0,-0.0333,0.449
3834.9,33.589,-3.353,-0.0818,0.3521,-164.39,0.16,0.0,-0.0378,0.449
3835.0,33.689,-3.353,-0.0818,0.3521,-164.4,0.16,0.0,-0.0322,0.449
3835.1,33.79,-3.353,-0.0818,0.3521,-164.44,0.16,0.0,-0.0337,0.449
3835.2,33.891,-3.353,-0.0818,0.3521,-164.41,0.16,0.0,-0.0359,0.449
3835.3,33.991,-3.353,-0.0819,0.3521,-164.4,0.16,0.0,-0.0351,0.449
3835.4,34.091,-3.353,-0.0819,0.3521,-164.4,0.16,0.0,-0.0353,0.449
3835.5,34.194,-3.353,-0.0819,0.3521,-164.39,0.16,0.0,-0.0308,0.449
3835.6,34.294,-3.353,-0.0819,0.3521,-164.39,0.16,0.0,-0.0296,0.449
3835.7,34.396,-3.353,-0.0819,0.3521,-164.39,0.16,0.0,-0.033,0.449
3835.8,34.497,-3.353,-0.0819,0.3521,-164.4,0.16,0.0,-0.0341,0.449
3835.9,34.6,-3.353,-0.0819,0.3521,-164.4,0.16,0.0,-0.0354,0.449
3836.0,34.702,-3.353,-0.0819,0.3521,-164.4,0.16,0.0,-0.03,0.449
3836.1,34.801,-3.353,-0.0819,0.3521,-164.4,0.16,0.0,-0.0245,0.449
3836.2,34.905,-3.353,-0.0819,0.3521,-164.4,0.16,0.0,-0.0267,0.449
3836.3,35.006,-3.353,-0.0819,0.3521,-164.39,0.16,0.0,-0.0304,0.449
3836.4,35.11,-3.353,-0.0819,0.3521,-164.39,0.16,0.0,-0.0277,0.449
3836.5,35.222,-3.353,-0.0819,0.3521,-164.39,0.16,0.0,-0.0271,0.449
3836.6,35.341,-3.353,-0.0819,0.3521,-164.4,0.16,0.0,-0.0257,0.449
3836.7,35.441,-3.353,-0.0819,0.3521,-164.4,0.16,0.0,-0.0245,0.449
3836.8,35.545,-3.353,-0.0818,0.3521,-164.43,0.16,0.0,-0.0303,0.449
3836.9,35.646,-3.353,-0.0818,0.3521,-164.41,0.16,0.0,-0.0323,0.449
3837.0,35.749,-3.3529,-0.0819,0.3521,-164.44,0.16,0.0,-0.032,0.448
3837.1,35.851,-3.3529,-0.0819,0.3521,-164.33,0.16,0.0,-0.0207,0.449
3837.2,35.951,-3.3529,-0.0819,0.3521,-164.36,0.16,0.0,-0.0185,0.449
3837.3,36.051,-3.3529,-0.0819,0.3521,-164.33,0.16,0.0,-0.0216,0.449
3837.4,36.154,-3.3529,-0.0819,0.3521,-164.37,0.16,0.0,-0.029,0.449
3837.5,36.26,-3.3529,-0.0819,0.3521,-164.4,0.16,0.0,-0.0371,0.449
3837.6,36.36,-3.3529,-0.0819,0.3521,-164.39,0.16,0.0,-0.0354,0.449
3837.7,36.461,-3.3529,-0.0819,0.3521,-164.4,0.16,0.0,-0.0314,0.449
3837.8,36.561,-3.3529,-0.0819,0.3521,-164.39,0.16,0.0,-0.0313,0.449
3837.9,36.665,-3.3529,-0.0819,0.3521,-164.39,0.16,0.0,-0.0314,0.449
3838.0,36.765,-3.3529,-0.0819,0.3521,-164.39,0.16,0.0,-0.0352,0.449
3838.1,36.87,-3.3529,-0.0819,0.3521,-164.39,0.16,0.0,-0.0354,0.449
3838.2,36.971,-3.3529,-0.0819,0.3521,-164.38,0.16,0.0,-0.0322,0.449
3838.3,37.071,-3.3529,-0.0819,0.3521,-164.38,0.16,0.0,-0.0319,0.449
3838.4,37.176,-3.3529,-0.0819,0.3521,-164.39,0.16,0.0,-0.0298,0.449
3838.5,37.276,-3.3529,-0.0819,0.3521,-164.4,0.16,0.0,-0.032,0.449
3838.6,37.376,-3.3529,-0.0819,0.3521,-164.39,0.16,0.0,-0.0325,0.449
3838.7,37.476,-3.3529,-0.0819,0.3521,-164.37,0.16,0.0,-0.0355,0.449
3838.8,37.577,-3.353,-0.0819,0.3521,-164.38,0.16,0.0,-0.0386,0.449
3838.9,37.677,-3.353,-0.0819,0.3521,-164.38,0.16,0.0,-0.0325,0.449
3839.0,37.78,-3.353,-0.0819,0.3521,-164.39,0.16,0.0,-0.0295,0.449
3839.1,37.882,-3.353,-0.0819,0.3521,-164.4,0.16,0.0,-0.0289,0.449
3839.2,37.982,-3.353,-0.0819,0.3521,-164.39,0.16,0.0,-0.0323,0.449
3839.3,38.088,-3.353,-0.0819,0.3521,-164.37,0.16,0.0,-0.0301,0.449
3839.4,38.189,-3.353,-0.0819,0.3521,-164.38,0.16,0.0,-0.0355,0.449
3839.5,38.289,-3.353,-0.0819,0.3521,-164.44,0.16,0.0,-0.0343,0.449
3839.6,38.389,-3.353,-0.0819,0.3521,-164.42,0.16,0.0,-0.0319,0.45
3839.7,38.492,-3.353,-0.0818,0.3521,-164.43,0.16,0.0,-0.0335,0.449
3839.8,38.595,-3.353,-0.0818,0.3521,-164.43,0.16,0.0,-0.031,0.449
3839.9,38.695,-3.353,-0.0819,0.3521,-164.39,0.16,0.0,-0.0272,0.449
3840.0,38.795,-3.353,-0.0818,0.3521,-164.45,0.16,0.0,-0.034,0.449
3840.1,38.895,-3.353,-0.0818,0.3521,-164.41,0.16,0.0,-0.0309,0.45
3840.2,38.997,-3.353,-0.0818,0.3521,-164.41,0.16,0.0,-0.0314,0.449
3840.3,39.097,-3.353,-0.0818,0.3521,-164.41,0.16,0.0,-0.0295,0.449
3840.4,39.2,-3.353,-0.0818,0.3521,-164.43,0.16,0.0,-0.0269,0.449
3840.5,39.301,-3.353,-0.0818,0.3521,-164.4,0.16,0.0,-0.0277,0.449
3840.6,39.401,-3.353,-0.0818,0.3521,-164.38,0.16,0.0,-0.0268,0.449
3840.7,39.501,-3.353,-0.0818,0.3521,-164.39,0.16,0.0,-0.0234,0.449
3840.8,39.602,-3.353,-0.0818,0.3521,-164.4,0.16,0.0,-0.0269,0.449
3840.9,39.702,-3.353,-0.0818,0.3521,-164.38,0.16,0.0,-0.0243,0.449
3841.0,39.803,-3.353,-0.0818,0.3521,-164.39,0.16,0.0,-0.0247,0.449
3841.1,39.904,-3.353,-0.0818,0.3521,-164.38,0.16,0.0,-0.0275,0.449
3841.2,40.006,-3.353,-0.0818,0.3521,-164.36,0.16,0.0,-0.0264,0.449
3841.3,40.107,-3.353,-0.0818,0.3521,-164.39,0.16,0.0,-0.0299,0.449
3841.4,40.212,-3.353,-0.0818,0.3521,-164.4,0.16,0.0,-0.0307,0.449
3841.5,40.313,-3.353,-0.0818,0.3521,-164.39,0.16,0.0,-0.0392,0.449
3841.6,40.413,-3.3529,-0.0819,0.3521,-164.37,0.16,0.0,-0.0334,0.449
3841.7,40.515,-3.353,-0.0819,0.3521,-164.38,0.16,0.0,-0.036,0.449
3841.8,40.616,-3.353,-0.0818,0.3521,-164.41,0.16,0.0,-0.0348,0.449
3841.9,40.721,-3.353,-0.0818,0.3521,-164.39,0.16,0.0,-0.0323,0.449
3842.0,40.825,-3.3529,-0.0818,0.3521,-164.36,0.16,0.0,-0.0315,0.449
3842.1,40.924,-3.3529,-0.0818,0.3521,-164.41,0.16,0.0,0.0,0.449
3842.2,41.024,-3.353,-0.0818,0.3521,-164.42,0.16,0.0,0.0,0.449
3842.3,41.127,-3.353,-0.0818,0.3521,-164.42,0.16,0.0,-0.0018,0.449
3842.4,41.232,-3.353,-0.0818,0.3521,-164.4,0.16,0.0,-0.0009,0.449
3842.5,41.333,-3.353,-0.0818,0.3521,-164.4,0.16,0.0,-0.0,0.449
3842.6,41.438,-3.353,-0.0818,0.3521,-164.4,0.16,0.0,-0.0069,0.449
3842.7,41.545,-3.353,-0.0818,0.3521,-164.4,0.16,0.0003,0.0171,0.449
3842.8,41.649,-3.353,-0.0818,0.3521,-164.4,0.16,0.0003,0.016,0.449
3842.9,41.751,-3.353,-0.0818,0.3521,-164.42,0.16,0.0075,-0.0344,0.449
3843.0,41.852,-3.3532,-0.0819,0.3522,-164.42,0.16,0.0039,-0.0198,0.449
3843.1,41.955,-3.3537,-0.082,0.3519,-164.59,0.13,0.0058,-0.0276,0.449
3843.2,42.056,-3.3549,-0.0826,0.3513,-164.6,0.16,0.0005,-0.022,0.449
3843.3,42.16,-3.3558,-0.0824,0.3516,-164.73,0.15,0.0,-0.0163,0.45
3843.4,42.264,-3.3568,-0.0821,0.3511,-165.02,0.15,0.0,-0.0196,0.45
3843.5,42.364,-3.3559,-0.0818,0.3521,-165.26,0.12,0.0,-0.0174,0.449
3843.6,42.463,-3.3558,-0.082,0.3503,-165.19,0.08,0.0,-0.0165,0.453
3843.7,42.566,-3.3549,-0.0827,0.3515,-165.12,0.12,0.0,-0.0027,0.452
3843.8,42.669,-3.3547,-0.0844,0.3495,-165.32,0.14,0.0,-0.0007,0.454
3843.9,42.772,-3.3549,-0.0857,0.3507,-165.51,0.28,0.0,-0.0032,0.45
3844.0,42.879,-3.3547,-0.0872,0.3494,-165.49,0.27,0.0,-0.0096,0.449
3844.1,42.98,-3.353,-0.0889,0.3494,-165.41,0.32,0.0,-0.0183,0.449
3844.2,43.085,-3.3525,-0.0892,0.3494,-165.48,0.3,0.0,-0.0226,0.452
3844.3,43.19,-3.3529,-0.0891,0.3496,-165.48,0.25,0.0,-0.0252,0.453
3844.4,43.29,-3.3539,-0.0886,0.35,-165.49,0.18,0.0,-0.0254,0.452
3844.5,43.392,-3.3548,-0.0881,0.3503,-165.5,0.13,0.0,-0.0201,0.45
3844.6,43.493,-3.3553,-0.0877,0.3505,-165.53,0.13,0.0,-0.0222,0.449
3844.7,43.593,-3.3554,-0.0875,0.3506,-165.52,0.13,0.0,-0.0246,0.448
3844.8,43.693,-3.3555,-0.0874,0.3506,-165.5,0.14,0.0,-0.0272,0.451
3844.9,43.793,-3.3555,-0.0873,0.3507,-165.49,0.14,0.0,-0.0244,0.45
3845.0,43.894,-3.3556,-0.0871,0.3507,-165.47,0.14,0.0,-0.0234,0.45
3845.1,43.994,-3.3557,-0.087,0.3508,-165.47,0.14,0.0,-0.0273,0.45
3845.2,44.095,-3.3557,-0.0868,0.3508,-165.46,0.14,0.0,-0.0237,0.45
3845.3,44.196,-3.3558,-0.0867,0.3509,-165.48,0.14,0.0,-0.0138,0.449
3845.4,44.308,-3.3559,-0.0864,0.351,-165.52,0.13,0.0,-0.0219,0.449
3845.5,44.408,-3.356,-0.0863,0.351,-165.47,0.14,0.0,-0.0245,0.45
3845.6,44.511,-3.356,-0.0862,0.3511,-165.46,0.14,0.0,-0.0257,0.449
3845.7,44.612,-3.356,-0.0862,0.3511,-165.45,0.14,0.0,-0.0278,0.449
3845.8,44.721,-3.3561,-0.0861,0.3511,-165.45,0.14,0.0,-0.0313,0.449
3845.9,44.823,-3.3561,-0.0861,0.3511,-165.46,0.14,0.0,-0.0318,0.449
3846.0,44.925,-3.3561,-0.086,0.3512,-165.46,0.14,0.0,-0.0333,0.449
3846.1,45.029,-3.3561,-0.086,0.3512,-165.46,0.14,0.0,-0.0309,0.449
3846.2,45.132,-3.3562,-0.0859,0.3512,-165.48,0.13,0.0,-0.0277,0.449
3846.3,45.232,-3.3562,-0.0859,0.3512,-165.47,0.14,0.0,-0.0287,0.449
3846.4,45.334,-3.3562,-0.0857,0.3513,-165.48,0.14,0.0,-0.0268,0.449
3846.5,45.434,-3.3563,-0.0857,0.3514,-165.48,0.15,0.0,-0.0286,0.449
3846.6,45.534,-3.3563,-0.0857,0.3514,-165.45,0.15,0.0,-0.0346,0.449
3846.7,45.636,-3.3563,-0.0857,0.3515,-165.45,0.15,0.0,-0.0326,0.448
3846.8,45.736,-3.3563,-0.0856,0.3515,-165.47,0.15,0.0,-0.0347,0.449
3846.9,45.841,-3.3563,-0.0856,0.3516,-165.47,0.15,0.0,-0.0337,0.448
3847.0,45.94,-3.3563,-0.0856,0.3517,-165.38,0.16,0.0005,-0.0183,0.448
3847.1,46.041,-3.3563,-0.0855,0.3517,-165.5,0.15,0.0001,-0.0126,0.454
3847.2,46.142,-3.3564,-0.0853,0.3518,-165.69,0.15,0.0,-0.0231,0.449
3847.3,46.242,-3.3565,-0.0853,0.3519,-165.68,0.15,0.0,-0.032,0.451
3847.4,46.344,-3.3565,-0.0853,0.3519,-165.74,0.15,0.0,-0.0196,0.448
3847.5,46.446,-3.3565,-0.0853,0.3519,-165.55,0.16,0.0,-0.037,0.449
3847.6,46.548,-3.3565,-0.0853,0.352,-165.72,0.16,0.0,-0.0227,0.449
3847.7,46.65,-3.3565,-0.0855,0.352,-165.37,0.17,0.0,-0.0454,0.45
3847.8,46.75,-3.3564,-0.0856,0.352,-165.39,0.16,0.0,-0.0111,0.453
3847.9,46.856,-3.3564,-0.0855,0.352,-165.38,0.16,0.0,-0.0162,0.453
3848.0,46.956,-3.3564,-0.0855,0.3521,-165.44,0.16,0.0,-0.0184,0.454
3848.1,47.058,-3.3564,-0.0855,0.3521,-165.43,0.16,0.0,-0.0246,0.448
3848.2,47.158,-3.3564,-0.0854,0.3521,-165.5,0.16,0.0,-0.0041,0.448
3848.3,47.26,-3.3564,-0.0854,0.3521,-165.48,0.16,0.0,-0.0012,0.449
3848.4,47.36,-3.3564,-0.0854,0.3521,-165.45,0.16,0.0,-0.0081,0.448
3848.5,47.46,-3.3564,-0.0854,0.3521,-165.44,0.16,0.0,-0.013,0.448
3848.6,47.563,-3.3564,-0.0854,0.3521,-165.47,0.16,0.0,-0.0174,0.448
3848.7,47.669,-3.3564,-0.0854,0.3522,-165.47,0.16,0.0,-0.0129,0.448
3848.8,47.774,-3.3564,-0.0854,0.3522,-165.45,0.16,0.0,-0.018,0.448
3848.9,47.876,-3.3564,-0.0854,0.3522,-165.45,0.16,0.0,-0.0216,0.448
3849.0,47.979,-3.3564,-0.0854,0.3522,-165.46,0.16,0.0,-0.0238,0.448
3849.1,48.082,-3.3564,-0.0854,0.3522,-165.46,0.16,0.0,-0.0226,0.448
3849.2,48.183,-3.3564,-0.0854,0.3522,-165.44,0.16,0.0,-0.0219,0.448
3849.3,48.285,-3.3564,-0.0854,0.3522,-165.45,0.16,0.0,-0.026,0.448
3849.4,48.385,-3.3564,-0.0854,0.3522,-165.46,0.16,0.0,-0.0254,0.448
3849.5,48.485,-3.3564,-0.0854,0.3522,-165.46,0.16,0.0,-0.024,0.448
3849.6,48.596,-3.3564,-0.0854,0.3522,-165.46,0.16,0.0,-0.0257,0.448
3849.7,48.696,-3.3564,-0.0854,0.3522,-165.46,0.16,0.0,-0.0279,0.448
3849.8,48.797,-3.3564,-0.0854,0.3522,-165.46,0.16,0.0,-0.0267,0.448
3849.9,48.9,-3.3564,-0.0854,0.3522,-165.46,0.16,0.0,-0.0246,0.448
3850.0,49.0,-3.3564,-0.0854,0.3522,-165.46,0.16,0.0,-0.0272,0.448
3850.1,49.104,-3.3564,-0.0854,0.3522,-165.46,0.16,0.0,-0.033,0.448
3850.2,49.209,-3.3564,-0.0854,0.3522,-165.46,0.16,0.0,-0.0345,0.448
3850.3,49.312,-3.3564,-0.0854,0.3522,-165.46,0.16,0.0,-0.0317,0.448
3850.4,49.414,-3.3564,-0.0854,0.3522,-165.46,0.16,0.0,-0.0266,0.448
3850.5,49.516,-3.3564,-0.0854,0.3522,-165.46,0.16,0.0,-0.0341,0.448
3850.6,49.618,-3.3564,-0.0854,0.3522,-165.46,0.16,0.0,-0.0348,0.448
3850.7,49.721,-3.3564,-0.0854,0.3522,-165.46,0.16,0.0,-0.0363,0.448
3850.8,49.822,-3.3564,-0.0854,0.3522,-165.46,0.16,0.0,-0.0361,0.448
3850.9,49.925,-3.3564,-0.0854,0.3522,-165.46,0.16,0.0,-0.031,0.448
3851.0,50.025,-3.3564,-0.0854,0.3522,-165.46,0.16,0.0,-0.028,0.448
3851.1,50.13,-3.3564,-0.0854,0.3522,-165.46,0.16,0.0,-0.0276,0.448
3851.2,50.231,-3.3564,-0.0854,0.3522,-165.46,0.16,0.0,-0.0292,0.448
3851.3,50.335,-3.3564,-0.0854,0.3522,-165.46,0.16,0.0,-0.0256,0.448
3851.4,50.435,-3.3564,-0.0854,0.3522,-165.46,0.16,0.0,-0.021,0.448
3851.5,50.536,-3.3564,-0.0854,0.3522,-165.46,0.16,0.0,-0.0201,0.448
3851.6,50.636,-3.3564,-0.0854,0.3522,-165.46,0.16,0.0,-0.0186,0.448
3851.7,50.736,-3.3564,-0.0854,0.3522,-165.46,0.16,0.0,-0.0244,0.448
3851.8,50.836,-3.3564,-0.0854,0.3522,-165.46,0.16,0.0,-0.0271,0.448
3851.9,50.937,-3.3564,-0.0854,0.3522,-165.46,0.16,0.0,-0.0292,0.448
3852.0,51.039,-3.3564,-0.0854,0.3522,-165.46,0.16,0.0,-0.0264,0.448
3852.1,51.142,-3.3564,-0.0854,0.3522,-165.46,0.16,0.0,-0.0249,0.448
3852.2,51.242,-3.3564,-0.0854,0.3522,-165.47,0.16,0.0,-0.0258,0.448
3852.3,51.342,-3.3564,-0.0854,0.3522,-165.47,0.16,0.0,-0.0277,0.448
3852.4,51.442,-3.3564,-0.0854,0.3522,-165.47,0.16,0.0,-0.0266,0.448
3852.5,51.548,-3.3564,-0.0854,0.3522,-165.47,0.16,0.0,-0.0321,0.448
3852.6,51.648,-3.3564,-0.0854,0.3522,-165.47,0.16,0.0,-0.033,0.448
3852.7,51.748,-3.3564,-0.0854,0.3522,-165.47,0.16,0.0,-0.0351,0.448
3852.8,51.848,-3.3564,-0.0854,0.3522,-165.47,0.16,0.0,-0.038,0.448
3852.9,51.951,-3.3564,-0.0854,0.3522,-165.47,0.16,0.0,-0.0376,0.448
3853.0,52.052,-3.3564,-0.0854,0.3522,-165.47,0.16,0.0,-0.0398,0.448
3853.1,52.154,-3.3564,-0.0854,0.3522,-165.47,0.16,0.0,-0.0371,0.448
3853.2,52.256,-3.3564,-0.0854,0.3522,-165.47,0.16,0.0,-0.0331,0.448
3853.3,52.36,-3.3564,-0.0854,0.3522,-165.47,0.16,0.0,-0.0305,0.448
3853.4,52.468,-3.3564,-0.0854,0.3522,-165.47,0.16,0.0,-0.0247,0.448
3853.5,52.567,-3.3564,-0.0854,0.3522,-165.47,0.16,0.0,-0.0241,0.448
3853.6,52.677,-3.3564,-0.0854,0.3522,-165.47,0.16,0.0,-0.0235,0.448
3853.7,52.777,-3.3564,-0.0854,0.3522,-165.47,0.16,0.0,-0.0251,0.448
3853.8,52.88,-3.3564,-0.0854,0.3522,-165.47,0.16,0.0,-0.0225,0.448
3853.9,52.98,-3.3564,-0.0854,0.3522,-165.47,0.16,0.0,-0.0248,0.448
3854.0,53.081,-3.3564,-0.0854,0.3522,-165.47,0.16,0.0,-0.0254,0.448
3854.1,53.181,-3.3564,-0.0854,0.3522,-165.47,0.16,0.0,-0.0269,0.448
3854.2,53.281,-3.3564,-0.0854,0.3522,-165.47,0.16,0.0,-0.0291,0.448
3854.3,53.382,-3.3564,-0.0853,0.3522,-165.48,0.16,0.0,-0.0259,0.448
3854.4,53.482,-3.3564,-0.0853,0.3522,-165.48,0.16,0.0,-0.0226,0.448
3854.5,53.582,-3.3564,-0.0853,0.3522,-165.48,0.16,0.0,-0.0225,0.448
3854.6,53.682,-3.3564,-0.0853,0.3522,-165.48,0.16,0.0,-0.0264,0.448
3854.7,53.782,-3.3564,-0.0853,0.3522,-165.48,0.16,0.0,-0.0252,0.449
3854.8,53.882,-3.3564,-0.0853,0.3522,-165.46,0.16,0.0,-0.0303,0.449
3854.9,53.982,-3.3564,-0.0853,0.3522,-165.47,0.16,0.0,-0.0337,0.448
3855.0,54.082,-3.3564,-0.0853,0.3522,-165.49,0.16,0.0,-0.029,0.448
3855.1,54.182,-3.3564,-0.0853,0.3522,-165.49,0.16,0.0,-0.0289,0.449
3855.2,54.283,-3.3564,-0.0853,0.3522,-165.49,0.16,0.0,-0.0337,0.449
3855.3,54.386,-3.3564,-0.0853,0.3522,-165.5,0.16,0.0,-0.0322,0.449
3855.4,54.491,-3.3564,-0.0853,0.3522,-165.49,0.16,0.0,-0.0279,0.449
3855.5,54.609,-3.3564,-0.0853,0.3522,-165.49,0.16,0.0,-0.0279,0.449
3855.6,54.709,-3.3565,-0.0852,0.3522,-165.55,0.16,0.0,-0.0188,0.448
3855.7,54.808,-3.3565,-0.0852,0.3522,-165.51,0.16,0.0,-0.0214,0.449
3855.8,54.908,-3.3565,-0.0853,0.3522,-165.48,0.16,0.0,-0.0194,0.449
3855.9,55.009,-3.3565,-0.0853,0.3522,-165.48,0.16,0.0,-0.0193,0.448
3856.0,55.11,-3.3565,-0.0853,0.3522,-165.48,0.16,0.0,-0.0247,0.448
3856.1,55.211,-3.3565,-0.0853,0.3522,-165.48,0.16,0.0,-0.0241,0.448
3856.2,55.315,-3.3565,-0.0853,0.3522,-165.48,0.16,0.0,-0.0237,0.448
3856.3,55.419,-3.3565,-0.0853,0.3522,-165.48,0.16,0.0,-0.0243,0.448
3856.4,55.519,-3.3565,-0.0853,0.3522,-165.48,0.16,0.0,-0.0266,0.448
3856.5,55.619,-3.3565,-0.0853,0.3522,-165.49,0.16,0.0,-0.0228,0.448
3856.6,55.72,-3.3565,-0.0853,0.3522,-165.48,0.16,0.0,-0.0223,0.448
3856.7,55.823,-3.3565,-0.0853,0.3522,-165.48,0.16,0.0,-0.0236,0.448
3856.8,55.925,-3.3565,-0.0853,0.3522,-165.49,0.16,0.0,-0.0279,0.448
3856.9,56.035,-3.3565,-0.0853,0.3522,-165.48,0.16,0.0,-0.0319,0.448
3857.0,56.142,-3.3565,-0.0853,0.3522,-165.5,0.16,0.0,-0.0309,0.448
3857.1,56.242,-3.3565,-0.0853,0.3522,-165.49,0.16,0.0,-0.0287,0.448
3857.2,56.342,-3.3565,-0.0853,0.3522,-165.48,0.16,0.0,-0.0263,0.448
3857.3,56.442,-3.3565,-0.0853,0.3522,-165.45,0.16,0.0,-0.0245,0.448
3857.4,56.544,-3.3565,-0.0853,0.3522,-165.46,0.16,0.0,-0.0223,0.448
3857.5,56.646,-3.3564,-0.0853,0.3522,-165.44,0.16,0.0,-0.0168,0.448
3857.6,56.748,-3.3564,-0.0853,0.3523,-165.46,0.16,0.0,-0.0217,0.448
3857.7,56.847,-3.3565,-0.0853,0.3522,-165.46,0.16,0.0,-0.0251,0.448
3857.8,56.947,-3.3565,-0.0853,0.3522,-165.47,0.16,0.0,-0.0257,0.448
3857.9,57.048,-3.3565,-0.0853,0.3522,-165.48,0.16,0.0,-0.0241,0.448
3858.0,57.15,-3.3565,-0.0853,0.3523,-165.48,0.16,0.0,-0.0267,0.448
3858.1,57.251,-3.3565,-0.0853,0.3523,-165.48,0.16,0.0,-0.0233,0.448
3858.2,57.351,-3.3565,-0.0853,0.3523,-165.46,0.16,0.0,-0.0264,0.448
3858.3,57.453,-3.3565,-0.0853,0.3523,-165.48,0.16,0.0,-0.0237,0.448
3858.4,57.553,-3.3565,-0.0853,0.3523,-165.47,0.16,0.0,-0.0253,0.448
3858.5,57.653,-3.3565,-0.0853,0.3523,-165.48,0.16,0.0,-0.0287,0.448
3858.6,57.753,-3.3565,-0.0853,0.3523,-165.48,0.16,0.0,-0.0318,0.448
3858.7,57.854,-3.3565,-0.0853,0.3523,-165.48,0.16,0.0,-0.0333,0.448
3858.8,57.959,-3.3565,-0.0853,0.3523,-165.49,0.16,0.0,-0.0356,0.448
3858.9,58.058,-3.3565,-0.0852,0.3523,-165.49,0.16,0.0,-0.0381,0.448
3859.0,58.158,-3.3565,-0.0853,0.3523,-165.48,0.16,0.0,-0.0419,0.448
3859.1,58.261,-3.3565,-0.0853,0.3523,-165.48,0.16,0.0,-0.0453,0.448
3859.2,58.362,-3.3565,-0.0853,0.3523,-165.48,0.16,0.0,-0.0442,0.448
3859.3,58.463,-3.3565,-0.0853,0.3523,-165.47,0.16,0.0,-0.0373,0.448
3859.4,58.564,-3.3565,-0.0853,0.3523,-165.48,0.16,0.0,-0.0286,0.448
3859.5,58.663,-3.3565,-0.0853,0.3523,-165.48,0.16,0.0,-0.0219,0.448
3859.6,58.765,-3.3565,-0.0853,0.3523,-165.49,0.16,0.0,-0.0255,0.448
3859.7,58.866,-3.3564,-0.0853,0.3523,-165.47,0.16,0.0,-0.0223,0.448
3859.8,58.97,-3.3564,-0.0853,0.3523,-165.4,0.16,0.0,-0.0293,0.448
3859.9,59.07,-3.3564,-0.0852,0.3523,-165.52,0.16,0.0,-0.0391,0.448
3860.0,59.17,-3.3564,-0.0853,0.3522,-165.51,0.16,0.0,-0.0303,0.448
3860.1,59.27,-3.3564,-0.0852,0.3522,-165.61,0.16,0.0,-0.0316,0.449
3860.2,59.372,-3.3565,-0.0852,0.3522,-165.58,0.16,0.0,-0.0336,0.45
3860.3,59.476,-3.3564,-0.0853,0.3522,-165.4,0.16,0.0,-0.0272,0.449
3860.4,59.576,-3.3564,-0.0853,0.3522,-165.4,0.16,0.0,-0.0235,0.454
3860.5,59.679,-3.3564,-0.0854,0.3522,-165.37,0.16,0.0,-0.0211,0.454
3860.6,59.781,-3.3564,-0.0853,0.3522,-165.36,0.16,0.0,-0.0229,0.454
3860.7,59.883,-3.3564,-0.0853,0.3522,-165.34,0.16,0.0,-0.0327,0.454
3860.8,59.983,-3.3564,-0.0853,0.3522,-165.46,0.17,0.0,-0.0372,0.453
3860.9,60.084,-3.3564,-0.0852,0.3522,-165.44,0.17,0.0,-0.0381,0.449
3861.0,60.185,-3.3564,-0.0853,0.3522,-165.41,0.16,0.0,-0.0355,0.454
3861.1,60.285,-3.3564,-0.0852,0.3521,-165.56,0.16,0.0,-0.0311,0.448
3861.2,60.387,-3.3564,-0.0852,0.3521,-165.56,0.16,0.0,-0.0305,0.449
3861.3,60.49,-3.3564,-0.0852,0.3521,-165.53,0.16,0.0,-0.0278,0.449
3861.4,60.589,-3.3564,-0.0852,0.3521,-165.54,0.16,0.0,-0.0255,0.449
3861.5,60.689,-3.3564,-0.0852,0.3521,-165.52,0.16,0.0,-0.0267,0.449
3861.6,60.791,-3.3564,-0.0852,0.3521,-165.52,0.16,0.0,-0.028,0.449
3861.7,60.891,-3.3564,-0.0853,0.3522,-165.49,0.16,0.0,-0.0259,0.449
3861.8,60.991,-3.3564,-0.0853,0.3522,-165.48,0.16,0.0,-0.0283,0.448
3861.9,61.094,-3.3564,-0.0853,0.3522,-165.48,0.16,0.0,-0.03,0.448
3862.0,61.194,-3.3564,-0.0853,0.3522,-165.48,0.16,0.0,-0.029,0.448
3862.1,61.294,-3.3564,-0.0853,0.3522,-165.47,0.16,0.0,-0.0275,0.448
3862.2,61.394,-3.3564,-0.0854,0.3522,-165.45,0.16,0.0,-0.0261,0.448
3862.3,61.494,-3.3564,-0.0853,0.3522,-165.49,0.16,0.0,-0.0298,0.448
3862.4,61.594,-3.3564,-0.0853,0.3522,-165.49,0.16,0.0,-0.0349,0.449
3862.5,61.696,-3.3564,-0.0853,0.3522,-165.46,0.16,0.0,-0.0337,0.448
3862.6,61.796,-3.3564,-0.0853,0.3522,-165.47,0.16,0.0,-0.0304,0.448
3862.7,61.897,-3.3564,-0.0853,0.3522,-165.47,0.16,0.0,-0.0266,0.448
3862.8,61.998,-3.3564,-0.0853,0.3522,-165.47,0.16,0.0,-0.0279,0.448
3862.9,62.099,-3.3564,-0.0853,0.3522,-165.47,0.16,0.0,-0.0257,0.448
3863.0,62.202,-3.3564,-0.0853,0.3522,-165.47,0.16,0.0,-0.0271,0.448
3863.1,62.302,-3.3564,-0.0853,0.3522,-165.49,0.16,0.0,-0.0298,0.448
3863.2,62.402,-3.3564,-0.0853,0.3522,-165.48,0.16,0.0,-0.0304,0.448
3863.3,62.502,-3.3564,-0.0853,0.3522,-165.47,0.16,0.0,-0.033,0.448
3863.4,62.607,-3.3564,-0.0853,0.3522,-165.48,0.16,0.0,-0.0313,0.448
3863.5,62.708,-3.3564,-0.0853,0.3522,-165.48,0.16,0.0,-0.033,0.449
3863.6,62.813,-3.3564,-0.0853,0.3522,-165.49,0.16,0.0,-0.0298,0.448
3863.7,62.915,-3.3564,-0.0853,0.3522,-165.49,0.16,0.0,-0.0289,0.448
3863.8,63.017,-3.3565,-0.0853,0.3522,-165.49,0.16,0.0,-0.03,0.448
3863.9,63.116,-3.3565,-0.0853,0.3522,-165.5,0.16,0.0,-0.0301,0.448
3864.0,63.217,-3.3564,-0.0852,0.3522,-165.52,0.16,0.0,-0.0318,0.449
3864.1,63.319,-3.3564,-0.0852,0.3522,-165.54,0.16,0.0,-0.035,0.449
3864.2,63.419,-3.3564,-0.0852,0.3522,-165.52,0.16,0.0,-0.0325,0.449
3864.3,63.52,-3.3564,-0.0852,0.3522,-165.52,0.16,0.0,-0.0385,0.449
3864.4,63.62,-3.3564,-0.0852,0.3522,-165.51,0.16,0.0,-0.0362,0.449
3864.5,63.722,-3.3564,-0.0853,0.3522,-165.5,0.16,0.0,-0.0344,0.449
3864.6,63.822,-3.3564,-0.0853,0.3522,-165.5,0.16,0.0,-0.0351,0.449
3864.7,63.927,-3.3564,-0.0853,0.3522,-165.5,0.16,0.0,-0.0386,0.449
3864.8,64.027,-3.3564,-0.0853,0.3522,-165.49,0.16,0.0,-0.0353,0.449
3864.9,64.127,-3.3564,-0.0853,0.3522,-165.49,0.16,0.0,-0.0372,0.449
3865.0,64.227,-3.3564,-0.0853,0.3522,-165.49,0.16,0.0,0.0013,0.448
3865.1,64.33,-3.3564,-0.0853,0.3522,-165.49,0.16,0.0,0.0068,0.448
3865.2,64.433,-3.3564,-0.0853,0.3522,-165.49,0.16,0.0,0.0064,0.448
3865.3,64.534,-3.3564,-0.0853,0.3522,-165.49,0.16,0.0,0.0016,0.448
3865.4,64.635,-3.3564,-0.0853,0.3522,-165.47,0.16,0.0,-0.0048,0.448
3865.5,64.735,-3.3564,-0.0853,0.3522,-165.46,0.16,0.0,-0.0087,0.448
3865.6,64.848,-3.3564,-0.0853,0.3522,-165.45,0.17,0.0,-0.016,0.448
3865.7,64.954,-3.3564,-0.0853,0.3522,-165.47,0.16,0.0,-0.0248,0.448
3865.8,65.054,-3.3564,-0.0853,0.3522,-165.46,0.16,0.0,-0.0255,0.448
3865.9,65.158,-3.3564,-0.0853,0.3522,-165.49,0.16,0.0,-0.0294,0.448
3866.0,65.259,-3.3564,-0.0853,0.3522,-165.5,0.16,0.0,-0.0237,0.449
3866.1,65.362,-3.3564,-0.0853,0.3522,-165.5,0.16,0.0,-0.0172,0.449
3866.2,65.462,-3.3564,-0.0853,0.3522,-165.49,0.16,0.0,-0.0201,0.449
3866.3,65.564,-3.3564,-0.0853,0.3522,-165.51,0.16,0.0,-0.0191,0.449
3866.4,65.674,-3.3564,-0.0853,0.3522,-165.51,0.16,0.0,-0.0164,0.449
3866.5,65.774,-3.3564,-0.0852,0.3522,-165.53,0.16,0.0,-0.0185,0.449
3866.6,65.877,-3.3564,-0.0853,0.3522,-165.48,0.16,0.0,-0.0197,0.449
3866.7,65.977,-3.3564,-0.0853,0.3522,-165.51,0.16,0.0,-0.0276,0.448
3866.8,66.078,-3.3564,-0.0853,0.3522,-165.51,0.16,0.0,-0.0303,0.449
3866.9,66.178,-3.3564,-0.0853,0.3522,-165.5,0.16,0.0,-0.0303,0.448
3867.0,66.28,-3.3564,-0.0853,0.3522,-165.44,0.16,0.0,-0.0291,0.448
3867.1,66.38,-3.3564,-0.0853,0.3522,-165.45,0.16,0.0,-0.0248,0.448
3867.2,66.48,-3.3564,-0.0853,0.3522,-165.47,0.16,0.0,-0.0277,0.448
3867.3,66.582,-3.3564,-0.0853,0.3522,-165.43,0.16,0.0,-0.0332,0.449
3867.4,66.682,-3.3564,-0.0853,0.3522,-165.45,0.16,0.0,-0.0276,0.448
3867.5,66.782,-3.3564,-0.0853,0.3522,-165.45,0.16,0.0,-0.0259,0.448
3867.6,66.884,-3.3564,-0.0853,0.3522,-165.47,0.16,0.0,-0.0244,0.448
3867.7,66.984,-3.3564,-0.0853,0.3522,-165.48,0.16,0.0,-0.0251,0.448
3867.8,67.085,-3.3564,-0.0853,0.3522,-165.49,0.16,0.0,-0.0313,0.448
3867.9,67.186,-3.3564,-0.0853,0.3522,-165.49,0.16,0.0,-0.0331,0.449
3868.0,67.286,-3.3564,-0.0853,0.3522,-165.49,0.16,0.0,-0.0355,0.449
3868.1,67.386,-3.3564,-0.0853,0.3522,-165.5,0.16,0.0,-0.0339,0.448
3868.2,67.488,-3.3564,-0.0853,0.3522,-165.5,0.16,0.0,-0.0389,0.449
3868.3,67.588,-3.3564,-0.0852,0.3522,-165.54,0.16,0.0,-0.0321,0.449
3868.4,67.693,-3.3564,-0.0852,0.3522,-165.5,0.16,0.0,-0.0331,0.449
3868.5,67.799,-3.3564,-0.0852,0.3522,-165.5,0.16,0.0,-0.0273,0.449
3868.6,67.899,-3.3564,-0.0853,0.3522,-165.48,0.16,0.0,-0.0305,0.449
3868.7,68.001,-3.3564,-0.0853,0.3522,-165.49,0.16,0.0,-0.0336,0.448
3868.8,68.104,-3.3564,-0.0853,0.3522,-165.47,0.16,0.0,-0.031,0.448
3868.9,68.206,-3.3564,-0.0853,0.3522,-165.46,0.16,0.0,-0.0316,0.448
3869.0,68.306,-3.3564,-0.0853,0.3522,-165.47,0.16,0.0,-0.0317,0.448
3869.1,68.408,-3.3564,-0.0852,0.3522,-165.5,0.16,0.0,-0.0288,0.448
3869.2,68.509,-3.3564,-0.0853,0.3522,-165.47,0.16,0.0,-0.0296,0.448
3869.3,68.611,-3.3564,-0.0852,0.3522,-165.5,0.16,0.0,-0.0314,0.448
3869.4,68.715,-3.3565,-0.0852,0.3522,-165.49,0.16,0.0,-0.0327,0.449
3869.5,68.815,-3.3564,-0.0853,0.3522,-165.44,0.16,0.0,-0.0345,0.449
3869.6,68.916,-3.3564,-0.0852,0.3522,-165.54,0.16,0.0,-0.0302,0.448
3869.7,69.019,-3.3564,-0.0852,0.3522,-165.5,0.16,0.0,-0.0309,0.45
3869.8,69.122,-3.3564,-0.0853,0.3522,-165.46,0.16,0.0,-0.0314,0.449
3869.9,69.224,-3.3564,-0.0853,0.3522,-165.44,0.16,0.0,-0.0258,0.448
3870.0,69.325,-3.3564,-0.0853,0.3522,-165.45,0.16,0.0,-0.0227,0.448
3870.1,69.429,-3.3564,-0.0853,0.3522,-165.49,0.16,0.0,-0.0235,0.448
3870.2,69.539,-3.3564,-0.0853,0.3522,-165.44,0.16,0.0,-0.0276,0.449
3870.3,69.643,-3.3564,-0.0853,0.3522,-165.46,0.16,0.0,-0.0202,0.448
3870.4,69.743,-3.3564,-0.0853,0.3522,-165.53,0.16,0.0,-0.0238,0.454
3870.5,69.843,-3.3564,-0.0853,0.3522,-165.54,0.15,0.0,-0.033,0.449
3870.6,69.95,-3.3564,-0.0852,0.3522,-165.54,0.16,0.0,-0.0229,0.449
3870.7,70.051,-3.3564,-0.0853,0.3522,-165.49,0.16,0.0,-0.0293,0.449
3870.8,70.15,-3.3564,-0.0854,0.3522,-165.44,0.16,0.0,-0.0217,0.449
3870.9,70.259,-3.3564,-0.0853,0.3522,-165.46,0.16,0.0,-0.0189,0.448
3871.0,70.359,-3.3564,-0.0854,0.3522,-165.45,0.16,0.0,-0.0189,0.448
3871.1,70.459,-3.3564,-0.0853,0.3522,-165.46,0.16,0.0,-0.0294,0.448
3871.2,70.559,-3.3564,-0.0854,0.3522,-165.44,0.16,0.0,-0.0332,0.448
3871.3,70.659,-3.3564,-0.0853,0.3522,-165.51,0.16,0.0,-0.0332,0.448
3871.4,70.761,-3.3564,-0.0853,0.3522,-165.53,0.16,0.0,-0.029,0.449
3871.5,70.868,-3.3564,-0.0853,0.3522,-165.54,0.16,0.0,-0.0234,0.449
3871.6,70.974,-3.3564,-0.0853,0.3522,-165.53,0.16,0.0,-0.0186,0.449
3871.7,71.074,-3.3564,-0.0853,0.3522,-165.51,0.16,0.0,-0.0191,0.449
3871.8,71.176,-3.3564,-0.0853,0.3522,-165.5,0.16,0.0,-0.0232,0.449
3871.9,71.276,-3.3564,-0.0854,0.3522,-165.39,0.16,0.0,-0.0293,0.449
3872.0,71.383,-3.3563,-0.0854,0.3522,-165.42,0.16,0.0,-0.0335,0.454
3872.1,71.484,-3.3563,-0.0853,0.3522,-165.45,0.16,0.0,-0.0373,0.448
3872.2,71.586,-3.3564,-0.0853,0.3522,-165.46,0.16,0.0,-0.04,0.448
3872.3,71.685,-3.3564,-0.0853,0.3522,-165.46,0.16,0.0,-0.0345,0.448
3872.4,71.787,-3.3564,-0.0853,0.3522,-165.47,0.16,0.0,-0.0323,0.448
3872.5,71.886,-3.3564,-0.0853,0.3522,-165.47,0.16,0.0,-0.0275,0.448
3872.6,71.989,-3.3564,-0.0853,0.3522,-165.47,0.16,0.0,-0.0264,0.448
3872.7,72.091,-3.3564,-0.0853,0.3522,-165.47,0.16,0.0,-0.0316,0.448
3872.8,72.191,-3.3564,-0.0853,0.3522,-165.48,0.16,0.0,-0.0357,0.448
3872.9,72.292,-3.3564,-0.0853,0.3522,-165.47,0.16,0.0,-0.0364,0.449
3873.0,72.393,-3.3564,-0.0853,0.3522,-165.47,0.16,0.0,-0.0367,0.448
3873.1,72.493,-3.3564,-0.0853,0.3522,-165.47,0.16,0.0,-0.0352,0.449
3873.2,72.594,-3.3564,-0.0853,0.3522,-165.47,0.16,0.0,-0.0428,0.448
3873.3,72.695,-3.3564,-0.0853,0.3522,-165.47,0.16,0.0,-0.042,0.448
3873.4,72.796,-3.3564,-0.0853,0.3522,-165.47,0.16,0.0,-0.0365,0.448
3873.5,72.899,-3.3564,-0.0853,0.3522,-165.47,0.16,0.0,-0.0402,0.449
3873.6,73.01,-3.3564,-0.0853,0.3522,-165.45,0.16,0.0,-0.0378,0.448
3873.7,73.114,-3.3564,-0.0853,0.3522,-165.47,0.16,0.0,-0.0381,0.448
3873.8,73.214,-3.3564,-0.0852,0.3522,-165.5,0.16,0.0,-0.0403,0.449
3873.9,73.314,-3.3564,-0.0852,0.3522,-165.5,0.16,0.0,-0.0359,0.449
3874.0,73.414,-3.3564,-0.0852,0.3522,-165.48,0.16,0.0,-0.0393,0.449
3874.1,73.519,-3.3564,-0.0853,0.3522,-165.47,0.16,0.0,-0.0363,0.448
3874.2,73.632,-3.3564,-0.0852,0.3522,-165.48,0.16,0.0,-0.0376,0.448
3874.3,73.736,-3.3564,-0.0852,0.3522,-165.51,0.16,0.0,-0.0409,0.449
3874.4,73.836,-3.3564,-0.0853,0.3522,-165.44,0.16,0.0,-0.0395,0.449
3874.5,73.938,-3.3564,-0.0853,0.3522,-165.39,0.16,0.0,-0.0366,0.448
3874.6,74.038,-3.3564,-0.0853,0.3522,-165.46,0.16,0.0,-0.0316,0.448
3874.7,74.138,-3.3564,-0.0853,0.3522,-165.5,0.16,0.0,-0.0298,0.448
3874.8,74.24,-3.3564,-0.0852,0.3522,-165.52,0.16,0.0,-0.0344,0.449
3874.9,74.356,-3.3564,-0.0852,0.3522,-165.51,0.16,0.0,-0.0376,0.449
3875.0,74.456,-3.3564,-0.0853,0.3522,-165.47,0.16,0.0,-0.0341,0.449
3875.1,74.558,-3.3564,-0.0853,0.3522,-165.43,0.16,0.0,-0.0257,0.448
3875.2,74.659,-3.3564,-0.0853,0.3522,-165.49,0.16,0.0,-0.03,0.448
3875.3,74.759,-3.3564,-0.0853,0.3522,-165.49,0.16,0.0,-0.0337,0.449
3875.4,74.859,-3.3564,-0.0853,0.3522,-165.5,0.16,0.0,-0.0337,0.449
3875.5,74.962,-3.3564,-0.0853,0.3522,-165.46,0.16,0.0,-0.0344,0.449
3875.6,75.063,-3.3564,-0.0853,0.3522,-165.46,0.16,0.0,-0.0301,0.448
3875.7,75.173,-3.3564,-0.0853,0.3522,-165.45,0.16,0.0,-0.0279,0.448
3875.8,75.274,-3.3564,-0.0853,0.3522,-165.46,0.16,0.0,-0.0291,0.448
3875.9,75.374,-3.3564,-0.0853,0.3522,-165.47,0.16,0.0,-0.026,0.448
3876.0,75.475,-3.3564,-0.0853,0.3522,-165.47,0.16,0.0,-0.027,0.448
3876.1,75.579,-3.3564,-0.0853,0.3522,-165.47,0.16,0.0,-0.0233,0.448
3876.2,75.679,-3.3564,-0.0853,0.3522,-165.45,0.16,0.0,-0.0258,0.448
3876.3,75.78,-3.3564,-0.0853,0.3522,-165.43,0.16,0.0,-0.0308,0.448
3876.4,75.88,-3.3564,-0.0853,0.3523,-165.44,0.16,0.0,-0.0314,0.448
3876.5,75.993,-3.3564,-0.0853,0.3523,-165.46,0.16,0.0,-0.0302,0.448
3876.6,76.093,-3.3564,-0.0853,0.3523,-165.46,0.16,0.0,-0.0302,0.448
3876.7,76.193,-3.3564,-0.0853,0.3523,-165.46,0.16,0.0,-0.0294,0.448
3876.8,76.293,-3.3564,-0.0853,0.3523,-165.47,0.16,0.0,-0.0298,0.448
3876.9,76.393,-3.3564,-0.0853,0.3522,-165.47,0.16,0.0,-0.0232,0.448
3877.0,76.493,-3.3564,-0.0853,0.3522,-165.48,0.16,0.0,-0.022,0.449
3877.1,76.595,-3.3564,-0.0853,0.3522,-165.51,0.16,0.0,-0.0274,0.448
3877.2,76.699,-3.3564,-0.0853,0.3522,-165.52,0.16,0.0,-0.022,0.449
3877.3,76.799,-3.3564,-0.0853,0.3522,-165.54,0.16,0.0,-0.0242,0.449
3877.4,76.899,-3.3564,-0.0852,0.3522,-165.53,0.16,0.0,-0.0302,0.449
3877.5,76.999,-3.3564,-0.0853,0.3522,-165.53,0.16,0.0,-0.0287,0.449
3877.6,77.101,-3.3564,-0.0852,0.3522,-165.52,0.16,0.0,-0.0265,0.449
3877.7,77.202,-3.3564,-0.0853,0.3522,-165.48,0.16,0.0,-0.0293,0.449
3877.8,77.304,-3.3564,-0.0853,0.3522,-165.52,0.16,0.0,-0.0259,0.448
3877.9,77.403,-3.3564,-0.0853,0.3522,-165.48,0.16,0.0,-0.0261,0.449
3878.0,77.503,-3.3564,-0.0853,0.3522,-165.43,0.16,0.0,-0.0222,0.449
3878.1,77.603,-3.3564,-0.0853,0.3522,-165.46,0.16,0.0,-0.0217,0.448
3878.2,77.703,-3.3564,-0.0853,0.3522,-165.46,0.16,0.0,-0.0207,0.448
3878.3,77.804,-3.3564,-0.0853,0.3522,-165.44,0.16,0.0,-0.0175,0.448
3878.4,77.907,-3.3564,-0.0854,0.3522,-165.43,0.16,0.0,-0.0173,0.448
3878.5,78.007,-3.3564,-0.0853,0.3522,-165.48,0.16,0.0,-0.0292,0.448
3878.6,78.107,-3.3564,-0.0853,0.3522,-165.45,0.16,0.0,-0.0238,0.448
3878.7,78.208,-3.3564,-0.0853,0.3522,-165.48,0.16,0.0,-0.0274,0.448
3878.8,78.311,-3.3564,-0.0853,0.3522,-165.51,0.16,0.0,-0.0267,0.449
3878.9,78.411,-3.3564,-0.0853,0.3522,-165.5,0.16,0.0,-0.0325,0.449
3879.0,78.512,-3.3564,-0.0853,0.3522,-165.5,0.16,0.0,-0.0324,0.449
3879.1,78.613,-3.3564,-0.0853,0.3522,-165.47,0.16,0.0,-0.0303,0.449
3879.2,78.714,-3.3564,-0.0853,0.3522,-165.48,0.16,0.0,-0.0274,0.449
3879.3,78.815,-3.3564,-0.0853,0.3522,-165.46,0.16,0.0,-0.0218,0.448
3879.4,78.917,-3.3564,-0.0853,0.3522,-165.45,0.16,0.0,-0.0261,0.448
3879.5,79.017,-3.3564,-0.0853,0.3522,-165.47,0.16,0.0,-0.0283,0.448
3879.6,79.116,-3.3564,-0.0853,0.3522,-165.48,0.16,0.0,-0.0291,0.448
3879.7,79.217,-3.3564,-0.0853,0.3522,-165.48,0.16,0.0,-0.0281,0.449
3879.8,79.319,-3.3564,-0.0853,0.3522,-165.48,0.16,0.0,-0.0313,0.449
3879.9,79.42,-3.3564,-0.0853,0.3522,-165.48,0.16,0.0,-0.0287,0.449
3880.0,79.526,-3.3564,-0.0853,0.3522,-165.47,0.16,0.0,-0.0259,0.449
3880.1,79.629,-3.3564,-0.0853,0.3522,-165.46,0.16,0.0,-0.0243,0.448
3880.2,79.731,-3.3564,-0.0853,0.3522,-165.46,0.16,0.0,-0.0215,0.448
3880.3,79.832,-3.3564,-0.0853,0.3522,-165.45,0.16,0.0,-0.0206,0.448
3880.4,79.935,-3.3564,-0.0853,0.3522,-165.48,0.16,0.0,-0.0213,0.448
3880.5,80.037,-3.3564,-0.0853,0.3522,-165.49,0.16,0.0,-0.029,0.449
3880.6,80.137,-3.3564,-0.0853,0.3522,-165.46,0.17,0.0,-0.0303,0.449
3880.7,80.239,-3.3564,-0.0853,0.3522,-165.46,0.16,0.0,-0.0314,0.448
3880.8,80.339,-3.3564,-0.0853,0.3522,-165.48,0.16,0.0,-0.0263,0.448
3880.9,80.439,-3.3564,-0.0853,0.3522,-165.49,0.16,0.0,-0.0292,0.449
3881.0,80.54,-3.3564,-0.0853,0.3522,-165.5,0.16,0.0,-0.0291,0.449
3881.1,80.641,-3.3564,-0.0852,0.3522,-165.53,0.16,0.0,-0.0335,0.449
3881.2,80.749,-3.3564,-0.0852,0.3522,-165.56,0.16,0.0,-0.0356,0.449
3881.3,80.85,-3.3564,-0.0852,0.3522,-165.5,0.16,0.0,-0.0369,0.449
3881.4,80.95,-3.3564,-0.0853,0.3522,-165.53,0.15,0.0,-0.0387,0.449
3881.5,81.052,-3.3564,-0.0853,0.3522,-165.4,0.16,0.0,-0.0284,0.449
3881.6,81.157,-3.3564,-0.0853,0.3522,-165.46,0.16,0.0,-0.0224,0.453
3881.7,81.265,-3.3564,-0.0853,0.3522,-165.5,0.16,0.0,-0.0321,0.449
3881.8,81.365,-3.3564,-0.0853,0.3522,-165.54,0.16,0.0,-0.0326,0.448
3881.9,81.467,-3.3564,-0.0853,0.3522,-165.54,0.15,0.0,-0.031,0.449
3882.0,81.569,-3.3564,-0.0853,0.3522,-165.48,0.16,0.0,-0.0301,0.449
3882.1,81.67,-3.3564,-0.0853,0.3522,-165.47,0.16,0.0,-0.0273,0.449
3882.2,81.773,-3.3564,-0.0853,0.3522,-165.45,0.16,0.0,-0.0281,0.448
3882.3,81.881,-3.3564,-0.0853,0.3522,-165.47,0.16,0.0,-0.0287,0.448
3882.4,81.984,-3.3564,-0.0853,0.3522,-165.49,0.16,0.0,0.0,0.448
3882.5,82.085,-3.3564,-0.0853,0.3522,-165.46,0.16,0.0,0.0,0.449
3882.6,82.185,-3.3564,-0.0853,0.3522,-165.46,0.16,0.0,0.0,0.448
3882.7,82.286,-3.3564,-0.0853,0.3522,-165.45,0.16,0.0,0.0,0.448
3882.8,82.387,-3.3564,-0.0853,0.3522,-165.46,0.16,0.0,0.0,0.448
3882.9,82.488,-3.3564,-0.0853,0.3522,-165.47,0.16,0.0006,-0.0016,0.448
3883.0,82.589,-3.3564,-0.0853,0.3522,-165.47,0.16,0.0001,-0.0035,0.448
3883.1,82.689,-3.3564,-0.0853,0.3522,-165.47,0.16,0.0001,0.0005,0.448
3883.2,82.789,-3.3564,-0.0853,0.3522,-165.48,0.16,0.0,0.0068,0.448
3883.3,82.89,-3.3564,-0.0853,0.3522,-165.48,0.16,0.0,0.0032,0.448
3883.4,82.991,-3.3564,-0.0853,0.3522,-165.48,0.16,0.0,-0.0053,0.448
3883.5,83.092,-3.3564,-0.0853,0.3522,-165.49,0.16,0.0009,-0.0077,0.448
3883.6,83.193,-3.3564,-0.0853,0.3522,-165.46,0.16,0.0002,-0.0153,0.448
3883.7,83.293,-3.3564,-0.0853,0.3522,-165.43,0.16,0.0001,-0.0125,0.448
3883.8,83.393,-3.3564,-0.0854,0.3522,-165.35,0.16,0.0,-0.009,0.454
3883.9,83.495,-3.3563,-0.0854,0.3522,-165.36,0.16,0.0,-0.0218,0.453
3884.0,83.596,-3.3563,-0.0854,0.3522,-165.4,0.16,0.0,-0.0189,0.453
3884.1,83.696,-3.3564,-0.0853,0.3522,-165.43,0.16,0.0,-0.0182,0.454
3884.2,83.798,-3.3564,-0.0853,0.3522,-165.47,0.16,0.0,-0.0192,0.448
3884.3,83.9,-3.3564,-0.0853,0.3522,-165.49,0.16,0.0016,-0.0115,0.448
3884.4,84.001,-3.3564,-0.0853,0.3522,-165.51,0.16,0.0003,-0.0195,0.449
3884.5,84.101,-3.3564,-0.0853,0.3522,-165.51,0.16,0.0001,-0.0171,0.449
3884.6,84.205,-3.3564,-0.0853,0.3522,-165.49,0.16,0.0009,-0.0211,0.449
3884.7,84.307,-3.3564,-0.0853,0.3522,-165.47,0.16,0.0001,-0.02,0.448
3884.8,84.407,-3.3564,-0.0853,0.3522,-165.49,0.16,0.0001,-0.0184,0.448
3884.9,84.512,-3.3564,-0.0853,0.3522,-165.47,0.16,0.0,-0.0146,0.449
3885.0,84.612,-3.3564,-0.0853,0.3522,-165.46,0.16,0.0005,-0.0183,0.448
3885.1,84.712,-3.3564,-0.0853,0.3522,-165.48,0.16,0.0001,-0.0131,0.448
3885.2,84.812,-3.3564,-0.0853,0.3522,-165.46,0.16,0.0,-0.0147,0.448
3885.3,84.912,-3.3564,-0.0853,0.3522,-165.46,0.16,0.0,-0.0143,0.448
3885.4,85.018,-3.3564,-0.0853,0.3522,-165.45,0.16,0.0,-0.0151,0.448
3885.5,85.125,-3.3564,-0.0853,0.3522,-165.46,0.16,0.0,-0.0146,0.448
3885.6,85.226,-3.3564,-0.0853,0.3522,-165.47,0.16,0.0,-0.0153,0.448
3885.7,85.328,-3.3564,-0.0853,0.3522,-165.45,0.16,0.0,-0.034,0.448
3885.8,85.428,-3.3564,-0.0853,0.3522,-165.46,0.16,0.0,-0.0213,0.448
3885.9,85.53,-3.3564,-0.0853,0.3522,-165.45,0.16,0.0,-0.0157,0.448
3886.0,85.632,-3.3564,-0.0853,0.3522,-165.45,0.16,0.0,-0.0091,0.448
3886.1,85.734,-3.3564,-0.0853,0.3522,-165.47,0.16,0.0,-0.0045,0.448
3886.2,85.834,-3.3564,-0.0853,0.3522,-165.47,0.16,0.0,-0.0146,0.448
3886.3,85.936,-3.3564,-0.0853,0.3522,-165.47,0.16,0.0,-0.0188,0.448
3886.4,86.036,-3.3564,-0.0853,0.3522,-165.47,0.16,0.0,-0.0184,0.448
3886.5,86.137,-3.3564,-0.0853,0.3522,-165.46,0.16,0.0,-0.0187,0.448
3886.6,86.238,-3.3564,-0.0853,0.3522,-165.46,0.16,0.0,-0.0184,0.448
3886.7,86.339,-3.3564,-0.0854,0.3522,-165.43,0.16,0.0,-0.0166,0.448
3886.8,86.439,-3.3564,-0.0853,0.3523,-165.46,0.16,0.0,-0.0095,0.448
3886.9,86.542,-3.3564,-0.0853,0.3523,-165.46,0.16,0.0,-0.0045,0.448
3887.0,86.642,-3.3564,-0.0853,0.3523,-165.47,0.16,0.0,-0.0075,0.448
3887.1,86.742,-3.3564,-0.0853,0.3523,-165.47,0.16,0.0,-0.0105,0.448
3887.2,86.842,-3.3564,-0.0853,0.3523,-165.47,0.16,0.0,-0.0199,0.448
3887.3,86.942,-3.3564,-0.0853,0.3523,-165.47,0.16,0.0,-0.0209,0.448
3887.4,87.043,-3.3564,-0.0853,0.3523,-165.48,0.16,0.0,-0.0182,0.448
3887.5,87.144,-3.3564,-0.0853,0.3523,-165.48,0.16,0.0,-0.0204,0.448
3887.6,87.246,-3.3564,-0.0853,0.3523,-165.48,0.16,0.0,-0.0229,0.448
3887.7,87.353,-3.3564,-0.0853,0.3523,-165.47,0.16,0.0,-0.0033,0.448
3887.8,87.458,-3.3564,-0.0853,0.3523,-165.47,0.16,0.0,-0.0172,0.448
3887.9,87.568,-3.3564,-0.0853,0.3523,-165.47,0.16,0.0,-0.025,0.448
3888.0,87.674,-3.3564,-0.0853,0.3523,-165.48,0.16,0.0,-0.0245,0.448
3888.1,87.798,-3.3564,-0.0853,0.3523,-165.47,0.16,0.0,-0.0208,0.448
3888.2,87.914,-3.3564,-0.0853,0.3523,-165.47,0.16,0.0,-0.0165,0.448
3888.3,88.029,-3.3564,-0.0853,0.3523,-165.47,0.16,0.0,-0.0169,0.448
3888.4,88.142,-3.3564,-0.0853,0.3523,-165.47,0.16,0.0,-0.0243,0.448
3888.5,88.261,-3.3564,-0.0853,0.3523,-165.47,0.16,0.0,-0.0068,0.448
3888.601,88.371,-3.3564,-0.0853,0.3523,-165.47,0.16,0.0,-0.0045,0.448
3888.7,88.492,-3.3564,-0.0853,0.3523,-165.48,0.16,0.0001,0.0006,0.448
3888.8,88.615,-3.3564,-0.0853,0.3523,-165.48,0.16,0.0,-0.0045,0.448
3888.9,88.756,-3.3564,-0.0853,0.3523,-165.48,0.16,0.0,-0.0073,0.448
3889.0,88.876,-3.3564,-0.0853,0.3523,-165.47,0.16,0.0008,0.0358,0.448
3889.1,89.004,-3.3566,-0.0854,0.3518,-165.4,0.1,0.0004,0.0367,0.448
3889.2,89.22,-3.3569,-0.0857,0.3488,-165.22,0.11,0.0,0.0249,0.452
3889.3,89.337,-3.3572,-0.0858,0.3467,-164.87,0.21,0.0,0.0336,0.449
3889.4,89.462,-3.3583,-0.0856,0.3472,-164.77,0.09,0.0,0.0395,0.448
3889.5,89.596,-3.3585,-0.0856,0.3492,-164.76,0.15,0.0,0.0097,0.448
3889.6,89.743,-3.3589,-0.0865,0.3445,-164.44,0.09,0.0,0.0035,0.45
3889.7,89.981,-3.3591,-0.0863,0.3233,-164.45,0.22,0.0,-0.0054,0.451
3889.8,90.178,-3.3518,-0.0873,0.3108,-164.26,0.26,0.0,0.0301,0.449
3889.9,90.402,-3.3424,-0.0872,0.3147,-164.44,0.23,0.0,0.0094,0.45
3890.0,90.526,-3.3398,-0.0874,0.321,-164.44,0.23,0.0,-0.0084,0.449
3890.1,90.653,-3.3432,-0.0883,0.3283,-164.45,0.16,0.0,0.0075,0.452
3890.2,90.787,-3.3485,-0.0895,0.3356,-164.43,0.08,0.0053,-0.0013,0.448
3890.3,90.922,-3.3524,-0.0904,0.3418,-164.4,0.09,0.0057,-0.0115,0.451
3890.4,91.046,-3.3538,-0.091,0.3453,-164.38,0.04,0.0034,-0.0113,0.451
3890.5,91.189,-3.3522,-0.0899,0.3485,-164.45,0.17,0.0,-0.0189,0.449
3890.6,91.403,-3.3482,-0.0886,0.3514,-165.52,0.37,0.0,-0.0301,0.451
3890.7,91.62,-3.3393,-0.0857,0.3758,-168.48,0.39,0.0,-0.1901,0.452
3890.8,91.806,-3.3313,-0.0825,0.3878,-160.31,1.23,0.0,-0.1573,0.453
3890.9,92.009,-3.3231,-0.0799,0.3719,-159.48,0.16,0.0,0.0027,0.449
3891.0,92.151,-3.3174,-0.0792,0.3664,-163.54,0.36,0.0,-0.0373,0.451
3891.1,92.372,-3.3161,-0.0769,0.3607,-165.97,0.37,0.0,-0.2,0.45
3891.202,92.516,-3.3194,-0.0775,0.3512,-167.38,0.51,0.0005,-0.2,0.448
3891.3,92.627,-3.326,-0.0783,0.3527,-168.53,0.48,0.0032,-0.1921,0.448
3891.4,92.835,-3.3319,-0.0806,0.3455,-169.71,0.16,0.0085,-0.1815,0.448
3891.5,93.011,-3.3328,-0.0796,0.3337,-169.83,0.76,0.0097,-0.1744,0.448
3891.6,93.142,-3.328,-0.0739,0.3417,-171.22,0.48,0.0016,-0.0944,0.448
3891.7,93.371,-3.3222,-0.0698,0.3206,-172.24,0.07,0.0,-0.1439,0.448
3891.8,93.509,-3.3105,-0.0689,0.3245,-170.47,0.24,0.0,-0.1212,0.448
3891.9,93.637,-3.3015,-0.0644,0.3288,-172.44,0.57,0.0,-0.0412,0.448
3892.0,93.806,-3.2952,-0.0595,0.3227,-173.69,0.5,0.0,-0.1612,0.448
3892.1,93.932,-3.292,-0.0588,0.3262,-174.12,0.34,0.0,-0.1769,0.448
3892.2,94.058,-3.2917,-0.0574,0.3323,-175.42,0.52,0.0,-0.0969,0.449
3892.3,94.181,-3.2929,-0.0554,0.3328,-176.17,0.56,0.0,-0.1021,0.451
3892.4,94.307,-3.2979,-0.0555,0.3342,-176.62,0.56,0.0026,-0.0964,0.451
3892.5,94.423,-3.3054,-0.0571,0.3351,-177.2,0.44,0.0069,-0.087,0.449
3892.6,94.543,-3.3096,-0.0622,0.3407,-177.89,0.48,0.0135,-0.0848,0.449
3892.701,94.664,-3.314,-0.0694,0.3399,-178.21,0.37,0.0072,-0.0749,0.449
3892.8,94.778,-3.3126,-0.0741,0.3447,-178.45,0.48,0.0005,-0.0647,0.449
3892.9,94.936,-3.31,-0.0774,0.3459,-178.99,0.57,0.0,-0.0602,0.449
3893.0,95.061,-3.3082,-0.0794,0.3506,-179.46,0.6,0.0,-0.0667,0.45
3893.1,95.18,-3.3054,-0.0803,0.3524,-179.54,0.64,0.0,-0.0497,0.448
3893.2,95.31,-3.3009,-0.0808,0.3484,-179.88,0.42,0.0,-0.0439,0.448
3893.3,95.431,-3.2985,-0.0798,0.3471,179.78,0.29,0.0,-0.0416,0.448
3893.4,95.57,-3.2995,-0.0784,0.3473,179.66,0.16,0.0,-0.0368,0.45
3893.5,95.691,-3.3013,-0.0783,0.3503,179.59,0.19,0.0,-0.0368,0.45
3893.6,95.822,-3.3047,-0.0776,0.3516,179.26,0.18,0.0008,-0.0341,0.448
3893.7,95.954,-3.3079,-0.0774,0.3532,179.02,0.21,0.0012,-0.0448,0.448
3893.8,96.076,-3.3107,-0.0768,0.349,178.91,0.27,0.0042,-0.0469,0.45
3893.9,96.196,-3.3111,-0.0745,0.3512,178.75,0.22,0.0007,-0.0435,0.449
3894.0,96.312,-3.3097,-0.0729,0.3529,178.26,0.23,0.0002,-0.051,0.449
3894.1,96.475,-3.3077,-0.0728,0.3392,178.04,0.26,0.0,-0.0294,0.449
3894.2,96.6,-3.3037,-0.0715,0.3375,178.01,0.22,0.0,-0.0296,0.448
3894.3,96.715,-3.3023,-0.0701,0.3384,177.64,0.29,0.0,-0.0252,0.448
3894.4,96.9,-3.3024,-0.0682,0.3285,177.61,0.27,0.0,-0.0482,0.448
3894.5,97.028,-3.3015,-0.0633,0.3192,177.52,0.64,0.0,-0.0558,0.448
3894.6,97.152,-3.3007,-0.0561,0.3284,176.98,0.93,0.0,-0.0485,0.449
3894.7,97.291,-3.2959,-0.0492,0.3392,176.59,1.18,0.0,-0.0669,0.448
3894.8,97.411,-3.2944,-0.0438,0.3323,176.62,0.97,0.0,-0.0527,0.45
3894.9,97.529,-3.2988,-0.0391,0.3377,176.43,0.91,0.0,-0.0443,0.448
3895.0,97.65,-3.3035,-0.0376,0.3395,175.88,0.65,0.0084,-0.0429,0.448
3895.1,97.767,-3.3055,-0.0407,0.3425,175.71,0.24,0.0014,-0.0524,0.45
3895.201,97.893,-3.3069,-0.0448,0.3419,175.66,0.11,0.0013,-0.0457,0.448
3895.3,98.014,-3.3075,-0.0488,0.3419,175.39,0.09,0.0,-0.0403,0.448
3895.4,98.136,-3.3067,-0.0547,0.3449,174.99,0.53,0.0,-0.0424,0.448
3895.5,98.251,-3.3077,-0.0605,0.3439,174.95,0.55,0.0,-0.0415,0.448
3895.6,98.366,-3.3042,-0.0646,0.3471,174.98,0.62,0.0001,-0.0351,0.448
3895.7,98.494,-3.3007,-0.0673,0.3479,174.52,0.51,0.0,-0.0378,0.45
3895.8,98.61,-3.3,-0.0663,0.3508,174.09,0.25,0.0,-0.0497,0.45
3895.9,98.74,-3.3017,-0.0641,0.3526,174.08,0.12,0.0,-0.0523,0.449
3896.0,98.861,-3.3024,-0.0614,0.3544,173.94,0.14,0.0008,-0.0452,0.448
3896.1,98.99,-3.3036,-0.0587,0.351,173.55,0.25,0.0012,-0.0483,0.449
3896.203,99.11,-3.3023,-0.0577,0.3524,173.27,0.21,0.0001,-0.0569,0.449
3896.3,99.227,-3.3022,-0.0582,0.3523,173.17,0.17,0.0001,-0.0566,0.448
3896.4,99.353,-3.3026,-0.0595,0.3493,172.89,0.07,0.0,-0.0548,0.448
3896.5,99.473,-3.3025,-0.062,0.348,172.47,0.27,0.0,-0.0615,0.448
3896.6,99.793,-3.3007,-0.0649,0.3602,175.5,0.16,0.0,-0.0683,0.449
3896.7,99.949,-3.2972,-0.0686,0.3619,174.38,0.22,0.0,0.0117,0.449
3896.8,100.076,-3.2944,-0.0736,0.3568,172.55,0.06,0.0,-0.1083,0.448
3896.9,100.194,-3.2906,-0.0798,0.3558,171.91,0.31,0.0,-0.1495,0.448
3897.0,100.361,-3.2895,-0.0826,0.3575,171.03,0.22,0.0,-0.114,0.448
3897.1,100.572,-3.2916,-0.0839,0.3501,170.17,0.2,0.0037,-0.1055,0.449
3897.2,100.706,-3.2918,-0.0864,0.3585,170.77,0.04,0.0007,-0.1025,0.449
3897.3,100.831,-3.2919,-0.0879,0.3606,169.37,0.18,0.0003,-0.0918,0.448
3897.4,100.953,-3.2927,-0.0899,0.3532,168.63,0.15,0.0,-0.1234,0.449
3897.5,101.067,-3.2923,-0.0918,0.3509,168.08,0.18,0.0001,-0.1172,0.45
3897.6,101.184,-3.2926,-0.0932,0.3511,167.39,0.11,0.0001,-0.1061,0.449
3897.7,101.307,-3.2927,-0.0937,0.3528,166.67,0.2,0.0,-0.1122,0.448
3897.8,101.422,-3.2947,-0.0934,0.3445,166.23,0.12,0.0,-0.1091,0.448
3897.9,101.545,-3.2951,-0.0923,0.3453,165.81,0.15,0.0004,-0.1075,0.449
3898.0,101.68,-3.2965,-0.0909,0.3423,165.12,0.19,0.0022,-0.1121,0.449
3898.1,101.799,-3.2961,-0.0912,0.346,164.4,0.08,0.0003,-0.117,0.449
3898.2,101.916,-3.2968,-0.0926,0.347,164.07,0.06,0.0002,-0.1118,0.449
3898.3,102.033,-3.2968,-0.0951,0.3472,163.47,0.07,0.0,-0.1116,0.449
3898.4,102.158,-3.2971,-0.0977,0.3457,162.68,0.22,0.0,-0.116,0.45
3898.5,102.281,-3.2981,-0.1,0.3459,162.07,0.1,0.0004,-0.1262,0.449
3898.6,102.399,-3.298,-0.1016,0.3466,161.56,0.16,0.0032,-0.1196,0.45
3898.7,102.512,-3.2974,-0.103,0.3467,160.86,0.14,0.0013,-0.1264,0.448
3898.8,102.62,-3.2972,-0.1023,0.3491,160.08,0.09,0.0036,-0.1397,0.449
3898.9,102.748,-3.2979,-0.1001,0.347,159.55,0.06,0.003,-0.1437,0.449
3899.0,102.871,-3.298,-0.0975,0.348,159.08,0.2,0.0026,-0.1303,0.448
3899.1,102.985,-3.2991,-0.0946,0.3465,158.15,0.2,0.0032,-0.1315,0.45
3899.2,103.11,-3.298,-0.0936,0.3499,157.15,0.21,0.0012,-0.1484,0.448
3899.3,103.23,-3.2976,-0.0927,0.3415,156.75,0.26,0.0002,-0.1421,0.45
3899.4,103.357,-3.2973,-0.0914,0.3432,156.81,0.38,0.0,-0.1414,0.448
3899.5,103.478,-3.2983,-0.0908,0.3414,155.76,0.33,0.0025,-0.1157,0.449
3899.6,103.598,-3.298,-0.0927,0.3454,154.41,0.3,0.0015,-0.1557,0.448
3899.7,103.718,-3.2991,-0.0946,0.3422,153.83,0.14,0.0007,-0.1735,0.449
3899.8,103.834,-3.2999,-0.0968,0.3452,153.63,0.04,0.0,-0.1355,0.449
3899.9,103.957,-3.3012,-0.0988,0.3481,151.99,0.17,0.0014,-0.1301,0.449
3900.0,104.076,-3.3033,-0.1,0.3473,151.46,0.13,0.0034,-0.1655,0.448
3900.1,104.205,-3.3036,-0.1006,0.347,151.54,0.16,0.0019,-0.1429,0.448
3900.2,104.321,-3.3035,-0.1002,0.346,150.79,0.04,0.0003,-0.1312,0.448
3900.3,104.437,-3.3024,-0.1002,0.3494,149.42,0.11,0.001,-0.1626,0.45
3900.4,104.56,-3.3017,-0.0995,0.348,148.76,0.07,0.0026,-0.1838,0.448
3900.5,104.683,-3.3008,-0.0991,0.3499,148.26,0.14,0.0032,-0.1602,0.448
3900.6,104.808,-3.3017,-0.0982,0.3475,147.15,0.16,0.0039,-0.171,0.449
3900.7,104.94,-3.3014,-0.0989,0.3502,146.05,0.14,0.0043,-0.1785,0.448
3900.8,105.063,-3.3025,-0.0992,0.3459,145.32,0.17,0.0043,-0.1832,0.449
3900.9,105.192,-3.3034,-0.0994,0.3474,144.71,0.1,0.0041,-0.1768,0.449
3901.0,105.305,-3.3046,-0.0994,0.35,143.31,0.19,0.0066,-0.1875,0.448
3901.1,105.422,-3.3057,-0.0995,0.3508,142.31,0.08,0.0057,-0.1916,0.449
3901.2,105.54,-3.3067,-0.0994,0.3505,141.68,0.18,0.0077,-0.1914,0.449
3901.3,105.662,-3.3075,-0.0993,0.3506,140.65,0.08,0.0066,-0.1764,0.448
3901.4,105.776,-3.3076,-0.0992,0.3527,139.52,0.17,0.007,-0.1868,0.448
3901.5,105.892,-3.3078,-0.0986,0.3503,138.73,0.07,0.0053,-0.1894,0.449
3901.6,106.013,-3.3078,-0.0982,0.3501,137.98,0.18,0.0074,-0.1834,0.449
3901.7,106.145,-3.3085,-0.0972,0.3489,136.95,0.18,0.0066,-0.1869,0.449
3901.8,106.269,-3.308,-0.0973,0.3516,135.79,0.19,0.0065,-0.197,0.448
3901.9,106.393,-3.3087,-0.0967,0.3491,134.99,0.14,0.0082,-0.1865,0.449
3902.0,106.528,-3.3099,-0.0964,0.3487,134.05,0.14,0.0079,-0.1849,0.449
3902.1,106.645,-3.3116,-0.0966,0.3445,132.98,0.2,0.0084,-0.1868,0.448
3902.2,106.767,-3.314,-0.0988,0.3445,132.0,0.17,0.0087,-0.1948,0.449
3902.3,106.885,-3.3162,-0.1011,0.3436,131.28,0.21,0.0091,-0.1864,0.449
3902.4,106.996,-3.318,-0.1042,0.344,130.3,0.27,0.0086,-0.1868,0.448
3902.5,107.115,-3.3197,-0.1048,0.3461,129.06,0.23,0.01,-0.192,0.448
3902.6,107.227,-3.3215,-0.1024,0.3455,128.18,0.07,0.0132,-0.1945,0.448
3902.7,107.339,-3.3218,-0.0992,0.3459,127.36,0.17,0.0186,-0.1841,0.449
3902.8,107.455,-3.322,-0.0947,0.3474,126.37,0.12,0.0188,-0.1794,0.448
3902.9,107.579,-3.3215,-0.0909,0.3514,125.18,0.18,0.0205,-0.1911,0.449
3903.0,107.698,-3.3213,-0.0882,0.3484,124.31,0.15,0.0176,-0.1914,0.448
3903.1,107.822,-3.321,-0.0855,0.349,123.46,0.36,0.0158,-0.187,0.449
3903.2,107.95,-3.3219,-0.0822,0.3469,122.33,0.34,0.0156,-0.1852,0.448
3903.3,108.073,-3.3228,-0.0835,0.3502,121.19,0.23,0.012,-0.1876,0.448
3903.4,108.197,-3.325,-0.0849,0.3487,120.4,0.09,0.0115,-0.1804,0.448
3903.5,108.309,-3.3275,-0.0879,0.3505,119.64,0.09,0.0093,-0.1727,0.448
3903.6,108.421,-3.3301,-0.089,0.3517,118.45,0.2,0.0072,-0.1605,0.449
3903.7,108.54,-3.3323,-0.0887,0.3535,117.56,0.2,0.009,-0.1761,0.448
3903.8,108.656,-3.3345,-0.0872,0.3498,116.79,0.19,0.0121,-0.1792,0.448
3903.9,108.868,-3.335,-0.086,0.3309,115.71,0.21,0.0163,-0.1745,0.449
3904.0,108.981,-3.3375,-0.0943,0.3311,114.02,0.68,0.0124,-0.1887,0.448
3904.1,109.106,-3.3428,-0.1041,0.3391,113.51,0.94,0.0107,-0.1995,0.449
3904.2,109.22,-3.3497,-0.1183,0.3403,112.84,1.58,0.0069,-0.157,0.449
3904.3,109.356,-3.3553,-0.1276,0.3326,111.98,1.07,0.007,-0.1646,0.448
3904.4,109.484,-3.3598,-0.1292,0.3347,111.23,0.98,0.0196,-0.1741,0.448
3904.5,109.62,-3.3619,-0.1323,0.3389,110.54,1.07,0.0242,-0.1714,0.449
3904.6,109.769,-3.3625,-0.1338,0.3388,109.48,0.6,0.0247,-0.176,0.448
3904.7,109.887,-3.3605,-0.1308,0.3444,108.37,0.28,0.0292,-0.178,0.449
3904.8,110.009,-3.3577,-0.125,0.3479,107.82,0.17,0.0383,-0.1698,0.448
3904.9,110.131,-3.355,-0.1176,0.3504,106.91,0.21,0.042,-0.1638,0.449
3905.0,110.245,-3.3528,-0.109,0.3519,105.82,0.33,0.051,-0.1663,0.449
3905.102,110.362,-3.3518,-0.1042,0.354,104.98,0.24,0.0544,-0.1704,0.448
3905.2,110.482,-3.3527,-0.0992,0.3539,104.41,0.36,0.0552,-0.1613,0.448
3905.3,110.599,-3.3544,-0.0935,0.355,103.7,0.31,0.0509,-0.1556,0.448
3905.4,110.727,-3.3568,-0.0884,0.3572,102.6,0.35,0.0561,-0.1575,0.448
3905.5,110.862,-3.3608,-0.0836,0.3497,101.86,0.17,0.0552,-0.1571,0.448
3905.6,111.035,-3.364,-0.0797,0.346,100.99,0.06,0.0517,-0.1523,0.448
3905.7,111.283,-3.3679,-0.0755,0.3355,100.21,0.27,0.0513,-0.1617,0.448
3905.8,111.465,-3.3709,-0.073,0.3354,99.55,0.25,0.0462,-0.1333,0.448
3905.9,111.662,-3.3727,-0.0701,0.3426,97.89,0.56,0.0508,-0.1423,0.448
3906.0,111.964,-3.3733,-0.065,0.3607,95.6,0.12,0.023,-0.188,0.448
3906.1,112.319,-3.3736,-0.0625,0.367,100.9,2.06,0.056,-0.0127,0.45
3906.2,112.427,-3.3793,-0.0697,0.3686,117.97,3.24,0.031,0.0,0.448
3906.3,112.531,-3.3759,-0.0931,0.3492,127.62,2.66,0.0053,0.08,0.451
3906.4,112.637,-3.3671,-0.1254,0.3296,130.34,1.93,0.0009,0.16,0.449
3906.5,112.75,-3.3715,-0.1609,0.3224,127.5,3.67,0.0,0.16,0.449
3906.6,112.872,-3.3804,-0.1783,0.3266,128.54,2.32,0.0,0.04,0.452
3906.7,112.983,-3.3916,-0.1754,0.336,125.23,1.52,0.025,-0.04,0.448
3906.8,113.097,-3.4048,-0.1645,0.3372,119.89,1.35,0.0534,-0.12,0.448
3906.9,113.208,-3.4084,-0.1448,0.3369,116.52,0.4,0.0811,-0.2,0.448
3907.0,113.387,-3.4059,-0.1228,0.3395,110.71,0.43,0.1238,-0.2,0.449
3907.1,113.519,-3.4027,-0.1048,0.3449,101.73,0.35,0.1166,-0.1991,0.449
3907.2,113.653,-3.3993,-0.0832,0.3404,97.33,1.0,0.1227,-0.1995,0.448
3907.3,113.959,-3.3961,-0.0604,0.3562,95.35,1.16,0.1454,-0.2,0.448
3907.4,114.275,-3.398,-0.0344,0.342,93.93,0.79,0.1499,-0.1991,0.449
3907.5,114.382,-3.4082,-0.0202,0.3482,91.4,1.69,0.1457,-0.1989,0.448
3907.6,114.497,-3.4224,-0.0148,0.3557,91.23,1.62,0.1235,-0.1884,0.448
3907.7,114.601,-3.4376,-0.0168,0.3552,90.79,1.99,0.0985,-0.1496,0.448
3907.8,114.712,-3.45,-0.0143,0.3456,89.94,1.28,0.0585,-0.1481,0.448
3907.9,114.826,-3.457,-0.0048,0.3469,88.7,0.99,0.0565,-0.1455,0.448
3908.0,114.937,-3.4603,0.0058,0.3465,88.41,0.91,0.0709,-0.1711,0.449
3908.1,115.05,-3.4613,0.0117,0.3488,87.73,0.73,0.0796,-0.1225,0.448
3908.2,115.166,-3.459,0.0204,0.3451,86.49,0.35,0.0854,-0.1426,0.448
3908.3,115.28,-3.454,0.0301,0.3483,85.81,0.05,0.0889,-0.144,0.449
3908.4,115.394,-3.4485,0.042,0.3464,85.31,0.28,0.0984,-0.1336,0.448
3908.5,115.509,-3.4426,0.0553,0.3487,84.61,0.42,0.1024,-0.1236,0.449
3908.6,115.631,-3.4371,0.0702,0.3461,83.74,0.53,0.1186,-0.1247,0.449
3908.7,115.786,-3.4349,0.0827,0.3354,83.2,0.13,0.1175,-0.1158,0.453
3908.8,115.898,-3.4296,0.0939,0.3257,82.72,1.04,0.1164,-0.1137,0.459
3908.9,116.008,-3.4209,0.1075,0.3318,81.99,1.16,0.1168,-0.1056,0.465
3909.0,116.122,-3.4132,0.1165,0.3412,81.15,1.31,0.1161,-0.1054,0.465
3909.1,116.314,-3.4056,0.1259,0.3303,80.81,0.8,0.1074,-0.0868,0.478
3909.2,116.452,-3.3975,0.1305,0.3285,80.38,1.15,0.1017,-0.0824,0.501
3909.3,116.563,-3.3918,0.1284,0.3313,79.81,1.31,0.0732,-0.0752,0.501
3909.4,116.688,-3.3844,0.1257,0.3302,79.49,1.16,0.0539,-0.0635,0.51
3909.5,116.838,-3.3804,0.1291,0.3328,79.38,1.02,0.0567,-0.0523,0.518
3909.6,117.233,-3.3787,0.1377,0.3394,79.23,0.8,0.0941,-0.0064,0.528
3909.7,117.338,-3.3766,0.1491,0.3545,79.69,0.78,0.1005,-0.0155,0.535
3909.8,117.442,-3.3727,0.1598,0.3615,78.86,0.77,0.105,0.0645,0.536
3909.9,117.549,-3.3705,0.1693,0.3614,78.95,0.55,0.1071,0.0254,0.543
3910.0,117.658,-3.3709,0.1832,0.3573,79.14,0.37,0.1066,0.0273,0.545
3910.1,117.766,-3.3722,0.1993,0.3602,79.48,0.32,0.1216,0.0054,0.544
3910.2,117.873,-3.3721,0.2165,0.3615,79.25,0.45,0.1335,-0.0089,0.542
3910.3,117.984,-3.3744,0.2339,0.3618,79.19,0.61,0.1359,-0.0099,0.544
3910.4,118.094,-3.3768,0.2511,0.3603,79.27,0.6,0.1419,-0.0144,0.542
3910.5,118.197,-3.3786,0.2637,0.3606,79.28,0.6,0.1376,-0.0168,0.54
3910.6,118.303,-3.3757,0.2781,0.3596,79.1,0.45,0.1349,-0.0173,0.538
3910.7,118.409,-3.3708,0.2936,0.3601,78.92,0.29,0.137,-0.0247,0.543
3910.8,118.516,-3.3654,0.3113,0.3561,78.9,0.31,0.1406,-0.0229,0.548
3910.9,118.626,-3.3593,0.3268,0.3569,78.89,0.37,0.142,-0.0111,0.553
3911.0,118.732,-3.3522,0.3453,0.3521,78.66,0.38,0.1418,-0.0099,0.553
3911.1,118.862,-3.3482,0.3595,0.3538,78.42,0.26,0.1362,-0.0087,0.567
3911.2,118.97,-3.3458,0.374,0.3503,78.55,0.21,0.1354,-0.0013,0.572
3911.3,119.079,-3.3437,0.3861,0.3523,78.72,0.17,0.1278,0.008,0.574
3911.4,119.188,-3.3409,0.4004,0.3495,78.64,0.21,0.1294,0.0088,0.576
3911.5,119.299,-3.3391,0.4121,0.3518,78.53,0.19,0.1246,0.0073,0.576
3911.6,119.409,-3.3377,0.4259,0.3493,78.64,0.17,0.121,0.0103,0.579
3911.7,119.517,-3.3374,0.4381,0.3517,78.83,0.32,0.1217,0.014,0.582
3911.8,119.628,-3.3363,0.4525,0.3483,78.77,0.23,0.1202,0.0149,0.582
3911.9,119.734,-3.3349,0.4662,0.3505,78.68,0.44,0.1243,0.0105,0.584
3912.0,119.843,-3.3333,0.4826,0.3488,78.85,0.52,0.1243,0.0089,0.586
3912.1,119.952,-3.3319,0.4956,0.3513,79.05,0.48,0.1302,0.013,0.587
3912.2,120.059,-3.3296,0.5096,0.3492,79.02,0.35,0.1252,0.0162,0.587
3912.3,120.168,-3.326,0.5233,0.3505,78.95,0.32,0.1256,0.0122,0.59
3912.4,120.285,-3.3223,0.5386,0.3481,79.1,0.21,0.128,0.0147,0.593
3912.5,120.388,-3.3188,0.5518,0.3497,79.35,0.23,0.1259,0.0217,0.593
3912.6,120.779,-3.315,0.5675,0.3497,79.46,0.18,0.1303,0.0303,0.597
3912.7,120.889,-3.3075,0.5828,0.3523,79.64,0.58,0.129,0.0359,0.6
3912.8,120.994,-3.2984,0.6002,0.3484,79.61,0.56,0.1366,0.0353,0.593
3912.9,121.103,-3.2947,0.6106,0.3514,79.67,0.41,0.1237,0.037,0.585
3913.0,121.213,-3.2938,0.6213,0.3481,79.98,0.2,0.1114,0.0444,0.582
3913.1,121.321,-3.2951,0.6308,0.3507,80.36,0.08,0.1003,0.0504,0.583
3913.2,121.431,-3.2972,0.6417,0.3476,80.49,0.09,0.0925,0.053,0.586
3913.3,121.543,-3.2997,0.6512,0.3497,80.48,0.43,0.0914,0.0499,0.588
3913.4,121.653,-3.3017,0.6634,0.3471,80.8,0.5,0.0873,0.0429,0.59
3913.5,121.765,-3.3036,0.6712,0.3501,81.34,0.6,0.0858,0.0525,0.59
3913.6,122.024,-3.3052,0.6756,0.3716,75.55,1.36,0.0775,0.0463,0.594
3913.7,122.281,-3.3012,0.6815,0.393,68.9,0.68,0.025,-0.0737,0.598
3913.8,122.563,-3.2952,0.6873,0.3771,68.83,0.86,0.0411,-0.104,0.554
3913.9,122.725,-3.2826,0.6875,0.3674,71.09,1.17,0.0362,-0.0129,0.526
3914.0,122.832,-3.2755,0.681,0.3544,76.19,0.95,0.0459,0.0271,0.526
3914.1,122.946,-3.2746,0.6671,0.3476,79.22,0.62,0.0181,0.1471,0.55
3914.2,123.048,-3.2796,0.6582,0.3437,80.98,0.23,0.0049,0.2,0.55
3914.3,123.179,-3.2906,0.6514,0.3416,82.52,0.95,0.0091,0.1934,0.576
3914.4,123.282,-3.3016,0.6477,0.3307,83.1,0.95,0.017,0.1569,0.594
3914.5,123.386,-3.3097,0.651,0.3337,83.93,0.89,0.0352,0.1169,0.594
3914.6,123.49,-3.3155,0.6556,0.3382,85.01,1.14,0.0544,0.097,0.581
3914.7,123.596,-3.3225,0.6577,0.3447,85.82,1.31,0.0573,0.0854,0.569
3914.8,123.701,-3.3278,0.6646,0.3406,85.84,0.96,0.062,0.0556,0.558
3914.9,123.805,-3.3312,0.6765,0.3452,86.01,1.08,0.0714,0.0327,0.553
3915.0,123.91,-3.3335,0.691,0.3473,86.42,0.91,0.0895,0.0149,0.549
3915.1,124.017,-3.3329,0.7001,0.3524,86.61,0.63,0.0945,0.0069,0.544
3915.2,124.126,-3.3299,0.7108,0.3498,86.64,0.26,0.0927,-0.0102,0.543
3915.3,124.237,-3.3264,0.7206,0.3526,86.29,0.3,0.0975,-0.0102,0.546
3915.4,124.346,-3.3237,0.7307,0.3508,86.3,0.17,0.0965,-0.0243,0.551
3915.5,124.453,-3.3207,0.7389,0.3531,86.43,0.33,0.0958,-0.021,0.553
3915.6,124.561,-3.3176,0.7497,0.3527,86.28,0.28,0.0938,-0.0219,0.555
3915.7,124.669,-3.3154,0.7587,0.3549,85.96,0.34,0.094,-0.0305,0.559
3915.8,124.779,-3.3147,0.7675,0.3533,85.93,0.19,0.0944,-0.0295,0.563
3915.9,124.889,-3.3154,0.7767,0.3539,85.98,0.22,0.0948,-0.0291,0.564
3916.0,124.997,-3.3165,0.7873,0.3541,85.83,0.18,0.0927,-0.0319,0.564
3916.1,125.103,-3.3169,0.7989,0.3555,85.46,0.37,0.0977,-0.0428,0.64
3916.2,125.214,-3.3183,0.8115,0.354,85.3,0.33,0.0977,-0.0478,0.639
3916.3,125.322,-3.3195,0.8227,0.353,85.21,0.41,0.1043,-0.0491,0.641
3916.4,125.428,-3.3197,0.8323,0.3549,85.06,0.37,0.1,-0.0477,0.643
3916.5,125.537,-3.3173,0.8438,0.3562,84.55,0.29,0.0973,-0.0329,0.643
3916.6,125.649,-3.3147,0.8557,0.3561,84.35,0.16,0.0982,-0.048,0.64
3916.7,125.757,-3.3125,0.8682,0.3535,84.29,0.28,0.0992,-0.0475,0.64
3916.8,125.866,-3.3096,0.8803,0.3537,84.09,0.26,0.1011,-0.0468,0.64
3916.901,125.974,-3.3064,0.8929,0.3526,83.67,0.31,0.1058,-0.052,0.64
3917.0,126.081,-3.3055,0.9027,0.3538,83.36,0.17,0.1015,-0.0532,0.637
3917.1,126.192,-3.306,0.9135,0.3509,83.26,0.2,0.1012,-0.0471,0.637
3917.2,126.305,-3.3071,0.9226,0.3523,83.08,0.26,0.0935,-0.0374,0.64
3917.3,126.416,-3.3068,0.9334,0.3509,82.38,0.26,0.0946,-0.0387,0.659
3917.4,126.524,-3.3063,0.944,0.3529,82.44,0.26,0.0919,-0.055,0.666
3917.5,126.638,-3.3057,0.9558,0.3497,82.49,0.27,0.0929,-0.0452,0.722
3917.6,126.751,-3.3047,0.965,0.3517,82.4,0.24,0.0938,-0.0529,0.764
3917.7,126.868,-3.3025,0.9757,0.3493,81.78,0.17,0.0904,-0.0582,0.768
3917.8,126.981,-3.3007,0.9848,0.3517,81.45,0.13,0.084,-0.0593,0.775
3917.9,127.091,-3.2994,0.9943,0.3508,81.37,0.17,0.0841,-0.0537,0.798
3918.0,127.204,-3.2982,1.0021,0.3526,81.09,0.13,0.0774,-0.0442,0.825
3918.1,127.315,-3.2964,1.0107,0.3495,80.77,0.18,0.0774,-0.041,0.839
3918.2,127.428,-3.2953,1.0175,0.3518,80.36,0.14,0.0732,-0.0448,0.847
3918.3,127.54,-3.2947,1.0253,0.3499,80.26,0.16,0.0702,-0.0496,0.857
3918.4,127.654,-3.2944,1.0313,0.3518,80.38,0.18,0.0688,-0.039,0.877
3918.5,127.765,-3.2932,1.0385,0.35,80.14,0.15,0.0668,-0.0433,0.903
3918.6,127.879,-3.2919,1.0446,0.3522,79.6,0.12,0.0637,-0.0465,0.899
3918.7,127.988,-3.2907,1.0521,0.3498,79.51,0.12,0.0654,-0.051,0.893
3918.8,128.101,-3.29,1.0584,0.3516,79.49,0.13,0.0613,-0.0372,0.886
3918.9,128.212,-3.2887,1.0662,0.349,79.05,0.15,0.0621,-0.0423,0.88
3919.0,128.328,-3.2877,1.0727,0.3512,78.69,0.15,0.0621,-0.0419,0.873
3919.1,128.441,-3.2868,1.0802,0.3478,78.48,0.18,0.0611,-0.0403,0.867
3919.2,128.56,-3.2858,1.086,0.3498,78.44,0.11,0.0646,-0.0431,0.86
3919.3,128.671,-3.2838,1.0929,0.3479,78.03,0.16,0.0641,-0.0442,0.854
3919.4,128.79,-3.2818,1.0988,0.3498,77.76,0.1,0.0605,-0.0458,0.848
3919.5,128.898,-3.2798,1.1064,0.3457,77.79,0.16,0.0648,-0.0435,0.842
3919.6,129.007,-3.2777,1.1136,0.3483,77.68,0.14,0.0623,-0.0336,0.835
3919.7,129.118,-3.2754,1.1219,0.3494,77.19,0.19,0.0649,-0.0356,0.828
3919.8,129.229,-3.274,1.1285,0.3524,76.92,0.14,0.0635,-0.0467,0.821
3919.9,129.341,-3.2731,1.1366,0.3486,76.86,0.17,0.0607,-0.048,0.814
3920.0,129.453,-3.2723,1.1429,0.3511,76.75,0.13,0.0614,-0.0512,0.807
3920.1,129.568,-3.271,1.1501,0.3514,76.26,0.17,0.0604,-0.0604,0.801
3920.2,129.681,-3.2702,1.1559,0.3538,75.86,0.17,0.0566,-0.0639,0.795
3920.3,129.797,-3.2696,1.163,0.3518,75.75,0.19,0.0592,-0.0616,0.789
3920.4,129.911,-3.2692,1.1682,0.3533,75.57,0.19,0.0558,-0.0571,0.783
3920.5,130.028,-3.2679,1.1741,0.3529,75.05,0.2,0.0531,-0.0547,0.778
3920.6,130.14,-3.2664,1.1794,0.3539,74.72,0.13,0.0514,-0.068,0.774
3920.7,130.251,-3.265,1.1856,0.3523,74.55,0.19,0.0504,-0.0714,0.768
3920.8,130.365,-3.2639,1.1906,0.3529,74.24,0.13,0.0481,-0.0694,0.763
3920.9,130.477,-3.2619,1.1963,0.3519,73.72,0.18,0.0502,-0.0774,0.758
3921.0,130.589,-3.2603,1.2011,0.3527,73.25,0.09,0.0474,-0.0836,0.754
3921.101,130.699,-3.2589,1.2068,0.3497,73.05,0.17,0.0518,-0.0877,0.749
3921.2,130.806,-3.2575,1.2113,0.3509,72.71,0.1,0.0463,-0.064,0.745
3921.3,130.921,-3.2553,1.2168,0.3499,71.92,0.19,0.0477,-0.0667,0.74
3921.4,131.036,-3.2533,1.2213,0.3515,71.63,0.1,0.0476,-0.0775,0.737
3921.5,131.153,-3.2516,1.2269,0.3487,71.51,0.19,0.0472,-0.0747,0.732
3921.6,131.274,-3.2499,1.2317,0.3492,71.22,0.08,0.0447,-0.0737,0.728
3921.7,131.385,-3.2483,1.2366,0.3474,70.64,0.22,0.0487,-0.0802,0.723
3921.8,131.505,-3.2476,1.2409,0.3484,70.21,0.08,0.0437,-0.089,0.72
3921.9,131.615,-3.2469,1.2452,0.3475,69.93,0.13,0.0444,-0.0892,0.716
3922.0,131.729,-3.2466,1.2489,0.348,69.49,0.07,0.0384,-0.0924,0.713
3922.1,131.839,-3.2454,1.2528,0.3477,68.84,0.19,0.0377,-0.094,0.709
3922.2,131.956,-3.244,1.2568,0.3484,68.36,0.1,0.0379,-0.1031,0.707
3922.3,132.069,-3.2424,1.2606,0.3471,68.03,0.15,0.0378,-0.101,0.704
3922.4,132.184,-3.2407,1.2636,0.3487,67.51,0.07,0.0367,-0.1018,0.701
3922.5,132.296,-3.2383,1.2667,0.3504,66.74,0.14,0.0395,-0.1105,0.699
3922.6,132.407,-3.2354,1.2693,0.3513,66.24,0.11,0.0372,-0.1137,0.698
3922.7,132.526,-3.2328,1.2733,0.3507,65.94,0.25,0.0392,-0.1117,0.696
3922.8,132.636,-3.2302,1.278,0.3512,65.37,0.17,0.0406,-0.0996,0.693
3922.9,132.755,-3.2281,1.2824,0.3524,64.64,0.25,0.0453,-0.1056,0.689
3923.0,132.867,-3.227,1.2863,0.3528,64.09,0.09,0.0453,-0.1064,0.687
3923.1,132.979,-3.2263,1.2907,0.3527,63.73,0.14,0.0456,-0.0993,0.684
3923.2,133.098,-3.226,1.2954,0.3515,63.17,0.07,0.0431,-0.0975,0.681
3923.3,133.208,-3.225,1.3003,0.3516,62.44,0.31,0.0466,-0.0955,0.677
3923.4,133.318,-3.224,1.3057,0.3506,61.95,0.22,0.0445,-0.0945,0.675
3923.5,133.427,-3.2231,1.3096,0.35,61.66,0.25,0.049,-0.0946,0.67
3923.6,133.54,-3.2224,1.3126,0.3487,61.32,0.15,0.0458,-0.0949,0.667
3923.7,133.652,-3.2202,1.316,0.3475,60.59,0.26,0.0415,-0.0929,0.665
3923.8,133.761,-3.2166,1.3201,0.3478,60.09,0.07,0.0412,-0.1024,0.664
3923.9,133.878,-3.2127,1.3237,0.3476,59.79,0.19,0.0434,-0.1007,0.661
3924.0,133.995,-3.2081,1.3271,0.3463,59.21,0.23,0.0442,-0.1033,0.658
3924.1,134.106,-3.2046,1.3298,0.346,58.5,0.2,0.0485,-0.105,0.656
3924.2,134.223,-3.2021,1.3326,0.3455,58.08,0.09,0.0461,-0.1077,0.656
3924.3,134.334,-3.2001,1.3358,0.3457,57.79,0.13,0.0468,-0.0902,0.654
3924.4,134.445,-3.1978,1.3403,0.3458,57.22,0.1,0.0436,-0.0883,0.652
3924.5,134.557,-3.1955,1.3446,0.3479,56.54,0.19,0.0446,-0.0897,0.649
3924.6,134.675,-3.1933,1.3493,0.348,56.19,0.06,0.0483,-0.0965,0.647
3924.7,134.79,-3.1915,1.3536,0.3488,55.93,0.15,0.0502,-0.0914,0.642
3924.8,134.902,-3.1895,1.3584,0.3486,55.41,0.11,0.0472,-0.0944,0.64
3924.9,135.009,-3.1867,1.3629,0.3506,54.73,0.25,0.0512,-0.0974,0.636
3925.0,135.12,-3.1833,1.3682,0.3505,54.28,0.16,0.05,-0.0998,0.634
3925.1,135.234,-3.1801,1.3726,0.3508,53.97,0.2,0.0532,-0.0955,0.63
3925.2,135.344,-3.1765,1.3768,0.3489,53.39,0.1,0.0501,-0.0914,0.627
3925.3,135.451,-3.1732,1.3807,0.349,52.76,0.29,0.0502,-0.096,0.624
3925.4,135.56,-3.1701,1.3848,0.3507,52.26,0.17,0.0488,-0.101,0.623
3925.5,135.673,-3.1675,1.3882,0.3514,51.98,0.19,0.0468,-0.0985,0.62
3925.6,135.786,-3.1651,1.3912,0.3507,51.41,0.05,0.043,-0.0994,0.618
3925.7,135.897,-3.1619,1.3942,0.3503,50.74,0.21,0.0451,-0.1032,0.617
3925.8,136.008,-3.1586,1.3972,0.3501,50.24,0.09,0.0457,-0.1097,0.616
3925.9,136.123,-3.1552,1.4,0.3492,49.87,0.19,0.0472,-0.1074,0.615
3926.0,136.232,-3.1517,1.4033,0.3493,49.3,0.08,0.046,-0.1015,0.613
3926.1,136.343,-3.1476,1.4069,0.3496,48.54,0.2,0.0484,-0.103,0.612
3926.2,136.454,-3.1439,1.4103,0.3507,47.99,0.09,0.0498,-0.1094,0.611
3926.3,136.566,-3.1402,1.4147,0.3502,47.64,0.16,0.0519,-0.1015,0.609
3926.4,136.676,-3.1368,1.4192,0.3509,47.16,0.09,0.052,-0.1006,0.606
3926.5,136.788,-3.1327,1.4242,0.3514,46.43,0.24,0.0555,-0.1046,0.603
3926.6,136.901,-3.1291,1.4292,0.3525,45.87,0.14,0.0537,-0.1101,0.602
3926.7,137.014,-3.1257,1.434,0.352,45.58,0.22,0.0558,-0.1066,0.598
3926.8,137.126,-3.1229,1.4378,0.3521,45.02,0.17,0.0519,-0.1011,0.595
3926.9,137.237,-3.1187,1.4417,0.3518,44.29,0.26,0.0518,-0.1036,0.593
3927.0,137.35,-3.1142,1.4455,0.3528,43.69,0.18,0.051,-0.1099,0.593
3927.1,137.464,-3.1095,1.4494,0.352,43.33,0.19,0.0545,-0.1068,0.591
3927.2,137.574,-3.1053,1.4522,0.3513,42.79,0.06,0.054,-0.107,0.589
3927.3,137.69,-3.1001,1.4552,0.3487,42.08,0.2,0.0571,-0.1081,0.588
3927.4,137.808,-3.0955,1.4582,0.3491,41.5,0.03,0.0556,-0.1109,0.588
3927.5,137.914,-3.0905,1.4619,0.3465,41.17,0.2,0.0577,-0.1015,0.586
3927.6,138.024,-3.0851,1.4653,0.3483,40.71,0.12,0.0561,-0.0981,0.584
3927.7,138.133,-3.0792,1.4689,0.3502,39.94,0.21,0.0586,-0.0998,0.583
3927.8,138.239,-3.0743,1.4723,0.352,39.42,0.1,0.0588,-0.1028,0.583
3927.9,138.349,-3.0691,1.4772,0.3493,39.06,0.18,0.0568,-0.1054,0.581
3928.0,138.463,-3.0642,1.4818,0.3511,38.73,0.07,0.0558,-0.1002,0.577
3928.1,138.574,-3.0588,1.4868,0.3499,37.97,0.23,0.0611,-0.105,0.574
3928.2,138.688,-3.0552,1.4919,0.3519,37.35,0.22,0.0597,-0.1075,0.573
3928.3,138.799,-3.0514,1.4973,0.3502,37.06,0.28,0.0615,-0.1056,0.57
3928.4,138.91,-3.0494,1.5011,0.3513,36.59,0.34,0.0556,-0.1014,0.567
3928.5,139.022,-3.0451,1.505,0.3486,35.89,0.28,0.0527,-0.1072,0.565
3928.6,139.132,-3.04,1.5087,0.3508,35.29,0.27,0.0535,-0.1109,0.565
3928.7,139.248,-3.0336,1.5124,0.3472,34.97,0.23,0.0573,-0.1129,0.563
3928.8,139.357,-3.0283,1.5135,0.3495,34.49,0.15,0.0597,-0.1081,0.561
3928.9,139.469,-3.0214,1.5141,0.3508,33.71,0.2,0.0604,-0.115,0.562
3929.0,139.581,-3.0155,1.5136,0.3533,33.05,0.37,0.0565,-0.1161,0.565
3929.1,139.693,-3.008,1.5157,0.3479,32.69,0.4,0.0609,-0.1084,0.567
3929.2,139.8,-2.9996,1.519,0.35,32.24,0.46,0.0613,-0.1066,0.567
3929.3,139.912,-2.9913,1.5234,0.3519,31.48,0.43,0.0675,-0.1,0.565
3929.4,140.026,-2.9868,1.5282,0.3547,30.88,0.26,0.0692,-0.1059,0.565
3929.5,140.137,-2.9817,1.5352,0.3498,30.52,0.17,0.0682,-0.1036,0.562
3929.6,140.251,-2.9783,1.5418,0.3512,30.09,0.33,0.0683,-0.1023,0.557
3929.7,140.364,-2.9728,1.549,0.3483,29.37,0.36,0.0711,-0.109,0.553
3929.8,140.479,-2.9666,1.5566,0.3507,28.7,0.58,0.0717,-0.1111,0.55
3929.9,140.596,-2.9589,1.5635,0.3473,28.46,0.52,0.0802,-0.1106,0.545
3930.0,140.711,-2.9536,1.5662,0.3494,27.99,0.36,0.0731,-0.1081,0.541
3930.1,140.831,-2.9459,1.5675,0.3497,27.12,0.16,0.0705,-0.1105,0.54
3930.2,140.946,-2.9378,1.5677,0.3515,26.53,0.04,0.0691,-0.1164,0.543
3930.3,141.06,-2.9287,1.569,0.3485,26.13,0.31,0.0723,-0.1098,0.545
3930.4,141.175,-2.9189,1.5698,0.35,25.58,0.39,0.074,-0.106,0.546
3930.5,141.291,-2.9103,1.5711,0.3511,24.79,0.4,0.0807,-0.109,0.547
3930.6,141.409,-2.9043,1.573,0.3517,24.22,0.24,0.0747,-0.1061,0.55
3930.7,141.525,-2.8976,1.577,0.3496,23.88,0.24,0.076,-0.1009,0.55
3930.8,141.637,-2.89,1.5826,0.3496,23.38,0.26,0.0732,-0.0918,0.548
3930.9,141.748,-2.8826,1.5886,0.3501,22.68,0.35,0.0738,-0.0927,0.545
3931.0,141.859,-2.875,1.596,0.3504,22.23,0.31,0.0738,-0.0982,0.545
3931.1,142.078,-2.8695,1.601,0.3528,22.05,0.41,0.0711,-0.0873,0.543
3931.2,142.213,-2.8634,1.6044,0.3556,21.24,0.44,0.0703,-0.0998,0.535
3931.3,142.325,-2.8557,1.6092,0.3564,20.76,0.48,0.067,-0.1,0.536
3931.4,142.433,-2.8503,1.6125,0.3569,20.45,0.47,0.0705,-0.097,0.533
3931.5,142.545,-2.8459,1.6147,0.3546,19.9,0.33,0.0654,-0.0951,0.532
3931.6,142.659,-2.8394,1.6156,0.3538,19.25,0.33,0.0614,-0.0983,0.532
3931.7,142.77,-2.8314,1.6161,0.3522,18.75,0.16,0.0632,-0.0999,0.535
3931.8,142.88,-2.8237,1.616,0.3514,18.43,0.3,0.0636,-0.0931,0.536
3931.9,142.995,-2.8151,1.6154,0.3504,17.86,0.3,0.0625,-0.0897,0.538
3932.0,143.102,-2.8081,1.6144,0.3513,17.17,0.39,0.0653,-0.0925,0.541
3932.1,143.219,-2.8027,1.6137,0.3498,16.79,0.31,0.0639,-0.0902,0.546
3932.2,143.329,-2.7964,1.6152,0.3481,16.54,0.33,0.0654,-0.0843,0.548
3932.3,143.444,-2.7885,1.6186,0.3477,16.1,0.25,0.0653,-0.0769,0.547
3932.4,143.562,-2.7812,1.6224,0.3487,15.48,0.3,0.0703,-0.0752,0.547
3932.5,143.725,-2.7733,1.6278,0.3386,15.19,0.29,0.0712,-0.0767,0.546
3932.6,143.9,-2.7672,1.6313,0.3344,14.77,0.16,0.0685,-0.078,0.546
3932.7,144.024,-2.7613,1.6353,0.3318,14.2,0.54,0.0678,-0.0801,0.543
3932.8,144.237,-2.7548,1.64,0.3311,13.99,0.59,0.0677,-0.0843,0.542
3932.9,144.348,-2.7519,1.6374,0.3477,16.09,0.2,0.0649,-0.0834,0.538
3933.0,144.461,-2.748,1.6302,0.3537,13.97,0.66,0.0137,-0.0434,0.53
3933.1,144.577,-2.7472,1.6217,0.3485,13.12,0.53,0.0187,-0.1234,0.548
3933.2,144.685,-2.7454,1.6162,0.3432,12.54,0.89,0.0284,-0.1452,0.56
3933.3,144.794,-2.7406,1.6138,0.3462,11.78,0.73,0.0382,-0.1052,0.568
3933.4,144.906,-2.7386,1.6124,0.3497,10.85,0.66,0.0476,-0.0932,0.574
3933.5,145.013,-2.7375,1.6112,0.3489,10.43,0.41,0.0439,-0.0742,0.581
3933.6,145.127,-2.7332,1.6144,0.3476,10.19,0.15,0.0489,-0.0558,0.584
3933.7,145.238,-2.7265,1.6209,0.349,9.79,0.19,0.053,-0.039,0.582
3933.8,145.353,-2.7176,1.6275,0.3506,9.43,0.61,0.064,-0.0385,0.578
3933.9,145.468,-2.7056,1.635,0.3506,9.28,0.49,0.0842,-0.0293,0.575
3934.0,145.577,-2.6959,1.6398,0.3508,9.18,0.56,0.0883,-0.0335,0.568
3934.1,145.688,-2.689,1.6412,0.3524,9.28,0.41,0.0839,-0.0127,0.564
3934.2,145.797,-2.6805,1.64,0.3536,8.83,0.23,0.0822,-0.0289,0.563
3934.3,145.91,-2.6712,1.638,0.3535,8.66,0.11,0.0784,-0.0421,0.567
3934.4,146.02,-2.6612,1.6365,0.352,8.68,0.35,0.0844,-0.0341,0.569
3934.5,146.127,-2.6506,1.6345,0.3528,8.59,0.42,0.083,-0.0286,0.569
3934.6,146.244,-2.6407,1.6335,0.3533,8.19,0.45,0.0881,-0.0236,0.572
3934.701,146.361,-2.633,1.6337,0.3526,8.07,0.27,0.0835,-0.0214,0.575
3934.8,146.472,-2.6243,1.6355,0.3491,8.11,0.37,0.082,-0.007,0.574
3934.9,146.583,-2.6143,1.6382,0.3486,8.07,0.21,0.0839,-0.0021,0.573
3935.0,146.693,-2.6041,1.6418,0.3464,7.85,0.31,0.0917,-0.005,0.57
3935.1,146.806,-2.5931,1.647,0.3475,7.78,0.39,0.0925,-0.0075,0.569
3935.2,146.923,-2.5821,1.651,0.346,8.03,0.41,0.1021,-0.002,0.564
3935.3,147.034,-2.5729,1.6528,0.3476,7.96,0.23,0.0967,-0.0023,0.564
3935.4,147.219,-2.5641,1.6536,0.3532,7.33,0.43,0.0902,-0.0106,0.559
3935.5,147.692,-2.559,1.6542,0.379,1.8,0.6,0.0789,-0.0878,0.558
3935.6,147.818,-2.553,1.6527,0.3799,-1.04,0.13,0.0289,-0.0078,0.6
3935.7,147.928,-2.5491,1.6488,0.3808,2.36,0.07,0.0127,-0.0073,0.592
3935.8,148.036,-2.5467,1.6452,0.3741,5.63,0.07,0.0242,0.0727,0.589
3935.9,148.143,-2.5488,1.6433,0.3722,6.43,0.23,0.0331,0.1527,0.578
3936.0,148.244,-2.55,1.6453,0.3695,7.68,0.34,0.0298,0.2,0.578
3936.1,148.562,-2.5575,1.649,0.3827,1.06,1.84,0.0267,0.1149,0.566
3936.2,148.668,-2.5691,1.6485,0.37,-17.66,4.93,0.0069,0.0349,0.566
3936.3,148.777,-2.5949,1.6618,0.3411,-30.32,7.34,0.0003,-0.0451,0.476
3936.4,148.882,-2.6313,1.6776,0.3101,-34.75,5.69,0.0,-0.1251,0.448
3936.502,148.993,-2.6633,1.6735,0.3033,-32.97,4.2,0.0,-0.1251,0.448
3936.6,149.098,-2.6883,1.6548,0.3147,-28.78,3.68,0.0,-0.0451,0.448
3936.7,149.206,-2.6933,1.626,0.3283,-18.53,3.99,0.0085,0.0349,0.455
3936.8,149.309,-2.6866,1.5881,0.3282,-7.78,4.19,0.0335,0.1149,0.455
3936.9,149.533,-2.682,1.5628,0.3121,2.3,3.0,0.068,0.2,0.484
3937.0,149.717,-2.6707,1.5314,0.3102,8.28,6.78,0.0694,0.199,0.505
3937.1,149.9,-2.6657,1.5011,0.3258,8.54,8.97,0.0803,0.2,0.536
3937.2,150.087,-2.6626,1.4791,0.3495,7.94,5.99,0.0266,0.08,0.52
3937.3,150.192,-2.6457,1.4643,0.3701,12.9,4.74,0.0516,0.08,0.491
3937.4,150.291,-2.632,1.4573,0.3748,12.77,2.44,0.0771,0.1575,0.498
3937.5,150.396,-2.6253,1.4577,0.3766,13.17,1.35,0.0884,0.1588,0.481
3937.6,150.5,-2.6163,1.4643,0.3754,13.7,0.65,0.0909,0.1525,0.482
3937.702,150.607,-2.6071,1.4741,0.3776,15.04,0.26,0.0973,0.1513,0.492
3937.8,150.711,-2.5954,1.4831,0.377,15.64,0.62,0.1062,0.1882,0.509
3937.9,150.814,-2.5821,1.4964,0.3737,16.39,1.02,0.1131,0.1595,0.509
3938.0,150.953,-2.5689,1.5068,0.3733,17.35,0.92,0.1304,0.1478,0.536
3938.1,151.056,-2.5603,1.5119,0.3748,18.54,0.74,0.1238,0.1219,0.536
3938.2,151.18,-2.5494,1.5143,0.3726,18.94,0.53,0.1202,0.1004,0.567
3938.3,151.285,-2.5374,1.5175,0.3715,19.17,0.62,0.1161,0.0929,0.572
3938.4,151.393,-2.5245,1.5226,0.3694,19.9,0.5,0.1191,0.0924,0.577
3938.5,151.498,-2.5129,1.526,0.3676,20.49,0.33,0.1175,0.0909,0.588
3938.6,151.605,-2.4988,1.5293,0.3614,20.9,0.34,0.1206,0.0831,0.596
3938.7,151.712,-2.4865,1.5334,0.36,21.3,0.35,0.1206,0.0744,0.603
3938.8,151.818,-2.4727,1.5387,0.3566,21.83,0.31,0.1227,0.0707,0.607
3938.9,151.926,-2.4609,1.5424,0.3571,22.34,0.27,0.1251,0.072,0.601
3939.0,152.036,-2.4468,1.5464,0.3511,22.5,0.2,0.122,0.0689,0.601
3939.1,152.155,-2.4352,1.551,0.3519,22.7,0.28,0.1238,0.0577,0.594
3939.2,152.264,-2.4218,1.5572,0.3475,23.24,0.21,0.1232,0.0559,0.59
3939.3,152.373,-2.41,1.5621,0.3503,23.72,0.19,0.1214,0.0551,0.584
3939.4,152.479,-2.3959,1.5673,0.3465,23.85,0.17,0.1237,0.0498,0.58
3939.5,152.588,-2.3844,1.5729,0.3491,23.96,0.3,0.1215,0.0449,0.578
3939.6,152.693,-2.3715,1.5804,0.3464,24.24,0.29,0.1245,0.0375,0.575
3939.7,152.805,-2.3608,1.5864,0.3498,24.86,0.25,0.1258,0.04,0.57
3939.8,152.911,-2.3484,1.5924,0.3468,24.86,0.08,0.1223,0.0359,0.565
3939.9,153.023,-2.3363,1.5984,0.3486,24.83,0.38,0.123,0.0314,0.564
3940.0,153.127,-2.3222,1.6061,0.3467,25.23,0.31,0.1202,0.0214,0.563
3940.1,153.236,-2.3102,1.6114,0.3488,25.52,0.27,0.1283,0.0283,0.559
3940.2,153.346,-2.297,1.6154,0.3475,25.35,0.13,0.1227,0.025,0.558
3940.3,153.458,-2.2848,1.6192,0.3482,25.09,0.28,0.1216,0.0134,0.561
3940.4,153.57,-2.2723,1.6246,0.3488,25.18,0.13,0.1142,0.0103,0.561
3940.5,153.692,-2.2612,1.6297,0.3508,25.95,0.23,0.1152,0.0293,0.565
3940.6,153.806,-2.2499,1.6343,0.3547,26.32,0.14,0.1124,0.0385,0.562
3940.7,153.915,-2.2392,1.6378,0.3573,25.67,0.25,0.1133,0.0296,0.562
3940.8,154.026,-2.2276,1.6422,0.3565,25.96,0.1,0.1058,0.0105,0.57
3940.9,154.135,-2.2164,1.6486,0.3572,26.26,0.22,0.1076,0.0467,0.57
3941.0,154.244,-2.2044,1.6562,0.3562,26.62,0.18,0.1055,0.0382,0.568
3941.1,154.355,-2.1937,1.6639,0.3559,26.61,0.48,0.1092,0.0521,0.581
3941.2,154.466,-2.1831,1.6726,0.3551,26.96,0.43,0.1073,0.037,0.599
3941.3,154.577,-2.1749,1.6786,0.3552,27.23,0.46,0.1031,0.032,0.599
3941.4,154.688,-2.1678,1.6829,0.3531,27.24,0.2,0.0932,0.0331,0.619
3941.5,154.8,-2.1595,1.6861,0.3513,27.15,0.3,0.091,0.0283,0.623
3941.6,154.908,-2.1503,1.689,0.3521,27.5,0.17,0.0843,0.0244,0.637
3941.7,155.017,-2.1419,1.6923,0.3529,27.94,0.21,0.088,0.0542,0.637
3941.8,155.126,-2.134,1.6956,0.3529,28.04,0.12,0.0826,0.0496,0.652
3941.9,155.237,-2.1247,1.6989,0.3516,28.05,0.19,0.0815,0.037,0.666
3942.0,155.339,-2.116,1.7019,0.3528,28.11,0.17,0.0783,0.0249,0.682
3942.1,155.448,-2.1075,1.7059,0.3531,28.51,0.16,0.0764,0.026,0.695
3942.2,155.557,-2.1004,1.7099,0.3543,28.81,0.14,0.0766,0.0385,0.695
3942.3,155.671,-2.092,1.7143,0.352,28.77,0.24,0.0756,0.0339,0.708
3942.4,155.783,-2.085,1.7186,0.3533,28.89,0.21,0.0723,0.0297,0.722
3942.5,155.893,-2.0785,1.7224,0.3532,29.23,0.2,0.0727,0.0351,0.732
3942.6,156.0,-2.0742,1.7254,0.3543,29.43,0.28,0.0677,0.037,0.734
3942.7,156.108,-2.068,1.7289,0.3502,29.37,0.21,0.0653,0.0356,0.74
3942.8,156.218,-2.0624,1.7319,0.3512,29.66,0.25,0.0627,0.0351,0.734
3942.9,156.33,-2.0559,1.735,0.3509,30.04,0.21,0.0663,0.0428,0.729
3943.0,156.437,-2.0516,1.7375,0.3528,30.35,0.3,0.0656,0.0484,0.724
3943.1,156.554,-2.0454,1.7408,0.3499,30.34,0.18,0.0617,0.0486,0.724
3943.2,156.669,-2.0391,1.7434,0.3513,30.45,0.15,0.0611,0.0401,0.715
3943.3,156.786,-2.0314,1.7467,0.3482,30.83,0.14,0.0642,0.0457,0.709
3943.4,156.902,-2.0252,1.7491,0.3505,31.18,0.09,0.061,0.0517,0.703
3943.5,157.015,-2.0179,1.7523,0.3473,31.27,0.15,0.0614,0.0534,0.697
3943.6,157.128,-2.0128,1.7552,0.3494,31.41,0.12,0.0584,0.054,0.691
3943.7,157.238,-2.0075,1.7588,0.3482,31.78,0.14,0.0557,0.059,0.686
3943.8,157.345,-2.0045,1.7618,0.3507,32.24,0.3,0.0544,0.0582,0.683
3943.9,157.456,-2.0,1.7657,0.3479,32.33,0.23,0.0507,0.0546,0.68
3944.0,157.572,-1.9955,1.7692,0.3498,32.48,0.32,0.0498,0.0566,0.68
3944.1,157.681,-1.9895,1.7729,0.3488,32.99,0.26,0.0549,0.0615,0.672
3944.2,157.79,-1.9858,1.7748,0.3513,33.4,0.3,0.0518,0.0684,0.668
3944.3,157.902,-1.9806,1.7772,0.3496,33.53,0.16,0.0506,0.0665,0.666
3944.4,158.012,-1.9759,1.7788,0.3515,33.76,0.14,0.0503,0.0605,0.661
3944.5,158.126,-1.9701,1.7812,0.3507,34.25,0.11,0.0509,0.0634,0.657
3944.6,158.239,-1.966,1.7833,0.3529,34.71,0.19,0.052,0.0718,0.653
3944.7,158.353,-1.9605,1.7868,0.3488,34.93,0.16,0.049,0.0792,0.65
3944.8,158.464,-1.9566,1.7901,0.3502,35.23,0.29,0.0492,0.0727,0.646
3944.9,158.572,-1.9518,1.794,0.3489,35.75,0.24,0.0517,0.072,0.642
3945.0,158.688,-1.9494,1.7966,0.3515,36.22,0.34,0.0489,0.0782,0.64
3945.1,158.795,-1.9456,1.8005,0.3443,36.45,0.27,0.0482,0.0747,0.64
3945.2,158.906,-1.9421,1.805,0.3463,36.66,0.55,0.0468,0.0722,0.636
3945.3,159.025,-1.937,1.8098,0.3456,37.18,0.46,0.0488,0.0754,0.633
3945.4,159.141,-1.9346,1.8111,0.3489,37.71,0.46,0.0509,0.0831,0.63
3945.5,159.252,-1.9303,1.8126,0.3458,37.88,0.23,0.0468,0.0831,0.629
3945.6,159.364,-1.9252,1.8135,0.3481,38.23,0.12,0.0475,0.0804,0.625
3945.7,159.479,-1.9186,1.8152,0.3483,38.85,0.11,0.0483,0.0862,0.621
3945.8,159.589,-1.9131,1.8167,0.3516,39.37,0.15,0.0461,0.0912,0.617
3945.9,159.7,-1.9066,1.8196,0.3491,39.67,0.19,0.0476,0.0947,0.613
3946.0,159.808,-1.9031,1.8218,0.3512,40.03,0.16,0.045,0.0962,0.608
3946.1,159.927,-1.8997,1.8247,0.3504,40.67,0.11,0.0415,0.1006,0.606
3946.2,160.036,-1.8983,1.8271,0.3529,41.33,0.24,0.0399,0.1074,0.605
3946.3,160.148,-1.8956,1.8304,0.3524,41.72,0.21,0.0382,0.1087,0.606
3946.4,160.257,-1.8933,1.8334,0.3536,42.14,0.31,0.0406,0.1018,0.604
3946.5,160.37,-1.8899,1.8374,0.3517,42.78,0.27,0.0444,0.1031,0.604
3946.6,160.483,-1.8884,1.8402,0.3537,43.43,0.37,0.0431,0.107,0.603
3946.7,160.592,-1.8855,1.8444,0.3499,43.77,0.28,0.0437,0.1042,0.603
3946.8,160.738,-1.882,1.8487,0.3507,44.22,0.37,0.046,0.0983,0.601
3946.9,160.85,-1.8775,1.8529,0.3436,44.89,0.29,0.0484,0.099,0.599
3947.0,160.961,-1.8727,1.8547,0.3463,45.49,0.13,0.0483,0.0996,0.598
3947.1,161.077,-1.8665,1.8569,0.3467,45.72,0.19,0.0498,0.0923,0.595
3947.2,161.186,-1.8613,1.858,0.3491,46.21,0.24,0.046,0.0916,0.59
3947.3,161.295,-1.8561,1.8617,0.3485,46.87,0.19,0.0486,0.1,0.587
3947.4,161.404,-1.8515,1.8665,0.3516,47.4,0.1,0.0489,0.1066,0.585
3947.5,161.514,-1.8468,1.8729,0.3484,47.72,0.22,0.0514,0.1052,0.585
3947.6,161.634,-1.8458,1.8792,0.3503,48.23,0.46,0.0497,0.0988,0.579
3947.7,161.743,-1.845,1.8852,0.3485,48.92,0.41,0.0483,0.1016,0.58
3947.8,161.849,-1.8462,1.8877,0.351,49.58,0.52,0.0474,0.1073,0.582
3947.9,161.957,-1.8451,1.8907,0.3494,49.89,0.44,0.0415,0.1078,0.585
3948.0,162.067,-1.842,1.894,0.351,50.42,0.39,0.0432,0.0998,0.585
3948.1,162.182,-1.837,1.8981,0.3496,51.13,0.31,0.0521,0.1086,0.584
3948.2,162.294,-1.833,1.9003,0.3522,51.74,0.27,0.0518,0.1108,0.582
3948.3,162.404,-1.8275,1.9041,0.3489,52.07,0.13,0.0523,0.1037,0.58
3948.4,162.516,-1.8232,1.9071,0.3508,52.48,0.13,0.0525,0.1003,0.577
3948.501,162.623,-1.8184,1.9117,0.3488,53.18,0.12,0.0527,0.104,0.574
3948.6,162.731,-1.8149,1.9155,0.3518,53.82,0.17,0.0537,0.1051,0.573
3948.7,162.837,-1.8106,1.9214,0.3466,54.2,0.14,0.0555,0.1136,0.572
3948.8,162.949,-1.8088,1.9268,0.3485,54.62,0.43,0.0549,0.1137,0.569
3948.9,163.061,-1.8068,1.9334,0.3454,55.37,0.43,0.0574,0.1244,0.57
3949.0,163.173,-1.8062,1.9365,0.3484,56.13,0.44,0.0522,0.1241,0.571
3949.1,163.281,-1.8044,1.9408,0.345,56.59,0.3,0.0509,0.1221,0.573
3949.2,163.391,-1.8014,1.9454,0.3472,56.99,0.43,0.0518,0.1145,0.573
3949.3,163.5,-1.7966,1.9516,0.3459,57.73,0.35,0.0576,0.1167,0.572
3949.4,163.611,-1.7926,1.9553,0.3496,58.5,0.3,0.0595,0.1197,0.571
3949.5,163.721,-1.7873,1.9601,0.3476,58.95,0.1,0.0598,0.1215,0.57
3949.6,163.833,-1.7828,1.9643,0.3495,59.42,0.19,0.0629,0.1172,0.567
3949.7,163.944,-1.7783,1.9698,0.3483,60.18,0.14,0.0608,0.1168,0.565
3949.8,164.049,-1.7751,1.9748,0.3511,60.97,0.21,0.0645,0.1193,0.565
3949.9,164.153,-1.7715,1.9815,0.351,61.38,0.11,0.0638,0.1206,0.565
3950.0,164.281,-1.7682,1.988,0.3525,61.9,0.3,0.0638,0.1174,0.563
3950.1,164.391,-1.7655,1.9955,0.3509,62.55,0.25,0.0659,0.1171,0.562
3950.201,164.51,-1.7641,2.0011,0.3533,63.48,0.3,0.0667,0.1203,0.563
3950.3,164.623,-1.7621,2.0076,0.3501,63.89,0.25,0.0653,0.1238,0.566
3950.4,164.734,-1.76,2.0142,0.3507,64.37,0.49,0.0644,0.1073,0.565
3950.5,164.845,-1.7574,2.0216,0.3508,65.02,0.41,0.0664,0.1082,0.566
3950.6,164.953,-1.7557,2.0263,0.3534,65.77,0.39,0.0712,0.1128,0.567
3950.7,165.061,-1.7533,2.0319,0.3505,66.25,0.3,0.0647,0.1119,0.568
3950.8,165.174,-1.7499,2.0382,0.351,66.64,0.45,0.0653,0.1076,0.568
3950.9,165.282,-1.746,2.046,0.3491,67.33,0.33,0.0666,0.111,0.567
3951.002,165.395,-1.7426,2.0516,0.351,68.06,0.3,0.0702,0.1121,0.566
3951.1,165.505,-1.7383,2.0579,0.3483,68.56,0.17,0.0678,0.1149,0.567
3951.2,165.612,-1.7348,2.0639,0.3476,68.93,0.27,0.0716,0.1113,0.565
3951.3,165.722,-1.732,2.0705,0.3487,69.5,0.18,0.0685,0.1075,0.564
3951.4,165.831,-1.7304,2.0767,0.3512,70.3,0.25,0.0716,0.1055,0.564
3951.5,165.942,-1.7292,2.0835,0.3503,70.74,0.2,0.0705,0.1075,0.567
3951.6,166.05,-1.7274,2.0913,0.3494,71.11,0.44,0.0711,0.1072,0.567
3951.7,166.16,-1.726,2.1001,0.3494,71.76,0.37,0.0714,0.1026,0.567
3951.8,166.27,-1.7245,2.1071,0.3502,72.42,0.35,0.0739,0.1052,0.569
3951.9,166.383,-1.7226,2.1127,0.3514,72.88,0.27,0.0705,0.1041,0.571
3952.0,166.493,-1.7189,2.1197,0.3514,73.19,0.25,0.0733,0.0974,0.571
3952.1,166.603,-1.7152,2.1271,0.3519,73.72,0.2,0.0747,0.0957,0.57
3952.2,166.713,-1.712,2.135,0.3522,74.36,0.26,0.0772,0.0968,0.569
3952.3,166.818,-1.7088,2.1427,0.3539,74.98,0.21,0.0769,0.0964,0.569
3952.4,166.927,-1.7052,2.1519,0.3535,75.26,0.23,0.0826,0.0994,0.569
3952.5,167.036,-1.703,2.1604,0.3542,75.74,0.2,0.0859,0.099,0.568
3952.6,167.141,-1.7019,2.1703,0.3531,76.35,0.24,0.0876,0.1042,0.568
3952.7,167.248,-1.7016,2.179,0.3552,76.94,0.3,0.0903,0.1056,0.571
3952.8,167.353,-1.7001,2.1903,0.3513,77.31,0.32,0.0878,0.1029,0.571
3952.9,167.466,-1.7,2.2011,0.3527,77.75,0.54,0.0899,0.0947,0.573
3953.0,167.576,-1.6998,2.2126,0.35,78.4,0.45,0.0935,0.0932,0.573
3953.1,167.686,-1.6991,2.2194,0.3528,79.0,0.44,0.088,0.0899,0.579
3953.2,167.793,-1.6971,2.2278,0.3473,79.3,0.22,0.0861,0.0817,0.581
3953.3,167.903,-1.695,2.236,0.3491,79.6,0.32,0.0835,0.0756,0.581
3953.4,168.011,-1.6925,2.2462,0.3466,80.15,0.29,0.0865,0.075,0.58
3953.5,168.121,-1.69,2.2538,0.3501,80.72,0.26,0.0878,0.0789,0.581
3953.6,168.228,-1.687,2.2638,0.3462,80.94,0.14,0.0854,0.0812,0.582
3953.7,168.336,-1.6847,2.2727,0.3484,81.18,0.25,0.0913,0.0764,0.58
3953.8,168.439,-1.6831,2.2834,0.3475,81.73,0.22,0.0908,0.0757,0.58
3953.9,168.545,-1.6825,2.2924,0.3507,82.35,0.26,0.0949,0.0775,0.581
3954.0,168.656,-1.6819,2.303,0.3488,82.57,0.24,0.0937,0.0778,0.584
3954.1,168.767,-1.6811,2.3138,0.3498,82.78,0.45,0.096,0.0629,0.584
3954.2,168.875,-1.6813,2.3261,0.3495,83.23,0.41,0.1001,0.0628,0.584
3954.3,168.985,-1.6814,2.336,0.3514,83.72,0.4,0.1024,0.0638,0.587
3954.4,169.092,-1.6811,2.3454,0.3507,84.02,0.27,0.0989,0.0665,0.59
3954.5,169.199,-1.6794,2.356,0.3503,84.22,0.36,0.1015,0.0646,0.591
3954.6,169.307,-1.678,2.3676,0.3514,84.52,0.31,0.0995,0.063,0.59
3954.7,169.419,-1.6771,2.3783,0.3528,85.09,0.32,0.105,0.0662,0.591
3954.8,169.531,-1.6759,2.3885,0.3531,85.42,0.19,0.1016,0.0673,0.591
3954.9,169.65,-1.6738,2.3999,0.352,85.54,0.28,0.105,0.0613,0.594
3955.0,169.757,-1.6726,2.4108,0.3549,85.77,0.23,0.1028,0.055,0.593
3955.1,169.865,-1.6732,2.4211,0.3564,86.33,0.29,0.1034,0.057,0.593
3955.2,169.981,-1.6738,2.4307,0.3553,86.61,0.2,0.1001,0.0574,0.597
3955.3,170.088,-1.6733,2.4418,0.3518,86.76,0.38,0.1051,0.0522,0.599
3955.4,170.198,-1.6734,2.4534,0.3528,86.96,0.4,0.1028,0.0494,0.599
3955.5,170.305,-1.6735,2.4648,0.3537,87.47,0.37,0.1077,0.048,0.599
3955.6,170.423,-1.6733,2.4748,0.353,87.7,0.25,0.1058,0.0505,0.597
3955.7,170.532,-1.6726,2.4864,0.3467,87.83,0.4,0.1058,0.0476,0.596
3955.8,170.643,-1.6736,2.4981,0.3486,87.99,0.51,0.1046,0.0459,0.596
3955.9,170.75,-1.6749,2.5086,0.3502,88.45,0.5,0.1071,0.04,0.594
3956.0,170.859,-1.6761,2.5162,0.3525,88.7,0.61,0.0992,0.0374,0.59
3956.1,170.971,-1.6754,2.5264,0.3478,88.73,0.35,0.1018,0.0305,0.588
3956.2,171.079,-1.6742,2.5377,0.35,88.81,0.27,0.1013,0.0274,0.588
3956.3,171.183,-1.673,2.5504,0.3507,89.18,0.27,0.1077,0.0294,0.588
3956.4,171.318,-1.6717,2.5621,0.3528,89.37,0.19,0.1073,0.0299,0.587
3956.5,171.43,-1.6711,2.5752,0.3425,89.39,0.38,0.1095,0.0323,0.587
3956.6,171.545,-1.6747,2.5863,0.3454,89.42,0.66,0.1101,0.0273,0.587
3956.7,171.667,-1.6783,2.5943,0.3484,89.9,0.75,0.1057,0.0328,0.585
3956.8,171.774,-1.6815,2.5989,0.3516,90.11,0.8,0.0932,0.026,0.579
3956.9,171.884,-1.68,2.6076,0.3527,89.98,0.41,0.0922,0.0152,0.575
3957.0,171.996,-1.6759,2.6191,0.3537,90.09,0.09,0.094,0.0108,0.577
3957.1,172.104,-1.6726,2.6327,0.3523,90.32,0.3,0.1044,0.0123,0.579
3957.2,172.213,-1.6694,2.648,0.3544,90.47,0.36,0.1088,0.0153,0.58
3957.3,172.321,-1.6671,2.6642,0.3553,90.3,0.43,0.1212,0.0143,0.582
3957.4,172.432,-1.6673,2.6772,0.3567,90.34,0.25,0.1216,0.0111,0.585
3957.5,172.54,-1.6698,2.6909,0.3538,90.56,0.21,0.1214,0.0156,0.585
3957.6,172.658,-1.6726,2.7028,0.3551,90.7,0.27,0.1144,0.0205,0.581
3957.7,172.768,-1.6746,2.7162,0.3516,90.66,0.4,0.1163,0.0158,0.578
3957.8,172.876,-1.6778,2.7291,0.3528,90.67,0.56,0.1143,0.0094,0.577
3957.9,172.991,-1.6808,2.7424,0.3518,90.94,0.58,0.1189,0.009,0.574
3958.0,173.1,-1.683,2.7514,0.3536,91.08,0.61,0.1128,0.0067,0.57
3958.1,173.208,-1.6823,2.7631,0.3526,90.92,0.36,0.1094,0.0036,0.567
3958.2,173.317,-1.6799,2.7756,0.3544,90.84,0.13,0.109,-0.0002,0.569
3958.3,173.422,-1.6778,2.7904,0.3507,91.04,0.22,0.1117,0.0003,0.571
3958.4,173.533,-1.6756,2.8043,0.3526,91.1,0.27,0.1176,0.0044,0.571
3958.5,173.64,-1.6736,2.8209,0.3496,90.94,0.34,0.1203,0.0036,0.573
3958.6,173.752,-1.6734,2.8336,0.3521,90.87,0.26,0.1287,-0.0038,0.575
3958.7,173.859,-1.6752,2.8476,0.3486,91.0,0.13,0.1266,0.0026,0.576
3958.8,173.965,-1.6777,2.8595,0.3512,91.17,0.31,0.1222,0.0074,0.573
3958.9,174.074,-1.6798,2.8736,0.3505,91.07,0.25,0.1231,0.0082,0.571
3959.0,174.179,-1.6807,2.8877,0.3532,90.93,0.4,0.1235,0.0058,0.57
3959.1,174.287,-1.6819,2.904,0.3523,91.15,0.35,0.1268,0.0034,0.57
3959.2,174.393,-1.6831,2.9176,0.3546,91.54,0.34,0.1282,0.014,0.567
3959.3,174.502,-1.6837,2.932,0.3538,91.16,0.23,0.1276,0.0074,0.564
3959.4,174.61,-1.6832,2.9464,0.3546,91.05,0.34,0.1304,0.0006,0.565
3959.5,174.719,-1.6832,2.9616,0.3536,91.12,0.22,0.1265,0.0043,0.566
3959.6,174.827,-1.6836,2.9752,0.3539,91.29,0.28,0.1313,0.0052,0.566
3959.7,174.939,-1.6835,2.989,0.3533,91.38,0.16,0.1259,0.0102,0.564
3959.8,175.054,-1.6827,3.003,0.353,91.22,0.28,0.1265,0.0093,0.564
3959.9,175.163,-1.6827,3.0168,0.3534,91.27,0.12,0.1235,0.0013,0.565
3960.0,175.268,-1.6842,3.0299,0.3542,91.5,0.23,0.1251,0.0014,0.565
3960.1,175.379,-1.6858,3.0429,0.3535,91.48,0.18,0.1231,0.0008,0.562
3960.2,175.492,-1.6864,3.0571,0.3515,91.33,0.33,0.1236,-0.0029,0.561
3960.3,175.598,-1.6875,3.0717,0.3523,91.29,0.33,0.1226,-0.0072,0.562
3960.4,175.707,-1.689,3.0857,0.3522,91.48,0.38,0.1273,-0.0068,0.561
3960.5,175.814,-1.6899,3.0978,0.3532,91.47,0.31,0.1226,-0.0077,0.558
3960.6,175.922,-1.6892,3.1121,0.3516,91.22,0.25,0.123,-0.0134,0.558
3960.7,176.032,-1.6885,3.1262,0.353,91.11,0.13,0.1241,-0.0173,0.56
3960.8,176.141,-1.6884,3.1418,0.3501,91.28,0.24,0.1269,-0.0138,0.561
3960.9,176.25,-1.6881,3.1562,0.3519,91.23,0.15,0.1275,-0.0072,0.559
3961.0,176.358,-1.6872,3.1726,0.3494,91.0,0.25,0.1252,-0.0066,0.56
3961.1,176.468,-1.6876,3.1862,0.3518,90.85,0.18,0.1256,-0.0172,0.562
3961.202,176.58,-1.6892,3.2005,0.3492,90.89,0.21,0.1294,-0.016,0.562
3961.3,176.688,-1.6907,3.212,0.3517,90.97,0.29,0.1222,-0.0097,0.561
3961.4,176.794,-1.6918,3.2258,0.3469,90.78,0.2,0.1252,-0.0145,0.56
3961.5,176.902,-1.6932,3.2386,0.3497,90.6,0.34,0.1229,-0.0203,0.559
3961.6,177.009,-1.6949,3.254,0.3475,90.65,0.36,0.1239,-0.0259,0.559
3961.7,177.119,-1.6961,3.2662,0.3509,90.72,0.38,0.1236,-0.0194,0.557
3961.8,177.225,-1.6964,3.2805,0.3492,90.43,0.2,0.1199,-0.0166,0.556
3961.9,177.331,-1.6957,3.2941,0.3523,90.18,0.28,0.1226,-0.0242,0.557
3962.0,177.439,-1.6952,3.3097,0.3489,90.17,0.19,0.1214,-0.0233,0.559
3962.1,177.552,-1.6943,3.323,0.3504,90.2,0.24,0.1291,-0.0108,0.559
3962.2,177.665,-1.6929,3.3388,0.3478,90.02,0.18,0.1264,-0.0086,0.56
3962.3,177.775,-1.6919,3.3522,0.3497,89.79,0.24,0.1224,-0.0117,0.562
3962.4,177.884,-1.6924,3.366,0.3494,89.87,0.08,0.1204,-0.0096,0.564
3962.5,177.991,-1.6938,3.3778,0.3514,89.94,0.24,0.117,-0.0045,0.563
3962.6,178.097,-1.6953,3.3902,0.3502,89.84,0.18,0.1134,-0.0044,0.562
3962.7,178.208,-1.6957,3.4023,0.3509,89.66,0.34,0.1148,-0.005,0.561
3962.8,178.32,-1.6961,3.4158,0.3506,89.69,0.28,0.1118,-0.0108,0.562
3962.9,178.43,-1.697,3.428,0.3512,89.85,0.34,0.1179,-0.007,0.561
3963.0,178.539,-1.6977,3.4402,0.3518,89.8,0.26,0.1132,-0.0038,0.56
3963.1,178.647,-1.697,3.4532,0.3525,89.56,0.25,0.114,-0.0084,0.56
3963.2,178.757,-1.6963,3.4671,0.3503,89.57,0.11,0.1123,-0.0112,0.559
3963.3,178.922,-1.6955,3.4796,0.3505,89.85,0.43,0.1193,-0.01,0.561
3963.4,179.035,-1.6926,3.4904,0.3634,90.73,0.45,0.1182,-0.0059,0.556
3963.5,179.142,-1.6881,3.5011,0.3667,89.69,0.6,0.1155,-0.0058,0.559
3963.6,179.248,-1.6848,3.5142,0.3596,89.49,0.36,0.1103,-0.0311,0.568
3963.7,179.354,-1.6843,3.5303,0.3589,89.47,0.52,0.1129,-0.0274,0.572
3963.8,179.461,-1.685,3.5504,0.3596,89.26,0.44,0.1317,-0.0115,0.572
3963.9,179.57,-1.6882,3.5662,0.3611,88.91,0.41,0.1317,-0.0115,0.573
3964.0,179.682,-1.6947,3.5823,0.3579,88.94,0.36,0.1316,-0.0094,0.572
3964.1,179.787,-1.7016,3.5945,0.3574,89.02,0.56,0.1281,-0.0077,0.566
3964.2,179.9,-1.7069,3.6041,0.3562,88.99,0.55,0.1146,-0.019,0.56
3964.3,180.005,-1.7074,3.6164,0.3558,88.75,0.56,0.1154,-0.0289,0.556
3964.4,180.109,-1.7056,3.6319,0.3554,88.65,0.36,0.1171,-0.0359,0.557
3964.5,180.215,-1.7033,3.6461,0.3553,88.7,0.31,0.1256,-0.0337,0.558
3964.6,180.325,-1.7002,3.6606,0.3546,88.5,0.16,0.1232,-0.031,0.56
3964.7,180.435,-1.6959,3.6758,0.3536,88.16,0.31,0.1264,-0.0295,0.564
3964.8,180.544,-1.6925,3.6892,0.3534,87.98,0.22,0.1234,-0.0228,0.57
3964.9,180.649,-1.6907,3.7032,0.3498,88.02,0.37,0.1202,-0.0168,0.574
3965.0,180.756,-1.689,3.7177,0.3513,88.0,0.35,0.1194,-0.0076,0.575
3965.1,180.867,-1.6877,3.7328,0.3508,87.77,0.37,0.1232,-0.003,0.577
3965.2,180.974,-1.6883,3.7447,0.353,87.67,0.19,0.1158,-0.0019,0.579
3965.3,181.083,-1.6904,3.7578,0.3492,87.83,0.16,0.1133,0.0046,0.579
3965.4,181.19,-1.6929,3.7687,0.3516,87.96,0.31,0.1054,0.0107,0.577
3965.5,181.295,-1.6947,3.7813,0.3497,87.82,0.28,0.1049,0.0083,0.574
3965.6,181.402,-1.6961,3.7932,0.3523,87.72,0.4,0.103,0.0029,0.574
3965.7,181.514,-1.6971,3.8072,0.3487,87.89,0.41,0.1061,0.0036,0.573
3965.8,181.621,-1.6969,3.8175,0.3515,88.06,0.35,0.1058,0.0066,0.571
3965.9,181.73,-1.6957,3.8291,0.351,88.01,0.14,0.0996,0.0059,0.57
3966.0,181.838,-1.6932,3.8393,0.3536,87.83,0.16,0.0995,0.0013,0.572
3966.1,181.947,-1.6906,3.8511,0.3525,87.94,0.14,0.0963,-0.0017,0.574
3966.2,182.055,-1.6893,3.8623,0.3543,88.11,0.26,0.0995,0.0074,0.576
3966.3,182.159,-1.6886,3.8757,0.3514,88.04,0.19,0.1026,0.0087,0.576
3966.4,182.267,-1.689,3.8864,0.3522,87.96,0.27,0.0996,0.0056,0.577
3966.5,182.376,-1.6905,3.8975,0.3514,88.08,0.21,0.0982,0.0024,0.578
3966.6,182.489,-1.6926,3.906,0.3525,88.26,0.35,0.0969,0.0024,0.576
3966.7,182.598,-1.6949,3.914,0.3513,88.14,0.29,0.0883,-0.0001,0.573
3966.8,182.705,-1.6955,3.9232,0.351,87.99,0.4,0.088,-0.0066,0.572
3966.9,182.819,-1.6948,3.9344,0.3519,88.02,0.3,0.0856,-0.0106,0.572
3967.0,182.934,-1.6942,3.9446,0.3535,88.19,0.3,0.0912,-0.0068,0.572
3967.1,183.044,-1.6931,3.9551,0.3522,88.12,0.07,0.0887,-0.0029,0.572
3967.2,183.15,-1.6914,3.9653,0.352,87.89,0.23,0.0895,-0.003,0.573
3967.3,183.255,-1.6902,3.9748,0.3532,87.86,0.16,0.0878,-0.0086,0.576
3967.4,183.362,-1.69,3.9836,0.3535,88.03,0.2,0.0839,-0.0047,0.577
3967.5,183.475,-1.69,3.9917,0.354,88.03,0.13,0.0792,-0.0025,0.576
3967.6,183.582,-1.6891,4.0004,0.3532,87.84,0.2,0.0802,-0.0066,0.577
3967.7,183.694,-1.688,4.0083,0.3543,87.75,0.17,0.0778,-0.0111,0.577
3967.8,183.812,-1.6879,4.0171,0.3541,87.89,0.19,0.08,-0.0061,0.58
3967.9,183.917,-1.6882,4.025,0.3571,88.04,0.17,0.0766,-0.0055,0.579
3968.0,184.025,-1.6866,4.0339,0.3581,87.73,0.18,0.0764,0.0084,0.578
3968.1,184.132,-1.6847,4.0418,0.3583,87.71,0.29,0.0758,-0.0108,0.581
3968.2,184.243,-1.6841,4.0519,0.3539,87.76,0.23,0.0765,-0.0088,0.583
3968.3,184.353,-1.6842,4.0617,0.3546,87.79,0.17,0.08,-0.013,0.583
3968.4,184.459,-1.684,4.0729,0.3537,87.59,0.22,0.0838,-0.021,0.583
3968.5,184.566,-1.6846,4.0822,0.355,87.4,0.24,0.0821,-0.0291,0.585
3968.6,184.677,-1.686,4.093,0.3525,87.45,0.27,0.0844,-0.0248,0.585
3968.7,184.787,-1.6875,4.1008,0.3541,87.45,0.37,0.0789,-0.0239,0.584
3968.8,184.895,-1.6881,4.11,0.352,87.17,0.27,0.077,-0.0259,0.583
3968.9,185.005,-1.6878,4.1184,0.3539,86.91,0.29,0.0721,-0.0325,0.584
3969.0,185.113,-1.6871,4.1286,0.3493,86.89,0.24,0.0741,-0.033,0.586
3969.1,185.222,-1.6856,4.1359,0.351,86.83,0.19,0.0733,-0.0317,0.586
3969.2,185.329,-1.6836,4.1447,0.3488,86.55,0.13,0.0711,-0.035,0.588
3969.3,185.435,-1.6818,4.1509,0.3512,86.19,0.2,0.0726,-0.0386,0.592
3969.4,185.543,-1.6801,4.1585,0.3485,86.1,0.11,0.0701,-0.0411,0.592
3969.503,185.654,-1.6798,4.1661,0.3503,86.09,0.19,0.0706,-0.0402,0.597
3969.6,185.758,-1.6799,4.1757,0.3496,85.81,0.09,0.0692,-0.0344,0.597
3969.7,185.862,-1.6802,4.184,0.3515,85.49,0.25,0.0713,-0.0388,0.6
3969.8,185.972,-1.6812,4.1928,0.3506,85.32,0.19,0.0709,-0.0435,0.601
3969.9,186.075,-1.6823,4.2004,0.3506,85.31,0.28,0.0697,-0.0392,0.601
3970.0,186.188,-1.6831,4.2069,0.35,85.04,0.19,0.0641,-0.038,0.6
3970.1,186.293,-1.6828,4.2137,0.3495,84.68,0.29,0.064,-0.0412,0.601
3970.2,186.406,-1.6824,4.2208,0.3495,84.49,0.21,0.0612,-0.046,0.603
3970.3,186.511,-1.682,4.2273,0.3487,84.45,0.26,0.0641,-0.0449,0.605
3970.4,186.618,-1.6812,4.233,0.3499,84.23,0.17,0.0597,-0.0444,0.606
3970.5,186.726,-1.6794,4.2395,0.3497,83.82,0.14,0.0591,-0.0493,0.608
3970.6,186.835,-1.6773,4.2454,0.3517,83.55,0.14,0.0574,-0.0551,0.612
3970.7,186.942,-1.6757,4.2528,0.3487,83.57,0.2,0.0568,-0.0505,0.615
3970.8,187.051,-1.6743,4.2598,0.3512,83.48,0.23,0.0586,-0.0533,0.616
3970.9,187.155,-1.6725,4.2678,0.3522,82.98,0.25,0.0572,-0.0549,0.617
3971.002,187.265,-1.6719,4.2733,0.3549,82.45,0.21,0.0569,-0.0749,0.623
3971.1,187.371,-1.6721,4.2803,0.3512,82.15,0.13,0.0595,-0.0757,0.626
3971.2,187.477,-1.6729,4.2856,0.3528,81.86,0.15,0.0561,-0.0678,0.627
3971.3,187.586,-1.6737,4.2924,0.3511,81.51,0.16,0.0549,-0.0651,0.629
3971.4,187.691,-1.6744,4.2982,0.3535,81.01,0.31,0.0531,-0.075,0.63
3971.5,187.8,-1.6747,4.3056,0.3511,80.8,0.27,0.0546,-0.0754,0.632
3971.6,187.906,-1.6748,4.3101,0.3523,80.54,0.28,0.0543,-0.074,0.633
3971.7,188.014,-1.6744,4.3152,0.3505,80.13,0.13,0.0482,-0.0761,0.635
3971.8,188.122,-1.6726,4.3199,0.3521,79.51,0.2,0.05,-0.0823,0.638
3971.9,188.233,-1.6701,4.3256,0.3506,79.19,0.05,0.0491,-0.0886,0.643
3972.0,188.339,-1.6682,4.331,0.3512,78.91,0.2,0.0513,-0.0858,0.647
3972.1,188.451,-1.6664,4.3372,0.3516,78.43,0.11,0.0504,-0.0795,0.65
3972.2,188.558,-1.6645,4.3424,0.3535,77.83,0.2,0.0519,-0.0793,0.655
3972.3,188.664,-1.663,4.3474,0.3536,77.43,0.11,0.0502,-0.0831,0.66
3972.4,188.774,-1.6625,4.353,0.3536,77.21,0.17,0.0506,-0.0802,0.664
3972.5,188.886,-1.6625,4.3586,0.3536,76.84,0.11,0.0497,-0.0784,0.666
3972.6,189.0,-1.6622,4.3645,0.3539,76.24,0.26,0.0509,-0.0837,0.669
3972.7,189.114,-1.6623,4.3705,0.3531,75.79,0.18,0.0481,-0.0846,0.673
3972.8,189.223,-1.6625,4.3758,0.3519,75.54,0.27,0.0511,-0.0837,0.676
3972.9,189.33,-1.6625,4.38,0.3515,75.16,0.21,0.0492,-0.0799,0.677
3973.0,189.436,-1.661,4.3848,0.3515,74.54,0.22,0.0493,-0.082,0.68
3973.1,189.543,-1.6586,4.3898,0.3525,74.07,0.1,0.0495,-0.0901,0.686
3973.2,189.649,-1.6559,4.3959,0.3511,73.83,0.2,0.0508,-0.0918,0.691
3973.3,189.76,-1.6532,4.4013,0.3521,73.39,0.13,0.0532,-0.089,0.695
3973.4,189.867,-1.6501,4.4075,0.3509,72.77,0.18,0.0552,-0.0909,0.702
3973.5,189.978,-1.6483,4.4121,0.3528,72.23,0.14,0.0519,-0.0925,0.709
3973.6,190.091,-1.6468,4.418,0.3486,71.94,0.17,0.0521,-0.0869,0.714
3973.7,190.201,-1.6456,4.4229,0.3503,71.57,0.09,0.048,-0.0831,0.717
3973.8,190.311,-1.6439,4.4289,0.3495,70.94,0.18,0.0498,-0.087,0.722
3973.9,190.416,-1.6431,4.4335,0.352,70.39,0.18,0.0489,-0.0939,0.729
3974.0,190.527,-1.6423,4.4392,0.3513,70.13,0.14,0.0492,-0.0944,0.729
3974.1,190.645,-1.6423,4.4433,0.3531,69.76,0.19,0.05,-0.0867,0.737
3974.2,190.755,-1.6413,4.4489,0.3492,69.16,0.2,0.0483,-0.0863,0.74
3974.3,190.865,-1.6407,4.4537,0.3514,68.6,0.3,0.0473,-0.0922,0.746
3974.4,190.979,-1.6393,4.4596,0.3495,68.35,0.24,0.0496,-0.0852,0.751
3974.5,191.086,-1.6381,4.4627,0.3514,68.02,0.24,0.0457,-0.0797,0.755
3974.6,191.19,-1.6355,4.4668,0.3513,67.47,0.08,0.0445,-0.0784,0.758
3974.7,191.298,-1.632,4.4699,0.3539,66.9,0.15,0.0446,-0.0844,0.764
3974.8,191.404,-1.6276,4.4745,0.3501,66.59,0.14,0.0447,-0.0828,0.772
3974.9,191.514,-1.6237,4.4792,0.3515,66.34,0.35,0.047,-0.0792,0.779
3975.0,191.624,-1.6193,4.486,0.3487,65.82,0.3,0.0481,-0.0784,0.785
3975.1,191.737,-1.6178,4.4904,0.351,65.26,0.25,0.055,-0.0808,0.794
3975.2,191.847,-1.6173,4.4956,0.3477,64.95,0.13,0.0499,-0.0853,0.801
3975.3,191.954,-1.6175,4.4994,0.3491,64.7,0.21,0.0507,-0.0831,0.796
3975.4,192.063,-1.6173,4.5041,0.3485,64.16,0.12,0.0454,-0.0797,0.795
3975.5,192.168,-1.6157,4.5086,0.3509,63.55,0.23,0.0453,-0.0854,0.79
3975.6,192.275,-1.6129,4.5141,0.3505,63.2,0.11,0.0477,-0.0851,0.785
3975.7,192.383,-1.6105,4.5191,0.3514,62.98,0.17,0.0503,-0.0799,0.777
3975.8,192.494,-1.6078,4.5242,0.3496,62.46,0.04,0.0487,-0.0796,0.773
3975.9,192.602,-1.6051,4.529,0.3495,61.85,0.27,0.0502,-0.0863,0.768
3976.0,192.71,-1.6032,4.5337,0.3513,61.38,0.22,0.0471,-0.0933,0.762
3976.1,192.817,-1.6015,4.5373,0.3522,61.19,0.21,0.0449,-0.0919,0.756
3976.2,192.926,-1.6002,4.5398,0.3524,60.72,0.15,0.0391,-0.0889,0.754
3976.3,193.033,-1.5977,4.5427,0.3521,60.07,0.17,0.0373,-0.0943,0.75
3976.4,193.14,-1.5951,4.5448,0.3532,59.57,0.11,0.0387,-0.1006,0.746
3976.5,193.245,-1.5924,4.5481,0.352,59.22,0.15,0.0392,-0.1018,0.745
3976.6,193.353,-1.5903,4.551,0.3527,58.77,0.09,0.0382,-0.0978,0.745
3976.7,193.479,-1.5875,4.5549,0.3514,58.12,0.2,0.0414,-0.1023,0.735
3976.8,193.589,-1.5858,4.5576,0.3549,57.39,0.21,0.0425,-0.1034,0.733
3976.9,193.694,-1.5847,4.5616,0.3561,57.18,0.16,0.0445,-0.0935,0.729
3977.0,193.802,-1.5849,4.5646,0.3564,56.74,0.29,0.0413,-0.0924,0.725
3977.1,193.91,-1.5835,4.569,0.352,56.14,0.24,0.0406,-0.0975,0.721
3977.2,194.018,-1.5815,4.5732,0.3532,55.54,0.31,0.0416,-0.1048,0.717
3977.3,194.126,-1.5782,4.5776,0.352,55.21,0.23,0.0449,-0.1066,0.713
3977.4,194.232,-1.5757,4.5798,0.3531,54.76,0.21,0.0465,-0.0991,0.709
3977.5,194.339,-1.5715,4.5831,0.3508,54.1,0.11,0.0434,-0.0986,0.707
3977.6,194.442,-1.5673,4.5852,0.3531,53.44,0.17,0.0474,-0.1052,0.701
3977.7,194.549,-1.5621,4.5885,0.3512,53.02,0.13,0.0486,-0.1097,0.697
3977.8,194.659,-1.5576,4.5923,0.3527,52.66,0.28,0.0503,-0.1007,0.693
3977.9,194.768,-1.5523,4.598,0.3497,52.05,0.2,0.054,-0.1033,0.687
3978.0,194.877,-1.5493,4.6028,0.3515,51.34,0.29,0.0545,-0.1079,0.682
3978.1,194.981,-1.5472,4.6083,0.3506,50.9,0.2,0.0522,-0.1091,0.676
3978.2,195.09,-1.5464,4.6123,0.3513,50.53,0.28,0.0493,-0.1049,0.671
3978.3,195.197,-1.5457,4.6162,0.3503,49.92,0.16,0.0442,-0.1065,0.671
3978.4,195.31,-1.5431,4.6201,0.3515,49.17,0.28,0.0454,-0.1124,0.664
3978.5,195.417,-1.539,4.6245,0.3511,48.63,0.18,0.0449,-0.1148,0.663
3978.6,195.526,-1.5351,4.6281,0.3511,48.28,0.2,0.0499,-0.1114,0.663
3978.7,195.639,-1.5309,4.6311,0.3489,47.65,0.1,0.0475,-0.1069,0.653
3978.8,195.745,-1.5265,4.6339,0.3478,46.92,0.22,0.0487,-0.1074,0.649
3978.9,195.854,-1.5225,4.6369,0.3492,46.31,0.09,0.0495,-0.1093,0.649
3979.0,195.963,-1.5186,4.6401,0.3494,45.99,0.15,0.0527,-0.1012,0.642
3979.1,196.071,-1.5151,4.6429,0.3513,45.59,0.1,0.0514,-0.0995,0.639
3979.2,196.181,-1.5103,4.6457,0.3526,44.8,0.17,0.0549,-0.1045,0.635
3979.3,196.289,-1.5059,4.6479,0.354,44.19,0.15,0.055,-0.1098,0.633
3979.4,196.397,-1.5008,4.6524,0.3518,43.83,0.19,0.0597,-0.1078,0.633
3979.5,196.522,-1.4957,4.658,0.352,43.3,0.07,0.0613,-0.1064,0.625
3979.6,196.63,-1.4903,4.6648,0.3474,42.64,0.34,0.0661,-0.1075,0.618
3979.7,196.735,-1.4868,4.673,0.3498,41.97,0.47,0.0668,-0.1078,0.613
3979.8,196.843,-1.4839,4.6793,0.3502,41.67,0.53,0.0655,-0.1125,0.605
3979.9,196.949,-1.4831,4.6822,0.3518,41.22,0.6,0.0611,-0.1058,0.601
3980.0,197.057,-1.4791,4.6852,0.3487,40.48,0.28,0.0498,-0.1065,0.598
3980.1,197.166,-1.4735,4.6873,0.3514,39.76,0.23,0.0479,-0.1162,0.597
3980.2,197.273,-1.4665,4.6896,0.3507,39.37,0.16,0.0513,-0.111,0.594
3980.3,197.381,-1.4603,4.6901,0.3526,38.87,0.27,0.0508,-0.1091,0.592
3980.4,197.49,-1.4529,4.6915,0.3506,38.16,0.34,0.0521,-0.1105,0.591
3980.5,197.601,-1.4488,4.6914,0.3531,37.43,0.36,0.0514,-0.1136,0.591
3980.6,197.719,-1.4444,4.6926,0.3497,36.98,0.29,0.0482,-0.1151,0.59
3980.7,197.827,-1.4405,4.6957,0.351,36.59,0.22,0.0492,-0.1142,0.589
3980.8,197.933,-1.4352,4.7008,0.3506,35.95,0.25,0.0513,-0.1138,0.586
3980.9,198.043,-1.4319,4.7055,0.3533,35.13,0.28,0.0582,-0.1123,0.583
3981.0,198.15,-1.4273,4.7117,0.3489,34.67,0.14,0.0574,-0.1159,0.58
3981.1,198.258,-1.4242,4.7166,0.3499,34.26,0.24,0.058,-0.1104,0.575
3981.2,198.365,-1.42,4.7219,0.3474,33.61,0.2,0.0565,-0.1129,0.571
3981.3,198.472,-1.415,4.7266,0.3498,32.9,0.41,0.0552,-0.1187,0.568
3981.4,198.578,-1.408,4.732,0.3485,32.38,0.29,0.0628,-0.12,0.568
3981.5,198.691,-1.4028,4.7346,0.3496,31.98,0.22,0.0631,-0.119,0.56
3981.6,198.801,-1.397,4.7361,0.3492,31.26,0.06,0.0589,-0.1168,0.56
3981.7,198.913,-1.3907,4.7366,0.3514,30.44,0.17,0.0609,-0.1161,0.56
3981.8,199.021,-1.3844,4.7368,0.3527,29.91,0.18,0.0607,-0.1141,0.562
3981.9,199.131,-1.3779,4.7389,0.3536,29.46,0.29,0.0617,-0.1037,0.563
3982.0,199.236,-1.3705,4.7421,0.3533,28.94,0.19,0.0642,-0.1046,0.562
3982.1,199.341,-1.3638,4.7454,0.3539,28.17,0.27,0.0686,-0.1003,0.56
3982.2,199.448,-1.3584,4.7492,0.3549,27.61,0.16,0.0722,-0.1019,0.56
3982.3,199.558,-1.3526,4.754,0.3545,27.29,0.2,0.0712,-0.0996,0.56
3982.4,199.672,-1.3475,4.7591,0.3538,26.79,0.15,0.0675,-0.0962,0.555
3982.5,199.777,-1.3407,4.7643,0.3507,26.19,0.37,0.072,-0.097,0.552
3982.6,199.884,-1.3337,4.7704,0.3521,25.6,0.42,0.0736,-0.0998,0.55
3982.7,199.995,-1.3265,4.7754,0.351,25.32,0.46,0.0768,-0.0957,0.547
3982.8,200.103,-1.3219,4.7775,0.3522,24.9,0.37,0.0722,-0.0911,0.544
3982.9,200.205,-1.3143,4.7788,0.3509,24.24,0.15,0.069,-0.0911,0.544
3983.0,200.313,-1.3061,4.7786,0.3533,23.66,0.15,0.0719,-0.0935,0.546
3983.1,200.42,-1.2957,4.7792,0.3485,23.38,0.28,0.0724,-0.0912,0.548
3983.2,200.527,-1.2853,4.7792,0.3505,23.04,0.56,0.0762,-0.0864,0.549
3983.3,200.635,-1.2731,4.7802,0.3497,22.42,0.59,0.0796,-0.0834,0.55
3983.4,200.743,-1.2665,4.7814,0.3531,21.83,0.48,0.0865,-0.0877,0.552
3983.5,200.853,-1.2599,4.7844,0.3503,21.53,0.25,0.0799,-0.0858,0.554
3983.6,200.96,-1.2536,4.7897,0.3518,21.25,0.12,0.0793,-0.0811,0.552
3983.7,201.07,-1.2456,4.7968,0.3496,20.7,0.11,0.0819,-0.0825,0.548
3983.8,201.179,-1.2378,4.8037,0.3518,20.13,0.49,0.0814,-0.089,0.544
3983.9,201.284,-1.2274,4.8115,0.3496,19.79,0.45,0.0834,-0.0929,0.541
3984.0,201.389,-1.2201,4.8158,0.3507,19.52,0.43,0.0823,-0.0911,0.535
3984.1,201.502,-1.2134,4.8178,0.3488,19.02,0.31,0.0747,-0.0902,0.533
3984.2,201.613,-1.2062,4.8181,0.3495,18.33,0.28,0.073,-0.0925,0.534
3984.3,201.719,-1.1976,4.8179,0.349,17.93,0.06,0.0695,-0.0918,0.537
3984.4,201.829,-1.1892,4.8177,0.3492,17.68,0.3,0.0718,-0.0825,0.539
3984.5,201.937,-1.1798,4.8174,0.3489,17.21,0.31,0.0717,-0.0795,0.539
3984.6,202.056,-1.1718,4.8171,0.3497,16.55,0.37,0.076,-0.0844,0.543
3984.7,202.164,-1.1654,4.8172,0.3512,16.11,0.32,0.0746,-0.0818,0.546
3984.8,202.271,-1.1584,4.8197,0.352,15.92,0.23,0.074,-0.0733,0.548
3984.9,202.376,-1.1505,4.824,0.352,15.55,0.08,0.0758,-0.0743,0.546
3985.0,202.481,-1.1413,4.8287,0.3509,14.87,0.32,0.0827,-0.0813,0.544
3985.1,202.585,-1.1317,4.8343,0.3526,14.39,0.4,0.0827,-0.0798,0.544
3985.201,202.698,-1.122,4.8388,0.3518,14.49,0.5,0.088,-0.0859,0.542
3985.3,202.801,-1.1156,4.8407,0.3538,14.27,0.43,0.0815,-0.058,0.536
3985.4,202.912,-1.1074,4.8408,0.3543,13.61,0.19,0.0765,-0.0572,0.536
3985.5,203.021,-1.0993,4.8397,0.3561,13.2,0.12,0.0741,-0.0779,0.54
3985.6,203.128,-1.0895,4.8394,0.3522,12.87,0.21,0.0725,-0.0714,0.542
3985.7,203.233,-1.0807,4.8388,0.3534,12.51,0.34,0.0736,-0.0674,0.544
3985.8,203.345,-1.0707,4.8388,0.3519,12.11,0.39,0.0737,-0.0649,0.546
3985.9,203.455,-1.0647,4.8393,0.3542,11.51,0.29,0.0771,-0.0611,0.548
3986.0,203.566,-1.0574,4.8412,0.3505,11.24,0.12,0.0707,-0.0541,0.551
3986.1,203.673,-1.0511,4.8443,0.352,11.29,0.14,0.0685,-0.0371,0.55
3986.2,203.781,-1.043,4.8485,0.3499,10.87,0.15,0.0723,-0.0389,0.547
3986.3,203.889,-1.0352,4.8522,0.3521,10.43,0.43,0.0727,-0.0461,0.547
3986.4,203.999,-1.025,4.8557,0.3493,10.25,0.42,0.0758,-0.0483,0.545
3986.5,204.108,-1.0185,4.8572,0.3511,10.28,0.4,0.076,-0.0511,0.542
3986.6,204.214,-1.0111,4.8577,0.349,9.89,0.15,0.0689,-0.0495,0.541
3986.7,204.319,-1.0038,4.8567,0.3507,9.46,0.17,0.0679,-0.0573,0.543
3986.8,204.428,-0.9954,4.8553,0.3503,9.27,0.08,0.0641,-0.0616,0.546
3986.9,204.538,-0.9875,4.8547,0.3514,9.19,0.31,0.069,-0.0526,0.546
3987.0,204.651,-0.9785,4.8546,0.3489,8.84,0.36,0.0677,-0.0446,0.548
3987.1,204.76,-0.9713,4.855,0.3491,8.43,0.31,0.0717,-0.0403,0.55
3987.2,204.872,-0.9642,4.8564,0.3482,8.27,0.08,0.0649,-0.04,0.553
3987.3,204.982,-0.9581,4.8579,0.3488,8.25,0.16,0.0629,-0.0337,0.552
3987.4,205.09,-0.9521,4.8597,0.349,8.01,0.17,0.0618,-0.0305,0.551
3987.5,205.198,-0.9457,4.8606,0.3497,7.62,0.25,0.0643,-0.0339,0.551
3987.6,205.303,-0.9385,4.8611,0.3507,7.45,0.1,0.0644,-0.0341,0.553
3987.7,205.411,-0.9313,4.8619,0.351,7.47,0.17,0.0672,-0.0264,0.554
3987.8,205.522,-0.9247,4.8626,0.3517,7.27,0.1,0.0657,-0.0202,0.553
3987.9,205.627,-0.9167,4.8627,0.3506,6.87,0.18,0.0667,-0.0224,0.554
3988.0,205.734,-0.9091,4.8629,0.3521,6.83,0.12,0.0675,-0.0231,0.558
3988.1,205.842,-0.9005,4.8636,0.3503,7.15,0.18,0.0694,-0.004,0.558
3988.2,205.954,-0.8932,4.864,0.3521,7.18,0.12,0.0743,0.0061,0.557
3988.3,206.062,-0.8841,4.8642,0.3499,6.76,0.17,0.0756,-0.0144,0.558
3988.4,206.17,-0.8763,4.8645,0.3522,6.65,0.16,0.0728,-0.01,0.562
3988.5,206.275,-0.8666,4.8655,0.3501,6.79,0.15,0.0778,0.0014,0.563
3988.6,206.381,-0.8587,4.8663,0.3526,6.94,0.15,0.075,0.0058,0.563
3988.7,206.491,-0.849,4.8673,0.3503,6.83,0.18,0.0771,0.0044,0.563
3988.8,206.597,-0.8412,4.8686,0.3527,6.71,0.27,0.0745,-0.0017,0.565
3988.9,206.705,-0.8317,4.87,0.3507,6.8,0.21,0.0749,-0.0015,0.565
3989.0,206.811,-0.825,4.8707,0.3528,6.94,0.21,0.0743,-0.0019,0.566
3989.1,206.919,-0.8171,4.8712,0.3511,6.87,0.08,0.0701,0.0009,0.567
3989.2,207.033,-0.8103,4.8711,0.3528,6.63,0.2,0.0701,-0.0004,0.57
3989.3,207.139,-0.8021,4.871,0.3491,6.76,0.06,0.0644,-0.0033,0.601
3989.4,207.244,-0.7952,4.8709,0.3499,6.9,0.22,0.0685,0.0091,0.624
3989.5,207.349,-0.7872,4.871,0.3499,6.88,0.16,0.0674,0.0103,0.626
3989.6,207.452,-0.7803,4.8708,0.3512,6.74,0.25,0.0687,0.0102,0.655
3989.7,207.565,-0.7735,4.871,0.3504,6.84,0.16,0.0666,0.0073,0.655
3989.8,207.683,-0.7664,4.8724,0.3498,7.07,0.18,0.0685,0.0125,0.655
3989.9,207.793,-0.759,4.8738,0.3528,7.18,0.11,0.066,0.0138,0.658
3990.0,207.899,-0.7515,4.874,0.3545,6.98,0.22,0.0663,0.0085,0.659
3990.1,208.006,-0.7442,4.8747,0.3543,7.05,0.12,0.0631,0.009,0.659
3990.2,208.117,-0.7364,4.8768,0.3535,7.27,0.17,0.0659,0.0155,0.66
3990.3,208.224,-0.7295,4.8791,0.3542,7.4,0.17,0.0635,0.0234,0.663
3990.4,208.33,-0.7216,4.8813,0.3536,7.31,0.34,0.0637,0.0257,0.666
3990.5,208.436,-0.7139,4.8838,0.3541,7.39,0.37,0.0629,0.0257,0.667
3990.6,208.544,-0.7063,4.8858,0.3528,7.69,0.36,0.0654,0.0304,0.667
3990.7,208.673,-0.7013,4.8867,0.3517,7.8,0.33,0.0594,0.0395,0.674
3990.8,208.78,-0.6954,4.8879,0.3418,7.91,0.41,0.0583,0.0417,0.676
3990.9,208.884,-0.6885,4.8905,0.3443,7.97,0.52,0.0566,0.0414,0.677
3991.0,208.992,-0.6824,4.8916,0.3465,8.49,0.49,0.0592,0.0524,0.68
3991.1,209.098,-0.6793,4.8914,0.3495,8.77,0.5,0.052,0.0544,0.684
3991.2,209.207,-0.6736,4.8905,0.345,8.83,0.2,0.0504,0.0547,0.685
3991.3,209.315,-0.6673,4.8883,0.3477,9.01,0.06,0.0497,0.0458,0.685
3991.4,209.424,-0.6592,4.8857,0.3474,9.47,0.1,0.0515,0.0471,0.684
3991.5,209.536,-0.6526,4.8826,0.3508,9.83,0.22,0.0527,0.0595,0.685
3991.6,209.641,-0.6444,4.8802,0.3464,9.96,0.31,0.0531,0.0643,0.684
3991.7,209.746,-0.64,4.8789,0.3488,10.11,0.25,0.0554,0.0639,0.682
3991.8,209.857,-0.6351,4.8787,0.3479,10.58,0.14,0.0502,0.0638,0.682
3991.9,209.963,-0.6309,4.8804,0.3507,11.04,0.09,0.0456,0.0762,0.685
3992.0,210.069,-0.6252,4.8837,0.3493,11.28,0.15,0.0466,0.0762,0.689
3992.1,210.175,-0.6197,4.887,0.3509,11.47,0.49,0.0494,0.0723,0.693
3992.2,210.285,-0.6124,4.8905,0.3483,11.97,0.39,0.0526,0.0721,0.697
3992.3,210.393,-0.6083,4.8917,0.3498,12.52,0.32,0.0532,0.0742,0.704
3992.4,210.503,-0.6044,4.8923,0.3486,12.79,0.23,0.0485,0.0753,0.708
3992.5,210.613,-0.5999,4.892,0.3488,12.98,0.2,0.0483,0.0667,0.71
3992.6,210.719,-0.5941,4.8913,0.3496,13.38,0.09,0.0447,0.063,0.711
3992.7,210.83,-0.5891,4.8908,0.3515,13.95,0.18,0.0473,0.0704,0.714
3992.8,210.94,-0.5837,4.8909,0.3501,14.29,0.05,0.0448,0.0771,0.717
3992.9,211.048,-0.5785,4.8911,0.349,14.48,0.2,0.0443,0.0794,0.719
3993.0,211.158,-0.5736,4.8917,0.3505,14.83,0.1,0.0444,0.074,0.721
3993.1,211.266,-0.5693,4.8925,0.3519,15.39,0.17,0.0455,0.0828,0.724
3993.2,211.375,-0.5656,4.8939,0.3528,15.9,0.22,0.0441,0.0917,0.729
3993.3,211.484,-0.5605,4.8952,0.352,16.14,0.27,0.0464,0.085,0.733
3993.4,211.591,-0.555,4.8965,0.3522,16.57,0.2,0.0457,0.0821,0.733
3993.5,211.713,-0.5491,4.8978,0.3506,17.16,0.24,0.0496,0.0823,0.741
3993.6,211.822,-0.5447,4.8981,0.3549,17.84,0.18,0.0487,0.086,0.746
3993.7,211.93,-0.5392,4.8972,0.3566,17.9,0.21,0.0484,0.1099,0.751
3993.8,212.04,-0.5354,4.896,0.3563,18.44,0.23,0.045,0.0921,0.752
3993.9,212.146,-0.5303,4.8974,0.3534,18.99,0.2,0.0417,0.097,0.755
3994.0,212.255,-0.5255,4.9007,0.3545,19.54,0.08,0.0436,0.094,0.759
3994.1,212.366,-0.5196,4.9054,0.352,19.84,0.29,0.0522,0.0872,0.766
3994.2,212.474,-0.5146,4.9111,0.3527,20.25,0.51,0.0521,0.087,0.765
3994.3,212.581,-0.5091,4.9158,0.3516,20.88,0.46,0.0569,0.0896,0.76
3994.4,212.688,-0.507,4.9185,0.3536,21.42,0.49,0.0502,0.0955,0.757
3994.5,212.797,-0.5028,4.921,0.3482,21.68,0.4,0.0479,0.0897,0.755
3994.6,212.903,-0.4973,4.9231,0.3495,22.04,0.49,0.0469,0.0847,0.752
3994.7,213.01,-0.4899,4.9245,0.3498,22.61,0.39,0.0507,0.0851,0.746
3994.8,213.114,-0.485,4.9237,0.3525,23.25,0.28,0.0518,0.0918,0.741
3994.9,213.226,-0.4786,4.9229,0.3495,23.61,0.06,0.0503,0.0931,0.737
3995.0,213.339,-0.4735,4.9215,0.3506,23.9,0.16,0.0513,0.0904,0.732
3995.1,213.448,-0.4679,4.9208,0.349,24.37,0.14,0.0468,0.0908,0.732
3995.201,213.566,-0.4629,4.9219,0.3516,25.36,0.2,0.0467,0.1076,0.724
3995.3,213.67,-0.4566,4.9249,0.3504,25.67,0.15,0.0498,0.0731,0.72
3995.4,213.774,-0.4519,4.9279,0.3522,25.55,0.26,0.0489,0.0585,0.715
3995.5,213.884,-0.4464,4.9317,0.3501,26.12,0.13,0.0511,0.0716,0.71
3995.6,213.993,-0.4423,4.9352,0.3516,26.72,0.22,0.0518,0.0845,0.706
3995.7,214.101,-0.438,4.939,0.3507,26.93,0.22,0.0495,0.0792,0.704
3995.8,214.213,-0.4331,4.9425,0.3512,27.13,0.4,0.0505,0.0735,0.699
3995.9,214.32,-0.4271,4.9468,0.3477,27.66,0.38,0.0495,0.0748,0.696
3996.0,214.43,-0.4223,4.9487,0.3468,28.27,0.27,0.0567,0.1011,0.691
3996.1,214.54,-0.4171,4.9495,0.3473,28.67,0.08,0.0499,0.0971,0.691
3996.2,214.65,-0.412,4.95,0.3478,28.97,0.13,0.0472,0.097,0.683
3996.3,214.753,-0.4074,4.9506,0.3488,29.29,0.08,0.0438,0.1035,0.679
3996.4,214.862,-0.4032,4.9526,0.3499,30.15,0.13,0.0418,0.1077,0.676
3996.5,214.972,-0.3995,4.9554,0.3508,30.77,0.04,0.0406,0.1063,0.674
3996.6,215.083,-0.3959,4.9591,0.348,30.96,0.29,0.0433,0.1064,0.672
3996.7,215.195,-0.3929,4.9637,0.349,31.56,0.34,0.0423,0.1004,0.669
3996.8,215.3,-0.3904,4.9673,0.3495,32.43,0.37,0.0442,0.1005,0.668
3996.9,215.408,-0.39,4.9695,0.3516,32.97,0.42,0.0405,0.1076,0.668
3997.0,215.514,-0.3867,4.9717,0.3495,33.13,0.36,0.0399,0.1049,0.668
3997.1,215.631,-0.3817,4.9738,0.3507,33.6,0.32,0.0405,0.102,0.666
3997.2,215.74,-0.3755,4.976,0.3466,34.24,0.26,0.0449,0.1047,0.662
3997.3,215.847,-0.3702,4.9761,0.3494,34.97,0.16,0.0473,0.1055,0.658
3997.4,215.95,-0.3635,4.977,0.3477,35.36,0.17,0.0468,0.1088,0.655
3997.5,216.059,-0.3593,4.9772,0.3502,35.78,0.18,0.0495,0.1113,0.65
3997.6,216.167,-0.3541,4.979,0.3473,36.53,0.11,0.0458,0.1127,0.647
3997.7,216.274,-0.3499,4.9821,0.3505,37.22,0.14,0.0441,0.1211,0.644
3997.803,216.385,-0.3445,4.9875,0.3474,37.66,0.11,0.0466,0.1206,0.642
3997.9,216.494,-0.342,4.9931,0.3497,38.11,0.48,0.0442,0.1152,0.638
3998.0,216.6,-0.339,4.9997,0.346,38.87,0.45,0.046,0.1204,0.638
3998.1,216.708,-0.3387,5.0019,0.3488,39.66,0.42,0.0448,0.1209,0.637
3998.2,216.817,-0.3376,5.0039,0.3476,40.19,0.34,0.0381,0.12,0.64
3998.3,216.929,-0.3344,5.0055,0.3492,40.59,0.37,0.0389,0.114,0.64
3998.4,217.039,-0.3289,5.0077,0.3473,41.31,0.28,0.0382,0.1131,0.638
3998.5,217.147,-0.3243,5.0086,0.3497,42.08,0.24,0.0429,0.1182,0.635
3998.6,217.254,-0.319,5.0103,0.3489,42.56,0.08,0.0416,0.1238,0.633
3998.7,217.358,-0.3149,5.012,0.3498,42.98,0.17,0.0426,0.1103,0.629
3998.8,217.467,-0.3111,5.0141,0.35,43.62,0.11,0.0415,0.1129,0.628
3998.9,217.579,-0.3083,5.017,0.3517,44.48,0.19,0.0444,0.12,0.628
3999.0,217.689,-0.3059,5.0209,0.351,44.94,0.14,0.0439,0.1215,0.627
3999.1,217.793,-0.303,5.0256,0.3499,45.38,0.43,0.0478,0.1192,0.625
3999.2,217.898,-0.3005,5.0307,0.3522,45.95,0.51,0.0486,0.119,0.625
3999.3,218.007,-0.2985,5.0341,0.354,46.89,0.46,0.0509,0.1198,0.624
3999.4,218.117,-0.2977,5.0361,0.3544,47.58,0.38,0.0473,0.1191,0.626
3999.5,218.226,-0.2939,5.0392,0.3502,47.98,0.36,0.0467,0.1179,0.627
3999.6,218.335,-0.2889,5.0428,0.3507,48.54,0.29,0.0487,0.1091,0.625
3999.7,218.442,-0.2829,5.0467,0.3509,49.26,0.27,0.0531,0.1114,0.622
3999.8,218.551,-0.2774,5.0495,0.353,49.93,0.21,0.0581,0.1154,0.619
3999.9,218.657,-0.2706,5.0539,0.349,50.28,0.18,0.0567,0.1183,0.616
4000.0,218.764,-0.2664,5.0575,0.3507,50.8,0.18,0.0568,0.1107,0.612
4000.1,218.872,-0.2623,5.0625,0.349,51.56,0.15,0.0575,0.1144,0.61
4000.2,218.983,-0.2597,5.0666,0.3521,52.36,0.22,0.054,0.1215,0.609
4000.3,219.092,-0.2562,5.0726,0.3479,52.78,0.21,0.0561,0.119,0.609
4000.4,219.2,-0.2542,5.0784,0.3498,53.23,0.49,0.0548,0.1106,0.609
4000.5,219.311,-0.2517,5.0851,0.3487,53.96,0.42,0.0566,0.1093,0.608
4000.6,219.417,-0.2509,5.0883,0.3519,54.69,0.45,0.0555,0.1135,0.609
4000.7,219.525,-0.249,5.0921,0.3495,55.11,0.28,0.051,0.1089,0.609
4000.8,219.635,-0.2452,5.0961,0.3508,55.51,0.36,0.0535,0.102,0.61
4000.9,219.74,-0.2395,5.1014,0.3503,56.19,0.29,0.0537,0.097,0.608
4001.0,219.852,-0.2348,5.1052,0.3529,56.82,0.26,0.0578,0.1048,0.606
4001.1,219.957,-0.2292,5.11,0.3493,57.24,0.07,0.0606,0.1112,0.604
4001.2,220.063,-0.225,5.1145,0.3489,57.64,0.25,0.0625,0.1077,0.6
4001.3,220.17,-0.2218,5.1195,0.3495,58.25,0.17,0.0611,0.1074,0.599
4001.4,220.279,-0.2199,5.124,0.3516,59.04,0.25,0.0601,0.1121,0.598
4001.5,220.387,-0.2186,5.129,0.3517,59.59,0.4,0.0559,0.114,0.6
4001.6,220.496,-0.2154,5.1352,0.3512,59.94,0.43,0.0602,0.1093,0.6
4001.7,220.602,-0.212,5.1422,0.3514,60.49,0.38,0.0618,0.1075,0.599
4001.8,220.712,-0.2087,5.1487,0.3518,61.24,0.34,0.0684,0.1093,0.598
4001.9,220.822,-0.2055,5.1537,0.3519,61.79,0.23,0.0676,0.1145,0.599
4002.0,220.931,-0.2011,5.1599,0.349,62.2,0.3,0.0703,0.1115,0.598
4002.1,221.042,-0.1974,5.1664,0.3497,62.79,0.24,0.0698,0.1127,0.596
4002.2,221.152,-0.1941,5.1732,0.3489,63.52,0.26,0.0713,0.1169,0.596
4002.3,221.258,-0.1911,5.1788,0.3512,64.14,0.25,0.072,0.1177,0.595
4002.4,221.364,-0.1865,5.1863,0.3495,64.54,0.2,0.072,0.1177,0.595
4002.5,221.476,-0.1828,5.1933,0.3513,65.11,0.25,0.0761,0.1069,0.593
4002.6,221.587,-0.1792,5.2019,0.349,65.83,0.24,0.0822,0.1065,0.593
4002.7,221.694,-0.1762,5.2089,0.3521,66.51,0.25,0.0799,0.1067,0.592
4002.8,221.804,-0.172,5.2183,0.3488,66.82,0.2,0.0824,0.0997,0.592
4002.9,221.912,-0.1694,5.2269,0.3511,67.24,0.39,0.0777,0.0988,0.589
4003.0,222.016,-0.1671,5.2367,0.3488,67.9,0.3,0.0716,0.0916,0.589
4003.101,222.125,-0.1654,5.2427,0.352,68.56,0.29,0.063,0.088,0.59
4003.2,222.231,-0.1628,5.2488,0.349,68.85,0.18,0.0555,0.0863,0.592
4003.3,222.338,-0.161,5.2536,0.3506,69.11,0.34,0.052,0.0712,0.59
4003.4,222.448,-0.1589,5.2593,0.3478,69.6,0.25,0.0437,0.0671,0.59
4003.5,222.558,-0.1574,5.2615,0.3499,70.17,0.23,0.0407,0.0649,0.59
4003.6,222.672,-0.1554,5.2637,0.347,70.37,0.04,0.0244,0.0604,0.592
4003.7,222.782,-0.1541,5.2645,0.3481,70.55,0.12,0.0151,0.0516,0.591
4003.8,222.89,-0.1523,5.2656,0.3479,70.99,0.02,0.0108,0.051,0.591
4003.9,222.998,-0.152,5.2656,0.3499,71.43,0.1,0.0062,0.0559,0.592
4004.0,223.106,-0.1524,5.2656,0.3475,71.59,0.19,0.0003,0.0545,0.594
4004.1,223.213,-0.1536,5.2646,0.3473,71.69,0.3,0.0,0.0455,0.595
4004.2,223.321,-0.1537,5.2642,0.348,71.93,0.22,0.0,0.0461,0.596
4004.3,223.435,-0.1547,5.2633,0.3496,72.46,0.26,0.0003,0.0527,0.598
4004.4,223.543,-0.1566,5.2619,0.3494,72.61,0.3,0.0001,0.0617,0.602
4004.5,223.651,-0.1569,5.2616,0.3493,72.69,0.29,0.0001,0.0571,0.603
4004.6,223.762,-0.1556,5.2622,0.3485,73.02,0.15,0.0005,0.0476,0.601
4004.7,223.871,-0.1542,5.2628,0.3483,73.56,0.16,0.0001,0.0494,0.6
4004.8,223.981,-0.1529,5.263,0.3487,73.79,0.03,0.0,0.0499,0.598
4004.9,224.088,-0.1525,5.2632,0.3474,73.79,0.14,0.0,0.0447,0.598
4005.0,224.198,-0.1529,5.2622,0.349,73.95,0.1,0.0,0.0478,0.598
4005.1,224.308,-0.1538,5.2615,0.3498,74.47,0.15,0.0,0.0498,0.596
4005.2,224.416,-0.1559,5.2593,0.3508,74.84,0.27,0.0,0.0588,0.591
4005.3,224.525,-0.1573,5.2584,0.3483,74.92,0.29,0.0,0.0594,0.591
4005.4,224.646,-0.1576,5.2582,0.3491,75.15,0.2,0.0,0.0625,0.586
4005.5,224.755,-0.1567,5.259,0.3463,75.62,0.17,0.0,0.062,0.584
4005.6,224.863,-0.1556,5.2587,0.3485,76.0,0.13,0.0,0.0638,0.581
4005.7,224.973,-0.1542,5.2591,0.3486,76.1,0.08,0.0009,0.0561,0.58
4005.8,225.082,-0.1533,5.2585,0.3502,76.34,0.1,0.0001,0.0509,0.581
4005.9,225.187,-0.1525,5.2591,0.3472,76.78,0.12,0.0007,0.0567,0.58
4006.0,225.296,-0.1521,5.2589,0.3495,77.16,0.08,0.0,0.0668,0.577
4006.1,225.408,-0.1522,5.2599,0.3465,77.26,0.11,0.0,0.052,0.576
4006.2,225.518,-0.154,5.2592,0.3484,77.43,0.22,0.0,0.0497,0.575
4006.3,225.627,-0.1554,5.2591,0.3482,77.87,0.21,0.0,0.0583,0.575
4006.4,225.733,-0.1578,5.2569,0.3507,78.29,0.32,0.0,0.0727,0.568
4006.5,225.844,-0.1598,5.2557,0.347,78.49,0.32,0.0,0.0759,0.564
4006.6,225.953,-0.1608,5.2555,0.3485,78.73,0.36,0.0,0.0738,0.561
4006.7,226.062,-0.1601,5.2568,0.3484,79.26,0.29,0.0,0.0739,0.558
4006.8,226.17,-0.1593,5.2561,0.3511,79.8,0.23,0.0,0.0779,0.556
4006.9,226.278,-0.158,5.2561,0.3483,80.04,0.1,0.0,0.0792,0.554
4007.0,226.39,-0.1571,5.2552,0.3496,80.28,0.14,0.0001,0.0774,0.553
4007.1,226.498,-0.156,5.255,0.3464,80.8,0.07,0.0,0.0832,0.552
4007.2,226.606,-0.1549,5.2537,0.3485,81.42,0.14,0.0,0.0848,0.55
4007.3,226.712,-0.1543,5.2535,0.3474,81.74,0.05,0.0,0.0898,0.548
4007.4,226.819,-0.1542,5.2525,0.3487,81.97,0.12,0.0,0.0805,0.547
4007.5,226.929,-0.154,5.2518,0.3484,82.43,0.0,0.0,0.0741,0.546
4007.6,227.038,-0.1547,5.2514,0.3501,83.05,0.11,0.0,0.0768,0.543
4007.7,227.142,-0.1562,5.251,0.3503,83.41,0.15,0.0,0.0803,0.539
4007.8,227.25,-0.1575,5.2514,0.3504,83.6,0.31,0.0,0.0779,0.536
4007.9,227.363,-0.159,5.2522,0.3489,84.08,0.31,0.0,0.0733,0.534
4008.0,227.477,-0.1595,5.2519,0.3484,84.63,0.23,0.0,0.0771,0.53
4008.1,227.584,-0.1595,5.2501,0.3484,84.95,0.16,0.0,0.0776,0.526
4008.2,227.693,-0.1592,5.2492,0.3478,85.14,0.19,0.0,0.068,0.524
4008.3,227.805,-0.1585,5.2482,0.3493,85.47,0.11,0.0,0.0604,0.523
4008.4,227.915,-0.1582,5.2482,0.3505,86.06,0.14,0.0,0.0622,0.522
4008.5,228.024,-0.1581,5.2475,0.3516,86.4,0.15,0.0,0.0682,0.519
4008.6,228.132,-0.1578,5.2477,0.351,86.54,0.19,0.0,0.0673,0.518
4008.7,228.247,-0.1579,5.2473,0.3514,86.88,0.15,0.0,0.0675,0.517
4008.8,228.355,-0.1581,5.2472,0.3504,87.38,0.17,0.0,0.0736,0.515
4008.9,228.464,-0.1582,5.2455,0.352,87.82,0.17,0.0,0.08,0.511
4009.0,228.573,-0.1581,5.2451,0.3512,88.01,0.14,0.0,0.08,0.511
4009.1,228.686,-0.1578,5.2444,0.3515,88.39,0.09,0.0,0.06,0.508
4009.2,228.799,-0.1574,5.2448,0.3486,88.87,0.17,0.0,0.0654,0.506
4009.3,228.907,-0.1566,5.2444,0.3509,89.31,0.18,0.0,0.0785,0.504
4009.4,229.018,-0.1558,5.245,0.3514,89.39,0.15,0.0,0.087,0.502
4009.5,229.126,-0.1556,5.2441,0.3526,89.76,0.11,0.0,0.0783,0.502
4009.6,229.236,-0.1561,5.244,0.3526,90.36,0.09,0.0,0.0819,0.5
4009.7,229.344,-0.1573,5.2428,0.3542,90.89,0.14,0.0,0.085,0.496
4009.8,229.453,-0.1588,5.2427,0.3507,91.14,0.23,0.0,0.0831,0.492
4009.9,229.563,-0.1606,5.242,0.3514,91.47,0.36,0.0,0.067,0.492
4010.0,229.672,-0.1619,5.2422,0.3516,92.03,0.29,0.0,0.0742,0.486
4010.1,229.781,-0.1626,5.2399,0.3533,92.54,0.31,0.0,0.0798,0.482
4010.2,229.893,-0.1631,5.2385,0.3492,92.82,0.22,0.0,0.0803,0.478
4010.3,230.005,-0.1629,5.2373,0.3499,93.06,0.25,0.0,0.0741,0.477
4010.4,230.114,-0.162,5.2378,0.3482,93.55,0.2,0.0,0.0774,0.475
4010.5,230.225,-0.1609,5.237,0.3505,94.16,0.19,0.0,0.0802,0.473
4010.6,230.343,-0.16,5.2374,0.3478,94.39,0.09,0.0,0.0839,0.471
4010.7,230.456,-0.1594,5.2366,0.3494,94.65,0.12,0.0,0.0727,0.47
4010.8,230.572,-0.1591,5.2366,0.3493,95.19,0.09,0.0,0.0717,0.47
4010.9,230.678,-0.1591,5.2353,0.3517,95.67,0.13,0.0,0.0753,0.466
4011.0,230.785,-0.1595,5.2349,0.3502,95.93,0.1,0.0,0.0745,0.464
4011.1,230.892,-0.1597,5.234,0.3516,96.18,0.16,0.0,0.0757,0.462
4011.2,231.003,-0.1597,5.2344,0.3487,96.63,0.14,0.0,0.0742,0.461
4011.3,231.114,-0.1597,5.2338,0.3506,97.24,0.16,0.0,0.0725,0.458
4011.4,231.225,-0.1599,5.2339,0.3475,97.51,0.09,0.0,0.0706,0.455
4011.5,231.338,-0.1604,5.2332,0.3486,97.69,0.23,0.0001,0.069,0.453
4011.6,231.452,-0.1609,5.2334,0.3471,98.16,0.16,0.0,0.0625,0.452
4011.7,231.567,-0.1611,5.2321,0.3495,98.67,0.16,0.0,0.0706,0.452
4011.8,231.68,-0.1612,5.2314,0.3489,98.87,0.14,0.0,0.0685,0.449
4011.9,231.803,-0.161,5.2306,0.3509,99.03,0.15,0.0,0.0598,0.448
4012.0,231.911,-0.1608,5.2311,0.3503,99.51,0.12,0.0,0.0584,0.448
4012.1,232.019,-0.1606,5.2305,0.3524,99.98,0.15,0.0,0.068,0.448
4012.2,232.127,-0.1607,5.2305,0.35,100.2,0.1,0.0,0.0679,0.448
4012.3,232.236,-0.1607,5.2297,0.3511,100.37,0.2,0.0,0.0671,0.448
4012.4,232.343,-0.1608,5.2297,0.3486,100.81,0.12,0.0,0.0645,0.448
4012.5,232.449,-0.1607,5.2288,0.3503,101.32,0.15,0.0,0.0678,0.448
4012.6,232.556,-0.1611,5.2281,0.3493,101.56,0.12,0.0,0.0727,0.448
4012.7,232.663,-0.1612,5.2277,0.35,101.69,0.21,0.0,0.0661,0.448
4012.8,232.776,-0.1612,5.2279,0.3485,102.13,0.1,0.0,0.0678,0.448
4012.9,232.885,-0.1611,5.228,0.349,102.72,0.17,0.0,0.077,0.449
4013.0,232.993,-0.1609,5.2278,0.3496,103.07,0.08,0.0,0.073,0.448
4013.1,233.105,-0.1607,5.2279,0.3503,103.2,0.15,0.0,0.0669,0.448
4013.2,233.212,-0.1606,5.2277,0.3497,103.6,0.08,0.0,0.0582,0.448
4013.3,233.322,-0.1608,5.2275,0.35,104.12,0.14,0.0,0.06,0.449
4013.4,233.431,-0.161,5.2267,0.3502,104.44,0.06,0.0,0.0647,0.448
4013.5,233.548,-0.1616,5.2263,0.3486,104.53,0.2,0.0,0.0607,0.449
4013.6,233.658,-0.1626,5.2253,0.3493,104.83,0.19,0.0,0.058,0.448
4013.7,233.767,-0.1636,5.2244,0.3499,105.35,0.19,0.0,0.0638,0.449
4013.8,233.876,-0.1643,5.222,0.3505,105.69,0.21,0.0,0.0646,0.449
4013.9,233.987,-0.1649,5.2211,0.3492,105.79,0.27,0.0,0.055,0.449
4014.0,234.098,-0.1649,5.221,0.3497,106.07,0.18,0.0,0.0506,0.448
4014.1,234.208,-0.1649,5.2216,0.3493,106.55,0.18,0.0,0.0501,0.449
4014.2,234.319,-0.1642,5.2213,0.3502,106.84,0.11,0.0,0.0529,0.449
4014.3,234.431,-0.1636,5.2218,0.3484,106.91,0.11,0.0,0.0502,0.449
4014.4,234.543,-0.1632,5.2209,0.3496,107.12,0.07,0.0,0.0458,0.449
4014.5,234.652,-0.1634,5.2205,0.3498,107.59,0.1,0.0,0.045,0.449
4014.6,234.763,-0.1635,5.2188,0.3508,107.83,0.11,0.0,0.0482,0.449
4014.7,234.875,-0.1639,5.2181,0.3471,107.93,0.2,0.0,0.0499,0.449
4014.8,234.985,-0.1647,5.2167,0.3491,108.08,0.27,0.0,0.0501,0.448
4014.9,235.093,-0.1656,5.2163,0.3501,108.55,0.24,0.0,0.0531,0.449
4015.0,235.2,-0.166,5.2142,0.3522,108.88,0.26,0.0,0.057,0.449
4015.1,235.313,-0.1663,5.2136,0.3492,109.02,0.24,0.0,0.0544,0.449
4015.2,235.425,-0.1664,5.2129,0.3505,109.18,0.22,0.0,0.0465,0.449
4015.3,235.536,-0.1665,5.2133,0.3505,109.58,0.2,0.0,0.0493,0.448
4015.4,235.645,-0.1657,5.2125,0.3523,109.92,0.16,0.0,0.0573,0.448
4015.5,235.753,-0.1654,5.2127,0.3502,110.01,0.11,0.0,0.0622,0.448
4015.6,235.863,-0.1646,5.2118,0.3515,110.22,0.11,0.0,0.0585,0.448
4015.7,235.971,-0.1641,5.2118,0.3503,110.66,0.1,0.0,0.0653,0.448
4015.8,236.081,-0.1637,5.2108,0.3522,111.12,0.13,0.0,0.0744,0.448
4015.9,236.184,-0.1641,5.2106,0.3499,111.31,0.11,0.0,0.0688,0.448
4016.0,236.29,-0.1643,5.2096,0.3511,111.5,0.19,0.0,0.0594,0.449
4016.1,236.396,-0.1647,5.2097,0.3498,112.01,0.12,0.0,0.0621,0.448
4016.2,236.508,-0.1649,5.2087,0.3517,112.58,0.16,0.0,0.0662,0.448
4016.301,236.614,-0.1654,5.2081,0.3481,112.73,0.11,0.0,0.0723,0.448
4016.4,236.722,-0.1661,5.207,0.3485,112.77,0.3,0.0,0.0588,0.449
4016.5,236.831,-0.1667,5.2072,0.3477,113.1,0.21,0.0,0.0584,0.448
4016.6,236.942,-0.1677,5.2067,0.3553,112.81,0.35,0.0,0.0606,0.449
4016.7,237.051,-0.1703,5.2049,0.3588,113.81,0.45,0.0,0.0194,0.449
4016.8,237.158,-0.1708,5.1998,0.3579,114.16,0.54,0.0,0.0727,0.45
4016.9,237.268,-0.1705,5.1966,0.3524,114.39,0.51,0.0,0.0726,0.448
4017.0,237.378,-0.1692,5.1958,0.3527,114.63,0.3,0.0,0.0683,0.449
4017.1,237.49,-0.1678,5.1967,0.3529,115.21,0.28,0.0,0.0744,0.449
4017.2,237.619,-0.1662,5.1976,0.3527,115.63,0.18,0.0,0.0767,0.448
4017.3,237.727,-0.1657,5.1982,0.3436,115.89,0.24,0.0,0.0737,0.448
4017.4,237.839,-0.1669,5.1956,0.3454,116.21,0.36,0.0,0.0654,0.448
4017.5,237.947,-0.1686,5.1922,0.3469,116.84,0.46,0.0,0.0674,0.449
4017.6,238.056,-0.1694,5.1857,0.3488,117.23,0.66,0.0,0.0705,0.448
4017.7,238.161,-0.1702,5.1828,0.3472,117.37,0.53,0.0,0.0579,0.448
4017.8,238.307,-0.1705,5.1847,0.3433,117.76,0.47,0.0,0.0536,0.448
4017.9,238.416,-0.1688,5.1884,0.3365,118.12,0.26,0.0029,0.0556,0.448
4018.0,238.565,-0.1653,5.1949,0.3303,118.22,0.4,0.0036,0.0561,0.449
4018.1,238.711,-0.1626,5.1949,0.3336,118.33,0.27,0.0004,0.0494,0.449
4018.2,238.845,-0.1626,5.1932,0.3362,118.95,0.17,0.0002,0.0512,0.45
4018.3,238.957,-0.1643,5.1907,0.3422,119.35,0.18,0.0,0.0603,0.449
4018.4,239.069,-0.1673,5.1885,0.3435,119.23,0.18,0.0,0.0475,0.449
4018.5,239.176,-0.1709,5.1866,0.3471,119.64,0.3,0.0,0.049,0.449
4018.6,239.284,-0.174,5.1856,0.3459,120.06,0.38,0.0,0.0587,0.45
4018.7,239.396,-0.1741,5.1825,0.3491,120.45,0.38,0.0,0.0645,0.45
4018.8,239.504,-0.1737,5.1809,0.3482,120.5,0.31,0.0,0.0634,0.449
4018.9,239.609,-0.1726,5.1803,0.3503,120.77,0.14,0.0,0.0527,0.449
4019.0,239.755,-0.1717,5.1812,0.3506,121.31,0.15,0.0,0.0551,0.448
4019.1,239.868,-0.1701,5.1815,0.3535,121.7,0.1,0.0,0.0618,0.448
4019.2,240.254,-0.1655,5.18,0.3585,124.07,0.85,0.0,0.0827,0.45
4019.3,240.393,-0.1549,5.1733,0.3734,131.52,2.91,0.0008,0.1612,0.45
4019.4,240.496,-0.1332,5.1641,0.367,132.2,2.85,0.0,0.2,0.448
4019.5,240.6,-0.1106,5.1576,0.3546,128.63,1.6,0.0,0.16,0.448
4019.6,240.703,-0.1013,5.1527,0.3489,126.51,0.66,0.0,0.08,0.448
4019.7,240.805,-0.0994,5.1513,0.3528,126.18,0.52,0.0,-0.0,0.45
4019.8,240.909,-0.0999,5.155,0.355,125.72,0.42,0.0012,-0.12,0.45
4019.9,241.013,-0.1024,5.1574,0.3523,125.45,0.02,0.0041,-0.1727,0.45
4020.0,241.116,-0.1041,5.1583,0.3509,124.88,0.13,0.0052,-0.139,0.45
4020.1,241.387,-0.1023,5.1553,0.3555,121.04,0.66,0.0,-0.1079,0.449
4020.2,241.493,-0.0995,5.1481,0.3671,113.34,0.6,0.0,-0.1479,0.449
4020.3,241.597,-0.0967,5.1369,0.3653,114.14,0.46,0.0,-0.1953,0.449
4020.4,241.73,-0.0963,5.125,0.3494,118.12,0.22,0.0,-0.1153,0.448
4020.5,241.836,-0.0968,5.115,0.3424,119.74,0.29,0.0,-0.0353,0.449
4020.6,241.941,-0.0999,5.1103,0.3486,119.92,0.7,0.0,0.0447,0.449
4020.7,242.045,-0.1063,5.1047,0.3518,120.58,1.21,0.0,0.1247,0.449
4020.8,242.153,-0.112,5.0978,0.3484,121.08,0.99,0.0,0.1823,0.449
4020.9,242.255,-0.1171,5.0978,0.348,121.72,1.14,0.0014,0.1383,0.448
4021.0,242.361,-0.122,5.1025,0.3495,122.56,0.82,0.011,0.1292,0.45
4021.1,242.469,-0.1224,5.1068,0.3523,123.45,0.54,0.0102,0.1241,0.45
4021.2,242.577,-0.1188,5.1112,0.3516,124.06,0.16,0.004,0.1125,0.45
4021.3,242.69,-0.1147,5.1147,0.3499,124.48,0.17,0.0035,0.1037,0.449
4021.4,242.798,-0.1101,5.1136,0.3508,125.02,0.14,0.0,0.0922,0.448
4021.5,242.901,-0.1083,5.1113,0.3514,125.76,0.18,0.0,0.094,0.448
4021.6,243.105,-0.1076,5.1095,0.3301,126.19,0.31,0.0,0.091,0.448
4021.7,243.265,-0.1079,5.0997,0.3188,126.72,0.35,0.0,0.0963,0.45
4021.8,243.374,-0.1094,5.0859,0.3196,127.33,0.89,0.0,0.0872,0.45
4021.9,243.486,-0.1147,5.0693,0.322,127.74,1.29,0.0,0.0797,0.449
4022.0,243.595,-0.1221,5.0624,0.3245,127.9,1.31,0.0,0.064,0.449
4022.1,243.712,-0.1322,5.0641,0.3268,128.44,1.06,0.0054,0.0583,0.45
4022.2,243.815,-0.1363,5.0676,0.3289,128.92,0.72,0.0218,0.0611,0.448
4022.3,243.924,-0.1352,5.0733,0.3364,129.21,0.16,0.0143,0.0639,0.448
4022.4,244.032,-0.1327,5.0802,0.3408,129.25,0.14,0.0109,0.0606,0.448
4022.5,244.149,-0.1288,5.083,0.3447,129.61,0.24,0.0055,0.0528,0.448
4022.6,244.567,-0.1222,5.0799,0.3589,125.03,0.6,0.0,0.0256,0.449
4022.7,244.7,-0.1145,5.0686,0.3594,121.02,0.67,0.0,-0.0544,0.448
4022.8,244.803,-0.1073,5.0517,0.3584,124.11,0.95,0.0,-0.1344,0.449
4022.9,244.913,-0.1024,5.0383,0.3507,127.74,0.59,0.0,-0.0838,0.449
4023.0,245.02,-0.0945,5.0285,0.3519,127.95,0.38,0.0,-0.0038,0.449
4023.1,245.126,-0.0936,5.0233,0.3537,128.33,0.5,0.0,0.0762,0.449
4023.2,245.244,-0.0956,5.0167,0.3552,128.69,0.52,0.0,0.1431,0.449
4023.3,245.365,-0.0969,5.0117,0.352,129.1,0.55,0.0001,0.1174,0.45
4023.4,245.539,-0.0989,5.0105,0.3333,129.91,0.52,0.0,0.1155,0.448
4023.5,245.747,-0.0965,5.011,0.3201,130.38,0.13,0.0002,0.1281,0.449
4023.6,245.881,-0.0935,5.0108,0.319,130.86,0.14,0.0,0.1026,0.449
4023.7,245.99,-0.0943,5.0114,0.3296,131.59,0.37,0.0,0.0911,0.448
4023.8,246.105,-0.0973,5.0102,0.341,132.43,0.47,0.0015,0.104,0.449
4023.9,246.218,-0.101,5.009,0.3391,132.72,0.41,0.0012,0.1014,0.448
4024.0,246.369,-0.1057,5.0071,0.3425,133.09,0.74,0.0044,0.091,0.448
4024.1,246.489,-0.1089,5.0051,0.3429,133.86,0.67,0.0071,0.1017,0.449
4024.2,246.683,-0.1075,5.0026,0.3266,134.23,0.25,0.0002,0.0832,0.45
4024.3,246.803,-0.1059,4.994,0.323,134.43,0.99,0.0,0.0914,0.449
4024.4,246.92,-0.1048,4.9847,0.3349,134.94,1.2,0.0,0.0114,0.449
4024.5,247.083,-0.1025,4.9724,0.3336,135.43,1.54,0.0,0.0998,0.449
4024.6,247.221,-0.1008,4.9581,0.3155,135.74,1.55,0.0,0.1136,0.449
4024.7,247.356,-0.0992,4.9409,0.3343,135.13,2.2,0.0,0.1019,0.449
4024.8,247.497,-0.0957,4.9157,0.3418,136.86,2.61,0.0,0.1064,0.449
4024.9,247.639,-0.0949,4.8909,0.3273,137.45,2.14,0.0,0.1596,0.455
4025.0,247.787,-0.0953,4.8696,0.331,138.24,2.47,0.0011,0.1366,0.474
4025.1,247.901,-0.0897,4.8404,0.3349,139.31,2.87,0.0011,0.1366,0.492
4025.2,248.009,-0.0851,4.8085,0.3319,139.9,2.31,0.0,0.1277,0.509
4025.3,248.159,-0.0847,4.7922,0.334,140.32,1.76,0.0043,0.1028,0.537
4025.4,248.306,-0.0866,4.7816,0.3393,141.15,1.87,0.0136,0.1108,0.561
4025.5,248.418,-0.0858,4.7675,0.3444,141.75,1.61,0.0162,0.1125,0.581
4025.6,248.525,-0.087,4.7632,0.3453,142.12,0.99,0.0146,0.1083,0.581
4025.7,248.724,-0.0901,4.765,0.3281,142.64,0.68,0.0363,0.1075,0.594
4025.8,248.897,-0.087,4.7676,0.3139,143.19,0.2,0.0369,0.1031,0.594
4025.9,249.002,-0.0811,4.7671,0.3126,143.62,0.37,0.032,0.1139,0.594
4026.0,249.129,-0.0769,4.7675,0.3137,144.32,0.15,0.0228,0.1105,0.595
4026.1,249.294,-0.0794,4.7675,0.3223,145.22,0.02,0.03,0.1328,0.599
4026.2,249.422,-0.0866,4.7689,0.3229,145.52,0.11,0.0441,0.113,0.602
4026.3,249.575,-0.097,4.7703,0.3207,146.29,0.38,0.0604,0.1146,0.601
4026.4,249.763,-0.106,4.7736,0.324,146.99,0.1,0.0732,0.1289,0.597
4026.5,249.895,-0.1159,4.7786,0.3278,147.18,0.29,0.0829,0.1283,0.592
4026.6,250.029,-0.1294,4.782,0.3334,148.01,0.57,0.089,0.1318,0.585
4026.7,250.19,-0.1393,4.7851,0.3436,149.1,0.35,0.1026,0.1639,0.578
4026.8,250.328,-0.1491,4.7897,0.3445,149.32,0.38,0.0987,0.1139,0.57
4026.9,250.481,-0.1603,4.7928,0.3403,150.47,0.51,0.0893,0.1131,0.565
4027.0,250.609,-0.1666,4.7969,0.3428,151.08,0.34,0.0881,0.1113,0.559
4027.1,250.765,-0.1707,4.8029,0.35,151.5,0.17,0.0824,0.1067,0.554
4027.2,250.898,-0.1745,4.8107,0.3519,152.11,0.51,0.0776,0.1135,0.551
4027.3,251.034,-0.1794,4.8202,0.3442,152.8,0.78,0.0821,0.1337,0.544
4027.4,251.166,-0.1858,4.8318,0.3477,153.38,0.89,0.0873,0.145,0.537
4027.5,251.533,-0.1847,4.8357,0.3637,158.84,3.6,0.0756,0.1284,0.53
4027.6,251.652,-0.1777,4.8286,0.3601,167.27,1.76,0.0506,0.0884,0.519
4027.7,251.76,-0.1664,4.8252,0.3569,167.72,0.82,0.0006,0.1684,0.554
4027.8,251.873,-0.1571,4.8268,0.3342,164.96,0.33,0.0114,0.0985,0.59
4027.9,251.993,-0.1491,4.8295,0.3315,160.3,0.57,0.0077,0.0185,0.59
4028.0,252.129,-0.1465,4.8388,0.3396,158.12,1.15,0.0166,-0.0615,0.574
4028.1,252.263,-0.1424,4.8512,0.3441,157.12,1.4,0.0308,-0.1924,0.544
4028.2,252.391,-0.1439,4.8624,0.3409,156.45,1.41,0.0369,-0.1617,0.544
4028.3,252.55,-0.1501,4.8726,0.3436,155.3,1.24,0.0497,-0.1423,0.532
4028.4,252.675,-0.1528,4.8769,0.3497,154.42,1.0,0.0495,-0.1169,0.504
4028.5,252.791,-0.1594,4.8788,0.3476,154.13,0.63,0.0476,-0.0937,0.497
4028.6,252.915,-0.1687,4.8792,0.3504,153.68,0.3,0.0478,-0.0736,0.497
4028.7,253.059,-0.1782,4.8769,0.3497,153.02,0.51,0.0497,-0.0619,0.491
4028.8,253.204,-0.189,4.8724,0.3468,152.74,0.43,0.0487,-0.0562,0.482
4028.9,253.331,-0.1936,4.8668,0.3487,152.6,0.65,0.0461,-0.0421,0.482
4029.0,253.563,-0.1944,4.8622,0.364,149.39,1.47,0.0157,-0.0565,0.481
4029.1,253.961,-0.1954,4.8625,0.3678,144.66,0.75,0.0238,-0.2,0.483
4029.2,254.199,-0.1922,4.8569,0.3775,146.82,0.64,0.0089,-0.1754,0.473
4029.3,254.358,-0.1873,4.8475,0.3925,158.73,1.26,0.0039,-0.0954,0.465
4029.4,254.488,-0.1752,4.8374,0.3804,162.58,0.85,0.0004,0.0246,0.531
4029.5,254.601,-0.166,4.8261,0.3658,160.43,0.65,0.0,0.1046,0.554
4029.6,254.714,-0.1557,4.8118,0.3639,161.99,1.07,0.0017,0.0297,0.559
4029.7,254.83,-0.1518,4.8045,0.3599,162.04,0.76,0.0011,0.1097,0.582
4029.8,254.954,-0.1532,4.8033,0.3579,162.32,0.41,0.0115,0.0637,0.582
4029.9,255.077,-0.1578,4.8044,0.357,162.87,0.45,0.0522,0.0599,0.589
4030.0,255.19,-0.163,4.8062,0.3608,163.38,0.28,0.0641,0.0646,0.589
4030.1,255.329,-0.1714,4.812,0.3619,163.44,0.17,0.0784,0.0524,0.587
4030.2,255.444,-0.1837,4.8176,0.3626,163.67,0.18,0.0872,0.0542,0.58
4030.3,255.564,-0.1976,4.8228,0.3636,163.94,0.45,0.1095,0.0658,0.572
4030.4,255.68,-0.2128,4.8302,0.3562,164.4,0.45,0.1225,0.0702,0.564
4030.5,255.796,-0.2247,4.8324,0.356,164.58,0.4,0.1201,0.0756,0.556
4030.6,255.906,-0.2387,4.8316,0.3535,165.21,0.3,0.1196,0.079,0.556
4030.7,256.085,-0.2521,4.8302,0.3487,165.75,0.34,0.1179,0.0908,0.552
4030.8,256.284,-0.2626,4.8249,0.3379,165.48,0.8,0.1147,0.0785,0.554
4030.9,256.446,-0.2692,4.8145,0.343,166.81,0.92,0.1038,0.0822,0.555
4031.0,256.617,-0.2769,4.8089,0.3526,167.29,0.94,0.0853,0.1532,0.557
4031.1,256.83,-0.2908,4.8078,0.3339,167.51,0.88,0.1019,0.0472,0.573
4031.2,257.048,-0.3003,4.807,0.3073,167.99,0.63,0.1131,0.0296,0.577
4031.3,257.221,-0.312,4.8057,0.2943,168.5,0.76,0.1103,0.0395,0.578
4031.4,257.375,-0.3252,4.8063,0.296,168.74,0.52,0.12,0.0316,0.581
4031.5,257.529,-0.3423,4.812,0.3106,168.58,0.25,0.1292,0.0324,0.584
4031.6,257.719,-0.3649,4.8194,0.3117,168.82,0.63,0.1439,0.0167,0.585
4031.7,257.875,-0.3886,4.8286,0.3137,168.94,0.17,0.15,0.0309,0.577
4031.8,258.054,-0.4108,4.8349,0.3205,168.48,0.71,0.15,0.0375,0.57
4031.9,258.248,-0.4304,4.8342,0.3399,169.1,0.54,0.1435,-0.0314,0.563
4032.0,258.407,-0.4457,4.8355,0.3628,170.73,0.3,0.1452,0.0815,0.553
4032.1,258.573,-0.4624,4.8369,0.3542,169.97,0.22,0.0829,-0.0785,0.564
4032.2,258.762,-0.4742,4.8407,0.345,170.07,0.92,0.1058,-0.1042,0.566
4032.3,258.87,-0.4816,4.8478,0.3516,168.98,0.72,0.0957,-0.0927,0.56
4032.4,259.11,-0.4892,4.8529,0.332,168.46,0.5,0.0689,-0.047,0.558
4032.5,259.232,-0.4851,4.8534,0.3427,171.05,0.6,0.0618,-0.063,0.545
4032.6,259.345,-0.4759,4.854,0.3442,169.53,0.65,0.0307,0.017,0.537
4032.7,259.528,-0.4654,4.8537,0.329,168.06,0.15,0.007,-0.143,0.554
4032.8,259.719,-0.4537,4.8512,0.306,167.23,0.09,0.0098,-0.112,0.542
4032.9,259.852,-0.4382,4.8472,0.3027,166.21,0.24,0.0099,-0.0744,0.534
4033.0,260.042,-0.4278,4.843,0.3134,166.02,0.48,0.0044,-0.0686,0.533
4033.1,260.159,-0.4233,4.8358,0.3311,166.62,0.61,0.0101,-0.0247,0.531
4033.2,260.277,-0.4224,4.8351,0.341,165.48,0.22,0.0288,-0.0254,0.536
4033.3,260.447,-0.4238,4.8386,0.3363,165.32,0.21,0.0407,-0.0258,0.543
4033.4,260.605,-0.4223,4.842,0.3297,165.2,0.41,0.0484,0.0098,0.538
4033.5,260.809,-0.4172,4.8411,0.3219,165.31,0.2,0.0297,0.0303,0.535
4033.6,260.975,-0.4135,4.8396,0.3201,166.07,0.49,0.025,0.0318,0.532
4033.7,261.203,-0.4109,4.8398,0.3503,163.24,0.37,0.04,0.1518,0.533
4033.8,261.357,-0.4106,4.8459,0.3617,159.02,0.15,0.0246,0.0718,0.543
4033.9,261.525,-0.4074,4.8501,0.354,161.24,0.39,0.0101,0.0068,0.513
4034.0,261.759,-0.3991,4.8492,0.3226,165.79,0.11,0.0103,0.2,0.495
4034.1,261.966,-0.385,4.8468,0.287,167.13,0.2,0.009,0.1567,0.509
4034.2,262.117,-0.3669,4.8412,0.2812,168.16,0.08,0.0,0.1577,0.529
4034.3,262.233,-0.3565,4.8337,0.2921,169.54,1.06,0.0,0.1109,0.548
4034.4,262.337,-0.3501,4.8157,0.3094,170.64,2.55,0.0093,0.1441,0.563
4034.5,262.441,-0.3499,4.7961,0.3099,170.86,1.93,0.014,0.1211,0.583
4034.6,262.546,-0.3624,4.7791,0.3209,171.31,2.22,0.0239,0.0988,0.597
4034.7,262.651,-0.3813,4.7641,0.3248,172.27,1.76,0.0542,0.0796,0.577
4034.8,262.754,-0.3884,4.7563,0.3372,172.88,1.16,0.0918,0.0734,0.555
4034.9,262.867,-0.3926,4.7536,0.3405,173.0,0.76,0.0828,0.0308,0.543
4035.0,262.973,-0.3989,4.7551,0.3466,172.75,0.49,0.0808,0.0046,0.543
4035.1,263.12,-0.4084,4.7589,0.3473,173.2,0.38,0.0854,0.0077,0.541
4035.2,263.315,-0.4179,4.7646,0.3295,172.95,0.16,0.0923,0.0024,0.542
4035.3,263.523,-0.4251,4.7676,0.3061,173.34,0.42,0.0938,-0.0074,0.543
4035.4,263.771,-0.4307,4.7722,0.284,173.08,0.36,0.0828,-0.0315,0.549
4035.5,264.049,-0.4387,4.7755,0.2636,173.22,1.14,0.092,-0.0297,0.55
4035.6,264.16,-0.4381,4.783,0.2823,174.73,1.79,0.0779,0.0102,0.557
4035.7,264.263,-0.4339,4.792,0.3061,173.44,2.05,0.0548,-0.0298,0.553
4035.8,264.368,-0.4264,4.8052,0.3231,172.85,2.57,0.0353,-0.1013,0.571
4035.9,264.472,-0.4224,4.8195,0.3127,172.64,1.75,0.0314,-0.0868,0.571
4036.0,264.589,-0.4283,4.8343,0.32,172.29,1.86,0.0448,-0.0547,0.586
4036.1,264.821,-0.4335,4.8442,0.3416,168.99,1.87,0.0919,-0.0606,0.597
4036.2,265.044,-0.4402,4.8503,0.3671,171.52,1.57,0.0289,-0.1006,0.578
4036.3,265.227,-0.4493,4.8522,0.3811,172.86,0.96,0.076,0.0594,0.566
4036.4,265.331,-0.4544,4.8523,0.4,163.57,0.27,0.0742,0.1194,0.555
4036.5,265.435,-0.4622,4.8528,0.3965,160.59,0.3,0.0665,0.0394,0.507
4036.6,265.54,-0.4716,4.8568,0.3969,164.32,0.47,0.0614,-0.0406,0.507
4036.7,265.675,-0.4773,4.8577,0.3916,169.78,0.51,0.0629,0.0794,0.497
4036.8,265.886,-0.4791,4.854,0.4081,168.1,1.14,0.035,-0.0006,0.52
4036.9,266.105,-0.4813,4.8539,0.404,169.82,1.07,0.039,0.0794,0.538
4037.0,266.268,-0.4755,4.8532,0.4081,164.9,6.03,0.0104,-0.0006,0.539
4037.1,266.409,-0.4681,4.8422,0.3692,157.44,8.32,0.002,-0.1206,0.539
4037.2,266.624,-0.4657,4.8369,0.3695,148.18,10.61,0.0,-0.2,0.503
4037.3,266.83,-0.4697,4.8348,0.3736,140.82,14.45,0.0434,-0.199,0.475
4037.4,266.995,-0.4699,4.834,0.3759,142.83,12.82,0.0519,-0.1593,0.448
4037.5,267.174,-0.4677,4.837,0.3764,142.1,9.11,0.0427,0.0007,0.448
4037.6,267.278,-0.4634,4.8441,0.3752,141.14,5.2,0.0391,0.0398,0.448
4037.7,267.381,-0.4581,4.8528,0.3719,140.38,2.62,0.0373,0.0023,0.449
4037.8,267.489,-0.4529,4.8585,0.3676,139.92,1.23,0.029,0.0159,0.449
4037.9,267.613,-0.4489,4.8606,0.363,139.86,0.58,0.0202,0.0088,0.449
4038.0,267.829,-0.4464,4.8602,0.359,140.0,0.32,0.0088,0.0773,0.449
4038.1,268.083,-0.4465,4.8535,0.3535,140.24,1.23,0.0098,0.0384,0.448
4038.2,268.26,-0.4499,4.8328,0.3295,139.91,1.38,0.0004,0.005,0.448
4038.3,268.413,-0.4613,4.8143,0.3203,139.72,3.47,0.0027,0.0507,0.449
4038.4,268.579,-0.4724,4.7938,0.3298,140.91,5.86,0.0258,-0.0451,0.448
4038.5,268.812,-0.4799,4.7722,0.336,140.82,4.9,0.0021,0.0716,0.448
4038.6,268.936,-0.485,4.7647,0.3538,137.01,4.14,0.0057,-0.0084,0.465
4038.7,269.115,-0.4822,4.7512,0.3559,139.37,2.77,0.0101,-0.0084,0.478
4038.8,269.268,-0.4795,4.7367,0.3376,140.37,2.2,0.0066,0.1116,0.476
4038.9,269.382,-0.4803,4.7237,0.353,139.21,2.28,0.0043,0.1116,0.517
4039.0,269.485,-0.4773,4.7055,0.3577,141.62,2.21,0.0113,0.1116,0.528
4039.1,269.588,-0.4733,4.6815,0.3519,142.41,2.04,0.0002,0.152,0.556
4039.2,269.69,-0.4735,4.6685,0.3471,143.04,1.5,0.0077,0.1708,0.556
4039.3,269.81,-0.4768,4.6642,0.3452,143.97,0.96,0.0201,0.1402,0.595
4039.4,269.914,-0.4778,4.6631,0.3467,144.9,0.76,0.0362,0.1301,0.603
4039.5,270.02,-0.4781,4.6642,0.3483,145.59,0.43,0.0407,0.1227,0.603
4039.6,270.13,-0.4806,4.6707,0.3486,145.98,0.07,0.0457,0.1106,0.609
4039.702,270.238,-0.4824,4.6769,0.3505,146.53,0.28,0.0532,0.1046,0.605
4039.8,270.342,-0.4884,4.683,0.3512,147.32,0.45,0.0594,0.1032,0.605
4039.902,270.465,-0.4963,4.6907,0.352,147.85,0.41,0.0713,0.109,0.6
4040.0,270.566,-0.5055,4.6977,0.3457,148.3,0.42,0.0808,0.1082,0.6
4040.1,270.718,-0.5153,4.6997,0.3421,148.93,0.32,0.0892,0.1017,0.594
4040.2,270.85,-0.5246,4.7018,0.3372,149.6,0.39,0.0941,0.097,0.59
4040.3,270.962,-0.5324,4.7075,0.3451,150.01,0.29,0.0935,0.1174,0.591
4040.4,271.073,-0.5393,4.7143,0.352,150.3,0.38,0.0927,0.1003,0.587
4040.5,271.18,-0.5479,4.7207,0.3484,151.08,0.18,0.0954,0.1,0.582
4040.6,271.288,-0.5584,4.7271,0.3511,151.83,0.53,0.1006,0.0987,0.582
4040.7,271.418,-0.5698,4.7353,0.3448,152.13,0.45,0.1052,0.1,0.579
4040.8,271.66,-0.5799,4.7404,0.3198,152.85,0.3,0.1091,0.1054,0.577
4040.9,271.921,-0.5836,4.7464,0.2833,152.9,0.58,0.0945,0.0523,0.569
4041.0,272.035,-0.584,4.747,0.2914,151.51,0.44,0.0851,0.078,0.569
4041.1,272.16,-0.589,4.7472,0.3078,152.71,0.52,0.054,-0.0392,0.554
4041.2,272.267,-0.5986,4.745,0.3222,153.76,1.08,0.0624,0.0008,0.562
4041.3,272.382,-0.6108,4.7445,0.3203,153.75,0.82,0.0778,0.0335,0.567
4041.4,272.49,-0.6278,4.7462,0.3285,153.92,0.95,0.0916,0.0233,0.567
4041.5,272.689,-0.6391,4.7491,0.3413,155.24,0.86,0.1198,0.0145,0.567
4041.6,272.915,-0.6438,4.7524,0.371,151.34,1.08,0.1011,0.1745,0.566
4041.7,273.092,-0.6483,4.7618,0.3828,146.86,0.69,0.0777,0.0545,0.573
4041.8,273.279,-0.6477,4.7694,0.4047,153.26,1.05,0.0236,0.1345,0.539
4041.9,273.455,-0.645,4.7721,0.3831,155.24,0.62,0.0191,0.2,0.526
4042.0,273.692,-0.643,4.7733,0.3453,156.66,0.37,0.027,0.1869,0.546
4042.1,273.858,-0.6368,4.7685,0.3245,158.07,0.59,0.0194,0.1979,0.552
4042.2,274.006,-0.6302,4.7591,0.3198,159.12,0.8,0.0139,0.1813,0.558
4042.3,274.215,-0.6263,4.7529,0.33,160.33,0.71,0.0133,0.2,0.568
4042.4,274.414,-0.6265,4.7501,0.3466,159.31,1.09,0.0212,0.04,0.584
4042.5,274.62,-0.6293,4.7453,0.3416,161.61,0.62,0.0343,0.04,0.589
4042.6,274.773,-0.6342,4.7428,0.3357,162.38,0.61,0.0499,0.16,0.6
4042.7,274.876,-0.6384,4.74,0.3364,163.06,0.77,0.0538,0.152,0.594
4042.8,274.978,-0.6442,4.7371,0.3399,163.96,0.74,0.0571,0.1172,0.594
4042.9,275.091,-0.6545,4.74,0.343,164.1,0.57,0.0686,0.0772,0.578
4043.0,275.192,-0.6681,4.7451,0.3482,164.56,0.47,0.0847,0.0702,0.579
4043.1,275.299,-0.6822,4.75,0.352,165.27,0.43,0.1021,0.0733,0.579
4043.2,275.4,-0.6936,4.7579,0.3552,165.57,0.42,0.107,0.0679,0.581
4043.3,275.504,-0.7046,4.7663,0.3538,165.89,0.46,0.1113,0.0651,0.581
4043.4,275.622,-0.7116,4.7713,0.3555,166.13,0.49,0.1028,0.0632,0.615
4043.5,275.752,-0.7212,4.7738,0.3537,166.62,0.46,0.0945,0.0698,0.61
4043.6,275.855,-0.7323,4.7751,0.3565,167.15,0.38,0.0944,0.0717,0.607
4043.7,275.959,-0.7438,4.7762,0.357,167.28,0.35,0.0965,0.0729,0.607
4043.8,276.139,-0.7562,4.7757,0.3364,167.78,0.64,0.0953,0.0642,0.608
4043.9,276.252,-0.7619,4.7784,0.3173,168.05,0.81,0.1047,0.0749,0.609
4044.0,276.355,-0.7607,4.7843,0.3334,169.46,0.96,0.0914,0.0688,0.609
4044.1,276.561,-0.7581,4.7919,0.3304,169.09,1.35,0.0415,-0.0107,0.614
4044.2,276.796,-0.7578,4.7985,0.2974,169.02,0.6,0.0427,-0.0018,0.612
4044.3,277.009,-0.7541,4.8021,0.288,168.95,0.49,0.0374,0.0223,0.602
4044.4,277.273,-0.754,4.8047,0.2747,168.92,0.54,0.043,0.0275,0.596
4044.5,277.456,-0.7558,4.8049,0.2828,169.14,0.6,0.0409,0.0277,0.589
4044.6,277.556,-0.7619,4.8055,0.2888,169.71,0.32,0.0453,0.0275,0.589
4044.7,277.692,-0.7749,4.8098,0.3014,169.63,0.92,0.0699,0.0452,0.59
4044.8,277.799,-0.7874,4.8104,0.3135,169.44,0.22,0.0853,0.0292,0.589
4044.9,277.903,-0.8045,4.8065,0.329,169.75,0.48,0.0925,0.0289,0.588
4045.0,278.003,-0.8212,4.8011,0.3369,170.25,0.32,0.1137,0.0458,0.588
4045.1,278.154,-0.8367,4.7979,0.3321,170.24,0.24,0.1175,0.0287,0.596
4045.2,278.338,-0.8497,4.79,0.3276,170.52,0.88,0.1128,0.0342,0.606
4045.3,278.5,-0.8576,4.7809,0.3318,170.85,0.99,0.1034,0.0434,0.612
4045.4,278.708,-0.8614,4.7776,0.3503,171.28,0.8,0.071,0.1149,0.623
4045.5,278.867,-0.8695,4.7778,0.367,170.66,0.83,0.0748,0.0317,0.637
4045.6,278.968,-0.8758,4.7772,0.3712,171.4,0.68,0.0778,-0.0374,0.639
4045.7,279.07,-0.8829,4.7787,0.3709,171.54,0.44,0.0794,-0.0367,0.639
4045.8,279.267,-0.892,4.783,0.3589,171.45,0.4,0.0849,-0.0147,0.643
4045.9,279.427,-0.8976,4.7896,0.3496,172.73,1.09,0.0891,-0.0254,0.645
4046.0,279.636,-0.9,4.7979,0.3696,173.66,1.14,0.0318,0.0,0.642
4046.1,279.888,-0.8976,4.8058,0.4169,162.28,1.52,0.0438,-0.2,0.654
4046.2,280.07,-0.8902,4.8089,0.4113,150.14,2.26,0.0429,-0.2,0.63
4046.3,280.302,-0.8714,4.8139,0.4202,152.0,6.02,0.006,-0.1995,0.557
4046.4,280.427,-0.857,4.8172,0.3989,160.43,5.43,0.0,-0.1195,0.524
4046.5,280.528,-0.827,4.8174,0.3525,170.6,2.76,0.0,-0.0395,0.554
4046.602,280.634,-0.7983,4.8043,0.3477,170.98,2.42,0.0,0.0405,0.6
4046.7,280.736,-0.7823,4.7815,0.336,169.4,2.32,0.0,-0.0245,0.601
4046.8,280.84,-0.7693,4.7504,0.3279,169.77,2.54,0.0,-0.1033,0.615
4046.9,280.949,-0.7686,4.7356,0.3274,169.22,1.67,0.0,-0.0233,0.644
4047.0,281.054,-0.7748,4.7342,0.3313,168.96,1.27,0.0084,-0.0185,0.644
4047.1,281.227,-0.7822,4.7196,0.3385,169.27,3.94,0.0607,-0.0077,0.655
4047.2,281.362,-0.7985,4.7035,0.3463,169.01,4.12,0.0826,-0.012,0.656
4047.3,281.523,-0.8278,4.6902,0.3387,169.21,2.41,0.1259,-0.0072,0.667
4047.4,281.778,-0.8546,4.6772,0.3076,168.66,3.11,0.1469,-0.0375,0.682
4047.5,282.017,-0.889,4.6567,0.2813,168.9,3.13,0.15,0.0053,0.704
4047.6,282.199,-0.912,4.6418,0.2728,168.72,2.4,0.1474,0.0253,0.683
4047.7,282.353,-0.944,4.6217,0.2824,168.55,6.54,0.148,0.0295,0.654
4047.8,282.498,-0.9782,4.5971,0.2967,169.13,7.79,0.15,0.0383,0.637
4047.9,282.704,-0.9997,4.5773,0.2996,169.19,4.51,0.148,0.0477,0.557
4048.0,282.91,-1.0202,4.559,0.2844,169.47,3.06,0.1402,0.0626,0.595
4048.1,283.065,-1.0261,4.549,0.2869,169.75,1.81,0.1027,0.0575,0.666
4048.2,283.243,-1.0302,4.5461,0.3003,169.25,1.48,0.0893,0.056,0.672
4048.3,283.374,-1.0355,4.5444,0.3224,168.55,1.24,0.0806,0.01,0.732
4048.4,283.534,-1.0409,4.543,0.3279,170.01,1.01,0.0781,0.05,0.789
4048.5,283.719,-1.0397,4.538,0.3232,169.24,1.03,0.0831,0.1806,0.865
4048.6,283.885,-1.0308,4.5269,0.3341,170.45,1.03,0.0211,0.0606,0.896
4048.7,284.064,-1.0227,4.5189,0.3374,171.74,0.95,0.0104,0.1085,0.876
4048.8,284.24,-1.0182,4.5178,0.3218,172.46,0.58,0.0165,0.1382,0.895
4048.9,284.397,-1.0114,4.5206,0.3196,173.34,0.16,0.0221,0.1166,0.915
4049.0,284.52,-1.0072,4.5287,0.3246,173.71,0.86,0.0243,0.1139,0.873
4049.1,284.712,-1.0036,4.5399,0.3134,174.49,0.31,0.0262,0.0901,0.902
4049.201,284.894,-1.0024,4.5515,0.3001,174.94,0.99,0.0347,0.0941,0.837
4049.3,284.993,-0.9968,4.5618,0.2991,175.32,1.62,0.0335,0.0953,0.837
4049.4,285.098,-0.9898,4.5745,0.3086,175.87,1.6,0.0253,0.0934,0.778
4049.5,285.234,-0.9907,4.5811,0.3175,176.8,1.09,0.0261,0.1052,0.81
4049.6,285.34,-1.0005,4.5818,0.3272,177.2,0.74,0.0395,0.1156,0.859
4049.7,285.444,-1.0104,4.5805,0.3364,177.48,0.37,0.0612,0.1166,0.859
4049.8,285.563,-1.0216,4.5774,0.3369,178.23,0.11,0.0801,0.1087,0.894
4049.9,285.789,-1.0336,4.5747,0.3294,178.81,0.12,0.0886,0.1128,0.921
4050.0,285.96,-1.0447,4.5676,0.3322,179.01,0.98,0.0915,0.1148,0.909
4050.1,286.095,-1.055,4.557,0.3461,179.8,1.06,0.0905,0.0745,0.898
4050.2,286.36,-1.0624,4.5475,0.3434,179.64,2.01,0.088,0.0987,0.888
4050.3,286.518,-1.0574,4.5389,0.3654,174.46,2.21,0.0481,0.0187,0.866
4050.4,286.617,-1.0444,4.5295,0.3661,175.41,1.65,0.0284,-0.0213,0.866
4050.5,286.724,-1.0299,4.521,0.3561,179.03,1.14,0.0021,0.0187,0.894
4050.6,286.825,-1.0173,4.5193,0.35,-179.3,0.54,0.0032,0.0987,0.906
4050.7,286.927,-1.008,4.5199,0.355,-179.56,0.63,0.0056,0.1787,0.906
4050.8,287.045,-0.9989,4.5185,0.3559,-178.03,0.79,0.0146,0.2,0.918
4050.9,287.264,-0.9908,4.5176,0.3533,-177.1,0.52,0.0123,0.167,0.926
4051.0,287.457,-0.9842,4.5173,0.3714,179.14,1.11,0.0091,0.047,0.936
4051.1,287.645,-0.9783,4.516,0.3547,-178.61,0.58,0.01,-0.0385,0.943
4051.2,287.855,-0.971,4.5147,0.3239,-176.07,0.51,0.015,0.1215,0.949
4051.3,288.016,-0.9582,4.5166,0.314,-175.05,0.37,0.0102,0.2,0.955
4051.4,288.176,-0.95,4.5226,0.3158,-174.33,0.3,0.0061,0.1613,0.874
4051.5,288.405,-0.9464,4.527,0.3348,-173.75,0.28,0.0092,0.0413,0.867
4051.6,288.526,-0.949,4.5273,0.3546,-170.13,1.0,0.0205,0.0813,0.829
4051.7,288.732,-0.9536,4.5303,0.3405,-171.4,0.92,0.0426,0.0813,0.722
4051.8,288.844,-0.9569,4.5346,0.3154,-171.24,1.51,0.0493,0.0013,0.648
4051.9,289.017,-0.9552,4.5446,0.3389,-168.06,2.01,0.0256,-0.0676,0.715
4052.0,289.246,-0.9554,4.5571,0.322,-170.34,1.03,0.0003,-0.0676,0.639
4052.1,289.394,-0.9503,4.5671,0.3159,-171.58,1.59,0.0039,-0.1876,0.673
4052.2,289.494,-0.9365,4.5785,0.3174,-172.82,1.89,0.0042,-0.1896,0.692
4052.3,289.594,-0.92,4.5952,0.3178,-174.11,1.55,0.0,-0.1791,0.692
4052.4,289.837,-0.9113,4.6051,0.3129,-175.03,1.6,0.0,-0.148,0.699
4052.5,289.954,-0.899,4.621,0.3151,-176.03,2.89,0.0055,-0.12,0.715
4052.6,290.057,-0.8836,4.6451,0.3214,-176.85,3.7,0.0,-0.1147,0.714
4052.7,290.157,-0.8831,4.6574,0.327,-176.95,2.39,0.0,-0.1147,0.714
4052.8,290.264,-0.8934,4.6622,0.3354,-177.53,1.31,0.0312,-0.073,0.699
4052.9,290.371,-0.905,4.6612,0.3362,-178.13,0.79,0.0562,-0.0588,0.699
4053.0,290.488,-0.9156,4.6524,0.3423,-178.52,0.65,0.0663,-0.0571,0.884
4053.1,290.593,-0.9258,4.6428,0.3382,-178.59,0.34,0.0775,-0.0564,0.884
4053.2,290.718,-0.9317,4.6358,0.3431,-178.91,0.68,0.0717,-0.0419,0.943
4053.3,290.824,-0.9387,4.6284,0.3402,-179.28,1.05,0.0681,-0.039,0.943
4053.4,290.946,-0.9502,4.6176,0.3424,-179.56,1.14,0.0675,-0.0418,0.952
4053.5,291.14,-0.9564,4.6097,0.3487,-178.52,1.21,0.0856,-0.0185,0.908
4053.6,291.341,-0.96,4.6055,0.3669,179.18,1.38,0.0721,0.029,0.945
4053.7,291.444,-0.9678,4.6036,0.3796,173.13,0.93,0.069,-0.051,0.945
4053.8,291.554,-0.9721,4.6034,0.3815,174.86,0.55,0.0659,-0.091,0.844
4053.9,291.661,-0.9782,4.6041,0.3766,178.15,0.22,0.0814,-0.011,0.96
4054.0,291.768,-0.9858,4.6057,0.3735,179.21,0.37,0.0805,0.069,0.952
4054.1,291.883,-0.9964,4.6062,0.3769,178.81,0.39,0.0813,0.069,0.952
4054.2,291.989,-1.0075,4.6051,0.3767,179.82,0.39,0.0873,0.0122,0.945
4054.3,292.25,-1.0134,4.6045,0.3998,173.9,1.75,0.0871,0.0425,0.934
4054.4,292.412,-1.0163,4.6102,0.4017,162.25,0.3,0.0257,0.0,0.924
4054.5,292.596,-1.009,4.6186,0.3953,156.27,1.12,0.0217,-0.12,0.855
4054.6,292.818,-0.9942,4.6234,0.3609,157.22,0.39,0.0071,-0.1596,0.751
4054.7,292.922,-0.9771,4.6239,0.3466,164.76,1.9,0.0032,-0.0796,0.747
4054.8,293.027,-0.9675,4.6172,0.3517,-177.26,2.38,0.0,0.0004,0.815
4054.9,293.127,-0.9451,4.6123,0.3344,-170.18,1.81,0.0,0.0804,0.815
4055.0,293.28,-0.92,4.61,0.3175,-169.53,1.27,0.0,0.2,0.951
4055.1,293.461,-0.9065,4.6076,0.3143,-169.49,1.43,0.0,0.1355,0.623
4055.2,293.666,-0.8828,4.6192,0.3065,-169.0,1.82,0.0,0.0884,0.526
4055.3,293.865,-0.8703,4.6215,0.2987,-168.28,1.16,0.0,0.0897,0.494
4055.4,294.046,-0.8617,4.6341,0.3097,-168.73,1.68,0.0,0.0666,0.461
4055.5,294.257,-0.8571,4.6471,0.3316,-169.01,1.86,0.0,-0.0793,0.456
4055.6,294.376,-0.8634,4.6461,0.3549,-168.01,1.7,0.0,-0.1593,0.465
4055.7,294.482,-0.8649,4.6514,0.3629,-168.93,1.19,0.0,-0.0793,0.455
4055.8,294.589,-0.8607,4.6583,0.3531,-169.42,0.59,0.0,-0.0466,0.458
4055.9,294.694,-0.8595,4.6627,0.351,-169.27,0.86,0.0,-0.0402,0.455
4056.0,294.799,-0.8602,4.6646,0.3537,-169.61,0.74,0.0,-0.029,0.455
4056.1,294.941,-0.8578,4.6635,0.3564,-170.06,0.43,0.0065,-0.0626,0.454
4056.2,295.088,-0.8559,4.6603,0.3598,-170.23,0.07,0.0045,-0.095,0.457
4056.3,295.261,-0.8561,4.6548,0.3409,-170.59,0.12,0.0096,-0.0843,0.46
4056.4,295.441,-0.8516,4.6431,0.3285,-170.95,1.0,0.0014,-0.0822,0.457
4056.5,295.657,-0.8405,4.6327,0.3335,-170.36,1.2,0.0,-0.0924,0.455
4056.6,295.84,-0.8328,4.625,0.3419,-172.07,1.54,0.0,-0.113,0.464
4056.7,296.052,-0.8299,4.62,0.3634,-172.16,1.61,0.0031,-0.1984,0.469
4056.8,296.202,-0.8266,4.6158,0.3796,-163.34,1.31,0.0005,-0.1775,0.455
4056.9,296.44,-0.8231,4.6149,0.3484,-160.94,0.66,0.0,0.0225,0.455
4057.0,296.58,-0.8117,4.612,0.3398,-161.21,0.69,0.0,0.0625,0.477
4057.1,296.691,-0.803,4.6131,0.3367,-160.87,0.51,0.0,0.0392,0.463
4057.2,296.795,-0.7987,4.614,0.337,-160.86,0.89,0.0,0.0452,0.481
4057.3,296.902,-0.7988,4.6089,0.337,-160.42,0.89,0.0,0.0652,0.534
4057.4,297.005,-0.7977,4.6034,0.3398,-160.0,0.88,0.0,0.0718,0.457
4057.5,297.111,-0.801,4.5987,0.3365,-159.81,0.85,0.0,0.0633,0.457
4057.6,297.245,-0.8084,4.5929,0.3386,-159.41,0.85,0.0061,0.0532,0.498
4057.7,297.413,-0.8145,4.5911,0.3413,-158.39,0.73,0.0236,0.0443,0.481
4057.8,297.557,-0.8187,4.5952,0.3571,-156.82,0.26,0.0029,0.1273,0.467
4057.9,297.77,-0.8242,4.599,0.3369,-157.88,0.37,0.0021,0.0473,0.473
4058.0,297.965,-0.8265,4.6022,0.3046,-158.12,0.48,0.0014,-0.1121,0.452
4058.1,298.155,-0.8237,4.6039,0.2928,-157.93,0.41,0.0001,-0.0608,0.453
4058.2,298.347,-0.823,4.6036,0.2955,-157.72,0.6,0.0,-0.0222,0.448
4058.3,298.448,-0.8274,4.6036,0.3086,-158.5,0.48,0.0,-0.0205,0.473
4058.4,298.549,-0.8323,4.6045,0.3244,-158.9,0.56,0.0021,-0.0595,0.473
4058.5,298.689,-0.8368,4.6058,0.3177,-159.11,0.84,0.0052,-0.0408,0.471
4058.6,298.803,-0.8352,4.6114,0.3289,-158.03,1.14,0.0009,-0.0303,0.457
4058.705,298.915,-0.828,4.6165,0.337,-158.71,0.95,0.0002,0.0497,0.46
4058.8,299.015,-0.8151,4.6243,0.3402,-159.19,1.0,0.0,-0.0086,0.472
4058.9,299.125,-0.8039,4.6308,0.3363,-159.06,0.56,0.0,0.006,0.463
4059.0,299.23,-0.7998,4.6288,0.3387,-159.08,0.04,0.0,-0.0142,0.463
4059.1,299.385,-0.8027,4.6238,0.3433,-159.07,0.43,0.0005,0.0034,0.448
4059.2,299.503,-0.8085,4.62,0.3488,-159.05,0.57,0.009,0.008,0.474
4059.3,299.616,-0.8144,4.618,0.3534,-159.05,0.55,0.0135,0.0007,0.474
4059.4,299.719,-0.8183,4.6171,0.3564,-159.04,0.41,0.0129,-0.0038,0.485
4059.5,299.827,-0.819,4.6196,0.3566,-159.11,0.24,0.0058,-0.0063,0.468
4059.6,299.934,-0.8154,4.6259,0.3567,-159.24,0.59,0.0005,-0.0092,0.468
4059.7,300.04,-0.8142,4.6273,0.3552,-159.16,0.47,0.0,-0.006,0.46
4059.8,300.146,-0.8143,4.6244,0.3565,-159.01,0.24,0.0,-0.0042,0.46
4059.9,300.356,-0.813,4.6208,0.375,-162.53,0.4,0.0013,-0.0203,0.481
4060.0,300.576,-0.8114,4.6198,0.4043,-163.29,0.67,0.0054,-0.1403,0.472
4060.1,300.697,-0.8094,4.6161,0.4038,-155.63,0.71,0.0012,-0.1403,0.451
4060.2,300.806,-0.8053,4.6167,0.3947,-152.62,0.12,0.0,-0.0603,0.454
4060.3,300.917,-0.8047,4.6146,0.3876,-156.51,0.22,0.0,0.0597,0.454
4060.4,301.085,-0.8055,4.6109,0.3684,-159.26,0.09,0.0025,-0.0603,0.636
4060.5,301.342,-0.8052,4.6073,0.3326,-158.39,0.36,0.0003,-0.0502,0.469
4060.6,301.527,-0.8036,4.6089,0.3206,-158.47,0.31,0.0,0.0496,0.482
4060.7,301.711,-0.8011,4.6096,0.3216,-158.9,0.46,0.0,-0.0301,0.463
4060.8,301.884,-0.8024,4.6063,0.3316,-158.62,0.26,0.0,-0.1095,0.466
4060.9,302.073,-0.8093,4.5984,0.3356,-159.07,0.46,0.0152,-0.0734,0.548
4061.0,302.294,-0.8157,4.5881,0.323,-159.33,0.34,0.0248,-0.0598,0.492
4061.1,302.441,-0.8154,4.5823,0.3231,-159.82,0.39,0.0097,-0.0687,0.473
4061.2,302.602,-0.8101,4.5756,0.3276,-160.43,0.91,0.0,-0.0434,0.496
4061.3,302.837,-0.8009,4.571,0.353,-156.09,1.26,0.0,-0.0855,0.462
4061.4,302.992,-0.7945,4.5644,0.3602,-152.27,0.69,0.0001,0.0345,0.496
4061.5,303.175,-0.7913,4.5589,0.3529,-153.52,0.73,0.0,0.0062,0.771
4061.6,303.358,-0.7841,4.5575,0.3424,-153.58,0.18,0.0,0.0326,1.069
4061.7,303.511,-0.7737,4.5641,0.3408,-153.23,0.09,0.0,0.0522,1.051
4061.8,303.672,-0.7654,4.5698,0.3413,-152.57,0.35,0.0,0.0808,0.974
4061.9,303.853,-0.7588,4.5748,0.3453,-152.36,0.15,0.0,0.0832,0.963
4062.0,303.981,-0.7583,4.5838,0.3475,-152.03,0.76,0.0,0.0531,0.994
4062.1,304.115,-0.7618,4.5896,0.3444,-151.51,0.53,0.0,0.0496,0.982
4062.2,304.34,-0.7682,4.5924,0.3402,-151.43,0.28,0.0021,0.0473,0.965
4062.3,304.479,-0.7728,4.5972,0.3464,-151.28,0.38,0.0025,0.0321,0.951
4062.4,304.626,-0.7774,4.6042,0.3501,-150.74,0.72,0.0005,0.0525,0.951
4062.5,304.787,-0.7807,4.6118,0.3516,-150.65,0.85,0.0,0.0499,0.966
4062.6,304.92,-0.7799,4.619,0.3518,-150.38,0.73,0.0,0.0406,0.959
4062.7,305.02,-0.7807,4.62,0.3524,-150.06,0.71,0.0,0.04,0.964
4062.8,305.124,-0.7825,4.6175,0.3527,-149.83,0.45,0.0,0.0407,0.971
4062.9,305.227,-0.7821,4.6138,0.3527,-149.81,0.3,0.0013,0.0282,0.984
4063.0,305.331,-0.7793,4.6093,0.3535,-149.66,0.34,0.0002,0.0166,1.009
4063.1,305.436,-0.7762,4.6063,0.3533,-149.38,0.41,0.0001,0.017,1.023
4063.203,305.542,-0.7705,4.605,0.3541,-149.16,0.55,0.0,0.0145,1.035
4063.3,305.642,-0.7685,4.6045,0.3533,-149.2,0.41,0.0,0.0125,1.035
4063.4,305.913,-0.7695,4.6042,0.3284,-148.97,0.19,0.0,-0.0046,1.046
4063.5,306.041,-0.7571,4.6104,0.3377,-146.25,0.37,0.0,0.0049,0.922
4063.6,306.144,-0.7475,4.6221,0.337,-146.9,0.91,0.0,0.0449,0.942
4063.7,306.254,-0.7403,4.6407,0.3329,-147.1,1.16,0.0,0.0449,0.91
4063.8,306.364,-0.7351,4.6497,0.3303,-147.0,0.71,0.0,0.0454,0.891
4063.9,306.474,-0.7369,4.6472,0.3329,-146.77,0.43,0.001,0.0646,0.906
4064.0,306.589,-0.7419,4.6539,0.3368,-146.67,1.59,0.0016,0.0607,0.906
4064.1,306.749,-0.7479,4.6679,0.3218,-146.24,0.78,0.0003,0.0601,0.912
4064.2,306.934,-0.7604,4.6767,0.314,-145.87,1.32,0.0004,0.0603,0.879
4064.3,307.144,-0.7694,4.687,0.3143,-145.42,1.32,0.0096,0.0531,0.808
4064.4,307.246,-0.7815,4.6898,0.3212,-144.5,1.75,0.0024,0.0548,0.808
4064.5,307.452,-0.7988,4.6899,0.3089,-144.43,1.16,0.0401,0.0615,0.824
4064.6,307.661,-0.809,4.6933,0.2869,-144.25,1.6,0.0355,0.0701,0.825
4064.7,307.88,-0.8187,4.7045,0.2685,-144.89,1.39,0.0045,-0.01,0.705
4064.8,307.982,-0.8191,4.7189,0.274,-144.95,1.71,0.0,-0.0081,0.672
4064.9,308.084,-0.8192,4.7312,0.2913,-144.46,1.39,0.0,-0.0224,0.694
4065.0,308.187,-0.8209,4.7318,0.3123,-143.61,0.77,0.0,0.0176,0.768
4065.1,308.294,-0.8238,4.7252,0.3207,-143.64,0.84,0.0059,0.0552,0.768
4065.2,308.405,-0.8164,4.7189,0.3147,-143.5,1.07,0.0126,0.0433,0.876
4065.3,308.509,-0.8039,4.7184,0.3329,-145.16,1.05,0.0025,0.0033,0.876
4065.4,308.695,-0.7869,4.7234,0.3398,-143.74,1.31,0.0,0.0392,0.928
4065.5,308.805,-0.773,4.7297,0.336,-143.11,0.7,0.0,0.0594,1.028
4065.6,308.916,-0.7657,4.7382,0.3383,-142.97,0.19,0.0,0.0515,0.985
4065.7,309.024,-0.7635,4.7413,0.3395,-142.56,0.17,0.0,0.0207,0.96
4065.8,309.132,-0.7622,4.7377,0.3449,-142.23,0.44,0.0,0.021,0.979
4065.9,309.236,-0.7647,4.7307,0.3459,-142.16,0.43,0.0,0.0072,0.979
4066.0,309.435,-0.7697,4.7224,0.329,-141.98,0.47,0.0176,-0.0192,1.009
4066.1,309.656,-0.7708,4.7196,0.2974,-142.17,0.63,0.012,-0.0405,1.012
4066.2,309.892,-0.7652,4.7169,0.2734,-142.2,0.33,0.0,-0.0471,0.916
4066.3,310.099,-0.762,4.7207,0.2661,-142.68,0.04,0.0,-0.0687,0.839
4066.4,310.305,-0.7567,4.7211,0.2707,-143.21,0.76,0.0001,-0.1156,0.734
4066.5,310.521,-0.7531,4.7207,0.2794,-142.84,0.39,0.0,-0.0138,0.728
4066.6,310.622,-0.7527,4.7192,0.2963,-143.91,0.68,0.0013,-0.0251,0.766
4066.7,310.757,-0.7562,4.7127,0.3138,-143.92,0.92,0.0122,-0.0776,0.877
4066.8,310.857,-0.7602,4.7099,0.3125,-143.87,0.08,0.0125,-0.0794,0.915
4066.9,310.958,-0.7667,4.7137,0.326,-144.35,0.44,0.0106,-0.0852,0.88
4067.0,311.064,-0.7707,4.7196,0.3333,-145.07,0.75,0.0084,-0.0981,0.88
4067.1,311.172,-0.769,4.7272,0.3441,-145.56,1.11,0.0031,-0.1006,0.9
4067.2,311.415,-0.7669,4.7346,0.3561,-143.26,1.33,0.0026,-0.0816,0.914
4067.3,311.614,-0.7639,4.7429,0.3687,-146.06,1.09,0.0,0.0194,0.932
4067.4,311.841,-0.7615,4.751,0.3949,-144.93,2.08,0.0003,-0.1406,0.959
4067.5,312.056,-0.7562,4.7559,0.4197,-140.93,0.55,0.0,0.0594,1.016
4067.6,312.263,-0.7514,4.7676,0.4062,-137.4,0.87,0.0,0.2,1.05
4067.7,312.397,-0.7439,4.7893,0.3949,-135.5,1.01,0.0,0.1996,0.45
4067.8,312.551,-0.7328,4.8189,0.3791,-136.34,1.69,0.0,0.1446,0.45
4067.9,312.757,-0.7241,4.8359,0.3713,-136.12,1.29,0.0,-0.023,0.45
4068.0,312.858,-0.7253,4.8476,0.3681,-136.54,1.72,0.0,-0.0084,0.449
4068.1,312.961,-0.728,4.8726,0.3608,-136.67,2.52,0.0,0.0056,0.449
4068.2,313.069,-0.7296,4.8936,0.3519,-136.55,1.62,0.0,0.0219,0.449
4068.301,313.175,-0.7309,4.8953,0.3498,-136.43,0.89,0.0027,0.0268,0.449
4068.4,313.275,-0.7334,4.8887,0.3516,-136.31,0.38,0.0133,0.0324,0.449
4068.5,313.46,-0.7374,4.8808,0.3533,-136.2,0.3,0.0285,0.0276,0.448
4068.6,313.668,-0.7452,4.8694,0.3534,-135.99,0.76,0.0412,0.021,0.448
4068.7,313.772,-0.7546,4.8647,0.3523,-136.04,0.83,0.0433,0.0137,0.449
4068.8,313.875,-0.7592,4.8682,0.3546,-136.14,0.97,0.0196,0.0102,0.448
4068.9,313.98,-0.7618,4.8696,0.3547,-135.9,0.86,0.0046,0.0053,0.448
4069.0,314.089,-0.7648,4.868,0.3557,-135.73,0.66,0.0013,0.0041,0.449
4069.1,314.293,-0.7627,4.8672,0.3708,-138.75,0.66,0.0068,-0.0055,0.448
4069.2,314.455,-0.7599,4.8674,0.3785,-144.67,0.4,0.0049,-0.0855,0.448
4069.3,314.657,-0.7558,4.8677,0.3614,-143.6,0.05,0.0007,-0.1596,0.448
4069.4,314.767,-0.7417,4.871,0.362,-140.08,0.75,0.0,-0.1196,0.448
4069.5,314.873,-0.7262,4.8745,0.3625,-138.64,1.19,0.0,-0.0396,0.449
4069.6,314.977,-0.704,4.8784,0.358,-138.29,1.77,0.0,0.0404,0.449
4069.7,315.083,-0.6844,4.8796,0.3458,-138.15,1.33,0.0,0.1204,0.449
4069.8,315.187,-0.6757,4.8795,0.3428,-137.75,0.91,0.0,0.1167,0.449
4069.9,315.299,-0.6744,4.8786,0.3441,-136.95,0.73,0.0,0.0998,0.448
4070.0,315.463,-0.6742,4.8779,0.3454,-136.25,0.55,0.0002,0.1034,0.448
4070.1,315.658,-0.6734,4.8773,0.3457,-138.07,0.65,0.0006,0.0816,0.448
4070.201,315.829,-0.6737,4.8749,0.3545,-138.24,0.46,0.0026,0.0016,0.448
4070.3,315.937,-0.6743,4.8723,0.3623,-135.5,0.44,0.0032,0.0816,0.449
4070.4,316.039,-0.6789,4.8698,0.363,-135.08,0.33,0.0015,0.1616,0.449
4070.5,316.148,-0.6827,4.8669,0.3607,-134.35,0.37,0.006,0.1989,0.449
4070.6,316.252,-0.6862,4.8674,0.3592,-133.23,0.33,0.0073,0.1725,0.449
4070.7,316.381,-0.6896,4.8721,0.3541,-132.25,0.2,0.0005,0.1453,0.448
4070.8,316.599,-0.6897,4.8777,0.3467,-131.41,0.23,0.0,0.111,0.449
4070.9,316.767,-0.6885,4.8819,0.3499,-130.28,0.48,0.0,0.09,0.449
4071.0,316.867,-0.6894,4.8829,0.3589,-129.21,0.42,0.0022,0.13,0.448
4071.1,316.967,-0.6899,4.8847,0.3604,-129.52,0.43,0.0012,0.1198,0.448
4071.2,317.067,-0.6899,4.8864,0.3558,-128.9,0.31,0.0017,0.068,0.449
4071.3,317.167,-0.6893,4.8846,0.3548,-128.33,0.22,0.0055,0.0494,0.449
4071.4,317.268,-0.6884,4.8811,0.3556,-127.94,0.09,0.0076,0.0464,0.448
4071.5,317.368,-0.6884,4.8766,0.3553,-127.93,0.4,0.0117,0.0223,0.448
4071.6,317.469,-0.6872,4.8714,0.3555,-127.78,0.58,0.0095,0.0134,0.448
4071.7,317.568,-0.6865,4.8684,0.3549,-127.49,0.51,0.0077,0.0085,0.45
4071.8,317.668,-0.6845,4.8703,0.3552,-127.33,0.47,0.0008,0.0024,0.448
4071.9,317.768,-0.6836,4.8726,0.353,-127.4,0.27,0.0,-0.0045,0.45
4072.0,317.868,-0.6843,4.8759,0.3535,-127.61,0.04,0.0,-0.0192,0.449
4072.1,317.968,-0.6848,4.8794,0.3525,-127.6,0.22,0.0,-0.0246,0.448
4072.2,318.068,-0.6848,4.8784,0.3524,-127.54,0.13,0.0001,-0.0243,0.448
4072.3,318.168,-0.6852,4.8765,0.3525,-127.51,0.15,0.0027,-0.0249,0.449
4072.4,318.268,-0.6857,4.8754,0.3525,-127.52,0.19,0.0027,-0.0265,0.448
4072.5,318.369,-0.6858,4.8749,0.3525,-127.57,0.2,0.0018,-0.0311,0.449
4072.6,318.469,-0.6858,4.8736,0.3513,-127.67,0.16,0.0012,-0.0354,0.449
4072.7,318.569,-0.6852,4.8732,0.3519,-127.78,0.17,0.0001,-0.0382,0.449
4072.8,318.669,-0.6851,4.8725,0.3504,-128.13,0.08,0.0,-0.0413,0.448
4072.9,318.769,-0.6843,4.8728,0.3518,-128.51,0.14,0.0,-0.0494,0.448
4073.0,318.869,-0.6842,4.8728,0.3507,-128.64,0.04,0.0,-0.0503,0.448
4073.1,318.969,-0.6835,4.8724,0.3513,-128.7,0.14,0.0,-0.0466,0.45
4073.2,319.069,-0.6822,4.872,0.3509,-129.0,0.15,0.0,-0.049,0.449
4073.3,319.169,-0.6823,4.8714,0.3509,-129.46,0.14,0.0006,-0.0575,0.448
4073.4,319.269,-0.6828,4.8713,0.3517,-129.8,0.09,0.0001,-0.0627,0.449
4073.5,319.37,-0.684,4.8703,0.3507,-129.92,0.1,0.0006,-0.0614,0.45
4073.6,319.47,-0.6844,4.8704,0.3517,-130.14,0.1,0.0,-0.0584,0.449
4073.7,319.57,-0.6853,4.8701,0.3508,-130.61,0.08,0.0,-0.0621,0.448
4073.8,319.669,-0.6851,4.871,0.3524,-131.12,0.13,0.0,-0.0621,0.449
4073.9,319.769,-0.6852,4.8718,0.3513,-131.36,0.1,0.0,-0.0653,0.449
4074.0,319.869,-0.6849,4.8715,0.3516,-131.52,0.1,0.0,-0.06,0.449
4074.1,319.969,-0.6841,4.8707,0.3514,-131.86,0.05,0.0,-0.0587,0.449
4074.2,320.069,-0.6842,4.8699,0.3516,-132.41,0.13,0.0,-0.0587,0.448
4074.3,320.169,-0.6839,4.8694,0.3522,-132.78,0.1,0.0002,-0.0726,0.449
4074.4,320.269,-0.6841,4.8684,0.3508,-132.93,0.09,0.0001,-0.0705,0.448
4074.5,320.369,-0.6831,4.8685,0.3516,-133.21,0.14,0.0,-0.0688,0.448
4074.6,320.469,-0.683,4.8681,0.3507,-133.73,0.04,0.0,-0.0745,0.448
4074.7,320.569,-0.6831,4.8686,0.3523,-134.3,0.13,0.0,-0.0783,0.45
4074.8,320.67,-0.6842,4.8688,0.3511,-134.61,0.05,0.0014,-0.0829,0.448
4074.9,320.77,-0.6849,4.8686,0.3515,-134.82,0.14,0.0012,-0.0782,0.448
4075.0,320.87,-0.6853,4.8683,0.3515,-135.26,0.05,0.0023,-0.0844,0.448
4075.1,320.97,-0.686,4.8681,0.352,-135.95,0.12,0.0023,-0.0844,0.449
4075.2,321.07,-0.6857,4.8686,0.3526,-136.44,0.11,0.0046,-0.1036,0.448
4075.3,321.17,-0.6861,4.8679,0.3509,-136.74,0.08,0.0024,-0.1001,0.448
4075.4,321.271,-0.6854,4.867,0.3516,-137.17,0.09,0.0016,-0.0991,0.449
4075.5,321.371,-0.6855,4.8653,0.3507,-137.85,0.06,0.0038,-0.1024,0.448
4075.6,321.471,-0.6854,4.8643,0.3526,-138.59,0.22,0.0023,-0.1089,0.449
4075.7,321.572,-0.686,4.863,0.3513,-139.02,0.11,0.0029,-0.1077,0.449
4075.8,321.672,-0.6857,4.8629,0.3516,-139.4,0.13,0.0032,-0.1056,0.448
4075.9,321.772,-0.6851,4.8633,0.3515,-139.95,0.07,0.0017,-0.107,0.448
4076.0,321.872,-0.6859,4.8642,0.352,-140.78,0.09,0.0038,-0.1168,0.449
4076.1,321.973,-0.6868,4.8661,0.3525,-141.39,0.15,0.0038,-0.1168,0.449
4076.2,322.073,-0.6887,4.8661,0.3496,-141.81,0.21,0.0049,-0.1262,0.448
4076.3,322.173,-0.6903,4.8654,0.3507,-142.34,0.15,0.0063,-0.1229,0.448
4076.4,322.273,-0.6924,4.8637,0.3508,-143.16,0.16,0.0093,-0.1257,0.448
4076.5,322.374,-0.692,4.8624,0.3531,-144.02,0.21,0.0093,-0.1257,0.448
4076.6,322.474,-0.6918,4.8607,0.3516,-144.58,0.06,0.0095,-0.1349,0.448
4076.7,322.574,-0.6904,4.8592,0.3517,-145.09,0.15,0.0071,-0.1276,0.449
4076.8,322.674,-0.6885,4.8575,0.3517,-145.78,0.18,0.0041,-0.13,0.448
4076.9,322.773,-0.6894,4.8566,0.3525,-146.73,0.18,0.0063,-0.137,0.448
4077.0,322.873,-0.6911,4.856,0.3534,-147.47,0.12,0.0071,-0.1362,0.448
4077.1,322.973,-0.6934,4.8553,0.3517,-147.97,0.13,0.0071,-0.1362,0.448
4077.2,323.073,-0.6947,4.8558,0.3522,-148.68,0.11,0.0097,-0.1332,0.449
4077.3,323.173,-0.6965,4.856,0.3521,-149.53,0.14,0.0088,-0.1284,0.448
4077.4,323.274,-0.6966,4.8573,0.354,-150.42,0.18,0.0088,-0.1284,0.448
4077.5,323.373,-0.6972,4.8584,0.3524,-151.04,0.17,0.0065,-0.1243,0.448
4077.6,323.474,-0.6979,4.8576,0.3524,-151.49,0.18,0.0065,-0.1243,0.451
4077.7,323.574,-0.6989,4.8558,0.3523,-152.16,0.1,0.0101,-0.1208,0.453
4077.8,323.675,-0.7002,4.8542,0.3531,-153.04,0.19,0.0128,-0.1238,0.454
4077.9,323.775,-0.7007,4.8525,0.3537,-153.76,0.13,0.012,-0.1268,0.457
4078.0,323.875,-0.7017,4.8504,0.3519,-154.25,0.1,0.0141,-0.1223,0.458
4078.1,323.975,-0.7011,4.8488,0.3523,-154.84,0.17,0.0141,-0.1223,0.459
4078.2,324.075,-0.7024,4.8473,0.3521,-155.63,0.07,0.0153,-0.114,0.46
4078.3,324.174,-0.7043,4.8468,0.3541,-156.43,0.2,0.0184,-0.124,0.463
4078.4,324.275,-0.7078,4.8461,0.3525,-156.94,0.07,0.0217,-0.1214,0.466
4078.5,324.375,-0.7107,4.8455,0.3528,-157.39,0.19,0.0268,-0.1178,0.467
4078.6,324.475,-0.7137,4.845,0.3529,-158.05,0.12,0.0265,-0.1154,0.469
4078.7,324.575,-0.7168,4.8449,0.3538,-158.89,0.21,0.0291,-0.12,0.472
4078.8,324.676,-0.7189,4.845,0.3542,-159.57,0.18,0.029,-0.1216,0.476
4078.9,324.776,-0.7223,4.8432,0.3516,-160.06,0.19,0.0327,-0.1148,0.479
4079.0,324.876,-0.7254,4.8409,0.3525,-160.61,0.1,0.0352,-0.1111,0.48
4079.1,324.976,-0.73,4.8382,0.3527,-161.34,0.16,0.038,-0.1082,0.48
4079.2,325.076,-0.7338,4.8357,0.3549,-162.09,0.3,0.0401,-0.1161,0.482
4079.3,325.176,-0.7385,4.8328,0.3544,-162.59,0.2,0.042,-0.1147,0.483
4079.4,325.276,-0.742,4.8306,0.355,-162.99,0.21,0.0413,-0.1112,0.482
4079.5,325.376,-0.7453,4.829,0.355,-163.59,0.12,0.0394,-0.11,0.483
4079.6,325.476,-0.7496,4.8286,0.3557,-164.38,0.2,0.0418,-0.1156,0.484
4079.7,325.576,-0.7537,4.8286,0.356,-164.99,0.17,0.041,-0.1143,0.488
4079.8,325.677,-0.7594,4.8273,0.3541,-165.43,0.21,0.0454,-0.1107,0.491
4079.9,325.777,-0.7645,4.826,0.3546,-165.98,0.2,0.0454,-0.1044,0.492
4080.0,325.877,-0.7707,4.8248,0.3545,-166.66,0.22,0.0488,-0.1022,0.494
4080.1,325.977,-0.7749,4.8236,0.3564,-167.36,0.26,0.0486,-0.1056,0.497
4080.2,326.077,-0.7801,4.8216,0.3546,-167.78,0.11,0.0478,-0.1042,0.499
4080.3,326.177,-0.7848,4.8189,0.3548,-168.16,0.18,0.0494,-0.1027,0.5
4080.4,326.277,-0.7896,4.816,0.3545,-168.73,0.12,0.0482,-0.1021,0.5
4080.5,326.377,-0.7952,4.8144,0.3551,-169.48,0.26,0.0513,-0.1078,0.501
4080.6,326.478,-0.8009,4.8126,0.3552,-170.04,0.16,0.0505,-0.1074,0.504
4080.7,326.579,-0.8077,4.8102,0.3526,-170.44,0.21,0.0558,-0.1055,0.506
4080.8,326.679,-0.8129,4.8088,0.3534,-170.93,0.17,0.0532,-0.1015,0.507
4080.9,326.779,-0.8194,4.8082,0.3537,-171.59,0.14,0.0528,-0.0963,0.509
4081.0,326.879,-0.8247,4.8082,0.3559,-172.26,0.21,0.0523,-0.0981,0.514
4081.1,326.979,-0.8312,4.8077,0.3543,-172.68,0.12,0.0512,-0.0899,0.518
4081.2,327.079,-0.837,4.8066,0.3549,-173.01,0.25,0.0528,-0.0853,0.521
4081.3,327.179,-0.8432,4.8056,0.3545,-173.49,0.15,0.0521,-0.0867,0.523
4081.4,327.279,-0.8487,4.8051,0.3551,-174.15,0.24,0.053,-0.0906,0.526
4081.5,327.379,-0.8534,4.8043,0.3553,-174.63,0.17,0.0512,-0.0901,0.531
4081.6,327.481,-0.8593,4.8025,0.3536,-174.93,0.17,0.054,-0.0862,0.533
4081.7,327.581,-0.8641,4.8005,0.3541,-175.34,0.15,0.0511,-0.0835,0.535
4081.8,327.68,-0.8707,4.7992,0.3539,-175.92,0.13,0.0538,-0.0835,0.537
4081.9,327.78,-0.8766,4.7985,0.3558,-176.53,0.24,0.0544,-0.0871,0.598
4082.0,327.881,-0.8842,4.7977,0.354,-176.86,0.13,0.0572,-0.0832,0.63
4082.1,327.981,-0.8905,4.7968,0.3547,-177.13,0.23,0.0599,-0.0783,0.696
4082.2,328.081,-0.8972,4.7963,0.3538,-177.61,0.12,0.0604,-0.0793,0.752
4082.3,328.182,-0.9036,4.7968,0.3545,-178.2,0.22,0.0622,-0.0839,0.798
4082.4,328.281,-0.9098,4.7973,0.3546,-178.64,0.16,0.0622,-0.0839,0.883
4082.5,328.383,-0.9175,4.7965,0.353,-178.9,0.2,0.0643,-0.073,0.972
4082.6,328.483,-0.9246,4.7956,0.3538,-179.24,0.15,0.0657,-0.0653,0.981
4082.7,328.583,-0.9332,4.7953,0.3538,-179.73,0.17,0.0679,-0.067,1.004
4082.8,328.686,-0.9402,4.7951,0.3557,179.76,0.23,0.0673,-0.0717,0.996
4082.9,328.787,-0.9492,4.7944,0.3524,179.5,0.12,0.0695,-0.0681,0.989
4083.0,328.887,-0.9567,4.7937,0.3534,179.28,0.23,0.0712,-0.0665,0.98
4083.1,328.987,-0.9647,4.7935,0.3539,178.89,0.12,0.0688,-0.0698,0.973
4083.2,329.087,-0.9719,4.7943,0.3554,178.3,0.23,0.0704,-0.0724,0.965
4083.3,329.187,-0.9789,4.7948,0.3554,177.9,0.16,0.0656,-0.07,0.959
4083.4,329.287,-0.9872,4.7941,0.3542,177.68,0.2,0.0695,-0.0617,0.952
4083.5,329.387,-0.9946,4.7933,0.3548,177.4,0.16,0.0695,-0.0583,0.944
4083.6,329.488,-1.0031,4.7932,0.3546,176.93,0.18,0.0735,-0.0569,0.937
4083.7,329.588,-1.0104,4.7931,0.3562,176.49,0.23,0.0731,-0.0566,0.929
4083.8,329.688,-1.0196,4.7928,0.355,176.29,0.15,0.0777,-0.0516,0.922
4083.9,329.788,-1.0274,4.7922,0.3559,176.15,0.25,0.08,-0.0461,0.913
4084.0,329.888,-1.036,4.792,0.3552,175.87,0.14,0.0795,-0.0429,0.905
4084.1,329.988,-1.0448,4.7934,0.356,175.45,0.23,0.0819,-0.0467,0.897
4084.2,330.088,-1.0541,4.7947,0.356,175.2,0.16,0.079,-0.0404,0.889
4084.3,330.188,-1.0647,4.7946,0.3552,175.17,0.22,0.0818,-0.0294,0.879
4084.4,330.29,-1.0742,4.795,0.3554,175.03,0.17,0.0818,-0.0174,0.87
4084.5,330.39,-1.0845,4.7963,0.354,174.73,0.2,0.0831,-0.0108,0.86
4084.6,330.49,-1.0925,4.7968,0.3553,174.52,0.21,0.0789,-0.0059,0.851
4084.7,330.59,-1.1019,4.7968,0.3539,174.57,0.16,0.0778,0.001,0.843
4084.8,330.69,-1.1096,4.7962,0.3551,174.72,0.25,0.0749,0.0134,0.834
4084.9,330.79,-1.1179,4.7958,0.3543,174.68,0.2,0.0744,0.0138,0.827
4085.0,330.89,-1.1257,4.7966,0.3548,174.57,0.25,0.0754,0.0139,0.818
4085.1,330.99,-1.134,4.7975,0.3547,174.62,0.16,0.0723,0.0172,0.811
4085.2,331.09,-1.1431,4.7973,0.3542,174.89,0.24,0.0739,0.0311,0.803
4085.3,331.19,-1.1511,4.7973,0.3548,175.05,0.19,0.0713,0.038,0.794
4085.4,331.291,-1.1601,4.798,0.3533,175.07,0.18,0.0727,0.0419,0.786
4085.5,331.391,-1.1676,4.7986,0.3544,175.16,0.18,0.069,0.0409,0.778
4085.6,331.492,-1.1763,4.7988,0.3531,175.47,0.15,0.0665,0.0477,0.77
4085.7,331.592,-1.1833,4.7984,0.3547,175.91,0.2,0.0637,0.056,0.762
4085.8,331.692,-1.1908,4.7979,0.3542,176.1,0.14,0.0635,0.0566,0.755
4085.9,331.792,-1.1975,4.7982,0.3545,176.21,0.24,0.0646,0.0525,0.748
4086.0,331.893,-1.2045,4.7986,0.3543,176.52,0.15,0.0668,0.0522,0.741
4086.1,331.993,-1.2118,4.7977,0.3542,176.97,0.2,0.0655,0.0636,0.734
4086.2,332.093,-1.218,4.7965,0.3547,177.29,0.22,0.0588,0.0738,0.727
4086.3,332.193,-1.226,4.7961,0.3527,177.49,0.23,0.0592,0.078,0.721
4086.4,332.294,-1.2334,4.7962,0.3537,177.78,0.24,0.0556,0.0763,0.713
4086.5,332.394,-1.242,4.7963,0.3522,178.31,0.2,0.0536,0.0797,0.706
4086.6,332.496,-1.2475,4.7969,0.3541,178.9,0.22,0.05,0.0863,0.698
4086.7,332.596,-1.2532,4.7978,0.3522,179.22,0.06,0.0457,0.0862,0.693
4086.8,332.696,-1.2568,4.7989,0.3521,179.47,0.13,0.0437,0.0812,0.687
4086.9,332.8,-1.2597,4.8002,0.3516,179.94,0.09,0.0333,0.0846,0.684
4087.0,332.901,-1.2633,4.7993,0.3518,-179.38,0.11,0.0292,0.09,0.681
4087.1,333.001,-1.2666,4.7969,0.3525,-178.81,0.19,0.0249,0.0964,0.678
4087.2,333.101,-1.2707,4.7945,0.351,-178.5,0.31,0.0256,0.1002,0.674
4087.3,333.202,-1.2744,4.7923,0.3517,-178.05,0.41,0.024,0.0971,0.671
4087.4,333.302,-1.2787,4.7912,0.3508,-177.39,0.32,0.0287,0.1044,0.667
4087.5,333.402,-1.2796,4.7908,0.3526,-176.69,0.34,0.0276,0.1121,0.663
4087.6,333.502,-1.2815,4.7902,0.3502,-176.28,0.25,0.0246,0.112,0.663
4087.7,333.602,-1.2839,4.7912,0.3507,-176.06,0.15,0.025,0.0993,0.661
4087.8,333.702,-1.2877,4.7932,0.3506,-175.26,0.03,0.0248,0.0998,0.659
4087.9,333.802,-1.292,4.7934,0.3516,-174.51,0.15,0.0283,0.1121,0.655
4088.0,333.902,-1.2964,4.7929,0.3525,-173.78,0.13,0.0284,0.1125,0.651
4088.1,334.002,-1.3013,4.7921,0.3509,-173.6,0.17,0.0303,0.1166,0.647
4088.2,334.102,-1.3048,4.7909,0.3518,-173.04,0.19,0.0283,0.1114,0.643
4088.3,334.203,-1.3086,4.7894,0.3517,-172.29,0.19,0.0293,0.1127,0.64
4088.4,334.303,-1.3102,4.7876,0.3538,-171.42,0.26,0.029,0.1165,0.637
4088.5,334.403,-1.3125,4.7852,0.3526,-170.87,0.28,0.0277,0.1178,0.636
4088.6,334.503,-1.3158,4.7837,0.3528,-170.44,0.37,0.0273,0.1073,0.634
4088.7,334.603,-1.3204,4.7829,0.3529,-169.8,0.29,0.0287,0.1011,0.631
4088.8,334.703,-1.3236,4.7823,0.3539,-169.11,0.28,0.0304,0.1052,0.627
4088.9,334.805,-1.3258,4.7822,0.3537,-168.58,0.23,0.0289,0.1113,0.625
4089.0,334.908,-1.3293,4.7825,0.351,-168.15,0.14,0.0292,0.1054,0.623
4089.1,335.008,-1.3322,4.7835,0.3516,-167.61,0.11,0.0266,0.1022,0.62
4089.2,335.108,-1.3362,4.7828,0.3523,-166.96,0.1,0.0284,0.1019,0.618
4089.3,335.208,-1.3392,4.7811,0.3543,-166.22,0.19,0.0302,0.1125,0.615
4089.4,335.308,-1.3435,4.7783,0.3518,-165.83,0.16,0.0294,0.107,0.613
4089.5,335.408,-1.3474,4.7757,0.3524,-165.42,0.38,0.0321,0.0997,0.609
4089.6,335.508,-1.352,4.7731,0.3527,-164.81,0.34,0.0333,0.1047,0.606
4089.7,335.609,-1.3549,4.7711,0.354,-164.05,0.32,0.0361,0.1122,0.602
4089.8,335.708,-1.3564,4.7698,0.3543,-163.46,0.33,0.0325,0.1179,0.601
4089.9,335.808,-1.3598,4.7692,0.3528,-163.04,0.24,0.0318,0.1126,0.599
4090.0,335.908,-1.3635,4.7693,0.3531,-162.51,0.17,0.0306,0.111,0.597
4090.1,336.009,-1.3684,4.7684,0.3532,-161.79,0.18,0.0354,0.1149,0.594
4090.2,336.109,-1.372,4.7676,0.3551,-161.05,0.22,0.0352,0.1176,0.59
4090.3,336.209,-1.3769,4.7659,0.3535,-160.53,0.12,0.0341,0.1204,0.588
4090.4,336.309,-1.3808,4.7645,0.354,-160.05,0.26,0.0341,0.1204,0.584
4090.5,336.411,-1.3849,4.7628,0.3539,-159.38,0.2,0.0338,0.1169,0.581
4090.6,336.51,-1.3879,4.7605,0.3551,-158.56,0.24,0.0373,0.1191,0.578
4090.7,336.61,-1.3901,4.7578,0.3548,-157.94,0.27,0.0351,0.124,0.577
4090.8,336.711,-1.3943,4.7551,0.3526,-157.47,0.31,0.0371,0.1232,0.576
4090.9,336.811,-1.3988,4.7525,0.3531,-156.87,0.31,0.0366,0.1206,0.573
4091.0,336.91,-1.4039,4.7498,0.3536,-156.06,0.28,0.038,0.1207,0.569
4091.1,337.01,-1.4071,4.7484,0.3555,-155.28,0.28,0.0377,0.1266,0.566
4091.2,337.112,-1.4113,4.7468,0.3531,-154.78,0.16,0.0366,0.1255,0.565
4091.3,337.211,-1.4151,4.7459,0.3534,-154.31,0.23,0.0387,0.1209,0.562
4091.4,337.311,-1.4195,4.7446,0.3536,-153.64,0.18,0.0383,0.1184,0.559
4091.5,337.411,-1.423,4.7417,0.3549,-152.77,0.23,0.0404,0.1254,0.556
4091.6,337.514,-1.4262,4.7384,0.3543,-152.11,0.21,0.0397,0.1274,0.555
4091.7,337.614,-1.431,4.7349,0.3518,-151.63,0.3,0.0379,0.1288,0.553
4091.8,337.714,-1.4357,4.7312,0.3525,-151.03,0.35,0.0365,0.1251,0.55
4091.9,337.814,-1.4406,4.7277,0.3532,-150.19,0.28,0.037,0.1288,0.546
4092.0,337.914,-1.4435,4.7258,0.3552,-149.39,0.27,0.034,0.1319,0.544
4092.1,338.014,-1.4471,4.7238,0.3524,-148.84,0.15,0.0288,0.1311,0.543
4092.2,338.114,-1.4497,4.7226,0.3528,-148.32,0.24,0.0284,0.1248,0.541
4092.3,338.214,-1.4525,4.7212,0.3529,-147.58,0.19,0.0268,0.1268,0.54
4092.4,338.314,-1.454,4.719,0.3542,-146.69,0.24,0.0296,0.1314,0.539
4092.5,338.414,-1.4548,4.7164,0.3538,-146.1,0.32,0.0283,0.1342,0.541
4092.6,338.514,-1.458,4.7133,0.3519,-145.75,0.35,0.0291,0.1293,0.541
4092.7,338.614,-1.4622,4.7102,0.3525,-145.18,0.33,0.0303,0.1233,0.539
4092.8,338.714,-1.4671,4.7065,0.3531,-144.23,0.29,0.0352,0.1217,0.536
4092.9,338.814,-1.4705,4.7045,0.3552,-143.36,0.26,0.0351,0.127,0.535
4093.0,338.914,-1.475,4.7022,0.352,-142.58,0.1,0.0335,0.1311,0.534
4093.1,339.014,-1.478,4.7007,0.3528,-142.55,0.2,0.0356,0.1341,0.532
4093.2,339.118,-1.4819,4.6986,0.3527,-141.79,0.12,0.0329,0.1263,0.529
4093.3,339.218,-1.485,4.6954,0.3543,-140.82,0.22,0.034,0.1358,0.528
4093.4,339.318,-1.4877,4.6918,0.3539,-139.96,0.21,0.0326,0.1423,0.528
4093.5,339.418,-1.491,4.6878,0.352,-139.41,0.34,0.0363,0.1394,0.528
4093.6,339.519,-1.4937,4.6835,0.3524,-138.72,0.37,0.0368,0.137,0.527
4093.7,339.619,-1.4965,4.6793,0.3528,-137.78,0.32,0.0393,0.1429,0.526
4093.8,339.719,-1.4975,4.6769,0.3546,-136.97,0.37,0.0384,0.1457,0.527
4093.9,339.819,-1.4999,4.6736,0.3514,-136.37,0.27,0.0362,0.1419,0.529
4094.0,339.924,-1.5038,4.6707,0.3521,-135.75,0.33,0.0396,0.1408,0.528
4094.1,340.024,-1.5091,4.6668,0.3517,-134.97,0.25,0.0419,0.1374,0.526
4094.2,340.124,-1.5134,4.6631,0.3539,-134.04,0.27,0.0477,0.1423,0.524
4094.3,340.227,-1.5182,4.659,0.3522,-133.29,0.12,0.0474,0.1422,0.523
4094.4,340.328,-1.5233,4.6548,0.3503,-132.66,0.25,0.0495,0.1373,0.521
4094.5,340.427,-1.5273,4.6505,0.3516,-131.99,0.24,0.0476,0.1342,0.519
4094.6,340.527,-1.5307,4.6449,0.3528,-131.07,0.23,0.0494,0.1285,0.518
4094.7,340.627,-1.5326,4.6403,0.355,-130.31,0.28,0.0514,0.1353,0.518
4094.8,340.727,-1.5361,4.6342,0.3517,-129.73,0.23,0.0494,0.1347,0.519
4094.9,340.827,-1.5396,4.6283,0.3528,-129.13,0.44,0.0538,0.1295,0.518
4095.0,340.927,-1.5438,4.6218,0.3537,-128.34,0.37,0.054,0.1279,0.517
4095.1,341.027,-1.5466,4.6174,0.3558,-127.44,0.36,0.0579,0.1356,0.516
4095.2,341.127,-1.5496,4.6134,0.3548,-126.79,0.28,0.0543,0.1385,0.517
4095.3,341.227,-1.5547,4.609,0.3536,-126.3,0.27,0.0545,0.1369,0.516
4095.4,341.328,-1.5606,4.6044,0.3539,-125.57,0.21,0.0531,0.1291,0.513
4095.5,341.428,-1.566,4.5981,0.3541,-124.69,0.23,0.0568,0.1307,0.511
4095.6,341.53,-1.5709,4.5922,0.3559,-123.86,0.23,0.0596,0.1331,0.51
4095.7,341.632,-1.5769,4.5848,0.3523,-123.3,0.18,0.0605,0.1325,0.508
4095.8,341.733,-1.5804,4.5788,0.3531,-122.75,0.3,0.0622,0.1259,0.505
4095.9,341.833,-1.5833,4.5719,0.3529,-121.95,0.25,0.0584,0.1252,0.504
4096.0,341.933,-1.5842,4.5662,0.3551,-121.09,0.3,0.0594,0.127,0.505
4096.1,342.034,-1.5849,4.5604,0.3537,-120.46,0.33,0.0566,0.131,0.508
4096.2,342.137,-1.5879,4.5537,0.3528,-119.92,0.46,0.0578,0.1227,0.509
4096.3,342.237,-1.592,4.5461,0.3534,-119.5,0.41,0.0594,0.1242,0.509
4096.4,342.337,-1.5958,4.5387,0.3542,-118.44,0.36,0.0621,0.1082,0.507
4096.5,342.438,-1.5995,4.5335,0.3555,-117.74,0.29,0.0623,0.1105,0.508
4096.6,342.54,-1.6045,4.5273,0.352,-117.35,0.17,0.0614,0.1047,0.507
4096.7,342.64,-1.6085,4.5223,0.3531,-117.17,0.19,0.0633,0.1073,0.504
4096.8,342.741,-1.6125,4.5157,0.353,-116.27,0.15,0.0588,0.089,0.502
4096.9,342.842,-1.6147,4.5095,0.3554,-115.33,0.23,0.0632,0.1183,0.502
4097.0,342.942,-1.6172,4.5021,0.3536,-115.02,0.19,0.0615,0.1151,0.505
4097.1,343.042,-1.6205,4.4945,0.3536,-114.92,0.36,0.0625,0.1121,0.503
4097.2,343.142,-1.6239,4.4863,0.354,-114.31,0.3,0.062,0.0959,0.5
4097.3,343.242,-1.6266,4.4785,0.3546,-113.45,0.3,0.068,0.1057,0.5
4097.4,343.342,-1.6289,4.4725,0.3554,-112.82,0.29,0.0675,0.1144,0.502
4097.5,343.442,-1.6327,4.4648,0.3524,-112.39,0.22,0.0645,0.1204,0.502
4097.6,343.542,-1.6363,4.4578,0.3531,-111.83,0.27,0.0646,0.1127,0.501
4097.7,343.642,-1.6399,4.4496,0.3529,-111.09,0.23,0.0649,0.118,0.5
4097.8,343.742,-1.6422,4.4431,0.3552,-110.2,0.25,0.0674,0.1232,0.501
4097.9,343.842,-1.6449,4.436,0.3541,-109.64,0.16,0.0657,0.1261,0.502
4098.0,343.944,-1.6483,4.4291,0.3542,-109.25,0.26,0.0678,0.1248,0.502
4098.1,344.044,-1.6518,4.4217,0.3542,-108.66,0.18,0.0632,0.113,0.501
4098.2,344.144,-1.654,4.4134,0.3548,-107.73,0.24,0.0668,0.114,0.501
4098.3,344.244,-1.6558,4.4059,0.3556,-107.08,0.22,0.07,0.1168,0.504
4098.4,344.344,-1.6587,4.3966,0.3531,-106.72,0.23,0.0719,0.1184,0.505
4098.5,344.444,-1.6609,4.3882,0.3538,-106.2,0.32,0.074,0.1118,0.504
4098.6,344.544,-1.6631,4.3785,0.3534,-105.51,0.3,0.0719,0.1117,0.505
4098.7,344.644,-1.6643,4.3709,0.3555,-104.76,0.32,0.0767,0.1144,0.506
4098.8,344.744,-1.666,4.3625,0.3534,-104.22,0.22,0.0741,0.1169,0.509
4098.9,344.844,-1.669,4.3538,0.3533,-103.79,0.35,0.0763,0.1126,0.51
4099.0,344.945,-1.6722,4.344,0.3531,-103.19,0.26,0.0767,0.1058,0.509
4099.1,345.046,-1.6741,4.334,0.3539,-102.43,0.29,0.0806,0.1087,0.509
4099.2,345.146,-1.6762,4.3253,0.3548,-101.82,0.26,0.0825,0.1138,0.512
4099.3,345.248,-1.6795,4.3152,0.3531,-101.41,0.2,0.082,0.1145,0.512
4099.4,345.348,-1.6821,4.3062,0.354,-100.88,0.23,0.0837,0.1143,0.511
4099.5,345.448,-1.6839,4.2958,0.3539,-100.23,0.23,0.0791,0.115,0.512
4099.6,345.549,-1.6846,4.2873,0.356,-99.45,0.26,0.0791,0.1171,0.514
4099.7,345.652,-1.6858,4.2776,0.3539,-98.93,0.17,0.077,0.1162,0.517
4099.8,345.752,-1.6874,4.2685,0.3539,-98.46,0.35,0.08,0.1128,0.519
4099.9,345.852,-1.6889,4.2585,0.3543,-97.89,0.28,0.0789,0.1061,0.52
4100.0,345.952,-1.689,4.249,0.3554,-97.14,0.3,0.0777,0.0989,0.522
4100.1,346.061,-1.6891,4.241,0.3552,-96.55,0.25,0.0793,0.0987,0.526
4100.2,346.161,-1.6906,4.2314,0.3513,-96.2,0.27,0.0801,0.0916,0.528
4100.3,346.261,-1.6925,4.2213,0.3521,-95.84,0.25,0.084,0.0866,0.529
4100.4,346.361,-1.694,4.2097,0.353,-95.13,0.26,0.0871,0.085,0.529
4100.5,346.461,-1.6951,4.1997,0.3552,-94.54,0.29,0.0937,0.094,0.532
4100.6,346.562,-1.6971,4.1873,0.353,-94.26,0.18,0.0936,0.0949,0.533
4100.7,346.662,-1.6993,4.1757,0.354,-93.86,0.31,0.0953,0.0979,0.533
4100.8,346.762,-1.7004,4.1635,0.3544,-93.28,0.23,0.0953,0.0979,0.534
4100.9,346.862,-1.7001,4.1529,0.3558,-92.58,0.28,0.1003,0.1035,0.536
4101.0,346.962,-1.6998,4.1425,0.3554,-91.97,0.27,0.1,0.102,0.54
4101.1,347.062,-1.701,4.1303,0.3534,-91.63,0.28,0.0989,0.1001,0.544
4101.2,347.163,-1.702,4.1181,0.3538,-91.11,0.26,0.1037,0.0924,0.544
4101.3,347.263,-1.7019,4.1045,0.3538,-90.52,0.27,0.1155,0.0867,0.546
4101.4,347.363,-1.7015,4.0927,0.3558,-89.88,0.32,0.1155,0.0867,0.55
4101.5,347.464,-1.7018,4.0779,0.3534,-89.56,0.24,0.1148,0.0837,0.554
4101.6,347.563,-1.7024,4.0637,0.3544,-89.26,0.37,0.1188,0.0721,0.555
4101.7,347.663,-1.702,4.0484,0.3551,-88.85,0.32,0.1302,0.058,0.556
4101.8,347.763,-1.7001,4.0347,0.3565,-88.3,0.38,0.1301,0.0532,0.56
4101.9,347.863,-1.6984,4.0211,0.3558,-88.0,0.38,0.1301,0.0532,0.564
4102.0,347.963,-1.6989,4.0044,0.3539,-87.89,0.37,0.1331,0.0334,0.567
4102.1,348.063,-1.6988,3.9874,0.3546,-87.73,0.36,0.1359,0.0258,0.567
4102.2,348.163,-1.6979,3.9699,0.3549,-87.44,0.34,0.1359,0.0258,0.569
4102.3,348.266,-1.6976,3.9551,0.3565,-87.19,0.3,0.1392,0.0232,0.569
4102.4,348.371,-1.6986,3.9379,0.3543,-87.16,0.2,0.1381,0.0169,0.573
4102.5,348.471,-1.6996,3.9224,0.3556,-87.2,0.29,0.135,0.0094,0.573
4102.6,348.597,-1.6989,3.9056,0.3506,-87.04,0.22,0.1361,0.0097,0.572
4102.7,348.776,-1.6974,3.8906,0.3461,-87.03,0.32,0.1284,0.0034,0.571
4102.8,348.949,-1.692,3.8819,0.3396,-88.23,1.11,0.1268,0.0049,0.575
4102.9,349.051,-1.6811,3.878,0.3508,-89.04,1.18,0.1177,-0.0032,0.566
4103.0,349.154,-1.6681,3.8787,0.355,-87.3,1.69,0.1038,0.0027,0.566
4103.1,349.299,-1.6534,3.8813,0.3403,-86.88,1.02,0.0533,0.0551,0.581
4103.2,349.48,-1.6368,3.8895,0.3195,-86.44,1.32,0.0141,0.0084,0.599
4103.3,349.65,-1.6215,3.9102,0.312,-86.21,1.85,0.0019,-0.0208,0.581
4103.4,349.9,-1.6098,3.9298,0.3131,-86.65,2.25,0.0,-0.0615,0.563
4103.5,350.074,-1.594,3.9555,0.3186,-86.13,3.45,0.0,-0.0038,0.548
4103.6,350.332,-1.5827,3.9769,0.3365,-88.0,5.98,0.0,0.0246,0.539
4103.7,350.515,-1.5732,3.9953,0.3444,-87.26,6.37,0.0027,-0.0954,0.524
4103.8,350.8,-1.5601,4.0131,0.3605,-83.43,9.22,0.0,0.04,0.535
4103.9,351.01,-1.5394,4.0349,0.3546,-82.06,10.32,0.0,0.2,0.518
4104.0,351.212,-1.526,4.0489,0.3592,-85.9,15.66,0.0,0.1468,0.491
4104.1,351.395,-1.5284,4.0517,0.3663,-91.41,10.9,0.0066,-0.0132,0.468
4104.2,351.602,-1.535,4.0578,0.3656,-91.97,6.84,0.0155,-0.1732,0.52
4104.3,351.837,-1.5415,4.0663,0.3623,-92.25,3.69,0.0144,-0.1441,0.521
4104.4,352.038,-1.5473,4.0745,0.3581,-92.39,1.97,0.0153,-0.114,0.515
4104.5,352.182,-1.5521,4.0808,0.3542,-92.47,1.04,0.0195,-0.1,0.512
4104.6,352.389,-1.5552,4.0847,0.3514,-92.5,0.51,0.0249,-0.0867,0.513
4104.7,352.613,-1.5551,4.0853,0.3494,-92.8,0.68,0.0306,-0.0923,0.515
4104.8,352.978,-1.547,4.0898,0.341,-93.93,1.37,0.0277,-0.1116,0.516
4104.9,353.099,-1.5443,4.106,0.3499,-96.54,2.07,0.0092,-0.1516,0.522
4105.0,353.207,-1.5298,4.1365,0.3391,-95.39,2.86,0.0,-0.1484,0.522
4105.1,353.329,-1.5073,4.1693,0.3184,-95.55,2.18,0.0,-0.0433,0.511
4105.2,353.435,-1.5018,4.1917,0.3144,-96.29,0.83,0.0,-0.057,0.511
4105.3,353.614,-1.5061,4.2054,0.3189,-96.2,0.56,0.0,-0.1001,0.487
4105.4,353.989,-1.5075,4.2096,0.322,-96.43,0.37,0.0137,-0.0705,0.484
4105.5,354.188,-1.5068,4.2062,0.321,-97.02,0.65,0.0339,-0.0834,0.487
4105.6,354.412,-1.5017,4.2061,0.3043,-97.47,0.07,0.0484,-0.0846,0.49
4105.7,354.582,-1.4982,4.2103,0.309,-97.55,0.21,0.0282,-0.0797,0.491
4105.8,354.837,-1.4963,4.2139,0.3314,-99.76,0.12,0.0284,-0.0629,0.488
4105.9,354.981,-1.4927,4.2142,0.3436,-99.1,0.43,0.0281,-0.1029,0.497
4106.0,355.089,-1.4889,4.2127,0.3501,-99.42,0.48,0.0336,-0.0229,0.49
4106.1,355.197,-1.4909,4.2076,0.3536,-99.96,0.19,0.0463,-0.024,0.49
4106.2,355.304,-1.4951,4.2002,0.3537,-100.03,0.05,0.0581,-0.0559,0.49
4106.3,355.477,-1.4992,4.1923,0.3585,-99.61,0.46,0.079,-0.0646,0.494
4106.4,355.944,-1.5024,4.1861,0.389,-92.54,0.83,0.0824,0.2,0.498
4106.5,356.053,-1.5035,4.1785,0.3898,-85.92,0.52,0.0574,0.16,0.496
4106.6,356.176,-1.5027,4.1734,0.3868,-85.44,0.23,0.0214,0.1786,0.448
4106.7,356.281,-1.5007,4.1663,0.3758,-89.44,0.11,0.0414,0.1386,0.448
4106.8,356.389,-1.5018,4.1632,0.3712,-93.84,0.78,0.0455,0.0586,0.45
4106.9,356.492,-1.5074,4.1589,0.371,-95.31,0.71,0.0462,-0.0214,0.45
4107.0,356.657,-1.5131,4.1577,0.3609,-96.1,0.72,0.0436,-0.1414,0.468
4107.1,356.958,-1.5154,4.1587,0.3167,-96.9,0.68,0.0496,-0.1865,0.482
4107.2,357.092,-1.5114,4.1703,0.3146,-98.4,0.67,0.0225,-0.1619,0.5
4107.3,357.196,-1.5029,4.1813,0.3174,-98.46,1.28,0.0134,-0.1314,0.5
4107.4,357.306,-1.4871,4.1937,0.3208,-99.02,2.41,0.0043,-0.1268,0.499
4107.5,357.413,-1.4747,4.2009,0.3155,-100.25,1.05,0.0089,-0.1233,0.499
4107.6,357.527,-1.4713,4.2002,0.3242,-101.42,0.57,0.016,-0.1431,0.485
4107.7,357.78,-1.4729,4.1967,0.3299,-100.52,0.5,0.053,-0.0685,0.481
4107.8,358.01,-1.4805,4.189,0.3362,-102.18,0.44,0.068,-0.1075,0.483
4107.9,358.198,-1.4913,4.1781,0.3392,-102.29,0.5,0.093,-0.0881,0.498
4108.0,358.313,-1.5023,4.1664,0.3477,-103.65,0.79,0.106,-0.0937,0.508
4108.1,358.428,-1.5092,4.1598,0.3546,-104.42,0.89,0.1031,-0.0993,0.508
4108.2,358.555,-1.5141,4.1502,0.3522,-104.39,0.8,0.0992,-0.0903,0.525
4108.3,358.825,-1.5156,4.1434,0.3588,-106.76,1.05,0.1142,-0.0273,0.537
4108.4,358.992,-1.5116,4.1497,0.3781,-115.74,2.1,0.0759,-0.1473,0.54
4108.5,359.172,-1.5068,4.1603,0.3464,-119.23,0.35,0.0021,-0.1723,0.574
4108.6,359.415,-1.4988,4.1799,0.3052,-117.25,0.73,0.0,-0.08,0.596
4108.7,359.627,-1.4891,4.2094,0.2762,-113.89,0.76,0.0,0.12,0.594
4108.8,359.82,-1.4866,4.2398,0.2652,-109.81,0.65,0.0,0.2,0.612
4108.9,359.993,-1.4804,4.2568,0.2753,-105.89,1.28,0.0,0.1986,0.574
4109.0,360.204,-1.4767,4.2619,0.2963,-106.69,0.69,0.0101,0.1761,0.544
4109.1,360.393,-1.4787,4.2598,0.3231,-105.14,0.74,0.036,0.0561,0.516
4109.2,360.559,-1.479,4.2531,0.3439,-103.23,0.58,0.0496,0.0961,0.522
4109.3,360.734,-1.4824,4.2436,0.3341,-103.42,0.57,0.069,0.0901,0.508
4109.4,360.917,-1.4887,4.2412,0.3258,-102.53,0.32,0.08,0.0353,0.503
4109.5,361.085,-1.4973,4.2431,0.3301,-102.65,0.64,0.0545,0.0582,0.507
4109.6,361.332,-1.5032,4.2472,0.3629,-101.53,1.41,0.0287,-0.08,0.505
4109.7,361.54,-1.5049,4.25,0.3885,-100.73,0.83,0.0161,0.08,0.519
4109.8,361.736,-1.5083,4.2582,0.4055,-108.99,1.71,0.0063,-0.08,0.503
4109.9,361.91,-1.506,4.2738,0.4145,-107.5,3.51,0.0,-0.12,0.522
4110.0,362.041,-1.4993,4.2926,0.3737,-105.79,4.01,0.0,0.0,0.558
4110.1,362.277,-1.4844,4.3057,0.3682,-102.94,3.67,0.0,0.1797,0.546
4110.2,362.446,-1.4801,4.3253,0.362,-102.17,2.83,0.0,0.1952,0.53
4110.3,362.549,-1.4872,4.342,0.3634,-105.46,1.99,0.0,0.1561,0.495
4110.4,362.798,-1.4885,4.3477,0.3327,-103.56,0.56,0.0191,0.0773,0.499
4110.5,362.976,-1.4821,4.3699,0.3067,-100.39,0.24,0.0,0.1973,0.52
4110.6,363.187,-1.4726,4.3985,0.2932,-99.05,0.31,0.0,0.1871,0.505
4110.7,363.374,-1.4686,4.4263,0.2903,-98.72,0.81,0.0001,0.1338,0.482
4110.8,363.51,-1.4618,4.4424,0.3018,-96.93,1.52,0.0,0.1213,0.465
4110.9,363.782,-1.4464,4.4588,0.3153,-98.91,2.43,0.0064,0.0922,0.462
4111.0,363.922,-1.4331,4.4813,0.3335,-107.28,3.81,0.0,0.0059,0.448
4111.1,364.078,-1.4126,4.5157,0.3205,-108.97,3.76,0.0,-0.1141,0.459
4111.2,364.22,-1.3992,4.5477,0.3001,-108.45,2.58,0.0,-0.1141,0.494
4111.3,364.398,-1.3909,4.5717,0.3145,-107.95,4.74,0.0,0.0006,0.474
4111.4,364.54,-1.3645,4.5923,0.3059,-108.78,4.14,0.0,-0.0202,0.455
4111.5,364.775,-1.3437,4.6067,0.2921,-109.69,3.78,0.0,-0.1051,0.452
4111.6,364.977,-1.3088,4.6231,0.2887,-109.77,6.27,0.0,-0.078,0.448
4111.7,365.179,-1.285,4.6265,0.2968,-111.16,5.99,0.0,-0.1728,0.449
4111.8,365.35,-1.2592,4.6235,0.3147,-110.67,10.51,0.0,-0.1747,0.448
4111.9,365.558,-1.2332,4.6194,0.331,-109.88,10.31,0.0,-0.029,0.45
4112.0,365.789,-1.2236,4.6117,0.3501,-111.04,7.46,0.0001,-0.1117,0.448
4112.101,365.9,-1.2249,4.6052,0.3562,-110.55,4.09,0.0049,-0.1117,0.451
4112.2,366.003,-1.2215,4.5975,0.3595,-111.03,2.65,0.012,-0.0317,0.45
4112.3,366.11,-1.2131,4.5891,0.3636,-111.56,1.98,0.0112,0.0092,0.449
4112.4,366.214,-1.2072,4.5928,0.3639,-111.17,1.41,0.0022,0.0042,0.449
4112.5,366.345,-1.2026,4.6032,0.3522,-110.97,0.73,0.0,0.0048,0.452
4112.6,366.604,-1.2009,4.612,0.3241,-111.09,0.51,0.0,0.0047,0.448
4112.7,366.862,-1.1998,4.6244,0.2934,-111.21,0.58,0.0,-0.0126,0.45
4112.8,366.977,-1.1942,4.6435,0.302,-113.39,0.34,0.0,-0.0342,0.448
4112.9,367.084,-1.1931,4.6538,0.3152,-113.4,0.55,0.0,-0.0457,0.45
4113.0,367.192,-1.1903,4.654,0.3237,-112.09,0.29,0.0,-0.0057,0.45
4113.1,367.311,-1.1893,4.6491,0.3323,-111.7,0.13,0.0,0.0743,0.448
4113.2,367.42,-1.1903,4.6431,0.3401,-111.38,0.13,0.0043,0.0681,0.448
4113.3,367.534,-1.1907,4.6386,0.3449,-110.88,0.22,0.0071,0.0522,0.451
4113.4,367.642,-1.1896,4.6379,0.3503,-110.46,0.25,0.0043,0.0399,0.448
4113.5,367.773,-1.1892,4.6379,0.3516,-110.25,0.19,0.0008,0.029,0.449
4113.6,367.899,-1.19,4.6386,0.3517,-110.08,0.17,0.0,0.0145,0.45
4113.7,368.017,-1.1914,4.6396,0.3498,-109.91,0.27,0.0,0.0003,0.451
4113.8,368.136,-1.1929,4.6409,0.3536,-109.65,0.2,0.0,-0.0013,0.448
4113.9,368.249,-1.1949,4.6429,0.3554,-110.01,0.31,0.0,0.0011,0.448
4114.0,368.411,-1.1952,4.6466,0.3479,-109.58,0.45,0.0,-0.004,0.449
4114.1,368.541,-1.1928,4.6493,0.3486,-109.67,0.36,0.0,-0.0101,0.448
4114.2,368.7,-1.1912,4.6486,0.3499,-109.75,0.38,0.0,-0.0158,0.449
4114.3,368.816,-1.1913,4.6469,0.3514,-109.77,0.41,0.0,-0.019,0.452
4114.4,368.944,-1.1919,4.6458,0.3526,-109.75,0.36,0.0,-0.017,0.452
4114.5,369.071,-1.1923,4.6462,0.3532,-109.77,0.3,0.0,-0.0175,0.452
4114.6,369.21,-1.1919,4.6478,0.3534,-109.8,0.28,0.0,-0.0113,0.448
4114.7,369.367,-1.1914,4.6492,0.3534,-109.78,0.27,0.0,-0.0099,0.449
4114.8,369.64,-1.1913,4.6497,0.3534,-109.77,0.26,0.0,-0.0049,0.449
4114.9,369.871,-1.1913,4.6497,0.3535,-109.76,0.26,0.0,-0.0048,0.45
4115.0,370.028,-1.1913,4.6498,0.3535,-109.77,0.25,0.0,-0.0074,0.452
4115.1,370.145,-1.1914,4.6498,0.3535,-109.77,0.25,0.0,-0.0078,0.451
4115.2,370.255,-1.1914,4.6498,0.3535,-109.79,0.25,0.0,-0.0073,0.451
4115.3,370.364,-1.1914,4.6498,0.3535,-109.78,0.24,0.0,-0.0091,0.451
4115.4,370.587,-1.1914,4.6499,0.3535,-109.79,0.24,0.0,-0.0105,0.451
4115.5,370.825,-1.1914,4.65,0.3535,-109.79,0.23,0.0,-0.0083,0.451
4115.6,370.977,-1.1914,4.65,0.3535,-109.78,0.23,0.0,-0.009,0.451
4115.7,371.152,-1.1914,4.6501,0.3535,-109.78,0.23,0.0,-0.0098,0.452
4115.8,371.26,-1.1913,4.6502,0.3535,-109.78,0.23,0.0,-0.0135,0.452
4115.9,371.372,-1.1913,4.6502,0.3535,-109.78,0.23,0.0,-0.0138,0.452
4116.0,371.482,-1.1913,4.6502,0.3535,-109.78,0.23,0.0,-0.0112,0.452
4116.1,371.733,-1.1913,4.6503,0.3535,-109.8,0.23,0.0,-0.0119,0.452
4116.2,371.967,-1.1913,4.6505,0.3534,-109.81,0.22,0.0,-0.0172,0.452
4116.3,372.227,-1.1913,4.6506,0.3534,-109.81,0.22,0.0,-0.007,0.453
4116.4,372.384,-1.1912,4.6506,0.3534,-109.79,0.22,0.0,-0.0068,0.448
4116.5,372.496,-1.1912,4.6507,0.3533,-109.78,0.22,0.0,-0.0036,0.453
4116.6,372.607,-1.1912,4.6508,0.3533,-109.77,0.22,0.0,-0.0069,0.449
4116.7,372.72,-1.1912,4.6508,0.3533,-109.77,0.22,0.0,-0.0116,0.449
4116.8,372.829,-1.1912,4.6509,0.3533,-109.76,0.22,0.0,-0.0126,0.449
4116.9,372.944,-1.1911,4.6509,0.3533,-109.76,0.22,0.0,-0.0096,0.449
4117.0,373.052,-1.1911,4.651,0.3532,-109.77,0.21,0.0,-0.007,0.449
4117.1,373.269,-1.1911,4.6512,0.3532,-109.76,0.2,0.0,-0.0091,0.45
4117.2,373.496,-1.1911,4.6513,0.3531,-109.85,0.19,0.0,0.0005,0.45
4117.3,373.741,-1.1911,4.6515,0.353,-109.88,0.19,0.0,-0.0003,0.449
4117.4,373.847,-1.191,4.6515,0.353,-109.79,0.19,0.0,-0.0041,0.449
4117.5,373.962,-1.191,4.6516,0.353,-109.8,0.19,0.0,-0.0031,0.448
4117.6,374.082,-1.191,4.6516,0.353,-109.8,0.19,0.0,-0.0048,0.451
4117.7,374.242,-1.191,4.6516,0.3529,-109.78,0.19,0.0,-0.0079,0.451
4117.8,374.408,-1.191,4.6516,0.3529,-109.78,0.19,0.0,-0.0099,0.451
4117.9,374.512,-1.191,4.6516,0.3529,-109.78,0.2,0.0,-0.0098,0.451
4118.0,374.655,-1.191,4.6516,0.3529,-109.77,0.2,0.0,-0.0092,0.451
4118.1,374.787,-1.191,4.6516,0.3529,-109.77,0.2,0.0,-0.0123,0.451
4118.2,374.903,-1.191,4.6516,0.3529,-109.77,0.2,0.0,-0.0108,0.451
4118.3,375.032,-1.1909,4.6516,0.3529,-109.76,0.2,0.0,-0.0076,0.451
4118.4,375.147,-1.1909,4.6517,0.3529,-109.78,0.19,0.0,-0.0043,0.451
4118.5,375.262,-1.1909,4.6517,0.3528,-109.77,0.19,0.0,-0.0013,0.451
4118.6,375.365,-1.1909,4.6517,0.3528,-109.77,0.19,0.0,-0.0004,0.451
4118.7,375.689,-1.1909,4.6517,0.3528,-109.77,0.19,0.0,-0.0076,0.451
4118.8,375.825,-1.1909,4.6517,0.3528,-109.79,0.19,0.0,-0.0107,0.451
4118.9,375.986,-1.1909,4.6517,0.3528,-109.78,0.19,0.0,-0.0132,0.452
4119.0,376.101,-1.191,4.6518,0.3528,-109.8,0.19,0.0,-0.0145,0.452
4119.1,376.215,-1.191,4.6518,0.3528,-109.79,0.19,0.0,-0.0162,0.451
4119.2,376.33,-1.1909,4.6518,0.3528,-109.79,0.19,0.0,-0.0155,0.451
4119.3,376.444,-1.1909,4.6518,0.3528,-109.79,0.19,0.0,-0.0149,0.452
4119.4,376.559,-1.1909,4.6518,0.3528,-109.79,0.19,0.0,-0.0131,0.452
4119.5,376.675,-1.1909,4.6518,0.3528,-109.79,0.2,0.0,-0.0106,0.452
4119.6,376.79,-1.191,4.6518,0.3527,-109.8,0.19,0.0,-0.0103,0.452
4119.7,376.913,-1.1909,4.6518,0.3527,-109.79,0.2,0.0,-0.0113,0.451
4119.8,377.035,-1.1909,4.6518,0.3527,-109.79,0.2,0.0,-0.0143,0.452
4119.9,377.16,-1.1909,4.6518,0.3527,-109.79,0.2,0.0,-0.0174,0.452
4120.0,377.286,-1.1909,4.6518,0.3527,-109.79,0.2,0.0,-0.0129,0.452
4120.1,377.396,-1.1909,4.6518,0.3527,-109.78,0.2,0.0,-0.0117,0.452
4120.2,377.613,-1.1909,4.6518,0.3527,-109.78,0.2,0.0,-0.0073,0.452
4120.3,377.926,-1.1909,4.6518,0.3527,-109.78,0.2,0.0,-0.0086,0.452
4120.4,378.096,-1.1909,4.6518,0.3527,-109.76,0.2,0.0,-0.0094,0.451
4120.5,378.221,-1.1909,4.6518,0.3527,-109.77,0.2,0.0,-0.0093,0.451
4120.6,378.34,-1.1909,4.6518,0.3527,-109.77,0.2,0.0,-0.0103,0.451
4120.7,378.46,-1.1909,4.6518,0.3527,-109.78,0.2,0.0,-0.0094,0.451
4120.8,378.572,-1.1909,4.6518,0.3527,-109.78,0.2,0.0,-0.0075,0.451
4120.9,378.688,-1.1909,4.6518,0.3527,-109.78,0.2,0.0,-0.0141,0.451
4121.0,378.805,-1.1909,4.6518,0.3527,-109.78,0.2,0.0,-0.0142,0.451
4121.1,378.924,-1.1909,4.6518,0.3527,-109.78,0.2,0.0,-0.0142,0.451
4121.2,379.044,-1.1909,4.6518,0.3527,-109.79,0.2,0.0,-0.0128,0.451
4121.3,379.166,-1.1909,4.6518,0.3527,-109.79,0.2,0.0,-0.0164,0.452
4121.4,379.287,-1.1909,4.6518,0.3527,-109.79,0.2,0.0,-0.017,0.452
4121.5,379.413,-1.1909,4.6518,0.3527,-109.79,0.2,0.0,-0.0131,0.452
4121.6,379.54,-1.1909,4.6518,0.3527,-109.79,0.2,0.0,-0.0166,0.452
4121.7,379.675,-1.1909,4.6518,0.3527,-109.79,0.2,0.0,-0.0163,0.452
4121.8,379.794,-1.1909,4.6518,0.3527,-109.78,0.2,0.0,-0.0158,0.452
4121.9,379.921,-1.1909,4.6518,0.3527,-109.78,0.2,0.0,-0.0115,0.452
4122.0,380.04,-1.1909,4.6518,0.3527,-109.78,0.2,0.0,-0.0104,0.451
4122.1,380.159,-1.1909,4.6518,0.3527,-109.78,0.2,0.0,-0.0093,0.451
4122.2,380.42,-1.1909,4.6518,0.3527,-109.78,0.2,0.0,-0.0111,0.451
4122.3,380.888,-1.1909,4.6518,0.3527,-109.78,0.2,0.0,-0.0079,0.451
4122.4,381.194,-1.1909,4.6518,0.3527,-109.78,0.2,0.0,-0.0105,0.451
4122.5,381.299,-1.1909,4.6518,0.3527,-109.78,0.2,0.0,-0.0084,0.451
4122.6,381.406,-1.1909,4.6518,0.3527,-109.78,0.2,0.0,-0.012,0.451
4122.7,381.522,-1.1909,4.6518,0.3527,-109.78,0.2,0.0,-0.0143,0.451
4122.8,381.635,-1.1909,4.6518,0.3527,-109.78,0.2,0.0,-0.0109,0.451
4122.9,381.745,-1.1909,4.6518,0.3527,-109.78,0.2,0.0,-0.0094,0.451
4123.0,381.856,-1.1909,4.6518,0.3527,-109.78,0.2,0.0,-0.0084,0.451
4123.1,381.964,-1.1909,4.6518,0.3527,-109.78,0.2,0.0,-0.0052,0.451
4123.2,382.224,-1.1909,4.6518,0.3527,-109.78,0.2,0.0,-0.0005,0.451
4123.3,382.333,-1.1909,4.6518,0.3527,-109.78,0.2,0.0,-0.0011,0.451
4123.4,382.55,-1.1909,4.6518,0.3527,-109.78,0.2,0.0,0.0016,0.451
4123.5,382.731,-1.1909,4.6518,0.3527,-109.78,0.2,0.0,0.0076,0.451
4123.6,382.865,-1.1909,4.6518,0.3527,-109.78,0.2,0.0,0.0035,0.451
4123.7,383.026,-1.1909,4.6518,0.3527,-109.78,0.2,0.0,-0.0028,0.451
4123.8,383.135,-1.1909,4.6518,0.3527,-109.78,0.2,0.0,-0.0089,0.451
4123.9,383.242,-1.1909,4.6518,0.3527,-109.78,0.2,0.0,-0.0132,0.451
4124.0,383.354,-1.1909,4.6518,0.3527,-109.78,0.2,0.0,-0.0132,0.451
4124.1,383.483,-1.1909,4.6518,0.3527,-109.78,0.2,0.0,-0.01,0.451
4124.2,383.75,-1.1909,4.6518,0.3527,-109.78,0.2,0.0,-0.0081,0.451
4124.3,383.93,-1.1909,4.6518,0.3527,-109.78,0.2,0.0,-0.0072,0.451
4124.4,384.095,-1.1909,4.6518,0.3527,-109.78,0.2,0.0,-0.0042,0.451
4124.5,384.206,-1.1909,4.6518,0.3527,-109.78,0.2,0.0,-0.0054,0.451
4124.6,384.311,-1.1909,4.6518,0.3527,-109.78,0.2,0.0,-0.0056,0.451
4124.7,384.428,-1.1909,4.6518,0.3527,-109.78,0.2,0.0,-0.0065,0.451
4124.8,384.538,-1.1909,4.6518,0.3527,-109.78,0.2,0.0,-0.009,0.451
4124.9,384.644,-1.1909,4.6518,0.3527,-109.78,0.2,0.0,-0.0099,0.451
4125.0,384.764,-1.1909,4.6518,0.3527,-109.78,0.2,0.0,-0.0077,0.451
4125.1,384.876,-1.1909,4.6518,0.3527,-109.78,0.2,0.0,-0.0054,0.451
4125.2,384.99,-1.1909,4.6518,0.3527,-109.78,0.2,0.0,-0.0077,0.451
4125.3,385.101,-1.1909,4.6518,0.3527,-109.78,0.2,0.0,-0.0097,0.451
4125.4,385.216,-1.1909,4.6518,0.3527,-109.78,0.2,0.0,-0.0096,0.451
4125.5,385.328,-1.1909,4.6518,0.3527,-109.78,0.2,0.0,-0.0093,0.451
4125.6,385.577,-1.1909,4.6518,0.3527,-109.78,0.2,0.0,-0.0122,0.451
4125.7,385.905,-1.1909,4.6518,0.3527,-109.78,0.2,0.0,-0.0103,0.451
4125.8,386.063,-1.1909,4.6518,0.3527,-109.78,0.2,0.0,-0.0092,0.451
4125.9,386.171,-1.1909,4.6518,0.3527,-109.78,0.2,0.0,-0.0092,0.451
4126.0,386.28,-1.1909,4.6518,0.3527,-109.78,0.2,0.0,-0.009,0.451
4126.1,386.391,-1.1909,4.6518,0.3527,-109.78,0.2,0.0,-0.0022,0.451
4126.2,386.509,-1.1909,4.6518,0.3527,-109.78,0.2,0.0,-0.0025,0.452
4126.3,386.613,-1.1909,4.6518,0.3527,-109.78,0.2,0.0,-0.0057,0.452
4126.4,386.929,-1.1909,4.6518,0.3527,-109.78,0.2,0.0,-0.0147,0.451
4126.5,387.134,-1.1909,4.6518,0.3527,-109.78,0.2,0.0,-0.0188,0.451
4126.601,387.241,-1.1909,4.6518,0.3527,-109.78,0.2,0.0,-0.0176,0.451
4126.702,387.348,-1.1909,4.6518,0.3527,-109.78,0.2,0.0,-0.0147,0.451
4126.8,387.455,-1.1909,4.6518,0.3527,-109.78,0.2,0.0,-0.0138,0.451
4126.9,387.571,-1.1909,4.6518,0.3527,-109.78,0.2,0.0,-0.0157,0.451
4127.0,387.691,-1.1909,4.6518,0.3527,-109.78,0.2,0.0,-0.0161,0.451
4127.1,387.804,-1.1909,4.6518,0.3527,-109.78,0.2,0.0,-0.0163,0.451
4127.2,387.914,-1.1909,4.6518,0.3527,-109.78,0.2,0.0,-0.0142,0.451
4127.3,388.028,-1.1909,4.6518,0.3527,-109.78,0.2,0.0,-0.0123,0.451
4127.4,388.14,-1.1909,4.6518,0.3527,-109.78,0.2,0.0,-0.009,0.451
4127.5,388.407,-1.1909,4.6518,0.3527,-109.78,0.2,0.0,-0.0049,0.451
4127.6,388.554,-1.1909,4.6518,0.3527,-109.78,0.2,0.0,-0.0042,0.451
4127.7,388.702,-1.1909,4.6518,0.3527,-109.78,0.2,0.0,-0.0056,0.451
4127.8,388.856,-1.1909,4.6518,0.3527,-109.78,0.2,0.0,-0.005,0.451
4127.9,388.984,-1.1909,4.6518,0.3527,-109.77,0.2,0.0,-0.0072,0.451
4128.0,389.098,-1.1909,4.6518,0.3527,-109.77,0.2,0.0,-0.008,0.451
4128.1,389.21,-1.1909,4.6518,0.3527,-109.76,0.2,0.0,-0.0088,0.451
4128.2,389.314,-1.1909,4.6518,0.3527,-109.77,0.2,0.0,-0.0095,0.451
4128.3,389.565,-1.1909,4.6519,0.3527,-109.79,0.19,0.0,-0.0159,0.451
4128.4,389.901,-1.1909,4.6519,0.3527,-109.78,0.19,0.0,-0.0056,0.451
4128.5,390.007,-1.1909,4.6519,0.3527,-109.79,0.19,0.0,-0.0074,0.452
4128.6,390.115,-1.1909,4.6519,0.3527,-109.76,0.19,0.0,-0.0006,0.452
4128.7,390.263,-1.1909,4.6519,0.3526,-109.78,0.19,0.0,-0.0015,0.451
4128.8,390.367,-1.1909,4.6519,0.3526,-109.78,0.19,0.0,-0.0001,0.451
4128.9,390.482,-1.1909,4.6519,0.3526,-109.78,0.19,0.0,0.0007,0.451
4129.0,390.59,-1.1909,4.6519,0.3526,-109.77,0.19,0.0,-0.0022,0.451
4129.1,390.863,-1.1909,4.6519,0.3526,-109.78,0.19,0.0,-0.0001,0.451
4129.2,391.032,-1.1909,4.6519,0.3526,-109.77,0.19,0.0,-0.0045,0.451
4129.3,391.177,-1.1909,4.6519,0.3526,-109.76,0.19,0.0,-0.007,0.451
4129.4,391.286,-1.1909,4.6519,0.3526,-109.77,0.19,0.0,-0.0066,0.451
4129.5,391.392,-1.1909,4.6519,0.3526,-109.78,0.19,0.0,-0.0066,0.451
4129.6,391.501,-1.1909,4.6519,0.3526,-109.78,0.19,0.0,-0.0034,0.451
4129.7,391.685,-1.1909,4.6519,0.3526,-109.78,0.19,0.0,-0.0054,0.451
4129.8,391.842,-1.1909,4.6519,0.3526,-109.78,0.19,0.0,-0.008,0.451
4129.9,391.956,-1.1909,4.6519,0.3526,-109.78,0.19,0.0,-0.0086,0.451
4130.0,392.09,-1.1909,4.6519,0.3526,-109.78,0.19,0.0,-0.0092,0.451
4130.1,392.205,-1.1909,4.6519,0.3526,-109.78,0.19,0.0,-0.01,0.451
4130.2,392.316,-1.1909,4.6519,0.3526,-109.78,0.19,0.0,-0.0118,0.451
4130.3,392.426,-1.1909,4.6519,0.3526,-109.78,0.19,0.0,-0.0127,0.451
4130.4,392.547,-1.1909,4.6519,0.3526,-109.78,0.19,0.0,-0.0047,0.451
4130.5,392.695,-1.1909,4.6519,0.3526,-109.78,0.19,0.0,-0.0101,0.451
4130.6,392.888,-1.1909,4.6519,0.3526,-109.78,0.19,0.0,-0.0097,0.451
4130.7,392.994,-1.1909,4.6519,0.3526,-109.78,0.19,0.0,-0.0107,0.451
4130.8,393.13,-1.1909,4.6519,0.3526,-109.78,0.19,0.0,-0.0075,0.451
4130.9,393.24,-1.1909,4.6519,0.3526,-109.78,0.19,0.0,-0.0072,0.451
4131.0,393.349,-1.1909,4.6519,0.3526,-109.78,0.19,0.0,-0.0083,0.451
4131.1,393.507,-1.1909,4.6519,0.3526,-109.78,0.19,0.0,-0.0119,0.451
4131.2,393.815,-1.1909,4.6519,0.3526,-109.78,0.19,0.0,-0.0104,0.451
4131.3,393.987,-1.1909,4.6519,0.3526,-109.78,0.19,0.0,-0.0081,0.451
4131.4,394.096,-1.1909,4.6519,0.3526,-109.78,0.19,0.0,-0.0038,0.451
4131.5,394.208,-1.1909,4.6519,0.3526,-109.78,0.19,0.0,-0.0017,0.451
4131.6,394.322,-1.1909,4.6519,0.3526,-109.78,0.19,0.0,-0.0043,0.451
4131.7,394.432,-1.1909,4.6519,0.3526,-109.78,0.19,0.0,-0.0085,0.451
4131.8,394.57,-1.1909,4.6519,0.3526,-109.78,0.19,0.0,-0.007,0.451
4131.9,394.855,-1.1909,4.6519,0.3526,-109.78,0.19,0.0,-0.004,0.451
4132.0,395.043,-1.1909,4.6519,0.3526,-109.78,0.19,0.0,-0.0014,0.451
4132.1,395.216,-1.1909,4.6519,0.3526,-109.78,0.19,0.0,-0.0017,0.451
4132.2,395.323,-1.1909,4.6519,0.3526,-109.78,0.19,0.0,-0.0015,0.451
4132.3,395.428,-1.1909,4.6519,0.3526,-109.78,0.19,0.0,-0.0032,0.451
4132.4,395.541,-1.1909,4.6519,0.3526,-109.78,0.19,0.0,-0.0079,0.451
4132.5,395.751,-1.1909,4.6519,0.3526,-109.78,0.19,0.0,-0.0081,0.451
4132.6,395.859,-1.1909,4.6519,0.3526,-109.78,0.19,0.0,-0.0076,0.451
4132.7,395.969,-1.1909,4.6519,0.3526,-109.78,0.19,0.0,-0.0109,0.451
4132.8,396.078,-1.1909,4.6519,0.3526,-109.78,0.19,0.0,-0.008,0.451
4132.9,396.363,-1.1909,4.6519,0.3526,-109.78,0.19,0.0,-0.008,0.451
4133.0,396.557,-1.1909,4.6519,0.3526,-109.78,0.19,0.0,-0.0101,0.451
4133.1,396.803,-1.1909,4.6519,0.3526,-109.78,0.19,0.0,-0.0101,0.451
4133.2,396.922,-1.1909,4.6519,0.3526,-109.78,0.19,0.0,-0.0104,0.451
4133.3,397.033,-1.1909,4.6519,0.3526,-109.78,0.19,0.0,-0.0105,0.451
4133.4,397.147,-1.1909,4.6519,0.3526,-109.78,0.19,0.0,-0.0099,0.451
4133.5,397.256,-1.1909,4.6519,0.3526,-109.78,0.19,0.0,-0.0121,0.451
4133.6,397.36,-1.1909,4.6519,0.3526,-109.78,0.19,0.0,-0.0094,0.451
4133.7,397.467,-1.1909,4.6519,0.3526,-109.78,0.19,0.0,-0.0105,0.451
4133.8,397.643,-1.1909,4.6519,0.3526,-109.78,0.19,0.0,-0.0071,0.451
4133.9,397.869,-1.1909,4.6519,0.3526,-109.78,0.19,0.0,-0.0066,0.451
4134.0,397.988,-1.1909,4.6519,0.3526,-109.78,0.19,0.0,-0.0027,0.451
4134.1,398.123,-1.1909,4.6519,0.3526,-109.78,0.19,0.0,-0.0099,0.451
4134.2,398.232,-1.1909,4.6519,0.3526,-109.78,0.19,0.0,-0.0109,0.451
4134.3,398.339,-1.1909,4.6519,0.3526,-109.78,0.19,0.0,-0.0147,0.451
4134.4,398.448,-1.1909,4.6519,0.3526,-109.78,0.19,0.0,-0.0148,0.451
4134.5,398.556,-1.1909,4.6519,0.3526,-109.78,0.19,0.0,-0.0132,0.451
4134.6,398.685,-1.1909,4.6519,0.3526,-109.78,0.19,0.0,-0.0101,0.451
4134.7,398.975,-1.1909,4.6519,0.3526,-109.78,0.19,0.0,-0.0082,0.451
4134.8,399.123,-1.1909,4.6519,0.3526,-109.78,0.19,0.0,-0.0121,0.451
4134.9,399.236,-1.1909,4.6519,0.3526,-109.78,0.19,0.0,-0.0165,0.451
4135.0,399.343,-1.1909,4.6519,0.3526,-109.78,0.19,0.0,-0.0164,0.451
4135.1,399.453,-1.1909,4.6519,0.3526,-109.78,0.19,0.0,-0.0143,0.451
4135.2,399.558,-1.1909,4.6519,0.3526,-109.78,0.19,0.0,-0.0143,0.451
4135.3,399.779,-1.1909,4.6519,0.3526,-109.78,0.19,0.0,-0.0115,0.451
4135.4,399.981,-1.1909,4.6519,0.3526,-109.78,0.19,0.0,-0.0073,0.451
4135.5,400.131,-1.1909,4.6519,0.3526,-109.78,0.19,0.0,-0.0015,0.451
4135.6,400.25,-1.1909,4.6519,0.3526,-109.78,0.19,0.0,-0.0049,0.451
4135.7,400.361,-1.1909,4.6519,0.3526,-109.78,0.19,0.0,-0.0013,0.451
4135.8,400.472,-1.1909,4.6519,0.3526,-109.78,0.19,0.0,-0.0034,0.451
4135.9,400.579,-1.1909,4.6519,0.3526,-109.78,0.19,0.0,-0.0031,0.451
4136.0,400.748,-1.1909,4.6519,0.3526,-109.78,0.19,0.0,-0.0076,0.451
4136.1,400.991,-1.1909,4.6519,0.3526,-109.78,0.19,0.0,-0.0074,0.451
4136.2,401.095,-1.1909,4.6519,0.3526,-109.78,0.19,0.0,-0.0076,0.451
4136.3,401.201,-1.1909,4.6519,0.3526,-109.78,0.19,0.0,-0.0118,0.451
4136.4,401.311,-1.1909,4.6519,0.3526,-109.78,0.19,0.0,-0.0129,0.451
4136.5,401.422,-1.1909,4.6519,0.3526,-109.78,0.19,0.0,-0.0165,0.451
4136.6,401.53,-1.1909,4.6519,0.3526,-109.78,0.19,0.0,-0.0171,0.451
4136.7,401.646,-1.1909,4.6519,0.3526,-109.78,0.19,0.0,-0.0143,0.451
4136.8,401.768,-1.1909,4.6519,0.3526,-109.78,0.19,0.0,-0.0121,0.451
4136.9,401.879,-1.1909,4.6519,0.3526,-109.78,0.19,0.0,-0.0087,0.451
4137.0,402.006,-1.1909,4.6519,0.3526,-109.79,0.19,0.0,-0.0103,0.451
4137.1,402.285,-1.1909,4.6519,0.3526,-109.79,0.19,0.0,-0.0103,0.451
4137.2,402.394,-1.1909,4.6519,0.3526,-109.79,0.19,0.0,-0.0103,0.452
4137.3,402.506,-1.1909,4.6519,0.3526,-109.78,0.19,0.0,-0.0094,0.452
4137.4,402.615,-1.1909,4.6519,0.3526,-109.79,0.19,0.0,-0.0121,0.451
4137.5,402.772,-1.1909,4.6519,0.3526,-109.77,0.19,0.0,-0.01,0.452
4137.6,402.889,-1.1908,4.6519,0.3525,-109.76,0.19,0.0,-0.011,0.451
4137.7,403.002,-1.1909,4.6519,0.3525,-109.77,0.19,0.0,-0.0135,0.451
4137.8,403.11,-1.1909,4.6519,0.3525,-109.78,0.19,0.0,-0.0119,0.451
4137.9,403.226,-1.1909,4.6519,0.3525,-109.78,0.19,0.0,-0.0128,0.451
4138.0,403.336,-1.1909,4.6519,0.3525,-109.78,0.19,0.0,-0.0084,0.451
4138.1,403.562,-1.1909,4.652,0.3525,-109.79,0.19,0.0,-0.0098,0.451
4138.2,403.799,-1.1909,4.652,0.3525,-109.79,0.19,0.0,-0.0095,0.451
4138.3,403.921,-1.1909,4.652,0.3525,-109.79,0.19,0.0,-0.0037,0.451
4138.4,404.034,-1.1909,4.652,0.3525,-109.79,0.19,0.0,-0.0054,0.451
4138.5,404.209,-1.1909,4.652,0.3525,-109.79,0.19,0.0,-0.0095,0.452
4138.6,404.343,-1.1909,4.652,0.3525,-109.79,0.19,0.0,-0.009,0.451
4138.7,404.454,-1.1909,4.652,0.3525,-109.79,0.19,0.0,-0.008,0.451
4138.8,404.565,-1.1909,4.652,0.3525,-109.78,0.19,0.0,-0.0097,0.451
4138.902,404.677,-1.1909,4.652,0.3525,-109.78,0.19,0.0,-0.0076,0.451
4139.0,404.788,-1.1909,4.652,0.3525,-109.78,0.19,0.0,-0.0072,0.451
4139.1,404.898,-1.1909,4.652,0.3525,-109.78,0.19,0.0,-0.0061,0.451
4139.2,405.011,-1.1909,4.652,0.3525,-109.78,0.19,0.0,-0.007,0.451
4139.3,405.162,-1.1909,4.652,0.3525,-109.78,0.19,0.0,-0.0079,0.451
4139.4,405.417,-1.1909,4.652,0.3525,-109.78,0.19,0.0,-0.0067,0.451
4139.5,405.535,-1.1909,4.652,0.3525,-109.78,0.19,0.0,-0.0124,0.451
4139.6,405.652,-1.1909,4.652,0.3525,-109.78,0.19,0.0,-0.0114,0.451
4139.7,405.765,-1.1909,4.652,0.3525,-109.78,0.19,0.0,-0.0123,0.451
4139.8,405.884,-1.1909,4.652,0.3525,-109.76,0.19,0.0,-0.0128,0.451
4139.9,406.002,-1.1909,4.652,0.3525,-109.76,0.19,0.0,-0.017,0.451
4140.0,406.113,-1.1909,4.652,0.3525,-109.77,0.19,0.0,-0.0137,0.451
4140.1,406.351,-1.1909,4.652,0.3525,-109.77,0.19,0.0,-0.0156,0.451
4140.2,406.542,-1.1909,4.652,0.3525,-109.77,0.19,0.0,-0.0112,0.451
4140.3,406.713,-1.1909,4.652,0.3525,-109.78,0.18,0.0,-0.0107,0.451
4140.4,406.84,-1.1909,4.652,0.3525,-109.77,0.18,0.0,-0.0127,0.451
4140.5,406.957,-1.1909,4.652,0.3525,-109.77,0.18,0.0,-0.0113,0.451
4140.6,407.077,-1.1909,4.652,0.3525,-109.78,0.18,0.0,-0.0101,0.451
4140.703,407.19,-1.1909,4.652,0.3525,-109.79,0.18,0.0,-0.0068,0.451
4140.8,407.293,-1.1909,4.652,0.3525,-109.79,0.18,0.0,-0.0068,0.451
4140.9,407.521,-1.1909,4.652,0.3525,-109.8,0.18,0.0,-0.0097,0.452
4141.0,407.681,-1.1909,4.652,0.3524,-109.81,0.18,0.0,-0.0144,0.452
4141.1,407.793,-1.1909,4.652,0.3524,-109.8,0.18,0.0,-0.0141,0.452
4141.2,407.903,-1.1909,4.652,0.3524,-109.8,0.18,0.0,-0.0147,0.452
4141.3,408.017,-1.1909,4.652,0.3524,-109.79,0.18,0.0,-0.0154,0.452
4141.4,408.129,-1.1909,4.652,0.3524,-109.79,0.18,0.0,-0.0127,0.452
4141.5,408.239,-1.1909,4.652,0.3524,-109.79,0.18,0.0,-0.0095,0.452
4141.6,408.347,-1.1909,4.652,0.3524,-109.79,0.18,0.0,-0.0117,0.452
4141.7,408.53,-1.1909,4.652,0.3524,-109.79,0.18,0.0,-0.0122,0.452
4141.8,408.905,-1.1909,4.652,0.3524,-109.79,0.18,0.0,-0.0065,0.452
4141.9,409.051,-1.1909,4.652,0.3524,-109.79,0.18,0.0,-0.0037,0.451
4142.0,409.167,-1.1909,4.652,0.3524,-109.79,0.18,0.0,-0.0067,0.451
4142.1,409.283,-1.1909,4.652,0.3524,-109.78,0.18,0.0,-0.0104,0.451
4142.2,409.395,-1.1909,4.652,0.3524,-109.78,0.18,0.0,-0.0095,0.451
4142.3,409.505,-1.1909,4.652,0.3524,-109.78,0.18,0.0,-0.0067,0.451
4142.4,409.621,-1.1909,4.652,0.3524,-109.78,0.18,0.0,-0.0051,0.451
4142.5,409.737,-1.1909,4.652,0.3524,-109.78,0.18,0.0,-0.0008,0.451
4142.6,409.86,-1.1909,4.652,0.3524,-109.78,0.18,0.0,-0.0026,0.451
4142.7,409.97,-1.1909,4.652,0.3524,-109.78,0.18,0.0,-0.0005,0.451
4142.8,410.088,-1.1909,4.652,0.3524,-109.78,0.18,0.0,-0.0005,0.451
4142.9,410.467,-1.1909,4.652,0.3524,-109.78,0.18,0.0,-0.0091,0.451
4143.0,410.736,-1.1909,4.652,0.3524,-109.79,0.18,0.0,-0.0089,0.451
4143.1,410.915,-1.1908,4.652,0.3524,-109.78,0.18,0.0,-0.0068,0.451
4143.2,411.042,-1.1909,4.652,0.3524,-109.79,0.18,0.0,-0.0066,0.451
4143.3,411.151,-1.1909,4.652,0.3524,-109.8,0.18,0.0,-0.0066,0.451
4143.4,411.264,-1.1909,4.652,0.3524,-109.78,0.18,0.0,-0.0054,0.451
4143.5,411.378,-1.1909,4.652,0.3524,-109.78,0.18,0.0,-0.0078,0.451
4143.6,411.49,-1.1909,4.652,0.3524,-109.78,0.18,0.0,-0.0105,0.451
4143.7,411.596,-1.1909,4.652,0.3524,-109.78,0.18,0.0,-0.0072,0.451
4143.8,411.891,-1.1909,4.652,0.3524,-109.78,0.18,0.0,-0.0095,0.451
4143.9,412.019,-1.1909,4.652,0.3524,-109.78,0.18,0.0,-0.008,0.451
4144.0,412.171,-1.1909,4.652,0.3524,-109.78,0.18,0.0,-0.0088,0.451
4144.1,412.278,-1.1909,4.652,0.3524,-109.78,0.18,0.0,-0.0079,0.451
4144.2,412.394,-1.1909,4.652,0.3524,-109.78,0.18,0.0,-0.0087,0.451
4144.301,412.506,-1.1909,4.652,0.3524,-109.78,0.18,0.0,-0.0101,0.451
4144.4,412.613,-1.1909,4.652,0.3524,-109.78,0.18,0.0,-0.0087,0.451
4144.5,412.726,-1.1909,4.652,0.3524,-109.78,0.18,0.0,-0.0108,0.451
4144.6,412.84,-1.1909,4.652,0.3524,-109.78,0.18,0.0,-0.0113,0.451
4144.7,412.951,-1.1909,4.652,0.3524,-109.78,0.18,0.0,-0.0089,0.451
4144.8,413.072,-1.1909,4.652,0.3524,-109.78,0.18,0.0,-0.0091,0.451
4144.9,413.189,-1.1909,4.652,0.3524,-109.78,0.18,0.0,-0.0093,0.451
4145.0,413.303,-1.1909,4.652,0.3524,-109.78,0.18,0.0,-0.0078,0.451
4145.1,413.42,-1.1909,4.652,0.3524,-109.78,0.18,0.0,-0.0098,0.451
4145.2,413.539,-1.1909,4.652,0.3524,-109.78,0.18,0.0,-0.0114,0.451
4145.3,413.666,-1.1909,4.652,0.3524,-109.78,0.18,0.0,-0.0121,0.451
4145.4,413.778,-1.1909,4.652,0.3524,-109.78,0.18,0.0,-0.0152,0.451
4145.5,413.897,-1.1909,4.652,0.3524,-109.78,0.18,0.0,-0.012,0.451
4145.6,414.014,-1.1909,4.652,0.3524,-109.78,0.18,0.0,-0.0134,0.451
4145.7,414.13,-1.1909,4.652,0.3524,-109.78,0.18,0.0,-0.0134,0.451
4145.8,414.391,-1.1909,4.652,0.3524,-109.78,0.18,0.0,-0.0063,0.451
4145.9,414.601,-1.1909,4.652,0.3524,-109.78,0.18,0.0,-0.0063,0.451
4146.0,414.767,-1.1909,4.652,0.3524,-109.78,0.18,0.0,-0.0023,0.451
4146.1,414.888,-1.1909,4.652,0.3524,-109.78,0.18,0.0,-0.0083,0.451
4146.2,415.006,-1.1909,4.652,0.3524,-109.78,0.18,0.0,-0.0119,0.451
4146.3,415.116,-1.1909,4.652,0.3524,-109.78,0.18,0.0,-0.0111,0.451
4146.4,415.267,-1.1909,4.652,0.3524,-109.79,0.18,0.0,-0.0107,0.451
4146.5,415.397,-1.1909,4.652,0.3524,-109.79,0.18,0.0,-0.0053,0.451
4146.6,415.518,-1.1909,4.652,0.3524,-109.79,0.18,0.0,-0.0089,0.451
4146.7,415.631,-1.1909,4.652,0.3524,-109.79,0.18,0.0,-0.0109,0.451
4146.8,415.749,-1.1909,4.652,0.3524,-109.79,0.18,0.0,-0.0131,0.451
4146.9,415.869,-1.1909,4.652,0.3524,-109.79,0.18,0.0,-0.0102,0.451
4147.0,415.984,-1.1909,4.652,0.3524,-109.79,0.18,0.0,-0.0147,0.451
4147.1,416.108,-1.1909,4.652,0.3524,-109.79,0.18,0.0,-0.0202,0.451
4147.2,416.368,-1.1909,4.652,0.3524,-109.79,0.18,0.0,-0.0205,0.451
4147.3,416.505,-1.1909,4.652,0.3524,-109.79,0.18,0.0,-0.0148,0.451
4147.4,416.62,-1.1909,4.652,0.3524,-109.79,0.18,0.0,-0.0176,0.451
4147.5,416.744,-1.1909,4.652,0.3524,-109.79,0.18,0.0,-0.0181,0.451
4147.6,416.858,-1.1909,4.652,0.3524,-109.79,0.18,0.0,-0.0206,0.451
4147.7,416.968,-1.1909,4.652,0.3524,-109.79,0.18,0.0,-0.0217,0.451
4147.8,417.084,-1.1909,4.652,0.3524,-109.79,0.18,0.0,-0.0234,0.451
4147.9,417.2,-1.1909,4.652,0.3524,-109.79,0.18,0.0,-0.0215,0.451
4148.0,417.323,-1.1909,4.652,0.3524,-109.79,0.18,0.0,-0.0192,0.451
4148.1,417.438,-1.1909,4.652,0.3524,-109.79,0.18,0.0,-0.0174,0.451
4148.2,417.552,-1.1909,4.652,0.3524,-109.79,0.18,0.0,-0.0153,0.451
4148.3,417.675,-1.1909,4.652,0.3524,-109.79,0.18,0.0,-0.0178,0.451
4148.4,417.795,-1.1909,4.652,0.3524,-109.79,0.18,0.0,-0.0172,0.451
4148.5,417.92,-1.1909,4.652,0.3524,-109.79,0.18,0.0,-0.0119,0.451
4148.6,418.045,-1.1909,4.652,0.3524,-109.79,0.18,0.0,-0.0168,0.451
4148.7,418.17,-1.1909,4.652,0.3524,-109.79,0.18,0.0,-0.0147,0.451
4148.8,418.291,-1.1909,4.652,0.3524,-109.79,0.18,0.0,-0.0163,0.451
4148.9,418.407,-1.1909,4.652,0.3524,-109.79,0.18,0.0,-0.0158,0.451
4149.0,418.729,-1.1909,4.652,0.3524,-109.79,0.18,0.0,-0.0139,0.451
4149.1,418.914,-1.1909,4.652,0.3524,-109.79,0.18,0.0,-0.011,0.451
4149.2,419.018,-1.1909,4.652,0.3524,-109.79,0.18,0.0,-0.0107,0.451
4149.3,419.152,-1.1909,4.652,0.3524,-109.79,0.18,0.0,-0.0113,0.451
4149.4,419.262,-1.1909,4.652,0.3524,-109.79,0.18,0.0,-0.0094,0.451
4149.5,419.375,-1.1909,4.652,0.3524,-109.79,0.18,0.0,-0.0094,0.451
4149.6,419.494,-1.1909,4.652,0.3524,-109.79,0.18,0.0,-0.0104,0.451
4149.7,419.609,-1.1909,4.652,0.3524,-109.79,0.18,0.0,-0.0099,0.451
4149.8,419.727,-1.1909,4.652,0.3524,-109.79,0.18,0.0,-0.0086,0.451
4149.9,419.843,-1.1909,4.652,0.3524,-109.78,0.18,0.0,-0.0089,0.451
4150.0,419.973,-1.1909,4.652,0.3524,-109.78,0.18,0.0,-0.0092,0.451
4150.1,420.122,-1.1909,4.652,0.3524,-109.78,0.18,0.0,-0.015,0.451
4150.2,420.24,-1.1909,4.652,0.3524,-109.78,0.18,0.0,-0.0154,0.451
4150.3,420.423,-1.1909,4.652,0.3524,-109.78,0.18,0.0,-0.0084,0.451
4150.4,420.546,-1.1909,4.652,0.3524,-109.78,0.18,0.0,-0.0061,0.451
4150.5,420.663,-1.1909,4.652,0.3524,-109.78,0.18,0.0,-0.0058,0.451
4150.6,420.784,-1.1909,4.652,0.3524,-109.78,0.18,0.0,-0.0044,0.451
4150.7,420.901,-1.1909,4.652,0.3524,-109.78,0.18,0.0,-0.0086,0.451
4150.8,421.133,-1.1909,4.652,0.3524,-109.78,0.18,0.0,-0.0049,0.451
4150.9,421.341,-1.1909,4.652,0.3524,-109.78,0.18,0.0,-0.0088,0.451
4151.0,421.482,-1.1909,4.652,0.3524,-109.78,0.18,0.0,-0.0097,0.451
4151.1,421.596,-1.1909,4.652,0.3524,-109.78,0.18,0.0,-0.0077,0.451
4151.2,421.71,-1.1909,4.652,0.3524,-109.78,0.18,0.0,-0.0079,0.451
4151.3,421.826,-1.1909,4.652,0.3524,-109.78,0.18,0.0,-0.009,0.451
4151.4,421.937,-1.1909,4.652,0.3524,-109.78,0.18,0.0,-0.0083,0.451
4151.5,422.151,-1.1909,4.652,0.3524,-109.78,0.18,0.0,-0.0094,0.451
4151.6,422.41,-1.1909,4.652,0.3524,-109.78,0.18,0.0,-0.0058,0.451
4151.7,422.539,-1.1909,4.652,0.3524,-109.78,0.18,0.0,-0.0049,0.451
4151.8,422.651,-1.1909,4.652,0.3524,-109.78,0.18,0.0,-0.0047,0.451
4151.9,422.761,-1.1909,4.652,0.3524,-109.78,0.18,0.0,-0.0053,0.451
4152.0,422.881,-1.1909,4.652,0.3524,-109.78,0.18,0.0,-0.0063,0.451
4152.1,422.988,-1.1909,4.652,0.3524,-109.79,0.18,0.0,-0.0037,0.451
4152.2,423.096,-1.1909,4.652,0.3524,-109.79,0.18,0.0,-0.0072,0.452
4152.3,423.203,-1.1909,4.652,0.3524,-109.79,0.18,0.0,-0.0083,0.452
4152.4,423.476,-1.1909,4.652,0.3524,-109.79,0.18,0.0,-0.0075,0.451
4152.5,423.605,-1.1909,4.652,0.3524,-109.79,0.18,0.0,-0.0083,0.451
4152.6,423.74,-1.1909,4.652,0.3524,-109.78,0.18,0.0,-0.0113,0.451
4152.701,423.863,-1.1909,4.652,0.3524,-109.78,0.18,0.0,-0.0149,0.451
4152.8,423.976,-1.1909,4.652,0.3524,-109.78,0.18,0.0,-0.0147,0.451
4152.9,424.088,-1.1909,4.652,0.3524,-109.78,0.18,0.0,0.0,0.451
4153.001,424.198,-1.1909,4.652,0.3524,-109.78,0.18,0.0,-0.0026,0.451
4153.1,424.308,-1.1909,4.652,0.3524,-109.78,0.18,0.0,-0.0015,0.451
4153.2,424.42,-1.1909,4.652,0.3524,-109.78,0.18,0.0,-0.0067,0.451
4153.3,424.547,-1.1909,4.652,0.3524,-109.78,0.18,0.0,-0.012,0.451
4153.4,424.655,-1.1909,4.652,0.3524,-109.78,0.18,0.0,-0.0139,0.451
4153.5,424.777,-1.1909,4.652,0.3524,-109.78,0.18,0.0,-0.0186,0.451
4153.6,424.894,-1.1909,4.652,0.3524,-109.78,0.18,0.0,-0.0164,0.451
4153.7,425.006,-1.1909,4.652,0.3524,-109.78,0.18,0.0,-0.014,0.451
4153.8,425.133,-1.1909,4.652,0.3524,-109.78,0.18,0.0,-0.0133,0.451
4153.9,425.398,-1.1909,4.652,0.3524,-109.78,0.18,0.0,-0.01,0.451
4154.0,425.517,-1.1909,4.652,0.3524,-109.78,0.18,0.0,-0.012,0.451
4154.1,425.629,-1.1909,4.652,0.3524,-109.78,0.18,0.0,-0.0144,0.451
4154.2,425.761,-1.1909,4.652,0.3524,-109.78,0.18,0.0,-0.0137,0.451
4154.3,425.885,-1.1909,4.652,0.3524,-109.78,0.18,0.0,-0.0129,0.451
4154.4,425.999,-1.1909,4.652,0.3524,-109.78,0.18,0.0,-0.0123,0.451
4154.5,426.118,-1.1909,4.652,0.3524,-109.78,0.18,0.0,-0.0118,0.451
4154.6,426.234,-1.1909,4.652,0.3524,-109.78,0.18,0.0,-0.011,0.451
4154.701,426.354,-1.1909,4.652,0.3524,-109.78,0.18,0.0,-0.0106,0.451
4154.8,426.468,-1.1909,4.652,0.3524,-109.78,0.18,0.0,-0.014,0.451
4154.9,426.59,-1.1909,4.652,0.3524,-109.78,0.18,0.0,-0.0126,0.451
4155.0,426.701,-1.1909,4.652,0.3524,-109.78,0.18,0.0,-0.0132,0.451
4155.1,426.823,-1.1909,4.652,0.3524,-109.78,0.18,0.0,-0.0141,0.451
4155.2,426.943,-1.1909,4.652,0.3524,-109.78,0.18,0.0,-0.0131,0.451
4155.3,427.059,-1.1909,4.652,0.3524,-109.78,0.18,0.0,-0.0135,0.451
4155.4,427.179,-1.1909,4.652,0.3524,-109.78,0.18,0.0,-0.0145,0.451
4155.5,427.296,-1.1909,4.652,0.3524,-109.78,0.18,0.0,-0.012,0.451
4155.6,427.418,-1.1909,4.652,0.3524,-109.78,0.18,0.0,-0.0117,0.451
4155.7,427.68,-1.1909,4.652,0.3524,-109.78,0.18,0.0,-0.0125,0.451
4155.8,427.917,-1.1909,4.652,0.3524,-109.78,0.18,0.0,-0.0068,0.451
4155.9,428.04,-1.1909,4.652,0.3524,-109.78,0.18,0.0,-0.01,0.451
4156.0,428.157,-1.1909,4.652,0.3524,-109.78,0.18,0.0,-0.0101,0.451
4156.1,428.272,-1.1909,4.652,0.3524,-109.78,0.18,0.0,-0.0073,0.451
4156.2,428.388,-1.1909,4.652,0.3524,-109.78,0.18,0.0,-0.0033,0.451
4156.3,428.502,-1.1909,4.652,0.3524,-109.78,0.18,0.0,-0.0047,0.451
4156.4,428.619,-1.1909,4.652,0.3524,-109.78,0.18,0.0,-0.0013,0.451
4156.5,428.739,-1.1909,4.652,0.3524,-109.78,0.18,0.0,-0.0049,0.451
4156.6,428.856,-1.1909,4.652,0.3524,-109.78,0.18,0.0,-0.0042,0.451
4156.701,428.978,-1.1909,4.652,0.3524,-109.78,0.18,0.0,-0.0075,0.451
4156.8,429.096,-1.1909,4.652,0.3524,-109.78,0.18,0.0,-0.0093,0.451
4156.9,429.218,-1.1909,4.652,0.3524,-109.78,0.18,0.0,-0.0088,0.451
4157.0,429.35,-1.1909,4.652,0.3524,-109.78,0.18,0.0,-0.0061,0.451
4157.1,429.472,-1.1909,4.652,0.3524,-109.78,0.18,0.0,-0.0011,0.451
4157.2,429.599,-1.1909,4.652,0.3524,-109.78,0.18,0.0,-0.003,0.451
4157.3,429.719,-1.1909,4.652,0.3524,-109.78,0.18,0.0,-0.006,0.451
4157.4,429.838,-1.1909,4.652,0.3524,-109.78,0.18,0.0,-0.007,0.451
4157.5,429.959,-1.1909,4.652,0.3524,-109.78,0.18,0.0,-0.0084,0.451
4157.603,430.131,-1.1909,4.652,0.3524,-109.78,0.18,0.0,-0.0111,0.451
4157.7,430.253,-1.1909,4.652,0.3524,-109.78,0.18,0.0,-0.0108,0.451
4157.8,430.409,-1.1909,4.652,0.3524,-109.78,0.18,0.0,-0.01,0.451
4157.9,430.532,-1.1909,4.652,0.3524,-109.78,0.18,0.0,-0.0077,0.451
4158.0,430.666,-1.1909,4.652,0.3524,-109.78,0.18,0.0,-0.0125,0.451
4158.1,430.79,-1.1909,4.652,0.3524,-109.78,0.18,0.0,-0.0148,0.451
4158.2,430.908,-1.1909,4.652,0.3524,-109.78,0.18,0.0,-0.0174,0.451
4158.3,431.033,-1.1909,4.652,0.3524,-109.78,0.18,0.0,-0.0159,0.451
4158.4,431.291,-1.1909,4.652,0.3524,-109.78,0.18,0.0,-0.0163,0.451
4158.5,431.609,-1.1909,4.652,0.3524,-109.78,0.18,0.0,-0.0099,0.451
4158.6,431.753,-1.1909,4.652,0.3524,-109.78,0.18,0.0,-0.0118,0.451
4158.7,431.877,-1.1909,4.652,0.3524,-109.78,0.18,0.0,-0.0095,0.451
4158.803,431.996,-1.1909,4.652,0.3524,-109.78,0.18,0.0,-0.0103,0.451
4158.9,432.101,-1.1909,4.652,0.3524,-109.78,0.18,0.0,-0.0083,0.451
4159.0,432.222,-1.1909,4.652,0.3524,-109.78,0.18,0.0,-0.0032,0.451
4159.1,432.336,-1.1909,4.652,0.3524,-109.78,0.18,0.0,-0.0047,0.451
4159.2,432.444,-1.1909,4.652,0.3524,-109.78,0.18,0.0,-0.009,0.451
4159.3,432.741,-1.1909,4.652,0.3524,-109.78,0.18,0.0,-0.0106,0.451
4159.4,432.896,-1.1909,4.652,0.3524,-109.78,0.18,0.0,-0.0099,0.451
4159.5,433.034,-1.1909,4.652,0.3524,-109.78,0.18,0.0,-0.0071,0.451
4159.6,433.143,-1.1909,4.652,0.3524,-109.78,0.18,0.0,-0.0048,0.451
4159.7,433.37,-1.1909,4.652,0.3524,-109.78,0.18,0.0,-0.0106,0.451
4159.8,433.523,-1.1909,4.652,0.3524,-109.78,0.18,0.0,-0.0099,0.451
4159.9,433.664,-1.1908,4.652,0.3524,-109.78,0.18,0.0,-0.0079,0.451
4160.0,433.775,-1.1908,4.652,0.3524,-109.78,0.18,0.0,-0.0103,0.451
4160.1,433.884,-1.1908,4.652,0.3524,-109.78,0.18,0.0,-0.0096,0.451
4160.2,433.994,-1.1908,4.652,0.3524,-109.78,0.18,0.0,-0.0073,0.451
4160.3,434.099,-1.1908,4.652,0.3524,-109.78,0.18,0.0,-0.0055,0.451
4160.4,434.351,-1.1908,4.652,0.3524,-109.78,0.18,0.0,-0.007,0.451
4160.5,434.543,-1.1909,4.652,0.3524,-109.78,0.18,0.0,-0.0088,0.451
4160.6,434.662,-1.1909,4.652,0.3524,-109.78,0.18,0.0,-0.0105,0.451
4160.702,434.788,-1.1909,4.652,0.3524,-109.78,0.18,0.0,-0.0104,0.451
4160.8,434.891,-1.1909,4.652,0.3524,-109.78,0.18,0.0,-0.0124,0.451
4160.9,435.0,-1.1909,4.652,0.3524,-109.78,0.18,0.0,-0.0116,0.451
4161.0,435.105,-1.1909,4.652,0.3524,-109.78,0.18,0.0,-0.0179,0.451
4161.1,435.215,-1.1909,4.652,0.3524,-109.78,0.18,0.0,-0.0189,0.451
4161.2,435.328,-1.1909,4.652,0.3524,-109.78,0.18,0.0,-0.0171,0.451
4161.3,435.475,-1.1909,4.652,0.3524,-109.78,0.18,0.0,-0.0098,0.451
4161.402,435.588,-1.1909,4.652,0.3524,-109.78,0.18,0.0,-0.0077,0.451
4161.5,435.702,-1.1909,4.652,0.3524,-109.78,0.18,0.0,-0.0034,0.451
4161.6,435.817,-1.1909,4.652,0.3524,-109.78,0.18,0.0,-0.0052,0.451
4161.7,435.928,-1.1909,4.652,0.3524,-109.78,0.18,0.0,-0.0046,0.451
4161.8,436.038,-1.1909,4.652,0.3524,-109.78,0.18,0.0,-0.0044,0.451
4161.9,436.361,-1.1909,4.652,0.3524,-109.78,0.18,0.0,-0.0065,0.451
4162.0,436.54,-1.1909,4.652,0.3524,-109.78,0.18,0.0,-0.0092,0.451
4162.1,436.658,-1.1909,4.652,0.3524,-109.79,0.18,0.0,-0.0113,0.451
4162.2,436.795,-1.1909,4.652,0.3524,-109.79,0.18,0.0,-0.0119,0.452
4162.3,436.905,-1.1909,4.652,0.3524,-109.79,0.18,0.0,-0.0091,0.452
4162.4,437.017,-1.1909,4.652,0.3524,-109.79,0.18,0.0,-0.0118,0.452
4162.5,437.129,-1.1909,4.652,0.3524,-109.79,0.18,0.0,-0.0098,0.451
4162.6,437.246,-1.1909,4.652,0.3524,-109.79,0.18,0.0,-0.0148,0.451
4162.7,437.361,-1.1909,4.652,0.3524,-109.79,0.18,0.0,-0.0154,0.451
4162.8,437.479,-1.1909,4.652,0.3524,-109.78,0.18,0.0,-0.0133,0.452
4162.9,437.599,-1.1909,4.652,0.3524,-109.79,0.18,0.0,-0.0128,0.451
4163.0,437.718,-1.1909,4.652,0.3524,-109.79,0.18,0.0,-0.0109,0.451
4163.1,437.835,-1.1908,4.652,0.3524,-109.79,0.18,0.0,-0.0141,0.452
4163.2,437.947,-1.1908,4.652,0.3524,-109.79,0.18,0.0,-0.0122,0.452
4163.3,438.197,-1.1908,4.652,0.3523,-109.78,0.18,0.0,-0.0128,0.451
4163.4,438.467,-1.1908,4.652,0.3523,-109.78,0.18,0.0,0.0,0.451
4163.5,438.654,-1.1908,4.652,0.3523,-109.78,0.18,0.0,-0.0058,0.451
4163.6,438.79,-1.1908,4.652,0.3523,-109.78,0.18,0.0,-0.0084,0.451
4163.7,438.931,-1.1908,4.652,0.3523,-109.78,0.18,0.0,-0.0057,0.451
4163.8,439.104,-1.1908,4.652,0.3523,-109.78,0.18,0.0,-0.007,0.451
4163.9,439.216,-1.1908,4.652,0.3523,-109.78,0.18,0.0,-0.0063,0.451
4164.0,439.322,-1.1908,4.652,0.3523,-109.78,0.18,0.0,-0.0054,0.451
4164.1,439.434,-1.1908,4.652,0.3523,-109.78,0.18,0.0,-0.0073,0.451
4164.2,439.544,-1.1908,4.652,0.3523,-109.78,0.18,0.0,-0.0106,0.451
4164.3,439.659,-1.1908,4.652,0.3523,-109.78,0.18,0.0,-0.0115,0.451
4164.4,439.771,-1.1908,4.652,0.3523,-109.78,0.18,0.0,-0.0116,0.451
4164.5,439.883,-1.1908,4.652,0.3523,-109.78,0.18,0.0,-0.0112,0.451
4164.6,439.998,-1.1908,4.652,0.3523,-109.78,0.18,0.0,-0.0107,0.451
4164.7,440.109,-1.1908,4.652,0.3523,-109.78,0.18,0.0,-0.0121,0.451
4164.8,440.351,-1.1908,4.652,0.3523,-109.78,0.18,0.0,-0.0131,0.451
4164.9,440.52,-1.1908,4.652,0.3523,-109.78,0.18,0.0,-0.0147,0.451
4165.0,440.673,-1.1908,4.652,0.3523,-109.78,0.18,0.0,-0.0157,0.451
4165.1,440.805,-1.1908,4.652,0.3523,-109.78,0.18,0.0,-0.0113,0.451
4165.2,440.913,-1.1908,4.652,0.3523,-109.78,0.18,0.0,-0.0107,0.451
4165.3,441.023,-1.1908,4.652,0.3523,-109.78,0.18,0.0,-0.0108,0.451
4165.4,441.134,-1.1908,4.652,0.3523,-109.78,0.18,0.0,-0.013,0.451
4165.5,441.244,-1.1908,4.652,0.3523,-109.78,0.18,0.0,-0.0166,0.451
4165.6,441.361,-1.1908,4.652,0.3523,-109.78,0.18,0.0,-0.0169,0.451
4165.7,441.471,-1.1908,4.652,0.3523,-109.79,0.18,0.0,-0.0177,0.451
4165.8,441.589,-1.1908,4.652,0.3523,-109.78,0.18,0.0,-0.0174,0.451
4165.9,441.716,-1.1908,4.652,0.3523,-109.74,0.18,0.0,-0.0184,0.451
4166.0,441.836,-1.1908,4.652,0.3523,-109.74,0.17,0.0,-0.018,0.45
4166.1,441.954,-1.1908,4.652,0.3522,-109.72,0.18,0.0,-0.0186,0.45
4166.2,442.076,-1.1908,4.652,0.3522,-109.75,0.17,0.0,-0.0176,0.45
4166.3,442.197,-1.1909,4.6521,0.3522,-109.77,0.17,0.0,-0.0152,0.451
4166.4,442.325,-1.1908,4.6521,0.3522,-109.77,0.17,0.0,-0.0169,0.451
4166.5,442.432,-1.1908,4.6521,0.3522,-109.77,0.17,0.0,-0.0106,0.451
4166.6,442.707,-1.1908,4.6521,0.3522,-109.77,0.17,0.0,-0.0062,0.451
4166.7,442.875,-1.1908,4.6521,0.3522,-109.77,0.17,0.0,-0.0124,0.451
4166.8,443.004,-1.1908,4.6521,0.3522,-109.77,0.17,0.0,-0.0148,0.451
4166.9,443.159,-1.1908,4.6521,0.3522,-109.77,0.17,0.0,-0.0123,0.451
4167.0,443.276,-1.1909,4.6521,0.3521,-109.78,0.17,0.0,-0.0144,0.451
4167.1,443.395,-1.1909,4.6521,0.3521,-109.78,0.17,0.0,-0.0116,0.451
4167.2,443.52,-1.1909,4.6521,0.3521,-109.78,0.17,0.0,-0.012,0.451
4167.3,443.667,-1.1909,4.6521,0.3521,-109.78,0.17,0.0,-0.0131,0.451
4167.4,443.849,-1.1909,4.6521,0.3521,-109.78,0.17,0.0,-0.0161,0.451
4167.5,443.964,-1.1909,4.6521,0.3521,-109.78,0.17,0.0,-0.0168,0.451
4167.6,444.084,-1.1909,4.6521,0.3521,-109.78,0.17,0.0,-0.0128,0.451
4167.7,444.201,-1.1909,4.6521,0.3521,-109.78,0.17,0.0,-0.0125,0.451
4167.8,444.317,-1.1909,4.6521,0.3521,-109.78,0.17,0.0,-0.0105,0.451
4167.9,444.427,-1.1909,4.6521,0.3521,-109.78,0.17,0.0,-0.0136,0.451
4168.0,444.542,-1.1909,4.6521,0.3521,-109.78,0.17,0.0,-0.0167,0.451
4168.1,444.658,-1.1909,4.6521,0.3521,-109.78,0.17,0.0,-0.0143,0.451
4168.2,444.774,-1.1909,4.6521,0.3521,-109.78,0.17,0.0,-0.0144,0.451
4168.3,444.891,-1.1909,4.6521,0.3521,-109.78,0.17,0.0,-0.0122,0.451
4168.4,445.003,-1.1909,4.6521,0.3521,-109.78,0.17,0.0,-0.0119,0.451
4168.5,445.12,-1.1909,4.6521,0.3521,-109.78,0.17,0.0,-0.0097,0.451
4168.6,445.234,-1.1909,4.6521,0.3521,-109.78,0.17,0.0,-0.0058,0.451
4168.7,445.348,-1.1909,4.6521,0.3521,-109.78,0.17,0.0,-0.0086,0.451
4168.8,445.462,-1.1909,4.6521,0.3521,-109.78,0.17,0.0,-0.0131,0.451
4168.9,445.574,-1.1909,4.6521,0.3521,-109.78,0.17,0.0,-0.0143,0.451
4169.0,445.68,-1.1909,4.6521,0.3521,-109.78,0.17,0.0,-0.0109,0.451
4169.1,445.797,-1.1909,4.6521,0.3521,-109.78,0.17,0.0,-0.01,0.451
4169.2,445.907,-1.1909,4.6521,0.3521,-109.78,0.17,0.0,-0.009,0.451
4169.3,446.022,-1.1909,4.6521,0.3521,-109.78,0.17,0.0,-0.0056,0.451
4169.4,446.135,-1.1909,4.6521,0.3521,-109.78,0.17,0.0,-0.0063,0.451
4169.5,446.248,-1.1909,4.6521,0.3521,-109.78,0.17,0.0,-0.0088,0.451
4169.6,446.363,-1.1909,4.6521,0.3521,-109.78,0.17,0.0,-0.0092,0.451
4169.7,446.479,-1.1909,4.6521,0.3521,-109.78,0.17,0.0,-0.0065,0.451
4169.8,446.593,-1.1909,4.6521,0.3521,-109.78,0.17,0.0,-0.0067,0.451
4169.9,446.706,-1.1909,4.6521,0.3521,-109.78,0.17,0.0,-0.004,0.451
4170.0,446.818,-1.1909,4.6521,0.3521,-109.78,0.17,0.0,-0.0032,0.451
4170.1,446.936,-1.1909,4.6521,0.3521,-109.78,0.17,0.0,-0.0037,0.451
4170.2,447.053,-1.1909,4.6521,0.3521,-109.78,0.17,0.0,-0.0055,0.451
4170.3,447.169,-1.1909,4.6521,0.3521,-109.78,0.17,0.0,-0.0041,0.451
4170.4,447.293,-1.1909,4.6521,0.3521,-109.78,0.17,0.0,-0.0047,0.451
4170.5,447.409,-1.1909,4.6521,0.3521,-109.78,0.17,0.0,-0.0078,0.451
4170.6,447.524,-1.1909,4.6521,0.3521,-109.78,0.17,0.0,-0.0076,0.451
4170.7,447.631,-1.1909,4.6521,0.3521,-109.78,0.17,0.0,-0.0091,0.451
4170.8,447.743,-1.1909,4.6521,0.3521,-109.78,0.17,0.0,-0.0106,0.451
4170.9,447.854,-1.1909,4.6521,0.3521,-109.78,0.17,0.0,-0.0074,0.451
4171.0,447.971,-1.1909,4.6521,0.3521,-109.78,0.17,0.0,-0.0064,0.451
4171.1,448.081,-1.1909,4.6521,0.3521,-109.78,0.17,0.0,-0.0063,0.451
4171.201,448.197,-1.1909,4.6521,0.3521,-109.78,0.17,0.0,-0.0054,0.451
4171.301,448.311,-1.1909,4.6521,0.3521,-109.78,0.17,0.0,-0.006,0.451
4171.401,448.422,-1.1909,4.6521,0.3521,-109.78,0.17,0.0,-0.0035,0.451
4171.501,448.536,-1.1909,4.6521,0.3521,-109.78,0.17,0.0,-0.0083,0.451
4171.601,448.643,-1.1909,4.6521,0.3521,-109.78,0.17,0.0,-0.0098,0.451
4171.701,448.751,-1.1909,4.6521,0.3521,-109.78,0.17,0.0,-0.0103,0.451
4171.801,448.861,-1.1909,4.6521,0.3521,-109.78,0.17,0.0,-0.0091,0.451
4171.901,448.971,-1.1909,4.6521,0.3521,-109.78,0.17,0.0,-0.0099,0.451
4172.001,449.08,-1.1909,4.6521,0.3521,-109.78,0.17,0.0,-0.0095,0.451
4172.101,449.194,-1.1909,4.6521,0.3521,-109.78,0.17,0.0,-0.0105,0.451
4172.201,449.304,-1.1909,4.6521,0.3521,-109.78,0.17,0.0,-0.0095,0.451
4172.301,449.411,-1.1909,4.6521,0.3521,-109.78,0.17,0.0,-0.0116,0.451
4172.401,449.525,-1.1909,4.6521,0.3521,-109.78,0.17,0.0,-0.0115,0.451
4172.501,449.638,-1.1909,4.6521,0.3521,-109.78,0.17,0.0,-0.0167,0.451
4172.601,449.754,-1.1909,4.6521,0.3521,-109.78,0.17,0.0,-0.0171,0.451
4172.701,449.864,-1.1909,4.6521,0.3521,-109.78,0.17,0.0,-0.0143,0.451
4172.801,449.975,-1.1909,4.6521,0.3521,-109.78,0.17,0.0,-0.0137,0.451
4172.901,450.083,-1.1909,4.6521,0.3521,-109.78,0.17,0.0,-0.0072,0.451
4173.001,450.194,-1.1909,4.6521,0.3521,-109.78,0.17,0.0,-0.0061,0.451
4173.101,450.306,-1.1909,4.6521,0.3521,-109.78,0.17,0.0,-0.0034,0.451
4173.201,450.412,-1.1909,4.6521,0.3521,-109.78,0.17,0.0,-0.0045,0.451
4173.301,450.522,-1.1909,4.6521,0.3521,-109.78,0.17,0.0,-0.0042,0.451
4173.401,450.635,-1.1909,4.6521,0.3521,-109.78,0.17,0.0,-0.0049,0.451
4173.501,450.748,-1.1909,4.6521,0.3521,-109.78,0.17,0.0,-0.0097,0.451
4173.601,450.865,-1.1909,4.6521,0.3521,-109.78,0.17,0.0,-0.011,0.451
4173.701,450.976,-1.1909,4.6521,0.3521,-109.78,0.17,0.0,-0.0073,0.451
4173.801,451.087,-1.1909,4.6521,0.3521,-109.78,0.17,0.0,-0.0037,0.451
4173.902,451.203,-1.1908,4.6521,0.3521,-109.77,0.17,0.0,-0.0051,0.451
4174.001,451.312,-1.1908,4.6521,0.3521,-109.77,0.17,0.0,-0.0053,0.451
4174.101,451.427,-1.1909,4.6521,0.3521,-109.78,0.17,0.0,-0.0085,0.451
4174.201,451.54,-1.1909,4.6521,0.3521,-109.78,0.17,0.0,-0.0075,0.451
4174.301,451.652,-1.1909,4.6521,0.3521,-109.78,0.17,0.0,-0.0099,0.451
4174.401,451.767,-1.1909,4.6521,0.3521,-109.78,0.17,0.0,-0.0108,0.451
4174.501,451.878,-1.1909,4.6521,0.3521,-109.78,0.17,0.0,-0.0097,0.451
4174.601,451.99,-1.1909,4.6521,0.3521,-109.78,0.17,0.0,-0.0098,0.451
4174.701,452.106,-1.1909,4.6521,0.3521,-109.78,0.17,0.0,-0.0082,0.451
4174.801,452.217,-1.1909,4.6521,0.3521,-109.78,0.17,0.0,-0.0127,0.451
4174.901,452.329,-1.1909,4.6521,0.3521,-109.78,0.17,0.0,-0.0133,0.451
4175.001,452.443,-1.1909,4.6521,0.3521,-109.78,0.17,0.0,-0.0131,0.451
4175.101,452.553,-1.1909,4.6521,0.3521,-109.78,0.17,0.0,-0.0144,0.451
4175.201,452.667,-1.1909,4.6521,0.3521,-109.78,0.17,0.0,-0.0115,0.451
4175.301,452.775,-1.1909,4.6521,0.3521,-109.78,0.17,0.0,-0.0129,0.451
4175.401,452.889,-1.1909,4.6521,0.3521,-109.78,0.17,0.0,-0.0126,0.451
4175.501,452.998,-1.1909,4.6521,0.3521,-109.78,0.17,0.0,-0.0071,0.451
4175.602,453.104,-1.1909,4.6521,0.3521,-109.78,0.17,0.0,-0.0067,0.451
4175.701,453.212,-1.1909,4.6521,0.3521,-109.78,0.17,0.0,-0.0047,0.451
4175.801,453.322,-1.1909,4.6521,0.3521,-109.78,0.17,0.0,-0.0044,0.451
4175.901,453.432,-1.1909,4.6521,0.3521,-109.78,0.17,0.0,-0.0061,0.451
4176.001,453.547,-1.1909,4.6521,0.3521,-109.78,0.17,0.0,-0.0099,0.451
4176.101,453.663,-1.1909,4.6521,0.3521,-109.78,0.17,0.0,-0.0078,0.451
4176.201,453.776,-1.1909,4.6521,0.3521,-109.78,0.17,0.0,-0.0084,0.451
4176.301,453.888,-1.1909,4.6521,0.3521,-109.78,0.17,0.0,-0.0088,0.451
4176.401,453.998,-1.1909,4.6521,0.3521,-109.78,0.17,0.0,-0.0142,0.451
4176.501,454.111,-1.1909,4.6521,0.3521,-109.78,0.17,0.0,-0.013,0.451
4176.601,454.223,-1.1909,4.6521,0.3521,-109.78,0.17,0.0,-0.0141,0.451
4176.701,454.338,-1.1909,4.6521,0.3521,-109.78,0.17,0.0,-0.0103,0.451
4176.801,454.445,-1.1909,4.6521,0.3521,-109.78,0.17,0.0,-0.0072,0.451
4176.901,454.563,-1.1909,4.6521,0.3521,-109.78,0.17,0.0,-0.0107,0.451
4177.001,454.674,-1.1909,4.6521,0.3521,-109.78,0.17,0.0,-0.0077,0.451
4177.101,454.783,-1.1909,4.6521,0.3521,-109.78,0.17,0.0,-0.0068,0.451
4177.201,454.895,-1.1909,4.6521,0.3521,-109.78,0.17,0.0,-0.0085,0.451
4177.301,455.005,-1.1909,4.6521,0.3521,-109.78,0.17,0.0,-0.0082,0.451
4177.401,455.116,-1.1909,4.6521,0.3521,-109.78,0.17,0.0,-0.0103,0.451
4177.501,455.226,-1.1909,4.6521,0.3521,-109.78,0.17,0.0,-0.0081,0.451
4177.601,455.336,-1.1909,4.6521,0.3521,-109.78,0.17,0.0,-0.0087,0.451
4177.701,455.447,-1.1909,4.6521,0.3521,-109.78,0.17,0.0,-0.0041,0.451
4177.801,455.559,-1.1909,4.6521,0.3521,-109.78,0.17,0.0,-0.0019,0.451
4177.901,455.673,-1.1909,4.6521,0.3521,-109.78,0.17,0.0,-0.0018,0.451
4178.001,455.78,-1.1909,4.6521,0.3521,-109.78,0.17,0.0,-0.0016,0.451
4178.101,455.891,-1.1909,4.6521,0.3521,-109.78,0.17,0.0,-0.0027,0.451
4178.201,456.005,-1.1909,4.6521,0.3521,-109.78,0.17,0.0,-0.0037,0.451
4178.301,456.114,-1.1909,4.6521,0.3521,-109.78,0.17,0.0,-0.0061,0.451
4178.401,456.225,-1.1909,4.6521,0.3521,-109.78,0.17,0.0,-0.0073,0.451
4178.501,456.333,-1.1909,4.6521,0.3521,-109.78,0.17,0.0,-0.0091,0.451
4178.601,456.444,-1.1909,4.6521,0.3521,-109.78,0.17,0.0,-0.0039,0.451
4178.701,456.557,-1.1909,4.6521,0.3521,-109.78,0.17,0.0,-0.0045,0.451
4178.801,456.668,-1.1909,4.6521,0.3521,-109.78,0.17,0.0,-0.0055,0.451
4178.901,456.779,-1.1909,4.6521,0.3521,-109.78,0.17,0.0,-0.0054,0.451
4179.001,456.89,-1.1909,4.6521,0.3521,-109.78,0.17,0.0,-0.0076,0.451
4179.102,456.997,-1.1909,4.6521,0.3521,-109.78,0.17,0.0,-0.0082,0.451
4179.201,457.108,-1.1909,4.6521,0.3521,-109.78,0.17,0.0,-0.0122,0.451
4179.301,457.223,-1.1909,4.6521,0.3521,-109.78,0.17,0.0,-0.0101,0.451
4179.401,457.334,-1.1909,4.6521,0.3521,-109.78,0.17,0.0,-0.0103,0.451
4179.503,457.448,-1.1909,4.6521,0.3521,-109.78,0.17,0.0,-0.0114,0.451
4179.601,457.554,-1.1909,4.6521,0.3521,-109.78,0.17,0.0,-0.0103,0.451
4179.701,457.664,-1.1909,4.6521,0.3521,-109.78,0.17,0.0,-0.0103,0.451
4179.802,457.773,-1.1909,4.6521,0.3521,-109.78,0.17,0.0,-0.0094,0.451
4179.901,457.882,-1.1909,4.6521,0.3521,-109.78,0.17,0.0,-0.0065,0.451
4180.001,457.995,-1.1909,4.6521,0.3521,-109.78,0.17,0.0,-0.0108,0.451
4180.101,458.107,-1.1909,4.6521,0.3521,-109.78,0.17,0.0,-0.0149,0.451
4180.201,458.217,-1.1909,4.6521,0.3521,-109.78,0.17,0.0,-0.016,0.451
4180.301,458.327,-1.1909,4.6521,0.3521,-109.78,0.17,0.0,-0.0154,0.451
4180.401,458.435,-1.1909,4.6521,0.3521,-109.78,0.17,0.0,-0.0133,0.451
4180.501,458.553,-1.1909,4.6521,0.3521,-109.78,0.17,0.0,-0.0074,0.451
4180.601,458.665,-1.1909,4.6521,0.3521,-109.78,0.17,0.0,-0.0075,0.451
4180.701,458.776,-1.1909,4.6521,0.3521,-109.78,0.17,0.0,-0.0042,0.451
4180.801,458.887,-1.1909,4.6521,0.3521,-109.78,0.17,0.0,-0.0058,0.451
4180.901,459.002,-1.1909,4.6521,0.3521,-109.78,0.17,0.0,-0.006,0.451
4181.001,459.112,-1.1909,4.6521,0.3521,-109.78,0.17,0.0,-0.0101,0.451
4181.101,459.225,-1.1909,4.6521,0.3521,-109.78,0.17,0.0,-0.0095,0.451
4181.201,459.337,-1.1909,4.6521,0.3521,-109.78,0.17,0.0,-0.0087,0.451
4181.301,459.449,-1.1909,4.6521,0.3521,-109.78,0.17,0.0,-0.0142,0.451
4181.403,459.565,-1.1909,4.6521,0.3521,-109.78,0.17,0.0,-0.0125,0.451
4181.501,459.673,-1.1909,4.6521,0.3521,-109.78,0.17,0.0,-0.0143,0.451
4181.601,459.788,-1.1909,4.6521,0.3521,-109.78,0.17,0.0,-0.0111,0.451
4181.701,459.893,-1.1909,4.6521,0.3521,-109.78,0.17,0.0,-0.0103,0.451
4181.801,460.003,-1.1909,4.6521,0.3521,-109.78,0.17,0.0,-0.0111,0.451
4181.901,460.111,-1.1909,4.6521,0.3521,-109.78,0.17,0.0,-0.0109,0.451
4182.001,460.228,-1.1909,4.6521,0.3521,-109.78,0.17,0.0,-0.007,0.451
4182.101,460.34,-1.1909,4.6521,0.3521,-109.78,0.17,0.0,-0.0131,0.451
4182.201,460.452,-1.1909,4.6521,0.3521,-109.78,0.17,0.0,-0.0163,0.451
4182.301,460.56,-1.1909,4.6521,0.3521,-109.78,0.17,0.0,-0.0121,0.451
4182.401,460.667,-1.1909,4.6521,0.3521,-109.78,0.17,0.0,-0.0136,0.451
4182.501,460.777,-1.1909,4.6521,0.3521,-109.78,0.17,0.0,-0.0151,0.451
4182.601,460.891,-1.1909,4.6521,0.3521,-109.78,0.17,0.0,-0.0104,0.451
4182.701,461.001,-1.1909,4.6521,0.3521,-109.78,0.17,0.0,-0.01,0.451
4182.801,461.108,-1.1909,4.6521,0.3521,-109.78,0.17,0.0,-0.0101,0.451
4182.901,461.215,-1.1909,4.6521,0.3521,-109.78,0.17,0.0,-0.0091,0.451
4183.001,461.324,-1.1909,4.6521,0.3521,-109.78,0.17,0.0,-0.0124,0.451
4183.102,461.432,-1.1909,4.6521,0.3521,-109.78,0.17,0.0,-0.0126,0.451
4183.201,461.545,-1.1909,4.6521,0.3521,-109.78,0.17,0.0,-0.0089,0.451
4183.301,461.655,-1.1909,4.6521,0.3521,-109.78,0.17,0.0,-0.0108,0.451
4183.401,461.766,-1.1909,4.6521,0.3521,-109.78,0.17,0.0,-0.0106,0.451
4183.501,461.883,-1.1909,4.6521,0.3521,-109.78,0.17,0.0,-0.0142,0.451
4183.601,461.999,-1.1909,4.6521,0.3521,-109.78,0.17,0.0,-0.0116,0.451
4183.701,462.112,-1.1909,4.6521,0.3521,-109.78,0.17,0.0,-0.0125,0.451
4183.801,462.22,-1.1909,4.6521,0.3521,-109.78,0.17,0.0,-0.0136,0.451
4183.901,462.332,-1.1909,4.6521,0.3521,-109.78,0.17,0.0,-0.0128,0.451
4184.001,462.447,-1.1909,4.6521,0.3521,-109.78,0.17,0.0,-0.0099,0.451
4184.101,462.559,-1.1909,4.6521,0.3521,-109.78,0.17,0.0,-0.0097,0.451
4184.201,462.67,-1.1909,4.6521,0.3521,-109.78,0.17,0.0,-0.0061,0.451
4184.301,462.781,-1.1909,4.6521,0.3521,-109.78,0.17,0.0,-0.0067,0.451
4184.401,462.891,-1.1909,4.6521,0.3521,-109.78,0.17,0.0,-0.0062,0.451
4184.501,463.0,-1.1909,4.6521,0.3521,-109.78,0.17,0.0,-0.0094,0.451
4184.601,463.116,-1.1909,4.6521,0.3521,-109.78,0.17,0.0,-0.0108,0.451
4184.701,463.227,-1.1909,4.6521,0.3521,-109.78,0.17,0.0,-0.0095,0.451
4184.801,463.337,-1.1909,4.6521,0.3521,-109.78,0.17,0.0,-0.0091,0.451
4184.901,463.445,-1.1909,4.6521,0.3521,-109.78,0.17,0.0,-0.008,0.451
4185.001,463.558,-1.1909,4.6521,0.3521,-109.78,0.17,0.0,-0.0072,0.451
4185.101,463.675,-1.1909,4.6521,0.3521,-109.78,0.17,0.0,-0.0063,0.451
4185.201,463.784,-1.1909,4.6521,0.3521,-109.78,0.17,0.0,-0.0047,0.451
4185.301,463.898,-1.1909,4.6521,0.3521,-109.78,0.17,0.0,-0.0055,0.451
4185.401,464.008,-1.1909,4.6521,0.3521,-109.78,0.17,0.0,-0.0001,0.451
4185.501,464.119,-1.1909,4.6521,0.3521,-109.78,0.17,0.0,-0.001,0.451
4185.601,464.23,-1.1909,4.6521,0.3521,-109.78,0.17,0.0,-0.0072,0.451
4185.701,464.343,-1.1909,4.6521,0.3521,-109.78,0.17,0.0,-0.0143,0.451
4185.801,464.453,-1.1909,4.6521,0.3521,-109.78,0.17,0.0,-0.0121,0.451
4185.904,464.576,-1.1909,4.6521,0.3521,-109.78,0.17,0.0,-0.0059,0.451
4186.001,464.683,-1.1909,4.6521,0.3521,-109.78,0.17,0.0,-0.0061,0.451
4186.101,464.791,-1.1909,4.6521,0.3521,-109.78,0.17,0.0,-0.0099,0.451
4186.201,464.902,-1.1909,4.6521,0.3521,-109.78,0.17,0.0,-0.0117,0.451
4186.302,465.011,-1.1909,4.6521,0.3521,-109.78,0.17,0.0,-0.0124,0.451
4186.401,465.122,-1.1909,4.6521,0.3521,-109.78,0.17,0.0,-0.0155,0.451
4186.501,465.23,-1.1909,4.6521,0.3521,-109.78,0.17,0.0,-0.0134,0.451
4186.601,465.337,-1.1909,4.6521,0.3521,-109.78,0.17,0.0,-0.0161,0.451
4186.701,465.453,-1.1909,4.6521,0.3521,-109.78,0.17,0.0,-0.0176,0.451
4186.803,465.583,-1.1909,4.6521,0.3521,-109.78,0.17,0.0,-0.0125,0.451
4186.901,465.692,-1.1909,4.6521,0.3521,-109.78,0.17,0.0,-0.012,0.451
4187.001,465.805,-1.1909,4.6521,0.3521,-109.78,0.17,0.0,-0.0105,0.451
4187.101,465.916,-1.1909,4.6521,0.3521,-109.78,0.17,0.0,-0.0147,0.451
4187.201,466.025,-1.1909,4.6521,0.3521,-109.78,0.17,0.0,-0.0146,0.451
4187.301,466.133,-1.1909,4.6521,0.3521,-109.78,0.17,0.0,-0.0118,0.451
4187.401,466.242,-1.1909,4.6521,0.3521,-109.78,0.17,0.0,-0.0049,0.451
4187.501,466.353,-1.1909,4.6521,0.3521,-109.78,0.17,0.0,0.0006,0.451
4187.601,466.467,-1.1909,4.6521,0.3521,-109.78,0.17,0.0,0.0,0.451
4187.703,466.581,-1.1909,4.6521,0.3521,-109.78,0.17,0.0,-0.0001,0.451
4187.801,466.686,-1.1909,4.6521,0.3521,-109.78,0.17,0.0,-0.0033,0.451
4187.901,466.801,-1.1909,4.6521,0.3521,-109.78,0.17,0.0,-0.0058,0.451
4188.001,466.908,-1.1909,4.6521,0.3521,-109.78,0.17,0.0,-0.0067,0.451
4188.101,467.021,-1.1909,4.6521,0.3521,-109.78,0.17,0.0,-0.0053,0.451
4188.201,467.135,-1.1909,4.6521,0.3521,-109.78,0.17,0.0,-0.0087,0.451
4188.301,467.248,-1.1909,4.6521,0.3521,-109.78,0.17,0.0,-0.0126,0.451
4188.402,467.359,-1.1909,4.6521,0.3521,-109.78,0.17,0.0,-0.0084,0.451
4188.501,467.47,-1.1909,4.6521,0.3521,-109.78,0.17,0.0,-0.0119,0.451
4188.601,467.583,-1.1909,4.6521,0.3521,-109.78,0.17,0.0,-0.0122,0.451
4188.701,467.693,-1.1909,4.6521,0.3521,-109.78,0.17,0.0,-0.0122,0.451
4188.801,467.799,-1.1909,4.6521,0.3521,-109.78,0.17,0.0,-0.0097,0.451
4188.901,467.907,-1.1909,4.6521,0.3521,-109.78,0.17,0.0,-0.0111,0.451
4189.001,468.02,-1.1909,4.6521,0.3521,-109.78,0.17,0.0,-0.008,0.451
4189.101,468.132,-1.1909,4.6521,0.3521,-109.78,0.17,0.0,-0.005,0.451
4189.201,468.241,-1.1909,4.6521,0.3521,-109.78,0.17,0.0,-0.0038,0.451
4189.301,468.354,-1.1909,4.6521,0.3521,-109.78,0.17,0.0,-0.0052,0.451
4189.401,468.47,-1.1909,4.6521,0.3521,-109.78,0.17,0.0,-0.0027,0.451
4189.503,468.599,-1.1909,4.6521,0.3521,-109.78,0.17,0.0,-0.0046,0.451
4189.601,468.703,-1.1909,4.6521,0.3521,-109.78,0.17,0.0,-0.0058,0.451
4189.701,468.814,-1.1909,4.6521,0.3521,-109.78,0.17,0.0,-0.008,0.451
4189.801,468.921,-1.1909,4.6521,0.3521,-109.78,0.17,0.0,-0.0095,0.451
4189.901,469.032,-1.1909,4.6521,0.3521,-109.78,0.17,0.0,-0.0053,0.451
4190.001,469.143,-1.1909,4.6521,0.3521,-109.78,0.17,0.0,-0.0011,0.451
4190.101,469.252,-1.1909,4.6521,0.3521,-109.78,0.17,0.0,-0.0017,0.451
4190.201,469.363,-1.1909,4.6521,0.3521,-109.78,0.17,0.0,0.0005,0.451
4190.301,469.472,-1.1909,4.6521,0.3521,-109.78,0.17,0.0,-0.0039,0.451
4190.401,469.586,-1.1909,4.6521,0.3521,-109.78,0.17,0.0,-0.0031,0.451
4190.501,469.696,-1.1909,4.6521,0.3521,-109.78,0.17,0.0,-0.0063,0.451
4190.601,469.806,-1.1909,4.6521,0.3521,-109.78,0.17,0.0,-0.0042,0.451
4190.701,469.916,-1.1909,4.6521,0.3521,-109.78,0.17,0.0,-0.0072,0.451
4190.801,470.028,-1.1909,4.6521,0.3521,-109.78,0.17,0.0,-0.0091,0.451
4190.901,470.133,-1.1909,4.6521,0.3521,-109.78,0.17,0.0,-0.0083,0.451
4191.001,470.241,-1.1909,4.6521,0.3521,-109.78,0.17,0.0,-0.0081,0.451
4191.101,470.354,-1.1909,4.6521,0.3521,-109.78,0.17,0.0,-0.0041,0.451
4191.201,470.468,-1.1909,4.6521,0.3521,-109.78,0.17,0.0,-0.0039,0.451
4191.303,470.59,-1.1909,4.6521,0.3521,-109.78,0.17,0.0,-0.0027,0.451
4191.401,470.702,-1.1909,4.6521,0.3521,-109.78,0.17,0.0,-0.0032,0.451
4191.501,470.812,-1.1909,4.6521,0.3521,-109.78,0.17,0.0,-0.0059,0.451
4191.601,470.92,-1.1909,4.6521,0.3521,-109.78,0.17,0.0,-0.004,0.451
4191.701,471.031,-1.1909,4.6521,0.3521,-109.78,0.17,0.0,-0.0124,0.451
4191.801,471.138,-1.1909,4.6521,0.3521,-109.78,0.17,0.0,-0.0027,0.451
4191.901,471.247,-1.1909,4.6521,0.3521,-109.78,0.17,0.0,-0.0037,0.451
4192.001,471.36,-1.1909,4.6521,0.3521,-109.78,0.17,0.0,-0.0016,0.451
4192.101,471.473,-1.1909,4.6521,0.3521,-109.78,0.17,0.0,-0.0036,0.451
4192.203,471.612,-1.1909,4.6521,0.3521,-109.78,0.17,0.0,-0.0017,0.451
4192.301,471.722,-1.1908,4.6521,0.3521,-109.77,0.17,0.0,-0.0046,0.451
4192.401,471.83,-1.1908,4.6521,0.3521,-109.77,0.17,0.0,-0.0075,0.451
4192.502,471.938,-1.1908,4.6521,0.3521,-109.78,0.17,0.0,-0.0066,0.451
4192.601,472.051,-1.1908,4.6521,0.3521,-109.78,0.17,0.0,-0.0082,0.451
4192.701,472.159,-1.1908,4.6521,0.3521,-109.78,0.17,0.0,-0.0081,0.451
4192.801,472.266,-1.1908,4.6521,0.3521,-109.78,0.17,0.0,-0.0082,0.451
4192.901,472.383,-1.1908,4.6521,0.3521,-109.78,0.17,0.0,-0.0084,0.451
4193.001,472.497,-1.1908,4.6521,0.3521,-109.78,0.17,0.0,0.0,0.451
4193.101,472.611,-1.1908,4.6521,0.3521,-109.78,0.17,0.0,0.08,0.451
4193.201,472.72,-1.1909,4.652,0.352,-109.73,0.15,0.0,0.12,0.451
4193.301,472.826,-1.1911,4.651,0.3513,-109.26,0.17,0.0,0.12,0.45
4193.401,472.936,-1.1926,4.6507,0.3515,-108.47,0.16,0.0,0.12,0.449
4193.501,473.043,-1.1939,4.651,0.3478,-108.09,0.2,0.0,0.12,0.449
4193.601,473.148,-1.1942,4.6528,0.3484,-107.56,0.2,0.0,0.12,0.448
4193.701,473.255,-1.194,4.652,0.3484,-106.72,0.08,0.0,0.12,0.451
4193.801,473.369,-1.1926,4.6508,0.3507,-105.99,0.11,0.0,0.08,0.451
4193.901,473.478,-1.1912,4.6482,0.3452,-105.7,0.19,0.0,0.0,0.448
4194.002,473.59,-1.1892,4.6464,0.3469,-105.73,0.44,0.0,0.0,0.45
4194.101,473.694,-1.1871,4.6433,0.3473,-105.46,0.4,0.0,0.0,0.448
4194.201,473.802,-1.1853,4.6444,0.3497,-105.27,0.38,0.0,0.0,0.45
4194.301,473.916,-1.1839,4.6472,0.3477,-105.41,0.41,0.0,0.0,0.452
4194.401,474.027,-1.1846,4.6515,0.3472,-105.5,0.19,0.0,0.0,0.452
4194.501,474.139,-1.1853,4.6525,0.3471,-105.38,0.11,0.0,0.0,0.45
4194.601,474.254,-1.1859,4.6511,0.3475,-105.4,0.09,0.0,0.0,0.448
4194.701,474.372,-1.1865,4.6486,0.348,-105.5,0.16,0.0,0.0,0.448
4194.801,474.484,-1.1868,4.6466,0.3485,-105.55,0.22,0.0,0.0,0.449
4194.903,474.606,-1.1868,4.6452,0.349,-105.56,0.25,0.0,0.0,0.451
4195.001,474.718,-1.1868,4.6452,0.349,-105.56,0.25,0.0,0.0,0.45
4195.101,474.834,-1.1868,4.6452,0.349,-105.56,0.25,0.0,0.0,0.449
4195.202,474.951,-1.1868,4.6452,0.349,-105.55,0.24,0.0,0.0,0.449
4195.301,475.06,-1.1868,4.6452,0.349,-105.55,0.24,0.0,0.0,0.449
4195.401,475.17,-1.1868,4.6452,0.349,-105.55,0.24,0.0,0.0,0.449
4195.501,475.283,-1.1867,4.6451,0.349,-105.54,0.24,0.0,0.0,0.449
4195.601,475.392,-1.1867,4.6451,0.349,-105.54,0.23,0.0,0.0,0.449
4195.702,475.512,-1.1867,4.6451,0.349,-105.54,0.23,0.0,0.0,0.449
4195.802,475.621,-1.1867,4.6451,0.3491,-105.55,0.22,0.0,0.0,0.449
4195.902,475.732,-1.1867,4.6451,0.3491,-105.55,0.22,0.0,0.0,0.449
4196.001,475.852,-1.1867,4.645,0.3491,-105.55,0.21,0.0,0.0,0.449
4196.101,475.967,-1.1867,4.645,0.3491,-105.54,0.21,0.0,0.0,0.449
4196.201,476.082,-1.1867,4.645,0.3491,-105.54,0.2,0.0,0.0,0.449
4196.301,476.19,-1.1867,4.645,0.3491,-105.55,0.2,0.0,0.0,0.448
4196.401,476.301,-1.1867,4.645,0.3492,-105.55,0.2,0.0,0.0,0.448
4196.501,476.412,-1.1867,4.645,0.3492,-105.55,0.19,0.0,0.0,0.448
4196.601,476.528,-1.1867,4.645,0.3492,-105.55,0.19,0.0,0.0,0.448
4196.701,476.641,-1.1867,4.6449,0.3492,-105.55,0.19,0.0,0.0,0.448
4196.801,476.752,-1.1867,4.6449,0.3492,-105.55,0.19,0.0,0.0,0.448
4196.901,476.865,-1.1867,4.6449,0.3492,-105.54,0.19,0.0,0.0,0.448
4197.001,476.979,-1.1867,4.6449,0.3492,-105.55,0.18,0.0,0.0,0.448
4197.101,477.092,-1.1867,4.6448,0.3492,-105.55,0.18,0.0,0.0,0.45
4197.201,477.203,-1.1867,4.6448,0.3493,-105.55,0.18,0.0,0.0,0.45
4197.301,477.312,-1.1867,4.6448,0.3493,-105.55,0.17,0.0,0.0,0.45
4197.403,477.57,-1.1867,4.6448,0.3493,-105.55,0.17,0.0,0.0,0.45
4197.504,477.749,-1.1867,4.6448,0.3493,-105.54,0.17,0.0,0.0,0.45
4197.604,477.966,-1.1867,4.6447,0.3493,-105.54,0.17,0.0,0.0,0.45
4197.701,478.073,-1.1867,4.6445,0.3495,-105.56,0.16,0.0,0.0,0.45
4197.801,478.187,-1.1867,4.6444,0.3495,-105.54,0.16,0.0,0.0,0.451
4197.901,478.298,-1.1868,4.6443,0.3497,-105.53,0.15,0.0,0.0,0.45
4198.001,478.407,-1.1868,4.6443,0.3497,-105.59,0.14,0.0,0.0,0.45
4198.101,478.529,-1.1869,4.6442,0.3498,-105.58,0.14,0.0,0.0,0.448
4198.201,478.638,-1.1869,4.6441,0.3499,-105.64,0.14,0.0,0.0,0.448
4198.301,478.755,-1.1869,4.644,0.35,-105.55,0.15,0.0,0.0,0.45
4198.401,478.865,-1.1868,4.644,0.3501,-105.56,0.15,0.0,0.0,0.451
4198.501,478.977,-1.1869,4.6439,0.3502,-105.69,0.14,0.0,0.0,0.451
4198.603,479.178,-1.1869,4.6439,0.3503,-105.65,0.15,0.0,0.0,0.451
4198.703,479.399,-1.1869,4.6439,0.3503,-105.65,0.15,0.0,0.0,0.45
4198.803,479.673,-1.1869,4.6439,0.3504,-105.61,0.15,0.0,0.0,0.45
4198.903,479.911,-1.1868,4.6439,0.3505,-105.53,0.16,0.0,0.0,0.449
4199.001,480.017,-1.1868,4.6438,0.3506,-105.52,0.16,0.0,0.0,0.45
4199.101,480.126,-1.1868,4.6439,0.3507,-105.54,0.16,0.0,0.0,0.45
4199.201,480.234,-1.1868,4.6438,0.3508,-105.55,0.16,0.0,0.0,0.45
4199.301,480.35,-1.1868,4.6438,0.3508,-105.57,0.15,0.0,0.0,0.451
4199.401,480.465,-1.1868,4.6438,0.3509,-105.57,0.16,0.0,0.0,0.451
4199.503,480.582,-1.1868,4.6438,0.3509,-105.57,0.15,0.0,0.0,0.451
4199.602,480.692,-1.1868,4.6438,0.351,-105.55,0.15,0.0,0.0,0.451
4199.701,480.806,-1.1868,4.6438,0.351,-105.56,0.15,0.0,0.0,0.45
4199.803,481.083,-1.1868,4.6438,0.351,-105.56,0.15,0.0,0.0,0.451
4199.903,481.253,-1.1868,4.6438,0.351,-105.56,0.15,0.0,0.0,0.451
4200.003,481.61,-1.1868,4.6438,0.351,-105.56,0.15,0.0,0.0,0.451
4200.102,481.74,-1.1868,4.6438,0.351,-105.56,0.15,0.0,0.0,0.451
4200.201,481.856,-1.1868,4.6438,0.351,-105.55,0.15,0.0,0.0,0.451
4200.301,481.981,-1.1868,4.6438,0.351,-105.55,0.15,0.0,0.0,0.451
4200.402,482.111,-1.1868,4.6438,0.351,-105.55,0.15,0.0,0.0,0.451
4200.503,482.34,-1.1868,4.6438,0.351,-105.55,0.15,0.0,0.0,0.451
4200.603,482.523,-1.1868,4.6438,0.351,-105.55,0.15,0.0,0.0,0.451
4200.703,482.687,-1.1868,4.6438,0.351,-105.54,0.15,0.0,0.0,0.451
4200.801,482.813,-1.1868,4.6438,0.351,-105.54,0.15,0.0,0.0,0.45
4200.903,483.03,-1.1868,4.6438,0.351,-105.54,0.15,0.0,0.0,0.45
4201.001,483.146,-1.1868,4.6438,0.351,-105.54,0.15,0.0,0.0,0.45
4201.102,483.324,-1.1868,4.6438,0.351,-105.54,0.15,0.0,0.0,0.45
4201.204,483.446,-1.1868,4.6438,0.351,-105.54,0.15,0.0,0.0,0.45
4201.303,483.572,-1.1868,4.6438,0.351,-105.54,0.15,0.0,0.0,0.45
4201.401,483.683,-1.1868,4.6438,0.351,-105.54,0.15,0.0,0.0,0.45
4201.501,483.802,-1.1868,4.6438,0.351,-105.54,0.15,0.0,0.0,0.45
4201.601,483.927,-1.1868,4.6438,0.351,-105.54,0.15,0.0,0.0,0.45
4201.701,484.053,-1.1868,4.6438,0.351,-105.54,0.15,0.0,0.0,0.45
4201.801,484.177,-1.1868,4.6438,0.351,-105.54,0.15,0.0,0.0,0.45
4201.901,484.294,-1.1868,4.6438,0.351,-105.54,0.15,0.0,0.0,0.45
4202.001,484.416,-1.1868,4.6438,0.351,-105.54,0.15,0.0,0.0,0.45
4202.103,484.591,-1.1868,4.6438,0.351,-105.54,0.15,0.0,0.0,0.45
4202.203,484.735,-1.1868,4.6438,0.351,-105.54,0.15,0.0,0.0,0.45
4202.302,484.852,-1.1868,4.6438,0.351,-105.54,0.15,0.0,0.0,0.45
4202.403,485.048,-1.1868,4.6438,0.351,-105.54,0.15,0.0,0.0,0.45
4202.503,485.427,-1.1868,4.6438,0.351,-105.54,0.15,0.0,0.0,0.45
4202.604,485.626,-1.1868,4.6438,0.351,-105.54,0.15,0.0,0.0,0.45
4202.701,485.73,-1.1868,4.6438,0.351,-105.54,0.15,0.0,0.0,0.45
4202.801,485.83,-1.1868,4.6438,0.351,-105.54,0.15,0.0,0.0,0.45
4202.901,485.933,-1.1868,4.6438,0.351,-105.54,0.15,0.0,0.0,0.45
4203.002,486.036,-1.1868,4.6438,0.351,-105.54,0.15,0.0,0.0,0.45
4203.101,486.134,-1.1868,4.6438,0.351,-105.54,0.15,0.0,0.0,0.45
4203.201,486.236,-1.1868,4.6438,0.351,-105.54,0.15,0.0,0.0,0.45
4203.301,486.338,-1.1868,4.6438,0.351,-105.54,0.15,0.0,0.0,0.45
4203.401,486.438,-1.1868,4.6438,0.351,-105.54,0.15,0.0,0.0,0.45
4203.501,486.538,-1.1868,4.6438,0.351,-105.54,0.15,0.0,0.0,0.45
4203.601,486.639,-1.1868,4.6438,0.351,-105.54,0.15,0.0,0.0,0.45
4203.701,486.739,-1.1868,4.6438,0.351,-105.54,0.15,0.0,0.0,0.45
4203.801,486.839,-1.1868,4.6438,0.351,-105.54,0.15,0.0,0.0,0.45
4203.901,486.939,-1.1868,4.6438,0.351,-105.54,0.15,0.0,0.0,0.45
4204.001,487.041,-1.1868,4.6438,0.351,-105.54,0.15,0.0,0.0,0.45
4204.101,487.141,-1.1868,4.6438,0.351,-105.54,0.15,0.0,0.0,0.45
4204.201,487.241,-1.1868,4.6438,0.351,-105.54,0.15,0.0,0.0,0.45
4204.301,487.341,-1.1868,4.6438,0.351,-105.54,0.15,0.0,0.0,0.45
4204.401,487.442,-1.1868,4.6438,0.351,-105.54,0.15,0.0,0.0,0.45
4204.501,487.542,-1.1868,4.6438,0.351,-105.54,0.15,0.0,0.0,0.45
4204.601,487.642,-1.1868,4.6438,0.351,-105.54,0.15,0.0,0.0,0.45
4204.701,487.742,-1.1868,4.6438,0.351,-105.54,0.15,0.0,0.0,0.45
4204.801,487.842,-1.1868,4.6438,0.351,-105.54,0.15,0.0,0.0,0.45
4204.901,487.942,-1.1868,4.6438,0.351,-105.54,0.15,0.0,0.0,0.45
4205.001,488.042,-1.1868,4.6438,0.351,-105.54,0.15,0.0,0.0,0.45
4205.101,488.142,-1.1868,4.6438,0.351,-105.54,0.15,0.0,0.0,0.45
4205.201,488.242,-1.1868,4.6438,0.351,-105.54,0.15,0.0,0.0,0.45
4205.301,488.343,-1.1868,4.6438,0.351,-105.54,0.15,0.0,0.0,0.45
4205.401,488.443,-1.1868,4.6438,0.351,-105.54,0.15,0.0,0.0,0.45
4205.501,488.543,-1.1868,4.6438,0.351,-105.54,0.15,0.0,0.0,0.45
4205.601,488.644,-1.1868,4.6438,0.351,-105.54,0.15,0.0,0.0,0.45
4205.701,488.744,-1.1868,4.6438,0.351,-105.54,0.15,0.0,0.0,0.45
4205.801,488.844,-1.1868,4.6438,0.351,-105.54,0.15,0.0,0.0,0.45
4205.901,488.943,-1.1868,4.6438,0.351,-105.54,0.15,0.0,0.0,0.45
4206.001,489.043,-1.1868,4.6438,0.351,-105.54,0.15,0.0,0.0,0.45
4206.101,489.144,-1.1868,4.6438,0.351,-105.54,0.15,0.0,0.0,0.45
4206.201,489.244,-1.1868,4.6438,0.351,-105.54,0.15,0.0,0.0,0.45
4206.301,489.344,-1.1868,4.6438,0.351,-105.54,0.15,0.0,0.0,0.45
4206.401,489.445,-1.1868,4.6438,0.351,-105.54,0.15,0.0,0.0,0.45
4206.501,489.545,-1.1868,4.6438,0.351,-105.54,0.15,0.0,0.0,0.45
4206.601,489.645,-1.1868,4.6438,0.351,-105.54,0.15,0.0,0.0,0.45
4206.701,489.745,-1.1868,4.6438,0.351,-105.54,0.15,0.0,0.0,0.45
4206.801,489.845,-1.1868,4.6438,0.351,-105.54,0.15,0.0,0.0,0.45
4206.901,489.945,-1.1868,4.6438,0.351,-105.54,0.15,0.0,0.0,0.45
4207.001,490.045,-1.1868,4.6438,0.3511,-105.52,0.15,0.0,0.0,0.45
4207.101,490.145,-1.1868,4.6438,0.3511,-105.52,0.15,0.0,0.0,0.45
4207.201,490.245,-1.1868,4.6438,0.3511,-105.53,0.15,0.0,0.0,0.45
4207.301,490.345,-1.1868,4.6438,0.3511,-105.54,0.15,0.0,0.0,0.45
4207.401,490.445,-1.1868,4.6438,0.3511,-105.53,0.15,0.0,0.0,0.45
4207.501,490.545,-1.1868,4.6438,0.3511,-105.52,0.15,0.0,0.0,0.45
4207.601,490.645,-1.1868,4.6438,0.3511,-105.53,0.15,0.0,0.0,0.45
4207.701,490.747,-1.1868,4.6438,0.3511,-105.53,0.15,0.0,0.0,0.45
4207.801,490.846,-1.1868,4.6438,0.3511,-105.55,0.15,0.0,0.0,0.45
4207.901,490.946,-1.1868,4.6438,0.3511,-105.55,0.15,0.0,0.0,0.451
4208.001,491.046,-1.1868,4.6438,0.3511,-105.55,0.15,0.0,0.0,0.451
4208.101,491.146,-1.1868,4.6438,0.3511,-105.55,0.15,0.0,0.0,0.45
4208.201,491.246,-1.1868,4.6438,0.3512,-105.54,0.15,0.0,0.0,0.45
4208.301,491.346,-1.1868,4.6438,0.3512,-105.54,0.15,0.0,0.0,0.45
4208.401,491.446,-1.1867,4.6438,0.3512,-105.51,0.16,0.0,0.0,0.45
4208.501,491.546,-1.1867,4.6438,0.3512,-105.57,0.15,0.0,0.0,0.449
4208.601,491.646,-1.1867,4.6438,0.3512,-105.56,0.15,0.0,0.0,0.451
4208.701,491.746,-1.1868,4.6439,0.3513,-105.58,0.15,0.0,0.0,0.451
4208.801,491.846,-1.1868,4.6439,0.3513,-105.57,0.15,0.0,0.0,0.451
4208.901,491.946,-1.1867,4.6439,0.3513,-105.46,0.16,0.0,0.0,0.451
4209.001,492.046,-1.1867,4.6439,0.3514,-105.53,0.16,0.0,0.0,0.448
4209.101,492.146,-1.1866,4.6439,0.3514,-105.42,0.16,0.0,0.0,0.45
4209.201,492.246,-1.1866,4.6439,0.3514,-105.47,0.16,0.0,0.0,0.452
4209.301,492.346,-1.1867,4.6439,0.3515,-105.55,0.16,0.0,0.0,0.448
4209.401,492.446,-1.1867,4.6439,0.3515,-105.54,0.16,0.0,0.0,0.45
4209.501,492.546,-1.1867,4.6439,0.3515,-105.55,0.15,0.0,0.0,0.45
4209.601,492.646,-1.1867,4.6439,0.3515,-105.54,0.16,0.0,0.0,0.451
4209.701,492.746,-1.1867,4.6439,0.3515,-105.54,0.16,0.0,0.0,0.45
4209.801,492.846,-1.1867,4.6439,0.3515,-105.55,0.16,0.0,0.0,0.45
4209.901,492.946,-1.1867,4.6439,0.3515,-105.52,0.16,0.0,0.0,0.45
4210.001,493.046,-1.1867,4.6439,0.3515,-105.55,0.16,0.0,0.0,0.45
4210.101,493.146,-1.1867,4.6439,0.3515,-105.56,0.16,0.0,0.0,0.45
4210.201,493.246,-1.1867,4.6439,0.3516,-105.55,0.16,0.0,0.0,0.451
4210.301,493.346,-1.1867,4.6439,0.3516,-105.54,0.16,0.0,0.0,0.45
4210.401,493.446,-1.1867,4.6439,0.3516,-105.56,0.16,0.0,0.0,0.45
4210.501,493.546,-1.1867,4.6439,0.3516,-105.56,0.16,0.0,0.0,0.451
4210.601,493.646,-1.1867,4.6439,0.3516,-105.54,0.16,0.0,0.0,0.451
4210.701,493.746,-1.1867,4.6438,0.3516,-105.52,0.16,0.0,0.0,0.45
4210.801,493.846,-1.1867,4.6439,0.3516,-105.54,0.16,0.0,0.0,0.45
4210.901,493.946,-1.1868,4.6439,0.3516,-105.58,0.15,0.0,0.0,0.45
4211.001,494.046,-1.1868,4.6439,0.3516,-105.56,0.16,0.0,0.0,0.451
4211.101,494.146,-1.1868,4.6439,0.3516,-105.57,0.16,0.0,0.0,0.451
4211.201,494.246,-1.1867,4.6439,0.3516,-105.54,0.16,0.0,0.04,0.451
4211.301,494.346,-1.1867,4.6439,0.3516,-105.52,0.16,0.0,0.12,0.45
4211.401,494.446,-1.1865,4.6438,0.3516,-105.16,0.18,0.0,0.12,0.45
4211.501,494.548,-1.186,4.6436,0.3513,-104.54,0.16,0.0,0.12,0.45
4211.601,494.648,-1.1861,4.6433,0.3501,-103.98,0.15,0.0,0.12,0.451
4211.701,494.748,-1.186,4.6439,0.3502,-103.34,0.1,0.0,0.12,0.452
4211.801,494.848,-1.1853,4.6434,0.35,-102.51,0.12,0.0,0.12,0.452
4211.901,494.948,-1.184,4.6443,0.352,-101.71,0.18,0.0,0.12,0.448
4212.001,495.048,-1.1829,4.6441,0.3502,-101.19,0.19,0.0,0.08,0.449
4212.101,495.148,-1.1827,4.6438,0.3511,-100.9,0.22,0.0,0.0,0.452
4212.201,495.248,-1.1837,4.6424,0.3502,-100.66,0.14,0.0,0.0,0.449
4212.301,495.348,-1.1846,4.6416,0.3512,-100.45,0.16,0.0,0.0,0.449
4212.401,495.448,-1.1856,4.6417,0.3512,-100.41,0.13,0.0,0.0,0.448
4212.501,495.549,-1.1856,4.6417,0.3512,-100.42,0.13,0.0,0.0,0.449
4212.601,495.649,-1.1856,4.6417,0.3512,-100.43,0.13,0.0,0.0,0.45
4212.701,495.749,-1.1856,4.6417,0.3512,-100.43,0.13,0.0,0.0,0.45
4212.801,495.849,-1.1856,4.6417,0.3512,-100.43,0.13,0.0,0.0,0.45
4212.901,495.952,-1.1856,4.6417,0.3512,-100.43,0.13,0.0,0.0,0.45
4213.001,496.051,-1.1856,4.6417,0.3512,-100.43,0.13,0.0,0.0,0.45
4213.101,496.151,-1.1856,4.6417,0.3512,-100.43,0.13,0.0,0.0,0.45
4213.201,496.251,-1.1856,4.6417,0.3512,-100.43,0.13,0.0,0.0,0.45
4213.301,496.352,-1.1856,4.6417,0.3512,-100.43,0.13,0.0,0.0,0.45
4213.401,496.452,-1.1856,4.6417,0.3512,-100.43,0.13,0.0,0.0,0.45
4213.501,496.551,-1.1856,4.6417,0.3512,-100.43,0.13,0.0,0.0,0.45
4213.601,496.652,-1.1856,4.6417,0.3512,-100.43,0.13,0.0,0.0,0.45
4213.701,496.752,-1.1856,4.6417,0.3512,-100.43,0.13,0.0,0.0,0.45
4213.801,496.852,-1.1856,4.6417,0.3512,-100.43,0.13,0.0,0.0,0.45
4213.901,496.953,-1.1856,4.6417,0.3512,-100.43,0.13,0.0,0.0,0.45
4214.001,497.053,-1.1856,4.6417,0.3512,-100.43,0.13,0.0,0.0,0.45
4214.101,497.152,-1.1856,4.6417,0.3512,-100.43,0.13,0.0,0.0,0.45
4214.201,497.252,-1.1856,4.6417,0.3512,-100.43,0.13,0.0,0.0,0.45
4214.301,497.352,-1.1856,4.6417,0.3512,-100.43,0.13,0.0,0.0,0.45
4214.401,497.452,-1.1856,4.6417,0.3512,-100.43,0.13,0.0,0.0,0.45
4214.501,497.554,-1.1856,4.6417,0.3512,-100.43,0.13,0.0,0.0,0.45
4214.601,497.654,-1.1856,4.6417,0.3512,-100.43,0.13,0.0,0.0,0.45
4214.701,497.754,-1.1856,4.6417,0.3512,-100.43,0.13,0.0,0.0,0.45
4214.801,497.854,-1.1856,4.6417,0.3512,-100.43,0.13,0.0,0.0,0.45
4214.901,497.954,-1.1856,4.6417,0.3512,-100.43,0.13,0.0,0.0,0.45
4215.001,498.054,-1.1856,4.6417,0.3512,-100.43,0.13,0.0,0.0,0.45
4215.101,498.154,-1.1856,4.6417,0.3512,-100.43,0.13,0.0,0.0,0.45
4215.201,498.254,-1.1856,4.6417,0.3512,-100.43,0.13,0.0,0.0,0.45
4215.301,498.354,-1.1856,4.6417,0.3512,-100.43,0.13,0.0,0.0,0.45
4215.401,498.455,-1.1856,4.6417,0.3512,-100.43,0.13,0.0,0.0,0.45
4215.501,498.556,-1.1856,4.6417,0.3512,-100.43,0.13,0.0,0.0,0.45
4215.601,498.659,-1.1856,4.6417,0.3512,-100.43,0.13,0.0,0.0,0.45
4215.701,498.759,-1.1856,4.6417,0.3512,-100.43,0.13,0.0,0.0,0.45
4215.801,498.859,-1.1856,4.6417,0.3512,-100.43,0.13,0.0,0.0,0.45
4215.901,498.961,-1.1856,4.6417,0.3512,-100.43,0.13,0.0,0.0,0.45
4216.001,499.061,-1.1856,4.6417,0.3512,-100.43,0.13,0.0,0.0,0.45
4216.101,499.161,-1.1856,4.6417,0.3512,-100.43,0.13,0.0,0.0,0.45
