sim_s,wall_s,x,y,z,yaw_deg,tilt_deg,cmd_vx,cmd_wz,min_range_m
851.327,0.001,-0.0033,0.0423,0.3469,90.04,0.02,0.0,0.0,inf
851.327,0.002,-0.0033,0.0423,0.3469,90.04,0.02,0.0,0.0,inf
851.327,0.003,-0.0033,0.0423,0.3469,90.04,0.02,0.0,0.0,0.549
851.33,0.004,-0.0033,0.0423,0.3469,90.04,0.02,0.0,0.0,0.549
851.33,0.004,-0.0033,0.0423,0.3469,90.04,0.02,0.0,0.0,0.549
851.33,0.005,-0.0033,0.0423,0.3469,90.04,0.02,0.0,0.0,0.549
851.33,0.006,-0.0033,0.0423,0.3469,90.04,0.02,0.0,0.0,0.549
851.333,0.006,-0.0033,0.0423,0.3469,90.04,0.02,0.0,0.0,0.549
851.333,0.006,-0.0033,0.0423,0.3469,90.04,0.02,0.0,0.0,0.549
851.333,0.007,-0.0033,0.0423,0.3469,90.04,0.02,0.0,0.0,0.549
851.333,0.008,-0.0033,0.0423,0.3469,90.04,0.02,0.0,0.0,0.549
851.333,0.008,-0.0033,0.0423,0.3469,90.04,0.02,0.0,0.0,0.549
851.335,0.008,-0.0033,0.0423,0.3469,90.04,0.02,0.0,0.0,0.549
851.335,0.009,-0.0033,0.0423,0.3469,90.04,0.02,0.0,0.0,0.549
851.335,0.01,-0.0033,0.0423,0.3469,90.04,0.02,0.0,0.0,0.549
851.337,0.01,-0.0033,0.0423,0.3469,90.04,0.02,0.0,0.0,0.549
851.337,0.011,-0.0033,0.0423,0.3469,90.04,0.02,0.0,0.0,0.549
851.337,0.012,-0.0033,0.0423,0.3469,90.04,0.02,0.0,0.0,0.549
851.338,0.012,-0.0033,0.0423,0.3469,90.04,0.02,0.0,0.0,0.549
851.338,0.016,-0.0033,0.0423,0.3469,90.04,0.02,0.0,0.0,0.549
851.338,0.019,-0.0033,0.0423,0.3469,90.04,0.02,0.0,0.0,0.549
851.34,0.025,-0.0033,0.0423,0.3469,90.04,0.02,0.0,0.0,0.549
851.345,0.026,-0.0033,0.0423,0.3469,90.04,0.02,0.0,0.0,0.549
851.345,0.026,-0.0033,0.0423,0.3469,90.04,0.02,0.0,0.0,0.549
851.349,0.026,-0.0033,0.0423,0.3469,90.04,0.02,0.0,0.0,0.549
851.351,0.029,-0.0033,0.0423,0.3469,90.04,0.02,0.0,0.0,0.549
851.354,0.029,-0.0033,0.0423,0.3469,90.04,0.02,0.0,0.0,0.549
851.355,0.029,-0.0033,0.0423,0.3469,90.04,0.02,0.0,0.0,0.549
851.401,0.075,-0.0033,0.0423,0.3469,90.04,0.02,0.0,0.0,0.549
851.503,0.193,-0.0033,0.0423,0.3469,90.04,0.02,0.0,0.0,0.549
851.601,0.294,-0.0033,0.0424,0.345,89.92,0.34,0.0,-0.0082,0.549
851.704,0.409,-0.0055,0.0445,0.3452,90.29,0.2,0.0009,-0.019,0.549
851.803,0.532,-0.0089,0.0467,0.3457,89.96,0.12,0.0028,-0.0124,0.553
851.904,0.643,-0.0113,0.0475,0.3463,89.93,0.1,0.0024,-0.0251,0.554
852.003,0.771,-0.0126,0.0473,0.3466,89.94,0.08,0.0,-0.025,0.556
852.103,0.888,-0.0133,0.047,0.3463,89.86,0.04,0.0,-0.0259,0.556
852.202,1.005,-0.0148,0.044,0.3481,89.93,0.19,0.0,-0.0206,0.557
852.302,1.128,-0.0172,0.0407,0.3439,89.61,0.12,0.0,-0.0264,0.559
852.401,1.232,-0.0177,0.0384,0.345,89.35,0.09,0.0,-0.0317,0.56
852.504,1.364,-0.0175,0.038,0.351,89.21,0.18,0.0,-0.0316,0.559
852.603,1.469,-0.0178,0.0371,0.3536,89.33,0.21,0.0,-0.0316,0.557
852.702,1.611,-0.0175,0.0364,0.3541,89.09,0.11,0.0,-0.0225,0.558
852.804,1.721,-0.0146,0.0353,0.358,88.55,0.25,0.0,-0.0325,0.557
852.901,1.822,-0.0129,0.0352,0.3607,88.65,0.13,0.0,-0.0431,0.552
853.001,1.928,-0.0116,0.0348,0.3606,88.66,0.31,0.0,-0.0245,0.55
853.105,2.076,-0.0103,0.0358,0.3534,88.45,0.29,0.001,-0.0349,0.55
853.202,2.186,-0.0101,0.0327,0.3545,88.05,0.29,0.0002,-0.0435,0.547
853.301,2.288,-0.0117,0.03,0.3552,87.99,0.02,0.0002,-0.0435,0.545
853.401,2.429,-0.0141,0.0257,0.3549,87.99,0.23,0.0,-0.0365,0.545
853.502,2.558,-0.0155,0.0232,0.3514,87.6,0.08,0.0,-0.0498,0.545
853.603,2.685,-0.0143,0.0219,0.3474,87.48,0.08,0.0,-0.05,0.547
853.703,2.792,-0.0126,0.0218,0.3449,87.41,0.22,0.0,-0.0468,0.545
853.802,2.925,-0.0113,0.024,0.3481,87.14,0.27,0.0007,-0.0432,0.543
853.903,3.059,-0.0083,0.0255,0.3514,86.64,0.49,0.0038,-0.0622,0.543
854.003,3.187,-0.0057,0.0278,0.3429,86.54,0.66,0.0023,-0.0595,0.536
854.102,3.313,-0.0032,0.0315,0.3447,86.47,0.73,0.0036,-0.0457,0.536
854.204,3.418,-0.0026,0.0351,0.3481,85.96,0.59,0.0076,-0.04,0.53
854.302,3.568,-0.0033,0.0347,0.3512,85.66,0.49,0.0006,-0.0539,0.526
854.401,3.674,-0.0045,0.0335,0.3456,85.6,0.34,0.0007,-0.0451,0.525
854.503,3.786,-0.0057,0.0291,0.3545,86.23,0.3,0.0,-0.0473,0.525
854.603,3.923,-0.0047,0.0244,0.3566,85.22,0.55,0.0,-0.092,0.53
854.702,4.071,-0.0019,0.0195,0.347,84.77,0.33,0.0,-0.0848,0.53
854.803,4.193,0.0001,0.017,0.3461,85.23,0.71,0.0,-0.0771,0.518
854.903,4.3,0.0033,0.0167,0.3576,85.0,1.05,0.0025,-0.0371,0.52
855.004,4.404,0.0097,0.0135,0.3614,83.69,1.33,0.0004,-0.0371,0.516
855.104,4.524,0.0161,0.0126,0.3507,83.45,0.98,0.0002,-0.1233,0.503
855.201,4.627,0.0205,0.0177,0.3507,83.18,0.95,0.0016,-0.1428,0.495
855.302,4.822,0.0224,0.0252,0.3539,82.37,0.76,0.0177,-0.1151,0.489
855.402,4.944,0.0217,0.0304,0.3493,81.72,0.52,0.0149,-0.1144,0.482
855.503,5.067,0.0229,0.0321,0.3335,81.18,0.83,0.003,-0.1022,0.478
855.603,5.223,0.0263,0.0289,0.3395,80.57,0.86,0.0,-0.088,0.475
855.703,5.339,0.0298,0.0209,0.344,79.9,1.27,0.0,-0.0961,0.475
855.802,5.47,0.0316,0.0184,0.3413,79.72,0.73,0.0,-0.0864,0.462
855.904,5.626,0.03,0.0223,0.3422,79.37,0.53,0.0,-0.0854,0.458
856.003,5.746,0.0259,0.0261,0.3427,78.66,0.21,0.0056,-0.0874,0.457
856.104,5.871,0.0191,0.0281,0.3492,78.41,0.39,0.0008,-0.0589,0.457
856.201,5.973,0.0126,0.0263,0.3525,78.2,0.64,0.0,-0.0559,0.461
856.301,6.083,0.0053,0.0214,0.3521,77.62,0.58,0.0,-0.0559,0.467
856.403,6.208,0.0055,0.02,0.3541,77.16,0.27,0.0,-0.0689,0.47
856.504,6.325,0.009,0.0207,0.3468,76.96,0.12,0.0,-0.0759,0.468
856.601,6.426,0.014,0.0207,0.3479,76.75,0.4,0.0,-0.0783,0.464
856.703,6.561,0.0185,0.0217,0.3506,76.2,0.48,0.0007,-0.0926,0.459
856.803,6.676,0.0223,0.0195,0.3536,75.65,0.62,0.0007,-0.0926,0.452
856.901,6.79,0.0248,0.0189,0.3531,75.48,0.59,0.0001,-0.0949,0.452
857.002,6.907,0.026,0.0204,0.3542,75.13,0.53,0.0,-0.0824,0.448
857.103,7.042,0.0254,0.0221,0.3546,74.57,0.38,0.001,-0.0872,0.448
857.203,7.16,0.0221,0.021,0.3533,74.12,0.11,0.0002,-0.0963,0.448
857.304,7.267,0.0184,0.0196,0.3477,73.73,0.12,0.0001,-0.0975,0.448
857.404,7.383,0.0146,0.017,0.3499,73.37,0.16,0.0,-0.0915,0.448
857.504,7.492,0.0142,0.0155,0.3514,72.61,0.1,0.0,-0.1086,0.448
857.601,7.619,0.0162,0.0139,0.353,72.07,0.33,0.0,-0.1061,0.448
857.703,7.749,0.0176,0.0157,0.3533,71.81,0.27,0.0,-0.1019,0.448
857.802,7.884,0.0187,0.0196,0.3496,71.3,0.23,0.0016,-0.0895,0.448
857.902,8.019,0.0175,0.0216,0.3503,70.68,0.25,0.0003,-0.0949,0.448
858.002,8.154,0.0148,0.0219,0.3507,70.45,0.21,0.0001,-0.093,0.448
858.104,8.262,0.0111,0.0183,0.3515,70.16,0.27,0.0,-0.0865,0.448
858.201,8.363,0.009,0.0153,0.3496,69.41,0.17,0.0,-0.088,0.448
858.301,8.469,0.0092,0.0126,0.3511,68.86,0.07,0.0,-0.0938,0.448
858.402,8.577,0.0114,0.0113,0.35,68.55,0.1,0.0,-0.1047,0.448
858.503,8.691,0.0131,0.0122,0.3516,68.26,0.2,0.0,-0.0903,0.448
858.601,8.795,0.0147,0.0141,0.3501,67.85,0.2,0.0,-0.0903,0.448
858.704,8.909,0.0157,0.0143,0.3524,67.11,0.18,0.0,-0.0746,0.448
858.803,9.049,0.016,0.0145,0.3485,66.9,0.16,0.0,-0.0756,0.448
858.901,9.154,0.0158,0.0132,0.3498,66.67,0.19,0.0,-0.0659,0.448
859.003,9.288,0.0156,0.0118,0.3506,66.09,0.22,0.0,-0.0817,0.448
859.104,9.423,0.0157,0.009,0.3505,65.79,0.23,0.0,-0.0885,0.448
859.201,9.527,0.0161,0.0083,0.3453,65.52,0.29,0.0,-0.0733,0.449
859.301,9.634,0.0162,0.0092,0.351,65.46,0.3,0.0,-0.0717,0.449
859.404,9.748,0.0178,0.0097,0.3541,64.63,0.44,0.0,0.0083,0.449
859.504,9.881,0.0187,0.0086,0.3532,64.54,0.26,0.0,-0.0235,0.449
859.602,10.024,0.0189,0.0099,0.3509,64.58,0.28,0.0,-0.0434,0.449
859.703,10.141,0.0188,0.0131,0.3429,64.35,0.27,0.0,-0.043,0.449
859.802,10.262,0.0144,0.0141,0.3446,63.95,0.33,0.0001,-0.0678,0.449
859.901,10.368,0.0094,0.0148,0.3445,63.96,0.41,0.0001,-0.0539,0.448
860.001,10.474,0.0023,0.0119,0.3471,63.76,0.73,0.0001,-0.0539,0.448
860.102,10.606,-0.0036,0.0095,0.3438,63.16,0.5,0.0,-0.0527,0.449
860.202,10.748,-0.0034,0.0082,0.3462,63.07,0.24,0.0,-0.0536,0.449
860.302,10.854,-0.001,0.0083,0.348,63.22,0.18,0.0,-0.0434,0.449
860.404,10.972,0.0021,0.0081,0.3511,62.9,0.12,0.0,-0.0319,0.449
860.504,11.115,0.0052,0.0082,0.3525,62.57,0.19,0.0,-0.0347,0.448
860.601,11.218,0.0077,0.0072,0.351,61.98,0.3,0.0,-0.0705,0.448
860.701,11.323,0.0125,0.0058,0.341,62.04,0.61,0.0,-0.0705,0.448
860.804,11.44,0.0193,0.0057,0.3413,61.79,0.75,0.0004,-0.0121,0.449
860.902,11.556,0.022,0.0031,0.3432,61.05,0.78,0.0001,-0.0739,0.449
861.004,11.692,0.0215,-0.0019,0.3422,61.02,0.62,0.0001,-0.0739,0.449
861.101,11.794,0.0194,-0.0036,0.3412,61.03,0.46,0.0,-0.0388,0.448
861.204,11.913,0.0167,-0.0019,0.3489,60.88,0.35,0.0,-0.0275,0.448
861.302,12.045,0.0149,-0.0007,0.3539,60.35,0.29,0.0,-0.0857,0.448
861.403,12.198,0.0139,0.002,0.3421,60.25,0.11,0.0,-0.0586,0.448
861.501,12.302,0.0134,0.0036,0.3431,60.18,0.23,0.0,-0.0556,0.448
861.603,12.425,0.0142,0.0059,0.3523,59.56,0.35,0.0034,-0.0156,0.449
861.703,12.537,0.0148,0.0063,0.3562,59.25,0.48,0.0006,-0.035,0.448
861.803,12.673,0.0153,0.009,0.351,59.39,0.25,0.0,-0.0264,0.448
861.903,12.786,0.0156,0.0125,0.35,59.27,0.23,0.0,-0.039,0.448
862.003,12.909,0.0128,0.0155,0.347,58.96,0.34,0.0018,-0.0431,0.448
862.103,13.024,0.0067,0.0184,0.3466,58.75,0.53,0.0003,-0.0529,0.448
862.203,13.161,-0.0005,0.0172,0.3469,58.76,0.66,0.0,-0.0281,0.448
862.302,13.283,-0.0079,0.0142,0.3365,58.34,0.63,0.0,-0.0283,0.448
862.401,13.387,-0.0132,0.0133,0.3346,58.02,0.88,0.0,-0.0283,0.448
862.502,13.505,-0.015,0.0138,0.3432,58.05,0.85,0.0,-0.0746,0.448
862.603,13.642,-0.0182,0.0107,0.3486,58.0,0.85,0.0,-0.0517,0.448
862.703,13.751,-0.0185,0.0077,0.3393,57.52,0.3,0.0,-0.0526,0.448
862.801,13.878,-0.0159,0.0043,0.342,57.09,0.07,0.0,-0.0619,0.448
862.904,14.007,-0.0116,0.0023,0.3424,57.04,0.25,0.0,-0.0551,0.449
863.003,14.142,-0.0065,0.0013,0.3453,56.8,0.34,0.0,-0.0643,0.448
863.104,14.257,-0.0025,0.0007,0.3453,56.25,0.41,0.003,-0.0685,0.448
863.202,14.402,-0.0019,-0.002,0.3482,55.9,0.38,0.0007,-0.0692,0.448
863.302,14.547,-0.0028,-0.0039,0.3502,55.8,0.34,0.0,-0.0607,0.448
863.401,14.651,-0.0036,-0.0058,0.3508,55.3,0.34,0.0,-0.0564,0.448
863.504,14.802,-0.0049,-0.0103,0.3528,54.88,0.47,0.0,-0.0897,0.448
863.603,14.929,-0.0058,-0.0121,0.3505,54.69,0.32,0.0,-0.0816,0.448
863.703,15.058,-0.0071,-0.0102,0.3487,54.28,0.23,0.0,-0.0737,0.448
863.802,15.195,-0.0085,-0.0078,0.3486,53.68,0.23,0.0006,-0.0802,0.448
863.902,15.3,-0.0093,-0.0053,0.3437,53.56,0.13,0.0001,-0.088,0.448
864.001,15.408,-0.0101,-0.0044,0.3439,53.46,0.19,0.0001,-0.0938,0.448
864.103,15.536,-0.0104,-0.0034,0.344,52.91,0.09,0.0001,-0.0938,0.448
864.203,15.691,-0.0104,-0.0039,0.348,51.92,0.05,0.0,-0.0885,0.448
864.303,15.804,-0.0102,-0.0035,0.3462,51.95,0.07,0.0001,-0.07,0.448
864.403,15.923,-0.011,-0.0038,0.3483,51.61,0.04,0.0,-0.0755,0.448
864.504,16.064,-0.0109,-0.0037,0.3495,50.78,0.09,0.0,-0.0976,0.448
864.601,16.17,-0.0103,-0.0043,0.345,50.56,0.07,0.0,-0.0976,0.448
864.701,16.275,-0.0086,-0.006,0.3414,50.32,0.42,0.0,-0.076,0.449
864.801,16.375,-0.0056,-0.0073,0.3447,49.9,0.5,0.0,-0.0807,0.449
864.901,16.475,-0.0035,-0.0098,0.3479,49.15,0.67,0.0,-0.0649,0.449
865.001,16.575,-0.0037,-0.0155,0.3505,48.81,0.97,0.0,-0.0673,0.449
865.101,16.675,-0.0038,-0.0174,0.347,48.64,0.62,0.0,-0.0673,0.448
865.201,16.774,-0.0046,-0.015,0.3493,48.44,0.31,0.0,-0.0448,0.448
865.301,16.875,-0.0055,-0.0103,0.3507,48.06,0.16,0.0021,-0.0353,0.448
865.401,16.975,-0.0086,-0.0059,0.3534,47.63,0.4,0.0021,-0.0353,0.449
865.501,17.076,-0.0119,-0.0012,0.3518,47.57,0.41,0.0006,-0.0367,0.448
865.601,17.176,-0.0169,-0.0014,0.3524,47.61,0.53,0.0006,-0.0367,0.449
865.701,17.276,-0.0233,-0.0042,0.352,47.47,0.53,0.0001,-0.015,0.448
865.801,17.376,-0.0234,-0.0074,0.3513,47.15,0.18,0.0,-0.0059,0.448
865.901,17.476,-0.02,-0.0122,0.3522,46.97,0.33,0.0,0.0003,0.448
866.001,17.576,-0.015,-0.0137,0.3516,47.12,0.41,0.0,0.0003,0.449
866.101,17.676,-0.0094,-0.0149,0.3529,47.27,0.74,0.0,0.004,0.448
866.201,17.778,-0.0061,-0.0144,0.3539,47.22,0.47,0.0001,0.0107,0.448
866.301,17.878,-0.008,-0.0135,0.3539,47.17,0.26,0.0011,0.0162,0.449
866.401,17.979,-0.0103,-0.0136,0.3536,47.06,0.19,0.0001,-0.0091,0.448
866.501,18.081,-0.0111,-0.0134,0.3535,47.14,0.19,0.0001,-0.0091,0.448
866.601,18.181,-0.0112,-0.0131,0.3535,47.12,0.19,0.0,-0.006,0.448
866.701,18.281,-0.0111,-0.0129,0.3535,47.09,0.19,0.0,0.002,0.448
866.801,18.381,-0.0112,-0.0128,0.3535,47.09,0.19,0.0,-0.0025,0.449
866.901,18.482,-0.0112,-0.0128,0.3535,47.09,0.19,0.0,0.0063,0.449
867.001,18.583,-0.0112,-0.0127,0.3535,47.09,0.19,0.0,0.0063,0.449
867.101,18.685,-0.0112,-0.0127,0.3535,47.09,0.19,0.0,0.0065,0.449
867.201,18.785,-0.0112,-0.0127,0.3535,47.09,0.19,0.0,0.0082,0.449
867.301,18.885,-0.0112,-0.0127,0.3535,47.09,0.19,0.0,0.0058,0.449
867.401,18.985,-0.0112,-0.0127,0.3535,47.09,0.19,0.0,0.0162,0.449
867.501,19.085,-0.0112,-0.0127,0.3535,47.09,0.19,0.0,0.0162,0.449
867.601,19.185,-0.0112,-0.0127,0.3535,47.1,0.19,0.0,0.0135,0.449
867.701,19.285,-0.0112,-0.0127,0.3535,47.1,0.19,0.0,0.0034,0.449
867.801,19.385,-0.0113,-0.0126,0.3535,47.12,0.19,0.0,0.0102,0.449
867.901,19.485,-0.0113,-0.0126,0.3535,47.08,0.19,0.0,0.0102,0.449
868.001,19.585,-0.0113,-0.0125,0.3535,47.09,0.18,0.0,-0.0005,0.449
868.101,19.685,-0.0113,-0.0125,0.3535,47.1,0.18,0.0,0.0094,0.449
868.201,19.785,-0.0114,-0.0125,0.3535,47.11,0.18,0.0,0.0094,0.449
868.301,19.885,-0.0114,-0.0124,0.3535,47.11,0.18,0.0,0.01,0.449
868.401,19.986,-0.0114,-0.0124,0.3535,47.11,0.18,0.0,0.012,0.449
868.501,20.087,-0.0114,-0.0124,0.3535,47.11,0.18,0.0,0.012,0.449
868.601,20.187,-0.0114,-0.0124,0.3535,47.11,0.18,0.0,0.0173,0.449
868.701,20.288,-0.0114,-0.0124,0.3535,47.11,0.18,0.0,0.0188,0.449
868.801,20.388,-0.0114,-0.0124,0.3535,47.11,0.18,0.0,0.0237,0.449
868.901,20.488,-0.0114,-0.0124,0.3535,47.11,0.18,0.0,0.0237,0.449
869.001,20.588,-0.0114,-0.0124,0.3535,47.11,0.18,0.0,0.0304,0.449
869.101,20.688,-0.0114,-0.0124,0.3535,47.11,0.18,0.0,0.0299,0.449
869.201,20.788,-0.0114,-0.0124,0.3535,47.11,0.18,0.0,0.0,0.449
869.301,20.888,-0.0114,-0.0124,0.3535,47.11,0.18,0.0,0.0178,0.449
869.401,20.988,-0.0114,-0.0124,0.3535,47.11,0.18,0.0,0.0178,0.449
869.501,21.088,-0.0114,-0.0124,0.3535,47.11,0.18,0.0,0.0269,0.449
869.601,21.188,-0.0114,-0.0124,0.3535,47.11,0.18,0.0,0.0235,0.449
869.701,21.288,-0.0114,-0.0124,0.3535,47.11,0.18,0.0,0.0235,0.449
869.801,21.388,-0.0114,-0.0124,0.3535,47.11,0.18,0.0,0.0309,0.449
869.901,21.488,-0.0114,-0.0124,0.3535,47.11,0.18,0.0,0.0309,0.449
870.001,21.588,-0.0114,-0.0124,0.3535,47.11,0.18,0.0,0.0276,0.449
870.101,21.688,-0.0114,-0.0124,0.3535,47.11,0.18,0.0,0.0295,0.449
870.201,21.788,-0.0114,-0.0124,0.3535,47.11,0.18,0.0,0.0295,0.449
870.301,21.888,-0.0114,-0.0124,0.3535,47.11,0.18,0.0,0.0331,0.449
870.401,21.99,-0.0114,-0.0124,0.3535,47.11,0.18,0.0,0.028,0.449
870.501,22.09,-0.0114,-0.0124,0.3535,47.11,0.18,0.0,0.0152,0.449
870.601,22.191,-0.0114,-0.0124,0.3535,47.11,0.18,0.0,0.0152,0.449
870.701,22.292,-0.0114,-0.0124,0.3535,47.11,0.18,0.0,0.01,0.449
870.801,22.392,-0.0114,-0.0124,0.3535,47.11,0.18,0.0,0.0112,0.449
870.901,22.493,-0.0114,-0.0124,0.3535,47.11,0.18,0.0,0.0117,0.449
871.001,22.593,-0.0114,-0.0124,0.3535,47.11,0.18,0.0,0.0127,0.449
871.101,22.693,-0.0114,-0.0124,0.3535,47.11,0.18,0.0,0.0127,0.449
871.201,22.793,-0.0114,-0.0124,0.3535,47.11,0.18,0.0,0.0143,0.449
871.301,22.893,-0.0114,-0.0124,0.3535,47.11,0.18,0.0,0.0212,0.449
871.401,22.993,-0.0114,-0.0124,0.3535,47.11,0.18,0.0,0.0283,0.449
871.501,23.093,-0.0114,-0.0124,0.3535,47.11,0.18,0.0,0.0283,0.449
871.601,23.193,-0.0114,-0.0124,0.3535,47.11,0.18,0.0,0.0225,0.449
871.701,23.293,-0.0114,-0.0124,0.3535,47.11,0.18,0.0,0.0189,0.449
871.801,23.393,-0.0114,-0.0124,0.3535,47.11,0.18,0.0,0.0189,0.449
871.901,23.493,-0.0114,-0.0124,0.3535,47.11,0.18,0.0,0.0358,0.449
872.001,23.593,-0.0114,-0.0124,0.3535,47.11,0.18,0.0,0.0308,0.449
872.101,23.693,-0.0114,-0.0124,0.3535,47.11,0.18,0.0,0.0322,0.449
872.201,23.793,-0.0114,-0.0124,0.3535,47.11,0.18,0.0,0.0322,0.449
872.301,23.895,-0.0114,-0.0124,0.3535,47.11,0.18,0.0,0.0172,0.449
872.401,23.994,-0.0114,-0.0124,0.3535,47.11,0.18,0.0,0.0167,0.449
872.501,24.095,-0.0114,-0.0124,0.3535,47.11,0.18,0.0,0.0169,0.449
872.601,24.196,-0.0114,-0.0124,0.3535,47.11,0.18,0.0,0.024,0.449
872.701,24.296,-0.0114,-0.0124,0.3535,47.11,0.18,0.0,0.0245,0.449
872.801,24.396,-0.0114,-0.0124,0.3535,47.11,0.18,0.0,0.0272,0.449
872.901,24.496,-0.0114,-0.0124,0.3535,47.11,0.18,0.0,0.0272,0.449
873.001,24.596,-0.0114,-0.0124,0.3535,47.11,0.18,0.0,0.0303,0.449
873.101,24.696,-0.0114,-0.0124,0.3535,47.11,0.18,0.0,0.0253,0.449
873.201,24.796,-0.0114,-0.0124,0.3535,47.11,0.18,0.0,0.0088,0.449
873.301,24.896,-0.0114,-0.0124,0.3535,47.11,0.18,0.0,0.0147,0.449
873.401,24.996,-0.0114,-0.0124,0.3535,47.11,0.18,0.0,0.0023,0.449
873.501,25.096,-0.0114,-0.0124,0.3535,47.11,0.18,0.0,-0.0011,0.449
873.601,25.196,-0.0114,-0.0124,0.3535,47.11,0.18,0.0,0.0079,0.449
873.701,25.296,-0.0114,-0.0124,0.3535,47.11,0.18,0.0,0.0083,0.449
873.801,25.396,-0.0114,-0.0124,0.3535,47.11,0.18,0.0,0.012,0.449
873.901,25.496,-0.0114,-0.0124,0.3535,47.11,0.18,0.0,0.0008,0.449
874.001,25.596,-0.0114,-0.0124,0.3535,47.11,0.18,0.0,-0.0046,0.449
874.101,25.696,-0.0114,-0.0124,0.3535,47.11,0.18,0.0,-0.0046,0.449
874.201,25.796,-0.0114,-0.0124,0.3535,47.11,0.18,0.0,0.0095,0.449
874.301,25.896,-0.0114,-0.0124,0.3535,47.11,0.18,0.0,0.0197,0.449
874.401,25.999,-0.0114,-0.0124,0.3535,47.11,0.18,0.0,0.0178,0.449
874.501,26.099,-0.0114,-0.0124,0.3535,47.11,0.18,0.0,0.0223,0.449
874.601,26.199,-0.0114,-0.0124,0.3535,47.11,0.18,0.0,0.0234,0.449
874.701,26.3,-0.0114,-0.0124,0.3535,47.11,0.18,0.0,0.0269,0.449
874.801,26.4,-0.0114,-0.0124,0.3535,47.11,0.18,0.0,0.0146,0.449
874.901,26.499,-0.0114,-0.0124,0.3535,47.11,0.18,0.0,0.0116,0.449
875.001,26.6,-0.0114,-0.0124,0.3535,47.11,0.18,0.0,0.0327,0.449
875.101,26.699,-0.0114,-0.0124,0.3535,47.11,0.18,0.0,0.0176,0.449
875.201,26.801,-0.0114,-0.0124,0.3535,47.11,0.18,0.0,0.0254,0.449
875.301,26.902,-0.0114,-0.0124,0.3535,47.11,0.18,0.0,0.021,0.449
875.401,27.004,-0.0114,-0.0124,0.3535,47.11,0.18,0.0,0.0181,0.449
875.501,27.104,-0.0114,-0.0124,0.3535,47.11,0.18,0.0,0.0144,0.449
875.601,27.205,-0.0114,-0.0124,0.3535,47.11,0.18,0.0,0.0144,0.449
875.701,27.305,-0.0114,-0.0124,0.3535,47.11,0.18,0.0,0.0141,0.449
875.801,27.406,-0.0114,-0.0124,0.3535,47.11,0.18,0.0,0.0183,0.449
875.901,27.506,-0.0114,-0.0124,0.3535,47.11,0.18,0.0,0.0231,0.449
876.001,27.606,-0.0114,-0.0124,0.3535,47.11,0.18,0.0,0.02,0.449
876.101,27.707,-0.0114,-0.0124,0.3535,47.11,0.18,0.0,0.0203,0.449
876.201,27.807,-0.0114,-0.0124,0.3535,47.11,0.18,0.0,0.0225,0.449
876.301,27.908,-0.0114,-0.0124,0.3535,47.11,0.18,0.0,0.0192,0.449
876.401,28.008,-0.0114,-0.0124,0.3535,47.11,0.18,0.0,0.0209,0.449
876.501,28.108,-0.0114,-0.0124,0.3535,47.11,0.18,0.0,0.0117,0.449
876.601,28.208,-0.0114,-0.0124,0.3535,47.11,0.18,0.0,0.0119,0.449
876.701,28.309,-0.0114,-0.0124,0.3535,47.11,0.18,0.0,0.0201,0.449
876.801,28.408,-0.0114,-0.0124,0.3535,47.11,0.18,0.0,0.0085,0.449
876.901,28.508,-0.0114,-0.0124,0.3535,47.11,0.18,0.0,0.0112,0.449
877.001,28.608,-0.0114,-0.0124,0.3535,47.11,0.18,0.0,0.0227,0.449
877.101,28.708,-0.0114,-0.0124,0.3535,47.11,0.18,0.0,0.0439,0.449
877.201,28.809,-0.0114,-0.0124,0.3535,47.11,0.18,0.0,0.0265,0.449
877.301,28.909,-0.0114,-0.0124,0.3535,47.11,0.18,0.0,0.0297,0.449
877.401,29.009,-0.0114,-0.0124,0.3535,47.11,0.18,0.0,0.0211,0.449
877.501,29.109,-0.0114,-0.0124,0.3535,47.11,0.18,0.0,0.018,0.449
877.601,29.209,-0.0114,-0.0124,0.3535,47.11,0.18,0.0,0.0221,0.449
877.701,29.31,-0.0114,-0.0124,0.3535,47.11,0.18,0.0,0.0255,0.449
877.801,29.409,-0.0114,-0.0124,0.3535,47.11,0.18,0.0,0.0214,0.449
877.901,29.51,-0.0114,-0.0124,0.3535,47.11,0.18,0.0,0.0243,0.449
878.001,29.61,-0.0114,-0.0124,0.3535,47.11,0.18,0.0,0.0213,0.449
878.101,29.711,-0.0114,-0.0124,0.3535,47.11,0.18,0.0,0.0186,0.449
878.201,29.812,-0.0114,-0.0124,0.3535,47.11,0.18,0.0,0.0153,0.449
878.301,29.913,-0.0114,-0.0124,0.3535,47.11,0.18,0.0,0.0076,0.449
878.401,30.013,-0.0114,-0.0124,0.3535,47.11,0.18,0.0,0.0036,0.449
878.501,30.112,-0.0114,-0.0124,0.3535,47.11,0.18,0.0,-0.0043,0.449
878.601,30.212,-0.0114,-0.0124,0.3535,47.11,0.18,0.0,-0.0145,0.449
878.701,30.313,-0.0114,-0.0124,0.3535,47.11,0.18,0.0,-0.003,0.449
878.801,30.412,-0.0114,-0.0124,0.3535,47.11,0.18,0.0,0.0034,0.449
878.901,30.512,-0.0114,-0.0124,0.3535,47.11,0.18,0.0,0.0173,0.449
879.001,30.612,-0.0114,-0.0124,0.3535,47.11,0.18,0.0,0.0167,0.449
879.101,30.714,-0.0114,-0.0124,0.3535,47.11,0.18,0.0,0.018,0.449
879.201,30.814,-0.0114,-0.0124,0.3535,47.11,0.18,0.0,0.0116,0.449
879.301,30.914,-0.0114,-0.0124,0.3535,47.11,0.18,0.0,0.013,0.449
879.401,31.014,-0.0114,-0.0124,0.3535,47.11,0.18,0.0,0.0091,0.449
879.501,31.114,-0.0114,-0.0124,0.3535,47.11,0.18,0.0,0.015,0.449
879.601,31.214,-0.0114,-0.0124,0.3535,47.11,0.18,0.0,0.0135,0.449
879.701,31.314,-0.0114,-0.0124,0.3535,47.11,0.18,0.0,0.0149,0.449
879.801,31.415,-0.0114,-0.0124,0.3535,47.11,0.18,0.0,0.0173,0.449
879.901,31.516,-0.0114,-0.0124,0.3535,47.11,0.18,0.0,0.0286,0.449
880.001,31.616,-0.0114,-0.0124,0.3535,47.11,0.18,0.0,0.0238,0.449
880.101,31.716,-0.0114,-0.0124,0.3535,47.11,0.18,0.0,0.0146,0.449
880.201,31.816,-0.0114,-0.0124,0.3535,47.11,0.18,0.0,0.0126,0.449
880.301,31.916,-0.0114,-0.0124,0.3535,47.11,0.18,0.0,0.0209,0.449
880.401,32.016,-0.0114,-0.0124,0.3535,47.11,0.18,0.0,0.0285,0.449
880.501,32.116,-0.0114,-0.0124,0.3535,47.11,0.18,0.0,0.0401,0.449
880.601,32.217,-0.0114,-0.0124,0.3535,47.11,0.18,0.0,0.0367,0.449
880.701,32.318,-0.0114,-0.0124,0.3535,47.11,0.18,0.0,0.0308,0.449
880.801,32.418,-0.0114,-0.0124,0.3535,47.11,0.18,0.0,0.0187,0.449
880.901,32.518,-0.0114,-0.0124,0.3535,47.11,0.18,0.0,0.023,0.449
881.001,32.63,-0.0114,-0.0124,0.3535,47.11,0.18,0.0,0.0333,0.449
881.101,32.73,-0.0114,-0.0124,0.3535,47.11,0.18,0.0,0.0341,0.449
881.201,32.83,-0.0114,-0.0124,0.3535,47.11,0.18,0.0,0.0229,0.449
881.301,32.93,-0.0114,-0.0124,0.3535,47.11,0.18,0.0,0.0082,0.449
881.401,33.03,-0.0114,-0.0124,0.3535,47.11,0.18,0.0,0.0018,0.449
881.501,33.13,-0.0114,-0.0124,0.3535,47.11,0.18,0.0,0.0021,0.449
881.601,33.231,-0.0114,-0.0124,0.3535,47.11,0.18,0.0,-0.0035,0.449
881.701,33.33,-0.0114,-0.0124,0.3535,47.11,0.18,0.0,0.0056,0.449
881.801,33.43,-0.0114,-0.0124,0.3535,47.11,0.18,0.0,0.007,0.449
881.901,33.53,-0.0114,-0.0124,0.3535,47.11,0.18,0.0,0.0081,0.449
882.001,33.63,-0.0114,-0.0124,0.3535,47.11,0.18,0.0,-0.0021,0.449
882.101,33.73,-0.0114,-0.0124,0.3535,47.11,0.18,0.0,-0.007,0.449
882.201,33.83,-0.0114,-0.0124,0.3535,47.11,0.18,0.0,-0.0014,0.449
882.301,33.933,-0.0114,-0.0124,0.3535,47.11,0.18,0.0,-0.0009,0.449
882.401,34.033,-0.0114,-0.0124,0.3535,47.11,0.18,0.0,0.0045,0.449
882.501,34.133,-0.0114,-0.0124,0.3535,47.11,0.18,0.0,0.0101,0.449
882.601,34.232,-0.0114,-0.0124,0.3535,47.11,0.18,0.0,-0.0022,0.449
882.701,34.333,-0.0114,-0.0124,0.3535,47.11,0.18,0.0,-0.0022,0.449
882.801,34.434,-0.0114,-0.0124,0.3535,47.11,0.18,0.0,0.0125,0.449
882.901,34.534,-0.0114,-0.0124,0.3535,47.11,0.18,0.0,0.0125,0.449
883.001,34.635,-0.0114,-0.0124,0.3535,47.11,0.18,0.0,0.0124,0.449
883.101,34.736,-0.0114,-0.0124,0.3535,47.11,0.18,0.0,0.0124,0.449
883.201,34.836,-0.0114,-0.0124,0.3535,47.11,0.18,0.0,0.0155,0.449
883.301,34.936,-0.0114,-0.0124,0.3535,47.11,0.18,0.0,0.0155,0.449
883.401,35.039,-0.0114,-0.0124,0.3535,47.11,0.18,0.0,0.0059,0.449
883.501,35.14,-0.0114,-0.0124,0.3535,47.11,0.18,0.0,0.0096,0.449
883.601,35.24,-0.0114,-0.0124,0.3535,47.11,0.18,0.0,0.0126,0.449
883.701,35.34,-0.0114,-0.0124,0.3535,47.11,0.18,0.0,0.0207,0.449
883.801,35.441,-0.0114,-0.0124,0.3535,47.11,0.18,0.0,0.0207,0.449
883.901,35.541,-0.0114,-0.0124,0.3535,47.11,0.18,0.0001,0.0144,0.449
884.001,35.642,-0.0114,-0.0124,0.3535,47.11,0.18,0.0,0.0078,0.449
884.101,35.743,-0.0114,-0.0124,0.3535,47.11,0.18,0.0,0.0066,0.449
884.201,35.847,-0.0114,-0.0124,0.3535,47.11,0.18,0.0,0.0005,0.449
884.301,35.948,-0.0114,-0.0124,0.3535,47.11,0.18,0.0,0.0088,0.449
884.401,36.049,-0.0114,-0.0124,0.3535,47.11,0.18,0.0,0.0156,0.449
884.501,36.15,-0.0114,-0.0124,0.3535,47.11,0.18,0.0,0.0249,0.449
884.601,36.25,-0.0114,-0.0124,0.3535,47.11,0.18,0.0,0.0192,0.449
884.701,36.35,-0.0114,-0.0124,0.3535,47.11,0.18,0.0,0.0271,0.449
884.801,36.451,-0.0114,-0.0124,0.3535,47.11,0.18,0.0,0.0234,0.449
884.901,36.552,-0.0114,-0.0124,0.3535,47.11,0.18,0.0,0.0202,0.449
885.001,36.651,-0.0114,-0.0124,0.3535,47.11,0.18,0.0,0.025,0.449
885.101,36.751,-0.0114,-0.0124,0.3535,47.11,0.18,0.0,0.0277,0.449
885.201,36.854,-0.0114,-0.0124,0.3535,47.11,0.18,0.0,0.0233,0.449
885.301,36.955,-0.0114,-0.0124,0.3535,47.11,0.18,0.0,0.0222,0.449
885.401,37.054,-0.0114,-0.0124,0.3535,47.11,0.18,0.0,0.0177,0.449
885.501,37.156,-0.0114,-0.0124,0.3535,47.11,0.18,0.0,0.0184,0.449
885.601,37.256,-0.0114,-0.0124,0.3535,47.11,0.18,0.0,0.0194,0.449
885.701,37.357,-0.0114,-0.0124,0.3535,47.11,0.18,0.0,0.0153,0.449
885.801,37.458,-0.0114,-0.0124,0.3535,47.11,0.18,0.0,0.0172,0.449
885.901,37.557,-0.0114,-0.0124,0.3535,47.11,0.18,0.0,0.0152,0.449
886.001,37.658,-0.0114,-0.0124,0.3535,47.11,0.19,0.0,0.0104,0.449
886.101,37.757,-0.0114,-0.0124,0.3535,47.11,0.19,0.0,-0.0019,0.449
886.201,37.858,-0.0114,-0.0124,0.3535,47.11,0.19,0.0,-0.0094,0.449
886.301,37.958,-0.0114,-0.0124,0.3535,47.11,0.19,0.0,-0.0134,0.449
886.401,38.059,-0.0114,-0.0124,0.3535,47.11,0.19,0.0,-0.0068,0.449
886.501,38.159,-0.0114,-0.0124,0.3535,47.11,0.19,0.0,0.0024,0.449
886.601,38.259,-0.0114,-0.0124,0.3534,47.11,0.19,0.0,0.0074,0.449
886.701,38.358,-0.0114,-0.0124,0.3534,47.11,0.18,0.0,-0.0046,0.449
886.801,38.459,-0.0115,-0.0124,0.3534,47.12,0.18,0.0,-0.0023,0.449
886.901,38.56,-0.0115,-0.0124,0.3534,47.11,0.18,0.0,0.0061,0.449
887.001,38.661,-0.0115,-0.0124,0.3534,47.11,0.18,0.0,0.0055,0.449
887.101,38.763,-0.0115,-0.0124,0.3534,47.11,0.19,0.0,0.0021,0.449
887.201,38.866,-0.0115,-0.0124,0.3534,47.11,0.19,0.0,0.0051,0.449
887.301,38.966,-0.0115,-0.0124,0.3534,47.11,0.19,0.0,0.0061,0.449
887.401,39.066,-0.0115,-0.0124,0.3534,47.11,0.19,0.0,0.0039,0.449
887.501,39.166,-0.0115,-0.0124,0.3534,47.1,0.18,0.0,0.0022,0.449
887.601,39.266,-0.0115,-0.0124,0.3534,47.1,0.19,0.0,0.0108,0.449
887.701,39.367,-0.0115,-0.0124,0.3534,47.1,0.18,0.0,0.0097,0.449
887.801,39.467,-0.0115,-0.0123,0.3534,47.09,0.18,0.0,0.0205,0.449
887.901,39.567,-0.0115,-0.0123,0.3534,47.1,0.18,0.0,0.0249,0.449
888.001,39.668,-0.0116,-0.0123,0.3534,47.1,0.18,0.0,0.0235,0.449
888.101,39.77,-0.0116,-0.0123,0.3534,47.1,0.18,0.0,0.0252,0.449
888.201,39.87,-0.0116,-0.0122,0.3534,47.14,0.18,0.0,0.018,0.449
888.301,39.971,-0.0116,-0.0122,0.3534,47.13,0.18,0.0,0.0254,0.448
888.401,40.071,-0.0116,-0.0122,0.3534,47.12,0.18,0.0,0.0254,0.449
888.501,40.171,-0.0116,-0.0122,0.3534,47.09,0.18,0.0,0.011,0.449
888.601,40.271,-0.0116,-0.0122,0.3534,47.11,0.18,0.0,0.0135,0.448
888.701,40.371,-0.0117,-0.0122,0.3534,47.11,0.18,0.0,0.0093,0.448
888.801,40.473,-0.0117,-0.0122,0.3534,47.1,0.18,0.0,0.0032,0.448
888.901,40.573,-0.0117,-0.0122,0.3534,47.09,0.18,0.0,0.0004,0.448
889.001,40.673,-0.0117,-0.0121,0.3534,47.12,0.18,0.0,0.0004,0.448
889.101,40.774,-0.0117,-0.0121,0.3533,47.08,0.18,0.0,0.018,0.448
889.201,40.875,-0.0117,-0.0121,0.3533,47.11,0.18,0.0,0.018,0.448
889.301,40.977,-0.0117,-0.0121,0.3533,47.11,0.18,0.0,0.0351,0.448
889.401,41.079,-0.0117,-0.0121,0.3533,47.11,0.18,0.0,0.0435,0.448
889.501,41.178,-0.0117,-0.0121,0.3533,47.1,0.18,0.0,0.041,0.448
889.601,41.279,-0.0117,-0.0121,0.3533,47.09,0.18,0.0,0.041,0.448
889.701,41.379,-0.0117,-0.0121,0.3533,47.1,0.18,0.0,0.0414,0.448
889.801,41.481,-0.0117,-0.0121,0.3533,47.18,0.18,0.0,0.0194,0.448
889.901,41.581,-0.0116,-0.0118,0.3529,47.37,0.13,0.0,0.0194,0.449
890.001,41.681,-0.0112,-0.0115,0.3522,47.41,0.17,0.0,0.0145,0.449
890.101,41.78,-0.011,-0.0113,0.352,47.55,0.13,0.0,0.0215,0.448
890.201,41.881,-0.0106,-0.0107,0.3511,47.76,0.14,0.0,0.0215,0.449
890.301,41.981,-0.0118,-0.0113,0.3519,47.97,0.13,0.0,0.0015,0.448
890.401,42.081,-0.0124,-0.0113,0.3505,47.86,0.08,0.0,0.0236,0.449
890.501,42.182,-0.0125,-0.0129,0.3516,47.79,0.11,0.0,0.024,0.449
890.601,42.282,-0.0116,-0.0144,0.3508,47.97,0.14,0.0,0.024,0.448
890.701,42.382,-0.0115,-0.0147,0.352,48.33,0.18,0.0,0.0189,0.448
890.801,42.482,-0.0117,-0.0142,0.3518,48.38,0.06,0.0,0.0189,0.449
890.901,42.583,-0.0115,-0.014,0.3519,48.34,0.13,0.0,0.0392,0.448
891.001,42.683,-0.0118,-0.0151,0.3521,48.48,0.11,0.0,0.0392,0.449
891.101,42.783,-0.0121,-0.0154,0.3515,48.85,0.09,0.0,0.0288,0.448
891.201,42.883,-0.0138,-0.0158,0.3525,49.09,0.13,0.0,0.0327,0.449
891.301,42.987,-0.0146,-0.0155,0.3511,49.09,0.12,0.0,0.0404,0.449
891.401,43.087,-0.0148,-0.0165,0.3523,49.12,0.07,0.0,0.0352,0.448
891.501,43.188,-0.0142,-0.0173,0.3525,49.4,0.04,0.0,0.0352,0.449
891.601,43.289,-0.0147,-0.0175,0.3539,49.74,0.15,0.0,0.0,0.448
891.701,43.39,-0.0154,-0.0174,0.3534,49.78,0.07,0.0,0.0,0.449
891.801,43.491,-0.0152,-0.0179,0.3537,49.61,0.12,0.0,0.0116,0.448
891.901,43.591,-0.0155,-0.0195,0.3537,49.59,0.12,0.0,0.0079,0.45
892.001,43.69,-0.0153,-0.0194,0.3538,49.65,0.14,0.0,0.0079,0.45
892.101,43.791,-0.0147,-0.0186,0.354,49.67,0.18,0.0,-0.0005,0.45
892.201,43.891,-0.0141,-0.0179,0.3541,49.67,0.21,0.0,-0.0022,0.449
892.301,43.993,-0.014,-0.0177,0.3541,49.67,0.22,0.0,-0.0066,0.449
892.401,44.093,-0.014,-0.0177,0.3541,49.67,0.22,0.0,-0.0066,0.448
892.501,44.193,-0.014,-0.0177,0.3541,49.67,0.22,0.0,-0.0133,0.448
892.601,44.293,-0.014,-0.0177,0.3541,49.67,0.22,0.0,-0.0133,0.448
892.701,44.394,-0.014,-0.0177,0.3541,49.67,0.22,0.0,-0.0047,0.448
892.801,44.494,-0.014,-0.0177,0.3541,49.67,0.22,0.0,0.0045,0.448
892.901,44.596,-0.014,-0.0177,0.3541,49.67,0.22,0.0,0.0115,0.448
893.001,44.696,-0.014,-0.0177,0.3541,49.67,0.22,0.0,0.0059,0.448
893.101,44.798,-0.014,-0.0177,0.3541,49.67,0.22,0.0,0.0059,0.448
893.201,44.899,-0.014,-0.0177,0.3541,49.67,0.22,0.0,0.009,0.448
893.301,44.999,-0.014,-0.0177,0.3541,49.67,0.22,0.0,0.025,0.448
893.401,45.099,-0.014,-0.0177,0.3541,49.67,0.22,0.0,0.0187,0.448
893.501,45.2,-0.014,-0.0177,0.3541,49.67,0.22,0.0,0.0137,0.448
893.601,45.303,-0.014,-0.0177,0.3541,49.67,0.22,0.0,0.0072,0.448
893.701,45.403,-0.014,-0.0177,0.3541,49.67,0.22,0.0,0.0122,0.448
893.801,45.503,-0.014,-0.0177,0.3541,49.67,0.22,0.0,0.0109,0.448
893.901,45.604,-0.014,-0.0177,0.3541,49.67,0.22,0.0,-0.0007,0.448
894.001,45.704,-0.014,-0.0177,0.3541,49.67,0.22,0.0,0.0072,0.448
894.101,45.807,-0.014,-0.0177,0.3541,49.67,0.22,0.0,0.0087,0.448
894.201,45.906,-0.014,-0.0177,0.3541,49.67,0.22,0.0,0.0121,0.448
894.301,46.007,-0.014,-0.0177,0.3541,49.67,0.22,0.0,0.0074,0.448
894.401,46.107,-0.014,-0.0177,0.3541,49.67,0.22,0.0,-0.002,0.448
894.501,46.208,-0.014,-0.0177,0.3541,49.67,0.22,0.0,0.0038,0.448
894.601,46.31,-0.014,-0.0177,0.3541,49.67,0.22,0.0,0.0048,0.448
894.701,46.41,-0.014,-0.0177,0.3541,49.67,0.22,0.0,0.0106,0.448
894.801,46.51,-0.014,-0.0177,0.3541,49.67,0.22,0.0,0.014,0.448
894.901,46.611,-0.014,-0.0177,0.3541,49.67,0.22,0.0,0.0086,0.448
895.001,46.712,-0.014,-0.0177,0.3541,49.67,0.22,0.0,0.0126,0.448
895.101,46.812,-0.014,-0.0177,0.3541,49.67,0.22,0.0,0.0138,0.448
895.201,46.912,-0.014,-0.0177,0.3541,49.67,0.22,0.0,0.0146,0.448
895.301,47.013,-0.014,-0.0177,0.3541,49.67,0.22,0.0,0.019,0.448
895.401,47.113,-0.014,-0.0177,0.3541,49.67,0.22,0.0,0.0326,0.448
895.501,47.213,-0.014,-0.0177,0.3541,49.67,0.22,0.0,0.0243,0.448
895.601,47.313,-0.014,-0.0177,0.3541,49.67,0.22,0.0,0.0157,0.448
895.701,47.413,-0.014,-0.0177,0.3541,49.67,0.22,0.0,0.0126,0.448
895.801,47.513,-0.014,-0.0177,0.3541,49.67,0.22,0.0,0.0112,0.448
895.901,47.613,-0.014,-0.0177,0.3541,49.67,0.22,0.0,0.0096,0.448
896.001,47.713,-0.014,-0.0177,0.3541,49.67,0.22,0.0,0.0096,0.448
896.101,47.813,-0.014,-0.0177,0.3541,49.67,0.22,0.0,0.015,0.448
896.201,47.913,-0.014,-0.0177,0.3541,49.67,0.22,0.0,0.0196,0.448
896.301,48.014,-0.014,-0.0177,0.3541,49.67,0.22,0.0,0.0167,0.448
896.401,48.114,-0.014,-0.0177,0.3541,49.67,0.22,0.0,0.0213,0.448
896.501,48.215,-0.014,-0.0177,0.3541,49.67,0.22,0.0,0.0304,0.448
896.601,48.315,-0.014,-0.0177,0.3541,49.67,0.22,0.0,0.0319,0.448
896.701,48.415,-0.014,-0.0177,0.3541,49.67,0.22,0.0,0.0267,0.448
896.801,48.515,-0.014,-0.0177,0.3541,49.67,0.22,0.0,0.0189,0.448
896.901,48.616,-0.014,-0.0177,0.3541,49.67,0.22,0.0,0.0209,0.448
897.001,48.715,-0.014,-0.0177,0.3541,49.67,0.22,0.0,0.015,0.448
897.101,48.816,-0.014,-0.0177,0.3541,49.67,0.22,0.0006,0.0174,0.448
897.201,48.918,-0.014,-0.0177,0.3541,49.67,0.22,0.0001,0.0176,0.448
897.301,49.02,-0.014,-0.0177,0.3541,49.67,0.22,0.0001,0.0219,0.448
897.401,49.12,-0.014,-0.0177,0.3541,49.67,0.22,0.0,0.022,0.448
897.501,49.22,-0.014,-0.0177,0.3541,49.67,0.22,0.0,0.0238,0.448
897.601,49.32,-0.014,-0.0177,0.3541,49.67,0.22,0.0,0.0263,0.448
897.701,49.42,-0.014,-0.0177,0.3541,49.67,0.22,0.0,0.0255,0.448
897.801,49.519,-0.014,-0.0177,0.3541,49.67,0.22,0.0,0.0212,0.448
897.901,49.622,-0.014,-0.0177,0.3541,49.67,0.22,0.0,0.0244,0.448
898.001,49.722,-0.014,-0.0177,0.3541,49.67,0.22,0.0,0.0263,0.448
898.101,49.822,-0.014,-0.0177,0.3541,49.67,0.22,0.0,0.0182,0.448
898.201,49.923,-0.014,-0.0177,0.3541,49.67,0.22,0.0,0.0139,0.448
898.301,50.023,-0.014,-0.0177,0.3541,49.67,0.22,0.0,0.0024,0.448
898.401,50.124,-0.014,-0.0177,0.3541,49.67,0.22,0.0,-0.0079,0.448
898.501,50.226,-0.014,-0.0177,0.3541,49.67,0.22,0.0,-0.0154,0.448
898.601,50.326,-0.014,-0.0177,0.3541,49.67,0.22,0.0,-0.0111,0.448
898.701,50.426,-0.014,-0.0177,0.3541,49.67,0.22,0.0,-0.0031,0.448
898.801,50.526,-0.014,-0.0177,0.3541,49.67,0.22,0.0,0.012,0.448
898.901,50.627,-0.014,-0.0177,0.3541,49.67,0.22,0.0,0.0178,0.448
899.001,50.726,-0.014,-0.0177,0.3541,49.67,0.22,0.0,0.0178,0.448
899.101,50.826,-0.014,-0.0177,0.3541,49.67,0.22,0.0,0.0238,0.448
899.201,50.926,-0.014,-0.0177,0.3541,49.67,0.22,0.0,0.0185,0.448
899.301,51.026,-0.014,-0.0177,0.3541,49.67,0.22,0.0,0.0097,0.448
899.401,51.127,-0.014,-0.0177,0.3541,49.67,0.22,0.0,0.001,0.448
899.501,51.227,-0.014,-0.0177,0.3541,49.67,0.22,0.0,-0.008,0.448
899.601,51.328,-0.014,-0.0177,0.3541,49.67,0.22,0.0,-0.0032,0.448
899.701,51.427,-0.014,-0.0177,0.3541,49.67,0.22,0.0,0.0019,0.448
899.801,51.528,-0.014,-0.0177,0.3541,49.67,0.22,0.0,-0.0002,0.448
899.901,51.629,-0.014,-0.0177,0.3541,49.67,0.22,0.0,-0.0034,0.448
900.001,51.728,-0.014,-0.0177,0.3541,49.67,0.22,0.0,-0.0064,0.448
900.101,51.828,-0.014,-0.0177,0.3541,49.67,0.22,0.0,-0.0064,0.448
900.201,51.93,-0.014,-0.0177,0.3541,49.67,0.22,0.0,0.0067,0.448
900.301,52.03,-0.014,-0.0177,0.3541,49.67,0.22,0.0,0.0153,0.448
900.401,52.13,-0.014,-0.0177,0.3541,49.67,0.22,0.0,0.0175,0.448
900.501,52.23,-0.014,-0.0177,0.3541,49.67,0.22,0.0,0.0106,0.448
900.601,52.33,-0.014,-0.0177,0.3541,49.67,0.22,0.0,0.0079,0.448
900.701,52.43,-0.014,-0.0177,0.3541,49.67,0.22,0.0,0.0029,0.448
900.801,52.53,-0.014,-0.0177,0.3541,49.67,0.22,0.0,0.0083,0.448
900.901,52.633,-0.014,-0.0177,0.3541,49.67,0.22,0.0,0.009,0.448
901.001,52.733,-0.014,-0.0177,0.3541,49.67,0.22,0.0,-0.0001,0.448
901.101,52.833,-0.014,-0.0177,0.3541,49.67,0.22,0.0,0.0047,0.448
901.201,52.933,-0.014,-0.0177,0.3541,49.67,0.22,0.0,-0.0046,0.448
901.301,53.035,-0.014,-0.0177,0.3541,49.67,0.22,0.0,-0.0046,0.448
901.401,53.135,-0.014,-0.0177,0.3541,49.67,0.22,0.0,-0.0042,0.448
901.501,53.235,-0.014,-0.0177,0.3541,49.67,0.22,0.0,-0.0043,0.448
901.601,53.336,-0.014,-0.0177,0.3541,49.67,0.22,0.0,0.0056,0.448
901.701,53.436,-0.014,-0.0177,0.3541,49.67,0.22,0.0,0.0087,0.448
901.801,53.536,-0.014,-0.0177,0.3541,49.67,0.22,0.0,0.0087,0.448
901.901,53.637,-0.014,-0.0177,0.3541,49.67,0.22,0.0,0.0166,0.448
902.001,53.738,-0.014,-0.0177,0.3541,49.67,0.22,0.0,0.0248,0.448
902.101,53.838,-0.014,-0.0177,0.3541,49.67,0.22,0.0,0.0274,0.448
902.201,53.939,-0.014,-0.0177,0.3541,49.67,0.22,0.0,0.0281,0.448
902.301,54.04,-0.014,-0.0177,0.3541,49.67,0.22,0.0,0.017,0.448
902.401,54.14,-0.014,-0.0177,0.3541,49.67,0.22,0.0,0.0149,0.448
902.501,54.24,-0.014,-0.0177,0.3541,49.67,0.22,0.0,0.0187,0.448
902.601,54.34,-0.014,-0.0177,0.3541,49.67,0.22,0.0,0.0187,0.448
902.701,54.44,-0.014,-0.0177,0.3541,49.67,0.22,0.0,0.0221,0.448
902.801,54.541,-0.014,-0.0177,0.3541,49.67,0.22,0.0,0.0219,0.448
902.901,54.641,-0.014,-0.0177,0.3541,49.67,0.22,0.0,0.0219,0.448
903.001,54.741,-0.014,-0.0177,0.3541,49.67,0.22,0.0,0.0214,0.448
903.101,54.841,-0.014,-0.0177,0.3541,49.67,0.22,0.0,0.0166,0.448
903.201,54.941,-0.014,-0.0177,0.3541,49.67,0.22,0.0,0.0159,0.448
903.301,55.041,-0.014,-0.0177,0.3541,49.67,0.22,0.0,0.0095,0.448
903.401,55.141,-0.014,-0.0177,0.3541,49.67,0.22,0.0,0.0058,0.448
903.501,55.241,-0.014,-0.0177,0.3541,49.67,0.22,0.0,0.0045,0.448
903.601,55.341,-0.014,-0.0177,0.3541,49.67,0.22,0.0,0.0096,0.448
903.701,55.442,-0.014,-0.0177,0.3541,49.67,0.22,0.0,0.0248,0.448
903.801,55.542,-0.014,-0.0177,0.3541,49.67,0.22,0.0,0.0314,0.448
903.901,55.642,-0.014,-0.0177,0.3541,49.67,0.22,0.0,0.0385,0.448
904.001,55.742,-0.014,-0.0177,0.3541,49.67,0.22,0.0,0.035,0.448
904.101,55.844,-0.014,-0.0177,0.3541,49.67,0.22,0.0,0.0472,0.448
904.201,55.944,-0.014,-0.0177,0.3541,49.67,0.22,0.0,0.037,0.448
904.301,56.044,-0.014,-0.0177,0.3541,49.67,0.22,0.0,0.0373,0.448
904.401,56.145,-0.014,-0.0177,0.3541,49.67,0.22,0.0,0.0386,0.448
904.501,56.246,-0.014,-0.0177,0.3541,49.67,0.22,0.0,0.0376,0.448
904.601,56.346,-0.014,-0.0177,0.3541,49.67,0.22,0.0,0.027,0.448
904.701,56.447,-0.014,-0.0177,0.3541,49.67,0.22,0.0,0.027,0.448
904.801,56.547,-0.014,-0.0177,0.3541,49.67,0.22,0.0,0.0203,0.448
904.901,56.647,-0.014,-0.0177,0.3541,49.67,0.22,0.0,0.0228,0.448
905.001,56.747,-0.014,-0.0177,0.3541,49.67,0.22,0.0,0.0185,0.448
905.101,56.847,-0.014,-0.0177,0.3541,49.67,0.22,0.0,0.0166,0.448
905.201,56.948,-0.014,-0.0177,0.3541,49.67,0.22,0.0,0.0137,0.448
905.301,57.048,-0.014,-0.0177,0.3541,49.67,0.22,0.0,0.0109,0.448
905.401,57.149,-0.014,-0.0177,0.3541,49.67,0.22,0.0,0.019,0.448
905.501,57.249,-0.014,-0.0177,0.3541,49.67,0.22,0.0,0.0104,0.448
905.601,57.35,-0.014,-0.0177,0.3541,49.67,0.22,0.0,0.0046,0.448
905.701,57.451,-0.014,-0.0177,0.3541,49.67,0.22,0.0,0.0042,0.448
905.801,57.553,-0.014,-0.0177,0.3541,49.67,0.22,0.0,0.0119,0.448
905.901,57.653,-0.014,-0.0177,0.3541,49.67,0.22,0.0,0.0123,0.448
906.001,57.753,-0.014,-0.0177,0.3541,49.67,0.22,0.0,0.018,0.448
906.101,57.853,-0.014,-0.0177,0.3541,49.67,0.22,0.0,0.0136,0.448
906.201,57.955,-0.014,-0.0177,0.3541,49.67,0.22,0.0,0.0183,0.448
906.301,58.057,-0.014,-0.0177,0.3541,49.67,0.22,0.0,0.0159,0.448
906.401,58.159,-0.014,-0.0177,0.3541,49.67,0.22,0.0,0.0129,0.448
906.501,58.259,-0.014,-0.0177,0.3541,49.67,0.22,0.0,0.013,0.448
906.601,58.361,-0.014,-0.0177,0.3541,49.67,0.22,0.0,0.011,0.448
906.701,58.461,-0.014,-0.0177,0.3541,49.67,0.22,0.0,0.0198,0.448
906.801,58.561,-0.014,-0.0177,0.3541,49.67,0.22,0.0,0.0197,0.448
906.901,58.662,-0.014,-0.0177,0.3541,49.67,0.22,0.0,0.0185,0.448
907.001,58.764,-0.014,-0.0177,0.3541,49.67,0.22,0.0,0.0217,0.448
907.101,58.868,-0.014,-0.0177,0.3541,49.67,0.22,0.0,0.0204,0.448
907.201,58.968,-0.014,-0.0177,0.3541,49.67,0.22,0.0,0.0241,0.448
907.301,59.069,-0.014,-0.0177,0.3541,49.67,0.22,0.0,0.0123,0.448
907.401,59.168,-0.014,-0.0177,0.3541,49.67,0.22,0.0,0.0044,0.448
907.501,59.27,-0.014,-0.0177,0.3541,49.67,0.22,0.0,0.0141,0.448
907.601,59.37,-0.014,-0.0177,0.3541,49.67,0.22,0.0,0.011,0.448
907.701,59.47,-0.014,-0.0177,0.3541,49.67,0.22,0.0,0.011,0.448
907.801,59.571,-0.014,-0.0177,0.3541,49.67,0.22,0.0,0.017,0.448
907.901,59.671,-0.014,-0.0177,0.3541,49.67,0.22,0.0,0.0219,0.448
908.001,59.774,-0.014,-0.0177,0.3541,49.67,0.22,0.0,0.021,0.448
908.101,59.874,-0.014,-0.0177,0.3541,49.67,0.22,0.0,0.023,0.448
908.201,59.974,-0.014,-0.0177,0.3541,49.67,0.22,0.0,0.023,0.448
908.301,60.074,-0.014,-0.0177,0.3541,49.67,0.22,0.0,0.0105,0.448
908.401,60.174,-0.014,-0.0177,0.3541,49.67,0.22,0.0,0.0105,0.448
908.501,60.274,-0.014,-0.0177,0.3541,49.67,0.22,0.0,0.0124,0.448
908.601,60.375,-0.014,-0.0177,0.3541,49.67,0.22,0.0,0.0124,0.448
908.701,60.475,-0.014,-0.0177,0.3541,49.67,0.22,0.0,0.0234,0.448
908.801,60.575,-0.014,-0.0177,0.3541,49.67,0.22,0.0,0.0141,0.448
908.901,60.675,-0.014,-0.0177,0.3541,49.67,0.22,0.0,0.014,0.448
909.001,60.776,-0.014,-0.0177,0.3541,49.67,0.22,0.0,0.0203,0.448
909.101,60.879,-0.014,-0.0177,0.3541,49.67,0.22,0.0,0.022,0.448
909.201,60.981,-0.014,-0.0177,0.3541,49.67,0.22,0.0,0.022,0.448
909.301,61.081,-0.014,-0.0177,0.3541,49.67,0.22,0.0,0.0228,0.448
909.401,61.182,-0.014,-0.0177,0.3541,49.67,0.22,0.0,0.0184,0.448
909.501,61.283,-0.014,-0.0177,0.3541,49.67,0.22,0.0,0.0292,0.448
909.601,61.383,-0.014,-0.0177,0.3541,49.67,0.22,0.0,0.0323,0.448
909.701,61.483,-0.014,-0.0177,0.3541,49.67,0.22,0.0,0.0243,0.448
909.801,61.583,-0.014,-0.0177,0.3541,49.67,0.22,0.0,0.0243,0.448
909.901,61.686,-0.014,-0.0177,0.3541,49.67,0.22,0.0,0.0272,0.448
910.001,61.787,-0.014,-0.0177,0.3541,49.67,0.22,0.0,0.0146,0.448
910.101,61.887,-0.014,-0.0177,0.3541,49.67,0.22,0.0,0.0146,0.448
910.201,61.987,-0.014,-0.0177,0.3541,49.67,0.22,0.0,0.0125,0.448
910.301,62.087,-0.014,-0.0177,0.3541,49.67,0.22,0.0,0.0125,0.448
910.401,62.187,-0.014,-0.0177,0.3541,49.67,0.22,0.0,0.026,0.448
910.501,62.287,-0.014,-0.0177,0.3541,49.67,0.22,0.0,0.0137,0.448
910.601,62.387,-0.014,-0.0177,0.3541,49.67,0.22,0.0,0.0132,0.448
910.701,62.487,-0.014,-0.0177,0.3541,49.67,0.22,0.0,0.0173,0.448
910.801,62.589,-0.014,-0.0177,0.3541,49.67,0.22,0.0,0.017,0.448
910.901,62.69,-0.014,-0.0177,0.3541,49.67,0.22,0.0,0.017,0.448
911.001,62.791,-0.014,-0.0177,0.3541,49.67,0.22,0.0,0.0308,0.448
911.101,62.893,-0.014,-0.0177,0.3541,49.67,0.22,0.0,0.0355,0.448
911.201,62.993,-0.014,-0.0177,0.3541,49.67,0.22,0.0,0.0352,0.448
911.301,63.093,-0.014,-0.0177,0.3541,49.67,0.22,0.0,0.0229,0.448
911.401,63.193,-0.014,-0.0177,0.3541,49.67,0.22,0.0,0.0248,0.448
911.501,63.294,-0.014,-0.0177,0.3541,49.67,0.22,0.0,0.0243,0.448
911.601,63.393,-0.014,-0.0177,0.3541,49.67,0.22,0.0,0.0318,0.448
911.701,63.493,-0.014,-0.0177,0.3541,49.67,0.22,0.0,0.0204,0.448
911.801,63.593,-0.014,-0.0177,0.3541,49.67,0.22,0.0006,0.0213,0.448
911.901,63.694,-0.014,-0.0177,0.3541,49.67,0.22,0.0001,0.0203,0.448
912.001,63.796,-0.014,-0.0177,0.3541,49.67,0.22,0.0001,0.0186,0.448
912.101,63.895,-0.014,-0.0177,0.3541,49.67,0.22,0.0,0.0293,0.448
912.201,63.996,-0.014,-0.0177,0.3541,49.67,0.22,0.0,0.0241,0.448
912.301,64.096,-0.014,-0.0177,0.3541,49.67,0.22,0.0,0.0183,0.448
912.401,64.196,-0.014,-0.0177,0.3541,49.67,0.22,0.0,0.0201,0.448
912.501,64.296,-0.014,-0.0177,0.3541,49.67,0.22,0.0,0.0126,0.448
912.601,64.396,-0.014,-0.0177,0.3541,49.67,0.22,0.0,0.0178,0.448
912.701,64.496,-0.014,-0.0177,0.3541,49.67,0.22,0.0,0.0251,0.448
912.803,64.602,-0.014,-0.0177,0.3541,49.67,0.22,0.0,0.0194,0.448
912.901,64.699,-0.014,-0.0177,0.3541,49.67,0.22,0.0,0.0398,0.448
913.002,64.8,-0.014,-0.0177,0.3541,49.67,0.22,0.0,0.0398,0.448
913.103,64.992,-0.014,-0.0177,0.3541,49.67,0.22,0.0,0.0531,0.448
913.203,65.156,-0.014,-0.0176,0.3541,49.69,0.21,0.0,0.0428,0.448
913.301,65.255,-0.0141,-0.0164,0.3529,49.97,0.15,0.0,0.0558,0.448
913.402,65.36,-0.0147,-0.0155,0.3536,50.3,0.19,0.0,0.0621,0.448
913.501,65.462,-0.0156,-0.0139,0.3519,50.58,0.16,0.0,0.0659,0.449
913.602,65.569,-0.0155,-0.0133,0.3523,50.69,0.21,0.0,0.0695,0.448
913.703,65.769,-0.0144,-0.0129,0.3485,51.22,0.12,0.0,0.0549,0.449
913.804,65.93,-0.0146,-0.016,0.3591,52.9,0.09,0.0,0.0632,0.448
913.903,66.125,-0.0126,-0.0207,0.3629,51.97,0.44,0.0,0.0039,0.449
914.003,66.299,-0.0111,-0.0215,0.3638,52.24,0.44,0.0,-0.0205,0.448
914.102,66.457,-0.0102,-0.0198,0.349,52.38,0.24,0.0,0.0215,0.448
914.205,66.609,-0.0141,-0.0196,0.3441,52.34,0.27,0.0,0.0236,0.448
914.303,66.936,-0.0164,-0.0242,0.3423,52.28,0.09,0.0,0.0107,0.448
914.402,67.099,-0.0168,-0.027,0.3423,52.17,0.13,0.0,0.0175,0.448
914.501,67.214,-0.0163,-0.0266,0.3428,52.13,0.13,0.0,0.0132,0.448
914.602,67.343,-0.0157,-0.0249,0.3438,52.15,0.13,0.0,0.0126,0.45
914.701,67.452,-0.0151,-0.0233,0.3448,52.15,0.16,0.0,0.0195,0.449
914.802,67.573,-0.0143,-0.0218,0.3459,52.16,0.19,0.0,0.0222,0.448
914.901,67.691,-0.0141,-0.0214,0.3464,52.15,0.19,0.0,0.0268,0.448
915.002,67.824,-0.0141,-0.0214,0.3466,52.14,0.17,0.0,0.0292,0.448
915.101,67.962,-0.0143,-0.0215,0.3466,52.14,0.16,0.0,0.0253,0.448
915.201,68.09,-0.0143,-0.0215,0.3467,52.14,0.15,0.0,0.0223,0.448
915.301,68.219,-0.0143,-0.0216,0.3467,52.14,0.15,0.0,0.0251,0.448
915.401,68.352,-0.0144,-0.0216,0.3467,52.14,0.15,0.0,0.028,0.448
915.501,68.494,-0.0144,-0.0216,0.3467,52.14,0.14,0.0,0.0223,0.448
915.601,68.627,-0.0144,-0.0216,0.3467,52.14,0.14,0.0,0.0273,0.448
915.701,68.774,-0.0144,-0.0216,0.3467,52.13,0.14,0.0,0.0193,0.448
915.803,68.975,-0.0145,-0.0217,0.3467,52.13,0.14,0.0,0.0204,0.448
915.904,69.18,-0.0145,-0.0217,0.3467,52.13,0.13,0.0,0.0174,0.449
916.003,69.356,-0.0145,-0.0217,0.3467,52.13,0.13,0.0,0.0137,0.449
916.102,69.525,-0.0145,-0.0217,0.3467,52.13,0.13,0.0,0.0257,0.449
916.201,69.646,-0.0145,-0.0217,0.3467,52.13,0.13,0.0,0.025,0.449
916.301,69.794,-0.0145,-0.0217,0.3467,52.13,0.13,0.0,0.0247,0.449
916.402,69.945,-0.0145,-0.0217,0.3467,52.13,0.13,0.0,0.0251,0.449
916.501,70.105,-0.0146,-0.0217,0.3468,52.13,0.12,0.0,0.0103,0.449
916.601,70.25,-0.0146,-0.0217,0.3468,52.13,0.12,0.0,0.0191,0.449
916.703,70.391,-0.0146,-0.0217,0.3468,52.13,0.12,0.0,0.0272,0.449
916.804,70.594,-0.0146,-0.0217,0.3468,52.13,0.12,0.0,0.0422,0.449
916.901,70.736,-0.0146,-0.0217,0.3468,52.13,0.12,0.0,0.0404,0.449
917.003,70.901,-0.0146,-0.0217,0.3468,52.13,0.12,0.0,0.026,0.449
917.103,71.066,-0.0146,-0.0217,0.3468,52.13,0.12,0.0,0.037,0.449
917.201,71.206,-0.0147,-0.0217,0.3468,52.13,0.12,0.0,0.0283,0.449
917.306,71.381,-0.0147,-0.0217,0.3468,52.13,0.12,0.0,0.0075,0.448
917.401,71.529,-0.0147,-0.0218,0.3468,52.13,0.12,0.0,-0.0041,0.448
917.501,71.681,-0.0147,-0.0218,0.3468,52.13,0.12,0.0,-0.0039,0.448
917.603,71.85,-0.0147,-0.0218,0.3468,52.13,0.12,0.0,-0.0043,0.448
917.703,72.024,-0.0147,-0.0218,0.3468,52.13,0.12,0.0,-0.0006,0.448
917.803,72.19,-0.0147,-0.0218,0.3468,52.13,0.12,0.0,-0.0008,0.448
917.904,72.335,-0.0147,-0.0218,0.3468,52.13,0.12,0.0,-0.0147,0.448
918.004,72.478,-0.0147,-0.0218,0.3468,52.13,0.12,0.0,-0.0017,0.448
918.101,72.612,-0.0147,-0.0218,0.3468,52.13,0.12,0.0,0.0085,0.448
918.204,72.796,-0.0147,-0.0218,0.3468,52.13,0.12,0.0,0.0113,0.448
918.302,72.954,-0.0147,-0.0218,0.3468,52.13,0.12,0.0,0.0044,0.448
918.401,73.115,-0.0147,-0.0218,0.3468,52.13,0.12,0.0,0.0054,0.448
918.503,73.255,-0.0147,-0.0218,0.3468,52.13,0.12,0.0,0.0092,0.448
918.603,73.445,-0.0147,-0.0218,0.3468,52.13,0.12,0.0,0.0162,0.448
918.701,73.582,-0.0147,-0.0218,0.3468,52.13,0.12,0.0,0.028,0.448
918.801,73.726,-0.0147,-0.0218,0.3468,52.13,0.12,0.0,0.0344,0.448
918.902,73.868,-0.0147,-0.0218,0.3468,52.13,0.12,0.0,0.0253,0.448
919.001,74.018,-0.0147,-0.0218,0.3468,52.13,0.12,0.0,0.0205,0.448
919.101,74.172,-0.0147,-0.0218,0.3468,52.13,0.12,0.0,0.0199,0.448
919.201,74.34,-0.0147,-0.0218,0.3468,52.13,0.12,0.0,0.0136,0.448
919.301,74.499,-0.0147,-0.0218,0.3468,52.13,0.12,0.0,0.0084,0.448
919.401,74.649,-0.0147,-0.0218,0.3468,52.13,0.12,0.0,0.0099,0.448
919.501,74.801,-0.0147,-0.0218,0.3468,52.13,0.12,0.0,0.0063,0.448
919.601,74.95,-0.0147,-0.0218,0.3468,52.13,0.12,0.0,0.0036,0.448
919.701,75.113,-0.0147,-0.0218,0.3468,52.13,0.12,0.0,0.0186,0.448
919.801,75.275,-0.0147,-0.0218,0.3468,52.13,0.12,0.0,0.0227,0.448
919.901,75.425,-0.0147,-0.0218,0.3468,52.13,0.12,0.0,0.0275,0.448
920.001,75.579,-0.0147,-0.0218,0.3468,52.13,0.12,0.0,0.0158,0.448
920.101,75.732,-0.0147,-0.0218,0.3468,52.13,0.12,0.0,0.0165,0.448
920.201,75.882,-0.0147,-0.0218,0.3468,52.13,0.12,0.0,0.0238,0.448
920.301,76.043,-0.0147,-0.0218,0.3468,52.13,0.12,0.0,0.0302,0.448
920.401,76.218,-0.0147,-0.0218,0.3468,52.13,0.12,0.0,0.0241,0.448
920.501,76.388,-0.0147,-0.0218,0.3468,52.13,0.12,0.0,0.022,0.448
920.601,76.551,-0.0147,-0.0218,0.3468,52.13,0.12,0.0,0.0124,0.448
920.701,76.702,-0.0147,-0.0218,0.3468,52.13,0.12,0.0,0.0,0.448
920.804,76.936,-0.0147,-0.0218,0.3468,52.13,0.12,0.0,0.0008,0.448
920.903,77.148,-0.0147,-0.0218,0.3468,52.13,0.12,0.0,0.0141,0.448
921.001,77.28,-0.0147,-0.0218,0.3468,52.13,0.12,0.0,0.0221,0.448
921.103,77.421,-0.0147,-0.0218,0.3468,52.13,0.12,0.0,0.0294,0.448
921.201,77.574,-0.0147,-0.0218,0.3468,52.13,0.12,0.0,0.027,0.448
921.303,77.766,-0.0147,-0.0218,0.3468,52.13,0.12,0.0,0.0183,0.448
921.403,77.903,-0.0147,-0.0218,0.3468,52.13,0.12,0.0,0.0183,0.448
921.501,78.04,-0.0147,-0.0218,0.3468,52.13,0.12,0.0,0.018,0.448
921.602,78.172,-0.0147,-0.0218,0.3468,52.13,0.12,0.0,0.0114,0.448
921.701,78.307,-0.0147,-0.0218,0.3468,52.13,0.12,0.0,0.0114,0.448
921.801,78.449,-0.0147,-0.0218,0.3468,52.13,0.12,0.0,0.0137,0.448
921.902,78.582,-0.0147,-0.0218,0.3468,52.13,0.12,0.0,0.0101,0.448
922.001,78.81,-0.0147,-0.0218,0.3468,52.13,0.12,0.0,0.0048,0.448
922.103,79.079,-0.0147,-0.0218,0.3468,52.13,0.12,0.0,0.0144,0.448
922.202,79.251,-0.0147,-0.0218,0.3468,52.13,0.12,0.0,0.0241,0.448
922.301,79.387,-0.0147,-0.0218,0.3468,52.13,0.12,0.0,0.0239,0.448
922.401,79.519,-0.0147,-0.0218,0.3468,52.13,0.12,0.0,0.0218,0.448
922.501,79.655,-0.0147,-0.0218,0.3468,52.13,0.12,0.0,0.0153,0.448
922.601,79.804,-0.0147,-0.0218,0.3468,52.13,0.12,0.0,0.0095,0.448
922.701,79.938,-0.0147,-0.0218,0.3468,52.13,0.12,0.0,0.0132,0.448
922.803,80.083,-0.0147,-0.0218,0.3468,52.13,0.12,0.0,0.0072,0.448
922.901,80.214,-0.0147,-0.0218,0.3468,52.13,0.12,0.0,0.0136,0.448
923.001,80.345,-0.0147,-0.0218,0.3468,52.13,0.12,0.0,0.012,0.448
923.101,80.479,-0.0147,-0.0218,0.3468,52.13,0.12,0.0,0.0223,0.448
923.201,80.626,-0.0147,-0.0218,0.3468,52.13,0.12,0.0,0.0191,0.448
923.303,80.779,-0.0147,-0.0218,0.3468,52.13,0.12,0.0,0.0189,0.448
923.403,80.951,-0.0147,-0.0218,0.3468,52.13,0.12,0.0,0.023,0.448
923.501,81.082,-0.0147,-0.0218,0.3468,52.13,0.12,0.0,0.0173,0.448
923.601,81.22,-0.0147,-0.0218,0.3468,52.13,0.12,0.0,0.0132,0.448
923.703,81.384,-0.0147,-0.0218,0.3468,52.13,0.12,0.0,0.0093,0.448
923.804,81.563,-0.0147,-0.0218,0.3468,52.13,0.12,0.0,0.0115,0.448
923.902,81.769,-0.0147,-0.0218,0.3468,52.13,0.12,0.0,0.0235,0.448
924.001,81.899,-0.0147,-0.0218,0.3468,52.13,0.12,0.0,0.0221,0.448
924.101,82.034,-0.0147,-0.0218,0.3468,52.14,0.12,0.0,0.0055,0.448
924.202,82.178,-0.0147,-0.0218,0.3468,52.14,0.12,0.0,0.0044,0.448
924.301,82.313,-0.0147,-0.0218,0.3468,52.14,0.12,0.0,0.0162,0.448
924.401,82.44,-0.0147,-0.0218,0.3468,52.14,0.12,0.0003,0.0252,0.448
924.502,82.569,-0.0147,-0.0218,0.3468,52.14,0.12,0.0001,0.0349,0.448
924.602,82.853,-0.0147,-0.0218,0.3468,52.14,0.12,0.0,0.0149,0.448
924.703,83.217,-0.0147,-0.0218,0.3468,52.14,0.12,0.0,0.0186,0.448
924.802,83.432,-0.0147,-0.0218,0.3468,52.14,0.12,0.0,0.0117,0.448
924.911,83.561,-0.0147,-0.0218,0.3468,52.14,0.12,0.0,0.0171,0.448
925.001,83.662,-0.0147,-0.0218,0.3468,52.14,0.12,0.0,0.0129,0.448
925.101,83.895,-0.0147,-0.0218,0.3468,52.14,0.12,0.0,0.0045,0.448
925.201,84.018,-0.0147,-0.0218,0.3468,52.14,0.12,0.0,0.0039,0.448
925.302,84.136,-0.0147,-0.0218,0.3468,52.14,0.12,0.0,0.005,0.448
925.401,84.261,-0.0147,-0.0218,0.3468,52.14,0.12,0.0,-0.0107,0.448
925.501,84.384,-0.0147,-0.0218,0.3468,52.14,0.12,0.0,0.007,0.448
925.601,84.501,-0.0147,-0.0218,0.3468,52.14,0.12,0.0,0.0126,0.448
925.701,84.619,-0.0147,-0.0218,0.3468,52.14,0.12,0.0,0.0187,0.448
925.801,84.741,-0.0147,-0.0218,0.3468,52.14,0.12,0.0,0.0254,0.448
925.901,84.866,-0.0147,-0.0218,0.3468,52.14,0.12,0.0,0.0369,0.448
926.002,85.083,-0.0147,-0.0218,0.3468,52.14,0.12,0.0,0.0061,0.448
926.103,85.251,-0.0147,-0.0218,0.3468,52.14,0.12,0.0,0.0105,0.448
926.203,85.455,-0.0147,-0.0218,0.3468,52.14,0.12,0.0,0.0173,0.448
926.303,85.705,-0.0147,-0.0218,0.3468,52.14,0.12,0.0,0.0158,0.448
926.401,85.832,-0.0147,-0.0218,0.3468,52.14,0.12,0.0,0.0051,0.448
926.502,85.965,-0.0148,-0.0218,0.3468,52.15,0.12,0.0,-0.0023,0.448
926.603,86.087,-0.0148,-0.0218,0.3469,52.15,0.12,0.0,-0.0063,0.448
926.701,86.198,-0.0148,-0.0218,0.3469,52.14,0.12,0.0,-0.0044,0.448
926.801,86.32,-0.0148,-0.0218,0.3469,52.14,0.12,0.0,0.0015,0.448
926.902,86.443,-0.0148,-0.0218,0.3469,52.14,0.12,0.0,0.0075,0.448
927.001,86.566,-0.0148,-0.0218,0.3469,52.14,0.12,0.0,0.0138,0.448
927.103,86.753,-0.0148,-0.0218,0.3469,52.14,0.12,0.0,0.0137,0.448
927.202,86.988,-0.0148,-0.0218,0.3469,52.14,0.12,0.0,0.0086,0.448
927.301,87.103,-0.0148,-0.0218,0.3469,52.14,0.12,0.0,0.013,0.448
927.401,87.225,-0.0148,-0.0218,0.3469,52.14,0.12,0.0,0.0167,0.448
927.501,87.341,-0.0148,-0.0218,0.3469,52.14,0.12,0.0,0.0208,0.448
927.601,87.456,-0.0148,-0.0218,0.3469,52.14,0.12,0.0,0.025,0.448
927.702,87.737,-0.0148,-0.0218,0.3469,52.14,0.12,0.0,0.0275,0.448
927.801,87.94,-0.0148,-0.0218,0.3469,52.14,0.12,0.0,0.0257,0.448
927.903,88.081,-0.0148,-0.0218,0.3469,52.14,0.12,0.0,0.0241,0.448
928.004,88.206,-0.0148,-0.0218,0.3469,52.14,0.12,0.0,0.0274,0.448
928.101,88.312,-0.0148,-0.0218,0.3469,52.14,0.12,0.0,0.0294,0.448
928.201,88.432,-0.0148,-0.0218,0.3469,52.14,0.12,0.0,0.0163,0.448
928.301,88.55,-0.0148,-0.0218,0.3469,52.14,0.12,0.0,0.0077,0.448
928.401,88.672,-0.0148,-0.0218,0.3469,52.14,0.12,0.0,0.0023,0.448
928.503,88.816,-0.0148,-0.0218,0.3469,52.14,0.12,0.0,-0.006,0.448
928.603,89.221,-0.0148,-0.0218,0.3469,52.14,0.12,0.0,0.0067,0.448
928.703,89.413,-0.0148,-0.0218,0.3469,52.14,0.12,0.0,0.0181,0.448
928.801,89.519,-0.0148,-0.0218,0.3469,52.14,0.12,0.0,0.0192,0.448
928.901,89.63,-0.0148,-0.0218,0.3469,52.14,0.12,0.0,0.0226,0.448
929.001,89.739,-0.0148,-0.0218,0.3469,52.14,0.12,0.0,0.0213,0.448
929.102,89.854,-0.0148,-0.0218,0.3469,52.14,0.12,0.0,0.0271,0.448
929.204,89.979,-0.0148,-0.0218,0.3469,52.14,0.12,0.0,0.0299,0.448
929.301,90.09,-0.0148,-0.0218,0.3469,52.14,0.12,0.0,0.0293,0.448
929.401,90.206,-0.0148,-0.0218,0.3469,52.14,0.12,0.0,0.03,0.448
929.501,90.32,-0.0148,-0.0218,0.3469,52.14,0.12,0.0,0.0258,0.448
929.601,90.435,-0.0148,-0.0218,0.3469,52.14,0.12,0.0,0.0134,0.448
929.702,90.67,-0.0148,-0.0218,0.3469,52.14,0.12,0.0,0.0103,0.448
929.803,90.932,-0.0148,-0.0218,0.3469,52.14,0.12,0.0,0.0104,0.448
929.904,91.097,-0.0148,-0.0218,0.3469,52.14,0.12,0.0,0.0093,0.448
930.004,91.226,-0.0148,-0.0218,0.3469,52.14,0.12,0.0,0.0195,0.448
930.102,91.332,-0.0148,-0.0218,0.3469,52.14,0.12,0.0,0.0157,0.448
930.201,91.443,-0.0148,-0.0218,0.3469,52.14,0.12,0.0,0.0136,0.448
930.301,91.56,-0.0148,-0.0218,0.3469,52.14,0.12,0.0,0.0136,0.448
930.402,91.707,-0.0148,-0.0218,0.3469,52.14,0.12,0.0,0.0031,0.448
930.502,91.876,-0.0148,-0.0218,0.3469,52.14,0.12,0.0,0.0168,0.448
930.603,92.0,-0.0148,-0.0218,0.3469,52.14,0.12,0.0,0.0167,0.448
930.703,92.108,-0.0148,-0.0218,0.3469,52.14,0.12,0.0,0.0128,0.448
930.804,92.222,-0.0148,-0.0218,0.3469,52.14,0.12,0.0,0.0105,0.448
930.901,92.328,-0.0148,-0.0218,0.3469,52.14,0.12,0.0,0.0142,0.448
931.001,92.437,-0.0148,-0.0218,0.3469,52.14,0.12,0.0,0.0326,0.448
931.101,92.549,-0.0148,-0.0218,0.3469,52.14,0.12,0.0,0.038,0.448
931.203,92.745,-0.0148,-0.0218,0.3469,52.14,0.12,0.0,0.0344,0.448
931.303,93.033,-0.0148,-0.0218,0.3469,52.14,0.12,0.0,0.0229,0.448
931.403,93.189,-0.0148,-0.0218,0.3469,52.14,0.12,0.0,0.0086,0.448
931.504,93.387,-0.0148,-0.0218,0.3469,52.14,0.12,0.0,0.0099,0.448
931.603,93.547,-0.0148,-0.0218,0.3469,52.14,0.12,0.0,0.017,0.448
931.701,93.656,-0.0148,-0.0218,0.3469,52.14,0.12,0.0,0.0237,0.448
931.801,93.772,-0.0148,-0.0218,0.3469,52.14,0.12,0.0,0.0253,0.448
931.901,93.88,-0.0148,-0.0218,0.3469,52.14,0.12,0.0,0.0,0.448
932.002,94.048,-0.0148,-0.0218,0.3469,52.14,0.12,0.0,0.0119,0.448
932.102,94.154,-0.0148,-0.0218,0.3469,52.14,0.12,0.0,-0.0042,0.448
932.201,94.266,-0.0148,-0.0218,0.3469,52.14,0.12,0.0,0.0024,0.448
932.301,94.371,-0.0148,-0.0218,0.3469,52.14,0.12,0.0,0.0031,0.448
932.401,94.486,-0.0148,-0.0218,0.3469,52.14,0.12,0.0,0.0051,0.448
932.503,94.662,-0.0148,-0.0218,0.3469,52.14,0.12,0.0,0.0094,0.448
932.602,94.885,-0.0148,-0.0218,0.3469,52.14,0.12,0.0,0.0062,0.448
932.703,95.141,-0.0148,-0.0218,0.3469,52.14,0.12,0.0,0.0122,0.448
932.802,95.274,-0.0148,-0.0218,0.3469,52.14,0.12,0.0,0.0093,0.448
932.904,95.391,-0.0148,-0.0218,0.3469,52.14,0.12,0.0,0.014,0.448
933.002,95.501,-0.0148,-0.0218,0.3469,52.14,0.12,0.0,0.0148,0.448
933.103,95.625,-0.0148,-0.0218,0.3469,52.14,0.12,0.0,0.0082,0.448
933.202,95.882,-0.0148,-0.0218,0.3469,52.14,0.12,0.0,0.0107,0.448
933.303,96.091,-0.0148,-0.0218,0.3469,52.14,0.12,0.0,0.0098,0.448
933.401,96.277,-0.0148,-0.0218,0.3469,52.14,0.12,0.0,-0.0074,0.448
933.504,96.421,-0.0148,-0.0218,0.3469,52.14,0.12,0.0,0.0062,0.448
933.602,96.539,-0.0148,-0.0218,0.3469,52.14,0.12,0.0,0.0023,0.448
933.702,96.67,-0.0148,-0.0218,0.3469,52.14,0.12,0.0,0.0125,0.448
933.801,96.837,-0.0148,-0.0218,0.3469,52.14,0.12,0.0,0.0067,0.448
933.903,97.098,-0.0148,-0.0218,0.3469,52.14,0.12,0.0,0.018,0.448
934.004,97.292,-0.0148,-0.0218,0.3469,52.14,0.12,0.0,0.0068,0.448
934.104,97.402,-0.0148,-0.0218,0.3469,52.14,0.12,0.0,-0.0015,0.448
934.201,97.506,-0.0148,-0.0218,0.3469,52.14,0.12,0.0,-0.0044,0.448
934.301,97.609,-0.0148,-0.0218,0.3469,52.14,0.12,0.0,0.0115,0.448
934.404,97.737,-0.0148,-0.0218,0.3469,52.14,0.12,0.0,0.0116,0.448
934.502,98.002,-0.0148,-0.0218,0.3469,52.14,0.12,0.0,-0.0001,0.448
934.604,98.224,-0.0148,-0.0218,0.3469,52.14,0.12,0.0,0.0143,0.448
934.702,98.351,-0.0148,-0.0218,0.3469,52.14,0.12,0.0,0.0075,0.448
934.803,98.464,-0.0148,-0.0218,0.3469,52.14,0.12,0.0,0.0008,0.448
934.901,98.567,-0.0148,-0.0218,0.3469,52.14,0.12,0.0,0.0029,0.448
935.001,98.67,-0.0148,-0.0218,0.3469,52.14,0.12,0.0,-0.0071,0.448
935.101,98.797,-0.0148,-0.0218,0.3469,52.14,0.12,0.0,-0.0069,0.448
935.202,98.956,-0.0148,-0.0218,0.3469,52.14,0.12,0.0,0.0073,0.448
935.303,99.229,-0.0148,-0.0218,0.3469,52.14,0.12,0.0,0.0188,0.448
935.403,99.388,-0.0148,-0.0218,0.3469,52.14,0.12,0.0,-0.0003,0.448
935.501,99.489,-0.0148,-0.0218,0.3469,52.14,0.12,0.0,-0.0003,0.448
935.602,99.596,-0.0148,-0.0218,0.3469,52.14,0.12,0.0,-0.007,0.448
935.701,99.697,-0.0148,-0.0218,0.3469,52.14,0.12,0.0,0.0039,0.448
935.801,99.804,-0.0148,-0.0218,0.3469,52.14,0.12,0.0,0.0049,0.448
935.901,99.912,-0.0148,-0.0218,0.3469,52.14,0.12,0.0,0.004,0.448
936.004,100.204,-0.0148,-0.0218,0.3469,52.14,0.12,0.0,0.0115,0.448
936.103,100.416,-0.0148,-0.0218,0.3469,52.14,0.12,0.0,0.0089,0.448
936.201,100.522,-0.0148,-0.0218,0.3469,52.14,0.12,0.0,0.0128,0.448
936.301,100.631,-0.0148,-0.0218,0.3469,52.14,0.12,0.0,0.0048,0.448
936.401,100.74,-0.0148,-0.0218,0.3469,52.14,0.12,0.0,0.012,0.448
936.501,100.85,-0.0148,-0.0218,0.3469,52.14,0.12,0.0,0.0079,0.448
936.603,100.968,-0.0148,-0.0218,0.3469,52.14,0.12,0.0,0.0089,0.448
936.702,101.273,-0.0148,-0.0218,0.3469,52.14,0.12,0.0,0.0204,0.448
936.803,101.455,-0.0148,-0.0218,0.3469,52.14,0.12,0.0,0.02,0.448
936.903,101.569,-0.0148,-0.0218,0.3469,52.14,0.12,0.0,0.0075,0.448
937.001,101.673,-0.0148,-0.0218,0.3469,52.14,0.12,0.0,0.006,0.448
937.101,101.778,-0.0148,-0.0218,0.3469,52.14,0.12,0.0,0.0085,0.448
937.201,101.886,-0.0148,-0.0218,0.3469,52.14,0.12,0.0,0.014,0.448
937.303,102.005,-0.0148,-0.0218,0.3469,52.14,0.12,0.0,0.025,0.448
937.403,102.273,-0.0148,-0.0218,0.3469,52.14,0.12,0.0,0.012,0.448
937.503,102.404,-0.0148,-0.0218,0.3469,52.14,0.12,0.0,0.0179,0.448
937.603,102.518,-0.0148,-0.0218,0.3469,52.14,0.12,0.0,0.025,0.448
937.701,102.622,-0.0148,-0.0218,0.3469,52.14,0.12,0.0,0.0131,0.448
937.801,102.724,-0.0148,-0.0218,0.3469,52.14,0.12,0.0,0.0166,0.448
937.903,102.95,-0.0148,-0.0218,0.3469,52.14,0.12,0.0,0.0097,0.448
938.003,103.237,-0.0148,-0.0218,0.3469,52.14,0.12,0.0,0.0134,0.448
938.103,103.35,-0.0148,-0.0218,0.3469,52.14,0.12,0.0,0.0084,0.448
938.208,103.462,-0.0148,-0.0218,0.3469,52.14,0.12,0.0,0.0125,0.448
938.301,103.56,-0.0148,-0.0218,0.3469,52.14,0.12,0.0,0.0125,0.448
938.404,103.742,-0.0148,-0.0218,0.3469,52.14,0.12,0.0,0.0196,0.448
938.503,103.939,-0.0148,-0.0218,0.3469,52.14,0.12,0.0,0.0078,0.448
938.603,104.069,-0.0148,-0.0218,0.3469,52.14,0.12,0.0,0.0121,0.448
938.704,104.188,-0.0148,-0.0218,0.3469,52.14,0.12,0.0,0.0121,0.448
938.801,104.291,-0.0148,-0.0218,0.3469,52.14,0.12,0.0,0.014,0.448
938.901,104.397,-0.0148,-0.0218,0.3469,52.14,0.12,0.0,0.0141,0.448
939.001,104.504,-0.0148,-0.0218,0.3469,52.14,0.12,0.0,0.0097,0.448
939.101,104.62,-0.0148,-0.0218,0.3469,52.14,0.12,0.0,0.0211,0.448
939.201,104.728,-0.0148,-0.0218,0.3469,52.14,0.12,0.0,0.0211,0.448
939.302,104.956,-0.0148,-0.0218,0.3469,52.14,0.12,0.0,0.0143,0.448
939.402,105.201,-0.0148,-0.0218,0.3469,52.14,0.12,0.0,0.0211,0.448
939.504,105.339,-0.0148,-0.0218,0.3469,52.14,0.12,0.0,0.0147,0.448
939.603,105.442,-0.0148,-0.0218,0.3469,52.14,0.12,0.0,0.0215,0.448
939.701,105.545,-0.0148,-0.0218,0.3469,52.14,0.12,0.0,0.0221,0.448
939.803,105.675,-0.0148,-0.0218,0.3469,52.14,0.12,0.0,0.0257,0.448
939.902,105.779,-0.0148,-0.0218,0.3469,52.14,0.12,0.0,0.0111,0.448
940.003,105.956,-0.0148,-0.0218,0.3469,52.14,0.12,0.0,-0.0073,0.448
940.102,106.137,-0.0148,-0.0218,0.3469,52.14,0.12,0.0,0.0019,0.448
940.203,106.252,-0.0148,-0.0218,0.3469,52.14,0.12,0.0,0.0055,0.448
940.301,106.359,-0.0148,-0.0218,0.3469,52.14,0.12,0.0,0.0054,0.448
940.409,106.479,-0.0148,-0.0218,0.3469,52.14,0.12,0.0,-0.0006,0.448
940.501,106.582,-0.0148,-0.0218,0.3469,52.14,0.12,0.0,0.0128,0.448
940.602,106.726,-0.0148,-0.0218,0.3469,52.14,0.12,0.0,0.0145,0.448
940.703,106.976,-0.0148,-0.0218,0.3469,52.14,0.12,0.0,0.0066,0.448
940.803,107.204,-0.0148,-0.0218,0.3469,52.14,0.12,0.0,-0.001,0.448
940.903,107.319,-0.0148,-0.0218,0.3469,52.14,0.12,0.0,0.0059,0.448
941.003,107.447,-0.0148,-0.0218,0.3469,52.14,0.12,0.0,0.0041,0.448
941.101,107.551,-0.0148,-0.0218,0.3469,52.14,0.12,0.0,-0.0046,0.448
941.204,107.657,-0.0148,-0.0218,0.3469,52.14,0.12,0.0,0.0118,0.448
941.303,107.781,-0.0148,-0.0218,0.3469,52.14,0.12,0.0,0.0178,0.448
941.403,108.102,-0.0148,-0.0218,0.3469,52.14,0.12,0.0,0.0198,0.448
941.503,108.294,-0.0148,-0.0218,0.3469,52.14,0.12,0.0,0.0145,0.448
941.603,108.483,-0.0148,-0.0218,0.3469,52.14,0.12,0.0,0.0339,0.448
941.703,108.692,-0.0148,-0.0218,0.3469,52.14,0.12,0.0,0.0322,0.448
941.804,108.89,-0.0148,-0.0218,0.3469,52.14,0.12,0.0,0.0111,0.448
941.901,108.991,-0.0148,-0.0218,0.3469,52.14,0.12,0.0,0.0055,0.448
942.004,109.106,-0.0148,-0.0218,0.3469,52.14,0.12,0.0,0.0029,0.448
942.101,109.206,-0.0148,-0.0218,0.3469,52.14,0.12,0.0,0.0058,0.448
942.202,109.32,-0.0148,-0.0218,0.3469,52.14,0.12,0.0,0.0151,0.448
942.301,109.422,-0.0148,-0.0218,0.3469,52.14,0.12,0.0,0.023,0.448
942.401,109.53,-0.0148,-0.0218,0.3469,52.14,0.12,0.0,0.0321,0.448
942.501,109.637,-0.0148,-0.0218,0.3469,52.14,0.12,0.0,0.0311,0.448
942.602,109.954,-0.0148,-0.0218,0.3469,52.14,0.12,0.0,0.0148,0.448
942.702,110.146,-0.0148,-0.0218,0.3469,52.14,0.12,0.0,0.0052,0.448
942.803,110.257,-0.0148,-0.0218,0.3469,52.14,0.12,0.0,0.0096,0.448
942.901,110.358,-0.0148,-0.0218,0.3469,52.14,0.12,0.0,0.0065,0.448
943.001,110.461,-0.0148,-0.0218,0.3469,52.14,0.12,0.0,0.0073,0.448
943.104,110.675,-0.0148,-0.0218,0.3469,52.14,0.12,0.0,0.0136,0.448
943.203,110.811,-0.0148,-0.0218,0.3469,52.14,0.12,0.0,0.016,0.448
943.301,110.913,-0.0148,-0.0218,0.3469,52.14,0.12,0.0,0.0164,0.448
943.401,111.021,-0.0148,-0.0218,0.3469,52.14,0.12,0.0,0.0157,0.448
943.502,111.126,-0.0148,-0.0218,0.3469,52.14,0.12,0.0,0.0139,0.448
943.601,111.231,-0.0148,-0.0218,0.3469,52.14,0.12,0.0,0.0085,0.448
943.701,111.339,-0.0148,-0.0218,0.3469,52.14,0.12,0.0,0.0078,0.448
943.801,111.445,-0.0148,-0.0218,0.3469,52.14,0.12,0.0,0.013,0.448
943.901,111.556,-0.0148,-0.0218,0.3469,52.14,0.12,0.0,0.0164,0.448
944.003,111.757,-0.0148,-0.0218,0.3469,52.14,0.12,0.0,0.0111,0.448
944.104,111.889,-0.0148,-0.0218,0.3469,52.14,0.12,0.0,0.0087,0.448
944.201,111.992,-0.0148,-0.0218,0.3469,52.14,0.12,0.0,0.0101,0.448
944.301,112.098,-0.0148,-0.0218,0.3469,52.14,0.12,0.0,0.0202,0.448
944.401,112.21,-0.0148,-0.0218,0.3469,52.14,0.12,0.0,0.0196,0.448
944.501,112.321,-0.0148,-0.0218,0.3469,52.14,0.12,0.0,0.0298,0.448
944.601,112.432,-0.0148,-0.0218,0.3469,52.14,0.12,0.0,0.0206,0.448
944.701,112.547,-0.0148,-0.0218,0.3469,52.14,0.12,0.0,0.0232,0.448
944.802,112.658,-0.0148,-0.0218,0.3469,52.14,0.12,0.0,0.0114,0.448
944.901,112.773,-0.0148,-0.0218,0.3469,52.14,0.12,0.0,0.0098,0.448
945.002,113.167,-0.0148,-0.0218,0.3469,52.14,0.12,0.0,0.0121,0.448
945.104,113.38,-0.0148,-0.0218,0.3469,52.14,0.12,0.0,0.0091,0.448
945.201,113.482,-0.0148,-0.0218,0.3469,52.14,0.12,0.0,0.0091,0.448
945.301,113.59,-0.0148,-0.0218,0.3469,52.14,0.12,0.0,0.009,0.448
945.403,113.717,-0.0148,-0.0218,0.3469,52.14,0.12,0.0,-0.0018,0.448
945.501,113.823,-0.0148,-0.0218,0.3469,52.14,0.12,0.0,0.0003,0.448
945.604,114.109,-0.0148,-0.0218,0.3469,52.14,0.12,0.0,0.0143,0.448
945.704,114.272,-0.0148,-0.0218,0.3469,52.14,0.12,0.0,-0.0007,0.448
945.803,114.428,-0.0148,-0.0218,0.3469,52.14,0.12,0.0,-0.0095,0.448
945.903,114.558,-0.0148,-0.0218,0.3469,52.14,0.12,0.0,-0.0026,0.448
946.002,114.667,-0.0148,-0.0218,0.3469,52.14,0.12,0.0,-0.0026,0.448
946.101,114.771,-0.0148,-0.0218,0.3469,52.14,0.12,0.0,0.0002,0.448
946.201,114.879,-0.0148,-0.0218,0.3469,52.14,0.12,0.0,0.0071,0.448
946.303,115.116,-0.0148,-0.0218,0.3469,52.14,0.12,0.0,-0.0009,0.448
946.404,115.325,-0.0148,-0.0218,0.3469,52.14,0.12,0.0,0.0017,0.448
946.503,115.499,-0.0148,-0.0218,0.3469,52.14,0.12,0.0,0.0034,0.448
946.601,115.603,-0.0148,-0.0218,0.3469,52.14,0.12,0.0,0.0099,0.448
946.701,115.72,-0.0148,-0.0218,0.3469,52.14,0.12,0.0,0.0135,0.448
946.801,115.829,-0.0148,-0.0218,0.3469,52.14,0.12,0.0,0.0121,0.448
946.901,115.938,-0.0148,-0.0218,0.3469,52.14,0.12,0.0,0.0037,0.448
947.003,116.236,-0.0148,-0.0218,0.3469,52.14,0.12,0.0,0.002,0.448
947.104,116.409,-0.0148,-0.0218,0.3469,52.14,0.12,0.0,0.0097,0.448
947.203,116.546,-0.0148,-0.0218,0.3469,52.14,0.12,0.0,0.0158,0.448
947.301,116.651,-0.0148,-0.0218,0.3469,52.14,0.12,0.0,0.0116,0.448
947.401,116.76,-0.0148,-0.0218,0.3469,52.14,0.12,0.0,0.0111,0.448
947.501,116.867,-0.0148,-0.0218,0.3469,52.14,0.12,0.0,0.0149,0.448
947.601,116.98,-0.0148,-0.0218,0.3469,52.14,0.12,0.0,0.0128,0.448
947.702,117.112,-0.0148,-0.0218,0.3469,52.14,0.12,0.0,0.0022,0.448
947.801,117.222,-0.0148,-0.0218,0.3469,52.14,0.12,0.0,0.0027,0.448
947.901,117.333,-0.0148,-0.0218,0.3469,52.14,0.12,0.0,0.0025,0.448
948.001,117.451,-0.0148,-0.0218,0.3469,52.14,0.12,0.0,0.001,0.448
948.101,117.56,-0.0148,-0.0218,0.3469,52.14,0.12,0.0,0.0009,0.448
948.203,117.823,-0.0148,-0.0218,0.3469,52.14,0.12,0.0,0.0153,0.448
948.303,118.043,-0.0148,-0.0218,0.3469,52.14,0.12,0.0,0.0147,0.448
948.403,118.196,-0.0148,-0.0218,0.3469,52.14,0.12,0.0,0.0129,0.448
948.502,118.342,-0.0148,-0.0218,0.3469,52.14,0.12,0.0,0.0057,0.448
948.601,118.445,-0.0148,-0.0218,0.3469,52.14,0.12,0.0,0.0058,0.448
948.701,118.557,-0.0148,-0.0218,0.3469,52.14,0.12,0.0,0.0176,0.448
948.801,118.663,-0.0148,-0.0218,0.3469,52.14,0.12,0.0001,0.0156,0.448
948.901,118.769,-0.0148,-0.0218,0.3469,52.14,0.12,0.0,0.0196,0.448
949.001,118.876,-0.0148,-0.0218,0.3469,52.14,0.12,0.0,0.0167,0.448
949.103,119.231,-0.0148,-0.0218,0.3469,52.14,0.12,0.0,0.0046,0.448
949.204,119.37,-0.0148,-0.0218,0.3469,52.14,0.12,0.0,0.0035,0.448
949.301,119.474,-0.0148,-0.0218,0.3469,52.14,0.12,0.0,0.0035,0.448
949.401,119.579,-0.0148,-0.0218,0.3469,52.14,0.12,0.0,0.0096,0.448
949.501,119.688,-0.0148,-0.0218,0.3469,52.14,0.12,0.0,0.0098,0.448
949.601,119.793,-0.0148,-0.0218,0.3469,52.14,0.12,0.0,0.0182,0.448
949.701,119.906,-0.0148,-0.0218,0.3469,52.14,0.12,0.0,0.008,0.448
949.801,120.016,-0.0148,-0.0218,0.3469,52.14,0.12,0.0,0.0062,0.448
949.901,120.125,-0.0148,-0.0218,0.3469,52.14,0.12,0.0,0.0116,0.448
950.002,120.265,-0.0148,-0.0218,0.3469,52.14,0.12,0.0,0.0114,0.448
950.105,120.373,-0.0148,-0.0218,0.3469,52.14,0.12,0.0,0.0114,0.448
950.204,120.488,-0.0148,-0.0218,0.3469,52.14,0.12,0.0,0.0088,0.448
950.301,120.592,-0.0148,-0.0218,0.3469,52.14,0.12,0.0,0.0189,0.448
950.401,120.706,-0.0148,-0.0218,0.3469,52.14,0.12,0.0,0.019,0.448
950.501,120.821,-0.0148,-0.0218,0.3469,52.14,0.12,0.0,0.0134,0.448
950.601,120.938,-0.0148,-0.0218,0.3469,52.14,0.12,0.0,0.0146,0.448
950.701,121.046,-0.0148,-0.0218,0.3469,52.14,0.12,0.0,0.0218,0.448
950.804,121.271,-0.0148,-0.0218,0.3469,52.14,0.12,0.0,0.0105,0.448
950.902,121.41,-0.0148,-0.0218,0.3469,52.14,0.12,0.0,0.0261,0.448
951.001,121.517,-0.0148,-0.0218,0.3469,52.14,0.12,0.0,0.0254,0.448
951.102,121.629,-0.0148,-0.0218,0.3469,52.14,0.12,0.0,0.0239,0.448
951.201,121.749,-0.0148,-0.0218,0.3469,52.14,0.12,0.0,0.0248,0.448
951.302,121.862,-0.0148,-0.0218,0.3469,52.14,0.12,0.0,0.0252,0.448
951.401,121.98,-0.0148,-0.0218,0.3469,52.14,0.12,0.0,0.0307,0.448
951.502,122.281,-0.0148,-0.0218,0.3469,52.14,0.12,0.0,0.0254,0.448
951.604,122.467,-0.0148,-0.0218,0.3469,52.14,0.12,0.0,0.0095,0.448
951.705,122.591,-0.0148,-0.0218,0.3469,52.14,0.12,0.0,0.0031,0.448
951.801,122.698,-0.0148,-0.0218,0.3469,52.14,0.12,0.0,-0.0014,0.448
951.901,122.808,-0.0148,-0.0218,0.3469,52.14,0.12,0.0,-0.0017,0.448
952.001,122.916,-0.0148,-0.0218,0.3469,52.14,0.12,0.0,0.0069,0.448
952.101,123.024,-0.0148,-0.0218,0.3469,52.14,0.12,0.0,0.0091,0.448
952.201,123.133,-0.0148,-0.0218,0.3469,52.14,0.12,0.0,0.0079,0.448
952.303,123.253,-0.0148,-0.0218,0.3469,52.14,0.12,0.0,0.0137,0.448
952.401,123.363,-0.0148,-0.0218,0.3469,52.14,0.12,0.0,0.0044,0.448
952.501,123.474,-0.0148,-0.0218,0.3469,52.14,0.12,0.0,0.0062,0.448
952.603,123.728,-0.0148,-0.0218,0.3469,52.14,0.12,0.0,0.0109,0.448
952.702,124.023,-0.0148,-0.0218,0.3469,52.14,0.12,0.0,0.0135,0.448
952.803,124.155,-0.0148,-0.0218,0.3469,52.14,0.12,0.0,0.0188,0.448
952.905,124.267,-0.0149,-0.0218,0.3469,52.14,0.12,0.0,0.0122,0.448
953.001,124.372,-0.0149,-0.0218,0.3469,52.14,0.12,0.0,0.0078,0.448
953.101,124.482,-0.0149,-0.0218,0.3469,52.14,0.12,0.0,0.0017,0.448
953.201,124.59,-0.0149,-0.0218,0.3469,52.14,0.12,0.0,0.0101,0.448
953.302,124.701,-0.0149,-0.0218,0.3469,52.14,0.12,0.0,-0.0019,0.448
953.401,124.812,-0.0149,-0.0218,0.3469,52.14,0.12,0.0,0.002,0.448
953.502,125.008,-0.0149,-0.0218,0.3469,52.14,0.12,0.0,0.0097,0.448
953.603,125.257,-0.0149,-0.0218,0.3469,52.14,0.12,0.0,0.0228,0.448
953.703,125.481,-0.0149,-0.0218,0.3469,52.14,0.12,0.0,0.0216,0.448
953.803,125.762,-0.0149,-0.0218,0.3469,52.14,0.12,0.0,0.0109,0.448
953.903,126.044,-0.0149,-0.0218,0.3469,52.14,0.12,0.0,0.0121,0.448
954.001,126.184,-0.0149,-0.0218,0.3469,52.14,0.12,0.0,0.0116,0.448
954.103,126.31,-0.0149,-0.0218,0.3469,52.14,0.12,0.0,0.0179,0.448
954.201,126.408,-0.0149,-0.0218,0.3469,52.14,0.12,0.0,0.0196,0.448
954.301,126.513,-0.0149,-0.0218,0.3469,52.14,0.12,0.0,0.0221,0.448
954.401,126.615,-0.0149,-0.0218,0.3469,52.14,0.12,0.0,0.0199,0.448
954.501,126.719,-0.0149,-0.0218,0.3469,52.14,0.12,0.0,0.0277,0.448
954.601,126.824,-0.0149,-0.0218,0.3469,52.14,0.12,0.0,0.035,0.448
954.701,126.932,-0.0149,-0.0218,0.3469,52.14,0.12,0.0,0.0423,0.448
954.803,127.056,-0.0149,-0.0218,0.3469,52.14,0.12,0.0,0.036,0.448
954.903,127.289,-0.0149,-0.0218,0.3469,52.14,0.12,0.0,0.0357,0.448
955.003,127.468,-0.0149,-0.0218,0.3469,52.14,0.12,0.0,0.0305,0.448
955.103,127.599,-0.0149,-0.0218,0.3469,52.14,0.12,0.0,0.0432,0.448
955.201,127.705,-0.0149,-0.0218,0.3469,52.14,0.12,0.0,0.0383,0.448
955.301,127.808,-0.0149,-0.0218,0.3469,52.14,0.12,0.0,0.0323,0.448
955.401,127.914,-0.0149,-0.0218,0.3469,52.14,0.12,0.0,0.031,0.448
955.503,128.232,-0.0149,-0.0218,0.3469,52.14,0.12,0.0,0.0133,0.448
955.604,128.398,-0.0149,-0.0218,0.3469,52.14,0.12,0.0,0.034,0.448
955.704,128.51,-0.0149,-0.0218,0.3469,52.14,0.12,0.0,0.0272,0.448
955.801,128.651,-0.0149,-0.0218,0.3469,52.14,0.12,0.0,0.0265,0.448
955.903,128.806,-0.0149,-0.0218,0.3469,52.14,0.12,0.0,0.0167,0.448
956.006,128.925,-0.0149,-0.0218,0.3469,52.14,0.12,0.0,0.0028,0.448
956.104,129.035,-0.0149,-0.0218,0.3469,52.14,0.12,0.0,0.0035,0.448
956.204,129.192,-0.0149,-0.0218,0.3469,52.14,0.12,0.0,0.0207,0.448
956.301,129.294,-0.0149,-0.0218,0.3469,52.14,0.12,0.0,0.0162,0.448
956.403,129.406,-0.0149,-0.0218,0.3469,52.14,0.12,0.0,0.0236,0.448
956.501,129.509,-0.0149,-0.0218,0.3469,52.14,0.12,0.0,0.0204,0.448
956.603,129.682,-0.0149,-0.0218,0.3469,52.14,0.12,0.0,0.0125,0.448
956.702,129.907,-0.0149,-0.0218,0.3469,52.14,0.12,0.0,0.0027,0.448
956.803,130.103,-0.0149,-0.0218,0.3469,52.14,0.12,0.0,0.0135,0.448
956.903,130.223,-0.0149,-0.0218,0.3469,52.14,0.12,0.0,0.016,0.448
957.001,130.325,-0.0149,-0.0218,0.3469,52.14,0.12,0.0,0.016,0.448
957.101,130.432,-0.015,-0.0218,0.3469,52.15,0.12,0.0,0.0123,0.448
957.201,130.542,-0.015,-0.0218,0.347,52.14,0.12,0.0,0.0144,0.448
957.301,130.647,-0.015,-0.0217,0.347,52.13,0.12,0.0,0.016,0.448
957.401,130.757,-0.0151,-0.0217,0.347,52.14,0.12,0.0,0.0099,0.448
957.502,130.87,-0.0151,-0.0217,0.347,52.13,0.13,0.0,0.0055,0.448
957.601,130.983,-0.0151,-0.0217,0.347,52.14,0.13,0.0,0.0011,0.448
957.703,131.257,-0.0151,-0.0217,0.3471,52.14,0.13,0.0,0.006,0.448
957.803,131.418,-0.0152,-0.0217,0.3471,52.14,0.13,0.0,0.012,0.448
957.903,131.546,-0.0152,-0.0217,0.3471,52.14,0.13,0.0,0.01,0.448
958.002,131.65,-0.0152,-0.0217,0.3471,52.15,0.13,0.0,0.0118,0.448
958.101,131.762,-0.0153,-0.0217,0.3472,52.15,0.13,0.0,0.0131,0.448
958.203,131.941,-0.0153,-0.0216,0.3473,52.12,0.13,0.0,0.0138,0.449
958.304,132.098,-0.0153,-0.0217,0.3473,52.13,0.13,0.0,0.0234,0.449
958.405,132.334,-0.0153,-0.0217,0.3473,52.13,0.13,0.0,0.0315,0.449
958.503,132.562,-0.0153,-0.0217,0.3473,52.13,0.13,0.0,0.0258,0.449
958.601,132.667,-0.0153,-0.0217,0.3473,52.13,0.13,0.0,0.0258,0.449
958.701,132.775,-0.0153,-0.0217,0.3473,52.13,0.13,0.0,0.0214,0.449
958.801,132.882,-0.0153,-0.0217,0.3473,52.13,0.13,0.0,0.0185,0.449
958.901,132.99,-0.0153,-0.0217,0.3473,52.13,0.13,0.0,0.0185,0.449
959.001,133.094,-0.0153,-0.0217,0.3473,52.13,0.13,0.0,0.0171,0.449
959.101,133.2,-0.0153,-0.0217,0.3473,52.13,0.13,0.0,0.0116,0.449
959.204,133.339,-0.0153,-0.0217,0.3473,52.13,0.13,0.0,0.0139,0.449
959.303,133.524,-0.0153,-0.0217,0.3473,52.13,0.13,0.0,0.0171,0.449
959.403,133.72,-0.0153,-0.0217,0.3473,52.13,0.13,0.0,0.0118,0.449
959.503,133.873,-0.0153,-0.0217,0.3473,52.13,0.13,0.0,0.0041,0.449
959.602,133.979,-0.0153,-0.0217,0.3473,52.13,0.13,0.0,0.0041,0.449
959.702,134.09,-0.0153,-0.0217,0.3473,52.13,0.13,0.0,0.0053,0.449
959.801,134.192,-0.0153,-0.0217,0.3473,52.13,0.13,0.0,0.0054,0.449
959.901,134.298,-0.0153,-0.0217,0.3473,52.13,0.13,0.0,0.0054,0.449
960.001,134.409,-0.0153,-0.0217,0.3473,52.13,0.13,0.0,-0.0068,0.449
960.101,134.519,-0.0153,-0.0217,0.3473,52.13,0.13,0.0,-0.0059,0.449
960.201,134.629,-0.0153,-0.0217,0.3473,52.13,0.13,0.0,-0.0073,0.449
960.304,134.963,-0.0153,-0.0217,0.3473,52.13,0.13,0.0,0.0003,0.449
960.403,135.143,-0.0153,-0.0217,0.3473,52.13,0.13,0.0,0.0118,0.449
960.503,135.255,-0.0153,-0.0217,0.3473,52.13,0.13,0.0,-0.0044,0.449
960.604,135.374,-0.0153,-0.0217,0.3473,52.13,0.13,0.0,-0.011,0.449
960.704,135.482,-0.0153,-0.0217,0.3473,52.13,0.13,0.0,-0.011,0.449
960.801,135.589,-0.0153,-0.0217,0.3473,52.13,0.13,0.0,-0.0002,0.449
960.903,135.703,-0.0153,-0.0217,0.3473,52.13,0.13,0.0,-0.0065,0.449
961.001,135.81,-0.0153,-0.0217,0.3473,52.13,0.13,0.0,-0.0061,0.449
961.103,136.026,-0.0153,-0.0217,0.3473,52.13,0.13,0.0,0.0216,0.449
961.204,136.243,-0.0153,-0.0217,0.3473,52.13,0.13,0.0,0.0178,0.449
961.302,136.36,-0.0153,-0.0217,0.3473,52.13,0.13,0.0,0.0074,0.449
961.402,136.505,-0.0153,-0.0217,0.3473,52.13,0.13,0.0,0.0065,0.449
961.501,136.61,-0.0153,-0.0217,0.3473,52.13,0.13,0.0,0.0167,0.449
961.601,136.717,-0.0153,-0.0217,0.3473,52.13,0.13,0.0,0.0083,0.449
961.701,136.83,-0.0153,-0.0217,0.3473,52.13,0.13,0.0,0.0108,0.449
961.801,136.936,-0.0153,-0.0217,0.3473,52.13,0.13,0.0,0.0108,0.449
961.902,137.204,-0.0153,-0.0217,0.3473,52.13,0.13,0.0,0.0044,0.449
962.005,137.423,-0.0153,-0.0217,0.3473,52.13,0.13,0.0,0.0065,0.449
962.102,137.534,-0.0153,-0.0217,0.3473,52.13,0.13,0.0,0.0138,0.449
962.201,137.641,-0.0153,-0.0217,0.3473,52.13,0.13,0.0,0.0233,0.449
962.301,137.751,-0.0153,-0.0217,0.3473,52.13,0.13,0.0,0.0247,0.449
962.401,137.858,-0.0153,-0.0217,0.3473,52.13,0.13,0.0,0.0151,0.449
962.501,137.964,-0.0153,-0.0217,0.3473,52.13,0.13,0.0,0.01,0.449
962.601,138.073,-0.0153,-0.0217,0.3473,52.13,0.13,0.0,0.0065,0.449
962.701,138.181,-0.0153,-0.0217,0.3473,52.13,0.13,0.0,0.0065,0.449
962.801,138.289,-0.0153,-0.0217,0.3473,52.13,0.13,0.0,0.0203,0.449
962.901,138.397,-0.0153,-0.0217,0.3473,52.13,0.13,0.0,0.0147,0.449
963.004,138.523,-0.0153,-0.0217,0.3473,52.13,0.13,0.0,0.007,0.449
963.101,138.636,-0.0153,-0.0217,0.3473,52.13,0.13,0.0,0.0074,0.449
963.201,138.749,-0.0153,-0.0217,0.3473,52.13,0.13,0.0,0.0098,0.449
963.301,138.865,-0.0153,-0.0217,0.3473,52.13,0.13,0.0,0.0102,0.449
963.401,138.977,-0.0153,-0.0217,0.3473,52.13,0.13,0.0,0.0256,0.449
963.503,139.167,-0.0153,-0.0217,0.3473,52.13,0.13,0.0,0.0134,0.449
963.602,139.304,-0.0153,-0.0217,0.3473,52.13,0.13,0.0,0.0044,0.449
963.703,139.448,-0.0153,-0.0217,0.3473,52.13,0.13,0.0,0.0039,0.449
963.804,139.625,-0.0153,-0.0217,0.3473,52.13,0.13,0.0,0.0052,0.449
963.904,139.745,-0.0153,-0.0217,0.3473,52.13,0.13,0.0,0.0019,0.449
964.001,139.857,-0.0153,-0.0217,0.3473,52.13,0.13,0.0,0.0032,0.449
964.101,139.971,-0.0153,-0.0217,0.3473,52.13,0.13,0.0,-0.0033,0.449
964.204,140.224,-0.0153,-0.0217,0.3473,52.13,0.13,0.0,0.0042,0.449
964.304,140.442,-0.0153,-0.0217,0.3473,52.13,0.13,0.0,0.0235,0.449
964.403,140.626,-0.0153,-0.0217,0.3473,52.13,0.13,0.0,0.0182,0.449
964.501,140.736,-0.0153,-0.0217,0.3473,52.13,0.13,0.0,0.0093,0.449
964.601,140.846,-0.0153,-0.0217,0.3473,52.13,0.13,0.0,0.0172,0.449
964.704,141.102,-0.0153,-0.0217,0.3473,52.13,0.13,0.0,0.0001,0.449
964.803,141.283,-0.0153,-0.0217,0.3473,52.13,0.13,0.0,-0.0022,0.449
964.903,141.419,-0.0153,-0.0217,0.3473,52.13,0.13,0.0,-0.0035,0.449
965.003,141.526,-0.0153,-0.0217,0.3473,52.13,0.13,0.0,0.0136,0.449
965.101,141.627,-0.0153,-0.0217,0.3473,52.13,0.13,0.0,0.0085,0.449
965.201,141.734,-0.0153,-0.0217,0.3473,52.13,0.13,0.0,0.0012,0.449
965.301,141.84,-0.0153,-0.0217,0.3473,52.13,0.13,0.0,-0.0012,0.449
965.403,142.036,-0.0153,-0.0217,0.3473,52.13,0.13,0.0,0.0063,0.449
965.502,142.306,-0.0153,-0.0217,0.3473,52.13,0.13,0.0,-0.0027,0.449
965.603,142.511,-0.0153,-0.0217,0.3473,52.13,0.13,0.0,-0.009,0.449
965.701,142.614,-0.0153,-0.0217,0.3473,52.13,0.13,0.0,-0.0069,0.449
965.804,142.727,-0.0153,-0.0217,0.3473,52.13,0.13,0.0,-0.0119,0.449
965.901,142.827,-0.0153,-0.0217,0.3473,52.13,0.13,0.0,-0.0054,0.449
966.003,142.954,-0.0153,-0.0217,0.3473,52.13,0.13,0.0,-0.0049,0.449
966.104,143.223,-0.0153,-0.0217,0.3473,52.13,0.13,0.0,-0.0021,0.449
966.204,143.378,-0.0153,-0.0217,0.3473,52.13,0.13,0.0,0.0048,0.449
966.301,143.476,-0.0153,-0.0217,0.3473,52.13,0.13,0.0,0.0048,0.449
966.401,143.581,-0.0153,-0.0217,0.3473,52.13,0.13,0.0,0.0172,0.449
966.501,143.686,-0.0153,-0.0217,0.3473,52.13,0.13,0.0,0.0172,0.449
966.601,143.792,-0.0153,-0.0217,0.3473,52.13,0.13,0.0,0.028,0.449
966.701,143.898,-0.0153,-0.0217,0.3473,52.13,0.13,0.0,0.0187,0.449
966.801,144.002,-0.0153,-0.0217,0.3473,52.13,0.13,0.0,0.0273,0.449
966.904,144.252,-0.0153,-0.0217,0.3473,52.13,0.13,0.0,0.0238,0.449
967.004,144.528,-0.0153,-0.0217,0.3473,52.13,0.13,0.0,0.0214,0.449
967.103,144.662,-0.0153,-0.0217,0.3473,52.13,0.13,0.0,0.0115,0.449
967.203,144.776,-0.0153,-0.0217,0.3473,52.13,0.13,0.0,0.0115,0.449
967.301,144.877,-0.0153,-0.0217,0.3473,52.13,0.13,0.0,0.0097,0.449
967.401,144.981,-0.0153,-0.0217,0.3473,52.13,0.13,0.0,0.0222,0.449
967.501,145.086,-0.0153,-0.0217,0.3473,52.13,0.13,0.0,0.0248,0.449
967.601,145.193,-0.0153,-0.0217,0.3473,52.13,0.13,0.0,0.027,0.449
967.701,145.3,-0.0153,-0.0217,0.3473,52.13,0.13,0.0,0.0344,0.449
967.801,145.407,-0.0153,-0.0217,0.3473,52.13,0.13,0.0,0.036,0.449
967.901,145.514,-0.0153,-0.0217,0.3473,52.13,0.13,0.0,0.0365,0.449
968.003,145.752,-0.0153,-0.0217,0.3473,52.13,0.13,0.0,0.0129,0.449
968.103,145.955,-0.0153,-0.0217,0.3473,52.13,0.13,0.0,0.0235,0.449
968.203,146.09,-0.0153,-0.0217,0.3473,52.13,0.13,0.0,-0.0023,0.449
968.303,146.22,-0.0153,-0.0217,0.3473,52.13,0.13,0.0,-0.0026,0.449
968.401,146.323,-0.0153,-0.0217,0.3473,52.13,0.13,0.0,0.0024,0.449
968.501,146.433,-0.0153,-0.0217,0.3473,52.13,0.13,0.0,0.0057,0.449
968.604,146.553,-0.0153,-0.0217,0.3473,52.13,0.13,0.0,0.0128,0.449
968.701,146.659,-0.0153,-0.0217,0.3473,52.13,0.13,0.0,0.0156,0.449
968.801,146.765,-0.0153,-0.0217,0.3473,52.13,0.13,0.0,0.0113,0.449
968.901,146.875,-0.0153,-0.0217,0.3473,52.13,0.13,0.0,0.0128,0.449
969.004,147.158,-0.0153,-0.0217,0.3473,52.13,0.13,0.0,0.0207,0.449
969.103,147.306,-0.0153,-0.0217,0.3473,52.13,0.13,0.0,0.0248,0.449
969.203,147.412,-0.0153,-0.0217,0.3473,52.13,0.13,0.0,0.0173,0.449
969.303,147.524,-0.0153,-0.0217,0.3473,52.13,0.13,0.0,0.0107,0.449
969.401,147.628,-0.0153,-0.0217,0.3473,52.13,0.13,0.0,0.0138,0.449
969.501,147.74,-0.0153,-0.0217,0.3473,52.13,0.13,0.0,0.0187,0.449
969.601,147.849,-0.0153,-0.0217,0.3473,52.13,0.13,0.0,0.0246,0.449
969.703,148.013,-0.0153,-0.0217,0.3473,52.13,0.13,0.0,0.0254,0.449
969.803,148.325,-0.0153,-0.0217,0.3473,52.13,0.13,0.0,0.0197,0.449
969.902,148.533,-0.0153,-0.0217,0.3473,52.13,0.13,0.0,0.0105,0.449
970.001,148.637,-0.0153,-0.0217,0.3473,52.13,0.13,0.0,0.0103,0.449
970.101,148.743,-0.0153,-0.0217,0.3473,52.13,0.13,0.0,0.0005,0.449
970.201,148.851,-0.0153,-0.0217,0.3473,52.13,0.13,0.0,0.0051,0.449
970.301,148.959,-0.0153,-0.0217,0.3473,52.13,0.13,0.0,0.0016,0.449
970.401,149.07,-0.0153,-0.0217,0.3473,52.14,0.13,0.0,0.0097,0.449
970.503,149.262,-0.0153,-0.0217,0.3473,52.14,0.13,0.0,0.0164,0.449
970.604,149.473,-0.0153,-0.0217,0.3473,52.14,0.13,0.0,0.0063,0.449
970.702,149.643,-0.0153,-0.0217,0.3473,52.14,0.13,0.0,0.0,0.449
970.803,149.762,-0.0153,-0.0217,0.3473,52.14,0.13,0.0,-0.0027,0.449
970.901,149.866,-0.0153,-0.0217,0.3473,52.14,0.13,0.0,0.0098,0.449
971.001,149.973,-0.0153,-0.0217,0.3473,52.14,0.13,0.0,0.0134,0.449
971.104,150.216,-0.0153,-0.0217,0.3473,52.14,0.13,0.0,0.0219,0.449
971.202,150.411,-0.0153,-0.0217,0.3473,52.14,0.13,0.0,0.0146,0.449
971.303,150.604,-0.0153,-0.0217,0.3473,52.14,0.13,0.0,0.0097,0.449
971.401,150.705,-0.0153,-0.0217,0.3473,52.14,0.13,0.0,0.0141,0.449
971.501,150.809,-0.0153,-0.0217,0.3473,52.14,0.13,0.0,0.0118,0.449
971.601,150.913,-0.0153,-0.0217,0.3473,52.14,0.13,0.0,0.0095,0.449
971.703,151.089,-0.0153,-0.0217,0.3473,52.14,0.13,0.0,0.015,0.449
971.801,151.309,-0.0153,-0.0217,0.3473,52.14,0.13,0.0,0.0189,0.449
971.903,151.469,-0.0153,-0.0217,0.3473,52.14,0.13,0.0,0.0202,0.449
972.003,151.602,-0.0153,-0.0217,0.3473,52.14,0.13,0.0,0.0,0.449
972.101,151.709,-0.0153,-0.0217,0.3473,52.14,0.13,0.0,-0.0019,0.449
972.201,151.818,-0.0153,-0.0217,0.3473,52.14,0.13,0.0,-0.0028,0.449
972.301,151.923,-0.0153,-0.0217,0.3473,52.14,0.13,0.0,0.0019,0.449
972.404,152.181,-0.0153,-0.0217,0.3473,52.14,0.13,0.0,0.0096,0.449
972.503,152.334,-0.0153,-0.0217,0.3473,52.14,0.13,0.0,0.0099,0.449
972.604,152.493,-0.0153,-0.0217,0.3473,52.14,0.13,0.0,0.0135,0.449
972.701,152.593,-0.0153,-0.0217,0.3473,52.14,0.13,0.0,0.0084,0.449
972.801,152.699,-0.0153,-0.0217,0.3473,52.14,0.13,0.0,0.0072,0.449
972.901,152.802,-0.0153,-0.0217,0.3473,52.14,0.13,0.0,-0.0017,0.449
973.001,152.91,-0.0153,-0.0217,0.3473,52.14,0.13,0.0,-0.0087,0.449
973.103,153.223,-0.0153,-0.0217,0.3473,52.14,0.13,0.0,0.011,0.449
973.203,153.365,-0.0153,-0.0217,0.3473,52.14,0.13,0.0,0.0202,0.449
973.303,153.522,-0.0153,-0.0217,0.3473,52.14,0.13,0.0,0.0196,0.449
973.401,153.628,-0.0153,-0.0217,0.3473,52.14,0.13,0.0,0.0196,0.449
973.501,153.736,-0.0153,-0.0217,0.3473,52.14,0.13,0.0,0.0338,0.449
973.601,153.843,-0.0153,-0.0217,0.3473,52.14,0.13,0.0,0.035,0.449
973.702,153.953,-0.0153,-0.0217,0.3473,52.14,0.13,0.0,0.0337,0.449
973.803,154.237,-0.0153,-0.0217,0.3473,52.14,0.13,0.0,0.0398,0.449
973.903,154.398,-0.0153,-0.0217,0.3473,52.14,0.13,0.0,0.026,0.449
974.002,154.571,-0.0153,-0.0217,0.3473,52.14,0.13,0.0,0.0143,0.449
974.101,154.677,-0.0153,-0.0217,0.3473,52.14,0.13,0.0,0.0143,0.449
974.201,154.784,-0.0153,-0.0217,0.3473,52.14,0.13,0.0,0.0005,0.449
974.301,154.889,-0.0153,-0.0217,0.3473,52.14,0.13,0.0,0.0022,0.449
974.403,155.016,-0.0153,-0.0217,0.3473,52.14,0.13,0.0,-0.0011,0.449
974.501,155.123,-0.0153,-0.0217,0.3473,52.14,0.13,0.0,-0.0011,0.449
974.601,155.232,-0.0153,-0.0217,0.3473,52.14,0.13,0.0,0.0059,0.449
974.701,155.336,-0.0153,-0.0217,0.3473,52.14,0.13,0.0,0.0066,0.449
974.803,155.614,-0.0153,-0.0217,0.3473,52.14,0.13,0.0,0.0152,0.449
974.903,155.823,-0.0153,-0.0217,0.3473,52.14,0.13,0.0,0.008,0.449
975.003,155.946,-0.0153,-0.0217,0.3473,52.14,0.13,0.0,0.0081,0.449
975.101,156.048,-0.0153,-0.0217,0.3473,52.14,0.13,0.0,0.0154,0.449
975.204,156.163,-0.0153,-0.0217,0.3473,52.14,0.13,0.0,0.0206,0.449
975.301,156.268,-0.0153,-0.0217,0.3473,52.14,0.13,0.0,0.0221,0.449
975.401,156.375,-0.0153,-0.0217,0.3473,52.14,0.13,0.0,0.0246,0.449
975.501,156.481,-0.0153,-0.0217,0.3473,52.14,0.13,0.0,0.0286,0.449
975.603,156.717,-0.0153,-0.0217,0.3473,52.14,0.13,0.0,0.021,0.449
975.703,156.966,-0.0153,-0.0217,0.3473,52.14,0.13,0.0,-0.0047,0.449
975.803,157.125,-0.0153,-0.0217,0.3473,52.14,0.13,0.0,-0.0063,0.449
975.901,157.231,-0.0153,-0.0217,0.3473,52.14,0.13,0.0,-0.0071,0.449
976.001,157.336,-0.0153,-0.0217,0.3473,52.14,0.13,0.0,-0.0071,0.449
976.101,157.442,-0.0153,-0.0217,0.3473,52.14,0.13,0.0,0.0032,0.449
976.201,157.547,-0.0153,-0.0217,0.3473,52.14,0.13,0.0,0.0032,0.449
976.301,157.656,-0.0153,-0.0217,0.3473,52.14,0.13,0.0,-0.0002,0.449
976.402,157.858,-0.0153,-0.0217,0.3473,52.14,0.13,0.0,-0.0121,0.449
976.502,158.005,-0.0153,-0.0217,0.3473,52.14,0.13,0.0,-0.0136,0.449
976.603,158.169,-0.0153,-0.0217,0.3473,52.14,0.13,0.0,0.0107,0.449
976.702,158.285,-0.0153,-0.0217,0.3473,52.14,0.13,0.0,0.0107,0.449
976.801,158.389,-0.0153,-0.0217,0.3473,52.14,0.13,0.0,0.0089,0.449
976.901,158.501,-0.0153,-0.0217,0.3473,52.14,0.13,0.0,0.0054,0.449
977.001,158.607,-0.0153,-0.0217,0.3473,52.14,0.13,0.0,0.0021,0.449
977.101,158.718,-0.0153,-0.0217,0.3473,52.14,0.13,0.0,0.007,0.449
977.203,158.839,-0.0153,-0.0217,0.3473,52.14,0.13,0.0,0.0052,0.449
977.303,159.117,-0.0153,-0.0217,0.3473,52.14,0.13,0.0,0.0222,0.449
977.404,159.264,-0.0153,-0.0217,0.3473,52.14,0.13,0.0,0.0059,0.449
977.501,159.366,-0.0153,-0.0217,0.3473,52.14,0.13,0.0,0.0059,0.449
977.601,159.473,-0.0153,-0.0217,0.3473,52.14,0.13,0.0,-0.0009,0.449
977.701,159.582,-0.0153,-0.0217,0.3473,52.14,0.13,0.0,-0.0005,0.449
977.801,159.698,-0.0153,-0.0217,0.3473,52.14,0.13,0.0,-0.0061,0.449
977.903,159.808,-0.0153,-0.0217,0.3473,52.14,0.13,0.0,0.0047,0.449
978.002,159.918,-0.0153,-0.0217,0.3473,52.14,0.13,0.0,0.0133,0.449
978.103,160.046,-0.0153,-0.0217,0.3473,52.14,0.13,0.0,0.0163,0.449
978.203,160.264,-0.0153,-0.0217,0.3473,52.14,0.13,0.0,0.0099,0.449
978.303,160.474,-0.0153,-0.0217,0.3473,52.14,0.13,0.0,0.011,0.449
978.403,160.645,-0.0153,-0.0217,0.3473,52.13,0.13,0.0,0.0158,0.449
978.501,160.749,-0.0153,-0.0217,0.3473,52.13,0.13,0.0,0.0266,0.449
978.603,160.864,-0.0153,-0.0217,0.3473,52.13,0.13,0.0,0.0262,0.449
978.701,160.967,-0.0153,-0.0217,0.3473,52.13,0.13,0.0,0.0108,0.449
978.801,161.08,-0.0153,-0.0217,0.3473,52.13,0.13,0.0,0.0257,0.449
978.903,161.283,-0.0153,-0.0217,0.3473,52.13,0.13,0.0,0.0095,0.449
979.003,161.464,-0.0153,-0.0217,0.3473,52.13,0.13,0.0,0.0182,0.449
979.101,161.717,-0.0153,-0.0217,0.3473,52.13,0.13,0.0,0.0343,0.449
979.203,161.853,-0.0153,-0.0217,0.3473,52.13,0.13,0.0,0.0291,0.449
979.301,161.956,-0.0153,-0.0217,0.3473,52.13,0.13,0.0,0.023,0.449
979.404,162.064,-0.0153,-0.0217,0.3473,52.13,0.13,0.0,0.0196,0.449
979.504,162.18,-0.0153,-0.0217,0.3473,52.14,0.13,0.0,0.0078,0.449
979.601,162.284,-0.0153,-0.0217,0.3473,52.14,0.13,0.0,-0.0017,0.449
979.701,162.393,-0.0153,-0.0217,0.3473,52.14,0.13,0.0,-0.0036,0.449
979.801,162.499,-0.0153,-0.0217,0.3473,52.14,0.13,0.0,-0.0044,0.449
979.904,162.714,-0.0153,-0.0217,0.3473,52.14,0.13,0.0,0.0093,0.449
980.002,162.888,-0.0153,-0.0217,0.3473,52.14,0.13,0.0,0.0096,0.449
980.103,163.088,-0.0153,-0.0217,0.3473,52.14,0.13,0.0,0.0214,0.449
980.204,163.258,-0.0153,-0.0217,0.3473,52.14,0.13,0.0,0.0262,0.449
980.304,163.4,-0.0153,-0.0217,0.3473,52.14,0.13,0.0,0.0211,0.449
980.403,163.537,-0.0153,-0.0217,0.3473,52.14,0.13,0.0,0.0036,0.449
980.501,163.638,-0.0153,-0.0217,0.3473,52.14,0.13,0.0,0.0026,0.449
980.601,163.75,-0.0153,-0.0217,0.3473,52.14,0.13,0.0,0.0038,0.449
980.704,163.86,-0.0153,-0.0217,0.3473,52.14,0.13,0.0,0.0069,0.449
980.801,163.964,-0.0153,-0.0217,0.3473,52.14,0.13,0.0,0.0052,0.449
980.901,164.107,-0.0153,-0.0217,0.3473,52.14,0.13,0.0,-0.0006,0.449
981.001,164.211,-0.0153,-0.0217,0.3473,52.14,0.13,0.0,0.0032,0.449
981.101,164.322,-0.0153,-0.0217,0.3473,52.14,0.13,0.0,0.0032,0.449
981.201,164.433,-0.0153,-0.0217,0.3473,52.14,0.13,0.0,0.0102,0.449
981.301,164.543,-0.0153,-0.0217,0.3473,52.14,0.13,0.0,0.0157,0.449
981.404,164.688,-0.0153,-0.0217,0.3473,52.14,0.13,0.0,0.0139,0.449
981.502,165.019,-0.0153,-0.0217,0.3473,52.14,0.13,0.0,0.0159,0.449
981.603,165.225,-0.0153,-0.0217,0.3473,52.14,0.13,0.0,0.0105,0.449
981.703,165.357,-0.0153,-0.0217,0.3473,52.14,0.13,0.0,0.0219,0.449
981.803,165.517,-0.0153,-0.0217,0.3473,52.14,0.13,0.0,0.0173,0.449
981.902,165.618,-0.0153,-0.0217,0.3473,52.14,0.13,0.0,0.0173,0.449
982.001,165.722,-0.0153,-0.0217,0.3473,52.14,0.13,0.0,0.0142,0.449
982.101,165.832,-0.0153,-0.0217,0.3473,52.14,0.13,0.0,0.0056,0.449
982.201,165.938,-0.0153,-0.0217,0.3473,52.14,0.13,0.0,0.0177,0.449
982.301,166.045,-0.0153,-0.0217,0.3473,52.14,0.13,0.0,0.0201,0.449
982.401,166.159,-0.0153,-0.0217,0.3473,52.14,0.13,0.0,0.0208,0.449
982.501,166.269,-0.0153,-0.0217,0.3473,52.14,0.13,0.0,0.0314,0.449
982.601,166.385,-0.0153,-0.0217,0.3473,52.14,0.13,0.0,0.0289,0.449
982.703,166.688,-0.0153,-0.0217,0.3473,52.14,0.13,0.0,0.0131,0.449
982.803,166.923,-0.0153,-0.0217,0.3473,52.14,0.13,0.0,0.0145,0.449
982.903,167.134,-0.0153,-0.0217,0.3473,52.14,0.13,0.0,0.0124,0.449
983.003,167.301,-0.0153,-0.0217,0.3473,52.14,0.13,0.0,0.0173,0.449
983.103,167.433,-0.0153,-0.0217,0.3473,52.14,0.13,0.0,0.0155,0.449
983.207,167.558,-0.0153,-0.0217,0.3473,52.14,0.13,0.0,0.0078,0.449
983.304,167.676,-0.0153,-0.0217,0.3473,52.14,0.13,0.0,-0.0042,0.449
983.401,167.776,-0.0153,-0.0217,0.3473,52.14,0.13,0.0,-0.0043,0.449
983.502,167.88,-0.0153,-0.0217,0.3473,52.14,0.13,0.0,-0.0043,0.449
983.601,167.989,-0.0153,-0.0217,0.3473,52.14,0.13,0.0,0.0141,0.449
983.701,168.098,-0.0153,-0.0217,0.3473,52.14,0.13,0.0,0.0186,0.449
983.801,168.208,-0.0153,-0.0217,0.3473,52.14,0.13,0.0,0.017,0.449
983.903,168.462,-0.0153,-0.0217,0.3473,52.14,0.13,0.0,0.0177,0.449
984.003,168.653,-0.0153,-0.0217,0.3473,52.14,0.13,0.0,0.0112,0.449
984.102,168.796,-0.0153,-0.0217,0.3473,52.14,0.13,0.0,0.0064,0.449
984.204,168.941,-0.0153,-0.0217,0.3473,52.14,0.13,0.0,0.0137,0.449
984.301,169.044,-0.0153,-0.0217,0.3473,52.14,0.13,0.0,0.0151,0.449
984.401,169.152,-0.0153,-0.0217,0.3473,52.14,0.13,0.0,0.0182,0.449
984.502,169.298,-0.0153,-0.0217,0.3473,52.14,0.13,0.0,0.0218,0.449
984.602,169.402,-0.0153,-0.0217,0.3473,52.14,0.13,0.0,0.0074,0.449
984.701,169.51,-0.0153,-0.0217,0.3473,52.14,0.13,0.0,0.0074,0.449
984.802,169.619,-0.0153,-0.0217,0.3473,52.14,0.13,0.0,0.0041,0.449
984.901,169.728,-0.0153,-0.0217,0.3473,52.14,0.13,0.0,0.0111,0.449
985.004,169.864,-0.0153,-0.0217,0.3473,52.14,0.13,0.0,0.0251,0.449
985.103,170.136,-0.0153,-0.0217,0.3473,52.14,0.13,0.0,0.0185,0.449
985.204,170.333,-0.0153,-0.0217,0.3473,52.14,0.13,0.0,0.0052,0.449
985.304,170.471,-0.0153,-0.0217,0.3473,52.14,0.13,0.0,0.0074,0.449
985.401,170.572,-0.0153,-0.0217,0.3473,52.14,0.13,0.0,0.0074,0.449
985.501,170.676,-0.0153,-0.0217,0.3473,52.14,0.13,0.0,0.0063,0.449
985.602,170.784,-0.0153,-0.0217,0.3473,52.14,0.13,0.0,0.0027,0.449
985.701,170.894,-0.0153,-0.0217,0.3473,52.14,0.13,0.0,0.0007,0.449
985.801,171.008,-0.0153,-0.0217,0.3473,52.14,0.13,0.0,0.009,0.449
985.901,171.125,-0.0153,-0.0217,0.3474,52.14,0.13,0.0,0.0129,0.449
986.001,171.237,-0.0153,-0.0217,0.3474,52.15,0.13,0.0,0.0041,0.449
986.103,171.515,-0.0153,-0.0217,0.3474,52.14,0.13,0.0,-0.0197,0.449
986.204,171.667,-0.0153,-0.0217,0.3474,52.14,0.13,0.0,-0.0032,0.449
986.303,171.8,-0.0153,-0.0217,0.3474,52.15,0.13,0.0,-0.0032,0.449
986.403,171.915,-0.0153,-0.0217,0.3475,52.13,0.13,0.0,0.0003,0.449
986.503,172.034,-0.0153,-0.0217,0.3475,52.16,0.13,0.0,-0.0083,0.449
986.601,172.145,-0.0153,-0.0217,0.3475,52.15,0.13,0.0,0.0002,0.449
986.701,172.257,-0.0153,-0.0217,0.3475,52.15,0.13,0.0,0.0038,0.449
986.801,172.365,-0.0153,-0.0217,0.3475,52.15,0.13,0.0,0.0005,0.449
986.901,172.479,-0.0153,-0.0217,0.3475,52.14,0.13,0.0,0.0059,0.449
987.005,172.738,-0.0153,-0.0217,0.3475,52.14,0.13,0.0,0.0064,0.449
987.103,172.954,-0.0153,-0.0217,0.3475,52.14,0.13,0.0,0.0172,0.449
987.202,173.087,-0.0154,-0.0217,0.3475,52.14,0.13,0.0,0.0132,0.449
987.303,173.235,-0.0154,-0.0217,0.3475,52.14,0.13,0.0,0.0138,0.449
987.404,173.343,-0.0154,-0.0217,0.3476,52.13,0.13,0.0,0.0174,0.449
987.501,173.446,-0.0154,-0.0217,0.3476,52.14,0.13,0.0,0.0113,0.449
987.601,173.559,-0.0154,-0.0217,0.3476,52.14,0.13,0.0,-0.0011,0.449
987.703,173.694,-0.0154,-0.0217,0.3476,52.14,0.13,0.0,-0.0052,0.449
987.801,173.801,-0.0154,-0.0217,0.3476,52.14,0.13,0.0,-0.0038,0.449
987.901,173.912,-0.0154,-0.0217,0.3476,52.14,0.13,0.0,-0.0076,0.449
988.001,174.022,-0.0154,-0.0217,0.3476,52.14,0.13,0.0,-0.0018,0.449
988.101,174.131,-0.0154,-0.0217,0.3476,52.14,0.13,0.0,-0.0018,0.449
988.201,174.241,-0.0154,-0.0217,0.3476,52.14,0.13,0.0,0.0041,0.449
988.301,174.355,-0.0154,-0.0217,0.3476,52.14,0.13,0.0,0.0219,0.449
988.401,174.469,-0.0154,-0.0217,0.3476,52.14,0.13,0.0,0.0229,0.449
988.503,174.585,-0.0154,-0.0217,0.3476,52.14,0.13,0.0,0.0118,0.449
988.601,174.696,-0.0154,-0.0217,0.3476,52.14,0.13,0.0,0.0063,0.449
988.702,174.807,-0.0154,-0.0217,0.3476,52.14,0.13,0.0,0.0013,0.449
988.803,174.926,-0.0154,-0.0217,0.3476,52.14,0.13,0.0,0.0052,0.449
988.901,175.036,-0.0154,-0.0217,0.3476,52.14,0.13,0.0,0.0052,0.449
989.004,175.15,-0.0154,-0.0217,0.3476,52.14,0.13,0.0,0.0187,0.449
989.101,175.258,-0.0154,-0.0217,0.3476,52.14,0.13,0.0,0.0196,0.449
989.201,175.373,-0.0154,-0.0217,0.3476,52.14,0.13,0.0,0.0131,0.449
989.301,175.492,-0.0154,-0.0217,0.3476,52.14,0.13,0.0,0.0168,0.449
989.401,175.609,-0.0154,-0.0217,0.3476,52.14,0.13,0.0,0.0172,0.449
989.504,175.774,-0.0154,-0.0217,0.3476,52.14,0.13,0.0,-0.0054,0.449
989.603,175.922,-0.0154,-0.0217,0.3476,52.14,0.13,0.0,0.0041,0.449
989.703,176.118,-0.0154,-0.0217,0.3476,52.14,0.13,0.0,0.0244,0.449
989.803,176.25,-0.0154,-0.0217,0.3476,52.14,0.13,0.0,0.0278,0.449
989.903,176.365,-0.0154,-0.0217,0.3476,52.14,0.13,0.0,0.0296,0.449
990.004,176.484,-0.0154,-0.0217,0.3476,52.14,0.13,0.0,0.0249,0.449
990.103,176.591,-0.0154,-0.0217,0.3476,52.14,0.13,0.0,0.0281,0.449
990.203,176.878,-0.0154,-0.0217,0.3476,52.14,0.13,0.0,0.0275,0.449
990.303,177.168,-0.0154,-0.0217,0.3476,52.14,0.13,0.0,0.0146,0.449
990.404,177.306,-0.0154,-0.0217,0.3476,52.14,0.13,0.0,0.0146,0.449
990.504,177.427,-0.0154,-0.0217,0.3476,52.14,0.13,0.0,0.0108,0.449
990.601,177.535,-0.0154,-0.0217,0.3476,52.14,0.13,0.0,0.0062,0.449
990.701,177.641,-0.0154,-0.0217,0.3476,52.14,0.13,0.0,0.0132,0.449
990.801,177.744,-0.0154,-0.0217,0.3476,52.14,0.13,0.0,0.0098,0.449
990.904,177.881,-0.0154,-0.0217,0.3476,52.14,0.13,0.0,0.0129,0.449
991.003,178.105,-0.0154,-0.0217,0.3476,52.14,0.13,0.0,0.0173,0.449
991.104,178.251,-0.0154,-0.0217,0.3476,52.14,0.13,0.0,0.0127,0.449
991.203,178.377,-0.0154,-0.0217,0.3476,52.14,0.13,0.0,0.0183,0.449
991.301,178.482,-0.0154,-0.0217,0.3476,52.14,0.13,0.0,0.0089,0.449
991.401,178.591,-0.0154,-0.0217,0.3476,52.14,0.13,0.0,0.0072,0.449
991.501,178.696,-0.0154,-0.0217,0.3476,52.14,0.13,0.0,0.0063,0.449
991.601,178.806,-0.0154,-0.0217,0.3476,52.14,0.13,0.0,0.0061,0.449
991.703,178.953,-0.0154,-0.0217,0.3476,52.14,0.13,0.0,0.0187,0.449
991.801,179.057,-0.0154,-0.0217,0.3476,52.14,0.13,0.0,0.0218,0.449
991.903,179.21,-0.0154,-0.0217,0.3476,52.14,0.13,0.0,0.0078,0.449
992.002,179.336,-0.0154,-0.0217,0.3476,52.14,0.13,0.0,0.0078,0.449
992.101,179.449,-0.0154,-0.0217,0.3476,52.14,0.13,0.0,0.0004,0.449
992.201,179.56,-0.0154,-0.0217,0.3476,52.14,0.13,0.0,0.0061,0.449
992.301,179.666,-0.0154,-0.0217,0.3476,52.14,0.13,0.0,0.0054,0.449
992.401,179.775,-0.0154,-0.0217,0.3476,52.14,0.13,0.0,0.0071,0.449
992.503,180.135,-0.0154,-0.0217,0.3476,52.14,0.13,0.0,0.0125,0.449
992.603,180.308,-0.0154,-0.0217,0.3476,52.14,0.13,0.0,-0.0024,0.449
992.704,180.415,-0.0154,-0.0217,0.3476,52.14,0.13,0.0,-0.0024,0.449
992.801,180.519,-0.0154,-0.0217,0.3476,52.14,0.13,0.0,0.0048,0.449
992.901,180.625,-0.0154,-0.0217,0.3476,52.14,0.13,0.0,0.0048,0.449
993.004,180.732,-0.0154,-0.0217,0.3476,52.14,0.13,0.0,0.0022,0.449
993.101,180.839,-0.0154,-0.0217,0.3476,52.14,0.13,0.0,0.0038,0.449
993.203,181.14,-0.0154,-0.0217,0.3476,52.14,0.13,0.0,0.0178,0.449
993.305,181.373,-0.0154,-0.0217,0.3476,52.14,0.13,0.0,0.0085,0.449
993.403,181.521,-0.0154,-0.0217,0.3476,52.14,0.13,0.0,0.0132,0.449
993.503,181.649,-0.0154,-0.0217,0.3476,52.14,0.13,0.0,0.0102,0.449
993.601,181.751,-0.0154,-0.0217,0.3476,52.14,0.13,0.0,0.0141,0.449
993.701,181.855,-0.0154,-0.0217,0.3476,52.14,0.13,0.0,0.0112,0.449
993.802,181.962,-0.0154,-0.0217,0.3476,52.14,0.13,0.0,0.0192,0.449
993.901,182.07,-0.0154,-0.0217,0.3476,52.14,0.13,0.0,0.0248,0.449
994.001,182.175,-0.0154,-0.0217,0.3476,52.14,0.13,0.0,0.0279,0.449
994.102,182.309,-0.0154,-0.0217,0.3476,52.14,0.13,0.0,0.0105,0.449
994.203,182.556,-0.0154,-0.0217,0.3476,52.14,0.13,0.0,0.0033,0.449
994.304,182.791,-0.0154,-0.0217,0.3476,52.14,0.13,0.0,-0.0043,0.449
994.402,183.02,-0.0154,-0.0217,0.3476,52.14,0.13,0.0,-0.0047,0.449
994.504,183.149,-0.0154,-0.0217,0.3476,52.14,0.13,0.0,-0.0041,0.449
994.601,183.251,-0.0154,-0.0217,0.3476,52.14,0.13,0.0,-0.0014,0.449
994.701,183.356,-0.0154,-0.0217,0.3476,52.14,0.13,0.0,0.0092,0.449
994.801,183.46,-0.0154,-0.0217,0.3476,52.14,0.13,0.0,0.0157,0.449
994.901,183.566,-0.0154,-0.0217,0.3476,52.14,0.13,0.0,0.0137,0.449
995.001,183.675,-0.0154,-0.0217,0.3476,52.14,0.13,0.0,0.0132,0.449
995.101,183.781,-0.0154,-0.0217,0.3476,52.14,0.13,0.0,0.0105,0.449
995.202,183.982,-0.0154,-0.0217,0.3476,52.14,0.13,0.0,0.0274,0.449
995.303,184.187,-0.0154,-0.0217,0.3476,52.14,0.13,0.0,0.0128,0.449
995.404,184.342,-0.0154,-0.0217,0.3476,52.14,0.13,0.0,0.0176,0.449
995.501,184.443,-0.0154,-0.0217,0.3476,52.14,0.13,0.0,0.0217,0.449
995.601,184.552,-0.0154,-0.0217,0.3476,52.14,0.13,0.0,0.0236,0.449
995.701,184.659,-0.0154,-0.0217,0.3476,52.14,0.13,0.0,0.0262,0.449
995.801,184.767,-0.0154,-0.0217,0.3476,52.14,0.13,0.0,0.0311,0.449
995.901,184.875,-0.0154,-0.0217,0.3476,52.14,0.13,0.0,0.041,0.449
996.004,185.084,-0.0154,-0.0217,0.3476,52.14,0.13,0.0,0.0143,0.449
996.108,185.261,-0.0154,-0.0217,0.3476,52.14,0.13,0.0,0.0087,0.449
996.203,185.432,-0.0154,-0.0217,0.3476,52.14,0.13,0.0,0.0041,0.449
996.303,185.558,-0.0154,-0.0217,0.3476,52.14,0.13,0.0,0.0066,0.449
996.401,185.663,-0.0154,-0.0217,0.3476,52.14,0.13,0.0,-0.0022,0.449
996.501,185.77,-0.0154,-0.0217,0.3476,52.14,0.13,0.0,0.0069,0.449
996.601,185.88,-0.0154,-0.0217,0.3476,52.14,0.13,0.0,0.0087,0.449
996.703,185.999,-0.0154,-0.0217,0.3476,52.14,0.13,0.0,0.0169,0.449
996.804,186.107,-0.0154,-0.0217,0.3476,52.14,0.13,0.0,0.0267,0.449
996.901,186.212,-0.0154,-0.0217,0.3476,52.14,0.13,0.0,0.0147,0.449
997.004,186.334,-0.0154,-0.0217,0.3476,52.14,0.13,0.0,0.0099,0.449
997.104,186.65,-0.0154,-0.0217,0.3476,52.14,0.13,0.0,0.0222,0.449
997.204,186.833,-0.0154,-0.0217,0.3476,52.14,0.13,0.0,0.0093,0.449
997.303,186.951,-0.0154,-0.0217,0.3476,52.14,0.13,0.0,0.0024,0.449
997.402,187.124,-0.0154,-0.0217,0.3476,52.14,0.13,0.0,0.0094,0.449
997.503,187.23,-0.0154,-0.0217,0.3476,52.14,0.13,0.0,0.0094,0.449
997.603,187.354,-0.0154,-0.0217,0.3476,52.14,0.13,0.0,0.0111,0.449
997.703,187.466,-0.0154,-0.0217,0.3476,52.14,0.13,0.0,0.0023,0.449
997.802,187.605,-0.0154,-0.0217,0.3476,52.14,0.13,0.0,0.0064,0.449
997.903,187.729,-0.0154,-0.0217,0.3476,52.14,0.13,0.0,0.0088,0.449
998.001,187.834,-0.0154,-0.0217,0.3476,52.14,0.13,0.0,0.0132,0.449
998.101,187.941,-0.0154,-0.0217,0.3476,52.14,0.13,0.0,0.0038,0.449
998.201,188.052,-0.0154,-0.0217,0.3476,52.14,0.13,0.0,-0.0038,0.449
998.301,188.162,-0.0154,-0.0217,0.3476,52.14,0.13,0.0,-0.0098,0.449
998.401,188.267,-0.0154,-0.0217,0.3476,52.14,0.13,0.0,-0.0088,0.449
998.503,188.55,-0.0154,-0.0217,0.3476,52.14,0.13,0.0,-0.0012,0.449
998.603,188.719,-0.0154,-0.0217,0.3476,52.14,0.13,0.0,0.0167,0.449
998.701,188.821,-0.0154,-0.0217,0.3476,52.14,0.13,0.0,0.0167,0.449
998.801,188.93,-0.0154,-0.0217,0.3476,52.14,0.13,0.0,0.0177,0.449
998.904,189.048,-0.0154,-0.0217,0.3476,52.14,0.13,0.0,0.0263,0.449
999.004,189.218,-0.0154,-0.0217,0.3476,52.14,0.13,0.0,0.0131,0.449
999.103,189.373,-0.0154,-0.0217,0.3476,52.14,0.13,0.0,0.0213,0.449
999.203,189.554,-0.0154,-0.0217,0.3476,52.14,0.13,0.0,0.0211,0.449
999.303,189.679,-0.0154,-0.0217,0.3476,52.14,0.13,0.0,0.0163,0.449
999.402,189.818,-0.0154,-0.0217,0.3476,52.14,0.13,0.0,0.0124,0.449
999.504,189.925,-0.0154,-0.0217,0.3476,52.14,0.13,0.0,0.016,0.449
999.604,190.037,-0.0154,-0.0217,0.3476,52.14,0.13,0.0,0.016,0.449
999.701,190.141,-0.0154,-0.0217,0.3476,52.14,0.13,0.0,0.0377,0.449
999.801,190.249,-0.0154,-0.0217,0.3476,52.14,0.13,0.0,0.0377,0.449
999.901,190.359,-0.0154,-0.0217,0.3476,52.14,0.13,0.0,0.0387,0.449
1000.003,190.522,-0.0154,-0.0217,0.3476,52.14,0.13,0.0,0.0179,0.449
1000.102,190.704,-0.0154,-0.0217,0.3476,52.14,0.13,0.0,0.021,0.449
1000.204,190.975,-0.0154,-0.0217,0.3476,52.14,0.13,0.0,0.0281,0.449
1000.303,191.139,-0.0154,-0.0217,0.3476,52.14,0.13,0.0,0.0254,0.449
1000.403,191.284,-0.0154,-0.0217,0.3476,52.14,0.13,0.0,0.02,0.449
1000.502,191.385,-0.0154,-0.0217,0.3476,52.14,0.13,0.0,0.02,0.449
1000.601,191.49,-0.0154,-0.0217,0.3476,52.14,0.13,0.0,0.039,0.449
1000.701,191.598,-0.0154,-0.0217,0.3476,52.14,0.13,0.0,0.0391,0.449
1000.804,191.774,-0.0154,-0.0217,0.3476,52.14,0.13,0.0,0.0232,0.449
1000.903,191.988,-0.0154,-0.0217,0.3476,52.14,0.13,0.0,0.0278,0.449
1001.002,192.136,-0.0154,-0.0217,0.3476,52.14,0.13,0.0,0.0229,0.449
1001.104,192.262,-0.0154,-0.0217,0.3476,52.14,0.13,0.0,0.0167,0.449
1001.201,192.364,-0.0154,-0.0217,0.3476,52.14,0.13,0.0,0.0078,0.449
1001.301,192.468,-0.0154,-0.0217,0.3476,52.14,0.13,0.0,0.0011,0.449
1001.402,192.598,-0.0154,-0.0217,0.3476,52.14,0.13,0.0,0.0192,0.449
1001.503,192.773,-0.0154,-0.0217,0.3476,52.14,0.13,0.0,-0.0003,0.449
1001.603,192.99,-0.0154,-0.0217,0.3476,52.14,0.13,0.0,0.0074,0.449
1001.703,193.183,-0.0154,-0.0217,0.3476,52.14,0.13,0.0,0.0062,0.449
1001.803,193.351,-0.0154,-0.0217,0.3476,52.14,0.13,0.0,0.0058,0.449
1001.901,193.453,-0.0154,-0.0217,0.3476,52.14,0.13,0.0,0.0027,0.449
1002.001,193.563,-0.0154,-0.0217,0.3476,52.14,0.13,0.0,-0.0031,0.449
1002.101,193.668,-0.0154,-0.0217,0.3476,52.14,0.13,0.0,-0.0053,0.449
1002.203,193.865,-0.0154,-0.0217,0.3476,52.14,0.13,0.0,0.0155,0.449
1002.302,194.106,-0.0154,-0.0217,0.3476,52.14,0.13,0.0,0.0324,0.449
1002.404,194.322,-0.0154,-0.0217,0.3476,52.14,0.13,0.0,0.0242,0.449
1002.501,194.421,-0.0154,-0.0217,0.3476,52.14,0.13,0.0,0.0229,0.449
1002.603,194.524,-0.0154,-0.0217,0.3476,52.14,0.13,0.0,0.0229,0.449
1002.701,194.626,-0.0154,-0.0217,0.3476,52.14,0.13,0.0,0.0157,0.449
1002.801,194.73,-0.0154,-0.0217,0.3476,52.14,0.13,0.0,0.0199,0.449
1002.901,194.836,-0.0154,-0.0217,0.3476,52.14,0.13,0.0,0.0136,0.449
1003.003,195.004,-0.0154,-0.0217,0.3476,52.14,0.13,0.0,0.0099,0.449
1003.103,195.267,-0.0154,-0.0217,0.3476,52.14,0.13,0.0,0.012,0.449
1003.203,195.388,-0.0154,-0.0217,0.3476,52.14,0.13,0.0,0.012,0.449
1003.303,195.5,-0.0154,-0.0217,0.3476,52.14,0.13,0.001,0.0072,0.449
1003.401,195.6,-0.0154,-0.0217,0.3476,52.14,0.13,0.0002,0.0073,0.449
1003.503,195.74,-0.0154,-0.0217,0.3476,52.14,0.13,0.0,0.0128,0.449
1003.604,195.97,-0.0154,-0.0217,0.3476,52.14,0.13,0.0,0.0058,0.449
1003.703,196.169,-0.0154,-0.0217,0.3476,52.14,0.13,0.0,0.0201,0.449
1003.807,196.277,-0.0154,-0.0217,0.3476,52.14,0.13,0.0,0.0201,0.449
1003.905,196.408,-0.0154,-0.0217,0.3476,52.14,0.13,0.0,0.0202,0.449
1004.001,196.51,-0.0154,-0.0217,0.3476,52.14,0.13,0.0,0.0128,0.449
1004.101,196.612,-0.0154,-0.0217,0.3476,52.14,0.13,0.0,0.0023,0.449
1004.201,196.719,-0.0154,-0.0217,0.3476,52.14,0.13,0.0,0.0092,0.449
1004.304,196.865,-0.0154,-0.0217,0.3476,52.14,0.13,0.0,0.0086,0.449
1004.403,197.091,-0.0154,-0.0217,0.3476,52.14,0.13,0.0,0.0228,0.449
1004.503,197.282,-0.0154,-0.0217,0.3476,52.14,0.13,0.0,0.0119,0.449
1004.603,197.425,-0.0154,-0.0217,0.3476,52.14,0.13,0.0,0.0135,0.449
1004.701,197.528,-0.0154,-0.0217,0.3476,52.14,0.13,0.0,0.0135,0.449
1004.801,197.632,-0.0154,-0.0217,0.3476,52.14,0.13,0.0,0.0043,0.449
1004.901,197.738,-0.0154,-0.0217,0.3476,52.14,0.13,0.0,0.017,0.449
1005.003,197.903,-0.0154,-0.0217,0.3476,52.14,0.13,0.0,0.0174,0.449
1005.103,198.235,-0.0154,-0.0217,0.3476,52.14,0.13,0.0,0.0162,0.449
1005.204,198.351,-0.0154,-0.0217,0.3476,52.14,0.13,0.0,0.0087,0.449
1005.301,198.452,-0.0154,-0.0217,0.3476,52.14,0.13,0.0,0.0149,0.449
1005.403,198.587,-0.0154,-0.0217,0.3476,52.14,0.13,0.0,0.0265,0.449
1005.505,198.694,-0.0154,-0.0217,0.3476,52.14,0.13,0.0,0.0197,0.449
1005.601,198.796,-0.0154,-0.0217,0.3476,52.14,0.13,0.0,0.0253,0.449
1005.701,198.906,-0.0154,-0.0217,0.3476,52.14,0.13,0.0,0.0212,0.449
1005.801,199.01,-0.0154,-0.0217,0.3476,52.14,0.13,0.0,0.014,0.449
1005.903,199.221,-0.0154,-0.0217,0.3476,52.14,0.13,0.0,0.0099,0.449
1006.003,199.419,-0.0154,-0.0217,0.3476,52.14,0.13,0.0,0.0125,0.449
1006.101,199.535,-0.0154,-0.0217,0.3476,52.13,0.13,0.001,0.0118,0.449
1006.201,199.64,-0.0154,-0.0217,0.3476,52.13,0.13,0.001,0.0118,0.449
1006.301,199.748,-0.0154,-0.0217,0.3476,52.13,0.13,0.0001,0.0035,0.449
1006.404,199.927,-0.0154,-0.0217,0.3476,52.12,0.13,0.0,-0.0047,0.449
1006.504,200.102,-0.0154,-0.0217,0.3476,52.11,0.13,0.0,0.0007,0.449
1006.609,200.229,-0.0154,-0.0217,0.3477,52.12,0.13,0.0,-0.0002,0.449
1006.701,200.332,-0.0154,-0.0217,0.3477,52.12,0.13,0.0,-0.0002,0.449
1006.801,200.438,-0.0154,-0.0217,0.3477,52.13,0.13,0.0,0.0021,0.449
1006.903,200.59,-0.0154,-0.0217,0.3477,52.13,0.13,0.0,0.0112,0.449
1007.004,200.873,-0.0154,-0.0217,0.3477,52.13,0.13,0.0,0.0144,0.449
1007.101,201.11,-0.0154,-0.0217,0.3477,52.13,0.13,0.0,0.0151,0.449
1007.203,201.248,-0.0154,-0.0217,0.3477,52.14,0.13,0.0,0.0179,0.449
1007.301,201.35,-0.0154,-0.0217,0.3477,52.12,0.13,0.0,0.017,0.449
1007.401,201.455,-0.0154,-0.0217,0.3478,52.13,0.13,0.0,0.0209,0.449
1007.501,201.561,-0.0154,-0.0217,0.3478,52.14,0.13,0.0,0.0133,0.449
1007.603,201.77,-0.0154,-0.0217,0.3479,52.12,0.13,0.0,-0.0071,0.449
1007.701,202.085,-0.0154,-0.0217,0.348,52.11,0.13,0.0,0.0118,0.449
1007.803,202.275,-0.0154,-0.0217,0.348,52.14,0.13,0.0,0.0208,0.449
1007.901,202.378,-0.0154,-0.0217,0.3481,52.14,0.13,0.0,0.0208,0.449
1008.001,202.481,-0.0154,-0.0217,0.3481,52.13,0.13,0.0,0.021,0.449
1008.101,202.584,-0.0154,-0.0217,0.3481,52.13,0.13,0.0,0.0123,0.449
1008.201,202.687,-0.0154,-0.0217,0.3481,52.14,0.13,0.0,0.0167,0.449
1008.303,202.926,-0.0154,-0.0217,0.3481,52.15,0.13,0.0,0.0111,0.449
1008.401,203.022,-0.0154,-0.0217,0.3482,52.16,0.13,0.0,0.0111,0.449
1008.501,203.123,-0.0154,-0.0217,0.3482,52.15,0.13,0.0,0.0194,0.449
1008.601,203.223,-0.0154,-0.0217,0.3482,52.15,0.13,0.0,0.0188,0.449
1008.701,203.323,-0.0154,-0.0217,0.3482,52.15,0.13,0.0,0.008,0.449
1008.801,203.422,-0.0154,-0.0217,0.3482,52.15,0.13,0.0,-0.0042,0.449
1008.901,203.522,-0.0154,-0.0217,0.3482,52.15,0.13,0.0,-0.0042,0.449
1009.001,203.623,-0.0154,-0.0217,0.3482,52.15,0.13,0.0,-0.0028,0.449
1009.101,203.722,-0.0154,-0.0217,0.3482,52.15,0.13,0.0,0.0039,0.449
1009.201,203.823,-0.0154,-0.0217,0.3482,52.15,0.13,0.0,0.0045,0.449
1009.301,203.924,-0.0154,-0.0217,0.3482,52.15,0.13,0.0,0.0129,0.449
1009.401,204.024,-0.0154,-0.0217,0.3482,52.15,0.13,0.0,0.0129,0.449
1009.501,204.124,-0.0154,-0.0217,0.3482,52.15,0.13,0.0,0.0277,0.449
1009.601,204.223,-0.0154,-0.0217,0.3482,52.15,0.13,0.0,0.0202,0.449
1009.701,204.325,-0.0154,-0.0217,0.3482,52.15,0.13,0.0,0.0185,0.449
1009.801,204.425,-0.0154,-0.0217,0.3482,52.15,0.13,0.0,0.0185,0.449
1009.901,204.525,-0.0154,-0.0217,0.3482,52.15,0.13,0.0,0.0204,0.449
1010.001,204.627,-0.0154,-0.0217,0.3482,52.15,0.13,0.0,0.0204,0.449
1010.101,204.727,-0.0154,-0.0217,0.3482,52.15,0.13,0.0,0.0257,0.449
1010.201,204.827,-0.0154,-0.0217,0.3482,52.15,0.13,0.0,0.0087,0.449
1010.301,204.927,-0.0154,-0.0217,0.3482,52.15,0.13,0.0,0.0069,0.449
1010.401,205.027,-0.0154,-0.0217,0.3482,52.15,0.13,0.0,0.0069,0.449
1010.501,205.127,-0.0154,-0.0217,0.3482,52.15,0.13,0.0,0.0026,0.449
1010.601,205.227,-0.0154,-0.0217,0.3482,52.15,0.13,0.0,0.0044,0.449
1010.701,205.327,-0.0154,-0.0217,0.3482,52.15,0.13,0.0,0.0208,0.449
1010.801,205.427,-0.0154,-0.0217,0.3482,52.15,0.13,0.0,0.0208,0.449
1010.901,205.527,-0.0154,-0.0217,0.3482,52.15,0.13,0.0,0.0154,0.449
1011.001,205.627,-0.0154,-0.0217,0.3482,52.15,0.13,0.0,0.0136,0.449
1011.101,205.727,-0.0154,-0.0217,0.3482,52.15,0.13,0.0,0.0232,0.449
1011.201,205.827,-0.0154,-0.0217,0.3482,52.15,0.13,0.0,0.0176,0.449
1011.301,205.927,-0.0154,-0.0217,0.3482,52.15,0.13,0.0,0.0176,0.449
1011.401,206.027,-0.0154,-0.0217,0.3482,52.15,0.13,0.0,0.0175,0.449
1011.501,206.127,-0.0154,-0.0217,0.3482,52.15,0.13,0.0,0.0145,0.449
1011.601,206.227,-0.0154,-0.0217,0.3482,52.15,0.13,0.0,0.0194,0.449
1011.701,206.327,-0.0154,-0.0217,0.3482,52.15,0.13,0.0,0.0105,0.449
1011.801,206.427,-0.0154,-0.0217,0.3482,52.15,0.13,0.0,0.0152,0.449
1011.901,206.527,-0.0154,-0.0217,0.3482,52.15,0.13,0.0,0.0242,0.449
1012.001,206.627,-0.0154,-0.0217,0.3482,52.15,0.13,0.0,0.0271,0.449
1012.101,206.727,-0.0154,-0.0217,0.3482,52.15,0.13,0.0,0.0209,0.449
1012.201,206.827,-0.0154,-0.0217,0.3482,52.15,0.13,0.0,0.0525,0.449
1012.301,206.929,-0.0154,-0.0217,0.3482,52.24,0.13,0.0,0.12,0.449
1012.401,207.028,-0.0154,-0.0212,0.3483,52.95,0.12,0.0,0.12,0.449
1012.501,207.129,-0.0161,-0.0216,0.3503,53.67,0.13,0.0,0.12,0.448
1012.601,207.229,-0.0159,-0.0211,0.3488,54.08,0.07,0.0,0.12,0.449
1012.701,207.329,-0.0158,-0.0221,0.3501,54.57,0.09,0.0,0.12,0.448
1012.801,207.428,-0.0151,-0.023,0.3498,55.28,0.02,0.0,0.12,0.448
1012.901,207.529,-0.0156,-0.0236,0.3519,56.12,0.14,0.0,0.12,0.448
1013.001,207.629,-0.0167,-0.0238,0.351,56.67,0.07,0.0,0.12,0.448
1013.101,207.73,-0.017,-0.024,0.35,57.12,0.1,0.0,0.12,0.448
1013.201,207.83,-0.0167,-0.0252,0.3506,57.71,0.09,0.0,0.12,0.448
1013.301,207.93,-0.0164,-0.0252,0.351,58.53,0.11,0.0,0.12,0.448
1013.401,208.03,-0.0171,-0.0259,0.3527,59.26,0.13,0.0,0.12,0.449
1013.501,208.13,-0.0175,-0.0255,0.3507,59.61,0.08,0.0,0.12,0.448
1013.601,208.23,-0.0175,-0.0265,0.3512,60.22,0.07,0.0,0.12,0.448
1013.701,208.33,-0.0168,-0.0274,0.3505,60.85,0.03,0.0,0.12,0.448
1013.801,208.43,-0.0172,-0.0283,0.3523,61.62,0.14,0.0,0.12,0.448
1013.901,208.53,-0.0182,-0.029,0.3517,62.2,0.08,0.0,0.12,0.448
1014.001,208.63,-0.0181,-0.0297,0.3509,62.59,0.09,0.0,0.12,0.448
1014.101,208.73,-0.0172,-0.0315,0.3514,63.14,0.13,0.0,0.12,0.448
1014.201,208.83,-0.0167,-0.0315,0.3515,63.95,0.1,0.0,0.12,0.448
1014.301,208.93,-0.0172,-0.0316,0.3531,64.66,0.14,0.0,0.12,0.448
1014.401,209.03,-0.0175,-0.0308,0.3522,65.12,0.08,0.0,0.12,0.448
1014.501,209.13,-0.0176,-0.0312,0.353,65.61,0.1,0.0,0.12,0.448
1014.601,209.231,-0.0175,-0.0316,0.3525,66.32,0.06,0.0,0.12,0.448
1014.701,209.333,-0.0184,-0.0324,0.3541,67.17,0.16,0.0,0.12,0.448
1014.801,209.433,-0.0199,-0.0333,0.3535,67.77,0.12,0.0,0.12,0.448
1014.901,209.533,-0.02,-0.034,0.3527,68.19,0.1,0.0,0.12,0.448
1015.001,209.634,-0.0187,-0.0354,0.3524,68.76,0.13,0.0,0.12,0.448
1015.101,209.734,-0.0177,-0.0355,0.3518,69.55,0.13,0.0,0.12,0.45
1015.201,209.834,-0.0176,-0.0356,0.353,70.27,0.16,0.0,0.12,0.453
1015.301,209.934,-0.0178,-0.0347,0.3518,70.72,0.09,0.0,0.12,0.456
1015.401,210.034,-0.0179,-0.0353,0.3524,71.21,0.12,0.0,0.12,0.458
1015.501,210.134,-0.0181,-0.0354,0.3531,71.87,0.05,0.0,0.12,0.461
1015.601,210.234,-0.0194,-0.0358,0.3547,72.75,0.13,0.0,0.12,0.465
1015.701,210.334,-0.0212,-0.0366,0.3528,73.31,0.1,0.0,0.12,0.47
1015.801,210.434,-0.0216,-0.0372,0.3514,73.55,0.15,0.0,0.12,0.475
1015.901,210.535,-0.0206,-0.0382,0.3516,73.98,0.07,0.0,0.12,0.476
1016.001,210.635,-0.0199,-0.0383,0.3517,75.02,0.14,0.0,0.12,0.478
1016.101,210.735,-0.0196,-0.0393,0.3534,76.09,0.16,0.0,0.12,0.482
1016.201,210.835,-0.0194,-0.0391,0.3514,76.41,0.07,0.0,0.12,0.488
1016.301,210.935,-0.0184,-0.0405,0.3524,76.69,0.17,0.0,0.12,0.489
1016.401,211.036,-0.0174,-0.0414,0.3527,77.44,0.07,0.0,0.12,0.49
1016.501,211.136,-0.0179,-0.042,0.3548,78.57,0.15,0.0,0.12,0.493
1016.601,211.236,-0.0189,-0.0421,0.3537,78.91,0.07,0.0,0.12,0.499
1016.701,211.336,-0.0192,-0.0422,0.3528,79.36,0.12,0.0,0.12,0.502
1016.801,211.436,-0.0189,-0.0433,0.3533,79.74,0.09,0.0,0.12,0.505
1016.901,211.536,-0.0196,-0.0436,0.3535,80.52,0.13,0.0,0.12,0.507
1017.001,211.636,-0.0209,-0.0452,0.3546,81.57,0.17,0.0,0.12,0.511
1017.101,211.737,-0.0218,-0.0455,0.3515,81.95,0.13,0.0,0.12,0.518
1017.201,211.836,-0.0213,-0.0466,0.3522,82.43,0.05,0.0,0.12,0.521
1017.301,211.938,-0.0203,-0.0467,0.3525,83.02,0.03,0.0,0.12,0.524
1017.401,212.037,-0.0201,-0.0472,0.3544,83.92,0.16,0.0,0.12,0.526
1017.501,212.137,-0.0203,-0.0474,0.3537,84.41,0.05,0.0,0.12,0.531
1017.601,212.238,-0.0197,-0.0479,0.3531,84.73,0.11,0.0,0.12,0.533
1017.701,212.338,-0.0184,-0.0494,0.3529,85.36,0.13,0.0,0.12,0.535
1017.801,212.437,-0.0186,-0.0496,0.3527,86.38,0.11,0.0,0.12,0.537
1017.901,212.537,-0.0197,-0.0505,0.3535,87.03,0.12,0.0,0.12,0.543
1018.001,212.639,-0.0208,-0.0501,0.3511,87.42,0.1,0.0,0.12,0.547
1018.101,212.739,-0.0208,-0.0505,0.3518,87.77,0.08,0.0,0.12,0.551
1018.201,212.839,-0.0208,-0.0503,0.3527,88.63,0.08,0.0,0.12,0.553
1018.301,212.939,-0.0214,-0.0508,0.3541,89.34,0.15,0.0,0.12,0.558
1018.401,213.041,-0.0226,-0.052,0.3524,90.19,0.11,0.0,0.12,0.563
1018.501,213.142,-0.0224,-0.0527,0.3516,90.4,0.12,0.0,0.12,0.568
1018.601,213.242,-0.0211,-0.0539,0.352,91.17,0.06,0.0,0.12,0.57
1018.701,213.342,-0.0209,-0.0543,0.3524,92.04,0.12,0.0,0.12,0.573
1018.801,213.442,-0.0214,-0.0556,0.3531,92.57,0.13,0.0,0.12,0.577
1018.901,213.542,-0.0216,-0.0556,0.3506,93.24,0.05,0.0,0.12,0.581
1019.001,213.642,-0.0207,-0.0567,0.3517,93.17,0.13,0.0,0.12,0.585
1019.101,213.742,-0.0204,-0.0571,0.3523,93.86,0.04,0.0,0.12,0.584
1019.201,213.843,-0.0214,-0.0582,0.3544,95.0,0.14,0.0,0.12,0.587
1019.301,213.943,-0.0231,-0.0593,0.3533,95.45,0.18,0.0,0.12,0.595
1019.401,214.043,-0.0233,-0.0595,0.3527,95.86,0.14,0.0,0.12,0.599
1019.501,214.143,-0.0225,-0.0598,0.3528,96.52,0.09,0.0,0.12,0.601
1019.601,214.243,-0.0224,-0.0598,0.3531,97.4,0.16,0.0,0.12,0.605
1019.701,214.343,-0.0224,-0.0608,0.3538,98.19,0.15,0.0,0.12,0.609
1019.801,214.443,-0.0222,-0.0608,0.3512,98.51,0.11,0.0,0.12,0.614
1019.901,214.543,-0.0208,-0.0619,0.3518,98.97,0.17,0.0,0.12,0.616
1020.001,214.643,-0.0195,-0.0624,0.3521,99.68,0.08,0.0,0.12,0.617
1020.101,214.743,-0.0196,-0.063,0.3537,100.5,0.16,0.0,0.12,0.619
1020.201,214.843,-0.0209,-0.0632,0.353,101.04,0.07,0.0,0.12,0.624
1020.301,214.943,-0.0214,-0.0633,0.3527,101.43,0.11,0.0,0.12,0.628
1020.401,215.043,-0.0212,-0.0638,0.3524,101.99,0.07,0.0,0.12,0.631
1020.501,215.143,-0.0219,-0.0643,0.3524,102.85,0.13,0.0,0.12,0.634
1020.601,215.243,-0.0229,-0.0661,0.3531,103.53,0.17,0.0,0.12,0.64
1020.701,215.343,-0.0237,-0.0666,0.351,103.99,0.12,0.0,0.12,0.645
1020.801,215.443,-0.0228,-0.0671,0.3515,104.48,0.07,0.0,0.12,0.649
1020.901,215.543,-0.0224,-0.0667,0.3519,105.19,0.05,0.0,0.12,0.652
1021.001,215.643,-0.0226,-0.0673,0.3539,106.03,0.14,0.0,0.12,0.655
1021.101,215.743,-0.0234,-0.0678,0.3522,106.58,0.07,0.0,0.12,0.661
1021.201,215.843,-0.023,-0.0679,0.3516,107.05,0.08,0.0,0.12,0.666
1021.301,215.943,-0.0216,-0.0685,0.3518,107.64,0.08,0.0,0.12,0.669
1021.401,216.043,-0.0215,-0.0689,0.3521,108.49,0.11,0.0,0.12,0.672
1021.501,216.143,-0.0219,-0.0703,0.3529,109.17,0.12,0.0,0.12,0.678
1021.601,216.243,-0.0225,-0.0706,0.3503,109.62,0.07,0.0,0.12,0.681
1021.701,216.343,-0.0217,-0.0714,0.3509,110.12,0.11,0.0,0.12,0.68
1021.801,216.443,-0.0208,-0.0714,0.3521,110.78,0.05,0.0,0.12,0.679
1021.901,216.543,-0.0209,-0.072,0.354,111.65,0.15,0.0,0.12,0.677
1022.001,216.644,-0.0219,-0.0724,0.353,112.2,0.07,0.0,0.12,0.676
1022.101,216.745,-0.022,-0.0725,0.3527,112.63,0.1,0.0,0.12,0.675
1022.201,216.846,-0.0212,-0.073,0.3524,113.26,0.06,0.0,0.12,0.673
1022.301,216.947,-0.0217,-0.0737,0.3525,114.03,0.12,0.0,0.04,0.673
1022.401,217.047,-0.0223,-0.0757,0.3529,114.41,0.19,0.0,0.0,0.671
1022.501,217.147,-0.0229,-0.0763,0.3513,114.31,0.12,0.0,0.0,0.672
1022.601,217.247,-0.0219,-0.077,0.3522,114.14,0.06,0.0,0.0,0.672
1022.701,217.348,-0.021,-0.0778,0.3525,114.2,0.1,0.0,0.0,0.674
1022.801,217.448,-0.0215,-0.0777,0.3525,114.23,0.11,0.0,0.0,0.674
1022.901,217.549,-0.0221,-0.077,0.3526,114.24,0.14,0.0,0.0,0.673
1023.001,217.65,-0.0227,-0.0757,0.3527,114.24,0.18,0.0,0.0,0.672
1023.101,217.75,-0.0233,-0.0747,0.3528,114.25,0.2,0.0,0.0,0.671
1023.201,217.851,-0.0235,-0.0743,0.3528,114.25,0.2,0.0,0.0,0.67
1023.301,217.951,-0.0235,-0.0743,0.3528,114.24,0.2,0.0,0.0,0.67
1023.401,218.051,-0.0235,-0.0743,0.3528,114.24,0.2,0.0,0.0,0.67
1023.501,218.151,-0.0235,-0.0743,0.3528,114.24,0.2,0.0,0.0,0.67
1023.601,218.251,-0.0236,-0.0743,0.3529,114.24,0.2,0.0,0.0,0.67
1023.701,218.351,-0.0236,-0.0743,0.3529,114.25,0.19,0.0,0.0,0.67
1023.801,218.451,-0.0237,-0.0743,0.3529,114.24,0.19,0.0,0.0,0.67
1023.901,218.551,-0.0237,-0.0743,0.3529,114.25,0.19,0.0,0.0,0.67
1024.001,218.653,-0.0238,-0.0742,0.3529,114.25,0.19,0.0,0.0,0.67
1024.101,218.754,-0.0238,-0.0742,0.3529,114.24,0.19,0.0,0.0,0.67
1024.201,218.855,-0.0239,-0.0741,0.353,114.29,0.18,0.0,0.0,0.67
1024.301,218.955,-0.024,-0.074,0.353,114.31,0.19,0.0,0.0,0.669
1024.401,219.055,-0.0241,-0.0739,0.3529,114.22,0.19,0.0,0.0,0.669
1024.501,219.155,-0.0241,-0.0738,0.3529,114.14,0.19,0.0,0.0,0.67
1024.601,219.256,-0.0243,-0.0738,0.3529,114.35,0.18,0.0,0.0,0.67
1024.701,219.356,-0.0244,-0.0737,0.3529,114.21,0.19,0.0,0.0,0.669
1024.801,219.455,-0.0244,-0.0736,0.3528,114.24,0.18,0.0,0.0,0.67
1024.901,219.555,-0.0244,-0.0736,0.3528,114.24,0.18,0.0,0.0,0.669
1025.001,219.655,-0.0244,-0.0736,0.3528,114.25,0.18,0.0,0.0,0.669
1025.101,219.757,-0.0244,-0.0736,0.3528,114.25,0.18,0.0,0.0,0.669
1025.201,219.86,-0.0244,-0.0736,0.3528,114.22,0.19,0.0,0.0,0.669
1025.301,219.96,-0.0245,-0.0736,0.3527,114.24,0.18,0.0,0.0,0.669
1025.401,220.062,-0.0245,-0.0735,0.3527,114.26,0.18,0.0,0.0,0.669
1025.501,220.163,-0.0245,-0.0735,0.3527,114.17,0.19,0.0,0.0,0.669
1025.601,220.264,-0.0245,-0.0735,0.3526,114.19,0.18,0.0,0.0,0.67
1025.701,220.364,-0.0245,-0.0735,0.3526,114.18,0.18,0.0,0.0,0.67
1025.801,220.464,-0.0245,-0.0735,0.3526,114.21,0.18,0.0,0.0,0.67
1025.901,220.564,-0.0245,-0.0735,0.3526,114.22,0.18,0.0,0.0,0.669
1026.001,220.664,-0.0245,-0.0735,0.3526,114.22,0.18,0.0,0.0,0.669
1026.101,220.764,-0.0245,-0.0735,0.3526,114.22,0.18,0.0,0.0,0.669
1026.201,220.864,-0.0245,-0.0735,0.3526,114.22,0.18,0.0,0.0,0.669
1026.301,220.965,-0.0245,-0.0735,0.3526,114.22,0.18,0.0,0.0,0.669
1026.401,221.067,-0.0245,-0.0735,0.3526,114.22,0.18,0.0,0.0,0.669
1026.501,221.167,-0.0245,-0.0735,0.3526,114.22,0.18,0.0,0.0,0.669
1026.601,221.267,-0.0245,-0.0735,0.3526,114.22,0.18,0.0,0.0,0.669
1026.701,221.367,-0.0245,-0.0735,0.3526,114.23,0.18,0.0,0.0,0.669
1026.801,221.468,-0.0245,-0.0735,0.3526,114.22,0.18,0.0,0.0,0.669
1026.901,221.569,-0.0246,-0.0735,0.3526,114.23,0.18,0.0,0.0,0.669
1027.001,221.669,-0.0246,-0.0735,0.3526,114.23,0.18,0.0,0.0,0.669
1027.101,221.769,-0.0246,-0.0735,0.3526,114.23,0.18,0.0,0.0,0.669
1027.201,221.87,-0.0246,-0.0735,0.3526,114.23,0.18,0.0,0.0,0.669
1027.301,221.972,-0.0246,-0.0735,0.3526,114.2,0.18,0.0,0.0,0.669
1027.401,222.072,-0.0246,-0.0735,0.3526,114.2,0.18,0.0,0.0,0.67
1027.501,222.174,-0.0246,-0.0734,0.3526,114.19,0.18,0.0,0.0,0.669
1027.601,222.274,-0.0246,-0.0734,0.3526,114.25,0.18,0.0034,0.0046,0.67
1027.701,222.374,-0.0247,-0.0732,0.3526,114.25,0.18,0.0099,0.0093,0.669
1027.801,222.474,-0.025,-0.0725,0.3524,114.33,0.15,0.0161,0.0136,0.669
1027.901,222.574,-0.0246,-0.0701,0.3518,114.32,0.23,0.0202,0.0245,0.667
1028.001,222.673,-0.0236,-0.0675,0.3521,114.37,0.32,0.0227,0.0307,0.667
1028.101,222.774,-0.0248,-0.0632,0.3506,114.69,0.22,0.0248,0.0264,0.665
1028.201,222.874,-0.0268,-0.059,0.3527,114.93,0.22,0.0293,0.0289,0.661
1028.301,222.974,-0.03,-0.053,0.3521,114.92,0.15,0.0351,0.0417,0.657
1028.401,223.073,-0.0319,-0.0492,0.3537,114.96,0.24,0.0393,0.0463,0.651
1028.501,223.174,-0.0356,-0.0452,0.3535,115.35,0.14,0.0433,0.0486,0.646
1028.601,223.273,-0.0384,-0.0438,0.3547,115.75,0.22,0.0,0.0,0.64
1028.701,223.375,-0.0387,-0.0449,0.3532,115.72,0.13,0.0366,0.0536,0.636
1028.801,223.475,-0.0371,-0.0467,0.3512,115.64,0.06,0.0366,0.0536,0.637
1028.901,223.575,-0.033,-0.0461,0.3514,115.75,0.43,0.0284,0.0462,0.639
1029.001,223.675,-0.0328,-0.0419,0.351,116.24,0.24,0.0209,0.0433,0.642
1029.101,223.775,-0.0356,-0.0362,0.3532,116.57,0.28,0.0305,0.0521,0.638
1029.201,223.875,-0.0396,-0.0281,0.3524,116.66,0.25,0.0305,0.0521,0.632
1029.301,223.975,-0.0434,-0.0235,0.3545,116.76,0.26,0.0404,0.0544,0.623
1029.401,224.075,-0.0481,-0.0207,0.3534,117.14,0.22,0.0485,0.0533,0.618
1029.501,224.175,-0.0522,-0.0204,0.3546,117.64,0.34,0.0395,0.0666,0.613
1029.601,224.278,-0.0561,-0.0215,0.3526,117.89,0.35,0.0395,0.0666,0.609
1029.701,224.378,-0.0587,-0.0201,0.3506,118.08,0.41,0.0281,0.0739,0.606
1029.801,224.478,-0.0602,-0.0173,0.3513,118.35,0.27,0.0182,0.0689,0.602
1029.901,224.578,-0.0614,-0.0143,0.3514,118.92,0.24,0.0178,0.0687,0.599
1030.001,224.678,-0.061,-0.0129,0.3528,119.35,0.19,0.0178,0.0687,0.595
1030.101,224.778,-0.0607,-0.011,0.3516,119.51,0.06,0.0144,0.0773,0.594
1030.201,224.878,-0.0582,-0.0102,0.3525,119.76,0.31,0.0099,0.0714,0.593
1030.301,224.978,-0.0553,-0.0096,0.3522,120.2,0.31,0.0099,0.0714,0.594
1030.401,225.078,-0.055,-0.0093,0.3531,120.79,0.25,0.0062,0.0759,0.595
1030.501,225.179,-0.057,-0.0086,0.351,121.14,0.06,0.0076,0.0938,0.594
1030.601,225.279,-0.0588,-0.0083,0.3492,121.41,0.1,0.0076,0.0938,0.592
1030.701,225.379,-0.0598,-0.0084,0.3496,121.83,0.06,0.0116,0.0904,0.589
1030.801,225.479,-0.0619,-0.0084,0.3497,122.55,0.13,0.0092,0.0865,0.588
1030.901,225.58,-0.0639,-0.0101,0.3514,123.07,0.27,0.0076,0.0952,0.586
1031.001,225.68,-0.0661,-0.0108,0.3501,123.35,0.28,0.0076,0.0952,0.585
1031.101,225.78,-0.0668,-0.01,0.3513,123.67,0.14,0.0056,0.1013,0.584
1031.201,225.881,-0.0672,-0.0081,0.3509,124.29,0.11,0.0055,0.0969,0.582
1031.301,225.98,-0.0667,-0.0074,0.3525,125.01,0.17,0.008,0.105,0.58
1031.401,226.08,-0.0665,-0.0067,0.3516,125.46,0.02,0.007,0.1091,0.58
1031.501,226.18,-0.0655,-0.0058,0.3507,125.8,0.12,0.007,0.1091,0.58
1031.601,226.281,-0.0626,-0.0056,0.3508,126.3,0.25,0.0149,0.0939,0.579
1031.701,226.381,-0.0624,-0.0049,0.3503,127.02,0.11,0.0149,0.0939,0.58
1031.801,226.481,-0.0646,-0.0048,0.352,127.6,0.09,0.0171,0.0906,0.579
1031.901,226.582,-0.0692,-0.0033,0.3503,127.91,0.11,0.0167,0.0959,0.578
1032.001,226.683,-0.0727,-0.0017,0.3519,128.22,0.23,0.0167,0.0959,0.574
1032.101,226.784,-0.0764,0.0003,0.3522,128.81,0.22,0.0146,0.0951,0.57
1032.201,226.884,-0.078,0.0005,0.3541,129.53,0.22,0.0138,0.0996,0.565
1032.301,226.984,-0.0788,-0.0001,0.3529,129.89,0.13,0.0094,0.1047,0.565
1032.401,227.084,-0.0781,0.0001,0.3519,130.19,0.08,0.008,0.1032,0.564
1032.501,227.184,-0.0757,0.0004,0.3516,130.68,0.15,0.0046,0.0983,0.565
1032.601,227.284,-0.0748,0.0006,0.3511,131.43,0.08,0.0033,0.0976,0.567
1032.701,227.384,-0.0749,-0.0002,0.352,132.02,0.09,0.0042,0.1024,0.566
1032.801,227.484,-0.0763,0.0,0.3495,132.34,0.05,0.0042,0.1024,0.566
1032.901,227.584,-0.0762,0.0002,0.3505,132.73,0.11,0.0088,0.1005,0.566
1033.001,227.684,-0.0766,0.0011,0.3501,133.36,0.02,0.0088,0.1005,0.566
1033.101,227.785,-0.0779,0.0008,0.3522,134.13,0.13,0.0125,0.111,0.565
1033.201,227.885,-0.0807,0.0003,0.3511,134.62,0.14,0.013,0.1187,0.564
1033.301,227.986,-0.083,0.0014,0.3507,134.94,0.17,0.013,0.1187,0.563
1033.401,228.09,-0.0847,0.0026,0.3512,135.49,0.1,0.0154,0.108,0.561
1033.501,228.192,-0.0869,0.0033,0.3517,136.38,0.18,0.0163,0.1087,0.559
1033.601,228.292,-0.0883,0.0028,0.3529,136.97,0.2,0.0164,0.1198,0.558
1033.701,228.392,-0.0901,0.0037,0.3509,137.44,0.12,0.0164,0.1198,0.558
1033.801,228.492,-0.0901,0.0048,0.3519,137.86,0.08,0.0151,0.1226,0.556
1033.901,228.592,-0.0904,0.0063,0.353,138.64,0.08,0.0128,0.118,0.556
1034.001,228.692,-0.0912,0.0067,0.3548,139.43,0.18,0.0156,0.1282,0.555
1034.101,228.791,-0.0932,0.0071,0.3537,139.96,0.06,0.014,0.1322,0.555
1034.201,228.891,-0.0945,0.0082,0.3533,140.42,0.11,0.017,0.1298,0.555
1034.301,228.992,-0.0948,0.0089,0.3532,141.02,0.08,0.0162,0.1262,0.553
1034.401,229.093,-0.0967,0.0087,0.3534,141.89,0.14,0.0157,0.1186,0.554
1034.501,229.194,-0.0984,0.0071,0.3541,142.59,0.2,0.0154,0.1257,0.555
1034.601,229.296,-0.1009,0.0069,0.3509,143.12,0.16,0.0149,0.1258,0.556
1034.701,229.397,-0.1023,0.0077,0.3518,143.6,0.07,0.0171,0.1201,0.555
1034.801,229.498,-0.1046,0.0092,0.352,144.29,0.14,0.0193,0.1274,0.554
1034.901,229.598,-0.106,0.0094,0.3539,145.02,0.2,0.0214,0.1313,0.553
1035.001,229.698,-0.1079,0.0098,0.3529,145.69,0.1,0.0219,0.1393,0.553
1035.101,229.798,-0.1091,0.0119,0.3531,146.0,0.09,0.0211,0.1357,0.553
1035.201,229.898,-0.1096,0.0143,0.3527,146.78,0.11,0.0205,0.118,0.552
1035.301,229.998,-0.1121,0.0156,0.3532,148.01,0.16,0.0208,0.1072,0.551
1035.401,230.098,-0.1149,0.0158,0.3544,148.82,0.15,0.0244,0.1472,0.552
1035.501,230.198,-0.1187,0.0171,0.3515,149.37,0.15,0.0258,0.1406,0.552
1035.601,230.299,-0.1212,0.0182,0.3527,149.32,0.16,0.0292,0.1345,0.55
1035.701,230.399,-0.1245,0.0196,0.3534,149.94,0.16,0.0292,0.1035,0.548
1035.801,230.499,-0.1266,0.0199,0.3561,151.35,0.25,0.0316,0.117,0.547
1035.901,230.599,-0.1298,0.0205,0.3532,151.63,0.1,0.0316,0.117,0.549
1036.001,230.699,-0.1321,0.0223,0.3526,152.21,0.13,0.0328,0.1055,0.548
1036.101,230.8,-0.1339,0.0242,0.3529,152.45,0.09,0.0312,0.1069,0.547
1036.201,230.901,-0.1374,0.0246,0.3537,153.3,0.16,0.0314,0.1036,0.545
1036.301,231.001,-0.1405,0.024,0.3545,153.97,0.24,0.0351,0.117,0.545
1036.401,231.101,-0.1445,0.0249,0.3522,154.52,0.18,0.0,0.0,0.546
1036.501,231.201,-0.1463,0.0247,0.3532,154.43,0.22,0.0412,0.1303,0.547
1036.601,231.302,-0.1487,0.024,0.3528,154.78,0.3,0.0356,0.1002,0.546
1036.701,231.402,-0.15,0.0216,0.3545,155.59,0.42,0.0356,0.1002,0.546
1036.801,231.501,-0.1526,0.0192,0.353,156.11,0.4,0.0329,0.1167,0.55
1036.901,231.601,-0.1565,0.0213,0.3531,156.51,0.24,0.0329,0.1167,0.552
1037.001,231.702,-0.1612,0.0254,0.3526,157.07,0.13,0.0407,0.1073,0.551
1037.101,231.803,-0.1669,0.029,0.3532,157.71,0.27,0.0499,0.1112,0.548
1037.201,231.902,-0.1721,0.033,0.354,158.35,0.21,0.0544,0.116,0.544
1037.301,232.004,-0.1779,0.038,0.3518,158.75,0.27,0.0586,0.1155,0.542
1037.401,232.104,-0.1807,0.0415,0.3529,159.26,0.37,0.0604,0.1169,0.536
1037.501,232.204,-0.1854,0.0432,0.352,159.97,0.2,0.0546,0.1166,0.535
1037.601,232.304,-0.1917,0.0425,0.3546,160.78,0.18,0.0546,0.1166,0.534
1037.701,232.404,-0.1996,0.0415,0.3536,161.35,0.13,0.0566,0.124,0.535
1037.801,232.505,-0.207,0.0416,0.3544,161.78,0.34,0.0614,0.114,0.536
1037.901,232.605,-0.2153,0.0422,0.3545,162.36,0.3,0.0637,0.1095,0.536
1038.001,232.705,-0.2231,0.0423,0.3556,163.12,0.35,0.0692,0.1058,0.536
1038.101,232.806,-0.2291,0.0424,0.3558,163.63,0.28,0.0704,0.1079,0.537
1038.201,232.907,-0.2364,0.045,0.3529,164.04,0.19,0.0657,0.1041,0.537
1038.301,233.006,-0.2425,0.0484,0.3536,164.49,0.15,0.0668,0.0979,0.535
1038.401,233.106,-0.2508,0.0507,0.3531,165.07,0.16,0.0664,0.0958,0.533
1038.501,233.207,-0.2579,0.0518,0.3553,165.74,0.25,0.0671,0.1035,0.532
1038.601,233.307,-0.266,0.0532,0.3544,166.13,0.12,0.0581,0.1008,0.533
1038.701,233.408,-0.2725,0.0553,0.3552,166.46,0.21,0.0544,0.0941,0.532
1038.801,233.507,-0.2783,0.0566,0.3545,166.96,0.12,0.0448,0.0848,0.53
1038.901,233.607,-0.2833,0.0561,0.3547,167.6,0.21,0.0386,0.0726,0.531
1039.001,233.707,-0.2867,0.055,0.3545,168.02,0.15,0.0315,0.0723,0.534
1039.101,233.807,-0.2899,0.0546,0.3519,168.22,0.2,0.0217,0.0647,0.536
1039.201,233.908,-0.2913,0.0548,0.3521,168.52,0.06,0.0166,0.0584,0.537
1039.301,234.008,-0.2928,0.0547,0.3512,168.94,0.12,0.0166,0.0584,0.539
1039.401,234.108,-0.2926,0.0532,0.3523,169.43,0.22,0.001,0.0568,0.541
1039.501,234.209,-0.2927,0.0512,0.3514,169.63,0.25,0.0,0.0609,0.544
1039.601,234.308,-0.2925,0.0516,0.3517,169.75,0.11,0.0,0.0528,0.548
1039.701,234.408,-0.2922,0.0539,0.35,170.08,0.07,0.0,0.0476,0.548
1039.801,234.508,-0.2917,0.0555,0.3496,170.55,0.12,0.0,0.0457,0.548
1039.901,234.61,-0.2921,0.0554,0.3494,170.78,0.05,0.0,0.0491,0.549
1040.001,234.709,-0.2931,0.0557,0.3474,170.81,0.04,0.0,0.0546,0.55
1040.101,234.81,-0.2925,0.0569,0.3485,170.99,0.24,0.0007,0.0498,0.55
1040.201,234.91,-0.293,0.0576,0.3473,171.44,0.11,0.0001,0.0557,0.55
1040.301,235.01,-0.2935,0.0562,0.3495,171.91,0.05,0.0001,0.0639,0.551
1040.401,235.11,-0.295,0.0539,0.3495,172.06,0.14,0.0,0.0698,0.555
1040.501,235.21,-0.2961,0.053,0.3509,172.2,0.2,0.0,0.0653,0.558
1040.601,235.312,-0.2974,0.053,0.35,172.59,0.12,0.0,0.0622,0.559
1040.701,235.412,-0.2972,0.0528,0.3505,173.12,0.14,0.0,0.0605,0.561
1040.801,235.511,-0.2962,0.0516,0.351,173.47,0.18,0.0,0.0626,0.564
1040.901,235.611,-0.296,0.0516,0.3501,173.55,0.08,0.0,0.063,0.567
1041.001,235.712,-0.2947,0.0533,0.3506,173.81,0.21,0.0,0.0575,0.568
1041.101,235.813,-0.2947,0.0545,0.349,174.3,0.08,0.0,0.0583,0.569
1041.201,235.912,-0.2949,0.054,0.3508,174.78,0.08,0.0,0.0646,0.57
1041.301,236.012,-0.2963,0.0527,0.3501,174.98,0.07,0.0,0.0679,0.573
1041.401,236.112,-0.2971,0.0525,0.3513,175.11,0.1,0.0002,0.059,0.575
1041.501,236.212,-0.2977,0.0528,0.3502,175.49,0.02,0.0003,0.0523,0.576
1041.601,236.314,-0.2977,0.0523,0.3508,176.0,0.11,0.0001,0.0516,0.578
1041.701,236.414,-0.2973,0.0506,0.3507,176.27,0.15,0.0,0.0583,0.581
1041.801,236.514,-0.2974,0.0499,0.3496,176.36,0.14,0.0,0.0564,0.584
1041.901,236.614,-0.2968,0.0507,0.3502,176.59,0.08,0.0,0.0523,0.585
1042.001,236.714,-0.2972,0.0515,0.349,177.04,0.05,0.0,0.0542,0.586
1042.101,236.816,-0.2968,0.0512,0.3508,177.47,0.09,0.0,0.0595,0.588
1042.201,236.915,-0.2978,0.0502,0.3489,177.64,0.06,0.0,0.0633,0.59
1042.301,237.016,-0.2979,0.0504,0.3503,177.77,0.06,0.0,0.0558,0.592
1042.401,237.116,-0.298,0.0511,0.3499,178.14,0.06,0.0,0.0532,0.593
1042.501,237.215,-0.2981,0.0503,0.351,178.66,0.08,0.0,0.048,0.594
1042.601,237.316,-0.2978,0.0484,0.351,178.92,0.17,0.0,0.0606,0.598
1042.701,237.418,-0.2983,0.0474,0.3501,178.99,0.18,0.0,0.0625,0.6
1042.801,237.518,-0.2983,0.0479,0.3508,179.19,0.04,0.0,0.0585,0.599
1042.901,237.618,-0.2989,0.0479,0.3506,179.71,0.09,0.0,0.0537,0.597
1043.001,237.718,-0.2983,0.0473,0.3522,-179.89,0.13,0.0004,0.0686,0.595
1043.101,237.82,-0.2983,0.0465,0.351,-179.7,0.1,0.0001,0.0631,0.592
1043.202,237.921,-0.2978,0.0473,0.3521,-179.57,0.07,0.0,0.0559,0.59
1043.301,238.02,-0.2975,0.0487,0.3512,-179.2,0.09,0.0,0.0519,0.589
1043.401,238.119,-0.2977,0.0484,0.3521,-178.69,0.12,0.0,0.0481,0.588
1043.501,238.22,-0.2979,0.047,0.3523,-178.41,0.11,0.0,0.0588,0.585
1043.601,238.319,-0.2989,0.0464,0.3518,-178.39,0.14,0.0,0.0578,0.583
1043.701,238.42,-0.2989,0.0469,0.3523,-178.18,0.07,0.0,0.0507,0.582
1043.801,238.52,-0.2995,0.0465,0.3517,-177.72,0.08,0.0,0.0501,0.581
1043.901,238.62,-0.2987,0.0455,0.3529,-177.34,0.12,0.0,0.061,0.578
1044.004,238.793,-0.2987,0.0443,0.3512,-177.18,0.12,0.0,0.0549,0.575
1044.101,238.89,-0.2981,0.0444,0.3524,-177.02,0.09,0.0,0.0504,0.573
1044.204,239.0,-0.2982,0.044,0.3523,-176.56,0.14,0.0,0.0491,0.572
1044.303,239.184,-0.2971,0.0429,0.353,-176.25,0.19,0.0,0.0551,0.569
1044.403,239.299,-0.2958,0.0417,0.3563,-176.98,0.42,0.0,0.0563,0.567
1044.504,239.521,-0.2953,0.0408,0.367,179.97,0.37,0.0,-0.0606,0.57
1044.602,239.687,-0.2956,0.039,0.3433,-177.62,0.27,0.0001,-0.0206,0.587
1044.704,239.871,-0.2853,0.0314,0.343,-178.95,0.92,0.0,0.0594,0.57
1044.803,240.051,-0.2681,0.0209,0.3509,-177.95,1.34,0.0,0.0194,0.573
1044.902,240.218,-0.2549,0.0161,0.3579,-177.53,0.59,0.0,0.0994,0.558
1045.004,240.396,-0.2463,0.0137,0.3355,-177.88,0.94,0.0,-0.0206,0.548
1045.103,240.512,-0.2379,0.0126,0.3267,-177.69,0.45,0.0,-0.0287,0.549
1045.203,240.73,-0.2328,0.0155,0.327,-177.96,0.14,0.0,0.02,0.546
1045.302,240.926,-0.2283,0.0181,0.3197,-177.81,0.15,0.0,0.0363,0.548
1045.402,241.142,-0.2236,0.0173,0.3221,-177.79,0.06,0.0,0.0426,0.55
1045.504,241.341,-0.2248,0.0165,0.3267,-177.76,0.13,0.002,0.043,0.549
1045.602,241.539,-0.2298,0.0165,0.3324,-177.74,0.09,0.0071,0.0417,0.549
1045.702,241.73,-0.2344,0.0167,0.3378,-177.72,0.08,0.0095,0.0398,0.549
1045.804,241.886,-0.2369,0.0169,0.3417,-177.58,0.08,0.0066,0.0424,0.548
1045.903,242.025,-0.2357,0.0177,0.3464,-177.57,0.2,0.0026,0.0455,0.548
1046.003,242.142,-0.2328,0.0171,0.3553,-177.19,0.08,0.0,0.0514,0.548
1046.101,242.248,-0.2283,0.015,0.358,-176.8,0.29,0.0,0.0026,0.546
1046.202,242.362,-0.2252,0.0132,0.3523,-176.83,0.32,0.0,0.0314,0.542
1046.301,242.478,-0.2227,0.0134,0.3545,-176.89,0.2,0.0,0.0387,0.541
1046.403,242.791,-0.2227,0.0124,0.3558,-176.47,0.26,0.0,0.049,0.541
1046.502,243.089,-0.217,0.0124,0.3498,179.83,1.7,0.0,-0.0652,0.538
1046.602,243.355,-0.1996,0.0137,0.3774,169.7,1.21,0.0,-0.2,0.538
1046.702,243.459,-0.1885,0.0159,0.3635,166.21,1.02,0.0,-0.2,0.6
1046.803,243.622,-0.1698,0.0217,0.3463,164.39,1.1,0.0,-0.16,0.583
1046.902,243.733,-0.1603,0.0287,0.3492,168.41,1.17,0.0,-0.08,0.578
1047.001,243.835,-0.1406,0.0419,0.3424,175.34,1.05,0.0,-0.04,0.597
1047.102,243.973,-0.1321,0.0458,0.3383,178.8,0.58,0.0,0.12,0.611
1047.203,244.161,-0.132,0.0454,0.3382,-179.69,0.53,0.0038,0.1846,0.595
1047.303,244.357,-0.133,0.0441,0.3477,178.79,0.13,0.0019,0.1046,0.587
1047.401,244.565,-0.136,0.0423,0.3612,178.33,0.11,0.0007,0.0646,0.587
1047.503,244.716,-0.1381,0.0407,0.3709,-178.32,0.23,0.0,0.1846,0.597
1047.604,245.017,-0.1407,0.0373,0.3645,-176.96,0.17,0.0012,0.1941,0.575
1047.703,245.268,-0.1398,0.0336,0.34,-176.92,1.55,0.0,0.0919,0.565
1047.803,245.381,-0.1247,0.0329,0.3582,-176.34,1.3,0.0,0.0519,0.565
1047.901,245.486,-0.1107,0.0362,0.3641,-170.99,0.45,0.0,-0.0281,0.561
1048.004,245.602,-0.0969,0.046,0.3605,-170.98,0.81,0.0,0.0919,0.531
1048.103,245.77,-0.0833,0.0568,0.3505,-170.85,0.48,0.0,0.1267,0.538
1048.204,246.021,-0.0742,0.0621,0.3506,-169.84,0.6,0.0009,0.1318,0.549
1048.303,246.283,-0.0697,0.067,0.354,-169.62,0.61,0.0007,0.1147,0.548
1048.404,246.465,-0.0701,0.0676,0.3395,-168.75,0.79,0.0042,0.1257,0.552
1048.503,246.699,-0.0696,0.0671,0.3349,-167.69,0.39,0.0075,0.1525,0.547
1048.603,246.861,-0.073,0.0644,0.3352,-166.92,0.41,0.016,0.1459,0.542
1048.704,247.128,-0.0772,0.0618,0.3453,-167.7,0.43,0.0167,-0.0141,0.535
1048.804,247.334,-0.079,0.0592,0.3724,-165.27,0.46,0.0129,-0.0141,0.538
1048.903,247.478,-0.0815,0.0548,0.3887,-167.91,0.2,0.0123,0.1059,0.521
1049.003,247.621,-0.0845,0.05,0.3885,-168.15,0.1,0.0043,0.0659,0.532
1049.104,247.762,-0.0868,0.0462,0.3733,-166.62,0.23,0.0046,0.0533,0.528
1049.203,247.915,-0.0846,0.0401,0.3736,-166.01,0.85,0.0,0.0847,0.517
1049.303,248.179,-0.0809,0.0323,0.3768,-165.55,0.85,0.0,0.0594,0.509
1049.403,248.349,-0.0734,0.0277,0.3631,-165.44,2.14,0.0,0.0994,0.499
1049.503,248.479,-0.0547,0.0289,0.3711,-168.02,1.68,0.0,-0.0206,0.498
1049.602,248.622,-0.0283,0.0313,0.358,-166.5,0.98,0.0,-0.1406,0.511
1049.703,248.793,-0.0064,0.0377,0.3418,-165.28,0.32,0.0,-0.031,0.503
1049.803,249.077,0.0108,0.0355,0.3413,-165.24,1.06,0.0,0.0832,0.502
1049.903,249.226,0.0254,0.0303,0.3215,-165.41,0.7,0.0,0.0863,0.501
1050.001,249.328,0.0418,0.0303,0.3261,-167.1,0.46,0.0,0.0463,0.495
1050.101,249.434,0.0683,0.0283,0.3262,-164.71,1.31,0.0,-0.0337,0.503
1050.201,249.543,0.0972,0.0238,0.3147,-163.26,0.59,0.0,0.0063,0.49
1050.302,249.894,0.1118,0.0323,0.3178,-164.07,1.32,0.0026,-0.1169,0.477
1050.403,250.086,0.1218,0.055,0.3218,-165.28,3.91,0.004,-0.1217,0.487
1050.503,250.299,0.1259,0.0897,0.3147,-165.51,3.93,0.0088,-0.0937,0.51
1050.602,250.516,0.1227,0.1214,0.3038,-165.31,6.11,0.0127,-0.0381,0.544
1050.701,250.625,0.1217,0.1607,0.305,-165.97,9.84,0.0127,-0.0381,0.544
1050.802,250.804,0.1033,0.1962,0.3074,-165.29,13.77,0.0339,-0.0715,0.569
1050.903,251.014,0.0812,0.2325,0.3061,-165.07,11.5,0.0662,0.0094,0.502
1051.001,251.167,0.0726,0.2557,0.3185,-165.33,9.92,0.0556,-0.0071,0.502
1051.102,251.35,0.067,0.2708,0.3322,-165.45,6.79,0.048,-0.0257,0.539
1051.204,251.525,0.063,0.2829,0.3418,-165.3,4.29,0.0471,-0.0422,0.637
1051.303,251.741,0.0605,0.2949,0.3477,-165.44,3.06,0.037,-0.0109,0.619
1051.402,251.905,0.0593,0.31,0.3506,-165.64,2.69,0.0329,-0.0122,0.605
1051.503,252.065,0.0587,0.3315,0.35,-166.24,3.24,0.0233,-0.0425,0.592
1051.604,252.215,0.0568,0.3641,0.345,-166.98,5.8,0.0195,-0.0701,0.575
1051.703,252.359,0.0514,0.4134,0.3348,-168.01,17.36,0.0195,-0.0701,0.552
1051.804,252.55,0.037,0.4777,0.3252,-168.0,18.83,0.0416,-0.012,0.524
1051.902,252.651,0.0107,0.5251,0.3193,-167.56,21.64,0.0416,-0.012,0.524
