sim_s,wall_s,x,y,z,yaw_deg,tilt_deg,cmd_vx,cmd_wz,min_range_m
19.822,0.001,-0.0012,0.0424,0.3469,90.04,0.02,0.0,0.0,inf
19.822,0.001,-0.0012,0.0424,0.3469,90.04,0.02,0.0,0.0,inf
19.822,0.002,-0.0012,0.0424,0.3469,90.04,0.02,0.0,0.0,0.546
19.822,0.003,-0.0012,0.0424,0.3469,90.04,0.02,0.0,0.0,0.546
19.822,0.004,-0.0012,0.0424,0.3469,90.04,0.02,0.0,0.0,0.546
19.826,0.004,-0.0012,0.0424,0.3469,90.04,0.02,0.0,0.0,0.546
19.923,0.097,-0.0012,0.0424,0.3469,90.04,0.02,0.0,0.0,0.546
20.024,0.204,-0.0012,0.0424,0.3469,90.04,0.02,0.0,0.0,0.546
20.125,0.298,-0.0012,0.0424,0.3469,90.04,0.02,0.0,0.0,0.546
20.223,0.402,-0.0012,0.0424,0.3469,90.04,0.02,0.0,0.0,0.546
20.324,0.51,-0.0012,0.0424,0.3469,90.04,0.02,0.0,0.0,0.546
20.424,0.607,-0.0012,0.0424,0.3469,90.04,0.02,0.0,0.0,0.546
20.523,0.703,-0.0012,0.0424,0.3469,90.04,0.02,0.0,0.0,0.546
20.625,0.802,-0.0012,0.0424,0.3469,90.04,0.02,0.0,0.0,0.546
20.723,0.899,-0.0012,0.0424,0.3469,90.04,0.02,0.0,0.0,0.546
20.824,1.006,-0.0012,0.0424,0.3469,90.04,0.02,0.0,0.0,0.546
20.929,1.106,-0.0012,0.0424,0.3469,90.04,0.02,0.0,0.0,0.546
21.024,1.199,-0.0012,0.0424,0.3469,90.04,0.02,0.0,0.0,0.546
21.123,1.308,-0.0012,0.0424,0.3469,90.04,0.02,0.0,0.0,0.546
21.228,1.41,-0.0012,0.0424,0.3469,90.04,0.02,0.0,0.0,0.546
21.331,1.507,-0.0012,0.0424,0.3469,90.04,0.02,0.0,0.0,0.546
21.426,1.604,-0.0012,0.0424,0.3469,90.04,0.02,0.0,0.0,0.546
21.523,1.701,-0.0012,0.0424,0.3469,90.04,0.02,0.0,-0.0006,0.546
21.624,1.81,-0.0012,0.0421,0.3454,90.01,0.06,0.0,-0.0023,0.546
21.723,1.896,-0.0037,0.0432,0.3467,90.09,0.1,0.0,-0.0059,0.546
21.824,2.002,-0.0065,0.0452,0.3479,90.14,0.17,0.0005,-0.0067,0.548
21.923,2.096,-0.0091,0.0473,0.3493,90.13,0.2,0.0005,-0.0067,0.552
22.028,2.204,-0.0093,0.0471,0.3497,90.07,0.15,0.0003,-0.0132,0.554
22.125,2.304,-0.0089,0.0455,0.3499,89.98,0.07,0.0002,-0.016,0.554
22.226,2.402,-0.0083,0.0442,0.3501,89.97,0.09,0.0001,-0.0185,0.554
22.326,2.503,-0.0075,0.0434,0.3504,89.91,0.17,0.0,-0.0229,0.553
22.426,2.61,-0.0062,0.0434,0.3509,89.98,0.28,0.0,-0.0258,0.553
22.525,2.711,-0.0052,0.0435,0.3512,90.0,0.33,0.0,-0.0236,0.552
22.623,2.808,-0.0047,0.0436,0.3514,89.95,0.34,0.0,-0.0236,0.551
22.723,2.913,-0.004,0.0437,0.3516,89.98,0.34,0.0,-0.0226,0.55
22.823,3.013,-0.0036,0.0438,0.3518,89.89,0.31,0.0,-0.0233,0.55
22.923,3.112,-0.0033,0.0439,0.3519,89.94,0.28,0.0,-0.0297,0.549
23.024,3.211,-0.0029,0.044,0.3521,89.95,0.25,0.0,-0.0274,0.549
23.125,3.32,-0.0026,0.044,0.3523,90.06,0.22,0.0,-0.0268,0.548
23.225,3.41,-0.0024,0.0441,0.3524,90.0,0.21,0.0,-0.0302,0.549
23.325,3.519,-0.0022,0.0441,0.3525,90.02,0.2,0.0,-0.0304,0.548
23.423,3.614,-0.002,0.0441,0.3526,90.01,0.18,0.0,-0.032,0.548
23.523,3.705,-0.0019,0.0442,0.3526,90.02,0.18,0.0,-0.0325,0.547
23.623,3.806,-0.0019,0.0442,0.3527,90.05,0.17,0.0,-0.0296,0.547
23.725,3.911,-0.0018,0.0442,0.3527,90.02,0.17,0.0,-0.0311,0.547
23.824,4.012,-0.0017,0.0442,0.3528,90.04,0.17,0.0002,-0.0315,0.547
23.925,4.114,-0.0017,0.0442,0.3528,90.04,0.16,0.0001,-0.0324,0.547
24.026,4.219,-0.0017,0.0443,0.3529,90.03,0.16,0.0,-0.0319,0.547
24.123,4.311,-0.0016,0.0443,0.3529,90.0,0.17,0.0,-0.034,0.547
24.231,4.42,-0.0016,0.0443,0.353,90.04,0.16,0.0,-0.0334,0.547
24.326,4.515,-0.0016,0.0443,0.353,90.02,0.16,0.0,-0.0321,0.547
24.423,4.614,-0.0016,0.0443,0.353,90.05,0.16,0.0,-0.0336,0.547
24.524,4.712,-0.0015,0.0443,0.3531,90.04,0.16,0.0,-0.0328,0.547
24.623,4.808,-0.0015,0.0444,0.3531,90.01,0.16,0.0,-0.0405,0.547
24.723,4.912,-0.0015,0.0444,0.3531,90.01,0.16,0.0,-0.041,0.547
24.824,5.024,-0.0014,0.0444,0.3531,90.01,0.16,0.0,-0.0404,0.547
24.926,5.116,-0.0014,0.0444,0.3531,90.02,0.15,0.0,-0.0417,0.547
25.025,5.222,-0.0014,0.0444,0.3531,90.02,0.16,0.0,-0.0422,0.547
25.123,5.314,-0.0014,0.0444,0.3532,90.03,0.15,0.0,-0.0394,0.547
25.224,5.42,-0.0014,0.0444,0.3532,90.01,0.16,0.0,-0.0413,0.547
25.324,5.512,-0.0014,0.0444,0.3532,90.02,0.16,0.0,-0.0387,0.547
25.424,5.619,-0.0014,0.0445,0.3532,90.04,0.16,0.0,-0.041,0.547
25.526,5.719,-0.0014,0.0445,0.3533,90.01,0.16,0.0,-0.0396,0.547
25.624,5.82,-0.0013,0.0445,0.3533,89.92,0.17,0.0,-0.0396,0.547
25.725,5.92,-0.0013,0.0446,0.3534,90.04,0.17,0.0,-0.0407,0.546
25.824,6.02,-0.0014,0.0446,0.3534,90.12,0.16,0.0,-0.0346,0.547
25.923,6.13,-0.0015,0.0446,0.3535,90.21,0.16,0.0,-0.0326,0.547
26.026,6.218,-0.0015,0.0446,0.3535,90.24,0.17,0.0,-0.0332,0.548
26.123,6.329,-0.0013,0.0446,0.3536,90.03,0.17,0.0,-0.0359,0.548
26.223,6.414,-0.0012,0.0447,0.3536,90.0,0.17,0.0,-0.029,0.547
26.323,6.529,-0.0013,0.0447,0.3537,90.2,0.17,0.0,-0.0347,0.546
26.423,6.62,-0.0014,0.0447,0.3537,90.15,0.17,0.0,-0.0303,0.547
26.523,6.725,-0.0012,0.0447,0.3537,89.93,0.18,0.0,-0.0337,0.547
26.624,6.823,-0.0011,0.0447,0.3538,89.84,0.19,0.0,-0.0377,0.546
26.727,6.926,-0.0011,0.0447,0.3538,89.93,0.18,0.0,-0.0381,0.545
26.824,7.017,-0.0012,0.0447,0.3538,90.0,0.18,0.0,-0.0365,0.546
26.923,7.134,-0.0012,0.0447,0.3538,90.01,0.18,0.0,-0.0347,0.546
27.023,7.226,-0.0012,0.0447,0.3539,90.0,0.18,0.0,-0.0331,0.546
27.126,7.327,-0.0012,0.0447,0.3539,90.03,0.17,0.0,-0.0304,0.546
27.223,7.426,-0.0012,0.0447,0.3539,90.04,0.17,0.0,-0.0304,0.546
27.323,7.521,-0.0012,0.0447,0.3539,90.05,0.17,0.0,-0.03,0.546
27.423,7.618,-0.0012,0.0447,0.3539,90.05,0.17,0.0,-0.0338,0.547
27.525,7.73,-0.0012,0.0447,0.3539,90.03,0.18,0.0,-0.0362,0.547
27.623,7.83,-0.0012,0.0447,0.3539,90.03,0.18,0.0,-0.0394,0.547
27.723,7.921,-0.0012,0.0447,0.3539,90.02,0.18,0.0,-0.0396,0.547
27.826,8.027,-0.0012,0.0447,0.3539,89.98,0.18,0.0,-0.044,0.546
27.924,8.132,-0.0012,0.0447,0.354,90.07,0.17,0.0,-0.0457,0.546
28.024,8.226,-0.0012,0.0446,0.354,89.99,0.18,0.0,-0.0455,0.546
28.124,8.329,-0.0011,0.0446,0.354,89.93,0.18,0.0,-0.0485,0.546
28.225,8.434,-0.0011,0.0446,0.354,89.74,0.19,0.0,-0.0456,0.546
28.324,8.524,-0.001,0.0446,0.354,89.77,0.18,0.0,-0.0485,0.545
28.426,8.628,-0.001,0.0446,0.354,89.61,0.18,0.0,-0.0474,0.545
28.524,8.726,-0.001,0.0446,0.354,89.56,0.18,0.0,-0.0489,0.544
28.623,8.826,-0.0009,0.0446,0.354,89.39,0.19,0.0,-0.0508,0.544
28.723,8.93,-0.0009,0.0446,0.3539,89.3,0.16,0.0,-0.0545,0.543
28.824,9.028,-0.0013,0.0447,0.3531,89.86,0.17,0.0,-0.0445,0.542
28.924,9.124,-0.0017,0.043,0.3531,89.87,0.11,0.0,-0.047,0.545
29.03,9.23,-0.001,0.042,0.3522,89.51,0.1,0.0,-0.044,0.546
29.128,9.328,0.0007,0.0403,0.3533,88.84,0.22,0.0,-0.048,0.544
29.223,9.435,0.0037,0.0392,0.351,88.73,0.31,0.0,-0.0493,0.538
29.324,9.529,0.0043,0.0395,0.352,88.66,0.31,0.0,-0.0547,0.536
29.423,9.633,0.0039,0.0411,0.3518,88.35,0.22,0.0,-0.0592,0.534
29.524,9.734,0.0033,0.0411,0.3536,87.7,0.22,0.0,-0.0683,0.532
29.636,9.838,0.0028,0.0403,0.3525,87.46,0.13,0.0,-0.0686,0.528
29.723,9.929,0.0013,0.0392,0.3523,87.33,0.11,0.0,-0.0753,0.528
29.831,10.035,-0.0008,0.0376,0.3525,87.09,0.21,0.0,-0.0779,0.529
29.923,10.132,-0.0019,0.0368,0.3524,86.49,0.08,0.0,-0.0845,0.529
30.023,10.227,-0.0006,0.0355,0.3538,85.9,0.17,0.0,-0.0845,0.527
30.125,10.329,0.0004,0.036,0.3536,85.61,0.17,0.0,-0.0917,0.523
30.231,10.434,0.0009,0.0371,0.3545,85.27,0.21,0.0,-0.0945,0.518
30.323,10.54,0.001,0.0387,0.3544,84.73,0.18,0.0,-0.0936,0.518
30.424,10.628,0.0012,0.0383,0.3557,84.07,0.22,0.0,-0.1026,0.516
30.523,10.738,0.0014,0.0366,0.355,83.66,0.16,0.0,-0.1032,0.511
30.624,10.829,0.0007,0.0357,0.354,83.33,0.14,0.0,-0.108,0.509
30.725,10.928,-0.0012,0.0338,0.3541,82.76,0.09,0.0,-0.1084,0.507
30.824,11.03,-0.0017,0.0329,0.3538,82.25,0.09,0.0,-0.1104,0.505
30.923,11.135,-0.0005,0.031,0.3548,81.55,0.28,0.0,-0.1126,0.503
31.023,11.238,0.0011,0.0308,0.3541,80.98,0.24,0.0,-0.1122,0.494
31.123,11.333,0.0007,0.0322,0.3548,80.66,0.2,0.0,-0.1072,0.494
31.224,11.436,0.0001,0.0345,0.3547,79.9,0.18,0.0,-0.1012,0.493
31.323,11.535,-0.0004,0.035,0.3561,79.09,0.23,0.0,-0.1045,0.491
31.424,11.629,-0.001,0.0347,0.3554,78.67,0.15,0.0,-0.1086,0.485
31.524,11.736,-0.0023,0.0337,0.3541,78.55,0.14,0.0,-0.1048,0.483
31.625,11.837,-0.0043,0.0317,0.3537,78.23,0.09,0.0,-0.099,0.484
31.723,11.932,-0.0047,0.0307,0.3528,77.58,0.06,0.0,-0.1021,0.484
31.826,12.037,-0.0033,0.0277,0.3543,76.34,0.3,0.0,-0.098,0.481
31.923,12.138,-0.0023,0.0276,0.3551,76.11,0.22,0.0,-0.1008,0.475
32.023,12.229,-0.0025,0.0285,0.3561,76.07,0.19,0.0,-0.0926,0.471
32.123,12.337,-0.0027,0.03,0.3554,75.84,0.15,0.0,-0.089,0.471
32.225,12.437,-0.003,0.0301,0.3568,74.53,0.24,0.0,-0.0885,0.47
32.324,12.542,-0.0032,0.0292,0.3556,74.55,0.14,0.0,-0.0946,0.464
32.423,12.629,-0.0042,0.0279,0.3551,74.52,0.15,0.0,-0.0883,0.464
32.523,12.739,-0.0058,0.0264,0.3547,74.17,0.11,0.0,-0.086,0.465
32.625,12.839,-0.0061,0.0246,0.3542,73.33,0.14,0.0,-0.0878,0.464
32.725,12.939,-0.0046,0.0217,0.3554,72.26,0.34,0.0,-0.0887,0.462
32.823,13.038,-0.0028,0.0213,0.3553,71.85,0.31,0.0,-0.0914,0.455
32.924,13.138,-0.0024,0.0229,0.356,71.77,0.3,0.0,-0.091,0.45
33.023,13.237,-0.0023,0.0252,0.3554,71.21,0.24,0.0,-0.0871,0.45
33.129,13.343,-0.0035,0.0262,0.3565,70.52,0.25,0.0,-0.0895,0.448
33.224,13.442,-0.0052,0.0261,0.3548,70.32,0.09,0.0,-0.0903,0.448
33.33,13.543,-0.0076,0.0243,0.3541,70.16,0.16,0.0,-0.0824,0.448
33.424,13.633,-0.0105,0.022,0.3535,69.94,0.21,0.0,-0.0815,0.448
33.524,13.739,-0.0116,0.0201,0.3521,69.14,0.04,0.0,-0.0792,0.448
33.623,13.842,-0.0096,0.0176,0.3533,68.5,0.36,0.0,-0.0908,0.448
33.728,13.938,-0.0057,0.0176,0.3535,68.27,0.38,0.0,-0.0924,0.448
33.823,14.041,-0.003,0.0205,0.3547,67.96,0.48,0.0,-0.0795,0.448
33.925,14.145,-0.0009,0.0244,0.3548,67.41,0.4,0.0,-0.0791,0.448
34.023,14.244,-0.0018,0.0249,0.3564,66.81,0.3,0.0,-0.0856,0.448
34.123,14.335,-0.0038,0.0242,0.3555,66.45,0.15,0.0,-0.0893,0.448
34.223,14.433,-0.0072,0.022,0.3541,66.22,0.11,0.0,-0.0953,0.448
34.326,14.54,-0.0133,0.0176,0.3538,65.74,0.27,0.0,-0.0945,0.448
34.423,14.633,-0.0144,0.0148,0.353,65.01,0.03,0.0,-0.093,0.448
34.527,14.741,-0.0126,0.0123,0.3539,64.49,0.37,0.0,-0.1024,0.448
34.624,14.839,-0.0083,0.0123,0.3524,64.07,0.36,0.0,-0.1065,0.448
34.723,14.949,-0.0052,0.0152,0.3536,63.66,0.47,0.0,-0.1089,0.448
34.823,15.059,-0.0023,0.0192,0.3551,63.04,0.41,0.0,-0.1089,0.448
34.923,15.138,-0.0028,0.02,0.3571,62.31,0.31,0.0,-0.1158,0.448
35.023,15.239,-0.0048,0.0197,0.3551,61.89,0.17,0.0,-0.1118,0.448
35.124,15.343,-0.0084,0.0181,0.3531,61.48,0.09,0.0,-0.1148,0.448
35.225,15.444,-0.0138,0.0151,0.353,61.01,0.18,0.0,-0.108,0.448
35.323,15.54,-0.0159,0.0125,0.3525,60.24,0.03,0.0,-0.108,0.448
35.424,15.649,-0.014,0.0081,0.3535,59.44,0.42,0.0,-0.1147,0.448
35.536,15.751,-0.0112,0.0085,0.352,59.07,0.33,0.0,-0.1105,0.448
35.625,15.846,-0.0088,0.0112,0.3532,58.63,0.38,0.0,-0.1108,0.448
35.723,15.943,-0.0068,0.0151,0.3547,57.96,0.32,0.0,-0.1147,0.449
35.824,16.053,-0.0078,0.0166,0.3568,57.2,0.27,0.0002,-0.1246,0.449
35.923,16.153,-0.0102,0.0176,0.354,56.72,0.1,0.0001,-0.122,0.448
36.023,16.251,-0.0141,0.016,0.3533,56.27,0.17,0.0001,-0.1257,0.448
36.125,16.353,-0.019,0.0133,0.3535,55.67,0.17,0.0,-0.1255,0.449
36.226,16.448,-0.0197,0.0102,0.3538,54.81,0.12,0.0,-0.1217,0.449
36.323,16.555,-0.0174,0.0056,0.3545,54.09,0.48,0.0,-0.122,0.448
36.424,16.642,-0.0148,0.0054,0.353,53.74,0.37,0.0,-0.122,0.449
36.524,16.744,-0.011,0.0081,0.354,53.12,0.44,0.0,-0.1179,0.448
36.624,16.849,-0.0082,0.011,0.3565,52.44,0.4,0.0,-0.1185,0.448
36.726,16.947,-0.0093,0.0116,0.3582,51.66,0.33,0.0,-0.1175,0.449
36.823,17.041,-0.0116,0.0115,0.3569,51.25,0.17,0.0,-0.1118,0.45
36.925,17.145,-0.0167,0.0107,0.3554,50.72,0.12,0.0,-0.1072,0.448
37.024,17.25,-0.0225,0.0097,0.3553,50.21,0.23,0.0,-0.1106,0.449
37.125,17.357,-0.0238,0.0081,0.355,49.47,0.02,0.0,-0.102,0.449
37.224,17.454,-0.0226,0.0052,0.3549,48.93,0.22,0.0,-0.102,0.448
37.325,17.558,-0.0201,0.0057,0.3522,48.57,0.28,0.0,-0.0974,0.448
37.423,17.655,-0.0183,0.0069,0.3531,48.28,0.35,0.0,-0.0974,0.448
37.523,17.749,-0.0161,0.0097,0.3553,47.67,0.27,0.0,-0.0894,0.448
37.623,17.851,-0.0167,0.0101,0.3568,47.02,0.26,0.0,-0.0932,0.448
37.724,17.954,-0.018,0.0101,0.3545,46.62,0.13,0.0,-0.1002,0.448
37.823,18.055,-0.0209,0.0097,0.3541,46.27,0.1,0.0,-0.0924,0.449
37.923,18.145,-0.0244,0.0095,0.3538,45.83,0.06,0.0,-0.0924,0.449
38.023,18.245,-0.0253,0.0082,0.354,45.1,0.14,0.0,-0.0846,0.448
38.125,18.352,-0.0251,0.0058,0.3543,44.69,0.31,0.0,-0.0885,0.448
38.223,18.454,-0.0236,0.0054,0.3527,44.4,0.27,0.0,-0.0868,0.449
38.323,18.547,-0.0224,0.0068,0.3534,43.96,0.23,0.0,-0.0888,0.449
38.427,18.651,-0.0213,0.0085,0.3539,43.44,0.21,0.0,-0.0895,0.448
38.523,18.748,-0.0223,0.0085,0.3555,42.81,0.22,0.0,-0.0936,0.448
38.623,18.848,-0.0233,0.0084,0.3526,42.41,0.1,0.0,-0.0941,0.448
38.723,18.972,-0.0258,0.0078,0.3526,42.1,0.1,0.0,-0.0954,0.449
38.823,19.158,-0.0284,0.008,0.3439,41.51,0.3,0.0,-0.0977,0.448
38.923,19.293,-0.0327,0.0064,0.3583,38.36,0.34,0.0,-0.1302,0.449
39.023,19.4,-0.0368,0.0048,0.3613,39.3,0.45,0.0,-0.1754,0.45
39.123,19.525,-0.0422,0.0022,0.3599,39.28,0.47,0.0,-0.1018,0.449
39.223,19.693,-0.0423,-0.0022,0.3584,38.73,0.23,0.0,-0.1073,0.448
39.323,19.842,-0.0398,-0.0058,0.3355,38.16,0.39,0.0,-0.093,0.449
39.423,20.006,-0.0353,-0.0096,0.3382,37.83,0.59,0.0,-0.0701,0.448
39.524,20.149,-0.0316,-0.015,0.3447,37.03,0.9,0.0,-0.0883,0.448
39.623,20.289,-0.027,-0.0148,0.3482,37.02,0.8,0.001,-0.0864,0.448
39.723,20.497,-0.0218,-0.0112,0.3483,36.36,0.68,0.0059,-0.0996,0.448
39.823,20.713,-0.0248,-0.0095,0.3763,29.84,0.45,0.002,-0.1649,0.449
39.923,20.872,-0.0271,-0.0109,0.4087,34.85,1.55,0.0004,-0.1395,0.449
40.023,21.111,-0.0319,-0.0114,0.3953,43.02,1.91,0.0,0.0205,0.449
40.123,21.346,-0.0428,-0.0132,0.3739,49.57,0.56,0.0,0.2,0.448
40.223,21.641,-0.0558,-0.0169,0.3774,52.11,0.84,0.0,0.1992,0.448
40.323,21.85,-0.0677,-0.0179,0.4024,51.37,0.85,0.0,0.1146,0.448
40.423,21.972,-0.0755,-0.0235,0.4023,44.23,2.22,0.0,0.0133,0.448
40.523,22.08,-0.081,-0.027,0.3735,37.5,0.8,0.0,-0.0667,0.449
40.623,22.196,-0.0865,-0.0314,0.3761,37.28,0.6,0.0,-0.1467,0.448
40.723,22.303,-0.0871,-0.0354,0.3728,36.3,0.7,0.0,-0.1432,0.45
40.823,22.419,-0.088,-0.0416,0.3669,35.03,0.58,0.0,-0.1271,0.448
40.923,22.559,-0.0872,-0.0423,0.3606,34.39,0.58,0.0,-0.1068,0.448
41.023,22.749,-0.0851,-0.0395,0.3503,33.67,0.34,0.0,-0.0807,0.448
41.123,22.932,-0.0879,-0.0376,0.3642,30.12,0.3,0.0001,-0.1444,0.448
41.223,23.14,-0.092,-0.039,0.3697,31.81,0.24,0.0001,-0.0888,0.448
41.323,23.31,-0.093,-0.0442,0.3708,32.2,0.28,0.0,0.0312,0.449
41.423,23.518,-0.091,-0.0437,0.3634,31.77,0.15,0.0,0.0768,0.449
41.523,23.687,-0.0879,-0.0404,0.327,32.11,0.77,0.0,0.0692,0.448
41.623,24.011,-0.0909,-0.0334,0.3263,32.21,0.87,0.0,0.0896,0.449
41.723,24.144,-0.0969,-0.0224,0.3091,32.82,2.28,0.0,0.0915,0.448
41.823,24.257,-0.1067,-0.0096,0.3126,33.32,2.21,0.0,0.0964,0.448
41.923,24.371,-0.1247,-0.0036,0.318,33.88,2.33,0.0,0.0782,0.449
42.023,24.486,-0.1457,0.0017,0.3118,33.93,1.52,0.0,0.0785,0.449
42.123,24.606,-0.1553,0.0071,0.3152,34.15,1.35,0.0,0.0787,0.448
42.223,24.959,-0.1571,0.0122,0.3137,34.72,1.23,0.0,0.0874,0.448
42.323,25.159,-0.1664,0.014,0.3159,33.29,1.73,0.0,0.0981,0.448
42.423,25.284,-0.1846,0.013,0.3338,34.84,1.77,0.0,0.0458,0.452
42.523,25.393,-0.2016,0.0121,0.3304,35.47,1.77,0.0,0.0239,0.47
42.623,25.508,-0.2089,0.0099,0.3336,35.69,1.1,0.0,0.0176,0.49
42.723,25.7,-0.2097,0.0063,0.3363,35.92,0.72,0.0,0.0319,0.5
42.823,25.976,-0.2109,-0.0002,0.3454,36.11,0.17,0.0,0.0329,0.502
42.923,26.248,-0.2082,-0.0072,0.3451,36.29,0.07,0.0,0.0331,0.505
43.023,26.507,-0.2085,-0.0144,0.3154,36.61,0.27,0.0,0.0435,0.503
43.123,26.702,-0.2147,-0.027,0.2955,36.96,1.05,0.0,0.0621,0.503
43.223,26.946,-0.2216,-0.0454,0.2993,36.94,1.64,0.0,0.0641,0.511
43.323,27.069,-0.2275,-0.0671,0.279,37.14,1.84,0.0,0.0601,0.518
43.423,27.179,-0.2326,-0.0932,0.2961,37.93,2.73,0.0,0.1001,0.524
43.523,27.293,-0.2389,-0.1306,0.3019,37.86,5.87,0.0,0.1117,0.533
43.623,27.403,-0.2436,-0.1737,0.3021,37.96,4.89,0.0,0.1172,0.538
43.723,27.523,-0.2447,-0.1962,0.3075,39.12,2.43,0.0,0.1268,0.542
43.823,27.675,-0.2429,-0.2073,0.3101,39.62,1.91,0.0,0.1222,0.548
43.923,27.934,-0.2423,-0.2126,0.3292,37.77,2.2,0.0,-0.0378,0.548
44.023,28.084,-0.2422,-0.2125,0.3673,44.0,1.63,0.0,-0.0778,0.543
44.123,28.225,-0.2367,-0.2051,0.3766,44.36,2.26,0.007,0.0422,0.559
44.223,28.419,-0.2297,-0.1982,0.3713,41.39,1.01,0.0141,-0.0835,0.561
44.325,28.57,-0.2218,-0.1936,0.3718,40.63,0.92,0.0161,-0.168,0.544
44.423,28.707,-0.221,-0.1921,0.3852,38.4,0.53,0.0086,-0.1727,0.533
44.523,28.962,-0.2242,-0.1917,0.3875,37.8,0.39,0.0003,-0.1196,0.525
44.624,29.17,-0.2283,-0.1928,0.3366,37.57,0.69,0.0,-0.0771,0.522
44.723,29.334,-0.2344,-0.2018,0.3092,36.65,0.87,0.0,-0.0698,0.525
44.823,29.501,-0.238,-0.2065,0.2979,36.12,0.74,0.0,-0.0583,0.53
44.923,29.699,-0.2391,-0.2079,0.312,35.13,0.47,0.0,-0.0988,0.532
45.023,29.898,-0.2395,-0.205,0.3327,37.33,0.13,0.0,-0.0343,0.53
45.123,30.007,-0.2347,-0.2037,0.3482,36.42,0.48,0.0,0.0457,0.534
45.223,30.168,-0.2295,-0.2028,0.3585,35.46,0.39,0.0012,0.0325,0.531
45.323,30.376,-0.2288,-0.2013,0.3627,35.94,0.24,0.0004,0.018,0.522
45.423,30.575,-0.2311,-0.2005,0.3644,35.79,0.19,0.0,0.0208,0.522
45.523,30.82,-0.2328,-0.2003,0.3648,35.95,0.21,0.0,0.0311,0.523
45.623,30.96,-0.2328,-0.1998,0.365,35.77,0.23,0.0,0.0346,0.525
45.723,31.1,-0.2319,-0.1993,0.3651,35.83,0.27,0.0,0.024,0.526
45.823,31.207,-0.2312,-0.1989,0.3651,35.83,0.29,0.0,0.0278,0.525
45.923,31.317,-0.2309,-0.1986,0.3649,36.05,0.28,0.0,0.0272,0.524
46.023,31.43,-0.2308,-0.1985,0.3646,35.99,0.28,0.0,0.0296,0.524
46.123,31.538,-0.2308,-0.1986,0.3643,35.83,0.28,0.0,0.0265,0.524
46.223,31.668,-0.2308,-0.1986,0.3639,36.11,0.26,0.0,0.0387,0.524
46.323,32.022,-0.2308,-0.1985,0.3636,36.11,0.26,0.0,0.0342,0.524
46.423,32.228,-0.2307,-0.1984,0.3634,36.12,0.26,0.0,0.0367,0.524
46.523,32.397,-0.2304,-0.1983,0.3632,36.11,0.26,0.0,0.0396,0.524
46.623,32.539,-0.2303,-0.1983,0.363,36.05,0.26,0.0,0.0396,0.524
46.723,32.651,-0.2303,-0.1983,0.3629,36.03,0.25,0.0,0.0357,0.524
46.823,32.767,-0.2303,-0.1982,0.3628,36.07,0.25,0.0,0.0321,0.524
46.923,32.883,-0.2303,-0.1982,0.3627,36.09,0.25,0.0,0.0292,0.524
47.023,32.994,-0.2302,-0.1981,0.3627,36.1,0.25,0.0,0.0256,0.524
47.123,33.329,-0.2302,-0.1981,0.3626,36.07,0.25,0.0,0.0248,0.524
47.223,33.61,-0.2301,-0.198,0.3626,36.08,0.25,0.0,0.0297,0.524
47.323,33.798,-0.2301,-0.198,0.3625,36.08,0.25,0.0,0.0308,0.524
47.424,33.923,-0.23,-0.198,0.3625,36.08,0.25,0.0,0.0295,0.524
47.523,34.036,-0.23,-0.1979,0.3624,36.08,0.24,0.0,0.033,0.524
47.624,34.146,-0.23,-0.1979,0.3624,36.07,0.24,0.0,0.0347,0.524
47.723,34.291,-0.23,-0.1979,0.3624,36.07,0.24,0.0,0.0391,0.524
47.824,34.459,-0.23,-0.1979,0.3624,36.07,0.24,0.0,0.0394,0.524
47.923,34.642,-0.2299,-0.1979,0.3623,36.07,0.24,0.0,0.0424,0.523
48.023,34.802,-0.2299,-0.1978,0.3623,36.09,0.24,0.0,0.0419,0.523
48.123,34.921,-0.2299,-0.1978,0.3623,36.08,0.24,0.0,0.0403,0.523
48.223,35.032,-0.2299,-0.1978,0.3622,36.07,0.24,0.0,0.0365,0.523
48.323,35.141,-0.2298,-0.1978,0.3622,36.07,0.24,0.0,0.0392,0.523
48.423,35.256,-0.2298,-0.1978,0.3622,36.07,0.24,0.0,0.0369,0.523
48.523,35.369,-0.2298,-0.1978,0.3622,36.07,0.24,0.0,0.0405,0.523
48.623,35.623,-0.2298,-0.1978,0.3622,36.07,0.24,0.0,0.0438,0.523
48.723,35.798,-0.2298,-0.1978,0.3621,36.07,0.24,0.0,0.0413,0.523
48.823,35.96,-0.2298,-0.1977,0.3621,36.06,0.24,0.0,0.0442,0.523
48.923,36.074,-0.2298,-0.1977,0.3621,36.07,0.24,0.0,0.0343,0.523
49.023,36.188,-0.2297,-0.1977,0.362,36.1,0.24,0.0,0.0275,0.523
49.123,36.301,-0.2297,-0.1976,0.3619,36.07,0.24,0.0,0.0235,0.523
49.223,36.421,-0.2297,-0.1976,0.3617,36.09,0.24,0.0,0.0236,0.523
49.323,36.539,-0.2297,-0.1976,0.3617,36.07,0.23,0.0,0.0201,0.523
49.423,36.739,-0.2297,-0.1976,0.3616,36.08,0.23,0.0,0.0217,0.523
49.523,37.077,-0.2297,-0.1976,0.3615,36.08,0.23,0.0,0.0353,0.523
49.623,37.227,-0.2297,-0.1976,0.3615,36.06,0.23,0.0,0.045,0.523
49.724,37.338,-0.2296,-0.1976,0.3614,36.04,0.23,0.0,0.043,0.523
49.824,37.448,-0.2296,-0.1976,0.3614,36.06,0.23,0.0,0.0431,0.523
49.923,37.566,-0.2296,-0.1976,0.3614,36.06,0.23,0.0,0.0428,0.523
50.023,37.68,-0.2296,-0.1976,0.3613,36.06,0.23,0.0,0.0394,0.523
50.123,37.795,-0.2296,-0.1976,0.3613,36.06,0.23,0.0,0.0382,0.523
50.223,37.91,-0.2296,-0.1976,0.3613,36.06,0.23,0.0,0.0341,0.523
50.326,38.039,-0.2296,-0.1976,0.3613,36.06,0.23,0.0,0.0322,0.523
50.423,38.14,-0.2296,-0.1976,0.3613,36.06,0.23,0.0,0.034,0.523
50.523,38.282,-0.2296,-0.1976,0.3613,36.06,0.23,0.0,0.03,0.523
50.623,38.46,-0.2296,-0.1976,0.3613,36.06,0.23,0.0,0.0308,0.523
50.723,38.752,-0.2296,-0.1976,0.3613,36.06,0.23,0.0,0.0354,0.523
50.823,38.91,-0.2296,-0.1976,0.3613,36.06,0.23,0.0,0.0346,0.523
50.923,39.084,-0.2296,-0.1976,0.3613,36.06,0.23,0.0,0.0307,0.523
51.023,39.2,-0.2296,-0.1976,0.3613,36.06,0.23,0.0,0.0273,0.523
51.123,39.309,-0.2296,-0.1976,0.3613,36.06,0.23,0.0,0.0284,0.523
51.223,39.424,-0.2296,-0.1976,0.3613,36.06,0.23,0.0,0.0323,0.523
51.323,39.539,-0.2296,-0.1976,0.3613,36.06,0.23,0.0,0.0319,0.523
51.423,39.656,-0.2296,-0.1976,0.3613,36.06,0.23,0.0,0.0321,0.523
51.523,39.785,-0.2296,-0.1976,0.3613,36.06,0.23,0.0,0.0305,0.523
51.623,39.901,-0.2296,-0.1976,0.3613,36.06,0.23,0.0,0.0333,0.523
51.723,40.021,-0.2296,-0.1976,0.3613,36.06,0.23,0.0,0.0302,0.523
51.823,40.138,-0.2296,-0.1976,0.3613,36.06,0.23,0.0,0.0329,0.523
51.924,40.289,-0.2296,-0.1976,0.3613,36.06,0.23,0.0,0.0337,0.523
52.023,40.383,-0.2296,-0.1976,0.3613,36.06,0.23,0.0,0.0291,0.523
52.123,40.724,-0.2296,-0.1976,0.3613,36.06,0.23,0.0,0.0385,0.523
52.223,40.955,-0.2296,-0.1976,0.3613,36.06,0.23,0.0,0.0356,0.523
52.323,41.107,-0.2296,-0.1976,0.3613,36.06,0.23,0.0,0.0321,0.523
52.423,41.219,-0.2296,-0.1976,0.3613,36.06,0.23,0.0,0.0318,0.523
52.523,41.332,-0.2296,-0.1976,0.3613,36.06,0.23,0.0,0.0352,0.523
52.623,41.443,-0.2296,-0.1976,0.3613,36.06,0.23,0.0,0.0381,0.523
52.724,41.575,-0.2296,-0.1976,0.3613,36.06,0.23,0.0,0.0392,0.523
52.824,41.686,-0.2296,-0.1976,0.3613,36.06,0.23,0.0,0.0424,0.523
52.923,41.808,-0.2296,-0.1976,0.3613,36.06,0.23,0.0,0.044,0.523
53.024,41.932,-0.2296,-0.1976,0.3613,36.06,0.23,0.0,0.0437,0.523
53.124,42.069,-0.2296,-0.1976,0.3613,36.06,0.23,0.0,0.0491,0.523
53.223,42.17,-0.2296,-0.1976,0.3613,36.06,0.23,0.0,0.0486,0.523
53.323,42.308,-0.2296,-0.1976,0.3613,36.06,0.23,0.0,0.0469,0.523
53.423,42.484,-0.2296,-0.1976,0.3613,36.06,0.23,0.0,0.0457,0.523
53.523,42.605,-0.2296,-0.1976,0.3613,36.06,0.23,0.0,0.0458,0.523
53.623,42.731,-0.2296,-0.1976,0.3613,36.06,0.23,0.0,0.0441,0.523
53.723,42.855,-0.2296,-0.1976,0.3613,36.06,0.23,0.0,0.0422,0.523
53.825,42.984,-0.2296,-0.1976,0.3613,36.06,0.23,0.0,0.045,0.523
53.923,43.115,-0.2296,-0.1976,0.3613,36.06,0.23,0.0,0.0446,0.523
54.023,43.238,-0.2296,-0.1976,0.3613,36.06,0.23,0.0,0.0454,0.523
54.123,43.358,-0.2296,-0.1976,0.3613,36.06,0.23,0.0,0.0423,0.523
54.223,43.501,-0.2296,-0.1976,0.3613,36.06,0.23,0.0,0.0307,0.523
54.323,43.63,-0.2296,-0.1976,0.3613,36.06,0.23,0.0,0.0277,0.523
54.423,43.773,-0.2296,-0.1976,0.3613,36.06,0.23,0.0,0.0278,0.523
54.523,43.928,-0.2296,-0.1976,0.3613,36.06,0.23,0.0,0.0234,0.523
54.623,44.053,-0.2296,-0.1976,0.3613,36.06,0.23,0.0,0.0231,0.523
54.724,44.201,-0.2296,-0.1976,0.3613,36.06,0.23,0.0,0.0262,0.523
54.823,44.313,-0.2296,-0.1976,0.3613,36.06,0.23,0.0,0.0317,0.523
54.923,44.436,-0.2296,-0.1976,0.3613,36.06,0.23,0.0,0.0305,0.523
55.023,44.573,-0.2296,-0.1976,0.3613,36.06,0.23,0.0,0.0315,0.523
55.123,44.741,-0.2296,-0.1976,0.3613,36.07,0.23,0.0,0.0316,0.523
55.223,44.868,-0.2296,-0.1976,0.3613,36.07,0.23,0.0,0.0233,0.523
55.323,44.992,-0.2296,-0.1976,0.3613,36.07,0.23,0.0,0.0274,0.523
55.423,45.122,-0.2296,-0.1976,0.3613,36.07,0.23,0.0,0.029,0.523
55.526,45.264,-0.2296,-0.1976,0.3613,36.07,0.23,0.0,0.0227,0.523
55.623,45.384,-0.2296,-0.1976,0.3613,36.07,0.23,0.0,0.0212,0.523
55.723,45.513,-0.2296,-0.1976,0.3613,36.07,0.23,0.0,0.0234,0.523
55.823,45.654,-0.2296,-0.1976,0.3613,36.07,0.23,0.0,0.0208,0.523
55.923,45.787,-0.2296,-0.1976,0.3613,36.07,0.23,0.0,0.0256,0.523
56.023,45.92,-0.2296,-0.1976,0.3613,36.07,0.23,0.0,0.0261,0.523
56.123,46.062,-0.2296,-0.1976,0.3613,36.07,0.23,0.0,0.0238,0.523
56.223,46.215,-0.2296,-0.1976,0.3613,36.07,0.23,0.0,0.0258,0.523
56.324,46.336,-0.2296,-0.1976,0.3613,36.07,0.23,0.0,0.025,0.523
56.423,46.46,-0.2296,-0.1976,0.3613,36.07,0.23,0.0,0.0272,0.523
56.523,46.597,-0.2296,-0.1976,0.3613,36.07,0.23,0.0,0.0274,0.523
56.623,46.739,-0.2296,-0.1976,0.3613,36.07,0.23,0.0,0.0285,0.523
56.723,46.884,-0.2296,-0.1976,0.3613,36.07,0.23,0.0,0.0325,0.523
56.823,47.023,-0.2296,-0.1976,0.3613,36.07,0.23,0.0,0.0392,0.523
56.927,47.146,-0.2296,-0.1976,0.3613,36.07,0.23,0.0,0.0384,0.523
57.023,47.281,-0.2296,-0.1976,0.3613,36.07,0.23,0.0,0.0386,0.523
57.123,47.413,-0.2296,-0.1976,0.3613,36.07,0.23,0.0,0.0369,0.523
57.223,47.587,-0.2296,-0.1976,0.3613,36.07,0.23,0.0,0.0308,0.523
57.325,47.768,-0.2296,-0.1976,0.3613,36.07,0.23,0.0,0.032,0.523
57.423,47.9,-0.2296,-0.1976,0.3613,36.07,0.23,0.0,0.026,0.523
57.523,48.035,-0.2296,-0.1976,0.3613,36.07,0.23,0.0,0.0263,0.523
57.623,48.166,-0.2296,-0.1976,0.3613,36.07,0.23,0.0,0.0287,0.523
57.723,48.296,-0.2296,-0.1976,0.3613,36.07,0.23,0.0,0.0267,0.523
57.824,48.44,-0.2296,-0.1976,0.3613,36.07,0.23,0.0,0.0226,0.523
57.923,48.586,-0.2296,-0.1976,0.3613,36.07,0.23,0.0,0.0224,0.523
58.023,48.742,-0.2296,-0.1976,0.3613,36.07,0.23,0.0,0.0216,0.523
58.124,48.885,-0.2296,-0.1976,0.3613,36.07,0.23,0.0,0.0289,0.523
58.223,49.012,-0.2296,-0.1976,0.3613,36.07,0.23,0.0,0.0301,0.523
58.328,49.171,-0.2296,-0.1976,0.3613,36.07,0.23,0.0,0.0346,0.523
58.423,49.285,-0.2296,-0.1976,0.3613,36.07,0.23,0.0,0.0356,0.523
58.533,49.441,-0.2296,-0.1976,0.3613,36.07,0.23,0.0,0.0336,0.523
58.623,49.551,-0.2296,-0.1976,0.3613,36.07,0.23,0.0,0.0364,0.523
58.724,49.724,-0.2296,-0.1976,0.3613,36.07,0.23,0.0,0.0346,0.523
58.823,49.86,-0.2296,-0.1976,0.3613,36.07,0.23,0.0,0.032,0.523
58.923,50.009,-0.2296,-0.1976,0.3613,36.07,0.23,0.0,0.0359,0.523
59.023,50.126,-0.2296,-0.1976,0.3613,36.07,0.23,0.0,0.0383,0.523
59.123,50.256,-0.2296,-0.1976,0.3613,36.07,0.23,0.0,0.0403,0.523
59.223,50.388,-0.2296,-0.1976,0.3613,36.07,0.23,0.0,0.0385,0.523
59.323,50.513,-0.2296,-0.1976,0.3613,36.07,0.23,0.0,0.0409,0.523
59.423,50.652,-0.2296,-0.1976,0.3613,36.07,0.23,0.0,0.0404,0.523
59.523,50.79,-0.2296,-0.1976,0.3613,36.07,0.23,0.0,0.0354,0.523
59.623,50.925,-0.2296,-0.1976,0.3613,36.07,0.23,0.0,0.0367,0.523
59.723,51.055,-0.2296,-0.1976,0.3613,36.07,0.23,0.0,0.034,0.523
59.823,51.205,-0.2296,-0.1976,0.3613,36.07,0.23,0.0,0.0317,0.523
59.924,51.37,-0.2296,-0.1976,0.3613,36.07,0.23,0.0,0.0304,0.523
60.023,51.504,-0.2296,-0.1976,0.3613,36.07,0.23,0.0,0.0296,0.523
60.123,51.65,-0.2296,-0.1976,0.3613,36.07,0.23,0.0,0.0329,0.523
60.223,51.791,-0.2296,-0.1976,0.3613,36.07,0.23,0.0,0.0398,0.523
60.323,51.929,-0.2296,-0.1976,0.3613,36.07,0.23,0.0,0.0411,0.523
60.423,52.055,-0.2296,-0.1976,0.3613,36.07,0.23,0.0,0.0418,0.523
60.524,52.228,-0.2296,-0.1976,0.3613,36.07,0.23,0.0,0.042,0.523
60.624,52.386,-0.2296,-0.1976,0.3613,36.07,0.23,0.0,0.0414,0.523
60.723,52.497,-0.2296,-0.1976,0.3613,36.07,0.23,0.0,0.0429,0.523
60.827,52.661,-0.2296,-0.1976,0.3613,36.07,0.23,0.0,0.0434,0.523
60.923,52.784,-0.2296,-0.1976,0.3613,36.07,0.23,0.0,0.0417,0.523
61.024,53.08,-0.2296,-0.1976,0.3613,36.07,0.23,0.0,0.047,0.523
61.123,53.24,-0.2296,-0.1976,0.3613,36.07,0.23,0.0,0.0435,0.523
61.223,53.374,-0.2296,-0.1976,0.3613,36.07,0.23,0.0,0.0458,0.523
61.323,53.505,-0.2296,-0.1976,0.3613,36.07,0.23,0.0,0.0465,0.523
61.423,53.635,-0.2296,-0.1976,0.3613,36.07,0.23,0.0,0.0483,0.523
61.523,53.789,-0.2296,-0.1976,0.3613,36.07,0.23,0.0,0.0448,0.523
61.623,53.911,-0.2296,-0.1976,0.3613,36.07,0.23,0.0,0.0454,0.523
61.723,54.043,-0.2296,-0.1976,0.3613,36.07,0.23,0.0,0.044,0.523
61.823,54.24,-0.2296,-0.1976,0.3613,36.07,0.23,0.0,0.0427,0.523
61.923,54.374,-0.2296,-0.1976,0.3613,36.07,0.23,0.0,0.0402,0.523
62.025,54.538,-0.2296,-0.1976,0.3613,36.07,0.23,0.0,0.0401,0.523
62.123,54.651,-0.2296,-0.1976,0.3613,36.07,0.23,0.0,0.0368,0.523
62.223,54.783,-0.2296,-0.1976,0.3613,36.07,0.23,0.0,0.0315,0.523
62.323,54.913,-0.2296,-0.1976,0.3613,36.07,0.23,0.0,0.0308,0.523
62.423,55.036,-0.2296,-0.1976,0.3613,36.07,0.23,0.0,0.0316,0.523
62.528,55.202,-0.2296,-0.1976,0.3613,36.07,0.23,0.0,0.0346,0.523
62.623,55.3,-0.2296,-0.1976,0.3613,36.07,0.23,0.0,0.0372,0.523
62.725,55.451,-0.2296,-0.1976,0.3613,36.07,0.23,0.0,0.0361,0.523
62.825,55.572,-0.2296,-0.1976,0.3613,36.07,0.23,0.0,0.0325,0.523
62.923,55.709,-0.2296,-0.1976,0.3613,36.07,0.23,0.0,0.0311,0.523
63.023,55.85,-0.2296,-0.1976,0.3613,36.07,0.23,0.0,0.0316,0.523
63.123,55.977,-0.2296,-0.1976,0.3613,36.07,0.23,0.0,0.028,0.523
63.223,56.131,-0.2296,-0.1976,0.3613,36.07,0.23,0.0,0.0225,0.523
63.332,56.277,-0.2296,-0.1976,0.3613,36.07,0.23,0.0,0.029,0.523
63.423,56.396,-0.2296,-0.1976,0.3613,36.07,0.23,0.0,0.0294,0.523
63.523,56.536,-0.2296,-0.1976,0.3613,36.07,0.23,0.0,0.0308,0.523
63.623,56.689,-0.2296,-0.1976,0.3613,36.07,0.23,0.0,0.0276,0.523
63.723,56.848,-0.2296,-0.1976,0.3613,36.07,0.23,0.0,0.0239,0.523
63.823,56.97,-0.2296,-0.1976,0.3613,36.07,0.23,0.0,0.0234,0.523
63.923,57.099,-0.2296,-0.1976,0.3613,36.07,0.23,0.0,0.0176,0.523
64.023,57.229,-0.2296,-0.1976,0.3613,36.07,0.23,0.0,0.0205,0.523
64.123,57.368,-0.2296,-0.1976,0.3613,36.07,0.23,0.0,0.0183,0.523
64.223,57.516,-0.2296,-0.1976,0.3613,36.07,0.23,0.0,0.0214,0.523
64.323,57.649,-0.2296,-0.1976,0.3613,36.07,0.23,0.0,0.0189,0.523
64.423,57.775,-0.2296,-0.1976,0.3613,36.07,0.23,0.0,0.0243,0.523
64.523,57.929,-0.2296,-0.1976,0.3613,36.07,0.23,0.0,0.0286,0.523
64.625,58.063,-0.2296,-0.1976,0.3613,36.07,0.23,0.0,0.0236,0.523
64.723,58.178,-0.2296,-0.1976,0.3613,36.07,0.23,0.0,0.0216,0.523
64.823,58.412,-0.2296,-0.1976,0.3613,36.07,0.23,0.0,0.0253,0.523
64.923,58.602,-0.2296,-0.1976,0.3613,36.07,0.23,0.0,0.0261,0.523
65.025,58.801,-0.2296,-0.1976,0.3613,36.07,0.23,0.0,0.0291,0.523
65.123,58.924,-0.2296,-0.1976,0.3613,36.07,0.23,0.0,0.0306,0.523
65.223,59.083,-0.2296,-0.1976,0.3613,36.07,0.23,0.0,0.0334,0.523
65.323,59.201,-0.2296,-0.1976,0.3613,36.07,0.23,0.0,0.0325,0.523
65.423,59.333,-0.2296,-0.1976,0.3613,36.07,0.23,0.0,0.0258,0.523
65.523,59.458,-0.2296,-0.1976,0.3613,36.07,0.23,0.0,0.0294,0.523
65.623,59.59,-0.2296,-0.1976,0.3613,36.07,0.23,0.0,0.0244,0.523
65.723,59.719,-0.2296,-0.1976,0.3613,36.07,0.23,0.0,0.02,0.523
65.823,59.862,-0.2296,-0.1976,0.3613,36.07,0.23,0.0,0.0191,0.523
65.923,59.975,-0.2296,-0.1976,0.3613,36.07,0.23,0.0,0.0109,0.523
66.023,60.103,-0.2296,-0.1976,0.3613,36.07,0.23,0.0,0.0132,0.523
66.123,60.28,-0.2296,-0.1976,0.3613,36.07,0.23,0.0,0.0216,0.523
66.223,60.469,-0.2296,-0.1976,0.3613,36.07,0.23,0.0,0.025,0.523
66.323,60.617,-0.2296,-0.1976,0.3613,36.07,0.23,0.0,0.0281,0.523
66.423,60.738,-0.2296,-0.1976,0.3613,36.07,0.23,0.0,0.0312,0.523
66.523,60.886,-0.2296,-0.1976,0.3613,36.07,0.23,0.0,0.033,0.523
66.623,60.984,-0.2296,-0.1976,0.3613,36.07,0.23,0.0,0.0322,0.523
66.723,61.116,-0.2296,-0.1976,0.3613,36.07,0.23,0.0,0.0334,0.523
66.823,61.238,-0.2296,-0.1976,0.3613,36.07,0.23,0.0,0.0337,0.523
66.923,61.373,-0.2296,-0.1976,0.3613,36.07,0.23,0.0,0.0367,0.523
67.023,61.551,-0.2296,-0.1976,0.3613,36.07,0.23,0.0,0.0312,0.523
67.123,61.677,-0.2296,-0.1976,0.3613,36.07,0.23,0.0,0.0308,0.523
67.223,61.815,-0.2296,-0.1976,0.3613,36.07,0.23,0.0,0.0314,0.523
67.323,61.942,-0.2296,-0.1976,0.3613,36.07,0.23,0.0,0.0341,0.523
67.423,62.066,-0.2296,-0.1976,0.3613,36.07,0.23,0.0,0.0379,0.523
67.523,62.195,-0.2296,-0.1976,0.3613,36.07,0.23,0.0,0.0437,0.523
67.623,62.323,-0.2296,-0.1976,0.3613,36.07,0.23,0.0,0.0387,0.523
67.723,62.439,-0.2296,-0.1976,0.3613,36.07,0.23,0.0,0.0402,0.523
67.823,62.628,-0.2296,-0.1976,0.3613,36.07,0.23,0.0,0.0415,0.523
67.923,62.851,-0.2296,-0.1976,0.3613,36.07,0.23,0.0,0.0354,0.523
68.023,62.997,-0.2296,-0.1976,0.3613,36.07,0.23,0.0,0.0382,0.523
68.124,63.125,-0.2296,-0.1976,0.3613,36.07,0.23,0.0,0.04,0.523
68.223,63.232,-0.2296,-0.1976,0.3613,36.07,0.23,0.0,0.0431,0.523
68.323,63.355,-0.2296,-0.1976,0.3613,36.07,0.23,0.0,0.0438,0.523
68.423,63.472,-0.2296,-0.1976,0.3613,36.07,0.23,0.0,0.0433,0.523
68.523,63.593,-0.2296,-0.1976,0.3613,36.07,0.23,0.0,0.0436,0.523
68.623,63.717,-0.2296,-0.1976,0.3613,36.07,0.23,0.0,0.0411,0.523
68.723,63.839,-0.2296,-0.1976,0.3613,36.07,0.23,0.0,0.0396,0.523
68.824,63.988,-0.2296,-0.1976,0.3613,36.07,0.23,0.0,0.0353,0.523
68.923,64.092,-0.2296,-0.1976,0.3613,36.07,0.23,0.0,0.0306,0.523
69.023,64.218,-0.2296,-0.1976,0.3613,36.07,0.23,0.0,0.03,0.523
69.123,64.486,-0.2296,-0.1976,0.3613,36.07,0.23,0.0,0.0333,0.523
69.223,64.736,-0.2296,-0.1976,0.3613,36.07,0.23,0.0,0.0353,0.523
69.323,64.881,-0.2296,-0.1976,0.3613,36.07,0.23,0.0,0.0287,0.523
69.423,65.0,-0.2296,-0.1976,0.3613,36.07,0.23,0.0,0.0283,0.523
69.523,65.131,-0.2296,-0.1976,0.3613,36.07,0.23,0.0,0.0277,0.523
69.623,65.246,-0.2296,-0.1976,0.3613,36.07,0.23,0.0,0.028,0.523
69.723,65.364,-0.2296,-0.1976,0.3613,36.07,0.23,0.0,0.0307,0.523
69.823,65.486,-0.2296,-0.1976,0.3613,36.07,0.23,0.0,0.0319,0.523
69.923,65.608,-0.2296,-0.1976,0.3613,36.07,0.23,0.0,0.0331,0.523
70.023,65.728,-0.2296,-0.1976,0.3613,36.07,0.23,0.0,0.0336,0.523
70.126,65.872,-0.2296,-0.1976,0.3613,36.07,0.23,0.0,0.035,0.523
70.223,65.979,-0.2296,-0.1976,0.3613,36.07,0.23,0.0,0.031,0.523
70.323,66.114,-0.2296,-0.1976,0.3613,36.07,0.23,0.0,0.0303,0.523
70.423,66.232,-0.2296,-0.1976,0.3613,36.07,0.23,0.0,0.0296,0.523
70.523,66.377,-0.2296,-0.1976,0.3613,36.07,0.23,0.0,0.0345,0.523
70.623,66.501,-0.2296,-0.1976,0.3613,36.07,0.23,0.0,0.0343,0.523
70.725,66.621,-0.2296,-0.1976,0.3613,36.07,0.23,0.0,0.0356,0.523
70.823,66.736,-0.2296,-0.1976,0.3613,36.07,0.23,0.0,0.0355,0.523
70.923,66.86,-0.2296,-0.1976,0.3613,36.07,0.23,0.0,0.036,0.523
71.023,66.991,-0.2296,-0.1976,0.3613,36.07,0.23,0.0,0.0383,0.523
71.126,67.134,-0.2296,-0.1976,0.3613,36.07,0.23,0.0,0.0378,0.523
71.223,67.237,-0.2296,-0.1976,0.3613,36.07,0.23,0.0,0.0362,0.523
71.323,67.362,-0.2296,-0.1976,0.3613,36.07,0.23,0.0,0.0312,0.523
71.423,67.501,-0.2296,-0.1976,0.3613,36.07,0.23,0.0,0.0335,0.523
71.523,67.63,-0.2296,-0.1976,0.3613,36.07,0.23,0.0,0.0343,0.523
71.623,67.758,-0.2296,-0.1976,0.3613,36.07,0.23,0.0,0.0332,0.523
71.723,67.878,-0.2296,-0.1976,0.3613,36.07,0.23,0.0,0.0348,0.523
71.823,68.004,-0.2296,-0.1976,0.3613,36.07,0.23,0.0,0.0326,0.523
71.927,68.147,-0.2296,-0.1976,0.3613,36.07,0.23,0.0,0.0346,0.523
72.023,68.256,-0.2296,-0.1976,0.3613,36.07,0.23,0.0,0.0392,0.523
72.129,68.4,-0.2296,-0.1976,0.3613,36.07,0.23,0.0,0.0352,0.523
72.225,68.533,-0.2296,-0.1976,0.3613,36.07,0.23,0.0,0.0344,0.523
72.323,68.653,-0.2296,-0.1976,0.3613,36.07,0.23,0.0,0.0325,0.523
72.423,68.784,-0.2296,-0.1976,0.3613,36.07,0.23,0.0,0.0263,0.523
72.523,68.91,-0.2296,-0.1976,0.3613,36.07,0.23,0.0,0.0294,0.523
72.623,69.041,-0.2296,-0.1976,0.3613,36.07,0.23,0.0,0.0261,0.523
72.724,69.183,-0.2296,-0.1976,0.3613,36.07,0.23,0.0,0.0275,0.523
72.823,69.303,-0.2296,-0.1976,0.3613,36.07,0.23,0.0,0.03,0.523
72.923,69.441,-0.2296,-0.1976,0.3613,36.07,0.23,0.0,0.0325,0.523
73.023,69.602,-0.2296,-0.1976,0.3613,36.07,0.23,0.0,0.0394,0.523
73.123,69.723,-0.2296,-0.1976,0.3613,36.07,0.23,0.0,0.0442,0.523
73.223,69.889,-0.2296,-0.1976,0.3613,36.07,0.23,0.0,0.0473,0.523
73.323,70.014,-0.2296,-0.1976,0.3613,36.07,0.23,0.0,0.0464,0.523
73.423,70.136,-0.2296,-0.1976,0.3613,36.07,0.23,0.0,0.0429,0.523
73.523,70.268,-0.2296,-0.1976,0.3613,36.07,0.23,0.0,0.0396,0.523
73.623,70.399,-0.2296,-0.1976,0.3613,36.07,0.23,0.0,0.0401,0.523
73.723,70.518,-0.2296,-0.1976,0.3613,36.07,0.23,0.0,0.0357,0.523
73.823,70.696,-0.2296,-0.1976,0.3613,36.07,0.23,0.0,0.0338,0.523
73.923,70.887,-0.2296,-0.1976,0.3613,36.07,0.23,0.0,0.0347,0.523
74.023,71.023,-0.2296,-0.1976,0.3613,36.07,0.23,0.0,0.0311,0.523
74.123,71.145,-0.2296,-0.1976,0.3613,36.07,0.23,0.0,0.0231,0.523
74.223,71.273,-0.2296,-0.1976,0.3613,36.07,0.23,0.0,0.0237,0.523
74.323,71.407,-0.2296,-0.1976,0.3613,36.07,0.23,0.0,0.0246,0.523
74.423,71.541,-0.2296,-0.1976,0.3613,36.07,0.23,0.0,0.0325,0.523
74.523,71.66,-0.2296,-0.1976,0.3613,36.07,0.23,0.0,0.0286,0.523
74.626,71.816,-0.2296,-0.1976,0.3613,36.07,0.23,0.0,0.0248,0.523
74.724,71.95,-0.2296,-0.1976,0.3613,36.07,0.23,0.0,0.0281,0.523
74.823,72.055,-0.2296,-0.1976,0.3613,36.07,0.23,0.0,0.0265,0.523
74.923,72.195,-0.2296,-0.1976,0.3613,36.07,0.23,0.0,0.0323,0.523
75.022,72.385,-0.2296,-0.1976,0.3613,36.07,0.23,0.0,0.0339,0.523
75.123,72.54,-0.2296,-0.1976,0.3613,36.07,0.23,0.0,0.0329,0.523
75.222,72.658,-0.2296,-0.1976,0.3613,36.07,0.23,0.0,0.0332,0.523
75.322,72.783,-0.2296,-0.1976,0.3613,36.07,0.23,0.0,0.0326,0.523
75.422,72.907,-0.2296,-0.1976,0.3613,36.07,0.23,0.0,0.0365,0.523
75.522,73.034,-0.2296,-0.1976,0.3613,36.07,0.23,0.0,0.0332,0.523
75.622,73.155,-0.2296,-0.1976,0.3613,36.07,0.23,0.0,0.037,0.523
75.722,73.285,-0.2296,-0.1976,0.3613,36.07,0.23,0.0,0.0308,0.523
75.825,73.437,-0.2296,-0.1976,0.3613,36.07,0.23,0.0,0.0306,0.523
75.922,73.559,-0.2296,-0.1976,0.3613,36.07,0.23,0.0,0.0319,0.523
76.022,73.687,-0.2296,-0.1976,0.3613,36.07,0.23,0.0,0.0303,0.523
76.122,73.838,-0.2296,-0.1976,0.3613,36.07,0.23,0.0,0.0307,0.523
76.222,73.97,-0.2296,-0.1976,0.3613,36.07,0.23,0.0,0.0266,0.523
76.322,74.093,-0.2296,-0.1976,0.3613,36.07,0.23,0.0,0.0203,0.523
76.433,74.244,-0.2296,-0.1976,0.3613,36.07,0.23,0.0,0.0185,0.523
76.522,74.359,-0.2296,-0.1976,0.3613,36.07,0.23,0.0,0.023,0.523
76.622,74.533,-0.2296,-0.1976,0.3613,36.07,0.23,0.0,0.0259,0.523
76.722,74.783,-0.2296,-0.1976,0.3613,36.07,0.23,0.0,0.0132,0.523
76.822,74.905,-0.2296,-0.1976,0.3613,36.07,0.23,0.0,0.0131,0.523
76.922,75.034,-0.2296,-0.1976,0.3613,36.07,0.23,0.0,0.0184,0.523
77.022,75.157,-0.2296,-0.1976,0.3613,36.07,0.23,0.0,0.0202,0.523
77.122,75.28,-0.2296,-0.1976,0.3613,36.07,0.23,0.0,0.0238,0.523
77.222,75.58,-0.2296,-0.1976,0.3613,36.07,0.23,0.0,0.025,0.523
77.322,75.72,-0.2296,-0.1976,0.3613,36.07,0.23,0.0,0.0254,0.523
77.422,75.862,-0.2296,-0.1976,0.3613,36.07,0.23,0.0,0.0257,0.523
77.522,75.978,-0.2296,-0.1976,0.3613,36.07,0.23,0.0,0.026,0.523
77.623,76.118,-0.2296,-0.1976,0.3613,36.07,0.23,0.0,0.0261,0.523
77.722,76.211,-0.2296,-0.1976,0.3613,36.07,0.23,0.0,0.0248,0.523
77.822,76.443,-0.2296,-0.1976,0.3613,36.07,0.23,0.0,0.0249,0.523
77.922,76.711,-0.2296,-0.1976,0.3613,36.07,0.23,0.0,0.0273,0.523
78.022,76.884,-0.2296,-0.1976,0.3613,36.07,0.23,0.0,0.0259,0.523
78.122,77.012,-0.2296,-0.1976,0.3613,36.07,0.23,0.0,0.0257,0.523
78.222,77.125,-0.2296,-0.1976,0.3613,36.07,0.23,0.0,0.0251,0.523
78.322,77.237,-0.2296,-0.1976,0.3613,36.07,0.23,0.0,0.0279,0.523
78.422,77.348,-0.2296,-0.1976,0.3613,36.07,0.23,0.0,0.0289,0.523
78.523,77.47,-0.2296,-0.1976,0.3613,36.07,0.23,0.0,0.0235,0.523
78.622,77.575,-0.2296,-0.1976,0.3613,36.07,0.23,0.0,0.0255,0.523
78.722,77.687,-0.2296,-0.1976,0.3613,36.07,0.23,0.0,0.0297,0.523
78.822,77.8,-0.2296,-0.1976,0.3613,36.07,0.23,0.0,0.0282,0.523
78.922,77.917,-0.2296,-0.1976,0.3613,36.07,0.23,0.0,0.0291,0.523
79.022,78.03,-0.2296,-0.1976,0.3613,36.07,0.23,0.0,0.0309,0.523
79.122,78.192,-0.2296,-0.1976,0.3613,36.07,0.23,0.0,0.0374,0.523
79.222,78.389,-0.2296,-0.1976,0.3613,36.07,0.23,0.0,0.042,0.523
79.322,78.501,-0.2296,-0.1976,0.3613,36.07,0.23,0.0,0.0383,0.523
79.422,78.622,-0.2296,-0.1976,0.3613,36.07,0.23,0.0,0.0371,0.523
79.522,78.741,-0.2296,-0.1976,0.3613,36.07,0.23,0.0,0.0358,0.523
79.622,78.858,-0.2296,-0.1976,0.3613,36.07,0.23,0.0,0.0324,0.523
79.722,78.974,-0.2296,-0.1976,0.3613,36.07,0.23,0.0,0.0343,0.523
79.822,79.106,-0.2296,-0.1976,0.3613,36.07,0.23,0.0,0.028,0.523
79.922,79.2,-0.2296,-0.1976,0.3613,36.07,0.23,0.0,0.0292,0.523
80.022,79.528,-0.2296,-0.1976,0.3613,36.07,0.23,0.0,0.0272,0.523
80.122,79.716,-0.2296,-0.1976,0.3613,36.07,0.23,0.0,0.0325,0.523
80.222,79.847,-0.2296,-0.1976,0.3613,36.07,0.23,0.0,0.0327,0.523
80.322,79.955,-0.2296,-0.1976,0.3613,36.07,0.23,0.0,0.0299,0.523
80.427,80.082,-0.2296,-0.1976,0.3613,36.07,0.23,0.0,0.0353,0.523
80.522,80.179,-0.2296,-0.1976,0.3613,36.07,0.23,0.0,0.036,0.523
80.622,80.288,-0.2296,-0.1976,0.3613,36.07,0.23,0.0,0.0382,0.523
80.722,80.412,-0.2296,-0.1976,0.3613,36.07,0.23,0.0,0.0418,0.523
80.822,80.511,-0.2296,-0.1976,0.3613,36.07,0.23,0.0,0.0393,0.523
80.922,80.632,-0.2296,-0.1976,0.3613,36.07,0.23,0.0,0.0419,0.523
81.022,80.847,-0.2296,-0.1976,0.3613,36.07,0.23,0.0,0.0414,0.523
81.122,81.0,-0.2296,-0.1976,0.3613,36.07,0.23,0.0,0.0382,0.523
81.222,81.113,-0.2296,-0.1976,0.3613,36.07,0.23,0.0,0.0363,0.523
81.322,81.222,-0.2296,-0.1976,0.3613,36.07,0.23,0.0,0.0391,0.523
81.422,81.333,-0.2296,-0.1976,0.3613,36.07,0.23,0.0,0.0356,0.523
81.522,81.474,-0.2296,-0.1976,0.3613,36.07,0.23,0.0,0.0345,0.523
81.622,81.584,-0.2296,-0.1976,0.3613,36.07,0.23,0.0,0.0365,0.523
81.722,81.693,-0.2296,-0.1976,0.3613,36.07,0.23,0.0,0.0332,0.523
81.822,81.948,-0.2296,-0.1976,0.3613,36.07,0.23,0.0,0.0318,0.523
81.922,82.069,-0.2296,-0.1976,0.3613,36.07,0.23,0.0,0.0308,0.523
82.022,82.207,-0.2296,-0.1976,0.3613,36.07,0.23,0.0,0.0254,0.523
82.122,82.319,-0.2296,-0.1976,0.3613,36.07,0.23,0.0,0.0229,0.523
82.222,82.431,-0.2296,-0.1976,0.3613,36.07,0.23,0.0,0.0217,0.523
82.323,82.55,-0.2296,-0.1976,0.3613,36.07,0.23,0.0,0.0239,0.523
82.422,82.668,-0.2296,-0.1976,0.3613,36.07,0.23,0.0,0.0194,0.523
82.522,82.87,-0.2296,-0.1976,0.3613,36.07,0.23,0.0,0.021,0.523
82.622,83.029,-0.2296,-0.1976,0.3613,36.07,0.23,0.0,0.0278,0.523
82.722,83.159,-0.2296,-0.1976,0.3613,36.07,0.23,0.0,0.0307,0.523
82.822,83.28,-0.2296,-0.1976,0.3613,36.07,0.23,0.0,0.0307,0.523
82.922,83.406,-0.2296,-0.1976,0.3613,36.06,0.23,0.0,0.0389,0.523
83.022,83.524,-0.2296,-0.1976,0.3612,36.05,0.23,0.0,0.0384,0.523
83.122,83.648,-0.2296,-0.1976,0.3612,36.06,0.23,0.0,0.0395,0.523
83.222,83.921,-0.2296,-0.1976,0.3612,36.06,0.23,0.0,0.0411,0.523
83.322,84.096,-0.2296,-0.1976,0.3612,36.07,0.23,0.0,0.0396,0.523
83.422,84.22,-0.2296,-0.1976,0.3612,36.07,0.23,0.0,0.0435,0.523
83.522,84.329,-0.2296,-0.1976,0.3611,36.07,0.23,0.0,0.0428,0.523
83.627,84.458,-0.2296,-0.1976,0.3611,36.04,0.23,0.0,0.0451,0.523
83.722,84.55,-0.2296,-0.1976,0.361,36.04,0.23,0.0,0.0426,0.523
83.822,84.667,-0.2296,-0.1976,0.361,36.05,0.23,0.0,0.0407,0.523
83.925,84.798,-0.2296,-0.1976,0.361,36.05,0.23,0.0,0.0,0.523
84.022,84.899,-0.2296,-0.1976,0.361,36.07,0.23,0.0,0.0,0.523
84.122,85.058,-0.2296,-0.1976,0.3609,36.07,0.23,0.0,-0.0041,0.523
84.222,85.397,-0.2296,-0.1976,0.3609,36.07,0.23,0.0,0.0008,0.523
84.322,85.512,-0.2296,-0.1976,0.3609,36.07,0.23,0.0,0.0027,0.523
84.422,85.624,-0.2296,-0.1976,0.3609,36.07,0.23,0.0,0.0159,0.523
84.522,85.735,-0.2296,-0.1976,0.3609,36.07,0.23,0.0,0.0205,0.523
84.622,85.844,-0.2296,-0.1976,0.3609,36.06,0.23,0.0,0.024,0.523
84.722,85.95,-0.2296,-0.1976,0.3609,36.06,0.23,0.0,0.0307,0.523
84.822,86.157,-0.2296,-0.1976,0.3609,36.06,0.23,0.0,0.0309,0.523
84.922,86.439,-0.2296,-0.1976,0.3609,36.06,0.23,0.0,0.0332,0.523
85.022,86.572,-0.2296,-0.1976,0.3608,36.07,0.23,0.0,0.0266,0.523
85.122,86.714,-0.2296,-0.1976,0.3608,36.07,0.23,0.0,0.0286,0.523
85.222,86.824,-0.2296,-0.1976,0.3608,36.07,0.23,0.0,0.0347,0.523
85.322,86.934,-0.2296,-0.1976,0.3608,36.06,0.23,0.0,0.0355,0.523
85.422,87.043,-0.2296,-0.1976,0.3607,36.07,0.23,0.0,0.0392,0.523
85.522,87.16,-0.2296,-0.1976,0.3606,36.06,0.23,0.0,0.035,0.523
85.625,87.28,-0.2296,-0.1976,0.3606,36.05,0.23,0.0,0.0351,0.523
85.722,87.381,-0.2296,-0.1976,0.3606,36.06,0.23,0.0,0.0319,0.523
85.822,87.491,-0.2296,-0.1976,0.3606,36.06,0.23,0.0,0.0337,0.523
85.922,87.603,-0.2296,-0.1976,0.3606,36.06,0.23,0.0,0.0312,0.523
86.022,87.838,-0.2296,-0.1976,0.3606,36.07,0.23,0.0,0.0373,0.523
86.122,88.047,-0.2296,-0.1976,0.3606,36.07,0.23,0.0,0.0393,0.523
86.222,88.163,-0.2296,-0.1976,0.3606,36.07,0.23,0.0,0.0455,0.523
86.322,88.269,-0.2296,-0.1976,0.3606,36.07,0.23,0.0,0.045,0.523
86.422,88.427,-0.2296,-0.1976,0.3606,36.07,0.23,0.0,0.0423,0.523
86.522,88.544,-0.2296,-0.1976,0.3606,36.07,0.23,0.0,0.0384,0.523
86.622,88.655,-0.2296,-0.1976,0.3606,36.07,0.23,0.0,0.0379,0.523
86.722,88.772,-0.2296,-0.1976,0.3606,36.07,0.23,0.0,0.0358,0.523
86.826,88.893,-0.2296,-0.1976,0.3606,36.07,0.23,0.0,0.0374,0.523
86.922,88.991,-0.2296,-0.1976,0.3606,36.07,0.23,0.0,0.0334,0.523
87.023,89.119,-0.2296,-0.1976,0.3606,36.07,0.23,0.0,0.0304,0.523
87.122,89.222,-0.2296,-0.1976,0.3606,36.07,0.23,0.0,0.0331,0.523
87.222,89.338,-0.2296,-0.1976,0.3606,36.07,0.23,0.0,0.0394,0.523
87.322,89.634,-0.2296,-0.1976,0.3606,36.07,0.23,0.0,0.0392,0.523
87.422,89.829,-0.2296,-0.1976,0.3606,36.07,0.23,0.0,0.0386,0.523
87.522,89.936,-0.2296,-0.1976,0.3606,36.07,0.23,0.0,0.034,0.523
87.622,90.043,-0.2296,-0.1976,0.3606,36.07,0.23,0.0,0.0293,0.523
87.723,90.171,-0.2296,-0.1976,0.3606,36.07,0.23,0.0,0.0278,0.523
87.822,90.262,-0.2296,-0.1976,0.3606,36.07,0.23,0.0,0.0297,0.523
87.922,90.496,-0.2296,-0.1976,0.3606,36.07,0.23,0.0,0.0258,0.523
88.022,90.727,-0.2296,-0.1976,0.3606,36.07,0.23,0.0,0.023,0.523
88.122,90.867,-0.2296,-0.1976,0.3606,36.07,0.23,0.0,0.0219,0.523
88.222,90.97,-0.2296,-0.1976,0.3606,36.07,0.23,0.0,0.0248,0.523
88.322,91.077,-0.2296,-0.1976,0.3606,36.07,0.23,0.0,0.0253,0.523
88.422,91.185,-0.2296,-0.1976,0.3606,36.07,0.23,0.0,0.025,0.523
88.522,91.291,-0.2296,-0.1976,0.3606,36.07,0.23,0.0,0.0229,0.523
88.622,91.399,-0.2296,-0.1976,0.3606,36.07,0.23,0.0,0.0251,0.523
88.722,91.553,-0.2296,-0.1976,0.3606,36.07,0.23,0.0,0.0198,0.523
88.822,91.663,-0.2296,-0.1976,0.3606,36.07,0.23,0.0,0.0213,0.523
88.922,91.772,-0.2296,-0.1976,0.3606,36.07,0.23,0.0,0.0221,0.523
89.022,91.889,-0.2296,-0.1976,0.3606,36.07,0.23,0.0,0.0248,0.523
89.122,92.003,-0.2296,-0.1976,0.3606,36.07,0.23,0.0,0.0255,0.523
89.222,92.116,-0.2296,-0.1976,0.3606,36.07,0.23,0.0,0.0299,0.523
89.322,92.23,-0.2296,-0.1976,0.3606,36.07,0.23,0.0,0.0313,0.523
89.422,92.346,-0.2296,-0.1976,0.3606,36.07,0.23,0.0,0.0304,0.523
89.522,92.462,-0.2296,-0.1976,0.3606,36.07,0.23,0.0,0.0341,0.523
89.622,92.574,-0.2296,-0.1976,0.3606,36.07,0.23,0.0,0.0412,0.523
89.722,92.692,-0.2296,-0.1976,0.3606,36.07,0.23,0.0,0.0416,0.523
89.822,92.865,-0.2296,-0.1976,0.3606,36.07,0.23,0.0,0.0395,0.523
89.922,92.975,-0.2296,-0.1976,0.3606,36.07,0.23,0.0,0.0379,0.523
90.022,93.089,-0.2296,-0.1976,0.3606,36.07,0.23,0.0,0.0393,0.523
90.122,93.205,-0.2296,-0.1976,0.3606,36.07,0.23,0.0,0.0343,0.523
90.224,93.333,-0.2296,-0.1976,0.3606,36.07,0.23,0.0,0.0317,0.523
90.322,93.44,-0.2296,-0.1976,0.3606,36.07,0.23,0.0,0.034,0.523
90.427,93.572,-0.2296,-0.1976,0.3606,36.07,0.23,0.0,0.0354,0.523
90.522,93.673,-0.2296,-0.1976,0.3606,36.07,0.23,0.0,0.0403,0.523
90.622,93.938,-0.2296,-0.1976,0.3606,36.07,0.23,0.0,0.0382,0.523
90.722,94.164,-0.2296,-0.1976,0.3606,36.07,0.23,0.0,0.0365,0.523
90.822,94.334,-0.2296,-0.1976,0.3606,36.07,0.23,0.0,0.0281,0.523
90.922,94.463,-0.2296,-0.1976,0.3606,36.07,0.23,0.0,0.0298,0.523
91.022,94.571,-0.2296,-0.1976,0.3606,36.07,0.23,0.0,0.0303,0.523
91.122,94.702,-0.2296,-0.1976,0.3606,36.07,0.23,0.0,0.0305,0.523
91.222,94.82,-0.2296,-0.1976,0.3606,36.07,0.23,0.0,0.0355,0.523
91.323,94.954,-0.2296,-0.1976,0.3606,36.07,0.23,0.0,0.0413,0.523
91.422,95.048,-0.2296,-0.1976,0.3606,36.07,0.23,0.0,0.035,0.523
91.522,95.16,-0.2296,-0.1976,0.3606,36.07,0.23,0.0,0.0375,0.523
91.622,95.306,-0.2296,-0.1976,0.3606,36.07,0.23,0.0,0.0362,0.523
91.722,95.595,-0.2296,-0.1976,0.3606,36.07,0.23,0.0,0.0285,0.523
91.822,95.751,-0.2296,-0.1976,0.3606,36.07,0.23,0.0,0.0279,0.523
91.922,95.89,-0.2296,-0.1976,0.3606,36.07,0.23,0.0,0.0276,0.523
92.022,95.999,-0.2296,-0.1976,0.3606,36.07,0.23,0.0,0.0286,0.523
92.122,96.117,-0.2296,-0.1976,0.3606,36.07,0.23,0.0,0.0278,0.523
92.222,96.227,-0.2296,-0.1976,0.3606,36.07,0.23,0.0,0.0317,0.523
92.323,96.346,-0.2296,-0.1976,0.3606,36.07,0.23,0.0,0.0323,0.523
92.422,96.447,-0.2296,-0.1976,0.3606,36.07,0.23,0.0,0.027,0.523
92.522,96.666,-0.2296,-0.1976,0.3606,36.07,0.23,0.0,0.0221,0.523
92.622,96.91,-0.2296,-0.1976,0.3606,36.07,0.23,0.0,0.0173,0.523
92.722,97.032,-0.2296,-0.1976,0.3606,36.07,0.23,0.0,0.0228,0.523
92.822,97.156,-0.2296,-0.1976,0.3606,36.07,0.23,0.0,0.0246,0.523
92.922,97.294,-0.2296,-0.1976,0.3606,36.07,0.23,0.0,0.033,0.523
93.022,97.402,-0.2296,-0.1976,0.3606,36.07,0.23,0.0,0.0317,0.523
93.122,97.507,-0.2296,-0.1976,0.3606,36.07,0.23,0.0,0.0283,0.523
93.222,97.615,-0.2296,-0.1976,0.3606,36.07,0.23,0.0,0.0295,0.523
93.322,97.737,-0.2296,-0.1976,0.3606,36.07,0.23,0.0,0.0328,0.523
93.422,97.846,-0.2296,-0.1976,0.3606,36.07,0.23,0.0,0.0325,0.523
93.522,97.955,-0.2296,-0.1976,0.3606,36.07,0.23,0.0,0.0346,0.523
93.622,98.067,-0.2296,-0.1976,0.3606,36.07,0.23,0.0,0.0396,0.523
93.722,98.193,-0.2296,-0.1976,0.3606,36.07,0.23,0.0,0.0412,0.523
93.825,98.307,-0.2296,-0.1976,0.3606,36.07,0.23,0.0,0.0426,0.523
93.922,98.411,-0.2296,-0.1976,0.3606,36.07,0.23,0.0,0.0431,0.523
94.022,98.779,-0.2296,-0.1976,0.3606,36.07,0.23,0.0,0.0368,0.523
94.122,98.956,-0.2296,-0.1976,0.3606,36.07,0.23,0.0,0.0359,0.523
94.224,99.063,-0.2296,-0.1976,0.3606,36.07,0.23,0.0,0.0359,0.523
94.322,99.179,-0.2296,-0.1976,0.3606,36.07,0.23,0.0,0.0376,0.523
94.422,99.288,-0.2296,-0.1976,0.3606,36.07,0.23,0.0,0.0399,0.523
94.522,99.398,-0.2296,-0.1976,0.3606,36.07,0.23,0.0,0.0418,0.523
94.622,99.509,-0.2296,-0.1976,0.3606,36.07,0.23,0.0,0.0463,0.523
94.722,99.624,-0.2296,-0.1976,0.3606,36.07,0.23,0.0,0.0448,0.523
94.822,99.737,-0.2296,-0.1976,0.3606,36.07,0.23,0.0,0.0431,0.523
94.922,99.859,-0.2296,-0.1976,0.3606,36.07,0.23,0.0,0.0404,0.523
95.023,99.979,-0.2296,-0.1976,0.3606,36.07,0.23,0.0,0.0393,0.523
95.122,100.08,-0.2296,-0.1976,0.3606,36.07,0.23,0.0,0.0377,0.523
95.222,100.189,-0.2296,-0.1976,0.3606,36.07,0.23,0.0,0.0388,0.523
95.322,100.361,-0.2296,-0.1976,0.3606,36.07,0.23,0.0,0.0389,0.523
95.422,100.505,-0.2296,-0.1976,0.3606,36.07,0.23,0.0,0.0371,0.523
95.522,100.654,-0.2296,-0.1976,0.3606,36.07,0.23,0.0,0.0432,0.523
95.622,100.786,-0.2296,-0.1976,0.3606,36.07,0.23,0.0,0.0449,0.523
95.723,100.902,-0.2296,-0.1976,0.3606,36.07,0.23,0.0,0.0414,0.523
95.822,101.012,-0.2296,-0.1976,0.3606,36.07,0.23,0.0,0.044,0.523
95.922,101.123,-0.2296,-0.1976,0.3606,36.07,0.23,0.0,0.044,0.523
96.022,101.238,-0.2296,-0.1976,0.3606,36.07,0.23,0.0,0.0429,0.523
96.122,101.35,-0.2296,-0.1976,0.3606,36.07,0.23,0.0,0.0396,0.523
96.227,101.478,-0.2296,-0.1976,0.3606,36.07,0.23,0.0,0.0381,0.523
96.322,101.605,-0.2296,-0.1976,0.3606,36.07,0.23,0.0,0.0327,0.523
96.422,101.702,-0.2296,-0.1976,0.3606,36.07,0.23,0.0,0.0327,0.523
96.522,101.963,-0.2296,-0.1976,0.3606,36.07,0.23,0.0,0.0264,0.523
96.622,102.104,-0.2296,-0.1976,0.3606,36.07,0.23,0.0,0.0285,0.523
96.722,102.222,-0.2296,-0.1976,0.3606,36.07,0.23,0.0,0.0337,0.523
96.822,102.397,-0.2296,-0.1976,0.3606,36.07,0.23,0.0,0.0366,0.523
96.922,102.579,-0.2296,-0.1976,0.3606,36.07,0.23,0.0,0.039,0.523
97.022,102.746,-0.2296,-0.1976,0.3606,36.07,0.23,0.0,0.0395,0.523
97.122,102.879,-0.2296,-0.1976,0.3606,36.07,0.23,0.0,0.0383,0.523
97.222,102.991,-0.2296,-0.1976,0.3606,36.07,0.23,0.0,0.0374,0.523
97.322,103.101,-0.2296,-0.1976,0.3606,36.07,0.23,0.0,0.0393,0.523
97.422,103.217,-0.2296,-0.1976,0.3606,36.07,0.23,0.0,0.0432,0.523
97.522,103.329,-0.2296,-0.1976,0.3606,36.07,0.23,0.0,0.0463,0.523
97.622,103.555,-0.2296,-0.1976,0.3606,36.07,0.23,0.0,0.0499,0.523
97.722,103.832,-0.2296,-0.1976,0.3606,36.07,0.23,0.0,0.0473,0.523
97.822,104.06,-0.2296,-0.1976,0.3606,36.07,0.23,0.0,0.039,0.523
97.922,104.242,-0.2296,-0.1976,0.3606,36.07,0.23,0.0,0.0308,0.523
98.022,104.345,-0.2296,-0.1976,0.3606,36.07,0.23,0.0,0.0311,0.523
98.122,104.452,-0.2296,-0.1976,0.3606,36.07,0.23,0.0,0.0331,0.523
98.222,104.586,-0.2296,-0.1976,0.3606,36.07,0.23,0.0,0.0353,0.523
98.322,104.695,-0.2296,-0.1976,0.3606,36.07,0.23,0.0,0.0323,0.523
98.425,104.82,-0.2296,-0.1976,0.3606,36.07,0.23,0.0,0.0359,0.523
98.522,104.913,-0.2296,-0.1976,0.3606,36.07,0.23,0.0,0.0395,0.523
98.622,105.022,-0.2296,-0.1976,0.3606,36.07,0.23,0.0,0.0417,0.523
98.722,105.312,-0.2296,-0.1976,0.3606,36.07,0.23,0.0,0.0413,0.523
98.822,105.474,-0.2296,-0.1976,0.3606,36.07,0.23,0.0,0.0425,0.523
98.922,105.611,-0.2296,-0.1976,0.3606,36.07,0.23,0.0,0.044,0.523
99.022,105.744,-0.2296,-0.1976,0.3606,36.07,0.23,0.0,0.0473,0.523
99.122,105.849,-0.2296,-0.1976,0.3606,36.07,0.23,0.0,0.0473,0.523
99.222,105.961,-0.2296,-0.1976,0.3606,36.07,0.23,0.0,0.0479,0.523
99.322,106.07,-0.2296,-0.1976,0.3606,36.07,0.23,0.0,0.0487,0.523
99.422,106.175,-0.2296,-0.1976,0.3606,36.07,0.23,0.0,0.0462,0.523
99.522,106.307,-0.2296,-0.1976,0.3606,36.07,0.23,0.0,0.0439,0.523
99.622,106.396,-0.2296,-0.1976,0.3606,36.07,0.23,0.0,0.0439,0.523
99.722,106.679,-0.2296,-0.1976,0.3606,36.07,0.23,0.0,0.0418,0.523
99.822,106.845,-0.2296,-0.1976,0.3606,36.07,0.23,0.0,0.0389,0.523
99.924,106.957,-0.2296,-0.1976,0.3606,36.07,0.23,0.0,0.0373,0.523
100.022,107.078,-0.2296,-0.1976,0.3606,36.07,0.23,0.0,0.0439,0.523
100.122,107.188,-0.2296,-0.1976,0.3606,36.07,0.23,0.0,0.0392,0.523
100.222,107.297,-0.2296,-0.1976,0.3606,36.07,0.23,0.0,0.0412,0.523
100.322,107.558,-0.2296,-0.1976,0.3606,36.07,0.23,0.0,0.0404,0.523
100.422,107.771,-0.2296,-0.1976,0.3606,36.07,0.23,0.0,0.0406,0.523
100.524,107.904,-0.2296,-0.1976,0.3606,36.07,0.23,0.0,0.0404,0.523
100.622,108.007,-0.2296,-0.1976,0.3606,36.07,0.23,0.0,0.043,0.523
100.722,108.116,-0.2296,-0.1976,0.3606,36.07,0.23,0.0,0.0434,0.523
100.822,108.235,-0.2296,-0.1976,0.3606,36.07,0.23,0.0,0.045,0.523
100.922,108.343,-0.2296,-0.1976,0.3606,36.07,0.23,0.0,0.0426,0.523
101.022,108.453,-0.2296,-0.1976,0.3606,36.07,0.23,0.0,0.0445,0.523
101.122,108.559,-0.2296,-0.1976,0.3606,36.07,0.23,0.0,0.0409,0.523
101.222,108.668,-0.2296,-0.1976,0.3606,36.07,0.23,0.0,0.0408,0.523
101.322,108.866,-0.2296,-0.1976,0.3606,36.07,0.23,0.0,0.0379,0.523
101.422,109.005,-0.2296,-0.1976,0.3606,36.07,0.23,0.0,0.0355,0.523
101.522,109.126,-0.2296,-0.1976,0.3606,36.07,0.23,0.0,0.033,0.523
101.624,109.247,-0.2296,-0.1976,0.3606,36.07,0.23,0.0,0.0303,0.523
101.722,109.35,-0.2296,-0.1976,0.3606,36.07,0.23,0.0,0.0338,0.523
101.822,109.524,-0.2296,-0.1976,0.3606,36.07,0.23,0.0,0.0299,0.523
101.922,109.84,-0.2296,-0.1976,0.3606,36.07,0.23,0.0,0.0306,0.523
102.022,109.975,-0.2296,-0.1976,0.3606,36.07,0.23,0.0,0.0326,0.523
102.122,110.083,-0.2296,-0.1976,0.3606,36.07,0.23,0.0,0.0341,0.523
102.222,110.19,-0.2296,-0.1976,0.3606,36.07,0.23,0.0,0.032,0.523
102.324,110.296,-0.2296,-0.1976,0.3606,36.07,0.23,0.0,0.0376,0.523
102.422,110.404,-0.2296,-0.1976,0.3606,36.07,0.23,0.0,0.0334,0.523
102.522,110.512,-0.2296,-0.1976,0.3606,36.07,0.23,0.0,0.0383,0.523
102.622,110.729,-0.2296,-0.1976,0.3606,36.07,0.23,0.0,0.0396,0.523
102.722,110.946,-0.2296,-0.1976,0.3606,36.07,0.23,0.0,0.0352,0.523
102.822,111.109,-0.2296,-0.1976,0.3606,36.07,0.23,0.0,0.0342,0.523
102.922,111.217,-0.2296,-0.1976,0.3606,36.07,0.23,0.0,0.033,0.523
103.022,111.32,-0.2296,-0.1976,0.3606,36.07,0.23,0.0,0.0335,0.523
103.122,111.425,-0.2296,-0.1976,0.3606,36.07,0.23,0.0,0.0361,0.523
103.222,111.53,-0.2296,-0.1976,0.3606,36.07,0.23,0.0,0.0386,0.523
103.322,111.657,-0.2296,-0.1976,0.3606,36.07,0.23,0.0,0.0334,0.523
103.422,111.748,-0.2296,-0.1976,0.3606,36.07,0.23,0.0,0.0334,0.523
103.522,111.855,-0.2296,-0.1976,0.3606,36.07,0.23,0.0,0.0332,0.523
103.622,111.963,-0.2296,-0.1976,0.3606,36.07,0.23,0.0,0.0342,0.523
103.722,112.067,-0.2296,-0.1976,0.3606,36.07,0.23,0.0,0.0296,0.523
103.822,112.185,-0.2296,-0.1976,0.3606,36.07,0.23,0.0,0.0301,0.523
103.922,112.295,-0.2296,-0.1976,0.3606,36.07,0.23,0.0,0.0292,0.523
104.022,112.408,-0.2296,-0.1976,0.3606,36.07,0.23,0.0,0.0307,0.523
104.122,112.52,-0.2296,-0.1976,0.3606,36.07,0.23,0.0,0.0295,0.523
104.222,112.637,-0.2296,-0.1976,0.3606,36.07,0.23,0.0,0.0299,0.523
104.322,112.749,-0.2296,-0.1976,0.3606,36.07,0.23,0.0,0.0266,0.523
104.422,112.866,-0.2296,-0.1976,0.3606,36.07,0.23,0.0,0.0298,0.523
104.522,112.985,-0.2296,-0.1976,0.3606,36.07,0.23,0.0,0.0333,0.523
104.622,113.102,-0.2296,-0.1976,0.3606,36.07,0.23,0.0,0.0326,0.523
104.722,113.233,-0.2296,-0.1976,0.3606,36.07,0.23,0.0,0.0276,0.523
104.822,113.35,-0.2296,-0.1976,0.3606,36.07,0.23,0.0,0.0267,0.523
104.929,113.49,-0.2296,-0.1976,0.3606,36.07,0.23,0.0,0.0269,0.523
105.022,113.594,-0.2296,-0.1976,0.3606,36.07,0.23,0.0,0.0268,0.523
105.122,113.737,-0.2296,-0.1976,0.3606,36.07,0.23,0.0,0.0244,0.523
105.222,113.839,-0.2296,-0.1976,0.3606,36.07,0.23,0.0,0.0282,0.523
105.322,114.006,-0.2296,-0.1976,0.3606,36.07,0.23,0.0,0.0334,0.523
105.422,114.216,-0.2296,-0.1976,0.3606,36.07,0.23,0.0,0.0335,0.523
105.522,114.329,-0.2296,-0.1976,0.3606,36.07,0.23,0.0,0.0326,0.523
105.622,114.456,-0.2296,-0.1976,0.3606,36.07,0.23,0.0,0.0334,0.523
105.722,114.576,-0.2296,-0.1976,0.3606,36.07,0.23,0.0,0.0322,0.523
105.822,114.694,-0.2296,-0.1976,0.3606,36.07,0.23,0.0,0.0345,0.523
105.922,114.813,-0.2296,-0.1976,0.3606,36.07,0.23,0.0,0.0336,0.523
106.022,114.933,-0.2296,-0.1976,0.3606,36.07,0.23,0.0,0.033,0.523
106.122,115.057,-0.2296,-0.1976,0.3606,36.07,0.23,0.0,0.0357,0.523
106.222,115.174,-0.2296,-0.1976,0.3606,36.07,0.23,0.0,0.0335,0.523
106.325,115.312,-0.2296,-0.1976,0.3606,36.07,0.23,0.0,0.0343,0.523
106.427,115.451,-0.2296,-0.1976,0.3606,36.07,0.23,0.0,0.0305,0.523
106.522,115.557,-0.2296,-0.1976,0.3606,36.07,0.23,0.0,0.0366,0.523
106.626,115.696,-0.2296,-0.1976,0.3606,36.07,0.23,0.0,0.0427,0.523
106.722,115.797,-0.2296,-0.1976,0.3606,36.07,0.23,0.0,0.0443,0.523
106.822,115.924,-0.2296,-0.1976,0.3606,36.07,0.23,0.0,0.0416,0.523
106.922,116.05,-0.2296,-0.1976,0.3606,36.07,0.23,0.0,0.0416,0.523
107.022,116.175,-0.2296,-0.1976,0.3606,36.07,0.23,0.0,0.0393,0.523
107.122,116.299,-0.2296,-0.1976,0.3606,36.07,0.23,0.0,0.0357,0.523
107.222,116.424,-0.2296,-0.1976,0.3606,36.07,0.23,0.0,0.0372,0.523
107.322,116.557,-0.2296,-0.1976,0.3606,36.07,0.23,0.0,0.0329,0.523
107.422,116.692,-0.2296,-0.1976,0.3606,36.07,0.23,0.0,0.037,0.523
107.522,116.821,-0.2296,-0.1976,0.3606,36.07,0.23,0.0,0.0369,0.523
107.622,116.956,-0.2296,-0.1976,0.3606,36.07,0.23,0.0,0.0348,0.523
107.722,117.095,-0.2296,-0.1976,0.3606,36.07,0.23,0.0,0.0361,0.523
107.822,117.244,-0.2296,-0.1976,0.3606,36.07,0.23,0.0,0.0401,0.523
107.922,117.385,-0.2296,-0.1976,0.3606,36.07,0.23,0.0,0.0434,0.523
108.022,117.522,-0.2296,-0.1976,0.3606,36.07,0.23,0.0,0.0384,0.523
108.122,117.642,-0.2296,-0.1976,0.3606,36.07,0.23,0.0,0.04,0.523
108.222,117.776,-0.2296,-0.1976,0.3606,36.07,0.23,0.0,0.0407,0.523
108.322,117.937,-0.2296,-0.1976,0.3606,36.07,0.23,0.0,0.0446,0.523
108.422,118.066,-0.2296,-0.1976,0.3606,36.07,0.23,0.0,0.045,0.523
108.522,118.198,-0.2296,-0.1976,0.3606,36.07,0.23,0.0,0.0477,0.523
108.622,118.345,-0.2296,-0.1976,0.3605,36.08,0.23,0.0,0.0501,0.523
108.722,118.457,-0.2296,-0.1976,0.3604,36.21,0.23,0.0,0.0492,0.523
108.822,118.583,-0.2288,-0.1983,0.3579,36.47,0.18,0.0,0.0514,0.523
108.923,118.705,-0.2292,-0.2008,0.3561,36.73,0.19,0.0,0.0494,0.523
109.022,118.824,-0.2298,-0.2023,0.3531,37.09,0.21,0.0,0.0511,0.525
109.122,118.954,-0.231,-0.2032,0.3497,37.34,0.08,0.0,0.0541,0.526
109.228,119.094,-0.231,-0.2035,0.3477,37.13,0.38,0.0,0.0556,0.528
109.322,119.2,-0.2302,-0.2039,0.3468,37.6,0.18,0.0,0.0521,0.528
109.422,119.336,-0.2304,-0.2043,0.3491,38.05,0.11,0.0,0.0633,0.528
109.522,119.463,-0.2301,-0.2034,0.3449,38.18,0.25,0.0,0.064,0.529
109.622,119.781,-0.23,-0.2024,0.3474,38.61,0.14,0.0,0.0676,0.53
109.722,120.115,-0.2298,-0.2027,0.3539,39.44,0.33,0.0,0.028,0.53
109.822,120.249,-0.2311,-0.2072,0.3398,40.11,0.78,0.0,0.0211,0.534
109.922,120.389,-0.234,-0.2141,0.3448,40.52,1.19,0.0,0.1011,0.535
110.022,120.502,-0.2418,-0.2168,0.3474,38.66,1.0,0.0,0.0211,0.542
110.122,120.74,-0.2499,-0.2126,0.3423,39.14,0.1,0.0,-0.0307,0.542
110.222,120.855,-0.2617,-0.2102,0.3259,38.84,0.54,0.0,-0.0245,0.55
110.322,120.969,-0.2689,-0.2084,0.3283,38.98,0.54,0.0,-0.0156,0.56
110.422,121.204,-0.2667,-0.2059,0.333,39.03,0.38,0.0,-0.0057,0.569
110.522,121.533,-0.2606,-0.2037,0.3384,39.0,0.22,0.0044,0.0116,0.569
110.622,121.693,-0.255,-0.2025,0.3426,39.04,0.24,0.0037,0.0146,0.563
110.722,121.808,-0.2518,-0.1972,0.3479,38.92,0.63,0.0017,0.0194,0.558
110.822,121.916,-0.2525,-0.1901,0.3577,39.03,0.88,0.0025,0.0148,0.554
110.922,122.019,-0.2584,-0.1902,0.3608,39.39,0.8,0.0025,0.0148,0.553
111.022,122.137,-0.2654,-0.1935,0.3577,39.44,0.72,0.0006,0.0248,0.559
111.122,122.352,-0.2673,-0.1983,0.3548,39.48,0.35,0.0,0.0273,0.566
111.222,122.494,-0.2696,-0.2071,0.3386,39.61,0.37,0.0,0.0342,0.569
111.322,122.615,-0.2707,-0.2147,0.3394,39.15,1.4,0.0,0.0215,0.572
111.422,122.764,-0.2707,-0.2167,0.3414,38.86,1.12,0.0,-0.0265,0.574
111.522,122.873,-0.2717,-0.2153,0.3425,39.32,0.56,0.0,0.003,0.572
111.622,122.995,-0.2746,-0.2158,0.3442,39.28,0.19,0.0,0.0039,0.574
111.722,123.218,-0.2749,-0.2158,0.3452,39.29,0.16,0.0,0.0221,0.576
111.822,123.413,-0.2722,-0.2139,0.3471,39.11,0.23,0.0,0.0246,0.577
111.923,123.577,-0.2688,-0.2109,0.3494,39.03,0.28,0.0002,0.0305,0.575
112.022,123.704,-0.2667,-0.208,0.3512,39.06,0.27,0.0,0.0263,0.571
112.122,123.809,-0.2661,-0.2068,0.3521,38.93,0.24,0.0,0.0207,0.569
112.222,123.926,-0.2665,-0.2066,0.3525,39.02,0.21,0.0,0.0176,0.567
112.322,124.035,-0.267,-0.207,0.3526,39.05,0.18,0.0,0.0112,0.568
112.422,124.144,-0.2674,-0.2071,0.3528,39.22,0.16,0.0,0.019,0.568
112.522,124.255,-0.2675,-0.2071,0.3529,39.12,0.17,0.0,0.0187,0.569
112.622,124.386,-0.2675,-0.2071,0.353,39.18,0.16,0.0,0.0259,0.569
112.722,124.551,-0.2674,-0.2071,0.353,39.18,0.16,0.0,0.0218,0.569
112.822,124.725,-0.2674,-0.207,0.3531,39.18,0.16,0.0,0.019,0.569
112.922,124.971,-0.2674,-0.207,0.3531,39.19,0.16,0.0,0.0207,0.569
113.022,125.14,-0.2674,-0.207,0.3531,39.2,0.15,0.0,0.0272,0.569
113.122,125.242,-0.2674,-0.207,0.3532,39.21,0.15,0.0,0.0239,0.569
113.223,125.366,-0.2674,-0.207,0.3532,39.19,0.15,0.0,0.03,0.569
113.322,125.501,-0.2674,-0.2069,0.3532,39.2,0.15,0.0,0.0264,0.569
113.422,125.607,-0.2674,-0.2069,0.3532,39.2,0.15,0.0,0.0313,0.569
113.522,125.851,-0.2674,-0.2069,0.3532,39.21,0.14,0.0,0.0317,0.569
113.622,126.046,-0.2673,-0.2069,0.3532,39.19,0.15,0.0,0.0376,0.569
113.722,126.202,-0.2673,-0.2069,0.3532,39.2,0.14,0.0,0.0434,0.569
113.822,126.308,-0.2673,-0.2069,0.3532,39.2,0.14,0.0,0.0393,0.569
113.922,126.409,-0.2673,-0.2069,0.3532,39.2,0.14,0.0,0.0387,0.569
114.022,126.515,-0.2673,-0.2069,0.3532,39.2,0.14,0.0,0.0292,0.569
114.122,126.633,-0.2673,-0.2068,0.3532,39.2,0.14,0.0,0.0353,0.569
114.222,126.741,-0.2673,-0.2068,0.3532,39.2,0.14,0.0,0.031,0.569
114.322,126.85,-0.2673,-0.2068,0.3532,39.2,0.14,0.0,0.0297,0.569
114.422,126.959,-0.2673,-0.2068,0.3532,39.2,0.14,0.0,0.0253,0.569
114.522,127.207,-0.2673,-0.2068,0.3532,39.2,0.14,0.0,0.0256,0.569
114.622,127.589,-0.2673,-0.2068,0.3532,39.2,0.14,0.0,0.0248,0.569
114.722,127.745,-0.2673,-0.2068,0.3532,39.19,0.14,0.0,0.0264,0.569
114.823,127.851,-0.2673,-0.2068,0.3532,39.19,0.14,0.0,0.0238,0.569
114.922,127.974,-0.2673,-0.2068,0.3532,39.19,0.14,0.0,0.0157,0.569
115.022,128.082,-0.2673,-0.2068,0.3533,39.2,0.14,0.0,0.0186,0.569
115.122,128.203,-0.2673,-0.2068,0.3533,39.2,0.14,0.0,0.0236,0.569
115.222,128.297,-0.2673,-0.2068,0.3533,39.2,0.14,0.0,0.0229,0.569
115.322,128.409,-0.2672,-0.2067,0.3533,39.2,0.14,0.0,0.0268,0.569
115.422,128.515,-0.2672,-0.2067,0.3533,39.2,0.14,0.0,0.0266,0.569
115.522,128.623,-0.2672,-0.2067,0.3533,39.2,0.14,0.0,0.0272,0.569
115.622,128.735,-0.2672,-0.2067,0.3533,39.2,0.14,0.0,0.0315,0.569
115.722,128.846,-0.2672,-0.2067,0.3533,39.2,0.14,0.0,0.0315,0.569
115.822,128.964,-0.2672,-0.2067,0.3533,39.2,0.14,0.0,0.0324,0.569
115.922,129.077,-0.2672,-0.2066,0.3533,39.2,0.14,0.0,0.0342,0.569
116.022,129.198,-0.2672,-0.2066,0.3533,39.21,0.14,0.0,0.0276,0.569
116.122,129.345,-0.2671,-0.2066,0.3533,39.2,0.14,0.0,0.0228,0.569
116.222,129.453,-0.2671,-0.2066,0.3533,39.2,0.14,0.0,0.0232,0.569
116.322,129.595,-0.2671,-0.2066,0.3533,39.2,0.14,0.0,0.0277,0.569
116.422,129.763,-0.2671,-0.2066,0.3533,39.2,0.14,0.0,0.0225,0.569
116.522,129.892,-0.2671,-0.2066,0.3533,39.2,0.14,0.0,0.0204,0.569
116.622,130.025,-0.2671,-0.2066,0.3533,39.2,0.14,0.0,0.0209,0.569
116.722,130.135,-0.2671,-0.2066,0.3533,39.2,0.14,0.0,0.0172,0.569
116.822,130.262,-0.2671,-0.2066,0.3533,39.2,0.14,0.0,0.0219,0.569
116.922,130.359,-0.2671,-0.2066,0.3533,39.2,0.14,0.0,0.0188,0.569
117.022,130.645,-0.2671,-0.2066,0.3533,39.2,0.14,0.0,0.0114,0.569
117.122,130.859,-0.2671,-0.2066,0.3533,39.2,0.14,0.0,0.0121,0.569
117.222,130.997,-0.2671,-0.2066,0.3533,39.2,0.14,0.0,0.014,0.569
117.322,131.127,-0.2671,-0.2066,0.3533,39.2,0.14,0.0,0.0146,0.569
117.422,131.236,-0.2671,-0.2066,0.3533,39.2,0.14,0.0,0.0136,0.569
117.522,131.34,-0.2671,-0.2066,0.3533,39.2,0.14,0.0,0.0094,0.569
117.622,131.452,-0.2671,-0.2066,0.3533,39.2,0.14,0.0,0.0152,0.569
117.722,131.628,-0.2671,-0.2066,0.3533,39.2,0.14,0.0,0.0068,0.569
117.822,131.854,-0.2671,-0.2066,0.3533,39.2,0.14,0.0,0.0144,0.569
117.922,131.991,-0.2671,-0.2066,0.3533,39.2,0.14,0.0,0.0153,0.569
118.022,132.118,-0.2671,-0.2066,0.3533,39.2,0.14,0.0,0.0179,0.569
118.122,132.226,-0.2671,-0.2066,0.3533,39.2,0.14,0.0,0.0083,0.569
118.222,132.337,-0.2671,-0.2066,0.3533,39.19,0.14,0.0,0.0159,0.569
118.322,132.455,-0.2671,-0.2066,0.3533,39.19,0.14,0.0,0.0147,0.569
118.422,132.557,-0.2671,-0.2066,0.3533,39.19,0.14,0.0,0.0122,0.569
118.522,132.731,-0.2671,-0.2066,0.3533,39.19,0.14,0.0,0.0139,0.569
118.622,132.967,-0.2671,-0.2066,0.3533,39.19,0.14,0.0,0.0133,0.569
118.722,133.118,-0.2671,-0.2066,0.3533,39.19,0.14,0.0,0.0075,0.569
118.822,133.226,-0.2671,-0.2066,0.3533,39.19,0.14,0.0,0.0075,0.569
118.925,133.346,-0.2671,-0.2066,0.3533,39.19,0.14,0.0,0.009,0.569
119.032,133.455,-0.2671,-0.2066,0.3533,39.19,0.14,0.0,0.0035,0.569
119.122,133.545,-0.2671,-0.2066,0.3533,39.19,0.14,0.0,0.0042,0.569
119.222,133.789,-0.2671,-0.2066,0.3533,39.19,0.14,0.0,0.0025,0.569
119.322,133.994,-0.2671,-0.2066,0.3533,39.19,0.14,0.0,0.0098,0.569
119.422,134.149,-0.2671,-0.2066,0.3533,39.19,0.14,0.0,0.0117,0.569
119.522,134.255,-0.2671,-0.2066,0.3533,39.19,0.14,0.0,0.0117,0.569
119.622,134.362,-0.2671,-0.2066,0.3533,39.19,0.14,0.0,0.0153,0.569
119.722,134.482,-0.2671,-0.2066,0.3533,39.19,0.14,0.0,0.0097,0.569
119.823,134.605,-0.2671,-0.2066,0.3533,39.19,0.14,0.0,0.0108,0.569
119.922,134.775,-0.2671,-0.2066,0.3533,39.19,0.14,0.0,0.0186,0.569
120.022,134.976,-0.2671,-0.2066,0.3533,39.19,0.14,0.0,0.0196,0.569
120.122,135.086,-0.2671,-0.2066,0.3533,39.19,0.14,0.0,0.0167,0.569
120.225,135.196,-0.2671,-0.2066,0.3533,39.19,0.14,0.0,0.0136,0.569
120.322,135.314,-0.2671,-0.2066,0.3533,39.19,0.14,0.0,0.0084,0.569
120.422,135.422,-0.2671,-0.2066,0.3533,39.19,0.14,0.0,0.0096,0.569
120.522,135.525,-0.2671,-0.2066,0.3533,39.19,0.14,0.0,0.0096,0.569
120.622,135.659,-0.2671,-0.2066,0.3533,39.19,0.14,0.0,0.0122,0.569
120.722,135.771,-0.2671,-0.2066,0.3533,39.19,0.14,0.0,0.008,0.569
120.822,135.884,-0.2671,-0.2066,0.3533,39.19,0.14,0.0,0.0092,0.569
120.922,135.991,-0.2671,-0.2066,0.3533,39.19,0.14,0.0,0.005,0.569
121.022,136.106,-0.2671,-0.2066,0.3533,39.19,0.14,0.0,0.0049,0.569
121.123,136.22,-0.2671,-0.2066,0.3533,39.19,0.14,0.0,0.0034,0.569
121.222,136.335,-0.2671,-0.2066,0.3533,39.19,0.14,0.0,0.0079,0.569
121.323,136.469,-0.2671,-0.2065,0.3533,39.19,0.14,0.0,-0.0002,0.569
121.422,136.571,-0.2671,-0.2065,0.3533,39.19,0.14,0.0,0.0092,0.569
121.522,136.687,-0.2671,-0.2065,0.3533,39.19,0.14,0.0,0.0072,0.569
121.622,136.935,-0.2671,-0.2065,0.3533,39.19,0.14,0.0,0.0019,0.569
121.722,137.22,-0.2671,-0.2065,0.3533,39.19,0.14,0.0,0.0057,0.569
121.822,137.426,-0.2671,-0.2065,0.3533,39.19,0.14,0.0,0.0107,0.569
121.922,137.53,-0.2671,-0.2065,0.3533,39.19,0.14,0.0,0.0131,0.569
122.022,137.655,-0.2671,-0.2065,0.3533,39.19,0.14,0.0,0.0089,0.569
122.122,137.76,-0.2671,-0.2065,0.3533,39.19,0.14,0.0,0.015,0.569
122.222,137.871,-0.2671,-0.2065,0.3533,39.19,0.14,0.0,0.015,0.569
122.322,137.981,-0.2671,-0.2065,0.3533,39.19,0.14,0.0,0.0141,0.569
122.422,138.096,-0.2671,-0.2065,0.3533,39.19,0.14,0.0,0.0134,0.569
122.522,138.211,-0.2671,-0.2065,0.3533,39.19,0.14,0.0,0.014,0.569
122.622,138.373,-0.2671,-0.2065,0.3533,39.19,0.14,0.0,0.011,0.569
122.722,138.488,-0.2671,-0.2065,0.3533,39.19,0.14,0.0,0.0099,0.569
122.822,138.635,-0.2671,-0.2065,0.3533,39.19,0.14,0.0,0.0128,0.569
122.922,138.915,-0.2671,-0.2065,0.3533,39.19,0.14,0.0,0.0153,0.569
123.022,139.073,-0.2671,-0.2065,0.3533,39.19,0.14,0.0,0.0123,0.569
123.122,139.185,-0.2671,-0.2065,0.3533,39.19,0.14,0.0,0.0119,0.569
123.222,139.293,-0.2671,-0.2065,0.3533,39.19,0.14,0.0,0.0146,0.569
123.322,139.42,-0.2671,-0.2065,0.3533,39.19,0.14,0.0,0.015,0.569
123.422,139.53,-0.2671,-0.2065,0.3533,39.19,0.14,0.0,0.0179,0.569
123.526,139.654,-0.2671,-0.2065,0.3533,39.19,0.14,0.0,0.0137,0.569
123.622,139.747,-0.2671,-0.2065,0.3533,39.19,0.14,0.0,0.0127,0.569
123.722,139.946,-0.2671,-0.2065,0.3533,39.19,0.14,0.0,0.013,0.569
123.822,140.055,-0.2671,-0.2065,0.3533,39.19,0.14,0.0,0.0132,0.569
123.922,140.166,-0.2671,-0.2065,0.3533,39.19,0.14,0.0,0.0109,0.569
124.023,140.271,-0.2671,-0.2065,0.3533,39.19,0.14,0.0,0.0109,0.569
124.123,140.371,-0.2671,-0.2065,0.3533,39.19,0.14,0.0,0.0033,0.569
124.222,140.469,-0.2671,-0.2065,0.3533,39.19,0.14,0.0,0.0063,0.569
124.323,140.568,-0.2671,-0.2065,0.3533,39.19,0.14,0.0,0.0061,0.569
124.424,140.67,-0.2671,-0.2065,0.3533,39.19,0.14,0.0,0.0061,0.569
124.523,140.774,-0.2671,-0.2065,0.3533,39.19,0.14,0.0,0.0051,0.569
124.622,140.868,-0.2671,-0.2065,0.3533,39.19,0.14,0.0,0.0036,0.569
124.724,140.977,-0.2671,-0.2065,0.3533,39.19,0.14,0.0,0.0005,0.569
124.823,141.072,-0.2671,-0.2065,0.3533,39.19,0.14,0.0,0.0029,0.569
124.922,141.177,-0.2671,-0.2065,0.3533,39.19,0.14,0.0,0.0091,0.569
125.025,141.277,-0.2671,-0.2065,0.3533,39.19,0.14,0.0,0.0103,0.569
125.124,141.381,-0.2671,-0.2065,0.3533,39.19,0.14,0.0,0.0116,0.569
125.222,141.47,-0.2671,-0.2065,0.3533,39.19,0.14,0.0,0.0165,0.569
125.322,141.585,-0.2671,-0.2065,0.3533,39.19,0.14,0.0,0.0128,0.569
125.424,141.682,-0.2671,-0.2065,0.3533,39.19,0.14,0.0,0.0121,0.569
125.529,141.782,-0.2671,-0.2065,0.3533,39.19,0.14,0.0,0.0111,0.569
125.632,141.883,-0.2671,-0.2065,0.3533,39.19,0.14,0.0,0.0107,0.569
125.723,141.984,-0.2671,-0.2065,0.3533,39.19,0.14,0.0,0.0064,0.569
125.822,142.082,-0.2671,-0.2065,0.3533,39.19,0.14,0.0,0.0097,0.569
125.934,142.185,-0.2671,-0.2065,0.3533,39.19,0.14,0.0,0.0087,0.569
126.029,142.28,-0.2671,-0.2065,0.3533,39.19,0.14,0.0,0.0094,0.569
126.122,142.383,-0.2671,-0.2065,0.3533,39.19,0.14,0.0,0.005,0.569
126.223,142.481,-0.2671,-0.2065,0.3533,39.19,0.14,0.0,0.0039,0.569
126.324,142.579,-0.2671,-0.2065,0.3533,39.19,0.14,0.0,0.0031,0.569
126.424,142.687,-0.2671,-0.2065,0.3533,39.19,0.14,0.0,0.0003,0.569
126.532,142.784,-0.2671,-0.2065,0.3533,39.19,0.14,0.0,0.008,0.569
126.622,142.879,-0.2671,-0.2065,0.3533,39.19,0.14,0.0,0.0123,0.569
126.722,142.978,-0.2671,-0.2065,0.3533,39.19,0.14,0.0,0.0148,0.569
126.822,143.084,-0.2671,-0.2065,0.3533,39.19,0.14,0.0,0.0158,0.569
126.925,143.183,-0.2671,-0.2065,0.3533,39.19,0.14,0.0,0.0178,0.569
127.023,143.284,-0.2671,-0.2065,0.3533,39.19,0.14,0.0,0.021,0.569
127.133,143.384,-0.2671,-0.2065,0.3533,39.19,0.14,0.0,0.0219,0.569
127.226,143.481,-0.2671,-0.2065,0.3533,39.19,0.14,0.0,0.0284,0.569
127.326,143.58,-0.2671,-0.2065,0.3533,39.19,0.14,0.0,0.0275,0.569
127.428,143.682,-0.2671,-0.2065,0.3533,39.19,0.14,0.0,0.0359,0.569
127.523,143.787,-0.2671,-0.2065,0.3533,39.19,0.14,0.0,0.0393,0.569
127.622,143.881,-0.2671,-0.2065,0.3533,39.19,0.14,0.0,0.0376,0.569
127.722,143.977,-0.2671,-0.2065,0.3533,39.19,0.14,0.0,0.0298,0.569
127.822,144.087,-0.2671,-0.2065,0.3533,39.19,0.14,0.0,0.0226,0.569
127.923,144.188,-0.2671,-0.2065,0.3533,39.19,0.14,0.0,0.0254,0.569
128.023,144.276,-0.2671,-0.2065,0.3533,39.19,0.14,0.0,0.0254,0.569
128.122,144.373,-0.2671,-0.2065,0.3533,39.19,0.14,0.0,0.0314,0.569
128.222,144.484,-0.2671,-0.2065,0.3533,39.19,0.14,0.0,0.0266,0.569
128.322,144.574,-0.2671,-0.2065,0.3533,39.19,0.14,0.0,0.0274,0.569
128.423,144.687,-0.2671,-0.2065,0.3533,39.19,0.14,0.0,0.0228,0.569
128.528,144.781,-0.2671,-0.2065,0.3533,39.19,0.14,0.0,0.0226,0.569
128.632,144.884,-0.2671,-0.2065,0.3533,39.19,0.14,0.0,0.029,0.569
128.724,144.983,-0.2671,-0.2065,0.3533,39.19,0.14,0.0,0.0232,0.569
128.823,145.084,-0.2671,-0.2065,0.3533,39.19,0.14,0.0,0.0237,0.569
128.923,145.182,-0.2671,-0.2065,0.3533,39.19,0.14,0.0,0.0217,0.569
129.025,145.282,-0.2671,-0.2065,0.3533,39.19,0.14,0.0,0.0126,0.569
129.122,145.378,-0.2671,-0.2065,0.3533,39.19,0.14,0.0,0.0076,0.569
129.224,145.482,-0.2671,-0.2065,0.3533,39.19,0.14,0.0,0.0092,0.569
129.322,145.578,-0.2671,-0.2065,0.3533,39.19,0.14,0.0,0.0002,0.569
129.422,145.682,-0.2671,-0.2065,0.3533,39.19,0.14,0.0,0.0056,0.569
129.522,145.782,-0.2671,-0.2065,0.3533,39.19,0.14,0.0,0.0105,0.569
129.623,145.885,-0.2671,-0.2065,0.3533,39.19,0.14,0.0,0.0123,0.569
129.722,145.986,-0.2671,-0.2065,0.3533,39.19,0.14,0.0,0.013,0.569
129.822,146.081,-0.2671,-0.2065,0.3533,39.19,0.14,0.0,0.0076,0.569
129.923,146.18,-0.2671,-0.2065,0.3533,39.19,0.14,0.0,0.0142,0.569
130.023,146.282,-0.2671,-0.2065,0.3533,39.19,0.14,0.0,0.0203,0.569
130.123,146.389,-0.2671,-0.2065,0.3533,39.19,0.14,0.0,0.0231,0.569
130.225,146.488,-0.2671,-0.2065,0.3533,39.19,0.14,0.0,0.0278,0.569
130.322,146.58,-0.2671,-0.2065,0.3533,39.19,0.14,0.0,0.0266,0.569
130.424,146.682,-0.2671,-0.2065,0.3533,39.19,0.14,0.0,0.0304,0.569
130.523,146.793,-0.2671,-0.2065,0.3533,39.19,0.14,0.0,0.0241,0.569
130.624,146.893,-0.2671,-0.2065,0.3533,39.19,0.14,0.0,0.017,0.569
130.724,146.985,-0.2671,-0.2065,0.3533,39.19,0.14,0.0,0.0132,0.569
130.826,147.088,-0.2671,-0.2065,0.3533,39.19,0.14,0.0,0.0183,0.569
130.923,147.183,-0.2671,-0.2065,0.3533,39.19,0.14,0.0,0.0186,0.569
131.023,147.283,-0.2671,-0.2065,0.3533,39.19,0.14,0.0,0.0182,0.569
131.125,147.385,-0.2671,-0.2065,0.3533,39.19,0.14,0.0,0.0219,0.569
131.223,147.483,-0.2671,-0.2065,0.3533,39.19,0.14,0.0,0.0172,0.569
131.322,147.585,-0.2671,-0.2065,0.3533,39.19,0.14,0.0,0.0215,0.569
131.422,147.683,-0.2671,-0.2065,0.3533,39.19,0.14,0.0,0.0111,0.569
131.522,147.785,-0.2671,-0.2065,0.3533,39.19,0.14,0.0,0.0097,0.569
131.623,147.888,-0.2671,-0.2065,0.3533,39.19,0.14,0.0,0.0101,0.569
131.725,147.986,-0.2671,-0.2065,0.3533,39.19,0.14,0.0,0.0219,0.569
131.824,148.082,-0.2671,-0.2065,0.3533,39.19,0.14,0.0,0.0188,0.569
131.925,148.188,-0.2671,-0.2065,0.3533,39.19,0.14,0.0,0.0167,0.569
132.024,148.289,-0.2671,-0.2065,0.3533,39.19,0.14,0.0,0.0156,0.569
132.123,148.383,-0.2671,-0.2065,0.3533,39.19,0.14,0.0,0.014,0.569
132.227,148.489,-0.2671,-0.2065,0.3533,39.19,0.14,0.0,0.0241,0.569
132.323,148.593,-0.2671,-0.2065,0.3533,39.19,0.14,0.0,0.0268,0.569
132.426,148.685,-0.2671,-0.2065,0.3533,39.19,0.14,0.0,0.0343,0.569
132.522,148.793,-0.2671,-0.2065,0.3533,39.19,0.14,0.0,0.0262,0.569
132.622,148.893,-0.2671,-0.2065,0.3533,39.19,0.14,0.0,0.0315,0.569
132.731,148.993,-0.2671,-0.2065,0.3533,39.19,0.14,0.0,0.0269,0.569
132.825,149.085,-0.2671,-0.2065,0.3533,39.19,0.14,0.0,0.0219,0.569
132.923,149.189,-0.2671,-0.2065,0.3533,39.19,0.14,0.0,0.0235,0.569
133.022,149.285,-0.2671,-0.2065,0.3533,39.19,0.14,0.0,0.0188,0.569
133.124,149.389,-0.2671,-0.2065,0.3533,39.19,0.14,0.0,0.0168,0.569
133.225,149.488,-0.2671,-0.2065,0.3533,39.19,0.14,0.0,0.0195,0.569
133.324,149.586,-0.2671,-0.2065,0.3534,39.19,0.14,0.0,0.0149,0.569
133.422,149.687,-0.2671,-0.2065,0.3534,39.19,0.14,0.0,0.0135,0.569
133.523,149.792,-0.2671,-0.2065,0.3534,39.19,0.14,0.0,0.0134,0.569
133.623,149.889,-0.2671,-0.2065,0.3534,39.19,0.14,0.0,0.0102,0.569
133.725,149.984,-0.2671,-0.2065,0.3534,39.19,0.14,0.0,0.0022,0.569
133.823,150.095,-0.2671,-0.2065,0.3534,39.19,0.14,0.0,0.0035,0.569
133.923,150.19,-0.2671,-0.2065,0.3534,39.19,0.14,0.0,0.0046,0.569
134.028,150.291,-0.2671,-0.2065,0.3534,39.19,0.14,0.0,0.0016,0.569
134.123,150.386,-0.2671,-0.2065,0.3534,39.19,0.14,0.0,0.0036,0.569
134.225,150.49,-0.2671,-0.2065,0.3534,39.19,0.14,0.0,0.0066,0.569
134.325,150.597,-0.2671,-0.2065,0.3534,39.19,0.14,0.0,0.0055,0.569
134.427,150.69,-0.2671,-0.2065,0.3534,39.19,0.14,0.0,0.0139,0.569
134.527,150.792,-0.2671,-0.2065,0.3534,39.19,0.14,0.0,0.0089,0.569
134.622,150.894,-0.2671,-0.2065,0.3534,39.19,0.14,0.0,0.0035,0.569
134.725,150.992,-0.2671,-0.2065,0.3534,39.19,0.14,0.0,-0.0006,0.569
134.822,151.1,-0.2671,-0.2065,0.3534,39.19,0.14,0.0,-0.0028,0.569
134.922,151.194,-0.2671,-0.2065,0.3534,39.19,0.14,0.0,-0.0012,0.569
135.023,151.29,-0.2671,-0.2065,0.3534,39.19,0.14,0.0,0.0014,0.569
135.124,151.397,-0.2671,-0.2065,0.3534,39.19,0.14,0.0,0.0073,0.569
135.223,151.494,-0.2671,-0.2065,0.3534,39.19,0.14,0.0,0.0102,0.569
135.328,151.593,-0.2671,-0.2065,0.3534,39.19,0.14,0.0,0.017,0.569
135.422,151.687,-0.2671,-0.2065,0.3534,39.19,0.14,0.0,0.0171,0.569
135.532,151.796,-0.2671,-0.2065,0.3534,39.19,0.14,0.0,0.0143,0.569
135.624,151.895,-0.2671,-0.2065,0.3534,39.19,0.14,0.0,0.0144,0.569
135.726,151.991,-0.2671,-0.2065,0.3534,39.19,0.14,0.0,0.0216,0.569
135.823,152.093,-0.2671,-0.2065,0.3534,39.19,0.14,0.0,0.0205,0.569
135.922,152.186,-0.2671,-0.2065,0.3534,39.19,0.14,0.0,0.0243,0.569
136.023,152.298,-0.2671,-0.2065,0.3534,39.19,0.14,0.0,0.0219,0.569
136.125,152.399,-0.2671,-0.2065,0.3534,39.19,0.14,0.0,0.023,0.569
136.224,152.495,-0.2671,-0.2065,0.3534,39.19,0.14,0.0,0.0307,0.569
136.323,152.589,-0.2671,-0.2065,0.3534,39.19,0.14,0.0,0.0303,0.569
136.422,152.694,-0.2671,-0.2065,0.3534,39.19,0.14,0.0,0.0365,0.569
136.522,152.789,-0.2671,-0.2065,0.3534,39.19,0.14,0.0,0.032,0.569
136.623,152.9,-0.2671,-0.2065,0.3534,39.19,0.14,0.0,0.0333,0.569
136.722,152.989,-0.2671,-0.2065,0.3534,39.19,0.14,0.0,0.0317,0.569
136.822,153.095,-0.2671,-0.2065,0.3534,39.19,0.14,0.0,0.0315,0.569
136.924,153.199,-0.2671,-0.2065,0.3534,39.19,0.14,0.0,0.0334,0.569
137.027,153.305,-0.2671,-0.2065,0.3534,39.19,0.14,0.0,0.0277,0.569
137.123,153.398,-0.2671,-0.2065,0.3534,39.19,0.14,0.0,0.0321,0.569
137.223,153.49,-0.2671,-0.2065,0.3534,39.19,0.14,0.0,0.0308,0.569
137.322,153.589,-0.2671,-0.2065,0.3534,39.19,0.14,0.0,0.0266,0.569
137.422,153.691,-0.2671,-0.2065,0.3534,39.19,0.14,0.0,0.0318,0.569
137.522,153.794,-0.2671,-0.2065,0.3534,39.19,0.14,0.0,0.0212,0.569
137.622,153.903,-0.2671,-0.2065,0.3534,39.19,0.14,0.0,0.0294,0.569
137.723,153.999,-0.2671,-0.2065,0.3534,39.19,0.14,0.0,0.0321,0.569
137.822,154.092,-0.2671,-0.2065,0.3534,39.19,0.14,0.0,0.0247,0.569
137.922,154.193,-0.2671,-0.2065,0.3534,39.19,0.14,0.0,0.0302,0.569
138.024,154.299,-0.2671,-0.2065,0.3534,39.19,0.14,0.0,0.034,0.569
138.122,154.391,-0.2671,-0.2065,0.3534,39.19,0.14,0.0,0.0318,0.569
138.223,154.501,-0.2671,-0.2065,0.3534,39.19,0.14,0.0,0.0306,0.569
138.323,154.607,-0.2671,-0.2065,0.3534,39.19,0.14,0.0,0.0255,0.569
138.422,154.703,-0.2671,-0.2065,0.3534,39.19,0.14,0.0,0.028,0.569
138.523,154.808,-0.2671,-0.2065,0.3534,39.19,0.14,0.0,0.0225,0.569
138.622,154.904,-0.2671,-0.2065,0.3534,39.19,0.14,0.0,0.0246,0.569
138.724,154.999,-0.2671,-0.2065,0.3534,39.19,0.14,0.0,0.0251,0.569
138.823,155.102,-0.2671,-0.2065,0.3534,39.19,0.14,0.0,0.0191,0.569
138.926,155.199,-0.2671,-0.2065,0.3534,39.19,0.14,0.0,0.0189,0.569
139.026,155.303,-0.2671,-0.2065,0.3534,39.19,0.14,0.0,0.0156,0.569
139.124,155.402,-0.2671,-0.2065,0.3534,39.19,0.14,0.0,0.0175,0.569
139.222,155.499,-0.2671,-0.2065,0.3534,39.19,0.14,0.0,0.0138,0.569
139.322,155.601,-0.2671,-0.2065,0.3534,39.19,0.14,0.0,0.0161,0.569
139.425,155.707,-0.2671,-0.2065,0.3534,39.19,0.14,0.0,0.017,0.569
139.524,155.8,-0.2671,-0.2065,0.3534,39.19,0.14,0.0,0.0175,0.569
139.625,155.901,-0.2671,-0.2065,0.3534,39.19,0.14,0.0,0.0146,0.569
139.723,156.004,-0.2671,-0.2065,0.3534,39.19,0.14,0.0,0.0172,0.569
139.826,156.103,-0.2671,-0.2065,0.3534,39.19,0.14,0.0,0.016,0.569
139.925,156.203,-0.2671,-0.2065,0.3534,39.19,0.14,0.0,0.0096,0.569
140.026,156.307,-0.2671,-0.2065,0.3534,39.19,0.14,0.0,0.0113,0.569
140.125,156.405,-0.2671,-0.2065,0.3534,39.19,0.14,0.0,0.008,0.569
140.222,156.503,-0.2671,-0.2065,0.3534,39.19,0.14,0.0,0.012,0.569
140.323,156.607,-0.2671,-0.2065,0.3534,39.19,0.14,0.0,0.0044,0.569
140.422,156.701,-0.2671,-0.2065,0.3534,39.19,0.14,0.0,0.0034,0.569
140.524,156.803,-0.2671,-0.2065,0.3534,39.19,0.14,0.0,0.0009,0.569
140.623,156.905,-0.2671,-0.2065,0.3534,39.19,0.14,0.0,0.0058,0.569
140.724,157.01,-0.2671,-0.2065,0.3534,39.19,0.14,0.0,0.0146,0.569
140.822,157.107,-0.2671,-0.2065,0.3534,39.19,0.14,0.0,0.012,0.569
140.924,157.212,-0.2671,-0.2065,0.3534,39.19,0.14,0.0,0.0095,0.569
141.023,157.318,-0.2671,-0.2065,0.3534,39.19,0.14,0.0,0.0,0.569
141.122,157.41,-0.2671,-0.2065,0.3534,39.19,0.14,0.0,0.0,0.569
141.222,157.504,-0.2671,-0.2065,0.3534,39.19,0.14,0.0,0.0,0.569
141.324,157.606,-0.2671,-0.2065,0.3534,39.19,0.14,0.0,0.0141,0.569
141.422,157.705,-0.2671,-0.2065,0.3534,39.19,0.14,0.0,0.0164,0.569
141.523,157.82,-0.2671,-0.2065,0.3534,39.19,0.14,0.0,0.008,0.569
141.622,157.915,-0.2671,-0.2065,0.3534,39.2,0.14,0.0,0.0136,0.569
141.722,158.004,-0.2671,-0.2065,0.3534,39.21,0.14,0.0,0.017,0.569
141.83,158.114,-0.267,-0.2064,0.3534,39.23,0.15,0.0,0.0089,0.569
141.926,158.209,-0.267,-0.2063,0.3534,39.24,0.15,0.0,0.0191,0.569
142.024,158.306,-0.2669,-0.2063,0.3535,39.21,0.16,0.0,0.0203,0.569
142.123,158.408,-0.2669,-0.2062,0.3535,39.22,0.16,0.0,0.0187,0.569
142.223,158.508,-0.2669,-0.2062,0.3535,39.21,0.16,0.0,0.0242,0.569
142.322,158.604,-0.2669,-0.2062,0.3536,39.24,0.16,0.0,0.0226,0.569
142.423,158.711,-0.2669,-0.2061,0.3536,39.24,0.17,0.0,0.0212,0.569
142.524,158.809,-0.2668,-0.2061,0.3537,39.23,0.17,0.0,0.0184,0.569
142.623,158.907,-0.2668,-0.2061,0.3537,39.23,0.17,0.0,0.0095,0.569
142.724,159.013,-0.2668,-0.2061,0.3537,39.22,0.17,0.0,0.0072,0.569
142.827,159.121,-0.2668,-0.2061,0.3537,39.2,0.18,0.0,0.0073,0.569
142.922,159.209,-0.2667,-0.2061,0.3538,39.19,0.18,0.0,0.0045,0.569
143.026,159.321,-0.2667,-0.2061,0.3538,39.14,0.18,0.0,0.0073,0.569
143.124,159.417,-0.2667,-0.2061,0.3538,39.17,0.18,0.0,0.0076,0.568
143.225,159.515,-0.2667,-0.2061,0.3538,39.18,0.17,0.0,0.0084,0.568
143.322,159.609,-0.2667,-0.2061,0.3538,39.19,0.17,0.0,0.0113,0.569
143.425,159.719,-0.2667,-0.2061,0.3538,39.18,0.17,0.0,0.0091,0.569
143.522,159.819,-0.2667,-0.2061,0.3539,39.16,0.18,0.0,0.0056,0.569
143.623,159.926,-0.2667,-0.2061,0.3539,39.18,0.17,0.0,-0.0025,0.568
143.724,160.018,-0.2667,-0.2061,0.354,39.12,0.18,0.0,-0.0021,0.569
143.824,160.128,-0.2667,-0.2061,0.354,39.13,0.18,0.0,-0.0061,0.568
143.922,160.22,-0.2667,-0.2061,0.354,39.16,0.18,0.0,-0.0009,0.568
144.028,160.318,-0.2667,-0.2061,0.354,39.17,0.17,0.0,-0.0012,0.568
144.124,160.423,-0.2667,-0.2061,0.354,39.17,0.17,0.0,0.0077,0.568
144.222,160.519,-0.2667,-0.2061,0.354,39.17,0.17,0.0,0.0113,0.568
144.323,160.625,-0.2667,-0.2061,0.354,39.17,0.17,0.0,0.014,0.568
144.426,160.718,-0.2667,-0.2061,0.354,39.17,0.17,0.0,0.0164,0.568
144.524,160.818,-0.2667,-0.2061,0.354,39.17,0.17,0.0,0.0167,0.568
144.626,160.918,-0.2667,-0.2061,0.354,39.17,0.17,0.0,0.0176,0.568
144.723,161.02,-0.2667,-0.2061,0.354,39.17,0.17,0.0,0.0286,0.568
144.823,161.115,-0.2667,-0.2061,0.354,39.17,0.17,0.0,0.027,0.568
144.924,161.221,-0.2667,-0.2061,0.354,39.17,0.17,0.0,0.0258,0.568
145.023,161.315,-0.2667,-0.2061,0.354,39.17,0.17,0.0,0.0235,0.568
145.126,161.421,-0.2667,-0.2061,0.354,39.17,0.17,0.0,0.023,0.568
145.222,161.523,-0.2667,-0.2061,0.354,39.17,0.17,0.0,0.0271,0.568
145.327,161.629,-0.2667,-0.2061,0.354,39.17,0.17,0.0,0.0276,0.568
145.43,161.734,-0.2667,-0.2061,0.354,39.17,0.17,0.0,0.0235,0.568
145.522,161.826,-0.2667,-0.2061,0.354,39.17,0.17,0.0,0.0162,0.568
145.625,161.925,-0.2667,-0.2061,0.354,39.17,0.17,0.0,0.0178,0.568
145.723,162.022,-0.2667,-0.2061,0.354,39.17,0.17,0.0,0.0222,0.568
145.822,162.119,-0.2667,-0.2061,0.354,39.17,0.17,0.0,0.0278,0.568
145.922,162.222,-0.2667,-0.2061,0.354,39.17,0.17,0.0,0.0238,0.568
146.022,162.325,-0.2667,-0.2061,0.354,39.17,0.17,0.0,0.0275,0.568
146.124,162.421,-0.2667,-0.2061,0.354,39.17,0.17,0.0,0.0212,0.568
146.223,162.529,-0.2667,-0.2061,0.354,39.17,0.17,0.0,0.0232,0.568
146.324,162.631,-0.2667,-0.2061,0.354,39.17,0.17,0.0,0.0244,0.568
146.422,162.729,-0.2667,-0.2061,0.354,39.17,0.17,0.0,0.0325,0.568
146.524,162.828,-0.2667,-0.2061,0.354,39.17,0.17,0.0,0.0291,0.568
146.625,162.932,-0.2667,-0.2061,0.354,39.17,0.17,0.0,0.026,0.568
146.722,163.021,-0.2667,-0.2061,0.354,39.18,0.17,0.0,0.0202,0.568
146.824,163.129,-0.2667,-0.2061,0.354,39.18,0.17,0.0,0.0174,0.568
146.922,163.227,-0.2667,-0.2061,0.354,39.18,0.17,0.0,0.0149,0.568
147.022,163.331,-0.2667,-0.2061,0.354,39.18,0.17,0.0,0.0151,0.568
147.125,163.429,-0.2667,-0.2061,0.354,39.18,0.17,0.0,0.0132,0.568
147.234,163.532,-0.2667,-0.206,0.354,39.18,0.17,0.0,0.0084,0.568
147.324,163.633,-0.2667,-0.206,0.354,39.18,0.17,0.0,0.0143,0.568
147.424,163.731,-0.2667,-0.206,0.354,39.18,0.17,0.0,0.0134,0.568
147.522,163.832,-0.2667,-0.206,0.354,39.18,0.17,0.0,0.0199,0.568
147.622,163.927,-0.2667,-0.206,0.354,39.18,0.17,0.0,0.0278,0.568
147.722,164.028,-0.2667,-0.206,0.354,39.18,0.17,0.0,0.0285,0.568
147.823,164.124,-0.2667,-0.206,0.354,39.18,0.17,0.0,0.0165,0.568
147.924,164.223,-0.2667,-0.206,0.354,39.18,0.17,0.0,0.0146,0.568
148.023,164.331,-0.2667,-0.206,0.354,39.18,0.17,0.0,0.0145,0.568
148.124,164.423,-0.2667,-0.206,0.354,39.18,0.17,0.0,0.02,0.568
148.223,164.532,-0.2667,-0.206,0.354,39.18,0.17,0.0,0.0191,0.568
148.322,164.622,-0.2667,-0.206,0.354,39.18,0.17,0.0,0.0177,0.568
148.423,164.733,-0.2667,-0.206,0.354,39.18,0.17,0.0,0.0182,0.568
148.522,164.838,-0.2667,-0.206,0.354,39.18,0.17,0.0,0.0208,0.568
148.626,164.93,-0.2667,-0.206,0.354,39.18,0.17,0.0,0.0156,0.568
148.722,165.024,-0.2667,-0.206,0.354,39.18,0.17,0.0,0.0139,0.568
148.825,165.136,-0.2667,-0.206,0.354,39.18,0.17,0.0,0.0158,0.568
148.924,165.229,-0.2667,-0.206,0.354,39.18,0.17,0.0,0.0095,0.568
149.024,165.33,-0.2667,-0.206,0.354,39.18,0.17,0.0,0.0093,0.568
149.123,165.434,-0.2667,-0.206,0.354,39.18,0.17,0.0,0.0119,0.568
149.222,165.531,-0.2667,-0.206,0.354,39.18,0.17,0.0,0.0121,0.568
149.322,165.625,-0.2667,-0.206,0.354,39.18,0.17,0.0,0.0169,0.568
149.422,165.732,-0.2667,-0.206,0.354,39.18,0.17,0.0,0.0223,0.568
149.523,165.826,-0.2667,-0.206,0.354,39.18,0.17,0.0,0.0207,0.568
149.623,165.93,-0.2667,-0.206,0.354,39.18,0.17,0.0,0.0234,0.568
149.723,166.037,-0.2667,-0.206,0.354,39.18,0.17,0.0,0.0156,0.568
149.823,166.129,-0.2667,-0.206,0.354,39.18,0.17,0.0,0.0092,0.568
149.922,166.236,-0.2667,-0.206,0.354,39.18,0.17,0.0,0.0145,0.568
150.039,166.344,-0.2667,-0.206,0.354,39.18,0.17,0.0,0.0167,0.568
150.122,166.438,-0.2667,-0.206,0.354,39.18,0.17,0.0,0.0177,0.568
150.223,166.531,-0.2667,-0.206,0.354,39.18,0.17,0.0,0.0268,0.568
150.331,166.637,-0.2667,-0.206,0.354,39.18,0.17,0.0,0.0334,0.568
150.422,166.743,-0.2667,-0.206,0.354,39.18,0.17,0.0,0.0297,0.568
150.523,166.84,-0.2667,-0.206,0.354,39.18,0.17,0.0,0.0344,0.568
150.624,166.939,-0.2667,-0.206,0.354,39.18,0.17,0.0,0.0397,0.568
150.722,167.035,-0.2667,-0.206,0.354,39.18,0.17,0.0,0.0334,0.568
150.822,167.131,-0.2667,-0.206,0.354,39.18,0.17,0.0,0.0368,0.568
150.926,167.241,-0.2667,-0.206,0.354,39.18,0.17,0.0,0.0344,0.568
151.022,167.333,-0.2667,-0.206,0.354,39.18,0.17,0.0,0.0312,0.568
151.123,167.434,-0.2667,-0.206,0.354,39.18,0.17,0.0,0.0295,0.568
151.225,167.537,-0.2667,-0.206,0.354,39.18,0.17,0.0,0.0241,0.568
151.328,167.639,-0.2667,-0.206,0.354,39.18,0.17,0.0,0.0229,0.568
151.424,167.742,-0.2667,-0.206,0.354,39.18,0.17,0.0,0.0149,0.568
151.526,167.835,-0.2667,-0.206,0.354,39.18,0.17,0.0,0.0119,0.568
151.624,167.947,-0.2667,-0.206,0.354,39.18,0.17,0.0,0.0101,0.568
151.723,168.035,-0.2667,-0.206,0.354,39.18,0.17,0.0,0.0126,0.568
151.826,168.14,-0.2667,-0.206,0.354,39.18,0.17,0.0,0.017,0.568
151.926,168.239,-0.2667,-0.206,0.354,39.18,0.17,0.0,0.0176,0.568
152.023,168.344,-0.2667,-0.206,0.354,39.18,0.17,0.0,0.0238,0.568
152.122,168.434,-0.2667,-0.206,0.354,39.18,0.17,0.0,0.025,0.568
152.222,168.541,-0.2667,-0.206,0.354,39.18,0.17,0.0,0.0206,0.568
152.324,168.639,-0.2667,-0.206,0.354,39.18,0.17,0.0,0.0216,0.568
152.423,168.737,-0.2667,-0.206,0.354,39.18,0.17,0.0,0.021,0.568
152.524,168.836,-0.2667,-0.206,0.354,39.18,0.17,0.0,0.0242,0.568
152.625,168.94,-0.2667,-0.206,0.354,39.18,0.17,0.0,0.0232,0.568
152.722,169.039,-0.2667,-0.206,0.354,39.18,0.17,0.0,0.0193,0.568
152.822,169.148,-0.2667,-0.206,0.354,39.18,0.17,0.0,0.0221,0.568
152.923,169.243,-0.2667,-0.206,0.354,39.18,0.17,0.0,0.0243,0.568
153.022,169.349,-0.2667,-0.206,0.354,39.18,0.17,0.0,0.0253,0.568
153.122,169.44,-0.2667,-0.206,0.354,39.18,0.17,0.0,0.0265,0.568
153.223,169.552,-0.2667,-0.206,0.354,39.18,0.17,0.0,0.0218,0.568
153.322,169.646,-0.2667,-0.206,0.354,39.18,0.17,0.0,0.0215,0.568
153.422,169.749,-0.2667,-0.206,0.354,39.18,0.17,0.0,0.0166,0.568
153.524,169.859,-0.2667,-0.206,0.354,39.18,0.17,0.0,0.0193,0.568
153.623,169.956,-0.2667,-0.206,0.354,39.18,0.17,0.0,0.0164,0.568
153.728,170.05,-0.2667,-0.206,0.354,39.18,0.17,0.0,0.0152,0.568
153.823,170.148,-0.2667,-0.206,0.354,39.18,0.17,0.0,0.009,0.568
153.922,170.25,-0.2667,-0.206,0.354,39.18,0.17,0.0,0.0065,0.568
154.022,170.36,-0.2667,-0.206,0.354,39.18,0.17,0.0,0.0084,0.568
154.123,170.449,-0.2667,-0.206,0.354,39.18,0.17,0.0,0.0071,0.568
154.223,170.555,-0.2667,-0.206,0.354,39.18,0.17,0.0,0.0057,0.568
154.322,170.646,-0.2667,-0.206,0.354,39.18,0.17,0.0,0.0057,0.568
154.426,170.752,-0.2667,-0.206,0.354,39.18,0.17,0.0,0.0085,0.568
154.525,170.852,-0.2667,-0.206,0.354,39.18,0.17,0.0,-0.005,0.568
154.622,170.956,-0.2667,-0.206,0.354,39.18,0.17,0.0,-0.0058,0.568
154.724,171.061,-0.2667,-0.206,0.354,39.18,0.17,0.0,-0.0114,0.568
154.823,171.163,-0.2667,-0.206,0.354,39.18,0.17,0.0,-0.0177,0.568
154.923,171.26,-0.2667,-0.206,0.354,39.18,0.17,0.0,-0.0176,0.568
155.03,171.369,-0.2667,-0.206,0.354,39.18,0.17,0.0,-0.0178,0.568
155.124,171.456,-0.2667,-0.206,0.354,39.18,0.17,0.0,-0.0151,0.568
155.223,171.559,-0.2667,-0.206,0.354,39.18,0.17,0.0,-0.0035,0.568
155.325,171.655,-0.2667,-0.206,0.354,39.18,0.17,0.0,0.0027,0.568
155.432,171.763,-0.2667,-0.206,0.354,39.18,0.17,0.0,0.0084,0.568
155.523,171.854,-0.2667,-0.206,0.354,39.18,0.17,0.0,0.0084,0.568
155.627,171.966,-0.2667,-0.206,0.354,39.18,0.17,0.0,0.0039,0.568
155.725,172.063,-0.2667,-0.206,0.354,39.18,0.17,0.0,0.0118,0.568
155.824,172.163,-0.2667,-0.206,0.354,39.18,0.17,0.0,0.0042,0.568
155.922,172.253,-0.2667,-0.206,0.354,39.18,0.17,0.0,0.0035,0.568
156.024,172.365,-0.2667,-0.206,0.354,39.18,0.17,0.0,0.0079,0.568
156.122,172.457,-0.2667,-0.206,0.354,39.18,0.17,0.0,0.0066,0.568
156.224,172.565,-0.2667,-0.206,0.354,39.18,0.17,0.0,0.0066,0.568
156.322,172.654,-0.2667,-0.206,0.354,39.18,0.17,0.0,0.0113,0.568
156.424,172.758,-0.2667,-0.206,0.354,39.18,0.17,0.0,0.007,0.568
156.522,172.865,-0.2667,-0.206,0.354,39.18,0.17,0.0,0.0119,0.568
156.634,172.969,-0.2667,-0.206,0.354,39.18,0.17,0.0,0.0209,0.568
156.722,173.065,-0.2667,-0.206,0.354,39.18,0.17,0.0,0.0249,0.568
156.823,173.16,-0.2667,-0.206,0.354,39.18,0.17,0.0,0.0305,0.568
156.922,173.272,-0.2667,-0.206,0.354,39.18,0.17,0.0,0.0291,0.568
157.024,173.372,-0.2667,-0.206,0.354,39.18,0.17,0.0,0.0291,0.568
157.123,173.467,-0.2667,-0.206,0.354,39.18,0.17,0.0,0.0271,0.568
157.223,173.57,-0.2667,-0.206,0.354,39.18,0.17,0.0,0.0297,0.568
157.327,173.668,-0.2667,-0.206,0.354,39.18,0.17,0.0,0.03,0.568
157.422,173.762,-0.2667,-0.206,0.354,39.18,0.17,0.0,0.0294,0.568
157.524,173.864,-0.2667,-0.206,0.354,39.18,0.17,0.0,0.0294,0.568
157.622,173.962,-0.2667,-0.206,0.354,39.18,0.17,0.0,0.0242,0.568
157.725,174.068,-0.2667,-0.206,0.354,39.18,0.17,0.0,0.0227,0.568
157.833,174.175,-0.2667,-0.206,0.354,39.18,0.17,0.0,0.0227,0.568
157.924,174.264,-0.2667,-0.206,0.354,39.18,0.17,0.0,0.0268,0.568
158.023,174.37,-0.2667,-0.206,0.354,39.18,0.17,0.0,0.0268,0.568
158.123,174.467,-0.2667,-0.206,0.354,39.18,0.17,0.0,0.0266,0.568
158.223,174.568,-0.2667,-0.206,0.354,39.18,0.17,0.0,0.0307,0.568
158.323,174.668,-0.2667,-0.206,0.354,39.18,0.17,0.0,0.0268,0.568
158.423,174.773,-0.2667,-0.206,0.354,39.18,0.17,0.0,0.0275,0.568
158.522,174.875,-0.2667,-0.206,0.354,39.18,0.17,0.0,0.0242,0.568
158.623,174.968,-0.2667,-0.206,0.354,39.18,0.17,0.0,0.0209,0.568
158.724,175.071,-0.2667,-0.206,0.354,39.18,0.17,0.0,0.0147,0.568
158.822,175.168,-0.2667,-0.206,0.354,39.18,0.17,0.0,0.0147,0.568
158.924,175.266,-0.2667,-0.206,0.354,39.18,0.17,0.0,0.0107,0.568
159.033,175.372,-0.2667,-0.206,0.354,39.18,0.17,0.0,0.0107,0.568
159.124,175.468,-0.2667,-0.206,0.354,39.18,0.17,0.0,0.0112,0.568
159.223,175.577,-0.2667,-0.206,0.354,39.18,0.17,0.0,0.0042,0.568
159.322,175.682,-0.2667,-0.206,0.354,39.18,0.17,0.0,0.004,0.568
159.423,175.771,-0.2667,-0.206,0.354,39.18,0.17,0.0,0.0073,0.568
159.522,175.868,-0.2667,-0.206,0.354,39.18,0.17,0.0,0.0074,0.568
159.624,175.975,-0.2667,-0.206,0.354,39.18,0.17,0.0,0.0115,0.568
159.722,176.073,-0.2667,-0.206,0.354,39.18,0.17,0.0,0.0127,0.568
159.83,176.178,-0.2667,-0.206,0.354,39.18,0.17,0.0,0.0207,0.568
159.922,176.282,-0.2667,-0.206,0.354,39.18,0.17,0.0,0.0217,0.568
160.022,176.375,-0.2667,-0.206,0.354,39.18,0.17,0.0,0.022,0.568
160.123,176.475,-0.2667,-0.206,0.354,39.18,0.17,0.0,0.0212,0.568
160.222,176.577,-0.2667,-0.206,0.354,39.18,0.17,0.0,0.0215,0.568
160.324,176.684,-0.2667,-0.206,0.354,39.18,0.17,0.0,0.0095,0.568
160.422,176.78,-0.2667,-0.206,0.354,39.18,0.17,0.0,0.0119,0.568
160.528,176.882,-0.2667,-0.206,0.354,39.18,0.17,0.0,0.0125,0.568
160.622,176.99,-0.2667,-0.206,0.354,39.18,0.17,0.0,0.0062,0.568
160.727,177.082,-0.2667,-0.206,0.354,39.18,0.17,0.0,0.0007,0.568
160.822,177.191,-0.2667,-0.206,0.354,39.18,0.17,0.0,-0.0027,0.568
160.926,177.285,-0.2667,-0.206,0.354,39.18,0.17,0.0,0.0008,0.568
161.022,177.385,-0.2667,-0.206,0.354,39.18,0.17,0.0,-0.0016,0.568
161.123,177.487,-0.2667,-0.206,0.354,39.18,0.17,0.0,0.001,0.568
161.223,177.589,-0.2667,-0.206,0.354,39.18,0.17,0.0,0.0034,0.568
161.327,177.684,-0.2667,-0.206,0.354,39.18,0.17,0.0,-0.001,0.568
161.424,177.788,-0.2667,-0.206,0.354,39.18,0.17,0.0,0.0125,0.568
161.523,177.887,-0.2667,-0.206,0.354,39.18,0.17,0.0,0.0124,0.568
161.623,177.985,-0.2667,-0.206,0.354,39.18,0.17,0.0,0.0124,0.568
161.722,178.089,-0.2667,-0.206,0.354,39.18,0.17,0.0,0.0135,0.568
161.823,178.183,-0.2667,-0.206,0.354,39.18,0.17,0.0,0.011,0.568
161.923,178.288,-0.2667,-0.206,0.354,39.18,0.17,0.0,0.013,0.568
162.024,178.388,-0.2667,-0.206,0.354,39.18,0.17,0.0,0.0124,0.568
162.122,178.481,-0.2667,-0.206,0.354,39.18,0.17,0.0,0.012,0.568
162.225,178.584,-0.2667,-0.206,0.354,39.18,0.17,0.0,0.0113,0.568
162.326,178.686,-0.2667,-0.206,0.354,39.18,0.17,0.0,0.0102,0.568
162.424,178.786,-0.2667,-0.206,0.354,39.18,0.17,0.0,0.0153,0.568
162.524,178.895,-0.2667,-0.206,0.354,39.18,0.17,0.0,0.0161,0.568
162.623,178.991,-0.2667,-0.206,0.354,39.18,0.17,0.0,0.0218,0.568
162.723,179.092,-0.2667,-0.206,0.354,39.18,0.17,0.0,0.0149,0.568
162.822,179.182,-0.2667,-0.206,0.354,39.18,0.17,0.0,0.0121,0.568
162.924,179.29,-0.2667,-0.206,0.354,39.18,0.17,0.0,0.0082,0.568
163.025,179.389,-0.2667,-0.206,0.354,39.18,0.17,0.0,0.0032,0.568
163.127,179.487,-0.2667,-0.206,0.354,39.18,0.17,0.0,0.0069,0.568
163.224,179.591,-0.2667,-0.206,0.354,39.18,0.17,0.0,0.0102,0.568
163.327,179.692,-0.2667,-0.206,0.354,39.18,0.17,0.0,0.002,0.568
163.422,179.786,-0.2667,-0.206,0.354,39.18,0.17,0.0,0.0079,0.568
163.524,179.889,-0.2667,-0.206,0.354,39.18,0.17,0.0,0.0092,0.568
163.623,179.998,-0.2667,-0.206,0.354,39.18,0.17,0.0,0.0031,0.568
163.722,180.086,-0.2667,-0.206,0.354,39.18,0.17,0.0,0.0136,0.568
163.822,180.188,-0.2667,-0.206,0.354,39.18,0.17,0.0,0.0136,0.568
163.922,180.287,-0.2667,-0.206,0.354,39.18,0.17,0.0,0.0105,0.568
164.023,180.39,-0.2667,-0.206,0.354,39.18,0.17,0.0,0.0091,0.568
164.122,180.488,-0.2667,-0.206,0.354,39.18,0.17,0.0,0.0,0.568
164.223,180.603,-0.2667,-0.206,0.354,39.18,0.17,0.0,0.0,0.568
164.324,180.693,-0.2667,-0.206,0.354,39.18,0.17,0.0,0.0,0.568
164.424,180.8,-0.2667,-0.206,0.354,39.18,0.17,0.0,0.0,0.568
164.523,180.897,-0.2667,-0.206,0.354,39.18,0.17,0.0,0.0,0.568
164.624,181.002,-0.2667,-0.206,0.354,39.18,0.17,0.0,0.0,0.568
164.725,181.101,-0.2667,-0.206,0.354,39.18,0.17,0.0,0.0,0.568
164.823,181.206,-0.2667,-0.206,0.354,39.18,0.17,0.0,0.0,0.568
164.925,181.3,-0.2667,-0.206,0.354,39.18,0.17,0.0,0.0051,0.568
165.023,181.408,-0.2667,-0.206,0.354,39.18,0.17,0.0,0.008,0.568
165.123,181.507,-0.2667,-0.206,0.354,39.18,0.17,0.0,0.0114,0.568
165.231,181.609,-0.2667,-0.206,0.354,39.18,0.17,0.0,0.0146,0.568
165.323,181.712,-0.2667,-0.206,0.354,39.18,0.17,0.0,0.0167,0.568
165.422,181.812,-0.2667,-0.206,0.354,39.18,0.17,0.0,0.0219,0.568
165.522,181.911,-0.2667,-0.206,0.354,39.18,0.17,0.0,0.0242,0.568
165.628,182.01,-0.2667,-0.206,0.354,39.18,0.17,0.0,0.0306,0.568
165.723,182.104,-0.2667,-0.206,0.354,39.18,0.17,0.0,0.03,0.568
165.824,182.212,-0.2667,-0.206,0.354,39.18,0.17,0.0,0.0333,0.568
165.929,182.322,-0.2667,-0.206,0.354,39.18,0.17,0.0,0.0323,0.568
166.034,182.417,-0.2667,-0.206,0.354,39.18,0.17,0.0,0.0313,0.568
166.123,182.519,-0.2667,-0.206,0.354,39.18,0.17,0.0,0.034,0.568
166.222,182.615,-0.2667,-0.206,0.354,39.18,0.17,0.0,0.0341,0.568
166.324,182.714,-0.2667,-0.206,0.354,39.18,0.17,0.0,0.0343,0.568
166.422,182.816,-0.2667,-0.206,0.354,39.18,0.17,0.0,0.0377,0.568
166.526,182.917,-0.2667,-0.206,0.354,39.18,0.17,0.0,0.0392,0.568
166.622,183.01,-0.2667,-0.206,0.354,39.18,0.17,0.0,0.0384,0.568
166.722,183.107,-0.2667,-0.206,0.354,39.18,0.17,0.0,0.0373,0.568
166.825,183.223,-0.2667,-0.206,0.354,39.18,0.17,0.0,0.0368,0.568
166.922,183.307,-0.2667,-0.206,0.354,39.18,0.17,0.0,0.0382,0.568
167.025,183.414,-0.2667,-0.206,0.354,39.18,0.17,0.0,0.0359,0.568
167.122,183.512,-0.2667,-0.206,0.354,39.18,0.17,0.0,0.036,0.568
167.223,183.61,-0.2667,-0.206,0.354,39.18,0.17,0.0,0.0379,0.568
167.322,183.707,-0.2667,-0.206,0.354,39.18,0.17,0.0,0.038,0.568
167.422,183.811,-0.2667,-0.206,0.354,39.18,0.17,0.0,0.0383,0.568
167.522,183.936,-0.2667,-0.206,0.354,39.18,0.17,0.0,0.0405,0.568
167.622,184.055,-0.2667,-0.206,0.354,39.18,0.17,0.0,0.0406,0.568
167.722,184.155,-0.2667,-0.206,0.354,39.18,0.17,0.0,0.0456,0.568
167.822,184.255,-0.2667,-0.206,0.354,39.18,0.17,0.0,0.0454,0.568
167.922,184.356,-0.2667,-0.206,0.354,39.18,0.17,0.0,0.044,0.568
168.026,184.471,-0.2667,-0.206,0.354,39.18,0.17,0.0,0.0449,0.568
168.122,184.564,-0.2667,-0.206,0.354,39.18,0.17,0.0,0.0448,0.568
168.222,184.694,-0.2667,-0.206,0.354,39.18,0.17,0.0,0.0433,0.568
168.322,184.97,-0.2667,-0.206,0.354,39.18,0.17,0.0,0.0458,0.568
168.422,185.111,-0.2667,-0.206,0.354,39.18,0.17,0.0,0.0451,0.568
168.522,185.26,-0.2667,-0.206,0.354,39.18,0.17,0.0,0.0424,0.568
168.622,185.369,-0.2667,-0.206,0.354,39.18,0.17,0.0,0.0452,0.568
168.722,185.477,-0.2667,-0.206,0.354,39.18,0.17,0.0,0.0442,0.568
168.822,185.59,-0.2667,-0.206,0.354,39.18,0.17,0.0,0.0445,0.568
168.922,185.734,-0.2667,-0.206,0.354,39.18,0.17,0.0,0.0418,0.568
169.026,185.863,-0.2667,-0.206,0.354,39.18,0.17,0.0,0.0419,0.568
169.122,185.963,-0.2667,-0.206,0.354,39.18,0.17,0.0,0.0422,0.568
169.222,186.087,-0.2667,-0.206,0.354,39.18,0.17,0.0,0.0396,0.568
169.322,186.207,-0.2667,-0.206,0.354,39.18,0.17,0.0,0.0412,0.568
169.422,186.347,-0.2667,-0.206,0.354,39.18,0.17,0.0,0.0381,0.568
169.522,186.459,-0.2667,-0.206,0.354,39.18,0.17,0.0,0.0368,0.568
169.631,186.602,-0.2667,-0.206,0.354,39.18,0.17,0.0,0.0359,0.568
169.722,186.726,-0.2667,-0.206,0.354,39.18,0.17,0.0,0.0361,0.568
169.822,187.258,-0.2667,-0.206,0.354,39.18,0.17,0.0,0.0425,0.568
169.922,187.437,-0.2667,-0.206,0.354,39.18,0.17,0.0,0.0383,0.568
170.022,187.612,-0.2667,-0.206,0.354,39.18,0.17,0.0,0.0396,0.568
170.122,187.76,-0.2667,-0.206,0.354,39.18,0.17,0.0,0.0427,0.568
170.222,187.916,-0.2667,-0.206,0.354,39.18,0.17,0.0,0.0413,0.568
170.322,188.041,-0.2667,-0.206,0.354,39.18,0.17,0.0,0.0404,0.568
170.422,188.171,-0.2667,-0.206,0.354,39.18,0.17,0.0,0.0368,0.568
170.522,188.309,-0.2667,-0.206,0.354,39.18,0.17,0.0,0.0386,0.568
170.625,188.463,-0.2667,-0.206,0.354,39.18,0.17,0.0,0.0381,0.568
170.722,188.588,-0.2667,-0.206,0.354,39.18,0.17,0.0,0.0405,0.568
170.822,188.991,-0.2667,-0.206,0.354,39.18,0.17,0.0,0.0382,0.568
170.922,189.18,-0.2667,-0.206,0.354,39.18,0.17,0.0,0.0391,0.568
171.022,189.426,-0.2667,-0.206,0.354,39.18,0.17,0.0,0.0449,0.568
171.122,189.579,-0.2667,-0.206,0.354,39.18,0.17,0.0,0.0435,0.568
171.222,189.767,-0.2667,-0.206,0.354,39.18,0.17,0.0,0.0405,0.568
171.322,189.943,-0.2667,-0.206,0.354,39.18,0.17,0.0,0.0403,0.568
171.422,190.069,-0.2667,-0.206,0.354,39.18,0.17,0.0,0.0389,0.568
171.522,190.199,-0.2667,-0.206,0.354,39.18,0.17,0.0,0.0397,0.568
171.623,190.339,-0.2667,-0.206,0.354,39.18,0.17,0.0,0.0371,0.568
171.722,190.462,-0.2667,-0.206,0.354,39.18,0.17,0.0,0.0357,0.568
171.825,190.621,-0.2667,-0.206,0.354,39.18,0.17,0.0,0.0348,0.568
171.922,190.731,-0.2667,-0.206,0.354,39.18,0.17,0.0,0.0317,0.568
172.022,190.922,-0.2667,-0.206,0.354,39.18,0.17,0.0,0.0355,0.568
172.122,191.105,-0.2667,-0.206,0.354,39.18,0.17,0.0,0.0331,0.568
172.222,191.319,-0.2667,-0.206,0.354,39.18,0.17,0.0,0.0331,0.568
172.322,191.48,-0.2667,-0.206,0.354,39.18,0.17,0.0,0.037,0.568
172.422,191.621,-0.2667,-0.206,0.354,39.18,0.17,0.0,0.0385,0.568
172.522,191.77,-0.2667,-0.206,0.354,39.18,0.17,0.0,0.0401,0.568
172.622,191.907,-0.2667,-0.206,0.354,39.18,0.17,0.0,0.0457,0.568
172.722,192.09,-0.2667,-0.206,0.354,39.18,0.17,0.0,0.0466,0.568
172.822,192.211,-0.2667,-0.206,0.354,39.18,0.17,0.0,0.0464,0.568
172.923,192.489,-0.2667,-0.206,0.354,39.18,0.17,0.0,0.0461,0.568
173.022,192.667,-0.2667,-0.206,0.354,39.18,0.17,0.0,0.0458,0.568
173.122,192.799,-0.2667,-0.206,0.354,39.18,0.17,0.0,0.0436,0.568
173.222,192.96,-0.2667,-0.206,0.354,39.18,0.17,0.0,0.0414,0.568
173.322,193.102,-0.2667,-0.206,0.354,39.18,0.17,0.0,0.04,0.568
173.422,193.228,-0.2667,-0.206,0.354,39.18,0.17,0.0,0.0421,0.568
173.522,193.387,-0.2667,-0.206,0.354,39.18,0.17,0.0,0.0459,0.568
173.622,193.537,-0.2667,-0.206,0.354,39.18,0.17,0.0,0.0444,0.568
173.722,193.694,-0.2667,-0.206,0.354,39.18,0.17,0.0,0.0425,0.568
173.822,193.856,-0.2667,-0.206,0.354,39.18,0.17,0.0,0.0419,0.568
173.922,194.041,-0.2667,-0.206,0.354,39.18,0.17,0.0,0.0399,0.568
174.022,194.179,-0.2667,-0.206,0.354,39.18,0.17,0.0,0.0371,0.568
174.122,194.31,-0.2667,-0.206,0.354,39.18,0.17,0.0,0.0371,0.568
174.222,194.459,-0.2667,-0.206,0.354,39.18,0.17,0.0,0.0389,0.568
174.322,194.606,-0.2667,-0.206,0.354,39.18,0.17,0.0,0.0374,0.568
174.425,194.781,-0.2667,-0.206,0.354,39.18,0.17,0.0,0.0404,0.568
174.522,194.921,-0.2667,-0.206,0.354,39.18,0.17,0.0,0.0394,0.568
174.624,195.098,-0.2667,-0.206,0.354,39.18,0.17,0.0,0.0399,0.568
174.722,195.233,-0.2667,-0.206,0.354,39.18,0.17,0.0,0.042,0.568
174.826,195.408,-0.2667,-0.206,0.354,39.18,0.17,0.0,0.0438,0.568
174.922,195.565,-0.2667,-0.206,0.354,39.18,0.17,0.0,0.0478,0.568
175.022,195.744,-0.2667,-0.206,0.354,39.18,0.17,0.0,0.0485,0.568
175.123,195.979,-0.2667,-0.206,0.354,39.18,0.17,0.0,0.0493,0.568
175.23,196.202,-0.2667,-0.206,0.354,39.18,0.17,0.0,0.0505,0.568
175.322,196.356,-0.2665,-0.2058,0.3535,39.29,0.11,0.0,0.051,0.568
175.422,196.503,-0.2648,-0.2032,0.3532,39.44,0.47,0.0,0.0542,0.569
175.531,196.666,-0.2635,-0.2002,0.3474,39.87,0.3,0.0,0.0565,0.568
175.622,196.77,-0.2639,-0.2009,0.3478,40.24,0.18,0.0,0.0623,0.568
175.722,197.078,-0.2631,-0.2003,0.345,40.35,0.73,0.0,0.052,0.569
175.822,197.318,-0.2655,-0.2057,0.3377,43.22,1.25,0.0001,0.1481,0.569
175.922,197.561,-0.2761,-0.2098,0.3533,40.55,1.06,0.0,0.0894,0.578
176.022,197.891,-0.2858,-0.2091,0.381,44.24,0.17,0.0,0.0494,0.584
176.122,198.121,-0.2943,-0.2022,0.3845,45.99,0.75,0.0,0.1885,0.598
176.222,198.355,-0.302,-0.1931,0.3462,44.52,1.28,0.0,0.0751,0.616
176.322,198.629,-0.3089,-0.1871,0.3087,43.84,0.59,0.0001,-0.0595,0.621
176.422,198.878,-0.3191,-0.1796,0.2875,43.44,1.34,0.0,-0.0622,0.625
176.522,199.051,-0.3353,-0.1755,0.2973,43.38,1.48,0.0,-0.0547,0.631
176.622,199.29,-0.3416,-0.1735,0.31,42.7,0.73,0.0,-0.0377,0.644
176.722,199.551,-0.3442,-0.1745,0.2886,42.41,0.53,0.0,-0.0323,0.651
176.822,199.755,-0.3537,-0.183,0.2902,41.65,0.4,0.0,-0.0192,0.654
176.922,199.866,-0.366,-0.1851,0.3091,42.11,0.87,0.0,-0.0764,0.661
177.022,199.972,-0.3777,-0.1805,0.3173,41.84,0.98,0.0,-0.0683,0.671
177.122,200.088,-0.3801,-0.177,0.3242,41.48,0.81,0.0,-0.0748,0.682
177.222,200.188,-0.376,-0.1715,0.3322,41.14,0.52,0.0,-0.0603,0.683
177.322,200.319,-0.3728,-0.1706,0.3373,40.97,0.36,0.0036,-0.0536,0.681
177.422,200.507,-0.3669,-0.1726,0.3365,40.59,0.4,0.0008,-0.0385,0.677
177.522,200.798,-0.3696,-0.1765,0.3596,36.86,0.13,0.0001,-0.1494,0.671
177.623,200.94,-0.3703,-0.1805,0.365,37.46,0.15,0.0,-0.1845,0.639
177.722,201.063,-0.373,-0.186,0.374,37.65,0.04,0.0,-0.0645,0.629
177.822,201.207,-0.3771,-0.1867,0.3777,38.17,0.22,0.0,0.0378,0.631
177.922,201.39,-0.3816,-0.1867,0.3679,38.18,0.45,0.0,0.0477,0.633
178.022,201.569,-0.3896,-0.1898,0.3935,28.88,1.12,0.0,0.0088,0.634
178.125,201.83,-0.3958,-0.1979,0.3942,21.14,0.43,0.0,-0.1786,0.564
178.222,201.976,-0.3997,-0.204,0.3986,21.21,0.56,0.0,-0.1912,0.479
178.322,202.103,-0.4065,-0.2036,0.3948,19.93,0.19,0.0,-0.1894,0.469
178.422,202.392,-0.4183,-0.2015,0.3864,18.88,0.18,0.0043,-0.1764,0.461
178.523,202.543,-0.4332,-0.1992,0.3723,17.71,0.73,0.0,-0.1778,0.454
178.622,202.696,-0.4565,-0.1976,0.3649,17.15,0.98,0.0003,-0.1665,0.448
178.722,202.808,-0.4678,-0.2012,0.3605,16.35,0.36,0.0,-0.1479,0.448
178.822,202.903,-0.4769,-0.2075,0.3737,12.9,0.69,0.0001,-0.135,0.449
178.923,203.008,-0.4806,-0.2069,0.3722,13.85,0.42,0.0,-0.1187,0.449
179.022,203.144,-0.486,-0.2023,0.3645,14.02,0.33,0.0,-0.0469,0.448
179.122,203.356,-0.4846,-0.2012,0.3602,13.66,0.23,0.0,-0.04,0.448
179.222,203.537,-0.484,-0.2034,0.3556,13.38,0.07,0.0,-0.0299,0.449
179.322,203.706,-0.483,-0.209,0.342,13.25,0.35,0.0,0.0074,0.449
179.422,203.993,-0.4821,-0.2161,0.3255,13.19,0.33,0.0,-0.0095,0.448
179.522,204.169,-0.485,-0.2232,0.3061,12.93,0.65,0.0,-0.0006,0.449
179.622,204.342,-0.4885,-0.2285,0.2968,13.32,0.79,0.0,-0.011,0.449
179.722,204.509,-0.4853,-0.2348,0.3063,12.91,1.14,0.0,-0.0015,0.448
179.822,204.645,-0.4822,-0.2429,0.3226,12.49,1.26,0.0,-0.0211,0.448
179.922,204.818,-0.4755,-0.245,0.3348,12.97,0.93,0.0,0.0036,0.449
180.022,204.972,-0.4657,-0.244,0.3319,12.98,0.68,0.0144,-0.0273,0.448
180.122,205.176,-0.4652,-0.2392,0.3425,11.53,0.31,0.0047,-0.0676,0.448
180.222,205.313,-0.4718,-0.2344,0.3567,12.37,0.5,0.0032,-0.1686,0.449
180.322,205.428,-0.4744,-0.2344,0.3594,11.84,0.39,0.0008,-0.1217,0.449
180.422,205.54,-0.4755,-0.2364,0.3618,11.03,0.29,0.0002,-0.1406,0.449
180.522,205.672,-0.4762,-0.241,0.3619,10.87,0.27,0.0035,-0.0933,0.45
180.622,205.854,-0.4782,-0.2456,0.3649,10.43,0.28,0.0007,-0.0485,0.449
180.722,206.022,-0.481,-0.2502,0.374,8.77,0.37,0.0005,-0.0197,0.45
180.822,206.156,-0.4823,-0.2495,0.3787,8.98,0.11,0.0,-0.0997,0.449
180.922,206.368,-0.4827,-0.2463,0.3704,9.11,0.44,0.002,-0.064,0.45
181.022,206.503,-0.4848,-0.2445,0.3916,3.81,0.35,0.0091,-0.0711,0.449
181.122,206.64,-0.4883,-0.2435,0.3885,1.59,0.34,0.0018,-0.1482,0.45
181.222,206.822,-0.4903,-0.2445,0.3686,4.24,0.22,0.0011,-0.0329,0.451
181.322,207.034,-0.4918,-0.2428,0.3752,5.48,0.65,0.0001,0.0965,0.45
181.422,207.147,-0.4959,-0.242,0.4012,14.42,0.21,0.0,0.1243,0.449
181.522,207.267,-0.4991,-0.2408,0.3896,20.86,0.24,0.0,0.1848,0.448
181.624,207.412,-0.5005,-0.2367,0.3878,20.83,0.69,0.0,0.1978,0.449
181.722,207.562,-0.5019,-0.2301,0.3792,14.73,0.57,0.0,0.0778,0.448
181.822,207.733,-0.5012,-0.2278,0.3646,12.08,0.78,0.0,-0.0422,0.448
181.922,207.865,-0.5001,-0.2277,0.3574,11.25,0.54,0.0065,-0.1436,0.449
182.022,208.112,-0.5009,-0.2311,0.3516,10.35,0.25,0.0038,-0.1743,0.448
182.122,208.256,-0.506,-0.2324,0.3565,7.77,0.31,0.0026,-0.1631,0.45
182.223,208.437,-0.5126,-0.2261,0.3635,7.77,0.77,0.0006,-0.176,0.449
182.322,208.577,-0.5175,-0.2165,0.3366,7.6,1.03,0.0002,-0.1032,0.448
182.422,208.715,-0.5215,-0.2042,0.339,5.19,1.29,0.0007,-0.0478,0.45
182.522,208.877,-0.5275,-0.1881,0.3472,5.99,2.01,0.0004,-0.0878,0.448
182.622,209.025,-0.5363,-0.1701,0.3285,6.1,0.64,0.0004,0.0043,0.448
182.723,209.208,-0.5403,-0.1491,0.3297,4.11,4.65,0.0004,0.008,0.449
182.822,209.375,-0.5478,-0.124,0.3393,5.36,5.81,0.0,-0.032,0.449
182.922,209.527,-0.552,-0.0985,0.3204,5.52,3.66,0.0,0.0177,0.448
183.022,209.66,-0.5489,-0.076,0.3251,5.22,5.1,0.0022,0.0308,0.462
183.122,209.858,-0.5393,-0.0598,0.336,5.46,2.82,0.0062,0.0213,0.484
183.222,210.025,-0.5244,-0.0477,0.3408,5.4,3.1,0.0187,0.0439,0.505
183.322,210.191,-0.509,-0.0328,0.3244,5.69,2.59,0.0694,0.0558,0.515
183.422,210.339,-0.4986,-0.0186,0.33,6.24,2.38,0.0827,0.055,0.536
183.522,210.485,-0.4819,-0.0097,0.3401,6.2,1.82,0.0662,0.0897,0.552
183.622,210.67,-0.4614,-0.0019,0.3333,6.96,1.37,0.0844,0.108,0.561
183.722,210.908,-0.4462,-0.0023,0.3283,7.23,0.71,0.0797,0.113,0.576
183.822,211.027,-0.4314,-0.0014,0.3288,7.92,0.6,0.0771,0.1119,0.582
183.922,211.141,-0.4186,-0.0071,0.3381,8.56,0.75,0.0721,0.118,0.586
184.025,211.258,-0.4071,-0.014,0.3381,8.86,0.83,0.0614,0.1227,0.589
184.122,211.348,-0.4016,-0.0222,0.3455,9.27,1.03,0.0606,0.1176,0.584
184.222,211.456,-0.4013,-0.0259,0.3476,9.81,0.84,0.0456,0.0947,0.579
184.322,211.585,-0.399,-0.0256,0.3515,10.57,0.56,0.0205,0.1013,0.577
184.422,211.742,-0.3962,-0.0224,0.3415,10.99,0.31,0.0115,0.0988,0.58
184.523,211.976,-0.3997,-0.0178,0.3553,9.56,0.58,0.0009,0.0633,0.585
184.622,212.079,-0.408,-0.0169,0.3898,18.08,0.08,0.0,-0.0167,0.582
184.722,212.184,-0.4141,-0.0142,0.3885,23.31,0.36,0.0049,-0.0167,0.62
184.822,212.344,-0.4206,-0.0134,0.3875,22.95,0.29,0.0044,0.0973,0.667
184.922,212.5,-0.4269,-0.0131,0.3853,22.85,0.42,0.0031,0.1017,0.675
185.022,212.649,-0.4315,-0.014,0.3654,23.28,0.45,0.0015,0.0974,0.674
185.122,212.855,-0.4366,-0.0163,0.3732,21.03,0.31,0.0028,0.1002,0.679
185.222,213.103,-0.4428,-0.0225,0.4009,28.67,0.68,0.0063,-0.0198,0.663
185.322,213.222,-0.4494,-0.0246,0.4243,43.56,1.72,0.0141,0.1002,0.693
185.422,213.4,-0.4553,-0.0256,0.4077,53.88,1.05,0.0278,0.1983,0.652
185.522,213.547,-0.4643,-0.0214,0.3643,60.91,1.55,0.0312,0.1998,0.575
185.622,213.671,-0.4701,-0.0124,0.3772,49.49,7.01,0.024,0.2,0.534
185.722,213.914,-0.4765,-0.0001,0.358,33.76,8.06,0.0073,0.04,0.581
185.822,214.059,-0.4825,0.012,0.3069,22.28,5.42,0.0055,-0.08,0.674
185.922,214.213,-0.486,0.016,0.2998,17.61,3.41,0.0004,-0.2,0.693
186.022,214.359,-0.4911,0.0124,0.3031,19.7,1.77,0.001,-0.2,0.654
186.122,214.483,-0.4912,0.0022,0.3119,23.54,0.84,0.0009,-0.08,0.671
186.222,214.598,-0.4867,-0.0092,0.311,24.99,0.7,0.0025,0.0,0.7
186.322,214.774,-0.4776,-0.0169,0.317,26.12,0.79,0.0229,0.16,0.694
186.422,214.926,-0.4696,-0.0241,0.3046,26.54,0.98,0.0319,0.1901,0.702
186.522,215.105,-0.4684,-0.0292,0.3115,27.52,0.83,0.0333,0.1827,0.7
186.622,215.294,-0.4661,-0.0306,0.3337,30.01,1.06,0.0336,0.1963,0.702
186.722,215.521,-0.463,-0.0322,0.352,29.97,1.17,0.0313,0.1634,0.719
186.822,215.758,-0.4613,-0.0357,0.358,31.27,0.85,0.0309,0.1412,0.724
186.922,215.893,-0.4634,-0.0427,0.374,30.46,0.69,0.0231,0.1598,0.725
187.022,215.999,-0.4667,-0.0419,0.3798,31.01,0.17,0.0146,0.1198,0.717
187.122,216.101,-0.4713,-0.0361,0.3814,32.61,0.28,0.017,0.0701,0.716
187.222,216.247,-0.4718,-0.0291,0.3792,33.57,0.66,0.0172,0.0847,0.695
187.322,216.356,-0.471,-0.0218,0.3877,31.99,0.97,0.0214,0.0854,0.683
187.422,216.505,-0.4703,-0.0165,0.388,32.62,0.84,0.0306,0.0604,0.684
187.522,216.803,-0.4711,-0.0156,0.3739,34.1,0.4,0.0344,0.0524,0.69
187.622,216.905,-0.4719,-0.0191,0.3573,34.7,0.58,0.0369,0.0838,0.671
187.722,217.006,-0.4733,-0.0245,0.3564,35.44,0.38,0.0324,0.0817,0.666
187.822,217.108,-0.4692,-0.0294,0.3548,35.68,0.52,0.0295,0.0905,0.667
187.922,217.263,-0.4628,-0.0381,0.3528,36.12,1.14,0.029,0.0859,0.667
188.022,217.428,-0.4558,-0.0432,0.3409,36.68,0.97,0.0303,0.0992,0.674
188.122,217.655,-0.4474,-0.0464,0.328,37.01,0.8,0.0365,0.0975,0.68
188.222,217.795,-0.4448,-0.0485,0.3244,37.81,0.73,0.0372,0.102,0.685
188.323,217.915,-0.4419,-0.0482,0.3296,38.42,0.73,0.0378,0.1067,0.686
188.422,218.005,-0.4355,-0.0443,0.3383,38.57,0.75,0.0383,0.1111,0.683
188.522,218.109,-0.4338,-0.0429,0.3455,38.92,0.7,0.0391,0.0937,0.684
188.624,218.215,-0.4326,-0.0403,0.3419,39.61,0.47,0.0393,0.0973,0.684
188.722,218.369,-0.4317,-0.0347,0.3446,40.18,0.23,0.0408,0.1054,0.679
188.822,218.57,-0.4309,-0.0269,0.3278,40.45,0.46,0.0404,0.0887,0.673
188.922,218.726,-0.4336,-0.0185,0.3124,41.22,0.41,0.0436,0.0858,0.669
189.023,218.896,-0.4371,-0.0166,0.3216,42.1,0.42,0.0409,0.0875,0.658
189.122,219.018,-0.4321,-0.0162,0.3357,41.54,0.53,0.0394,0.0987,0.648
189.222,219.163,-0.4225,-0.0136,0.3394,42.18,0.18,0.0465,0.082,0.651
189.322,219.279,-0.4078,-0.0057,0.3504,43.3,0.2,0.0511,0.122,0.654
189.422,219.416,-0.3977,0.0015,0.3559,43.49,0.31,0.0591,0.096,0.651
189.522,219.572,-0.3933,0.0087,0.3556,44.02,0.06,0.0493,0.1067,0.654
189.622,219.759,-0.3908,0.0126,0.3575,44.62,0.25,0.0465,0.1025,0.652
189.722,219.974,-0.3896,0.0141,0.3583,45.07,0.21,0.0297,0.1018,0.649
189.822,220.136,-0.3897,0.0134,0.3217,45.32,0.66,0.0259,0.119,0.644
189.922,220.295,-0.3937,0.0015,0.3158,45.97,0.62,0.0144,0.0881,0.642
190.022,220.419,-0.4027,-0.0137,0.3237,44.88,0.7,0.0085,0.0876,0.642
190.122,220.59,-0.4129,-0.0195,0.3294,46.3,0.4,0.0019,-0.0007,0.647
190.222,220.728,-0.4225,-0.0194,0.3101,47.21,1.1,0.0,0.0793,0.645
190.322,220.977,-0.4308,-0.0173,0.3174,45.95,0.78,0.0048,0.0543,0.628
190.422,221.178,-0.4387,-0.0161,0.3505,51.19,0.61,0.0108,-0.0257,0.628
190.522,221.328,-0.4421,-0.0111,0.3765,47.04,0.94,0.0148,0.0943,0.603
190.622,221.492,-0.4445,-0.0057,0.3815,42.15,1.3,0.0384,-0.0257,0.603
190.723,221.656,-0.4466,-0.0007,0.3508,42.59,1.01,0.0394,-0.1457,0.636
190.822,221.813,-0.4486,0.0022,0.3652,45.1,1.57,0.041,0.0143,0.63
190.922,221.96,-0.4532,0.003,0.3694,46.65,1.31,0.0379,0.0943,0.617
191.022,222.092,-0.4539,0.0028,0.3523,47.62,0.92,0.0298,0.1882,0.601
191.122,222.239,-0.4529,0.0025,0.3582,46.91,0.73,0.0281,0.1884,0.591
191.222,222.471,-0.4519,0.0021,0.3593,48.33,0.5,0.0251,0.0684,0.593
191.322,222.655,-0.4497,-0.0,0.3272,50.08,0.63,0.0264,0.0974,0.59
191.422,222.817,-0.4488,-0.0035,0.3153,50.51,0.78,0.0237,0.1497,0.58
191.522,222.968,-0.4458,-0.0032,0.3108,51.07,0.48,0.0249,0.1379,0.58
191.622,223.136,-0.4423,-0.0022,0.3175,51.41,0.39,0.0256,0.1335,0.578
191.722,223.354,-0.4405,0.0017,0.331,52.83,0.14,0.0265,0.128,0.577
191.824,223.493,-0.4383,0.0059,0.3102,53.43,0.39,0.0287,0.125,0.571
191.922,223.63,-0.4441,0.0094,0.3187,53.76,0.77,0.0269,0.1373,0.565
192.022,223.847,-0.452,0.0104,0.3268,54.73,0.81,0.0199,0.1416,0.562
192.122,223.949,-0.4533,0.0125,0.3319,55.1,0.62,0.0156,0.1407,0.55
192.222,224.057,-0.4505,0.0179,0.3494,53.8,0.5,0.0142,0.1407,0.541
192.322,224.193,-0.4481,0.0258,0.3579,56.08,0.46,0.0167,0.1007,0.551
192.422,224.296,-0.4446,0.0349,0.3431,57.17,0.6,0.0175,0.1035,0.534
192.522,224.399,-0.4463,0.0456,0.3409,57.81,1.42,0.0235,0.11,0.524
192.622,224.59,-0.4493,0.0535,0.3518,58.23,1.4,0.0232,0.124,0.515
192.722,224.805,-0.4532,0.0494,0.3619,59.35,1.01,0.011,0.1376,0.506
192.822,224.982,-0.4534,0.0437,0.3897,50.54,0.87,0.0025,0.0954,0.495
192.922,225.142,-0.4489,0.0344,0.3979,47.1,0.71,0.0045,-0.0246,0.536
193.022,225.335,-0.446,0.0216,0.3966,51.79,0.9,0.0001,0.0633,0.574
193.122,225.491,-0.4467,0.0061,0.3451,54.85,0.94,0.001,0.1833,0.56
193.222,225.605,-0.4505,-0.021,0.3592,58.52,1.66,0.0013,0.1988,0.548
193.322,225.827,-0.4532,-0.0523,0.3512,57.69,1.97,0.0,0.12,0.545
193.422,225.986,-0.4556,-0.0855,0.3048,54.94,2.25,0.0,-0.0,0.563
193.522,226.109,-0.4579,-0.123,0.2961,54.41,3.28,0.0,-0.08,0.601
193.622,226.299,-0.4575,-0.1666,0.2917,52.02,5.09,0.0,-0.08,0.628
193.722,226.519,-0.4549,-0.1749,0.2969,51.04,2.78,0.0,-0.0743,0.638
193.822,226.656,-0.4507,-0.1683,0.2904,51.81,2.09,0.0008,-0.0656,0.694
193.922,226.825,-0.4534,-0.1649,0.298,52.21,0.68,0.0156,-0.0157,0.692
194.022,226.945,-0.4602,-0.1665,0.3159,52.75,0.22,0.0146,-0.0044,0.689
194.122,227.065,-0.459,-0.1657,0.3299,52.2,0.96,0.005,-0.0095,0.685
194.222,227.195,-0.4534,-0.1645,0.3347,52.13,0.23,0.0051,-0.0084,0.684
194.322,227.34,-0.4478,-0.1681,0.3337,52.09,0.99,0.0083,0.0004,0.688
194.422,227.551,-0.4442,-0.172,0.3319,51.94,0.88,0.0018,0.0029,0.693
194.522,227.811,-0.4473,-0.1747,0.3309,52.03,0.48,0.0001,0.0089,0.701
194.622,227.914,-0.4532,-0.1722,0.3187,52.01,0.02,0.0,0.0123,0.701
194.722,228.019,-0.4614,-0.162,0.3251,51.93,1.18,0.0,0.0164,0.7
194.823,228.124,-0.4696,-0.1545,0.3341,52.29,1.49,0.0001,0.0154,0.692
194.922,228.224,-0.4832,-0.1582,0.342,52.48,1.52,0.0009,0.0212,0.678
195.022,228.326,-0.4992,-0.1662,0.3396,52.46,1.21,0.0002,0.0232,0.672
195.122,228.431,-0.5051,-0.1684,0.3421,52.34,0.45,0.0002,0.0257,0.668
195.222,228.783,-0.5053,-0.1694,0.345,52.44,0.42,0.0,0.0299,0.666
195.322,228.959,-0.5092,-0.171,0.3348,52.6,0.51,0.0,0.0343,0.666
195.422,229.063,-0.5182,-0.1787,0.3342,52.89,0.62,0.0,0.0373,0.665
195.522,229.183,-0.531,-0.189,0.3354,53.25,0.82,0.0,0.0423,0.665
195.622,229.289,-0.5321,-0.1847,0.3369,53.19,0.98,0.0,0.0436,0.668
195.722,229.417,-0.528,-0.1798,0.3428,52.9,0.21,0.0044,0.0439,0.661
195.822,229.536,-0.5265,-0.1791,0.3478,53.75,0.08,0.0043,0.0039,0.659
195.922,229.671,-0.5257,-0.1849,0.3473,53.76,0.14,0.0018,0.0611,0.657
196.022,229.834,-0.5224,-0.1829,0.3481,53.86,0.76,0.0009,0.0573,0.66
196.122,229.969,-0.5196,-0.183,0.3363,54.18,0.52,0.0005,0.0573,0.66
196.222,230.094,-0.5167,-0.1845,0.3427,54.78,0.55,0.0001,0.0568,0.659
196.322,230.259,-0.5114,-0.1828,0.347,54.61,1.95,0.0,0.0783,0.66
196.422,230.485,-0.5088,-0.1828,0.333,55.07,0.77,0.0,0.0605,0.658
196.522,230.757,-0.5087,-0.1804,0.327,55.49,0.85,0.0016,0.0699,0.66
196.622,230.893,-0.5097,-0.1792,0.3072,56.14,1.06,0.0035,0.1025,0.658
196.723,231.013,-0.5085,-0.1815,0.3132,56.23,0.88,0.0013,0.1004,0.651
196.822,231.212,-0.506,-0.1798,0.3211,55.2,2.4,0.0005,0.0497,0.653
196.922,231.393,-0.5053,-0.1787,0.3026,55.64,0.56,0.0,-0.0341,0.653
197.022,231.502,-0.5083,-0.1756,0.2912,56.01,0.26,0.0,0.0059,0.659
197.122,231.658,-0.5146,-0.1636,0.2981,55.74,0.79,0.0,0.0293,0.653
197.222,231.806,-0.5184,-0.159,0.3037,56.07,0.57,0.0094,0.0504,0.644
197.322,231.956,-0.5178,-0.1631,0.3136,56.03,0.36,0.0036,0.0519,0.633
197.422,232.09,-0.519,-0.1631,0.3256,55.89,0.62,0.0014,0.0367,0.635
197.522,232.201,-0.5223,-0.1663,0.3346,57.18,0.75,0.0006,0.0393,0.639
197.622,232.339,-0.5292,-0.1763,0.3409,57.43,0.63,0.0002,0.0782,0.633
197.722,232.491,-0.5292,-0.1749,0.3415,57.34,0.64,0.0,0.0626,0.634
197.822,232.678,-0.5252,-0.1729,0.336,57.74,0.2,0.0025,0.0565,0.633
197.922,232.837,-0.5235,-0.1821,0.3577,61.09,0.7,0.0011,0.0581,0.632
198.022,232.973,-0.5179,-0.1879,0.3669,59.48,2.05,0.006,0.1108,0.627
198.122,233.13,-0.5115,-0.1886,0.3628,59.1,0.97,0.0066,0.0731,0.634
198.222,233.242,-0.5067,-0.1869,0.3734,60.83,0.96,0.0143,0.0828,0.645
198.322,233.388,-0.5004,-0.1806,0.3753,60.61,1.76,0.0294,0.09,0.639
198.422,233.527,-0.4999,-0.1779,0.3669,60.67,0.62,0.035,0.0458,0.633
198.522,233.822,-0.5019,-0.1793,0.3672,60.65,0.62,0.0289,0.0625,0.635
198.622,234.036,-0.5055,-0.1844,0.391,53.46,0.48,0.0152,-0.0085,0.635
198.722,234.139,-0.5054,-0.1907,0.4086,57.62,0.47,0.0065,-0.0885,0.667
198.826,234.254,-0.5022,-0.1892,0.4034,60.39,0.81,0.003,-0.1561,0.661
198.922,234.346,-0.4993,-0.181,0.4001,60.47,0.05,0.002,-0.0761,0.643
199.022,234.453,-0.5015,-0.1777,0.3941,60.09,0.15,0.0148,0.0039,0.639
199.122,234.559,-0.5055,-0.1839,0.3909,60.51,0.18,0.0144,0.0839,0.636
199.222,234.706,-0.505,-0.1837,0.3865,61.38,0.62,0.0052,0.1284,0.639
199.322,234.892,-0.5057,-0.1768,0.3845,60.8,0.25,0.0144,0.1128,0.635
199.422,235.039,-0.5096,-0.1801,0.3991,64.33,0.54,0.0137,-0.0072,0.632
199.522,235.144,-0.5104,-0.1776,0.3995,66.85,0.82,0.0122,0.0728,0.624
199.622,235.272,-0.5073,-0.1727,0.3925,64.47,0.23,0.0155,0.0997,0.605
199.722,235.425,-0.5037,-0.1695,0.3805,62.4,0.5,0.0201,-0.0203,0.61
199.822,235.552,-0.4995,-0.1688,0.3572,61.95,0.2,0.0211,-0.1003,0.618
199.922,235.712,-0.5025,-0.1686,0.3514,61.84,0.34,0.0239,-0.0875,0.622
200.022,235.923,-0.5097,-0.1721,0.3503,62.35,0.57,0.0156,0.0059,0.621
200.122,236.108,-0.5133,-0.1633,0.3149,63.15,0.3,0.0154,0.0618,0.619
200.222,236.274,-0.5174,-0.152,0.3049,63.23,0.73,0.0382,0.0877,0.609
200.322,236.478,-0.5218,-0.1536,0.3158,64.34,0.75,0.0328,0.1259,0.596
200.422,236.68,-0.5192,-0.1542,0.3358,60.96,0.53,0.0244,0.0886,0.591
200.522,236.873,-0.5166,-0.1524,0.3488,61.76,0.64,0.017,0.0086,0.6
200.622,237.102,-0.5092,-0.1484,0.3506,62.57,0.23,0.0267,0.1375,0.604
200.722,237.264,-0.5005,-0.1483,0.3331,63.19,0.65,0.0355,0.1575,0.599
200.822,237.418,-0.4951,-0.151,0.3306,63.78,0.93,0.0358,0.1574,0.598
200.922,237.551,-0.494,-0.1528,0.3331,64.31,0.57,0.0365,0.1473,0.599
201.022,237.757,-0.4947,-0.154,0.3355,66.43,0.29,0.0335,0.1663,0.6
201.122,237.973,-0.4952,-0.1501,0.3183,67.11,0.32,0.0368,0.1721,0.593
201.222,238.112,-0.496,-0.1495,0.2992,67.35,0.68,0.0392,0.1721,0.588
201.322,238.252,-0.4941,-0.1525,0.3028,68.46,0.83,0.0351,0.1525,0.584
201.422,238.38,-0.4902,-0.1538,0.3105,68.97,1.13,0.0346,0.157,0.584
201.522,238.481,-0.4879,-0.1539,0.3139,70.03,0.42,0.0346,0.157,0.583
201.622,238.672,-0.4892,-0.1504,0.3235,71.33,0.25,0.0391,0.1682,0.581
201.722,238.838,-0.493,-0.1467,0.3139,72.22,0.32,0.0405,0.1625,0.575
201.822,238.94,-0.4992,-0.1468,0.3085,73.06,0.45,0.041,0.1619,0.567
201.922,239.069,-0.5066,-0.1495,0.3172,73.9,0.82,0.0335,0.1602,0.56
202.022,239.21,-0.5082,-0.1467,0.3192,74.52,0.21,0.0316,0.1499,0.558
202.122,239.314,-0.5032,-0.1391,0.3265,75.23,0.19,0.0348,0.15,0.552
202.222,239.423,-0.4987,-0.1329,0.3308,76.0,0.15,0.0402,0.1447,0.545
202.322,239.613,-0.4906,-0.1231,0.3404,76.89,0.24,0.0496,0.1437,0.538
202.422,239.805,-0.4881,-0.1199,0.3505,76.32,0.56,0.0549,0.0981,0.531
202.524,239.94,-0.4897,-0.1217,0.3684,75.42,0.2,0.0511,-0.0211,0.531
202.622,240.091,-0.4911,-0.1268,0.3597,77.96,0.49,0.0362,0.0479,0.535
202.722,240.286,-0.4923,-0.1337,0.3737,75.17,0.49,0.0201,0.0699,0.53
202.822,240.449,-0.4918,-0.1426,0.3901,77.02,0.12,0.0106,-0.0501,0.54
202.922,240.576,-0.4869,-0.1533,0.3928,81.1,1.06,0.0125,0.0699,0.55
203.022,240.761,-0.4784,-0.1689,0.3839,80.03,0.89,0.004,0.096,0.543
203.122,240.888,-0.477,-0.1822,0.4125,86.86,3.67,0.0028,0.0251,0.561
203.222,241.05,-0.4776,-0.1939,0.391,97.03,6.75,0.0098,0.104,0.563
203.322,241.18,-0.4692,-0.212,0.3554,107.02,3.62,0.0,0.114,0.559
203.422,241.44,-0.4711,-0.2094,0.3507,108.44,2.57,0.0203,0.1188,0.575
203.522,241.642,-0.466,-0.1988,0.379,96.93,3.05,0.0421,0.0491,0.579
203.622,241.798,-0.452,-0.1811,0.3909,87.59,3.48,0.0269,0.0,0.568
203.722,241.967,-0.4325,-0.1693,0.3935,83.65,2.76,0.0328,-0.12,0.568
203.822,242.089,-0.4122,-0.1653,0.3561,82.1,2.29,0.0372,-0.185,0.571
203.922,242.237,-0.3887,-0.1657,0.352,84.1,6.42,0.0439,-0.2,0.583
204.022,242.354,-0.3649,-0.1649,0.3575,84.87,8.38,0.044,-0.12,0.59
204.122,242.488,-0.3355,-0.1707,0.3525,81.33,8.03,0.0492,-0.08,0.591
204.222,242.676,-0.3089,-0.1704,0.3369,79.87,6.16,0.0,0.0,0.62
204.322,242.923,-0.2883,-0.1627,0.3152,79.31,3.71,0.0303,-0.0372,0.643
204.422,243.026,-0.2739,-0.1549,0.2885,79.31,3.92,0.0418,-0.0337,0.656
204.522,243.131,-0.2568,-0.1496,0.3049,80.6,4.35,0.0546,-0.0318,0.659
204.622,243.279,-0.2419,-0.1488,0.3213,79.14,5.3,0.0661,-0.024,0.649
204.722,243.399,-0.2253,-0.1517,0.322,78.95,2.8,0.0664,-0.0366,0.671
204.822,243.632,-0.2096,-0.1486,0.312,78.63,2.54,0.069,-0.0163,0.686
204.922,243.849,-0.1973,-0.1448,0.3052,78.56,1.7,0.0692,-0.0032,0.699
205.022,244.042,-0.1925,-0.143,0.3044,78.56,1.01,0.0652,0.003,0.684
205.122,244.206,-0.1919,-0.1433,0.3023,78.41,0.88,0.0605,0.0121,0.676
205.222,244.306,-0.1957,-0.1431,0.2996,78.61,0.17,0.0562,0.0119,0.673
205.323,244.468,-0.2034,-0.1415,0.3086,78.86,0.88,0.0528,0.0252,0.674
205.422,244.696,-0.2113,-0.1357,0.3015,78.82,0.45,0.0552,0.0251,0.68
205.522,244.872,-0.2191,-0.1311,0.2835,79.15,0.93,0.0519,0.0287,0.689
205.622,244.972,-0.2242,-0.1298,0.2908,79.0,0.59,0.0468,0.0347,0.686
205.722,245.097,-0.2236,-0.1208,0.3093,78.88,0.49,0.0499,0.0304,0.681
205.822,245.262,-0.2197,-0.1043,0.3162,79.32,0.6,0.0719,0.0349,0.677
205.923,245.366,-0.2133,-0.0925,0.3313,80.36,0.42,0.0787,0.0409,0.667
206.022,245.517,-0.2058,-0.0832,0.3467,79.72,0.66,0.0809,0.0712,0.659
206.122,245.729,-0.2004,-0.076,0.3516,80.03,0.6,0.0828,0.0537,0.657
206.222,245.884,-0.1967,-0.0756,0.3811,88.26,1.55,0.0662,0.1016,0.656
206.322,246.022,-0.1942,-0.0761,0.3824,91.94,1.23,0.074,0.169,0.629
206.422,246.128,-0.194,-0.0748,0.372,90.78,0.62,0.0546,0.1885,0.611
206.524,246.276,-0.1985,-0.0696,0.3663,85.64,0.39,0.0523,0.1319,0.613
206.622,246.463,-0.2017,-0.0634,0.3625,84.01,0.51,0.0499,-0.0281,0.627
206.722,246.62,-0.206,-0.0572,0.3393,83.67,0.84,0.0504,-0.1481,0.632
206.822,246.861,-0.2069,-0.0569,0.3494,86.45,0.72,0.0416,-0.0312,0.627
206.922,247.043,-0.2076,-0.0588,0.3765,82.63,1.3,0.034,0.0877,0.616
207.022,247.148,-0.2063,-0.0628,0.3912,85.04,0.82,0.0371,0.0077,0.63
207.122,247.248,-0.2031,-0.0665,0.3935,89.2,0.48,0.0363,-0.0723,0.63
207.222,247.398,-0.1964,-0.073,0.3899,87.04,0.6,0.0238,0.0477,0.609
207.322,247.559,-0.1909,-0.0766,0.3622,83.48,0.33,0.0181,-0.0467,0.623
207.422,247.743,-0.1858,-0.0795,0.3577,82.56,0.81,0.0208,-0.1667,0.645
207.522,248.003,-0.1835,-0.09,0.3781,78.37,1.29,0.0122,-0.1987,0.654
207.622,248.207,-0.1795,-0.0989,0.399,82.54,0.99,0.0076,-0.1573,0.671
207.722,248.382,-0.1777,-0.111,0.4128,78.8,1.19,0.006,-0.0773,0.674
207.822,248.49,-0.1776,-0.1275,0.4132,80.02,0.53,0.0062,-0.106,0.664
207.922,248.654,-0.1751,-0.1441,0.3977,85.51,0.56,0.0,-0.026,0.655
208.022,248.949,-0.1735,-0.1611,0.4036,81.77,0.61,0.0,0.0,0.688
208.122,249.087,-0.1646,-0.1722,0.4002,78.29,1.0,0.0026,-0.12,0.678
208.222,249.214,-0.1522,-0.1915,0.3971,77.02,1.29,0.0107,-0.1709,0.647
208.322,249.399,-0.147,-0.2025,0.3905,76.55,0.88,0.0,-0.0509,0.632
208.422,249.545,-0.1424,-0.1982,0.3525,77.59,1.68,0.0001,0.005,0.62
208.522,249.671,-0.1418,-0.191,0.3615,73.69,0.58,0.0488,0.125,0.619
208.622,249.87,-0.1447,-0.1877,0.3607,72.99,0.68,0.0435,0.0811,0.605
208.722,250.056,-0.1467,-0.1754,0.3143,76.29,0.51,0.0392,0.073,0.591
208.822,250.222,-0.1537,-0.1595,0.3056,78.18,1.1,0.0919,0.1816,0.61
208.922,250.42,-0.159,-0.157,0.3152,79.82,1.01,0.0899,0.1931,0.627
209.022,250.609,-0.1571,-0.1502,0.3285,78.79,0.55,0.0757,0.1567,0.641
209.122,250.809,-0.1557,-0.1401,0.3398,80.11,0.55,0.0716,0.0861,0.639
209.222,250.933,-0.155,-0.1306,0.3275,81.33,0.7,0.07,0.0859,0.641
209.323,251.112,-0.1584,-0.1258,0.3336,81.58,0.8,0.0654,0.0566,0.647
209.422,251.273,-0.1608,-0.1273,0.3502,84.67,0.43,0.0471,0.1009,0.65
209.522,251.417,-0.1569,-0.1263,0.3579,84.2,0.34,0.0443,0.1701,0.667
209.622,251.525,-0.15,-0.1215,0.3447,83.45,0.2,0.0426,0.0901,0.673
209.723,251.651,-0.1433,-0.1135,0.3448,84.02,0.73,0.0429,0.0101,0.658
209.822,251.832,-0.1371,-0.1028,0.3444,83.91,0.73,0.0558,-0.0342,0.655
209.922,251.972,-0.1347,-0.0959,0.3437,83.92,0.43,0.0575,-0.0225,0.65
210.022,252.177,-0.1334,-0.087,0.3449,83.95,0.6,0.0602,0.005,0.645
210.123,252.327,-0.1326,-0.0794,0.3448,83.68,0.58,0.0635,-0.0212,0.646
210.222,252.448,-0.1338,-0.0714,0.3379,83.78,0.36,0.0628,-0.0133,0.643
210.322,252.583,-0.1359,-0.0625,0.3413,83.68,0.22,0.057,-0.0029,0.643
210.422,252.724,-0.1373,-0.0535,0.345,83.29,0.31,0.055,0.0014,0.644
210.522,252.877,-0.1395,-0.0451,0.3442,83.54,0.17,0.0471,0.0089,0.644
210.622,253.008,-0.1395,-0.0419,0.3462,84.2,0.39,0.0452,0.0177,0.646
210.722,253.217,-0.136,-0.0419,0.3516,83.86,0.38,0.0348,0.0277,0.648
210.822,253.366,-0.1318,-0.0412,0.3271,83.93,0.52,0.0272,0.0291,0.648
210.922,253.481,-0.1256,-0.0428,0.3348,85.77,1.08,0.0271,0.0279,0.642
211.022,253.606,-0.1173,-0.0461,0.3454,84.43,1.52,0.0245,0.0679,0.648
211.122,253.819,-0.1063,-0.0533,0.3475,84.47,1.83,0.0168,0.0027,0.638
211.222,253.94,-0.1015,-0.0625,0.3737,91.78,3.23,0.0144,0.0101,0.626
211.322,254.049,-0.0994,-0.0731,0.3724,95.77,1.89,0.0107,0.0901,0.657
211.423,254.171,-0.0936,-0.0917,0.3672,93.73,1.48,0.0074,0.1171,0.662
211.522,254.326,-0.0928,-0.1062,0.3564,88.9,0.73,0.0032,0.0203,0.671
211.622,254.58,-0.0952,-0.118,0.3431,87.24,0.77,0.0,-0.1797,0.637
211.722,254.737,-0.0995,-0.1287,0.3296,86.48,0.14,0.002,-0.1844,0.628
211.822,254.94,-0.1065,-0.1382,0.3337,85.93,0.54,0.0022,-0.162,0.623
211.923,255.14,-0.1047,-0.1432,0.358,82.78,0.75,0.0042,-0.162,0.626
212.022,255.28,-0.1012,-0.1455,0.3744,84.47,0.59,0.0096,-0.1578,0.612
212.122,255.437,-0.0947,-0.1462,0.3819,84.22,0.8,0.0166,-0.0778,0.608
212.222,255.608,-0.0857,-0.1478,0.3699,82.19,0.23,0.0193,-0.1068,0.613
212.322,255.774,-0.0792,-0.1498,0.3879,87.69,1.55,0.0237,-0.0806,0.591
212.422,255.984,-0.0745,-0.1545,0.3845,92.07,1.93,0.0295,0.0794,0.605
212.522,256.14,-0.0706,-0.1599,0.3446,90.57,1.44,0.0243,0.1994,0.636
212.622,256.256,-0.0641,-0.1701,0.3422,85.01,1.3,0.0199,0.1194,0.629
212.722,256.386,-0.0562,-0.1772,0.342,83.07,1.61,0.0125,-0.0006,0.591
212.823,256.51,-0.0515,-0.1793,0.3326,82.43,1.07,0.0133,-0.0806,0.57
212.923,256.635,-0.0514,-0.1746,0.3345,82.0,0.58,0.015,-0.167,0.557
213.022,256.803,-0.0505,-0.1646,0.339,81.52,0.74,0.024,-0.1457,0.553
213.122,256.938,-0.05,-0.154,0.3267,80.26,0.25,0.0344,-0.12,0.552
213.222,257.104,-0.0475,-0.1465,0.3276,79.54,0.56,0.0413,-0.0922,0.541
213.322,257.228,-0.0453,-0.1429,0.3356,78.68,0.66,0.0412,-0.081,0.537
213.422,257.362,-0.043,-0.1398,0.3409,78.1,0.3,0.0371,-0.0605,0.529
213.522,257.562,-0.0422,-0.137,0.3401,77.81,0.4,0.0317,-0.0324,0.523
213.622,257.779,-0.0429,-0.1361,0.3316,77.76,0.4,0.0257,-0.025,0.521
213.722,258.005,-0.0455,-0.1385,0.3098,77.51,0.31,0.0143,-0.0119,0.52
213.822,258.138,-0.0509,-0.142,0.2929,77.47,0.41,0.0101,-0.0052,0.522
213.922,258.24,-0.0605,-0.1436,0.2979,77.67,0.7,0.0083,0.0089,0.524
214.022,258.342,-0.0741,-0.1494,0.3087,78.06,1.66,0.0063,0.0126,0.532
214.122,258.448,-0.0934,-0.1569,0.315,77.78,1.35,0.0069,0.0299,0.545
214.222,258.602,-0.1019,-0.1542,0.3189,77.96,0.74,0.0064,0.0337,0.562
214.322,258.831,-0.1031,-0.1447,0.3154,77.96,1.13,0.0259,0.041,0.576
214.422,259.101,-0.1008,-0.1373,0.3156,78.04,0.66,0.0504,0.0441,0.576
214.522,259.201,-0.0946,-0.1285,0.3083,78.37,0.55,0.0555,0.0467,0.577
214.622,259.301,-0.0807,-0.1138,0.323,78.72,1.36,0.0617,0.0505,0.575
214.723,259.418,-0.0673,-0.099,0.3287,78.56,1.31,0.0816,0.0545,0.569
214.822,259.511,-0.0554,-0.0864,0.3454,78.72,0.94,0.0887,0.0512,0.552
214.922,259.63,-0.0498,-0.0778,0.3441,79.24,0.86,0.0755,0.0615,0.541
215.022,259.757,-0.0439,-0.07,0.3503,79.6,0.91,0.0665,0.0688,0.537
215.122,259.945,-0.0403,-0.0636,0.3497,79.8,0.66,0.0488,0.0769,0.534
215.222,260.081,-0.0419,-0.0623,0.3417,80.32,0.29,0.0281,0.0856,0.53
215.322,260.191,-0.0426,-0.0645,0.3458,81.27,0.49,0.0203,0.0862,0.532
215.423,260.391,-0.0417,-0.0677,0.3567,81.18,0.59,0.0051,0.0573,0.537
215.522,260.553,-0.0396,-0.0722,0.3524,81.74,0.43,0.0019,0.0361,0.54
215.622,260.762,-0.0385,-0.0766,0.366,84.38,0.69,0.0038,0.0959,0.539
215.722,260.91,-0.0384,-0.0827,0.3829,82.17,0.6,0.0023,0.1678,0.548
215.822,261.073,-0.0429,-0.0866,0.3871,80.56,0.86,0.0007,0.0478,0.549
215.922,261.18,-0.0497,-0.0913,0.3671,82.74,0.19,0.002,0.0478,0.53
216.022,261.322,-0.0547,-0.0932,0.3541,83.44,0.6,0.003,0.0953,0.55
216.122,261.446,-0.0589,-0.0935,0.3484,84.05,0.67,0.0043,0.1106,0.559
216.222,261.608,-0.0635,-0.0973,0.3489,84.71,0.87,0.0117,0.1323,0.566
216.322,261.864,-0.0635,-0.0962,0.3474,85.13,0.54,0.0222,0.1278,0.574
216.422,262.002,-0.0603,-0.0994,0.3281,86.7,0.55,0.0271,0.143,0.578
216.522,262.108,-0.052,-0.1113,0.3316,86.92,0.72,0.0195,0.1704,0.583
216.622,262.209,-0.037,-0.1275,0.332,87.07,1.89,0.0146,0.1304,0.584
216.722,262.341,-0.0208,-0.1429,0.3242,87.83,1.64,0.0077,0.1321,0.573
216.822,262.445,-0.0122,-0.1483,0.329,89.13,1.25,0.0036,0.135,0.56
216.922,262.578,-0.0074,-0.1483,0.3377,89.23,1.46,0.0039,0.1538,0.555
217.022,262.699,-0.0005,-0.1519,0.3432,89.98,1.3,0.0052,0.1277,0.554
217.122,262.867,0.0012,-0.1508,0.3453,90.79,0.75,0.0247,0.1444,0.55
217.222,263.014,-0.0011,-0.145,0.3388,91.55,0.61,0.0235,0.1497,0.55
217.322,263.129,-0.0076,-0.1447,0.3456,91.33,0.32,0.0287,0.1555,0.556
217.422,263.304,-0.017,-0.1469,0.3555,92.63,0.78,0.0259,0.1655,0.562
217.522,263.534,-0.0278,-0.1536,0.3528,93.54,1.16,0.0169,0.1831,0.57
217.622,263.739,-0.0363,-0.1622,0.3668,90.38,1.96,0.0089,0.1001,0.588
217.722,263.879,-0.0412,-0.1778,0.3807,97.11,1.42,0.0043,0.0601,0.576
217.822,263.983,-0.0423,-0.1872,0.3782,98.65,0.82,0.0111,0.1091,0.613
217.922,264.086,-0.0408,-0.193,0.3898,92.74,1.27,0.0054,0.1116,0.635
218.022,264.191,-0.0401,-0.197,0.387,91.89,0.92,0.0028,0.0716,0.604
218.122,264.358,-0.0403,-0.2025,0.3867,95.43,0.64,0.0047,-0.0484,0.592
218.222,264.502,-0.0387,-0.2073,0.3965,94.23,0.61,0.0095,0.0716,0.61
218.322,264.755,-0.0382,-0.206,0.3974,91.55,1.45,0.0146,-0.0484,0.613
218.422,264.889,-0.036,-0.198,0.3435,91.09,2.27,0.0283,-0.1684,0.59
218.522,264.993,-0.0367,-0.1995,0.3504,91.78,1.72,0.0349,-0.1467,0.587
218.622,265.113,-0.0343,-0.1942,0.3504,93.43,0.89,0.0376,-0.059,0.592
218.722,265.254,-0.0242,-0.1929,0.3431,95.18,2.11,0.0397,0.021,0.596
218.822,265.377,-0.0124,-0.2019,0.3391,95.26,1.58,0.0286,0.141,0.607
218.923,265.492,-0.0086,-0.2046,0.3402,94.85,0.88,0.0152,0.1249,0.596
219.022,265.608,-0.0149,-0.1888,0.3438,94.4,0.35,0.0202,0.0271,0.587
219.122,265.777,-0.0206,-0.1793,0.3392,96.34,0.36,0.0426,0.0702,0.582
219.222,265.941,-0.0286,-0.177,0.3377,97.17,0.55,0.0442,0.0901,0.599
219.322,266.09,-0.0317,-0.1831,0.3459,98.52,0.47,0.0385,0.1233,0.611
219.422,266.199,-0.0263,-0.1874,0.3535,98.4,0.52,0.0266,0.1633,0.62
219.522,266.311,-0.013,-0.1895,0.3533,98.97,0.87,0.0246,0.1483,0.621
219.623,266.455,-0.0061,-0.18,0.3496,97.76,0.57,0.0194,0.1566,0.615
219.722,266.683,-0.0046,-0.1635,0.3478,99.45,0.6,0.0584,0.0366,0.599
219.822,266.836,-0.0064,-0.1586,0.3618,99.68,0.49,0.0711,0.114,0.604
219.922,266.958,-0.0082,-0.1535,0.3671,101.18,0.65,0.0647,0.1441,0.605
220.022,267.091,-0.0094,-0.1496,0.3679,101.92,0.48,0.0564,0.1821,0.617
220.124,267.216,-0.011,-0.1509,0.3696,102.54,0.27,0.0486,0.1874,0.622
220.222,267.325,-0.0159,-0.1512,0.3704,103.75,0.15,0.0387,0.154,0.628
220.322,267.461,-0.0218,-0.1528,0.3698,104.81,0.39,0.0319,0.1661,0.637
220.422,267.676,-0.026,-0.1507,0.366,105.55,0.42,0.032,0.1656,0.649
220.522,267.921,-0.0275,-0.1499,0.3292,106.25,0.28,0.0301,0.1684,0.657
220.622,268.073,-0.025,-0.1559,0.3042,107.25,0.64,0.0187,0.1716,0.667
220.722,268.178,-0.0251,-0.1498,0.303,107.76,0.55,0.0152,0.1717,0.67
220.822,268.282,-0.0271,-0.1444,0.3132,109.1,0.23,0.0248,0.1742,0.673
220.922,268.391,-0.0261,-0.1412,0.3143,109.87,0.21,0.0266,0.1801,0.685
221.023,268.556,-0.0233,-0.1425,0.3216,110.67,0.41,0.0284,0.1809,0.693
221.122,268.816,-0.0215,-0.1414,0.3105,111.54,0.18,0.0174,0.1699,0.696
221.222,269.05,-0.0212,-0.1408,0.285,112.64,0.18,0.0139,0.1726,0.7
221.322,269.189,-0.0202,-0.1391,0.2803,113.48,0.29,0.0124,0.1713,0.706
221.422,269.366,-0.0158,-0.14,0.2886,114.18,0.47,0.0116,0.1717,0.715
221.522,269.621,-0.0076,-0.1439,0.3021,115.27,0.73,0.0101,0.1736,0.717
221.622,269.739,-0.0024,-0.1474,0.3218,116.5,1.2,0.0094,0.1794,0.719
221.722,269.841,0.0097,-0.1495,0.333,116.91,1.82,0.0114,0.1904,0.729
221.822,269.953,0.0239,-0.1494,0.335,117.68,1.0,0.0092,0.1905,0.725
221.922,270.048,0.0334,-0.1452,0.3405,119.04,0.73,0.0099,0.1912,0.711
222.022,270.252,0.0343,-0.1396,0.3481,119.88,0.62,0.0147,0.1961,0.711
222.122,270.42,0.0361,-0.1389,0.3768,114.11,1.04,0.0162,0.1128,0.719
222.222,270.603,0.0417,-0.1382,0.3805,112.49,0.86,0.0067,-0.0072,0.678
222.322,270.809,0.0504,-0.1414,0.3766,117.34,0.69,0.015,-0.0185,0.644
222.422,270.934,0.0594,-0.1485,0.3327,120.55,0.82,0.0171,0.0615,0.67
222.522,271.085,0.0699,-0.1609,0.3443,125.28,0.78,0.0073,0.1815,0.697
222.622,271.218,0.082,-0.1705,0.3447,124.79,1.24,0.0107,0.2,0.729
222.722,271.374,0.0932,-0.1752,0.3355,124.19,0.62,0.017,0.08,0.73
222.822,271.511,0.0954,-0.1742,0.3442,125.26,0.44,0.0207,-0.0372,0.703
222.922,271.665,0.0973,-0.1689,0.3505,124.61,0.78,0.0239,0.0401,0.706
223.022,271.812,0.099,-0.1613,0.3351,124.41,0.36,0.0235,0.0321,0.703
223.122,272.026,0.1003,-0.1534,0.3455,125.71,0.94,0.0263,0.059,0.694
223.222,272.19,0.103,-0.1467,0.3727,121.8,0.58,0.0278,0.099,0.704
223.322,272.369,0.1029,-0.1423,0.3815,119.69,0.33,0.0118,0.0136,0.679
223.422,272.476,0.1023,-0.1397,0.3432,122.02,0.4,0.0282,0.0174,0.64
223.522,272.618,0.1003,-0.1503,0.3487,122.77,1.03,0.0272,0.0974,0.654
223.622,272.768,0.0938,-0.1611,0.3571,124.58,1.7,0.0192,0.0348,0.675
223.722,272.909,0.0851,-0.171,0.3416,125.79,1.14,0.0168,0.0955,0.689
223.822,273.034,0.0754,-0.1785,0.3432,125.03,2.68,0.0191,0.093,0.718
223.922,273.177,0.0651,-0.1801,0.3517,125.74,3.64,0.0244,0.1329,0.727
224.022,273.324,0.0573,-0.1886,0.3529,127.34,2.08,0.0282,0.1707,0.73
224.122,273.438,0.0529,-0.1898,0.3502,128.12,1.62,0.0248,0.1789,0.76
224.222,273.555,0.0485,-0.1926,0.3579,128.42,1.78,0.0319,0.1867,0.781
224.324,273.709,0.0451,-0.1937,0.3595,129.92,2.19,0.0349,0.0792,0.786
224.422,273.92,0.045,-0.193,0.3427,130.85,0.87,0.0378,0.0906,0.783
224.522,274.064,0.0457,-0.1858,0.3244,131.4,0.52,0.0446,0.1282,0.776
224.622,274.205,0.0514,-0.1732,0.3332,132.41,0.91,0.048,0.1309,0.772
224.722,274.39,0.0613,-0.1629,0.3441,132.34,1.51,0.0498,0.1438,0.77
224.822,274.523,0.0699,-0.1542,0.3151,133.03,0.94,0.0451,0.1403,0.771
224.922,274.693,0.0775,-0.1473,0.3213,134.79,1.95,0.0482,0.1547,0.771
225.022,274.839,0.0909,-0.139,0.3374,134.88,1.97,0.0477,0.1884,0.762
225.122,274.981,0.0987,-0.1325,0.3316,135.57,1.46,0.0347,0.1786,0.772
225.222,275.114,0.0995,-0.1249,0.3364,136.35,1.15,0.0362,0.1841,0.775
225.323,275.222,0.1001,-0.1219,0.3421,136.97,1.04,0.0413,0.1808,0.769
225.422,275.348,0.1014,-0.1226,0.345,137.91,0.66,0.0437,0.1801,0.768
225.522,275.451,0.0979,-0.1251,0.3481,138.9,0.22,0.0447,0.1774,0.761
225.622,275.616,0.088,-0.131,0.3544,140.01,0.44,0.0544,0.1744,0.744
225.722,275.794,0.0805,-0.1325,0.3618,139.84,0.84,0.0661,0.1648,0.725
225.822,275.945,0.0691,-0.1349,0.3752,139.67,1.12,0.0505,0.0848,0.724
225.922,276.055,0.0588,-0.138,0.3546,141.74,1.16,0.0531,0.0048,0.736
226.022,276.205,0.0455,-0.1446,0.3506,142.11,1.7,0.0635,0.0621,0.7
226.122,276.324,0.0384,-0.153,0.3529,142.74,1.66,0.0703,0.0879,0.684
226.222,276.465,0.0384,-0.1657,0.3513,143.25,1.56,0.0478,0.0752,0.672
226.322,276.615,0.0378,-0.1724,0.3481,143.46,1.08,0.0437,0.0699,0.653
226.422,276.77,0.0368,-0.174,0.3337,143.84,0.99,0.0454,0.0555,0.638
226.522,276.934,0.0402,-0.1762,0.3425,145.21,0.65,0.0431,0.0511,0.631
226.622,277.107,0.0422,-0.1713,0.3488,144.72,0.5,0.0438,0.0911,0.618
226.722,277.332,0.0397,-0.1637,0.3367,144.88,0.1,0.0572,0.0778,0.619
226.822,277.47,0.0366,-0.1584,0.3068,145.21,0.47,0.0727,0.0704,0.626
226.923,277.593,0.035,-0.1621,0.3134,145.02,0.6,0.0751,0.0678,0.63
227.022,277.709,0.0298,-0.1742,0.3273,146.22,1.36,0.0709,0.0644,0.629
227.122,277.869,0.0212,-0.1858,0.3248,146.34,1.13,0.0652,0.0578,0.614
227.222,277.974,0.0086,-0.1912,0.3336,146.07,1.59,0.0696,0.0547,0.597
227.322,278.16,-0.0021,-0.1931,0.3447,146.63,1.63,0.0794,0.0113,0.589
227.422,278.29,-0.0124,-0.1981,0.3439,147.26,0.86,0.0821,0.035,0.586
227.522,278.425,-0.0228,-0.2038,0.3411,147.31,1.46,0.0848,0.0249,0.573
227.622,278.541,-0.0321,-0.2096,0.341,147.36,1.48,0.0869,0.0275,0.566
227.725,278.77,-0.033,-0.2183,0.3439,147.7,1.35,0.0591,0.0175,0.561
227.822,278.913,-0.0327,-0.2219,0.3523,146.19,1.17,0.0554,0.0138,0.547
227.922,279.072,-0.0351,-0.2208,0.3689,144.83,4.45,0.0144,0.0023,0.555
228.024,279.26,-0.0393,-0.2254,0.3542,146.85,1.78,0.0189,0.0823,0.593
228.123,279.4,-0.0385,-0.2339,0.371,143.71,2.47,0.0248,0.1065,0.554
228.222,279.519,-0.0382,-0.2372,0.3759,146.69,4.01,0.0291,-0.0135,0.571
228.322,279.675,-0.0374,-0.2435,0.3678,148.47,1.92,0.0014,0.04,0.555
228.422,279.84,-0.0357,-0.2455,0.3793,146.85,1.56,0.0061,0.0654,0.519
228.522,279.99,-0.0406,-0.2419,0.3842,146.9,6.1,0.028,-0.0546,0.516
228.622,280.172,-0.0459,-0.2413,0.3687,148.11,2.39,0.0456,-0.0322,0.553
228.722,280.335,-0.0503,-0.2424,0.3724,147.68,1.83,0.0513,-0.0156,0.52
228.822,280.524,-0.0532,-0.2426,0.3803,149.4,1.21,0.0546,0.0457,0.522
228.922,280.667,-0.0536,-0.242,0.3831,149.18,0.22,0.0494,0.1151,0.512
229.022,280.791,-0.0551,-0.2404,0.3657,149.04,0.89,0.0456,0.0989,0.503
229.122,281.023,-0.0589,-0.2367,0.3659,149.98,0.58,0.0525,0.1245,0.508
229.222,281.176,-0.0608,-0.2333,0.3885,145.53,0.45,0.0593,0.1023,0.505
229.322,281.347,-0.0679,-0.2239,0.3937,142.42,5.18,0.0093,0.0223,0.525
229.422,281.48,-0.0793,-0.2115,0.3593,143.93,2.05,0.0346,-0.0284,0.61
229.522,281.59,-0.0825,-0.2125,0.3683,147.48,3.94,0.0596,0.0116,0.598
229.622,281.842,-0.0802,-0.2208,0.3693,150.02,2.25,0.0432,0.1682,0.561
229.722,282.039,-0.0787,-0.2307,0.3151,151.2,1.65,0.0291,0.1675,0.527
229.822,282.188,-0.0711,-0.2402,0.2825,153.01,1.58,0.0128,0.1427,0.51
229.922,282.393,-0.0627,-0.2466,0.287,153.6,1.2,0.0091,0.1312,0.48
230.022,282.501,-0.0598,-0.2444,0.3107,152.16,0.55,0.0092,0.1147,0.464
230.122,282.736,-0.0635,-0.2404,0.3273,154.26,0.68,0.0178,0.0987,0.474
230.222,282.907,-0.0684,-0.2393,0.296,155.42,0.51,0.0287,0.1076,0.467
230.322,283.064,-0.063,-0.2482,0.2898,156.0,0.66,0.024,0.1018,0.457
230.422,283.189,-0.0507,-0.2585,0.304,158.06,0.73,0.0158,0.104,0.448
230.522,283.353,-0.0435,-0.259,0.3188,157.41,0.31,0.0,0.024,0.448
230.622,283.543,-0.039,-0.2525,0.31,157.48,0.12,0.0049,-0.0422,0.449
230.722,283.743,-0.0308,-0.2446,0.3282,160.16,1.11,0.0043,-0.0168,0.449
230.822,283.923,-0.0202,-0.2352,0.3523,155.16,1.49,0.0032,0.0329,0.448
230.922,284.064,-0.0112,-0.226,0.3607,154.47,1.34,0.0129,-0.0871,0.448
231.022,284.23,-0.0008,-0.2198,0.3623,156.83,1.64,0.0068,-0.0441,0.476
231.122,284.33,0.0167,-0.2173,0.3573,156.3,1.33,0.0102,0.0359,0.462
231.222,284.491,0.0262,-0.2178,0.3536,156.46,0.91,0.0116,0.0851,0.466
231.322,284.621,0.0307,-0.2199,0.3342,156.53,0.88,0.013,0.0804,0.468
231.423,284.762,0.0381,-0.2258,0.3382,155.69,0.32,0.0161,0.0551,0.464
231.522,284.921,0.0393,-0.2364,0.3474,157.32,0.83,0.0177,-0.0211,0.463
231.622,285.068,0.0356,-0.2509,0.3348,158.08,0.44,0.0272,0.0734,0.451
231.723,285.22,0.0331,-0.2689,0.3408,156.23,1.97,0.0284,0.0619,0.449
231.822,285.324,0.0339,-0.2843,0.3525,158.86,5.97,0.0197,-0.0181,0.448
231.922,285.506,0.0399,-0.2992,0.3558,163.18,6.89,0.0,0.0219,0.449
232.022,285.626,0.0431,-0.3085,0.3632,162.61,4.46,0.0001,0.08,0.45
232.122,285.744,0.0412,-0.3071,0.3697,162.2,4.05,0.0012,0.118,0.449
232.222,285.922,0.0417,-0.3053,0.3675,162.19,2.49,0.0057,0.1126,0.45
232.322,286.073,0.0447,-0.3019,0.3614,161.85,0.98,0.0092,0.064,0.449
232.423,286.218,0.0485,-0.299,0.3493,162.12,0.8,0.0076,0.0504,0.45
232.522,286.364,0.0504,-0.2956,0.3545,162.56,0.25,0.0109,0.0438,0.45
232.622,286.604,0.0508,-0.2921,0.3564,161.54,0.34,0.0046,-0.0062,0.45
232.722,286.786,0.054,-0.2882,0.3291,161.66,0.83,0.0047,-0.1034,0.449
232.822,286.939,0.0647,-0.2877,0.327,161.29,0.17,0.0023,-0.1033,0.449
232.922,287.127,0.0768,-0.2859,0.3165,161.2,0.34,0.0032,-0.1313,0.448
233.022,287.308,0.0852,-0.285,0.3314,166.42,0.58,0.0,-0.097,0.451
233.122,287.472,0.0914,-0.2836,0.3382,165.43,0.8,0.0025,-0.017,0.449
233.222,287.63,0.0932,-0.286,0.3394,162.15,0.35,0.0008,-0.1267,0.45
233.322,287.812,0.0921,-0.2906,0.3283,160.6,0.48,0.0035,-0.2,0.449
233.422,287.933,0.0941,-0.2915,0.3443,160.11,0.28,0.0034,-0.1979,0.449
233.522,288.107,0.09,-0.2906,0.3521,162.09,0.7,0.0056,-0.1586,0.448
233.622,288.246,0.0841,-0.2906,0.3291,161.55,0.87,0.0051,-0.0386,0.449
233.722,288.474,0.084,-0.2971,0.3384,157.86,0.83,0.0038,-0.0786,0.449
233.822,288.607,0.0878,-0.2971,0.3707,167.15,0.89,0.0052,-0.0972,0.449
233.922,288.806,0.0859,-0.3006,0.3684,171.62,0.3,0.0063,0.0228,0.45
234.022,288.924,0.0857,-0.3054,0.3261,171.29,0.94,0.0044,0.1428,0.45
234.123,289.031,0.0958,-0.306,0.3358,167.75,0.64,0.0022,0.1452,0.45
234.223,289.14,0.1092,-0.3035,0.345,161.61,0.7,0.0012,0.0652,0.449
234.325,289.233,0.1258,-0.2884,0.3488,159.03,1.98,0.0011,-0.0148,0.449
234.423,289.335,0.1417,-0.2692,0.3355,156.56,1.68,0.0041,-0.0948,0.448
234.522,289.433,0.1439,-0.2501,0.3336,156.85,1.93,0.009,-0.1748,0.45
234.624,289.528,0.1326,-0.228,0.3373,155.99,1.48,0.017,-0.0948,0.448
234.723,289.633,0.1275,-0.2212,0.3441,155.12,1.18,0.0499,-0.1111,0.453
234.822,289.74,0.1215,-0.2191,0.3472,154.06,0.45,0.0438,-0.104,0.472
234.922,289.827,0.1127,-0.2202,0.3455,153.86,0.24,0.0429,-0.1045,0.485
235.032,289.944,0.1055,-0.2236,0.3489,153.17,0.15,0.0412,-0.1015,0.489
235.122,290.025,0.1009,-0.2269,0.3502,151.87,0.45,0.0326,-0.0947,0.489
235.223,290.129,0.0967,-0.2286,0.3532,150.94,0.64,0.0266,-0.0935,0.494
235.322,290.236,0.0919,-0.228,0.3532,150.57,0.51,0.0251,-0.087,0.503
235.424,290.33,0.0939,-0.228,0.3556,151.71,0.41,0.0207,-0.073,0.508
235.522,290.438,0.0963,-0.2273,0.3552,151.94,0.15,0.0161,-0.0364,0.499
235.623,290.532,0.0993,-0.2251,0.356,151.28,0.13,0.0131,-0.0339,0.495
235.723,290.628,0.1041,-0.2209,0.3567,149.81,0.36,0.0101,-0.0498,0.503
235.824,290.734,0.1041,-0.2175,0.3556,149.53,0.39,0.0092,-0.103,0.52
235.924,290.832,0.1017,-0.216,0.356,149.43,0.23,0.0098,-0.0885,0.523
236.024,290.933,0.0975,-0.2146,0.3555,149.52,0.22,0.0107,-0.072,0.527
236.122,291.036,0.0941,-0.2154,0.357,148.24,0.23,0.0139,-0.0637,0.527
236.224,291.135,0.091,-0.2162,0.3568,148.83,0.19,0.0124,-0.0731,0.538
236.323,291.238,0.0898,-0.2191,0.3575,148.84,0.32,0.0121,-0.0498,0.534
236.422,291.326,0.0891,-0.2214,0.3571,147.94,0.24,0.012,-0.0379,0.53
236.523,291.436,0.0892,-0.2218,0.3567,148.18,0.2,0.009,-0.0615,0.536
236.622,291.541,0.0893,-0.2207,0.3574,147.63,0.09,0.0081,-0.0381,0.533
236.723,291.63,0.0884,-0.2194,0.3564,147.59,0.28,0.0083,-0.0398,0.539
236.822,291.734,0.0878,-0.2186,0.3564,147.19,0.19,0.0091,-0.0292,0.541
236.922,291.834,0.0875,-0.216,0.3558,146.86,0.14,0.0101,-0.026,0.545
237.028,291.936,0.089,-0.2146,0.3566,146.33,0.25,0.011,-0.023,0.557
237.128,292.035,0.0897,-0.2127,0.3558,146.45,0.24,0.0114,-0.0283,0.558
237.222,292.134,0.0883,-0.2122,0.3565,146.64,0.12,0.0136,-0.0222,0.558
237.322,292.233,0.0852,-0.2118,0.3555,146.48,0.07,0.013,-0.0142,0.558
237.422,292.332,0.083,-0.2117,0.3558,146.01,0.21,0.0156,-0.0105,0.56
237.522,292.435,0.0812,-0.2116,0.3556,145.85,0.15,0.0151,-0.0111,0.564
237.624,292.535,0.0783,-0.2122,0.3553,146.12,0.3,0.0154,-0.0049,0.566
237.723,292.628,0.0769,-0.2136,0.3552,146.22,0.31,0.0164,0.0006,0.565
237.822,292.733,0.0752,-0.2134,0.3539,146.11,0.21,0.0144,0.007,0.561
237.924,292.829,0.0747,-0.2122,0.3546,145.94,0.14,0.0144,0.0127,0.562
238.022,292.928,0.0733,-0.2106,0.3548,146.16,0.12,0.013,0.0161,0.564
238.123,293.035,0.0724,-0.2104,0.3558,146.42,0.15,0.0143,0.0247,0.565
238.224,293.14,0.071,-0.2099,0.3549,146.41,0.07,0.0149,0.0294,0.562
238.323,293.235,0.0704,-0.2087,0.3549,146.31,0.14,0.0149,0.0325,0.563
238.423,293.332,0.0705,-0.207,0.354,146.49,0.14,0.0144,0.0284,0.565
238.522,293.427,0.0689,-0.207,0.3542,146.83,0.13,0.016,0.03,0.565
238.624,293.536,0.0664,-0.2082,0.3542,147.09,0.17,0.015,0.0336,0.562
238.723,293.628,0.0641,-0.2077,0.3532,147.05,0.17,0.0142,0.0394,0.559
238.826,293.739,0.0616,-0.2065,0.3541,147.08,0.17,0.0155,0.0415,0.559
238.924,293.833,0.0596,-0.2054,0.3545,147.28,0.15,0.0129,0.044,0.56
239.022,293.93,0.0583,-0.2051,0.3558,147.79,0.2,0.0129,0.044,0.559
239.123,294.036,0.0571,-0.2049,0.3547,147.99,0.1,0.0097,0.0559,0.555
239.224,294.142,0.0579,-0.2043,0.3552,148.06,0.12,0.0089,0.0588,0.553
239.322,294.227,0.059,-0.2034,0.3544,148.46,0.08,0.0082,0.0595,0.553
239.424,294.343,0.0589,-0.2038,0.3545,148.91,0.12,0.0076,0.0641,0.551
239.529,294.435,0.0578,-0.2055,0.3542,149.21,0.19,0.0065,0.0668,0.547
239.625,294.539,0.0563,-0.2056,0.353,149.34,0.17,0.0063,0.0692,0.542
239.722,294.629,0.0553,-0.2049,0.3535,149.68,0.14,0.0073,0.0686,0.54
239.823,294.731,0.0535,-0.2042,0.3533,150.05,0.13,0.0077,0.0703,0.538
239.925,294.84,0.0524,-0.2046,0.3548,150.7,0.18,0.009,0.0743,0.535
240.024,294.939,0.0513,-0.2049,0.3534,150.94,0.13,0.0086,0.0779,0.53
240.124,295.037,0.0515,-0.2042,0.3539,151.16,0.1,0.0055,0.0768,0.527
240.222,295.138,0.0519,-0.2031,0.3533,151.49,0.07,0.0058,0.0758,0.525
240.324,295.24,0.0516,-0.2029,0.3534,152.2,0.14,0.0038,0.0785,0.523
240.424,295.339,0.0512,-0.2038,0.3533,152.5,0.14,0.0056,0.0787,0.517
240.525,295.443,0.05,-0.2038,0.3516,152.75,0.11,0.0056,0.0845,0.517
240.631,295.545,0.0503,-0.2031,0.3521,153.07,0.12,0.0061,0.0792,0.512
240.726,295.638,0.0496,-0.2024,0.3533,153.47,0.08,0.0061,0.0803,0.512
240.822,295.736,0.0488,-0.2029,0.3549,154.11,0.15,0.007,0.0824,0.51
240.922,295.848,0.0469,-0.2038,0.3536,154.5,0.12,0.0059,0.0862,0.504
241.022,295.944,0.0465,-0.2038,0.3541,154.68,0.14,0.0065,0.0816,0.5
241.127,296.045,0.0458,-0.2032,0.3532,155.29,0.07,0.0046,0.0802,0.495
241.222,296.147,0.0453,-0.204,0.3541,155.95,0.16,0.0044,0.0822,0.495
241.322,296.239,0.0451,-0.2056,0.3541,156.3,0.21,0.0044,0.0827,0.489
241.423,296.343,0.0441,-0.2061,0.3527,156.5,0.17,0.0021,0.0862,0.482
241.523,296.437,0.0442,-0.2055,0.353,156.79,0.06,0.0021,0.0867,0.482
241.622,296.541,0.0434,-0.2048,0.3529,157.3,0.07,0.0021,0.0863,0.48
241.722,296.634,0.0434,-0.2053,0.3544,157.94,0.15,0.0025,0.0859,0.477
241.825,296.737,0.0427,-0.206,0.3535,158.34,0.1,0.0012,0.0882,0.472
241.929,296.849,0.0433,-0.2056,0.354,158.64,0.08,0.0006,0.0868,0.467
242.03,296.945,0.0436,-0.2047,0.3529,159.08,0.02,0.0003,0.0855,0.465
242.122,297.046,0.0438,-0.2053,0.3536,159.68,0.13,0.0,0.0857,0.465
242.222,297.133,0.0437,-0.2071,0.3531,160.12,0.18,0.0,0.0871,0.46
242.323,297.239,0.0431,-0.2075,0.3519,160.31,0.16,0.0001,0.0844,0.456
242.425,297.336,0.0431,-0.2071,0.3523,160.65,0.07,0.0001,0.0838,0.453
242.522,297.432,0.0422,-0.2066,0.3522,161.34,0.13,0.0,0.0854,0.451
242.622,297.542,0.0426,-0.2071,0.3536,161.84,0.16,0.0,0.0861,0.448
242.723,297.643,0.0425,-0.2079,0.3524,162.22,0.1,0.0,0.0837,0.448
242.823,297.747,0.0435,-0.2074,0.3532,162.47,0.09,0.0,0.0837,0.448
242.922,297.845,0.0441,-0.2065,0.3527,163.01,0.03,0.0,0.0802,0.449
243.029,297.943,0.0443,-0.207,0.3538,163.64,0.12,0.0,0.0818,0.448
243.126,298.049,0.0441,-0.2088,0.3535,164.01,0.17,0.0,0.0858,0.448
243.224,298.144,0.0432,-0.2092,0.3526,164.22,0.16,0.0,0.0871,0.449
243.323,298.24,0.043,-0.2089,0.3529,164.53,0.08,0.0,0.0868,0.448
243.425,298.342,0.042,-0.2089,0.3531,165.23,0.13,0.0,0.0868,0.449
243.522,298.442,0.0424,-0.2099,0.3545,165.76,0.17,0.0,0.0908,0.448
243.632,298.554,0.0422,-0.2109,0.353,166.13,0.13,0.0,0.09,0.448
243.723,298.643,0.043,-0.2108,0.3536,166.45,0.1,0.0,0.0916,0.448
243.826,298.742,0.0434,-0.2101,0.3528,166.98,0.05,0.0,0.0888,0.449
243.928,298.842,0.0434,-0.2106,0.3534,167.49,0.14,0.0,0.0927,0.449
244.022,298.943,0.0437,-0.2123,0.3539,168.07,0.22,0.0,0.0971,0.448
244.123,299.044,0.0427,-0.2129,0.3529,168.42,0.18,0.0,0.0958,0.449
244.222,299.135,0.0424,-0.2123,0.3531,168.89,0.12,0.0,0.0963,0.448
244.324,299.244,0.0415,-0.2122,0.3528,169.54,0.15,0.0,0.0948,0.448
244.425,299.344,0.0422,-0.2126,0.3541,170.14,0.18,0.0,0.1002,0.449
244.523,299.443,0.0423,-0.2131,0.353,170.45,0.11,0.0,0.0971,0.449
244.622,299.538,0.0431,-0.2126,0.3532,170.75,0.1,0.0,0.0923,0.449
244.726,299.644,0.044,-0.2114,0.3526,171.36,0.03,0.0,0.0903,0.449
244.823,299.747,0.0441,-0.2123,0.3537,172.04,0.13,0.0,0.0937,0.449
244.925,299.839,0.0439,-0.2145,0.3533,172.5,0.21,0.0,0.0935,0.448
245.024,299.944,0.0428,-0.2155,0.3524,172.76,0.23,0.0,0.0935,0.449
245.122,300.037,0.0421,-0.2156,0.3527,173.1,0.14,0.0,0.0954,0.449
245.227,300.148,0.0406,-0.2159,0.3529,173.71,0.19,0.0,0.0942,0.449
245.324,300.246,0.0416,-0.2168,0.3544,174.42,0.21,0.0,0.094,0.45
245.426,300.344,0.0419,-0.2173,0.3529,174.71,0.14,0.0,0.096,0.448
245.525,300.44,0.0434,-0.2163,0.3531,175.1,0.08,0.0,0.0941,0.45
245.622,300.541,0.0442,-0.215,0.3529,175.47,0.06,0.0,0.0947,0.448
245.723,300.64,0.0442,-0.2155,0.3535,176.2,0.12,0.0,0.0903,0.45
245.822,300.754,0.0441,-0.2176,0.3535,176.81,0.19,0.0,0.0958,0.449
245.925,300.844,0.043,-0.2183,0.3525,177.04,0.19,0.0,0.0958,0.449
246.024,300.947,0.0421,-0.2184,0.3529,177.43,0.12,0.0,0.0966,0.449
246.122,301.037,0.0406,-0.2189,0.3528,178.16,0.16,0.0,0.095,0.45
246.224,301.155,0.0414,-0.2195,0.3541,178.7,0.17,0.0,0.0977,0.449
246.322,301.242,0.0418,-0.2198,0.354,179.01,0.09,0.0,0.0969,0.449
246.422,301.35,0.0431,-0.2185,0.3543,179.39,0.09,0.0,0.0983,0.449
246.523,301.454,0.0438,-0.217,0.3528,179.95,0.05,0.0,0.0948,0.449
246.622,301.546,0.044,-0.2172,0.3533,-179.52,0.12,0.0,0.1015,0.448
246.727,301.644,0.0443,-0.2187,0.3536,-178.97,0.18,0.0,0.1038,0.449
246.826,301.746,0.0431,-0.2197,0.3523,-178.64,0.16,0.0,0.1055,0.449
246.922,301.844,0.0425,-0.2199,0.3527,-178.18,0.09,0.0,0.1048,0.449
247.023,301.947,0.041,-0.2204,0.3526,-177.51,0.13,0.0,0.1038,0.449
247.125,302.05,0.0416,-0.2214,0.3543,-176.72,0.17,0.0,0.103,0.448
247.222,302.146,0.0417,-0.2221,0.3537,-176.41,0.13,0.0,0.1059,0.448
247.322,302.246,0.0425,-0.2216,0.354,-175.96,0.08,0.0,0.1076,0.448
247.422,302.347,0.0429,-0.2209,0.3536,-175.54,0.03,0.0,0.105,0.448
247.525,302.45,0.0435,-0.2218,0.3544,-174.64,0.15,0.0,0.1009,0.45
247.624,302.547,0.0442,-0.2236,0.3536,-174.16,0.2,0.0,0.1007,0.45
247.724,302.651,0.0436,-0.2243,0.3526,-173.79,0.17,0.0,0.0986,0.449
247.826,302.749,0.0429,-0.2238,0.3529,-173.4,0.11,0.0,0.0993,0.45
247.924,302.845,0.0418,-0.2239,0.3527,-172.84,0.13,0.0,0.1003,0.449
248.024,302.946,0.0421,-0.2239,0.3543,-172.18,0.18,0.0,0.101,0.45
248.122,303.043,0.0422,-0.2242,0.3529,-171.72,0.09,0.0,0.1017,0.451
248.227,303.148,0.0431,-0.2232,0.3534,-171.25,0.09,0.0,0.1014,0.451
248.323,303.251,0.0434,-0.2224,0.3525,-170.82,0.03,0.0,0.1033,0.451
248.424,303.356,0.0442,-0.2231,0.3536,-170.14,0.13,0.0,0.1021,0.449
248.523,303.449,0.0451,-0.2245,0.3533,-169.69,0.19,0.0,0.1064,0.448
248.625,303.553,0.0443,-0.2254,0.3523,-169.3,0.15,0.0,0.1068,0.451
248.725,303.646,0.0439,-0.2249,0.3524,-168.85,0.06,0.0,0.1063,0.449
248.828,303.752,0.0423,-0.2251,0.3523,-168.09,0.12,0.0,0.111,0.452
248.922,303.846,0.0425,-0.2253,0.3539,-167.49,0.16,0.0,0.112,0.452
249.022,303.951,0.0425,-0.2257,0.3537,-167.03,0.06,0.0,0.1096,0.449
249.126,304.048,0.043,-0.2248,0.3543,-166.68,0.11,0.0,0.1111,0.45
249.224,304.149,0.0436,-0.2235,0.3533,-166.01,0.06,0.0,0.1061,0.449
249.322,304.247,0.0439,-0.2241,0.3538,-165.36,0.11,0.0,0.1123,0.448
249.423,304.352,0.0448,-0.2263,0.3534,-164.69,0.19,0.0,0.1131,0.448
249.524,304.446,0.0443,-0.2273,0.3526,-164.36,0.2,0.0,0.1156,0.45
249.628,304.554,0.0433,-0.2278,0.3531,-163.75,0.17,0.0,0.1166,0.452
249.726,304.65,0.0423,-0.2286,0.3533,-162.95,0.19,0.0,0.1165,0.452
249.823,304.753,0.0434,-0.2286,0.3545,-162.25,0.19,0.0,0.1219,0.453
249.922,304.846,0.0439,-0.2283,0.3532,-161.77,0.07,0.0,0.1219,0.452
250.025,304.956,0.045,-0.2264,0.3536,-161.24,0.13,0.0,0.1212,0.449
250.126,305.054,0.0452,-0.225,0.3532,-160.74,0.06,0.0,0.1223,0.449
250.224,305.157,0.0454,-0.226,0.3545,-159.73,0.13,0.0,0.1238,0.45
250.322,305.246,0.0455,-0.2281,0.3533,-159.16,0.15,0.0,0.1271,0.45
250.422,305.353,0.0446,-0.2292,0.3523,-158.82,0.18,0.0,0.1274,0.449
250.523,305.456,0.0437,-0.23,0.3527,-158.25,0.15,0.0,0.1216,0.454
250.629,305.555,0.0426,-0.2312,0.353,-157.47,0.17,0.0,0.1206,0.451
250.726,305.658,0.0441,-0.2314,0.3545,-156.62,0.17,0.0,0.1212,0.452
250.833,305.759,0.0447,-0.2315,0.353,-156.23,0.09,0.0,0.1228,0.454
250.922,305.852,0.0453,-0.23,0.3533,-155.81,0.09,0.0,0.1245,0.454
251.025,305.96,0.045,-0.2281,0.3523,-155.03,0.05,0.0,0.1227,0.449
251.123,306.056,0.0449,-0.2283,0.3535,-154.38,0.14,0.0,0.1227,0.451
251.222,306.15,0.0447,-0.2297,0.3529,-153.61,0.07,0.0,0.1255,0.451
251.323,306.258,0.0439,-0.2304,0.3523,-153.29,0.12,0.0,0.1274,0.448
251.422,306.356,0.0431,-0.2304,0.3525,-152.51,0.1,0.0,0.1266,0.453
251.523,306.459,0.0424,-0.2313,0.3522,-151.84,0.11,0.0,0.1265,0.451
251.637,306.566,0.0434,-0.2321,0.3538,-150.93,0.17,0.0,0.1305,0.451
251.723,306.663,0.0436,-0.2327,0.3535,-150.56,0.11,0.0,0.1305,0.451
251.823,306.753,0.0439,-0.2321,0.354,-150.07,0.09,0.0,0.1277,0.45
251.923,306.861,0.0438,-0.2316,0.3538,-149.4,0.06,0.0,0.1242,0.449
252.022,306.962,0.045,-0.2326,0.3551,-148.44,0.17,0.0,0.1171,0.45
252.123,307.061,0.0464,-0.2338,0.3536,-147.9,0.19,0.0,0.1171,0.456
252.223,307.153,0.0461,-0.2341,0.3527,-147.58,0.16,0.0,0.1184,0.451
252.323,307.26,0.0448,-0.2335,0.3528,-146.89,0.08,0.0,0.1193,0.448
252.425,307.361,0.0435,-0.2339,0.3526,-146.31,0.13,0.0,0.1142,0.449
252.523,307.461,0.0431,-0.2337,0.3543,-145.52,0.18,0.0,0.115,0.45
252.622,307.554,0.0426,-0.234,0.353,-145.08,0.07,0.0,0.1167,0.455
252.723,307.662,0.043,-0.2328,0.3536,-144.68,0.14,0.0,0.1163,0.452
252.822,307.768,0.0436,-0.2321,0.3546,-144.02,0.07,0.0,0.118,0.454
252.924,307.865,0.0451,-0.2331,0.3561,-143.19,0.15,0.0,0.1231,0.454
253.022,307.963,0.0468,-0.2345,0.355,-142.73,0.22,0.0,0.1224,0.457
253.122,308.057,0.0468,-0.2358,0.3534,-142.26,0.22,0.0,0.1224,0.457
253.222,308.158,0.0461,-0.2361,0.3539,-141.72,0.17,0.0,0.1202,0.449
253.322,308.264,0.0449,-0.2372,0.3547,-140.71,0.19,0.0,0.1158,0.45
253.422,308.365,0.0452,-0.2366,0.3556,-140.15,0.2,0.0,0.1149,0.457
253.523,308.474,0.045,-0.2361,0.3533,-139.7,0.07,0.0,0.1149,0.453
253.623,308.57,0.0445,-0.2341,0.3537,-139.28,0.16,0.0,0.112,0.45
253.728,308.668,0.0435,-0.2322,0.3534,-138.56,0.09,0.0,0.1108,0.449
253.822,308.768,0.0434,-0.2329,0.3548,-137.93,0.17,0.0,0.1065,0.457
253.922,308.864,0.0432,-0.2351,0.3534,-137.34,0.08,0.0,0.1081,0.455
254.022,308.958,0.0427,-0.2363,0.3528,-137.05,0.17,0.0,0.1081,0.456
254.123,309.061,0.0428,-0.237,0.3532,-136.56,0.16,0.0,0.1088,0.452
254.225,309.165,0.0434,-0.2384,0.3536,-135.67,0.17,0.0,0.1007,0.451
254.332,309.268,0.0458,-0.2381,0.3542,-135.07,0.23,0.0,0.0995,0.451
254.432,309.376,0.0465,-0.2381,0.3526,-134.71,0.15,0.0,0.0946,0.452
254.525,309.461,0.0461,-0.237,0.3533,-134.44,0.07,0.0,0.0965,0.452
254.622,309.561,0.0441,-0.2358,0.353,-133.88,0.1,0.0,0.0965,0.449
254.727,309.668,0.0422,-0.2362,0.3547,-133.06,0.25,0.0,0.0966,0.457
254.828,309.771,0.0406,-0.2373,0.3534,-132.67,0.14,0.0,0.093,0.455
254.924,309.865,0.04,-0.2372,0.3531,-132.47,0.18,0.0,0.093,0.448
255.022,309.967,0.0403,-0.2358,0.3533,-131.93,0.16,0.0,0.0917,0.452
255.122,310.056,0.0413,-0.2369,0.3533,-131.25,0.08,0.0,0.0914,0.463
255.222,310.158,0.0433,-0.2377,0.3543,-130.8,0.15,0.0,0.0914,0.458
255.323,310.259,0.0451,-0.2398,0.3531,-130.37,0.24,0.0,0.0876,0.456
255.422,310.368,0.045,-0.2408,0.3537,-130.04,0.2,0.0,0.0805,0.461
255.522,310.46,0.0443,-0.2418,0.3541,-129.64,0.19,0.0,0.0805,0.465
255.624,310.572,0.0444,-0.2416,0.3553,-128.97,0.21,0.0,0.0678,0.453
255.726,310.661,0.0449,-0.2408,0.3543,-128.74,0.12,0.0,0.0678,0.462
255.827,310.761,0.044,-0.2393,0.3532,-128.54,0.11,0.0,0.0728,0.453
255.923,310.862,0.0419,-0.2357,0.353,-128.2,0.34,0.0,0.0645,0.448
256.022,310.964,0.0406,-0.2362,0.3525,-127.69,0.26,0.0,0.0618,0.45
256.124,311.066,0.0395,-0.2378,0.3538,-127.31,0.24,0.0,0.0669,0.453
256.226,311.166,0.0387,-0.2403,0.3531,-127.09,0.14,0.0,0.064,0.45
256.324,311.261,0.0397,-0.2413,0.354,-126.88,0.18,0.0,0.064,0.462
256.424,311.368,0.0416,-0.242,0.3539,-126.49,0.16,0.0,0.0662,0.459
256.523,311.463,0.0443,-0.2414,0.355,-125.98,0.23,0.0,0.0662,0.452
256.622,311.571,0.0487,-0.2402,0.3531,-125.73,0.3,0.0,0.0693,0.453
256.724,311.661,0.0488,-0.2394,0.3523,-125.46,0.16,0.0,0.0571,0.467
256.824,311.766,0.0466,-0.2379,0.3528,-125.46,0.15,0.0,0.0518,0.459
256.922,311.861,0.0439,-0.2393,0.3528,-124.83,0.14,0.0,0.0518,0.456
257.024,311.97,0.0409,-0.2413,0.3542,-124.13,0.25,0.0,0.0603,0.455
257.124,312.07,0.0387,-0.2433,0.3536,-124.23,0.21,0.0,0.0622,0.452
257.223,312.17,0.0388,-0.2429,0.3545,-124.16,0.19,0.0,0.0602,0.452
257.322,312.27,0.0395,-0.2426,0.3542,-123.87,0.07,0.0,0.0605,0.456
257.424,312.374,0.0426,-0.2416,0.3551,-123.16,0.15,0.0,0.0718,0.454
257.522,312.47,0.0458,-0.2411,0.3532,-122.89,0.2,0.0,0.0692,0.463
257.622,312.56,0.046,-0.2405,0.3528,-122.72,0.11,0.0,0.0648,0.459
257.722,312.664,0.0446,-0.2397,0.3527,-122.49,0.14,0.0,0.0646,0.452
257.822,312.766,0.0425,-0.2415,0.3529,-121.81,0.17,0.0,0.0646,0.45
257.922,312.867,0.0414,-0.2426,0.354,-121.52,0.22,0.0,0.0667,0.451
258.024,312.976,0.0397,-0.2449,0.3534,-121.26,0.13,0.0,0.0669,0.458
258.122,313.076,0.0399,-0.2447,0.3543,-121.13,0.14,0.0,0.0668,0.467
258.223,313.174,0.0405,-0.244,0.3541,-120.71,0.08,0.0,0.0596,0.45
258.323,313.274,0.0418,-0.243,0.3551,-120.2,0.14,0.0,0.0628,0.45
258.431,313.372,0.0442,-0.2418,0.3535,-119.97,0.14,0.0,0.0588,0.452
258.522,313.465,0.0446,-0.2408,0.3522,-119.86,0.07,0.0,0.0521,0.452
258.623,313.573,0.0426,-0.2392,0.3521,-119.56,0.2,0.0,0.0521,0.45
258.722,313.662,0.0412,-0.241,0.3524,-119.01,0.16,0.0,0.0508,0.465
258.823,313.774,0.0405,-0.2428,0.3534,-118.78,0.18,0.0,0.0592,0.466
258.926,313.869,0.0394,-0.2464,0.3519,-118.65,0.14,0.0,0.0646,0.459
259.024,313.968,0.0398,-0.2472,0.353,-118.53,0.18,0.0,0.0607,0.466
259.123,314.072,0.0407,-0.2477,0.3538,-118.13,0.14,0.0,0.0643,0.466
259.222,314.169,0.0429,-0.2462,0.355,-117.61,0.17,0.0,0.0638,0.472
259.322,314.27,0.0459,-0.2438,0.3531,-117.32,0.22,0.0,0.0631,0.469
259.424,314.38,0.0455,-0.2414,0.352,-117.16,0.07,0.0,0.0611,0.46
259.527,314.482,0.0429,-0.2394,0.3519,-116.97,0.31,0.0,0.0614,0.463
259.623,314.565,0.0399,-0.241,0.3517,-116.41,0.24,0.0,0.0614,0.463
259.722,314.676,0.0373,-0.2436,0.3533,-116.01,0.34,0.0,0.0564,0.472
259.824,314.773,0.0361,-0.2421,0.3519,-115.85,0.39,0.0,0.055,0.457
259.923,314.875,0.0349,-0.2382,0.3523,-115.64,0.69,0.0,0.0548,0.465
260.022,314.974,0.0341,-0.2366,0.352,-115.35,0.47,0.0,0.0507,0.462
260.122,315.074,0.0349,-0.2382,0.3533,-114.89,0.25,0.0,0.0571,0.453
260.222,315.178,0.0366,-0.241,0.3526,-114.74,0.04,0.0,0.0531,0.462
260.331,315.28,0.0365,-0.2401,0.3527,-114.63,0.2,0.0,0.0531,0.459
260.427,315.38,0.0353,-0.2389,0.3527,-114.35,0.28,0.0,0.0558,0.452
260.522,315.479,0.0351,-0.2397,0.3526,-114.12,0.17,0.0,0.0581,0.452
260.631,315.59,0.0336,-0.2391,0.3531,-113.82,0.3,0.0,0.0579,0.471
260.724,315.671,0.0313,-0.2379,0.3514,-113.57,0.5,0.0,0.0593,0.471
260.825,315.778,0.0293,-0.2339,0.3523,-113.33,0.8,0.0,0.0541,0.448
260.926,315.878,0.0284,-0.2307,0.3531,-112.96,0.56,0.0,0.0583,0.459
261.025,315.981,0.0302,-0.2329,0.3546,-112.44,0.27,0.0,0.0574,0.463
261.138,316.085,0.0334,-0.2361,0.3535,-112.33,0.1,0.0008,0.0607,0.455
261.222,316.176,0.0344,-0.2358,0.3538,-112.45,0.14,0.0002,0.0516,0.455
261.323,316.275,0.0345,-0.2354,0.3536,-112.14,0.19,0.0002,0.0539,0.463
261.432,316.382,0.0336,-0.2351,0.3536,-111.75,0.15,0.0001,0.0518,0.482
261.524,316.486,0.032,-0.2345,0.3537,-111.44,0.26,0.0,0.0532,0.482
261.622,316.585,0.0299,-0.2334,0.3522,-111.21,0.5,0.0,0.0572,0.463
261.722,316.673,0.0276,-0.2282,0.3528,-111.07,0.85,0.0,0.057,0.476
261.824,316.782,0.0275,-0.2263,0.3512,-110.56,0.52,0.0,0.0603,0.46
261.925,316.885,0.03,-0.2283,0.3532,-109.73,0.21,0.0,0.0721,0.458
262.031,316.987,0.0333,-0.2319,0.3521,-109.93,0.03,0.0,0.0755,0.45
262.127,317.082,0.0338,-0.2308,0.3528,-109.54,0.19,0.0,0.0684,0.461
262.222,317.178,0.0331,-0.2304,0.3523,-109.1,0.19,0.0,0.0694,0.461
262.323,317.284,0.0324,-0.2298,0.3528,-108.7,0.14,0.0,0.071,0.466
262.423,317.387,0.0305,-0.2291,0.3528,-108.27,0.27,0.0,0.0675,0.469
262.522,317.477,0.0284,-0.2282,0.3516,-108.06,0.51,0.0,0.0649,0.479
262.623,317.582,0.0253,-0.2228,0.3521,-107.69,0.78,0.0,0.0,0.452
262.722,317.675,0.0246,-0.2212,0.352,-107.44,0.58,0.0,0.0,0.462
262.824,317.784,0.0269,-0.2239,0.3536,-107.19,0.2,0.0,0.0138,0.463
262.922,317.875,0.0299,-0.2276,0.3525,-107.25,0.06,0.0,0.0151,0.462
263.022,317.984,0.0322,-0.227,0.3534,-107.39,0.12,0.0,0.0182,0.461
263.124,318.085,0.0331,-0.2274,0.3522,-107.14,0.05,0.0,0.0146,0.454
263.224,318.187,0.0339,-0.2272,0.3524,-106.99,0.12,0.0,0.0166,0.473
263.324,318.287,0.0345,-0.227,0.3521,-106.81,0.06,0.0,0.0178,0.455
263.428,318.393,0.0322,-0.2258,0.3516,-106.98,0.29,0.0,0.0169,0.452
263.523,318.481,0.0285,-0.2226,0.3526,-107.11,0.65,0.0,0.0166,0.452
263.623,318.585,0.0258,-0.2228,0.3516,-106.89,0.55,0.0,0.0145,0.475
263.725,318.684,0.0251,-0.2254,0.3534,-106.52,0.48,0.0,0.0194,0.45
263.823,318.789,0.0258,-0.2264,0.3523,-106.57,0.34,0.0,0.0228,0.464
263.931,318.895,0.0267,-0.2238,0.3531,-106.69,0.41,0.0,0.0224,0.453
264.022,318.984,0.0267,-0.2218,0.3521,-106.62,0.42,0.0,0.0211,0.453
264.122,319.085,0.0287,-0.2232,0.3518,-106.24,0.12,0.0,0.0245,0.458
264.223,319.186,0.0331,-0.2258,0.3527,-106.02,0.17,0.0,0.025,0.458
264.324,319.295,0.0333,-0.2258,0.3523,-106.11,0.01,0.0,0.0259,0.461
264.423,319.399,0.0314,-0.2252,0.3531,-106.05,0.25,0.0,0.0223,0.466
264.525,319.493,0.0305,-0.2256,0.3535,-105.82,0.14,0.0,0.0305,0.46
264.627,319.598,0.0296,-0.2252,0.3542,-105.54,0.22,0.0002,0.048,0.457
264.722,319.691,0.0288,-0.225,0.3542,-105.4,0.3,0.0,0.0445,0.457
264.826,319.794,0.0263,-0.2224,0.3547,-105.33,0.62,0.0,0.0518,0.453
264.924,319.899,0.0242,-0.2203,0.3527,-104.99,0.54,0.0,0.0574,0.452
265.023,319.992,0.0244,-0.2216,0.3528,-104.56,0.37,0.0,0.0746,0.456
265.124,320.092,0.0258,-0.2236,0.3531,-104.3,0.19,0.0,0.0469,0.458
265.224,320.195,0.0247,-0.2224,0.3526,-104.21,0.4,0.0,0.0401,0.463
265.322,320.301,0.0228,-0.2192,0.3526,-104.0,0.63,0.0,0.0459,0.459
265.422,320.394,0.0227,-0.2195,0.3516,-103.73,0.35,0.0,0.0746,0.451
265.523,320.497,0.0249,-0.2223,0.3535,-103.19,0.17,0.0,0.0836,0.478
265.622,320.591,0.0245,-0.222,0.3525,-102.97,0.28,0.0,0.0751,0.449
265.722,320.692,0.0222,-0.2198,0.3531,-102.69,0.54,0.0,0.0734,0.448
265.824,320.804,0.0195,-0.2172,0.3521,-102.18,0.51,0.0,0.0594,0.477
265.924,320.897,0.0202,-0.2191,0.353,-101.73,0.35,0.0003,0.0613,0.467
266.023,320.991,0.0208,-0.2204,0.3537,-101.4,0.27,0.0001,0.0387,0.463
266.133,321.1,0.019,-0.2193,0.3532,-101.6,0.46,0.0001,0.0118,0.476
266.222,321.201,0.0171,-0.2169,0.3534,-101.46,0.68,0.0001,0.0132,0.476
266.323,321.298,0.0166,-0.2177,0.3525,-101.19,0.36,0.002,0.019,0.454
266.422,321.395,0.0181,-0.2199,0.3542,-100.92,0.24,0.0005,0.0268,0.46
266.522,321.489,0.0184,-0.2198,0.3545,-100.84,0.24,0.0004,0.035,0.461
266.622,321.598,0.0175,-0.2182,0.3553,-100.84,0.39,0.0003,0.0238,0.454
266.722,321.699,0.0163,-0.2169,0.3539,-100.65,0.34,0.0,0.0275,0.472
266.823,321.794,0.0174,-0.2188,0.3544,-100.28,0.22,0.0,0.0248,0.452
266.93,321.897,0.0188,-0.2194,0.3547,-100.33,0.14,0.0,0.0525,0.455
267.023,321.998,0.0174,-0.2184,0.3537,-100.08,0.33,0.0,0.0407,0.455
267.122,322.103,0.0145,-0.2153,0.3544,-100.64,0.68,0.0,0.0371,0.465
267.222,322.205,0.0131,-0.2156,0.3531,-100.22,0.44,0.0,0.0152,0.463
267.323,322.299,0.014,-0.2184,0.355,-99.24,0.37,0.0,0.0176,0.457
267.422,322.396,0.0148,-0.2186,0.3541,-99.36,0.27,0.0,0.0251,0.462
267.527,322.498,0.015,-0.2167,0.3546,-99.27,0.35,0.0,0.0197,0.454
267.623,322.597,0.0147,-0.2152,0.3533,-100.21,0.32,0.0,0.0184,0.451
267.722,322.689,0.0169,-0.2172,0.3549,-98.39,0.18,0.0,0.0086,0.451
267.822,322.804,0.019,-0.2179,0.3547,-98.49,0.07,0.0,0.0886,0.468
267.922,322.893,0.0188,-0.2181,0.3541,-98.98,0.17,0.0,0.0589,0.456
268.023,322.998,0.0173,-0.2175,0.3544,-98.82,0.32,0.0,0.0511,0.461
268.125,323.095,0.0164,-0.2179,0.3537,-98.45,0.14,0.0,0.0617,0.458
268.223,323.193,0.0171,-0.2176,0.3547,-98.12,0.15,0.0,0.0585,0.483
268.323,323.301,0.0166,-0.2173,0.3542,-97.76,0.21,0.0,0.06,0.456
268.422,323.412,0.0141,-0.2157,0.3549,-97.55,0.5,0.0,0.0591,0.482
268.527,323.502,0.012,-0.2154,0.3541,-97.11,0.38,0.0,0.0591,0.452
268.623,323.597,0.0119,-0.2167,0.3549,-96.75,0.36,0.0,0.0562,0.451
268.724,323.7,0.0113,-0.2166,0.3544,-96.52,0.35,0.0,0.0585,0.467
268.824,323.806,0.009,-0.2154,0.354,-96.3,0.56,0.0,0.0617,0.465
268.925,323.901,0.0062,-0.2125,0.3541,-96.15,0.68,0.0,0.0606,0.455
269.023,324.006,0.0071,-0.2143,0.3537,-95.37,0.35,0.0,0.0772,0.458
269.122,324.103,0.009,-0.2159,0.3551,-95.11,0.26,0.0,0.0772,0.451
269.224,324.204,0.0096,-0.2158,0.3538,-94.85,0.24,0.0,0.0786,0.463
269.323,324.306,0.0085,-0.2146,0.3542,-94.59,0.4,0.0,0.0801,0.482
269.424,324.4,0.0071,-0.2141,0.3536,-94.13,0.35,0.0,0.0801,0.457
269.523,324.507,0.008,-0.2153,0.3541,-93.54,0.27,0.0,0.0768,0.45
269.625,324.598,0.0086,-0.2152,0.3536,-93.28,0.17,0.0,0.0767,0.454
269.723,324.71,0.0062,-0.2145,0.3529,-92.94,0.45,0.0,0.0733,0.449
269.825,324.809,0.003,-0.2129,0.3527,-92.58,0.63,0.0,0.0723,0.451
269.922,324.905,0.0028,-0.215,0.3516,-92.12,0.39,0.0,0.0743,0.454
270.022,324.999,0.003,-0.2148,0.3525,-91.77,0.4,0.0,0.076,0.448
270.123,325.1,0.003,-0.2148,0.3519,-91.43,0.42,0.0,0.0797,0.452
270.224,325.203,0.0017,-0.2135,0.3532,-91.26,0.57,0.0,0.0786,0.457
270.33,325.312,0.0004,-0.2137,0.3523,-90.64,0.38,0.0,0.0724,0.455
270.422,325.397,0.0017,-0.2147,0.3535,-90.11,0.35,0.0,0.0754,0.455
270.524,325.509,0.0031,-0.2147,0.3532,-89.75,0.22,0.0,0.0671,0.455
270.623,325.609,0.0025,-0.2144,0.3531,-89.51,0.35,0.0,0.0642,0.456
270.724,325.705,0.0009,-0.2137,0.3532,-89.27,0.47,0.0,0.0616,0.455
270.822,325.797,0.0014,-0.2148,0.3532,-88.76,0.2,0.0,0.0558,0.45
270.935,325.915,0.0034,-0.2148,0.3539,-88.4,0.1,0.0,0.0708,0.453
271.023,326.015,0.0046,-0.2149,0.3542,-88.09,0.12,0.0,0.0538,0.453
271.123,326.105,0.0031,-0.2148,0.3551,-87.91,0.34,0.0,0.0538,0.471
271.222,326.207,0.0016,-0.215,0.3541,-87.68,0.22,0.0,0.0488,0.46
271.324,326.307,0.0028,-0.2151,0.355,-87.21,0.12,0.0,0.0488,0.456
271.424,326.415,0.0047,-0.2152,0.354,-87.03,0.06,0.0,0.0545,0.482
271.522,326.507,0.0036,-0.2151,0.3534,-86.94,0.22,0.0,0.0521,0.455
271.623,326.607,0.0005,-0.2147,0.3536,-86.71,0.5,0.0,0.0521,0.454
271.723,326.716,-0.0003,-0.2154,0.3529,-86.24,0.23,0.0,0.045,0.448
271.822,326.806,0.0009,-0.2154,0.3537,-85.95,0.16,0.0,0.048,0.448
271.923,326.904,0.0023,-0.2156,0.3532,-85.83,0.13,0.0,0.0534,0.459
272.022,327.013,0.001,-0.2154,0.3541,-85.66,0.35,0.0,0.0537,0.478
272.125,327.11,-0.0005,-0.2157,0.3542,-85.43,0.32,0.0,0.0553,0.457
272.223,327.215,0.0014,-0.2159,0.3554,-84.85,0.12,0.0,0.0585,0.456
272.324,327.316,0.0036,-0.216,0.3544,-84.64,0.05,0.0,0.0619,0.461
272.422,327.41,0.0025,-0.216,0.3541,-84.49,0.22,0.0,0.0645,0.456
272.523,327.514,-0.0002,-0.2159,0.3545,-84.23,0.44,0.0,0.0667,0.461
272.629,327.612,-0.0004,-0.2165,0.3545,-83.59,0.19,0.0,0.0672,0.451
272.724,327.711,0.0011,-0.2167,0.3551,-83.31,0.12,0.0,0.0724,0.448
272.825,327.808,0.0024,-0.217,0.3542,-82.91,0.15,0.0,0.0758,0.456
272.923,327.913,0.0004,-0.2169,0.3548,-82.68,0.41,0.0,0.0775,0.452
273.023,328.021,-0.0006,-0.2174,0.3545,-82.23,0.23,0.0,0.0717,0.449
273.125,328.113,0.0014,-0.2178,0.3559,-81.58,0.12,0.0,0.0762,0.459
273.223,328.211,0.0038,-0.218,0.3543,-81.39,0.06,0.0,0.0798,0.46
273.323,328.309,0.0029,-0.2182,0.3539,-81.05,0.17,0.0,0.0766,0.453
273.422,328.409,0.0003,-0.2183,0.3543,-80.76,0.39,0.0,0.0772,0.461
273.523,328.51,0.0002,-0.2189,0.3541,-80.21,0.14,0.0,0.0777,0.457
273.626,328.61,0.0024,-0.2193,0.3552,-79.75,0.08,0.0,0.0817,0.456
273.722,328.706,0.0041,-0.2197,0.3538,-79.4,0.05,0.0,0.0817,0.458
273.822,328.812,0.0023,-0.22,0.3543,-79.04,0.32,0.0,0.0796,0.45
273.922,328.912,0.0005,-0.2206,0.3507,-78.46,0.2,0.0,0.0862,0.457
274.022,329.016,0.0014,-0.2211,0.3521,-77.86,0.14,0.0,0.0884,0.452
274.122,329.154,0.0028,-0.2214,0.3499,-77.59,0.09,0.0,0.0873,0.458
274.222,329.255,0.0014,-0.2216,0.3521,-77.36,0.31,0.0,0.0865,0.448
274.322,329.39,0.0029,-0.2218,0.3605,-77.09,0.06,0.0,0.0908,0.464
274.422,329.499,0.0066,-0.2216,0.3634,-76.11,0.27,0.0,0.0966,0.457
274.522,329.644,0.0082,-0.2232,0.3647,-75.92,0.21,0.0,0.0792,0.464
274.623,329.879,0.0073,-0.2226,0.3709,-76.06,0.28,0.0,-0.0062,0.46
274.722,330.105,0.0064,-0.2189,0.4037,-66.33,0.85,0.0,0.0005,0.451
274.822,330.207,0.0004,-0.2106,0.4261,-56.55,4.76,0.0006,0.1205,0.449
274.922,330.312,-0.0139,-0.1968,0.4043,-51.67,1.13,0.0012,0.1998,0.448
275.024,330.429,-0.0226,-0.1759,0.3978,-52.71,1.38,0.001,0.1612,0.45
275.122,330.527,-0.0245,-0.1454,0.3913,-58.45,0.97,0.0,0.1212,0.448
275.222,330.639,-0.0243,-0.1282,0.3863,-61.96,0.33,0.0001,0.0412,0.449
275.322,330.822,-0.0219,-0.1176,0.3791,-62.68,0.75,0.0,-0.1188,0.448
275.422,331.049,-0.019,-0.1063,0.3587,-63.1,0.77,0.0,-0.1507,0.448
275.522,331.259,-0.0162,-0.0924,0.3575,-63.52,1.25,0.0,-0.1148,0.448
275.622,331.526,-0.0156,-0.0781,0.3554,-64.22,1.1,0.0,-0.0861,0.448
275.722,331.701,-0.0156,-0.0689,0.3459,-64.72,1.36,0.0,-0.0812,0.448
275.822,331.965,-0.0157,-0.0562,0.3434,-65.33,1.29,0.0,-0.061,0.448
275.922,332.269,-0.0146,-0.0502,0.3439,-65.63,1.61,0.0,-0.0969,0.448
276.022,332.53,-0.0111,-0.0374,0.3175,-66.01,1.49,0.0,-0.0832,0.448
276.122,332.66,-0.0077,-0.0103,0.3177,-65.43,1.8,0.0,-0.0639,0.448
276.222,332.767,-0.0095,0.0121,0.3256,-66.16,0.78,0.0,0.0161,0.448
276.322,332.877,-0.0206,0.0235,0.3321,-67.08,1.23,0.0,-0.0639,0.448
276.422,332.997,-0.033,0.0271,0.3241,-67.13,0.11,0.0,-0.056,0.448
276.522,333.174,-0.0389,0.0238,0.3292,-67.4,0.46,0.0,-0.057,0.448
276.622,333.342,-0.0423,0.0237,0.3347,-67.81,0.56,0.0,-0.0542,0.449
276.722,333.678,-0.0455,0.0268,0.322,-68.08,0.4,0.0,-0.0445,0.449
276.822,333.924,-0.0479,0.0495,0.3368,-75.32,0.53,0.0,-0.1649,0.448
276.922,334.084,-0.0504,0.0838,0.3641,-75.24,0.68,0.0,-0.1866,0.448
277.022,334.191,-0.0569,0.1137,0.3621,-71.63,0.58,0.0,-0.1066,0.448
277.122,334.349,-0.0611,0.1401,0.3647,-71.26,0.89,0.0,0.0134,0.449
277.222,334.627,-0.0563,0.1665,0.3786,-68.42,2.5,0.0,0.1812,0.448
277.322,334.834,-0.0462,0.1844,0.4115,-70.95,5.79,0.0,0.157,0.448
277.424,334.993,-0.0456,0.1951,0.4055,-71.85,1.33,0.0,0.037,0.448
277.522,335.135,-0.0561,0.2073,0.3994,-70.02,1.47,0.0,-0.003,0.448
277.622,335.384,-0.0649,0.2174,0.3948,-69.93,0.68,0.0,0.033,0.46
277.722,335.75,-0.0746,0.2351,0.3747,-70.43,0.17,0.0,-0.0004,0.471
277.822,335.944,-0.0814,0.2579,0.3653,-70.18,0.49,0.0,-0.0089,0.485
277.922,336.055,-0.0878,0.2777,0.3538,-70.02,0.43,0.0,-0.0108,0.512
278.022,336.209,-0.0875,0.2812,0.3487,-70.09,0.22,0.0,-0.0167,0.523
278.122,336.347,-0.0842,0.2774,0.3482,-69.94,0.23,0.0,-0.0155,0.524
278.222,336.504,-0.0798,0.2703,0.3493,-69.89,0.34,0.0025,-0.0183,0.521
278.322,336.68,-0.0764,0.2643,0.3507,-70.0,0.35,0.0072,-0.0237,0.516
278.422,336.947,-0.0749,0.2604,0.35,-70.07,0.12,0.0014,-0.0327,0.513
278.522,337.214,-0.0752,0.2611,0.329,-70.3,0.35,0.0,-0.0423,0.512
278.622,337.449,-0.0761,0.274,0.2935,-70.44,0.85,0.0,-0.046,0.512
278.722,337.573,-0.0748,0.304,0.2851,-70.63,1.91,0.0,-0.0366,0.516
278.822,337.713,-0.0681,0.3384,0.2855,-71.06,1.95,0.0,-0.0554,0.517
278.922,337.82,-0.0714,0.3576,0.2961,-71.54,0.84,0.0,-0.0594,0.513
279.022,337.932,-0.0798,0.3651,0.3063,-71.28,0.95,0.0,-0.0642,0.514
279.122,338.044,-0.0798,0.3702,0.3218,-71.29,0.9,0.0,-0.0588,0.522
279.222,338.152,-0.0746,0.3727,0.3226,-71.95,0.55,0.0,-0.0629,0.524
279.322,338.388,-0.0678,0.3743,0.3298,-72.27,0.81,0.0,-0.0697,0.521
279.422,338.63,-0.0666,0.3796,0.3447,-69.44,0.7,0.0,-0.0356,0.519
279.522,338.876,-0.0671,0.3888,0.3777,-72.14,0.43,0.0193,0.0044,0.508
279.622,339.054,-0.069,0.4014,0.4245,-74.93,1.29,0.0074,-0.1156,0.506
279.722,339.248,-0.0741,0.4129,0.4015,-77.29,1.37,0.0016,-0.1463,0.529
279.823,339.394,-0.0851,0.4235,0.3913,-78.17,1.37,0.0004,-0.1488,0.551
279.922,339.588,-0.0982,0.4424,0.3852,-75.9,0.88,0.0,-0.0616,0.563
280.022,339.792,-0.1059,0.4579,0.383,-75.59,0.46,0.0,0.0984,0.562
280.124,339.936,-0.1085,0.4686,0.3979,-69.7,0.8,0.0,0.1601,0.569
280.223,340.087,-0.1123,0.4777,0.391,-67.55,0.73,0.0,0.1813,0.547
280.322,340.215,-0.1133,0.4835,0.3676,-69.76,0.14,0.0,0.1353,0.533
280.422,340.33,-0.1131,0.4869,0.3723,-70.17,0.27,0.0,0.0616,0.542
280.522,340.573,-0.1139,0.4833,0.372,-71.18,0.51,0.0,-0.0811,0.551
280.622,340.722,-0.1141,0.4794,0.325,-72.2,1.49,0.0,-0.097,0.553
280.722,340.914,-0.1221,0.4799,0.3275,-72.14,1.59,0.0,-0.0875,0.558
280.822,341.033,-0.1257,0.4866,0.3356,-74.18,1.19,0.0,-0.0826,0.566
280.922,341.215,-0.1282,0.494,0.3341,-73.68,0.7,0.0,-0.0573,0.582
281.022,341.414,-0.1317,0.5031,0.3045,-73.46,0.67,0.0,-0.0519,0.583
281.122,341.6,-0.1323,0.5187,0.2917,-73.55,0.49,0.0,-0.0518,0.584
281.222,341.824,-0.1316,0.5324,0.3002,-73.78,0.08,0.0007,-0.0667,0.586
281.322,342.055,-0.1318,0.5383,0.3238,-75.93,0.4,0.0011,-0.1039,0.585
281.422,342.172,-0.1259,0.5385,0.341,-73.93,0.46,0.001,-0.1212,0.599
281.522,342.307,-0.1216,0.5351,0.3499,-75.26,0.13,0.0003,-0.0592,0.583
281.622,342.472,-0.1178,0.5318,0.3406,-75.77,0.22,0.0023,-0.1126,0.584
281.722,342.679,-0.1202,0.5343,0.3573,-74.07,0.07,0.0021,-0.033,0.583
281.822,342.865,-0.1224,0.5408,0.3866,-81.26,0.46,0.0034,-0.033,0.578
281.924,343.003,-0.1259,0.5509,0.3908,-89.46,0.38,0.0055,-0.1035,0.603
282.024,343.156,-0.1389,0.5562,0.388,-87.72,0.43,0.0053,-0.1222,0.665
282.122,343.291,-0.1517,0.5616,0.3977,-83.08,0.06,0.0022,-0.0755,0.672
282.222,343.45,-0.1571,0.5615,0.3971,-79.98,0.44,0.0008,0.0445,0.659
282.322,343.601,-0.1603,0.5592,0.3667,-78.39,0.56,0.0002,0.1645,0.646
282.422,343.784,-0.1566,0.5699,0.3843,-83.9,1.16,0.0015,0.12,0.642
282.522,343.911,-0.1525,0.5831,0.3913,-87.55,0.72,0.006,-0.0,0.66
282.622,344.119,-0.153,0.5898,0.3853,-82.57,0.14,0.0006,0.08,0.689
282.723,344.244,-0.1542,0.594,0.3483,-77.97,0.74,0.0012,0.1491,0.662
282.822,344.439,-0.161,0.6041,0.3466,-75.5,0.52,0.0001,0.1998,0.633
282.922,344.62,-0.1722,0.6139,0.3505,-75.03,1.22,0.0,0.1879,0.627
283.022,344.845,-0.1816,0.6208,0.3381,-74.16,0.2,0.0,0.1624,0.628
283.122,345.006,-0.1901,0.634,0.3013,-72.7,0.39,0.0,0.1736,0.636
283.222,345.149,-0.1917,0.6592,0.2952,-72.1,0.42,0.0,0.1482,0.637
283.322,345.312,-0.1851,0.6873,0.2976,-70.82,1.68,0.0,0.1364,0.638
283.422,345.466,-0.1811,0.7031,0.3057,-71.04,0.7,0.0,0.1058,0.63
283.522,345.626,-0.1808,0.7101,0.2998,-70.45,1.41,0.0,0.0803,0.622
283.623,345.78,-0.1809,0.7169,0.3082,-69.04,1.43,0.0,0.0741,0.621
283.722,345.922,-0.1862,0.7174,0.3279,-69.31,0.51,0.0,0.1014,0.613
283.822,346.044,-0.1941,0.711,0.3221,-69.06,0.4,0.0031,0.0668,0.615
283.922,346.321,-0.2077,0.7045,0.3312,-68.3,1.62,0.0042,0.1104,0.623
284.024,346.475,-0.2176,0.7085,0.3597,-71.31,1.1,0.0015,0.0304,0.628
284.123,346.588,-0.2291,0.7113,0.3678,-69.05,1.14,0.0009,-0.0496,0.655
284.222,346.677,-0.2365,0.7135,0.3764,-66.89,1.06,0.0002,0.0304,0.655
284.322,346.801,-0.2465,0.7205,0.3754,-67.11,1.07,0.0,0.0928,0.649
284.422,346.918,-0.2571,0.7272,0.3643,-66.99,0.35,0.0,0.1118,0.659
284.522,347.113,-0.2611,0.7306,0.3588,-66.43,0.24,0.0,0.0909,0.672
284.622,347.289,-0.2623,0.7398,0.3466,-65.74,0.15,0.0001,0.0835,0.675
284.722,347.577,-0.2613,0.7529,0.3259,-65.36,0.34,0.0,0.0513,0.673
284.822,347.728,-0.2586,0.7749,0.3,-65.26,1.89,0.0,0.0522,0.671
284.922,347.986,-0.2506,0.8066,0.2995,-64.58,2.74,0.0,0.0428,0.671
285.022,348.108,-0.2375,0.8419,0.2734,-64.37,3.84,0.0,0.0516,0.664
285.122,348.225,-0.2186,0.8691,0.2855,-66.86,8.86,0.0001,0.0211,0.644
285.222,348.331,-0.1979,0.9023,0.2988,-64.04,13.28,0.0014,-0.0189,0.517
285.323,348.485,-0.1682,0.9564,0.3032,-62.6,16.68,0.0,0.0544,0.514
285.422,348.669,-0.1482,0.9969,0.305,-63.36,12.34,0.0,0.0247,0.495
285.522,348.844,-0.1384,1.0115,0.3135,-64.83,7.75,0.001,-0.0245,0.549
285.624,348.987,-0.138,1.0091,0.3253,-65.74,3.94,0.0015,-0.0561,0.566
285.722,349.179,-0.1427,1.0013,0.3365,-66.22,1.83,0.0108,-0.0814,0.56
285.822,349.368,-0.1473,0.9954,0.3453,-66.64,0.71,0.0033,-0.094,0.561
285.922,349.497,-0.1502,0.9937,0.3508,-66.81,0.24,0.0015,-0.1055,0.565
286.022,349.601,-0.1487,0.9986,0.3508,-67.49,1.11,0.0002,-0.0994,0.569
286.123,349.773,-0.1299,1.0288,0.3388,-67.06,5.26,0.0012,-0.0946,0.572
286.222,349.931,-0.1074,1.056,0.3126,-67.7,4.92,0.003,-0.0716,0.564
286.322,350.072,-0.0844,1.0732,0.3165,-68.86,9.03,0.0016,-0.0822,0.543
286.422,350.243,-0.0547,1.1057,0.3168,-67.83,12.5,0.0003,-0.0299,0.543
286.522,350.438,-0.0328,1.1333,0.3152,-67.94,9.09,0.0002,-0.0285,0.521
286.622,350.698,-0.0269,1.1435,0.3202,-68.27,5.27,0.0,-0.0359,0.486
286.722,350.865,-0.0316,1.1433,0.3279,-68.55,2.58,0.0,-0.0421,0.469
286.823,350.969,-0.0383,1.1395,0.3359,-68.72,1.03,0.0,-0.0443,0.466
286.922,351.075,-0.043,1.1364,0.3424,-68.75,0.23,0.0,-0.0436,0.47
287.023,351.197,-0.0454,1.1353,0.347,-68.77,0.09,0.0,-0.041,0.473
287.122,351.295,-0.0463,1.1358,0.3498,-68.81,0.17,0.0,-0.0454,0.475
287.222,351.406,-0.047,1.1365,0.3512,-68.82,0.22,0.0,-0.0422,0.476
287.322,351.514,-0.0478,1.1363,0.3519,-68.82,0.29,0.0,-0.0414,0.477
287.422,351.721,-0.049,1.1352,0.3527,-68.84,0.37,0.0031,-0.032,0.478
287.522,351.889,-0.0491,1.1352,0.3525,-68.83,0.39,0.0023,-0.0353,0.479
287.622,351.996,-0.038,1.1532,0.3573,-66.57,3.46,0.0028,-0.0398,0.481
287.722,352.104,-0.0257,1.165,0.358,-63.04,2.77,0.0041,-0.0456,0.472
287.822,352.214,-0.0173,1.1643,0.3606,-66.53,1.17,0.0,-0.0056,0.448
287.922,352.445,-0.0121,1.1601,0.3548,-68.7,1.29,0.0194,-0.1617,0.448
288.022,352.622,-0.0102,1.1563,0.3416,-69.81,0.85,0.0241,-0.2,0.448
288.122,352.769,-0.006,1.1511,0.347,-71.01,1.15,0.0222,-0.2,0.448
288.222,353.006,-0.0048,1.1471,0.3501,-71.83,0.71,0.0176,-0.2,0.451
288.322,353.131,-0.0042,1.151,0.3569,-74.65,1.01,0.0184,-0.2,0.452
288.422,353.237,-0.0032,1.1611,0.3619,-75.41,0.68,0.0339,-0.2,0.462
288.523,353.343,-0.004,1.1796,0.36,-75.32,1.17,0.018,-0.16,0.471
288.622,353.511,-0.0049,1.1969,0.3512,-75.97,0.66,0.0105,-0.0607,0.47
288.722,353.773,-0.0112,1.2074,0.3617,-77.8,0.53,0.0136,-0.1372,0.472
288.822,353.908,-0.0159,1.2101,0.3704,-76.88,0.81,0.0157,-0.1641,0.487
288.922,354.013,-0.0273,1.2119,0.3712,-77.82,1.07,0.0232,-0.1497,0.485
289.022,354.125,-0.034,1.2111,0.3725,-78.39,0.75,0.0232,-0.1497,0.498
289.122,354.232,-0.0347,1.2051,0.3709,-78.95,0.59,0.0322,-0.1489,0.511
289.222,354.384,-0.0331,1.1966,0.3721,-79.67,0.58,0.0409,-0.1492,0.516
289.322,354.57,-0.03,1.1933,0.3791,-81.3,0.27,0.0551,-0.1458,0.518
289.422,354.721,-0.0248,1.1911,0.3801,-81.47,0.31,0.0601,-0.1689,0.523
289.522,354.884,-0.0226,1.1841,0.3768,-82.13,0.44,0.0597,-0.1672,0.523
289.624,355.038,-0.0216,1.1744,0.3636,-82.87,0.4,0.0668,-0.1602,0.523
289.722,355.158,-0.0235,1.1662,0.3694,-81.68,0.71,0.0717,-0.1612,0.526
289.822,355.306,-0.0278,1.1574,0.374,-81.91,0.54,0.035,-0.0812,0.527
289.922,355.419,-0.0316,1.1525,0.372,-84.36,0.4,0.0513,-0.1299,0.521
290.022,355.579,-0.0344,1.1462,0.365,-85.42,0.79,0.0538,-0.1383,0.54
290.122,355.744,-0.0366,1.1376,0.3482,-86.39,0.56,0.0672,-0.1644,0.55
290.222,355.939,-0.0346,1.1364,0.3607,-89.59,0.24,0.0456,-0.1183,0.558
290.322,356.114,-0.031,1.135,0.3762,-86.28,0.26,0.013,-0.0789,0.573
290.422,356.233,-0.0283,1.137,0.3805,-83.76,0.24,0.0153,0.0011,0.566
290.522,356.366,-0.0246,1.142,0.3745,-86.57,0.14,0.0158,0.0491,0.537
290.622,356.494,-0.019,1.1486,0.3684,-88.3,0.12,0.016,-0.0309,0.548
290.722,356.658,-0.0165,1.1526,0.3649,-88.44,0.05,0.013,-0.1509,0.555
290.822,356.852,-0.0168,1.1552,0.3682,-89.63,0.11,0.0279,-0.1743,0.552
290.922,357.031,-0.0163,1.1577,0.3892,-83.71,0.25,0.0215,-0.1378,0.56
291.022,357.194,-0.0162,1.164,0.3858,-75.35,1.52,0.0142,-0.0178,0.54
291.122,357.329,-0.013,1.1697,0.3613,-74.4,0.23,0.0011,0.04,0.483
291.222,357.448,-0.0113,1.1786,0.3642,-77.46,0.1,0.0038,0.04,0.47
291.322,357.602,-0.0145,1.1822,0.3657,-84.5,0.49,0.0056,-0.08,0.483
291.422,357.758,-0.0207,1.1816,0.3467,-89.75,0.3,0.0165,-0.1962,0.517
291.522,357.948,-0.0347,1.1824,0.3555,-85.81,1.54,0.0202,-0.16,0.558
291.622,358.1,-0.0533,1.1845,0.3584,-82.27,3.65,0.0142,-0.04,0.561
291.722,358.233,-0.0695,1.1798,0.3486,-85.47,2.97,0.0121,0.0345,0.539
291.822,358.395,-0.0869,1.1682,0.3488,-90.37,3.09,0.0211,-0.0455,0.572
291.922,358.514,-0.1035,1.1663,0.353,-92.76,2.46,0.033,-0.1655,0.584
292.022,358.667,-0.1156,1.1682,0.3544,-93.36,2.21,0.0306,-0.1867,0.548
292.123,358.987,-0.1245,1.1655,0.3591,-93.7,1.88,0.038,-0.0913,0.528
292.222,359.092,-0.1294,1.1568,0.3603,-94.67,1.45,0.0411,-0.056,0.516
292.322,359.195,-0.136,1.1451,0.3599,-95.81,1.54,0.047,-0.0563,0.505
292.422,359.299,-0.1405,1.1348,0.3596,-96.34,0.97,0.0506,-0.0683,0.493
292.522,359.425,-0.1377,1.1339,0.3602,-96.66,0.5,0.0545,-0.0476,0.482
292.622,359.536,-0.1326,1.1343,0.3472,-97.08,0.26,0.0502,-0.0374,0.48
292.722,359.711,-0.1273,1.1388,0.3451,-96.93,0.27,0.0319,-0.0163,0.482
292.822,359.878,-0.1238,1.1429,0.3435,-97.25,0.27,0.0286,-0.0112,0.486
292.922,360.115,-0.1225,1.1452,0.3227,-97.32,0.47,0.0223,-0.0012,0.489
293.022,360.258,-0.1221,1.1488,0.3004,-97.49,0.66,0.023,-0.0095,0.49
293.122,360.361,-0.1225,1.1466,0.3071,-97.74,0.48,0.0228,-0.0018,0.49
293.222,360.47,-0.1228,1.1358,0.3256,-96.99,0.7,0.0295,-0.0025,0.488
293.322,360.595,-0.1229,1.1252,0.3365,-97.08,0.82,0.0368,0.0061,0.49
293.422,360.7,-0.1192,1.1199,0.3281,-97.2,0.85,0.0435,0.0088,0.491
293.522,360.81,-0.1076,1.1233,0.3385,-98.1,1.33,0.0445,0.0109,0.492
293.622,360.974,-0.0928,1.134,0.3422,-97.28,1.75,0.0324,0.0317,0.497
293.722,361.1,-0.0757,1.1493,0.3233,-97.1,1.19,0.0197,0.0406,0.513
293.822,361.242,-0.056,1.1658,0.3174,-97.91,2.32,0.006,0.0382,0.532
293.922,361.501,-0.0311,1.1817,0.3217,-97.01,4.64,0.0,0.0016,0.548
294.022,361.688,-0.0016,1.1993,0.2855,-96.45,4.75,0.0,0.0113,0.566
294.122,361.834,0.0329,1.2343,0.2623,-96.12,9.04,0.0,0.0178,0.597
294.222,361.989,0.0807,1.2804,0.2617,-93.77,16.92,0.0,0.0177,0.53
294.322,362.153,0.1127,1.3053,0.2787,-94.21,13.08,0.0,0.0968,0.448
294.422,362.275,0.1223,1.3092,0.3018,-94.93,7.01,0.0024,0.0801,0.451
294.522,362.419,0.1172,1.3043,0.3217,-95.23,3.29,0.0254,0.0413,0.48
294.622,362.552,0.1072,1.3004,0.3365,-95.29,1.27,0.0346,0.0283,0.468
294.722,362.732,0.0996,1.3003,0.3463,-95.17,0.34,0.0423,0.0099,0.471
294.822,362.877,0.0957,1.3039,0.3516,-95.12,0.18,0.0438,0.0011,0.474
294.922,363.077,0.0948,1.3069,0.3535,-94.98,0.1,0.0391,-0.0058,0.477
295.022,363.351,0.1091,1.3098,0.3493,-95.08,2.43,0.027,-0.0154,0.478
295.123,363.46,0.1304,1.3186,0.3395,-101.46,7.9,0.0236,-0.0221,0.473
295.222,363.561,0.1474,1.3321,0.3468,-117.74,13.57,0.0068,-0.0621,0.492
295.322,363.669,0.1759,1.3614,0.318,-128.23,18.51,0.0,-0.0621,0.617
295.422,363.779,0.1919,1.4006,0.3021,-125.5,16.56,0.0,0.0,0.586
295.522,363.954,0.1845,1.4277,0.3037,-126.08,8.68,0.0018,0.0906,0.568
295.622,364.116,0.1556,1.4455,0.3118,-126.55,3.64,0.0222,0.0874,0.645
295.722,364.272,0.1258,1.4579,0.3206,-127.01,1.97,0.0327,0.0628,0.621
295.822,364.461,0.1049,1.4695,0.3234,-127.37,1.98,0.0433,0.0505,0.594
295.922,364.673,0.0924,1.4841,0.3212,-127.54,2.42,0.0355,0.0479,0.573
296.022,364.822,0.0831,1.5057,0.3142,-127.34,3.43,0.0211,0.0584,0.559
296.122,364.983,0.0855,1.5354,0.2981,-127.48,5.93,0.0115,0.0619,0.551
296.222,365.157,0.0988,1.5753,0.2784,-127.97,16.28,0.0009,0.0498,0.548
