wall_s,sim_s,cloud_stamp_s,cloud_age_ms,odom_stamp_s,odom_age_ms,cloud_interval_ms,odom_interval_ms,transform_available,transform_latency_ms,tf_base_lidar,tf_odom_base,tf_odom_lidar,odom_tf_stamp_s,odom_tf_age_ms,cloud_points
0.0,0.0,594.0,26.0,594.02,6.0,,20.0,0,-20.0,1,0,0,594.02,-20.0,10240
0.097,0.097,594.1,23.0,594.12,3.0,100.0,20.0,1,-20.0,1,1,1,594.12,-20.0,10240
0.204,0.198,594.2,24.0,594.22,4.0,100.0,20.0,1,0.0,1,1,1,594.2,0.0,10240
0.3,0.298,594.3,24.0,594.32,4.0,100.0,20.0,1,-20.0,1,1,1,594.32,-20.0,10240
0.406,0.406,594.4,32.0,594.42,12.0,100.0,20.0,1,-20.0,1,1,1,594.42,-20.0,10240
0.499,0.499,594.5,25.0,594.52,5.0,100.0,20.0,1,0.0,1,1,1,594.5,0.0,10240
0.6,0.597,594.6,23.0,594.62,3.0,100.0,20.0,1,-20.0,1,1,1,594.62,-20.0,10240
0.707,0.703,594.7,29.0,594.72,9.0,100.0,20.0,1,-20.0,1,1,1,594.72,-20.0,10240
0.805,0.8,594.8,26.0,594.82,6.0,100.0,20.0,1,-20.0,1,1,1,594.82,-20.0,10240
0.906,0.902,594.9,28.0,594.92,8.0,100.0,20.0,1,-20.0,1,1,1,594.92,-20.0,10240
1.018,1.005,595.0,31.0,595.02,11.0,100.0,20.0,1,-20.0,1,1,1,595.02,-20.0,10240
1.139,1.099,595.1,25.0,595.12,5.0,100.0,20.0,1,-20.0,1,1,1,595.12,-20.0,10240
1.216,1.205,595.2,31.0,595.22,11.0,100.0,20.0,1,-20.0,1,1,1,595.22,-20.0,10240
1.324,1.301,595.3,27.0,595.32,7.0,100.0,20.0,1,-20.0,1,1,1,595.32,-20.0,10240
1.443,1.418,595.4,44.0,595.44,4.0,100.0,20.0,1,-20.0,1,1,1,595.42,-20.0,10240
1.578,1.505,595.5,31.0,595.52,11.0,100.0,20.0,1,-20.0,1,1,1,595.52,-20.0,10240
1.688,1.597,595.6,23.0,595.62,3.0,100.0,20.0,1,-20.0,1,1,1,595.62,-20.0,10240
1.739,1.702,595.7,28.0,595.72,8.0,100.0,20.0,1,-20.0,1,1,1,595.72,-20.0,10240
1.845,1.796,595.8,22.0,595.82,2.0,100.0,20.0,1,0.0,1,1,1,595.8,0.0,10240
1.941,1.904,595.9,30.0,595.92,10.0,100.0,20.0,1,0.0,1,1,1,595.9,0.0,10240
2.065,1.999,596.0,25.0,596.02,5.0,100.0,20.0,1,0.0,1,1,1,596.0,0.0,10240
2.14,2.099,596.1,25.0,596.12,5.0,100.0,20.0,1,-20.0,1,1,1,596.12,-20.0,10240
2.236,2.195,596.2,21.0,596.22,1.0,100.0,20.0,1,-20.0,1,1,1,596.22,-20.0,10240
2.355,2.301,596.3,27.0,596.32,7.0,100.0,20.0,1,-20.0,1,1,1,596.32,-20.0,10240
2.458,2.397,596.4,23.0,596.42,3.0,100.0,20.0,1,-20.0,1,1,1,596.42,-20.0,10240
2.568,2.503,596.5,29.0,596.52,9.0,100.0,20.0,1,-20.0,1,1,1,596.52,-20.0,10240
2.654,2.599,596.6,25.0,596.62,5.0,100.0,20.0,1,-20.0,1,1,1,596.62,-20.0,10240
2.756,2.699,596.7,25.0,596.72,5.0,100.0,20.0,1,-20.0,1,1,1,596.72,-20.0,10240
2.863,2.794,596.8,20.0,596.8,20.0,100.0,20.0,1,0.0,1,1,1,596.8,0.0,10240
2.963,2.899,596.9,25.0,596.92,5.0,100.0,20.0,1,-20.0,1,1,1,596.92,-20.0,10240
3.074,2.995,597.0,21.0,597.02,1.0,100.0,20.0,1,0.0,1,1,1,597.0,0.0,10240
3.162,3.1,597.1,26.0,597.12,6.0,100.0,20.0,1,-20.0,1,1,1,597.12,-20.0,10240
3.296,3.195,597.2,21.0,597.22,1.0,100.0,20.0,1,-20.0,1,1,1,597.22,-20.0,10240
3.35,3.298,597.3,24.0,597.32,4.0,100.0,20.0,1,0.0,1,1,1,597.3,0.0,10240
3.471,3.398,597.4,24.0,597.42,4.0,100.0,20.0,1,-20.0,1,1,1,597.42,-20.0,10240
3.559,3.503,597.5,29.0,597.52,9.0,100.0,20.0,1,-20.0,1,1,1,597.52,-20.0,10240
3.669,3.604,597.6,30.0,597.62,10.0,100.0,20.0,1,-20.0,1,1,1,597.62,-20.0,10240
3.769,3.697,597.7,23.0,597.72,3.0,100.0,20.0,1,0.0,1,1,1,597.7,0.0,10240
3.882,3.802,597.8,28.0,597.82,8.0,100.0,20.0,1,-20.0,1,1,1,597.82,-20.0,10240
3.974,3.896,597.9,22.0,597.92,2.0,100.0,20.0,1,0.0,1,1,1,597.9,0.0,10240
4.065,3.998,598.0,24.0,598.02,4.0,100.0,20.0,1,-20.0,1,1,1,598.02,-20.0,10240
4.169,4.096,598.1,22.0,598.12,2.0,100.0,20.0,1,-20.0,1,1,1,598.12,-20.0,10240
4.268,4.199,598.2,25.0,598.22,5.0,100.0,20.0,1,-20.0,1,1,1,598.22,-20.0,10240
4.376,4.299,598.3,25.0,598.32,5.0,100.0,20.0,1,-20.0,1,1,1,598.32,-20.0,10240
4.466,4.4,598.4,26.0,598.42,6.0,100.0,20.0,1,0.0,1,1,1,598.4,0.0,10240
4.573,4.496,598.5,22.0,598.52,2.0,100.0,20.0,1,-20.0,1,1,1,598.52,-20.0,10240
4.682,4.604,598.6,30.0,598.62,10.0,100.0,20.0,1,-20.0,1,1,1,598.62,-20.0,10240
4.779,4.704,598.7,30.0,598.72,10.0,100.0,20.0,1,-20.0,1,1,1,598.72,-20.0,10240
4.889,4.807,598.8,33.0,598.82,13.0,100.0,20.0,1,-20.0,1,1,1,598.82,-20.0,10240
4.98,4.905,598.9,31.0,598.92,11.0,100.0,20.0,1,-20.0,1,1,1,598.92,-20.0,10240
5.074,4.996,599.0,22.0,599.02,2.0,100.0,20.0,1,-20.0,1,1,1,599.02,-20.0,10240
5.181,5.107,599.1,33.0,599.12,13.0,100.0,20.0,1,-20.0,1,1,1,599.12,-20.0,10240
5.276,5.203,599.2,29.0,599.22,9.0,100.0,20.0,1,-20.0,1,1,1,599.22,-20.0,10240
5.381,5.307,599.3,33.0,599.32,13.0,100.0,20.0,1,-20.0,1,1,1,599.32,-20.0,10240
5.476,5.402,599.4,28.0,599.42,8.0,100.0,20.0,1,-20.0,1,1,1,599.42,-20.0,10240
5.583,5.505,599.5,31.0,599.52,11.0,100.0,20.0,1,-20.0,1,1,1,599.52,-20.0,10240
5.69,5.599,599.6,25.0,599.62,5.0,100.0,20.0,1,-20.0,1,1,1,599.62,-20.0,10240
5.798,5.703,599.7,29.0,599.72,9.0,100.0,20.0,1,-20.0,1,1,1,599.72,-20.0,10240
5.918,5.807,599.8,33.0,599.82,13.0,100.0,20.0,1,-20.0,1,1,1,599.82,-20.0,10240
5.994,5.899,599.9,25.0,599.92,5.0,100.0,20.0,1,-20.0,1,1,1,599.92,-20.0,10240
6.098,6.0,600.0,26.0,600.02,6.0,100.0,20.0,1,-20.0,1,1,1,600.02,-20.0,10240
6.202,6.104,600.1,30.0,600.12,10.0,100.0,20.0,1,-20.0,1,1,1,600.12,-20.0,10240
6.285,6.196,600.2,22.0,600.22,2.0,100.0,20.0,1,0.0,1,1,1,600.2,0.0,10240
6.403,6.307,600.3,33.0,600.32,13.0,100.0,20.0,1,-20.0,1,1,1,600.32,-20.0,10240
6.489,6.396,600.4,22.0,600.42,2.0,100.0,20.0,1,0.0,1,1,1,600.4,0.0,10240
6.598,6.504,600.5,30.0,600.52,10.0,100.0,20.0,1,-20.0,1,1,1,600.52,-20.0,10240
6.701,6.607,600.6,33.0,600.62,13.0,100.0,20.0,1,0.0,1,1,1,600.6,0.0,10240
6.791,6.702,600.7,28.0,600.72,8.0,100.0,20.0,1,-20.0,1,1,1,600.72,-20.0,10240
6.909,6.805,600.8,31.0,600.82,11.0,100.0,20.0,1,-20.0,1,1,1,600.82,-20.0,10240
6.993,6.896,600.9,22.0,600.92,2.0,100.0,20.0,1,0.0,1,1,1,600.9,0.0,10240
7.115,6.999,601.0,25.0,601.02,5.0,100.0,20.0,1,0.0,1,1,1,601.0,0.0,10240
7.208,7.101,601.1,27.0,601.12,7.0,100.0,20.0,1,-20.0,1,1,1,601.12,-20.0,10240
7.308,7.21,601.2,36.0,601.22,16.0,100.0,20.0,1,-20.0,1,1,1,601.22,-20.0,10240
7.408,7.309,601.3,35.0,601.32,15.0,100.0,20.0,1,-20.0,1,1,1,601.32,-20.0,10240
7.513,7.398,601.4,24.0,601.42,4.0,100.0,20.0,1,-20.0,1,1,1,601.42,-20.0,10240
7.607,7.497,601.5,23.0,601.52,3.0,100.0,20.0,1,-20.0,1,1,1,601.52,-20.0,10240
7.709,7.6,601.6,26.0,601.62,6.0,100.0,20.0,1,-20.0,1,1,1,601.62,-20.0,10240
7.822,7.698,601.7,24.0,601.72,4.0,100.0,20.0,1,-20.0,1,1,1,601.72,-20.0,10240
7.916,7.798,601.8,24.0,601.82,4.0,100.0,20.0,1,-20.0,1,1,1,601.82,-20.0,10240
8.026,7.899,601.9,25.0,601.92,5.0,100.0,20.0,1,-20.0,1,1,1,601.92,-20.0,10240
8.129,7.999,602.0,25.0,602.02,5.0,100.0,20.0,1,-20.0,1,1,1,602.02,-20.0,10240
8.228,8.098,602.1,24.0,602.12,4.0,100.0,20.0,1,-20.0,1,1,1,602.12,-20.0,10240
8.323,8.201,602.2,27.0,602.22,7.0,100.0,20.0,1,-20.0,1,1,1,602.22,-20.0,10240
8.43,8.297,602.3,23.0,602.32,3.0,100.0,20.0,1,-20.0,1,1,1,602.32,-20.0,10240
8.533,8.404,602.4,30.0,602.42,10.0,100.0,20.0,1,-20.0,1,1,1,602.42,-20.0,10240
8.622,8.498,602.5,24.0,602.52,4.0,100.0,20.0,1,0.0,1,1,1,602.5,0.0,10240
8.723,8.599,602.6,25.0,602.62,5.0,100.0,20.0,1,-20.0,1,1,1,602.62,-20.0,10240
8.83,8.698,602.7,24.0,602.72,4.0,100.0,20.0,1,0.0,1,1,1,602.7,0.0,10240
8.945,8.805,602.8,31.0,602.82,11.0,100.0,20.0,1,-20.0,1,1,1,602.82,-20.0,10240
9.024,8.897,602.9,23.0,602.92,3.0,100.0,20.0,1,-20.0,1,1,1,602.92,-20.0,10240
9.132,9.01,603.0,36.0,603.02,16.0,100.0,20.0,1,-20.0,1,1,1,603.02,-20.0,10240
9.221,9.102,603.1,28.0,603.12,8.0,100.0,20.0,1,-20.0,1,1,1,603.12,-20.0,10240
9.326,9.202,603.2,28.0,603.22,8.0,100.0,20.0,1,-20.0,1,1,1,603.22,-20.0,10240
9.427,9.3,603.3,26.0,603.32,6.0,100.0,20.0,1,-20.0,1,1,1,603.32,-20.0,10240
9.53,9.397,603.4,23.0,603.42,3.0,100.0,20.0,1,-20.0,1,1,1,603.42,-20.0,10240
9.637,9.505,603.5,31.0,603.52,11.0,100.0,20.0,1,-20.0,1,1,1,603.52,-20.0,10240
9.731,9.605,603.6,31.0,603.62,11.0,100.0,20.0,1,-20.0,1,1,1,603.62,-20.0,10240
9.833,9.7,603.7,26.0,603.72,6.0,100.0,20.0,1,-20.0,1,1,1,603.72,-20.0,10240
9.948,9.808,603.8,34.0,603.82,14.0,100.0,20.0,1,-20.0,1,1,1,603.82,-20.0,10240
10.039,9.896,603.9,22.0,603.92,2.0,100.0,20.0,1,-20.0,1,1,1,603.92,-20.0,10240
10.138,10.004,604.0,30.0,604.02,10.0,100.0,20.0,1,-20.0,1,1,1,604.02,-20.0,10240
10.234,10.1,604.1,26.0,604.12,6.0,100.0,20.0,1,-20.0,1,1,1,604.12,-20.0,10240
10.35,10.2,604.2,26.0,604.22,6.0,100.0,20.0,1,-20.0,1,1,1,604.22,-20.0,10240
10.446,10.303,604.3,29.0,604.32,9.0,100.0,20.0,1,0.0,1,1,1,604.3,0.0,10240
10.586,10.404,604.4,30.0,604.42,10.0,100.0,20.0,1,-20.0,1,1,1,604.42,-20.0,10240
10.663,10.502,604.5,28.0,604.52,8.0,100.0,20.0,1,-20.0,1,1,1,604.52,-20.0,10240
10.778,10.601,604.6,27.0,604.62,7.0,100.0,20.0,1,-20.0,1,1,1,604.62,-20.0,10240
10.858,10.708,604.7,34.0,604.72,14.0,100.0,20.0,1,-20.0,1,1,1,604.72,-20.0,10240
10.957,10.799,604.8,25.0,604.82,5.0,100.0,20.0,1,-20.0,1,1,1,604.82,-20.0,10240
11.056,10.906,604.9,32.0,604.92,12.0,100.0,20.0,1,-20.0,1,1,1,604.92,-20.0,10240
11.159,11.004,605.0,30.0,605.02,10.0,100.0,20.0,1,-20.0,1,1,1,605.02,-20.0,10240
11.273,11.104,605.1,30.0,605.12,10.0,100.0,20.0,1,-20.0,1,1,1,605.12,-20.0,10240
11.37,11.201,605.2,27.0,605.22,7.0,100.0,20.0,1,-20.0,1,1,1,605.22,-20.0,10240
11.474,11.301,605.3,27.0,605.32,7.0,100.0,20.0,1,-20.0,1,1,1,605.32,-20.0,10240
11.572,11.409,605.4,35.0,605.42,15.0,100.0,20.0,1,-20.0,1,1,1,605.42,-20.0,10240
11.671,11.51,605.5,36.0,605.52,16.0,100.0,20.0,1,-20.0,1,1,1,605.52,-20.0,10240
11.777,11.601,605.6,27.0,605.62,7.0,100.0,20.0,1,-20.0,1,1,1,605.62,-20.0,10240
11.88,11.701,605.7,27.0,605.72,7.0,100.0,20.0,1,0.0,1,1,1,605.7,0.0,10240
11.984,11.801,605.8,27.0,605.82,7.0,100.0,20.0,1,-20.0,1,1,1,605.82,-20.0,10240
12.082,11.903,605.9,29.0,605.92,9.0,100.0,20.0,1,-20.0,1,1,1,605.92,-20.0,10240
12.169,11.997,606.0,23.0,606.02,3.0,100.0,20.0,1,-20.0,1,1,1,606.02,-20.0,10240
12.28,12.099,606.1,25.0,606.12,5.0,100.0,20.0,1,-20.0,1,1,1,606.12,-20.0,10240
12.379,12.201,606.2,27.0,606.22,7.0,100.0,20.0,1,-20.0,1,1,1,606.22,-20.0,10240
12.48,12.3,606.3,26.0,606.32,6.0,100.0,20.0,1,-20.0,1,1,1,606.32,-20.0,10240
12.581,12.397,606.4,23.0,606.42,3.0,100.0,20.0,1,-20.0,1,1,1,606.42,-20.0,10240
12.686,12.507,606.5,33.0,606.52,13.0,100.0,20.0,1,-20.0,1,1,1,606.52,-20.0,10240
12.781,12.604,606.6,30.0,606.62,10.0,100.0,20.0,1,-20.0,1,1,1,606.62,-20.0,10240
12.891,12.696,606.7,22.0,606.72,2.0,100.0,20.0,1,0.0,1,1,1,606.7,0.0,10240
12.987,12.799,606.8,25.0,606.82,5.0,100.0,20.0,1,-20.0,1,1,1,606.82,-20.0,10240
13.078,12.89,606.9,16.0,606.9,16.0,100.0,20.0,1,0.0,1,1,1,606.9,0.0,10240
13.209,13.003,607.0,29.0,607.02,9.0,100.0,20.0,1,-20.0,1,1,1,607.02,-20.0,10240
13.292,13.089,607.1,15.0,607.1,15.0,100.0,20.0,1,0.0,1,1,1,607.1,0.0,10240
13.409,13.202,607.2,28.0,607.22,8.0,100.0,20.0,1,-20.0,1,1,1,607.22,-20.0,10240
13.51,13.299,607.3,25.0,607.32,5.0,100.0,20.0,1,-20.0,1,1,1,607.32,-20.0,10240
13.605,13.401,607.4,27.0,607.42,7.0,100.0,20.0,1,-20.0,1,1,1,607.42,-20.0,10240
13.705,13.497,607.5,23.0,607.52,3.0,100.0,20.0,1,0.0,1,1,1,607.5,0.0,10240
13.808,13.596,607.6,22.0,607.62,2.0,100.0,20.0,1,-20.0,1,1,1,607.62,-20.0,10240
13.926,13.698,607.7,24.0,607.72,4.0,100.0,20.0,1,-20.0,1,1,1,607.72,-20.0,10240
14.024,13.803,607.8,29.0,607.82,9.0,100.0,20.0,1,-20.0,1,1,1,607.82,-20.0,10240
14.115,13.897,607.9,23.0,607.92,3.0,100.0,20.0,1,-20.0,1,1,1,607.92,-20.0,10240
14.221,13.999,608.0,25.0,608.02,5.0,100.0,20.0,1,-20.0,1,1,1,608.02,-20.0,10240
14.321,14.1,608.1,26.0,608.12,6.0,100.0,20.0,1,0.0,1,1,1,608.1,0.0,10240
14.421,14.205,608.2,31.0,608.22,11.0,100.0,20.0,1,-20.0,1,1,1,608.22,-20.0,10240
14.535,14.304,608.3,30.0,608.32,10.0,100.0,20.0,1,-20.0,1,1,1,608.32,-20.0,10240
14.639,14.4,608.4,26.0,608.42,6.0,100.0,20.0,1,-20.0,1,1,1,608.42,-20.0,10240
14.721,14.499,608.5,25.0,608.52,5.0,100.0,20.0,1,0.0,1,1,1,608.5,0.0,10240
14.828,14.602,608.6,28.0,608.62,8.0,100.0,20.0,1,-20.0,1,1,1,608.62,-20.0,10240
14.923,14.696,608.7,22.0,608.72,2.0,100.0,20.0,1,-20.0,1,1,1,608.72,-20.0,10240
15.026,14.794,608.8,20.0,608.82,0.0,100.0,20.0,1,0.0,1,1,1,608.8,0.0,10240
15.13,14.902,608.9,28.0,608.92,8.0,100.0,20.0,1,-20.0,1,1,1,608.92,-20.0,10240
15.224,14.997,609.0,23.0,609.02,3.0,100.0,20.0,1,-20.0,1,1,1,609.02,-20.0,10240
15.328,15.099,609.1,25.0,609.12,5.0,100.0,20.0,1,-20.0,1,1,1,609.12,-20.0,10240
15.437,15.199,609.2,25.0,609.22,5.0,100.0,20.0,1,-20.0,1,1,1,609.22,-20.0,10240
15.543,15.3,609.3,26.0,609.32,6.0,100.0,20.0,1,-20.0,1,1,1,609.32,-20.0,10240
15.643,15.417,609.4,43.0,609.44,3.0,100.0,20.0,1,-40.0,1,1,1,609.44,-40.0,10240
15.733,15.506,609.5,32.0,609.52,12.0,100.0,20.0,1,-20.0,1,1,1,609.52,-20.0,10240
15.845,15.606,609.6,32.0,609.62,12.0,100.0,20.0,1,-20.0,1,1,1,609.62,-20.0,10240
15.931,15.704,609.7,30.0,609.72,10.0,100.0,20.0,1,-20.0,1,1,1,609.72,-20.0,10240
16.029,15.8,609.8,26.0,609.82,6.0,100.0,20.0,1,-20.0,1,1,1,609.82,-20.0,10240
16.138,15.899,609.9,25.0,609.92,5.0,100.0,20.0,1,-20.0,1,1,1,609.92,-20.0,10240
16.251,16.003,610.0,29.0,610.02,9.0,100.0,20.0,1,-20.0,1,1,1,610.02,-20.0,10240
16.343,16.103,610.1,29.0,610.12,9.0,100.0,20.0,1,-20.0,1,1,1,610.12,-20.0,10240
16.44,16.199,610.2,25.0,610.22,5.0,100.0,20.0,1,-20.0,1,1,1,610.22,-20.0,10240
16.53,16.293,610.3,19.0,610.3,19.0,100.0,20.0,1,0.0,1,1,1,610.3,0.0,10240
16.646,16.403,610.4,29.0,610.42,9.0,100.0,20.0,1,-20.0,1,1,1,610.42,-20.0,10240
16.749,16.501,610.5,27.0,610.52,7.0,100.0,20.0,1,-20.0,1,1,1,610.52,-20.0,10240
16.868,16.605,610.6,31.0,610.62,11.0,100.0,20.0,1,-20.0,1,1,1,610.62,-20.0,10240
16.944,16.701,610.7,27.0,610.72,7.0,100.0,20.0,1,-20.0,1,1,1,610.72,-20.0,10240
17.044,16.804,610.8,30.0,610.82,10.0,100.0,20.0,1,0.0,1,1,1,610.8,0.0,10240
17.153,16.899,610.9,25.0,610.92,5.0,100.0,20.0,1,-20.0,1,1,1,610.92,-20.0,10240
17.247,16.994,611.0,20.0,611.02,0.0,100.0,20.0,1,0.0,1,1,1,611.0,0.0,10240
17.358,17.097,611.1,23.0,611.12,3.0,100.0,20.0,1,-20.0,1,1,1,611.12,-20.0,10240
17.453,17.197,611.2,23.0,611.22,3.0,100.0,20.0,1,0.0,1,1,1,611.2,0.0,10240
17.556,17.307,611.3,33.0,611.32,13.0,100.0,20.0,1,-20.0,1,1,1,611.32,-20.0,10240
17.662,17.395,611.4,21.0,611.42,1.0,100.0,20.0,1,-20.0,1,1,1,611.42,-20.0,10240
17.753,17.495,611.5,21.0,611.52,1.0,100.0,20.0,1,-20.0,1,1,1,611.52,-20.0,10240
17.871,17.596,611.6,22.0,611.62,2.0,100.0,20.0,1,-20.0,1,1,1,611.62,-20.0,10240
17.969,17.697,611.7,23.0,611.72,3.0,100.0,20.0,1,-20.0,1,1,1,611.72,-20.0,10240
18.071,17.796,611.8,22.0,611.82,2.0,100.0,20.0,1,-20.0,1,1,1,611.82,-20.0,10240
18.165,17.896,611.9,22.0,611.92,2.0,100.0,20.0,1,-20.0,1,1,1,611.92,-20.0,10240
18.271,17.997,612.0,23.0,612.02,3.0,100.0,20.0,1,0.0,1,1,1,612.0,0.0,10240
18.376,18.104,612.1,30.0,612.12,10.0,100.0,20.0,1,-20.0,1,1,1,612.12,-20.0,10240
18.474,18.199,612.2,25.0,612.22,5.0,100.0,20.0,1,-20.0,1,1,1,612.22,-20.0,10240
18.586,18.299,612.3,25.0,612.32,5.0,100.0,20.0,1,0.0,1,1,1,612.3,0.0,10240
18.681,18.399,612.4,25.0,612.42,5.0,100.0,20.0,1,0.0,1,1,1,612.4,0.0,10240
18.787,18.504,612.5,30.0,612.52,10.0,100.0,20.0,1,-20.0,1,1,1,612.52,-20.0,10240
18.894,18.606,612.6,32.0,612.62,12.0,100.0,20.0,1,-20.0,1,1,1,612.62,-20.0,10240
18.995,18.695,612.7,21.0,612.72,1.0,100.0,20.0,1,-20.0,1,1,1,612.72,-20.0,10240
19.083,18.793,612.8,19.0,612.8,19.0,100.0,20.0,1,0.0,1,1,1,612.8,0.0,10240
19.207,18.906,612.9,32.0,612.92,12.0,100.0,20.0,1,-20.0,1,1,1,612.92,-20.0,10240
19.304,18.999,613.0,25.0,613.02,5.0,100.0,20.0,1,-20.0,1,1,1,613.02,-20.0,10240
19.405,19.102,613.1,28.0,613.12,8.0,100.0,20.0,1,-20.0,1,1,1,613.12,-20.0,10240
19.493,19.197,613.2,23.0,613.22,3.0,100.0,20.0,1,0.0,1,1,1,613.2,0.0,10240
19.597,19.302,613.3,28.0,613.32,8.0,100.0,20.0,1,-20.0,1,1,1,613.32,-20.0,10240
19.702,19.406,613.4,32.0,613.42,12.0,100.0,20.0,1,-20.0,1,1,1,613.42,-20.0,10240
19.82,19.51,613.5,36.0,613.52,16.0,100.0,20.0,1,-20.0,1,1,1,613.52,-20.0,10240
19.907,19.605,613.6,31.0,613.62,11.0,100.0,20.0,1,-20.0,1,1,1,613.62,-20.0,10240
20.023,19.707,613.7,33.0,613.72,13.0,100.0,20.0,1,-20.0,1,1,1,613.72,-20.0,10240
20.111,19.798,613.8,24.0,613.82,4.0,100.0,20.0,1,-20.0,1,1,1,613.82,-20.0,10240
20.219,19.904,613.9,30.0,613.92,10.0,100.0,20.0,1,-20.0,1,1,1,613.92,-20.0,10240
20.321,19.999,614.0,25.0,614.02,5.0,100.0,20.0,1,-20.0,1,1,1,614.02,-20.0,10240
20.413,20.096,614.1,22.0,614.12,2.0,100.0,20.0,1,-20.0,1,1,1,614.12,-20.0,10240
20.531,20.206,614.2,32.0,614.22,12.0,100.0,20.0,1,-20.0,1,1,1,614.22,-20.0,10240
20.621,20.305,614.3,31.0,614.32,11.0,100.0,20.0,1,-20.0,1,1,1,614.32,-20.0,10240
20.719,20.396,614.4,22.0,614.42,2.0,100.0,20.0,1,-20.0,1,1,1,614.42,-20.0,10240
20.813,20.497,614.5,23.0,614.52,3.0,100.0,20.0,1,0.0,1,1,1,614.5,0.0,10240
20.932,20.603,614.6,29.0,614.62,9.0,100.0,20.0,1,-20.0,1,1,1,614.62,-20.0,10240
21.026,20.701,614.7,27.0,614.72,7.0,100.0,20.0,1,-20.0,1,1,1,614.72,-20.0,10240
21.119,20.798,614.8,24.0,614.82,4.0,100.0,20.0,1,0.0,1,1,1,614.8,0.0,10240
21.234,20.897,614.9,23.0,614.92,3.0,100.0,20.0,1,-20.0,1,1,1,614.92,-20.0,10240
21.328,20.997,615.0,23.0,615.02,3.0,100.0,20.0,1,-20.0,1,1,1,615.02,-20.0,10240
21.43,21.102,615.1,28.0,615.12,8.0,100.0,20.0,1,-20.0,1,1,1,615.12,-20.0,10240
21.519,21.194,615.2,20.0,615.2,20.0,100.0,20.0,1,0.0,1,1,1,615.2,0.0,10240
21.624,21.304,615.3,30.0,615.32,10.0,100.0,20.0,1,-20.0,1,1,1,615.32,-20.0,10240
21.722,21.398,615.4,24.0,615.42,4.0,100.0,20.0,1,-20.0,1,1,1,615.42,-20.0,10240
21.826,21.511,615.5,37.0,615.52,17.0,100.0,20.0,1,-20.0,1,1,1,615.52,-20.0,10240
21.932,21.606,615.6,32.0,615.62,12.0,100.0,20.0,1,-20.0,1,1,1,615.62,-20.0,10240
22.038,21.702,615.7,28.0,615.72,8.0,100.0,20.0,1,-20.0,1,1,1,615.72,-20.0,10240
22.135,21.803,615.8,29.0,615.82,9.0,100.0,20.0,1,-20.0,1,1,1,615.82,-20.0,10240
22.227,21.897,615.9,23.0,615.92,3.0,100.0,20.0,1,-20.0,1,1,1,615.92,-20.0,10240
22.333,22.001,616.0,27.0,616.02,7.0,100.0,20.0,1,-20.0,1,1,1,616.02,-20.0,10240
22.431,22.102,616.1,28.0,616.12,8.0,100.0,20.0,1,-20.0,1,1,1,616.12,-20.0,10240
22.531,22.202,616.2,28.0,616.22,8.0,100.0,20.0,1,-20.0,1,1,1,616.22,-20.0,10240
22.642,22.302,616.3,28.0,616.32,8.0,100.0,20.0,1,-20.0,1,1,1,616.32,-20.0,10240
22.739,22.398,616.4,24.0,616.42,4.0,100.0,20.0,1,-20.0,1,1,1,616.42,-20.0,10240
22.841,22.503,616.5,29.0,616.52,9.0,100.0,20.0,1,-20.0,1,1,1,616.52,-20.0,10240
22.936,22.598,616.6,24.0,616.62,4.0,100.0,20.0,1,-20.0,1,1,1,616.62,-20.0,10240
23.042,22.701,616.7,27.0,616.72,7.0,100.0,20.0,1,-20.0,1,1,1,616.72,-20.0,10240
23.156,22.803,616.8,29.0,616.82,9.0,100.0,20.0,1,-20.0,1,1,1,616.82,-20.0,10240
23.249,22.908,616.9,34.0,616.92,14.0,100.0,20.0,1,-20.0,1,1,1,616.92,-20.0,10240
23.348,23.001,617.0,27.0,617.02,7.0,100.0,20.0,1,-20.0,1,1,1,617.02,-20.0,10240
23.451,23.099,617.1,25.0,617.12,5.0,100.0,20.0,1,-20.0,1,1,1,617.12,-20.0,10240
23.551,23.2,617.2,26.0,617.22,6.0,100.0,20.0,1,-20.0,1,1,1,617.22,-20.0,10240
23.648,23.303,617.3,29.0,617.32,9.0,100.0,20.0,1,-20.0,1,1,1,617.32,-20.0,10240
23.757,23.402,617.4,28.0,617.42,8.0,100.0,20.0,1,-20.0,1,1,1,617.42,-20.0,10240
23.857,23.5,617.5,26.0,617.52,6.0,100.0,20.0,1,-20.0,1,1,1,617.52,-20.0,10240
23.952,23.602,617.6,28.0,617.62,8.0,100.0,20.0,1,-20.0,1,1,1,617.62,-20.0,10240
24.058,23.696,617.7,22.0,617.72,2.0,100.0,20.0,1,0.0,1,1,1,617.7,0.0,10240
24.154,23.801,617.8,27.0,617.82,7.0,100.0,20.0,1,-20.0,1,1,1,617.82,-20.0,10240
24.266,23.902,617.9,28.0,617.92,8.0,100.0,20.0,1,-20.0,1,1,1,617.92,-20.0,10240
24.366,24.007,618.0,33.0,618.02,13.0,100.0,20.0,1,-20.0,1,1,1,618.02,-20.0,10240
24.468,24.1,618.1,26.0,618.12,6.0,100.0,20.0,1,-20.0,1,1,1,618.12,-20.0,10240
24.567,24.199,618.2,25.0,618.22,5.0,100.0,20.0,1,-20.0,1,1,1,618.22,-20.0,10240
24.671,24.307,618.3,33.0,618.32,13.0,100.0,20.0,1,-20.0,1,1,1,618.32,-20.0,10240
24.762,24.404,618.4,30.0,618.42,10.0,100.0,20.0,1,-20.0,1,1,1,618.42,-20.0,10240
24.878,24.514,618.5,40.0,618.52,20.0,100.0,20.0,1,-20.0,1,1,1,618.52,-20.0,10240
24.979,24.604,618.6,30.0,618.62,10.0,100.0,20.0,1,-20.0,1,1,1,618.62,-20.0,10240
25.077,24.703,618.7,29.0,618.72,9.0,100.0,20.0,1,-20.0,1,1,1,618.72,-20.0,10240
25.18,24.803,618.8,29.0,618.82,9.0,100.0,20.0,1,-20.0,1,1,1,618.82,-20.0,10240
25.276,24.901,618.9,27.0,618.92,7.0,100.0,20.0,1,-20.0,1,1,1,618.92,-20.0,10240
25.385,24.999,619.0,25.0,619.02,5.0,100.0,20.0,1,-20.0,1,1,1,619.02,-20.0,10240
25.496,25.107,619.1,33.0,619.12,13.0,100.0,20.0,1,-20.0,1,1,1,619.12,-20.0,10240
25.602,25.2,619.2,26.0,619.22,6.0,100.0,20.0,1,-20.0,1,1,1,619.22,-20.0,10240
25.673,25.297,619.3,23.0,619.32,3.0,100.0,20.0,1,-20.0,1,1,1,619.32,-20.0,10240
25.79,25.396,619.4,22.0,619.42,2.0,100.0,20.0,1,-20.0,1,1,1,619.42,-20.0,10240
25.911,25.505,619.5,31.0,619.52,11.0,100.0,20.0,1,-20.0,1,1,1,619.52,-20.0,10240
25.991,25.6,619.6,26.0,619.62,6.0,100.0,20.0,1,0.0,1,1,1,619.6,0.0,10240
26.099,25.698,619.7,24.0,619.72,4.0,100.0,20.0,1,-20.0,1,1,1,619.72,-20.0,10240
26.203,25.798,619.8,24.0,619.82,4.0,100.0,20.0,1,0.0,1,1,1,619.8,0.0,10240
26.321,25.898,619.9,24.0,619.92,4.0,100.0,20.0,1,0.0,1,1,1,619.9,0.0,10240
26.414,25.999,620.0,25.0,620.02,5.0,100.0,20.0,1,-20.0,1,1,1,620.02,-20.0,10240
26.513,26.098,620.1,24.0,620.12,4.0,100.0,20.0,1,0.0,1,1,1,620.1,0.0,10240
26.627,26.2,620.2,26.0,620.22,6.0,100.0,20.0,1,-20.0,1,1,1,620.22,-20.0,10240
26.721,26.303,620.3,29.0,620.32,9.0,100.0,20.0,1,-20.0,1,1,1,620.32,-20.0,10240
26.835,26.397,620.4,23.0,620.42,3.0,100.0,20.0,1,-20.0,1,1,1,620.42,-20.0,10240
26.946,26.501,620.5,27.0,620.52,7.0,100.0,20.0,1,-20.0,1,1,1,620.52,-20.0,10240
27.023,26.596,620.6,22.0,620.62,2.0,100.0,20.0,1,-20.0,1,1,1,620.62,-20.0,10240
27.118,26.7,620.7,26.0,620.72,6.0,100.0,20.0,1,-20.0,1,1,1,620.72,-20.0,10240
27.218,26.801,620.8,27.0,620.82,7.0,100.0,20.0,1,-20.0,1,1,1,620.82,-20.0,10240
27.321,26.897,620.9,23.0,620.92,3.0,100.0,20.0,1,0.0,1,1,1,620.9,0.0,10240
27.425,27.004,621.0,30.0,621.02,10.0,100.0,20.0,1,-20.0,1,1,1,621.02,-20.0,10240
27.538,27.097,621.1,23.0,621.12,3.0,100.0,20.0,1,0.0,1,1,1,621.1,0.0,10240
27.647,27.21,621.2,36.0,621.22,16.0,100.0,20.0,1,-20.0,1,1,1,621.22,-20.0,10240
27.735,27.297,621.3,23.0,621.32,3.0,100.0,20.0,1,-20.0,1,1,1,621.32,-20.0,10240
27.864,27.404,621.4,30.0,621.42,10.0,100.0,20.0,1,-20.0,1,1,1,621.42,-20.0,10240
27.983,27.502,621.5,28.0,621.52,8.0,100.0,20.0,1,-20.0,1,1,1,621.52,-20.0,10240
28.053,27.603,621.6,29.0,621.62,9.0,100.0,20.0,1,-20.0,1,1,1,621.62,-20.0,10240
28.179,27.702,621.7,28.0,621.72,8.0,100.0,20.0,1,-20.0,1,1,1,621.72,-20.0,10240
28.286,27.798,621.8,24.0,621.82,4.0,100.0,20.0,1,0.0,1,1,1,621.8,0.0,10240
28.39,27.907,621.9,33.0,621.92,13.0,100.0,20.0,1,-20.0,1,1,1,621.92,-20.0,10240
28.463,28.0,622.0,26.0,622.02,6.0,100.0,20.0,1,-20.0,1,1,1,622.02,-20.0,10240
28.579,28.108,622.1,34.0,622.12,14.0,100.0,20.0,1,-20.0,1,1,1,622.12,-20.0,10240
28.669,28.201,622.2,27.0,622.22,7.0,100.0,20.0,1,-20.0,1,1,1,622.22,-20.0,10240
28.771,28.305,622.3,31.0,622.32,11.0,100.0,20.0,1,-20.0,1,1,1,622.32,-20.0,10240
28.877,28.406,622.4,32.0,622.42,12.0,100.0,20.0,1,-20.0,1,1,1,622.42,-20.0,10240
28.971,28.505,622.5,31.0,622.52,11.0,100.0,20.0,1,-20.0,1,1,1,622.52,-20.0,10240
29.075,28.597,622.6,23.0,622.62,3.0,100.0,20.0,1,0.0,1,1,1,622.6,0.0,10240
29.171,28.71,622.7,36.0,622.72,16.0,100.0,20.0,1,-20.0,1,1,1,622.72,-20.0,10240
29.281,28.806,622.8,32.0,622.82,12.0,100.0,20.0,1,-20.0,1,1,1,622.82,-20.0,10240
29.378,28.903,622.9,29.0,622.92,9.0,100.0,20.0,1,-20.0,1,1,1,622.92,-20.0,10240
29.476,29.005,623.0,31.0,623.02,11.0,100.0,20.0,1,-20.0,1,1,1,623.02,-20.0,10240
29.572,29.103,623.1,29.0,623.12,9.0,100.0,20.0,1,-20.0,1,1,1,623.12,-20.0,10240
29.676,29.201,623.2,27.0,623.22,7.0,100.0,20.0,1,-20.0,1,1,1,623.22,-20.0,10240
29.784,29.311,623.3,37.0,623.32,17.0,100.0,20.0,1,-20.0,1,1,1,623.32,-20.0,10240
29.878,29.4,623.4,26.0,623.42,6.0,100.0,20.0,1,-20.0,1,1,1,623.42,-20.0,10240
29.977,29.497,623.5,23.0,623.52,3.0,100.0,20.0,1,0.0,1,1,1,623.5,0.0,10240
30.068,29.594,623.6,20.0,623.62,0.0,100.0,20.0,1,0.0,1,1,1,623.6,0.0,10240
30.168,29.695,623.7,21.0,623.72,1.0,100.0,20.0,1,0.0,1,1,1,623.7,0.0,10240
30.286,29.809,623.8,35.0,623.82,15.0,100.0,20.0,1,-20.0,1,1,1,623.82,-20.0,10240
30.387,29.9,623.9,26.0,623.92,6.0,100.0,20.0,1,-20.0,1,1,1,623.92,-20.0,10240
30.474,29.997,624.0,23.0,624.02,3.0,100.0,20.0,1,0.0,1,1,1,624.0,0.0,10240
30.586,30.1,624.1,26.0,624.12,6.0,100.0,20.0,1,-20.0,1,1,1,624.12,-20.0,10240
30.681,30.202,624.2,28.0,624.22,8.0,100.0,20.0,1,-20.0,1,1,1,624.22,-20.0,10240
30.777,30.301,624.3,27.0,624.32,7.0,100.0,20.0,1,-20.0,1,1,1,624.32,-20.0,10240
30.877,30.398,624.4,24.0,624.42,4.0,100.0,20.0,1,0.0,1,1,1,624.4,0.0,10240
30.992,30.498,624.5,24.0,624.52,4.0,100.0,20.0,1,-20.0,1,1,1,624.52,-20.0,10240
31.09,30.596,624.6,22.0,624.62,2.0,100.0,20.0,1,-20.0,1,1,1,624.62,-20.0,10240
31.191,30.697,624.7,23.0,624.72,3.0,100.0,20.0,1,-20.0,1,1,1,624.72,-20.0,10240
31.294,30.796,624.8,22.0,624.82,2.0,100.0,20.0,1,-20.0,1,1,1,624.82,-20.0,10240
31.4,30.901,624.9,27.0,624.92,7.0,100.0,20.0,1,-20.0,1,1,1,624.92,-20.0,10240
31.513,30.997,625.0,23.0,625.02,3.0,100.0,20.0,1,0.0,1,1,1,625.0,0.0,10240
31.601,31.101,625.1,27.0,625.12,7.0,100.0,20.0,1,0.0,1,1,1,625.1,0.0,10240
31.699,31.196,625.2,22.0,625.22,2.0,100.0,20.0,1,-20.0,1,1,1,625.22,-20.0,10240
31.812,31.3,625.3,26.0,625.32,6.0,100.0,20.0,1,-20.0,1,1,1,625.32,-20.0,10240
31.918,31.405,625.4,31.0,625.42,11.0,100.0,20.0,1,-20.0,1,1,1,625.42,-20.0,10240
32.011,31.502,625.5,28.0,625.52,8.0,100.0,20.0,1,-20.0,1,1,1,625.52,-20.0,10240
32.116,31.601,625.6,27.0,625.62,7.0,100.0,20.0,1,-20.0,1,1,1,625.62,-20.0,10240
32.214,31.702,625.7,28.0,625.72,8.0,100.0,20.0,1,-20.0,1,1,1,625.72,-20.0,10240
32.314,31.805,625.8,31.0,625.82,11.0,100.0,20.0,1,-20.0,1,1,1,625.82,-20.0,10240
32.406,31.895,625.9,21.0,625.92,1.0,100.0,20.0,1,-20.0,1,1,1,625.92,-20.0,10240
32.517,31.999,626.0,25.0,626.02,5.0,100.0,20.0,1,-20.0,1,1,1,626.02,-20.0,10240
32.617,32.103,626.1,29.0,626.12,9.0,100.0,20.0,1,-20.0,1,1,1,626.12,-20.0,10240
32.717,32.196,626.2,22.0,626.22,2.0,100.0,20.0,1,-20.0,1,1,1,626.22,-20.0,10240
32.822,32.299,626.3,25.0,626.32,5.0,100.0,20.0,1,-20.0,1,1,1,626.32,-20.0,10240
32.936,32.401,626.4,27.0,626.42,7.0,100.0,20.0,1,-20.0,1,1,1,626.42,-20.0,10240
33.026,32.504,626.5,30.0,626.52,10.0,100.0,20.0,1,-20.0,1,1,1,626.52,-20.0,10240
33.134,32.598,626.6,24.0,626.62,4.0,100.0,20.0,1,0.0,1,1,1,626.6,0.0,10240
33.241,32.698,626.7,24.0,626.72,4.0,100.0,20.0,1,-20.0,1,1,1,626.72,-20.0,10240
33.334,32.8,626.8,26.0,626.82,6.0,100.0,20.0,1,-20.0,1,1,1,626.82,-20.0,10240
33.437,32.898,626.9,24.0,626.92,4.0,100.0,20.0,1,-20.0,1,1,1,626.92,-20.0,10240
33.532,33.0,627.0,26.0,627.02,6.0,100.0,20.0,1,-20.0,1,1,1,627.02,-20.0,10240
33.632,33.096,627.1,22.0,627.12,2.0,100.0,20.0,1,0.0,1,1,1,627.1,0.0,10240
33.741,33.195,627.2,21.0,627.22,1.0,100.0,20.0,1,-20.0,1,1,1,627.22,-20.0,10240
33.864,33.307,627.3,33.0,627.32,13.0,100.0,20.0,1,-20.0,1,1,1,627.32,-20.0,10240
33.939,33.395,627.4,21.0,627.42,1.0,100.0,20.0,1,0.0,1,1,1,627.4,0.0,10240
34.051,33.506,627.5,32.0,627.52,12.0,100.0,20.0,1,-20.0,1,1,1,627.52,-20.0,10240
34.153,33.6,627.6,26.0,627.62,6.0,100.0,20.0,1,0.0,1,1,1,627.6,0.0,10240
34.255,33.705,627.7,31.0,627.72,11.0,100.0,20.0,1,-20.0,1,1,1,627.72,-20.0,10240
34.354,33.807,627.8,33.0,627.82,13.0,100.0,20.0,1,-20.0,1,1,1,627.82,-20.0,10240
34.456,33.906,627.9,32.0,627.92,12.0,100.0,20.0,1,-20.0,1,1,1,627.92,-20.0,10240
34.564,33.997,628.0,23.0,628.02,3.0,100.0,20.0,1,0.0,1,1,1,628.0,0.0,10240
34.655,34.105,628.1,31.0,628.12,11.0,100.0,20.0,1,-20.0,1,1,1,628.12,-20.0,10240
34.762,34.207,628.2,33.0,628.22,13.0,100.0,20.0,1,-20.0,1,1,1,628.22,-20.0,10240
34.866,34.301,628.3,27.0,628.32,7.0,100.0,20.0,1,-20.0,1,1,1,628.32,-20.0,10240
34.971,34.4,628.4,26.0,628.42,6.0,100.0,20.0,1,-20.0,1,1,1,628.42,-20.0,10240
35.059,34.498,628.5,24.0,628.52,4.0,100.0,20.0,1,-20.0,1,1,1,628.52,-20.0,10240
35.157,34.598,628.6,24.0,628.62,4.0,100.0,20.0,1,-20.0,1,1,1,628.62,-20.0,10240
35.265,34.697,628.7,23.0,628.72,3.0,100.0,20.0,1,-20.0,1,1,1,628.72,-20.0,10240
35.367,34.798,628.8,24.0,628.82,4.0,100.0,20.0,1,-20.0,1,1,1,628.82,-20.0,10240
35.462,34.898,628.9,24.0,628.92,4.0,100.0,20.0,1,0.0,1,1,1,628.9,0.0,10240
35.573,35.001,629.0,27.0,629.02,7.0,100.0,20.0,1,-20.0,1,1,1,629.02,-20.0,10240
35.657,35.1,629.1,26.0,629.12,6.0,100.0,20.0,1,-20.0,1,1,1,629.12,-20.0,10240
35.757,35.194,629.2,20.0,629.22,0.0,100.0,20.0,1,0.0,1,1,1,629.2,0.0,10240
35.875,35.301,629.3,27.0,629.32,7.0,100.0,20.0,1,-20.0,1,1,1,629.32,-20.0,10240
35.97,35.396,629.4,22.0,629.42,2.0,100.0,20.0,1,0.0,1,1,1,629.4,0.0,10240
36.073,35.491,629.5,17.0,629.5,17.0,100.0,20.0,1,0.0,1,1,1,629.5,0.0,10240
36.175,35.605,629.6,31.0,629.62,11.0,100.0,20.0,1,-20.0,1,1,1,629.62,-20.0,10240
36.272,35.696,629.7,22.0,629.72,2.0,100.0,20.0,1,0.0,1,1,1,629.7,0.0,10240
36.375,35.798,629.8,24.0,629.82,4.0,100.0,20.0,1,-20.0,1,1,1,629.82,-20.0,10240
36.485,35.898,629.9,24.0,629.92,4.0,100.0,20.0,1,-20.0,1,1,1,629.92,-20.0,10240
36.572,35.994,630.0,20.0,630.02,0.0,100.0,20.0,1,0.0,1,1,1,630.0,0.0,10240
36.672,36.102,630.1,28.0,630.12,8.0,100.0,20.0,1,-20.0,1,1,1,630.12,-20.0,10240
36.775,36.199,630.2,25.0,630.22,5.0,100.0,20.0,1,-20.0,1,1,1,630.22,-20.0,10240
36.888,36.298,630.3,24.0,630.32,4.0,100.0,20.0,1,-20.0,1,1,1,630.32,-20.0,10240
36.976,36.398,630.4,24.0,630.42,4.0,100.0,20.0,1,-20.0,1,1,1,630.42,-20.0,10240
37.079,36.499,630.5,25.0,630.52,5.0,100.0,20.0,1,-20.0,1,1,1,630.52,-20.0,10240
37.177,36.602,630.6,28.0,630.62,8.0,100.0,20.0,1,-20.0,1,1,1,630.62,-20.0,10240
37.272,36.696,630.7,22.0,630.72,2.0,100.0,20.0,1,0.0,1,1,1,630.7,0.0,10240
37.376,36.801,630.8,27.0,630.82,7.0,100.0,20.0,1,0.0,1,1,1,630.8,0.0,10240
37.491,36.898,630.9,24.0,630.92,4.0,100.0,20.0,1,-20.0,1,1,1,630.92,-20.0,10240
37.577,36.996,631.0,22.0,631.02,2.0,100.0,20.0,1,0.0,1,1,1,631.0,0.0,10240
37.695,37.102,631.1,28.0,631.12,8.0,100.0,20.0,1,-20.0,1,1,1,631.12,-20.0,10240
37.791,37.201,631.2,27.0,631.22,7.0,100.0,20.0,1,-20.0,1,1,1,631.22,-20.0,10240
37.894,37.302,631.3,28.0,631.32,8.0,100.0,20.0,1,-20.0,1,1,1,631.32,-20.0,10240
37.98,37.396,631.4,22.0,631.42,2.0,100.0,20.0,1,0.0,1,1,1,631.4,0.0,10240
38.089,37.499,631.5,25.0,631.52,5.0,100.0,20.0,1,-20.0,1,1,1,631.52,-20.0,10240
38.187,37.598,631.6,24.0,631.62,4.0,100.0,20.0,1,-20.0,1,1,1,631.62,-20.0,10240
38.297,37.696,631.7,22.0,631.72,2.0,100.0,20.0,1,0.0,1,1,1,631.7,0.0,10240
38.387,37.802,631.8,28.0,631.82,8.0,100.0,20.0,1,-20.0,1,1,1,631.82,-20.0,10240
38.484,37.901,631.9,27.0,631.92,7.0,100.0,20.0,1,-20.0,1,1,1,631.92,-20.0,10240
38.585,38.0,632.0,26.0,632.02,6.0,100.0,20.0,1,-20.0,1,1,1,632.02,-20.0,10240
38.696,38.106,632.1,32.0,632.12,12.0,100.0,20.0,1,-20.0,1,1,1,632.12,-20.0,10240
38.79,38.198,632.2,24.0,632.22,4.0,100.0,20.0,1,0.0,1,1,1,632.2,0.0,10240
38.893,38.293,632.3,19.0,632.3,19.0,100.0,20.0,1,0.0,1,1,1,632.3,0.0,10240
38.991,38.399,632.4,25.0,632.42,5.0,100.0,20.0,1,0.0,1,1,1,632.4,0.0,10240
39.097,38.499,632.5,25.0,632.52,5.0,100.0,20.0,1,-20.0,1,1,1,632.52,-20.0,10240
39.203,38.602,632.6,28.0,632.62,8.0,100.0,20.0,1,-20.0,1,1,1,632.62,-20.0,10240
39.302,38.695,632.7,21.0,632.72,1.0,100.0,20.0,1,0.0,1,1,1,632.7,0.0,10240
39.395,38.804,632.8,30.0,632.82,10.0,100.0,20.0,1,-20.0,1,1,1,632.82,-20.0,10240
39.51,38.897,632.9,23.0,632.92,3.0,100.0,20.0,1,-20.0,1,1,1,632.92,-20.0,10240
39.601,38.998,633.0,24.0,633.02,4.0,100.0,20.0,1,0.0,1,1,1,633.0,0.0,10240
39.707,39.099,633.1,25.0,633.12,5.0,100.0,20.0,1,-20.0,1,1,1,633.12,-20.0,10240
39.801,39.197,633.2,23.0,633.22,3.0,100.0,20.0,1,-20.0,1,1,1,633.22,-20.0,10240
39.904,39.297,633.3,23.0,633.32,3.0,100.0,20.0,1,0.0,1,1,1,633.3,0.0,10240
40.008,39.396,633.4,22.0,633.42,2.0,100.0,20.0,1,-20.0,1,1,1,633.42,-20.0,10240
40.136,39.496,633.5,22.0,633.52,2.0,100.0,20.0,1,-20.0,1,1,1,633.52,-20.0,10240
40.225,39.608,633.6,34.0,633.62,14.0,100.0,20.0,1,-20.0,1,1,1,633.62,-20.0,10240
40.341,39.698,633.7,24.0,633.72,4.0,100.0,20.0,1,-20.0,1,1,1,633.72,-20.0,10240
40.421,39.8,633.8,26.0,633.82,6.0,100.0,20.0,1,-20.0,1,1,1,633.82,-20.0,10240
40.556,39.895,633.9,21.0,633.92,1.0,100.0,20.0,1,-20.0,1,1,1,633.92,-20.0,10240
40.641,40.0,634.0,26.0,634.02,6.0,100.0,20.0,1,-20.0,1,1,1,634.02,-20.0,10240
40.751,40.098,634.1,24.0,634.12,4.0,100.0,20.0,1,-20.0,1,1,1,634.12,-20.0,10240
40.822,40.204,634.2,30.0,634.22,10.0,100.0,20.0,1,-20.0,1,1,1,634.22,-20.0,10240
40.922,40.295,634.3,21.0,634.32,1.0,100.0,20.0,1,0.0,1,1,1,634.3,0.0,10240
41.053,40.404,634.4,30.0,634.42,10.0,100.0,20.0,1,-20.0,1,1,1,634.42,-20.0,10240
41.116,40.501,634.5,27.0,634.52,7.0,100.0,20.0,1,-20.0,1,1,1,634.52,-20.0,10240
41.225,40.605,634.6,31.0,634.62,11.0,100.0,20.0,1,-20.0,1,1,1,634.62,-20.0,10240
41.316,40.697,634.7,23.0,634.72,3.0,100.0,20.0,1,0.0,1,1,1,634.7,0.0,10240
41.437,40.8,634.8,26.0,634.82,6.0,100.0,20.0,1,-20.0,1,1,1,634.82,-20.0,10240
41.541,40.898,634.9,24.0,634.92,4.0,100.0,20.0,1,0.0,1,1,1,634.9,0.0,10240
41.661,41.002,635.0,28.0,635.02,8.0,100.0,20.0,1,-20.0,1,1,1,635.02,-20.0,10240
41.737,41.099,635.1,25.0,635.12,5.0,100.0,20.0,1,-20.0,1,1,1,635.12,-20.0,10240
41.838,41.199,635.2,25.0,635.22,5.0,100.0,20.0,1,-20.0,1,1,1,635.22,-20.0,10240
41.955,41.303,635.3,29.0,635.32,9.0,100.0,20.0,1,-20.0,1,1,1,635.32,-20.0,10240
42.044,41.403,635.4,29.0,635.42,9.0,100.0,20.0,1,-20.0,1,1,1,635.42,-20.0,10240
42.134,41.498,635.5,24.0,635.52,4.0,100.0,20.0,1,-20.0,1,1,1,635.52,-20.0,10240
42.25,41.6,635.6,26.0,635.62,6.0,100.0,20.0,1,-20.0,1,1,1,635.62,-20.0,10240
42.346,41.7,635.7,26.0,635.72,6.0,100.0,20.0,1,-20.0,1,1,1,635.72,-20.0,10240
42.456,41.795,635.8,21.0,635.82,1.0,100.0,20.0,1,0.0,1,1,1,635.8,0.0,10240
42.571,41.91,635.9,36.0,635.92,16.0,100.0,20.0,1,-20.0,1,1,1,635.92,-20.0,10240
42.687,42.003,636.0,29.0,636.02,9.0,100.0,20.0,1,-20.0,1,1,1,636.02,-20.0,10240
42.793,42.101,636.1,27.0,636.12,7.0,100.0,20.0,1,-20.0,1,1,1,636.12,-20.0,10240
42.866,42.193,636.2,19.0,636.2,19.0,100.0,20.0,1,0.0,1,1,1,636.2,0.0,10240
42.981,42.302,636.3,28.0,636.32,8.0,100.0,20.0,1,-20.0,1,1,1,636.32,-20.0,10240
43.078,42.402,636.4,28.0,636.42,8.0,100.0,20.0,1,-20.0,1,1,1,636.42,-20.0,10240
43.185,42.5,636.5,26.0,636.52,6.0,100.0,20.0,1,-20.0,1,1,1,636.52,-20.0,10240
43.325,42.6,636.6,26.0,636.62,6.0,100.0,20.0,1,-20.0,1,1,1,636.62,-20.0,10240
43.396,42.703,636.7,29.0,636.72,9.0,100.0,20.0,1,-20.0,1,1,1,636.72,-20.0,10240
43.522,42.802,636.8,28.0,636.82,8.0,100.0,20.0,1,-20.0,1,1,1,636.82,-20.0,10240
43.6,42.902,636.9,28.0,636.92,8.0,100.0,20.0,1,-20.0,1,1,1,636.92,-20.0,10240
43.697,42.997,637.0,23.0,637.02,3.0,100.0,20.0,1,-20.0,1,1,1,637.02,-20.0,10240
43.807,43.103,637.1,29.0,637.12,9.0,100.0,20.0,1,-20.0,1,1,1,637.12,-20.0,10240
43.906,43.202,637.2,28.0,637.22,8.0,100.0,20.0,1,-20.0,1,1,1,637.22,-20.0,10240
44.003,43.299,637.3,25.0,637.32,5.0,100.0,20.0,1,0.0,1,1,1,637.3,0.0,10240
44.11,43.4,637.4,26.0,637.42,6.0,100.0,20.0,1,-20.0,1,1,1,637.42,-20.0,10240
44.196,43.495,637.5,21.0,637.52,1.0,100.0,20.0,1,0.0,1,1,1,637.5,0.0,10240
44.303,43.601,637.6,27.0,637.62,7.0,100.0,20.0,1,0.0,1,1,1,637.6,0.0,10240
44.432,43.703,637.7,29.0,637.72,9.0,100.0,20.0,1,-20.0,1,1,1,637.72,-20.0,10240
44.508,43.799,637.8,25.0,637.82,5.0,100.0,20.0,1,-20.0,1,1,1,637.82,-20.0,10240
44.613,43.9,637.9,26.0,637.92,6.0,100.0,20.0,1,-20.0,1,1,1,637.92,-20.0,10240
44.705,44.0,638.0,26.0,638.02,6.0,100.0,20.0,1,-20.0,1,1,1,638.02,-20.0,10240
44.814,44.102,638.1,28.0,638.12,8.0,100.0,20.0,1,-20.0,1,1,1,638.12,-20.0,10240
44.915,44.201,638.2,27.0,638.22,7.0,100.0,20.0,1,-20.0,1,1,1,638.22,-20.0,10240
45.021,44.299,638.3,25.0,638.32,5.0,100.0,20.0,1,-20.0,1,1,1,638.32,-20.0,10240
45.12,44.399,638.4,25.0,638.42,5.0,100.0,20.0,1,-20.0,1,1,1,638.42,-20.0,10240
45.211,44.497,638.5,23.0,638.52,3.0,100.0,20.0,1,0.0,1,1,1,638.5,0.0,10240
45.319,44.596,638.6,22.0,638.62,2.0,100.0,20.0,1,-20.0,1,1,1,638.62,-20.0,10240
45.438,44.699,638.7,25.0,638.72,5.0,100.0,20.0,1,-20.0,1,1,1,638.72,-20.0,10240
45.534,44.8,638.8,26.0,638.82,6.0,100.0,20.0,1,-20.0,1,1,1,638.82,-20.0,10240
45.653,44.899,638.9,25.0,638.92,5.0,100.0,20.0,1,-20.0,1,1,1,638.92,-20.0,10240
45.737,44.997,639.0,23.0,639.02,3.0,100.0,20.0,1,-20.0,1,1,1,639.02,-20.0,10240
45.842,45.098,639.1,24.0,639.12,4.0,100.0,20.0,1,0.0,1,1,1,639.1,0.0,10240
45.935,45.207,639.2,33.0,639.22,13.0,100.0,20.0,1,-20.0,1,1,1,639.22,-20.0,10240
46.05,45.303,639.3,29.0,639.32,9.0,100.0,20.0,1,-20.0,1,1,1,639.32,-20.0,10240
46.149,45.404,639.4,30.0,639.42,10.0,100.0,20.0,1,-20.0,1,1,1,639.42,-20.0,10240
46.239,45.504,639.5,30.0,639.52,10.0,100.0,20.0,1,-20.0,1,1,1,639.52,-20.0,10240
46.344,45.596,639.6,22.0,639.62,2.0,100.0,20.0,1,-20.0,1,1,1,639.62,-20.0,10240
46.446,45.703,639.7,29.0,639.72,9.0,100.0,20.0,1,-20.0,1,1,1,639.72,-20.0,10240
46.532,45.801,639.8,27.0,639.82,7.0,100.0,20.0,1,0.0,1,1,1,639.8,0.0,10240
46.635,45.904,639.9,30.0,639.92,10.0,100.0,20.0,1,-20.0,1,1,1,639.92,-20.0,10240
46.75,45.995,640.0,21.0,640.02,1.0,100.0,20.0,1,-20.0,1,1,1,640.02,-20.0,10240
46.853,46.115,640.1,41.0,640.12,21.0,100.0,20.0,1,-20.0,1,1,1,640.12,-20.0,10240
46.953,46.207,640.2,33.0,640.22,13.0,100.0,20.0,1,-20.0,1,1,1,640.22,-20.0,10240
47.047,46.302,640.3,28.0,640.32,8.0,100.0,20.0,1,-20.0,1,1,1,640.32,-20.0,10240
47.156,46.406,640.4,32.0,640.42,12.0,100.0,20.0,1,-20.0,1,1,1,640.42,-20.0,10240
47.253,46.507,640.5,33.0,640.52,13.0,100.0,20.0,1,-20.0,1,1,1,640.52,-20.0,10240
47.348,46.603,640.6,29.0,640.62,9.0,100.0,20.0,1,-20.0,1,1,1,640.62,-20.0,10240
47.453,46.698,640.7,24.0,640.72,4.0,100.0,20.0,1,-20.0,1,1,1,640.72,-20.0,10240
47.553,46.798,640.8,24.0,640.82,4.0,100.0,20.0,1,0.0,1,1,1,640.8,0.0,10240
47.653,46.902,640.9,28.0,640.92,8.0,100.0,20.0,1,-20.0,1,1,1,640.92,-20.0,10240
47.755,47.0,641.0,26.0,641.02,6.0,100.0,20.0,1,-20.0,1,1,1,641.02,-20.0,10240
47.862,47.103,641.1,29.0,641.12,9.0,100.0,20.0,1,-20.0,1,1,1,641.12,-20.0,10240
47.944,47.199,641.2,25.0,641.22,5.0,100.0,20.0,1,0.0,1,1,1,641.2,0.0,10240
48.054,47.305,641.3,31.0,641.32,11.0,100.0,20.0,1,-20.0,1,1,1,641.32,-20.0,10240
48.158,47.407,641.4,33.0,641.42,13.0,100.0,20.0,1,-20.0,1,1,1,641.42,-20.0,10240
48.26,47.503,641.5,29.0,641.52,9.0,100.0,20.0,1,-20.0,1,1,1,641.52,-20.0,10240
48.359,47.6,641.6,26.0,641.62,6.0,100.0,20.0,1,-20.0,1,1,1,641.62,-20.0,10240
48.452,47.698,641.7,24.0,641.72,4.0,100.0,20.0,1,-20.0,1,1,1,641.72,-20.0,10240
48.568,47.803,641.8,29.0,641.82,9.0,100.0,20.0,1,-20.0,1,1,1,641.82,-20.0,10240
48.668,47.904,641.9,30.0,641.92,10.0,100.0,20.0,1,-20.0,1,1,1,641.92,-20.0,10240
48.767,48.0,642.0,26.0,642.02,6.0,100.0,20.0,1,-20.0,1,1,1,642.02,-20.0,10240
48.871,48.109,642.1,35.0,642.12,15.0,100.0,20.0,1,-20.0,1,1,1,642.12,-20.0,10240
48.966,48.204,642.2,30.0,642.22,10.0,100.0,20.0,1,-20.0,1,1,1,642.22,-20.0,10240
49.062,48.297,642.3,23.0,642.32,3.0,100.0,20.0,1,0.0,1,1,1,642.3,0.0,10240
49.172,48.396,642.4,22.0,642.42,2.0,100.0,20.0,1,0.0,1,1,1,642.4,0.0,10240
49.264,48.5,642.5,26.0,642.52,6.0,100.0,20.0,1,-20.0,1,1,1,642.52,-20.0,10240
49.38,48.612,642.6,38.0,642.62,18.0,100.0,20.0,1,-20.0,1,1,1,642.62,-20.0,10240
49.466,48.702,642.7,28.0,642.72,8.0,100.0,20.0,1,0.0,1,1,1,642.7,0.0,10240
49.597,48.797,642.8,23.0,642.82,3.0,100.0,20.0,1,-20.0,1,1,1,642.82,-20.0,10240
49.674,48.899,642.9,25.0,642.92,5.0,100.0,20.0,1,0.0,1,1,1,642.9,0.0,10240
49.772,49.002,643.0,28.0,643.02,8.0,100.0,20.0,1,-20.0,1,1,1,643.02,-20.0,10240
49.888,49.102,643.1,28.0,643.12,8.0,100.0,20.0,1,-20.0,1,1,1,643.12,-20.0,10240
49.992,49.201,643.2,27.0,643.22,7.0,100.0,20.0,1,-20.0,1,1,1,643.22,-20.0,10240
50.087,49.306,643.3,32.0,643.32,12.0,100.0,20.0,1,-20.0,1,1,1,643.32,-20.0,10240
50.181,49.412,643.4,38.0,643.42,18.0,100.0,20.0,1,-20.0,1,1,1,643.42,-20.0,10240
50.284,49.503,643.5,29.0,643.52,9.0,100.0,20.0,1,-20.0,1,1,1,643.52,-20.0,10240
50.393,49.608,643.6,34.0,643.62,14.0,100.0,20.0,1,-20.0,1,1,1,643.62,-20.0,10240
50.483,49.704,643.7,30.0,643.72,10.0,100.0,20.0,1,-20.0,1,1,1,643.72,-20.0,10240
50.581,49.802,643.8,28.0,643.82,8.0,100.0,20.0,1,-20.0,1,1,1,643.82,-20.0,10240
50.682,49.898,643.9,24.0,643.92,4.0,100.0,20.0,1,0.0,1,1,1,643.9,0.0,10240
50.783,50.003,644.0,29.0,644.02,9.0,100.0,20.0,1,-20.0,1,1,1,644.02,-20.0,10240
50.886,50.109,644.1,35.0,644.12,15.0,100.0,20.0,1,-20.0,1,1,1,644.12,-20.0,10240
50.98,50.209,644.2,35.0,644.22,15.0,100.0,20.0,1,-20.0,1,1,1,644.22,-20.0,10240
51.078,50.301,644.3,27.0,644.32,7.0,100.0,20.0,1,-20.0,1,1,1,644.32,-20.0,10240
51.187,50.4,644.4,26.0,644.42,6.0,100.0,20.0,1,-20.0,1,1,1,644.42,-20.0,10240
51.291,50.512,644.5,38.0,644.52,18.0,100.0,20.0,1,0.0,1,1,1,644.5,0.0,10240
51.399,50.609,644.6,35.0,644.62,15.0,100.0,20.0,1,-20.0,1,1,1,644.62,-20.0,10240
51.49,50.705,644.7,31.0,644.72,11.0,100.0,20.0,1,-20.0,1,1,1,644.72,-20.0,10240
51.589,50.803,644.8,29.0,644.82,9.0,100.0,20.0,1,-20.0,1,1,1,644.82,-20.0,10240
51.701,50.913,644.9,39.0,644.92,19.0,100.0,20.0,1,-20.0,1,1,1,644.92,-20.0,10240
51.79,51.0,645.0,26.0,645.02,6.0,100.0,20.0,1,-20.0,1,1,1,645.02,-20.0,10240
51.903,51.105,645.1,31.0,645.12,11.0,100.0,20.0,1,-20.0,1,1,1,645.12,-20.0,10240
52.004,51.198,645.2,24.0,645.22,4.0,100.0,20.0,1,-20.0,1,1,1,645.22,-20.0,10240
52.097,51.303,645.3,29.0,645.32,9.0,100.0,20.0,1,-20.0,1,1,1,645.32,-20.0,10240
52.195,51.402,645.4,28.0,645.42,8.0,100.0,20.0,1,-20.0,1,1,1,645.42,-20.0,10240
52.316,51.502,645.5,28.0,645.52,8.0,100.0,20.0,1,-20.0,1,1,1,645.52,-20.0,10240
52.401,51.612,645.6,38.0,645.62,18.0,100.0,20.0,1,-20.0,1,1,1,645.62,-20.0,10240
52.497,51.703,645.7,29.0,645.72,9.0,100.0,20.0,1,-20.0,1,1,1,645.72,-20.0,10240
52.599,51.799,645.8,25.0,645.82,5.0,100.0,20.0,1,-20.0,1,1,1,645.82,-20.0,10240
52.699,51.901,645.9,27.0,645.92,7.0,100.0,20.0,1,-20.0,1,1,1,645.92,-20.0,10240
52.803,52.002,646.0,28.0,646.02,8.0,100.0,20.0,1,-20.0,1,1,1,646.02,-20.0,10240
52.898,52.098,646.1,24.0,646.12,4.0,100.0,20.0,1,-20.0,1,1,1,646.12,-20.0,10240
53.004,52.2,646.2,26.0,646.22,6.0,100.0,20.0,1,-20.0,1,1,1,646.22,-20.0,10240
53.112,52.301,646.3,27.0,646.32,7.0,100.0,20.0,1,-20.0,1,1,1,646.32,-20.0,10240
53.218,52.403,646.4,29.0,646.42,9.0,100.0,20.0,1,-20.0,1,1,1,646.42,-20.0,10240
53.314,52.511,646.5,37.0,646.52,17.0,100.0,20.0,1,-20.0,1,1,1,646.52,-20.0,10240
53.413,52.602,646.6,28.0,646.62,8.0,100.0,20.0,1,-20.0,1,1,1,646.62,-20.0,10240
53.511,52.706,646.7,32.0,646.72,12.0,100.0,20.0,1,0.0,1,1,1,646.7,0.0,10240
53.61,52.81,646.8,36.0,646.82,16.0,100.0,20.0,1,-20.0,1,1,1,646.82,-20.0,10240
53.712,52.902,646.9,28.0,646.92,8.0,100.0,20.0,1,-20.0,1,1,1,646.92,-20.0,10240
53.821,52.997,647.0,23.0,647.02,3.0,100.0,20.0,1,0.0,1,1,1,647.0,0.0,10240
53.924,53.113,647.1,39.0,647.12,19.0,100.0,20.0,1,-20.0,1,1,1,647.12,-20.0,10240
54.014,53.205,647.2,31.0,647.22,11.0,100.0,20.0,1,-20.0,1,1,1,647.22,-20.0,10240
54.121,53.298,647.3,24.0,647.32,4.0,100.0,20.0,1,0.0,1,1,1,647.3,0.0,10240
54.211,53.4,647.4,26.0,647.42,6.0,100.0,20.0,1,-20.0,1,1,1,647.42,-20.0,10240
54.324,53.499,647.5,25.0,647.52,5.0,100.0,20.0,1,-20.0,1,1,1,647.52,-20.0,10240
54.421,53.603,647.6,29.0,647.62,9.0,100.0,20.0,1,-20.0,1,1,1,647.62,-20.0,10240
54.533,53.704,647.7,30.0,647.72,10.0,100.0,20.0,1,-20.0,1,1,1,647.72,-20.0,10240
54.617,53.797,647.8,23.0,647.82,3.0,100.0,20.0,1,0.0,1,1,1,647.8,0.0,10240
54.724,53.906,647.9,32.0,647.92,12.0,100.0,20.0,1,-20.0,1,1,1,647.92,-20.0,10240
54.827,54.004,648.0,30.0,648.02,10.0,100.0,20.0,1,-20.0,1,1,1,648.02,-20.0,10240
54.926,54.108,648.1,34.0,648.12,14.0,100.0,20.0,1,-20.0,1,1,1,648.12,-20.0,10240
55.029,54.199,648.2,25.0,648.22,5.0,100.0,20.0,1,-20.0,1,1,1,648.22,-20.0,10240
55.142,54.302,648.3,28.0,648.32,8.0,100.0,20.0,1,-20.0,1,1,1,648.32,-20.0,10240
55.246,54.404,648.4,30.0,648.42,10.0,100.0,20.0,1,-20.0,1,1,1,648.42,-20.0,10240
55.342,54.498,648.5,24.0,648.52,4.0,100.0,20.0,1,-20.0,1,1,1,648.52,-20.0,10240
55.436,54.596,648.6,22.0,648.62,2.0,100.0,20.0,1,0.0,1,1,1,648.6,0.0,10240
55.543,54.7,648.7,26.0,648.72,6.0,100.0,20.0,1,-20.0,1,1,1,648.72,-20.0,10240
55.643,54.803,648.8,29.0,648.82,9.0,100.0,20.0,1,-20.0,1,1,1,648.82,-20.0,10240
55.749,54.9,648.9,26.0,648.92,6.0,100.0,20.0,1,-20.0,1,1,1,648.92,-20.0,10240
55.839,54.998,649.0,24.0,649.02,4.0,100.0,20.0,1,-20.0,1,1,1,649.02,-20.0,10240
55.944,55.1,649.1,26.0,649.12,6.0,100.0,20.0,1,-20.0,1,1,1,649.12,-20.0,10240
56.044,55.197,649.2,23.0,649.22,3.0,100.0,20.0,1,-20.0,1,1,1,649.22,-20.0,10240
56.145,55.304,649.3,30.0,649.32,10.0,100.0,20.0,1,-20.0,1,1,1,649.32,-20.0,10240
56.248,55.397,649.4,23.0,649.42,3.0,100.0,20.0,1,-20.0,1,1,1,649.42,-20.0,10240
56.348,55.504,649.5,30.0,649.52,10.0,100.0,20.0,1,-20.0,1,1,1,649.52,-20.0,10240
56.458,55.599,649.6,25.0,649.62,5.0,100.0,20.0,1,-20.0,1,1,1,649.62,-20.0,10240
56.545,55.698,649.7,24.0,649.72,4.0,100.0,20.0,1,-20.0,1,1,1,649.72,-20.0,10240
56.652,55.803,649.8,29.0,649.82,9.0,100.0,20.0,1,-20.0,1,1,1,649.82,-20.0,10240
56.765,55.9,649.9,26.0,649.92,6.0,100.0,20.0,1,-20.0,1,1,1,649.92,-20.0,10240
56.857,56.003,650.0,29.0,650.02,9.0,100.0,20.0,1,-20.0,1,1,1,650.02,-20.0,10240
56.96,56.103,650.1,29.0,650.12,9.0,100.0,20.0,1,-20.0,1,1,1,650.12,-20.0,10240
57.06,56.198,650.2,24.0,650.22,4.0,100.0,20.0,1,-20.0,1,1,1,650.22,-20.0,10240
57.153,56.3,650.3,26.0,650.32,6.0,100.0,20.0,1,-20.0,1,1,1,650.32,-20.0,10240
57.266,56.396,650.4,22.0,650.42,2.0,100.0,20.0,1,0.0,1,1,1,650.4,0.0,10240
57.37,56.504,650.5,30.0,650.52,10.0,100.0,20.0,1,-20.0,1,1,1,650.52,-20.0,10240
57.468,56.598,650.6,24.0,650.62,4.0,100.0,20.0,1,-20.0,1,1,1,650.62,-20.0,10240
57.569,56.696,650.7,22.0,650.72,2.0,100.0,20.0,1,0.0,1,1,1,650.7,0.0,10240
57.667,56.794,650.8,20.0,650.82,0.0,100.0,20.0,1,0.0,1,1,1,650.8,0.0,10240
57.77,56.898,650.9,24.0,650.92,4.0,100.0,20.0,1,0.0,1,1,1,650.9,0.0,10240
57.896,56.998,651.0,24.0,651.02,4.0,100.0,20.0,1,-20.0,1,1,1,651.02,-20.0,10240
57.967,57.101,651.1,27.0,651.12,7.0,100.0,20.0,1,-20.0,1,1,1,651.12,-20.0,10240
58.075,57.199,651.2,25.0,651.22,5.0,100.0,20.0,1,-20.0,1,1,1,651.22,-20.0,10240
58.194,57.3,651.3,26.0,651.32,6.0,100.0,20.0,1,-20.0,1,1,1,651.32,-20.0,10240
58.261,57.399,651.4,25.0,651.42,5.0,100.0,20.0,1,-20.0,1,1,1,651.42,-20.0,10240
58.367,57.505,651.5,31.0,651.52,11.0,100.0,20.0,1,-20.0,1,1,1,651.52,-20.0,10240
58.48,57.598,651.6,24.0,651.62,4.0,100.0,20.0,1,0.0,1,1,1,651.6,0.0,10240
58.574,57.7,651.7,26.0,651.72,6.0,100.0,20.0,1,-20.0,1,1,1,651.72,-20.0,10240
58.672,57.8,651.8,26.0,651.82,6.0,100.0,20.0,1,-20.0,1,1,1,651.82,-20.0,10240
58.773,57.9,651.9,26.0,651.92,6.0,100.0,20.0,1,-20.0,1,1,1,651.92,-20.0,10240
58.881,58.011,652.0,37.0,652.02,17.0,100.0,20.0,1,-20.0,1,1,1,652.02,-20.0,10240
58.973,58.097,652.1,23.0,652.12,3.0,100.0,20.0,1,0.0,1,1,1,652.1,0.0,10240
59.082,58.2,652.2,26.0,652.22,6.0,100.0,20.0,1,-20.0,1,1,1,652.22,-20.0,10240
59.194,58.301,652.3,27.0,652.32,7.0,100.0,20.0,1,-20.0,1,1,1,652.32,-20.0,10240
59.286,58.398,652.4,24.0,652.42,4.0,100.0,20.0,1,0.0,1,1,1,652.4,0.0,10240
59.386,58.507,652.5,33.0,652.52,13.0,100.0,20.0,1,-20.0,1,1,1,652.52,-20.0,10240
59.485,58.6,652.6,26.0,652.62,6.0,100.0,20.0,1,0.0,1,1,1,652.6,0.0,10240
59.597,58.699,652.7,25.0,652.72,5.0,100.0,20.0,1,0.0,1,1,1,652.7,0.0,10240
59.69,58.802,652.8,28.0,652.82,8.0,100.0,20.0,1,-20.0,1,1,1,652.82,-20.0,10240
59.795,58.907,652.9,33.0,652.92,13.0,100.0,20.0,1,-20.0,1,1,1,652.92,-20.0,10240
59.911,59.008,653.0,34.0,653.02,14.0,100.0,20.0,1,-20.0,1,1,1,653.02,-20.0,10240
59.999,59.098,653.1,24.0,653.12,4.0,100.0,20.0,1,0.0,1,1,1,653.1,0.0,10240
60.102,59.2,653.2,26.0,653.22,6.0,100.0,20.0,1,-20.0,1,1,1,653.22,-20.0,10240
60.189,59.295,653.3,21.0,653.32,1.0,100.0,20.0,1,0.0,1,1,1,653.3,0.0,10240
60.291,59.4,653.4,26.0,653.42,6.0,100.0,20.0,1,-20.0,1,1,1,653.42,-20.0,10240
60.399,59.498,653.5,24.0,653.52,4.0,100.0,20.0,1,0.0,1,1,1,653.5,0.0,10240
60.513,59.604,653.6,30.0,653.62,10.0,100.0,20.0,1,-20.0,1,1,1,653.62,-20.0,10240
60.604,59.697,653.7,23.0,653.72,3.0,100.0,20.0,1,-20.0,1,1,1,653.72,-20.0,10240
60.71,59.803,653.8,29.0,653.82,9.0,100.0,20.0,1,-20.0,1,1,1,653.82,-20.0,10240
60.802,59.898,653.9,24.0,653.92,4.0,100.0,20.0,1,-20.0,1,1,1,653.92,-20.0,10240
60.909,59.998,654.0,24.0,654.02,4.0,100.0,20.0,1,-20.0,1,1,1,654.02,-20.0,10240
61.017,60.095,654.1,21.0,654.12,1.0,100.0,20.0,1,0.0,1,1,1,654.1,0.0,10240
61.118,60.202,654.2,28.0,654.22,8.0,100.0,20.0,1,0.0,1,1,1,654.2,0.0,10240
61.229,60.302,654.3,28.0,654.32,8.0,100.0,20.0,1,-20.0,1,1,1,654.32,-20.0,10240
61.321,60.409,654.4,35.0,654.42,15.0,100.0,20.0,1,-20.0,1,1,1,654.42,-20.0,10240
61.418,60.499,654.5,25.0,654.52,5.0,100.0,20.0,1,-20.0,1,1,1,654.52,-20.0,10240
61.532,60.601,654.6,27.0,654.62,7.0,100.0,20.0,1,-20.0,1,1,1,654.62,-20.0,10240
61.622,60.704,654.7,30.0,654.72,10.0,100.0,20.0,1,-20.0,1,1,1,654.72,-20.0,10240
61.727,60.8,654.8,26.0,654.82,6.0,100.0,20.0,1,-20.0,1,1,1,654.82,-20.0,10240
61.828,60.899,654.9,25.0,654.92,5.0,100.0,20.0,1,-20.0,1,1,1,654.92,-20.0,10240
61.932,61.009,655.0,35.0,655.02,15.0,100.0,20.0,1,-20.0,1,1,1,655.02,-20.0,10240
62.039,61.098,655.1,24.0,655.12,4.0,100.0,20.0,1,-20.0,1,1,1,655.12,-20.0,10240
62.134,61.2,655.2,26.0,655.22,6.0,100.0,20.0,1,-20.0,1,1,1,655.22,-20.0,10240
62.23,61.299,655.3,25.0,655.32,5.0,100.0,20.0,1,-20.0,1,1,1,655.32,-20.0,10240
62.347,61.405,655.4,31.0,655.42,11.0,100.0,20.0,1,-20.0,1,1,1,655.42,-20.0,10240
62.441,61.51,655.5,36.0,655.52,16.0,100.0,20.0,1,-20.0,1,1,1,655.52,-20.0,10240
62.551,61.601,655.6,27.0,655.62,7.0,100.0,20.0,1,-20.0,1,1,1,655.62,-20.0,10240
62.641,61.706,655.7,32.0,655.72,12.0,100.0,20.0,1,-20.0,1,1,1,655.72,-20.0,10240
62.74,61.802,655.8,28.0,655.82,8.0,100.0,20.0,1,-20.0,1,1,1,655.82,-20.0,10240
62.849,61.908,655.9,34.0,655.92,14.0,100.0,20.0,1,-20.0,1,1,1,655.92,-20.0,10240
62.951,61.999,656.0,25.0,656.02,5.0,100.0,20.0,1,0.0,1,1,1,656.0,0.0,10240
63.049,62.107,656.1,33.0,656.12,13.0,100.0,20.0,1,-20.0,1,1,1,656.12,-20.0,10240
63.145,62.202,656.2,28.0,656.22,8.0,100.0,20.0,1,-20.0,1,1,1,656.22,-20.0,10240
63.253,62.297,656.3,23.0,656.32,3.0,100.0,20.0,1,-20.0,1,1,1,656.32,-20.0,10240
63.368,62.406,656.4,32.0,656.42,12.0,100.0,20.0,1,-20.0,1,1,1,656.42,-20.0,10240
63.457,62.5,656.5,26.0,656.52,6.0,100.0,20.0,1,-20.0,1,1,1,656.52,-20.0,10240
63.556,62.599,656.6,25.0,656.62,5.0,100.0,20.0,1,-20.0,1,1,1,656.62,-20.0,10240
63.666,62.702,656.7,28.0,656.72,8.0,100.0,20.0,1,-20.0,1,1,1,656.72,-20.0,10240
63.784,62.805,656.8,31.0,656.82,11.0,100.0,20.0,1,-20.0,1,1,1,656.82,-20.0,10240
63.851,62.9,656.9,26.0,656.92,6.0,100.0,20.0,1,0.0,1,1,1,656.9,0.0,10240
63.959,62.998,657.0,24.0,657.02,4.0,100.0,20.0,1,-20.0,1,1,1,657.02,-20.0,10240
64.054,63.104,657.1,30.0,657.12,10.0,100.0,20.0,1,-20.0,1,1,1,657.12,-20.0,10240
64.157,63.205,657.2,31.0,657.22,11.0,100.0,20.0,1,-20.0,1,1,1,657.22,-20.0,10240
64.277,63.299,657.3,25.0,657.32,5.0,100.0,20.0,1,-20.0,1,1,1,657.32,-20.0,10240
64.375,63.402,657.4,28.0,657.42,8.0,100.0,20.0,1,-20.0,1,1,1,657.42,-20.0,10240
64.463,63.503,657.5,29.0,657.52,9.0,100.0,20.0,1,-20.0,1,1,1,657.52,-20.0,10240
64.566,63.598,657.6,24.0,657.62,4.0,100.0,20.0,1,-20.0,1,1,1,657.62,-20.0,10240
64.701,63.705,657.7,31.0,657.72,11.0,100.0,20.0,1,-20.0,1,1,1,657.72,-20.0,10240
64.778,63.8,657.8,26.0,657.82,6.0,100.0,20.0,1,-20.0,1,1,1,657.82,-20.0,10240
64.875,63.903,657.9,29.0,657.92,9.0,100.0,20.0,1,-20.0,1,1,1,657.92,-20.0,10240
64.975,64.002,658.0,28.0,658.02,8.0,100.0,20.0,1,-20.0,1,1,1,658.02,-20.0,10240
65.08,64.099,658.1,25.0,658.12,5.0,100.0,20.0,1,-20.0,1,1,1,658.12,-20.0,10240
65.187,64.201,658.2,27.0,658.22,7.0,100.0,20.0,1,-20.0,1,1,1,658.22,-20.0,10240
65.285,64.3,658.3,26.0,658.32,6.0,100.0,20.0,1,-20.0,1,1,1,658.32,-20.0,10240
65.374,64.4,658.4,26.0,658.42,6.0,100.0,20.0,1,-20.0,1,1,1,658.42,-20.0,10240
65.479,64.501,658.5,27.0,658.52,7.0,100.0,20.0,1,-20.0,1,1,1,658.52,-20.0,10240
65.58,64.598,658.6,24.0,658.62,4.0,100.0,20.0,1,-20.0,1,1,1,658.62,-20.0,10240
65.692,64.698,658.7,24.0,658.72,4.0,100.0,20.0,1,-20.0,1,1,1,658.72,-20.0,10240
65.796,64.805,658.8,31.0,658.82,11.0,100.0,20.0,1,-20.0,1,1,1,658.82,-20.0,10240
65.891,64.901,658.9,27.0,658.92,7.0,100.0,20.0,1,-20.0,1,1,1,658.92,-20.0,10240
65.993,64.997,659.0,23.0,659.02,3.0,100.0,20.0,1,-20.0,1,1,1,659.02,-20.0,10240
66.095,65.096,659.1,22.0,659.12,2.0,100.0,20.0,1,0.0,1,1,1,659.1,0.0,10240
66.183,65.193,659.2,19.0,659.2,19.0,100.0,20.0,1,0.0,1,1,1,659.2,0.0,10240
66.277,65.291,659.3,17.0,659.3,17.0,100.0,20.0,1,0.0,1,1,1,659.3,0.0,10240
66.397,65.397,659.4,23.0,659.42,3.0,100.0,20.0,1,0.0,1,1,1,659.4,0.0,10240
66.503,65.498,659.5,24.0,659.52,4.0,100.0,20.0,1,-20.0,1,1,1,659.52,-20.0,10240
66.61,65.602,659.6,28.0,659.62,8.0,100.0,20.0,1,-20.0,1,1,1,659.62,-20.0,10240
66.718,65.695,659.7,21.0,659.72,1.0,100.0,20.0,1,0.0,1,1,1,659.7,0.0,10240
66.814,65.8,659.8,26.0,659.82,6.0,100.0,20.0,1,-20.0,1,1,1,659.82,-20.0,10240
66.919,65.901,659.9,27.0,659.92,7.0,100.0,20.0,1,-20.0,1,1,1,659.92,-20.0,10240
67.013,65.994,660.0,20.0,660.0,20.0,100.0,20.0,1,0.0,1,1,1,660.0,0.0,10240
67.129,66.099,660.1,25.0,660.12,5.0,100.0,20.0,1,-20.0,1,1,1,660.12,-20.0,10240
67.231,66.198,660.2,24.0,660.22,4.0,100.0,20.0,1,-20.0,1,1,1,660.22,-20.0,10240
67.319,66.296,660.3,22.0,660.32,2.0,100.0,20.0,1,0.0,1,1,1,660.3,0.0,10240
67.425,66.4,660.4,26.0,660.42,6.0,100.0,20.0,1,0.0,1,1,1,660.4,0.0,10240
67.53,66.496,660.5,22.0,660.52,2.0,100.0,20.0,1,-20.0,1,1,1,660.52,-20.0,10240
67.627,66.594,660.6,20.0,660.6,20.0,100.0,20.0,1,0.0,1,1,1,660.6,0.0,10240
67.746,66.705,660.7,31.0,660.72,11.0,100.0,20.0,1,-20.0,1,1,1,660.72,-20.0,10240
67.839,66.797,660.8,23.0,660.82,3.0,100.0,20.0,1,0.0,1,1,1,660.8,0.0,10240
67.945,66.901,660.9,27.0,660.92,7.0,100.0,20.0,1,-20.0,1,1,1,660.92,-20.0,10240
68.044,66.998,661.0,24.0,661.02,4.0,100.0,20.0,1,0.0,1,1,1,661.0,0.0,10240
68.15,67.101,661.1,27.0,661.12,7.0,100.0,20.0,1,-20.0,1,1,1,661.12,-20.0,10240
68.243,67.198,661.2,24.0,661.22,4.0,100.0,20.0,1,0.0,1,1,1,661.2,0.0,10240
68.358,67.304,661.3,30.0,661.32,10.0,100.0,20.0,1,-20.0,1,1,1,661.32,-20.0,10240
68.46,67.399,661.4,25.0,661.42,5.0,100.0,20.0,1,0.0,1,1,1,661.4,0.0,10240
68.554,67.506,661.5,32.0,661.52,12.0,100.0,20.0,1,-20.0,1,1,1,661.52,-20.0,10240
68.651,67.601,661.6,27.0,661.62,7.0,100.0,20.0,1,0.0,1,1,1,661.6,0.0,10240
68.761,67.708,661.7,34.0,661.72,14.0,100.0,20.0,1,-20.0,1,1,1,661.72,-20.0,10240
68.847,67.797,661.8,23.0,661.82,3.0,100.0,20.0,1,0.0,1,1,1,661.8,0.0,10240
68.957,67.904,661.9,30.0,661.92,10.0,100.0,20.0,1,-20.0,1,1,1,661.92,-20.0,10240
69.049,67.996,662.0,22.0,662.02,2.0,100.0,20.0,1,-20.0,1,1,1,662.02,-20.0,10240
69.157,68.102,662.1,28.0,662.12,8.0,100.0,20.0,1,-20.0,1,1,1,662.12,-20.0,10240
69.258,68.203,662.2,29.0,662.22,9.0,100.0,20.0,1,-20.0,1,1,1,662.22,-20.0,10240
69.365,68.301,662.3,27.0,662.32,7.0,100.0,20.0,1,-20.0,1,1,1,662.32,-20.0,10240
69.469,68.396,662.4,22.0,662.42,2.0,100.0,20.0,1,0.0,1,1,1,662.4,0.0,10240
69.575,68.498,662.5,24.0,662.52,4.0,100.0,20.0,1,-20.0,1,1,1,662.52,-20.0,10240
69.676,68.6,662.6,26.0,662.62,6.0,100.0,20.0,1,-20.0,1,1,1,662.62,-20.0,10240
69.774,68.699,662.7,25.0,662.72,5.0,100.0,20.0,1,-20.0,1,1,1,662.72,-20.0,10240
69.891,68.802,662.8,28.0,662.82,8.0,100.0,20.0,1,-20.0,1,1,1,662.82,-20.0,10240
69.995,68.906,662.9,32.0,662.92,12.0,100.0,20.0,1,-20.0,1,1,1,662.92,-20.0,10240
70.094,69.009,663.0,35.0,663.02,15.0,100.0,20.0,1,-20.0,1,1,1,663.02,-20.0,10240
70.216,69.106,663.1,32.0,663.12,12.0,100.0,20.0,1,-20.0,1,1,1,663.12,-20.0,10240
70.309,69.204,663.2,30.0,663.22,10.0,100.0,20.0,1,-20.0,1,1,1,663.22,-20.0,10240
70.408,69.303,663.3,29.0,663.32,9.0,100.0,20.0,1,-20.0,1,1,1,663.32,-20.0,10240
70.502,69.396,663.4,22.0,663.42,2.0,100.0,20.0,1,-20.0,1,1,1,663.42,-20.0,10240
70.618,69.501,663.5,27.0,663.52,7.0,100.0,20.0,1,-20.0,1,1,1,663.52,-20.0,10240
70.71,69.602,663.6,28.0,663.62,8.0,100.0,20.0,1,-20.0,1,1,1,663.62,-20.0,10240
70.817,69.704,663.7,30.0,663.72,10.0,100.0,20.0,1,-20.0,1,1,1,663.72,-20.0,10240
70.918,69.798,663.8,24.0,663.82,4.0,100.0,20.0,1,-20.0,1,1,1,663.82,-20.0,10240
71.012,69.903,663.9,29.0,663.92,9.0,100.0,20.0,1,-20.0,1,1,1,663.92,-20.0,10240
71.109,70.0,664.0,26.0,664.02,6.0,100.0,20.0,1,-20.0,1,1,1,664.02,-20.0,10240
71.217,70.099,664.1,25.0,664.12,5.0,100.0,20.0,1,-20.0,1,1,1,664.12,-20.0,10240
71.324,70.206,664.2,32.0,664.22,12.0,100.0,20.0,1,-20.0,1,1,1,664.22,-20.0,10240
71.419,70.297,664.3,23.0,664.32,3.0,100.0,20.0,1,0.0,1,1,1,664.3,0.0,10240
71.521,70.399,664.4,25.0,664.42,5.0,100.0,20.0,1,-20.0,1,1,1,664.42,-20.0,10240
71.627,70.499,664.5,25.0,664.52,5.0,100.0,20.0,1,-20.0,1,1,1,664.52,-20.0,10240
71.73,70.598,664.6,24.0,664.62,4.0,100.0,20.0,1,-20.0,1,1,1,664.62,-20.0,10240
71.839,70.7,664.7,26.0,664.72,6.0,100.0,20.0,1,-20.0,1,1,1,664.72,-20.0,10240
71.95,70.8,664.8,26.0,664.82,6.0,100.0,20.0,1,-20.0,1,1,1,664.82,-20.0,10240
72.05,70.907,664.9,33.0,664.92,13.0,100.0,20.0,1,-20.0,1,1,1,664.92,-20.0,10240
72.151,71.014,665.0,40.0,665.02,20.0,100.0,20.0,1,-20.0,1,1,1,665.02,-20.0,10240
72.238,71.102,665.1,28.0,665.12,8.0,100.0,20.0,1,-20.0,1,1,1,665.12,-20.0,10240
72.345,71.207,665.2,33.0,665.22,13.0,100.0,20.0,1,-20.0,1,1,1,665.22,-20.0,10240
72.446,71.305,665.3,31.0,665.32,11.0,100.0,20.0,1,0.0,1,1,1,665.3,0.0,10240
72.546,71.408,665.4,34.0,665.42,14.0,100.0,20.0,1,-20.0,1,1,1,665.42,-20.0,10240
72.653,71.508,665.5,34.0,665.52,14.0,100.0,20.0,1,-20.0,1,1,1,665.52,-20.0,10240
72.754,71.603,665.6,29.0,665.62,9.0,100.0,20.0,1,-20.0,1,1,1,665.62,-20.0,10240
72.848,71.699,665.7,25.0,665.72,5.0,100.0,20.0,1,0.0,1,1,1,665.7,0.0,10240
72.946,71.797,665.8,23.0,665.82,3.0,100.0,20.0,1,0.0,1,1,1,665.8,0.0,10240
73.053,71.898,665.9,24.0,665.92,4.0,100.0,20.0,1,-20.0,1,1,1,665.92,-20.0,10240
73.156,72.007,666.0,33.0,666.02,13.0,100.0,20.0,1,-20.0,1,1,1,666.02,-20.0,10240
73.248,72.097,666.1,23.0,666.12,3.0,100.0,20.0,1,0.0,1,1,1,666.1,0.0,10240
73.347,72.196,666.2,22.0,666.22,2.0,100.0,20.0,1,-20.0,1,1,1,666.22,-20.0,10240
73.473,72.3,666.3,26.0,666.32,6.0,100.0,20.0,1,-20.0,1,1,1,666.32,-20.0,10240
73.581,72.398,666.4,24.0,666.42,4.0,100.0,20.0,1,-20.0,1,1,1,666.42,-20.0,10240
73.688,72.496,666.5,22.0,666.52,2.0,100.0,20.0,1,-20.0,1,1,1,666.52,-20.0,10240
73.787,72.605,666.6,31.0,666.62,11.0,100.0,20.0,1,-20.0,1,1,1,666.62,-20.0,10240
73.891,72.706,666.7,32.0,666.72,12.0,100.0,20.0,1,-20.0,1,1,1,666.72,-20.0,10240
73.985,72.802,666.8,28.0,666.82,8.0,100.0,20.0,1,-20.0,1,1,1,666.82,-20.0,10240
74.085,72.903,666.9,29.0,666.92,9.0,100.0,20.0,1,-20.0,1,1,1,666.92,-20.0,10240
74.191,73.005,667.0,31.0,667.02,11.0,100.0,20.0,1,-20.0,1,1,1,667.02,-20.0,10240
74.292,73.1,667.1,26.0,667.12,6.0,100.0,20.0,1,-20.0,1,1,1,667.12,-20.0,10240
74.4,73.207,667.2,33.0,667.22,13.0,100.0,20.0,1,-20.0,1,1,1,667.22,-20.0,10240
74.492,73.306,667.3,32.0,667.32,12.0,100.0,20.0,1,-20.0,1,1,1,667.32,-20.0,10240
74.598,73.408,667.4,34.0,667.42,14.0,100.0,20.0,1,-20.0,1,1,1,667.42,-20.0,10240
74.709,73.501,667.5,27.0,667.52,7.0,100.0,20.0,1,-20.0,1,1,1,667.52,-20.0,10240
74.798,73.601,667.6,27.0,667.62,7.0,100.0,20.0,1,-20.0,1,1,1,667.62,-20.0,10240
74.926,73.702,667.7,28.0,667.72,8.0,100.0,20.0,1,-20.0,1,1,1,667.72,-20.0,10240
75.026,73.805,667.8,31.0,667.82,11.0,100.0,20.0,1,-20.0,1,1,1,667.82,-20.0,10240
75.134,73.909,667.9,35.0,667.92,15.0,100.0,20.0,1,-20.0,1,1,1,667.92,-20.0,10240
75.23,74.01,668.0,36.0,668.02,16.0,100.0,20.0,1,-20.0,1,1,1,668.02,-20.0,10240
75.324,74.103,668.1,29.0,668.12,9.0,100.0,20.0,1,-20.0,1,1,1,668.12,-20.0,10240
75.433,74.199,668.2,25.0,668.22,5.0,100.0,20.0,1,-20.0,1,1,1,668.22,-20.0,10240
75.536,74.319,668.3,45.0,668.32,25.0,100.0,20.0,1,-20.0,1,1,1,668.32,-20.0,10240
75.631,74.405,668.4,31.0,668.42,11.0,100.0,20.0,1,-20.0,1,1,1,668.42,-20.0,10240
75.741,74.505,668.5,31.0,668.52,11.0,100.0,20.0,1,-20.0,1,1,1,668.52,-20.0,10240
75.846,74.602,668.6,28.0,668.62,8.0,100.0,20.0,1,-20.0,1,1,1,668.62,-20.0,10240
75.946,74.713,668.7,39.0,668.72,19.0,100.0,20.0,1,-20.0,1,1,1,668.72,-20.0,10240
76.044,74.802,668.8,28.0,668.82,8.0,100.0,20.0,1,-20.0,1,1,1,668.82,-20.0,10240
76.14,74.899,668.9,25.0,668.92,5.0,100.0,20.0,1,-20.0,1,1,1,668.92,-20.0,10240
76.251,74.997,669.0,23.0,669.02,3.0,100.0,20.0,1,-20.0,1,1,1,669.02,-20.0,10240
76.354,75.101,669.1,27.0,669.12,7.0,100.0,20.0,1,-20.0,1,1,1,669.12,-20.0,10240
76.443,75.204,669.2,30.0,669.22,10.0,100.0,20.0,1,-20.0,1,1,1,669.22,-20.0,10240
76.549,75.303,669.3,29.0,669.32,9.0,100.0,20.0,1,-20.0,1,1,1,669.32,-20.0,10240
76.655,75.396,669.4,22.0,669.42,2.0,100.0,20.0,1,0.0,1,1,1,669.4,0.0,10240
76.764,75.508,669.5,34.0,669.52,14.0,100.0,20.0,1,-20.0,1,1,1,669.52,-20.0,10240
76.857,75.604,669.6,30.0,669.62,10.0,100.0,20.0,1,-20.0,1,1,1,669.62,-20.0,10240
76.959,75.708,669.7,34.0,669.72,14.0,100.0,20.0,1,-20.0,1,1,1,669.72,-20.0,10240
77.066,75.801,669.8,27.0,669.82,7.0,100.0,20.0,1,-20.0,1,1,1,669.82,-20.0,10240
77.166,75.905,669.9,31.0,669.92,11.0,100.0,20.0,1,-20.0,1,1,1,669.92,-20.0,10240
77.257,76.006,670.0,32.0,670.02,12.0,100.0,20.0,1,-20.0,1,1,1,670.02,-20.0,10240
77.36,76.102,670.1,28.0,670.12,8.0,100.0,20.0,1,-20.0,1,1,1,670.12,-20.0,10240
77.467,76.197,670.2,23.0,670.22,3.0,100.0,20.0,1,-20.0,1,1,1,670.22,-20.0,10240
77.567,76.301,670.3,27.0,670.32,7.0,100.0,20.0,1,-20.0,1,1,1,670.32,-20.0,10240
77.666,76.404,670.4,30.0,670.42,10.0,100.0,20.0,1,-20.0,1,1,1,670.42,-20.0,10240
77.77,76.498,670.5,24.0,670.52,4.0,100.0,20.0,1,-20.0,1,1,1,670.52,-20.0,10240
77.87,76.6,670.6,26.0,670.62,6.0,100.0,20.0,1,-20.0,1,1,1,670.62,-20.0,10240
77.974,76.697,670.7,23.0,670.72,3.0,100.0,20.0,1,0.0,1,1,1,670.7,0.0,10240
78.077,76.794,670.8,20.0,670.82,0.0,100.0,20.0,1,0.0,1,1,1,670.8,0.0,10240
78.182,76.906,670.9,32.0,670.92,12.0,100.0,20.0,1,-20.0,1,1,1,670.92,-20.0,10240
78.272,76.997,671.0,23.0,671.02,3.0,100.0,20.0,1,-20.0,1,1,1,671.02,-20.0,10240
78.411,77.102,671.1,28.0,671.12,8.0,100.0,20.0,1,-20.0,1,1,1,671.12,-20.0,10240
78.476,77.199,671.2,25.0,671.22,5.0,100.0,20.0,1,0.0,1,1,1,671.2,0.0,10240
78.586,77.3,671.3,26.0,671.32,6.0,100.0,20.0,1,-20.0,1,1,1,671.32,-20.0,10240
78.687,77.4,671.4,26.0,671.42,6.0,100.0,20.0,1,-20.0,1,1,1,671.42,-20.0,10240
78.782,77.498,671.5,24.0,671.52,4.0,100.0,20.0,1,-20.0,1,1,1,671.52,-20.0,10240
78.888,77.602,671.6,28.0,671.62,8.0,100.0,20.0,1,-20.0,1,1,1,671.62,-20.0,10240
78.994,77.698,671.7,24.0,671.72,4.0,100.0,20.0,1,-20.0,1,1,1,671.72,-20.0,10240
79.085,77.797,671.8,23.0,671.82,3.0,100.0,20.0,1,-20.0,1,1,1,671.82,-20.0,10240
79.202,77.899,671.9,25.0,671.92,5.0,100.0,20.0,1,-20.0,1,1,1,671.92,-20.0,10240
79.299,78.0,672.0,26.0,672.02,6.0,100.0,20.0,1,-20.0,1,1,1,672.02,-20.0,10240
79.393,78.097,672.1,23.0,672.12,3.0,100.0,20.0,1,-20.0,1,1,1,672.12,-20.0,10240
79.485,78.194,672.2,20.0,672.2,20.0,100.0,20.0,1,0.0,1,1,1,672.2,0.0,10240
79.598,78.299,672.3,25.0,672.32,5.0,100.0,20.0,1,-20.0,1,1,1,672.32,-20.0,10240
79.698,78.395,672.4,21.0,672.42,1.0,100.0,20.0,1,0.0,1,1,1,672.4,0.0,10240
79.804,78.498,672.5,24.0,672.52,4.0,100.0,20.0,1,-20.0,1,1,1,672.52,-20.0,10240
79.919,78.6,672.6,26.0,672.62,6.0,100.0,20.0,1,0.0,1,1,1,672.6,0.0,10240
80.022,78.702,672.7,28.0,672.72,8.0,100.0,20.0,1,-20.0,1,1,1,672.72,-20.0,10240
80.119,78.799,672.8,25.0,672.82,5.0,100.0,20.0,1,-20.0,1,1,1,672.82,-20.0,10240
80.233,78.902,672.9,28.0,672.92,8.0,100.0,20.0,1,-20.0,1,1,1,672.92,-20.0,10240
80.338,79.006,673.0,32.0,673.02,12.0,100.0,20.0,1,-20.0,1,1,1,673.02,-20.0,10240
80.426,79.098,673.1,24.0,673.12,4.0,100.0,20.0,1,-20.0,1,1,1,673.12,-20.0,10240
80.533,79.199,673.2,25.0,673.22,5.0,100.0,20.0,1,-20.0,1,1,1,673.22,-20.0,10240
80.638,79.303,673.3,29.0,673.32,9.0,100.0,20.0,1,-20.0,1,1,1,673.32,-20.0,10240
80.729,79.398,673.4,24.0,673.42,4.0,100.0,20.0,1,-20.0,1,1,1,673.42,-20.0,10240
80.845,79.504,673.5,30.0,673.52,10.0,100.0,20.0,1,-20.0,1,1,1,673.52,-20.0,10240
80.946,79.614,673.6,40.0,673.62,20.0,100.0,20.0,1,-20.0,1,1,1,673.62,-20.0,10240
81.047,79.703,673.7,29.0,673.72,9.0,100.0,20.0,1,-20.0,1,1,1,673.72,-20.0,10240
81.151,79.806,673.8,32.0,673.82,12.0,100.0,20.0,1,-20.0,1,1,1,673.82,-20.0,10240
81.241,79.901,673.9,27.0,673.92,7.0,100.0,20.0,1,-20.0,1,1,1,673.92,-20.0,10240
81.355,80.001,674.0,27.0,674.02,7.0,100.0,20.0,1,-20.0,1,1,1,674.02,-20.0,10240
81.465,80.099,674.1,25.0,674.12,5.0,100.0,20.0,1,-20.0,1,1,1,674.12,-20.0,10240
81.57,80.209,674.2,35.0,674.22,15.0,100.0,20.0,1,-20.0,1,1,1,674.22,-20.0,10240
81.68,80.295,674.3,21.0,674.32,1.0,100.0,20.0,1,-20.0,1,1,1,674.32,-20.0,10240
81.762,80.404,674.4,30.0,674.42,10.0,100.0,20.0,1,-20.0,1,1,1,674.42,-20.0,10240
81.853,80.496,674.5,22.0,674.52,2.0,100.0,20.0,1,-20.0,1,1,1,674.52,-20.0,10240
81.969,80.604,674.6,30.0,674.62,10.0,100.0,20.0,1,-20.0,1,1,1,674.62,-20.0,10240
82.056,80.7,674.7,26.0,674.72,6.0,100.0,20.0,1,-20.0,1,1,1,674.72,-20.0,10240
82.161,80.805,674.8,31.0,674.82,11.0,100.0,20.0,1,-20.0,1,1,1,674.82,-20.0,10240
82.264,80.899,674.9,25.0,674.92,5.0,100.0,20.0,1,-20.0,1,1,1,674.92,-20.0,10240
82.373,81.004,675.0,30.0,675.02,10.0,100.0,20.0,1,-20.0,1,1,1,675.02,-20.0,10240
82.471,81.095,675.1,21.0,675.12,1.0,100.0,20.0,1,-20.0,1,1,1,675.12,-20.0,10240
82.569,81.201,675.2,27.0,675.22,7.0,100.0,20.0,1,-20.0,1,1,1,675.22,-20.0,10240
82.672,81.302,675.3,28.0,675.32,8.0,100.0,20.0,1,-20.0,1,1,1,675.32,-20.0,10240
82.779,81.404,675.4,30.0,675.42,10.0,100.0,20.0,1,-20.0,1,1,1,675.42,-20.0,10240
82.881,81.506,675.5,32.0,675.52,12.0,100.0,20.0,1,-20.0,1,1,1,675.52,-20.0,10240
82.982,81.6,675.6,26.0,675.62,6.0,100.0,20.0,1,-20.0,1,1,1,675.62,-20.0,10240
83.076,81.696,675.7,22.0,675.72,2.0,100.0,20.0,1,0.0,1,1,1,675.7,0.0,10240
83.186,81.803,675.8,29.0,675.82,9.0,100.0,20.0,1,-20.0,1,1,1,675.82,-20.0,10240
83.277,81.905,675.9,31.0,675.92,11.0,100.0,20.0,1,-20.0,1,1,1,675.92,-20.0,10240
83.381,82.003,676.0,29.0,676.02,9.0,100.0,20.0,1,-20.0,1,1,1,676.02,-20.0,10240
83.488,82.105,676.1,31.0,676.12,11.0,100.0,20.0,1,-20.0,1,1,1,676.12,-20.0,10240
83.586,82.2,676.2,26.0,676.22,6.0,100.0,20.0,1,-20.0,1,1,1,676.22,-20.0,10240
83.688,82.299,676.3,25.0,676.32,5.0,100.0,20.0,1,0.0,1,1,1,676.3,0.0,10240
83.8,82.398,676.4,24.0,676.42,4.0,100.0,20.0,1,-20.0,1,1,1,676.42,-20.0,10240
83.914,82.503,676.5,29.0,676.52,9.0,100.0,20.0,1,-20.0,1,1,1,676.52,-20.0,10240
84.007,82.597,676.6,23.0,676.62,3.0,100.0,20.0,1,0.0,1,1,1,676.6,0.0,10240
84.101,82.707,676.7,33.0,676.72,13.0,100.0,20.0,1,-20.0,1,1,1,676.72,-20.0,10240
84.208,82.797,676.8,23.0,676.82,3.0,100.0,20.0,1,0.0,1,1,1,676.8,0.0,10240
84.315,82.901,676.9,27.0,676.92,7.0,100.0,20.0,1,-20.0,1,1,1,676.92,-20.0,10240
84.406,82.997,677.0,23.0,677.02,3.0,100.0,20.0,1,-20.0,1,1,1,677.02,-20.0,10240
84.513,83.102,677.1,28.0,677.12,8.0,100.0,20.0,1,-20.0,1,1,1,677.12,-20.0,10240
84.617,83.201,677.2,27.0,677.22,7.0,100.0,20.0,1,-20.0,1,1,1,677.22,-20.0,10240
84.709,83.3,677.3,26.0,677.32,6.0,100.0,20.0,1,-20.0,1,1,1,677.32,-20.0,10240
84.813,83.398,677.4,24.0,677.42,4.0,100.0,20.0,1,0.0,1,1,1,677.4,0.0,10240
84.923,83.505,677.5,31.0,677.52,11.0,100.0,20.0,1,-20.0,1,1,1,677.52,-20.0,10240
85.019,83.603,677.6,29.0,677.62,9.0,100.0,20.0,1,-20.0,1,1,1,677.62,-20.0,10240
85.116,83.702,677.7,28.0,677.72,8.0,100.0,20.0,1,-20.0,1,1,1,677.72,-20.0,10240
85.217,83.801,677.8,27.0,677.82,7.0,100.0,20.0,1,-20.0,1,1,1,677.82,-20.0,10240
85.315,83.899,677.9,25.0,677.92,5.0,100.0,20.0,1,-20.0,1,1,1,677.92,-20.0,10240
85.43,84.002,678.0,28.0,678.02,8.0,100.0,20.0,1,-20.0,1,1,1,678.02,-20.0,10240
85.53,84.108,678.1,34.0,678.12,14.0,100.0,20.0,1,-20.0,1,1,1,678.12,-20.0,10240
85.633,84.199,678.2,25.0,678.22,5.0,100.0,20.0,1,-20.0,1,1,1,678.22,-20.0,10240
85.725,84.307,678.3,33.0,678.32,13.0,100.0,20.0,1,-20.0,1,1,1,678.32,-20.0,10240
85.831,84.402,678.4,28.0,678.42,8.0,100.0,20.0,1,-20.0,1,1,1,678.42,-20.0,10240
85.933,84.499,678.5,25.0,678.52,5.0,100.0,20.0,1,-20.0,1,1,1,678.52,-20.0,10240
86.025,84.599,678.6,25.0,678.62,5.0,100.0,20.0,1,-20.0,1,1,1,678.62,-20.0,10240
86.133,84.701,678.7,27.0,678.72,7.0,100.0,20.0,1,-20.0,1,1,1,678.72,-20.0,10240
86.26,84.799,678.8,25.0,678.82,5.0,100.0,20.0,1,0.0,1,1,1,678.8,0.0,10240
86.342,84.901,678.9,27.0,678.92,7.0,100.0,20.0,1,-20.0,1,1,1,678.92,-20.0,10240
86.428,85.001,679.0,27.0,679.02,7.0,100.0,20.0,1,-20.0,1,1,1,679.02,-20.0,10240
86.53,85.1,679.1,26.0,679.12,6.0,100.0,20.0,1,-20.0,1,1,1,679.12,-20.0,10240
86.638,85.204,679.2,30.0,679.22,10.0,100.0,20.0,1,-20.0,1,1,1,679.22,-20.0,10240
86.75,85.303,679.3,29.0,679.32,9.0,100.0,20.0,1,-20.0,1,1,1,679.32,-20.0,10240
86.868,85.399,679.4,25.0,679.42,5.0,100.0,20.0,1,-20.0,1,1,1,679.42,-20.0,10240
86.957,85.5,679.5,26.0,679.52,6.0,100.0,20.0,1,-20.0,1,1,1,679.52,-20.0,10240
87.037,85.598,679.6,24.0,679.62,4.0,100.0,20.0,1,-20.0,1,1,1,679.62,-20.0,10240
87.151,85.71,679.7,36.0,679.72,16.0,100.0,20.0,1,0.0,1,1,1,679.7,0.0,10240
87.253,85.801,679.8,27.0,679.82,7.0,100.0,20.0,1,-20.0,1,1,1,679.82,-20.0,10240
87.355,85.899,679.9,25.0,679.92,5.0,100.0,20.0,1,-20.0,1,1,1,679.92,-20.0,10240
87.46,86.001,680.0,27.0,680.02,7.0,100.0,20.0,1,0.0,1,1,1,680.0,0.0,10240
87.582,86.102,680.1,28.0,680.12,8.0,100.0,20.0,1,-20.0,1,1,1,680.12,-20.0,10240
87.677,86.2,680.2,26.0,680.22,6.0,100.0,20.0,1,-20.0,1,1,1,680.22,-20.0,10240
87.75,86.301,680.3,27.0,680.32,7.0,100.0,20.0,1,-20.0,1,1,1,680.32,-20.0,10240
87.863,86.401,680.4,27.0,680.42,7.0,100.0,20.0,1,-20.0,1,1,1,680.42,-20.0,10240
87.979,86.513,680.5,39.0,680.52,19.0,100.0,20.0,1,-20.0,1,1,1,680.52,-20.0,10240
88.064,86.604,680.6,30.0,680.62,10.0,100.0,20.0,1,-20.0,1,1,1,680.62,-20.0,10240
88.172,86.708,680.7,34.0,680.72,14.0,100.0,20.0,1,-20.0,1,1,1,680.72,-20.0,10240
88.272,86.811,680.8,37.0,680.82,17.0,100.0,20.0,1,-20.0,1,1,1,680.82,-20.0,10240
88.391,86.909,680.9,35.0,680.92,15.0,100.0,20.0,1,-20.0,1,1,1,680.92,-20.0,10240
88.467,87.002,681.0,28.0,681.02,8.0,100.0,20.0,1,-20.0,1,1,1,681.02,-20.0,10240
88.566,87.101,681.1,27.0,681.12,7.0,100.0,20.0,1,-20.0,1,1,1,681.12,-20.0,10240
88.677,87.203,681.2,29.0,681.22,9.0,100.0,20.0,1,-20.0,1,1,1,681.22,-20.0,10240
88.788,87.303,681.3,29.0,681.32,9.0,100.0,20.0,1,-20.0,1,1,1,681.32,-20.0,10240
88.905,87.408,681.4,34.0,681.42,14.0,100.0,20.0,1,-20.0,1,1,1,681.42,-20.0,10240
88.992,87.506,681.5,32.0,681.52,12.0,100.0,20.0,1,-20.0,1,1,1,681.52,-20.0,10240
89.097,87.598,681.6,24.0,681.62,4.0,100.0,20.0,1,-20.0,1,1,1,681.62,-20.0,10240
89.222,87.697,681.7,23.0,681.72,3.0,100.0,20.0,1,0.0,1,1,1,681.7,0.0,10240
89.301,87.802,681.8,28.0,681.82,8.0,100.0,20.0,1,-20.0,1,1,1,681.82,-20.0,10240
89.402,87.904,681.9,30.0,681.92,10.0,100.0,20.0,1,-20.0,1,1,1,681.92,-20.0,10240
89.517,88.0,682.0,26.0,682.02,6.0,100.0,20.0,1,-20.0,1,1,1,682.02,-20.0,10240
89.616,88.103,682.1,29.0,682.12,9.0,100.0,20.0,1,-20.0,1,1,1,682.12,-20.0,10240
89.714,88.2,682.2,26.0,682.22,6.0,100.0,20.0,1,-20.0,1,1,1,682.22,-20.0,10240
89.81,88.299,682.3,25.0,682.32,5.0,100.0,20.0,1,-20.0,1,1,1,682.32,-20.0,10240
89.909,88.401,682.4,27.0,682.42,7.0,100.0,20.0,1,-20.0,1,1,1,682.42,-20.0,10240
90.012,88.504,682.5,30.0,682.52,10.0,100.0,20.0,1,-20.0,1,1,1,682.52,-20.0,10240
90.119,88.599,682.6,25.0,682.62,5.0,100.0,20.0,1,-20.0,1,1,1,682.62,-20.0,10240
90.212,88.694,682.7,20.0,682.7,20.0,100.0,20.0,1,0.0,1,1,1,682.7,0.0,10240
90.352,88.797,682.8,23.0,682.82,3.0,100.0,20.0,1,-20.0,1,1,1,682.82,-20.0,10240
90.424,88.897,682.9,23.0,682.92,3.0,100.0,20.0,1,0.0,1,1,1,682.9,0.0,10240
90.523,89.007,683.0,33.0,683.02,13.0,100.0,20.0,1,-20.0,1,1,1,683.02,-20.0,10240
90.626,89.101,683.1,27.0,683.12,7.0,100.0,20.0,1,-20.0,1,1,1,683.12,-20.0,10240
90.727,89.2,683.2,26.0,683.22,6.0,100.0,20.0,1,-20.0,1,1,1,683.22,-20.0,10240
90.827,89.297,683.3,23.0,683.32,3.0,100.0,20.0,1,0.0,1,1,1,683.3,0.0,10240
90.94,89.398,683.4,24.0,683.42,4.0,100.0,20.0,1,-20.0,1,1,1,683.42,-20.0,10240
91.044,89.496,683.5,22.0,683.52,2.0,100.0,20.0,1,0.0,1,1,1,683.5,0.0,10240
91.152,89.603,683.6,29.0,683.62,9.0,100.0,20.0,1,-20.0,1,1,1,683.62,-20.0,10240
91.24,89.695,683.7,21.0,683.72,1.0,100.0,20.0,1,-20.0,1,1,1,683.72,-20.0,10240
91.359,89.812,683.8,38.0,683.82,18.0,100.0,20.0,1,-20.0,1,1,1,683.82,-20.0,10240
91.453,89.902,683.9,28.0,683.92,8.0,100.0,20.0,1,-20.0,1,1,1,683.92,-20.0,10240
91.557,89.999,684.0,25.0,684.02,5.0,100.0,20.0,1,-20.0,1,1,1,684.02,-20.0,10240
91.643,90.099,684.1,25.0,684.12,5.0,100.0,20.0,1,-20.0,1,1,1,684.12,-20.0,10240
91.744,90.199,684.2,25.0,684.22,5.0,100.0,20.0,1,-20.0,1,1,1,684.22,-20.0,10240
91.855,90.298,684.3,24.0,684.32,4.0,100.0,20.0,1,-20.0,1,1,1,684.32,-20.0,10240
91.951,90.399,684.4,25.0,684.42,5.0,100.0,20.0,1,-20.0,1,1,1,684.42,-20.0,10240
92.062,90.5,684.5,26.0,684.52,6.0,100.0,20.0,1,-20.0,1,1,1,684.52,-20.0,10240
92.159,90.601,684.6,27.0,684.62,7.0,100.0,20.0,1,-20.0,1,1,1,684.62,-20.0,10240
92.248,90.697,684.7,23.0,684.72,3.0,100.0,20.0,1,-20.0,1,1,1,684.72,-20.0,10240
92.353,90.808,684.8,34.0,684.82,14.0,100.0,20.0,1,-20.0,1,1,1,684.82,-20.0,10240
92.455,90.897,684.9,23.0,684.92,3.0,100.0,20.0,1,-20.0,1,1,1,684.92,-20.0,10240
92.55,90.995,685.0,21.0,685.02,1.0,100.0,20.0,1,0.0,1,1,1,685.0,0.0,10240
92.656,91.098,685.1,24.0,685.12,4.0,100.0,20.0,1,-20.0,1,1,1,685.12,-20.0,10240
92.768,91.197,685.2,23.0,685.22,3.0,100.0,20.0,1,0.0,1,1,1,685.2,0.0,10240
92.877,91.302,685.3,28.0,685.32,8.0,100.0,20.0,1,-20.0,1,1,1,685.32,-20.0,10240
92.986,91.406,685.4,32.0,685.42,12.0,100.0,20.0,1,-20.0,1,1,1,685.42,-20.0,10240
93.075,91.498,685.5,24.0,685.52,4.0,100.0,20.0,1,0.0,1,1,1,685.5,0.0,10240
93.177,91.6,685.6,26.0,685.62,6.0,100.0,20.0,1,-20.0,1,1,1,685.62,-20.0,10240
93.28,91.7,685.7,26.0,685.72,6.0,100.0,20.0,1,-20.0,1,1,1,685.72,-20.0,10240
93.384,91.802,685.8,28.0,685.82,8.0,100.0,20.0,1,-20.0,1,1,1,685.82,-20.0,10240
93.492,91.888,685.9,14.0,685.9,14.0,100.0,20.0,1,0.0,1,1,1,685.9,0.0,10240
93.596,92.003,686.0,29.0,686.02,9.0,100.0,20.0,1,-20.0,1,1,1,686.02,-20.0,10240
93.706,92.105,686.1,31.0,686.12,11.0,100.0,20.0,1,0.0,1,1,1,686.1,0.0,10240
93.806,92.204,686.2,30.0,686.22,10.0,100.0,20.0,1,-20.0,1,1,1,686.22,-20.0,10240
93.912,92.305,686.3,31.0,686.32,11.0,100.0,20.0,1,-20.0,1,1,1,686.32,-20.0,10240
94.002,92.4,686.4,26.0,686.42,6.0,100.0,20.0,1,-20.0,1,1,1,686.42,-20.0,10240
94.115,92.507,686.5,33.0,686.52,13.0,100.0,20.0,1,-20.0,1,1,1,686.52,-20.0,10240
94.205,92.6,686.6,26.0,686.62,6.0,100.0,20.0,1,-20.0,1,1,1,686.62,-20.0,10240
94.309,92.703,686.7,29.0,686.72,9.0,100.0,20.0,1,-20.0,1,1,1,686.72,-20.0,10240
94.416,92.804,686.8,30.0,686.82,10.0,100.0,20.0,1,-20.0,1,1,1,686.82,-20.0,10240
94.517,92.904,686.9,30.0,686.92,10.0,100.0,20.0,1,-20.0,1,1,1,686.92,-20.0,10240
94.617,92.999,687.0,25.0,687.02,5.0,100.0,20.0,1,-20.0,1,1,1,687.02,-20.0,10240
94.726,93.096,687.1,22.0,687.12,2.0,100.0,20.0,1,-20.0,1,1,1,687.12,-20.0,10240
94.818,93.198,687.2,24.0,687.22,4.0,100.0,20.0,1,0.0,1,1,1,687.2,0.0,10240
94.933,93.307,687.3,33.0,687.32,13.0,100.0,20.0,1,-20.0,1,1,1,687.32,-20.0,10240
95.02,93.399,687.4,25.0,687.42,5.0,100.0,20.0,1,-20.0,1,1,1,687.42,-20.0,10240
95.122,93.502,687.5,28.0,687.52,8.0,100.0,20.0,1,-20.0,1,1,1,687.52,-20.0,10240
95.232,93.599,687.6,25.0,687.62,5.0,100.0,20.0,1,-20.0,1,1,1,687.62,-20.0,10240
95.321,93.7,687.7,26.0,687.72,6.0,100.0,20.0,1,-20.0,1,1,1,687.72,-20.0,10240
95.427,93.802,687.8,28.0,687.82,8.0,100.0,20.0,1,-20.0,1,1,1,687.82,-20.0,10240
95.528,93.91,687.9,36.0,687.92,16.0,100.0,20.0,1,-20.0,1,1,1,687.92,-20.0,10240
95.629,94.004,688.0,30.0,688.02,10.0,100.0,20.0,1,-20.0,1,1,1,688.02,-20.0,10240
95.722,94.096,688.1,22.0,688.12,2.0,100.0,20.0,1,-20.0,1,1,1,688.12,-20.0,10240
95.835,94.198,688.2,24.0,688.22,4.0,100.0,20.0,1,-20.0,1,1,1,688.22,-20.0,10240
95.942,94.301,688.3,27.0,688.32,7.0,100.0,20.0,1,-20.0,1,1,1,688.32,-20.0,10240
96.036,94.406,688.4,32.0,688.42,12.0,100.0,20.0,1,-20.0,1,1,1,688.42,-20.0,10240
96.132,94.499,688.5,25.0,688.52,5.0,100.0,20.0,1,-20.0,1,1,1,688.52,-20.0,10240
96.229,94.596,688.6,22.0,688.62,2.0,100.0,20.0,1,-20.0,1,1,1,688.62,-20.0,10240
96.343,94.702,688.7,28.0,688.72,8.0,100.0,20.0,1,-20.0,1,1,1,688.72,-20.0,10240
96.439,94.798,688.8,24.0,688.82,4.0,100.0,20.0,1,0.0,1,1,1,688.8,0.0,10240
96.534,94.898,688.9,24.0,688.92,4.0,100.0,20.0,1,-20.0,1,1,1,688.92,-20.0,10240
96.634,94.995,689.0,21.0,689.02,1.0,100.0,20.0,1,-20.0,1,1,1,689.02,-20.0,10240
96.739,95.099,689.1,25.0,689.12,5.0,100.0,20.0,1,-20.0,1,1,1,689.12,-20.0,10240
96.833,95.202,689.2,28.0,689.22,8.0,100.0,20.0,1,-20.0,1,1,1,689.22,-20.0,10240
96.945,95.301,689.3,27.0,689.32,7.0,100.0,20.0,1,-20.0,1,1,1,689.32,-20.0,10240
97.034,95.402,689.4,28.0,689.42,8.0,100.0,20.0,1,-20.0,1,1,1,689.42,-20.0,10240
97.159,95.506,689.5,32.0,689.52,12.0,100.0,20.0,1,-20.0,1,1,1,689.52,-20.0,10240
97.266,95.602,689.6,28.0,689.62,8.0,100.0,20.0,1,-20.0,1,1,1,689.62,-20.0,10240
97.354,95.699,689.7,25.0,689.72,5.0,100.0,20.0,1,0.0,1,1,1,689.7,0.0,10240
97.472,95.805,689.8,31.0,689.82,11.0,100.0,20.0,1,-20.0,1,1,1,689.82,-20.0,10240
97.563,95.901,689.9,27.0,689.92,7.0,100.0,20.0,1,-20.0,1,1,1,689.92,-20.0,10240
97.653,95.996,690.0,22.0,690.02,2.0,100.0,20.0,1,-20.0,1,1,1,690.02,-20.0,10240
97.763,96.096,690.1,22.0,690.12,2.0,100.0,20.0,1,-20.0,1,1,1,690.12,-20.0,10240
97.891,96.2,690.2,26.0,690.22,6.0,100.0,20.0,1,-20.0,1,1,1,690.22,-20.0,10240
97.994,96.298,690.3,24.0,690.32,4.0,100.0,20.0,1,-20.0,1,1,1,690.32,-20.0,10240
98.085,96.398,690.4,24.0,690.42,4.0,100.0,20.0,1,0.0,1,1,1,690.4,0.0,10240
98.208,96.509,690.5,35.0,690.52,15.0,100.0,20.0,1,-20.0,1,1,1,690.52,-20.0,10240
98.296,96.607,690.6,33.0,690.62,13.0,100.0,20.0,1,-20.0,1,1,1,690.62,-20.0,10240
98.406,96.704,690.7,30.0,690.72,10.0,100.0,20.0,1,-20.0,1,1,1,690.72,-20.0,10240
98.491,96.798,690.8,24.0,690.82,4.0,100.0,20.0,1,-20.0,1,1,1,690.82,-20.0,10240
98.597,96.899,690.9,25.0,690.92,5.0,100.0,20.0,1,-20.0,1,1,1,690.92,-20.0,10240
98.701,97.007,691.0,33.0,691.02,13.0,100.0,20.0,1,-20.0,1,1,1,691.02,-20.0,10240
98.809,97.101,691.1,27.0,691.12,7.0,100.0,20.0,1,-20.0,1,1,1,691.12,-20.0,10240
98.904,97.198,691.2,24.0,691.22,4.0,100.0,20.0,1,-20.0,1,1,1,691.22,-20.0,10240
99.013,97.303,691.3,29.0,691.32,9.0,100.0,20.0,1,-20.0,1,1,1,691.32,-20.0,10240
99.111,97.398,691.4,24.0,691.42,4.0,100.0,20.0,1,0.0,1,1,1,691.4,0.0,10240
99.209,97.501,691.5,27.0,691.52,7.0,100.0,20.0,1,-20.0,1,1,1,691.52,-20.0,10240
99.322,97.596,691.6,22.0,691.62,2.0,100.0,20.0,1,-20.0,1,1,1,691.62,-20.0,10240
99.421,97.702,691.7,28.0,691.72,8.0,100.0,20.0,1,-20.0,1,1,1,691.72,-20.0,10240
99.526,97.799,691.8,25.0,691.82,5.0,100.0,20.0,1,-20.0,1,1,1,691.82,-20.0,10240
99.627,97.901,691.9,27.0,691.92,7.0,100.0,20.0,1,0.0,1,1,1,691.9,0.0,10240
99.724,97.999,692.0,25.0,692.02,5.0,100.0,20.0,1,-20.0,1,1,1,692.02,-20.0,10240
99.826,98.098,692.1,24.0,692.12,4.0,100.0,20.0,1,-20.0,1,1,1,692.12,-20.0,10240
99.929,98.197,692.2,23.0,692.22,3.0,100.0,20.0,1,-20.0,1,1,1,692.22,-20.0,10240
100.029,98.298,692.3,24.0,692.32,4.0,100.0,20.0,1,0.0,1,1,1,692.3,0.0,10240
100.143,98.408,692.4,34.0,692.42,14.0,100.0,20.0,1,-20.0,1,1,1,692.42,-20.0,10240
100.238,98.505,692.5,31.0,692.52,11.0,100.0,20.0,1,-20.0,1,1,1,692.52,-20.0,10240
100.343,98.598,692.6,24.0,692.62,4.0,100.0,20.0,1,-20.0,1,1,1,692.62,-20.0,10240
100.438,98.698,692.7,24.0,692.72,4.0,100.0,20.0,1,0.0,1,1,1,692.7,0.0,10240
100.562,98.801,692.8,27.0,692.82,7.0,100.0,20.0,1,-20.0,1,1,1,692.82,-20.0,10240
100.643,98.898,692.9,24.0,692.92,4.0,100.0,20.0,1,-20.0,1,1,1,692.92,-20.0,10240
100.746,99.002,693.0,28.0,693.02,8.0,100.0,20.0,1,-20.0,1,1,1,693.02,-20.0,10240
100.849,99.105,693.1,31.0,693.12,11.0,100.0,20.0,1,-20.0,1,1,1,693.12,-20.0,10240
100.957,99.204,693.2,30.0,693.22,10.0,100.0,20.0,1,-20.0,1,1,1,693.22,-20.0,10240
101.053,99.304,693.3,30.0,693.32,10.0,100.0,20.0,1,-20.0,1,1,1,693.32,-20.0,10240
101.152,99.404,693.4,30.0,693.42,10.0,100.0,20.0,1,-20.0,1,1,1,693.42,-20.0,10240
101.263,99.497,693.5,23.0,693.52,3.0,100.0,20.0,1,-20.0,1,1,1,693.52,-20.0,10240
101.355,99.601,693.6,27.0,693.62,7.0,100.0,20.0,1,-20.0,1,1,1,693.62,-20.0,10240
101.469,99.7,693.7,26.0,693.72,6.0,100.0,20.0,1,-20.0,1,1,1,693.72,-20.0,10240
101.563,99.799,693.8,25.0,693.82,5.0,100.0,20.0,1,-20.0,1,1,1,693.82,-20.0,10240
101.666,99.9,693.9,26.0,693.92,6.0,100.0,20.0,1,-20.0,1,1,1,693.92,-20.0,10240
101.809,99.996,694.0,22.0,694.02,2.0,100.0,20.0,1,-20.0,1,1,1,694.02,-20.0,10240
101.872,100.102,694.1,28.0,694.12,8.0,100.0,20.0,1,-20.0,1,1,1,694.12,-20.0,10240
101.974,100.203,694.2,29.0,694.22,9.0,100.0,20.0,1,-20.0,1,1,1,694.22,-20.0,10240
102.084,100.303,694.3,29.0,694.32,9.0,100.0,20.0,1,-20.0,1,1,1,694.32,-20.0,10240
102.182,100.406,694.4,32.0,694.42,12.0,100.0,20.0,1,-20.0,1,1,1,694.42,-20.0,10240
102.297,100.495,694.5,21.0,694.52,1.0,100.0,20.0,1,-20.0,1,1,1,694.52,-20.0,10240
102.387,100.604,694.6,30.0,694.62,10.0,100.0,20.0,1,-20.0,1,1,1,694.62,-20.0,10240
102.483,100.704,694.7,30.0,694.72,10.0,100.0,20.0,1,-20.0,1,1,1,694.72,-20.0,10240
102.596,100.799,694.8,25.0,694.82,5.0,100.0,20.0,1,-20.0,1,1,1,694.82,-20.0,10240
102.68,100.899,694.9,25.0,694.92,5.0,100.0,20.0,1,-20.0,1,1,1,694.92,-20.0,10240
102.797,101.0,695.0,26.0,695.02,6.0,100.0,20.0,1,-20.0,1,1,1,695.02,-20.0,10240
102.9,101.104,695.1,30.0,695.12,10.0,100.0,20.0,1,-20.0,1,1,1,695.12,-20.0,10240
103.008,101.205,695.2,31.0,695.22,11.0,100.0,20.0,1,-20.0,1,1,1,695.22,-20.0,10240
103.093,101.301,695.3,27.0,695.32,7.0,100.0,20.0,1,-20.0,1,1,1,695.32,-20.0,10240
103.206,101.409,695.4,35.0,695.42,15.0,100.0,20.0,1,-20.0,1,1,1,695.42,-20.0,10240
103.307,101.501,695.5,27.0,695.52,7.0,100.0,20.0,1,-20.0,1,1,1,695.52,-20.0,10240
103.401,101.6,695.6,26.0,695.62,6.0,100.0,20.0,1,-20.0,1,1,1,695.62,-20.0,10240
103.512,101.708,695.7,34.0,695.72,14.0,100.0,20.0,1,-20.0,1,1,1,695.72,-20.0,10240
103.601,101.801,695.8,27.0,695.82,7.0,100.0,20.0,1,-20.0,1,1,1,695.82,-20.0,10240
103.722,101.903,695.9,29.0,695.92,9.0,100.0,20.0,1,-20.0,1,1,1,695.92,-20.0,10240
103.816,102.003,696.0,29.0,696.02,9.0,100.0,20.0,1,-20.0,1,1,1,696.02,-20.0,10240
103.915,102.101,696.1,27.0,696.12,7.0,100.0,20.0,1,-20.0,1,1,1,696.12,-20.0,10240
104.019,102.202,696.2,28.0,696.22,8.0,100.0,20.0,1,-20.0,1,1,1,696.22,-20.0,10240
104.105,102.298,696.3,24.0,696.32,4.0,100.0,20.0,1,-20.0,1,1,1,696.32,-20.0,10240
104.216,102.403,696.4,29.0,696.42,9.0,100.0,20.0,1,-20.0,1,1,1,696.42,-20.0,10240
104.314,102.503,696.5,29.0,696.52,9.0,100.0,20.0,1,-20.0,1,1,1,696.52,-20.0,10240
104.414,102.6,696.6,26.0,696.62,6.0,100.0,20.0,1,-20.0,1,1,1,696.62,-20.0,10240
104.512,102.699,696.7,25.0,696.72,5.0,100.0,20.0,1,-20.0,1,1,1,696.72,-20.0,10240
104.629,102.796,696.8,22.0,696.82,2.0,100.0,20.0,1,0.0,1,1,1,696.8,0.0,10240
104.732,102.907,696.9,33.0,696.92,13.0,100.0,20.0,1,-20.0,1,1,1,696.92,-20.0,10240
104.828,103.001,697.0,27.0,697.02,7.0,100.0,20.0,1,-20.0,1,1,1,697.02,-20.0,10240
104.928,103.101,697.1,27.0,697.12,7.0,100.0,20.0,1,-20.0,1,1,1,697.12,-20.0,10240
105.037,103.205,697.2,31.0,697.22,11.0,100.0,20.0,1,-20.0,1,1,1,697.22,-20.0,10240
105.135,103.307,697.3,33.0,697.32,13.0,100.0,20.0,1,-20.0,1,1,1,697.32,-20.0,10240
105.23,103.402,697.4,28.0,697.42,8.0,100.0,20.0,1,-20.0,1,1,1,697.42,-20.0,10240
105.332,103.505,697.5,31.0,697.52,11.0,100.0,20.0,1,-20.0,1,1,1,697.52,-20.0,10240
105.431,103.595,697.6,21.0,697.62,1.0,100.0,20.0,1,-20.0,1,1,1,697.62,-20.0,10240
105.54,103.701,697.7,27.0,697.72,7.0,100.0,20.0,1,-20.0,1,1,1,697.72,-20.0,10240
105.631,103.795,697.8,21.0,697.82,1.0,100.0,20.0,1,-20.0,1,1,1,697.82,-20.0,10240
105.741,103.906,697.9,32.0,697.92,12.0,100.0,20.0,1,-20.0,1,1,1,697.92,-20.0,10240
105.849,104.006,698.0,32.0,698.02,12.0,100.0,20.0,1,-20.0,1,1,1,698.02,-20.0,10240
105.938,104.101,698.1,27.0,698.12,7.0,100.0,20.0,1,-20.0,1,1,1,698.12,-20.0,10240
106.039,104.2,698.2,26.0,698.22,6.0,100.0,20.0,1,-20.0,1,1,1,698.22,-20.0,10240
106.151,104.301,698.3,27.0,698.32,7.0,100.0,20.0,1,-20.0,1,1,1,698.32,-20.0,10240
106.244,104.4,698.4,26.0,698.42,6.0,100.0,20.0,1,-20.0,1,1,1,698.42,-20.0,10240
106.35,104.502,698.5,28.0,698.52,8.0,100.0,20.0,1,-20.0,1,1,1,698.52,-20.0,10240
106.448,104.602,698.6,28.0,698.62,8.0,100.0,20.0,1,-20.0,1,1,1,698.62,-20.0,10240
106.547,104.696,698.7,22.0,698.72,2.0,100.0,20.0,1,-20.0,1,1,1,698.72,-20.0,10240
106.663,104.804,698.8,30.0,698.82,10.0,100.0,20.0,1,-20.0,1,1,1,698.82,-20.0,10240
106.761,104.896,698.9,22.0,698.92,2.0,100.0,20.0,1,-20.0,1,1,1,698.92,-20.0,10240
106.852,105.001,699.0,27.0,699.02,7.0,100.0,20.0,1,-20.0,1,1,1,699.02,-20.0,10240
106.956,105.107,699.1,33.0,699.12,13.0,100.0,20.0,1,-20.0,1,1,1,699.12,-20.0,10240
107.061,105.207,699.2,33.0,699.22,13.0,100.0,20.0,1,-20.0,1,1,1,699.22,-20.0,10240
107.153,105.301,699.3,27.0,699.32,7.0,100.0,20.0,1,-20.0,1,1,1,699.32,-20.0,10240
107.273,105.397,699.4,23.0,699.42,3.0,100.0,20.0,1,-20.0,1,1,1,699.42,-20.0,10240
107.363,105.498,699.5,24.0,699.52,4.0,100.0,20.0,1,0.0,1,1,1,699.5,0.0,10240
107.472,105.599,699.6,25.0,699.62,5.0,100.0,20.0,1,-20.0,1,1,1,699.62,-20.0,10240
107.567,105.699,699.7,25.0,699.72,5.0,100.0,20.0,1,-20.0,1,1,1,699.72,-20.0,10240
107.662,105.795,699.8,21.0,699.82,1.0,100.0,20.0,1,0.0,1,1,1,699.8,0.0,10240
107.767,105.902,699.9,28.0,699.92,8.0,100.0,20.0,1,-20.0,1,1,1,699.92,-20.0,10240
107.867,105.998,700.0,24.0,700.02,4.0,100.0,20.0,1,-20.0,1,1,1,700.02,-20.0,10240
107.98,106.1,700.1,26.0,700.12,6.0,100.0,20.0,1,-20.0,1,1,1,700.12,-20.0,10240
108.072,106.196,700.2,22.0,700.22,2.0,100.0,20.0,1,-20.0,1,1,1,700.22,-20.0,10240
108.183,106.297,700.3,23.0,700.32,3.0,100.0,20.0,1,0.0,1,1,1,700.3,0.0,10240
108.281,106.397,700.4,23.0,700.42,3.0,100.0,20.0,1,-20.0,1,1,1,700.42,-20.0,10240
108.384,106.502,700.5,28.0,700.52,8.0,100.0,20.0,1,-20.0,1,1,1,700.52,-20.0,10240
108.491,106.603,700.6,29.0,700.62,9.0,100.0,20.0,1,-20.0,1,1,1,700.62,-20.0,10240
108.583,106.705,700.7,31.0,700.72,11.0,100.0,20.0,1,-20.0,1,1,1,700.72,-20.0,10240
108.689,106.802,700.8,28.0,700.82,8.0,100.0,20.0,1,-20.0,1,1,1,700.82,-20.0,10240
108.785,106.896,700.9,22.0,700.92,2.0,100.0,20.0,1,-20.0,1,1,1,700.92,-20.0,10240
108.903,107.002,701.0,28.0,701.02,8.0,100.0,20.0,1,-20.0,1,1,1,701.02,-20.0,10240
109.008,107.1,701.1,26.0,701.12,6.0,100.0,20.0,1,-20.0,1,1,1,701.12,-20.0,10240
109.092,107.198,701.2,24.0,701.22,4.0,100.0,20.0,1,-20.0,1,1,1,701.22,-20.0,10240
109.202,107.303,701.3,29.0,701.32,9.0,100.0,20.0,1,-20.0,1,1,1,701.32,-20.0,10240
109.339,107.398,701.4,24.0,701.42,4.0,100.0,20.0,1,-20.0,1,1,1,701.42,-20.0,10240
109.412,107.503,701.5,29.0,701.52,9.0,100.0,20.0,1,-20.0,1,1,1,701.52,-20.0,10240
109.511,107.597,701.6,23.0,701.62,3.0,100.0,20.0,1,-20.0,1,1,1,701.62,-20.0,10240
109.615,107.697,701.7,23.0,701.72,3.0,100.0,20.0,1,-20.0,1,1,1,701.72,-20.0,10240
109.72,107.796,701.8,22.0,701.82,2.0,100.0,20.0,1,-20.0,1,1,1,701.82,-20.0,10240
109.84,107.909,701.9,35.0,701.92,15.0,100.0,20.0,1,-20.0,1,1,1,701.92,-20.0,10240
109.921,108.001,702.0,27.0,702.02,7.0,100.0,20.0,1,-20.0,1,1,1,702.02,-20.0,10240
110.028,108.103,702.1,29.0,702.12,9.0,100.0,20.0,1,-20.0,1,1,1,702.12,-20.0,10240
110.122,108.204,702.2,30.0,702.22,10.0,100.0,20.0,1,-20.0,1,1,1,702.22,-20.0,10240
110.243,108.303,702.3,29.0,702.32,9.0,100.0,20.0,1,-20.0,1,1,1,702.32,-20.0,10240
110.32,108.4,702.4,26.0,702.42,6.0,100.0,20.0,1,-20.0,1,1,1,702.42,-20.0,10240
110.421,108.502,702.5,28.0,702.52,8.0,100.0,20.0,1,-20.0,1,1,1,702.52,-20.0,10240
110.546,108.602,702.6,28.0,702.62,8.0,100.0,20.0,1,-20.0,1,1,1,702.62,-20.0,10240
110.632,108.702,702.7,28.0,702.72,8.0,100.0,20.0,1,-20.0,1,1,1,702.72,-20.0,10240
110.746,108.802,702.8,28.0,702.82,8.0,100.0,20.0,1,-20.0,1,1,1,702.82,-20.0,10240
110.84,108.896,702.9,22.0,702.92,2.0,100.0,20.0,1,0.0,1,1,1,702.9,0.0,10240
110.929,109.005,703.0,31.0,703.02,11.0,100.0,20.0,1,-20.0,1,1,1,703.02,-20.0,10240
111.027,109.1,703.1,26.0,703.12,6.0,100.0,20.0,1,-20.0,1,1,1,703.12,-20.0,10240
111.144,109.204,703.2,30.0,703.22,10.0,100.0,20.0,1,-20.0,1,1,1,703.22,-20.0,10240
111.236,109.309,703.3,35.0,703.32,15.0,100.0,20.0,1,-20.0,1,1,1,703.32,-20.0,10240
111.332,109.401,703.4,27.0,703.42,7.0,100.0,20.0,1,-20.0,1,1,1,703.42,-20.0,10240
111.437,109.497,703.5,23.0,703.52,3.0,100.0,20.0,1,-20.0,1,1,1,703.52,-20.0,10240
111.544,109.606,703.6,32.0,703.62,12.0,100.0,20.0,1,-20.0,1,1,1,703.62,-20.0,10240
111.641,109.703,703.7,29.0,703.72,9.0,100.0,20.0,1,-20.0,1,1,1,703.72,-20.0,10240
111.74,109.804,703.8,30.0,703.82,10.0,100.0,20.0,1,-20.0,1,1,1,703.82,-20.0,10240
111.845,109.901,703.9,27.0,703.92,7.0,100.0,20.0,1,-20.0,1,1,1,703.92,-20.0,10240
111.938,109.997,704.0,23.0,704.02,3.0,100.0,20.0,1,0.0,1,1,1,704.0,0.0,10240
112.055,110.102,704.1,28.0,704.12,8.0,100.0,20.0,1,-20.0,1,1,1,704.12,-20.0,10240
112.156,110.2,704.2,26.0,704.22,6.0,100.0,20.0,1,-20.0,1,1,1,704.22,-20.0,10240
112.252,110.301,704.3,27.0,704.32,7.0,100.0,20.0,1,-20.0,1,1,1,704.32,-20.0,10240
112.353,110.401,704.4,27.0,704.42,7.0,100.0,20.0,1,0.0,1,1,1,704.4,0.0,10240
112.459,110.498,704.5,24.0,704.52,4.0,100.0,20.0,1,0.0,1,1,1,704.5,0.0,10240
112.551,110.594,704.6,20.0,704.6,20.0,100.0,20.0,1,0.0,1,1,1,704.6,0.0,10240
112.672,110.695,704.7,21.0,704.72,1.0,100.0,20.0,1,0.0,1,1,1,704.7,0.0,10240
112.77,110.8,704.8,26.0,704.82,6.0,100.0,20.0,1,-20.0,1,1,1,704.82,-20.0,10240
112.868,110.898,704.9,24.0,704.92,4.0,100.0,20.0,1,0.0,1,1,1,704.9,0.0,10240
112.966,111.001,705.0,27.0,705.02,7.0,100.0,20.0,1,0.0,1,1,1,705.0,0.0,10240
113.071,111.104,705.1,30.0,705.12,10.0,100.0,20.0,1,0.0,1,1,1,705.1,0.0,10240
113.176,111.201,705.2,27.0,705.22,7.0,100.0,20.0,1,-20.0,1,1,1,705.22,-20.0,10240
113.295,111.299,705.3,25.0,705.32,5.0,100.0,20.0,1,-20.0,1,1,1,705.32,-20.0,10240
113.393,111.405,705.4,31.0,705.42,11.0,100.0,20.0,1,-20.0,1,1,1,705.42,-20.0,10240
113.504,111.504,705.5,30.0,705.52,10.0,100.0,20.0,1,-20.0,1,1,1,705.52,-20.0,10240
113.585,111.596,705.6,22.0,705.62,2.0,100.0,20.0,1,-20.0,1,1,1,705.62,-20.0,10240
113.701,111.698,705.7,24.0,705.72,4.0,100.0,20.0,1,-20.0,1,1,1,705.72,-20.0,10240
113.783,111.795,705.8,21.0,705.82,1.0,100.0,20.0,1,-20.0,1,1,1,705.82,-20.0,10240
113.895,111.91,705.9,36.0,705.92,16.0,100.0,20.0,1,-20.0,1,1,1,705.92,-20.0,10240
113.997,112.005,706.0,31.0,706.02,11.0,100.0,20.0,1,-20.0,1,1,1,706.02,-20.0,10240
114.09,112.098,706.1,24.0,706.12,4.0,100.0,20.0,1,-20.0,1,1,1,706.12,-20.0,10240
114.197,112.19,706.2,16.0,706.2,16.0,100.0,20.0,1,0.0,1,1,1,706.2,0.0,10240
114.297,112.298,706.3,24.0,706.32,4.0,100.0,20.0,1,-20.0,1,1,1,706.32,-20.0,10240
114.421,112.396,706.4,22.0,706.42,2.0,100.0,20.0,1,-20.0,1,1,1,706.42,-20.0,10240
114.513,112.497,706.5,23.0,706.52,3.0,100.0,20.0,1,0.0,1,1,1,706.5,0.0,10240
114.622,112.602,706.6,28.0,706.62,8.0,100.0,20.0,1,-20.0,1,1,1,706.62,-20.0,10240
114.714,112.701,706.7,27.0,706.72,7.0,100.0,20.0,1,-20.0,1,1,1,706.72,-20.0,10240
114.816,112.806,706.8,32.0,706.82,12.0,100.0,20.0,1,-20.0,1,1,1,706.82,-20.0,10240
114.92,112.903,706.9,29.0,706.92,9.0,100.0,20.0,1,-20.0,1,1,1,706.92,-20.0,10240
115.03,113.005,707.0,31.0,707.02,11.0,100.0,20.0,1,-20.0,1,1,1,707.02,-20.0,10240
115.134,113.107,707.1,33.0,707.12,13.0,100.0,20.0,1,-20.0,1,1,1,707.12,-20.0,10240
115.224,113.198,707.2,24.0,707.22,4.0,100.0,20.0,1,-20.0,1,1,1,707.22,-20.0,10240
115.335,113.296,707.3,22.0,707.32,2.0,100.0,20.0,1,-20.0,1,1,1,707.32,-20.0,10240
115.436,113.408,707.4,34.0,707.42,14.0,100.0,20.0,1,-20.0,1,1,1,707.42,-20.0,10240
115.533,113.504,707.5,30.0,707.52,10.0,100.0,20.0,1,-20.0,1,1,1,707.52,-20.0,10240
115.629,113.604,707.6,30.0,707.62,10.0,100.0,20.0,1,-20.0,1,1,1,707.62,-20.0,10240
115.728,113.703,707.7,29.0,707.72,9.0,100.0,20.0,1,-20.0,1,1,1,707.72,-20.0,10240
115.832,113.804,707.8,30.0,707.82,10.0,100.0,20.0,1,-20.0,1,1,1,707.82,-20.0,10240
115.939,113.902,707.9,28.0,707.92,8.0,100.0,20.0,1,-20.0,1,1,1,707.92,-20.0,10240
116.035,114.006,708.0,32.0,708.02,12.0,100.0,20.0,1,-20.0,1,1,1,708.02,-20.0,10240
116.141,114.104,708.1,30.0,708.12,10.0,100.0,20.0,1,-20.0,1,1,1,708.12,-20.0,10240
116.242,114.202,708.2,28.0,708.22,8.0,100.0,20.0,1,-20.0,1,1,1,708.22,-20.0,10240
116.333,114.301,708.3,27.0,708.32,7.0,100.0,20.0,1,-20.0,1,1,1,708.32,-20.0,10240
116.433,114.397,708.4,23.0,708.42,3.0,100.0,20.0,1,0.0,1,1,1,708.4,0.0,10240
116.544,114.496,708.5,22.0,708.52,2.0,100.0,20.0,1,-20.0,1,1,1,708.52,-20.0,10240
116.645,114.606,708.6,32.0,708.62,12.0,100.0,20.0,1,-20.0,1,1,1,708.62,-20.0,10240
116.745,114.697,708.7,23.0,708.72,3.0,100.0,20.0,1,-20.0,1,1,1,708.72,-20.0,10240
116.844,114.804,708.8,30.0,708.82,10.0,100.0,20.0,1,-20.0,1,1,1,708.82,-20.0,10240
116.954,114.903,708.9,29.0,708.92,9.0,100.0,20.0,1,-20.0,1,1,1,708.92,-20.0,10240
117.046,115.007,709.0,33.0,709.02,13.0,100.0,20.0,1,0.0,1,1,1,709.0,0.0,10240
117.15,115.105,709.1,31.0,709.12,11.0,100.0,20.0,1,-20.0,1,1,1,709.12,-20.0,10240
117.246,115.197,709.2,23.0,709.22,3.0,100.0,20.0,1,-20.0,1,1,1,709.22,-20.0,10240
117.353,115.298,709.3,24.0,709.32,4.0,100.0,20.0,1,-20.0,1,1,1,709.32,-20.0,10240
117.459,115.398,709.4,24.0,709.42,4.0,100.0,20.0,1,-20.0,1,1,1,709.42,-20.0,10240
117.568,115.497,709.5,23.0,709.52,3.0,100.0,20.0,1,-20.0,1,1,1,709.52,-20.0,10240
117.661,115.601,709.6,27.0,709.62,7.0,100.0,20.0,1,-20.0,1,1,1,709.62,-20.0,10240
117.768,115.699,709.7,25.0,709.72,5.0,100.0,20.0,1,-20.0,1,1,1,709.72,-20.0,10240
117.865,115.803,709.8,29.0,709.82,9.0,100.0,20.0,1,-20.0,1,1,1,709.82,-20.0,10240
117.964,115.894,709.9,20.0,709.92,0.0,100.0,20.0,1,-20.0,1,1,1,709.92,-20.0,10240
118.093,116.002,710.0,28.0,710.02,8.0,100.0,20.0,1,-20.0,1,1,1,710.02,-20.0,10240
118.169,116.099,710.1,25.0,710.12,5.0,100.0,20.0,1,-20.0,1,1,1,710.12,-20.0,10240
118.268,116.198,710.2,24.0,710.22,4.0,100.0,20.0,1,-20.0,1,1,1,710.22,-20.0,10240
118.371,116.296,710.3,22.0,710.32,2.0,100.0,20.0,1,0.0,1,1,1,710.3,0.0,10240
118.504,116.399,710.4,25.0,710.42,5.0,100.0,20.0,1,-20.0,1,1,1,710.42,-20.0,10240
118.577,116.5,710.5,26.0,710.52,6.0,100.0,20.0,1,-20.0,1,1,1,710.52,-20.0,10240
118.676,116.606,710.6,32.0,710.62,12.0,100.0,20.0,1,-20.0,1,1,1,710.62,-20.0,10240
118.787,116.7,710.7,26.0,710.72,6.0,100.0,20.0,1,-20.0,1,1,1,710.72,-20.0,10240
118.886,116.8,710.8,26.0,710.82,6.0,100.0,20.0,1,-20.0,1,1,1,710.82,-20.0,10240
118.988,116.905,710.9,31.0,710.92,11.0,100.0,20.0,1,-20.0,1,1,1,710.92,-20.0,10240
119.107,116.999,711.0,25.0,711.02,5.0,100.0,20.0,1,-20.0,1,1,1,711.02,-20.0,10240
119.194,117.099,711.1,25.0,711.12,5.0,100.0,20.0,1,-20.0,1,1,1,711.12,-20.0,10240
119.3,117.198,711.2,24.0,711.22,4.0,100.0,20.0,1,0.0,1,1,1,711.2,0.0,10240
119.411,117.301,711.3,27.0,711.32,7.0,100.0,20.0,1,-20.0,1,1,1,711.32,-20.0,10240
119.514,117.408,711.4,34.0,711.42,14.0,100.0,20.0,1,-20.0,1,1,1,711.42,-20.0,10240
119.615,117.506,711.5,32.0,711.52,12.0,100.0,20.0,1,-20.0,1,1,1,711.52,-20.0,10240
119.739,117.603,711.6,29.0,711.62,9.0,100.0,20.0,1,-20.0,1,1,1,711.62,-20.0,10240
119.819,117.698,711.7,24.0,711.72,4.0,100.0,20.0,1,-20.0,1,1,1,711.72,-20.0,10240
119.912,117.798,711.8,24.0,711.82,4.0,100.0,20.0,1,0.0,1,1,1,711.8,0.0,10240
120.025,117.899,711.9,25.0,711.92,5.0,100.0,20.0,1,-20.0,1,1,1,711.92,-20.0,10240
120.111,117.995,712.0,21.0,712.02,1.0,100.0,20.0,1,-20.0,1,1,1,712.02,-20.0,10240
120.22,118.095,712.1,21.0,712.12,1.0,100.0,20.0,1,0.0,1,1,1,712.1,0.0,10240
120.328,118.197,712.2,23.0,712.22,3.0,100.0,20.0,1,0.0,1,1,1,712.2,0.0,10240
120.424,118.296,712.3,22.0,712.32,2.0,100.0,20.0,1,0.0,1,1,1,712.3,0.0,10240
120.546,118.399,712.4,25.0,712.42,5.0,100.0,20.0,1,-20.0,1,1,1,712.42,-20.0,10240
120.649,118.501,712.5,27.0,712.52,7.0,100.0,20.0,1,-20.0,1,1,1,712.52,-20.0,10240
120.736,118.6,712.6,26.0,712.62,6.0,100.0,20.0,1,-20.0,1,1,1,712.62,-20.0,10240
120.854,118.703,712.7,29.0,712.72,9.0,100.0,20.0,1,-20.0,1,1,1,712.72,-20.0,10240
120.932,118.794,712.8,20.0,712.8,20.0,100.0,20.0,1,0.0,1,1,1,712.8,0.0,10240
121.047,118.9,712.9,26.0,712.92,6.0,100.0,20.0,1,-20.0,1,1,1,712.92,-20.0,10240
121.154,118.999,713.0,25.0,713.02,5.0,100.0,20.0,1,-20.0,1,1,1,713.02,-20.0,10240
121.245,119.098,713.1,24.0,713.12,4.0,100.0,20.0,1,-20.0,1,1,1,713.12,-20.0,10240
121.342,119.198,713.2,24.0,713.22,4.0,100.0,20.0,1,-20.0,1,1,1,713.22,-20.0,10240
121.448,119.301,713.3,27.0,713.32,7.0,100.0,20.0,1,-20.0,1,1,1,713.32,-20.0,10240
121.546,119.406,713.4,32.0,713.42,12.0,100.0,20.0,1,-20.0,1,1,1,713.42,-20.0,10240
121.652,119.503,713.5,29.0,713.52,9.0,100.0,20.0,1,-20.0,1,1,1,713.52,-20.0,10240
121.761,119.606,713.6,32.0,713.62,12.0,100.0,20.0,1,-20.0,1,1,1,713.62,-20.0,10240
121.865,119.702,713.7,28.0,713.72,8.0,100.0,20.0,1,-20.0,1,1,1,713.72,-20.0,10240
121.952,119.798,713.8,24.0,713.82,4.0,100.0,20.0,1,0.0,1,1,1,713.8,0.0,10240
122.055,119.896,713.9,22.0,713.92,2.0,100.0,20.0,1,-20.0,1,1,1,713.92,-20.0,10240
122.168,119.995,714.0,21.0,714.02,1.0,100.0,20.0,1,0.0,1,1,1,714.0,0.0,10240
122.268,120.103,714.1,29.0,714.12,9.0,100.0,20.0,1,-20.0,1,1,1,714.12,-20.0,10240
122.357,120.198,714.2,24.0,714.22,4.0,100.0,20.0,1,-20.0,1,1,1,714.22,-20.0,10240
122.463,120.307,714.3,33.0,714.32,13.0,100.0,20.0,1,-20.0,1,1,1,714.32,-20.0,10240
122.561,120.403,714.4,29.0,714.42,9.0,100.0,20.0,1,-20.0,1,1,1,714.42,-20.0,10240
122.672,120.497,714.5,23.0,714.52,3.0,100.0,20.0,1,-20.0,1,1,1,714.52,-20.0,10240
122.778,120.603,714.6,29.0,714.62,9.0,100.0,20.0,1,-20.0,1,1,1,714.62,-20.0,10240
122.882,120.708,714.7,34.0,714.72,14.0,100.0,20.0,1,-20.0,1,1,1,714.72,-20.0,10240
122.966,120.796,714.8,22.0,714.82,2.0,100.0,20.0,1,0.0,1,1,1,714.8,0.0,10240
123.066,120.9,714.9,26.0,714.92,6.0,100.0,20.0,1,-20.0,1,1,1,714.92,-20.0,10240
123.17,120.998,715.0,24.0,715.02,4.0,100.0,20.0,1,-20.0,1,1,1,715.02,-20.0,10240
123.282,121.103,715.1,29.0,715.12,9.0,100.0,20.0,1,-20.0,1,1,1,715.12,-20.0,10240
123.389,121.204,715.2,30.0,715.22,10.0,100.0,20.0,1,-20.0,1,1,1,715.22,-20.0,10240
123.482,121.304,715.3,30.0,715.32,10.0,100.0,20.0,1,-20.0,1,1,1,715.32,-20.0,10240
123.593,121.407,715.4,33.0,715.42,13.0,100.0,20.0,1,-20.0,1,1,1,715.42,-20.0,10240
123.713,121.501,715.5,27.0,715.52,7.0,100.0,20.0,1,-20.0,1,1,1,715.52,-20.0,10240
123.827,121.598,715.6,24.0,715.62,4.0,100.0,20.0,1,-20.0,1,1,1,715.62,-20.0,10240
123.911,121.708,715.7,34.0,715.72,14.0,100.0,20.0,1,-20.0,1,1,1,715.72,-20.0,10240
124.007,121.802,715.8,28.0,715.82,8.0,100.0,20.0,1,-20.0,1,1,1,715.82,-20.0,10240
124.11,121.904,715.9,30.0,715.92,10.0,100.0,20.0,1,-20.0,1,1,1,715.92,-20.0,10240
124.212,122.004,716.0,30.0,716.02,10.0,100.0,20.0,1,-20.0,1,1,1,716.02,-20.0,10240
124.308,122.097,716.1,23.0,716.12,3.0,100.0,20.0,1,-20.0,1,1,1,716.12,-20.0,10240
124.41,122.196,716.2,22.0,716.22,2.0,100.0,20.0,1,0.0,1,1,1,716.2,0.0,10240
124.521,122.295,716.3,21.0,716.32,1.0,100.0,20.0,1,0.0,1,1,1,716.3,0.0,10240
124.615,122.397,716.4,23.0,716.42,3.0,100.0,20.0,1,-20.0,1,1,1,716.42,-20.0,10240
124.718,122.496,716.5,22.0,716.52,2.0,100.0,20.0,1,-20.0,1,1,1,716.52,-20.0,10240
124.837,122.602,716.6,28.0,716.62,8.0,100.0,20.0,1,0.0,1,1,1,716.6,0.0,10240
124.913,122.706,716.7,32.0,716.72,12.0,100.0,20.0,1,-20.0,1,1,1,716.72,-20.0,10240
125.027,122.808,716.8,34.0,716.82,14.0,100.0,20.0,1,-20.0,1,1,1,716.82,-20.0,10240
125.116,122.901,716.9,27.0,716.92,7.0,100.0,20.0,1,0.0,1,1,1,716.9,0.0,10240
125.217,123.0,717.0,26.0,717.02,6.0,100.0,20.0,1,0.0,1,1,1,717.0,0.0,10240
125.313,123.099,717.1,25.0,717.12,5.0,100.0,20.0,1,0.0,1,1,1,717.1,0.0,10240
125.432,123.204,717.2,30.0,717.22,10.0,100.0,20.0,1,-20.0,1,1,1,717.22,-20.0,10240
125.528,123.303,717.3,29.0,717.32,9.0,100.0,20.0,1,-20.0,1,1,1,717.32,-20.0,10240
125.639,123.404,717.4,30.0,717.42,10.0,100.0,20.0,1,-20.0,1,1,1,717.42,-20.0,10240
125.739,123.502,717.5,28.0,717.52,8.0,100.0,20.0,1,-20.0,1,1,1,717.52,-20.0,10240
125.838,123.602,717.6,28.0,717.62,8.0,100.0,20.0,1,-20.0,1,1,1,717.62,-20.0,10240
125.948,123.698,717.7,24.0,717.72,4.0,100.0,20.0,1,-20.0,1,1,1,717.72,-20.0,10240
126.041,123.801,717.8,27.0,717.82,7.0,100.0,20.0,1,-20.0,1,1,1,717.82,-20.0,10240
126.147,123.903,717.9,29.0,717.92,9.0,100.0,20.0,1,-20.0,1,1,1,717.92,-20.0,10240
126.246,123.999,718.0,25.0,718.02,5.0,100.0,20.0,1,-20.0,1,1,1,718.02,-20.0,10240
126.349,124.097,718.1,23.0,718.12,3.0,100.0,20.0,1,-20.0,1,1,1,718.12,-20.0,10240
126.454,124.199,718.2,25.0,718.22,5.0,100.0,20.0,1,-20.0,1,1,1,718.22,-20.0,10240
126.544,124.299,718.3,25.0,718.32,5.0,100.0,20.0,1,-20.0,1,1,1,718.32,-20.0,10240
126.661,124.399,718.4,25.0,718.42,5.0,100.0,20.0,1,-20.0,1,1,1,718.42,-20.0,10240
126.749,124.498,718.5,24.0,718.52,4.0,100.0,20.0,1,-20.0,1,1,1,718.52,-20.0,10240
126.848,124.597,718.6,23.0,718.62,3.0,100.0,20.0,1,-20.0,1,1,1,718.62,-20.0,10240
126.956,124.7,718.7,26.0,718.72,6.0,100.0,20.0,1,-20.0,1,1,1,718.72,-20.0,10240
127.057,124.797,718.8,23.0,718.82,3.0,100.0,20.0,1,-20.0,1,1,1,718.82,-20.0,10240
127.161,124.902,718.9,28.0,718.92,8.0,100.0,20.0,1,-20.0,1,1,1,718.92,-20.0,10240
127.277,125.004,719.0,30.0,719.02,10.0,100.0,20.0,1,-20.0,1,1,1,719.02,-20.0,10240
127.364,125.101,719.1,27.0,719.12,7.0,100.0,20.0,1,-20.0,1,1,1,719.12,-20.0,10240
127.463,125.196,719.2,22.0,719.22,2.0,100.0,20.0,1,-20.0,1,1,1,719.22,-20.0,10240
127.561,125.301,719.3,27.0,719.32,7.0,100.0,20.0,1,0.0,1,1,1,719.3,0.0,10240
127.673,125.4,719.4,26.0,719.42,6.0,100.0,20.0,1,-20.0,1,1,1,719.42,-20.0,10240
127.771,125.498,719.5,24.0,719.52,4.0,100.0,20.0,1,-20.0,1,1,1,719.52,-20.0,10240
127.865,125.595,719.6,21.0,719.62,1.0,100.0,20.0,1,-20.0,1,1,1,719.62,-20.0,10240
127.98,125.707,719.7,33.0,719.72,13.0,100.0,20.0,1,-20.0,1,1,1,719.72,-20.0,10240
128.076,125.803,719.8,29.0,719.82,9.0,100.0,20.0,1,-20.0,1,1,1,719.82,-20.0,10240
128.173,125.903,719.9,29.0,719.92,9.0,100.0,20.0,1,-20.0,1,1,1,719.92,-20.0,10240
128.275,125.994,720.0,20.0,720.02,0.0,100.0,20.0,1,-20.0,1,1,1,720.02,-20.0,10240
128.382,126.099,720.1,25.0,720.12,5.0,100.0,20.0,1,-20.0,1,1,1,720.12,-20.0,10240
128.475,126.207,720.2,33.0,720.22,13.0,100.0,20.0,1,-20.0,1,1,1,720.22,-20.0,10240
128.581,126.296,720.3,22.0,720.32,2.0,100.0,20.0,1,-20.0,1,1,1,720.32,-20.0,10240
128.682,126.399,720.4,25.0,720.42,5.0,100.0,20.0,1,-20.0,1,1,1,720.42,-20.0,10240
128.797,126.499,720.5,25.0,720.52,5.0,100.0,20.0,1,-20.0,1,1,1,720.52,-20.0,10240
128.906,126.597,720.6,23.0,720.62,3.0,100.0,20.0,1,0.0,1,1,1,720.6,0.0,10240
129.006,126.699,720.7,25.0,720.72,5.0,100.0,20.0,1,0.0,1,1,1,720.7,0.0,10240
129.117,126.803,720.8,29.0,720.82,9.0,100.0,20.0,1,-20.0,1,1,1,720.82,-20.0,10240
129.216,126.896,720.9,22.0,720.92,2.0,100.0,20.0,1,-20.0,1,1,1,720.92,-20.0,10240
129.312,126.998,721.0,24.0,721.02,4.0,100.0,20.0,1,-20.0,1,1,1,721.02,-20.0,10240
129.414,127.1,721.1,26.0,721.12,6.0,100.0,20.0,1,-20.0,1,1,1,721.12,-20.0,10240
129.531,127.209,721.2,35.0,721.22,15.0,100.0,20.0,1,-20.0,1,1,1,721.22,-20.0,10240
129.638,127.307,721.3,33.0,721.32,13.0,100.0,20.0,1,-20.0,1,1,1,721.32,-20.0,10240
129.719,127.395,721.4,21.0,721.42,1.0,100.0,20.0,1,-20.0,1,1,1,721.42,-20.0,10240
129.82,127.497,721.5,23.0,721.52,3.0,100.0,20.0,1,0.0,1,1,1,721.5,0.0,10240
129.931,127.598,721.6,24.0,721.62,4.0,100.0,20.0,1,-20.0,1,1,1,721.62,-20.0,10240
130.036,127.697,721.7,23.0,721.72,3.0,100.0,20.0,1,0.0,1,1,1,721.7,0.0,10240
130.149,127.797,721.8,23.0,721.82,3.0,100.0,20.0,1,-20.0,1,1,1,721.82,-20.0,10240
130.249,127.902,721.9,28.0,721.92,8.0,100.0,20.0,1,-20.0,1,1,1,721.92,-20.0,10240
130.336,127.995,722.0,21.0,722.02,1.0,100.0,20.0,1,0.0,1,1,1,722.0,0.0,10240
130.442,128.101,722.1,27.0,722.12,7.0,100.0,20.0,1,-20.0,1,1,1,722.12,-20.0,10240
130.548,128.205,722.2,31.0,722.22,11.0,100.0,20.0,1,-20.0,1,1,1,722.22,-20.0,10240
130.651,128.302,722.3,28.0,722.32,8.0,100.0,20.0,1,-20.0,1,1,1,722.32,-20.0,10240
130.749,128.403,722.4,29.0,722.42,9.0,100.0,20.0,1,-20.0,1,1,1,722.42,-20.0,10240
130.859,128.505,722.5,31.0,722.52,11.0,100.0,20.0,1,-20.0,1,1,1,722.52,-20.0,10240
130.958,128.599,722.6,25.0,722.62,5.0,100.0,20.0,1,-20.0,1,1,1,722.62,-20.0,10240
131.057,128.7,722.7,26.0,722.72,6.0,100.0,20.0,1,-20.0,1,1,1,722.72,-20.0,10240
131.168,128.796,722.8,22.0,722.82,2.0,100.0,20.0,1,-20.0,1,1,1,722.82,-20.0,10240
131.259,128.901,722.9,27.0,722.92,7.0,100.0,20.0,1,-20.0,1,1,1,722.92,-20.0,10240
131.356,128.996,723.0,22.0,723.02,2.0,100.0,20.0,1,0.0,1,1,1,723.0,0.0,10240
131.466,129.095,723.1,21.0,723.12,1.0,100.0,20.0,1,0.0,1,1,1,723.1,0.0,10240
131.576,129.208,723.2,34.0,723.22,14.0,100.0,20.0,1,-20.0,1,1,1,723.22,-20.0,10240
131.681,129.302,723.3,28.0,723.32,8.0,100.0,20.0,1,-20.0,1,1,1,723.32,-20.0,10240
131.785,129.394,723.4,20.0,723.42,0.0,100.0,20.0,1,-20.0,1,1,1,723.42,-20.0,10240
131.882,129.5,723.5,26.0,723.52,6.0,100.0,20.0,1,-20.0,1,1,1,723.52,-20.0,10240
131.996,129.601,723.6,27.0,723.62,7.0,100.0,20.0,1,-20.0,1,1,1,723.62,-20.0,10240
132.102,129.693,723.7,19.0,723.7,19.0,100.0,20.0,1,0.0,1,1,1,723.7,0.0,10240
132.212,129.807,723.8,33.0,723.82,13.0,100.0,20.0,1,-20.0,1,1,1,723.82,-20.0,10240
132.327,129.893,723.9,19.0,723.9,19.0,100.0,20.0,1,0.0,1,1,1,723.9,0.0,10240
132.429,129.997,724.0,23.0,724.02,3.0,100.0,20.0,1,-20.0,1,1,1,724.02,-20.0,10240
132.528,130.097,724.1,23.0,724.12,3.0,100.0,20.0,1,0.0,1,1,1,724.1,0.0,10240
132.639,130.202,724.2,28.0,724.22,8.0,100.0,20.0,1,-20.0,1,1,1,724.22,-20.0,10240
132.739,130.302,724.3,28.0,724.32,8.0,100.0,20.0,1,-20.0,1,1,1,724.32,-20.0,10240
132.834,130.396,724.4,22.0,724.42,2.0,100.0,20.0,1,0.0,1,1,1,724.4,0.0,10240
132.94,130.498,724.5,24.0,724.52,4.0,100.0,20.0,1,0.0,1,1,1,724.5,0.0,10240
133.045,130.598,724.6,24.0,724.62,4.0,100.0,20.0,1,-20.0,1,1,1,724.62,-20.0,10240
133.141,130.7,724.7,26.0,724.72,6.0,100.0,20.0,1,-20.0,1,1,1,724.72,-20.0,10240
133.241,130.806,724.8,32.0,724.82,12.0,100.0,20.0,1,-20.0,1,1,1,724.82,-20.0,10240
133.34,130.896,724.9,22.0,724.92,2.0,100.0,20.0,1,-20.0,1,1,1,724.92,-20.0,10240
133.455,130.999,725.0,25.0,725.02,5.0,100.0,20.0,1,-20.0,1,1,1,725.02,-20.0,10240
133.546,131.101,725.1,27.0,725.12,7.0,100.0,20.0,1,-20.0,1,1,1,725.12,-20.0,10240
133.655,131.202,725.2,28.0,725.22,8.0,100.0,20.0,1,-20.0,1,1,1,725.22,-20.0,10240
133.755,131.301,725.3,27.0,725.32,7.0,100.0,20.0,1,-20.0,1,1,1,725.32,-20.0,10240
133.86,131.402,725.4,28.0,725.42,8.0,100.0,20.0,1,-20.0,1,1,1,725.42,-20.0,10240
133.968,131.501,725.5,27.0,725.52,7.0,100.0,20.0,1,-20.0,1,1,1,725.52,-20.0,10240
134.066,131.606,725.6,32.0,725.62,12.0,100.0,20.0,1,-20.0,1,1,1,725.62,-20.0,10240
134.159,131.697,725.7,23.0,725.72,3.0,100.0,20.0,1,0.0,1,1,1,725.7,0.0,10240
134.27,131.798,725.8,24.0,725.82,4.0,100.0,20.0,1,-20.0,1,1,1,725.82,-20.0,10240
134.373,131.898,725.9,24.0,725.92,4.0,100.0,20.0,1,-20.0,1,1,1,725.92,-20.0,10240
134.467,131.998,726.0,24.0,726.02,4.0,100.0,20.0,1,-20.0,1,1,1,726.02,-20.0,10240
134.571,132.1,726.1,26.0,726.12,6.0,100.0,20.0,1,-20.0,1,1,1,726.12,-20.0,10240
134.67,132.2,726.2,26.0,726.22,6.0,100.0,20.0,1,-20.0,1,1,1,726.22,-20.0,10240
134.776,132.304,726.3,30.0,726.32,10.0,100.0,20.0,1,-20.0,1,1,1,726.32,-20.0,10240
134.864,132.4,726.4,26.0,726.42,6.0,100.0,20.0,1,-20.0,1,1,1,726.42,-20.0,10240
134.98,132.5,726.5,26.0,726.52,6.0,100.0,20.0,1,-20.0,1,1,1,726.52,-20.0,10240
135.078,132.597,726.6,23.0,726.62,3.0,100.0,20.0,1,-20.0,1,1,1,726.62,-20.0,10240
135.178,132.7,726.7,26.0,726.72,6.0,100.0,20.0,1,-20.0,1,1,1,726.72,-20.0,10240
135.273,132.798,726.8,24.0,726.82,4.0,100.0,20.0,1,-20.0,1,1,1,726.82,-20.0,10240
135.389,132.9,726.9,26.0,726.92,6.0,100.0,20.0,1,-20.0,1,1,1,726.92,-20.0,10240
135.485,133.002,727.0,28.0,727.02,8.0,100.0,20.0,1,-20.0,1,1,1,727.02,-20.0,10240
135.577,133.1,727.1,26.0,727.12,6.0,100.0,20.0,1,-20.0,1,1,1,727.12,-20.0,10240
135.691,133.208,727.2,34.0,727.22,14.0,100.0,20.0,1,-20.0,1,1,1,727.22,-20.0,10240
135.793,133.301,727.3,27.0,727.32,7.0,100.0,20.0,1,-20.0,1,1,1,727.32,-20.0,10240
135.882,133.4,727.4,26.0,727.42,6.0,100.0,20.0,1,-20.0,1,1,1,727.42,-20.0,10240
135.991,133.494,727.5,20.0,727.5,20.0,100.0,20.0,1,0.0,1,1,1,727.5,0.0,10240
136.098,133.599,727.6,25.0,727.62,5.0,100.0,20.0,1,-20.0,1,1,1,727.62,-20.0,10240
136.188,133.696,727.7,22.0,727.72,2.0,100.0,20.0,1,-20.0,1,1,1,727.72,-20.0,10240
136.295,133.797,727.8,23.0,727.82,3.0,100.0,20.0,1,-20.0,1,1,1,727.82,-20.0,10240
136.39,133.9,727.9,26.0,727.92,6.0,100.0,20.0,1,-20.0,1,1,1,727.92,-20.0,10240
136.495,134.007,728.0,33.0,728.02,13.0,100.0,20.0,1,-20.0,1,1,1,728.02,-20.0,10240
136.601,134.101,728.1,27.0,728.12,7.0,100.0,20.0,1,-20.0,1,1,1,728.12,-20.0,10240
136.725,134.199,728.2,25.0,728.22,5.0,100.0,20.0,1,-20.0,1,1,1,728.22,-20.0,10240
136.823,134.299,728.3,25.0,728.32,5.0,100.0,20.0,1,-20.0,1,1,1,728.32,-20.0,10240
136.932,134.4,728.4,26.0,728.42,6.0,100.0,20.0,1,-20.0,1,1,1,728.42,-20.0,10240
137.025,134.502,728.5,28.0,728.52,8.0,100.0,20.0,1,-20.0,1,1,1,728.52,-20.0,10240
137.135,134.614,728.6,40.0,728.62,20.0,100.0,20.0,1,-20.0,1,1,1,728.62,-20.0,10240
137.222,134.694,728.7,20.0,728.7,20.0,100.0,20.0,1,0.0,1,1,1,728.7,0.0,10240
137.333,134.801,728.8,27.0,728.82,7.0,100.0,20.0,1,-20.0,1,1,1,728.82,-20.0,10240
137.451,134.905,728.9,31.0,728.92,11.0,100.0,20.0,1,-20.0,1,1,1,728.92,-20.0,10240
137.552,134.996,729.0,22.0,729.02,2.0,100.0,20.0,1,0.0,1,1,1,729.0,0.0,10240
137.65,135.103,729.1,29.0,729.12,9.0,100.0,20.0,1,-20.0,1,1,1,729.12,-20.0,10240
137.764,135.211,729.2,37.0,729.22,17.0,100.0,20.0,1,-20.0,1,1,1,729.22,-20.0,10240
137.856,135.304,729.3,30.0,729.32,10.0,100.0,20.0,1,-20.0,1,1,1,729.32,-20.0,10240
137.961,135.404,729.4,30.0,729.42,10.0,100.0,20.0,1,-20.0,1,1,1,729.42,-20.0,10240
138.059,135.502,729.5,28.0,729.52,8.0,100.0,20.0,1,-20.0,1,1,1,729.52,-20.0,10240
138.163,135.602,729.6,28.0,729.62,8.0,100.0,20.0,1,-20.0,1,1,1,729.62,-20.0,10240
138.27,135.697,729.7,23.0,729.72,3.0,100.0,20.0,1,-20.0,1,1,1,729.72,-20.0,10240
138.353,135.8,729.8,26.0,729.82,6.0,100.0,20.0,1,-20.0,1,1,1,729.82,-20.0,10240
138.459,135.906,729.9,32.0,729.92,12.0,100.0,20.0,1,-20.0,1,1,1,729.92,-20.0,10240
138.558,136.005,730.0,31.0,730.02,11.0,100.0,20.0,1,-20.0,1,1,1,730.02,-20.0,10240
138.661,136.103,730.1,29.0,730.12,9.0,100.0,20.0,1,-20.0,1,1,1,730.12,-20.0,10240
138.756,136.202,730.2,28.0,730.22,8.0,100.0,20.0,1,-20.0,1,1,1,730.22,-20.0,10240
138.879,136.303,730.3,29.0,730.32,9.0,100.0,20.0,1,-20.0,1,1,1,730.32,-20.0,10240
138.975,136.4,730.4,26.0,730.42,6.0,100.0,20.0,1,0.0,1,1,1,730.4,0.0,10240
139.073,136.497,730.5,23.0,730.52,3.0,100.0,20.0,1,-20.0,1,1,1,730.52,-20.0,10240
139.191,136.597,730.6,23.0,730.62,3.0,100.0,20.0,1,-20.0,1,1,1,730.62,-20.0,10240
139.282,136.698,730.7,24.0,730.72,4.0,100.0,20.0,1,-20.0,1,1,1,730.72,-20.0,10240
139.407,136.805,730.8,31.0,730.82,11.0,100.0,20.0,1,-20.0,1,1,1,730.82,-20.0,10240
139.51,136.9,730.9,26.0,730.92,6.0,100.0,20.0,1,-20.0,1,1,1,730.92,-20.0,10240
139.605,136.995,731.0,21.0,731.02,1.0,100.0,20.0,1,-20.0,1,1,1,731.02,-20.0,10240
139.708,137.098,731.1,24.0,731.12,4.0,100.0,20.0,1,-20.0,1,1,1,731.12,-20.0,10240
139.813,137.2,731.2,26.0,731.22,6.0,100.0,20.0,1,-20.0,1,1,1,731.22,-20.0,10240
139.921,137.301,731.3,27.0,731.32,7.0,100.0,20.0,1,-20.0,1,1,1,731.32,-20.0,10240
140.025,137.41,731.4,36.0,731.42,16.0,100.0,20.0,1,-20.0,1,1,1,731.42,-20.0,10240
140.125,137.503,731.5,29.0,731.52,9.0,100.0,20.0,1,-20.0,1,1,1,731.52,-20.0,10240
140.224,137.599,731.6,25.0,731.62,5.0,100.0,20.0,1,-20.0,1,1,1,731.62,-20.0,10240
140.322,137.702,731.7,28.0,731.72,8.0,100.0,20.0,1,-20.0,1,1,1,731.72,-20.0,10240
140.433,137.803,731.8,29.0,731.82,9.0,100.0,20.0,1,-20.0,1,1,1,731.82,-20.0,10240
140.545,137.897,731.9,23.0,731.92,3.0,100.0,20.0,1,-20.0,1,1,1,731.92,-20.0,10240
140.637,138.001,732.0,27.0,732.02,7.0,100.0,20.0,1,-20.0,1,1,1,732.02,-20.0,10240
140.733,138.102,732.1,28.0,732.12,8.0,100.0,20.0,1,-20.0,1,1,1,732.12,-20.0,10240
140.828,138.201,732.2,27.0,732.22,7.0,100.0,20.0,1,-20.0,1,1,1,732.22,-20.0,10240
140.928,138.303,732.3,29.0,732.32,9.0,100.0,20.0,1,-20.0,1,1,1,732.32,-20.0,10240
141.026,138.398,732.4,24.0,732.42,4.0,100.0,20.0,1,0.0,1,1,1,732.4,0.0,10240
141.139,138.511,732.5,37.0,732.52,17.0,100.0,20.0,1,-20.0,1,1,1,732.52,-20.0,10240
141.24,138.602,732.6,28.0,732.62,8.0,100.0,20.0,1,-20.0,1,1,1,732.62,-20.0,10240
141.343,138.706,732.7,32.0,732.72,12.0,100.0,20.0,1,-20.0,1,1,1,732.72,-20.0,10240
141.437,138.797,732.8,23.0,732.82,3.0,100.0,20.0,1,-20.0,1,1,1,732.82,-20.0,10240
141.544,138.898,732.9,24.0,732.92,4.0,100.0,20.0,1,-20.0,1,1,1,732.92,-20.0,10240
141.665,139.001,733.0,27.0,733.02,7.0,100.0,20.0,1,-20.0,1,1,1,733.02,-20.0,10240
141.764,139.098,733.1,24.0,733.12,4.0,100.0,20.0,1,-20.0,1,1,1,733.12,-20.0,10240
141.858,139.214,733.2,40.0,733.22,20.0,100.0,20.0,1,-20.0,1,1,1,733.22,-20.0,10240
141.949,139.3,733.3,26.0,733.32,6.0,100.0,20.0,1,-20.0,1,1,1,733.32,-20.0,10240
142.06,139.406,733.4,32.0,733.42,12.0,100.0,20.0,1,-20.0,1,1,1,733.42,-20.0,10240
142.156,139.502,733.5,28.0,733.52,8.0,100.0,20.0,1,-20.0,1,1,1,733.52,-20.0,10240
142.281,139.602,733.6,28.0,733.62,8.0,100.0,20.0,1,-20.0,1,1,1,733.62,-20.0,10240
142.381,139.706,733.7,32.0,733.72,12.0,100.0,20.0,1,-20.0,1,1,1,733.72,-20.0,10240
142.481,139.799,733.8,25.0,733.82,5.0,100.0,20.0,1,-20.0,1,1,1,733.82,-20.0,10240
142.583,139.904,733.9,30.0,733.92,10.0,100.0,20.0,1,-20.0,1,1,1,733.92,-20.0,10240
142.677,140.003,734.0,29.0,734.02,9.0,100.0,20.0,1,-20.0,1,1,1,734.02,-20.0,10240
142.781,140.113,734.1,39.0,734.12,19.0,100.0,20.0,1,-20.0,1,1,1,734.12,-20.0,10240
142.9,140.219,734.2,45.0,734.24,5.0,100.0,20.0,1,-40.0,1,1,1,734.24,-40.0,10240
142.996,140.315,734.3,41.0,734.34,1.0,100.0,20.0,1,-20.0,1,1,1,734.32,-20.0,10240
143.089,140.4,734.4,26.0,734.42,6.0,100.0,20.0,1,-20.0,1,1,1,734.42,-20.0,10240
143.181,140.507,734.5,33.0,734.52,13.0,100.0,20.0,1,-20.0,1,1,1,734.52,-20.0,10240
143.296,140.603,734.6,29.0,734.62,9.0,100.0,20.0,1,-20.0,1,1,1,734.62,-20.0,10240
143.389,140.702,734.7,28.0,734.72,8.0,100.0,20.0,1,-20.0,1,1,1,734.72,-20.0,10240
143.486,140.796,734.8,22.0,734.82,2.0,100.0,20.0,1,-20.0,1,1,1,734.82,-20.0,10240
143.595,140.896,734.9,22.0,734.92,2.0,100.0,20.0,1,0.0,1,1,1,734.9,0.0,10240
143.694,140.999,735.0,25.0,735.02,5.0,100.0,20.0,1,-20.0,1,1,1,735.02,-20.0,10240
143.8,141.1,735.1,26.0,735.12,6.0,100.0,20.0,1,-20.0,1,1,1,735.12,-20.0,10240
143.898,141.209,735.2,35.0,735.22,15.0,100.0,20.0,1,-20.0,1,1,1,735.22,-20.0,10240
143.992,141.301,735.3,27.0,735.32,7.0,100.0,20.0,1,-20.0,1,1,1,735.32,-20.0,10240
144.123,141.408,735.4,34.0,735.42,14.0,100.0,20.0,1,-20.0,1,1,1,735.42,-20.0,10240
144.203,141.502,735.5,28.0,735.52,8.0,100.0,20.0,1,-20.0,1,1,1,735.52,-20.0,10240
144.309,141.6,735.6,26.0,735.62,6.0,100.0,20.0,1,-20.0,1,1,1,735.62,-20.0,10240
144.409,141.704,735.7,30.0,735.72,10.0,100.0,20.0,1,-20.0,1,1,1,735.72,-20.0,10240
144.506,141.805,735.8,31.0,735.82,11.0,100.0,20.0,1,-20.0,1,1,1,735.82,-20.0,10240
144.604,141.903,735.9,29.0,735.92,9.0,100.0,20.0,1,-20.0,1,1,1,735.92,-20.0,10240
144.727,141.994,736.0,20.0,736.02,0.0,100.0,20.0,1,-20.0,1,1,1,736.02,-20.0,10240
144.807,142.099,736.1,25.0,736.12,5.0,100.0,20.0,1,-20.0,1,1,1,736.12,-20.0,10240
144.917,142.204,736.2,30.0,736.22,10.0,100.0,20.0,1,-20.0,1,1,1,736.22,-20.0,10240
145.011,142.306,736.3,32.0,736.32,12.0,100.0,20.0,1,-20.0,1,1,1,736.32,-20.0,10240
145.106,142.399,736.4,25.0,736.42,5.0,100.0,20.0,1,-20.0,1,1,1,736.42,-20.0,10240
145.213,142.505,736.5,31.0,736.52,11.0,100.0,20.0,1,-20.0,1,1,1,736.52,-20.0,10240
145.307,142.599,736.6,25.0,736.62,5.0,100.0,20.0,1,-20.0,1,1,1,736.62,-20.0,10240
145.426,142.702,736.7,28.0,736.72,8.0,100.0,20.0,1,-20.0,1,1,1,736.72,-20.0,10240
145.514,142.8,736.8,26.0,736.82,6.0,100.0,20.0,1,-20.0,1,1,1,736.82,-20.0,10240
145.633,142.911,736.9,37.0,736.92,17.0,100.0,20.0,1,-20.0,1,1,1,736.92,-20.0,10240
145.712,142.999,737.0,25.0,737.02,5.0,100.0,20.0,1,-20.0,1,1,1,737.02,-20.0,10240
145.812,143.099,737.1,25.0,737.12,5.0,100.0,20.0,1,-20.0,1,1,1,737.12,-20.0,10240
145.923,143.201,737.2,27.0,737.22,7.0,100.0,20.0,1,-20.0,1,1,1,737.22,-20.0,10240
146.015,143.297,737.3,23.0,737.32,3.0,100.0,20.0,1,0.0,1,1,1,737.3,0.0,10240
146.163,143.399,737.4,25.0,737.42,5.0,100.0,20.0,1,-20.0,1,1,1,737.42,-20.0,10240
146.222,143.503,737.5,29.0,737.52,9.0,100.0,20.0,1,-20.0,1,1,1,737.52,-20.0,10240
146.356,143.599,737.6,25.0,737.62,5.0,100.0,20.0,1,0.0,1,1,1,737.6,0.0,10240
146.446,143.702,737.7,28.0,737.72,8.0,100.0,20.0,1,-20.0,1,1,1,737.72,-20.0,10240
146.523,143.799,737.8,25.0,737.82,5.0,100.0,20.0,1,0.0,1,1,1,737.8,0.0,10240
146.631,143.91,737.9,36.0,737.92,16.0,100.0,20.0,1,-20.0,1,1,1,737.92,-20.0,10240
146.738,144.001,738.0,27.0,738.02,7.0,100.0,20.0,1,-20.0,1,1,1,738.02,-20.0,10240
146.843,144.102,738.1,28.0,738.12,8.0,100.0,20.0,1,-20.0,1,1,1,738.12,-20.0,10240
146.952,144.215,738.2,41.0,738.24,1.0,100.0,20.0,1,-20.0,1,1,1,738.22,-20.0,10240
147.06,144.315,738.3,41.0,738.34,1.0,100.0,20.0,1,-20.0,1,1,1,738.32,-20.0,10240
147.161,144.409,738.4,35.0,738.42,15.0,100.0,20.0,1,-20.0,1,1,1,738.42,-20.0,10240
147.27,144.513,738.5,39.0,738.52,19.0,100.0,20.0,1,-20.0,1,1,1,738.52,-20.0,10240
147.353,144.6,738.6,26.0,738.62,6.0,100.0,20.0,1,-20.0,1,1,1,738.62,-20.0,10240
147.464,144.711,738.7,37.0,738.72,17.0,100.0,20.0,1,-20.0,1,1,1,738.72,-20.0,10240
147.561,144.811,738.8,37.0,738.82,17.0,100.0,20.0,1,-20.0,1,1,1,738.82,-20.0,10240
147.683,144.907,738.9,33.0,738.92,13.0,100.0,20.0,1,-20.0,1,1,1,738.92,-20.0,10240
147.778,145.002,739.0,28.0,739.02,8.0,100.0,20.0,1,-20.0,1,1,1,739.02,-20.0,10240
147.882,145.117,739.1,43.0,739.14,3.0,100.0,20.0,1,-20.0,1,1,1,739.12,-20.0,10240
147.992,145.211,739.2,37.0,739.22,17.0,100.0,20.0,1,-20.0,1,1,1,739.22,-20.0,10240
148.089,145.303,739.3,29.0,739.32,9.0,100.0,20.0,1,-20.0,1,1,1,739.32,-20.0,10240
148.204,145.403,739.4,29.0,739.42,9.0,100.0,20.0,1,-20.0,1,1,1,739.42,-20.0,10240
148.295,145.498,739.5,24.0,739.52,4.0,100.0,20.0,1,-20.0,1,1,1,739.52,-20.0,10240
148.4,145.606,739.6,32.0,739.62,12.0,100.0,20.0,1,-20.0,1,1,1,739.62,-20.0,10240
148.488,145.698,739.7,24.0,739.72,4.0,100.0,20.0,1,-20.0,1,1,1,739.72,-20.0,10240
148.61,145.81,739.8,36.0,739.82,16.0,100.0,20.0,1,-20.0,1,1,1,739.82,-20.0,10240
148.722,145.896,739.9,22.0,739.92,2.0,100.0,20.0,1,-20.0,1,1,1,739.92,-20.0,10240
148.804,145.997,740.0,23.0,740.02,3.0,100.0,20.0,1,0.0,1,1,1,740.0,0.0,10240
148.909,146.112,740.1,38.0,740.12,18.0,100.0,20.0,1,-20.0,1,1,1,740.12,-20.0,10240
149.004,146.2,740.2,26.0,740.22,6.0,100.0,20.0,1,-20.0,1,1,1,740.22,-20.0,10240
149.132,146.311,740.3,37.0,740.32,17.0,100.0,20.0,1,-20.0,1,1,1,740.32,-20.0,10240
149.195,146.398,740.4,24.0,740.42,4.0,100.0,20.0,1,-20.0,1,1,1,740.42,-20.0,10240
149.301,146.508,740.5,34.0,740.52,14.0,100.0,20.0,1,-20.0,1,1,1,740.52,-20.0,10240
149.411,146.618,740.6,44.0,740.64,4.0,100.0,20.0,1,-40.0,1,1,1,740.64,-40.0,10240
149.515,146.704,740.7,30.0,740.72,10.0,100.0,20.0,1,-20.0,1,1,1,740.72,-20.0,10240
149.604,146.8,740.8,26.0,740.82,6.0,100.0,20.0,1,-20.0,1,1,1,740.82,-20.0,10240
149.709,146.898,740.9,24.0,740.92,4.0,100.0,20.0,1,-20.0,1,1,1,740.92,-20.0,10240
149.809,147.003,741.0,29.0,741.02,9.0,100.0,20.0,1,-20.0,1,1,1,741.02,-20.0,10240
149.92,147.115,741.1,41.0,741.14,1.0,100.0,20.0,1,-40.0,1,1,1,741.14,-40.0,10240
150.017,147.222,741.2,48.0,741.24,8.0,100.0,20.0,1,-40.0,1,1,1,741.24,-40.0,10240
150.111,147.304,741.3,30.0,741.32,10.0,100.0,20.0,1,-20.0,1,1,1,741.32,-20.0,10240
150.21,147.406,741.4,32.0,741.42,12.0,100.0,20.0,1,-20.0,1,1,1,741.42,-20.0,10240
150.321,147.504,741.5,30.0,741.52,10.0,100.0,20.0,1,-20.0,1,1,1,741.52,-20.0,10240
150.424,147.604,741.6,30.0,741.62,10.0,100.0,20.0,1,-20.0,1,1,1,741.62,-20.0,10240
150.514,147.702,741.7,28.0,741.72,8.0,100.0,20.0,1,-20.0,1,1,1,741.72,-20.0,10240
150.615,147.803,741.8,29.0,741.82,9.0,100.0,20.0,1,-20.0,1,1,1,741.82,-20.0,10240
150.721,147.912,741.9,38.0,741.92,18.0,100.0,20.0,1,-20.0,1,1,1,741.92,-20.0,10240
150.823,148.01,742.0,36.0,742.02,16.0,100.0,20.0,1,-20.0,1,1,1,742.02,-20.0,10240
150.933,148.113,742.1,39.0,742.12,19.0,100.0,20.0,1,-20.0,1,1,1,742.12,-20.0,10240
151.035,148.214,742.2,40.0,742.22,20.0,100.0,20.0,1,-20.0,1,1,1,742.22,-20.0,10240
151.142,148.317,742.3,43.0,742.34,3.0,100.0,20.0,1,-20.0,1,1,1,742.32,-20.0,10240
151.225,148.397,742.4,23.0,742.42,3.0,100.0,20.0,1,-20.0,1,1,1,742.42,-20.0,10240
151.329,148.501,742.5,27.0,742.52,7.0,100.0,20.0,1,-20.0,1,1,1,742.52,-20.0,10240
151.439,148.615,742.6,41.0,742.64,1.0,100.0,20.0,1,-20.0,1,1,1,742.62,-20.0,10240
151.53,148.699,742.7,25.0,742.72,5.0,100.0,20.0,1,-20.0,1,1,1,742.72,-20.0,10240
151.648,148.807,742.8,33.0,742.82,13.0,100.0,20.0,1,-20.0,1,1,1,742.82,-20.0,10240
151.752,148.906,742.9,32.0,742.92,12.0,100.0,20.0,1,-20.0,1,1,1,742.92,-20.0,10240
151.849,149.0,743.0,26.0,743.02,6.0,100.0,20.0,1,-20.0,1,1,1,743.02,-20.0,10240
151.971,149.108,743.1,34.0,743.12,14.0,100.0,20.0,1,-20.0,1,1,1,743.12,-20.0,10240
152.057,149.2,743.2,26.0,743.22,6.0,100.0,20.0,1,-20.0,1,1,1,743.22,-20.0,10240
152.16,149.309,743.3,35.0,743.32,15.0,100.0,20.0,1,-20.0,1,1,1,743.32,-20.0,10240
152.25,149.4,743.4,26.0,743.42,6.0,100.0,20.0,1,-20.0,1,1,1,743.42,-20.0,10240
152.367,149.504,743.5,30.0,743.52,10.0,100.0,20.0,1,-20.0,1,1,1,743.52,-20.0,10240
152.511,149.665,743.6,91.0,743.68,11.0,100.0,20.0,1,-80.0,1,1,1,743.68,-80.0,10240
152.594,149.728,743.7,54.0,743.74,14.0,100.0,20.0,1,-40.0,1,1,1,743.74,-40.0,10240
152.69,149.815,743.8,41.0,743.84,1.0,100.0,20.0,1,-40.0,1,1,1,743.84,-40.0,10240
152.775,149.905,743.9,31.0,743.92,11.0,100.0,20.0,1,-20.0,1,1,1,743.92,-20.0,10240
152.886,150.013,744.0,39.0,744.02,19.0,100.0,20.0,1,-20.0,1,1,1,744.02,-20.0,10240
153.008,150.127,744.1,53.0,744.14,13.0,100.0,20.0,1,-40.0,1,1,1,744.14,-40.0,10240
153.094,150.209,744.2,35.0,744.22,15.0,100.0,20.0,1,-20.0,1,1,1,744.22,-20.0,10240
153.196,150.311,744.3,37.0,744.32,17.0,100.0,20.0,1,-20.0,1,1,1,744.32,-20.0,10240
153.298,150.417,744.4,43.0,744.44,3.0,100.0,20.0,1,-20.0,1,1,1,744.42,-20.0,10240
153.516,150.574,744.5,100.0,744.6,0.0,100.0,20.0,1,-100.0,1,1,1,744.6,-100.0,10240
153.599,150.658,744.6,84.0,744.68,4.0,100.0,20.0,1,-60.0,1,1,1,744.66,-60.0,10240
153.704,150.759,744.7,85.0,744.78,5.0,100.0,20.0,1,-60.0,1,1,1,744.76,-60.0,10240
153.759,150.802,744.8,28.0,744.82,8.0,100.0,20.0,1,-20.0,1,1,1,744.82,-20.0,10240
153.868,150.921,744.9,47.0,744.94,7.0,100.0,20.0,1,-40.0,1,1,1,744.94,-40.0,10240
153.947,150.999,745.0,25.0,745.02,5.0,100.0,20.0,1,-20.0,1,1,1,745.02,-20.0,10240
154.069,151.12,745.1,46.0,745.14,6.0,100.0,20.0,1,-40.0,1,1,1,745.14,-40.0,10240
154.162,151.206,745.2,32.0,745.22,12.0,100.0,20.0,1,-20.0,1,1,1,745.22,-20.0,10240
154.256,151.305,745.3,31.0,745.32,11.0,100.0,20.0,1,-20.0,1,1,1,745.32,-20.0,10240
154.366,151.391,745.4,17.0,745.4,17.0,100.0,20.0,1,0.0,1,1,1,745.4,0.0,10240
154.492,151.522,745.5,48.0,745.54,8.0,100.0,20.0,1,-40.0,1,1,1,745.54,-40.0,10240
154.581,151.611,745.6,37.0,745.62,17.0,100.0,20.0,1,-20.0,1,1,1,745.62,-20.0,10240
154.686,151.708,745.7,34.0,745.72,14.0,100.0,20.0,1,-20.0,1,1,1,745.72,-20.0,10240
154.772,151.8,745.8,26.0,745.82,6.0,100.0,20.0,1,0.0,1,1,1,745.8,0.0,10240
154.916,151.93,745.9,56.0,745.94,16.0,100.0,20.0,1,-40.0,1,1,1,745.94,-40.0,10240
155.002,152.006,746.0,32.0,746.02,12.0,100.0,20.0,1,-20.0,1,1,1,746.02,-20.0,10240
155.112,152.12,746.1,46.0,746.14,6.0,100.0,20.0,1,-40.0,1,1,1,746.14,-40.0,10240
155.202,152.209,746.2,35.0,746.22,15.0,100.0,20.0,1,-20.0,1,1,1,746.22,-20.0,10240
155.305,152.308,746.3,34.0,746.32,14.0,100.0,20.0,1,-20.0,1,1,1,746.32,-20.0,10240
155.477,152.473,746.4,99.0,746.48,19.0,100.0,20.0,1,-80.0,1,1,1,746.48,-80.0,10240
155.545,152.54,746.5,66.0,746.56,6.0,100.0,20.0,1,-40.0,1,1,1,746.54,-40.0,10240
155.624,152.6,746.6,26.0,746.62,6.0,100.0,20.0,1,0.0,1,1,1,746.6,0.0,10240
155.732,152.707,746.7,33.0,746.72,13.0,100.0,20.0,1,-20.0,1,1,1,746.72,-20.0,10240
155.847,152.828,746.8,54.0,746.84,14.0,100.0,20.0,1,-40.0,1,1,1,746.84,-40.0,10240
155.941,152.91,746.9,36.0,746.92,16.0,100.0,20.0,1,-20.0,1,1,1,746.92,-20.0,10240
156.033,153.003,747.0,29.0,747.02,9.0,100.0,20.0,1,-20.0,1,1,1,747.02,-20.0,10240
156.171,153.13,747.1,56.0,747.14,16.0,100.0,20.0,1,-40.0,1,1,1,747.14,-40.0,10240
156.278,153.217,747.2,43.0,747.24,3.0,100.0,20.0,1,-40.0,1,1,1,747.24,-40.0,10240
156.432,153.374,747.3,100.0,747.4,0.0,100.0,20.0,1,-100.0,1,1,1,747.4,-100.0,10240
156.525,153.444,747.4,70.0,747.46,10.0,100.0,20.0,1,-60.0,1,1,1,747.46,-60.0,10240
156.581,153.513,747.5,39.0,747.52,19.0,100.0,20.0,1,-20.0,1,1,1,747.52,-20.0,10240
156.714,153.653,747.6,79.0,747.66,19.0,100.0,20.0,1,-60.0,1,1,1,747.66,-60.0,10240
156.798,153.735,747.7,61.0,747.76,1.0,100.0,20.0,1,-40.0,1,1,1,747.74,-40.0,10240
156.904,153.843,747.8,69.0,747.86,9.0,100.0,20.0,1,-60.0,1,1,1,747.86,-60.0,10240
156.966,153.9,747.9,26.0,747.92,6.0,100.0,20.0,1,-20.0,1,1,1,747.92,-20.0,10240
157.115,154.047,748.0,73.0,748.06,13.0,100.0,20.0,1,-60.0,1,1,1,748.06,-60.0,10240
157.213,154.139,748.1,65.0,748.16,5.0,100.0,20.0,1,-60.0,1,1,1,748.16,-60.0,10240
157.283,154.211,748.2,37.0,748.22,17.0,100.0,20.0,1,-20.0,1,1,1,748.22,-20.0,10240
157.382,154.305,748.3,31.0,748.32,11.0,100.0,20.0,1,-20.0,1,1,1,748.32,-20.0,10240
157.501,154.41,748.4,36.0,748.42,16.0,100.0,20.0,1,-20.0,1,1,1,748.42,-20.0,10240
157.599,154.51,748.5,36.0,748.52,16.0,100.0,20.0,1,-20.0,1,1,1,748.52,-20.0,10240
157.747,154.661,748.6,87.0,748.68,7.0,100.0,20.0,1,-80.0,1,1,1,748.68,-80.0,10240
157.864,154.774,748.7,100.0,748.8,0.0,100.0,20.0,1,-100.0,1,1,1,748.8,-100.0,10240
158.023,154.874,748.8,100.0,748.9,0.0,100.0,20.0,1,-100.0,1,1,1,748.9,-100.0,10240
158.112,154.965,748.9,91.0,748.98,11.0,100.0,20.0,1,-80.0,1,1,1,748.98,-80.0,10240
158.184,155.036,749.0,62.0,749.06,2.0,100.0,20.0,1,-60.0,1,1,1,749.06,-60.0,10240
158.257,155.102,749.1,28.0,749.12,8.0,100.0,20.0,1,-20.0,1,1,1,749.12,-20.0,10240
158.354,155.199,749.2,25.0,749.22,5.0,100.0,20.0,1,-20.0,1,1,1,749.22,-20.0,10240
158.552,155.374,749.3,100.0,749.4,0.0,100.0,20.0,1,-100.0,1,1,1,749.4,-100.0,10240
158.765,155.474,749.4,100.0,749.5,0.0,100.0,20.0,1,-100.0,1,1,1,749.5,-100.0,10240
158.909,155.574,749.5,100.0,749.6,0.0,100.0,20.0,1,-100.0,1,1,1,749.6,-100.0,10240
158.981,155.626,749.6,52.0,749.64,12.0,100.0,20.0,1,-40.0,1,1,1,749.64,-40.0,10240
159.041,155.703,749.7,29.0,749.72,9.0,100.0,20.0,1,-20.0,1,1,1,749.72,-20.0,10240
159.146,155.813,749.8,39.0,749.82,19.0,100.0,20.0,1,-20.0,1,1,1,749.82,-20.0,10240
159.257,155.909,749.9,35.0,749.92,15.0,100.0,20.0,1,-20.0,1,1,1,749.92,-20.0,10240
159.442,156.074,750.0,100.0,750.1,0.0,100.0,20.0,1,-100.0,1,1,1,750.1,-100.0,10240
159.557,156.174,750.1,100.0,750.2,0.0,100.0,20.0,1,-100.0,1,1,1,750.2,-100.0,10240
159.664,156.274,750.2,100.0,750.3,0.0,100.0,20.0,1,-100.0,1,1,1,750.3,-100.0,10240
159.714,156.323,750.3,49.0,750.34,9.0,100.0,20.0,1,-40.0,1,1,1,750.34,-40.0,10240
159.804,156.4,750.4,26.0,750.42,6.0,100.0,20.0,1,-20.0,1,1,1,750.42,-20.0,10240
159.95,156.551,750.5,77.0,750.56,17.0,100.0,20.0,1,-60.0,1,1,1,750.56,-60.0,10240
160.096,156.674,750.6,100.0,750.7,0.0,100.0,20.0,1,-100.0,1,1,1,750.7,-100.0,10240
160.224,156.774,750.7,100.0,750.8,0.0,100.0,20.0,1,-100.0,1,1,1,750.8,-100.0,10240
160.29,156.833,750.8,59.0,750.84,19.0,100.0,20.0,1,-40.0,1,1,1,750.84,-40.0,10240
160.379,156.925,750.9,51.0,750.94,11.0,100.0,20.0,1,-20.0,1,1,1,750.92,-20.0,10240
160.492,157.028,751.0,54.0,751.04,14.0,100.0,20.0,1,-40.0,1,1,1,751.04,-40.0,10240
160.561,157.105,751.1,31.0,751.12,11.0,100.0,20.0,1,-20.0,1,1,1,751.12,-20.0,10240
160.777,157.274,751.2,100.0,751.3,0.0,100.0,20.0,1,-100.0,1,1,1,751.3,-100.0,10240
160.928,157.374,751.3,100.0,751.4,0.0,100.0,20.0,1,-100.0,1,1,1,751.4,-100.0,10240
161.038,157.474,751.4,100.0,751.5,0.0,100.0,20.0,1,-100.0,1,1,1,751.5,-100.0,10240
161.126,157.555,751.5,81.0,751.58,1.0,100.0,20.0,1,-60.0,1,1,1,751.56,-60.0,10240
161.21,157.64,751.6,66.0,751.66,6.0,100.0,20.0,1,-60.0,1,1,1,751.66,-60.0,10240
161.281,157.701,751.7,27.0,751.72,7.0,100.0,20.0,1,-20.0,1,1,1,751.72,-20.0,10240
161.388,157.813,751.8,39.0,751.82,19.0,100.0,20.0,1,-20.0,1,1,1,751.82,-20.0,10240
161.515,157.945,751.9,71.0,751.96,11.0,100.0,20.0,1,-60.0,1,1,1,751.96,-60.0,10240
161.68,158.074,752.0,100.0,752.1,0.0,100.0,20.0,1,-100.0,1,1,1,752.1,-100.0,10240
161.786,158.174,752.1,100.0,752.2,0.0,100.0,20.0,1,-100.0,1,1,1,752.2,-100.0,10240
161.837,158.219,752.2,45.0,752.24,5.0,100.0,20.0,1,-20.0,1,1,1,752.22,-20.0,10240
161.998,158.374,752.3,100.0,752.4,0.0,100.0,20.0,1,-100.0,1,1,1,752.4,-100.0,10240
162.062,158.433,752.4,59.0,752.44,19.0,100.0,20.0,1,-40.0,1,1,1,752.44,-40.0,10240
162.258,158.574,752.5,100.0,752.6,0.0,100.0,20.0,1,-100.0,1,1,1,752.6,-100.0,10240
162.313,158.628,752.6,54.0,752.64,14.0,100.0,20.0,1,-40.0,1,1,1,752.64,-40.0,10240
162.416,158.724,752.7,50.0,752.74,10.0,100.0,20.0,1,-40.0,1,1,1,752.74,-40.0,10240
162.53,158.834,752.8,60.0,752.86,0.0,100.0,20.0,1,-60.0,1,1,1,752.86,-60.0,10240
162.597,158.9,752.9,26.0,752.92,6.0,100.0,20.0,1,-20.0,1,1,1,752.92,-20.0,10240
162.736,159.025,753.0,51.0,753.04,11.0,100.0,20.0,1,-40.0,1,1,1,753.04,-40.0,10240
162.835,159.129,753.1,55.0,753.14,15.0,100.0,20.0,1,-40.0,1,1,1,753.14,-40.0,10240
162.95,159.246,753.2,72.0,753.26,12.0,100.0,20.0,1,-60.0,1,1,1,753.26,-60.0,10240
163.024,159.323,753.3,49.0,753.34,9.0,100.0,20.0,1,-40.0,1,1,1,753.34,-40.0,10240
163.232,159.474,753.4,100.0,753.5,0.0,100.0,20.0,1,-100.0,1,1,1,753.5,-100.0,10240
163.395,159.574,753.5,100.0,753.6,0.0,100.0,20.0,1,-100.0,1,1,1,753.6,-100.0,10240
163.444,159.611,753.6,37.0,753.62,17.0,100.0,20.0,1,-20.0,1,1,1,753.62,-20.0,10240
163.551,159.713,753.7,39.0,753.72,19.0,100.0,20.0,1,-20.0,1,1,1,753.72,-20.0,10240
163.676,159.852,753.8,78.0,753.86,18.0,100.0,20.0,1,-60.0,1,1,1,753.86,-60.0,10240
163.757,159.918,753.9,44.0,753.94,4.0,100.0,20.0,1,-20.0,1,1,1,753.92,-20.0,10240
163.84,160.008,754.0,34.0,754.02,14.0,100.0,20.0,1,-20.0,1,1,1,754.02,-20.0,10240
164.066,160.174,754.1,100.0,754.2,0.0,100.0,20.0,1,-100.0,1,1,1,754.2,-100.0,10240
164.156,160.264,754.2,90.0,754.28,10.0,100.0,20.0,1,-80.0,1,1,1,754.28,-80.0,10240
164.211,160.313,754.3,39.0,754.32,19.0,100.0,20.0,1,-20.0,1,1,1,754.32,-20.0,10240
164.306,160.411,754.4,37.0,754.42,17.0,100.0,20.0,1,-20.0,1,1,1,754.42,-20.0,10240
164.41,160.518,754.5,44.0,754.54,4.0,100.0,20.0,1,-40.0,1,1,1,754.54,-40.0,10240
164.509,160.607,754.6,33.0,754.62,13.0,100.0,20.0,1,-20.0,1,1,1,754.62,-20.0,10240
164.591,160.698,754.7,24.0,754.72,4.0,100.0,20.0,1,0.0,1,1,1,754.7,0.0,10240
164.707,160.806,754.8,32.0,754.82,12.0,100.0,20.0,1,-20.0,1,1,1,754.82,-20.0,10240
164.804,160.907,754.9,33.0,754.92,13.0,100.0,20.0,1,-20.0,1,1,1,754.92,-20.0,10240
164.96,161.062,755.0,88.0,755.08,8.0,100.0,20.0,1,-80.0,1,1,1,755.08,-80.0,10240
165.075,161.174,755.1,100.0,755.2,0.0,100.0,20.0,1,-100.0,1,1,1,755.2,-100.0,10240
165.204,161.274,755.2,100.0,755.3,0.0,100.0,20.0,1,-100.0,1,1,1,755.3,-100.0,10240
165.249,161.315,755.3,41.0,755.34,1.0,100.0,20.0,1,-20.0,1,1,1,755.32,-20.0,10240
165.333,161.399,755.4,25.0,755.42,5.0,100.0,20.0,1,-20.0,1,1,1,755.42,-20.0,10240
165.457,161.522,755.5,48.0,755.54,8.0,100.0,20.0,1,-40.0,1,1,1,755.54,-40.0,10240
165.561,161.604,755.6,30.0,755.62,10.0,100.0,20.0,1,-20.0,1,1,1,755.62,-20.0,10240
165.652,161.702,755.7,28.0,755.72,8.0,100.0,20.0,1,-20.0,1,1,1,755.72,-20.0,10240
165.758,161.807,755.8,33.0,755.82,13.0,100.0,20.0,1,-20.0,1,1,1,755.82,-20.0,10240
165.862,161.898,755.9,24.0,755.92,4.0,100.0,20.0,1,-20.0,1,1,1,755.92,-20.0,10240
165.951,161.996,756.0,22.0,756.02,2.0,100.0,20.0,1,-20.0,1,1,1,756.02,-20.0,10240
166.079,162.128,756.1,54.0,756.14,14.0,100.0,20.0,1,-40.0,1,1,1,756.14,-40.0,10240
166.166,162.211,756.2,37.0,756.22,17.0,100.0,20.0,1,-20.0,1,1,1,756.22,-20.0,10240
166.263,162.297,756.3,23.0,756.32,3.0,100.0,20.0,1,-20.0,1,1,1,756.32,-20.0,10240
166.362,162.411,756.4,37.0,756.42,17.0,100.0,20.0,1,-20.0,1,1,1,756.42,-20.0,10240
166.482,162.523,756.5,49.0,756.54,9.0,100.0,20.0,1,-40.0,1,1,1,756.54,-40.0,10240
166.663,162.674,756.6,100.0,756.7,0.0,100.0,20.0,1,-100.0,1,1,1,756.7,-100.0,10240
166.722,162.733,756.7,59.0,756.74,19.0,100.0,20.0,1,-40.0,1,1,1,756.74,-40.0,10240
166.813,162.821,756.8,47.0,756.84,7.0,100.0,20.0,1,-40.0,1,1,1,756.84,-40.0,10240
166.919,162.922,756.9,48.0,756.94,8.0,100.0,20.0,1,-40.0,1,1,1,756.94,-40.0,10240
167.013,163.019,757.0,45.0,757.04,5.0,100.0,20.0,1,-40.0,1,1,1,757.04,-40.0,10240
167.138,163.138,757.1,64.0,757.16,4.0,100.0,20.0,1,-60.0,1,1,1,757.16,-60.0,10240
167.267,163.261,757.2,87.0,757.28,7.0,100.0,20.0,1,-80.0,1,1,1,757.28,-80.0,10240
167.398,163.374,757.3,100.0,757.4,0.0,100.0,20.0,1,-100.0,1,1,1,757.4,-100.0,10240
167.498,163.443,757.4,69.0,757.46,9.0,100.0,20.0,1,-60.0,1,1,1,757.46,-60.0,10240
167.548,163.508,757.5,34.0,757.52,14.0,100.0,20.0,1,-20.0,1,1,1,757.52,-20.0,10240
167.739,163.674,757.6,100.0,757.7,0.0,100.0,20.0,1,-100.0,1,1,1,757.7,-100.0,10240
167.814,163.749,757.7,75.0,757.76,15.0,100.0,20.0,1,-60.0,1,1,1,757.76,-60.0,10240
167.912,163.852,757.8,78.0,757.86,18.0,100.0,20.0,1,-60.0,1,1,1,757.86,-60.0,10240
167.971,163.908,757.9,34.0,757.92,14.0,100.0,20.0,1,-20.0,1,1,1,757.92,-20.0,10240
168.092,164.009,758.0,35.0,758.02,15.0,100.0,20.0,1,-20.0,1,1,1,758.02,-20.0,10240
168.199,164.12,758.1,46.0,758.14,6.0,100.0,20.0,1,-40.0,1,1,1,758.14,-40.0,10240
168.286,164.206,758.2,32.0,758.22,12.0,100.0,20.0,1,-20.0,1,1,1,758.22,-20.0,10240
168.377,164.301,758.3,27.0,758.32,7.0,100.0,20.0,1,-20.0,1,1,1,758.32,-20.0,10240
168.479,164.401,758.4,27.0,758.42,7.0,100.0,20.0,1,-20.0,1,1,1,758.42,-20.0,10240
168.583,164.51,758.5,36.0,758.52,16.0,100.0,20.0,1,-20.0,1,1,1,758.52,-20.0,10240
168.679,164.6,758.6,26.0,758.62,6.0,100.0,20.0,1,-20.0,1,1,1,758.62,-20.0,10240
168.795,164.703,758.7,29.0,758.72,9.0,100.0,20.0,1,-20.0,1,1,1,758.72,-20.0,10240
168.919,164.826,758.8,52.0,758.84,12.0,100.0,20.0,1,-40.0,1,1,1,758.84,-40.0,10240
169.001,164.901,758.9,27.0,758.92,7.0,100.0,20.0,1,-20.0,1,1,1,758.92,-20.0,10240
169.111,165.022,759.0,48.0,759.04,8.0,100.0,20.0,1,-40.0,1,1,1,759.04,-40.0,10240
169.205,165.099,759.1,25.0,759.12,5.0,100.0,20.0,1,-20.0,1,1,1,759.12,-20.0,10240
169.334,165.237,759.2,63.0,759.26,3.0,100.0,20.0,1,-60.0,1,1,1,759.26,-60.0,10240
169.449,165.347,759.3,73.0,759.36,13.0,100.0,20.0,1,-60.0,1,1,1,759.36,-60.0,10240
169.555,165.451,759.4,77.0,759.46,17.0,100.0,20.0,1,-60.0,1,1,1,759.46,-60.0,10240
169.62,165.511,759.5,37.0,759.52,17.0,100.0,20.0,1,-20.0,1,1,1,759.52,-20.0,10240
169.715,165.608,759.6,34.0,759.62,14.0,100.0,20.0,1,-20.0,1,1,1,759.62,-20.0,10240
169.819,165.71,759.7,36.0,759.72,16.0,100.0,20.0,1,-20.0,1,1,1,759.72,-20.0,10240
169.962,165.852,759.8,78.0,759.86,18.0,100.0,20.0,1,-60.0,1,1,1,759.86,-60.0,10240
170.012,165.901,759.9,27.0,759.92,7.0,100.0,20.0,1,-20.0,1,1,1,759.92,-20.0,10240
170.116,166.007,760.0,33.0,760.02,13.0,100.0,20.0,1,0.0,1,1,1,760.0,0.0,10240
170.222,166.102,760.1,28.0,760.12,8.0,100.0,20.0,1,-20.0,1,1,1,760.12,-20.0,10240
170.33,166.213,760.2,39.0,760.22,19.0,100.0,20.0,1,-20.0,1,1,1,760.22,-20.0,10240
170.417,166.298,760.3,24.0,760.32,4.0,100.0,20.0,1,-20.0,1,1,1,760.32,-20.0,10240
170.564,166.44,760.4,66.0,760.46,6.0,100.0,20.0,1,-60.0,1,1,1,760.46,-60.0,10240
170.632,166.512,760.5,38.0,760.52,18.0,100.0,20.0,1,-20.0,1,1,1,760.52,-20.0,10240
170.757,166.628,760.6,54.0,760.64,14.0,100.0,20.0,1,-40.0,1,1,1,760.64,-40.0,10240
170.83,166.702,760.7,28.0,760.72,8.0,100.0,20.0,1,-20.0,1,1,1,760.72,-20.0,10240
170.963,166.833,760.8,59.0,760.84,19.0,100.0,20.0,1,-40.0,1,1,1,760.84,-40.0,10240
171.033,166.9,760.9,26.0,760.92,6.0,100.0,20.0,1,-20.0,1,1,1,760.92,-20.0,10240
171.179,167.045,761.0,71.0,761.06,11.0,100.0,20.0,1,-60.0,1,1,1,761.06,-60.0,10240
171.243,167.101,761.1,27.0,761.12,7.0,100.0,20.0,1,-20.0,1,1,1,761.12,-20.0,10240
171.366,167.229,761.2,55.0,761.24,15.0,100.0,20.0,1,-40.0,1,1,1,761.24,-40.0,10240
171.473,167.332,761.3,58.0,761.34,18.0,100.0,20.0,1,-40.0,1,1,1,761.34,-40.0,10240
171.58,167.441,761.4,67.0,761.46,7.0,100.0,20.0,1,-60.0,1,1,1,761.46,-60.0,10240
171.654,167.513,761.5,39.0,761.52,19.0,100.0,20.0,1,-20.0,1,1,1,761.52,-20.0,10240
171.765,167.619,761.6,45.0,761.64,5.0,100.0,20.0,1,-40.0,1,1,1,761.64,-40.0,10240
171.855,167.708,761.7,34.0,761.72,14.0,100.0,20.0,1,-20.0,1,1,1,761.72,-20.0,10240
172.036,167.874,761.8,100.0,761.9,0.0,100.0,20.0,1,-100.0,1,1,1,761.9,-100.0,10240
172.114,167.952,761.9,78.0,761.96,18.0,100.0,20.0,1,-60.0,1,1,1,761.96,-60.0,10240
172.236,168.073,762.0,99.0,762.08,19.0,100.0,20.0,1,-80.0,1,1,1,762.08,-80.0,10240
172.305,168.142,762.1,68.0,762.16,8.0,100.0,20.0,1,-60.0,1,1,1,762.16,-60.0,10240
172.393,168.224,762.2,50.0,762.24,10.0,100.0,20.0,1,-40.0,1,1,1,762.24,-40.0,10240
172.466,168.294,762.3,20.0,762.32,0.0,100.0,20.0,1,-20.0,1,1,1,762.32,-20.0,10240
172.583,168.405,762.4,31.0,762.42,11.0,100.0,20.0,1,-20.0,1,1,1,762.42,-20.0,10240
172.671,168.505,762.5,31.0,762.52,11.0,100.0,20.0,1,-20.0,1,1,1,762.52,-20.0,10240
172.783,168.601,762.6,27.0,762.62,7.0,100.0,20.0,1,-20.0,1,1,1,762.62,-20.0,10240
172.893,168.723,762.7,49.0,762.74,9.0,100.0,20.0,1,-40.0,1,1,1,762.74,-40.0,10240
173.003,168.824,762.8,50.0,762.84,10.0,100.0,20.0,1,-40.0,1,1,1,762.84,-40.0,10240
173.083,168.907,762.9,33.0,762.92,13.0,100.0,20.0,1,-20.0,1,1,1,762.92,-20.0,10240
173.198,169.021,763.0,47.0,763.04,7.0,100.0,20.0,1,-40.0,1,1,1,763.04,-40.0,10240
173.283,169.104,763.1,30.0,763.12,10.0,100.0,20.0,1,-20.0,1,1,1,763.12,-20.0,10240
173.398,169.207,763.2,33.0,763.22,13.0,100.0,20.0,1,-20.0,1,1,1,763.22,-20.0,10240
173.501,169.318,763.3,44.0,763.34,4.0,100.0,20.0,1,-40.0,1,1,1,763.34,-40.0,10240
173.711,169.475,763.4,101.0,763.5,1.0,100.0,20.0,1,-100.0,1,1,1,763.5,-100.0,10240
173.799,169.55,763.5,76.0,763.56,16.0,100.0,20.0,1,-60.0,1,1,1,763.56,-60.0,10240
173.858,169.607,763.6,33.0,763.62,13.0,100.0,20.0,1,-20.0,1,1,1,763.62,-20.0,10240
174.013,169.766,763.7,92.0,763.78,12.0,100.0,20.0,1,-80.0,1,1,1,763.78,-80.0,10240
174.153,169.874,763.8,100.0,763.9,0.0,100.0,20.0,1,-100.0,1,1,1,763.9,-100.0,10240
174.209,169.922,763.9,48.0,763.94,8.0,100.0,20.0,1,-40.0,1,1,1,763.94,-40.0,10240
174.306,170.022,764.0,48.0,764.04,8.0,100.0,20.0,1,-20.0,1,1,1,764.02,-20.0,10240
174.416,170.133,764.1,59.0,764.14,19.0,100.0,20.0,1,-40.0,1,1,1,764.14,-40.0,10240
174.523,170.239,764.2,65.0,764.26,5.0,100.0,20.0,1,-60.0,1,1,1,764.26,-60.0,10240
174.606,170.324,764.3,50.0,764.34,10.0,100.0,20.0,1,-20.0,1,1,1,764.32,-20.0,10240
174.746,170.461,764.4,87.0,764.48,7.0,100.0,20.0,1,-80.0,1,1,1,764.48,-80.0,10240
174.842,170.555,764.5,81.0,764.58,1.0,100.0,20.0,1,-80.0,1,1,1,764.58,-80.0,10240
174.928,170.639,764.6,65.0,764.66,5.0,100.0,20.0,1,-60.0,1,1,1,764.66,-60.0,10240
174.995,170.704,764.7,30.0,764.72,10.0,100.0,20.0,1,-20.0,1,1,1,764.72,-20.0,10240
175.12,170.833,764.8,59.0,764.84,19.0,100.0,20.0,1,-40.0,1,1,1,764.84,-40.0,10240
175.232,170.937,764.9,63.0,764.96,3.0,100.0,20.0,1,-60.0,1,1,1,764.96,-60.0,10240
175.319,171.027,765.0,53.0,765.04,13.0,100.0,20.0,1,-40.0,1,1,1,765.04,-40.0,10240
175.45,171.159,765.1,85.0,765.18,5.0,100.0,20.0,1,-80.0,1,1,1,765.18,-80.0,10240
175.505,171.21,765.2,36.0,765.22,16.0,100.0,20.0,1,-20.0,1,1,1,765.22,-20.0,10240
175.603,171.305,765.3,31.0,765.32,11.0,100.0,20.0,1,-20.0,1,1,1,765.32,-20.0,10240
175.707,171.409,765.4,35.0,765.42,15.0,100.0,20.0,1,-20.0,1,1,1,765.42,-20.0,10240
175.809,171.504,765.5,30.0,765.52,10.0,100.0,20.0,1,-20.0,1,1,1,765.52,-20.0,10240
175.931,171.623,765.6,49.0,765.64,9.0,100.0,20.0,1,-40.0,1,1,1,765.64,-40.0,10240
176.027,171.717,765.7,43.0,765.74,3.0,100.0,20.0,1,-40.0,1,1,1,765.74,-40.0,10240
176.111,171.798,765.8,24.0,765.82,4.0,100.0,20.0,1,-20.0,1,1,1,765.82,-20.0,10240
176.211,171.904,765.9,30.0,765.92,10.0,100.0,20.0,1,-20.0,1,1,1,765.92,-20.0,10240
176.321,172.006,766.0,32.0,766.02,12.0,100.0,20.0,1,-20.0,1,1,1,766.02,-20.0,10240
176.467,172.161,766.1,87.0,766.18,7.0,100.0,20.0,1,-80.0,1,1,1,766.18,-80.0,10240
176.582,172.272,766.2,98.0,766.28,18.0,100.0,20.0,1,-80.0,1,1,1,766.28,-80.0,10240
176.645,172.335,766.3,61.0,766.36,1.0,100.0,20.0,1,-60.0,1,1,1,766.36,-60.0,10240
176.717,172.402,766.4,28.0,766.42,8.0,100.0,20.0,1,-20.0,1,1,1,766.42,-20.0,10240
176.826,172.509,766.5,35.0,766.52,15.0,100.0,20.0,1,-20.0,1,1,1,766.52,-20.0,10240
176.973,172.661,766.6,87.0,766.68,7.0,100.0,20.0,1,-80.0,1,1,1,766.68,-80.0,10240
177.039,172.718,766.7,44.0,766.74,4.0,100.0,20.0,1,-20.0,1,1,1,766.72,-20.0,10240
177.144,172.83,766.8,56.0,766.84,16.0,100.0,20.0,1,-40.0,1,1,1,766.84,-40.0,10240
177.222,172.901,766.9,27.0,766.92,7.0,100.0,20.0,1,-20.0,1,1,1,766.92,-20.0,10240
177.336,173.015,767.0,41.0,767.04,1.0,100.0,20.0,1,-40.0,1,1,1,767.04,-40.0,10240
177.433,173.114,767.1,40.0,767.12,20.0,100.0,20.0,1,-20.0,1,1,1,767.12,-20.0,10240
177.535,173.216,767.2,42.0,767.24,2.0,100.0,20.0,1,-40.0,1,1,1,767.24,-40.0,10240
177.65,173.33,767.3,56.0,767.34,16.0,100.0,20.0,1,-40.0,1,1,1,767.34,-40.0,10240
177.762,173.441,767.4,67.0,767.46,7.0,100.0,20.0,1,-60.0,1,1,1,767.46,-60.0,10240
177.839,173.51,767.5,36.0,767.52,16.0,100.0,20.0,1,-20.0,1,1,1,767.52,-20.0,10240
177.972,173.651,767.6,77.0,767.66,17.0,100.0,20.0,1,-60.0,1,1,1,767.66,-60.0,10240
178.036,173.711,767.7,37.0,767.72,17.0,100.0,20.0,1,-20.0,1,1,1,767.72,-20.0,10240
178.151,173.828,767.8,54.0,767.84,14.0,100.0,20.0,1,-40.0,1,1,1,767.84,-40.0,10240
178.231,173.908,767.9,34.0,767.92,14.0,100.0,20.0,1,-20.0,1,1,1,767.92,-20.0,10240
178.348,174.022,768.0,48.0,768.04,8.0,100.0,20.0,1,-40.0,1,1,1,768.04,-40.0,10240
178.438,174.108,768.1,34.0,768.12,14.0,100.0,20.0,1,-20.0,1,1,1,768.12,-20.0,10240
178.55,174.221,768.2,47.0,768.24,7.0,100.0,20.0,1,-40.0,1,1,1,768.24,-40.0,10240
178.636,174.3,768.3,26.0,768.32,6.0,100.0,20.0,1,-20.0,1,1,1,768.32,-20.0,10240
178.749,174.412,768.4,38.0,768.42,18.0,100.0,20.0,1,-20.0,1,1,1,768.42,-20.0,10240
178.85,174.513,768.5,39.0,768.52,19.0,100.0,20.0,1,-20.0,1,1,1,768.52,-20.0,10240
178.957,174.614,768.6,40.0,768.62,20.0,100.0,20.0,1,-20.0,1,1,1,768.62,-20.0,10240
179.051,174.699,768.7,25.0,768.72,5.0,100.0,20.0,1,-20.0,1,1,1,768.72,-20.0,10240
179.176,174.827,768.8,53.0,768.84,13.0,100.0,20.0,1,-40.0,1,1,1,768.84,-40.0,10240
179.256,174.909,768.9,35.0,768.92,15.0,100.0,20.0,1,-20.0,1,1,1,768.92,-20.0,10240
179.362,175.014,769.0,40.0,769.02,20.0,100.0,20.0,1,-20.0,1,1,1,769.02,-20.0,10240
179.483,175.128,769.1,54.0,769.14,14.0,100.0,20.0,1,-40.0,1,1,1,769.14,-40.0,10240
179.58,175.221,769.2,47.0,769.24,7.0,100.0,20.0,1,-40.0,1,1,1,769.24,-40.0,10240
179.669,175.299,769.3,25.0,769.32,5.0,100.0,20.0,1,0.0,1,1,1,769.3,0.0,10240
179.777,175.408,769.4,34.0,769.42,14.0,100.0,20.0,1,-20.0,1,1,1,769.42,-20.0,10240
179.881,175.515,769.5,41.0,769.54,1.0,100.0,20.0,1,-40.0,1,1,1,769.54,-40.0,10240
