arrival_wall_s,odom_tf_stamp_s
79488.4616,594.02
79488.4765,594.04
79488.4965,594.06
79488.5117,594.08
79488.5314,594.1
79488.5666,594.12
79488.5914,594.14
79488.5964,594.16
79488.6114,594.18
79488.6315,594.2
79488.6764,594.22
79488.6864,594.24
79488.6965,594.26
79488.7114,594.28
79488.7366,594.3
79488.7617,594.32
79488.7764,594.34
79488.7965,594.36
79488.8215,594.38
79488.8415,594.4
79488.8666,594.42
79488.8915,594.44
79488.9016,594.46
79488.9215,594.48
79488.9414,594.5
79488.9764,594.52
79488.9864,594.54
79489.0064,594.56
79489.0264,594.58
79489.0516,594.6
79489.0664,594.62
79489.0964,594.64
79489.1114,594.66
79489.1314,594.68
79489.1464,594.7
79489.1715,594.72
79489.2015,594.74
79489.2115,594.76
79489.2275,594.78
79489.2466,594.8
79489.2715,594.82
79489.2864,594.84
79489.3066,594.86
79489.3268,594.88
79489.3465,594.9
79489.3715,594.92
79489.3867,594.94
79489.4065,594.96
79489.4265,594.98
79489.4566,595.0
79489.4814,595.02
79489.4964,595.04
79489.5115,595.06
79489.5315,595.08
79489.5514,595.1
79489.5915,595.12
79489.6366,595.14
79489.6414,595.18
79489.6516,595.2
79489.6768,595.22
79489.7115,595.24
79489.7214,595.26
79489.7314,595.28
79489.7566,595.3
79489.7867,595.32
79489.8014,595.34
79489.8266,595.36
79489.8465,595.38
79489.8616,595.4
79489.9018,595.42
79489.9216,595.44
79489.9265,595.46
79489.9466,595.48
79489.9666,595.5
79490.0319,595.52
79490.0615,595.54
79490.0714,595.58
79490.0865,595.6
79490.1265,595.62
79490.1665,595.64
79490.1715,595.66
79490.1766,595.68
79490.187,595.7
79490.2116,595.72
79490.2214,595.74
79490.2464,595.76
79490.2616,595.78
79490.2815,595.8
79490.3215,595.82
79490.3315,595.84
79490.3466,595.86
79490.3714,595.88
79490.3866,595.9
79490.4171,595.92
79490.4216,595.94
79490.4473,595.96
79490.4633,595.98
79490.4874,596.0
79490.5517,596.02
79490.5565,596.04
79490.5617,596.06
79490.5665,596.08
79490.5816,596.1
79490.6064,596.12
79490.6265,596.14
79490.6464,596.16
79490.6665,596.18
79490.6918,596.2
79490.7065,596.22
79490.7264,596.24
79490.7466,596.26
79490.7715,596.28
79490.7865,596.3
79490.8166,596.32
79490.8365,596.34
79490.8514,596.36
79490.8717,596.38
79490.8864,596.4
79490.9166,596.42
79490.9465,596.44
79490.9567,596.46
79490.9764,596.48
79490.9867,596.5
79491.0265,596.52
79491.0615,596.54
79491.0766,596.56
79491.0866,596.58
79491.0973,596.6
79491.1167,596.62
79491.1365,596.64
79491.1572,596.66
79491.1768,596.68
79491.2017,596.7
79491.2215,596.72
79491.2465,596.74
79491.2564,596.76
79491.2765,596.78
79491.2915,596.8
79491.3464,596.84
79491.3564,596.86
79491.3764,596.88
79491.3968,596.9
79491.4268,596.92
79491.4464,596.94
79491.4619,596.96
79491.4764,596.98
79491.5017,597.0
79491.5567,597.02
79491.5616,597.06
79491.5768,597.08
79491.6028,597.1
79491.6216,597.12
79491.6515,597.14
79491.6665,597.16
79491.6767,597.18
79491.7016,597.2
79491.7716,597.22
79491.7765,597.24
79491.7864,597.26
79491.7914,597.28
79491.8018,597.3
79491.8265,597.32
79491.8364,597.34
79491.8564,597.36
79491.8864,597.38
79491.9016,597.4
79491.9265,597.42
79491.9515,597.44
79491.9714,597.46
79491.9865,597.48
79491.9966,597.5
79492.0225,597.52
79492.0415,597.54
79492.0619,597.56
79492.0816,597.58
79492.1116,597.6
79492.1266,597.62
79492.1472,597.64
79492.1615,597.66
79492.1865,597.68
79492.2068,597.7
79492.2464,597.72
79492.2615,597.74
79492.2665,597.76
79492.2866,597.78
79492.3065,597.8
79492.3415,597.82
79492.3764,597.86
79492.3964,597.88
79492.4115,597.9
79492.4465,597.92
79492.4664,597.96
79492.4864,597.98
79492.5015,598.0
79492.5364,598.02
79492.5515,598.04
79492.5715,598.06
79492.5866,598.08
79492.6069,598.1
79492.6416,598.12
79492.6565,598.14
79492.6765,598.16
79492.6865,598.18
79492.7116,598.2
79492.7317,598.22
79492.7564,598.24
79492.7664,598.26
79492.7865,598.28
79492.8166,598.3
79492.8465,598.32
79492.8614,598.34
79492.8715,598.36
79492.9016,598.38
79492.9116,598.4
79492.9467,598.42
79492.9566,598.44
79492.9768,598.46
79492.9915,598.48
79493.0114,598.5
79493.0465,598.52
79493.0565,598.54
79493.0816,598.56
79493.0971,598.58
79493.1176,598.6
79493.1415,598.62
79493.1618,598.64
79493.1765,598.66
79493.2014,598.68
79493.2166,598.7
79493.2364,598.72
79493.2664,598.74
79493.2866,598.76
79493.3015,598.78
79493.3165,598.8
79493.3465,598.82
79493.3665,598.84
79493.3765,598.86
79493.4014,598.88
79493.4165,598.9
79493.4367,598.92
79493.4614,598.94
79493.4815,598.96
79493.4964,598.98
79493.5215,599.0
79493.5464,599.02
79493.5664,599.04
79493.5765,599.06
79493.6164,599.08
79493.6215,599.1
79493.6467,599.12
79493.6566,599.14
79493.6816,599.16
79493.6964,599.18
79493.7165,599.2
79493.7421,599.22
79493.767,599.24
79493.7818,599.26
79493.8018,599.28
79493.8266,599.3
79493.8418,599.32
79493.8717,599.34
79493.8865,599.36
79493.9016,599.38
79493.9216,599.4
79493.9466,599.42
79493.9775,599.44
79493.9865,599.46
79494.0019,599.48
79494.0214,599.5
79494.0416,599.52
79494.0665,599.54
79494.0815,599.56
79494.1065,599.58
79494.1265,599.6
79494.1467,599.62
79494.1765,599.64
79494.1917,599.66
79494.2118,599.68
79494.2271,599.7
79494.2515,599.72
79494.2764,599.74
79494.2915,599.76
79494.3164,599.78
79494.3321,599.8
79494.3717,599.82
79494.407,599.84
79494.4168,599.86
79494.4267,599.88
79494.4315,599.9
79494.4566,599.92
79494.4818,599.94
79494.4919,599.96
79494.5124,599.98
79494.5367,600.0
79494.5566,600.02
79494.5865,600.04
79494.5914,600.06
79494.6064,600.08
79494.6264,600.1
79494.6667,600.12
79494.6964,600.14
79494.7014,600.16
79494.7165,600.18
79494.7314,600.2
79494.7714,600.22
79494.7764,600.24
79494.7964,600.26
79494.8114,600.28
79494.8315,600.3
79494.8665,600.32
79494.8864,600.34
79494.9014,600.36
79494.9114,600.38
79494.9317,600.4
79494.9664,600.42
79494.9764,600.44
79494.9964,600.46
79495.0114,600.48
79495.0367,600.5
79495.0566,600.52
79495.0815,600.54
79495.0965,600.56
79495.1215,600.58
79495.1315,600.6
79495.1765,600.62
79495.1816,600.64
79495.1964,600.66
79495.2164,600.68
79495.2365,600.7
79495.2616,600.72
79495.2815,600.74
79495.2977,600.76
79495.3217,600.78
79495.3365,600.8
79495.3666,600.82
79495.3965,600.84
79495.4016,600.86
79495.4164,600.88
79495.4365,600.9
79495.4665,600.92
79495.4865,600.94
79495.5015,600.96
79495.5217,600.98
79495.5429,601.0
79495.5915,601.02
79495.5973,601.04
79495.6064,601.06
79495.6265,601.08
79495.6569,601.1
79495.6765,601.12
79495.6865,601.14
79495.7065,601.16
79495.7265,601.18
79495.7567,601.2
79495.7715,601.22
79495.7865,601.24
79495.8065,601.26
79495.8214,601.28
79495.8414,601.3
79495.8765,601.32
79495.8964,601.34
79495.9166,601.36
79495.9265,601.38
79495.9515,601.4
79495.987,601.42
79496.0115,601.44
79496.0214,601.46
79496.0264,601.48
79496.0464,601.5
79496.0767,601.52
79496.0965,601.54
79496.1164,601.56
79496.1264,601.58
79496.1514,601.6
79496.1765,601.62
79496.1915,601.64
79496.2164,601.66
79496.2364,601.68
79496.2565,601.7
79496.2815,601.72
79496.3066,601.74
79496.3164,601.76
79496.3364,601.78
79496.3514,601.8
79496.3816,601.82
79496.4064,601.84
79496.4165,601.86
79496.4364,601.88
79496.4566,601.9
79496.4867,601.92
79496.5115,601.94
79496.5215,601.96
79496.5416,601.98
79496.5618,602.0
79496.5915,602.02
79496.6114,602.04
79496.6315,602.06
79496.6465,602.08
79496.6566,602.1
79496.6916,602.12
79496.7114,602.14
79496.7215,602.16
79496.7465,602.18
79496.7665,602.2
79496.7868,602.22
79496.8017,602.24
79496.8215,602.26
79496.8465,602.28
79496.8616,602.3
79496.9021,602.32
79496.9065,602.34
79496.9264,602.36
79496.9414,602.38
79496.9616,602.4
79496.9971,602.42
79497.0165,602.44
79497.0216,602.46
79497.0415,602.48
79497.0615,602.5
79497.0963,602.52
79497.1065,602.54
79497.1215,602.56
79497.1465,602.58
79497.1667,602.6
79497.1915,602.62
79497.2064,602.64
79497.2214,602.66
79497.2416,602.68
79497.2618,602.7
79497.3066,602.72
79497.3164,602.74
79497.3266,602.76
79497.3464,602.78
79497.3665,602.8
79497.3966,602.82
79497.4316,602.86
79497.4415,602.88
79497.4615,602.9
79497.4964,602.92
79497.5014,602.94
79497.5215,602.96
79497.5414,602.98
79497.5666,603.0
79497.5865,603.02
79497.6164,603.04
79497.6265,603.06
79497.6415,603.08
79497.6616,603.1
79497.6915,603.12
79497.7067,603.14
79497.7267,603.16
79497.7464,603.18
79497.7766,603.2
79497.7922,603.22
79497.8234,603.24
79497.8265,603.26
79497.8569,603.28
79497.8719,603.3
79497.8917,603.32
79497.9166,603.34
79497.9265,603.36
79497.9465,603.38
79497.9765,603.4
79498.0014,603.42
79498.0114,603.44
79498.0414,603.46
79498.0565,603.48
79498.0666,603.5
79498.0965,603.52
79498.1214,603.54
79498.1314,603.56
79498.1519,603.58
79498.1815,603.6
79498.1969,603.62
79498.2273,603.64
79498.2368,603.66
79498.257,603.68
79498.2766,603.7
79498.2965,603.72
79498.3116,603.74
79498.3364,603.76
79498.3564,603.78
79498.3817,603.8
79498.4069,603.82
79498.4265,603.84
79498.4364,603.86
79498.4515,603.88
79498.4816,603.9
79498.5114,603.92
79498.5215,603.94
79498.5365,603.96
79498.5614,603.98
79498.5821,604.0
79498.5964,604.02
79498.6264,604.04
79498.6414,604.06
79498.6564,604.08
79498.6866,604.1
79498.6966,604.12
79498.7266,604.14
79498.7415,604.16
79498.7714,604.18
79498.7814,604.2
79498.8222,604.22
79498.8317,604.24
79498.8514,604.26
79498.8664,604.28
79498.8865,604.3
79498.9214,604.32
79498.9365,604.34
79498.9517,604.36
79498.9714,604.38
79499.0016,604.4
79499.0315,604.42
79499.0664,604.44
79499.0814,604.46
79499.0864,604.48
79499.0915,604.5
79499.1216,604.52
79499.1414,604.54
79499.1515,604.56
79499.1715,604.58
79499.1916,604.6
79499.2317,604.62
79499.2567,604.66
79499.2714,604.68
79499.2914,604.7
79499.3115,604.72
79499.3364,604.74
79499.3515,604.76
79499.3714,604.78
79499.3914,604.8
79499.4168,604.82
79499.4416,604.84
79499.4664,604.86
79499.4864,604.88
79499.5017,604.9
79499.5214,604.92
79499.5368,604.94
79499.5565,604.96
79499.5772,604.98
79499.5965,605.0
79499.6171,605.02
79499.6415,605.04
79499.6772,605.06
79499.6867,605.08
79499.7065,605.1
79499.7367,605.12
79499.7565,605.14
79499.7664,605.16
79499.7966,605.18
79499.8015,605.2
79499.8269,605.22
79499.8464,605.24
79499.8714,605.26
79499.8814,605.28
79499.9115,605.3
79499.9365,605.32
79499.9614,605.34
79499.9665,605.36
79499.9867,605.38
79500.0066,605.4
79500.0366,605.42
79500.0515,605.44
79500.0665,605.46
79500.0914,605.48
79500.1065,605.5
79500.1264,605.52
79500.1514,605.54
79500.1665,605.56
79500.1914,605.58
79500.2116,605.6
79500.2416,605.62
79500.2614,605.64
79500.2715,605.66
79500.2916,605.68
79500.3119,605.7
79500.3566,605.74
79500.3715,605.76
79500.3965,605.78
79500.4165,605.8
79500.4467,605.82
79500.4667,605.84
79500.4864,605.86
79500.4965,605.88
79500.5218,605.9
79500.5421,605.92
79500.5714,605.94
79500.5766,605.96
79500.6066,605.98
79500.6217,606.0
79500.6416,606.02
79500.6567,606.04
79500.6765,606.06
79500.7018,606.08
79500.7165,606.1
79500.752,606.12
79500.7615,606.14
79500.7816,606.16
79500.7967,606.18
79500.8188,606.2
79500.8416,606.22
79500.8565,606.24
79500.8815,606.26
79500.9018,606.28
79500.9267,606.3
79500.9419,606.32
79500.9815,606.34
79500.9914,606.36
79501.0015,606.38
79501.0215,606.4
79501.0415,606.42
79501.0766,606.44
79501.0815,606.46
79501.1015,606.48
79501.1214,606.5
79501.1469,606.52
79501.1665,606.54
79501.1814,606.56
79501.2014,606.58
79501.2166,606.6
79501.2467,606.62
79501.2665,606.64
79501.2915,606.66
79501.3065,606.68
79501.3214,606.7
79501.3664,606.72
79501.377,606.74
79501.3865,606.76
79501.4014,606.78
79501.4267,606.8
79501.4465,606.82
79501.4715,606.84
79501.4891,606.86
79501.5064,606.88
79501.5215,606.9
79501.5615,606.92
79501.5765,606.94
79501.5968,606.96
79501.6167,606.98
79501.6314,607.0
79501.6716,607.02
79501.6915,607.04
79501.7014,607.06
79501.7165,607.08
79501.7315,607.1
79501.7714,607.12
79501.7814,607.14
79501.8015,607.16
79501.8216,607.18
79501.8415,607.2
79501.8765,607.22
79501.8916,607.24
79501.9068,607.26
79501.9268,607.28
79501.9467,607.3
79501.9771,607.32
79501.9965,607.34
79502.0014,607.36
79502.0266,607.38
79502.0464,607.4
79502.0717,607.42
79502.0865,607.44
79502.1115,607.46
79502.1265,607.48
79502.1465,607.5
79502.1819,607.52
79502.1915,607.54
79502.2114,607.56
79502.2316,607.58
79502.2516,607.6
79502.2818,607.62
79502.2965,607.64
79502.3264,607.66
79502.3364,607.68
79502.3567,607.7
79502.3965,607.72
79502.4114,607.74
79502.4166,607.76
79502.4464,607.78
79502.4666,607.8
79502.4815,607.82
79502.5067,607.84
79502.5164,607.86
79502.5466,607.88
79502.5616,607.9
79502.5872,607.92
79502.6015,607.94
79502.6215,607.96
79502.6415,607.98
79502.6615,608.0
79502.6865,608.02
79502.7015,608.04
79502.7265,608.06
79502.7464,608.08
79502.7766,608.1
79502.8064,608.12
79502.8117,608.14
79502.8264,608.16
79502.8464,608.18
79502.8718,608.2
79502.8867,608.22
79502.9067,608.24
79502.9314,608.26
79502.9464,608.28
79502.9665,608.3
79502.9915,608.32
79503.0165,608.34
79503.0265,608.36
79503.0465,608.38
79503.0619,608.4
79503.1113,608.42
79503.1265,608.44
79503.1414,608.46
79503.1515,608.48
79503.1715,608.5
79503.1965,608.52
79503.2116,608.54
79503.2265,608.56
79503.2464,608.58
79503.2615,608.6
79503.3015,608.62
79503.3115,608.64
79503.3264,608.66
79503.3464,608.68
79503.3665,608.7
79503.3964,608.72
79503.4065,608.74
79503.4265,608.76
79503.4466,608.78
79503.4716,608.8
79503.5065,608.82
79503.5165,608.84
79503.5265,608.86
79503.5468,608.88
79503.5674,608.9
79503.5916,608.92
79503.6114,608.94
79503.6264,608.96
79503.6414,608.98
79503.6718,609.0
79503.6964,609.02
79503.7116,609.04
79503.7266,609.06
79503.7565,609.08
79503.7716,609.1
79503.7917,609.12
79503.8214,609.14
79503.8365,609.16
79503.8517,609.18
79503.8666,609.2
79503.8968,609.22
79503.9164,609.24
79503.9319,609.26
79503.9515,609.28
79503.9724,609.3
79504.0066,609.32
79504.0316,609.34
79504.0418,609.36
79504.0565,609.38
79504.0764,609.4
79504.0972,609.42
79504.1167,609.44
79504.1415,609.46
79504.1514,609.48
79504.1716,609.5
79504.192,609.52
79504.2217,609.54
79504.2314,609.56
79504.2514,609.58
79504.2716,609.6
79504.3064,609.62
79504.3265,609.64
79504.3418,609.66
79504.3516,609.68
79504.3767,609.7
79504.397,609.72
79504.4166,609.74
79504.4414,609.76
79504.4615,609.78
79504.4764,609.8
79504.4965,609.82
79504.5164,609.84
79504.5415,609.86
79504.5564,609.88
79504.5766,609.9
79504.6114,609.92
79504.6164,609.94
79504.6364,609.96
79504.6666,609.98
79504.6768,610.0
79504.7119,610.02
79504.7315,610.04
79504.7465,610.06
79504.7571,610.08
79504.7865,610.1
79504.8018,610.12
79504.8214,610.14
79504.8414,610.16
79504.8614,610.18
79504.8814,610.2
79504.9015,610.22
79504.9165,610.24
79504.9415,610.26
79504.9567,610.28
79504.9765,610.3
79505.0165,610.32
79505.0266,610.34
79505.037,610.36
79505.0616,610.38
79505.0767,610.4
79505.1067,610.42
79505.1265,610.44
79505.1414,610.46
79505.1564,610.48
79505.1916,610.5
79505.2067,610.52
79505.2315,610.54
79505.2474,610.56
79505.2672,610.58
79505.2866,610.6
79505.3266,610.62
79505.3518,610.64
79505.3564,610.66
79505.3715,610.68
79505.387,610.7
79505.4165,610.72
79505.4264,610.74
79505.4464,610.76
79505.4664,610.78
79505.4864,610.8
79505.5166,610.82
79505.5364,610.84
79505.5464,610.86
79505.5664,610.88
79505.5915,610.9
79505.6166,610.92
79505.6365,610.94
79505.6515,610.96
79505.6715,610.98
79505.6918,611.0
79505.7215,611.02
79505.7364,611.04
79505.7514,611.06
79505.7767,611.08
79505.7966,611.1
79505.8215,611.12
79505.8416,611.14
79505.8564,611.16
79505.8766,611.18
79505.8964,611.2
79505.9264,611.22
79505.9464,611.24
79505.9664,611.26
79505.9815,611.28
79506.0067,611.3
79506.0221,611.32
79506.042,611.34
79506.0581,611.36
79506.0772,611.38
79506.1068,611.4
79506.1317,611.42
79506.1418,611.44
79506.1671,611.46
79506.182,611.48
79506.2018,611.5
79506.2265,611.52
79506.2465,611.54
79506.2719,611.56
79506.282,611.58
79506.3065,611.6
79506.3415,611.62
79506.3565,611.64
79506.3614,611.66
79506.3864,611.68
79506.4015,611.7
79506.4415,611.72
79506.4564,611.74
79506.4664,611.76
79506.4815,611.78
79506.5065,611.8
79506.5415,611.82
79506.5565,611.84
79506.5715,611.86
79506.5865,611.88
79506.6065,611.9
79506.6368,611.92
79506.6615,611.94
79506.6814,611.96
79506.7016,611.98
79506.7216,612.0
79506.7515,612.02
79506.7615,612.04
79506.7865,612.06
79506.7964,612.08
79506.8165,612.1
79506.8418,612.12
79506.8664,612.14
79506.8866,612.16
79506.8965,612.18
79506.9216,612.2
79506.9416,612.22
79506.9665,612.24
79506.9765,612.26
79506.9965,612.28
79507.0165,612.3
79507.0715,612.32
79507.0815,612.34
79507.0864,612.36
79507.1016,612.38
79507.1215,612.4
79507.1665,612.44
79507.1815,612.46
79507.1964,612.48
79507.2215,612.5
79507.2416,612.52
79507.2816,612.54
79507.2914,612.56
79507.3015,612.58
79507.3221,612.6
79507.3566,612.62
79507.3765,612.64
79507.3865,612.66
79507.4115,612.68
79507.4268,612.7
79507.4668,612.72
79507.4865,612.74
79507.4915,612.76
79507.5064,612.78
79507.5265,612.8
79507.5615,612.82
79507.5766,612.84
79507.5966,612.86
79507.6165,612.88
79507.6365,612.9
79507.6716,612.92
79507.6867,612.94
79507.7015,612.96
79507.7215,612.98
79507.7373,613.0
79507.7766,613.02
79507.7816,613.04
79507.8067,613.06
79507.8164,613.08
79507.8415,613.1
79507.8665,613.12
79507.8917,613.14
79507.9017,613.16
79507.9215,613.18
79507.9417,613.2
79507.9715,613.22
79507.9814,613.24
79507.9969,613.26
79508.0164,613.28
79508.0466,613.3
79508.0616,613.32
79508.0864,613.34
79508.1015,613.36
79508.1214,613.38
79508.1415,613.4
79508.1716,613.42
79508.1815,613.44
79508.2019,613.46
79508.2265,613.48
79508.2465,613.5
79508.2716,613.52
79508.2965,613.54
79508.3072,613.56
79508.3265,613.58
79508.3467,613.6
79508.3766,613.62
79508.3914,613.64
79508.4114,613.66
79508.4365,613.68
79508.4515,613.7
79508.4866,613.72
79508.5016,613.74
79508.5119,613.76
79508.5365,613.78
79508.5516,613.8
79508.5765,613.82
79508.5914,613.84
79508.6165,613.86
79508.6369,613.88
79508.6617,613.9
79508.6767,613.92
79508.6965,613.94
79508.7166,613.96
79508.7415,613.98
79508.7667,614.0
79508.7916,614.02
79508.8014,614.04
79508.8216,614.06
79508.8415,614.08
79508.8565,614.1
79508.8866,614.12
79508.9015,614.14
79508.9164,614.16
79508.9415,614.18
79508.9564,614.2
79508.9867,614.22
79509.012,614.24
79509.0216,614.26
79509.0366,614.28
79509.0622,614.3
79509.0816,614.32
79509.1064,614.34
79509.1164,614.36
79509.1464,614.38
79509.1615,614.4
79509.1914,614.42
79509.2016,614.44
79509.2265,614.46
79509.2414,614.48
79509.2617,614.5
79509.2867,614.52
79509.3064,614.54
79509.3265,614.56
79509.3465,614.58
79509.3615,614.6
79509.3867,614.62
79509.4115,614.64
79509.4217,614.66
79509.4474,614.68
79509.472,614.7
79509.4965,614.72
79509.5065,614.74
79509.5315,614.76
79509.5414,614.78
79509.5614,614.8
79509.6016,614.82
79509.6065,614.84
79509.6215,614.86
79509.6464,614.88
79509.6717,614.9
79509.7065,614.92
79509.7264,614.94
79509.7315,614.96
79509.7465,614.98
79509.7666,615.0
79509.7915,615.02
79509.8115,615.04
79509.8264,615.06
79509.8465,615.08
79509.8665,615.1
79509.8914,615.12
79509.9115,615.14
79509.9264,615.16
79509.9464,615.18
79509.9665,615.2
79510.0065,615.22
79510.0164,615.24
79510.0283,615.26
79510.0464,615.28
79510.0664,615.3
79510.0865,615.32
79510.1164,615.34
79510.1264,615.36
79510.1465,615.38
79510.1665,615.4
79510.1865,615.42
79510.2114,615.44
79510.2264,615.46
79510.2564,615.48
79510.2665,615.5
79510.2917,615.52
79510.3116,615.54
79510.3267,615.56
79510.3565,615.58
79510.3715,615.6
79510.3965,615.62
79510.4216,615.64
79510.4315,615.66
79510.4514,615.68
79510.4665,615.7
79510.4967,615.72
79510.5215,615.74
79510.5265,615.76
79510.5564,615.78
79510.5664,615.8
79510.5965,615.82
79510.6215,615.84
79510.6317,615.86
79510.6564,615.88
79510.6767,615.9
79510.6965,615.92
79510.7166,615.94
79510.7314,615.96
79510.7615,615.98
79510.7815,616.0
79510.8016,616.02
79510.8165,616.04
79510.8316,616.06
79510.8565,616.08
79510.8765,616.1
79510.8964,616.12
79510.9165,616.14
79510.9415,616.16
79510.9615,616.18
79510.9765,616.2
79510.9972,616.22
79511.0166,616.24
79511.0366,616.26
79511.0565,616.28
79511.0816,616.3
79511.1015,616.32
79511.127,616.34
79511.1514,616.36
79511.1564,616.38
79511.1816,616.4
79511.2117,616.42
79511.2166,616.44
79511.2517,616.46
79511.257,616.48
79511.2864,616.5
79511.3067,616.52
79511.3265,616.54
79511.3565,616.56
79511.3664,616.58
79511.3865,616.6
79511.4064,616.62
79511.4314,616.64
79511.4464,616.66
79511.4666,616.68
79511.4815,616.7
79511.5071,616.72
79511.5264,616.74
79511.5605,616.76
79511.5668,616.78
79511.5816,616.8
79511.6117,616.82
79511.6364,616.84
79511.6565,616.86
79511.6765,616.88
79511.6865,616.9
79511.7165,616.92
79511.7414,616.94
79511.7464,616.96
79511.7717,616.98
79511.7915,617.0
79511.8117,617.02
79511.8365,617.04
79511.8514,617.06
79511.8715,617.08
79511.8965,617.1
79511.9165,617.12
79511.9365,617.14
79511.9616,617.16
79511.9764,617.18
79511.9865,617.2
79512.0168,617.22
79512.0321,617.24
79512.0564,617.26
79512.0715,617.28
79512.0868,617.3
79512.1166,617.32
79512.1314,617.34
79512.1515,617.36
79512.1864,617.38
79512.1967,617.4
79512.2169,617.42
79512.2366,617.44
79512.2614,617.46
79512.2816,617.48
79512.2968,617.5
79512.3265,617.52
79512.3415,617.54
79512.3566,617.56
79512.3814,617.58
79512.3965,617.6
79512.4165,617.62
79512.4415,617.64
79512.457,617.66
79512.4771,617.68
79512.5016,617.7
79512.5317,617.72
79512.5414,617.74
79512.5514,617.76
79512.5764,617.78
79512.6018,617.8
79512.6215,617.82
79512.6366,617.84
79512.6566,617.86
79512.6765,617.88
79512.6965,617.9
79512.7266,617.92
79512.7616,617.94
79512.7721,617.96
79512.787,617.98
79512.8066,618.0
79512.827,618.02
79512.8465,618.04
79512.8564,618.06
79512.8914,618.08
79512.9017,618.1
79512.9265,618.12
79512.9565,618.14
79512.9665,618.16
79512.9866,618.18
79512.9965,618.2
79513.0365,618.22
79513.052,618.24
79513.0716,618.26
79513.0865,618.28
79513.1016,618.3
79513.1266,618.32
79513.1515,618.34
79513.1766,618.36
79513.1864,618.38
79513.2065,618.4
79513.2316,618.42
79513.2515,618.44
79513.2664,618.46
79513.2865,618.48
79513.317,618.5
79513.3364,618.52
79513.3665,618.54
79513.3815,618.56
79513.3864,618.58
79513.4064,618.6
79513.4317,618.62
79513.4616,618.64
79513.4713,618.66
79513.4965,618.68
79513.5115,618.7
79513.5366,618.72
79513.5617,618.74
79513.5765,618.76
79513.5914,618.78
79513.6114,618.8
79513.6414,618.82
79513.6568,618.84
79513.6767,618.86
79513.6914,618.88
79513.7115,618.9
79513.7366,618.92
79513.7566,618.94
79513.7714,618.96
79513.7915,618.98
79513.8215,619.0
79513.8415,619.02
79513.8666,619.04
79513.8764,619.06
79513.9016,619.08
79513.9267,619.1
79513.9466,619.12
79513.9865,619.14
79513.9914,619.16
79513.9966,619.18
79514.0222,619.2
79514.0615,619.22
79514.0867,619.24
79514.1015,619.26
79514.1065,619.28
79514.1266,619.3
79514.1464,619.32
79514.1665,619.34
79514.1814,619.36
79514.2065,619.38
79514.2215,619.4
79514.2624,619.42
79514.2814,619.44
79514.2866,619.46
79514.3019,619.48
79514.322,619.5
79514.3567,619.52
79514.3916,619.54
79514.3965,619.56
79514.4065,619.58
79514.4266,619.6
79514.4766,619.62
79514.4864,619.64
79514.4914,619.66
79514.5166,619.68
79514.5365,619.7
79514.5716,619.72
79514.5815,619.74
79514.6018,619.76
79514.6266,619.78
79514.6415,619.8
79514.6817,619.82
79514.6864,619.84
79514.7064,619.86
79514.7265,619.88
79514.7465,619.9
79514.8015,619.92
79514.8065,619.96
79514.827,619.98
79514.8523,620.0
79514.8815,620.02
79514.8965,620.04
79514.9115,620.06
79514.9264,620.08
79514.9515,620.1
79514.9915,620.12
79515.0067,620.14
79515.0167,620.16
79515.0315,620.18
79515.0514,620.2
79515.0765,620.22
79515.1114,620.24
79515.1165,620.26
79515.1314,620.28
79515.1667,620.3
79515.1815,620.32
79515.2114,620.34
79515.2217,620.36
79515.2416,620.38
79515.2617,620.4
79515.3064,620.42
79515.3167,620.44
79515.3264,620.46
79515.3415,620.48
79515.3618,620.5
79515.4015,620.52
79515.4315,620.54
79515.4414,620.56
79515.4515,620.58
79515.4615,620.6
79515.4964,620.62
79515.5114,620.64
79515.5264,620.66
79515.5414,620.68
79515.5622,620.7
79515.5865,620.72
79515.6066,620.74
79515.6215,620.76
79515.6515,620.78
79515.6716,620.8
79515.6815,620.82
79515.7014,620.84
79515.7216,620.86
79515.7414,620.88
79515.7664,620.9
79515.7965,620.92
79515.8064,620.94
79515.8264,620.96
79515.8465,620.98
79515.8665,621.0
79515.8865,621.02
79515.9116,621.04
79515.9265,621.06
79515.9514,621.08
79515.9816,621.1
79516.0114,621.12
79516.0222,621.14
79516.0416,621.16
79516.0566,621.18
79516.0765,621.2
79516.1068,621.22
79516.1318,621.24
79516.1366,621.26
79516.1615,621.28
79516.1766,621.3
79516.2064,621.32
79516.2166,621.34
79516.2414,621.36
79516.2564,621.38
79516.2815,621.4
79516.3167,621.42
79516.3413,621.44
79516.3514,621.46
79516.3715,621.48
79516.3914,621.5
79516.4315,621.52
79516.4616,621.54
79516.4665,621.56
79516.4865,621.58
79516.4914,621.6
79516.5215,621.62
79516.5367,621.64
79516.5565,621.66
79516.5965,621.68
79516.6017,621.7
79516.6265,621.72
79516.6666,621.74
79516.6766,621.76
79516.6815,621.78
79516.7017,621.8
79516.7616,621.82
79516.7714,621.84
79516.7764,621.86
79516.7814,621.88
79516.7973,621.9
79516.8465,621.92
79516.8714,621.94
79516.8814,621.96
79516.8865,621.98
79516.8965,622.0
79516.9268,622.02
79516.9583,622.04
79516.9718,622.06
79516.9878,622.08
79517.0069,622.1
79517.0364,622.12
79517.0665,622.14
79517.0815,622.16
79517.0866,622.18
79517.1015,622.2
79517.1365,622.22
79517.1514,622.24
79517.1715,622.26
79517.1919,622.28
79517.2069,622.3
79517.2317,622.32
79517.2665,622.34
79517.2764,622.36
79517.2964,622.38
79517.3116,622.4
79517.3316,622.42
79517.3633,622.44
79517.3715,622.46
79517.3964,622.48
79517.4067,622.5
79517.4364,622.52
79517.4515,622.54
79517.4666,622.56
79517.4866,622.58
79517.5116,622.6
79517.5615,622.62
79517.5765,622.64
79517.5865,622.66
79517.5964,622.68
79517.6115,622.7
79517.6317,622.72
79517.6568,622.74
79517.6674,622.76
79517.6865,622.78
79517.7065,622.8
79517.7367,622.82
79517.7615,622.84
79517.7764,622.86
79517.7867,622.88
79517.8066,622.9
79517.8316,622.92
79517.8566,622.94
79517.8717,622.96
79517.8918,622.98
79517.9142,623.0
79517.9367,623.02
79517.9571,623.04
79517.9814,623.06
79517.9964,623.08
79518.0115,623.1
79518.0416,623.12
79518.0566,623.14
79518.0715,623.16
79518.0964,623.18
79518.1165,623.2
79518.1318,623.22
79518.1564,623.24
79518.1764,623.26
79518.1965,623.28
79518.2164,623.3
79518.2415,623.32
79518.2715,623.34
79518.2864,623.36
79518.2968,623.38
79518.3166,623.4
79518.3418,623.42
79518.3765,623.44
79518.3814,623.46
79518.3964,623.48
79518.4164,623.5
79518.4664,623.52
79518.4765,623.54
79518.4815,623.56
79518.4964,623.58
79518.5167,623.6
79518.5465,623.62
79518.5615,623.64
79518.5814,623.66
79518.6015,623.68
79518.6164,623.7
79518.6515,623.72
79518.6666,623.74
79518.6815,623.76
79518.7015,623.78
79518.7217,623.8
79518.7415,623.82
79518.7664,623.84
79518.7766,623.86
79518.8014,623.88
79518.8215,623.9
79518.8616,623.92
79518.8664,623.94
79518.8866,623.96
79518.9015,623.98
79518.9165,624.0
79518.9514,624.02
79518.9615,624.04
79518.9864,624.06
79519.0014,624.08
79519.0267,624.1
79519.0516,624.12
79519.0725,624.14
79519.0819,624.16
79519.0968,624.18
79519.122,624.2
79519.1468,624.22
79519.1815,624.24
79519.1964,624.28
79519.2215,624.3
79519.2415,624.32
79519.2566,624.34
79519.282,624.36
79519.3014,624.38
79519.3219,624.4
79519.3565,624.42
79519.3669,624.44
79519.3865,624.46
79519.4065,624.48
79519.4368,624.5
79519.4615,624.52
79519.4715,624.54
79519.4866,624.56
79519.5064,624.58
79519.5265,624.6
79519.5619,624.62
79519.5815,624.64
79519.5916,624.66
79519.6116,624.68
79519.6315,624.7
79519.6615,624.72
79519.6765,624.74
79519.6915,624.76
79519.7114,624.78
79519.7315,624.8
79519.7664,624.82
79519.7715,624.84
79519.7919,624.86
79519.8115,624.88
79519.8415,624.9
79519.8614,624.92
79519.8867,624.94
79519.9076,624.96
79519.9221,624.98
79519.9516,625.0
79520.0015,625.02
79520.0115,625.04
79520.0165,625.06
79520.0264,625.08
79520.0466,625.1
79520.0765,625.12
79520.0914,625.14
79520.1064,625.16
79520.1269,625.18
79520.1473,625.2
79520.1714,625.22
79520.1864,625.24
79520.2065,625.26
79520.2264,625.28
79520.2568,625.3
79520.2716,625.32
79520.2964,625.34
79520.3165,625.36
79520.3314,625.38
79520.3567,625.4
79520.3815,625.42
79520.4065,625.44
79520.4115,625.46
79520.4266,625.48
79520.4566,625.5
79520.4765,625.52
79520.4914,625.54
79520.5164,625.56
79520.5314,625.58
79520.5515,625.6
79520.5865,625.62
79520.6065,625.64
79520.6166,625.66
79520.6375,625.68
79520.6573,625.7
79520.6815,625.72
79520.7031,625.74
79520.7124,625.76
79520.7366,625.78
79520.7517,625.8
79520.7814,625.82
79520.8014,625.84
79520.8164,625.86
79520.8315,625.88
79520.8617,625.9
79520.8766,625.92
79520.9065,625.94
79520.9164,625.96
79520.947,625.98
79520.9627,626.0
79520.9815,626.02
79520.9967,626.04
79521.0164,626.06
79521.0417,626.08
79521.0617,626.1
79521.0915,626.12
79521.1016,626.14
79521.1166,626.16
79521.1365,626.18
79521.1565,626.2
79521.1918,626.22
79521.207,626.24
79521.2215,626.26
79521.2417,626.28
79521.2615,626.3
79521.2964,626.32
79521.3114,626.34
79521.3264,626.36
79521.3564,626.38
79521.3715,626.4
79521.3965,626.42
79521.4164,626.44
79521.4264,626.46
79521.4465,626.48
79521.4665,626.5
79521.4917,626.52
79521.5064,626.54
79521.5265,626.56
79521.5518,626.58
79521.5666,626.6
79521.6114,626.62
79521.6214,626.64
79521.6364,626.66
79521.6565,626.68
79521.6764,626.7
79521.7115,626.72
79521.7264,626.74
79521.7366,626.76
79521.7515,626.78
79521.7817,626.8
79521.7966,626.82
79521.8164,626.84
79521.8316,626.86
79521.8515,626.88
79521.8714,626.9
79521.9065,626.92
79521.9215,626.94
79521.9314,626.96
79521.9566,626.98
79521.9765,627.0
79522.0018,627.02
79522.0266,627.04
79522.0365,627.06
79522.0715,627.08
79522.0817,627.1
79522.127,627.12
79522.1316,627.14
79522.1365,627.16
79522.1615,627.18
79522.1815,627.2
79522.2166,627.22
79522.2265,627.24
79522.2415,627.26
79522.2664,627.28
79522.2864,627.3
79522.3166,627.32
79522.3565,627.34
79522.3663,627.36
79522.3714,627.38
79522.3916,627.4
79522.4216,627.42
79522.4415,627.44
79522.4515,627.46
79522.4666,627.48
79522.4866,627.5
79522.5115,627.52
79522.5414,627.54
79522.5515,627.56
79522.5714,627.58
79522.5969,627.6
79522.6269,627.62
79522.6366,627.64
79522.6467,627.66
79522.6715,627.68
79522.6966,627.7
79522.7164,627.72
79522.7365,627.74
79522.7564,627.76
79522.7715,627.78
79522.7922,627.8
79522.8119,627.82
79522.8314,627.84
79522.8615,627.86
79522.8714,627.88
79522.8921,627.9
79522.9166,627.92
79522.9414,627.94
79522.9564,627.96
79522.9815,627.98
79522.9915,628.0
79523.0416,628.02
79523.0514,628.04
79523.0565,628.06
79523.0764,628.08
79523.0964,628.1
79523.1214,628.12
79523.1464,628.14
79523.1665,628.16
79523.1764,628.18
79523.2015,628.2
79523.2215,628.22
79523.2465,628.24
79523.2619,628.26
79523.2769,628.28
79523.3014,628.3
79523.3264,628.32
79523.3615,628.34
79523.3664,628.36
79523.3818,628.38
79523.4015,628.4
79523.4415,628.42
79523.4565,628.44
79523.4664,628.46
79523.4915,628.48
79523.5068,628.5
79523.5216,628.52
79523.5463,628.54
79523.5771,628.56
79523.5815,628.58
79523.6065,628.6
79523.6217,628.62
79523.6417,628.64
79523.677,628.66
79523.6916,628.68
79523.7015,628.7
79523.7368,628.72
79523.7414,628.74
79523.7665,628.76
79523.7814,628.78
79523.8117,628.8
79523.8315,628.82
79523.8514,628.84
79523.8614,628.86
79523.8814,628.88
79523.9064,628.9
79523.9415,628.92
79523.9464,628.94
79523.9616,628.96
79523.9815,628.98
79524.0065,629.0
79524.0366,629.02
79524.0615,629.04
79524.0665,629.06
79524.0915,629.08
79524.1067,629.1
79524.1314,629.12
79524.1464,629.14
79524.1615,629.16
79524.1868,629.18
79524.2066,629.2
79524.2315,629.22
79524.2514,629.24
79524.2666,629.26
79524.2865,629.28
79524.3116,629.3
79524.3365,629.32
79524.3566,629.34
79524.3714,629.36
79524.3868,629.38
79524.4067,629.4
79524.4465,629.42
79524.4515,629.44
79524.4714,629.46
79524.4914,629.48
79524.5065,629.5
79524.5566,629.52
79524.5615,629.54
79524.5815,629.56
79524.5964,629.58
79524.6217,629.6
79524.6365,629.62
79524.6568,629.64
79524.6815,629.66
79524.6915,629.68
79524.7218,629.7
79524.7515,629.72
79524.7765,629.74
79524.7815,629.76
79524.7915,629.78
79524.8166,629.8
79524.8468,629.82
79524.8614,629.84
79524.8765,629.86
79524.8966,629.88
79524.9166,629.9
79524.9417,629.92
79524.9715,629.94
79524.9814,629.96
79524.9915,629.98
79525.0165,630.0
79525.0516,630.04
79525.0715,630.06
79525.0915,630.08
79525.1115,630.1
79525.1365,630.12
79525.1515,630.14
79525.1765,630.16
79525.1965,630.18
79525.2114,630.2
79525.2464,630.22
79525.2569,630.24
79525.2814,630.26
79525.2965,630.28
79525.3115,630.3
79525.3615,630.32
79525.3865,630.34
79525.3964,630.38
79525.4167,630.4
79525.4415,630.42
79525.4565,630.44
79525.4714,630.46
79525.4914,630.48
79525.5166,630.5
79525.5369,630.52
79525.5665,630.54
79525.5864,630.56
79525.6015,630.58
79525.6264,630.6
79525.6416,630.62
79525.6565,630.64
79525.6816,630.66
79525.7014,630.68
79525.7165,630.7
79525.7565,630.72
79525.7615,630.74
79525.7765,630.76
79525.7964,630.78
79525.8219,630.8
79525.8565,630.82
79525.8614,630.84
79525.8764,630.86
79525.8964,630.88
79525.9223,630.9
79525.9515,630.92
79525.9715,630.94
79525.9814,630.96
79526.0014,630.98
79526.0215,631.0
79526.0565,631.02
79526.0616,631.04
79526.0865,631.06
79526.1015,631.08
79526.1215,631.1
79526.1566,631.12
79526.187,631.16
79526.2016,631.18
79526.2265,631.2
79526.2516,631.22
79526.2817,631.24
79526.2865,631.26
79526.3069,631.28
79526.3272,631.3
79526.3515,631.32
79526.3771,631.34
79526.3872,631.36
79526.4115,631.38
79526.4315,631.4
79526.4665,631.42
79526.4819,631.44
79526.4915,631.46
79526.5114,631.48
79526.5265,631.5
79526.5564,631.52
79526.5765,631.54
79526.5965,631.56
79526.6215,631.58
79526.6316,631.6
79526.6566,631.62
79526.6665,631.64
79526.6864,631.66
79526.7114,631.68
79526.7265,631.7
79526.7816,631.72
79526.8015,631.74
79526.8066,631.76
79526.8165,631.78
79526.8265,631.8
79526.8565,631.82
79526.8817,631.84
79526.8864,631.86
79526.9065,631.88
79526.9266,631.9
79526.9516,631.92
79526.9715,631.94
79526.9915,631.96
79527.0065,631.98
79527.0315,632.0
79527.0516,632.02
79527.0767,632.04
79527.0915,632.06
79527.1067,632.08
79527.1264,632.1
79527.1516,632.12
79527.177,632.14
79527.1921,632.16
79527.2167,632.18
79527.2266,632.2
79527.2766,632.22
79527.2814,632.24
79527.2864,632.26
79527.3115,632.28
79527.3266,632.3
79527.3715,632.32
79527.3814,632.34
79527.3966,632.36
79527.4165,632.38
79527.4364,632.4
79527.4665,632.42
79527.4865,632.44
79527.4964,632.46
79527.5215,632.48
79527.5365,632.5
79527.5615,632.52
79527.5814,632.54
79527.5964,632.56
79527.6215,632.58
79527.6415,632.6
79527.6665,632.62
79527.7015,632.64
79527.7064,632.66
79527.7215,632.68
79527.7415,632.7
79527.7764,632.72
79527.7865,632.74
79527.7964,632.76
79527.8216,632.78
79527.8415,632.8
79527.8664,632.82
79527.8866,632.84
79527.9016,632.86
79527.9165,632.88
79527.9416,632.9
79527.9815,632.92
79527.9864,632.94
79528.0017,632.96
79528.0224,632.98
79528.0365,633.0
79528.0764,633.02
79528.0866,633.04
79528.1064,633.06
79528.1265,633.08
79528.1364,633.1
79528.1615,633.12
79528.1864,633.14
79528.2116,633.16
79528.2264,633.18
79528.2466,633.2
79528.2715,633.22
79528.2915,633.24
79528.3065,633.26
79528.3215,633.28
79528.3516,633.3
79528.3864,633.34
79528.4066,633.36
79528.4265,633.38
79528.4416,633.4
79528.4765,633.42
79528.4865,633.44
79528.5063,633.46
79528.5265,633.48
79528.5517,633.5
79528.6064,633.52
79528.6215,633.54
79528.6265,633.56
79528.6315,633.58
79528.6574,633.6
79528.682,633.62
79528.7066,633.64
79528.7165,633.66
79528.7416,633.68
79528.7568,633.7
79528.8115,633.72
79528.8222,633.74
79528.827,633.76
79528.8365,633.78
79528.8665,633.8
79528.8817,633.82
79528.9015,633.84
79528.9214,633.86
79528.9464,633.88
79528.9666,633.9
79529.0267,633.92
79529.0415,633.94
79529.0464,633.96
79529.0515,633.98
79529.0715,634.0
79529.0965,634.02
79529.1265,634.04
79529.1315,634.06
79529.1464,634.08
79529.1668,634.1
79529.2068,634.12
79529.2316,634.14
79529.2366,634.16
79529.2419,634.18
79529.2616,634.2
79529.2866,634.22
79529.3069,634.24
79529.3214,634.26
79529.3465,634.28
79529.3667,634.3
79529.3965,634.32
79529.4065,634.34
79529.4216,634.36
79529.4414,634.38
79529.4719,634.4
79529.5015,634.42
79529.5314,634.44
79529.5414,634.46
79529.5514,634.48
79529.5665,634.5
79529.5866,634.52
79529.6115,634.54
79529.6264,634.56
79529.6465,634.58
79529.6615,634.6
79529.6916,634.62
79529.7065,634.64
79529.7216,634.66
79529.7464,634.68
79529.7668,634.7
79529.8015,634.72
79529.8123,634.74
79529.8322,634.76
79529.8516,634.78
79529.872,634.8
79529.9014,634.82
79529.927,634.84
79529.9331,634.86
79529.9531,634.88
79529.9817,634.9
79530.0164,634.92
79530.0264,634.94
79530.0364,634.96
79530.0565,634.98
79530.0815,635.0
79530.1115,635.02
79530.1514,635.04
79530.1564,635.06
79530.1714,635.08
79530.1816,635.1
79530.2015,635.12
79530.2265,635.14
79530.2414,635.16
79530.2614,635.18
79530.2817,635.2
79530.312,635.22
79530.3167,635.24
79530.3365,635.26
79530.3565,635.28
79530.3814,635.3
79530.4116,635.32
79530.4369,635.34
79530.4415,635.36
79530.4614,635.38
79530.4765,635.4
79530.5015,635.42
79530.5265,635.44
79530.5466,635.46
79530.5564,635.48
79530.5814,635.5
79530.6064,635.52
79530.6314,635.54
79530.6515,635.56
79530.6716,635.58
79530.6864,635.6
79530.7164,635.62
79530.7264,635.64
79530.7467,635.66
79530.7719,635.68
79530.7965,635.7
79530.8116,635.72
79530.8271,635.74
79530.8564,635.76
79530.8716,635.78
79530.8969,635.8
79530.9365,635.82
79530.9566,635.84
79530.9615,635.86
79530.9914,635.88
79531.0015,635.9
79531.0316,635.92
79531.0515,635.94
79531.0615,635.96
79531.0864,635.98
79531.1015,636.0
79531.1416,636.02
79531.1814,636.04
79531.1865,636.06
79531.1915,636.08
79531.2015,636.1
79531.2366,636.12
79531.2814,636.14
79531.2864,636.16
79531.2914,636.18
79531.3066,636.2
79531.3581,636.22
79531.3618,636.24
79531.3768,636.26
79531.3999,636.28
79531.4166,636.3
79531.4417,636.32
79531.4615,636.34
79531.4715,636.36
79531.4917,636.38
79531.5166,636.4
79531.5366,636.42
79531.5614,636.44
79531.5714,636.46
79531.5964,636.48
79531.6265,636.5
79531.6465,636.52
79531.6665,636.54
79531.6865,636.56
79531.7166,636.58
79531.7314,636.6
79531.7717,636.62
79531.8064,636.66
79531.8214,636.68
79531.8315,636.7
79531.8617,636.72
79531.8767,636.74
79531.8964,636.76
79531.9215,636.78
79531.9466,636.8
79531.9767,636.82
79532.0016,636.84
79532.0115,636.86
79532.0165,636.88
79532.0466,636.9
79532.0626,636.92
79532.0766,636.94
79532.1066,636.96
79532.1215,636.98
79532.1366,637.0
79532.1666,637.02
79532.1915,637.04
79532.2015,637.06
79532.2216,637.08
79532.2415,637.1
79532.2716,637.12
79532.2865,637.14
79532.3014,637.16
79532.322,637.18
79532.3466,637.2
79532.3665,637.22
79532.3965,637.24
79532.4065,637.26
79532.4315,637.28
79532.4464,637.3
79532.4969,637.32
79532.5015,637.34
79532.5064,637.36
79532.5265,637.38
79532.5422,637.4
79532.5765,637.42
79532.5965,637.44
79532.6065,637.46
79532.6318,637.48
79532.6466,637.5
79532.6815,637.52
79532.7021,637.54
79532.7079,637.56
79532.7269,637.58
79532.7465,637.6
79532.7765,637.62
79532.7865,637.64
79532.8068,637.66
79532.8317,637.68
79532.8566,637.7
79532.8914,637.72
79532.9167,637.74
79532.9216,637.76
79532.9415,637.78
79532.9517,637.8
79532.9765,637.82
79532.9916,637.84
79533.0164,637.86
79533.0316,637.88
79533.0515,637.9
79533.0815,637.92
79533.0915,637.94
79533.1165,637.96
79533.1266,637.98
79533.1565,638.0
79533.1766,638.02
79533.2015,638.04
79533.2115,638.06
79533.2315,638.08
79533.2566,638.1
79533.2824,638.12
79533.3014,638.14
79533.3117,638.16
79533.3315,638.18
79533.3514,638.2
79533.3817,638.22
79533.4015,638.24
79533.4165,638.26
79533.4314,638.28
79533.4517,638.3
79533.4766,638.32
79533.5015,638.34
79533.5182,638.36
79533.5314,638.38
79533.5564,638.4
79533.5817,638.42
79533.6015,638.44
79533.6214,638.46
79533.6365,638.48
79533.6616,638.5
79533.6915,638.52
79533.7015,638.54
79533.7265,638.56
79533.7364,638.58
79533.7615,638.6
79533.7916,638.62
79533.8065,638.64
79533.8266,638.66
79533.8416,638.68
79533.8715,638.7
79533.8916,638.72
79533.9217,638.74
79533.9265,638.76
79533.9465,638.78
79533.9665,638.8
79533.9922,638.82
79534.0115,638.84
79534.0314,638.86
79534.0464,638.88
79534.0686,638.9
79534.1014,638.92
79534.1415,638.94
79534.1514,638.98
79534.1718,639.0
79534.2065,639.02
79534.2215,639.04
79534.2415,639.06
79534.2564,639.08
79534.2664,639.1
79534.3165,639.12
79534.3264,639.14
79534.3465,639.16
79534.3518,639.18
79534.3715,639.2
79534.3916,639.22
79534.4164,639.24
79534.4365,639.26
79534.4566,639.28
79534.4865,639.3
79534.5064,639.32
79534.5314,639.34
79534.5415,639.36
79534.5565,639.38
79534.5764,639.4
79534.5965,639.42
79534.6265,639.44
79534.642,639.46
79534.662,639.48
79534.6765,639.5
79534.7015,639.52
79534.7215,639.54
79534.7364,639.56
79534.7564,639.58
79534.7816,639.6
79534.8165,639.62
79534.8215,639.64
79534.8465,639.66
79534.8615,639.68
79534.8765,639.7
79534.9016,639.72
79534.9265,639.74
79534.9365,639.76
79534.9615,639.78
79534.9865,639.8
79535.0115,639.82
79535.0216,639.84
79535.0418,639.86
79535.0568,639.88
79535.0815,639.9
79535.1015,639.92
79535.1167,639.94
79535.1366,639.96
79535.1614,639.98
79535.1765,640.0
79535.2218,640.02
79535.2315,640.04
79535.2566,640.06
79535.2615,640.08
79535.2866,640.1
79535.3166,640.12
79535.3316,640.14
79535.3515,640.16
79535.3665,640.18
79535.3967,640.2
79535.4166,640.22
79535.4365,640.24
79535.4514,640.26
79535.4715,640.28
79535.4917,640.3
79535.5116,640.32
79535.5314,640.34
79535.5465,640.36
79535.5714,640.38
79535.5966,640.4
79535.6165,640.42
79535.6414,640.44
79535.6466,640.46
79535.6667,640.48
79535.6866,640.5
79535.7216,640.52
79535.7364,640.54
79535.7465,640.56
79535.7669,640.58
79535.7917,640.6
79535.8066,640.62
79535.8316,640.64
79535.8465,640.66
79535.8664,640.68
79535.8917,640.7
79535.9167,640.72
79535.9367,640.74
79535.9464,640.76
79535.9717,640.78
79535.9916,640.8
79536.0265,640.82
79536.0365,640.84
79536.0467,640.86
79536.0666,640.88
79536.0967,640.9
79536.1165,640.92
79536.1316,640.94
79536.1514,640.96
79536.1666,640.98
79536.1867,641.0
79536.2268,641.02
79536.2415,641.04
79536.2515,641.06
79536.2715,641.08
79536.2917,641.1
79536.3215,641.12
79536.3465,641.14
79536.3565,641.16
79536.3715,641.18
79536.3967,641.2
79536.4214,641.22
79536.4319,641.24
79536.4516,641.26
79536.4715,641.28
79536.4864,641.3
79536.5117,641.32
79536.5365,641.34
79536.5515,641.36
79536.5666,641.38
79536.5916,641.4
79536.6216,641.42
79536.6416,641.44
79536.6515,641.46
79536.6814,641.48
79536.6915,641.5
79536.7165,641.52
79536.7415,641.54
79536.7565,641.56
79536.7914,641.58
79536.8015,641.6
79536.8215,641.62
79536.8365,641.64
79536.8615,641.66
79536.8866,641.68
79536.9017,641.7
79536.9216,641.72
79536.9365,641.74
79536.9564,641.76
79536.9815,641.78
79537.0015,641.8
79537.0215,641.82
79537.0564,641.84
79537.0664,641.86
79537.0815,641.88
79537.1017,641.9
79537.1218,641.92
79537.1464,641.94
79537.1616,641.96
79537.1814,641.98
79537.2017,642.0
79537.2267,642.02
79537.2464,642.04
79537.2667,642.06
79537.2964,642.08
79537.3064,642.1
79537.3369,642.12
79537.3568,642.14
79537.3765,642.16
79537.3864,642.18
79537.412,642.2
79537.4314,642.22
79537.4465,642.24
79537.4814,642.26
79537.4866,642.28
79537.5066,642.3
79537.5464,642.34
79537.5667,642.36
79537.5915,642.38
79537.6116,642.4
79537.6514,642.42
79537.6616,642.44
79537.6714,642.46
79537.6864,642.48
79537.7068,642.5
79537.7316,642.52
79537.7464,642.54
79537.7815,642.56
79537.7931,642.58
79537.8121,642.6
79537.8371,642.62
79537.8671,642.64
79537.8771,642.66
79537.8919,642.68
79537.9168,642.7
79537.9566,642.72
79537.9764,642.74
79537.9915,642.76
79537.9964,642.78
79538.0165,642.8
79538.0664,642.82
79538.0764,642.84
79538.0816,642.86
79538.0969,642.88
79538.1165,642.9
79538.1564,642.92
79538.1665,642.94
79538.1765,642.96
79538.1915,642.98
79538.2115,643.0
79538.2366,643.02
79538.2614,643.04
79538.2765,643.06
79538.2917,643.08
79538.3219,643.1
79538.3465,643.12
79538.3764,643.16
79538.4014,643.18
79538.4266,643.2
79538.4516,643.22
79538.4815,643.24
79538.4915,643.26
79538.5016,643.28
79538.5218,643.3
79538.5465,643.32
79538.5716,643.34
79538.5815,643.36
79538.6015,643.38
79538.6218,643.4
79538.6415,643.42
79538.6616,643.44
79538.6815,643.46
79538.7065,643.48
79538.7217,643.5
79538.7415,643.52
79538.7664,643.54
79538.7816,643.56
79538.8014,643.58
79538.8215,643.6
79538.8516,643.62
79538.8815,643.64
79538.8915,643.66
79538.9014,643.68
79538.9225,643.7
79538.9465,643.72
79538.9667,643.74
79538.9869,643.76
79539.0017,643.78
79539.0266,643.8
79539.0468,643.82
79539.0716,643.84
79539.0864,643.86
79539.1064,643.88
79539.1217,643.9
79539.1668,643.92
79539.1715,643.94
79539.1865,643.96
79539.2015,643.98
79539.2216,644.0
79539.2465,644.02
79539.2615,644.04
79539.2764,644.06
79539.2964,644.08
79539.3215,644.1
79539.3466,644.12
79539.3764,644.14
79539.3866,644.16
79539.4015,644.18
79539.4166,644.2
79539.4514,644.22
79539.4716,644.24
79539.4815,644.26
79539.5014,644.28
79539.5215,644.3
79539.5415,644.32
79539.5667,644.34
79539.5865,644.36
79539.6116,644.38
79539.6265,644.4
79539.6566,644.42
79539.6665,644.44
79539.6964,644.46
79539.7114,644.48
79539.7265,644.5
79539.7665,644.52
79539.7814,644.54
79539.7965,644.56
79539.8067,644.58
79539.832,644.6
79539.8566,644.62
79539.8816,644.64
79539.8865,644.66
79539.9115,644.68
79539.9366,644.7
79539.9565,644.72
79539.9716,644.74
79540.0021,644.76
79540.0186,644.78
79540.0319,644.8
79540.0566,644.82
79540.0715,644.84
79540.0965,644.86
79540.1165,644.88
79540.1264,644.9
79540.1616,644.92
79540.1766,644.94
79540.1914,644.96
79540.2115,644.98
79540.2313,645.0
79540.2568,645.02
79540.2766,645.04
79540.3017,645.06
79540.3164,645.08
79540.3365,645.1
79540.3616,645.12
79540.3816,645.14
79540.3967,645.16
79540.4218,645.18
79540.4389,645.2
79540.4767,645.22
79540.4915,645.24
79540.5066,645.26
79540.5219,645.28
79540.5468,645.3
79540.5614,645.32
79540.5814,645.34
79540.6015,645.36
79540.6215,645.38
79540.6365,645.4
79540.6564,645.42
79540.6766,645.44
79540.7015,645.46
79540.7165,645.48
79540.7467,645.5
79540.7714,645.52
79540.8065,645.54
79540.8166,645.56
79540.8215,645.58
79540.8415,645.6
79540.8715,645.62
79540.8815,645.64
79540.9014,645.66
79540.9215,645.68
79540.9415,645.7
79540.9617,645.72
79540.9915,645.74
79541.0014,645.76
79541.0215,645.78
79541.0416,645.8
79541.0666,645.82
79541.0864,645.84
79541.1014,645.86
79541.1215,645.88
79541.1415,645.9
79541.1666,645.92
79541.1865,645.94
79541.2115,645.96
79541.2215,645.98
79541.2466,646.0
79541.2666,646.02
79541.2815,646.04
79541.3064,646.06
79541.3265,646.08
79541.3466,646.1
79541.3665,646.12
79541.3865,646.14
79541.4072,646.16
79541.4272,646.18
79541.4465,646.2
79541.4666,646.22
79541.4965,646.24
79541.5064,646.26
79541.5265,646.28
79541.5416,646.3
79541.5767,646.32
79541.5915,646.34
79541.6015,646.36
79541.6264,646.38
79541.6465,646.4
79541.6815,646.42
79541.7015,646.44
79541.7114,646.46
79541.7214,646.48
79541.7466,646.5
79541.7767,646.52
79541.7965,646.54
79541.8115,646.56
79541.8216,646.58
79541.8464,646.6
79541.8765,646.62
79541.9019,646.64
79541.9064,646.66
79541.9366,646.68
79541.9465,646.7
79541.9864,646.72
79541.9967,646.74
79542.0165,646.76
79542.0323,646.78
79542.0515,646.8
79542.0717,646.82
79542.0916,646.84
79542.1115,646.86
79542.1264,646.88
79542.1515,646.9
79542.1766,646.92
79542.1916,646.94
79542.2166,646.96
79542.2316,646.98
79542.2566,647.0
79542.2966,647.02
79542.3064,647.04
79542.3166,647.06
79542.3416,647.08
79542.3569,647.1
79542.3866,647.12
79542.4174,647.14
79542.4218,647.16
79542.4315,647.18
79542.4617,647.2
79542.4766,647.22
79542.4916,647.24
79542.5118,647.26
79542.5464,647.28
79542.5565,647.3
79542.5964,647.32
79542.6065,647.34
79542.6214,647.36
79542.6415,647.38
79542.6565,647.4
79542.6815,647.42
79542.6968,647.44
79542.7217,647.46
79542.7417,647.48
79542.7666,647.5
79542.7866,647.52
79542.8115,647.54
79542.8215,647.56
79542.8414,647.58
79542.8565,647.6
79542.8864,647.62
79542.9164,647.64
79542.9214,647.66
79542.9465,647.68
79542.9666,647.7
79542.9914,647.72
79543.0216,647.74
79543.0314,647.76
79543.0415,647.78
79543.062,647.8
79543.1014,647.82
79543.1115,647.84
79543.1265,647.86
79543.1422,647.88
79543.1571,647.9
79543.1914,647.92
79543.2114,647.94
79543.2315,647.96
79543.2414,647.98
79543.2617,648.0
79543.2916,648.02
79543.3221,648.04
79543.3265,648.06
79543.3414,648.08
79543.362,648.1
79543.3965,648.12
79543.4064,648.14
79543.4265,648.16
79543.4514,648.18
79543.4715,648.2
79543.4915,648.22
79543.5165,648.24
79543.5365,648.26
79543.5564,648.28
79543.5816,648.3
79543.6067,648.32
79543.6365,648.34
79543.6415,648.36
79543.6615,648.38
79543.6815,648.4
79543.7014,648.42
79543.7315,648.44
79543.7414,648.46
79543.7614,648.48
79543.7764,648.5
79543.8065,648.52
79543.8215,648.54
79543.8465,648.56
79543.8565,648.58
79543.882,648.6
79543.9117,648.62
79543.9166,648.64
79543.9364,648.66
79543.9565,648.68
79543.9866,648.7
79544.0015,648.72
79544.0264,648.74
79544.0414,648.76
79544.0565,648.78
79544.0814,648.8
79544.1066,648.82
79544.1265,648.84
79544.1415,648.86
79544.1615,648.88
79544.1816,648.9
79544.2114,648.92
79544.2314,648.94
79544.2364,648.96
79544.2564,648.98
79544.2765,649.0
79544.3067,649.02
79544.3266,649.04
79544.3414,649.06
79544.3614,649.08
79544.3916,649.1
79544.4065,649.12
79544.4315,649.14
79544.4415,649.16
79544.4614,649.18
79544.4817,649.2
79544.5164,649.22
79544.5315,649.24
79544.5515,649.26
79544.5664,649.28
79544.5915,649.3
79544.6118,649.32
79544.6217,649.34
79544.6464,649.36
79544.6615,649.38
79544.6865,649.4
79544.7165,649.42
79544.7315,649.44
79544.7464,649.46
79544.7665,649.48
79544.7865,649.5
79544.8117,649.52
79544.8314,649.54
79544.8415,649.56
79544.8666,649.58
79544.8865,649.6
79544.9168,649.62
79544.9414,649.64
79544.9565,649.66
79544.9664,649.68
79544.9865,649.7
79545.0115,649.72
79545.0365,649.74
79545.0466,649.76
79545.0765,649.78
79545.0916,649.8
79545.1115,649.82
79545.1314,649.84
79545.1565,649.86
79545.1865,649.88
79545.1914,649.9
79545.2266,649.92
79545.2465,649.94
79545.2567,649.96
79545.2818,649.98
79545.302,650.0
79545.3216,650.02
79545.3416,650.04
79545.3666,650.06
79545.3765,650.08
79545.4015,650.1
79545.4218,650.12
79545.4516,650.14
79545.4615,650.16
79545.4765,650.18
79545.5015,650.2
79545.532,650.22
79545.5564,650.24
79545.5666,650.26
79545.5816,650.28
79545.6015,650.3
79545.6215,650.32
79545.6367,650.34
79545.6615,650.36
79545.6814,650.38
79545.7065,650.4
79545.7415,650.42
79545.7465,650.44
79545.7664,650.46
79545.7864,650.48
79545.8015,650.5
79545.8316,650.52
79545.8615,650.54
79545.8666,650.56
79545.8865,650.58
79545.9015,650.6
79545.9317,650.62
79545.9618,650.64
79545.9718,650.66
79545.9815,650.68
79546.0016,650.7
79546.0465,650.72
79546.0565,650.74
79546.0615,650.76
79546.0815,650.78
79546.1015,650.8
79546.1464,650.82
79546.1614,650.84
79546.1717,650.86
79546.1865,650.88
79546.2067,650.9
79546.2465,650.92
79546.2565,650.94
79546.2764,650.96
79546.2864,650.98
79546.3064,651.0
79546.3464,651.02
79546.3764,651.04
79546.3815,651.06
79546.3866,651.08
79546.4014,651.1
79546.4267,651.12
79546.4515,651.14
79546.4665,651.16
79546.4864,651.18
79546.5066,651.2
79546.5316,651.22
79546.5566,651.24
79546.5664,651.26
79546.5865,651.28
79546.6014,651.3
79546.6415,651.32
79546.6814,651.34
79546.6867,651.36
79546.6914,651.38
79546.7067,651.4
79546.7264,651.42
79546.7566,651.44
79546.7666,651.46
79546.7916,651.48
79546.8066,651.5
79546.8266,651.52
79546.8514,651.54
79546.8715,651.56
79546.8914,651.58
79546.9066,651.6
79546.9714,651.62
79546.9814,651.64
79546.9914,651.66
79546.9965,651.68
79547.0064,651.7
79547.0366,651.72
79547.0664,651.74
79547.0765,651.76
79547.0914,651.78
79547.1115,651.8
79547.1315,651.82
79547.1567,651.84
79547.1767,651.86
79547.192,651.88
79547.2129,651.9
79547.2463,651.92
79547.2565,651.94
79547.2715,651.96
79547.2918,651.98
79547.3167,652.0
79547.3418,652.02
79547.3622,652.04
79547.3722,652.06
79547.3914,652.08
79547.4115,652.1
79547.4515,652.12
79547.4615,652.14
79547.4815,652.16
79547.5015,652.18
79547.5215,652.2
79547.5416,652.22
79547.5715,652.24
79547.5864,652.26
79547.6015,652.28
79547.6217,652.3
79547.6514,652.32
79547.6865,652.34
79547.6915,652.36
79547.7065,652.38
79547.7265,652.4
79547.7714,652.42
79547.7765,652.44
79547.7913,652.46
79547.8015,652.48
79547.8216,652.5
79547.8567,652.52
79547.8668,652.54
79547.8865,652.56
79547.9064,652.58
79547.9265,652.6
79547.9615,652.62
79547.9717,652.64
79547.9865,652.66
79548.0015,652.68
79548.0316,652.7
79548.0765,652.72
79548.0815,652.74
79548.1015,652.76
79548.1165,652.78
79548.1367,652.8
79548.1568,652.82
79548.1715,652.84
79548.1917,652.86
79548.2214,652.88
79548.2314,652.9
79548.2615,652.92
79548.2767,652.94
79548.3014,652.96
79548.3115,652.98
79548.3314,653.0
79548.3767,653.02
79548.3966,653.04
79548.4114,653.06
79548.4164,653.08
79548.4315,653.1
79548.4815,653.14
79548.4915,653.16
79548.5165,653.18
79548.5365,653.2
79548.5616,653.22
79548.5915,653.24
79548.6015,653.26
79548.6115,653.28
79548.6315,653.3
79548.6676,653.32
79548.6767,653.34
79548.6965,653.36
79548.7164,653.38
79548.7365,653.4
79548.7664,653.42
79548.7815,653.44
79548.7914,653.46
79548.8215,653.48
79548.8414,653.5
79548.8815,653.52
79548.8915,653.54
79548.8965,653.56
79548.9165,653.58
79548.9364,653.6
79548.9714,653.62
79548.9964,653.64
79549.0064,653.66
79549.0214,653.68
79549.0414,653.7
79549.0764,653.72
79549.0864,653.74
79549.1014,653.76
79549.1214,653.78
79549.1414,653.8
79549.1667,653.82
79549.1915,653.84
79549.2015,653.86
79549.2314,653.88
79549.2465,653.9
79549.2665,653.92
79549.2865,653.94
79549.3065,653.96
79549.3265,653.98
79549.3464,654.0
79549.3716,654.02
79549.3915,654.04
79549.4065,654.06
79549.4317,654.08
79549.4615,654.1
79549.4964,654.12
79549.5117,654.14
79549.5265,654.16
79549.5414,654.18
79549.5566,654.2
79549.6014,654.22
79549.6114,654.24
79549.6214,654.26
79549.6414,654.28
79549.6615,654.3
79549.6864,654.32
79549.7164,654.34
79549.7215,654.36
79549.7442,654.38
79549.7566,654.4
79549.7865,654.42
79549.8066,654.44
79549.8215,654.46
79549.8415,654.48
79549.8615,654.5
79549.8817,654.52
79549.9065,654.54
79549.9215,654.56
79549.9416,654.58
79549.9715,654.6
79550.0014,654.62
79550.0064,654.64
79550.0217,654.66
79550.0415,654.68
79550.0666,654.7
79550.0819,654.72
79550.1015,654.74
79550.1214,654.76
79550.1414,654.78
79550.1667,654.8
79550.1865,654.82
79550.2068,654.84
79550.2226,654.86
79550.2427,654.88
79550.2631,654.9
79550.2917,654.92
79550.3216,654.94
79550.3265,654.96
79550.3464,654.98
79550.3664,655.0
79550.3918,655.02
79550.4118,655.04
79550.4264,655.06
79550.4465,655.08
79550.4765,655.1
79550.4965,655.12
79550.5264,655.14
79550.5316,655.16
79550.5515,655.18
79550.5775,655.2
79550.5969,655.22
79550.6166,655.24
79550.6364,655.26
79550.6615,655.28
79550.6765,655.3
79550.7016,655.32
79550.7114,655.34
79550.7415,655.36
79550.7565,655.38
79550.7768,655.4
79550.8117,655.42
79550.8314,655.44
79550.8466,655.46
79550.8622,655.48
79550.8825,655.5
79550.9065,655.52
79550.9215,655.54
79550.9364,655.56
79550.9565,655.58
79550.9765,655.6
79551.0067,655.62
79551.0315,655.64
79551.0464,655.66
79551.0614,655.68
79551.0815,655.7
79551.1115,655.72
79551.1265,655.74
79551.1414,655.76
79551.1614,655.78
79551.1869,655.8
79551.2016,655.82
79551.2265,655.84
79551.2414,655.86
79551.2615,655.88
79551.2815,655.9
79551.3115,655.92
79551.3317,655.94
79551.3422,655.96
79551.3718,655.98
79551.3966,656.0
79551.4266,656.02
79551.442,656.04
79551.4516,656.06
79551.4664,656.08
79551.4871,656.1
79551.5072,656.12
79551.5314,656.14
79551.5465,656.16
79551.5664,656.18
79551.5917,656.2
79551.6066,656.22
79551.6365,656.24
79551.6463,656.26
79551.6765,656.28
79551.6916,656.3
79551.7266,656.32
79551.7368,656.34
79551.7518,656.36
79551.7716,656.38
79551.7916,656.4
79551.8266,656.42
79551.8469,656.44
79551.8519,656.46
79551.8714,656.48
79551.8864,656.5
79551.9216,656.52
79551.9465,656.54
79551.9515,656.56
79551.9665,656.58
79551.9915,656.6
79552.0116,656.62
79552.0364,656.64
79552.0514,656.66
79552.0715,656.68
79552.0915,656.7
79552.1265,656.72
79552.1514,656.74
79552.1566,656.76
79552.1766,656.78
79552.1966,656.8
79552.2367,656.82
79552.2665,656.84
79552.2814,656.86
79552.2914,656.88
79552.2965,656.9
79552.3316,656.92
79552.3414,656.94
79552.3615,656.96
79552.3767,656.98
79552.3965,657.0
79552.4215,657.02
79552.4367,657.04
79552.4614,657.06
79552.4864,657.08
79552.4964,657.1
79552.5166,657.12
79552.5474,657.14
79552.5768,657.16
79552.5815,657.18
79552.5967,657.2
79552.6217,657.22
79552.6415,657.24
79552.6614,657.26
79552.6764,657.28
79552.7166,657.3
79552.7364,657.32
79552.7664,657.36
79552.7916,657.38
79552.8117,657.4
79552.8366,657.42
79552.8621,657.44
79552.872,657.46
79552.8919,657.48
79552.9121,657.5
79552.9315,657.52
79552.9514,657.54
79552.9665,657.56
79552.9967,657.58
79553.0115,657.6
79553.0316,657.62
79553.0565,657.64
79553.0767,657.66
79553.0918,657.68
79553.1216,657.7
79553.1515,657.72
79553.1815,657.74
79553.1922,657.76
79553.1965,657.78
79553.2116,657.8
79553.2366,657.82
79553.2615,657.84
79553.2715,657.86
79553.2914,657.88
79553.3218,657.9
79553.3367,657.92
79553.3564,657.94
79553.3765,657.96
79553.3964,657.98
79553.4218,658.0
79553.4368,658.02
79553.4566,658.04
79553.4765,658.06
79553.4964,658.08
79553.5164,658.1
79553.5466,658.12
79553.5615,658.14
79553.5766,658.16
79553.6014,658.18
79553.6164,658.2
79553.6465,658.22
79553.6664,658.24
79553.6865,658.26
79553.6964,658.28
79553.7165,658.3
79553.7465,658.32
79553.7664,658.34
79553.7814,658.36
79553.8015,658.38
79553.8216,658.4
79553.8415,658.42
79553.8615,658.44
79553.8816,658.46
79553.9115,658.48
79553.9215,658.5
79553.9416,658.52
79553.9664,658.54
79553.9815,658.56
79554.0065,658.58
79554.0316,658.6
79554.0516,658.62
79554.0672,658.64
79554.0864,658.66
79554.1065,658.68
79554.1316,658.7
79554.167,658.72
79554.1964,658.74
79554.2072,658.76
79554.2164,658.78
79554.2368,658.8
79554.2565,658.82
79554.2865,658.84
79554.2915,658.86
79554.3165,658.88
79554.3317,658.9
79554.3665,658.92
79554.3864,658.94
79554.4014,658.96
79554.4215,658.98
79554.4316,659.0
79554.4679,659.02
79554.4717,659.04
79554.4971,659.06
79554.5087,659.08
79554.5316,659.1
79554.5715,659.12
79554.5865,659.16
79554.6165,659.18
79554.6315,659.2
79554.6715,659.22
79554.6864,659.24
79554.6914,659.26
79554.7116,659.28
79554.7265,659.3
79554.7565,659.32
79554.7723,659.34
79554.7965,659.36
79554.8114,659.38
79554.8368,659.4
79554.8764,659.42
79554.8914,659.44
79554.9014,659.46
79554.9164,659.48
79554.9366,659.5
79554.9615,659.52
79554.9815,659.54
79555.0015,659.56
79555.0266,659.58
79555.0515,659.6
79555.0815,659.62
79555.0964,659.64
79555.1165,659.66
79555.1365,659.68
79555.1567,659.7
79555.1915,659.72
79555.2016,659.74
79555.222,659.76
79555.2468,659.78
79555.2618,659.8
79555.2775,659.82
79555.3167,659.84
79555.3265,659.86
79555.3415,659.88
79555.3618,659.9
79555.3817,659.92
79555.3967,659.94
79555.4215,659.96
79555.4367,659.98
79555.457,660.0
79555.4964,660.02
79555.5064,660.04
79555.5265,660.06
79555.5464,660.08
79555.5666,660.1
79555.6016,660.12
79555.6115,660.14
79555.6265,660.16
79555.6465,660.18
79555.6667,660.2
79555.7014,660.22
79555.7115,660.24
79555.7267,660.26
79555.7469,660.28
79555.7668,660.3
79555.8114,660.32
79555.8214,660.34
79555.8314,660.36
79555.8514,660.38
79555.8716,660.4
79555.9164,660.42
79555.9214,660.44
79555.9364,660.46
79555.9467,660.48
79555.9717,660.5
79556.0023,660.52
79556.0115,660.54
79556.0371,660.56
79556.057,660.58
79556.0724,660.6
79556.1165,660.62
79556.1264,660.64
79556.1464,660.66
79556.1615,660.68
79556.1822,660.7
79556.2068,660.72
79556.2215,660.74
79556.2416,660.76
79556.2617,660.78
79556.2815,660.8
79556.3265,660.82
79556.3315,660.84
79556.3465,660.86
79556.3615,660.88
79556.3817,660.9
79556.4065,660.92
79556.4315,660.94
79556.4465,660.96
79556.4618,660.98
79556.4815,661.0
79556.5164,661.02
79556.5214,661.04
79556.5565,661.06
79556.5714,661.08
79556.5818,661.1
79556.6168,661.12
79556.6365,661.14
79556.6564,661.16
79556.6764,661.18
79556.6914,661.2
79556.7164,661.22
79556.7365,661.24
79556.7466,661.26
79556.7764,661.28
79556.7966,661.3
79556.8265,661.32
79556.8416,661.34
79556.8569,661.36
79556.8726,661.38
79556.8917,661.4
79556.9365,661.42
79556.9514,661.44
79556.9565,661.46
79556.9715,661.48
79556.9966,661.5
79557.0166,661.52
79557.0365,661.54
79557.0516,661.56
79557.0714,661.58
79557.0917,661.6
79557.1265,661.62
79557.1366,661.64
79557.1516,661.66
79557.1719,661.68
79557.1917,661.7
79557.2265,661.72
79557.2465,661.74
79557.2564,661.76
79557.2764,661.78
79557.3015,661.8
79557.3365,661.82
79557.3416,661.84
79557.3564,661.86
79557.3815,661.88
79557.3964,661.9
79557.4264,661.92
79557.442,661.94
79557.4613,661.96
79557.4764,661.98
79557.5017,662.0
79557.5215,662.02
79557.5415,662.04
79557.5715,662.06
79557.5866,662.08
79557.6068,662.1
79557.6216,662.12
79557.6414,662.14
79557.6615,662.16
79557.6865,662.18
79557.7015,662.2
79557.7217,662.22
79557.7465,662.24
79557.7716,662.26
79557.7819,662.28
79557.8083,662.3
79557.8265,662.32
79557.8568,662.34
79557.8664,662.36
79557.8865,662.38
79557.9116,662.4
79557.9414,662.42
79557.9565,662.44
79557.9664,662.46
79557.9914,662.48
79558.0165,662.5
79558.0467,662.52
79558.0664,662.54
79558.0764,662.56
79558.1017,662.58
79558.1164,662.6
79558.1416,662.62
79558.1617,662.64
79558.1816,662.66
79558.2014,662.68
79558.2221,662.7
79558.2466,662.72
79558.2665,662.74
79558.2866,662.76
79558.3066,662.78
79558.3317,662.8
79558.3515,662.82
79558.3765,662.84
79558.3915,662.86
79558.4114,662.88
79558.4315,662.9
79558.4565,662.92
79558.4765,662.94
79558.4915,662.96
79558.5114,662.98
79558.5315,663.0
79558.5615,663.02
79558.5864,663.04
79558.6015,663.06
79558.6316,663.08
79558.6465,663.1
79558.6714,663.12
79558.6916,663.14
79558.7017,663.16
79558.7214,663.18
79558.7416,663.2
79558.7716,663.22
79558.7964,663.24
79558.8064,663.26
79558.8213,663.28
79558.8464,663.3
79558.877,663.32
79558.8915,663.34
79558.9165,663.36
79558.9367,663.38
79558.9566,663.4
79558.9717,663.42
79558.9916,663.44
79559.0114,663.46
79559.0315,663.48
79559.0565,663.5
79559.0914,663.52
79559.1014,663.54
79559.1164,663.56
79559.1318,663.58
79559.1573,663.6
79559.1772,663.62
79559.192,663.64
79559.2118,663.66
79559.2364,663.68
79559.2525,663.7
79559.2767,663.72
79559.297,663.74
79559.3172,663.76
79559.3364,663.78
79559.3515,663.8
79559.3864,663.82
79559.4015,663.84
79559.4164,663.86
79559.4314,663.88
79559.4518,663.9
79559.4767,663.92
79559.4915,663.94
79559.5215,663.96
79559.5367,663.98
79559.5514,664.0
79559.5814,664.02
79559.6068,664.04
79559.622,664.06
79559.6368,664.08
79559.6568,664.1
79559.6816,664.12
79559.7015,664.14
79559.7118,664.16
79559.7414,664.18
79559.7614,664.2
79559.7867,664.22
79559.8015,664.24
79559.8214,664.26
79559.8364,664.28
79559.8616,664.3
79559.8967,664.32
79559.9117,664.34
79559.9318,664.36
79559.9465,664.38
79559.9614,664.4
79559.9915,664.42
79560.0065,664.44
79560.0316,664.46
79560.0465,664.48
79560.0614,664.5
79560.0866,664.52
79560.1214,664.54
79560.1264,664.56
79560.1465,664.58
79560.1665,664.6
79560.1916,664.62
79560.2118,664.64
79560.2415,664.66
79560.2517,664.68
79560.2777,664.7
79560.2969,664.72
79560.3268,664.74
79560.3371,664.76
79560.3615,664.78
79560.3816,664.8
79560.4115,664.82
79560.4365,664.86
79560.4665,664.88
79560.4815,664.9
79560.5117,664.92
79560.5315,664.94
79560.5414,664.96
79560.5665,664.98
79560.5818,665.0
79560.6065,665.02
79560.6315,665.04
79560.6466,665.06
79560.6666,665.08
79560.688,665.1
79560.7016,665.12
79560.7215,665.14
79560.7414,665.16
79560.7664,665.18
79560.7816,665.2
79560.8014,665.22
79560.8216,665.24
79560.8417,665.26
79560.8665,665.28
79560.8866,665.3
79560.9215,665.32
79560.9364,665.34
79560.9515,665.36
79560.9667,665.38
79560.9815,665.4
79561.0068,665.42
79561.0267,665.44
79561.0415,665.46
79561.0666,665.48
79561.0876,665.5
79561.1166,665.52
79561.1321,665.54
79561.1469,665.56
79561.1768,665.58
79561.1882,665.6
79561.2167,665.62
79561.237,665.64
79561.2518,665.66
79561.267,665.68
79561.2866,665.7
79561.3265,665.72
79561.3315,665.74
79561.3515,665.76
79561.3666,665.78
79561.3865,665.8
79561.4218,665.82
79561.4315,665.84
79561.4615,665.86
79561.4814,665.88
79561.4918,665.9
79561.5215,665.92
79561.5366,665.94
79561.5467,665.96
79561.5716,665.98
79561.5866,666.0
79561.6115,666.02
79561.6415,666.04
79561.6464,666.06
79561.6714,666.08
79561.692,666.1
79561.7267,666.12
79561.7365,666.14
79561.7565,666.16
79561.7715,666.18
79561.7918,666.2
79561.8166,666.22
79561.8363,666.24
79561.8565,666.26
79561.8815,666.28
79561.9115,666.3
79561.9319,666.32
79561.9616,666.34
79561.9817,666.36
79561.9965,666.38
79562.0167,666.4
79562.0416,666.42
79562.0615,666.44
79562.0814,666.46
79562.0978,666.48
79562.1265,666.5
79562.1565,666.52
79562.1714,666.54
79562.1814,666.56
79562.2014,666.58
79562.2265,666.6
79562.2517,666.62
79562.2666,666.64
79562.2815,666.66
79562.3065,666.68
79562.3215,666.7
79562.3514,666.72
79562.3714,666.74
79562.3814,666.76
79562.4014,666.78
79562.4264,666.8
79562.4465,666.82
79562.4666,666.84
79562.4864,666.86
79562.5115,666.88
79562.527,666.9
79562.5467,666.92
79562.5715,666.94
79562.5866,666.96
79562.6215,666.98
79562.6265,667.0
79562.6515,667.02
79562.6766,667.04
79562.6868,667.06
79562.7115,667.08
79562.7265,667.1
79562.7515,667.12
79562.7765,667.14
79562.7964,667.16
79562.8164,667.18
79562.8314,667.2
79562.8666,667.22
79562.8814,667.24
79562.8915,667.26
79562.9164,667.28
79562.9317,667.3
79562.9567,667.32
79562.9765,667.34
79562.9965,667.36
79563.0164,667.38
79563.0416,667.4
79563.0614,667.42
79563.0864,667.44
79563.1015,667.46
79563.1166,667.48
79563.1365,667.5
79563.1814,667.52
79563.1915,667.54
79563.2015,667.56
79563.2215,667.58
79563.2418,667.6
79563.2666,667.62
79563.2814,667.64
79563.3014,667.66
79563.3215,667.68
79563.3616,667.7
79563.3865,667.72
79563.4065,667.74
79563.4166,667.76
79563.4466,667.78
79563.4668,667.8
79563.4866,667.82
79563.5065,667.84
79563.5215,667.86
79563.5415,667.88
79563.5565,667.9
79563.5816,667.92
79563.6165,667.94
79563.6215,667.96
79563.6364,667.98
79563.6615,668.0
79563.6818,668.02
79563.7265,668.04
79563.7367,668.06
79563.7416,668.08
79563.7615,668.1
79563.7915,668.12
79563.8117,668.14
79563.8216,668.16
79563.8417,668.18
79563.8666,668.2
79563.8916,668.22
79563.9114,668.24
79563.9264,668.26
79563.9465,668.28
79563.9766,668.3
79563.9916,668.32
79564.0214,668.34
79564.0316,668.36
79564.0517,668.38
79564.0671,668.4
79564.0926,668.42
79564.1215,668.44
79564.1372,668.46
79564.1624,668.48
79564.1773,668.5
79564.2015,668.52
79564.2213,668.54
79564.2415,668.56
79564.2515,668.58
79564.2765,668.6
79564.3016,668.62
79564.3314,668.64
79564.3414,668.66
79564.3566,668.68
79564.3817,668.7
79564.4016,668.72
79564.4314,668.74
79564.4465,668.76
79564.4616,668.78
79564.4767,668.8
79564.5065,668.82
79564.5364,668.84
79564.5417,668.86
79564.5614,668.88
79564.5815,668.9
79564.6117,668.92
79564.6314,668.94
79564.6415,668.96
79564.6614,668.98
79564.6814,669.0
79564.7215,669.02
79564.7366,669.04
79564.747,669.06
79564.767,669.08
79564.7871,669.1
79564.8166,669.12
79564.8317,669.14
79564.8464,669.16
79564.8665,669.18
79564.8814,669.2
79564.9119,669.22
79564.9314,669.24
79564.9515,669.26
79564.9715,669.28
79564.9966,669.3
79565.0118,669.32
79565.0315,669.34
79565.0614,669.36
79565.0767,669.38
79565.1017,669.4
79565.1417,669.42
79565.1565,669.44
79565.1716,669.46
79565.1816,669.48
79565.1967,669.5
79565.2216,669.52
79565.2416,669.54
79565.2617,669.56
79565.2771,669.58
79565.3016,669.6
79565.3266,669.62
79565.3365,669.64
79565.3617,669.66
79565.3765,669.68
79565.3968,669.7
79565.4217,669.72
79565.4369,669.74
79565.4664,669.76
79565.4765,669.78
79565.5064,669.8
79565.5265,669.82
79565.5465,669.84
79565.5564,669.86
79565.5815,669.88
79565.6015,669.9
79565.6215,669.92
79565.6517,669.94
79565.6566,669.96
79565.6764,669.98
79565.6964,670.0
79565.7216,670.02
79565.7364,670.04
79565.7564,670.06
79565.7815,670.08
79565.8017,670.1
79565.8265,670.12
79565.8465,670.14
79565.8664,670.16
79565.8815,670.18
79565.9014,670.2
79565.9414,670.22
79565.9465,670.24
79565.9616,670.26
79565.9865,670.28
79566.0017,670.3
79566.0265,670.32
79566.0565,670.34
79566.0615,670.36
79566.0865,670.38
79566.1065,670.4
79566.1271,670.42
79566.1466,670.44
79566.1714,670.46
79566.1814,670.48
79566.2066,670.5
79566.2416,670.52
79566.2514,670.54
79566.2715,670.56
79566.2914,670.58
79566.3166,670.6
79566.3417,670.62
79566.3514,670.64
79566.3714,670.66
79566.3914,670.68
79566.4118,670.7
79566.4514,670.72
79566.4615,670.74
79566.472,670.76
79566.4917,670.78
79566.5165,670.8
79566.5564,670.82
79566.5665,670.84
79566.5814,670.86
79566.5965,670.88
79566.6165,670.9
79566.6365,670.92
79566.6664,670.94
79566.6814,670.96
79566.6914,670.98
79566.7217,671.0
79566.7366,671.02
79566.7664,671.04
79566.7816,671.06
79566.8014,671.08
79566.8216,671.1
79566.8614,671.12
79566.8915,671.14
79566.8965,671.16
79566.9065,671.18
79566.9265,671.2
79566.9514,671.22
79566.9614,671.24
79566.9822,671.26
79567.0015,671.28
79567.0216,671.3
79567.0515,671.32
79567.0714,671.34
79567.0915,671.36
79567.1064,671.38
79567.1269,671.4
79567.1465,671.42
79567.1664,671.44
79567.1915,671.46
79567.2065,671.48
79567.2265,671.5
79567.2565,671.52
79567.2614,671.54
79567.2915,671.56
79567.3065,671.58
79567.3264,671.6
79567.3515,671.62
79567.3714,671.64
79567.3866,671.66
79567.4064,671.68
79567.4214,671.7
79567.4565,671.72
79567.4765,671.74
79567.4964,671.76
79567.5076,671.78
79567.5265,671.8
79567.5573,671.82
79567.5715,671.84
79567.5914,671.86
79567.6114,671.88
79567.6264,671.9
79567.6567,671.92
79567.6814,671.94
79567.6864,671.96
79567.7114,671.98
79567.7266,672.0
79567.7564,672.02
79567.7819,672.04
79567.7914,672.06
79567.8064,672.08
79567.8266,672.1
79567.8666,672.12
79567.8764,672.14
79567.8965,672.16
79567.9114,672.18
79567.9317,672.2
79567.9715,672.22
79567.9765,672.24
79567.9966,672.26
79568.0166,672.28
79568.0365,672.3
79568.0616,672.32
79568.0768,672.34
79568.1015,672.36
79568.1214,672.38
79568.1416,672.4
79568.1717,672.42
79568.1864,672.44
79568.2014,672.46
79568.2214,672.48
79568.2465,672.5
79568.2615,672.52
79568.2914,672.54
79568.3214,672.56
79568.3415,672.58
79568.3617,672.6
79568.3965,672.62
79568.4064,672.64
79568.4217,672.66
79568.4418,672.68
79568.4719,672.7
79568.4866,672.72
79568.5064,672.74
79568.5214,672.76
79568.5415,672.78
79568.5616,672.8
79568.5824,672.82
79568.6065,672.84
79568.6266,672.86
79568.6515,672.88
79568.6665,672.9
79568.6915,672.92
79568.7115,672.94
79568.7265,672.96
79568.7464,672.98
79568.7767,673.0
79568.7965,673.02
79568.8165,673.04
79568.8316,673.06
79568.8516,673.08
79568.8665,673.1
79568.8965,673.12
79568.9115,673.14
79568.9314,673.16
79568.9515,673.18
79568.9715,673.2
79568.9965,673.22
79569.0165,673.24
79569.0316,673.26
79569.0514,673.28
79569.0666,673.3
79569.0965,673.32
79569.1216,673.34
79569.1316,673.36
79569.1515,673.38
79569.1766,673.4
79569.1965,673.42
79569.2115,673.44
79569.2364,673.46
79569.2514,673.48
79569.2765,673.5
79569.3116,673.52
79569.3267,673.54
79569.3376,673.56
79569.3625,673.58
79569.3772,673.6
79569.402,673.62
79569.4265,673.64
79569.4365,673.66
79569.4565,673.68
79569.4765,673.7
79569.5015,673.72
79569.5263,673.74
79569.5364,673.76
79569.5564,673.78
79569.5765,673.8
79569.6115,673.82
79569.6367,673.84
79569.6564,673.86
79569.6616,673.88
79569.6816,673.9
79569.7065,673.92
79569.7315,673.94
79569.7415,673.96
79569.7665,673.98
79569.8018,674.0
79569.8167,674.02
79569.8414,674.04
79569.8616,674.06
79569.8767,674.08
79569.9021,674.1
79569.9267,674.12
79569.9514,674.14
79569.9616,674.16
79569.9815,674.18
79570.0015,674.2
79570.0216,674.22
79570.0566,674.24
79570.0615,674.26
79570.0814,674.28
79570.0965,674.3
79570.1514,674.32
79570.1615,674.34
79570.1666,674.36
79570.1864,674.38
79570.2014,674.4
79570.2265,674.42
79570.2414,674.44
79570.2564,674.46
79570.2814,674.48
79570.3014,674.5
79570.3265,674.52
79570.3415,674.54
79570.3614,674.56
79570.3815,674.58
79570.4014,674.6
79570.4315,674.62
79570.4514,674.64
79570.4615,674.66
79570.4815,674.68
79570.5014,674.7
79570.5219,674.72
79570.5464,674.74
79570.5715,674.76
79570.5864,674.78
79570.6015,674.8
79570.622,674.82
79570.6514,674.84
79570.6615,674.86
79570.6864,674.88
79570.7015,674.9
79570.7265,674.92
79570.7466,674.94
79570.7664,674.96
79570.7864,674.98
79570.8064,675.0
79570.8366,675.02
79570.8664,675.04
79570.8715,675.06
79570.8914,675.08
79570.9065,675.1
79570.9466,675.12
79570.9564,675.14
79570.9716,675.16
79570.9915,675.18
79571.0118,675.2
79571.0317,675.22
79571.0565,675.24
79571.0716,675.26
79571.0917,675.28
79571.1121,675.3
79571.1466,675.32
79571.1514,675.34
79571.1764,675.36
79571.1914,675.38
79571.2174,675.4
79571.2416,675.42
79571.2616,675.44
79571.2766,675.46
79571.2915,675.48
79571.3165,675.5
79571.3415,675.52
79571.3615,675.54
79571.3714,675.56
79571.3965,675.58
79571.4115,675.6
79571.4415,675.62
79571.4666,675.64
79571.4765,675.66
79571.4965,675.68
79571.5168,675.7
79571.5518,675.72
79571.5565,675.74
79571.5765,675.76
79571.5965,675.78
79571.6165,675.8
79571.6466,675.82
79571.6665,675.84
79571.6764,675.86
79571.6965,675.88
79571.7164,675.9
79571.7417,675.92
79571.7564,675.94
79571.7866,675.96
79571.802,675.98
79571.8164,676.0
79571.8416,676.02
79571.8665,676.04
79571.8815,676.06
79571.9114,676.08
79571.9216,676.1
79571.9466,676.12
79571.9665,676.14
79571.9865,676.16
79572.0066,676.18
79572.0264,676.2
79572.0515,676.22
79572.0715,676.24
79572.0872,676.26
79572.1115,676.28
79572.1314,676.3
79572.1616,676.32
79572.1765,676.34
79572.1915,676.36
79572.2166,676.38
79572.2315,676.4
79572.2616,676.42
79572.2817,676.44
79572.3016,676.46
79572.3166,676.48
79572.3415,676.5
79572.3765,676.52
79572.3964,676.54
79572.4016,676.56
79572.4215,676.58
79572.4416,676.6
79572.4814,676.62
79572.4917,676.64
79572.5016,676.66
79572.5214,676.68
79572.5466,676.7
79572.5618,676.72
79572.5817,676.74
79572.6016,676.76
79572.6216,676.78
79572.6414,676.8
79572.6864,676.82
79572.6965,676.84
79572.7014,676.86
79572.7214,676.88
79572.7415,676.9
79572.7767,676.92
79572.7966,676.94
79572.8064,676.96
79572.8264,676.98
79572.8467,677.0
79572.8715,677.02
79572.8965,677.04
79572.9169,677.06
79572.9315,677.08
79572.9517,677.1
79572.9716,677.12
79572.9965,677.14
79573.0065,677.16
79573.0264,677.18
79573.0514,677.2
79573.0766,677.22
79573.0968,677.24
79573.1066,677.26
79573.1317,677.28
79573.1464,677.3
79573.172,677.32
79573.2014,677.34
79573.2114,677.36
79573.2365,677.38
79573.2515,677.4
79573.2914,677.42
79573.2966,677.44
79573.3166,677.46
79573.3314,677.48
79573.3516,677.5
79573.3867,677.52
79573.4065,677.54
79573.4115,677.56
79573.4365,677.58
79573.4564,677.6
79573.4815,677.62
79573.5014,677.64
79573.5114,677.66
79573.5319,677.68
79573.5567,677.7
79573.5816,677.72
79573.5964,677.74
79573.6164,677.76
79573.6314,677.78
79573.6514,677.8
79573.6817,677.82
79573.6964,677.84
79573.7165,677.86
79573.7365,677.88
79573.7565,677.9
79573.7821,677.92
79573.7966,677.94
79573.8216,677.96
79573.8365,677.98
79573.8667,678.0
79573.8916,678.02
79573.9116,678.04
79573.9365,678.06
79573.9517,678.08
79573.9616,678.1
79573.9916,678.12
79574.0115,678.14
79574.0265,678.16
79574.0416,678.18
79574.0664,678.2
79574.1069,678.22
79574.1215,678.24
79574.1315,678.26
79574.1485,678.28
79574.1665,678.3
79574.1973,678.32
79574.2064,678.34
79574.2314,678.36
79574.2465,678.38
79574.2716,678.4
79574.2916,678.42
79574.3214,678.44
79574.3264,678.46
79574.3564,678.48
79574.3716,678.5
79574.3918,678.52
79574.4164,678.54
79574.4315,678.56
79574.4516,678.58
79574.4766,678.6
79574.4973,678.62
79574.5115,678.64
79574.5263,678.66
79574.5464,678.68
79574.5665,678.7
79574.5966,678.72
79574.6173,678.74
79574.6316,678.76
79574.6522,678.78
79574.6715,678.8
79574.7564,678.82
79574.7664,678.84
79574.7765,678.86
79574.7814,678.9
79574.8066,678.92
79574.8265,678.94
79574.8317,678.96
79574.8515,678.98
79574.8717,679.0
79574.8926,679.02
79574.9165,679.04
79574.9366,679.06
79574.9515,679.08
79574.9715,679.1
79575.0014,679.12
79575.0165,679.14
79575.0315,679.16
79575.0568,679.18
79575.0765,679.2
79575.0966,679.22
79575.1164,679.24
79575.1368,679.26
79575.1566,679.28
79575.1815,679.3
79575.2119,679.32
79575.2318,679.34
79575.2418,679.36
79575.2576,679.38
79575.2815,679.4
79575.3215,679.42
79575.3517,679.44
79575.3816,679.46
79575.3865,679.48
79575.3914,679.5
79575.4165,679.52
79575.457,679.54
79575.4666,679.56
79575.4818,679.58
79575.4865,679.6
79575.5015,679.62
79575.5417,679.64
79575.5465,679.66
79575.5766,679.68
79575.5865,679.7
79575.6272,679.72
79575.6414,679.74
79575.6516,679.76
79575.6666,679.78
79575.6966,679.8
79575.7165,679.82
79575.7365,679.84
79575.7464,679.86
79575.7665,679.88
79575.7915,679.9
79575.8166,679.92
79575.8415,679.94
79575.8564,679.96
79575.8815,679.98
79575.8966,680.0
79575.9415,680.02
79575.9465,680.04
79575.9566,680.06
79575.9768,680.08
79575.9966,680.1
79576.0265,680.12
79576.0615,680.14
79576.0664,680.16
79576.0715,680.18
79576.0965,680.2
79576.1315,680.22
79576.1564,680.24
79576.1615,680.26
79576.1815,680.28
79576.2017,680.3
79576.2165,680.32
79576.2367,680.34
79576.2565,680.36
79576.2764,680.38
79576.2916,680.4
79576.3266,680.42
79576.3465,680.44
79576.3565,680.46
79576.3814,680.48
79576.3965,680.5
79576.4216,680.52
79576.4564,680.54
79576.4664,680.56
79576.4764,680.58
79576.5017,680.6
79576.5265,680.62
79576.5417,680.64
79576.5564,680.66
79576.5764,680.68
79576.5964,680.7
79576.6215,680.72
79576.6616,680.74
79576.6665,680.76
79576.6814,680.78
79576.7015,680.8
79576.7314,680.82
79576.7614,680.84
79576.7714,680.86
79576.7865,680.88
79576.8164,680.9
79576.8465,680.92
79576.8715,680.94
79576.8765,680.96
79576.8964,680.98
79576.9168,681.0
79576.9315,681.02
79576.9666,681.04
79576.9715,681.06
79576.9965,681.08
79577.0117,681.1
79577.0315,681.12
79577.0514,681.14
79577.0714,681.16
79577.0964,681.18
79577.1114,681.2
79577.1365,681.22
79577.1564,681.24
79577.1715,681.26
79577.1963,681.28
79577.2164,681.3
79577.2464,681.32
79577.2714,681.34
79577.2814,681.36
79577.3114,681.38
79577.3314,681.4
79577.3616,681.42
79577.3865,681.46
79577.4114,681.48
79577.4264,681.5
79577.4515,681.52
79577.4815,681.54
79577.4969,681.56
79577.517,681.58
79577.5375,681.6
79577.5715,681.62
79577.5965,681.64
79577.6015,681.66
79577.6264,681.68
79577.6466,681.7
79577.7016,681.72
79577.7115,681.74
79577.7164,681.76
79577.7263,681.78
79577.7416,681.8
79577.7715,681.82
79577.7864,681.84
79577.8115,681.86
79577.8216,681.88
79577.8419,681.9
79577.8619,681.92
79577.8915,681.94
79577.9064,681.96
79577.9264,681.98
79577.9514,682.0
79577.9765,682.02
79577.9968,682.04
79578.0065,682.06
79578.0317,682.08
79578.0468,682.1
79578.0866,682.12
79578.0965,682.14
79578.1115,682.16
79578.1314,682.18
79578.1568,682.2
79578.1866,682.22
79578.1966,682.24
79578.2114,682.26
79578.2316,682.28
79578.2567,682.3
79578.2766,682.32
79578.2964,682.34
79578.3164,682.36
79578.332,682.38
79578.3514,682.4
79578.3765,682.42
79578.3965,682.44
79578.4214,682.46
79578.4365,682.48
79578.4565,682.5
79578.4771,682.52
79578.5014,682.54
79578.5165,682.56
79578.533,682.58
79578.5515,682.6
79578.5815,682.62
79578.6015,682.64
79578.6166,682.66
79578.6365,682.68
79578.6565,682.7
79578.6964,682.72
79578.7014,682.74
79578.7214,682.76
79578.7414,682.78
79578.7614,682.8
79578.8214,682.82
79578.8315,682.84
79578.8364,682.86
79578.8464,682.88
79578.8614,682.9
79578.8966,682.92
79578.9014,682.94
79578.9265,682.96
79578.9415,682.98
79578.9614,683.0
79578.9918,683.02
79579.0117,683.04
79579.0273,683.06
79579.0469,683.08
79579.0665,683.1
79579.1015,683.12
79579.1215,683.14
79579.1314,683.16
79579.1514,683.18
79579.1715,683.2
79579.1916,683.22
79579.2164,683.24
79579.2365,683.26
79579.2564,683.28
79579.2764,683.3
79579.3015,683.32
79579.3214,683.34
79579.3416,683.36
79579.3566,683.38
79579.3765,683.4
79579.4119,683.42
79579.4218,683.44
79579.4464,683.46
79579.4565,683.48
79579.4764,683.5
79579.5216,683.54
79579.5364,683.56
79579.5564,683.58
79579.5765,683.6
79579.6115,683.62
79579.6314,683.64
79579.6464,683.66
79579.6665,683.68
79579.6814,683.7
79579.7117,683.72
79579.7264,683.74
79579.7465,683.76
79579.7664,683.78
79579.7864,683.8
79579.8167,683.82
79579.8365,683.84
79579.8514,683.86
79579.8615,683.88
79579.8916,683.9
79579.9115,683.92
79579.9414,683.94
79579.9464,683.96
79579.9615,683.98
79579.9965,684.0
79580.0115,684.02
79580.0365,684.04
79580.0414,684.06
79580.0664,684.08
79580.0865,684.1
79580.1166,684.12
79580.1315,684.14
79580.1515,684.16
79580.1667,684.18
79580.1915,684.2
79580.2116,684.22
79580.2366,684.24
79580.2514,684.26
79580.2716,684.28
79580.2915,684.3
79580.3268,684.32
79580.3314,684.34
79580.3566,684.36
79580.3722,684.38
79580.3917,684.4
79580.412,684.42
79580.4314,684.44
79580.4514,684.46
79580.4765,684.48
79580.4915,684.5
79580.5165,684.52
79580.5415,684.54
79580.5614,684.56
79580.5766,684.58
79580.5964,684.6
79580.6167,684.62
79580.6414,684.64
79580.6564,684.66
79580.6765,684.68
79580.6967,684.7
79580.7164,684.72
79580.7365,684.74
79580.7568,684.76
79580.7765,684.78
79580.797,684.8
79580.8168,684.82
79580.837,684.84
79580.8579,684.86
79580.8766,684.88
79580.8967,684.9
79580.9266,684.92
79580.9425,684.94
79580.9614,684.96
79580.9816,684.98
79581.0016,685.0
79581.0266,685.02
79581.0464,685.04
79581.0616,685.06
79581.0864,685.08
79581.1014,685.1
79581.1265,685.12
79581.1465,685.14
79581.1664,685.16
79581.1914,685.18
79581.2064,685.2
79581.2414,685.22
79581.2521,685.24
79581.2765,685.26
79581.2993,685.28
79581.312,685.3
79581.3469,685.32
79581.3566,685.34
79581.3767,685.36
79581.3966,685.38
79581.4123,685.4
79581.4414,685.42
79581.4614,685.44
79581.4717,685.46
79581.5014,685.48
79581.5168,685.5
79581.5516,685.52
79581.5567,685.54
79581.5766,685.56
79581.6016,685.58
79581.6164,685.6
79581.6465,685.62
79581.6567,685.64
79581.6815,685.66
79581.7016,685.68
79581.7215,685.7
79581.7417,685.72
79581.7615,685.74
79581.7815,685.76
79581.8065,685.78
79581.8268,685.8
79581.8465,685.82
79581.8616,685.84
79581.8815,685.86
79581.9014,685.88
79581.9214,685.9
79581.9816,685.92
79581.9866,685.94
79581.9964,685.96
79582.0164,685.98
79582.0364,686.0
79582.0616,686.02
79582.0817,686.04
79582.1014,686.06
79582.1165,686.08
79582.1366,686.1
79582.1814,686.12
79582.1864,686.14
79582.2014,686.16
79582.2215,686.18
79582.2417,686.2
79582.2716,686.22
79582.2966,686.24
79582.3115,686.26
79582.3265,686.28
79582.3466,686.3
79582.3766,686.32
79582.3916,686.34
79582.4064,686.36
79582.4318,686.38
79582.4415,686.4
79582.4665,686.42
79582.4916,686.44
79582.5115,686.46
79582.5264,686.48
79582.5464,686.5
79582.5765,686.52
79582.6014,686.54
79582.6115,686.56
79582.6265,686.58
79582.6465,686.6
79582.6715,686.62
79582.6918,686.64
79582.7117,686.66
79582.7268,686.68
79582.7517,686.7
79582.7781,686.72
79582.7915,686.74
79582.8114,686.76
79582.8264,686.78
79582.8515,686.8
79582.8817,686.82
79582.8967,686.84
79582.9214,686.86
79582.9365,686.88
79582.9566,686.9
79582.9816,686.92
79583.0015,686.94
79583.0214,686.96
79583.0365,686.98
79583.0617,687.0
79583.0864,687.02
79583.0966,687.04
79583.1218,687.06
79583.1369,687.08
79583.157,687.1
79583.1964,687.12
79583.2016,687.14
79583.2264,687.16
79583.2364,687.18
79583.2616,687.2
79583.2915,687.22
79583.3069,687.24
79583.3215,687.26
79583.3421,687.28
79583.3621,687.3
79583.3916,687.32
79583.4166,687.36
79583.4416,687.38
79583.4565,687.4
79583.4771,687.42
79583.5014,687.44
79583.5214,687.46
79583.5417,687.48
79583.5667,687.5
79583.5866,687.52
79583.6064,687.54
79583.6264,687.56
79583.6417,687.58
79583.6667,687.6
79583.6915,687.62
79583.7165,687.64
79583.7215,687.66
79583.7414,687.68
79583.7615,687.7
79583.7816,687.72
79583.8065,687.74
79583.8213,687.76
79583.8414,687.78
79583.8615,687.8
79583.8815,687.82
79583.9065,687.84
79583.9216,687.86
79583.9466,687.88
79583.9614,687.9
79583.9865,687.92
79584.0064,687.94
79584.0214,687.96
79584.0464,687.98
79584.0666,688.0
79584.0876,688.02
79584.1117,688.04
79584.1264,688.06
79584.1466,688.08
79584.1666,688.1
79584.1919,688.12
79584.2115,688.14
79584.2265,688.16
79584.2465,688.18
79584.2664,688.2
79584.2965,688.22
79584.3165,688.24
79584.3268,688.26
79584.3515,688.28
79584.3667,688.3
79584.4015,688.32
79584.4215,688.34
79584.4315,688.36
79584.4467,688.38
79584.4715,688.4
79584.4967,688.42
79584.5165,688.44
79584.5264,688.46
79584.5514,688.48
79584.5715,688.5
79584.6065,688.52
79584.6166,688.54
79584.6264,688.56
79584.6515,688.58
79584.6715,688.6
79584.7016,688.62
79584.7165,688.64
79584.7314,688.66
79584.7515,688.68
79584.7714,688.7
79584.8015,688.72
79584.8265,688.74
79584.8315,688.76
79584.8516,688.78
79584.8766,688.8
79584.9165,688.84
79584.9365,688.86
79584.9564,688.88
79584.9714,688.9
79585.0016,688.92
79585.0216,688.94
79585.0314,688.96
79585.0518,688.98
79585.0716,689.0
79585.1065,689.02
79585.1164,689.04
79585.1316,689.06
79585.1514,689.08
79585.1714,689.1
79585.2015,689.12
79585.2165,689.14
79585.2315,689.16
79585.2514,689.18
79585.2765,689.2
79585.3015,689.22
79585.3215,689.24
79585.3365,689.26
79585.3565,689.28
79585.3765,689.3
79585.4114,689.32
79585.4264,689.34
79585.4364,689.36
79585.4564,689.38
79585.4764,689.4
79585.5017,689.42
79585.5314,689.44
79585.5565,689.46
79585.5764,689.48
79585.5966,689.5
79585.6217,689.52
79585.6364,689.54
79585.6565,689.56
79585.6765,689.58
79585.7014,689.6
79585.7265,689.62
79585.7473,689.64
79585.7571,689.66
79585.7968,689.68
79585.8067,689.7
79585.8315,689.72
79585.8416,689.74
79585.8617,689.76
79585.8814,689.78
79585.9014,689.8
79585.9314,689.82
79585.9566,689.84
79585.9614,689.86
79585.9771,689.88
79585.9969,689.9
79586.0215,689.92
79586.0464,689.94
79586.0664,689.96
79586.0914,689.98
79586.102,690.0
79586.1214,690.02
79586.1415,690.04
79586.1664,690.06
79586.1916,690.08
79586.2114,690.1
79586.2365,690.12
79586.2565,690.14
79586.2764,690.16
79586.3064,690.18
79586.3267,690.2
79586.3516,690.22
79586.3715,690.24
79586.3866,690.26
79586.4067,690.28
79586.4367,690.3
79586.4565,690.32
79586.4816,690.34
79586.4915,690.36
79586.5114,690.38
79586.5315,690.4
79586.5614,690.42
79586.5715,690.44
79586.5964,690.46
79586.6115,690.48
79586.6315,690.5
79586.6619,690.52
79586.6916,690.54
79586.6966,690.56
79586.7122,690.58
79586.7368,690.6
79586.7515,690.62
79586.7774,690.64
79586.7964,690.66
79586.8114,690.68
79586.8315,690.7
79586.8665,690.72
79586.8864,690.74
79586.8915,690.76
79586.9116,690.78
79586.9316,690.8
79586.9664,690.82
79586.9814,690.84
79587.0014,690.86
79587.0214,690.88
79587.0416,690.9
79587.0667,690.92
79587.0933,690.94
79587.1014,690.96
79587.1217,690.98
79587.1415,691.0
79587.1665,691.02
79587.1864,691.04
79587.2016,691.06
79587.2214,691.08
79587.2414,691.1
79587.2765,691.12
79587.2918,691.14
79587.3024,691.16
79587.3269,691.18
79587.3423,691.2
79587.3764,691.22
79587.3915,691.24
79587.4065,691.26
79587.4315,691.28
79587.4465,691.3
79587.4715,691.32
79587.5014,691.34
79587.5064,691.36
79587.5265,691.38
79587.5465,691.4
79587.5865,691.42
79587.5914,691.44
79587.6064,691.46
79587.6264,691.48
79587.6529,691.5
79587.6717,691.52
79587.6915,691.54
79587.7116,691.56
79587.7264,691.58
79587.7566,691.6
79587.7914,691.62
79587.8066,691.64
79587.8165,691.66
79587.8414,691.68
79587.8614,691.7
79587.8916,691.72
79587.9014,691.74
79587.9314,691.76
79587.9417,691.78
79587.9615,691.8
79587.9865,691.82
79588.0064,691.84
79588.0265,691.86
79588.0415,691.88
79588.0616,691.9
79588.1066,691.92
79588.1115,691.94
79588.1264,691.96
79588.1515,691.98
79588.1665,692.0
79588.1965,692.02
79588.2117,692.04
79588.2264,692.06
79588.2465,692.08
79588.2614,692.1
79588.3015,692.12
79588.3065,692.14
79588.3264,692.16
79588.3464,692.18
79588.3718,692.2
79588.4017,692.22
79588.4115,692.24
79588.4316,692.26
79588.4515,692.28
79588.4715,692.3
79588.5165,692.32
79588.5215,692.34
79588.5314,692.36
79588.5565,692.38
79588.5765,692.4
79588.6065,692.42
79588.6217,692.44
79588.6419,692.46
79588.6565,692.48
79588.6816,692.5
79588.7016,692.52
79588.7167,692.54
79588.7414,692.56
79588.7568,692.58
79588.7816,692.6
79588.8165,692.62
79588.8264,692.64
79588.8415,692.66
79588.8665,692.68
79588.8865,692.7
79588.9165,692.72
79588.9265,692.74
79588.9466,692.76
79588.9664,692.78
79588.9865,692.8
79589.0167,692.82
79589.0465,692.84
79589.0514,692.86
79589.0664,692.88
79589.0864,692.9
79589.1115,692.92
79589.1264,692.94
79589.1515,692.96
79589.1716,692.98
79589.1866,693.0
79589.2118,693.02
79589.2316,693.04
79589.2465,693.06
79589.2671,693.08
79589.2872,693.1
79589.3119,693.12
79589.3365,693.14
79589.3567,693.16
79589.3674,693.18
79589.4016,693.2
79589.4166,693.22
79589.4417,693.24
79589.4566,693.26
79589.4766,693.28
79589.5017,693.3
79589.5167,693.32
79589.5414,693.34
79589.5616,693.36
79589.5764,693.38
79589.5965,693.4
79589.6168,693.42
79589.6364,693.44
79589.6569,693.46
79589.6766,693.48
79589.6963,693.5
79589.7365,693.52
79589.7414,693.54
79589.7565,693.56
79589.7765,693.58
79589.7966,693.6
79589.8215,693.62
79589.8414,693.64
79589.8568,693.66
79589.8915,693.68
79589.9116,693.7
79589.9317,693.72
79589.9515,693.74
79589.9764,693.76
79589.9915,693.78
79590.0116,693.8
79590.0365,693.82
79590.0565,693.84
79590.0714,693.86
79590.0965,693.88
79590.1169,693.9
79590.1365,693.92
79590.1565,693.94
79590.1764,693.96
79590.1915,693.98
79590.2165,694.0
79590.2814,694.02
79590.2914,694.04
79590.2964,694.06
79590.3014,694.08
79590.3165,694.1
79590.3367,694.12
79590.3564,694.14
79590.3765,694.16
79590.3965,694.18
79590.4116,694.2
79590.4316,694.22
79590.4567,694.24
79590.4815,694.26
79590.4971,694.28
79590.5217,694.3
79590.5466,694.32
79590.5664,694.34
79590.5865,694.36
79590.5965,694.38
79590.6165,694.4
79590.6467,694.42
79590.6616,694.44
79590.6816,694.46
79590.6965,694.48
79590.7215,694.5
79590.7665,694.52
79590.7764,694.54
79590.7914,694.56
79590.802,694.58
79590.8266,694.6
79590.8418,694.62
79590.8667,694.64
79590.8817,694.66
79590.9015,694.68
79590.9265,694.7
79590.9474,694.72
79590.9715,694.74
79590.9817,694.76
79591.0017,694.78
79591.0215,694.8
79591.0665,694.82
79591.0766,694.84
79591.0914,694.86
79591.1014,694.88
79591.1217,694.9
79591.1514,694.92
79591.1714,694.94
79591.1914,694.96
79591.207,694.98
79591.2265,695.0
79591.2566,695.02
79591.2769,695.04
79591.2921,695.06
79591.3165,695.08
79591.3265,695.1
79591.3564,695.12
79591.3815,695.14
79591.4015,695.16
79591.4164,695.18
79591.4417,695.2
79591.4664,695.22
79591.4964,695.24
79591.5014,695.26
79591.5164,695.28
79591.5364,695.3
79591.5566,695.32
79591.5814,695.34
79591.5964,695.36
79591.6168,695.38
79591.6364,695.4
79591.6617,695.42
79591.6816,695.44
79591.6965,695.46
79591.7215,695.48
79591.7364,695.5
79591.7665,695.52
79591.7865,695.54
79591.8066,695.56
79591.8165,695.58
79591.8415,695.6
79591.8615,695.62
79591.8815,695.64
79591.9017,695.66
79591.9165,695.68
79591.9415,695.7
79591.9723,695.72
79591.9965,695.74
79592.0015,695.76
79592.0169,695.78
79592.0426,695.8
79592.0616,695.82
79592.0865,695.84
79592.1014,695.86
79592.1214,695.88
79592.1465,695.9
79592.1815,695.92
79592.2064,695.96
79592.2264,695.98
79592.2415,696.0
79592.2766,696.02
79592.3018,696.04
79592.3065,696.06
79592.3265,696.08
79592.3465,696.1
79592.3715,696.12
79592.3965,696.14
79592.4014,696.16
79592.4214,696.18
79592.4469,696.2
79592.4715,696.22
79592.5015,696.24
79592.5115,696.26
79592.5315,696.28
79592.5464,696.3
79592.5772,696.32
79592.5915,696.34
79592.6116,696.36
79592.6314,696.38
79592.6515,696.4
79592.6765,696.42
79592.6964,696.44
79592.7115,696.46
79592.7314,696.48
79592.7514,696.5
79592.7766,696.52
79592.7915,696.54
79592.8214,696.56
79592.8316,696.58
79592.8514,696.6
79592.8768,696.62
79592.8964,696.64
79592.9165,696.66
79592.9318,696.68
79592.9515,696.7
79592.9716,696.72
79592.9964,696.74
79593.0165,696.76
79593.0366,696.78
79593.0616,696.8
79593.1064,696.82
79593.1164,696.84
79593.1214,696.86
79593.1415,696.88
79593.1614,696.9
79593.2015,696.92
79593.2165,696.94
79593.2267,696.96
79593.2415,696.98
79593.2667,697.0
79593.2866,697.02
79593.3171,697.04
79593.322,697.06
79593.3414,697.08
79593.3666,697.1
79593.3865,697.12
79593.4115,697.14
79593.4265,697.16
79593.4515,697.18
79593.4665,697.2
79593.4966,697.22
79593.5165,697.24
79593.5266,697.26
79593.5464,697.28
79593.5716,697.3
79593.5918,697.32
79593.6165,697.34
79593.6329,697.36
79593.6464,697.38
79593.6665,697.4
79593.6916,697.42
79593.7115,697.44
79593.7264,697.46
79593.7465,697.48
79593.7665,697.5
79593.7916,697.52
79593.8115,697.54
79593.8314,697.56
79593.8473,697.58
79593.8716,697.6
79593.9014,697.62
79593.9115,697.64
79593.9315,697.66
79593.9564,697.68
79593.9818,697.7
79593.9968,697.72
79594.0214,697.74
79594.0364,697.76
79594.0564,697.78
79594.0764,697.8
79594.1015,697.82
79594.1164,697.84
79594.1414,697.86
79594.1564,697.88
79594.1815,697.9
79594.2017,697.92
79594.2214,697.94
79594.2364,697.96
79594.2565,697.98
79594.2764,698.0
79594.3063,698.02
79594.3315,698.04
79594.3366,698.06
79594.357,698.08
79594.3824,698.1
79594.4017,698.12
79594.4224,698.14
79594.442,698.16
79594.4575,698.18
79594.4847,698.2
79594.5115,698.22
79594.5264,698.24
79594.5415,698.26
79594.5615,698.28
79594.5916,698.3
79594.6115,698.32
79594.6314,698.34
79594.6364,698.36
79594.6618,698.38
79594.682,698.4
79594.7015,698.42
79594.7264,698.44
79594.7464,698.46
79594.7668,698.48
79594.7867,698.5
79594.8066,698.52
79594.8315,698.54
79594.8466,698.56
79594.8672,698.58
79594.8814,698.6
79594.9116,698.62
79594.9366,698.64
79594.9415,698.66
79594.9664,698.68
79594.9815,698.7
79595.0167,698.72
79595.0315,698.74
79595.0514,698.76
79595.0715,698.78
79595.0916,698.8
79595.1266,698.82
79595.1415,698.84
79595.1564,698.86
79595.1764,698.88
79595.1965,698.9
79595.2314,698.92
79595.2414,698.94
79595.2615,698.96
79595.2764,698.98
79595.2964,699.0
79595.3216,699.02
79595.3365,699.04
79595.3575,699.06
79595.3767,699.08
79595.4018,699.1
79595.4226,699.12
79595.4364,699.14
79595.4564,699.16
79595.4814,699.18
79595.4964,699.2
79595.5215,699.22
79595.5466,699.24
79595.557,699.26
79595.5817,699.28
79595.5973,699.3
79595.6217,699.32
79595.6418,699.34
79595.6624,699.36
79595.6818,699.38
79595.7014,699.4
79595.7414,699.42
79595.7516,699.44
79595.7616,699.46
79595.7814,699.48
79595.8015,699.5
79595.8371,699.52
79595.8464,699.54
79595.8665,699.56
79595.8815,699.58
79595.9015,699.6
79595.9415,699.62
79595.9567,699.64
79595.9664,699.66
79595.9864,699.68
79596.0014,699.7
79596.0265,699.72
79596.0464,699.74
79596.0664,699.76
79596.0864,699.78
79596.1064,699.8
79596.1514,699.82
79596.1565,699.84
79596.1714,699.86
79596.1914,699.88
79596.2115,699.9
79596.2318,699.92
79596.2515,699.94
79596.2715,699.96
79596.2914,699.98
79596.3114,700.0
79596.3365,700.02
79596.3564,700.04
79596.3714,700.06
79596.3964,700.08
79596.4115,700.1
79596.4415,700.12
79596.4565,700.14
79596.4765,700.16
79596.4965,700.18
79596.5167,700.2
79596.5414,700.22
79596.5565,700.24
79596.5715,700.26
79596.5916,700.28
79596.6115,700.3
79596.6568,700.32
79596.6664,700.34
79596.6765,700.36
79596.6969,700.38
79596.7164,700.4
79596.7566,700.42
79596.7665,700.44
79596.7918,700.46
79596.8117,700.48
79596.8215,700.5
79596.8514,700.52
79596.8716,700.54
79596.8864,700.56
79596.9164,700.58
79596.9216,700.6
79596.9516,700.62
79596.9714,700.64
79596.9866,700.66
79597.0064,700.68
79597.0265,700.7
79597.0579,700.72
79597.0665,700.74
79597.0864,700.76
79597.1065,700.78
79597.1265,700.8
79597.1565,700.82
79597.1714,700.84
79597.1865,700.86
79597.2115,700.88
79597.2315,700.9
79597.2572,700.92
79597.2865,700.94
79597.2965,700.96
79597.3164,700.98
79597.3314,701.0
79597.3615,701.02
79597.3814,701.04
79597.3964,701.06
79597.4165,701.08
79597.4373,701.1
79597.4666,701.12
79597.4914,701.14
79597.4964,701.16
79597.5166,701.18
79597.5365,701.2
79597.5615,701.22
79597.5765,701.24
79597.5964,701.26
79597.6216,701.28
79597.6415,701.3
79597.6617,701.32
79597.6816,701.34
79597.7014,701.36
79597.7214,701.38
79597.7419,701.4
79597.7865,701.42
79597.8165,701.44
79597.8215,701.46
79597.8266,701.48
79597.8465,701.5
79597.8664,701.52
79597.8965,701.54
79597.9064,701.56
79597.9215,701.58
79597.9414,701.6
79597.9815,701.62
79597.9916,701.64
79598.0117,701.66
79598.0265,701.68
79598.0517,701.7
79598.0864,701.72
79598.1014,701.74
79598.1114,701.76
79598.1365,701.78
79598.1615,701.8
79598.1914,701.82
79598.2066,701.84
79598.2215,701.86
79598.2415,701.88
79598.2564,701.9
79598.2916,701.92
79598.3215,701.96
79598.3414,701.98
79598.3617,702.0
79598.387,702.02
79598.4016,702.04
79598.4264,702.06
79598.4413,702.08
79598.4614,702.1
79598.4915,702.12
79598.5114,702.14
79598.5314,702.16
79598.5414,702.18
79598.5614,702.2
79598.5867,702.22
79598.6065,702.24
79598.6216,702.26
79598.6415,702.28
79598.6665,702.3
79598.7014,702.32
79598.7271,702.34
79598.7315,702.36
79598.7415,702.38
79598.7665,702.4
79598.7916,702.42
79598.8115,702.44
79598.8264,702.46
79598.8416,702.48
79598.8665,702.5
79598.8865,702.52
79598.9169,702.54
79598.9318,702.56
79598.9466,702.58
79598.9714,702.6
79599.0018,702.62
79599.0265,702.64
79599.0314,702.66
79599.0515,702.68
79599.0717,702.7
79599.0916,702.72
79599.1165,702.74
79599.1315,702.76
79599.1517,702.78
79599.1664,702.8
79599.2016,702.82
79599.2265,702.84
79599.2316,702.86
79599.2515,702.88
79599.2665,702.9
79599.3218,702.92
79599.3269,702.94
79599.3316,702.96
79599.3517,702.98
79599.3714,703.0
79599.3915,703.02
79599.4115,703.04
79599.4315,703.06
79599.4514,703.08
79599.4716,703.1
79599.4916,703.12
79599.5115,703.14
79599.5315,703.16
79599.5515,703.18
79599.5764,703.2
79599.6018,703.22
79599.6265,703.24
79599.6315,703.26
79599.6516,703.28
79599.6715,703.3
79599.6967,703.32
79599.7165,703.34
79599.7314,703.36
79599.7514,703.38
79599.7765,703.4
79599.8015,703.42
79599.8214,703.44
79599.8315,703.46
79599.8514,703.48
79599.8715,703.5
79599.9065,703.52
79599.9214,703.54
79599.9365,703.56
79599.9515,703.58
79599.9715,703.6
79600.0015,703.62
79600.0265,703.64
79600.0319,703.66
79600.0571,703.68
79600.0764,703.7
79600.1016,703.72
79600.1215,703.74
79600.1366,703.76
79600.1564,703.78
79600.1867,703.8
79600.2015,703.82
79600.2215,703.84
79600.2365,703.86
79600.2566,703.88
79600.2815,703.9
79600.3016,703.92
79600.3215,703.94
79600.3414,703.96
79600.3614,703.98
79600.3815,704.0
79600.4115,704.02
79600.4314,704.04
79600.4514,704.06
79600.4764,704.08
79600.4965,704.1
79600.5167,704.12
79600.5365,704.14
79600.5515,704.16
79600.5766,704.18
79600.5965,704.2
79600.6165,704.22
79600.6415,704.24
79600.6565,704.26
79600.6764,704.28
79600.7016,704.3
79600.727,704.32
79600.7366,704.34
79600.7568,704.36
79600.7818,704.38
79600.8017,704.4
79600.8264,704.42
79600.8417,704.44
79600.8615,704.46
79600.8764,704.48
79600.8965,704.5
79600.9365,704.52
79600.9465,704.54
79600.9564,704.56
79600.9814,704.58
79601.0018,704.6
79601.0314,704.62
79601.0515,704.64
79601.0614,704.66
79601.0814,704.68
79601.1116,704.7
79601.1464,704.72
79601.1565,704.74
79601.1715,704.76
79601.1865,704.78
79601.2115,704.8
79601.2417,704.82
79601.2564,704.84
79601.2664,704.86
79601.2914,704.88
79601.3116,704.9
79601.3416,704.92
79601.3564,704.94
79601.3666,704.96
79601.3864,704.98
79601.4166,705.0
79601.4416,705.02
79601.4566,705.04
79601.4714,705.06
79601.5016,705.08
79601.5167,705.1
79601.5466,705.12
79601.5615,705.14
79601.5763,705.16
79601.6015,705.18
79601.6164,705.2
79601.6417,705.22
79601.6715,705.24
79601.6865,705.26
79601.7116,705.28
79601.7315,705.3
79601.7566,705.32
79601.7765,705.34
79601.7915,705.36
79601.8114,705.38
79601.8264,705.4
79601.8523,705.42
79601.8714,705.44
79601.8915,705.46
79601.9164,705.48
79601.9315,705.5
79601.9615,705.52
79601.9815,705.54
79601.9915,705.56
79602.0116,705.58
79602.0314,705.6
79602.0571,705.62
79602.0767,705.64
79602.092,705.66
79602.1119,705.68
79602.1319,705.7
79602.167,705.72
79602.1816,705.74
79602.2014,705.76
79602.2114,705.78
79602.2317,705.8
79602.2564,705.82
79602.2715,705.84
79602.2916,705.86
79602.3119,705.88
79602.3314,705.9
79602.3515,705.92
79602.3768,705.94
79602.3917,705.96
79602.4114,705.98
79602.4315,706.0
79602.4565,706.02
79602.4765,706.04
79602.4916,706.06
79602.5117,706.08
79602.5315,706.1
79602.5516,706.12
79602.5767,706.14
79602.5964,706.16
79602.6164,706.18
79602.6365,706.2
79602.6767,706.22
79602.6865,706.24
79602.7015,706.26
79602.7214,706.28
79602.7416,706.3
79602.7666,706.32
79602.7815,706.34
79602.8065,706.36
79602.8215,706.38
79602.8566,706.4
79602.8964,706.42
79602.9065,706.44
79602.9216,706.46
79602.9322,706.48
79602.9574,706.5
79602.9865,706.52
79602.9964,706.54
79603.0165,706.56
79603.0364,706.58
79603.0566,706.6
79603.0815,706.62
79603.1065,706.64
79603.1164,706.66
79603.1367,706.68
79603.1565,706.7
79603.1815,706.72
79603.1964,706.74
79603.2165,706.76
79603.2365,706.78
79603.2564,706.8
79603.2815,706.82
79603.3016,706.84
79603.3165,706.86
79603.3365,706.88
79603.3615,706.9
79603.3817,706.92
79603.3965,706.94
79603.4215,706.96
79603.4414,706.98
79603.4664,707.0
79603.4865,707.02
79603.5164,707.04
79603.5315,707.06
79603.5415,707.08
79603.5715,707.1
79603.5916,707.12
79603.6215,707.14
79603.6314,707.16
79603.6464,707.18
79603.6665,707.2
79603.6917,707.22
79603.7167,707.24
79603.7266,707.26
79603.7514,707.28
79603.7666,707.3
79603.8066,707.32
79603.8221,707.34
79603.8265,707.36
79603.8464,707.38
79603.8715,707.4
79603.8917,707.42
79603.9193,707.44
79603.9264,707.46
79603.9464,707.48
79603.9715,707.5
79603.9915,707.52
79604.0115,707.54
79604.0265,707.56
79604.0464,707.58
79604.0664,707.6
79604.0915,707.62
79604.1064,707.64
79604.1315,707.66
79604.1515,707.68
79604.1665,707.7
79604.1914,707.72
79604.2171,707.74
79604.2315,707.76
79604.2515,707.78
79604.2726,707.8
79604.2968,707.82
79604.3115,707.84
79604.3265,707.86
79604.3565,707.88
79604.3664,707.9
79604.4015,707.92
79604.4215,707.94
79604.4315,707.96
79604.4514,707.98
79604.4714,708.0
79604.4967,708.02
79604.5164,708.04
79604.5314,708.06
79604.5514,708.08
79604.5765,708.1
79604.5966,708.12
79604.6215,708.14
79604.6366,708.16
79604.6567,708.18
79604.6716,708.2
79604.7067,708.22
79604.7214,708.24
79604.7368,708.26
79604.7571,708.28
79604.777,708.3
79604.7965,708.32
79604.8165,708.34
79604.8365,708.36
79604.8564,708.38
79604.8764,708.4
79604.9117,708.42
79604.9265,708.44
79604.9416,708.46
79604.9615,708.48
79604.9816,708.5
79605.0164,708.52
79605.0314,708.54
79605.0464,708.56
79605.0615,708.58
79605.0815,708.6
79605.1066,708.62
79605.1215,708.64
79605.1365,708.66
79605.1616,708.68
79605.1865,708.7
79605.2164,708.72
79605.2264,708.74
79605.2364,708.76
79605.2615,708.78
79605.2816,708.8
79605.3115,708.82
79605.3265,708.84
79605.3464,708.86
79605.3666,708.88
79605.3864,708.9
79605.4167,708.92
79605.4315,708.94
79605.4516,708.96
79605.4714,708.98
79605.4914,709.0
79605.5215,709.02
79605.5322,709.04
79605.557,709.06
79605.5719,709.08
79605.5974,709.1
79605.6118,709.12
79605.6378,709.14
79605.6519,709.16
79605.6717,709.18
79605.6919,709.2
79605.7165,709.22
79605.7364,709.24
79605.7565,709.26
79605.7817,709.28
79605.7966,709.3
79605.8266,709.32
79605.8414,709.34
79605.8566,709.36
79605.8767,709.38
79605.8964,709.4
79605.9264,709.42
79605.9414,709.44
79605.9565,709.46
79605.9766,709.48
79605.9966,709.5
79606.0366,709.52
79606.0516,709.54
79606.0615,709.56
79606.0764,709.58
79606.1017,709.6
79606.1164,709.62
79606.1416,709.64
79606.1615,709.66
79606.1817,709.68
79606.1966,709.7
79606.2265,709.72
79606.2465,709.74
79606.2616,709.76
79606.2765,709.78
79606.3016,709.8
79606.3216,709.82
79606.3464,709.84
79606.3617,709.86
79606.3819,709.88
79606.4065,709.9
79606.4364,709.92
79606.4515,709.94
79606.4715,709.96
79606.4967,709.98
79606.5064,710.0
79606.5686,710.02
79606.5771,710.04
79606.5821,710.06
79606.5971,710.08
79606.6117,710.1
79606.6316,710.12
79606.6471,710.14
79606.6665,710.16
79606.6867,710.18
79606.7116,710.2
79606.7415,710.22
79606.7514,710.24
79606.7715,710.26
79606.7964,710.28
79606.8115,710.3
79606.8465,710.32
79606.8565,710.34
79606.8819,710.36
79606.9022,710.38
79606.9217,710.4
79606.9566,710.42
79606.9915,710.44
79606.9965,710.46
79607.0065,710.48
79607.0215,710.5
79607.0464,710.52
79607.0565,710.54
79607.0814,710.56
79607.0965,710.58
79607.1215,710.6
79607.137,710.62
79607.1564,710.64
79607.1764,710.66
79607.2014,710.68
79607.2215,710.7
79607.2564,710.72
79607.2666,710.74
79607.2818,710.76
79607.3065,710.78
79607.3221,710.8
79607.3465,710.82
79607.3715,710.84
79607.3914,710.86
79607.4114,710.88
79607.4322,710.9
79607.4466,710.92
79607.4764,710.94
79607.4915,710.96
79607.5114,710.98
79607.5366,711.0
79607.5565,711.02
79607.5916,711.06
79607.6064,711.08
79607.6265,711.1
79607.6619,711.12
79607.6765,711.14
79607.6964,711.16
79607.7114,711.18
79607.7365,711.2
79607.7765,711.22
79607.7915,711.24
79607.8065,711.26
79607.8315,711.28
79607.8516,711.3
79607.8771,711.32
79607.8964,711.34
79607.9165,711.36
79607.9314,711.38
79607.9519,711.4
79607.9767,711.42
79608.0015,711.44
79608.0067,711.46
79608.0265,711.48
79608.0464,711.5
79608.0765,711.52
79608.0967,711.54
79608.1114,711.56
79608.1315,711.58
79608.1565,711.6
79608.1915,711.62
79608.2218,711.66
79608.2315,711.68
79608.2514,711.7
79608.2914,711.72
79608.3015,711.74
79608.3164,711.76
79608.3364,711.78
79608.3515,711.8
79608.3865,711.82
79608.4014,711.84
79608.4164,711.86
79608.4365,711.88
79608.4568,711.9
79608.4815,711.92
79608.5064,711.94
79608.5164,711.96
79608.5315,711.98
79608.5514,712.0
79608.5815,712.02
79608.6064,712.04
79608.6215,712.06
79608.6364,712.08
79608.6617,712.1
79608.7064,712.12
79608.7114,712.14
79608.7214,712.16
79608.7415,712.18
79608.7615,712.2
79608.8067,712.24
79608.8265,712.26
79608.8415,712.28
79608.8665,712.3
79608.8964,712.32
79608.9114,712.34
79608.9314,712.36
79608.9514,712.38
79608.9766,712.4
79608.9966,712.42
79609.0315,712.44
79609.0364,712.46
79609.0515,712.48
79609.0715,712.5
79609.1114,712.52
79609.1316,712.54
79609.1365,712.56
79609.1567,712.58
79609.1765,712.6
79609.2016,712.62
79609.2165,712.64
79609.2365,712.66
79609.2564,712.68
79609.2765,712.7
79609.3165,712.72
79609.3365,712.74
79609.3417,712.76
79609.3615,712.78
79609.3816,712.8
79609.4115,712.82
79609.4321,712.84
79609.4467,712.86
79609.4616,712.88
79609.4821,712.9
79609.502,712.92
79609.5265,712.94
79609.5414,712.96
79609.5664,712.98
79609.5865,713.0
79609.6116,713.02
79609.6314,713.04
79609.6465,713.06
79609.6664,713.08
79609.6816,713.1
79609.7168,713.12
79609.7315,713.14
79609.7465,713.16
79609.7665,713.18
79609.7916,713.2
79609.8115,713.22
79609.8315,713.24
79609.8564,713.26
79609.8764,713.28
79609.8965,713.3
79609.9116,713.32
79609.9316,713.34
79609.9516,713.36
79609.9714,713.38
79609.9965,713.4
79610.0118,713.42
79610.0416,713.44
79610.0515,713.46
79610.0715,713.48
79610.0917,713.5
79610.1118,713.52
79610.1314,713.54
79610.1565,713.56
79610.1714,713.58
79610.1966,713.6
79610.2215,713.62
79610.2415,713.64
79610.2567,713.66
79610.2715,713.68
79610.2965,713.7
79610.3166,713.72
79610.3414,713.74
79610.3569,713.76
79610.3763,713.78
79610.3964,713.8
79610.4265,713.82
79610.4464,713.84
79610.4615,713.86
79610.4764,713.88
79610.5016,713.9
79610.5264,713.92
79610.5365,713.94
79610.5566,713.96
79610.5819,713.98
79610.6018,714.0
79610.6566,714.02
79610.6617,714.04
79610.6666,714.06
79610.6766,714.08
79610.7014,714.1
79610.7225,714.12
79610.7567,714.14
79610.7623,714.16
79610.7822,714.18
79610.8017,714.2
79610.8221,714.22
79610.8416,714.24
79610.8614,714.26
79610.8815,714.28
79610.9015,714.3
79610.9219,714.32
79610.9464,714.34
79610.9615,714.36
79610.9864,714.38
79611.0014,714.4
79611.0216,714.42
79611.0516,714.44
79611.0614,714.46
79611.0865,714.48
79611.1015,714.5
79611.1265,714.52
79611.1514,714.54
79611.1714,714.56
79611.1864,714.58
79611.2064,714.6
79611.2318,714.62
79611.2618,714.64
79611.272,714.66
79611.2866,714.68
79611.3118,714.7
79611.3415,714.72
79611.3564,714.74
79611.3764,714.76
79611.3964,714.78
79611.4115,714.8
79611.4465,714.82
79611.4615,714.84
79611.4715,714.86
79611.4915,714.88
79611.5166,714.9
79611.5365,714.92
79611.5614,714.94
79611.5765,714.96
79611.6014,714.98
79611.6115,715.0
79611.6421,715.02
79611.6514,715.04
79611.6765,715.06
79611.7015,715.08
79611.7217,715.1
79611.7366,715.12
79611.7614,715.14
79611.7866,715.16
79611.8021,715.18
79611.8269,715.2
79611.8466,715.22
79611.8717,715.24
79611.8869,715.26
79611.9029,715.28
79611.9231,715.3
79611.9466,715.32
79611.9616,715.34
79611.9816,715.36
79612.0064,715.38
79612.0266,715.4
79612.0466,715.42
79612.0765,715.44
79612.0964,715.46
79612.1214,715.48
79612.1465,715.5
79612.1715,715.52
79612.1915,715.54
79612.2165,715.56
79612.2267,715.58
79612.2515,715.6
79612.2964,715.62
79612.3065,715.64
79612.3214,715.66
79612.3317,715.68
79612.3514,715.7
79612.3768,715.72
79612.3965,715.74
79612.4165,715.76
79612.4264,715.78
79612.4516,715.8
79612.4716,715.82
79612.4967,715.84
79612.5121,715.86
79612.5314,715.88
79612.5526,715.9
79612.5718,715.92
79612.6017,715.94
79612.6165,715.96
79612.632,715.98
79612.6566,716.0
79612.6767,716.02
79612.6967,716.04
79612.7214,716.06
79612.7315,716.08
79612.7565,716.1
79612.7814,716.12
79612.7966,716.14
79612.8114,716.16
79612.8314,716.18
79612.8567,716.2
79612.8866,716.22
79612.9015,716.24
79612.9164,716.26
79612.9365,716.28
79612.9565,716.3
79612.9965,716.32
79613.0116,716.34
79613.0214,716.36
79613.0364,716.38
79613.0565,716.4
79613.0819,716.42
79613.0964,716.44
79613.1165,716.46
79613.1365,716.48
79613.1616,716.5
79613.1915,716.52
79613.1965,716.54
79613.2214,716.56
79613.2364,716.58
79613.2565,716.6
79613.3122,716.62
79613.317,716.66
79613.3365,716.68
79613.3566,716.7
79613.3823,716.72
79613.4015,716.74
79613.4164,716.76
79613.4365,716.78
79613.4565,716.8
79613.4866,716.82
79613.5065,716.84
79613.5215,716.86
79613.5364,716.88
79613.5564,716.9
79613.5966,716.92
79613.6015,716.94
79613.6165,716.96
79613.6364,716.98
79613.6571,717.0
79613.6917,717.02
79613.7015,717.04
79613.7172,717.06
79613.7375,717.08
79613.762,717.1
79613.7865,717.12
79613.8014,717.14
79613.8215,717.16
79613.8415,717.18
79613.8616,717.2
79613.8916,717.22
79613.9215,717.24
79613.9265,717.26
79613.9465,717.28
79613.9716,717.3
79613.9915,717.32
79614.0115,717.34
79614.0264,717.36
79614.0464,717.38
79614.0665,717.4
79614.0966,717.42
79614.1264,717.44
79614.1314,717.46
79614.1514,717.48
79614.1715,717.5
79614.2014,717.52
79614.2214,717.54
79614.2265,717.56
79614.2514,717.58
79614.2715,717.6
79614.2966,717.62
79614.3265,717.64
79614.3365,717.66
79614.3515,717.68
79614.3766,717.7
79614.4015,717.72
79614.4316,717.74
79614.4415,717.76
79614.4615,717.78
79614.4765,717.8
79614.5015,717.82
79614.5265,717.84
79614.5366,717.86
79614.5614,717.88
79614.5764,717.9
79614.6066,717.92
79614.6265,717.94
79614.6465,717.96
79614.6667,717.98
79614.6916,718.0
79614.7115,718.02
79614.7265,718.04
79614.7415,718.06
79614.7663,718.08
79614.7916,718.1
79614.8066,718.12
79614.8265,718.14
79614.8514,718.16
79614.8715,718.18
79614.8866,718.2
79614.9168,718.22
79614.9414,718.24
79614.9464,718.26
79614.9664,718.28
79614.9864,718.3
79615.0167,718.32
79615.0264,718.34
79615.0514,718.36
79615.0714,718.38
79615.0866,718.4
79615.1365,718.42
79615.1416,718.44
79615.1565,718.46
79615.1721,718.48
79615.1914,718.5
79615.2164,718.52
79615.2414,718.54
79615.2564,718.56
79615.2815,718.58
79615.2966,718.6
79615.3165,718.62
79615.3415,718.64
79615.3566,718.66
79615.3765,718.68
79615.3967,718.7
79615.4167,718.72
79615.4464,718.74
79615.4564,718.76
79615.4816,718.78
79615.4964,718.8
79615.5317,718.82
79615.5414,718.84
79615.5614,718.86
79615.5814,718.88
79615.6066,718.9
79615.6266,718.92
79615.6416,718.94
79615.6614,718.96
79615.6815,718.98
79615.6966,719.0
79615.7315,719.02
79615.7565,719.06
79615.7764,719.08
79615.8014,719.1
79615.8266,719.12
79615.8465,719.14
79615.8614,719.16
79615.8814,719.18
79615.9065,719.2
79615.9317,719.22
79615.9515,719.24
79615.9615,719.26
79615.9815,719.28
79616.0017,719.3
79616.0365,719.32
79616.0415,719.34
79616.0615,719.36
79616.0814,719.38
79616.1014,719.4
79616.1315,719.42
79616.1564,719.44
79616.1615,719.46
79616.1814,719.48
79616.2014,719.5
79616.2316,719.52
79616.2614,719.54
79616.2714,719.56
79616.2817,719.58
79616.3065,719.6
79616.3369,719.62
79616.3464,719.64
79616.3764,719.66
79616.3865,719.68
79616.4115,719.7
79616.4368,719.72
79616.4615,719.74
79616.4765,719.76
79616.4964,719.78
79616.5115,719.8
79616.5365,719.82
79616.5517,719.84
79616.5715,719.86
79616.6015,719.88
79616.6115,719.9
79616.6415,719.92
79616.6564,719.94
79616.6765,719.96
79616.6964,719.98
79616.7165,720.0
79616.747,720.02
79616.7567,720.04
79616.7714,720.06
79616.7964,720.08
79616.8166,720.1
79616.8571,720.12
79616.8715,720.14
79616.8814,720.16
79616.8916,720.18
79616.9115,720.2
79616.9368,720.22
79616.9567,720.24
79616.9915,720.26
79616.9964,720.28
79617.0217,720.3
79617.0519,720.32
79617.0614,720.34
79617.0814,720.36
79617.0965,720.38
79617.1214,720.4
79617.1465,720.42
79617.1765,720.44
79617.1915,720.46
79617.2065,720.48
79617.2268,720.5
79617.2567,720.52
79617.2765,720.54
79617.2918,720.56
79617.3165,720.58
79617.3465,720.6
79617.3814,720.62
79617.3965,720.64
79617.4166,720.66
79617.4317,720.68
79617.4567,720.7
79617.4918,720.72
79617.5014,720.74
79617.5215,720.76
79617.5314,720.78
79617.5566,720.8
79617.5915,720.82
79617.5965,720.84
79617.6164,720.86
79617.6415,720.88
79617.6565,720.9
79617.6864,720.92
79617.7014,720.94
79617.7164,720.96
79617.7414,720.98
79617.7616,721.0
79617.7815,721.02
79617.8015,721.04
79617.8164,721.06
79617.8364,721.08
79617.8565,721.1
79617.8866,721.12
79617.9017,721.14
79617.9215,721.16
79617.9413,721.18
79617.9615,721.2
79617.9865,721.22
79618.0164,721.26
79618.0364,721.28
79618.0617,721.3
79618.0965,721.32
79618.1215,721.34
79618.1265,721.36
79618.1415,721.38
79618.1615,721.4
79618.1915,721.42
79618.2065,721.44
79618.2214,721.46
79618.2414,721.48
79618.2664,721.5
79618.2968,721.52
79618.3066,721.54
79618.3264,721.56
79618.3415,721.58
79618.3665,721.6
79618.3918,721.62
79618.4216,721.64
79618.4367,721.66
79618.4565,721.68
79618.4866,721.7
79618.5215,721.72
79618.5265,721.74
79618.5465,721.76
79618.5565,721.78
79618.5765,721.8
79618.6114,721.82
79618.6315,721.84
79618.6364,721.86
79618.6565,721.88
79618.6865,721.9
79618.7066,721.92
79618.7364,721.94
79618.7414,721.96
79618.7615,721.98
79618.7765,722.0
79618.8115,722.02
79618.8215,722.04
79618.8415,722.06
79618.8664,722.08
79618.8872,722.1
79618.9065,722.12
79618.9269,722.14
79618.9524,722.16
79618.9667,722.18
79618.9917,722.2
79619.0118,722.22
79619.032,722.24
79619.0516,722.26
79619.0714,722.28
79619.0865,722.3
79619.1167,722.32
79619.1415,722.34
79619.1514,722.36
79619.1717,722.38
79619.1968,722.4
79619.2116,722.42
79619.2315,722.44
79619.2515,722.46
79619.2716,722.48
79619.2916,722.5
79619.3217,722.52
79619.3365,722.54
79619.3565,722.56
79619.3764,722.58
79619.3965,722.6
79619.4216,722.62
79619.4366,722.64
79619.4565,722.66
79619.4764,722.68
79619.4965,722.7
79619.5164,722.72
79619.5415,722.74
79619.5565,722.76
79619.5764,722.78
79619.6019,722.8
79619.6414,722.82
79619.6465,722.84
79619.6615,722.86
79619.6883,722.88
79619.7018,722.9
79619.7277,722.92
79619.7419,722.94
79619.7671,722.96
79619.782,722.98
79619.8019,723.0
79619.8315,723.02
79619.8464,723.04
79619.8664,723.06
79619.8818,723.08
79619.9022,723.1
79619.9417,723.12
79619.9464,723.14
79619.9714,723.16
79619.9914,723.18
79620.0166,723.2
79620.0366,723.22
79620.0614,723.24
79620.0813,723.26
79620.1064,723.28
79620.1267,723.3
79620.1566,723.32
79620.1665,723.34
79620.1865,723.36
79620.2019,723.38
79620.2215,723.4
79620.2568,723.42
79620.2665,723.44
79620.2865,723.46
79620.3064,723.48
79620.3215,723.5
79620.3515,723.52
79620.3814,723.54
79620.3865,723.56
79620.4064,723.58
79620.4214,723.6
79620.4566,723.62
79620.4765,723.64
79620.4865,723.66
79620.5165,723.68
79620.5364,723.7
79620.5866,723.72
79620.5964,723.74
79620.6215,723.76
79620.6365,723.78
79620.6565,723.8
79620.6817,723.82
79620.6964,723.84
79620.7166,723.86
79620.7417,723.88
79620.7666,723.9
79620.8063,723.92
79620.8116,723.94
79620.8315,723.96
79620.8514,723.98
79620.8665,724.0
79620.9016,724.02
79620.9114,724.04
79620.9316,724.06
79620.9514,724.08
79620.9764,724.1
79621.0065,724.12
79621.0165,724.14
79621.0314,724.16
79621.0514,724.18
79621.0768,724.2
79621.102,724.22
79621.1215,724.24
79621.1364,724.26
79621.1565,724.28
79621.1816,724.3
79621.2017,724.32
79621.2215,724.34
79621.2364,724.36
79621.2567,724.38
79621.2765,724.4
79621.3066,724.42
79621.3215,724.44
79621.3365,724.46
79621.3565,724.48
79621.3765,724.5
79621.4164,724.52
79621.4266,724.54
79621.4415,724.56
79621.4615,724.58
79621.4816,724.6
79621.5164,724.62
79621.5314,724.64
79621.5466,724.66
79621.5614,724.68
79621.5866,724.7
79621.6068,724.72
79621.6264,724.74
79621.6415,724.76
79621.6614,724.78
79621.6815,724.8
79621.7116,724.82
79621.7266,724.84
79621.7415,724.86
79621.7616,724.88
79621.7815,724.9
79621.8116,724.92
79621.8264,724.94
79621.8564,724.96
79621.8665,724.98
79621.8815,725.0
79621.9264,725.02
79621.9314,725.04
79621.9565,725.06
79621.9665,725.08
79621.9866,725.1
79622.0215,725.12
79622.0315,725.14
79622.0564,725.16
79622.0716,725.18
79622.0865,725.2
79622.1118,725.22
79622.1364,725.24
79622.1516,725.26
79622.1767,725.28
79622.1965,725.3
79622.2165,725.32
79622.2367,725.34
79622.2564,725.36
79622.2765,725.38
79622.2964,725.4
79622.3216,725.42
79622.3414,725.44
79622.3565,725.46
79622.3765,725.48
79622.3977,725.5
79622.4215,725.52
79622.4465,725.54
79622.4565,725.56
79622.4765,725.58
79622.5016,725.6
79622.5165,725.62
79622.5414,725.64
79622.5565,725.66
79622.5765,725.68
79622.5965,725.7
79622.6316,725.72
79622.6415,725.74
79622.6615,725.76
79622.6865,725.78
79622.7024,725.8
79622.7315,725.82
79622.7515,725.84
79622.7664,725.86
79622.7814,725.88
79622.7966,725.9
79622.8315,725.92
79622.8564,725.94
79622.8664,725.96
79622.8815,725.98
79622.9065,726.0
79622.9365,726.02
79622.9465,726.04
79622.9665,726.06
79622.9815,726.08
79623.0076,726.1
79623.0315,726.12
79623.0515,726.14
79623.0664,726.16
79623.0865,726.18
79623.1015,726.2
79623.1315,726.22
79623.1515,726.24
79623.1715,726.26
79623.1816,726.28
79623.2064,726.3
79623.2315,726.32
79623.2616,726.34
79623.2714,726.36
79623.2916,726.38
79623.3066,726.4
79623.3316,726.42
79623.3571,726.44
79623.3715,726.46
79623.3915,726.48
79623.4117,726.5
79623.4518,726.52
79623.4566,726.54
79623.4664,726.56
79623.4915,726.58
79623.5117,726.6
79623.5365,726.62
79623.5567,726.64
79623.5714,726.66
79623.5964,726.68
79623.6114,726.7
79623.6415,726.72
79623.6615,726.74
79623.6865,726.76
79623.6965,726.78
79623.7215,726.8
79623.7365,726.82
79623.7664,726.84
79623.7816,726.86
79623.7967,726.88
79623.8216,726.9
79623.8464,726.92
79623.8716,726.94
79623.8821,726.96
79623.8966,726.98
79623.9168,727.0
79623.9416,727.02
79623.9665,727.04
79623.9766,727.06
79624.0015,727.08
79624.0215,727.1
79624.0417,727.12
79624.0568,727.14
79624.0765,727.16
79624.1014,727.18
79624.1264,727.2
79624.1467,727.22
79624.1764,727.24
79624.1864,727.26
79624.2115,727.28
79624.2264,727.3
79624.2567,727.32
79624.2765,727.34
79624.2863,727.36
79624.3069,727.38
79624.3265,727.4
79624.3516,727.42
79624.3665,727.44
79624.3863,727.46
79624.4065,727.48
79624.4268,727.5
79624.4664,727.52
79624.4764,727.54
79624.4865,727.56
79624.5118,727.58
79624.5268,727.6
79624.5565,727.62
79624.5867,727.66
79624.6065,727.68
79624.6264,727.7
79624.662,727.72
79624.6715,727.74
79624.6915,727.76
79624.7165,727.78
79624.7366,727.8
79624.7565,727.82
79624.7815,727.84
79624.7965,727.86
79624.8066,727.88
79624.8318,727.9
79624.8565,727.92
79624.8716,727.94
79624.8917,727.96
79624.9115,727.98
79624.9364,728.0
79624.9565,728.02
79624.9765,728.04
79625.0016,728.06
79625.0215,728.08
79625.0414,728.1
79625.0616,728.12
79625.0815,728.14
79625.1214,728.16
79625.1365,728.18
79625.1614,728.2
79625.182,728.22
79625.2064,728.24
79625.2265,728.26
79625.2465,728.28
79625.2615,728.3
79625.2964,728.32
79625.3115,728.34
79625.3264,728.36
79625.3418,728.38
79625.3666,728.4
79625.3965,728.42
79625.412,728.44
79625.4315,728.46
79625.4422,728.48
79625.4686,728.5
79625.4867,728.52
79625.5067,728.54
79625.5265,728.56
79625.5464,728.58
79625.5665,728.6
79625.5916,728.62
79625.6168,728.64
79625.6365,728.66
79625.6514,728.68
79625.6715,728.7
79625.7015,728.72
79625.7165,728.74
79625.7365,728.76
79625.7564,728.78
79625.7764,728.8
79625.8014,728.82
79625.8214,728.84
79625.8464,728.86
79625.8665,728.88
79625.8815,728.9
79625.9114,728.92
79625.9318,728.94
79625.9464,728.96
79625.9664,728.98
79625.9864,729.0
79626.0264,729.02
79626.0365,729.04
79626.0465,729.06
79626.0722,729.08
79626.0919,729.1
79626.1117,729.12
79626.1314,729.14
79626.1516,729.16
79626.1667,729.18
79626.1865,729.2
79626.2169,729.22
79626.2415,729.24
79626.2514,729.26
79626.2715,729.28
79626.2864,729.3
79626.3165,729.32
79626.3365,729.34
79626.3515,729.36
79626.3714,729.38
79626.4016,729.4
79626.4167,729.42
79626.4465,729.44
79626.4565,729.46
79626.4714,729.48
79626.5015,729.5
79626.5165,729.52
79626.5415,729.54
79626.5569,729.56
79626.5715,729.58
79626.5969,729.6
79626.6215,729.62
79626.6464,729.64
79626.6568,729.66
79626.6765,729.68
79626.6915,729.7
79626.7414,729.72
79626.7565,729.76
79626.7715,729.78
79626.8017,729.8
79626.8168,729.82
79626.8364,729.84
79626.8565,729.86
79626.8767,729.88
79626.9017,729.9
79626.9216,729.92
79626.9367,729.94
79626.9615,729.96
79626.9764,729.98
79626.9964,730.0
79627.0216,730.02
79627.0415,730.04
79627.0617,730.06
79627.0864,730.08
79627.0965,730.1
79627.1217,730.12
79627.1414,730.14
79627.1615,730.16
79627.1865,730.18
79627.2067,730.2
79627.2264,730.22
79627.2465,730.24
79627.2716,730.26
79627.2919,730.28
79627.3064,730.3
79627.3366,730.32
79627.3615,730.34
79627.3764,730.36
79627.3865,730.38
79627.4064,730.4
79627.4514,730.42
79627.4614,730.44
79627.4714,730.46
79627.4915,730.48
79627.5117,730.5
79627.5366,730.52
79627.5665,730.54
79627.5815,730.56
79627.6016,730.58
79627.6216,730.6
79627.6614,730.62
79627.6764,730.64
79627.6864,730.66
79627.7064,730.68
79627.7215,730.7
79627.7467,730.72
79627.7767,730.74
79627.7917,730.76
79627.8118,730.78
79627.8367,730.8
79627.8668,730.82
79627.8915,730.84
79627.8964,730.86
79627.9214,730.88
79627.9417,730.9
79627.9716,730.92
79627.9965,730.94
79628.0064,730.96
79628.0215,730.98
79628.0466,731.0
79628.0768,731.02
79628.0865,731.04
79628.1115,731.06
79628.1285,731.08
79628.1469,731.1
79628.1668,731.12
79628.2016,731.14
79628.2114,731.16
79628.2316,731.18
79628.2514,731.2
79628.2765,731.22
79628.2964,731.24
79628.3185,731.26
79628.332,731.28
79628.3567,731.3
79628.3817,731.32
79628.4115,731.34
79628.4219,731.36
79628.4414,731.38
79628.4615,731.4
79628.4865,731.42
79628.5014,731.44
79628.5265,731.46
79628.5414,731.48
79628.5616,731.5
79628.5865,731.52
79628.6065,731.54
79628.6214,731.56
79628.6416,731.58
79628.6715,731.6
79628.6866,731.62
79628.7217,731.64
79628.7272,731.66
79628.7465,731.68
79628.7625,731.7
79628.7914,731.72
79628.8115,731.74
79628.8264,731.76
79628.8464,731.78
79628.8664,731.8
79628.8966,731.82
79628.9165,731.84
79628.9264,731.86
79628.9415,731.88
79628.9715,731.9
79629.0164,731.92
79629.0416,731.94
79629.0514,731.96
79629.0565,731.98
79629.0665,732.0
79629.0914,732.02
79629.1166,732.04
79629.1316,732.06
79629.1522,732.08
79629.1718,732.1
79629.1965,732.12
79629.2215,732.14
79629.2314,732.16
79629.2464,732.18
79629.2664,732.2
79629.2914,732.22
79629.3066,732.24
79629.3265,732.26
79629.3466,732.28
79629.3669,732.3
79629.3865,732.32
79629.4064,732.34
79629.4315,732.36
79629.4467,732.38
79629.4667,732.4
79629.5015,732.42
79629.5114,732.44
79629.5264,732.46
79629.5467,732.48
79629.5766,732.5
79629.5965,732.52
79629.6215,732.54
79629.6365,732.56
79629.6566,732.58
79629.6766,732.6
79629.7115,732.62
79629.7217,732.64
79629.7365,732.66
79629.7564,732.68
79629.7815,732.7
79629.8066,732.72
79629.8314,732.74
79629.8415,732.76
79629.8567,732.78
79629.8815,732.8
79629.9065,732.82
79629.9265,732.84
79629.9415,732.86
79629.9567,732.88
79629.977,732.9
79630.0016,732.92
79630.0265,732.94
79630.0518,732.96
79630.072,732.98
79630.0916,733.0
79630.1218,733.02
79630.1465,733.04
79630.1516,733.06
79630.1768,733.08
79630.1867,733.1
79630.2267,733.12
79630.2514,733.14
79630.2566,733.16
79630.2714,733.18
79630.2966,733.2
79630.317,733.22
79630.3415,733.24
79630.3526,733.26
79630.3729,733.28
79630.3965,733.3
79630.4214,733.32
79630.4366,733.34
79630.4566,733.36
79630.4766,733.38
79630.5016,733.4
79630.5218,733.42
79630.5417,733.44
79630.5614,733.46
79630.5715,733.48
79630.5966,733.5
79630.6214,733.52
79630.6366,733.54
79630.6565,733.56
79630.6815,733.58
79630.7064,733.6
79630.7364,733.62
79630.7614,733.64
79630.772,733.66
79630.8014,733.68
79630.8216,733.7
79630.8416,733.72
79630.8614,733.74
79630.8774,733.76
79630.8964,733.78
79630.9117,733.8
79630.9366,733.82
79630.9615,733.84
79630.9716,733.86
79630.9963,733.88
79631.0218,733.9
79631.0467,733.92
79631.0717,733.94
79631.0777,733.96
79631.1023,733.98
79631.118,734.0
79631.1416,734.02
79631.1666,734.04
79631.1864,734.06
79631.1966,734.08
79631.2164,734.1
79631.2417,734.12
79631.2665,734.14
79631.2816,734.16
79631.3016,734.18
79631.3214,734.2
79631.347,734.22
79631.3717,734.24
79631.3815,734.26
79631.4027,734.28
79631.4215,734.3
79631.4516,734.32
79631.4764,734.34
79631.4815,734.36
79631.5067,734.38
79631.5269,734.4
79631.5516,734.42
79631.5714,734.44
79631.5864,734.46
79631.6065,734.48
79631.6214,734.5
79631.6467,734.52
79631.6615,734.54
79631.6814,734.56
79631.7065,734.58
79631.7215,734.6
79631.7516,734.62
79631.7765,734.64
79631.7915,734.66
79631.8065,734.68
79631.8265,734.7
79631.8516,734.72
79631.8664,734.74
79631.8915,734.76
79631.9065,734.78
79631.9316,734.8
79631.9565,734.82
79631.9714,734.84
79631.9965,734.86
79632.0114,734.88
79632.0316,734.9
79632.0715,734.92
79632.0766,734.94
79632.1017,734.96
79632.1116,734.98
79632.1314,735.0
79632.1615,735.02
79632.1765,735.04
79632.2014,735.06
79632.2164,735.08
79632.2316,735.1
79632.2615,735.12
79632.2814,735.14
79632.2916,735.16
79632.3164,735.18
79632.3315,735.2
79632.3616,735.22
79632.3814,735.24
79632.4016,735.26
79632.4171,735.28
79632.4366,735.3
79632.4573,735.32
79632.4814,735.34
79632.5014,735.36
79632.5165,735.38
79632.5415,735.4
79632.5714,735.42
79632.6115,735.44
79632.6165,735.46
79632.6214,735.48
79632.6414,735.5
79632.6715,735.52
79632.6817,735.54
79632.7021,735.56
79632.7269,735.58
79632.7418,735.6
79632.7715,735.62
79632.7968,735.64
79632.8018,735.66
79632.8226,735.68
79632.8469,735.7
79632.8716,735.72
79632.8914,735.74
79632.9064,735.76
79632.9216,735.78
79632.9415,735.8
79632.9665,735.82
79633.0015,735.84
79633.0115,735.86
79633.0264,735.88
79633.0517,735.9
79633.0668,735.92
79633.0865,735.94
79633.1116,735.96
79633.1216,735.98
79633.1416,736.0
79633.2014,736.02
79633.2114,736.04
79633.2214,736.06
79633.2315,736.08
79633.2465,736.1
79633.2715,736.12
79633.2865,736.14
79633.3064,736.16
79633.3264,736.18
79633.352,736.2
79633.3764,736.22
79633.3965,736.24
79633.4114,736.26
79633.4265,736.28
79633.4516,736.3
79633.4816,736.32
79633.4964,736.34
79633.5066,736.36
79633.5266,736.38
79633.5465,736.4
79633.5715,736.42
79633.5974,736.44
79633.6164,736.46
79633.6316,736.48
79633.6565,736.5
79633.6766,736.52
79633.7016,736.54
79633.7114,736.56
79633.7314,736.58
79633.7517,736.6
79633.7718,736.62
79633.8015,736.64
79633.8116,736.66
79633.8364,736.68
79633.8515,736.7
79633.8815,736.72
79633.9065,736.74
79633.9164,736.76
79633.9314,736.78
79633.9565,736.8
79633.9815,736.82
79633.9965,736.84
79634.0165,736.86
79634.0365,736.88
79634.0567,736.9
79634.0917,736.92
79634.1214,736.96
79634.1414,736.98
79634.1565,737.0
79634.1816,737.02
79634.2014,737.04
79634.2165,737.06
79634.2415,737.08
79634.2615,737.1
79634.2868,737.12
79634.3016,737.14
79634.3214,737.16
79634.3414,737.18
79634.3618,737.2
79634.3866,737.22
79634.4065,737.24
79634.4218,737.26
79634.4415,737.28
79634.4616,737.3
79634.4968,737.32
79634.5017,737.34
79634.5215,737.36
79634.5415,737.38
79634.5615,737.4
79634.6315,737.42
79634.6564,737.44
79634.6667,737.46
79634.6714,737.5
79634.6916,737.52
79634.7066,737.54
79634.7264,737.56
79634.7515,737.58
79634.7667,737.6
79634.8417,737.62
79634.8464,737.64
79634.8565,737.66
79634.8615,737.68
79634.8715,737.7
79634.8965,737.72
79634.9316,737.74
79634.9365,737.76
79634.9465,737.78
79634.9678,737.8
79635.0014,737.82
79635.0064,737.84
79635.0264,737.86
79635.0464,737.88
79635.0665,737.9
79635.0916,737.92
79635.1114,737.94
79635.1264,737.96
79635.1515,737.98
79635.1665,738.0
79635.1965,738.02
79635.2165,738.04
79635.2364,738.06
79635.2565,738.08
79635.2715,738.1
79635.3014,738.12
79635.3265,738.14
79635.3364,738.16
79635.3665,738.18
79635.3865,738.2
79635.4116,738.22
79635.4323,738.24
79635.4517,738.26
79635.467,738.28
79635.4966,738.3
79635.5166,738.32
79635.5415,738.34
79635.5514,738.36
79635.5665,738.38
79635.5864,738.4
79635.6166,738.42
79635.6418,738.44
79635.6564,738.46
79635.6814,738.48
79635.7015,738.5
79635.7265,738.52
79635.7514,738.54
79635.7564,738.56
79635.7767,738.58
79635.7971,738.6
79635.8166,738.62
79635.8367,738.64
79635.857,738.66
79635.8769,738.68
79635.9019,738.7
79635.9178,738.72
79635.9465,738.74
79635.9615,738.76
79635.9866,738.78
79636.0016,738.8
79636.022,738.82
79636.0365,738.84
79636.0617,738.86
79636.0866,738.88
79636.1114,738.9
79636.1469,738.92
79636.1615,738.94
79636.1715,738.96
79636.1965,738.98
79636.2168,739.0
79636.2466,739.02
79636.2567,739.04
79636.2768,739.06
79636.2968,739.08
79636.3165,739.1
79636.3416,739.12
79636.3615,739.14
79636.3764,739.16
79636.3964,739.18
79636.4267,739.2
79636.452,739.22
79636.4715,739.24
79636.4815,739.26
79636.5014,739.28
79636.5214,739.3
79636.5465,739.32
79636.5764,739.34
79636.5914,739.36
79636.6164,739.38
79636.6315,739.4
79636.6666,739.42
79636.6864,739.44
79636.6965,739.46
79636.7115,739.48
79636.7314,739.5
79636.7667,739.52
79636.7765,739.54
79636.7966,739.56
79636.8165,739.58
79636.8368,739.6
79636.8567,739.62
79636.8865,739.64
79636.9014,739.66
79636.9215,739.68
79636.9314,739.7
79636.9614,739.72
79636.9715,739.74
79636.9914,739.76
79637.0114,739.78
79637.0317,739.8
79637.0666,739.82
79637.0968,739.84
79637.1014,739.86
79637.1164,739.88
79637.1365,739.9
79637.1966,739.92
79637.2066,739.94
79637.2167,739.96
79637.2216,739.98
79637.2315,740.0
79637.2765,740.02
79637.2916,740.04
79637.2964,740.06
79637.3166,740.08
79637.3368,740.1
79637.3666,740.12
79637.3866,740.14
79637.4016,740.16
79637.4164,740.18
79637.4365,740.2
79637.4665,740.22
79637.4815,740.24
79637.4964,740.26
79637.5167,740.28
79637.5367,740.3
79637.5717,740.32
79637.6114,740.36
79637.6365,740.38
79637.6415,740.4
79637.6673,740.42
79637.6814,740.44
79637.7015,740.46
79637.7164,740.48
79637.7365,740.5
79637.7567,740.52
79637.7814,740.54
79637.8015,740.56
79637.8264,740.58
79637.8415,740.6
79637.8715,740.62
79637.8815,740.64
79637.9016,740.66
79637.9214,740.68
79637.9417,740.7
79637.9765,740.72
79637.9964,740.74
79638.0066,740.76
79638.0265,740.78
79638.0416,740.8
79638.0715,740.82
79638.0915,740.84
79638.1115,740.86
79638.1265,740.88
79638.1518,740.9
79638.1822,740.92
79638.1865,740.94
79638.2065,740.96
79638.2266,740.98
79638.2465,741.0
79638.2715,741.02
79638.2916,741.04
79638.3065,741.06
79638.3265,741.08
79638.3468,741.1
79638.3816,741.12
79638.3921,741.14
79638.4115,741.16
79638.4264,741.18
79638.4464,741.2
79638.4723,741.22
79638.4867,741.24
79638.512,741.26
79638.5265,741.28
79638.5515,741.3
79638.5766,741.32
79638.5918,741.34
79638.6215,741.36
79638.6315,741.38
79638.6514,741.4
79638.6716,741.42
79638.6967,741.44
79638.7165,741.46
79638.7317,741.48
79638.7615,741.5
79638.7867,741.52
79638.8015,741.54
79638.8165,741.56
79638.8365,741.58
79638.8568,741.6
79638.8768,741.62
79638.9114,741.64
79638.9165,741.66
79638.9314,741.68
79638.9517,741.7
79638.9815,741.72
79638.9964,741.74
79639.0165,741.76
79639.0366,741.78
79639.0619,741.8
79639.0819,741.82
79639.1017,741.84
79639.1217,741.86
79639.1365,741.88
79639.1615,741.9
79639.1821,741.92
79639.2015,741.94
79639.2215,741.96
79639.2367,741.98
79639.2565,742.0
79639.2816,742.02
79639.3065,742.04
79639.3214,742.06
79639.3414,742.08
79639.3665,742.1
79639.3867,742.12
79639.4164,742.14
79639.4264,742.16
79639.4467,742.18
79639.4616,742.2
79639.4915,742.22
79639.5166,742.24
79639.5215,742.26
79639.5464,742.28
79639.5665,742.3
79639.5815,742.32
79639.6215,742.34
79639.6265,742.36
79639.6465,742.38
79639.6717,742.4
79639.6969,742.42
79639.7165,742.44
79639.7265,742.46
79639.7464,742.48
79639.7717,742.5
79639.8014,742.52
79639.8114,742.54
79639.8267,742.56
79639.8465,742.58
79639.8714,742.6
79639.8916,742.62
79639.9116,742.64
79639.9415,742.66
79639.9564,742.68
79639.9665,742.7
79639.9916,742.72
79640.0164,742.74
79640.0366,742.76
79640.0617,742.78
79640.0815,742.8
79640.1065,742.82
79640.1315,742.84
79640.1465,742.86
79640.1715,742.88
79640.1914,742.9
79640.2166,742.92
79640.2314,742.94
79640.2515,742.96
79640.2664,742.98
79640.2864,743.0
79640.3166,743.02
79640.3315,743.04
79640.3515,743.06
79640.3665,743.08
79640.3914,743.1
79640.4317,743.12
79640.4466,743.14
79640.4564,743.16
79640.4714,743.18
79640.4967,743.2
79640.5167,743.22
79640.5366,743.24
79640.5514,743.26
79640.567,743.28
79640.5865,743.3
79640.6216,743.32
79640.6419,743.34
79640.6515,743.36
79640.6715,743.38
79640.6915,743.4
79640.7164,743.42
79640.7314,743.44
79640.7516,743.46
79640.7714,743.48
79640.7914,743.5
79640.8265,743.52
79640.8464,743.54
79640.8664,743.56
79640.8765,743.58
79640.8915,743.6
79640.9167,743.62
79640.9415,743.64
79640.9565,743.66
79640.9766,743.68
79640.9964,743.7
79641.0165,743.72
79641.0466,743.74
79641.0765,743.76
79641.0964,743.78
79641.1116,743.8
79641.1465,743.82
79641.1614,743.84
79641.1765,743.86
79641.1914,743.88
79641.2115,743.9
79641.2417,743.92
79641.2517,743.94
79641.2714,743.96
79641.2916,743.98
79641.3164,744.0
79641.3415,744.02
79641.3668,744.04
79641.3814,744.06
79641.4016,744.08
79641.4164,744.1
79641.4419,744.12
79641.4565,744.14
79641.4867,744.16
79641.4964,744.18
79641.5164,744.2
79641.5517,744.22
79641.5815,744.24
79641.5914,744.26
79641.6016,744.28
79641.6264,744.3
79641.6515,744.32
79641.6714,744.34
79641.6864,744.36
79641.7065,744.38
79641.7214,744.4
79641.7515,744.42
79641.7864,744.44
79641.7966,744.46
79641.8065,744.48
79641.8314,744.5
79641.8515,744.52
79641.8671,744.54
79641.8865,744.56
79641.9065,744.58
79641.9265,744.6
79642.0069,744.62
79642.0314,744.64
79642.0566,744.66
79642.0815,744.68
79642.0915,744.7
79642.1168,744.72
79642.1465,744.74
79642.1516,744.76
79642.1817,744.78
79642.1865,744.8
79642.2166,744.82
79642.2416,744.84
79642.2516,744.86
79642.2766,744.88
79642.2965,744.9
79642.3217,744.92
79642.3416,744.94
79642.3564,744.96
79642.3766,744.98
79642.3914,745.0
79642.4216,745.02
79642.4365,745.04
79642.4514,745.06
79642.4765,745.08
79642.4967,745.1
79642.5116,745.12
79642.5416,745.14
79642.5564,745.16
79642.5815,745.18
79642.5966,745.2
79642.6265,745.22
79642.6415,745.24
79642.6564,745.26
79642.6815,745.28
79642.6965,745.3
79642.7265,745.32
79642.7416,745.34
79642.7614,745.36
79642.7815,745.38
79642.8016,745.4
79642.8465,745.42
79642.8615,745.44
79642.8764,745.46
79642.8965,745.48
79642.9214,745.5
79642.9416,745.52
79642.9614,745.54
79642.9814,745.56
79642.9964,745.58
79643.0167,745.6
79643.0365,745.62
79643.0617,745.64
79643.0766,745.66
79643.1014,745.68
79643.1247,745.7
79643.1414,745.72
79643.1615,745.74
79643.1816,745.76
79643.2023,745.78
79643.2215,745.8
79643.2464,745.82
79643.2664,745.84
79643.2864,745.86
79643.3115,745.88
79643.3265,745.9
79643.3568,745.92
79643.3765,745.94
79643.4015,745.96
79643.4167,745.98
79643.4316,746.0
79643.4566,746.02
79643.4864,746.04
79643.5014,746.06
79643.5164,746.08
79643.5366,746.1
79643.5569,746.12
79643.5814,746.14
79643.5965,746.16
79643.6218,746.18
79643.6364,746.2
79643.6568,746.22
79643.6815,746.24
79643.7014,746.26
79643.7164,746.28
79643.7364,746.3
79643.7715,746.32
79643.7914,746.34
79643.8017,746.36
79643.8215,746.38
79643.8364,746.4
79643.8717,746.42
79643.8915,746.44
79643.9117,746.46
79643.9465,746.48
79643.9565,746.5
79643.9766,746.52
79643.9915,746.54
79644.0215,746.56
79644.0365,746.58
79644.0565,746.6
79644.1014,746.62
79644.1068,746.64
79644.1266,746.66
79644.1415,746.68
79644.1671,746.7
79644.1918,746.72
79644.2164,746.74
79644.2316,746.76
79644.2417,746.78
79644.2665,746.8
79644.2965,746.82
79644.3065,746.84
79644.3264,746.86
79644.3464,746.88
79644.3665,746.9
79644.4018,746.92
79644.4264,746.94
79644.4364,746.96
79644.4514,746.98
79644.4715,747.0
79644.4967,747.02
79644.5215,747.04
79644.5365,747.06
79644.5565,747.08
79644.5767,747.1
79644.6116,747.12
79644.6382,747.14
79644.6466,747.16
79644.6714,747.18
79644.6915,747.2
79644.7269,747.22
79644.7517,747.24
79644.7615,747.26
79644.7765,747.28
79644.7915,747.3
79644.8165,747.32
79644.8464,747.34
79644.8515,747.36
79644.8715,747.38
79644.8915,747.4
79644.9264,747.42
79644.9771,747.44
79644.9815,747.46
79645.0015,747.48
79645.0114,747.5
79645.0416,747.52
79645.0614,747.54
79645.0765,747.56
79645.0865,747.58
79645.1114,747.6
79645.1266,747.62
79645.1519,747.64
79645.1716,747.66
79645.1914,747.68
79645.2114,747.7
79645.2265,747.72
79645.2568,747.74
79645.2715,747.76
79645.2914,747.78
79645.3115,747.8
79645.333,747.82
79645.3517,747.84
79645.3721,747.86
79645.3919,747.88
79645.4117,747.9
79645.4317,747.92
79645.4565,747.94
79645.4715,747.96
79645.4964,747.98
79645.5165,748.0
79645.5317,748.02
79645.5669,748.04
79645.5766,748.06
79645.5964,748.08
79645.6164,748.1
79645.6314,748.12
79645.6566,748.14
79645.6866,748.16
79645.7014,748.18
79645.7114,748.2
79645.7468,748.22
79645.7666,748.24
79645.7821,748.26
79645.7969,748.28
79645.8216,748.3
79645.8515,748.32
79645.8615,748.34
79645.8865,748.36
79645.9015,748.38
79645.9215,748.4
79645.9415,748.42
79645.9865,748.44
79645.9915,748.46
79646.0065,748.48
79646.0314,748.5
79646.0565,748.52
79646.0818,748.54
79646.1016,748.56
79646.1165,748.58
79646.1315,748.6
79646.1668,748.62
79646.1765,748.64
79646.1914,748.66
79646.2115,748.68
79646.2315,748.7
79646.2515,748.72
79646.2765,748.74
79646.3016,748.76
79646.3166,748.78
79646.3316,748.8
79646.3565,748.82
79646.3866,748.84
79646.3964,748.86
79646.4215,748.88
79646.4415,748.9
79646.5167,748.92
79646.5477,748.94
79646.5531,748.96
79646.5864,748.98
79646.5965,749.0
79646.6116,749.02
79646.6315,749.04
79646.6564,749.06
79646.6815,749.08
79646.6965,749.1
79646.7216,749.12
79646.7364,749.14
79646.7615,749.16
79646.7764,749.18
79646.8015,749.2
79646.8264,749.22
79646.8415,749.24
79646.8616,749.26
79646.8814,749.28
79646.9014,749.3
79646.9164,749.32
79646.9416,749.34
79646.9665,749.36
79646.9814,749.38
79646.9964,749.4
79647.0564,749.42
79647.0667,749.44
79647.0869,749.46
79647.1071,749.48
79647.1218,749.5
79647.2565,749.52
79647.2764,749.54
79647.2966,749.56
79647.3165,749.58
79647.3365,749.6
79647.4016,749.62
79647.4415,749.64
79647.4664,749.66
79647.4714,749.68
79647.4866,749.7
79647.5117,749.72
79647.5215,749.74
79647.5419,749.76
79647.5618,749.78
79647.5865,749.8
79647.6017,749.82
79647.6264,749.84
79647.6414,749.86
79647.6615,749.88
79647.6819,749.9
79647.7167,749.92
79647.7364,749.94
79647.7516,749.96
79647.7614,749.98
79647.7814,750.0
79647.8016,750.02
79647.8215,750.04
79647.8416,750.06
79647.8615,750.08
79647.8814,750.1
79647.9364,750.12
79647.9664,750.14
79647.9765,750.16
79648.0017,750.18
79648.0165,750.2
79648.0514,750.22
79648.0724,750.24
79648.0865,750.26
79648.1166,750.28
79648.1318,750.3
79648.1568,750.32
79648.1866,750.34
79648.1965,750.36
79648.2217,750.38
79648.2367,750.4
79648.2615,750.42
79648.2869,750.44
79648.3019,750.46
79648.322,750.48
79648.3367,750.5
79648.3668,750.52
79648.3827,750.54
79648.4065,750.56
79648.4316,750.58
79648.4467,750.6
79648.4717,750.62
79648.4915,750.64
79648.5165,750.66
79648.5265,750.68
79648.5564,750.7
79648.5864,750.72
79648.6164,750.74
79648.6364,750.76
79648.6567,750.78
79648.6765,750.8
79648.7215,750.82
79648.7464,750.84
79648.7864,750.86
79648.7914,750.88
79648.8066,750.9
79648.8316,750.92
79648.8563,750.94
79648.8614,750.96
79648.8814,750.98
79648.9014,751.0
79648.9215,751.02
79648.9465,751.04
79648.9764,751.06
79648.9865,751.08
79649.0016,751.1
79649.0217,751.12
79649.0465,751.14
79649.0615,751.16
79649.0815,751.18
79649.1014,751.2
79649.1216,751.22
79649.1567,751.24
79649.1765,751.26
79649.1914,751.28
79649.2165,751.3
79649.2664,751.32
79649.2915,751.34
79649.3265,751.36
79649.3365,751.38
79649.3514,751.4
79649.4222,751.42
79649.4365,751.44
79649.4665,751.46
79649.4816,751.48
79649.5016,751.5
79649.5264,751.52
79649.5515,751.54
79649.5715,751.56
79649.6015,751.58
79649.6164,751.6
79649.6315,751.62
79649.6568,751.64
79649.6815,751.66
79649.6964,751.68
79649.7114,751.7
79649.7366,751.72
79649.7615,751.74
79649.7714,751.76
79649.7914,751.78
79649.8164,751.8
79649.8465,751.82
79649.8715,751.84
79649.8765,751.86
79649.8964,751.88
79649.9116,751.9
79649.9416,751.92
79649.9565,751.94
79649.9764,751.96
79649.9965,751.98
79650.0165,752.0
79650.0364,752.02
79650.0565,752.04
79650.0815,752.06
79650.1015,752.08
79650.1214,752.1
79650.1764,752.12
79650.2115,752.14
79650.2166,752.16
79650.2316,752.18
79650.2565,752.2
79650.2915,752.22
79650.3164,752.24
79650.3215,752.26
79650.3416,752.28
79650.3665,752.3
79650.3814,752.32
79650.4066,752.34
79650.4215,752.36
79650.4465,752.38
79650.4614,752.4
79650.4915,752.42
79650.5218,752.44
79650.5465,752.46
79650.5665,752.48
79650.5714,752.5
79650.6017,752.52
79650.6167,752.54
79650.6365,752.56
79650.6515,752.58
79650.6715,752.6
79650.7618,752.62
79650.7766,752.64
79650.7916,752.66
79650.8116,752.68
79650.8317,752.7
79650.8514,752.72
79650.8716,752.74
79650.9014,752.76
79650.9215,752.78
79650.9419,752.8
79650.9617,752.82
79650.9866,752.84
79651.0021,752.86
79651.0216,752.88
79651.0418,752.9
79651.0715,752.92
79651.0916,752.94
79651.1116,752.96
79651.1271,752.98
79651.1471,753.0
79651.1916,753.02
79651.1965,753.04
79651.2164,753.06
79651.2265,753.08
79651.2514,753.1
79651.2668,753.12
79651.2914,753.14
79651.3117,753.16
79651.3266,753.18
79651.3465,753.2
79651.3665,753.22
79651.3864,753.24
79651.4116,753.26
79651.4314,753.28
79651.4464,753.3
79651.4816,753.32
79651.4964,753.34
79651.5165,753.36
79651.5264,753.38
79651.5466,753.4
79651.5665,753.42
79651.5965,753.44
79651.6065,753.46
79651.6315,753.48
79651.6465,753.5
79651.7264,753.52
79651.7415,753.54
79651.7664,753.56
79651.7864,753.58
79651.8064,753.6
79651.8969,753.62
79651.9264,753.64
79651.9314,753.66
79651.9516,753.68
79651.9715,753.7
79652.0018,753.72
79652.0265,753.74
79652.0365,753.76
79652.0565,753.78
79652.0815,753.8
79652.1065,753.82
79652.1165,753.84
79652.1365,753.86
79652.1567,753.88
79652.1816,753.9
79652.1919,753.92
79652.2315,753.94
79652.2365,753.96
79652.2615,753.98
79652.2765,754.0
79652.3016,754.02
79652.3215,754.04
79652.3365,754.06
79652.3565,754.08
79652.3765,754.1
79652.3965,754.12
79652.4165,754.14
79652.4365,754.16
79652.4715,754.18
79652.4815,754.2
79652.5568,754.22
79652.5766,754.24
79652.5964,754.26
79652.6214,754.28
79652.6364,754.3
79652.6715,754.32
79652.687,754.34
79652.6973,754.36
79652.7167,754.38
79652.7365,754.4
79652.7666,754.42
79652.7915,754.44
79652.7966,754.46
79652.8164,754.48
79652.8366,754.5
79652.8717,754.52
79652.8818,754.54
79652.9014,754.56
79652.9214,754.58
79652.9366,754.6
79652.9665,754.62
79652.9916,754.64
79653.0015,754.66
79653.0165,754.68
79653.0365,754.7
79653.0664,754.72
79653.0864,754.74
79653.1014,754.76
79653.1164,754.78
79653.1417,754.8
79653.1677,754.82
79653.1865,754.84
79653.2015,754.86
79653.2214,754.88
79653.2415,754.9
79653.2666,754.92
79653.2866,754.94
79653.3018,754.96
79653.3215,754.98
79653.3415,755.0
79653.3615,755.02
79653.3865,755.04
79653.4115,755.06
79653.4315,755.08
79653.4414,755.1
79653.4667,755.12
79653.4864,755.14
79653.5066,755.16
79653.5366,755.18
79653.5416,755.2
79653.5665,755.22
79653.6019,755.24
79653.6065,755.26
79653.6264,755.28
79653.6565,755.3
79653.6967,755.32
79653.7216,755.34
79653.7365,755.36
79653.7564,755.38
79653.7764,755.4
79653.8064,755.42
79653.8215,755.44
79653.8415,755.46
79653.8565,755.48
79653.8815,755.5
79653.9115,755.52
79653.9265,755.54
79653.9464,755.56
79653.9667,755.58
79653.9816,755.6
79654.0066,755.62
79654.0414,755.64
79654.0515,755.66
79654.0714,755.68
79654.0914,755.7
79654.1165,755.72
79654.1414,755.74
79654.1514,755.76
79654.1715,755.78
79654.1915,755.8
79654.2166,755.82
79654.2414,755.84
79654.2514,755.86
79654.2767,755.88
79654.2915,755.9
79654.3365,755.92
79654.3465,755.94
79654.3565,755.96
79654.3714,755.98
79654.3964,756.0
79654.4214,756.02
79654.4364,756.04
79654.4564,756.06
79654.4764,756.08
79654.4965,756.1
79654.5216,756.12
79654.5466,756.14
79654.5565,756.16
79654.5817,756.18
79654.5964,756.2
79654.6265,756.22
79654.6465,756.24
79654.6582,756.26
79654.684,756.28
79654.6973,756.3
79654.7363,756.32
79654.7464,756.34
79654.7664,756.36
79654.7814,756.38
79654.7966,756.4
79654.8223,756.42
79654.8416,756.44
79654.8614,756.46
79654.8814,756.48
79654.8964,756.5
79654.9264,756.52
79654.9565,756.54
79654.9664,756.56
79654.9864,756.58
79655.0165,756.6
79655.0265,756.62
79655.0464,756.64
79655.0718,756.66
79655.0964,756.68
79655.1064,756.7
79655.1566,756.72
79655.1916,756.74
79655.197,756.76
79655.2164,756.78
79655.2365,756.8
79655.2566,756.82
79655.2815,756.84
79655.3017,756.86
79655.3167,756.88
79655.3372,756.9
79655.3616,756.92
79655.3916,756.94
79655.4064,756.96
79655.422,756.98
79655.4416,757.0
79655.4666,757.02
79655.4865,757.04
79655.5015,757.06
79655.5215,757.08
79655.5415,757.1
79655.5765,757.12
79655.5914,757.14
79655.6114,757.16
79655.6315,757.18
79655.6467,757.2
79655.6716,757.22
79655.6865,757.24
79655.7215,757.26
79655.7364,757.28
79655.7515,757.3
79655.7714,757.32
79655.7914,757.34
79655.8165,757.36
79655.8315,757.38
79655.8614,757.4
79655.8914,757.42
79655.9365,757.44
79655.9516,757.46
79655.9814,757.48
79655.9865,757.5
79656.0117,757.52
79656.0265,757.54
79656.0364,757.56
79656.0568,757.58
79656.0772,757.6
79656.1018,757.62
79656.1166,757.64
79656.1365,757.66
79656.1567,757.68
79656.1865,757.7
79656.2317,757.72
79656.2515,757.74
79656.2863,757.76
79656.2965,757.78
79656.3114,757.8
79656.3316,757.82
79656.3515,757.84
79656.3866,757.86
79656.3915,757.88
79656.4115,757.9
79656.4368,757.92
79656.4514,757.94
79656.4767,757.96
79656.4915,757.98
79656.5165,758.0
79656.5534,758.02
79656.5817,758.04
79656.5865,758.06
79656.5966,758.08
79656.6168,758.1
79656.6369,758.12
79656.6715,758.14
79656.6864,758.16
79656.6964,758.18
79656.7164,758.2
79656.7465,758.22
79656.7714,758.24
79656.7764,758.26
79656.7964,758.28
79656.8164,758.3
79656.8366,758.32
79656.8565,758.34
79656.8769,758.36
79656.8964,758.38
79656.9215,758.4
79656.9417,758.42
79656.9664,758.44
79656.9765,758.46
79657.0014,758.48
79657.0167,758.5
79657.0417,758.52
79657.0664,758.54
79657.0815,758.56
79657.1014,758.58
79657.1164,758.6
79657.1417,758.62
79657.1615,758.64
79657.1814,758.66
79657.2014,758.68
79657.2214,758.7
79657.2567,758.72
79657.2814,758.74
79657.2965,758.76
79657.317,758.78
79657.3415,758.8
79657.3766,758.82
79657.3914,758.84
79657.4017,758.86
79657.4164,758.88
79657.4365,758.9
79657.4616,758.92
79657.4767,758.94
79657.5065,758.96
79657.5214,758.98
79657.5366,759.0
79657.562,759.02
79657.5816,759.04
79657.5969,759.06
79657.6214,759.08
79657.6415,759.1
79657.6667,759.12
79657.6864,759.14
79657.7164,759.16
79657.7215,759.18
79657.7517,759.2
79657.7666,759.22
79657.7915,759.24
79657.8064,759.26
79657.8214,759.28
79657.8415,759.3
79657.8765,759.32
79657.8967,759.34
79657.9165,759.36
79657.9314,759.38
79657.952,759.4
79657.9673,759.42
79657.9917,759.44
79658.0215,759.46
79658.0316,759.48
79658.0516,759.5
79658.0766,759.52
79658.0966,759.54
79658.1114,759.56
79658.1323,759.58
79658.1567,759.6
79658.1765,759.62
79658.1966,759.64
79658.2164,759.66
79658.2316,759.68
79658.2566,759.7
79658.2766,759.72
79658.3015,759.74
79658.3115,759.76
79658.3314,759.78
79658.3517,759.8
79658.3716,759.82
79658.3919,759.84
79658.4216,759.86
79658.4414,759.88
79658.4565,759.9
79658.4815,759.92
79658.4965,759.94
79658.5164,759.96
79658.5364,759.98
79658.5616,760.0
79658.5965,760.02
79658.6015,760.04
79658.6214,760.06
79658.6415,760.08
79658.6566,760.1
79658.6867,760.12
79658.7116,760.14
79658.7218,760.16
79658.7467,760.18
79658.7668,760.2
79658.7866,760.22
79658.8165,760.24
79658.8214,760.26
79658.8415,760.28
79658.8615,760.3
79658.8866,760.32
79658.9015,760.34
79658.9265,760.36
79658.9465,760.38
79658.9665,760.4
79658.9864,760.42
79659.0015,760.44
79659.0365,760.46
79659.0465,760.48
79659.0664,760.5
79659.0917,760.52
79659.1115,760.54
79659.1265,760.56
79659.1464,760.58
79659.1716,760.6
79659.1915,760.62
79659.2065,760.64
79659.2365,760.66
79659.2465,760.68
79659.2715,760.7
79659.2969,760.72
79659.3114,760.74
79659.3314,760.76
79659.3515,760.78
79659.3764,760.8
79659.3914,760.82
79659.4215,760.84
79659.4414,760.86
79659.4566,760.88
79659.4764,760.9
79659.5016,760.92
79659.5166,760.94
79659.5364,760.96
79659.5566,760.98
79659.5822,761.0
79659.6115,761.02
79659.6168,761.04
79659.6414,761.06
79659.6717,761.08
79659.6916,761.1
79659.7116,761.12
79659.7315,761.14
79659.7465,761.16
79659.7664,761.18
79659.7815,761.2
79659.8121,761.22
79659.8215,761.24
79659.8464,761.26
79659.8619,761.28
79659.8878,761.3
79659.9165,761.32
79659.9266,761.34
79659.9515,761.36
79659.9614,761.38
79659.9965,761.4
79660.0064,761.42
79660.0316,761.44
79660.0466,761.46
79660.0665,761.48
79660.0815,761.5
79660.1167,761.52
79660.1315,761.54
79660.1464,761.56
79660.1719,761.58
79660.1864,761.6
79660.2165,761.62
79660.2364,761.64
79660.2465,761.66
79660.2665,761.68
79660.2866,761.7
79660.3166,761.72
79660.3365,761.74
79660.3465,761.76
79660.3664,761.78
79660.3915,761.8
79660.4115,761.82
79660.4265,761.84
79660.4564,761.86
79660.4716,761.88
79660.4865,761.9
79660.5316,761.92
79660.5515,761.94
79660.5714,761.96
79660.5915,761.98
79660.6116,762.0
79660.6265,762.02
79660.6515,762.04
79660.6765,762.06
79660.6916,762.08
79660.7115,762.1
79660.7317,762.12
79660.7516,762.14
79660.7773,762.16
79660.7964,762.18
79660.8115,762.2
79660.8264,762.22
79660.8466,762.24
79660.8765,762.26
79660.8914,762.28
79660.9115,762.3
79660.9417,762.32
79660.952,762.34
79660.9723,762.36
79660.9965,762.38
79661.0116,762.4
79661.0416,762.42
79661.0615,762.44
79661.0766,762.46
79661.1015,762.48
79661.1165,762.5
79661.1369,762.52
79661.1617,762.54
79661.1714,762.56
79661.1915,762.58
79661.2115,762.6
79661.2415,762.62
79661.2613,762.64
79661.2914,762.66
79661.2965,762.68
79661.3215,762.7
79661.3414,762.72
79661.3664,762.74
79661.3764,762.76
79661.3964,762.78
79661.4164,762.8
79661.4365,762.82
79661.4614,762.84
79661.4864,762.86
79661.5014,762.88
79661.5217,762.9
79661.5416,762.92
79661.5615,762.94
79661.5868,762.96
79661.6019,762.98
79661.6165,763.0
79661.6518,763.02
79661.6714,763.04
79661.6816,763.06
79661.7016,763.08
79661.7221,763.1
79661.7465,763.12
79661.7666,763.14
79661.7814,763.16
79661.8016,763.18
79661.8217,763.2
79661.8515,763.22
79661.8764,763.24
79661.8815,763.26
79661.9015,763.28
79661.9264,763.3
79661.9363,763.32
79661.9714,763.34
79661.9866,763.36
79662.0017,763.38
79662.0214,763.4
79662.0414,763.42
79662.0616,763.44
79662.0866,763.46
79662.1065,763.48
79662.1365,763.5
79662.2064,763.52
79662.2265,763.54
79662.2565,763.56
79662.2865,763.58
79662.2914,763.6
79662.3166,763.62
79662.3414,763.64
79662.3564,763.66
79662.3814,763.68
79662.4015,763.7
79662.4167,763.72
79662.4315,763.74
79662.4615,763.76
79662.4715,763.78
79662.4915,763.8
79662.5165,763.82
79662.5366,763.84
79662.5564,763.86
79662.5815,763.88
79662.6015,763.9
79662.6618,763.92
79662.6665,763.94
79662.6915,763.96
79662.7064,763.98
79662.7265,764.0
79662.7515,764.02
79662.7865,764.04
79662.7964,764.06
79662.8065,764.08
79662.8315,764.1
79662.8565,764.12
79662.8715,764.14
79662.8915,764.16
79662.9114,764.18
79662.9314,764.2
79662.9565,764.22
79662.9714,764.24
79662.9915,764.26
79663.0164,764.28
79663.0314,764.3
79663.0565,764.32
79663.0914,764.34
79663.0964,764.36
79663.1215,764.38
79663.1314,764.4
79663.1614,764.42
79663.1714,764.44
79663.1916,764.46
79663.2114,764.48
79663.2316,764.5
79663.2514,764.52
79663.2767,764.54
79663.2967,764.56
79663.3164,764.58
79663.3314,764.6
79663.3517,764.62
79663.3717,764.64
79663.4014,764.66
79663.4166,764.68
79663.4314,764.7
79663.4567,764.72
79663.4765,764.74
79663.4914,764.76
79663.5164,764.78
79663.5316,764.8
79663.5564,764.82
79663.5714,764.84
79663.6015,764.86
79663.6114,764.88
79663.6315,764.9
79663.6516,764.92
79663.6716,764.94
79663.7015,764.96
79663.7265,764.98
79663.7364,765.0
79663.7665,765.02
79663.7766,765.04
79663.8014,765.06
79663.8164,765.08
79663.8365,765.1
79663.8615,765.12
79663.8917,765.14
79663.8968,765.16
79663.9165,765.18
79663.9365,765.2
79663.9615,765.22
79663.9865,765.24
79664.0014,765.26
79664.0166,765.28
79664.0366,765.3
79664.0615,765.32
79664.0866,765.34
79664.1015,765.36
79664.1214,765.38
79664.1466,765.4
79664.1717,765.42
79664.1865,765.44
79664.2065,765.46
79664.2214,765.48
79664.2466,765.5
79664.2665,765.52
79664.2916,765.54
79664.3118,765.56
79664.3265,765.58
79664.3516,765.6
79664.3717,765.62
79664.3866,765.64
79664.4114,765.66
79664.4264,765.68
79664.4516,765.7
79664.4765,765.72
79664.4965,765.74
79664.5116,765.76
79664.5264,765.78
79664.5515,765.8
79664.5815,765.82
79664.5966,765.84
79664.6115,765.86
79664.6314,765.88
79664.6515,765.9
79664.6814,765.92
79664.6964,765.94
79664.7116,765.96
79664.7315,765.98
79664.7515,766.0
79664.7716,766.02
79664.8014,766.04
79664.8114,766.06
79664.8314,766.08
79664.8515,766.1
79664.8721,766.12
79664.9119,766.14
79664.9218,766.16
79664.9364,766.18
79664.9515,766.2
79664.9765,766.22
79664.9967,766.24
79665.0167,766.26
79665.0365,766.28
79665.0666,766.3
79665.0765,766.32
79665.0965,766.34
79665.1169,766.36
79665.1367,766.38
79665.1618,766.4
79665.1816,766.42
79665.1964,766.44
79665.2215,766.46
79665.2414,766.48
79665.2564,766.5
79665.2865,766.52
79665.3066,766.54
79665.3165,766.56
79665.3365,766.58
79665.3564,766.6
79665.3866,766.62
79665.4015,766.64
79665.4314,766.66
79665.4364,766.68
79665.4565,766.7
79665.4766,766.72
79665.5216,766.74
79665.5315,766.76
79665.5364,766.78
79665.5564,766.8
79665.5816,766.82
79665.6015,766.84
79665.6264,766.86
79665.6415,766.88
79665.6614,766.9
79665.6865,766.92
79665.7164,766.94
79665.7267,766.96
79665.7415,766.98
79665.7627,767.0
79665.7817,767.02
79665.8066,767.04
79665.8266,767.06
79665.8415,767.08
79665.8714,767.1
79665.8916,767.12
79665.9164,767.14
79665.9269,767.16
79665.9464,767.18
79665.9716,767.2
79665.9916,767.22
79666.0064,767.24
79666.0264,767.26
79666.0521,767.28
79666.0718,767.3
79666.0966,767.32
79666.1068,767.34
79666.1316,767.36
79666.1468,767.38
79666.1665,767.4
79666.1914,767.42
79666.2115,767.44
79666.2265,767.46
79666.2464,767.48
79666.2664,767.5
79666.2965,767.52
79666.3165,767.54
79666.3264,767.56
79666.3466,767.58
79666.3665,767.6
79666.3865,767.62
79666.4115,767.64
79666.4314,767.66
79666.4515,767.68
79666.4772,767.7
79666.4965,767.72
79666.5166,767.74
79666.5265,767.76
79666.5464,767.78
79666.5664,767.8
79666.5965,767.82
79666.6186,767.84
79666.6314,767.86
79666.6538,767.88
79666.6715,767.9
79666.6967,767.92
79666.7114,767.94
79666.7365,767.96
79666.7515,767.98
79666.7719,768.0
79666.8016,768.02
79666.8216,768.04
79666.8367,768.06
79666.8565,768.08
79666.8714,768.1
79666.9019,768.12
79666.9164,768.14
79666.9365,768.16
79666.9565,768.18
79666.9868,768.2
79667.0016,768.22
79667.0166,768.24
79667.0364,768.26
79667.0564,768.28
79667.0765,768.3
79667.1065,768.32
79667.1165,768.34
79667.1415,768.36
79667.1614,768.38
79667.1815,768.4
79667.2018,768.42
79667.2314,768.44
79667.2464,768.46
79667.2615,768.48
79667.2813,768.5
79667.3115,768.52
79667.3266,768.54
79667.3464,768.56
79667.3615,768.58
79667.3814,768.6
79667.4165,768.62
79667.4315,768.64
79667.4515,768.66
79667.4715,768.68
79667.4967,768.7
79667.5115,768.72
79667.5314,768.74
79667.5564,768.76
79667.5764,768.78
79667.6019,768.8
79667.6214,768.82
79667.6367,768.84
79667.6564,768.86
79667.6715,768.88
79667.6964,768.9
79667.7214,768.92
79667.7414,768.94
79667.7565,768.96
79667.7765,768.98
79667.7964,769.0
79667.8267,769.02
79667.8468,769.04
79667.8571,769.06
79667.8866,769.08
79667.9015,769.1
79667.9214,769.12
79667.9417,769.14
79667.9614,769.16
79667.9822,769.18
79668.0015,769.2
79668.0316,769.22
79668.0515,769.24
79668.062,769.26
79668.0866,769.28
79668.1066,769.3
79668.1464,769.32
79668.1564,769.34
79668.1714,769.36
79668.2023,769.38
79668.2119,769.4
79668.2366,769.42
79668.2568,769.44
79668.2715,769.46
79668.2964,769.48
79668.3114,769.5
79668.3315,769.52
79668.3515,769.54
