wall_s,sim_s,cloud_stamp_s,cloud_age_ms,odom_stamp_s,odom_age_ms,cloud_interval_ms,odom_interval_ms,transform_available,transform_latency_ms,cloud_points
0.0,0.0,4809.8,30.0,4809.82,10.0,,20.0,0,,10240
0.101,0.094,4809.9,24.0,4809.92,4.0,100.0,20.0,1,0.0,10240
0.202,0.201,4810.0,31.0,4810.02,11.0,100.0,20.0,1,-20.0,10240
0.304,0.294,4810.1,24.0,4810.12,4.0,100.0,20.0,1,0.0,10240
0.403,0.398,4810.2,28.0,4810.22,8.0,100.0,20.0,1,-20.0,10240
0.5,0.499,4810.3,29.0,4810.32,9.0,100.0,20.0,1,-20.0,10240
0.599,0.592,4810.4,22.0,4810.42,2.0,100.0,20.0,1,0.0,10240
0.703,0.697,4810.5,27.0,4810.52,7.0,100.0,20.0,1,-20.0,10240
0.803,0.799,4810.6,29.0,4810.62,9.0,100.0,20.0,1,-20.0,10240
0.898,0.898,4810.7,28.0,4810.72,8.0,100.0,20.0,1,0.0,10240
1.014,1.007,4810.8,37.0,4810.82,17.0,100.0,20.0,1,-20.0,10240
1.1,1.094,4810.9,24.0,4810.92,4.0,100.0,20.0,1,0.0,10240
1.204,1.195,4811.0,25.0,4811.02,5.0,100.0,20.0,1,-20.0,10240
1.321,1.298,4811.1,28.0,4811.12,8.0,100.0,20.0,1,-20.0,10240
1.418,1.396,4811.2,26.0,4811.22,6.0,100.0,20.0,1,0.0,10240
1.525,1.5,4811.3,30.0,4811.32,10.0,100.0,20.0,1,-20.0,10240
1.623,1.601,4811.4,31.0,4811.42,11.0,100.0,20.0,1,-20.0,10240
1.726,1.702,4811.5,32.0,4811.52,12.0,100.0,20.0,1,-20.0,10240
1.829,1.797,4811.6,27.0,4811.62,7.0,100.0,20.0,1,-20.0,10240
1.927,1.907,4811.7,37.0,4811.72,17.0,100.0,20.0,1,-20.0,10240
2.028,2.007,4811.8,37.0,4811.82,17.0,100.0,20.0,1,-20.0,10240
2.123,2.098,4811.9,28.0,4811.92,8.0,100.0,20.0,1,-20.0,10240
2.227,2.196,4812.0,26.0,4812.02,6.0,100.0,20.0,1,-20.0,10240
2.321,2.304,4812.1,34.0,4812.12,14.0,100.0,20.0,1,-20.0,10240
2.422,2.399,4812.2,29.0,4812.22,9.0,100.0,20.0,1,-20.0,10240
2.529,2.51,4812.3,40.0,4812.32,20.0,100.0,20.0,1,-20.0,10240
2.626,2.606,4812.4,36.0,4812.42,16.0,100.0,20.0,1,0.0,10240
2.744,2.701,4812.5,31.0,4812.52,11.0,100.0,20.0,1,-20.0,10240
2.838,2.801,4812.6,31.0,4812.62,11.0,100.0,20.0,1,-20.0,10240
2.928,2.907,4812.7,37.0,4812.72,17.0,100.0,20.0,0,20.0,10240
3.034,3.007,4812.8,37.0,4812.82,17.0,100.0,20.0,0,40.0,10240
3.126,3.105,4812.9,35.0,4812.92,15.0,100.0,20.0,0,40.0,10240
3.226,3.201,4813.0,31.0,4813.02,11.0,100.0,20.0,0,60.0,10240
3.327,3.307,4813.1,37.0,4813.12,17.0,100.0,20.0,0,60.0,10240
3.428,3.407,4813.2,37.0,4813.22,17.0,100.0,20.0,0,120.0,10240
3.54,3.499,4813.3,29.0,4813.32,9.0,100.0,20.0,1,0.0,10240
3.634,3.598,4813.4,28.0,4813.42,8.0,100.0,20.0,1,0.0,10240
3.732,3.705,4813.5,35.0,4813.52,15.0,100.0,20.0,0,40.0,10240
3.833,3.807,4813.6,37.0,4813.62,17.0,100.0,20.0,0,60.0,10240
3.933,3.906,4813.7,36.0,4813.72,16.0,100.0,20.0,0,80.0,10240
4.033,4.006,4813.8,36.0,4813.82,16.0,100.0,20.0,0,80.0,10240
4.142,4.103,4813.9,33.0,4813.92,13.0,100.0,20.0,1,0.0,10240
4.256,4.212,4814.0,42.0,4814.04,2.0,100.0,20.0,1,-20.0,10240
4.338,4.304,4814.1,34.0,4814.12,14.0,100.0,20.0,1,-20.0,10240
4.448,4.406,4814.2,36.0,4814.22,16.0,100.0,20.0,1,-20.0,10240
4.535,4.505,4814.3,35.0,4814.32,15.0,100.0,20.0,0,20.0,10240
4.635,4.596,4814.4,26.0,4814.42,6.0,100.0,20.0,0,60.0,10240
4.74,4.697,4814.5,27.0,4814.52,7.0,100.0,20.0,0,80.0,10240
4.836,4.796,4814.6,26.0,4814.62,6.0,100.0,20.0,0,20.0,10240
4.938,4.902,4814.7,32.0,4814.72,12.0,100.0,20.0,1,-20.0,10240
5.041,4.999,4814.8,29.0,4814.82,9.0,100.0,20.0,1,-20.0,10240
5.139,5.108,4814.9,38.0,4814.92,18.0,100.0,20.0,1,0.0,10240
5.247,5.21,4815.0,40.0,4815.02,20.0,100.0,20.0,1,0.0,10240
5.342,5.312,4815.1,42.0,4815.14,2.0,100.0,20.0,1,0.0,10240
5.436,5.406,4815.2,36.0,4815.22,16.0,100.0,20.0,0,60.0,10240
5.538,5.508,4815.3,38.0,4815.32,18.0,100.0,20.0,0,100.0,10240
5.636,5.594,4815.4,24.0,4815.42,4.0,100.0,20.0,0,60.0,10240
5.739,5.7,4815.5,30.0,4815.52,10.0,100.0,20.0,1,0.0,10240
5.846,5.805,4815.6,35.0,4815.62,15.0,100.0,20.0,0,20.0,10240
5.941,5.904,4815.7,34.0,4815.72,14.0,100.0,20.0,0,60.0,10240
6.042,6.01,4815.8,40.0,4815.84,0.0,100.0,20.0,0,100.0,10240
6.14,6.101,4815.9,31.0,4815.92,11.0,100.0,20.0,0,60.0,10240
6.242,6.209,4816.0,39.0,4816.02,19.0,100.0,20.0,0,100.0,10240
6.336,6.292,4816.1,22.0,4816.12,2.0,100.0,20.0,0,20.0,10240
6.448,6.414,4816.2,44.0,4816.24,4.0,100.0,20.0,1,-20.0,10240
6.536,6.494,4816.3,24.0,4816.32,4.0,100.0,20.0,1,0.0,10240
6.646,6.597,4816.4,27.0,4816.42,7.0,100.0,20.0,1,-20.0,10240
6.744,6.707,4816.5,37.0,4816.52,17.0,100.0,20.0,1,-20.0,10240
6.846,6.8,4816.6,30.0,4816.62,10.0,100.0,20.0,1,-20.0,10240
6.942,6.892,4816.7,22.0,4816.72,2.0,100.0,20.0,1,-20.0,10240
7.048,6.995,4816.8,25.0,4816.82,5.0,100.0,20.0,1,-20.0,10240
7.144,7.095,4816.9,25.0,4816.92,5.0,100.0,20.0,1,-20.0,10240
7.252,7.203,4817.0,33.0,4817.02,13.0,100.0,20.0,1,-20.0,10240
7.34,7.298,4817.1,28.0,4817.12,8.0,100.0,20.0,1,0.0,10240
7.446,7.409,4817.2,39.0,4817.22,19.0,100.0,20.0,1,0.0,10240
7.543,7.499,4817.3,29.0,4817.32,9.0,100.0,20.0,0,60.0,10240
7.646,7.605,4817.4,35.0,4817.42,15.0,100.0,20.0,0,80.0,10240
7.743,7.697,4817.5,27.0,4817.52,7.0,100.0,20.0,1,0.0,10240
7.85,7.799,4817.6,29.0,4817.62,9.0,100.0,20.0,1,-20.0,10240
7.943,7.906,4817.7,36.0,4817.72,16.0,100.0,20.0,1,-20.0,10240
8.046,7.997,4817.8,27.0,4817.82,7.0,100.0,20.0,1,-20.0,10240
8.144,8.096,4817.9,26.0,4817.92,6.0,100.0,20.0,1,0.0,10240
8.25,8.197,4818.0,27.0,4818.02,7.0,100.0,20.0,1,-20.0,10240
8.348,8.307,4818.1,37.0,4818.12,17.0,100.0,20.0,1,-20.0,10240
8.445,8.399,4818.2,29.0,4818.22,9.0,100.0,20.0,1,-20.0,10240
8.552,8.496,4818.3,26.0,4818.32,6.0,100.0,20.0,1,0.0,10240
8.653,8.595,4818.4,25.0,4818.42,5.0,100.0,20.0,1,0.0,10240
8.758,8.699,4818.5,29.0,4818.52,9.0,100.0,20.0,1,-20.0,10240
8.858,8.806,4818.6,36.0,4818.62,16.0,100.0,20.0,1,-20.0,10240
8.954,8.897,4818.7,27.0,4818.72,7.0,100.0,20.0,1,0.0,10240
9.057,8.997,4818.8,27.0,4818.82,7.0,100.0,20.0,1,-20.0,10240
9.152,9.095,4818.9,25.0,4818.92,5.0,100.0,20.0,1,0.0,10240
9.269,9.217,4819.0,47.0,4819.04,7.0,100.0,20.0,1,-20.0,10240
9.355,9.305,4819.1,35.0,4819.12,15.0,100.0,20.0,1,0.0,10240
9.458,9.404,4819.2,34.0,4819.22,14.0,100.0,20.0,1,-20.0,10240
9.558,9.493,4819.3,23.0,4819.32,3.0,100.0,20.0,1,0.0,10240
9.659,9.608,4819.4,38.0,4819.42,18.0,100.0,20.0,0,20.0,10240
9.766,9.704,4819.5,34.0,4819.52,14.0,100.0,20.0,0,40.0,10240
9.857,9.805,4819.6,35.0,4819.62,15.0,100.0,20.0,0,80.0,10240
9.958,9.902,4819.7,32.0,4819.72,12.0,100.0,20.0,0,20.0,10240
10.058,9.999,4819.8,29.0,4819.82,9.0,100.0,20.0,1,0.0,10240
10.157,10.101,4819.9,31.0,4819.92,11.0,100.0,20.0,0,40.0,10240
10.264,10.207,4820.0,37.0,4820.02,17.0,100.0,20.0,0,40.0,10240
10.356,10.297,4820.1,27.0,4820.12,7.0,100.0,20.0,0,20.0,10240
10.469,10.394,4820.2,24.0,4820.22,4.0,100.0,20.0,1,-20.0,10240
10.562,10.506,4820.3,36.0,4820.32,16.0,100.0,20.0,1,0.0,10240
10.67,10.6,4820.4,30.0,4820.42,10.0,100.0,20.0,1,-20.0,10240
10.769,10.707,4820.5,37.0,4820.52,17.0,100.0,20.0,1,-20.0,10240
10.882,10.804,4820.6,34.0,4820.62,14.0,100.0,20.0,1,-20.0,10240
10.974,10.9,4820.7,30.0,4820.72,10.0,100.0,20.0,1,-20.0,10240
11.075,10.994,4820.8,24.0,4820.82,4.0,100.0,20.0,1,0.0,10240
11.174,11.101,4820.9,31.0,4820.92,11.0,100.0,20.0,1,-20.0,10240
11.28,11.201,4821.0,31.0,4821.02,11.0,100.0,20.0,1,-20.0,10240
11.375,11.295,4821.1,25.0,4821.12,5.0,100.0,20.0,1,0.0,10240
11.476,11.392,4821.2,22.0,4821.22,2.0,100.0,20.0,1,0.0,10240
11.577,11.502,4821.3,32.0,4821.32,12.0,100.0,20.0,1,-20.0,10240
11.684,11.594,4821.4,24.0,4821.42,4.0,100.0,20.0,1,-20.0,10240
11.782,11.7,4821.5,30.0,4821.52,10.0,100.0,20.0,1,0.0,10240
11.883,11.796,4821.6,26.0,4821.62,6.0,100.0,20.0,1,-20.0,10240
11.984,11.897,4821.7,27.0,4821.72,7.0,100.0,20.0,1,-20.0,10240
12.084,12.008,4821.8,38.0,4821.82,18.0,100.0,20.0,1,-20.0,10240
12.188,12.106,4821.9,36.0,4821.92,16.0,100.0,20.0,1,-20.0,10240
12.283,12.198,4822.0,28.0,4822.02,8.0,100.0,20.0,1,-20.0,10240
12.395,12.303,4822.1,33.0,4822.12,13.0,100.0,20.0,1,-20.0,10240
12.482,12.407,4822.2,37.0,4822.22,17.0,100.0,20.0,1,-20.0,10240
12.585,12.505,4822.3,35.0,4822.32,15.0,100.0,20.0,1,-20.0,10240
12.688,12.607,4822.4,37.0,4822.42,17.0,100.0,20.0,1,-20.0,10240
12.787,12.703,4822.5,33.0,4822.52,13.0,100.0,20.0,1,-20.0,10240
12.888,12.795,4822.6,25.0,4822.62,5.0,100.0,20.0,1,-20.0,10240
12.986,12.888,4822.7,18.0,4822.7,18.0,100.0,20.0,1,0.0,10240
13.092,12.997,4822.8,27.0,4822.82,7.0,100.0,20.0,1,0.0,10240
13.198,13.098,4822.9,28.0,4822.92,8.0,100.0,20.0,1,-20.0,10240
13.295,13.205,4823.0,35.0,4823.02,15.0,100.0,20.0,1,-20.0,10240
13.395,13.303,4823.1,33.0,4823.12,13.0,100.0,20.0,1,0.0,10240
13.494,13.403,4823.2,33.0,4823.22,13.0,100.0,20.0,1,-20.0,10240
13.59,13.493,4823.3,23.0,4823.32,3.0,100.0,20.0,1,0.0,10240
13.696,13.601,4823.4,31.0,4823.42,11.0,100.0,20.0,1,-20.0,10240
13.811,13.693,4823.5,23.0,4823.52,3.0,100.0,20.0,1,-20.0,10240
13.895,13.797,4823.6,27.0,4823.62,7.0,100.0,20.0,1,-20.0,10240
13.996,13.895,4823.7,25.0,4823.72,5.0,100.0,20.0,1,-20.0,10240
14.127,13.994,4823.8,24.0,4823.82,4.0,100.0,20.0,1,0.0,10240
14.21,14.115,4823.9,45.0,4823.94,5.0,100.0,20.0,1,0.0,10240
14.304,14.202,4824.0,32.0,4824.02,12.0,100.0,20.0,0,20.0,10240
14.406,14.304,4824.1,34.0,4824.12,14.0,100.0,20.0,0,40.0,10240
14.516,14.415,4824.2,45.0,4824.24,5.0,100.0,20.0,0,40.0,10240
14.61,14.509,4824.3,39.0,4824.32,19.0,100.0,20.0,0,80.0,10240
14.705,14.603,4824.4,33.0,4824.42,13.0,100.0,20.0,0,100.0,10240
14.811,14.695,4824.5,25.0,4824.52,5.0,100.0,20.0,0,20.0,10240
14.92,14.818,4824.6,48.0,4824.64,8.0,100.0,20.0,1,-20.0,10240
15.016,14.901,4824.7,31.0,4824.72,11.0,100.0,20.0,1,-20.0,10240
15.107,15.001,4824.8,31.0,4824.82,11.0,100.0,20.0,0,20.0,10240
15.215,15.111,4824.9,41.0,4824.92,21.0,100.0,20.0,0,60.0,10240
15.307,15.197,4825.0,27.0,4825.02,7.0,100.0,20.0,0,80.0,10240
15.414,15.304,4825.1,34.0,4825.12,14.0,100.0,20.0,0,80.0,10240
15.517,15.411,4825.2,41.0,4825.22,21.0,100.0,20.0,0,60.0,10240
15.626,15.5,4825.3,30.0,4825.32,10.0,100.0,20.0,1,0.0,10240
15.717,15.602,4825.4,32.0,4825.42,12.0,100.0,20.0,0,20.0,10240
15.816,15.711,4825.5,41.0,4825.54,1.0,100.0,20.0,0,60.0,10240
15.911,15.806,4825.6,36.0,4825.62,16.0,100.0,20.0,0,80.0,10240
16.017,15.912,4825.7,42.0,4825.74,2.0,100.0,20.0,0,80.0,10240
16.111,16.007,4825.8,37.0,4825.82,17.0,100.0,20.0,0,100.0,10240
16.219,16.115,4825.9,45.0,4825.94,5.0,100.0,20.0,0,40.0,10240
16.315,16.194,4826.0,24.0,4826.02,4.0,100.0,20.0,0,40.0,10240
16.416,16.31,4826.1,40.0,4826.12,20.0,100.0,20.0,0,20.0,10240
16.522,16.403,4826.2,33.0,4826.22,13.0,100.0,20.0,1,0.0,10240
16.618,16.5,4826.3,30.0,4826.32,10.0,100.0,20.0,0,20.0,10240
16.722,16.596,4826.4,26.0,4826.42,6.0,100.0,20.0,1,-20.0,10240
16.817,16.711,4826.5,41.0,4826.54,1.0,100.0,20.0,1,0.0,10240
16.916,16.804,4826.6,34.0,4826.62,14.0,100.0,20.0,0,60.0,10240
17.023,16.916,4826.7,46.0,4826.74,6.0,100.0,20.0,0,60.0,10240
17.113,17.008,4826.8,38.0,4826.82,18.0,100.0,20.0,0,80.0,10240
17.219,17.111,4826.9,41.0,4826.94,1.0,100.0,20.0,0,40.0,10240
17.324,17.214,4827.0,44.0,4827.04,4.0,100.0,20.0,0,20.0,10240
17.42,17.307,4827.1,37.0,4827.12,17.0,100.0,20.0,0,60.0,10240
17.523,17.412,4827.2,42.0,4827.24,2.0,100.0,20.0,0,80.0,10240
17.613,17.505,4827.3,35.0,4827.32,15.0,100.0,20.0,0,80.0,10240
17.71,17.593,4827.4,23.0,4827.42,3.0,100.0,20.0,0,40.0,10240
17.813,17.704,4827.5,34.0,4827.52,14.0,100.0,20.0,0,60.0,10240
17.91,17.792,4827.6,22.0,4827.62,2.0,100.0,20.0,0,40.0,10240
18.023,17.911,4827.7,41.0,4827.74,1.0,100.0,20.0,1,-20.0,10240
18.116,17.997,4827.8,27.0,4827.82,7.0,100.0,20.0,1,-20.0,10240
18.226,18.096,4827.9,26.0,4827.92,6.0,100.0,20.0,1,-20.0,10240
18.317,18.206,4828.0,36.0,4828.02,16.0,100.0,20.0,1,-20.0,10240
18.429,18.29,4828.1,20.0,4828.1,20.0,100.0,20.0,1,0.0,10240
18.535,18.408,4828.2,38.0,4828.22,18.0,100.0,20.0,1,-20.0,10240
18.64,18.492,4828.3,22.0,4828.32,2.0,100.0,20.0,1,0.0,10240
18.742,18.601,4828.4,31.0,4828.42,11.0,100.0,20.0,1,-20.0,10240
18.842,18.706,4828.5,36.0,4828.52,16.0,100.0,20.0,1,0.0,10240
18.949,18.799,4828.6,29.0,4828.62,9.0,100.0,20.0,1,-20.0,10240
19.047,18.897,4828.7,27.0,4828.72,7.0,100.0,20.0,1,-20.0,10240
19.143,18.999,4828.8,29.0,4828.82,9.0,100.0,20.0,1,-20.0,10240
19.245,19.108,4828.9,38.0,4828.92,18.0,100.0,20.0,1,0.0,10240
19.344,19.191,4829.0,21.0,4829.02,1.0,100.0,20.0,1,-20.0,10240
19.458,19.298,4829.1,28.0,4829.12,8.0,100.0,20.0,1,-20.0,10240
19.553,19.396,4829.2,26.0,4829.22,6.0,100.0,20.0,1,-20.0,10240
19.653,19.497,4829.3,27.0,4829.32,7.0,100.0,20.0,1,0.0,10240
19.761,19.602,4829.4,32.0,4829.42,12.0,100.0,20.0,1,-20.0,10240
19.855,19.706,4829.5,36.0,4829.52,16.0,100.0,20.0,1,0.0,10240
19.954,19.794,4829.6,24.0,4829.62,4.0,100.0,20.0,1,0.0,10240
20.063,19.911,4829.7,41.0,4829.74,1.0,100.0,20.0,1,-20.0,10240
20.158,19.997,4829.8,27.0,4829.82,7.0,100.0,20.0,1,-20.0,10240
20.27,20.112,4829.9,42.0,4829.94,2.0,100.0,20.0,1,0.0,10240
20.357,20.194,4830.0,24.0,4830.02,4.0,100.0,20.0,1,-20.0,10240
20.464,20.294,4830.1,24.0,4830.12,4.0,100.0,20.0,1,-20.0,10240
20.557,20.394,4830.2,24.0,4830.22,4.0,100.0,20.0,1,-20.0,10240
20.661,20.503,4830.3,33.0,4830.32,13.0,100.0,20.0,1,0.0,10240
20.765,20.599,4830.4,29.0,4830.42,9.0,100.0,20.0,1,-20.0,10240
20.863,20.694,4830.5,24.0,4830.52,4.0,100.0,20.0,1,0.0,10240
20.964,20.805,4830.6,35.0,4830.62,15.0,100.0,20.0,1,-20.0,10240
21.068,20.897,4830.7,27.0,4830.72,7.0,100.0,20.0,1,-20.0,10240
21.167,20.994,4830.8,24.0,4830.82,4.0,100.0,20.0,1,-20.0,10240
21.275,21.111,4830.9,41.0,4830.92,21.0,100.0,20.0,1,-20.0,10240
21.37,21.198,4831.0,28.0,4831.02,8.0,100.0,20.0,1,-20.0,10240
21.468,21.298,4831.1,28.0,4831.12,8.0,100.0,20.0,1,-20.0,10240
21.571,21.399,4831.2,29.0,4831.22,9.0,100.0,20.0,1,-20.0,10240
21.667,21.498,4831.3,28.0,4831.32,8.0,100.0,20.0,1,-20.0,10240
21.769,21.599,4831.4,29.0,4831.42,9.0,100.0,20.0,1,-20.0,10240
21.868,21.696,4831.5,26.0,4831.52,6.0,100.0,20.0,1,-20.0,10240
21.983,21.799,4831.6,29.0,4831.62,9.0,100.0,20.0,1,-20.0,10240
22.078,21.897,4831.7,27.0,4831.72,7.0,100.0,20.0,1,-20.0,10240
22.179,22.002,4831.8,32.0,4831.82,12.0,100.0,20.0,1,-20.0,10240
22.277,22.105,4831.9,35.0,4831.92,15.0,100.0,20.0,0,20.0,10240
22.38,22.208,4832.0,38.0,4832.02,18.0,100.0,20.0,0,60.0,10240
22.496,22.3,4832.1,30.0,4832.12,10.0,100.0,20.0,0,20.0,10240
22.577,22.398,4832.2,28.0,4832.22,8.0,100.0,20.0,1,0.0,10240
22.674,22.497,4832.3,27.0,4832.32,7.0,100.0,20.0,1,-20.0,10240
22.782,22.598,4832.4,28.0,4832.42,8.0,100.0,20.0,1,-20.0,10240
22.885,22.702,4832.5,32.0,4832.52,12.0,100.0,20.0,1,-20.0,10240
22.983,22.799,4832.6,29.0,4832.62,9.0,100.0,20.0,1,-20.0,10240
23.082,22.894,4832.7,24.0,4832.72,4.0,100.0,20.0,1,-20.0,10240
23.184,23.007,4832.8,37.0,4832.82,17.0,100.0,20.0,1,-20.0,10240
23.282,23.094,4832.9,24.0,4832.92,4.0,100.0,20.0,1,-20.0,10240
23.382,23.195,4833.0,25.0,4833.02,5.0,100.0,20.0,1,0.0,10240
23.487,23.293,4833.1,23.0,4833.12,3.0,100.0,20.0,1,-20.0,10240
23.595,23.397,4833.2,27.0,4833.22,7.0,100.0,20.0,1,0.0,10240
23.691,23.492,4833.3,22.0,4833.32,2.0,100.0,20.0,1,-20.0,10240
23.785,23.59,4833.4,20.0,4833.4,20.0,100.0,20.0,1,0.0,10240
23.897,23.705,4833.5,35.0,4833.52,15.0,100.0,20.0,1,-20.0,10240
24.0,23.797,4833.6,27.0,4833.62,7.0,100.0,20.0,1,-20.0,10240
24.103,23.909,4833.7,39.0,4833.72,19.0,100.0,20.0,1,0.0,10240
24.193,23.999,4833.8,29.0,4833.82,9.0,100.0,20.0,1,0.0,10240
24.297,24.102,4833.9,32.0,4833.92,12.0,100.0,20.0,1,0.0,10240
24.399,24.194,4834.0,24.0,4834.02,4.0,100.0,20.0,1,-20.0,10240
24.509,24.295,4834.1,25.0,4834.12,5.0,100.0,20.0,1,-20.0,10240
24.598,24.391,4834.2,21.0,4834.22,1.0,100.0,20.0,1,-20.0,10240
24.701,24.499,4834.3,29.0,4834.32,9.0,100.0,20.0,1,-20.0,10240
24.803,24.591,4834.4,21.0,4834.42,1.0,100.0,20.0,1,0.0,10240
24.898,24.704,4834.5,34.0,4834.52,14.0,100.0,20.0,1,-20.0,10240
24.999,24.8,4834.6,30.0,4834.62,10.0,100.0,20.0,1,0.0,10240
25.098,24.895,4834.7,25.0,4834.72,5.0,100.0,20.0,1,0.0,10240
25.202,25.007,4834.8,37.0,4834.82,17.0,100.0,20.0,1,-20.0,10240
25.301,25.094,4834.9,24.0,4834.92,4.0,100.0,20.0,1,-20.0,10240
25.406,25.212,4835.0,42.0,4835.04,2.0,100.0,20.0,1,-20.0,10240
25.504,25.309,4835.1,39.0,4835.12,19.0,100.0,20.0,1,-20.0,10240
25.603,25.397,4835.2,27.0,4835.22,7.0,100.0,20.0,1,-20.0,10240
25.699,25.504,4835.3,34.0,4835.32,14.0,100.0,20.0,1,0.0,10240
25.803,25.594,4835.4,24.0,4835.42,4.0,100.0,20.0,1,-20.0,10240
25.901,25.696,4835.5,26.0,4835.52,6.0,100.0,20.0,1,0.0,10240
26.01,25.795,4835.6,25.0,4835.62,5.0,100.0,20.0,1,-20.0,10240
26.107,25.898,4835.7,28.0,4835.72,8.0,100.0,20.0,1,-20.0,10240
26.202,25.997,4835.8,27.0,4835.82,7.0,100.0,20.0,1,0.0,10240
26.307,26.092,4835.9,22.0,4835.92,2.0,100.0,20.0,1,0.0,10240
26.403,26.204,4836.0,34.0,4836.02,14.0,100.0,20.0,1,0.0,10240
26.504,26.297,4836.1,27.0,4836.12,7.0,100.0,20.0,1,0.0,10240
26.611,26.401,4836.2,31.0,4836.22,11.0,100.0,20.0,1,-20.0,10240
26.706,26.495,4836.3,25.0,4836.32,5.0,100.0,20.0,1,-20.0,10240
26.806,26.606,4836.4,36.0,4836.42,16.0,100.0,20.0,1,0.0,10240
26.91,26.702,4836.5,32.0,4836.52,12.0,100.0,20.0,1,-20.0,10240
27.012,26.798,4836.6,28.0,4836.62,8.0,100.0,20.0,1,-20.0,10240
27.109,26.901,4836.7,31.0,4836.72,11.0,100.0,20.0,1,-20.0,10240
27.215,27.0,4836.8,30.0,4836.82,10.0,100.0,20.0,1,-20.0,10240
27.322,27.101,4836.9,31.0,4836.92,11.0,100.0,20.0,1,-20.0,10240
27.42,27.204,4837.0,34.0,4837.02,14.0,100.0,20.0,1,-20.0,10240
27.525,27.314,4837.1,44.0,4837.14,4.0,100.0,20.0,1,-20.0,10240
27.623,27.403,4837.2,33.0,4837.22,13.0,100.0,20.0,1,-20.0,10240
27.716,27.493,4837.3,23.0,4837.32,3.0,100.0,20.0,1,0.0,10240
27.826,27.614,4837.4,44.0,4837.44,4.0,100.0,20.0,1,0.0,10240
27.915,27.702,4837.5,32.0,4837.52,12.0,100.0,20.0,0,40.0,10240
28.031,27.812,4837.6,42.0,4837.64,2.0,100.0,20.0,0,40.0,10240
28.135,27.894,4837.7,24.0,4837.72,4.0,100.0,20.0,1,0.0,10240
28.224,28.011,4837.8,41.0,4837.84,1.0,100.0,20.0,1,0.0,10240
28.318,28.093,4837.9,23.0,4837.92,3.0,100.0,20.0,1,0.0,10240
28.423,28.205,4838.0,35.0,4838.02,15.0,100.0,20.0,1,0.0,10240
28.525,28.31,4838.1,40.0,4838.12,20.0,100.0,20.0,0,40.0,10240
28.622,28.405,4838.2,35.0,4838.22,15.0,100.0,20.0,0,120.0,10240
28.722,28.506,4838.3,36.0,4838.32,16.0,100.0,20.0,0,80.0,10240
28.824,28.603,4838.4,33.0,4838.42,13.0,100.0,20.0,0,60.0,10240
28.925,28.709,4838.5,39.0,4838.52,19.0,100.0,20.0,0,100.0,10240
29.022,28.804,4838.6,34.0,4838.62,14.0,100.0,20.0,0,80.0,10240
29.13,28.912,4838.7,42.0,4838.74,2.0,100.0,20.0,0,60.0,10240
29.234,29.003,4838.8,33.0,4838.82,13.0,100.0,20.0,0,40.0,10240
29.327,29.11,4838.9,40.0,4838.92,20.0,100.0,20.0,0,60.0,10240
29.424,29.208,4839.0,38.0,4839.02,18.0,100.0,20.0,0,60.0,10240
29.527,29.31,4839.1,40.0,4839.12,20.0,100.0,20.0,0,80.0,10240
29.626,29.41,4839.2,40.0,4839.22,20.0,100.0,20.0,1,0.0,10240
29.723,29.501,4839.3,31.0,4839.32,11.0,100.0,20.0,1,0.0,10240
29.822,29.605,4839.4,35.0,4839.42,15.0,100.0,20.0,0,40.0,10240
29.932,29.711,4839.5,41.0,4839.52,21.0,100.0,20.0,0,60.0,10240
30.033,29.803,4839.6,33.0,4839.62,13.0,100.0,20.0,0,60.0,10240
30.127,29.907,4839.7,37.0,4839.72,17.0,100.0,20.0,0,80.0,10240
30.229,30.004,4839.8,34.0,4839.82,14.0,100.0,20.0,0,80.0,10240
30.334,30.115,4839.9,45.0,4839.94,5.0,100.0,20.0,0,80.0,10240
30.424,30.199,4840.0,29.0,4840.02,9.0,100.0,20.0,0,100.0,10240
30.53,30.31,4840.1,40.0,4840.14,0.0,100.0,20.0,0,120.0,10240
30.624,30.4,4840.2,30.0,4840.22,10.0,100.0,20.0,0,80.0,10240
30.727,30.507,4840.3,37.0,4840.32,17.0,100.0,20.0,0,100.0,10240
30.836,30.606,4840.4,36.0,4840.42,16.0,100.0,20.0,1,0.0,10240
30.929,30.706,4840.5,36.0,4840.52,16.0,100.0,20.0,0,40.0,10240
31.028,30.8,4840.6,30.0,4840.62,10.0,100.0,20.0,0,80.0,10240
31.129,30.908,4840.7,38.0,4840.72,18.0,100.0,20.0,0,60.0,10240
31.228,31.007,4840.8,37.0,4840.82,17.0,100.0,20.0,0,80.0,10240
31.329,31.1,4840.9,30.0,4840.92,10.0,100.0,20.0,0,80.0,10240
31.427,31.198,4841.0,28.0,4841.02,8.0,100.0,20.0,0,60.0,10240
31.531,31.309,4841.1,39.0,4841.12,19.0,100.0,20.0,0,80.0,10240
31.624,31.392,4841.2,22.0,4841.22,2.0,100.0,20.0,0,40.0,10240
31.743,31.498,4841.3,28.0,4841.32,8.0,100.0,20.0,0,60.0,10240
31.84,31.602,4841.4,32.0,4841.42,12.0,100.0,20.0,0,20.0,10240
31.933,31.692,4841.5,22.0,4841.52,2.0,100.0,20.0,1,0.0,10240
32.037,31.794,4841.6,24.0,4841.62,4.0,100.0,20.0,1,-20.0,10240
32.136,31.898,4841.7,28.0,4841.72,8.0,100.0,20.0,1,-20.0,10240
32.246,31.996,4841.8,26.0,4841.82,6.0,100.0,20.0,1,-20.0,10240
32.334,32.098,4841.9,28.0,4841.92,8.0,100.0,20.0,1,-20.0,10240
32.433,32.202,4842.0,32.0,4842.02,12.0,100.0,20.0,1,0.0,10240
32.537,32.3,4842.1,30.0,4842.12,10.0,100.0,20.0,1,-20.0,10240
32.637,32.403,4842.2,33.0,4842.22,13.0,100.0,20.0,1,-20.0,10240
32.735,32.497,4842.3,27.0,4842.32,7.0,100.0,20.0,1,0.0,10240
32.835,32.59,4842.4,20.0,4842.4,20.0,100.0,20.0,1,0.0,10240
32.949,32.703,4842.5,33.0,4842.52,13.0,100.0,20.0,1,0.0,10240
33.049,32.808,4842.6,38.0,4842.62,18.0,100.0,20.0,1,0.0,10240
33.143,32.893,4842.7,23.0,4842.72,3.0,100.0,20.0,1,0.0,10240
33.252,33.005,4842.8,35.0,4842.82,15.0,100.0,20.0,1,0.0,10240
33.349,33.099,4842.9,29.0,4842.92,9.0,100.0,20.0,0,60.0,10240
33.45,33.21,4843.0,40.0,4843.02,20.0,100.0,20.0,0,100.0,10240
33.552,33.298,4843.1,28.0,4843.12,8.0,100.0,20.0,0,20.0,10240
33.651,33.411,4843.2,41.0,4843.24,1.0,100.0,20.0,1,0.0,10240
33.747,33.507,4843.3,37.0,4843.32,17.0,100.0,20.0,0,60.0,10240
33.851,33.599,4843.4,29.0,4843.42,9.0,100.0,20.0,0,20.0,10240
33.948,33.694,4843.5,24.0,4843.52,4.0,100.0,20.0,1,0.0,10240
34.048,33.806,4843.6,36.0,4843.62,16.0,100.0,20.0,1,-20.0,10240
34.15,33.893,4843.7,23.0,4843.72,3.0,100.0,20.0,1,-20.0,10240
34.253,34.006,4843.8,36.0,4843.82,16.0,100.0,20.0,1,-20.0,10240
34.351,34.102,4843.9,32.0,4843.92,12.0,100.0,20.0,1,0.0,10240
34.45,34.197,4844.0,27.0,4844.02,7.0,100.0,20.0,1,-20.0,10240
34.544,34.294,4844.1,24.0,4844.12,4.0,100.0,20.0,1,0.0,10240
34.645,34.399,4844.2,29.0,4844.22,9.0,100.0,20.0,1,-20.0,10240
34.747,34.507,4844.3,37.0,4844.32,17.0,100.0,20.0,1,0.0,10240
34.851,34.595,4844.4,25.0,4844.42,5.0,100.0,20.0,1,-20.0,10240
34.961,34.708,4844.5,38.0,4844.52,18.0,100.0,20.0,1,-20.0,10240
35.051,34.806,4844.6,36.0,4844.62,16.0,100.0,20.0,1,-20.0,10240
35.153,34.903,4844.7,33.0,4844.72,13.0,100.0,20.0,1,-20.0,10240
35.265,35.01,4844.8,40.0,4844.82,20.0,100.0,20.0,1,-20.0,10240
35.352,35.1,4844.9,30.0,4844.92,10.0,100.0,20.0,1,-20.0,10240
35.459,35.203,4845.0,33.0,4845.02,13.0,100.0,20.0,1,-20.0,10240
35.562,35.293,4845.1,23.0,4845.12,3.0,100.0,20.0,1,-20.0,10240
35.662,35.396,4845.2,26.0,4845.22,6.0,100.0,20.0,1,-20.0,10240
35.768,35.509,4845.3,39.0,4845.32,19.0,100.0,20.0,1,-20.0,10240
35.865,35.593,4845.4,23.0,4845.42,3.0,100.0,20.0,1,0.0,10240
35.975,35.701,4845.5,31.0,4845.52,11.0,100.0,20.0,1,0.0,10240
36.077,35.795,4845.6,25.0,4845.62,5.0,100.0,20.0,1,0.0,10240
36.175,35.903,4845.7,33.0,4845.72,13.0,100.0,20.0,1,-20.0,10240
36.282,35.999,4845.8,29.0,4845.82,9.0,100.0,20.0,1,-20.0,10240
36.384,36.113,4845.9,43.0,4845.94,3.0,100.0,20.0,1,0.0,10240
36.477,36.209,4846.0,39.0,4846.02,19.0,100.0,20.0,0,40.0,10240
36.575,36.302,4846.1,32.0,4846.12,12.0,100.0,20.0,0,60.0,10240
36.672,36.397,4846.2,27.0,4846.22,7.0,100.0,20.0,1,0.0,10240
36.774,36.493,4846.3,23.0,4846.32,3.0,100.0,20.0,1,-20.0,10240
36.879,36.593,4846.4,23.0,4846.42,3.0,100.0,20.0,1,-20.0,10240
36.98,36.703,4846.5,33.0,4846.52,13.0,100.0,20.0,1,0.0,10240
37.081,36.807,4846.6,37.0,4846.62,17.0,100.0,20.0,1,0.0,10240
37.181,36.908,4846.7,38.0,4846.72,18.0,100.0,20.0,0,40.0,10240
37.277,36.998,4846.8,28.0,4846.82,8.0,100.0,20.0,0,60.0,10240
37.382,37.089,4846.9,19.0,4846.9,19.0,100.0,20.0,0,40.0,10240
37.481,37.197,4847.0,27.0,4847.02,7.0,100.0,20.0,1,-20.0,10240
37.581,37.295,4847.1,25.0,4847.12,5.0,100.0,20.0,1,-20.0,10240
37.686,37.401,4847.2,31.0,4847.22,11.0,100.0,20.0,1,-20.0,10240
37.79,37.502,4847.3,32.0,4847.32,12.0,100.0,20.0,1,-20.0,10240
37.893,37.607,4847.4,37.0,4847.42,17.0,100.0,20.0,1,-20.0,10240
37.999,37.701,4847.5,31.0,4847.52,11.0,100.0,20.0,1,-20.0,10240
38.104,37.81,4847.6,40.0,4847.62,20.0,100.0,20.0,1,-20.0,10240
38.198,37.893,4847.7,23.0,4847.72,3.0,100.0,20.0,1,-20.0,10240
38.296,37.997,4847.8,27.0,4847.82,7.0,100.0,20.0,1,-20.0,10240
38.397,38.095,4847.9,25.0,4847.92,5.0,100.0,20.0,1,-20.0,10240
38.501,38.199,4848.0,29.0,4848.02,9.0,100.0,20.0,1,-20.0,10240
38.608,38.304,4848.1,34.0,4848.12,14.0,100.0,20.0,1,-20.0,10240
38.712,38.387,4848.2,17.0,4848.2,17.0,100.0,20.0,1,0.0,10240
38.812,38.501,4848.3,31.0,4848.32,11.0,100.0,20.0,1,0.0,10240
38.916,38.593,4848.4,23.0,4848.42,3.0,100.0,20.0,1,0.0,10240
39.018,38.703,4848.5,33.0,4848.52,13.0,100.0,20.0,1,-20.0,10240
39.121,38.798,4848.6,28.0,4848.62,8.0,100.0,20.0,1,-20.0,10240
39.223,38.896,4848.7,26.0,4848.72,6.0,100.0,20.0,1,-20.0,10240
39.328,39.004,4848.8,34.0,4848.82,14.0,100.0,20.0,1,-20.0,10240
39.429,39.112,4848.9,42.0,4848.94,2.0,100.0,20.0,1,-20.0,10240
39.536,39.21,4849.0,40.0,4849.02,20.0,100.0,20.0,1,-20.0,10240
39.624,39.3,4849.1,30.0,4849.12,10.0,100.0,20.0,1,-20.0,10240
39.724,39.4,4849.2,30.0,4849.22,10.0,100.0,20.0,1,0.0,10240
39.825,39.497,4849.3,27.0,4849.32,7.0,100.0,20.0,1,-20.0,10240
39.932,39.593,4849.4,23.0,4849.42,3.0,100.0,20.0,1,-20.0,10240
40.034,39.699,4849.5,29.0,4849.52,9.0,100.0,20.0,1,-20.0,10240
40.132,39.804,4849.6,34.0,4849.62,14.0,100.0,20.0,1,-20.0,10240
40.254,39.898,4849.7,28.0,4849.72,8.0,100.0,20.0,1,-20.0,10240
40.346,40.005,4849.8,35.0,4849.82,15.0,100.0,20.0,1,0.0,10240
40.459,40.099,4849.9,29.0,4849.92,9.0,100.0,20.0,1,-20.0,10240
40.552,40.207,4850.0,37.0,4850.02,17.0,100.0,20.0,1,0.0,10240
40.651,40.309,4850.1,39.0,4850.12,19.0,100.0,20.0,0,20.0,10240
40.744,40.403,4850.2,33.0,4850.22,13.0,100.0,20.0,0,40.0,10240
40.844,40.497,4850.3,27.0,4850.32,7.0,100.0,20.0,1,0.0,10240
40.947,40.607,4850.4,37.0,4850.42,17.0,100.0,20.0,1,-20.0,10240
41.05,40.695,4850.5,25.0,4850.52,5.0,100.0,20.0,1,-20.0,10240
41.147,40.793,4850.6,23.0,4850.62,3.0,100.0,20.0,1,0.0,10240
41.263,40.916,4850.7,46.0,4850.74,6.0,100.0,20.0,1,-20.0,10240
41.352,41.002,4850.8,32.0,4850.82,12.0,100.0,20.0,0,40.0,10240
41.449,41.093,4850.9,23.0,4850.92,3.0,100.0,20.0,0,60.0,10240
41.557,41.202,4851.0,32.0,4851.02,12.0,100.0,20.0,0,40.0,10240
41.655,41.296,4851.1,26.0,4851.12,6.0,100.0,20.0,1,-20.0,10240
41.758,41.41,4851.2,40.0,4851.22,20.0,100.0,20.0,1,-20.0,10240
41.854,41.501,4851.3,31.0,4851.32,11.0,100.0,20.0,1,-20.0,10240
41.954,41.599,4851.4,29.0,4851.42,9.0,100.0,20.0,1,-20.0,10240
42.048,41.695,4851.5,25.0,4851.52,5.0,100.0,20.0,1,0.0,10240
42.157,41.809,4851.6,39.0,4851.62,19.0,100.0,20.0,0,20.0,10240
42.258,41.911,4851.7,41.0,4851.74,1.0,100.0,20.0,0,40.0,10240
42.364,41.999,4851.8,29.0,4851.82,9.0,100.0,20.0,1,-20.0,10240
42.452,42.102,4851.9,32.0,4851.92,12.0,100.0,20.0,1,0.0,10240
42.56,42.198,4852.0,28.0,4852.02,8.0,100.0,20.0,1,0.0,10240
42.662,42.307,4852.1,37.0,4852.12,17.0,100.0,20.0,1,-20.0,10240
42.766,42.406,4852.2,36.0,4852.22,16.0,100.0,20.0,1,-20.0,10240
42.86,42.498,4852.3,28.0,4852.32,8.0,100.0,20.0,1,-20.0,10240
42.97,42.595,4852.4,25.0,4852.42,5.0,100.0,20.0,1,-20.0,10240
43.065,42.698,4852.5,28.0,4852.52,8.0,100.0,20.0,1,-20.0,10240
43.17,42.802,4852.6,32.0,4852.62,12.0,100.0,20.0,1,-20.0,10240
43.269,42.892,4852.7,22.0,4852.72,2.0,100.0,20.0,1,0.0,10240
43.383,43.001,4852.8,31.0,4852.82,11.0,100.0,20.0,1,-20.0,10240
43.483,43.095,4852.9,25.0,4852.92,5.0,100.0,20.0,1,0.0,10240
43.581,43.196,4853.0,26.0,4853.02,6.0,100.0,20.0,1,-20.0,10240
43.679,43.294,4853.1,24.0,4853.12,4.0,100.0,20.0,1,0.0,10240
43.779,43.398,4853.2,28.0,4853.22,8.0,100.0,20.0,1,-20.0,10240
43.878,43.493,4853.3,23.0,4853.32,3.0,100.0,20.0,1,-20.0,10240
43.98,43.606,4853.4,36.0,4853.42,16.0,100.0,20.0,1,0.0,10240
44.08,43.702,4853.5,32.0,4853.52,12.0,100.0,20.0,0,40.0,10240
44.185,43.795,4853.6,25.0,4853.62,5.0,100.0,20.0,0,20.0,10240
44.276,43.895,4853.7,25.0,4853.72,5.0,100.0,20.0,1,0.0,10240
44.379,44.003,4853.8,33.0,4853.82,13.0,100.0,20.0,1,-20.0,10240
44.477,44.091,4853.9,21.0,4853.92,1.0,100.0,20.0,1,0.0,10240
44.584,44.193,4854.0,23.0,4854.02,3.0,100.0,20.0,1,-20.0,10240
44.693,44.296,4854.1,26.0,4854.12,6.0,100.0,20.0,1,-20.0,10240
44.787,44.395,4854.2,25.0,4854.22,5.0,100.0,20.0,1,-20.0,10240
44.89,44.509,4854.3,39.0,4854.32,19.0,100.0,20.0,1,-20.0,10240
44.984,44.596,4854.4,26.0,4854.42,6.0,100.0,20.0,1,0.0,10240
45.087,44.698,4854.5,28.0,4854.52,8.0,100.0,20.0,1,-20.0,10240
45.193,44.803,4854.6,33.0,4854.62,13.0,100.0,20.0,1,-20.0,10240
45.29,44.898,4854.7,28.0,4854.72,8.0,100.0,20.0,1,-20.0,10240
45.389,44.994,4854.8,24.0,4854.82,4.0,100.0,20.0,1,-20.0,10240
45.489,45.097,4854.9,27.0,4854.92,7.0,100.0,20.0,1,0.0,10240
45.586,45.198,4855.0,28.0,4855.02,8.0,100.0,20.0,1,0.0,10240
45.692,45.296,4855.1,26.0,4855.12,6.0,100.0,20.0,1,-20.0,10240
45.791,45.398,4855.2,28.0,4855.22,8.0,100.0,20.0,1,-20.0,10240
45.895,45.502,4855.3,32.0,4855.32,12.0,100.0,20.0,1,-20.0,10240
46.004,45.603,4855.4,33.0,4855.42,13.0,100.0,20.0,1,-20.0,10240
46.101,45.7,4855.5,30.0,4855.52,10.0,100.0,20.0,1,-20.0,10240
46.204,45.81,4855.6,40.0,4855.62,20.0,100.0,20.0,1,-20.0,10240
46.294,45.895,4855.7,25.0,4855.72,5.0,100.0,20.0,1,0.0,10240
46.395,45.99,4855.8,20.0,4855.82,0.0,100.0,20.0,1,0.0,10240
46.497,46.094,4855.9,24.0,4855.92,4.0,100.0,20.0,1,-20.0,10240
46.606,46.195,4856.0,25.0,4856.02,5.0,100.0,20.0,1,0.0,10240
46.708,46.297,4856.1,27.0,4856.12,7.0,100.0,20.0,1,0.0,10240
46.809,46.399,4856.2,29.0,4856.22,9.0,100.0,20.0,1,-20.0,10240
46.904,46.488,4856.3,18.0,4856.3,18.0,100.0,20.0,1,0.0,10240
47.011,46.597,4856.4,27.0,4856.42,7.0,100.0,20.0,1,-20.0,10240
47.11,46.69,4856.5,20.0,4856.52,0.0,100.0,20.0,1,0.0,10240
47.219,46.802,4856.6,32.0,4856.62,12.0,100.0,20.0,0,20.0,10240
47.311,46.904,4856.7,34.0,4856.72,14.0,100.0,20.0,0,60.0,10240
47.411,46.998,4856.8,28.0,4856.82,8.0,100.0,20.0,0,60.0,10240
47.516,47.104,4856.9,34.0,4856.92,14.0,100.0,20.0,1,-20.0,10240
47.608,47.189,4857.0,19.0,4857.0,19.0,100.0,20.0,1,0.0,10240
47.711,47.293,4857.1,23.0,4857.12,3.0,100.0,20.0,1,0.0,10240
47.816,47.397,4857.2,27.0,4857.22,7.0,100.0,20.0,1,-20.0,10240
47.921,47.503,4857.3,33.0,4857.32,13.0,100.0,20.0,1,-20.0,10240
48.014,47.598,4857.4,28.0,4857.42,8.0,100.0,20.0,1,-20.0,10240
48.117,47.709,4857.5,39.0,4857.52,19.0,100.0,20.0,1,-20.0,10240
48.218,47.808,4857.6,38.0,4857.62,18.0,100.0,20.0,1,-20.0,10240
48.314,47.9,4857.7,30.0,4857.72,10.0,100.0,20.0,1,-20.0,10240
48.412,48.007,4857.8,37.0,4857.82,17.0,100.0,20.0,1,-20.0,10240
48.517,48.11,4857.9,40.0,4857.92,20.0,100.0,20.0,1,-20.0,10240
48.622,48.211,4858.0,41.0,4858.04,1.0,100.0,20.0,1,-20.0,10240
48.714,48.3,4858.1,30.0,4858.12,10.0,100.0,20.0,0,40.0,10240
48.808,48.392,4858.2,22.0,4858.22,2.0,100.0,20.0,0,20.0,10240
48.914,48.497,4858.3,27.0,4858.32,7.0,100.0,20.0,1,-20.0,10240
49.017,48.603,4858.4,33.0,4858.42,13.0,100.0,20.0,1,-20.0,10240
49.112,48.695,4858.5,25.0,4858.52,5.0,100.0,20.0,1,-20.0,10240
49.217,48.799,4858.6,29.0,4858.62,9.0,100.0,20.0,1,-20.0,10240
49.326,48.898,4858.7,28.0,4858.72,8.0,100.0,20.0,1,-20.0,10240
49.418,49.003,4858.8,33.0,4858.82,13.0,100.0,20.0,0,20.0,10240
49.518,49.102,4858.9,32.0,4858.92,12.0,100.0,20.0,1,0.0,10240
49.617,49.199,4859.0,29.0,4859.02,9.0,100.0,20.0,1,-20.0,10240
49.724,49.299,4859.1,29.0,4859.12,9.0,100.0,20.0,0,20.0,10240
49.824,49.408,4859.2,38.0,4859.22,18.0,100.0,20.0,1,-20.0,10240
49.926,49.501,4859.3,31.0,4859.32,11.0,100.0,20.0,1,-20.0,10240
50.029,49.592,4859.4,22.0,4859.42,2.0,100.0,20.0,1,-20.0,10240
50.136,49.693,4859.5,23.0,4859.52,3.0,100.0,20.0,1,-20.0,10240
50.245,49.803,4859.6,33.0,4859.62,13.0,100.0,20.0,1,0.0,10240
50.339,49.896,4859.7,26.0,4859.72,6.0,100.0,20.0,1,-20.0,10240
50.432,49.995,4859.8,25.0,4859.82,5.0,100.0,20.0,1,-20.0,10240
50.537,50.109,4859.9,39.0,4859.92,19.0,100.0,20.0,1,0.0,10240
50.632,50.196,4860.0,26.0,4860.02,6.0,100.0,20.0,1,-20.0,10240
50.737,50.3,4860.1,30.0,4860.12,10.0,100.0,20.0,1,0.0,10240
50.847,50.399,4860.2,29.0,4860.22,9.0,100.0,20.0,1,-20.0,10240
50.94,50.498,4860.3,28.0,4860.32,8.0,100.0,20.0,1,0.0,10240
51.044,50.601,4860.4,31.0,4860.42,11.0,100.0,20.0,1,0.0,10240
51.144,50.696,4860.5,26.0,4860.52,6.0,100.0,20.0,1,0.0,10240
51.253,50.808,4860.6,38.0,4860.62,18.0,100.0,20.0,1,-20.0,10240
51.35,50.898,4860.7,28.0,4860.72,8.0,100.0,20.0,1,-20.0,10240
51.448,51.005,4860.8,35.0,4860.82,15.0,100.0,20.0,1,-20.0,10240
51.551,51.102,4860.9,32.0,4860.92,12.0,100.0,20.0,0,20.0,10240
51.648,51.198,4861.0,28.0,4861.02,8.0,100.0,20.0,0,60.0,10240
51.751,51.305,4861.1,35.0,4861.12,15.0,100.0,20.0,0,40.0,10240
51.854,51.404,4861.2,34.0,4861.22,14.0,100.0,20.0,1,0.0,10240
51.952,51.504,4861.3,34.0,4861.32,14.0,100.0,20.0,1,-20.0,10240
52.056,51.596,4861.4,26.0,4861.42,6.0,100.0,20.0,1,0.0,10240
52.148,51.697,4861.5,27.0,4861.52,7.0,100.0,20.0,1,-20.0,10240
52.266,51.81,4861.6,40.0,4861.62,20.0,100.0,20.0,1,-20.0,10240
52.351,51.895,4861.7,25.0,4861.72,5.0,100.0,20.0,1,0.0,10240
52.458,51.996,4861.8,26.0,4861.82,6.0,100.0,20.0,1,-20.0,10240
52.557,52.095,4861.9,25.0,4861.92,5.0,100.0,20.0,1,-20.0,10240
52.652,52.19,4862.0,20.0,4862.02,0.0,100.0,20.0,1,0.0,10240
52.769,52.296,4862.1,26.0,4862.12,6.0,100.0,20.0,1,-20.0,10240
52.87,52.399,4862.2,29.0,4862.22,9.0,100.0,20.0,1,-20.0,10240
52.97,52.496,4862.3,26.0,4862.32,6.0,100.0,20.0,1,-20.0,10240
53.068,52.6,4862.4,30.0,4862.42,10.0,100.0,20.0,1,-20.0,10240
53.18,52.703,4862.5,33.0,4862.52,13.0,100.0,20.0,1,-20.0,10240
53.28,52.809,4862.6,39.0,4862.62,19.0,100.0,20.0,1,-20.0,10240
53.376,52.897,4862.7,27.0,4862.72,7.0,100.0,20.0,1,-20.0,10240
53.478,52.999,4862.8,29.0,4862.82,9.0,100.0,20.0,1,-20.0,10240
53.576,53.091,4862.9,21.0,4862.92,1.0,100.0,20.0,1,-20.0,10240
53.681,53.195,4863.0,25.0,4863.02,5.0,100.0,20.0,1,-20.0,10240
53.792,53.293,4863.1,23.0,4863.12,3.0,100.0,20.0,1,0.0,10240
53.878,53.4,4863.2,30.0,4863.22,10.0,100.0,20.0,1,-20.0,10240
53.98,53.504,4863.3,34.0,4863.32,14.0,100.0,20.0,1,0.0,10240
54.083,53.605,4863.4,35.0,4863.42,15.0,100.0,20.0,0,40.0,10240
54.182,53.703,4863.5,33.0,4863.52,13.0,100.0,20.0,1,0.0,10240
54.289,53.801,4863.6,31.0,4863.62,11.0,100.0,20.0,1,-20.0,10240
54.392,53.899,4863.7,29.0,4863.72,9.0,100.0,20.0,1,-20.0,10240
54.481,54.003,4863.8,33.0,4863.82,13.0,100.0,20.0,1,0.0,10240
54.587,54.106,4863.9,36.0,4863.92,16.0,100.0,20.0,0,20.0,10240
54.689,54.21,4864.0,40.0,4864.02,20.0,100.0,20.0,0,40.0,10240
54.79,54.3,4864.1,30.0,4864.12,10.0,100.0,20.0,1,-20.0,10240
54.887,54.406,4864.2,36.0,4864.22,16.0,100.0,20.0,1,-20.0,10240
54.994,54.508,4864.3,38.0,4864.32,18.0,100.0,20.0,1,-20.0,10240
55.085,54.594,4864.4,24.0,4864.42,4.0,100.0,20.0,1,-20.0,10240
55.203,54.699,4864.5,29.0,4864.52,9.0,100.0,20.0,1,0.0,10240
55.299,54.795,4864.6,25.0,4864.62,5.0,100.0,20.0,1,-20.0,10240
55.4,54.89,4864.7,20.0,4864.7,20.0,100.0,20.0,1,0.0,10240
55.509,55.001,4864.8,31.0,4864.82,11.0,100.0,20.0,1,-20.0,10240
55.605,55.099,4864.9,29.0,4864.92,9.0,100.0,20.0,1,-20.0,10240
55.703,55.194,4865.0,24.0,4865.02,4.0,100.0,20.0,1,0.0,10240
55.813,55.308,4865.1,38.0,4865.12,18.0,100.0,20.0,1,-20.0,10240
55.918,55.394,4865.2,24.0,4865.22,4.0,100.0,20.0,1,-20.0,10240
56.009,55.502,4865.3,32.0,4865.32,12.0,100.0,20.0,1,-20.0,10240
56.104,55.605,4865.4,35.0,4865.42,15.0,100.0,20.0,1,0.0,10240
56.207,55.699,4865.5,29.0,4865.52,9.0,100.0,20.0,1,0.0,10240
56.307,55.796,4865.6,26.0,4865.62,6.0,100.0,20.0,1,0.0,10240
56.406,55.894,4865.7,24.0,4865.72,4.0,100.0,20.0,1,0.0,10240
56.507,55.999,4865.8,29.0,4865.82,9.0,100.0,20.0,1,-20.0,10240
56.607,56.096,4865.9,26.0,4865.92,6.0,100.0,20.0,1,-20.0,10240
56.703,56.197,4866.0,27.0,4866.02,7.0,100.0,20.0,1,-20.0,10240
56.808,56.304,4866.1,34.0,4866.12,14.0,100.0,20.0,1,0.0,10240
56.907,56.407,4866.2,37.0,4866.22,17.0,100.0,20.0,1,-20.0,10240
57.01,56.51,4866.3,40.0,4866.32,20.0,100.0,20.0,0,20.0,10240
57.109,56.609,4866.4,39.0,4866.42,19.0,100.0,20.0,0,60.0,10240
57.214,56.713,4866.5,43.0,4866.54,3.0,100.0,20.0,0,60.0,10240
57.309,56.808,4866.6,38.0,4866.62,18.0,100.0,20.0,0,80.0,10240
57.407,56.906,4866.7,36.0,4866.72,16.0,100.0,20.0,0,80.0,10240
57.506,56.994,4866.8,24.0,4866.82,4.0,100.0,20.0,0,60.0,10240
57.608,57.099,4866.9,29.0,4866.92,9.0,100.0,20.0,0,40.0,10240
57.708,57.193,4867.0,23.0,4867.02,3.0,100.0,20.0,0,40.0,10240
57.809,57.299,4867.1,29.0,4867.12,9.0,100.0,20.0,1,0.0,10240
57.912,57.391,4867.2,21.0,4867.22,1.0,100.0,20.0,1,0.0,10240
58.012,57.506,4867.3,36.0,4867.32,16.0,100.0,20.0,1,-20.0,10240
58.109,57.593,4867.4,23.0,4867.42,3.0,100.0,20.0,1,-20.0,10240
58.221,57.709,4867.5,39.0,4867.52,19.0,100.0,20.0,1,-20.0,10240
58.325,57.804,4867.6,34.0,4867.62,14.0,100.0,20.0,1,-20.0,10240
58.416,57.894,4867.7,24.0,4867.72,4.0,100.0,20.0,1,0.0,10240
58.523,58.0,4867.8,30.0,4867.82,10.0,100.0,20.0,1,-20.0,10240
58.617,58.098,4867.9,28.0,4867.92,8.0,100.0,20.0,1,-20.0,10240
58.727,58.206,4868.0,36.0,4868.02,16.0,100.0,20.0,1,0.0,10240
58.817,58.301,4868.1,31.0,4868.12,11.0,100.0,20.0,1,-20.0,10240
58.922,58.398,4868.2,28.0,4868.22,8.0,100.0,20.0,1,-20.0,10240
59.025,58.509,4868.3,39.0,4868.32,19.0,100.0,20.0,1,-20.0,10240
59.119,58.608,4868.4,38.0,4868.42,18.0,100.0,20.0,1,0.0,10240
59.216,58.694,4868.5,24.0,4868.52,4.0,100.0,20.0,1,-20.0,10240
59.317,58.802,4868.6,32.0,4868.62,12.0,100.0,20.0,1,-20.0,10240
59.427,58.892,4868.7,22.0,4868.72,2.0,100.0,20.0,1,0.0,10240
59.525,59.009,4868.8,39.0,4868.82,19.0,100.0,20.0,1,-20.0,10240
59.633,59.101,4868.9,31.0,4868.92,11.0,100.0,20.0,1,-20.0,10240
59.723,59.203,4869.0,33.0,4869.02,13.0,100.0,20.0,1,0.0,10240
59.829,59.298,4869.1,28.0,4869.12,8.0,100.0,20.0,1,-20.0,10240
59.931,59.404,4869.2,34.0,4869.22,14.0,100.0,20.0,1,-20.0,10240
60.034,59.497,4869.3,27.0,4869.32,7.0,100.0,20.0,1,-20.0,10240
60.137,59.593,4869.4,23.0,4869.42,3.0,100.0,20.0,1,-20.0,10240
60.245,59.701,4869.5,31.0,4869.52,11.0,100.0,20.0,1,-20.0,10240
60.344,59.812,4869.6,42.0,4869.64,2.0,100.0,20.0,1,0.0,10240
60.442,59.897,4869.7,27.0,4869.72,7.0,100.0,20.0,1,0.0,10240
60.539,59.998,4869.8,28.0,4869.82,8.0,100.0,20.0,1,0.0,10240
60.635,60.093,4869.9,23.0,4869.92,3.0,100.0,20.0,1,0.0,10240
60.735,60.198,4870.0,28.0,4870.02,8.0,100.0,20.0,1,-20.0,10240
60.835,60.303,4870.1,33.0,4870.12,13.0,100.0,20.0,1,-20.0,10240
60.935,60.405,4870.2,35.0,4870.22,15.0,100.0,20.0,1,-20.0,10240
61.035,60.496,4870.3,26.0,4870.32,6.0,100.0,20.0,1,-20.0,10240
61.133,60.592,4870.4,22.0,4870.42,2.0,100.0,20.0,1,0.0,10240
61.239,60.703,4870.5,33.0,4870.52,13.0,100.0,20.0,1,-20.0,10240
61.342,60.799,4870.6,29.0,4870.62,9.0,100.0,20.0,1,-20.0,10240
61.439,60.907,4870.7,37.0,4870.72,17.0,100.0,20.0,1,0.0,10240
61.533,60.996,4870.8,26.0,4870.82,6.0,100.0,20.0,1,0.0,10240
61.638,61.107,4870.9,37.0,4870.92,17.0,100.0,20.0,1,-20.0,10240
61.733,61.187,4871.0,17.0,4871.0,17.0,100.0,20.0,1,0.0,10240
61.85,61.298,4871.1,28.0,4871.12,8.0,100.0,20.0,1,-20.0,10240
61.968,61.397,4871.2,27.0,4871.22,7.0,100.0,20.0,1,-20.0,10240
62.052,61.496,4871.3,26.0,4871.32,6.0,100.0,20.0,1,0.0,10240
62.155,61.589,4871.4,19.0,4871.4,19.0,100.0,20.0,1,0.0,10240
62.264,61.698,4871.5,28.0,4871.52,8.0,100.0,20.0,1,-20.0,10240
62.367,61.8,4871.6,30.0,4871.62,10.0,100.0,20.0,1,-20.0,10240
62.461,61.895,4871.7,25.0,4871.72,5.0,100.0,20.0,1,0.0,10240
62.57,61.993,4871.8,23.0,4871.82,3.0,100.0,20.0,1,-20.0,10240
62.678,62.11,4871.9,40.0,4871.92,20.0,100.0,20.0,1,-20.0,10240
62.775,62.205,4872.0,35.0,4872.02,15.0,100.0,20.0,1,-20.0,10240
62.871,62.299,4872.1,29.0,4872.12,9.0,100.0,20.0,1,-20.0,10240
62.975,62.399,4872.2,29.0,4872.22,9.0,100.0,20.0,1,-20.0,10240
63.072,62.496,4872.3,26.0,4872.32,6.0,100.0,20.0,1,-20.0,10240
63.173,62.591,4872.4,21.0,4872.42,1.0,100.0,20.0,1,-20.0,10240
63.273,62.702,4872.5,32.0,4872.52,12.0,100.0,20.0,1,-20.0,10240
63.388,62.795,4872.6,25.0,4872.62,5.0,100.0,20.0,1,0.0,10240
63.474,62.899,4872.7,29.0,4872.72,9.0,100.0,20.0,1,0.0,10240
63.591,62.993,4872.8,23.0,4872.82,3.0,100.0,20.0,1,-20.0,10240
63.678,63.109,4872.9,39.0,4872.92,19.0,100.0,20.0,1,0.0,10240
63.777,63.209,4873.0,39.0,4873.02,19.0,100.0,20.0,0,20.0,10240
63.875,63.297,4873.1,27.0,4873.12,7.0,100.0,20.0,0,20.0,10240
63.974,63.403,4873.2,33.0,4873.22,13.0,100.0,20.0,1,-20.0,10240
64.077,63.498,4873.3,28.0,4873.32,8.0,100.0,20.0,1,-20.0,10240
64.179,63.609,4873.4,39.0,4873.42,19.0,100.0,20.0,0,20.0,10240
64.279,63.701,4873.5,31.0,4873.52,11.0,100.0,20.0,0,40.0,10240
64.378,63.798,4873.6,28.0,4873.62,8.0,100.0,20.0,1,0.0,10240
64.485,63.895,4873.7,25.0,4873.72,5.0,100.0,20.0,1,-20.0,10240
64.593,63.999,4873.8,29.0,4873.82,9.0,100.0,20.0,1,-20.0,10240
64.689,64.094,4873.9,24.0,4873.92,4.0,100.0,20.0,1,0.0,10240
64.793,64.196,4874.0,26.0,4874.02,6.0,100.0,20.0,1,-20.0,10240
64.89,64.295,4874.1,25.0,4874.12,5.0,100.0,20.0,1,-20.0,10240
64.989,64.398,4874.2,28.0,4874.22,8.0,100.0,20.0,1,-20.0,10240
65.086,64.5,4874.3,30.0,4874.32,10.0,100.0,20.0,1,0.0,10240
65.188,64.598,4874.4,28.0,4874.42,8.0,100.0,20.0,1,-20.0,10240
65.288,64.706,4874.5,36.0,4874.52,16.0,100.0,20.0,1,-20.0,10240
65.391,64.806,4874.6,36.0,4874.62,16.0,100.0,20.0,1,-20.0,10240
65.487,64.895,4874.7,25.0,4874.72,5.0,100.0,20.0,1,-20.0,10240
65.591,65.007,4874.8,37.0,4874.82,17.0,100.0,20.0,1,-20.0,10240
65.688,65.098,4874.9,28.0,4874.92,8.0,100.0,20.0,1,-20.0,10240
65.793,65.194,4875.0,24.0,4875.02,4.0,100.0,20.0,1,0.0,10240
65.896,65.305,4875.1,35.0,4875.12,15.0,100.0,20.0,1,-20.0,10240
65.993,65.396,4875.2,26.0,4875.22,6.0,100.0,20.0,1,0.0,10240
66.092,65.496,4875.3,26.0,4875.32,6.0,100.0,20.0,1,0.0,10240
66.194,65.598,4875.4,28.0,4875.42,8.0,100.0,20.0,1,0.0,10240
66.298,65.698,4875.5,28.0,4875.52,8.0,100.0,20.0,1,-20.0,10240
66.397,65.801,4875.6,31.0,4875.62,11.0,100.0,20.0,1,-20.0,10240
66.501,65.902,4875.7,32.0,4875.72,12.0,100.0,20.0,1,-20.0,10240
66.602,65.998,4875.8,28.0,4875.82,8.0,100.0,20.0,1,-20.0,10240
66.701,66.104,4875.9,34.0,4875.92,14.0,100.0,20.0,1,-20.0,10240
66.791,66.196,4876.0,26.0,4876.02,6.0,100.0,20.0,1,0.0,10240
66.895,66.307,4876.1,37.0,4876.12,17.0,100.0,20.0,1,-20.0,10240
66.994,66.406,4876.2,36.0,4876.22,16.0,100.0,20.0,1,-20.0,10240
67.098,66.509,4876.3,39.0,4876.32,19.0,100.0,20.0,1,-20.0,10240
67.204,66.615,4876.4,45.0,4876.44,5.0,100.0,20.0,1,0.0,10240
67.296,66.707,4876.5,37.0,4876.52,17.0,100.0,20.0,0,60.0,10240
67.394,66.802,4876.6,32.0,4876.62,12.0,100.0,20.0,0,60.0,10240
67.494,66.901,4876.7,31.0,4876.72,11.0,100.0,20.0,0,100.0,10240
67.594,67.003,4876.8,33.0,4876.82,13.0,100.0,20.0,0,80.0,10240
67.711,67.103,4876.9,33.0,4876.92,13.0,100.0,20.0,1,-20.0,10240
67.796,67.205,4877.0,35.0,4877.02,15.0,100.0,20.0,0,20.0,10240
67.896,67.305,4877.1,35.0,4877.12,15.0,100.0,20.0,0,60.0,10240
67.997,67.406,4877.2,36.0,4877.22,16.0,100.0,20.0,0,100.0,10240
68.1,67.509,4877.3,39.0,4877.32,19.0,100.0,20.0,0,80.0,10240
68.196,67.601,4877.4,31.0,4877.42,11.0,100.0,20.0,0,60.0,10240
68.299,67.702,4877.5,32.0,4877.52,12.0,100.0,20.0,0,80.0,10240
68.398,67.799,4877.6,29.0,4877.62,9.0,100.0,20.0,0,20.0,10240
68.499,67.905,4877.7,35.0,4877.72,15.0,100.0,20.0,0,60.0,10240
68.598,68.007,4877.8,37.0,4877.82,17.0,100.0,20.0,0,100.0,10240
68.701,68.11,4877.9,40.0,4877.94,0.0,100.0,20.0,0,60.0,10240
68.796,68.205,4878.0,35.0,4878.02,15.0,100.0,20.0,0,80.0,10240
68.904,68.312,4878.1,42.0,4878.14,2.0,100.0,20.0,0,60.0,10240
68.997,68.406,4878.2,36.0,4878.22,16.0,100.0,20.0,0,140.0,10240
69.109,68.506,4878.3,36.0,4878.32,16.0,100.0,20.0,0,60.0,10240
69.199,68.608,4878.4,38.0,4878.42,18.0,100.0,20.0,0,80.0,10240
69.3,68.701,4878.5,31.0,4878.52,11.0,100.0,20.0,0,80.0,10240
69.396,68.797,4878.6,27.0,4878.62,7.0,100.0,20.0,0,80.0,10240
69.509,68.909,4878.7,39.0,4878.72,19.0,100.0,20.0,0,40.0,10240
69.605,68.996,4878.8,26.0,4878.82,6.0,100.0,20.0,0,40.0,10240
69.697,69.099,4878.9,29.0,4878.92,9.0,100.0,20.0,0,100.0,10240
69.795,69.204,4879.0,34.0,4879.02,14.0,100.0,20.0,0,120.0,10240
69.911,69.299,4879.1,29.0,4879.12,9.0,100.0,20.0,1,0.0,10240
70.002,69.411,4879.2,41.0,4879.24,1.0,100.0,20.0,0,20.0,10240
70.112,69.498,4879.3,28.0,4879.32,8.0,100.0,20.0,1,-20.0,10240
70.22,69.603,4879.4,33.0,4879.42,13.0,100.0,20.0,1,-20.0,10240
70.318,69.707,4879.5,37.0,4879.52,17.0,100.0,20.0,1,0.0,10240
70.417,69.802,4879.6,32.0,4879.62,12.0,100.0,20.0,0,20.0,10240
70.522,69.906,4879.7,36.0,4879.72,16.0,100.0,20.0,0,20.0,10240
70.627,70.011,4879.8,41.0,4879.84,1.0,100.0,20.0,1,0.0,10240
70.729,70.11,4879.9,40.0,4879.92,20.0,100.0,20.0,0,40.0,10240
70.823,70.2,4880.0,30.0,4880.02,10.0,100.0,20.0,1,0.0,10240
70.926,70.296,4880.1,26.0,4880.12,6.0,100.0,20.0,1,-20.0,10240
71.028,70.412,4880.2,42.0,4880.24,2.0,100.0,20.0,0,20.0,10240
71.124,70.509,4880.3,39.0,4880.32,19.0,100.0,20.0,0,40.0,10240
71.229,70.599,4880.4,29.0,4880.42,9.0,100.0,20.0,1,-20.0,10240
71.337,70.694,4880.5,24.0,4880.52,4.0,100.0,20.0,1,-20.0,10240
71.424,70.806,4880.6,36.0,4880.62,16.0,100.0,20.0,1,0.0,10240
71.528,70.909,4880.7,39.0,4880.72,19.0,100.0,20.0,1,-20.0,10240
71.629,70.999,4880.8,29.0,4880.82,9.0,100.0,20.0,1,-20.0,10240
71.723,71.103,4880.9,33.0,4880.92,13.0,100.0,20.0,1,0.0,10240
71.824,71.198,4881.0,28.0,4881.02,8.0,100.0,20.0,0,20.0,10240
71.922,71.298,4881.1,28.0,4881.12,8.0,100.0,20.0,1,0.0,10240
72.026,71.402,4881.2,32.0,4881.22,12.0,100.0,20.0,1,-20.0,10240
72.124,71.495,4881.3,25.0,4881.32,5.0,100.0,20.0,1,-20.0,10240
72.234,71.608,4881.4,38.0,4881.42,18.0,100.0,20.0,1,-20.0,10240
72.325,71.699,4881.5,29.0,4881.52,9.0,100.0,20.0,1,-20.0,10240
72.422,71.801,4881.6,31.0,4881.62,11.0,100.0,20.0,0,20.0,10240
72.524,71.9,4881.7,30.0,4881.72,10.0,100.0,20.0,0,20.0,10240
72.627,72.004,4881.8,34.0,4881.82,14.0,100.0,20.0,1,-20.0,10240
72.723,72.097,4881.9,27.0,4881.92,7.0,100.0,20.0,1,-20.0,10240
72.83,72.202,4882.0,32.0,4882.02,12.0,100.0,20.0,1,-20.0,10240
72.927,72.298,4882.1,28.0,4882.12,8.0,100.0,20.0,1,-20.0,10240
73.039,72.404,4882.2,34.0,4882.22,14.0,100.0,20.0,1,-20.0,10240
73.136,72.501,4882.3,31.0,4882.32,11.0,100.0,20.0,1,0.0,10240
73.24,72.617,4882.4,47.0,4882.44,7.0,100.0,20.0,1,0.0,10240
73.331,72.696,4882.5,26.0,4882.52,6.0,100.0,20.0,1,-20.0,10240
73.43,72.798,4882.6,28.0,4882.62,8.0,100.0,20.0,1,-20.0,10240
73.534,72.908,4882.7,38.0,4882.72,18.0,100.0,20.0,1,-20.0,10240
73.632,72.994,4882.8,24.0,4882.82,4.0,100.0,20.0,1,-20.0,10240
73.735,73.1,4882.9,30.0,4882.92,10.0,100.0,20.0,1,-20.0,10240
73.833,73.2,4883.0,30.0,4883.02,10.0,100.0,20.0,1,-20.0,10240
73.938,73.302,4883.1,32.0,4883.12,12.0,100.0,20.0,1,-20.0,10240
74.037,73.397,4883.2,27.0,4883.22,7.0,100.0,20.0,1,-20.0,10240
74.134,73.503,4883.3,33.0,4883.32,13.0,100.0,20.0,1,0.0,10240
74.239,73.604,4883.4,34.0,4883.42,14.0,100.0,20.0,1,-20.0,10240
74.338,73.693,4883.5,23.0,4883.52,3.0,100.0,20.0,1,0.0,10240
74.441,73.796,4883.6,26.0,4883.62,6.0,100.0,20.0,1,-20.0,10240
74.54,73.894,4883.7,24.0,4883.72,4.0,100.0,20.0,1,0.0,10240
74.643,74.002,4883.8,32.0,4883.82,12.0,100.0,20.0,1,-20.0,10240
74.747,74.093,4883.9,23.0,4883.92,3.0,100.0,20.0,1,0.0,10240
74.848,74.208,4884.0,38.0,4884.02,18.0,100.0,20.0,1,0.0,10240
74.968,74.309,4884.1,39.0,4884.12,19.0,100.0,20.0,1,-20.0,10240
75.052,74.41,4884.2,40.0,4884.22,20.0,100.0,20.0,0,20.0,10240
75.153,74.511,4884.3,41.0,4884.34,1.0,100.0,20.0,0,60.0,10240
75.256,74.599,4884.4,29.0,4884.42,9.0,100.0,20.0,0,40.0,10240
75.344,74.697,4884.5,27.0,4884.52,7.0,100.0,20.0,1,-20.0,10240
75.452,74.8,4884.6,30.0,4884.62,10.0,100.0,20.0,1,-20.0,10240
75.546,74.901,4884.7,31.0,4884.72,11.0,100.0,20.0,1,-20.0,10240
75.654,74.996,4884.8,26.0,4884.82,6.0,100.0,20.0,1,-20.0,10240
75.755,75.109,4884.9,39.0,4884.92,19.0,100.0,20.0,1,0.0,10240
75.852,75.196,4885.0,26.0,4885.02,6.0,100.0,20.0,1,-20.0,10240
75.973,75.298,4885.1,28.0,4885.12,8.0,100.0,20.0,1,-20.0,10240
76.052,75.396,4885.2,26.0,4885.22,6.0,100.0,20.0,1,-20.0,10240
76.151,75.495,4885.3,25.0,4885.32,5.0,100.0,20.0,1,-20.0,10240
76.253,75.602,4885.4,32.0,4885.42,12.0,100.0,20.0,1,-20.0,10240
76.351,75.705,4885.5,35.0,4885.52,15.0,100.0,20.0,0,20.0,10240
76.45,75.802,4885.6,32.0,4885.62,12.0,100.0,20.0,0,60.0,10240
76.554,75.909,4885.7,39.0,4885.72,19.0,100.0,20.0,0,20.0,10240
76.652,76.007,4885.8,37.0,4885.82,17.0,100.0,20.0,1,-20.0,10240
76.752,76.104,4885.9,34.0,4885.92,14.0,100.0,20.0,1,0.0,10240
76.853,76.206,4886.0,36.0,4886.02,16.0,100.0,20.0,0,40.0,10240
76.962,76.303,4886.1,33.0,4886.12,13.0,100.0,20.0,0,20.0,10240
77.059,76.399,4886.2,29.0,4886.22,9.0,100.0,20.0,1,-20.0,10240
77.155,76.493,4886.3,23.0,4886.32,3.0,100.0,20.0,1,0.0,10240
77.262,76.605,4886.4,35.0,4886.42,15.0,100.0,20.0,1,-20.0,10240
77.372,76.705,4886.5,35.0,4886.52,15.0,100.0,20.0,1,-20.0,10240
77.458,76.801,4886.6,31.0,4886.62,11.0,100.0,20.0,1,-20.0,10240
77.56,76.892,4886.7,22.0,4886.72,2.0,100.0,20.0,1,0.0,10240
77.658,77.003,4886.8,33.0,4886.82,13.0,100.0,20.0,1,-20.0,10240
77.759,77.1,4886.9,30.0,4886.92,10.0,100.0,20.0,1,-20.0,10240
77.862,77.201,4887.0,31.0,4887.02,11.0,100.0,20.0,1,-20.0,10240
77.963,77.297,4887.1,27.0,4887.12,7.0,100.0,20.0,1,-20.0,10240
78.056,77.399,4887.2,29.0,4887.22,9.0,100.0,20.0,1,-20.0,10240
78.164,77.501,4887.3,31.0,4887.32,11.0,100.0,20.0,1,-20.0,10240
78.267,77.602,4887.4,32.0,4887.42,12.0,100.0,20.0,1,-20.0,10240
78.368,77.711,4887.5,41.0,4887.54,1.0,100.0,20.0,1,-20.0,10240
78.458,77.8,4887.6,30.0,4887.62,10.0,100.0,20.0,0,20.0,10240
78.56,77.896,4887.7,26.0,4887.72,6.0,100.0,20.0,1,-20.0,10240
78.663,78.001,4887.8,31.0,4887.82,11.0,100.0,20.0,1,-20.0,10240
78.77,78.102,4887.9,32.0,4887.92,12.0,100.0,20.0,1,-20.0,10240
78.891,78.195,4888.0,25.0,4888.02,5.0,100.0,20.0,1,-20.0,10240
78.971,78.307,4888.1,37.0,4888.12,17.0,100.0,20.0,1,-20.0,10240
79.066,78.404,4888.2,34.0,4888.22,14.0,100.0,20.0,1,-20.0,10240
79.164,78.492,4888.3,22.0,4888.32,2.0,100.0,20.0,1,0.0,10240
79.279,78.603,4888.4,33.0,4888.42,13.0,100.0,20.0,1,-20.0,10240
79.368,78.694,4888.5,24.0,4888.52,4.0,100.0,20.0,1,0.0,10240
79.467,78.8,4888.6,30.0,4888.62,10.0,100.0,20.0,1,-20.0,10240
79.566,78.894,4888.7,24.0,4888.72,4.0,100.0,20.0,1,0.0,10240
79.669,78.998,4888.8,28.0,4888.82,8.0,100.0,20.0,1,-20.0,10240
79.774,79.102,4888.9,32.0,4888.92,12.0,100.0,20.0,1,-20.0,10240
79.87,79.2,4889.0,30.0,4889.02,10.0,100.0,20.0,1,-20.0,10240
79.964,79.292,4889.1,22.0,4889.12,2.0,100.0,20.0,1,0.0,10240
80.068,79.394,4889.2,24.0,4889.22,4.0,100.0,20.0,1,-20.0,10240
80.177,79.496,4889.3,26.0,4889.32,6.0,100.0,20.0,1,0.0,10240
80.291,79.594,4889.4,24.0,4889.42,4.0,100.0,20.0,1,-20.0,10240
80.383,79.698,4889.5,28.0,4889.52,8.0,100.0,20.0,1,-20.0,10240
80.481,79.795,4889.6,25.0,4889.62,5.0,100.0,20.0,1,-20.0,10240
80.581,79.897,4889.7,27.0,4889.72,7.0,100.0,20.0,1,-20.0,10240
80.691,79.992,4889.8,22.0,4889.82,2.0,100.0,20.0,1,0.0,10240
80.789,80.093,4889.9,23.0,4889.92,3.0,100.0,20.0,1,-20.0,10240
80.893,80.21,4890.0,40.0,4890.02,20.0,100.0,20.0,1,-20.0,10240
80.995,80.301,4890.1,31.0,4890.12,11.0,100.0,20.0,1,0.0,10240
81.091,80.401,4890.2,31.0,4890.22,11.0,100.0,20.0,1,-20.0,10240
81.188,80.496,4890.3,26.0,4890.32,6.0,100.0,20.0,1,0.0,10240
81.29,80.606,4890.4,36.0,4890.42,16.0,100.0,20.0,1,-20.0,10240
81.388,80.694,4890.5,24.0,4890.52,4.0,100.0,20.0,1,0.0,10240
81.492,80.79,4890.6,20.0,4890.6,20.0,100.0,20.0,1,0.0,10240
81.589,80.903,4890.7,33.0,4890.72,13.0,100.0,20.0,1,-20.0,10240
81.692,81.006,4890.8,36.0,4890.82,16.0,100.0,20.0,1,-20.0,10240
81.801,81.105,4890.9,35.0,4890.92,15.0,100.0,20.0,1,-20.0,10240
81.901,81.196,4891.0,26.0,4891.02,6.0,100.0,20.0,1,-20.0,10240
82.004,81.293,4891.1,23.0,4891.12,3.0,100.0,20.0,1,-20.0,10240
82.102,81.399,4891.2,29.0,4891.22,9.0,100.0,20.0,1,-20.0,10240
82.199,81.496,4891.3,26.0,4891.32,6.0,100.0,20.0,1,-20.0,10240
82.306,81.592,4891.4,22.0,4891.42,2.0,100.0,20.0,1,0.0,10240
82.407,81.705,4891.5,35.0,4891.52,15.0,100.0,20.0,0,20.0,10240
82.506,81.806,4891.6,36.0,4891.62,16.0,100.0,20.0,0,40.0,10240
82.6,81.895,4891.7,25.0,4891.72,5.0,100.0,20.0,1,0.0,10240
82.702,82.003,4891.8,33.0,4891.82,13.0,100.0,20.0,1,0.0,10240
82.815,82.1,4891.9,30.0,4891.92,10.0,100.0,20.0,1,0.0,10240
82.909,82.192,4892.0,22.0,4892.02,2.0,100.0,20.0,1,0.0,10240
83.02,82.297,4892.1,27.0,4892.12,7.0,100.0,20.0,1,-20.0,10240
83.114,82.396,4892.2,26.0,4892.22,6.0,100.0,20.0,1,-20.0,10240
83.215,82.494,4892.3,24.0,4892.32,4.0,100.0,20.0,1,-20.0,10240
83.314,82.593,4892.4,23.0,4892.42,3.0,100.0,20.0,1,0.0,10240
83.424,82.708,4892.5,38.0,4892.52,18.0,100.0,20.0,1,-20.0,10240
83.529,82.811,4892.6,41.0,4892.64,1.0,100.0,20.0,1,-20.0,10240
83.616,82.903,4892.7,33.0,4892.72,13.0,100.0,20.0,1,-20.0,10240
83.731,83.009,4892.8,39.0,4892.82,19.0,100.0,20.0,1,-20.0,10240
83.817,83.092,4892.9,22.0,4892.92,2.0,100.0,20.0,1,-20.0,10240
83.92,83.206,4893.0,36.0,4893.02,16.0,100.0,20.0,1,0.0,10240
84.016,83.298,4893.1,28.0,4893.12,8.0,100.0,20.0,1,-20.0,10240
84.116,83.394,4893.2,24.0,4893.22,4.0,100.0,20.0,1,-20.0,10240
84.225,83.502,4893.3,32.0,4893.32,12.0,100.0,20.0,1,-20.0,10240
84.318,83.602,4893.4,32.0,4893.42,12.0,100.0,20.0,1,-20.0,10240
84.426,83.699,4893.5,29.0,4893.52,9.0,100.0,20.0,1,-20.0,10240
84.53,83.802,4893.6,32.0,4893.62,12.0,100.0,20.0,1,-20.0,10240
84.624,83.9,4893.7,30.0,4893.72,10.0,100.0,20.0,1,-20.0,10240
84.729,83.994,4893.8,24.0,4893.82,4.0,100.0,20.0,1,0.0,10240
84.826,84.101,4893.9,31.0,4893.92,11.0,100.0,20.0,1,-20.0,10240
84.923,84.204,4894.0,34.0,4894.02,14.0,100.0,20.0,1,-20.0,10240
85.027,84.305,4894.1,35.0,4894.12,15.0,100.0,20.0,1,-20.0,10240
85.132,84.405,4894.2,35.0,4894.22,15.0,100.0,20.0,1,-20.0,10240
85.239,84.512,4894.3,42.0,4894.34,2.0,100.0,20.0,1,-20.0,10240
85.33,84.601,4894.4,31.0,4894.42,11.0,100.0,20.0,1,-20.0,10240
85.428,84.695,4894.5,25.0,4894.52,5.0,100.0,20.0,1,-20.0,10240
85.531,84.798,4894.6,28.0,4894.62,8.0,100.0,20.0,1,-20.0,10240
85.63,84.906,4894.7,36.0,4894.72,16.0,100.0,20.0,1,-20.0,10240
85.733,84.994,4894.8,24.0,4894.82,4.0,100.0,20.0,1,-20.0,10240
85.831,85.093,4894.9,23.0,4894.92,3.0,100.0,20.0,1,0.0,10240
85.933,85.196,4895.0,26.0,4895.02,6.0,100.0,20.0,1,-20.0,10240
86.037,85.31,4895.1,40.0,4895.12,20.0,100.0,20.0,1,-20.0,10240
86.134,85.393,4895.2,23.0,4895.22,3.0,100.0,20.0,1,-20.0,10240
86.241,85.503,4895.3,33.0,4895.32,13.0,100.0,20.0,1,-20.0,10240
86.339,85.603,4895.4,33.0,4895.42,13.0,100.0,20.0,1,-20.0,10240
86.44,85.704,4895.5,34.0,4895.52,14.0,100.0,20.0,1,-20.0,10240
86.535,85.797,4895.6,27.0,4895.62,7.0,100.0,20.0,1,-20.0,10240
86.641,85.903,4895.7,33.0,4895.72,13.0,100.0,20.0,1,-20.0,10240
86.74,86.001,4895.8,31.0,4895.82,11.0,100.0,20.0,1,-20.0,10240
86.836,86.107,4895.9,37.0,4895.92,17.0,100.0,20.0,1,-20.0,10240
86.94,86.199,4896.0,29.0,4896.02,9.0,100.0,20.0,1,-20.0,10240
87.038,86.308,4896.1,38.0,4896.12,18.0,100.0,20.0,1,-20.0,10240
87.135,86.401,4896.2,31.0,4896.22,11.0,100.0,20.0,1,0.0,10240
87.239,86.507,4896.3,37.0,4896.32,17.0,100.0,20.0,1,-20.0,10240
87.335,86.601,4896.4,31.0,4896.42,11.0,100.0,20.0,0,20.0,10240
87.438,86.708,4896.5,38.0,4896.52,18.0,100.0,20.0,0,60.0,10240
87.536,86.793,4896.6,23.0,4896.62,3.0,100.0,20.0,1,0.0,10240
87.64,86.9,4896.7,30.0,4896.72,10.0,100.0,20.0,1,-20.0,10240
87.744,86.996,4896.8,26.0,4896.82,6.0,100.0,20.0,1,-20.0,10240
87.839,87.096,4896.9,26.0,4896.92,6.0,100.0,20.0,1,-20.0,10240
87.94,87.194,4897.0,24.0,4897.02,4.0,100.0,20.0,1,-20.0,10240
88.041,87.294,4897.1,24.0,4897.12,4.0,100.0,20.0,1,-20.0,10240
88.136,87.402,4897.2,32.0,4897.22,12.0,100.0,20.0,1,-20.0,10240
88.247,87.503,4897.3,33.0,4897.32,13.0,100.0,20.0,1,-20.0,10240
88.344,87.601,4897.4,31.0,4897.42,11.0,100.0,20.0,1,-20.0,10240
88.443,87.697,4897.5,27.0,4897.52,7.0,100.0,20.0,1,-20.0,10240
88.539,87.794,4897.6,24.0,4897.62,4.0,100.0,20.0,1,0.0,10240
88.64,87.901,4897.7,31.0,4897.72,11.0,100.0,20.0,1,-20.0,10240
88.741,87.992,4897.8,22.0,4897.82,2.0,100.0,20.0,1,-20.0,10240
88.842,88.099,4897.9,29.0,4897.92,9.0,100.0,20.0,1,-20.0,10240
88.938,88.196,4898.0,26.0,4898.02,6.0,100.0,20.0,1,0.0,10240
89.046,88.296,4898.1,26.0,4898.12,6.0,100.0,20.0,1,-20.0,10240
89.143,88.392,4898.2,22.0,4898.22,2.0,100.0,20.0,1,0.0,10240
89.246,88.506,4898.3,36.0,4898.32,16.0,100.0,20.0,1,-20.0,10240
89.348,88.598,4898.4,28.0,4898.42,8.0,100.0,20.0,1,-20.0,10240
89.447,88.701,4898.5,31.0,4898.52,11.0,100.0,20.0,1,-20.0,10240
89.546,88.805,4898.6,35.0,4898.62,15.0,100.0,20.0,1,-20.0,10240
89.646,88.891,4898.7,21.0,4898.72,1.0,100.0,20.0,1,0.0,10240
89.749,88.998,4898.8,28.0,4898.82,8.0,100.0,20.0,1,-20.0,10240
89.845,89.098,4898.9,28.0,4898.92,8.0,100.0,20.0,1,-20.0,10240
89.947,89.199,4899.0,29.0,4899.02,9.0,100.0,20.0,1,-20.0,10240
90.043,89.3,4899.1,30.0,4899.12,10.0,100.0,20.0,1,-20.0,10240
90.146,89.406,4899.2,36.0,4899.22,16.0,100.0,20.0,1,-20.0,10240
90.246,89.496,4899.3,26.0,4899.32,6.0,100.0,20.0,1,-20.0,10240
90.343,89.602,4899.4,32.0,4899.42,12.0,100.0,20.0,1,0.0,10240
90.444,89.705,4899.5,35.0,4899.52,15.0,100.0,20.0,1,0.0,10240
90.546,89.804,4899.6,34.0,4899.62,14.0,100.0,20.0,1,-20.0,10240
90.646,89.897,4899.7,27.0,4899.72,7.0,100.0,20.0,1,-20.0,10240
90.753,89.999,4899.8,29.0,4899.82,9.0,100.0,20.0,1,-20.0,10240
90.841,90.096,4899.9,26.0,4899.92,6.0,100.0,20.0,1,0.0,10240
90.949,90.201,4900.0,31.0,4900.02,11.0,100.0,20.0,1,-20.0,10240
91.044,90.297,4900.1,27.0,4900.12,7.0,100.0,20.0,1,-20.0,10240
91.146,90.396,4900.2,26.0,4900.22,6.0,100.0,20.0,1,-20.0,10240
91.259,90.503,4900.3,33.0,4900.32,13.0,100.0,20.0,1,-20.0,10240
91.357,90.605,4900.4,35.0,4900.42,15.0,100.0,20.0,1,-20.0,10240
91.45,90.702,4900.5,32.0,4900.52,12.0,100.0,20.0,1,0.0,10240
91.555,90.795,4900.6,25.0,4900.62,5.0,100.0,20.0,1,-20.0,10240
91.659,90.895,4900.7,25.0,4900.72,5.0,100.0,20.0,1,-20.0,10240
91.764,91.003,4900.8,33.0,4900.82,13.0,100.0,20.0,1,-20.0,10240
91.855,91.107,4900.9,37.0,4900.92,17.0,100.0,20.0,1,-20.0,10240
91.959,91.207,4901.0,37.0,4901.02,17.0,100.0,20.0,1,-20.0,10240
92.055,91.293,4901.1,23.0,4901.12,3.0,100.0,20.0,1,-20.0,10240
92.16,91.402,4901.2,32.0,4901.22,12.0,100.0,20.0,1,-20.0,10240
92.26,91.5,4901.3,30.0,4901.32,10.0,100.0,20.0,1,-20.0,10240
92.351,91.593,4901.4,23.0,4901.42,3.0,100.0,20.0,1,-20.0,10240
92.451,91.69,4901.5,20.0,4901.5,20.0,100.0,20.0,1,0.0,10240
92.554,91.795,4901.6,25.0,4901.62,5.0,100.0,20.0,1,-20.0,10240
92.656,91.895,4901.7,25.0,4901.72,5.0,100.0,20.0,1,-20.0,10240
92.759,91.993,4901.8,23.0,4901.82,3.0,100.0,20.0,1,-20.0,10240
92.851,92.092,4901.9,22.0,4901.92,2.0,100.0,20.0,1,-20.0,10240
92.951,92.2,4902.0,30.0,4902.02,10.0,100.0,20.0,1,0.0,10240
93.056,92.294,4902.1,24.0,4902.12,4.0,100.0,20.0,1,-20.0,10240
93.155,92.399,4902.2,29.0,4902.22,9.0,100.0,20.0,1,0.0,10240
93.254,92.495,4902.3,25.0,4902.32,5.0,100.0,20.0,1,0.0,10240
93.354,92.6,4902.4,30.0,4902.42,10.0,100.0,20.0,1,-20.0,10240
93.452,92.69,4902.5,20.0,4902.52,0.0,100.0,20.0,1,-20.0,10240
93.557,92.797,4902.6,27.0,4902.62,7.0,100.0,20.0,1,0.0,10240
93.675,92.894,4902.7,24.0,4902.72,4.0,100.0,20.0,1,-20.0,10240
93.763,93.005,4902.8,35.0,4902.82,15.0,100.0,20.0,1,-20.0,10240
93.867,93.098,4902.9,28.0,4902.92,8.0,100.0,20.0,1,-20.0,10240
93.97,93.205,4903.0,35.0,4903.02,15.0,100.0,20.0,1,-20.0,10240
94.064,93.295,4903.1,25.0,4903.12,5.0,100.0,20.0,1,-20.0,10240
94.164,93.402,4903.2,32.0,4903.22,12.0,100.0,20.0,1,0.0,10240
94.269,93.501,4903.3,31.0,4903.32,11.0,100.0,20.0,0,20.0,10240
94.363,93.602,4903.4,32.0,4903.42,12.0,100.0,20.0,0,60.0,10240
94.467,93.701,4903.5,31.0,4903.52,11.0,100.0,20.0,0,60.0,10240
94.568,93.802,4903.6,32.0,4903.62,12.0,100.0,20.0,0,60.0,10240
94.676,93.898,4903.7,28.0,4903.72,8.0,100.0,20.0,0,80.0,10240
94.776,94.004,4903.8,34.0,4903.82,14.0,100.0,20.0,1,0.0,10240
94.878,94.109,4903.9,39.0,4903.92,19.0,100.0,20.0,1,0.0,10240
94.973,94.206,4904.0,36.0,4904.02,16.0,100.0,20.0,0,20.0,10240
95.077,94.307,4904.1,37.0,4904.12,17.0,100.0,20.0,0,40.0,10240
95.182,94.408,4904.2,38.0,4904.22,18.0,100.0,20.0,0,20.0,10240
95.294,94.502,4904.3,32.0,4904.32,12.0,100.0,20.0,1,0.0,10240
95.392,94.593,4904.4,23.0,4904.42,3.0,100.0,20.0,1,-20.0,10240
95.48,94.696,4904.5,26.0,4904.52,6.0,100.0,20.0,1,0.0,10240
95.582,94.801,4904.6,31.0,4904.62,11.0,100.0,20.0,0,40.0,10240
95.681,94.906,4904.7,36.0,4904.72,16.0,100.0,20.0,0,60.0,10240
95.782,94.998,4904.8,28.0,4904.82,8.0,100.0,20.0,0,40.0,10240
95.885,95.101,4904.9,31.0,4904.92,11.0,100.0,20.0,0,80.0,10240
95.981,95.195,4905.0,25.0,4905.02,5.0,100.0,20.0,0,40.0,10240
96.084,95.294,4905.1,24.0,4905.12,4.0,100.0,20.0,0,40.0,10240
96.185,95.406,4905.2,36.0,4905.22,16.0,100.0,20.0,0,100.0,10240
96.283,95.496,4905.3,26.0,4905.32,6.0,100.0,20.0,0,60.0,10240
96.383,95.602,4905.4,32.0,4905.42,12.0,100.0,20.0,0,80.0,10240
96.481,95.703,4905.5,33.0,4905.52,13.0,100.0,20.0,0,120.0,10240
96.586,95.808,4905.6,38.0,4905.62,18.0,100.0,20.0,0,20.0,10240
96.694,95.916,4905.7,46.0,4905.74,6.0,100.0,20.0,0,60.0,10240
96.787,96.001,4905.8,31.0,4905.82,11.0,100.0,20.0,0,80.0,10240
96.883,96.092,4905.9,22.0,4905.92,2.0,100.0,20.0,0,100.0,10240
96.987,96.208,4906.0,38.0,4906.02,18.0,100.0,20.0,0,60.0,10240
97.089,96.295,4906.1,25.0,4906.12,5.0,100.0,20.0,0,60.0,10240
97.186,96.399,4906.2,29.0,4906.22,9.0,100.0,20.0,0,120.0,10240
97.286,96.496,4906.3,26.0,4906.32,6.0,100.0,20.0,0,40.0,10240
97.391,96.596,4906.4,26.0,4906.42,6.0,100.0,20.0,1,-20.0,10240
97.487,96.695,4906.5,25.0,4906.52,5.0,100.0,20.0,1,-20.0,10240
97.589,96.806,4906.6,36.0,4906.62,16.0,100.0,20.0,1,-20.0,10240
97.689,96.904,4906.7,34.0,4906.72,14.0,100.0,20.0,1,-20.0,10240
97.79,97.006,4906.8,36.0,4906.82,16.0,100.0,20.0,1,-20.0,10240
97.89,97.099,4906.9,29.0,4906.92,9.0,100.0,20.0,1,-20.0,10240
97.993,97.202,4907.0,32.0,4907.02,12.0,100.0,20.0,1,0.0,10240
98.093,97.31,4907.1,40.0,4907.12,20.0,100.0,20.0,0,40.0,10240
98.189,97.397,4907.2,27.0,4907.22,7.0,100.0,20.0,0,60.0,10240
98.289,97.493,4907.3,23.0,4907.32,3.0,100.0,20.0,0,60.0,10240
98.394,97.596,4907.4,26.0,4907.42,6.0,100.0,20.0,0,20.0,10240
98.493,97.703,4907.5,33.0,4907.52,13.0,100.0,20.0,1,0.0,10240
98.6,97.811,4907.6,41.0,4907.64,1.0,100.0,20.0,0,40.0,10240
98.692,97.895,4907.7,25.0,4907.72,5.0,100.0,20.0,0,40.0,10240
98.789,97.993,4907.8,23.0,4907.82,3.0,100.0,20.0,1,-20.0,10240
98.891,98.102,4907.9,32.0,4907.92,12.0,100.0,20.0,1,-20.0,10240
99.01,98.203,4908.0,33.0,4908.02,13.0,100.0,20.0,1,-20.0,10240
99.097,98.297,4908.1,27.0,4908.12,7.0,100.0,20.0,1,-20.0,10240
99.201,98.405,4908.2,35.0,4908.22,15.0,100.0,20.0,1,-20.0,10240
99.294,98.497,4908.3,27.0,4908.32,7.0,100.0,20.0,1,0.0,10240
99.401,98.597,4908.4,27.0,4908.42,7.0,100.0,20.0,1,-20.0,10240
99.495,98.696,4908.5,26.0,4908.52,6.0,100.0,20.0,1,-20.0,10240
99.597,98.793,4908.6,23.0,4908.62,3.0,100.0,20.0,1,-20.0,10240
99.724,98.894,4908.7,24.0,4908.72,4.0,100.0,20.0,1,-20.0,10240
99.808,98.99,4908.8,20.0,4908.8,20.0,100.0,20.0,1,0.0,10240
99.917,99.096,4908.9,26.0,4908.92,6.0,100.0,20.0,1,-20.0,10240
100.044,99.196,4909.0,26.0,4909.02,6.0,100.0,20.0,1,-20.0,10240
100.12,99.299,4909.1,29.0,4909.12,9.0,100.0,20.0,1,-20.0,10240
100.228,99.398,4909.2,28.0,4909.22,8.0,100.0,20.0,1,-20.0,10240
100.327,99.502,4909.3,32.0,4909.32,12.0,100.0,20.0,1,-20.0,10240
100.425,99.608,4909.4,38.0,4909.42,18.0,100.0,20.0,1,-20.0,10240
100.533,99.699,4909.5,29.0,4909.52,9.0,100.0,20.0,1,-20.0,10240
100.621,99.8,4909.6,30.0,4909.62,10.0,100.0,20.0,1,-20.0,10240
100.728,99.908,4909.7,38.0,4909.72,18.0,100.0,20.0,1,-20.0,10240
100.823,99.99,4909.8,20.0,4909.8,20.0,100.0,20.0,1,0.0,10240
100.933,100.092,4909.9,22.0,4909.92,2.0,100.0,20.0,1,0.0,10240
101.036,100.2,4910.0,30.0,4910.02,10.0,100.0,20.0,1,-20.0,10240
101.134,100.295,4910.1,25.0,4910.12,5.0,100.0,20.0,1,0.0,10240
101.255,100.418,4910.2,48.0,4910.24,8.0,100.0,20.0,1,-20.0,10240
101.351,100.514,4910.3,44.0,4910.34,4.0,100.0,20.0,1,-20.0,10240
101.444,100.605,4910.4,35.0,4910.42,15.0,100.0,20.0,1,-20.0,10240
101.552,100.694,4910.5,24.0,4910.52,4.0,100.0,20.0,1,0.0,10240
101.648,100.797,4910.6,27.0,4910.62,7.0,100.0,20.0,1,-20.0,10240
101.745,100.908,4910.7,38.0,4910.72,18.0,100.0,20.0,1,0.0,10240
101.844,101.007,4910.8,37.0,4910.82,17.0,100.0,20.0,0,60.0,10240
101.943,101.097,4910.9,27.0,4910.92,7.0,100.0,20.0,1,0.0,10240
102.049,101.211,4911.0,41.0,4911.04,1.0,100.0,20.0,0,40.0,10240
102.144,101.294,4911.1,24.0,4911.12,4.0,100.0,20.0,1,-20.0,10240
102.251,101.414,4911.2,44.0,4911.24,4.0,100.0,20.0,1,-20.0,10240
102.348,101.496,4911.3,26.0,4911.32,6.0,100.0,20.0,1,0.0,10240
102.45,101.602,4911.4,32.0,4911.42,12.0,100.0,20.0,1,-20.0,10240
102.553,101.704,4911.5,34.0,4911.52,14.0,100.0,20.0,1,-20.0,10240
102.651,101.81,4911.6,40.0,4911.64,0.0,100.0,20.0,1,0.0,10240
102.746,101.904,4911.7,34.0,4911.72,14.0,100.0,20.0,1,0.0,10240
102.847,101.995,4911.8,25.0,4911.82,5.0,100.0,20.0,1,0.0,10240
102.955,102.098,4911.9,28.0,4911.92,8.0,100.0,20.0,1,-20.0,10240
103.055,102.207,4912.0,37.0,4912.02,17.0,100.0,20.0,1,0.0,10240
103.156,102.307,4912.1,37.0,4912.12,17.0,100.0,20.0,0,40.0,10240
103.276,102.42,4912.2,50.0,4912.24,10.0,100.0,20.0,1,0.0,10240
103.351,102.495,4912.3,25.0,4912.32,5.0,100.0,20.0,1,-20.0,10240
103.461,102.591,4912.4,21.0,4912.42,1.0,100.0,20.0,1,0.0,10240
103.558,102.703,4912.5,33.0,4912.52,13.0,100.0,20.0,1,0.0,10240
103.659,102.801,4912.6,31.0,4912.62,11.0,100.0,20.0,1,0.0,10240
103.763,102.911,4912.7,41.0,4912.74,1.0,100.0,20.0,1,0.0,10240
103.858,103.001,4912.8,31.0,4912.82,11.0,100.0,20.0,0,40.0,10240
103.956,103.102,4912.9,32.0,4912.92,12.0,100.0,20.0,0,40.0,10240
104.061,103.193,4913.0,23.0,4913.02,3.0,100.0,20.0,0,100.0,10240
104.157,103.296,4913.1,26.0,4913.12,6.0,100.0,20.0,0,20.0,10240
104.268,103.413,4913.2,43.0,4913.24,3.0,100.0,20.0,1,-20.0,10240
104.367,103.495,4913.3,25.0,4913.32,5.0,100.0,20.0,1,0.0,10240
104.468,103.598,4913.4,28.0,4913.42,8.0,100.0,20.0,1,-20.0,10240
104.567,103.706,4913.5,36.0,4913.52,16.0,100.0,20.0,1,-20.0,10240
104.667,103.797,4913.6,27.0,4913.62,7.0,100.0,20.0,1,-20.0,10240
104.773,103.905,4913.7,35.0,4913.72,15.0,100.0,20.0,1,-20.0,10240
104.868,104.007,4913.8,37.0,4913.82,17.0,100.0,20.0,1,-20.0,10240
104.963,104.102,4913.9,32.0,4913.92,12.0,100.0,20.0,1,0.0,10240
105.07,104.199,4914.0,29.0,4914.02,9.0,100.0,20.0,1,-20.0,10240
105.166,104.3,4914.1,30.0,4914.12,10.0,100.0,20.0,1,-20.0,10240
105.273,104.405,4914.2,35.0,4914.22,15.0,100.0,20.0,1,-20.0,10240
105.387,104.504,4914.3,34.0,4914.32,14.0,100.0,20.0,1,-20.0,10240
105.473,104.597,4914.4,27.0,4914.42,7.0,100.0,20.0,1,-20.0,10240
105.564,104.694,4914.5,24.0,4914.52,4.0,100.0,20.0,1,0.0,10240
105.668,104.802,4914.6,32.0,4914.62,12.0,100.0,20.0,1,-20.0,10240
105.77,104.904,4914.7,34.0,4914.72,14.0,100.0,20.0,1,-20.0,10240
105.869,105.004,4914.8,34.0,4914.82,14.0,100.0,20.0,1,-20.0,10240
105.966,105.094,4914.9,24.0,4914.92,4.0,100.0,20.0,1,0.0,10240
106.067,105.195,4915.0,25.0,4915.02,5.0,100.0,20.0,1,-20.0,10240
106.166,105.297,4915.1,27.0,4915.12,7.0,100.0,20.0,1,0.0,10240
106.27,105.397,4915.2,27.0,4915.22,7.0,100.0,20.0,1,-20.0,10240
106.369,105.49,4915.3,20.0,4915.32,0.0,100.0,20.0,1,0.0,10240
106.472,105.599,4915.4,29.0,4915.42,9.0,100.0,20.0,1,-20.0,10240
106.569,105.701,4915.5,31.0,4915.52,11.0,100.0,20.0,1,-20.0,10240
106.672,105.803,4915.6,33.0,4915.62,13.0,100.0,20.0,1,-20.0,10240
106.773,105.9,4915.7,30.0,4915.72,10.0,100.0,20.0,1,-20.0,10240
106.872,105.997,4915.8,27.0,4915.82,7.0,100.0,20.0,1,-20.0,10240
106.97,106.1,4915.9,30.0,4915.92,10.0,100.0,20.0,1,-20.0,10240
107.073,106.203,4916.0,33.0,4916.02,13.0,100.0,20.0,1,-20.0,10240
107.168,106.281,4916.1,11.0,4916.1,11.0,100.0,20.0,1,0.0,10240
107.281,106.395,4916.2,25.0,4916.22,5.0,100.0,20.0,1,0.0,10240
107.38,106.504,4916.3,34.0,4916.32,14.0,100.0,20.0,1,0.0,10240
107.483,106.596,4916.4,26.0,4916.42,6.0,100.0,20.0,1,-20.0,10240
107.58,106.694,4916.5,24.0,4916.52,4.0,100.0,20.0,1,0.0,10240
107.683,106.8,4916.6,30.0,4916.62,10.0,100.0,20.0,1,-20.0,10240
107.782,106.896,4916.7,26.0,4916.72,6.0,100.0,20.0,1,0.0,10240
107.884,107.0,4916.8,30.0,4916.82,10.0,100.0,20.0,1,-20.0,10240
107.983,107.094,4916.9,24.0,4916.92,4.0,100.0,20.0,1,-20.0,10240
108.083,107.197,4917.0,27.0,4917.02,7.0,100.0,20.0,1,-20.0,10240
108.183,107.296,4917.1,26.0,4917.12,6.0,100.0,20.0,1,-20.0,10240
108.284,107.409,4917.2,39.0,4917.22,19.0,100.0,20.0,1,0.0,10240
108.385,107.493,4917.3,23.0,4917.32,3.0,100.0,20.0,1,0.0,10240
108.487,107.594,4917.4,24.0,4917.42,4.0,100.0,20.0,1,-20.0,10240
108.584,107.696,4917.5,26.0,4917.52,6.0,100.0,20.0,1,0.0,10240
108.687,107.807,4917.6,37.0,4917.62,17.0,100.0,20.0,1,0.0,10240
108.783,107.907,4917.7,37.0,4917.72,17.0,100.0,20.0,0,40.0,10240
108.883,108.007,4917.8,37.0,4917.82,17.0,100.0,20.0,0,20.0,10240
108.988,108.093,4917.9,23.0,4917.92,3.0,100.0,20.0,0,20.0,10240
109.086,108.203,4918.0,33.0,4918.02,13.0,100.0,20.0,0,40.0,10240
109.187,108.299,4918.1,29.0,4918.12,9.0,100.0,20.0,0,40.0,10240
109.286,108.394,4918.2,24.0,4918.22,4.0,100.0,20.0,1,0.0,10240
109.391,108.494,4918.3,24.0,4918.32,4.0,100.0,20.0,1,0.0,10240
109.493,108.605,4918.4,35.0,4918.42,15.0,100.0,20.0,0,20.0,10240
109.594,108.707,4918.5,37.0,4918.52,17.0,100.0,20.0,0,60.0,10240
109.69,108.798,4918.6,28.0,4918.62,8.0,100.0,20.0,0,60.0,10240
109.797,108.896,4918.7,26.0,4918.72,6.0,100.0,20.0,0,20.0,10240
109.9,109.003,4918.8,33.0,4918.82,13.0,100.0,20.0,0,60.0,10240
110.004,109.107,4918.9,37.0,4918.92,17.0,100.0,20.0,0,60.0,10240
110.1,109.206,4919.0,36.0,4919.02,16.0,100.0,20.0,0,80.0,10240
110.205,109.308,4919.1,38.0,4919.12,18.0,100.0,20.0,0,100.0,10240
110.299,109.408,4919.2,38.0,4919.22,18.0,100.0,20.0,0,60.0,10240
110.4,109.507,4919.3,37.0,4919.32,17.0,100.0,20.0,0,40.0,10240
110.508,109.599,4919.4,29.0,4919.42,9.0,100.0,20.0,1,0.0,10240
110.597,109.705,4919.5,35.0,4919.52,15.0,100.0,20.0,1,-20.0,10240
110.7,109.807,4919.6,37.0,4919.62,17.0,100.0,20.0,0,40.0,10240
110.8,109.899,4919.7,29.0,4919.72,9.0,100.0,20.0,0,80.0,10240
110.898,110.001,4919.8,31.0,4919.82,11.0,100.0,20.0,0,60.0,10240
111.003,110.108,4919.9,38.0,4919.92,18.0,100.0,20.0,0,20.0,10240
111.118,110.201,4920.0,31.0,4920.02,11.0,100.0,20.0,1,-20.0,10240
111.206,110.3,4920.1,30.0,4920.12,10.0,100.0,20.0,1,-20.0,10240
111.303,110.392,4920.2,22.0,4920.22,2.0,100.0,20.0,1,-20.0,10240
111.407,110.498,4920.3,28.0,4920.32,8.0,100.0,20.0,1,-20.0,10240
111.516,110.618,4920.4,48.0,4920.44,8.0,100.0,20.0,1,-20.0,10240
111.606,110.708,4920.5,38.0,4920.52,18.0,100.0,20.0,0,40.0,10240
111.702,110.799,4920.6,29.0,4920.62,9.0,100.0,20.0,0,80.0,10240
111.804,110.896,4920.7,26.0,4920.72,6.0,100.0,20.0,1,0.0,10240
111.901,110.986,4920.8,16.0,4920.8,16.0,100.0,20.0,1,0.0,10240
112.026,111.116,4920.9,46.0,4920.94,6.0,100.0,20.0,1,0.0,10240
112.113,111.195,4921.0,25.0,4921.02,5.0,100.0,20.0,0,40.0,10240
112.218,111.307,4921.1,37.0,4921.12,17.0,100.0,20.0,0,20.0,10240
112.319,111.398,4921.2,28.0,4921.22,8.0,100.0,20.0,1,-20.0,10240
112.422,111.5,4921.3,30.0,4921.32,10.0,100.0,20.0,1,0.0,10240
112.525,111.613,4921.4,43.0,4921.44,3.0,100.0,20.0,1,-20.0,10240
112.618,111.695,4921.5,25.0,4921.52,5.0,100.0,20.0,1,-20.0,10240
112.719,111.796,4921.6,26.0,4921.62,6.0,100.0,20.0,1,-20.0,10240
112.817,111.901,4921.7,31.0,4921.72,11.0,100.0,20.0,1,0.0,10240
112.922,112.004,4921.8,34.0,4921.82,14.0,100.0,20.0,1,-20.0,10240
113.023,112.101,4921.9,31.0,4921.92,11.0,100.0,20.0,1,-20.0,10240
113.123,112.206,4922.0,36.0,4922.02,16.0,100.0,20.0,1,-20.0,10240
113.231,112.306,4922.1,36.0,4922.12,16.0,100.0,20.0,1,-20.0,10240
113.327,112.395,4922.2,25.0,4922.22,5.0,100.0,20.0,1,0.0,10240
113.424,112.497,4922.3,27.0,4922.32,7.0,100.0,20.0,1,-20.0,10240
113.527,112.594,4922.4,24.0,4922.42,4.0,100.0,20.0,1,0.0,10240
113.626,112.698,4922.5,28.0,4922.52,8.0,100.0,20.0,1,-20.0,10240
113.723,112.803,4922.6,33.0,4922.62,13.0,100.0,20.0,1,-20.0,10240
113.827,112.903,4922.7,33.0,4922.72,13.0,100.0,20.0,0,20.0,10240
113.925,112.996,4922.8,26.0,4922.82,6.0,100.0,20.0,0,40.0,10240
114.029,113.106,4922.9,36.0,4922.92,16.0,100.0,20.0,1,-20.0,10240
114.124,113.191,4923.0,21.0,4923.02,1.0,100.0,20.0,1,0.0,10240
114.242,113.308,4923.1,38.0,4923.12,18.0,100.0,20.0,1,-20.0,10240
114.33,113.395,4923.2,25.0,4923.22,5.0,100.0,20.0,1,-20.0,10240
114.428,113.494,4923.3,24.0,4923.32,4.0,100.0,20.0,1,-20.0,10240
114.526,113.59,4923.4,20.0,4923.4,20.0,100.0,20.0,1,0.0,10240
114.635,113.71,4923.5,40.0,4923.54,0.0,100.0,20.0,1,0.0,10240
114.733,113.8,4923.6,30.0,4923.62,10.0,100.0,20.0,1,0.0,10240
114.83,113.897,4923.7,27.0,4923.72,7.0,100.0,20.0,1,-20.0,10240
114.933,114.002,4923.8,32.0,4923.82,12.0,100.0,20.0,1,-20.0,10240
115.034,114.091,4923.9,21.0,4923.92,1.0,100.0,20.0,1,0.0,10240
115.146,114.199,4924.0,29.0,4924.02,9.0,100.0,20.0,1,0.0,10240
115.25,114.304,4924.1,34.0,4924.12,14.0,100.0,20.0,1,-20.0,10240
115.353,114.395,4924.2,25.0,4924.22,5.0,100.0,20.0,1,-20.0,10240
115.446,114.506,4924.3,36.0,4924.32,16.0,100.0,20.0,1,-20.0,10240
115.546,114.597,4924.4,27.0,4924.42,7.0,100.0,20.0,1,-20.0,10240
115.642,114.695,4924.5,25.0,4924.52,5.0,100.0,20.0,1,0.0,10240
115.747,114.801,4924.6,31.0,4924.62,11.0,100.0,20.0,1,-20.0,10240
115.843,114.89,4924.7,20.0,4924.7,20.0,100.0,20.0,1,0.0,10240
115.949,114.996,4924.8,26.0,4924.82,6.0,100.0,20.0,1,-20.0,10240
116.051,115.107,4924.9,37.0,4924.92,17.0,100.0,20.0,1,-20.0,10240
116.168,115.199,4925.0,29.0,4925.02,9.0,100.0,20.0,1,-20.0,10240
116.269,115.311,4925.1,41.0,4925.14,1.0,100.0,20.0,1,-20.0,10240
116.37,115.405,4925.2,35.0,4925.22,15.0,100.0,20.0,1,-20.0,10240
116.456,115.488,4925.3,18.0,4925.3,18.0,100.0,20.0,1,0.0,10240
116.564,115.593,4925.4,23.0,4925.42,3.0,100.0,20.0,1,-20.0,10240
116.664,115.698,4925.5,28.0,4925.52,8.0,100.0,20.0,1,-20.0,10240
116.764,115.799,4925.6,29.0,4925.62,9.0,100.0,20.0,1,-20.0,10240
116.871,115.908,4925.7,38.0,4925.72,18.0,100.0,20.0,1,-20.0,10240
116.964,115.998,4925.8,28.0,4925.82,8.0,100.0,20.0,1,-20.0,10240
117.066,116.107,4925.9,37.0,4925.92,17.0,100.0,20.0,1,0.0,10240
117.166,116.207,4926.0,37.0,4926.02,17.0,100.0,20.0,0,40.0,10240
117.274,116.308,4926.1,38.0,4926.12,18.0,100.0,20.0,0,80.0,10240
117.362,116.398,4926.2,28.0,4926.22,8.0,100.0,20.0,0,80.0,10240
117.465,116.499,4926.3,29.0,4926.32,9.0,100.0,20.0,1,0.0,10240
117.564,116.6,4926.4,30.0,4926.42,10.0,100.0,20.0,1,0.0,10240
117.674,116.697,4926.5,27.0,4926.52,7.0,100.0,20.0,1,-20.0,10240
117.774,116.808,4926.6,38.0,4926.62,18.0,100.0,20.0,1,-20.0,10240
117.873,116.903,4926.7,33.0,4926.72,13.0,100.0,20.0,1,-20.0,10240
117.963,116.997,4926.8,27.0,4926.82,7.0,100.0,20.0,1,0.0,10240
118.064,117.101,4926.9,31.0,4926.92,11.0,100.0,20.0,1,-20.0,10240
118.167,117.198,4927.0,28.0,4927.02,8.0,100.0,20.0,1,0.0,10240
118.275,117.305,4927.1,35.0,4927.12,15.0,100.0,20.0,1,-20.0,10240
118.376,117.393,4927.2,23.0,4927.22,3.0,100.0,20.0,1,-20.0,10240
118.479,117.501,4927.3,31.0,4927.32,11.0,100.0,20.0,1,-20.0,10240
118.584,117.604,4927.4,34.0,4927.42,14.0,100.0,20.0,1,-20.0,10240
118.682,117.697,4927.5,27.0,4927.52,7.0,100.0,20.0,1,-20.0,10240
118.778,117.801,4927.6,31.0,4927.62,11.0,100.0,20.0,1,-20.0,10240
118.879,117.906,4927.7,36.0,4927.72,16.0,100.0,20.0,1,-20.0,10240
118.978,117.993,4927.8,23.0,4927.82,3.0,100.0,20.0,1,-20.0,10240
119.078,118.094,4927.9,24.0,4927.92,4.0,100.0,20.0,1,0.0,10240
119.178,118.195,4928.0,25.0,4928.02,5.0,100.0,20.0,1,-20.0,10240
119.278,118.304,4928.1,34.0,4928.12,14.0,100.0,20.0,0,20.0,10240
119.378,118.395,4928.2,25.0,4928.22,5.0,100.0,20.0,0,60.0,10240
119.476,118.501,4928.3,31.0,4928.32,11.0,100.0,20.0,0,20.0,10240
119.586,118.593,4928.4,23.0,4928.42,3.0,100.0,20.0,1,-20.0,10240
119.687,118.693,4928.5,23.0,4928.52,3.0,100.0,20.0,1,0.0,10240
119.792,118.793,4928.6,23.0,4928.62,3.0,100.0,20.0,1,0.0,10240
119.888,118.894,4928.7,24.0,4928.72,4.0,100.0,20.0,1,-20.0,10240
119.985,119.002,4928.8,32.0,4928.82,12.0,100.0,20.0,1,-20.0,10240
120.091,119.096,4928.9,26.0,4928.92,6.0,100.0,20.0,1,-20.0,10240
120.186,119.203,4929.0,33.0,4929.02,13.0,100.0,20.0,1,0.0,10240
120.286,119.303,4929.1,33.0,4929.12,13.0,100.0,20.0,0,40.0,10240
120.393,119.396,4929.2,26.0,4929.22,6.0,100.0,20.0,1,-20.0,10240
120.492,119.509,4929.3,39.0,4929.32,19.0,100.0,20.0,1,-20.0,10240
120.587,119.6,4929.4,30.0,4929.42,10.0,100.0,20.0,0,20.0,10240
120.69,119.699,4929.5,29.0,4929.52,9.0,100.0,20.0,0,60.0,10240
120.794,119.8,4929.6,30.0,4929.62,10.0,100.0,20.0,0,40.0,10240
120.891,119.902,4929.7,32.0,4929.72,12.0,100.0,20.0,1,0.0,10240
120.988,119.996,4929.8,26.0,4929.82,6.0,100.0,20.0,1,-20.0,10240
121.096,120.094,4929.9,24.0,4929.92,4.0,100.0,20.0,1,0.0,10240
121.197,120.2,4930.0,30.0,4930.02,10.0,100.0,20.0,1,0.0,10240
121.3,120.299,4930.1,29.0,4930.12,9.0,100.0,20.0,1,-20.0,10240
121.395,120.394,4930.2,24.0,4930.22,4.0,100.0,20.0,1,-20.0,10240
121.502,120.49,4930.3,20.0,4930.3,20.0,100.0,20.0,1,0.0,10240
121.606,120.602,4930.4,32.0,4930.42,12.0,100.0,20.0,1,0.0,10240
121.705,120.698,4930.5,28.0,4930.52,8.0,100.0,20.0,0,40.0,10240
121.811,120.801,4930.6,31.0,4930.62,11.0,100.0,20.0,0,40.0,10240
121.904,120.893,4930.7,23.0,4930.72,3.0,100.0,20.0,1,-20.0,10240
122.008,120.999,4930.8,29.0,4930.82,9.0,100.0,20.0,1,-20.0,10240
122.109,121.101,4930.9,31.0,4930.92,11.0,100.0,20.0,1,-20.0,10240
122.213,121.196,4931.0,26.0,4931.02,6.0,100.0,20.0,1,-20.0,10240
122.32,121.301,4931.1,31.0,4931.12,11.0,100.0,20.0,1,-20.0,10240
122.417,121.399,4931.2,29.0,4931.22,9.0,100.0,20.0,1,-20.0,10240
122.52,121.509,4931.3,39.0,4931.32,19.0,100.0,20.0,1,-20.0,10240
122.618,121.596,4931.4,26.0,4931.42,6.0,100.0,20.0,1,0.0,10240
122.717,121.702,4931.5,32.0,4931.52,12.0,100.0,20.0,1,-20.0,10240
122.819,121.796,4931.6,26.0,4931.62,6.0,100.0,20.0,1,-20.0,10240
122.927,121.907,4931.7,37.0,4931.72,17.0,100.0,20.0,1,-20.0,10240
123.026,122.001,4931.8,31.0,4931.82,11.0,100.0,20.0,1,-20.0,10240
123.131,122.098,4931.9,28.0,4931.92,8.0,100.0,20.0,1,-20.0,10240
123.241,122.202,4932.0,32.0,4932.02,12.0,100.0,20.0,1,-20.0,10240
123.335,122.299,4932.1,29.0,4932.12,9.0,100.0,20.0,1,-20.0,10240
123.428,122.391,4932.2,21.0,4932.22,1.0,100.0,20.0,1,0.0,10240
123.536,122.491,4932.3,21.0,4932.32,1.0,100.0,20.0,0,20.0,10240
123.631,122.605,4932.4,35.0,4932.42,15.0,100.0,20.0,1,0.0,10240
123.736,122.694,4932.5,24.0,4932.52,4.0,100.0,20.0,1,-20.0,10240
123.84,122.81,4932.6,40.0,4932.62,20.0,100.0,20.0,1,-20.0,10240
123.933,122.896,4932.7,26.0,4932.72,6.0,100.0,20.0,1,-20.0,10240
124.041,123.006,4932.8,36.0,4932.82,16.0,100.0,20.0,1,-20.0,10240
124.147,123.099,4932.9,29.0,4932.92,9.0,100.0,20.0,1,-20.0,10240
124.24,123.198,4933.0,28.0,4933.02,8.0,100.0,20.0,1,-20.0,10240
124.339,123.292,4933.1,22.0,4933.12,2.0,100.0,20.0,1,0.0,10240
124.443,123.393,4933.2,23.0,4933.22,3.0,100.0,20.0,1,0.0,10240
124.54,123.493,4933.3,23.0,4933.32,3.0,100.0,20.0,1,-20.0,10240
124.646,123.599,4933.4,29.0,4933.42,9.0,100.0,20.0,1,-20.0,10240
124.741,123.695,4933.5,25.0,4933.52,5.0,100.0,20.0,1,-20.0,10240
124.836,123.792,4933.6,22.0,4933.62,2.0,100.0,20.0,1,0.0,10240
124.943,123.895,4933.7,25.0,4933.72,5.0,100.0,20.0,1,-20.0,10240
125.044,123.997,4933.8,27.0,4933.82,7.0,100.0,20.0,1,-20.0,10240
125.14,124.099,4933.9,29.0,4933.92,9.0,100.0,20.0,1,-20.0,10240
125.244,124.194,4934.0,24.0,4934.02,4.0,100.0,20.0,1,-20.0,10240
125.343,124.295,4934.1,25.0,4934.12,5.0,100.0,20.0,1,-20.0,10240
125.443,124.396,4934.2,26.0,4934.22,6.0,100.0,20.0,1,-20.0,10240
125.54,124.501,4934.3,31.0,4934.32,11.0,100.0,20.0,1,-20.0,10240
125.652,124.598,4934.4,28.0,4934.42,8.0,100.0,20.0,1,0.0,10240
125.741,124.693,4934.5,23.0,4934.52,3.0,100.0,20.0,1,0.0,10240
125.847,124.806,4934.6,36.0,4934.62,16.0,100.0,20.0,1,-20.0,10240
125.942,124.897,4934.7,27.0,4934.72,7.0,100.0,20.0,1,-20.0,10240
126.044,124.998,4934.8,28.0,4934.82,8.0,100.0,20.0,1,-20.0,10240
126.156,125.097,4934.9,27.0,4934.92,7.0,100.0,20.0,1,-20.0,10240
126.263,125.205,4935.0,35.0,4935.02,15.0,100.0,20.0,1,-20.0,10240
126.365,125.302,4935.1,32.0,4935.12,12.0,100.0,20.0,1,-20.0,10240
126.459,125.399,4935.2,29.0,4935.22,9.0,100.0,20.0,1,-20.0,10240
126.552,125.494,4935.3,24.0,4935.32,4.0,100.0,20.0,1,-20.0,10240
126.662,125.606,4935.4,36.0,4935.42,16.0,100.0,20.0,1,-20.0,10240
126.763,125.701,4935.5,31.0,4935.52,11.0,100.0,20.0,1,-20.0,10240
126.854,125.793,4935.6,23.0,4935.62,3.0,100.0,20.0,1,-20.0,10240
126.955,125.896,4935.7,26.0,4935.72,6.0,100.0,20.0,1,-20.0,10240
127.058,125.998,4935.8,28.0,4935.82,8.0,100.0,20.0,1,-20.0,10240
127.155,126.093,4935.9,23.0,4935.92,3.0,100.0,20.0,1,-20.0,10240
127.269,126.211,4936.0,41.0,4936.04,1.0,100.0,20.0,1,-40.0,10240
127.354,126.294,4936.1,24.0,4936.12,4.0,100.0,20.0,1,-20.0,10240
127.461,126.405,4936.2,35.0,4936.22,15.0,100.0,20.0,1,-20.0,10240
127.561,126.5,4936.3,30.0,4936.32,10.0,100.0,20.0,1,-20.0,10240
127.657,126.597,4936.4,27.0,4936.42,7.0,100.0,20.0,1,-20.0,10240
127.76,126.71,4936.5,40.0,4936.52,20.0,100.0,20.0,1,-20.0,10240
127.857,126.799,4936.6,29.0,4936.62,9.0,100.0,20.0,1,-20.0,10240
127.959,126.895,4936.7,25.0,4936.72,5.0,100.0,20.0,1,0.0,10240
128.057,126.999,4936.8,29.0,4936.82,9.0,100.0,20.0,1,-20.0,10240
128.164,127.094,4936.9,24.0,4936.92,4.0,100.0,20.0,1,-20.0,10240
128.264,127.211,4937.0,41.0,4937.04,1.0,100.0,20.0,1,-20.0,10240
128.363,127.295,4937.1,25.0,4937.12,5.0,100.0,20.0,1,-20.0,10240
128.461,127.397,4937.2,27.0,4937.22,7.0,100.0,20.0,1,-20.0,10240
128.565,127.495,4937.3,25.0,4937.32,5.0,100.0,20.0,1,-20.0,10240
128.667,127.606,4937.4,36.0,4937.42,16.0,100.0,20.0,1,-20.0,10240
128.766,127.7,4937.5,30.0,4937.52,10.0,100.0,20.0,1,-20.0,10240
128.867,127.793,4937.6,23.0,4937.62,3.0,100.0,20.0,1,0.0,10240
128.965,127.9,4937.7,30.0,4937.72,10.0,100.0,20.0,1,-20.0,10240
129.067,127.996,4937.8,26.0,4937.82,6.0,100.0,20.0,1,-20.0,10240
129.17,128.098,4937.9,28.0,4937.92,8.0,100.0,20.0,1,-20.0,10240
129.275,128.201,4938.0,31.0,4938.02,11.0,100.0,20.0,1,-20.0,10240
129.367,128.307,4938.1,37.0,4938.12,17.0,100.0,20.0,1,0.0,10240
129.47,128.404,4938.2,34.0,4938.22,14.0,100.0,20.0,1,0.0,10240
129.569,128.507,4938.3,37.0,4938.32,17.0,100.0,20.0,0,60.0,10240
129.67,128.607,4938.4,37.0,4938.42,17.0,100.0,20.0,0,60.0,10240
129.778,128.706,4938.5,36.0,4938.52,16.0,100.0,20.0,0,20.0,10240
129.874,128.81,4938.6,40.0,4938.62,20.0,100.0,20.0,0,80.0,10240
129.969,128.906,4938.7,36.0,4938.72,16.0,100.0,20.0,0,60.0,10240
130.071,129.007,4938.8,37.0,4938.82,17.0,100.0,20.0,0,80.0,10240
130.178,129.11,4938.9,40.0,4938.92,20.0,100.0,20.0,0,80.0,10240
130.274,129.21,4939.0,40.0,4939.02,20.0,100.0,20.0,0,80.0,10240
130.367,129.301,4939.1,31.0,4939.12,11.0,100.0,20.0,0,120.0,10240
130.474,129.402,4939.2,32.0,4939.22,12.0,100.0,20.0,0,100.0,10240
130.569,129.502,4939.3,32.0,4939.32,12.0,100.0,20.0,0,80.0,10240
130.675,129.598,4939.4,28.0,4939.42,8.0,100.0,20.0,0,60.0,10240
130.773,129.705,4939.5,35.0,4939.52,15.0,100.0,20.0,0,100.0,10240
130.87,129.802,4939.6,32.0,4939.62,12.0,100.0,20.0,0,80.0,10240
130.974,129.899,4939.7,29.0,4939.72,9.0,100.0,20.0,0,60.0,10240
131.072,130.004,4939.8,34.0,4939.82,14.0,100.0,20.0,0,100.0,10240
131.181,130.1,4939.9,30.0,4939.92,10.0,100.0,20.0,0,140.0,10240
131.293,130.203,4940.0,33.0,4940.02,13.0,100.0,20.0,1,0.0,10240
131.376,130.307,4940.1,37.0,4940.12,17.0,100.0,20.0,0,60.0,10240
131.481,130.412,4940.2,42.0,4940.22,22.0,100.0,20.0,0,60.0,10240
131.579,130.511,4940.3,41.0,4940.32,21.0,100.0,20.0,0,80.0,10240
131.676,130.608,4940.4,38.0,4940.42,18.0,100.0,20.0,0,100.0,10240
131.783,130.699,4940.5,29.0,4940.52,9.0,100.0,20.0,0,60.0,10240
131.882,130.808,4940.6,38.0,4940.62,18.0,100.0,20.0,0,60.0,10240
131.983,130.913,4940.7,43.0,4940.74,3.0,100.0,20.0,0,60.0,10240
132.079,131.005,4940.8,35.0,4940.82,15.0,100.0,20.0,0,100.0,10240
132.176,131.105,4940.9,35.0,4940.92,15.0,100.0,20.0,0,120.0,10240
132.281,131.21,4941.0,40.0,4941.02,20.0,100.0,20.0,0,80.0,10240
132.38,131.292,4941.1,22.0,4941.12,2.0,100.0,20.0,0,80.0,10240
132.485,131.404,4941.2,34.0,4941.22,14.0,100.0,20.0,0,40.0,10240
132.594,131.493,4941.3,23.0,4941.32,3.0,100.0,20.0,1,-20.0,10240
132.681,131.598,4941.4,28.0,4941.42,8.0,100.0,20.0,0,20.0,10240
132.781,131.705,4941.5,35.0,4941.52,15.0,100.0,20.0,0,20.0,10240
132.884,131.808,4941.6,38.0,4941.62,18.0,100.0,20.0,0,60.0,10240
132.987,131.902,4941.7,32.0,4941.72,12.0,100.0,20.0,0,60.0,10240
133.083,132.005,4941.8,35.0,4941.82,15.0,100.0,20.0,0,80.0,10240
133.183,132.097,4941.9,27.0,4941.92,7.0,100.0,20.0,0,140.0,10240
133.289,132.209,4942.0,39.0,4942.02,19.0,100.0,20.0,0,120.0,10240
133.393,132.29,4942.1,20.0,4942.1,20.0,100.0,20.0,0,20.0,10240
133.496,132.388,4942.2,18.0,4942.2,18.0,100.0,20.0,1,0.0,10240
133.591,132.509,4942.3,39.0,4942.32,19.0,100.0,20.0,0,20.0,10240
133.689,132.605,4942.4,35.0,4942.42,15.0,100.0,20.0,0,60.0,10240
133.793,132.711,4942.5,41.0,4942.54,1.0,100.0,20.0,0,80.0,10240
133.888,132.798,4942.6,28.0,4942.62,8.0,100.0,20.0,0,60.0,10240
133.988,132.908,4942.7,38.0,4942.72,18.0,100.0,20.0,0,60.0,10240
134.087,133.005,4942.8,35.0,4942.82,15.0,100.0,20.0,0,120.0,10240
134.193,133.103,4942.9,33.0,4942.92,13.0,100.0,20.0,0,60.0,10240
134.29,133.194,4943.0,24.0,4943.02,4.0,100.0,20.0,0,60.0,10240
134.398,133.314,4943.1,44.0,4943.14,4.0,100.0,20.0,1,0.0,10240
134.489,133.404,4943.2,34.0,4943.22,14.0,100.0,20.0,1,0.0,10240
134.601,133.506,4943.3,36.0,4943.32,16.0,100.0,20.0,1,-20.0,10240
134.692,133.604,4943.4,34.0,4943.42,14.0,100.0,20.0,1,0.0,10240
134.796,133.702,4943.5,32.0,4943.52,12.0,100.0,20.0,0,40.0,10240
134.905,133.802,4943.6,32.0,4943.62,12.0,100.0,20.0,1,-20.0,10240
135.009,133.902,4943.7,32.0,4943.72,12.0,100.0,20.0,1,-20.0,10240
135.099,134.002,4943.8,32.0,4943.82,12.0,100.0,20.0,1,0.0,10240
135.213,134.099,4943.9,29.0,4943.92,9.0,100.0,20.0,1,-20.0,10240
135.301,134.213,4944.0,43.0,4944.04,3.0,100.0,20.0,1,0.0,10240
135.403,134.304,4944.1,34.0,4944.12,14.0,100.0,20.0,1,0.0,10240
135.504,134.416,4944.2,46.0,4944.24,6.0,100.0,20.0,0,40.0,10240
135.601,134.507,4944.3,37.0,4944.32,17.0,100.0,20.0,0,20.0,10240
135.697,134.595,4944.4,25.0,4944.42,5.0,100.0,20.0,1,0.0,10240
135.794,134.706,4944.5,36.0,4944.52,16.0,100.0,20.0,1,0.0,10240
135.898,134.796,4944.6,26.0,4944.62,6.0,100.0,20.0,1,-20.0,10240
135.994,134.907,4944.7,37.0,4944.72,17.0,100.0,20.0,0,20.0,10240
136.097,134.998,4944.8,28.0,4944.82,8.0,100.0,20.0,1,0.0,10240
136.198,135.102,4944.9,32.0,4944.92,12.0,100.0,20.0,1,0.0,10240
136.296,135.196,4945.0,26.0,4945.02,6.0,100.0,20.0,1,0.0,10240
136.395,135.295,4945.1,25.0,4945.12,5.0,100.0,20.0,1,0.0,10240
136.496,135.396,4945.2,26.0,4945.22,6.0,100.0,20.0,1,0.0,10240
136.602,135.5,4945.3,30.0,4945.32,10.0,100.0,20.0,1,-20.0,10240
136.705,135.595,4945.4,25.0,4945.42,5.0,100.0,20.0,1,-20.0,10240
136.803,135.699,4945.5,29.0,4945.52,9.0,100.0,20.0,1,-20.0,10240
136.901,135.794,4945.6,24.0,4945.62,4.0,100.0,20.0,1,0.0,10240
137.006,135.899,4945.7,29.0,4945.72,9.0,100.0,20.0,1,-20.0,10240
137.103,135.994,4945.8,24.0,4945.82,4.0,100.0,20.0,1,0.0,10240
137.202,136.097,4945.9,27.0,4945.92,7.0,100.0,20.0,1,0.0,10240
137.312,136.206,4946.0,36.0,4946.02,16.0,100.0,20.0,1,-20.0,10240
137.408,136.297,4946.1,27.0,4946.12,7.0,100.0,20.0,1,0.0,10240
137.515,136.398,4946.2,28.0,4946.22,8.0,100.0,20.0,1,0.0,10240
137.619,136.5,4946.3,30.0,4946.32,10.0,100.0,20.0,1,-20.0,10240
137.712,136.588,4946.4,18.0,4946.4,18.0,100.0,20.0,1,0.0,10240
137.819,136.694,4946.5,24.0,4946.52,4.0,100.0,20.0,1,0.0,10240
137.926,136.804,4946.6,34.0,4946.62,14.0,100.0,20.0,1,-20.0,10240
138.02,136.905,4946.7,35.0,4946.72,15.0,100.0,20.0,1,0.0,10240
138.121,136.998,4946.8,28.0,4946.82,8.0,100.0,20.0,1,-20.0,10240
138.224,137.092,4946.9,22.0,4946.92,2.0,100.0,20.0,1,-20.0,10240
138.326,137.196,4947.0,26.0,4947.02,6.0,100.0,20.0,1,-20.0,10240
138.427,137.304,4947.1,34.0,4947.12,14.0,100.0,20.0,1,-20.0,10240
138.529,137.409,4947.2,39.0,4947.22,19.0,100.0,20.0,1,0.0,10240
138.63,137.495,4947.3,25.0,4947.32,5.0,100.0,20.0,1,-20.0,10240
138.724,137.586,4947.4,16.0,4947.4,16.0,100.0,20.0,1,0.0,10240
138.841,137.699,4947.5,29.0,4947.52,9.0,100.0,20.0,1,-20.0,10240
138.936,137.804,4947.6,34.0,4947.62,14.0,100.0,20.0,1,0.0,10240
139.035,137.892,4947.7,22.0,4947.72,2.0,100.0,20.0,1,0.0,10240
139.141,138.007,4947.8,37.0,4947.82,17.0,100.0,20.0,1,-20.0,10240
139.246,138.104,4947.9,34.0,4947.92,14.0,100.0,20.0,1,-20.0,10240
139.341,138.196,4948.0,26.0,4948.02,6.0,100.0,20.0,1,-20.0,10240
139.443,138.293,4948.1,23.0,4948.12,3.0,100.0,20.0,1,-20.0,10240
139.545,138.409,4948.2,39.0,4948.22,19.0,100.0,20.0,1,-20.0,10240
139.643,138.492,4948.3,22.0,4948.32,2.0,100.0,20.0,1,0.0,10240
139.752,138.603,4948.4,33.0,4948.42,13.0,100.0,20.0,1,-20.0,10240
139.842,138.704,4948.5,34.0,4948.52,14.0,100.0,20.0,1,0.0,10240
139.946,138.804,4948.6,34.0,4948.62,14.0,100.0,20.0,1,-20.0,10240
140.047,138.893,4948.7,23.0,4948.72,3.0,100.0,20.0,1,-20.0,10240
140.141,138.998,4948.8,28.0,4948.82,8.0,100.0,20.0,1,0.0,10240
140.248,139.106,4948.9,36.0,4948.92,16.0,100.0,20.0,1,0.0,10240
140.343,139.2,4949.0,30.0,4949.02,10.0,100.0,20.0,1,0.0,10240
140.442,139.298,4949.1,28.0,4949.12,8.0,100.0,20.0,1,-20.0,10240
140.547,139.393,4949.2,23.0,4949.22,3.0,100.0,20.0,1,0.0,10240
140.644,139.495,4949.3,25.0,4949.32,5.0,100.0,20.0,1,-20.0,10240
140.744,139.598,4949.4,28.0,4949.42,8.0,100.0,20.0,1,-20.0,10240
140.86,139.693,4949.5,23.0,4949.52,3.0,100.0,20.0,1,0.0,10240
140.965,139.802,4949.6,32.0,4949.62,12.0,100.0,20.0,1,-20.0,10240
141.06,139.907,4949.7,37.0,4949.72,17.0,100.0,20.0,1,-20.0,10240
141.161,139.996,4949.8,26.0,4949.82,6.0,100.0,20.0,1,-20.0,10240
141.265,140.097,4949.9,27.0,4949.92,7.0,100.0,20.0,1,-20.0,10240
141.368,140.199,4950.0,29.0,4950.02,9.0,100.0,20.0,1,-20.0,10240
141.468,140.305,4950.1,35.0,4950.12,15.0,100.0,20.0,1,0.0,10240
141.569,140.398,4950.2,28.0,4950.22,8.0,100.0,20.0,1,-20.0,10240
141.668,140.495,4950.3,25.0,4950.32,5.0,100.0,20.0,1,0.0,10240
141.774,140.609,4950.4,39.0,4950.42,19.0,100.0,20.0,1,-20.0,10240
141.869,140.697,4950.5,27.0,4950.52,7.0,100.0,20.0,1,-20.0,10240
141.969,140.796,4950.6,26.0,4950.62,6.0,100.0,20.0,1,-20.0,10240
142.076,140.9,4950.7,30.0,4950.72,10.0,100.0,20.0,1,-20.0,10240
142.174,141.011,4950.8,41.0,4950.84,1.0,100.0,20.0,1,-20.0,10240
142.275,141.103,4950.9,33.0,4950.92,13.0,100.0,20.0,1,-20.0,10240
142.374,141.212,4951.0,42.0,4951.04,2.0,100.0,20.0,1,-20.0,10240
142.475,141.301,4951.1,31.0,4951.12,11.0,100.0,20.0,1,-20.0,10240
142.571,141.405,4951.2,35.0,4951.22,15.0,100.0,20.0,1,-20.0,10240
142.668,141.496,4951.3,26.0,4951.32,6.0,100.0,20.0,1,0.0,10240
142.774,141.605,4951.4,35.0,4951.42,15.0,100.0,20.0,1,-20.0,10240
142.875,141.709,4951.5,39.0,4951.52,19.0,100.0,20.0,1,-20.0,10240
142.972,141.796,4951.6,26.0,4951.62,6.0,100.0,20.0,1,-20.0,10240
143.072,141.901,4951.7,31.0,4951.72,11.0,100.0,20.0,1,0.0,10240
143.173,141.999,4951.8,29.0,4951.82,9.0,100.0,20.0,0,20.0,10240
143.275,142.106,4951.9,36.0,4951.92,16.0,100.0,20.0,1,-20.0,10240
143.373,142.194,4952.0,24.0,4952.02,4.0,100.0,20.0,1,-20.0,10240
143.474,142.294,4952.1,24.0,4952.12,4.0,100.0,20.0,1,-20.0,10240
143.572,142.401,4952.2,31.0,4952.22,11.0,100.0,20.0,1,-20.0,10240
143.671,142.492,4952.3,22.0,4952.32,2.0,100.0,20.0,1,0.0,10240
143.769,142.604,4952.4,34.0,4952.42,14.0,100.0,20.0,1,0.0,10240
143.873,142.696,4952.5,26.0,4952.52,6.0,100.0,20.0,1,-20.0,10240
143.972,142.793,4952.6,23.0,4952.62,3.0,100.0,20.0,1,-20.0,10240
144.078,142.9,4952.7,30.0,4952.72,10.0,100.0,20.0,1,0.0,10240
144.174,142.992,4952.8,22.0,4952.82,2.0,100.0,20.0,1,-20.0,10240
144.278,143.106,4952.9,36.0,4952.92,16.0,100.0,20.0,1,-20.0,10240
144.379,143.202,4953.0,32.0,4953.02,12.0,100.0,20.0,1,-20.0,10240
144.478,143.296,4953.1,26.0,4953.12,6.0,100.0,20.0,1,-20.0,10240
144.583,143.395,4953.2,25.0,4953.22,5.0,100.0,20.0,1,-20.0,10240
144.68,143.498,4953.3,28.0,4953.32,8.0,100.0,20.0,1,0.0,10240
144.779,143.591,4953.4,21.0,4953.42,1.0,100.0,20.0,1,-20.0,10240
144.88,143.7,4953.5,30.0,4953.52,10.0,100.0,20.0,1,-20.0,10240
144.983,143.802,4953.6,32.0,4953.62,12.0,100.0,20.0,1,-20.0,10240
145.08,143.894,4953.7,24.0,4953.72,4.0,100.0,20.0,1,-20.0,10240
145.186,143.993,4953.8,23.0,4953.82,3.0,100.0,20.0,1,-20.0,10240
145.278,144.093,4953.9,23.0,4953.92,3.0,100.0,20.0,1,0.0,10240
145.386,144.207,4954.0,37.0,4954.02,17.0,100.0,20.0,1,-20.0,10240
145.481,144.296,4954.1,26.0,4954.12,6.0,100.0,20.0,1,-20.0,10240
145.581,144.396,4954.2,26.0,4954.22,6.0,100.0,20.0,1,-20.0,10240
145.683,144.496,4954.3,26.0,4954.32,6.0,100.0,20.0,1,-20.0,10240
145.786,144.603,4954.4,33.0,4954.42,13.0,100.0,20.0,1,-20.0,10240
145.881,144.697,4954.5,27.0,4954.52,7.0,100.0,20.0,1,-20.0,10240
145.985,144.801,4954.6,31.0,4954.62,11.0,100.0,20.0,1,-20.0,10240
146.081,144.905,4954.7,35.0,4954.72,15.0,100.0,20.0,1,0.0,10240
146.187,145.005,4954.8,35.0,4954.82,15.0,100.0,20.0,1,-20.0,10240
146.282,145.1,4954.9,30.0,4954.92,10.0,100.0,20.0,1,-20.0,10240
146.382,145.197,4955.0,27.0,4955.02,7.0,100.0,20.0,1,-20.0,10240
146.484,145.294,4955.1,24.0,4955.12,4.0,100.0,20.0,1,-20.0,10240
146.582,145.396,4955.2,26.0,4955.22,6.0,100.0,20.0,1,-20.0,10240
146.68,145.493,4955.3,23.0,4955.32,3.0,100.0,20.0,1,0.0,10240
146.788,145.596,4955.4,26.0,4955.42,6.0,100.0,20.0,1,-20.0,10240
146.881,145.693,4955.5,23.0,4955.52,3.0,100.0,20.0,1,-20.0,10240
146.991,145.798,4955.6,28.0,4955.62,8.0,100.0,20.0,1,-20.0,10240
147.088,145.898,4955.7,28.0,4955.72,8.0,100.0,20.0,1,-20.0,10240
147.186,145.996,4955.8,26.0,4955.82,6.0,100.0,20.0,1,-20.0,10240
147.284,146.098,4955.9,28.0,4955.92,8.0,100.0,20.0,1,-20.0,10240
147.386,146.196,4956.0,26.0,4956.02,6.0,100.0,20.0,1,-20.0,10240
147.483,146.296,4956.1,26.0,4956.12,6.0,100.0,20.0,1,-20.0,10240
147.585,146.395,4956.2,25.0,4956.22,5.0,100.0,20.0,1,-20.0,10240
147.684,146.501,4956.3,31.0,4956.32,11.0,100.0,20.0,1,0.0,10240
147.787,146.598,4956.4,28.0,4956.42,8.0,100.0,20.0,1,-20.0,10240
147.885,146.696,4956.5,26.0,4956.52,6.0,100.0,20.0,1,-20.0,10240
147.987,146.798,4956.6,28.0,4956.62,8.0,100.0,20.0,1,-20.0,10240
148.084,146.897,4956.7,27.0,4956.72,7.0,100.0,20.0,1,0.0,10240
148.187,147.005,4956.8,35.0,4956.82,15.0,100.0,20.0,1,-20.0,10240
148.288,147.095,4956.9,25.0,4956.92,5.0,100.0,20.0,1,-20.0,10240
148.385,147.196,4957.0,26.0,4957.02,6.0,100.0,20.0,1,-20.0,10240
148.491,147.294,4957.1,24.0,4957.12,4.0,100.0,20.0,1,0.0,10240
148.591,147.391,4957.2,21.0,4957.22,1.0,100.0,20.0,1,-20.0,10240
148.702,147.502,4957.3,32.0,4957.32,12.0,100.0,20.0,1,-20.0,10240
148.802,147.6,4957.4,30.0,4957.42,10.0,100.0,20.0,1,-20.0,10240
148.902,147.696,4957.5,26.0,4957.52,6.0,100.0,20.0,1,-20.0,10240
149.006,147.799,4957.6,29.0,4957.62,9.0,100.0,20.0,1,-20.0,10240
149.109,147.915,4957.7,45.0,4957.74,5.0,100.0,20.0,1,0.0,10240
149.21,148.016,4957.8,46.0,4957.84,6.0,100.0,20.0,0,20.0,10240
149.3,148.105,4957.9,35.0,4957.92,15.0,100.0,20.0,0,80.0,10240
149.423,148.21,4958.0,40.0,4958.02,20.0,100.0,20.0,1,0.0,10240
149.505,148.31,4958.1,40.0,4958.12,20.0,100.0,20.0,0,40.0,10240
149.605,148.41,4958.2,40.0,4958.22,20.0,100.0,20.0,0,120.0,10240
149.702,148.5,4958.3,30.0,4958.32,10.0,100.0,20.0,0,60.0,10240
149.802,148.606,4958.4,36.0,4958.42,16.0,100.0,20.0,0,20.0,10240
149.901,148.698,4958.5,28.0,4958.52,8.0,100.0,20.0,0,60.0,10240
149.999,148.8,4958.6,30.0,4958.62,10.0,100.0,20.0,0,60.0,10240
150.103,148.904,4958.7,34.0,4958.72,14.0,100.0,20.0,0,80.0,10240
150.214,149.015,4958.8,45.0,4958.84,5.0,100.0,20.0,0,60.0,10240
150.313,149.101,4958.9,31.0,4958.92,11.0,100.0,20.0,0,60.0,10240
150.413,149.209,4959.0,39.0,4959.02,19.0,100.0,20.0,0,60.0,10240
150.513,149.301,4959.1,31.0,4959.12,11.0,100.0,20.0,0,60.0,10240
150.605,149.397,4959.2,27.0,4959.22,7.0,100.0,20.0,0,80.0,10240
150.712,149.512,4959.3,42.0,4959.34,2.0,100.0,20.0,0,80.0,10240
150.805,149.599,4959.4,29.0,4959.42,9.0,100.0,20.0,0,80.0,10240
150.911,149.702,4959.5,32.0,4959.52,12.0,100.0,20.0,0,100.0,10240
151.017,149.803,4959.6,33.0,4959.62,13.0,100.0,20.0,0,60.0,10240
151.115,149.895,4959.7,25.0,4959.72,5.0,100.0,20.0,0,60.0,10240
151.212,150.01,4959.8,40.0,4959.82,20.0,100.0,20.0,0,80.0,10240
151.306,150.094,4959.9,24.0,4959.92,4.0,100.0,20.0,0,20.0,10240
151.409,150.205,4960.0,35.0,4960.02,15.0,100.0,20.0,1,0.0,10240
151.512,150.309,4960.1,39.0,4960.12,19.0,100.0,20.0,0,60.0,10240
151.609,150.405,4960.2,35.0,4960.22,15.0,100.0,20.0,1,0.0,10240
151.72,150.506,4960.3,36.0,4960.32,16.0,100.0,20.0,1,-20.0,10240
151.811,150.605,4960.4,35.0,4960.42,15.0,100.0,20.0,0,20.0,10240
151.912,150.701,4960.5,31.0,4960.52,11.0,100.0,20.0,0,60.0,10240
152.021,150.807,4960.6,37.0,4960.62,17.0,100.0,20.0,0,20.0,10240
152.116,150.911,4960.7,41.0,4960.72,21.0,100.0,20.0,1,0.0,10240
152.214,151.002,4960.8,32.0,4960.82,12.0,100.0,20.0,1,0.0,10240
152.312,151.09,4960.9,20.0,4960.92,0.0,100.0,20.0,1,0.0,10240
152.414,151.201,4961.0,31.0,4961.02,11.0,100.0,20.0,1,-20.0,10240
152.51,151.295,4961.1,25.0,4961.12,5.0,100.0,20.0,1,-20.0,10240
152.617,151.406,4961.2,36.0,4961.22,16.0,100.0,20.0,1,0.0,10240
152.718,151.495,4961.3,25.0,4961.32,5.0,100.0,20.0,1,0.0,10240
152.816,151.607,4961.4,37.0,4961.42,17.0,100.0,20.0,0,40.0,10240
152.917,151.708,4961.5,38.0,4961.52,18.0,100.0,20.0,0,60.0,10240
153.017,151.807,4961.6,37.0,4961.62,17.0,100.0,20.0,0,60.0,10240
153.115,151.896,4961.7,26.0,4961.72,6.0,100.0,20.0,0,60.0,10240
153.219,152.008,4961.8,38.0,4961.82,18.0,100.0,20.0,0,80.0,10240
153.323,152.1,4961.9,30.0,4961.92,10.0,100.0,20.0,0,80.0,10240
153.417,152.206,4962.0,36.0,4962.02,16.0,100.0,20.0,0,60.0,10240
153.523,152.312,4962.1,42.0,4962.14,2.0,100.0,20.0,0,80.0,10240
153.619,152.4,4962.2,30.0,4962.22,10.0,100.0,20.0,0,80.0,10240
153.719,152.508,4962.3,38.0,4962.32,18.0,100.0,20.0,0,60.0,10240
153.818,152.597,4962.4,27.0,4962.42,7.0,100.0,20.0,0,40.0,10240
153.919,152.695,4962.5,25.0,4962.52,5.0,100.0,20.0,1,-20.0,10240
154.022,152.811,4962.6,41.0,4962.64,1.0,100.0,20.0,1,0.0,10240
154.122,152.908,4962.7,38.0,4962.72,18.0,100.0,20.0,0,20.0,10240
154.217,153.0,4962.8,30.0,4962.82,10.0,100.0,20.0,0,60.0,10240
154.313,153.095,4962.9,25.0,4962.92,5.0,100.0,20.0,0,20.0,10240
154.416,153.195,4963.0,25.0,4963.02,5.0,100.0,20.0,1,0.0,10240
154.529,153.294,4963.1,24.0,4963.12,4.0,100.0,20.0,1,-20.0,10240
154.624,153.408,4963.2,38.0,4963.22,18.0,100.0,20.0,1,-20.0,10240
154.726,153.499,4963.3,29.0,4963.32,9.0,100.0,20.0,1,-20.0,10240
154.818,153.598,4963.4,28.0,4963.42,8.0,100.0,20.0,1,-20.0,10240
154.924,153.69,4963.5,20.0,4963.5,20.0,100.0,20.0,1,0.0,10240
155.027,153.804,4963.6,34.0,4963.62,14.0,100.0,20.0,1,-20.0,10240
155.13,153.903,4963.7,33.0,4963.72,13.0,100.0,20.0,1,-20.0,10240
155.231,153.998,4963.8,28.0,4963.82,8.0,100.0,20.0,1,-20.0,10240
155.328,154.099,4963.9,29.0,4963.92,9.0,100.0,20.0,1,0.0,10240
155.436,154.198,4964.0,28.0,4964.02,8.0,100.0,20.0,1,0.0,10240
155.541,154.292,4964.1,22.0,4964.12,2.0,100.0,20.0,1,0.0,10240
155.642,154.39,4964.2,20.0,4964.2,20.0,100.0,20.0,1,0.0,10240
155.736,154.5,4964.3,30.0,4964.32,10.0,100.0,20.0,1,-20.0,10240
155.828,154.592,4964.4,22.0,4964.42,2.0,100.0,20.0,1,0.0,10240
155.932,154.697,4964.5,27.0,4964.52,7.0,100.0,20.0,1,-20.0,10240
156.034,154.802,4964.6,32.0,4964.62,12.0,100.0,20.0,1,0.0,10240
156.144,154.894,4964.7,24.0,4964.72,4.0,100.0,20.0,1,0.0,10240
156.232,154.994,4964.8,24.0,4964.82,4.0,100.0,20.0,1,-20.0,10240
156.341,155.098,4964.9,28.0,4964.92,8.0,100.0,20.0,1,-20.0,10240
156.436,155.199,4965.0,29.0,4965.02,9.0,100.0,20.0,1,-20.0,10240
156.536,155.294,4965.1,24.0,4965.12,4.0,100.0,20.0,1,-20.0,10240
156.64,155.395,4965.2,25.0,4965.22,5.0,100.0,20.0,1,0.0,10240
156.742,155.494,4965.3,24.0,4965.32,4.0,100.0,20.0,1,0.0,10240
156.84,155.596,4965.4,26.0,4965.42,6.0,100.0,20.0,1,0.0,10240
156.941,155.701,4965.5,31.0,4965.52,11.0,100.0,20.0,0,20.0,10240
157.039,155.801,4965.6,31.0,4965.62,11.0,100.0,20.0,1,-20.0,10240
157.143,155.902,4965.7,32.0,4965.72,12.0,100.0,20.0,1,-20.0,10240
157.241,156.007,4965.8,37.0,4965.82,17.0,100.0,20.0,1,-20.0,10240
157.343,156.108,4965.9,38.0,4965.92,18.0,100.0,20.0,0,20.0,10240
157.439,156.204,4966.0,34.0,4966.02,14.0,100.0,20.0,1,-20.0,10240
157.54,156.304,4966.1,34.0,4966.12,14.0,100.0,20.0,1,-20.0,10240
157.641,156.401,4966.2,31.0,4966.22,11.0,100.0,20.0,1,-20.0,10240
157.747,156.508,4966.3,38.0,4966.32,18.0,100.0,20.0,1,0.0,10240
157.843,156.599,4966.4,29.0,4966.42,9.0,100.0,20.0,0,20.0,10240
157.956,156.7,4966.5,30.0,4966.52,10.0,100.0,20.0,0,20.0,10240
158.045,156.798,4966.6,28.0,4966.62,8.0,100.0,20.0,1,0.0,10240
158.148,156.891,4966.7,21.0,4966.72,1.0,100.0,20.0,1,0.0,10240
158.261,157.004,4966.8,34.0,4966.82,14.0,100.0,20.0,1,-20.0,10240
158.352,157.097,4966.9,27.0,4966.92,7.0,100.0,20.0,1,-20.0,10240
158.451,157.194,4967.0,24.0,4967.02,4.0,100.0,20.0,1,-20.0,10240
158.551,157.299,4967.1,29.0,4967.12,9.0,100.0,20.0,1,0.0,10240
158.654,157.401,4967.2,31.0,4967.22,11.0,100.0,20.0,1,-20.0,10240
158.756,157.511,4967.3,41.0,4967.34,1.0,100.0,20.0,1,-20.0,10240
158.86,157.605,4967.4,35.0,4967.42,15.0,100.0,20.0,1,-20.0,10240
158.953,157.698,4967.5,28.0,4967.52,8.0,100.0,20.0,1,-20.0,10240
159.054,157.798,4967.6,28.0,4967.62,8.0,100.0,20.0,1,-20.0,10240
159.151,157.897,4967.7,27.0,4967.72,7.0,100.0,20.0,1,-20.0,10240
159.258,158.014,4967.8,44.0,4967.84,4.0,100.0,20.0,1,-20.0,10240
159.35,158.096,4967.9,26.0,4967.92,6.0,100.0,20.0,1,-20.0,10240
159.453,158.204,4968.0,34.0,4968.02,14.0,100.0,20.0,1,-20.0,10240
159.554,158.297,4968.1,27.0,4968.12,7.0,100.0,20.0,1,-20.0,10240
159.65,158.401,4968.2,31.0,4968.22,11.0,100.0,20.0,1,0.0,10240
159.762,158.505,4968.3,35.0,4968.32,15.0,100.0,20.0,1,-20.0,10240
159.852,158.595,4968.4,25.0,4968.42,5.0,100.0,20.0,1,-20.0,10240
159.962,158.713,4968.5,43.0,4968.54,3.0,100.0,20.0,1,0.0,10240
160.055,158.806,4968.6,36.0,4968.62,16.0,100.0,20.0,0,20.0,10240
160.16,158.911,4968.7,41.0,4968.74,1.0,100.0,20.0,0,60.0,10240
160.266,159.017,4968.8,47.0,4968.84,7.0,100.0,20.0,0,60.0,10240
160.361,159.112,4968.9,42.0,4968.94,2.0,100.0,20.0,0,60.0,10240
160.455,159.206,4969.0,36.0,4969.02,16.0,100.0,20.0,0,160.0,10240
160.555,159.296,4969.1,26.0,4969.12,6.0,100.0,20.0,0,120.0,10240
160.657,159.407,4969.2,37.0,4969.22,17.0,100.0,20.0,0,60.0,10240
160.765,159.511,4969.3,41.0,4969.32,21.0,100.0,20.0,1,0.0,10240
160.854,159.596,4969.4,26.0,4969.42,6.0,100.0,20.0,1,-20.0,10240
160.956,159.702,4969.5,32.0,4969.52,12.0,100.0,20.0,1,0.0,10240
161.061,159.812,4969.6,42.0,4969.64,2.0,100.0,20.0,0,40.0,10240
161.156,159.901,4969.7,31.0,4969.72,11.0,100.0,20.0,1,-20.0,10240
161.271,160.011,4969.8,41.0,4969.84,1.0,100.0,20.0,1,-20.0,10240
161.369,160.092,4969.9,22.0,4969.92,2.0,100.0,20.0,1,-20.0,10240
161.472,160.19,4970.0,20.0,4970.02,0.0,100.0,20.0,1,0.0,10240
161.561,160.294,4970.1,24.0,4970.12,4.0,100.0,20.0,1,0.0,10240
161.662,160.392,4970.2,22.0,4970.22,2.0,100.0,20.0,1,-20.0,10240
161.754,160.493,4970.3,23.0,4970.32,3.0,100.0,20.0,1,0.0,10240
161.855,160.596,4970.4,26.0,4970.42,6.0,100.0,20.0,1,-20.0,10240
161.954,160.696,4970.5,26.0,4970.52,6.0,100.0,20.0,1,0.0,10240
162.053,160.798,4970.6,28.0,4970.62,8.0,100.0,20.0,1,-20.0,10240
162.155,160.897,4970.7,27.0,4970.72,7.0,100.0,20.0,1,-20.0,10240
162.259,160.997,4970.8,27.0,4970.82,7.0,100.0,20.0,1,-20.0,10240
162.358,161.092,4970.9,22.0,4970.92,2.0,100.0,20.0,1,-20.0,10240
162.457,161.192,4971.0,22.0,4971.02,2.0,100.0,20.0,1,0.0,10240
162.56,161.287,4971.1,17.0,4971.1,17.0,100.0,20.0,1,0.0,10240
162.668,161.393,4971.2,23.0,4971.22,3.0,100.0,20.0,1,0.0,10240
162.769,161.508,4971.3,38.0,4971.32,18.0,100.0,20.0,1,-20.0,10240
162.865,161.593,4971.4,23.0,4971.42,3.0,100.0,20.0,1,0.0,10240
162.969,161.702,4971.5,32.0,4971.52,12.0,100.0,20.0,0,20.0,10240
163.066,161.792,4971.6,22.0,4971.62,2.0,100.0,20.0,0,20.0,10240
163.161,161.899,4971.7,29.0,4971.72,9.0,100.0,20.0,1,-20.0,10240
163.278,162.003,4971.8,33.0,4971.82,13.0,100.0,20.0,1,-20.0,10240
163.37,162.095,4971.9,25.0,4971.92,5.0,100.0,20.0,1,-20.0,10240
163.486,162.193,4972.0,23.0,4972.02,3.0,100.0,20.0,1,0.0,10240
163.568,162.301,4972.1,31.0,4972.12,11.0,100.0,20.0,1,0.0,10240
163.675,162.392,4972.2,22.0,4972.22,2.0,100.0,20.0,1,0.0,10240
163.773,162.494,4972.3,24.0,4972.32,4.0,100.0,20.0,1,-20.0,10240
163.889,162.598,4972.4,28.0,4972.42,8.0,100.0,20.0,1,-20.0,10240
163.987,162.701,4972.5,31.0,4972.52,11.0,100.0,20.0,1,-20.0,10240
164.083,162.8,4972.6,30.0,4972.62,10.0,100.0,20.0,1,-20.0,10240
164.183,162.893,4972.7,23.0,4972.72,3.0,100.0,20.0,1,-20.0,10240
164.287,163.003,4972.8,33.0,4972.82,13.0,100.0,20.0,1,-20.0,10240
164.379,163.098,4972.9,28.0,4972.92,8.0,100.0,20.0,1,0.0,10240
164.486,163.205,4973.0,35.0,4973.02,15.0,100.0,20.0,1,0.0,10240
164.586,163.31,4973.1,40.0,4973.12,20.0,100.0,20.0,0,20.0,10240
164.685,163.39,4973.2,20.0,4973.22,0.0,100.0,20.0,1,0.0,10240
164.787,163.503,4973.3,33.0,4973.32,13.0,100.0,20.0,1,-20.0,10240
164.891,163.6,4973.4,30.0,4973.42,10.0,100.0,20.0,1,-20.0,10240
164.99,163.693,4973.5,23.0,4973.52,3.0,100.0,20.0,1,0.0,10240
165.098,163.806,4973.6,36.0,4973.62,16.0,100.0,20.0,1,-20.0,10240
165.189,163.905,4973.7,35.0,4973.72,15.0,100.0,20.0,1,0.0,10240
165.294,164.005,4973.8,35.0,4973.82,15.0,100.0,20.0,1,-20.0,10240
165.389,164.095,4973.9,25.0,4973.92,5.0,100.0,20.0,1,0.0,10240
165.489,164.208,4974.0,38.0,4974.02,18.0,100.0,20.0,1,-20.0,10240
165.593,164.305,4974.1,35.0,4974.12,15.0,100.0,20.0,1,-20.0,10240
165.693,164.389,4974.2,19.0,4974.2,19.0,100.0,20.0,1,0.0,10240
165.804,164.497,4974.3,27.0,4974.32,7.0,100.0,20.0,1,-20.0,10240
165.906,164.602,4974.4,32.0,4974.42,12.0,100.0,20.0,1,-20.0,10240
166.012,164.707,4974.5,37.0,4974.52,17.0,100.0,20.0,1,-20.0,10240
166.103,164.797,4974.6,27.0,4974.62,7.0,100.0,20.0,1,-20.0,10240
166.2,164.893,4974.7,23.0,4974.72,3.0,100.0,20.0,1,0.0,10240
166.301,165.004,4974.8,34.0,4974.82,14.0,100.0,20.0,1,0.0,10240
166.405,165.098,4974.9,28.0,4974.92,8.0,100.0,20.0,1,-20.0,10240
166.514,165.205,4975.0,35.0,4975.02,15.0,100.0,20.0,1,-20.0,10240
166.61,165.304,4975.1,34.0,4975.12,14.0,100.0,20.0,1,-20.0,10240
166.707,165.396,4975.2,26.0,4975.22,6.0,100.0,20.0,1,-20.0,10240
166.81,165.494,4975.3,24.0,4975.32,4.0,100.0,20.0,1,-20.0,10240
166.908,165.606,4975.4,36.0,4975.42,16.0,100.0,20.0,1,0.0,10240
167.012,165.71,4975.5,40.0,4975.52,20.0,100.0,20.0,0,40.0,10240
167.11,165.809,4975.6,39.0,4975.62,19.0,100.0,20.0,0,60.0,10240
167.21,165.904,4975.7,34.0,4975.72,14.0,100.0,20.0,0,60.0,10240
167.308,166.006,4975.8,36.0,4975.82,16.0,100.0,20.0,0,60.0,10240
167.41,166.1,4975.9,30.0,4975.92,10.0,100.0,20.0,0,80.0,10240
167.522,166.203,4976.0,33.0,4976.02,13.0,100.0,20.0,1,-20.0,10240
167.617,166.311,4976.1,41.0,4976.14,1.0,100.0,20.0,1,0.0,10240
167.715,166.409,4976.2,39.0,4976.22,19.0,100.0,20.0,1,-20.0,10240
167.809,166.492,4976.3,22.0,4976.32,2.0,100.0,20.0,1,-20.0,10240
167.913,166.607,4976.4,37.0,4976.42,17.0,100.0,20.0,1,-20.0,10240
168.016,166.703,4976.5,33.0,4976.52,13.0,100.0,20.0,1,-20.0,10240
168.116,166.806,4976.6,36.0,4976.62,16.0,100.0,20.0,1,-20.0,10240
168.211,166.896,4976.7,26.0,4976.72,6.0,100.0,20.0,1,-20.0,10240
168.323,167.002,4976.8,32.0,4976.82,12.0,100.0,20.0,1,-20.0,10240
168.41,167.099,4976.9,29.0,4976.92,9.0,100.0,20.0,1,0.0,10240
168.523,167.21,4977.0,40.0,4977.02,20.0,100.0,20.0,1,-20.0,10240
168.611,167.296,4977.1,26.0,4977.12,6.0,100.0,20.0,1,0.0,10240
168.719,167.4,4977.2,30.0,4977.22,10.0,100.0,20.0,1,-20.0,10240
168.813,167.489,4977.3,19.0,4977.3,19.0,100.0,20.0,1,0.0,10240
168.914,167.595,4977.4,25.0,4977.42,5.0,100.0,20.0,1,0.0,10240
169.026,167.706,4977.5,36.0,4977.52,16.0,100.0,20.0,1,-20.0,10240
169.117,167.796,4977.6,26.0,4977.62,6.0,100.0,20.0,1,0.0,10240
169.221,167.905,4977.7,35.0,4977.72,15.0,100.0,20.0,1,-20.0,10240
169.314,168.0,4977.8,30.0,4977.82,10.0,100.0,20.0,1,-20.0,10240
169.421,168.096,4977.9,26.0,4977.92,6.0,100.0,20.0,1,-20.0,10240
169.527,168.205,4978.0,35.0,4978.02,15.0,100.0,20.0,1,-20.0,10240
169.628,168.306,4978.1,36.0,4978.12,16.0,100.0,20.0,1,-20.0,10240
169.72,168.41,4978.2,40.0,4978.22,20.0,100.0,20.0,1,-20.0,10240
169.816,168.498,4978.3,28.0,4978.32,8.0,100.0,20.0,0,20.0,10240
169.922,168.606,4978.4,36.0,4978.42,16.0,100.0,20.0,1,0.0,10240
170.025,168.699,4978.5,29.0,4978.52,9.0,100.0,20.0,0,20.0,10240
170.12,168.798,4978.6,28.0,4978.62,8.0,100.0,20.0,1,0.0,10240
170.233,168.898,4978.7,28.0,4978.72,8.0,100.0,20.0,1,-20.0,10240
170.321,168.99,4978.8,20.0,4978.8,20.0,100.0,20.0,1,0.0,10240
170.435,169.109,4978.9,39.0,4978.92,19.0,100.0,20.0,1,-20.0,10240
170.53,169.197,4979.0,27.0,4979.02,7.0,100.0,20.0,1,-20.0,10240
170.636,169.303,4979.1,33.0,4979.12,13.0,100.0,20.0,1,-20.0,10240
170.733,169.402,4979.2,32.0,4979.22,12.0,100.0,20.0,1,0.0,10240
170.832,169.495,4979.3,25.0,4979.32,5.0,100.0,20.0,1,-20.0,10240
170.934,169.608,4979.4,38.0,4979.42,18.0,100.0,20.0,1,-20.0,10240
171.033,169.707,4979.5,37.0,4979.52,17.0,100.0,20.0,1,0.0,10240
171.134,169.796,4979.6,26.0,4979.62,6.0,100.0,20.0,1,-20.0,10240
171.238,169.9,4979.7,30.0,4979.72,10.0,100.0,20.0,1,-20.0,10240
171.333,169.993,4979.8,23.0,4979.82,3.0,100.0,20.0,1,0.0,10240
171.436,170.11,4979.9,40.0,4979.92,20.0,100.0,20.0,1,0.0,10240
171.534,170.2,4980.0,30.0,4980.02,10.0,100.0,20.0,1,-20.0,10240
171.635,170.307,4980.1,37.0,4980.12,17.0,100.0,20.0,1,-20.0,10240
171.73,170.404,4980.2,34.0,4980.22,14.0,100.0,20.0,1,0.0,10240
171.837,170.497,4980.3,27.0,4980.32,7.0,100.0,20.0,1,-20.0,10240
171.935,170.602,4980.4,32.0,4980.42,12.0,100.0,20.0,1,-20.0,10240
172.034,170.706,4980.5,36.0,4980.52,16.0,100.0,20.0,1,0.0,10240
172.138,170.797,4980.6,27.0,4980.62,7.0,100.0,20.0,0,40.0,10240
172.237,170.898,4980.7,28.0,4980.72,8.0,100.0,20.0,1,0.0,10240
172.338,170.999,4980.8,29.0,4980.82,9.0,100.0,20.0,1,-20.0,10240
172.435,171.095,4980.9,25.0,4980.92,5.0,100.0,20.0,1,0.0,10240
172.53,171.199,4981.0,29.0,4981.02,9.0,100.0,20.0,1,-20.0,10240
172.633,171.305,4981.1,35.0,4981.12,15.0,100.0,20.0,0,20.0,10240
172.739,171.411,4981.2,41.0,4981.24,1.0,100.0,20.0,0,40.0,10240
172.835,171.507,4981.3,37.0,4981.32,17.0,100.0,20.0,0,80.0,10240
172.934,171.6,4981.4,30.0,4981.42,10.0,100.0,20.0,0,40.0,10240
173.044,171.696,4981.5,26.0,4981.52,6.0,100.0,20.0,1,-20.0,10240
173.157,171.802,4981.6,32.0,4981.62,12.0,100.0,20.0,1,-20.0,10240
173.244,171.906,4981.7,36.0,4981.72,16.0,100.0,20.0,1,-20.0,10240
173.341,171.991,4981.8,21.0,4981.82,1.0,100.0,20.0,1,-20.0,10240
173.462,172.117,4981.9,47.0,4981.94,7.0,100.0,20.0,1,0.0,10240
173.552,172.199,4982.0,29.0,4982.02,9.0,100.0,20.0,0,20.0,10240
173.645,172.3,4982.1,30.0,4982.12,10.0,100.0,20.0,1,0.0,10240
173.741,172.393,4982.2,23.0,4982.22,3.0,100.0,20.0,1,0.0,10240
173.847,172.494,4982.3,24.0,4982.32,4.0,100.0,20.0,1,-20.0,10240
173.945,172.598,4982.4,28.0,4982.42,8.0,100.0,20.0,1,0.0,10240
174.047,172.691,4982.5,21.0,4982.52,1.0,100.0,20.0,1,0.0,10240
174.153,172.799,4982.6,29.0,4982.62,9.0,100.0,20.0,1,-20.0,10240
174.267,172.9,4982.7,30.0,4982.72,10.0,100.0,20.0,1,-20.0,10240
174.355,172.99,4982.8,20.0,4982.82,0.0,100.0,20.0,1,-20.0,10240
174.458,173.099,4982.9,29.0,4982.92,9.0,100.0,20.0,1,0.0,10240
174.558,173.195,4983.0,25.0,4983.02,5.0,100.0,20.0,1,0.0,10240
174.657,173.294,4983.1,24.0,4983.12,4.0,100.0,20.0,1,-20.0,10240
174.76,173.397,4983.2,27.0,4983.22,7.0,100.0,20.0,1,-20.0,10240
174.864,173.497,4983.3,27.0,4983.32,7.0,100.0,20.0,1,-20.0,10240
174.965,173.603,4983.4,33.0,4983.42,13.0,100.0,20.0,1,-20.0,10240
175.073,173.696,4983.5,26.0,4983.52,6.0,100.0,20.0,1,-20.0,10240
175.16,173.792,4983.6,22.0,4983.62,2.0,100.0,20.0,1,0.0,10240
175.283,173.903,4983.7,33.0,4983.72,13.0,100.0,20.0,1,-20.0,10240
175.359,173.996,4983.8,26.0,4983.82,6.0,100.0,20.0,1,0.0,10240
175.46,174.103,4983.9,33.0,4983.92,13.0,100.0,20.0,1,-20.0,10240
175.564,174.199,4984.0,29.0,4984.02,9.0,100.0,20.0,1,-20.0,10240
175.663,174.3,4984.1,30.0,4984.12,10.0,100.0,20.0,1,-20.0,10240
175.771,174.407,4984.2,37.0,4984.22,17.0,100.0,20.0,1,-20.0,10240
175.867,174.498,4984.3,28.0,4984.32,8.0,100.0,20.0,1,-20.0,10240
175.963,174.6,4984.4,30.0,4984.42,10.0,100.0,20.0,1,-20.0,10240
176.061,174.7,4984.5,30.0,4984.52,10.0,100.0,20.0,1,-20.0,10240
176.169,174.813,4984.6,43.0,4984.64,3.0,100.0,20.0,0,20.0,10240
176.27,174.91,4984.7,40.0,4984.72,20.0,100.0,20.0,1,-20.0,10240
176.365,175.006,4984.8,36.0,4984.82,16.0,100.0,20.0,1,-20.0,10240
176.463,175.093,4984.9,23.0,4984.92,3.0,100.0,20.0,1,0.0,10240
176.561,175.2,4985.0,30.0,4985.02,10.0,100.0,20.0,1,-20.0,10240
176.668,175.297,4985.1,27.0,4985.12,7.0,100.0,20.0,1,-20.0,10240
176.769,175.402,4985.2,32.0,4985.22,12.0,100.0,20.0,1,-20.0,10240
176.867,175.498,4985.3,28.0,4985.32,8.0,100.0,20.0,1,-20.0,10240
176.965,175.6,4985.4,30.0,4985.42,10.0,100.0,20.0,1,-20.0,10240
177.071,175.694,4985.5,24.0,4985.52,4.0,100.0,20.0,1,0.0,10240
177.167,175.808,4985.6,38.0,4985.62,18.0,100.0,20.0,1,0.0,10240
177.274,175.912,4985.7,42.0,4985.74,2.0,100.0,20.0,0,40.0,10240
177.369,176.007,4985.8,37.0,4985.82,17.0,100.0,20.0,0,80.0,10240
177.467,176.101,4985.9,31.0,4985.92,11.0,100.0,20.0,0,60.0,10240
177.573,176.196,4986.0,26.0,4986.02,6.0,100.0,20.0,1,-20.0,10240
177.674,176.299,4986.1,29.0,4986.12,9.0,100.0,20.0,1,-20.0,10240
177.776,176.4,4986.2,30.0,4986.22,10.0,100.0,20.0,1,-20.0,10240
177.868,176.502,4986.3,32.0,4986.32,12.0,100.0,20.0,1,-20.0,10240
177.968,176.601,4986.4,31.0,4986.42,11.0,100.0,20.0,1,-20.0,10240
178.064,176.693,4986.5,23.0,4986.52,3.0,100.0,20.0,1,-20.0,10240
178.168,176.807,4986.6,37.0,4986.62,17.0,100.0,20.0,1,-20.0,10240
178.275,176.903,4986.7,33.0,4986.72,13.0,100.0,20.0,1,-20.0,10240
178.368,176.996,4986.8,26.0,4986.82,6.0,100.0,20.0,1,-20.0,10240
178.472,177.091,4986.9,21.0,4986.92,1.0,100.0,20.0,1,0.0,10240
178.565,177.197,4987.0,27.0,4987.02,7.0,100.0,20.0,1,-20.0,10240
178.668,177.305,4987.1,35.0,4987.12,15.0,100.0,20.0,1,-20.0,10240
178.77,177.4,4987.2,30.0,4987.22,10.0,100.0,20.0,1,-20.0,10240
178.868,177.496,4987.3,26.0,4987.32,6.0,100.0,20.0,1,-20.0,10240
178.967,177.598,4987.4,28.0,4987.42,8.0,100.0,20.0,1,-20.0,10240
179.073,177.702,4987.5,32.0,4987.52,12.0,100.0,20.0,1,-20.0,10240
179.169,177.793,4987.6,23.0,4987.62,3.0,100.0,20.0,1,-20.0,10240
179.276,177.901,4987.7,31.0,4987.72,11.0,100.0,20.0,1,-20.0,10240
179.368,178.006,4987.8,36.0,4987.82,16.0,100.0,20.0,1,-20.0,10240
179.47,178.102,4987.9,32.0,4987.92,12.0,100.0,20.0,1,-20.0,10240
179.57,178.198,4988.0,28.0,4988.02,8.0,100.0,20.0,0,40.0,10240
179.674,178.295,4988.1,25.0,4988.12,5.0,100.0,20.0,0,60.0,10240
179.779,178.403,4988.2,33.0,4988.22,13.0,100.0,20.0,1,-20.0,10240
179.871,178.497,4988.3,27.0,4988.32,7.0,100.0,20.0,1,-20.0,10240
