sim_s,wall_s,state,x,y,z,yaw_deg,tilt_deg,cmd_vx,cmd_wz,path_m,map_known_pct,map_known_cells,frontier_count,frontier_cells,frontier_clusters,frontier_extract_ms,candidates_checked,path_requests,selection_cycle,blacklisted,refused,timed_out,near_frontiers_skipped,provisional_recoveries,barren_cycles,marker_visible,marker_distance_m,homing_entry_distance_m,homing_entries,homing_abandons,detections_n,exit_pose_seen,escaped,message
69.388,0.5,idle,-0.0019,0.0424,0.3469,90.04,0.02,,,0.0,23.55,1782,0,0,0,0.0,0,0,0,0,0,0,0,0,0,False,,,0,0,0,0,0,
69.879,1.0,idle,-0.0019,0.0424,0.3469,90.04,0.02,,,0.0,23.55,1782,0,0,0,0.0,0,0,0,0,0,0,0,0,0,False,,,0,0,0,0,0,
70.372,1.5,idle,-0.0019,0.0424,0.3469,90.04,0.02,,,0.0,23.55,1782,0,0,0,0.0,0,0,0,0,0,0,0,0,0,False,,,0,0,0,0,0,
70.871,2.0,idle,-0.0019,0.0424,0.3469,90.04,0.02,,,0.0,23.55,1782,0,0,0,0.0,0,0,0,0,0,0,0,0,0,False,,,0,0,0,0,0,
71.363,2.5,idle,-0.0019,0.0424,0.3469,90.04,0.02,,,0.0,23.55,1782,0,0,0,0.0,0,0,0,0,0,0,0,0,0,False,,,0,0,0,0,0,
71.848,3.0,idle,-0.0019,0.0424,0.3469,90.04,0.02,,,0.0,23.55,1782,0,0,0,0.0,0,0,0,0,0,0,0,0,0,False,,,0,0,0,0,0,
72.333,3.5,idle,-0.0019,0.0424,0.3469,90.04,0.02,,,0.0,23.55,1782,0,0,0,0.0,0,0,0,0,0,0,0,0,0,False,,,0,0,0,0,0,
72.825,4.0,idle,-0.0019,0.0424,0.3469,90.04,0.02,,,0.0,23.55,1782,0,0,0,0.0,0,0,0,0,0,0,0,0,0,False,,,0,0,0,0,0,
73.311,4.501,idle,-0.0019,0.0424,0.3469,90.04,0.02,,,0.0,23.55,1782,0,0,0,0.0,0,0,0,0,0,0,0,0,0,False,,,0,0,0,0,0,
73.8,5.001,idle,-0.0019,0.0424,0.3469,90.04,0.02,,,0.0,23.55,1782,0,0,0,0.0,0,0,0,0,0,0,0,0,0,False,,,0,0,0,0,0,
74.299,5.5,idle,-0.0019,0.0424,0.3469,90.04,0.02,,,0.0,23.55,1782,0,0,0,0.0,0,0,0,0,0,0,0,0,0,False,,,0,0,0,0,0,
74.799,6.0,idle,-0.0019,0.0424,0.3469,90.04,0.02,,,0.0,23.55,1782,0,0,0,0.0,0,0,0,0,0,0,0,0,0,False,,,0,0,0,0,0,
75.247,6.5,idle,-0.0019,0.0424,0.3469,90.04,0.02,,,0.0,23.55,1782,0,0,0,0.0,0,0,0,0,0,0,0,0,0,False,,,0,0,0,0,0,
75.739,7.0,idle,-0.0019,0.0424,0.3469,90.04,0.02,,,0.0,23.55,1782,0,0,0,0.0,0,0,0,0,0,0,0,0,0,False,,,0,0,0,0,0,
76.218,7.5,idle,-0.0019,0.0424,0.3469,90.04,0.02,,,0.0,23.55,1782,0,0,0,0.0,0,0,0,0,0,0,0,0,0,False,,,0,0,0,0,0,
76.713,8.0,idle,-0.0019,0.0424,0.3469,90.04,0.02,,,0.0,23.55,1782,0,0,0,0.0,0,0,0,0,0,0,0,0,0,False,,,0,0,0,0,0,
77.199,8.5,idle,-0.0019,0.0424,0.3469,90.04,0.02,,,0.0,23.55,1782,0,0,0,0.0,0,0,0,0,0,0,0,0,0,False,,,0,0,0,0,0,
77.671,9.0,idle,-0.0019,0.0424,0.3469,90.04,0.02,,,0.0,23.55,1782,0,0,0,0.0,0,0,0,0,0,0,0,0,0,False,,,0,0,0,0,0,
78.149,9.5,idle,-0.0019,0.0424,0.3469,90.04,0.02,,,0.0,23.55,1782,0,0,0,0.0,0,0,0,0,0,0,0,0,0,False,,,0,0,0,0,0,
78.627,10.0,idle,-0.0019,0.0424,0.3469,90.04,0.02,,,0.0,23.55,1782,0,0,0,0.0,0,0,0,0,0,0,0,0,0,False,,,0,0,0,0,0,
79.117,10.501,idle,-0.0019,0.0424,0.3469,90.04,0.02,,,0.0,23.55,1782,0,0,0,0.0,0,0,0,0,0,0,0,0,0,False,,,0,0,0,0,0,
79.601,11.0,idle,-0.0019,0.0424,0.3469,90.04,0.02,,,0.0,23.55,1782,0,0,0,0.0,0,0,0,0,0,0,0,0,0,False,,,0,0,0,0,0,
80.064,11.5,idle,-0.0019,0.0424,0.3469,90.04,0.02,,,0.0,23.55,1782,0,0,0,0.0,0,0,0,0,0,0,0,0,0,False,,,0,0,0,0,0,
80.523,12.001,waiting_map,-0.0019,0.0424,0.3469,90.04,0.02,,,0.0,23.55,1782,0,0,0,0.0,0,0,0,0,0,0,0,0,0,False,,,0,0,0,0,0,"aguardando mapa, TF e Nav2"
81.011,12.5,selecting,-0.0019,0.0424,0.3469,90.04,0.02,,,0.0,23.55,1782,0,0,0,0.0,0,0,0,0,0,0,0,0,0,False,,,0,0,0,0,0,
81.497,13.0,selecting,-0.0019,0.0424,0.3469,90.04,0.02,,,0.0,23.55,1782,0,0,0,0.0,0,0,0,0,0,0,0,0,0,False,,,0,0,0,0,0,
81.989,13.5,selecting,-0.0019,0.0424,0.3469,90.04,0.02,,,0.0,23.55,1782,0,0,0,0.0,0,0,0,0,0,0,0,0,0,False,,,0,0,0,0,0,
82.455,14.0,selecting,-0.0019,0.0424,0.3469,90.04,0.02,,,0.0,23.55,1782,3,652,3,83.0,1,1,1,0,0,0,0,0,0,False,,,0,0,0,0,0,
82.94,14.5,selecting,-0.0019,0.0424,0.3469,90.04,0.02,,,0.0,23.55,1782,3,652,3,83.0,1,1,1,0,0,0,0,0,0,False,,,0,0,0,0,0,
83.436,15.0,navigating,0.0029,0.0362,0.3455,89.97,0.17,0.0178,0.0004,0.008,23.55,1782,3,652,3,83.0,3,3,1,0,0,0,0,0,0,False,,,0,0,0,0,0,navegando para fronteira
83.928,15.5,navigating,0.0058,0.0551,0.3538,90.21,0.24,0.0504,0.0185,0.032,23.55,1782,3,652,3,83.0,3,3,1,0,0,0,0,0,0,False,,,0,0,0,0,0,navegando para fronteira
84.395,16.0,navigating,-0.0115,0.0918,0.3569,90.65,0.77,0.0875,0.031,0.075,23.55,1782,3,652,3,83.0,3,3,1,0,0,0,0,0,0,False,,,0,0,0,0,0,navegando para fronteira
84.875,16.5,navigating,-0.0083,0.1386,0.3573,91.56,0.2,0.0919,0.0776,0.122,23.55,1782,3,652,3,83.0,3,3,1,0,0,0,0,0,0,False,,,0,0,0,0,0,navegando para fronteira
85.362,17.0,navigating,-0.0022,0.1914,0.3504,92.77,0.35,0.1008,0.052,0.176,23.55,1782,3,652,3,83.0,3,3,1,0,0,0,0,0,0,False,,,0,0,0,0,0,navegando para fronteira
85.831,17.501,navigating,-0.0279,0.2358,0.3513,93.88,0.98,0.0955,0.0187,0.228,23.55,1782,3,652,3,83.0,3,3,1,0,0,0,0,0,0,False,,,0,0,0,0,0,navegando para fronteira
86.317,18.001,navigating,-0.0271,0.2909,0.3558,94.61,0.15,0.1098,-0.0005,0.285,23.55,1782,3,652,3,83.0,3,3,1,0,0,0,0,0,0,False,,,0,0,0,0,0,navegando para fronteira
86.806,18.5,navigating,-0.0343,0.3583,0.3571,95.41,0.37,0.1285,0.0081,0.354,23.55,1782,3,652,3,83.0,3,3,1,0,0,0,0,0,0,False,,,0,0,0,0,0,navegando para fronteira
87.287,19.0,navigating,-0.0507,0.4166,0.3559,95.92,0.53,0.1207,-0.0127,0.416,23.55,1782,3,652,3,83.0,3,3,1,0,0,0,0,0,0,False,,,0,0,0,0,0,navegando para fronteira
87.775,19.5,navigating,-0.0492,0.4746,0.3567,95.88,0.21,0.1158,-0.0312,0.474,23.55,1782,3,652,3,83.0,3,3,1,0,0,0,0,0,0,False,,,0,0,0,0,0,navegando para fronteira
88.246,20.0,navigating,-0.0655,0.5288,0.3527,95.36,0.71,0.1189,-0.011,0.531,35.01,2680,3,652,3,83.0,3,3,1,0,0,0,0,0,0,False,,,0,0,0,0,0,navegando para fronteira
88.734,20.5,navigating,-0.0562,0.5926,0.3536,94.66,0.4,0.1129,-0.0134,0.596,35.01,2680,3,652,3,83.0,3,3,1,0,0,0,0,0,0,False,,,0,0,0,0,0,navegando para fronteira
89.216,21.0,navigating,-0.0718,0.6488,0.3566,93.93,0.4,0.1055,-0.0155,0.656,35.01,2680,3,652,3,83.0,3,3,1,0,0,0,0,0,0,False,,,0,0,0,0,0,navegando para fronteira
89.693,21.5,navigating,-0.0728,0.7109,0.3567,93.19,0.26,0.1072,-0.028,0.718,35.01,2680,3,652,3,83.0,3,3,1,0,0,0,0,0,0,False,,,0,0,0,0,0,navegando para fronteira
90.169,22.0,navigating,-0.0726,0.7685,0.3539,92.47,0.24,0.114,-0.0232,0.776,35.01,2680,3,652,3,83.0,3,3,1,0,0,0,0,0,0,False,,,0,0,0,0,0,navegando para fronteira
90.649,22.5,navigating,-0.0835,0.8233,0.355,92.0,0.44,0.097,-0.021,0.832,35.01,2680,3,652,3,83.0,3,3,1,0,0,0,0,0,0,False,,,0,0,0,0,0,navegando para fronteira
91.111,23.0,navigating,-0.0776,0.8653,0.3553,91.68,0.26,0.0776,-0.0245,0.875,36.15,2767,3,652,3,83.0,3,3,1,0,0,0,0,0,0,False,,,0,0,0,0,0,navegando para fronteira
91.623,23.5,navigating,-0.0815,0.9109,0.3551,91.57,0.24,0.0119,0.0,0.921,36.15,2767,3,652,3,83.0,3,3,1,0,0,0,0,0,0,False,,,0,0,0,0,0,navegando para fronteira
92.104,24.0,selecting,-0.0805,0.9098,0.3551,91.63,0.07,0.0,0.0,0.925,36.15,2767,2,384,3,102.4,1,4,2,0,0,0,1,0,0,False,,,0,0,0,0,0,fronteira alcancada; atualizando mapa
92.576,24.5,selecting,-0.0835,0.9149,0.3542,91.86,0.32,0.0046,0.0191,0.933,36.15,2767,2,384,3,102.4,1,4,2,0,0,0,1,0,0,False,,,0,0,0,0,0,fronteira alcancada; atualizando mapa
93.063,25.0,navigating,-0.0874,0.9109,0.3505,92.89,0.29,0.0004,0.0795,0.94,36.15,2767,2,384,3,102.4,2,5,2,0,0,0,1,0,0,False,,,0,0,0,0,0,navegando para fronteira
93.545,25.5,navigating,-0.0798,0.9165,0.351,94.88,0.17,0.0026,0.1161,0.952,36.15,2767,2,384,3,102.4,2,5,2,0,0,0,1,0,0,False,,,0,0,0,0,0,navegando para fronteira
94.036,26.0,navigating,-0.0897,0.9092,0.3517,97.64,0.41,0.0,0.1109,0.964,36.15,2767,2,384,3,102.4,2,5,2,0,0,0,1,0,0,False,,,0,0,0,0,0,navegando para fronteira
94.525,26.5,navigating,-0.084,0.9109,0.354,100.52,0.09,0.0002,0.1299,0.973,36.15,2767,2,384,3,102.4,2,5,2,0,0,0,1,0,0,False,,,0,0,0,0,0,navegando para fronteira
95.008,27.0,navigating,-0.082,0.9097,0.354,103.56,0.14,0.0014,0.1099,0.979,36.15,2767,2,384,3,102.4,2,5,2,0,0,0,1,0,0,False,,,0,0,0,0,0,navegando para fronteira
95.496,27.5,navigating,-0.0875,0.9064,0.3548,106.56,0.29,0.0,0.1229,0.988,36.15,2767,2,384,3,102.4,2,5,2,0,0,0,1,0,0,False,,,0,0,0,0,0,navegando para fronteira
95.981,28.0,navigating,-0.0822,0.9038,0.3537,110.11,0.16,0.0,0.1381,0.996,36.15,2767,2,384,3,102.4,2,5,2,0,0,0,1,0,0,False,,,0,0,0,0,0,navegando para fronteira
96.42,28.5,navigating,-0.0847,0.9022,0.3416,113.66,0.28,0.0003,0.1651,1.002,36.15,2767,2,384,3,102.4,2,5,2,0,0,0,1,0,0,False,,,0,0,0,0,0,navegando para fronteira
96.896,29.0,navigating,-0.0778,0.9079,0.3517,117.78,0.11,0.0004,0.1896,1.013,36.15,2767,2,384,3,102.4,2,5,2,0,0,0,1,0,0,False,,,0,0,0,0,0,navegando para fronteira
97.386,29.5,navigating,-0.0868,0.8949,0.3544,122.2,0.47,0.0002,0.1954,1.032,36.15,2767,2,384,3,102.4,2,5,2,0,0,0,1,0,0,False,,,0,0,0,0,0,navegando para fronteira
97.87,30.0,navigating,-0.0823,0.8993,0.3522,126.62,0.11,0.0003,0.1941,1.042,36.15,2767,2,384,3,102.4,2,5,2,0,0,0,1,0,0,False,,,0,0,0,0,0,navegando para fronteira
98.36,30.5,navigating,-0.082,0.8874,0.3528,131.11,0.45,0.0,0.1693,1.057,36.15,2767,2,384,3,102.4,2,5,2,0,0,0,1,0,0,False,,,0,0,0,0,0,navegando para fronteira
98.847,31.0,navigating,-0.0807,0.8882,0.3518,135.28,0.16,0.0003,0.1567,1.066,36.15,2767,2,384,3,102.4,2,5,2,0,0,0,1,0,0,False,,,0,0,0,0,0,navegando para fronteira
99.327,31.5,navigating,-0.0797,0.8839,0.3537,139.46,0.25,0.0025,0.1494,1.072,36.15,2767,2,384,3,102.4,2,5,2,0,0,0,1,0,0,False,,,0,0,0,0,0,navegando para fronteira
99.817,32.0,navigating,-0.0768,0.8826,0.3559,143.47,0.15,0.0,0.1635,1.079,36.15,2767,2,384,3,102.4,2,5,2,0,0,0,1,0,0,False,,,0,0,0,0,0,navegando para fronteira
100.304,32.5,navigating,-0.0765,0.8775,0.3539,147.57,0.25,0.0,0.1082,1.085,36.15,2767,2,384,3,102.4,2,5,2,0,0,0,1,0,0,False,,,0,0,0,0,0,navegando para fronteira
100.783,33.0,navigating,-0.0766,0.8767,0.3532,151.47,0.27,0.0008,0.1433,1.091,36.15,2767,2,384,3,102.4,2,5,2,0,0,0,1,0,0,False,,,0,0,0,0,0,navegando para fronteira
101.252,33.5,navigating,-0.0743,0.8746,0.3564,155.02,0.21,0.0003,0.1667,1.097,36.15,2767,2,384,3,102.4,2,5,2,0,0,0,1,0,0,False,,,0,0,0,0,0,navegando para fronteira
101.717,34.0,navigating,-0.0764,0.8639,0.3515,158.37,0.44,0.0,0.1927,1.109,36.15,2767,2,384,3,102.4,2,5,2,0,0,0,1,0,0,False,,,0,0,0,0,0,navegando para fronteira
102.197,34.502,navigating,-0.0773,0.8701,0.3517,162.24,0.19,0.0036,0.1718,1.118,36.15,2767,2,384,3,102.4,2,5,2,0,0,0,1,0,0,False,,,0,0,0,0,0,navegando para fronteira
102.683,35.0,navigating,-0.0768,0.8645,0.3548,165.55,0.42,0.0021,0.1319,1.132,36.15,2767,2,384,3,102.4,2,5,2,0,0,0,1,0,0,False,,,0,0,0,0,0,navegando para fronteira
103.169,35.5,navigating,-0.0788,0.862,0.3562,168.59,0.17,0.0024,0.1249,1.142,36.15,2767,2,384,3,102.4,2,5,2,0,0,0,1,0,0,False,,,0,0,0,0,0,navegando para fronteira
103.654,36.0,navigating,-0.0783,0.8649,0.3563,171.44,0.17,0.0049,0.1019,1.147,36.15,2767,2,384,3,102.4,2,5,2,0,0,0,1,0,0,False,,,0,0,0,0,0,navegando para fronteira
104.149,36.5,navigating,-0.0805,0.8618,0.3557,174.62,0.23,0.0039,0.1043,1.152,36.15,2767,2,384,3,102.4,2,5,2,0,0,0,1,0,0,False,,,0,0,0,0,0,navegando para fronteira
104.632,37.0,navigating,-0.0801,0.8606,0.3556,177.26,0.2,0.0005,0.0946,1.157,36.15,2767,2,384,3,102.4,2,5,2,0,0,0,1,0,0,False,,,0,0,0,0,0,navegando para fronteira
105.128,37.5,navigating,-0.0786,0.8626,0.3571,-179.92,0.21,0.001,0.0855,1.162,36.15,2767,2,384,3,102.4,2,5,2,0,0,0,1,0,0,False,,,0,0,0,0,0,navegando para fronteira
105.607,38.0,navigating,-0.0811,0.8585,0.3526,-177.63,0.21,0.0097,0.0937,1.169,36.15,2767,2,384,3,102.4,2,5,2,0,0,0,1,0,0,False,,,0,0,0,0,0,navegando para fronteira
106.083,38.5,navigating,-0.0841,0.8595,0.3526,-175.34,0.12,0.0064,0.1209,1.173,36.15,2767,2,384,3,102.4,2,5,2,0,0,0,1,0,0,False,,,0,0,0,0,0,navegando para fronteira
106.565,39.0,navigating,-0.084,0.856,0.3544,-172.53,0.22,0.0019,0.1216,1.179,36.15,2767,2,384,3,102.4,2,5,2,0,0,0,1,0,0,False,,,0,0,0,0,0,navegando para fronteira
107.054,39.5,navigating,-0.0854,0.8526,0.3526,-169.76,0.22,0.0022,0.1194,1.185,36.15,2767,2,384,3,102.4,2,5,2,0,0,0,1,0,0,False,,,0,0,0,0,0,navegando para fronteira
107.535,40.0,navigating,-0.089,0.8497,0.3544,-166.79,0.24,0.0135,0.1172,1.191,36.15,2767,2,384,3,102.4,2,5,2,0,0,0,1,0,0,False,,,0,0,0,0,0,navegando para fronteira
108.029,40.5,navigating,-0.098,0.847,0.3554,-164.18,0.25,0.0208,0.0659,1.201,36.15,2767,2,384,3,102.4,2,5,2,0,0,0,1,0,0,False,,,0,0,0,0,0,navegando para fronteira
108.52,41.0,navigating,-0.1086,0.8429,0.358,-162.21,0.21,0.026,0.0425,1.213,36.15,2767,2,384,3,102.4,2,5,2,0,0,0,1,0,0,False,,,0,0,0,0,0,navegando para fronteira
109.009,41.5,navigating,-0.1243,0.8349,0.3585,-160.72,0.28,0.0329,0.0438,1.231,36.15,2767,2,384,3,102.4,2,5,2,0,0,0,1,0,0,False,,,0,0,0,0,0,navegando para fronteira
109.494,42.0,navigating,-0.142,0.8254,0.3597,-159.56,0.34,0.0387,0.0391,1.251,36.15,2767,2,384,3,102.4,2,5,2,0,0,0,1,0,0,False,,,0,0,0,0,0,navegando para fronteira
109.979,42.5,navigating,-0.1549,0.8188,0.3607,-158.61,0.3,0.0305,0.0565,1.266,36.15,2767,2,384,3,102.4,2,5,2,0,0,0,1,0,0,False,,,0,0,0,0,0,navegando para fronteira
110.466,43.0,navigating,-0.17,0.8106,0.3596,-157.38,0.23,0.0295,0.0569,1.284,36.15,2767,2,384,3,102.4,2,5,2,0,0,0,1,0,0,False,,,0,0,0,0,0,navegando para fronteira
110.954,43.501,navigating,-0.1821,0.8047,0.3572,-156.6,0.19,0.0256,0.0446,1.298,36.15,2767,2,384,3,102.4,2,5,2,0,0,0,1,0,0,False,,,0,0,0,0,0,navegando para fronteira
111.442,44.0,navigating,-0.1958,0.7968,0.3559,-155.69,0.36,0.0259,0.0595,1.314,36.15,2767,2,384,3,102.4,2,5,2,0,0,0,1,0,0,False,,,0,0,0,0,0,navegando para fronteira
111.872,44.5,navigating,-0.2061,0.7916,0.357,-154.6,0.26,0.0248,0.0465,1.326,36.15,2767,2,384,3,102.4,2,5,2,0,0,0,1,0,0,False,,,0,0,0,0,0,navegando para fronteira
112.36,45.0,navigating,-0.217,0.7843,0.3574,-153.19,0.29,0.0221,0.0428,1.339,36.15,2767,2,384,3,102.4,2,5,2,0,0,0,1,0,0,False,,,0,0,0,0,0,navegando para fronteira
112.839,45.5,navigating,-0.2266,0.7781,0.3539,-151.81,0.19,0.0199,0.0291,1.352,36.15,2767,2,384,3,102.4,2,5,2,0,0,0,1,0,0,False,,,0,0,0,0,0,navegando para fronteira
113.325,46.002,navigating,-0.24,0.772,0.3545,-150.29,0.19,0.0207,0.0814,1.367,36.15,2767,2,384,3,102.4,2,5,2,0,0,0,1,0,0,False,,,0,0,0,0,0,navegando para fronteira
113.804,46.5,navigating,-0.2462,0.762,0.3597,-148.31,0.34,0.0238,0.0839,1.379,36.15,2767,2,384,3,102.4,2,5,2,0,0,0,1,0,0,False,,,0,0,0,0,0,navegando para fronteira
114.273,47.0,navigating,-0.2582,0.7536,0.3574,-146.38,0.3,0.0392,0.1033,1.395,36.15,2767,2,384,3,102.4,2,5,2,0,0,0,1,0,0,False,,,0,0,0,0,0,navegando para fronteira
114.737,47.5,navigating,-0.2821,0.7402,0.3566,-144.12,0.27,0.0575,0.1058,1.422,36.15,2767,2,384,3,102.4,2,5,2,0,0,0,1,0,0,False,,,0,0,0,0,0,navegando para fronteira
115.193,48.0,navigating,-0.3032,0.7142,0.3506,-142.0,0.4,0.0678,0.1177,1.456,42.46,3401,2,384,3,102.4,2,5,2,0,0,0,1,0,0,False,,,0,0,0,0,0,navegando para fronteira
115.677,48.5,navigating,-0.3375,0.6733,0.3581,-139.41,0.6,0.0998,0.1025,1.511,42.46,3401,2,384,3,102.4,2,5,2,0,0,0,1,0,0,False,,,0,0,0,0,0,navegando para fronteira
116.171,49.0,navigating,-0.3996,0.6346,0.3628,-136.68,0.43,0.1373,0.0896,1.584,42.46,3401,2,384,3,102.4,2,5,2,0,0,0,1,0,0,False,,,0,0,0,0,0,navegando para fronteira
116.643,49.5,navigating,-0.4453,0.574,0.3713,-135.59,0.73,0.1402,0.0679,1.66,42.46,3401,2,384,3,102.4,2,5,2,0,0,0,1,0,0,False,,,0,0,0,0,0,navegando para fronteira
117.122,50.0,navigating,-0.4934,0.523,0.3674,-133.52,0.42,0.1272,0.0612,1.731,42.46,3401,2,384,3,102.4,2,5,2,0,0,0,1,0,0,False,,,0,0,0,0,0,navegando para fronteira
117.596,50.5,navigating,-0.5442,0.4742,0.3635,-131.65,0.4,0.1301,0.0574,1.801,42.46,3401,2,384,3,102.4,2,5,2,0,0,0,1,0,0,False,,,0,0,0,0,0,navegando para fronteira
118.09,51.0,navigating,-0.5856,0.4091,0.3615,-130.44,0.65,0.1362,-0.0296,1.879,45.96,3681,2,384,3,102.4,2,5,2,0,0,0,1,0,0,False,,,0,0,0,0,0,navegando para fronteira
118.567,51.501,navigating,-0.6293,0.3643,0.3594,-131.05,0.25,0.1213,-0.0041,1.942,45.96,3681,2,384,3,102.4,2,5,2,0,0,0,1,0,0,False,,,0,0,0,0,0,navegando para fronteira
119.054,52.0,navigating,-0.6714,0.3078,0.3573,-131.46,0.39,0.1216,-0.0469,2.013,45.96,3681,2,384,3,102.4,2,5,2,0,0,0,1,0,0,False,,,0,0,0,0,0,navegando para fronteira
119.548,52.5,navigating,-0.7223,0.2519,0.358,-132.31,0.23,0.117,-0.0339,2.089,45.96,3681,2,384,3,102.4,2,5,2,0,0,0,1,0,0,False,,,0,0,0,0,0,navegando para fronteira
120.041,53.0,navigating,-0.7676,0.2025,0.3569,-133.64,0.39,0.1096,-0.0422,2.156,45.96,3681,2,384,3,102.4,2,5,2,0,0,0,1,0,0,False,,,0,0,0,0,0,navegando para fronteira
120.519,53.5,navigating,-0.8035,0.1595,0.3554,-134.79,0.33,0.1017,-0.0568,2.213,45.96,3681,2,384,3,102.4,2,5,2,0,0,0,1,0,0,False,,,0,0,0,0,0,navegando para fronteira
121.008,54.0,navigating,-0.8509,0.1194,0.3558,-136.32,0.18,0.1032,-0.0867,2.275,46.95,3761,2,384,3,102.4,2,5,2,0,0,0,1,0,0,False,,,0,0,0,0,0,navegando para fronteira
121.498,54.5,navigating,-0.89,0.0764,0.3556,-138.12,0.24,0.0966,-0.0854,2.333,46.95,3761,2,384,3,102.4,2,5,2,0,0,0,1,0,0,False,,,0,0,0,0,0,navegando para fronteira
121.987,55.0,navigating,-0.9278,0.0411,0.3562,-139.65,0.26,0.0827,-0.0454,2.386,46.95,3761,2,384,3,102.4,2,5,2,0,0,0,1,0,0,False,,,0,0,0,0,0,navegando para fronteira
122.476,55.5,navigating,-0.9619,0.0125,0.3562,-140.98,0.23,0.0761,-0.0585,2.431,46.95,3761,2,384,3,102.4,2,5,2,0,0,0,1,0,0,False,,,0,0,0,0,0,navegando para fronteira
122.974,56.0,navigating,-0.9924,-0.0215,0.3563,-142.34,0.38,0.0809,-0.0502,2.477,46.95,3761,2,384,3,102.4,2,5,2,0,0,0,1,0,0,False,,,0,0,0,0,0,navegando para fronteira
123.458,56.5,navigating,-1.0255,-0.0407,0.3539,-143.52,0.1,0.0604,-0.0371,2.516,46.95,3761,2,384,3,102.4,2,5,2,0,0,0,1,0,0,False,,,0,0,0,0,0,navegando para fronteira
123.942,57.0,navigating,-1.0474,-0.069,0.3482,-144.85,0.36,0.0475,-0.0328,2.552,47.42,3798,2,384,3,102.4,2,5,2,0,0,0,1,0,0,False,,,0,0,0,0,0,navegando para fronteira
124.424,57.501,navigating,-1.0761,-0.0859,0.3503,-145.66,0.22,0.0553,-0.0323,2.585,47.42,3798,2,384,3,102.4,2,5,2,0,0,0,1,0,0,False,,,0,0,0,0,0,navegando para fronteira
124.895,58.0,navigating,-1.0985,-0.1024,0.357,-146.2,0.28,0.0514,-0.0285,2.614,47.42,3798,2,384,3,102.4,2,5,2,0,0,0,1,0,0,False,,,0,0,0,0,0,navegando para fronteira
125.381,58.5,navigating,-1.1132,-0.1193,0.3592,-146.5,0.21,0.0316,-0.0131,2.639,47.42,3798,2,384,3,102.4,2,5,2,0,0,0,1,0,0,False,,,0,0,0,0,0,navegando para fronteira
125.856,59.001,navigating,-1.1329,-0.1267,0.3555,-146.33,0.17,0.0321,-0.0095,2.66,47.42,3798,2,384,3,102.4,2,5,2,0,0,0,1,0,0,False,,,0,0,0,0,0,navegando para fronteira
126.339,59.5,navigating,-1.1455,-0.1435,0.3553,-145.98,0.35,0.033,0.0191,2.682,47.42,3798,2,384,3,102.4,2,5,2,0,0,0,1,0,0,False,,,0,0,0,0,0,navegando para fronteira
126.819,60.0,navigating,-1.157,-0.15,0.3555,-145.53,0.18,0.0215,0.0022,2.696,47.42,3798,2,384,3,102.4,2,5,2,0,0,0,1,0,0,False,,,0,0,0,0,0,navegando para fronteira
127.274,60.5,navigating,-1.1644,-0.1647,0.3528,-145.43,0.6,0.0271,0.0248,2.713,47.42,3798,2,384,3,102.4,2,5,2,0,0,0,1,0,0,False,,,0,0,0,0,0,navegando para fronteira
127.76,61.0,navigating,-1.1794,-0.1774,0.3511,-145.23,0.16,0.0276,0.0006,2.734,47.42,3798,2,384,3,102.4,2,5,2,0,0,0,1,0,0,False,,,0,0,0,0,0,navegando para fronteira
128.253,61.5,navigating,-1.1923,-0.1803,0.3513,-145.5,0.18,0.0164,0.0033,2.751,47.42,3798,2,384,3,102.4,2,5,2,0,0,0,1,0,0,False,,,0,0,0,0,0,navegando para fronteira
128.741,62.0,navigating,-1.1919,-0.1914,0.3523,-145.8,0.44,0.0008,-0.014,2.763,47.42,3798,2,384,3,102.4,2,5,2,0,0,0,1,0,0,False,,,0,0,0,0,0,navegando para fronteira
129.225,62.501,navigating,-1.1948,-0.1929,0.3539,-146.0,0.19,0.0054,-0.008,2.768,47.42,3798,2,384,3,102.4,2,5,2,0,0,0,1,0,0,False,,,0,0,0,0,0,navegando para fronteira
129.705,63.0,navigating,-1.1975,-0.201,0.3579,-146.05,0.31,0.0085,-0.0099,2.777,47.42,3798,2,384,3,102.4,2,5,2,0,0,0,1,0,0,False,,,0,0,0,0,0,navegando para fronteira
130.192,63.5,navigating,-1.199,-0.2004,0.3589,-145.83,0.05,0.0006,-0.0084,2.787,47.42,3798,2,384,3,102.4,2,5,2,0,0,0,1,0,0,False,,,0,0,0,0,0,navegando para fronteira
130.671,64.0,navigating,-1.2028,-0.2073,0.3582,-145.57,0.26,0.0089,-0.0183,2.795,47.42,3798,2,384,3,102.4,2,5,2,0,0,0,1,0,0,False,,,0,0,0,0,0,navegando para fronteira
131.152,64.5,navigating,-1.2065,-0.2118,0.3556,-145.17,0.23,0.0056,0.0094,2.803,47.42,3798,2,384,3,102.4,2,5,2,0,0,0,1,0,0,False,,,0,0,0,0,0,navegando para fronteira
131.647,65.0,navigating,-1.2061,-0.2104,0.3563,-144.58,0.18,0.0007,0.0372,2.809,47.42,3798,2,384,3,102.4,2,5,2,0,0,0,1,0,0,False,,,0,0,0,0,0,navegando para fronteira
132.126,65.5,navigating,-1.2053,-0.214,0.3569,-144.13,0.27,0.0031,0.0288,2.814,47.42,3798,2,384,3,102.4,2,5,2,0,0,0,1,0,0,False,,,0,0,0,0,0,navegando para fronteira
132.618,66.0,navigating,-1.2069,-0.2141,0.3571,-143.62,0.15,0.0013,0.0353,2.82,47.42,3798,2,384,3,102.4,2,5,2,0,0,0,1,0,0,False,,,0,0,0,0,0,navegando para fronteira
133.107,66.5,navigating,-1.2073,-0.2147,0.3574,-143.37,0.21,0.0015,0.0172,2.824,47.42,3798,2,384,3,102.4,2,5,2,0,0,0,1,0,0,False,,,0,0,0,0,0,navegando para fronteira
133.578,67.0,navigating,-1.2082,-0.2147,0.3574,-143.4,0.25,0.0002,-0.0007,2.825,47.42,3798,2,384,3,102.4,2,5,2,0,0,0,1,0,0,False,,,0,0,0,0,0,navegando para fronteira
134.032,67.501,navigating,-1.2084,-0.2146,0.3574,-143.42,0.25,0.001,-0.0077,2.825,47.42,3798,2,384,3,102.4,2,5,2,0,0,0,1,0,0,False,,,0,0,0,0,0,navegando para fronteira
134.506,68.0,navigating,-1.2109,-0.214,0.3549,-143.59,0.14,0.0049,-0.0134,2.829,47.42,3798,2,384,3,102.4,2,5,2,0,0,0,1,0,0,False,,,0,0,0,0,0,navegando para fronteira
135.002,68.5,navigating,-1.2134,-0.2231,0.3552,-143.85,0.35,0.0089,-0.02,2.839,47.42,3798,2,384,3,102.4,2,5,2,0,0,0,1,0,0,False,,,0,0,0,0,0,navegando para fronteira
135.475,69.0,navigating,-1.2156,-0.2211,0.3552,-144.27,0.22,0.0015,-0.026,2.846,47.42,3798,2,384,3,102.4,2,5,2,0,0,0,1,0,0,False,,,0,0,0,0,0,navegando para fronteira
135.937,69.5,navigating,-1.2135,-0.2242,0.3587,-144.54,0.35,0.002,0.0229,2.852,47.42,3798,2,384,3,102.4,2,5,2,0,0,0,1,0,0,False,,,0,0,0,0,0,navegando para fronteira
136.393,70.0,navigating,-1.2136,-0.229,0.3559,-144.49,0.21,0.0036,0.0187,2.859,47.42,3798,2,384,3,102.4,2,5,2,0,0,0,1,0,0,False,,,0,0,0,0,0,navegando para fronteira
136.89,70.5,navigating,-1.2168,-0.2329,0.3555,-144.72,0.27,0.0051,0.0101,2.867,47.42,3798,2,384,3,102.4,2,5,2,0,0,0,1,0,0,False,,,0,0,0,0,0,navegando para fronteira
137.375,71.0,navigating,-1.2206,-0.2337,0.357,-144.83,0.2,0.0035,0.0106,2.872,47.42,3798,2,384,3,102.4,2,5,2,0,0,0,1,0,0,False,,,0,0,0,0,0,navegando para fronteira
137.856,71.5,navigating,-1.2178,-0.2312,0.3552,-144.8,0.14,0.0004,0.0041,2.878,47.42,3798,2,384,3,102.4,2,5,2,0,0,0,1,0,0,False,,,0,0,0,0,0,navegando para fronteira
138.326,72.0,selecting,-1.2198,-0.2322,0.3558,-144.81,0.27,0.0,0.0,2.88,47.42,3798,2,384,3,102.4,2,5,2,0,0,1,1,0,0,False,,,0,0,0,0,0,meta de fronteira expirou
138.809,72.5,selecting,-1.2198,-0.2322,0.3558,-144.81,0.27,0.0,0.0,2.88,47.42,3798,2,384,3,102.4,2,5,2,0,0,1,1,0,0,False,,,0,0,0,0,0,meta de fronteira expirou
139.304,73.0,selecting,-1.2198,-0.2322,0.3558,-144.81,0.27,0.0,0.0,2.88,47.42,3798,2,94,3,136.5,1,6,3,0,0,1,0,0,0,False,,,0,0,0,0,0,meta de fronteira expirou
139.786,73.5,selecting,-1.2199,-0.2352,0.3552,-144.33,0.29,0.0002,0.027,2.884,47.42,3798,2,94,3,136.5,1,6,3,0,0,1,0,0,0,False,,,0,0,0,0,0,meta de fronteira expirou
140.263,74.0,navigating,-1.2234,-0.241,0.3552,-143.52,0.21,0.0058,0.061,2.892,47.42,3798,2,94,3,136.5,2,7,3,0,1,1,0,0,0,False,,,0,0,0,0,0,navegando para fronteira
140.75,74.5,navigating,-1.224,-0.2466,0.352,-141.88,0.29,0.0029,0.0949,2.899,47.42,3798,2,94,3,136.5,2,7,3,0,1,1,0,0,0,False,,,0,0,0,0,0,navegando para fronteira
141.209,75.0,navigating,-1.2259,-0.2458,0.3566,-139.37,0.07,0.0005,0.1233,2.905,47.42,3798,2,94,3,136.5,2,7,3,0,1,1,0,0,0,False,,,0,0,0,0,0,navegando para fronteira
141.688,75.5,navigating,-1.2267,-0.2458,0.353,-136.37,0.32,0.0005,0.1532,2.914,47.42,3798,2,94,3,136.5,2,7,3,0,1,1,0,0,0,False,,,0,0,0,0,0,navegando para fronteira
142.155,76.0,navigating,-1.2251,-0.2493,0.3579,-133.1,0.2,0.0007,0.1597,2.924,47.42,3798,2,94,3,136.5,2,7,3,0,1,1,0,0,0,False,,,0,0,0,0,0,navegando para fronteira
142.646,76.5,navigating,-1.228,-0.2467,0.3587,-129.65,0.18,0.0011,0.1653,2.93,47.42,3798,2,94,3,136.5,2,7,3,0,1,1,0,0,0,False,,,0,0,0,0,0,navegando para fronteira
143.133,77.0,homing_exit,-1.2252,-0.2512,0.3584,-125.88,0.33,0.0,0.0888,2.937,47.42,3798,2,94,3,136.5,2,7,3,0,1,1,0,0,0,True,7.35,7.35,1,0,1,1,0,aproximando marcador da saida
143.602,77.5,homing_exit,-1.2271,-0.248,0.3561,-124.97,0.2,0.0,0.0,2.943,47.42,3798,2,94,3,136.5,2,7,3,0,1,1,0,0,0,True,7.35,7.35,1,0,1,1,0,aproximando marcador da saida
144.071,78.0,homing_exit,-1.2277,-0.2496,0.3566,-124.97,0.25,0.0,0.0,2.945,47.42,3798,2,94,3,136.5,2,7,3,0,1,1,0,0,0,True,7.34,7.35,1,0,1,1,0,aproximando marcador da saida
144.546,78.5,homing_exit,-1.2277,-0.2496,0.3566,-124.97,0.25,0.0,0.0,2.945,47.42,3798,2,94,3,136.5,2,7,3,0,1,1,0,0,0,True,7.34,7.35,1,0,1,1,0,aproximando marcador da saida
145.013,79.0,homing_exit,-1.2277,-0.2496,0.3566,-124.97,0.25,0.0,0.0,2.945,47.42,3798,2,94,3,136.5,2,7,3,0,1,1,0,0,0,True,7.34,7.35,1,0,1,1,0,aproximando marcador da saida
145.522,79.5,homing_exit,-1.2287,-0.2557,0.3539,-125.45,0.08,0.0307,-0.022,2.954,47.42,3798,2,94,3,136.5,2,7,3,0,1,1,0,0,0,True,7.34,7.35,1,0,1,1,0,aproximando marcador da saida
146.009,80.0,homing_exit,-1.2488,-0.2547,0.3535,-126.53,0.71,0.0308,-0.0426,2.975,47.42,3798,2,94,3,136.5,2,7,3,0,1,1,0,0,0,True,7.34,7.35,1,0,1,1,0,aproximando marcador da saida
146.491,80.5,homing_exit,-1.2509,-0.2545,0.3527,-128.04,0.48,0.0104,-0.0841,2.984,47.42,3798,2,94,3,136.5,2,7,3,0,1,1,0,0,0,True,7.34,7.35,1,0,1,1,0,aproximando marcador da saida
146.986,81.0,homing_exit,-1.2527,-0.2552,0.3548,-129.93,0.44,0.0116,-0.0889,2.993,47.42,3798,2,94,3,136.5,2,7,3,0,1,1,0,0,0,True,7.34,7.35,1,0,1,1,0,aproximando marcador da saida
147.469,81.5,homing_exit,-1.2586,-0.2584,0.3519,-131.83,0.32,0.0116,-0.0952,3.002,47.42,3798,2,94,3,136.5,2,7,3,0,1,1,0,0,0,True,7.35,7.35,1,0,1,1,0,aproximando marcador da saida
147.951,82.001,homing_exit,-1.2633,-0.2599,0.3538,-133.76,0.2,0.0136,-0.0848,3.01,47.42,3798,2,94,3,136.5,2,7,3,0,1,1,0,0,0,True,7.35,7.35,1,0,1,1,0,aproximando marcador da saida
148.428,82.5,homing_exit,-1.2701,-0.2615,0.3543,-135.49,0.38,0.0196,-0.0572,3.02,47.42,3798,2,94,3,136.5,2,7,3,0,1,1,0,0,0,True,7.35,7.35,1,0,0,1,0,aproximando marcador da saida
148.907,83.0,homing_exit,-1.2777,-0.2631,0.3481,-137.06,0.25,0.0224,-0.0661,3.03,47.42,3798,2,94,3,136.5,2,7,3,0,1,1,0,0,0,True,7.35,7.35,1,0,0,1,0,aproximando marcador da saida
149.375,83.5,homing_exit,-1.2855,-0.265,0.3509,-138.64,0.29,0.0304,-0.0473,3.04,47.42,3798,2,94,3,136.5,2,7,3,0,1,1,0,0,0,True,7.34,7.35,1,0,0,1,0,aproximando marcador da saida
149.837,84.0,homing_exit,-1.2942,-0.2653,0.3578,-140.01,0.53,0.0289,-0.0551,3.051,47.42,3798,2,94,3,136.5,2,7,3,0,1,1,0,0,0,True,7.34,7.35,1,0,0,1,0,aproximando marcador da saida
150.32,84.5,homing_exit,-1.304,-0.2694,0.3568,-142.13,0.28,0.0313,-0.0535,3.069,47.42,3798,2,94,3,136.5,2,7,3,0,1,1,0,0,0,True,7.33,7.35,1,0,0,1,0,aproximando marcador da saida
150.809,85.0,homing_exit,-1.3103,-0.2693,0.3558,-143.46,0.53,0.0203,-0.0274,3.077,47.42,3798,2,94,3,136.5,2,7,3,0,1,1,0,0,0,True,7.33,7.35,1,0,0,1,0,aproximando marcador da saida
151.276,85.5,homing_exit,-1.3247,-0.2719,0.3516,-144.52,0.55,0.0391,-0.0422,3.094,47.42,3798,2,94,3,136.5,2,7,3,0,1,1,0,0,0,False,7.31,7.35,1,0,0,1,0,aproximando marcador da saida
151.739,86.0,homing_exit,-1.3388,-0.2725,0.3458,-145.28,0.45,0.0312,-0.043,3.109,35.86,3841,2,94,3,136.5,2,7,3,0,1,1,0,0,0,False,7.31,7.35,1,0,0,1,0,aproximando marcador da saida
152.218,86.5,homing_exit,-1.3605,-0.2739,0.3444,-146.05,0.43,0.0298,-0.0411,3.134,35.86,3841,2,94,3,136.5,2,7,3,0,1,1,0,0,0,False,7.28,7.35,1,0,0,1,0,aproximando marcador da saida
152.707,87.0,homing_exit,-1.3691,-0.2776,0.3523,-146.48,0.14,0.0184,0.0008,3.15,35.86,3841,2,94,3,136.5,2,7,3,0,1,1,0,0,0,False,7.28,7.35,1,0,0,1,0,aproximando marcador da saida
153.189,87.5,homing_exit,-1.3788,-0.2779,0.3547,-146.69,0.24,0.0323,0.0097,3.162,35.86,3841,2,94,3,136.5,2,7,3,0,1,1,0,0,0,False,7.26,7.35,1,0,0,1,0,aproximando marcador da saida
153.683,88.0,homing_exit,-1.3957,-0.2784,0.3513,-146.99,0.46,0.0293,-0.0024,3.18,35.86,3841,2,94,3,136.5,2,7,3,0,1,1,0,0,0,False,7.26,7.35,1,0,0,1,0,aproximando marcador da saida
154.16,88.5,homing_exit,-1.4141,-0.2783,0.3512,-147.35,0.68,0.0357,0.0112,3.2,35.86,3841,2,94,3,136.5,2,7,3,0,1,1,0,0,0,False,7.23,7.35,1,0,0,1,0,aproximando marcador da saida
154.641,89.0,homing_exit,-1.4244,-0.278,0.353,-147.65,0.55,0.0216,-0.0142,3.213,35.86,3841,2,94,3,136.5,2,7,3,0,1,1,0,0,0,False,7.23,7.35,1,0,0,1,0,aproximando marcador da saida
155.131,89.5,homing_exit,-1.432,-0.2775,0.3554,-147.78,0.56,0.0234,0.0038,3.225,35.86,3841,2,94,3,136.5,2,7,3,0,1,1,0,0,0,False,7.21,7.35,1,0,0,1,0,aproximando marcador da saida
155.616,90.0,homing_exit,-1.4417,-0.2778,0.3554,-147.91,0.63,0.0277,-0.0154,3.237,35.86,3841,2,94,3,136.5,2,7,3,0,1,1,0,0,0,False,7.21,7.35,1,0,0,1,0,aproximando marcador da saida
156.108,90.5,homing_exit,-1.4548,-0.2784,0.3542,-147.94,0.46,0.024,-0.0259,3.253,35.86,3841,2,94,3,136.5,2,7,3,0,1,1,0,0,0,False,7.19,7.35,1,0,0,1,0,aproximando marcador da saida
156.61,91.0,homing_exit,-1.4667,-0.281,0.3532,-148.19,0.33,0.0217,-0.0294,3.268,35.86,3841,2,94,3,136.5,2,7,3,0,1,1,0,0,0,False,7.19,7.35,1,0,0,1,0,aproximando marcador da saida
157.099,91.5,homing_exit,-1.4802,-0.2815,0.3542,-148.47,0.41,0.0212,-0.0435,3.283,35.86,3841,2,94,3,136.5,2,7,3,0,1,1,0,0,0,False,7.17,7.35,1,0,0,1,0,aproximando marcador da saida
157.587,92.0,homing_exit,-1.4919,-0.2826,0.3521,-148.98,0.21,0.0238,-0.0305,3.295,35.86,3841,2,94,3,136.5,2,7,3,0,1,1,0,0,0,False,7.17,7.35,1,0,0,1,0,aproximando marcador da saida
158.066,92.5,homing_exit,-1.5087,-0.2834,0.3493,-149.37,0.47,0.0248,-0.0349,3.313,35.86,3841,2,94,3,136.5,2,7,3,0,1,1,0,0,0,False,7.15,7.35,1,0,0,1,0,aproximando marcador da saida
158.553,93.0,homing_exit,-1.5163,-0.2842,0.3517,-149.87,0.4,0.0162,0.0083,3.322,35.86,3841,2,94,3,136.5,2,7,3,0,1,1,0,0,0,False,7.15,7.35,1,0,0,1,0,aproximando marcador da saida
159.052,93.5,homing_exit,-1.5262,-0.2837,0.3555,-150.0,0.52,0.0199,-0.0097,3.334,35.86,3841,2,94,3,136.5,2,7,3,0,1,1,0,0,0,False,7.13,7.35,1,0,0,1,0,aproximando marcador da saida
159.521,94.0,homing_exit,-1.5337,-0.283,0.356,-150.12,0.54,0.0218,0.0021,3.344,35.86,3841,2,94,3,136.5,2,7,3,0,1,1,0,0,0,False,7.13,7.35,1,0,0,1,0,aproximando marcador da saida
160.01,94.5,homing_exit,-1.5416,-0.283,0.3565,-150.27,0.55,0.0222,-0.0136,3.354,35.86,3841,2,94,3,136.5,2,7,3,0,1,1,0,0,0,False,7.12,7.35,1,0,0,1,0,aproximando marcador da saida
160.505,95.0,homing_exit,-1.5498,-0.2833,0.3537,-150.06,0.39,0.0163,-0.0005,3.366,35.86,3841,2,94,3,136.5,2,7,3,0,1,1,0,0,0,False,7.12,7.35,1,0,0,1,0,aproximando marcador da saida
160.997,95.5,homing_exit,-1.5607,-0.2844,0.3557,-149.79,0.38,0.0207,0.0097,3.378,35.86,3841,2,94,3,136.5,2,7,3,0,1,1,0,0,0,False,7.12,7.35,1,0,0,1,0,aproximando marcador da saida
161.457,96.0,homing_exit,-1.5748,-0.2829,0.3518,-149.11,0.48,0.0223,0.026,3.394,35.86,3841,2,94,3,136.5,2,7,3,0,1,1,0,0,0,False,7.1,7.35,1,0,0,1,0,aproximando marcador da saida
161.948,96.5,homing_exit,-1.5862,-0.2822,0.3511,-148.78,0.24,0.0188,-0.0047,3.405,35.86,3841,2,94,3,136.5,2,7,3,0,1,1,0,0,0,False,7.1,7.35,1,0,0,1,0,aproximando marcador da saida
162.438,97.0,homing_exit,-1.5988,-0.2821,0.3556,-148.77,0.4,0.0,0.0,3.419,35.86,3841,2,94,3,136.5,2,7,3,0,1,1,0,0,0,False,7.08,7.35,1,0,0,1,0,aproximando marcador da saida
162.919,97.502,homing_exit,-1.5999,-0.2816,0.358,-148.8,0.29,0.0,0.0,3.425,35.86,3841,2,94,3,136.5,2,7,3,0,1,1,0,0,0,False,7.08,7.35,1,0,0,1,0,aproximando marcador da saida
163.403,98.0,homing_exit,-1.6001,-0.2817,0.358,-148.8,0.3,0.0002,0.007,3.426,35.86,3841,2,94,3,136.5,2,7,3,0,1,1,0,0,0,False,7.07,7.35,1,0,0,1,0,aproximando marcador da saida
163.869,98.5,homing_exit,-1.6001,-0.2817,0.358,-148.8,0.3,0.0,0.011,3.426,35.86,3841,2,94,3,136.5,2,7,3,0,1,1,0,0,0,False,7.07,7.35,1,0,0,1,0,aproximando marcador da saida
164.306,99.0,homing_exit,-1.6001,-0.2817,0.358,-148.8,0.3,0.0,0.0175,3.426,35.86,3841,2,94,3,136.5,2,7,3,0,1,1,0,0,0,False,7.07,7.35,1,0,0,1,0,aproximando marcador da saida
164.761,99.5,homing_exit,-1.6001,-0.2817,0.358,-148.8,0.3,0.0002,0.021,3.426,35.86,3841,2,94,3,136.5,2,7,3,0,1,1,0,0,0,False,7.07,7.35,1,0,0,1,0,aproximando marcador da saida
165.225,100.001,homing_exit,-1.6001,-0.2817,0.358,-148.8,0.3,0.0003,0.022,3.426,35.86,3841,2,94,3,136.5,2,7,3,0,1,1,0,0,0,False,7.07,7.35,1,0,0,1,0,aproximando marcador da saida
165.723,100.5,homing_exit,-1.6001,-0.2817,0.358,-148.8,0.3,0.0007,0.0203,3.426,35.86,3841,2,94,3,136.5,2,7,3,0,1,1,0,0,0,False,7.07,7.35,1,0,0,1,0,aproximando marcador da saida
166.213,101.0,homing_exit,-1.6001,-0.2817,0.358,-148.8,0.3,0.0011,0.0265,3.426,35.86,3841,2,94,3,136.5,2,7,3,0,1,1,0,0,0,False,7.07,7.35,1,0,0,1,0,aproximando marcador da saida
166.708,101.5,homing_exit,-1.6001,-0.2817,0.358,-148.8,0.3,0.0013,0.0226,3.426,35.86,3841,2,94,3,136.5,2,7,3,0,1,1,0,0,0,False,7.07,7.35,1,0,0,1,0,aproximando marcador da saida
167.184,102.003,homing_exit,-1.6001,-0.2817,0.358,-148.8,0.3,0.0012,0.0274,3.426,35.86,3841,2,94,3,136.5,2,7,3,0,1,1,0,0,0,False,7.07,7.35,1,0,0,1,0,aproximando marcador da saida
167.654,102.5,homing_exit,-1.6001,-0.2817,0.358,-148.8,0.3,0.0003,0.0221,3.426,35.86,3841,2,94,3,136.5,2,7,3,0,1,1,0,0,0,False,7.07,7.35,1,0,0,1,0,aproximando marcador da saida
168.138,103.0,homing_exit,-1.6029,-0.2809,0.3562,-148.56,0.29,0.004,0.0447,3.429,35.86,3841,2,94,3,136.5,2,7,3,0,1,1,0,0,0,False,7.07,7.35,1,0,0,1,0,aproximando marcador da saida
168.624,103.5,homing_exit,-1.6062,-0.2768,0.3543,-147.62,0.38,0.0012,0.0447,3.437,35.86,3841,2,94,3,136.5,2,7,3,0,1,1,0,0,0,False,7.07,7.35,1,0,0,1,0,aproximando marcador da saida
169.109,104.0,homing_exit,-1.6064,-0.2747,0.3551,-145.91,0.21,0.0,0.0334,3.446,35.86,3841,2,94,3,136.5,2,7,3,0,1,1,0,0,0,False,7.07,7.35,1,0,0,1,0,aproximando marcador da saida
169.57,104.5,homing_exit,-1.6075,-0.2738,0.3571,-144.41,0.14,0.0015,0.0975,3.455,35.86,3841,2,94,3,136.5,2,7,3,0,1,1,0,0,0,False,7.07,7.35,1,0,0,1,0,aproximando marcador da saida
170.065,105.0,homing_exit,-1.6163,-0.2691,0.3566,-141.53,0.36,0.0095,0.0965,3.468,35.86,3841,2,94,3,136.5,2,7,3,0,1,1,0,0,0,False,7.07,7.35,1,0,0,1,0,aproximando marcador da saida
170.548,105.5,homing_exit,-1.621,-0.2657,0.3557,-139.14,0.19,0.0166,0.1254,3.479,35.86,3841,2,94,3,136.5,2,7,3,0,1,1,0,0,0,False,7.07,7.35,1,0,0,1,0,aproximando marcador da saida
171.024,106.0,homing_exit,-1.6297,-0.2621,0.3554,-136.15,0.36,0.0153,0.1267,3.491,35.86,3841,2,94,3,136.5,2,7,3,0,1,1,0,0,0,False,7.06,7.35,1,0,0,1,0,aproximando marcador da saida
171.52,106.5,homing_exit,-1.6335,-0.2591,0.3551,-133.01,0.34,0.0,0.131,3.502,35.86,3841,2,94,3,136.5,2,7,3,0,1,1,0,0,0,False,7.06,7.35,1,0,1,1,0,aproximando marcador da saida
172.009,107.0,homing_exit,-1.6341,-0.2564,0.3544,-129.95,0.34,0.0012,0.1054,3.512,35.86,3841,2,94,3,136.5,2,7,3,0,1,1,0,0,0,True,7.36,7.35,1,0,1,1,0,aproximando marcador da saida
172.49,107.5,homing_exit,-1.6427,-0.2539,0.3517,-127.33,0.59,0.0131,0.0891,3.524,35.86,3841,2,94,3,136.5,2,7,3,0,1,1,0,0,0,True,7.36,7.35,1,0,1,1,0,aproximando marcador da saida
172.982,108.0,homing_exit,-1.6429,-0.2534,0.3548,-124.73,0.39,0.0033,0.0942,3.534,35.86,3841,2,94,3,136.5,2,7,3,0,1,1,0,0,0,True,7.36,7.35,1,0,1,1,0,aproximando marcador da saida
173.477,108.5,homing_exit,-1.6464,-0.2541,0.3558,-122.24,0.26,0.0147,0.08,3.543,35.86,3841,2,94,3,136.5,2,7,3,0,1,1,0,0,0,True,6.22,7.35,1,0,1,1,0,aproximando marcador da saida
173.962,109.0,homing_exit,-1.6514,-0.2543,0.3571,-120.54,0.21,0.0096,0.0958,3.551,35.86,3841,2,94,3,136.5,2,7,3,0,1,1,0,0,0,True,6.22,7.35,1,0,1,1,0,aproximando marcador da saida
174.46,109.5,homing_exit,-1.6597,-0.2484,0.3577,-118.37,0.27,0.006,0.019,3.571,35.86,3841,2,94,3,136.5,2,7,3,0,1,1,0,0,0,True,6.21,7.35,1,0,1,1,0,aproximando marcador da saida
174.938,110.0,homing_exit,-1.6644,-0.2468,0.3578,-117.42,0.29,0.0235,0.1059,3.581,35.86,3841,2,94,3,136.5,2,7,3,0,1,1,0,0,0,True,6.21,7.35,1,0,1,1,0,aproximando marcador da saida
175.418,110.5,homing_exit,-1.674,-0.2414,0.3549,-114.97,0.44,0.0243,0.11,3.598,35.86,3841,2,94,3,136.5,2,7,3,0,1,1,0,0,0,True,6.2,7.35,1,0,1,1,0,aproximando marcador da saida
175.886,111.0,homing_exit,-1.6802,-0.2375,0.3518,-113.1,0.54,0.0085,0.0259,3.611,35.86,3841,2,94,3,136.5,2,7,3,0,1,1,0,0,0,True,6.2,7.35,1,0,1,1,0,aproximando marcador da saida
176.358,111.501,homing_exit,-1.6782,-0.2353,0.3494,-112.03,0.34,0.0085,-0.0005,3.624,35.86,3841,2,94,3,136.5,2,7,3,0,1,1,0,0,0,True,5.38,7.35,1,0,1,1,0,aproximando marcador da saida
176.844,112.0,homing_exit,-1.6868,-0.2348,0.3553,-112.24,0.73,0.031,-0.0109,3.636,35.86,3841,2,94,3,136.5,2,7,3,0,1,1,0,0,0,True,5.38,7.35,1,0,1,1,0,aproximando marcador da saida
177.309,112.5,homing_exit,-1.6982,-0.2363,0.3482,-112.42,0.72,0.042,-0.0082,3.649,35.86,3841,2,94,3,136.5,2,7,3,0,1,1,0,0,0,True,4.75,7.35,1,0,1,1,0,aproximando marcador da saida
177.81,113.0,homing_exit,-1.7105,-0.2361,0.3514,-112.32,0.51,0.0438,0.0018,3.663,35.86,3841,2,94,3,136.5,2,7,3,0,1,1,0,0,0,True,4.75,7.35,1,0,1,1,0,aproximando marcador da saida
178.303,113.5,homing_exit,-1.7196,-0.2356,0.355,-112.04,0.28,0.037,0.0301,3.674,35.86,3841,2,94,3,136.5,2,7,3,0,1,1,0,0,0,True,5.38,7.35,1,0,1,1,0,aproximando marcador da saida
178.765,114.0,homing_exit,-1.7316,-0.2344,0.3545,-111.36,0.44,0.0342,0.0287,3.687,35.86,3841,2,94,3,136.5,2,7,3,0,1,1,0,0,0,True,5.38,7.35,1,0,1,1,0,aproximando marcador da saida
179.241,114.5,homing_exit,-1.7392,-0.2334,0.3577,-110.82,0.32,0.0333,0.0418,3.697,35.86,3841,2,94,3,136.5,2,7,3,0,1,1,0,0,0,True,4.75,7.35,1,0,1,1,0,aproximando marcador da saida
179.736,115.0,homing_exit,-1.7471,-0.2322,0.3569,-110.16,0.29,0.043,0.0521,3.709,35.86,3841,2,94,3,136.5,2,7,3,0,1,1,0,0,0,True,4.75,7.35,1,0,1,1,0,aproximando marcador da saida
180.22,115.501,homing_exit,-1.7573,-0.2311,0.3567,-109.66,0.52,0.0328,-0.0111,3.723,35.86,3841,2,94,3,136.5,2,7,3,0,1,1,0,0,0,True,4.75,7.35,1,0,1,1,0,aproximando marcador da saida
180.713,116.0,homing_exit,-1.7657,-0.2298,0.3555,-109.56,0.7,0.0376,0.0478,3.736,35.86,3841,2,94,3,136.5,2,7,3,0,1,1,0,0,0,True,4.75,7.35,1,0,1,1,0,aproximando marcador da saida
181.208,116.5,homing_exit,-1.7755,-0.2286,0.355,-108.72,0.82,0.0396,0.0298,3.751,35.86,3841,2,94,3,136.5,2,7,3,0,1,1,0,0,0,True,4.75,7.35,1,0,1,1,0,aproximando marcador da saida
181.707,117.0,homing_exit,-1.7874,-0.2253,0.3529,-107.64,0.87,0.031,0.0344,3.765,35.86,3841,2,94,3,136.5,2,7,3,0,1,1,0,0,0,True,4.75,7.35,1,0,1,1,0,aproximando marcador da saida
182.205,117.502,homing_exit,-1.7938,-0.2254,0.3523,-106.88,0.55,0.0332,0.0215,3.777,35.86,3841,2,94,3,136.5,2,7,3,0,1,1,0,0,0,True,4.74,7.35,1,0,1,1,0,aproximando marcador da saida
182.692,118.0,homing_exit,-1.8007,-0.2262,0.3473,-106.23,0.38,0.0313,0.029,3.789,35.86,3841,2,94,3,136.5,2,7,3,0,1,1,0,0,0,True,4.74,7.35,1,0,1,1,0,aproximando marcador da saida
183.181,118.5,homing_exit,-1.8074,-0.2251,0.3516,-105.51,0.35,0.0313,0.03,3.798,35.86,3841,2,94,3,136.5,2,7,3,0,1,1,0,0,0,True,4.74,7.35,1,0,1,1,0,aproximando marcador da saida
183.656,119.0,homing_exit,-1.8131,-0.2248,0.3522,-105.25,0.23,0.0394,0.0206,3.806,35.86,3841,2,94,3,136.5,2,7,3,0,1,1,0,0,0,True,4.74,7.35,1,0,1,1,0,aproximando marcador da saida
184.14,119.501,homing_exit,-1.8231,-0.2242,0.3524,-104.78,0.47,0.0337,0.0051,3.818,35.86,3841,2,94,3,136.5,2,7,3,0,1,1,0,0,0,True,3.86,7.35,1,0,1,1,0,aproximando marcador da saida
184.61,120.0,homing_exit,-1.8322,-0.2226,0.3521,-103.58,0.66,0.0335,0.0072,3.831,35.86,3841,2,94,3,136.5,2,7,3,0,1,1,0,0,0,True,3.86,7.35,1,0,1,1,0,aproximando marcador da saida
185.093,120.501,homing_exit,-1.8374,-0.2214,0.3533,-103.28,0.71,0.0385,-0.0063,3.845,35.86,3841,2,94,3,136.5,2,7,3,0,1,1,0,0,0,True,3.86,7.35,1,0,1,1,0,aproximando marcador da saida
185.585,121.0,homing_exit,-1.8465,-0.2204,0.3551,-103.26,0.89,0.0365,0.0293,3.859,35.86,3841,2,94,3,136.5,2,7,3,0,1,1,0,0,0,True,3.86,7.35,1,0,1,1,0,aproximando marcador da saida
186.064,121.5,homing_exit,-1.8533,-0.2203,0.3522,-102.74,0.73,0.0348,0.0121,3.869,35.86,3841,2,94,3,136.5,2,7,3,0,1,1,0,0,0,True,3.85,7.35,1,0,1,1,0,aproximando marcador da saida
186.558,122.0,homing_exit,-1.863,-0.2212,0.3518,-102.21,0.76,0.0385,-0.0229,3.886,35.86,3841,2,94,3,136.5,2,7,3,0,1,1,0,0,0,True,3.85,7.35,1,0,1,1,0,aproximando marcador da saida
187.051,122.5,homing_exit,-1.8668,-0.2215,0.3549,-102.41,0.46,0.0355,0.0015,3.894,35.86,3841,2,94,3,136.5,2,7,3,0,1,1,0,0,0,True,3.53,7.35,1,0,1,1,0,aproximando marcador da saida
187.535,123.0,homing_exit,-1.8704,-0.2216,0.353,-102.5,0.28,0.0311,-0.0058,3.904,35.86,3841,2,94,3,136.5,2,7,3,0,1,1,0,0,0,True,3.53,7.35,1,0,1,1,0,aproximando marcador da saida
188.007,123.5,homing_exit,-1.8751,-0.2216,0.35,-102.52,0.18,0.0427,-0.0145,3.91,35.86,3841,2,94,3,136.5,2,7,3,0,1,1,0,0,0,True,3.53,7.35,1,0,1,1,0,aproximando marcador da saida
188.473,124.0,homing_exit,-1.8827,-0.2206,0.3555,-102.4,0.21,0.0074,0.0049,3.919,35.86,3841,2,94,3,136.5,2,7,3,0,1,1,0,0,0,True,3.85,7.35,1,0,1,1,0,aproximando marcador da saida
188.958,124.5,homing_exit,-1.8803,-0.2215,0.3537,-102.54,0.13,0.0232,-0.0156,3.925,35.86,3841,2,94,3,136.5,2,7,3,0,1,1,0,0,0,True,3.85,7.35,1,0,1,1,0,aproximando marcador da saida
189.448,125.0,homing_exit,-1.891,-0.2217,0.3547,-102.83,0.51,0.0397,-0.0018,3.937,35.86,3841,2,94,3,136.5,2,7,3,0,1,1,0,0,0,True,3.85,7.35,1,0,1,1,0,aproximando marcador da saida
189.911,125.5,homing_exit,-1.9016,-0.2218,0.3588,-102.94,0.6,0.0381,-0.006,3.95,35.86,3841,2,94,3,136.5,2,7,3,0,1,1,0,0,0,True,3.85,7.35,1,0,1,1,0,aproximando marcador da saida
190.382,126.0,homing_exit,-1.9127,-0.2221,0.3566,-103.11,0.67,0.0365,-0.0059,3.965,35.86,3841,2,94,3,136.5,2,7,3,0,1,1,0,0,0,True,3.86,7.35,1,0,1,1,0,aproximando marcador da saida
190.871,126.5,homing_exit,-1.9203,-0.2223,0.355,-103.17,0.51,0.0384,-0.0001,3.975,35.86,3841,2,94,3,136.5,2,7,3,0,1,1,0,0,0,True,3.86,7.35,1,0,1,1,0,aproximando marcador da saida
191.366,127.0,homing_exit,-1.9273,-0.2219,0.3554,-102.83,0.33,0.045,0.0181,3.985,35.86,3841,2,94,3,136.5,2,7,3,0,1,1,0,0,0,True,3.86,7.35,1,0,1,1,0,aproximando marcador da saida
191.863,127.5,homing_exit,-1.9347,-0.2216,0.3548,-102.58,0.22,0.0361,0.0259,3.995,35.86,3841,2,94,3,136.5,2,7,3,0,1,1,0,0,0,True,3.86,7.35,1,0,1,1,0,aproximando marcador da saida
192.326,128.0,homing_exit,-1.9417,-0.2213,0.3566,-102.25,0.23,0.0433,0.0284,4.003,35.86,3841,2,94,3,136.5,2,7,3,0,1,1,0,0,0,True,3.86,7.35,1,0,1,1,0,aproximando marcador da saida
192.818,128.5,homing_exit,-1.948,-0.2207,0.3552,-101.73,0.31,0.0346,-0.0032,4.013,35.86,3841,2,94,3,136.5,2,7,3,0,1,1,0,0,0,True,3.86,7.35,1,0,1,1,0,aproximando marcador da saida
193.306,129.002,homing_exit,-1.9544,-0.2202,0.3506,-101.32,0.58,0.0363,0.0155,4.026,35.86,3841,2,94,3,136.5,2,7,3,0,1,1,0,0,0,True,3.53,7.35,1,0,1,1,0,aproximando marcador da saida
193.8,129.5,homing_exit,-1.9616,-0.2191,0.3527,-100.84,0.74,0.034,0.0038,4.037,35.86,3841,2,94,3,136.5,2,7,3,0,1,1,0,0,0,True,3.53,7.35,1,0,1,1,0,aproximando marcador da saida
194.263,130.0,homing_exit,-1.9696,-0.2178,0.3521,-100.51,0.87,0.0376,0.0177,4.048,35.86,3841,2,94,3,136.5,2,7,3,0,1,1,0,0,0,True,3.53,7.35,1,0,1,1,0,aproximando marcador da saida
194.733,130.502,homing_exit,-1.976,-0.217,0.3546,-100.47,0.91,0.0335,-0.0204,4.06,35.86,3841,2,94,3,136.5,2,7,3,0,1,1,0,0,0,True,3.53,7.35,1,0,1,1,0,aproximando marcador da saida
195.212,131.0,homing_exit,-1.98,-0.2199,0.3597,-100.86,0.42,0.0342,-0.0078,4.071,35.86,3841,2,94,3,136.5,2,7,3,0,1,1,0,0,0,True,3.53,7.35,1,0,1,1,0,aproximando marcador da saida
195.65,131.5,homing_exit,-1.9823,-0.2198,0.353,-100.71,0.33,0.0359,0.0048,4.074,35.86,3841,2,94,3,136.5,2,7,3,0,1,1,0,0,0,True,3.53,7.35,1,0,1,1,0,aproximando marcador da saida
196.13,132.0,homing_exit,-1.9903,-0.2192,0.3549,-100.06,0.26,0.0327,0.0222,4.086,35.86,3841,2,94,3,136.5,2,7,3,0,1,1,0,0,0,True,3.53,7.35,1,0,1,1,0,aproximando marcador da saida
196.6,132.5,homing_exit,-1.9945,-0.2191,0.3506,-99.95,0.23,0.04,0.0188,4.092,35.86,3841,2,94,3,136.5,2,7,3,0,1,1,0,0,0,True,3.53,7.35,1,0,1,1,0,aproximando marcador da saida
197.085,133.0,homing_exit,-1.9971,-0.2187,0.3455,-99.59,0.38,0.0359,0.0077,4.095,35.86,3841,2,94,3,136.5,2,7,3,0,1,1,0,0,0,True,3.26,7.35,1,0,1,1,0,aproximando marcador da saida
197.559,133.5,homing_exit,-2.003,-0.2185,0.3486,-99.28,0.53,0.0348,0.0053,4.101,35.86,3841,2,94,3,136.5,2,7,3,0,1,1,0,0,0,True,3.26,7.35,1,0,1,1,0,aproximando marcador da saida
198.043,134.0,homing_exit,-2.0119,-0.2177,0.3516,-99.07,0.74,0.0361,-0.0035,4.111,35.86,3841,2,94,3,136.5,2,7,3,0,1,1,0,0,0,True,3.53,7.35,1,0,1,1,0,aproximando marcador da saida
198.523,134.5,homing_exit,-2.019,-0.2176,0.3543,-98.85,0.88,0.0378,-0.0097,4.122,35.86,3841,2,94,3,136.5,2,7,3,0,1,1,0,0,0,True,3.53,7.35,1,0,1,1,0,aproximando marcador da saida
199.009,135.0,homing_exit,-2.0243,-0.218,0.3558,-99.22,0.75,0.0328,0.0185,4.13,35.86,3841,2,94,3,136.5,2,7,3,0,1,1,0,0,0,True,3.26,7.35,1,0,1,1,0,aproximando marcador da saida
199.496,135.5,homing_exit,-2.0295,-0.2183,0.3599,-98.93,0.57,0.0368,0.0208,4.138,35.86,3841,2,94,3,136.5,2,7,3,0,1,1,0,0,0,True,3.26,7.35,1,0,1,1,0,aproximando marcador da saida
199.982,136.0,homing_exit,-2.0392,-0.2176,0.3537,-97.98,0.5,0.0285,0.0108,4.153,35.86,3841,2,94,3,136.5,2,7,3,0,1,1,0,0,0,True,3.26,7.35,1,0,1,1,0,aproximando marcador da saida
200.48,136.5,homing_exit,-2.0435,-0.2173,0.355,-97.57,0.3,0.0344,0.0454,4.161,35.86,3841,2,94,3,136.5,2,7,3,0,1,1,0,0,0,True,3.25,7.35,1,0,1,1,0,aproximando marcador da saida
200.937,137.0,homing_exit,-2.0501,-0.2172,0.3581,-97.5,0.34,0.045,-0.0043,4.173,35.86,3841,2,94,3,136.5,2,7,3,0,1,1,0,0,0,True,3.25,7.35,1,0,1,1,0,aproximando marcador da saida
201.426,137.5,homing_exit,-2.0547,-0.2173,0.3595,-97.57,0.1,0.0335,0.0182,4.189,35.86,3841,2,94,3,136.5,2,7,3,0,1,1,0,0,0,True,3.02,7.35,1,0,1,1,0,aproximando marcador da saida
201.91,138.0,homing_exit,-2.0545,-0.2171,0.3564,-97.43,0.3,0.0346,0.0032,4.197,35.49,3801,2,94,3,136.5,2,7,3,0,1,1,0,0,0,True,3.02,7.35,1,0,1,1,0,aproximando marcador da saida
202.402,138.5,homing_exit,-2.0626,-0.2164,0.3557,-97.44,0.56,0.0347,0.0257,4.21,35.49,3801,2,94,3,136.5,2,7,3,0,1,1,0,0,0,True,3.02,7.35,1,0,1,1,0,aproximando marcador da saida
202.893,139.0,homing_exit,-2.064,-0.2171,0.3543,-97.46,0.58,0.0364,-0.0041,4.219,35.49,3801,2,94,3,136.5,2,7,3,0,1,1,0,0,0,True,3.02,7.35,1,0,1,1,0,aproximando marcador da saida
203.364,139.5,homing_exit,-2.0693,-0.2167,0.3559,-98.27,0.65,0.0355,-0.0413,4.235,35.49,3801,2,94,3,136.5,2,7,3,0,1,1,0,0,0,True,3.03,7.35,1,0,1,1,0,aproximando marcador da saida
203.823,140.0,homing_exit,-2.0734,-0.2182,0.3512,-98.89,0.52,0.0305,-0.008,4.245,35.49,3801,2,94,3,136.5,2,7,3,0,1,1,0,0,0,True,3.03,7.35,1,0,1,1,0,aproximando marcador da saida
204.293,140.5,homing_exit,-2.0752,-0.2181,0.3478,-98.78,0.39,0.0319,-0.0129,4.251,35.49,3801,2,94,3,136.5,2,7,3,0,1,1,0,0,0,True,3.26,7.35,1,0,1,1,0,aproximando marcador da saida
204.773,141.0,homing_exit,-2.0819,-0.218,0.3516,-98.64,0.34,0.0413,0.0171,4.259,35.49,3801,2,94,3,136.5,2,7,3,0,1,1,0,0,0,True,3.26,7.35,1,0,1,1,0,aproximando marcador da saida
205.253,141.5,homing_exit,-2.0864,-0.2176,0.354,-98.07,0.1,0.0421,0.0345,4.269,35.49,3801,2,94,3,136.5,2,7,3,0,1,1,0,0,0,True,3.26,7.35,1,0,1,1,0,aproximando marcador da saida
205.708,142.0,homing_exit,-2.0933,-0.2172,0.3534,-97.51,0.29,0.0332,0.0064,4.281,35.49,3801,2,94,3,136.5,2,7,3,0,1,1,0,0,0,True,3.26,7.35,1,0,1,1,0,aproximando marcador da saida
206.181,142.5,homing_exit,-2.0967,-0.2168,0.3431,-96.88,0.44,0.037,-0.0193,4.29,35.49,3801,2,94,3,136.5,2,7,3,0,1,1,0,0,0,True,3.03,7.35,1,0,1,1,0,aproximando marcador da saida
206.665,143.0,homing_exit,-2.1001,-0.2168,0.3485,-96.91,0.55,0.0351,0.0085,4.295,35.49,3801,2,94,3,136.5,2,7,3,0,1,1,0,0,0,True,3.03,7.35,1,0,1,1,0,aproximando marcador da saida
207.147,143.5,homing_exit,-2.1075,-0.2167,0.3531,-96.79,0.74,0.0338,0.0097,4.303,35.49,3801,2,94,3,136.5,2,7,3,0,1,1,0,0,0,True,3.03,7.35,1,0,1,1,0,aproximando marcador da saida
207.628,144.0,homing_exit,-2.1126,-0.2169,0.3567,-97.07,0.75,0.036,0.0008,4.309,35.49,3801,2,94,3,136.5,2,7,3,0,1,1,0,0,0,True,3.03,7.35,1,0,1,1,0,aproximando marcador da saida
208.107,144.5,homing_exit,-2.1151,-0.2171,0.3597,-97.36,0.36,0.0353,0.0057,4.315,35.49,3801,2,94,3,136.5,2,7,3,0,1,1,0,0,0,True,3.03,7.35,1,0,1,1,0,aproximando marcador da saida
208.588,145.0,homing_exit,-2.1192,-0.217,0.3595,-97.1,0.27,0.0332,0.0087,4.324,35.49,3801,2,94,3,136.5,2,7,3,0,1,1,0,0,0,True,3.03,7.35,1,0,1,1,0,aproximando marcador da saida
209.07,145.5,homing_exit,-2.1256,-0.2169,0.3542,-96.94,0.32,0.001,-0.0119,4.337,35.49,3801,2,94,3,136.5,2,7,3,0,1,1,0,0,0,True,3.03,7.35,1,0,1,1,0,aproximando marcador da saida
209.565,146.0,homing_exit,-2.1261,-0.2164,0.3548,-96.99,0.25,0.0,0.0625,4.343,35.49,3801,2,94,3,136.5,2,7,3,0,1,1,0,0,0,True,3.03,7.35,1,0,1,1,0,aproximando marcador da saida
210.056,146.5,homing_exit,-2.1296,-0.2161,0.3519,-95.55,0.18,0.0002,0.0998,4.351,35.49,3801,2,94,3,136.5,2,7,3,0,1,1,0,0,0,True,3.02,7.35,1,0,1,1,0,aproximando marcador da saida
210.548,147.0,homing_exit,-2.1355,-0.2152,0.3532,-93.31,0.3,0.0001,0.1221,4.36,35.49,3801,2,94,3,136.5,2,7,3,0,1,1,0,0,0,True,3.02,7.35,1,0,1,1,0,aproximando marcador da saida
211.03,147.5,homing_exit,-2.1379,-0.2145,0.3546,-90.73,0.31,0.0,0.1163,4.369,35.49,3801,2,94,3,136.5,2,7,3,0,1,1,0,0,0,True,2.5,7.35,1,0,1,1,0,aproximando marcador da saida
211.518,148.0,homing_exit,-2.1369,-0.2146,0.3553,-88.01,0.2,0.0001,0.1169,4.377,35.49,3801,2,94,3,136.5,2,7,3,0,1,1,0,0,0,True,2.5,7.35,1,0,1,1,0,aproximando marcador da saida
211.988,148.5,homing_exit,-2.1375,-0.2158,0.3517,-84.96,0.33,0.008,0.0776,4.386,35.49,3801,2,94,3,136.5,2,7,3,0,1,1,0,0,0,True,2.5,7.35,1,0,1,1,0,aproximando marcador da saida
212.465,149.001,homing_exit,-2.1407,-0.217,0.3518,-82.94,0.19,0.0,0.004,4.392,35.49,3801,2,94,3,136.5,2,7,3,0,1,1,0,0,0,True,2.47,7.35,1,0,1,1,0,aproximando marcador da saida
212.927,149.5,homing_exit,-2.1348,-0.2171,0.3541,-82.6,0.2,0.0001,-0.0108,4.399,35.49,3801,2,94,3,136.5,2,7,3,0,1,1,0,0,0,True,2.47,7.35,1,0,1,1,0,aproximando marcador da saida
213.41,150.0,homing_exit,-2.1352,-0.217,0.3545,-82.6,0.24,0.0,0.0,4.4,35.49,3801,2,94,3,136.5,2,7,3,0,1,1,0,0,0,True,4.66,7.35,1,0,1,1,0,aproximando marcador da saida
213.851,150.5,homing_exit,-2.1353,-0.217,0.3546,-82.61,0.26,0.0,0.0,4.4,35.49,3801,2,94,3,136.5,2,7,3,0,1,1,0,0,0,True,4.66,7.35,1,0,1,1,0,aproximando marcador da saida
214.309,151.0,homing_exit,-2.1355,-0.2171,0.3547,-82.56,0.27,0.0,-0.0356,4.4,35.49,3801,2,94,3,136.5,2,7,3,0,1,1,0,0,0,True,4.66,7.35,1,0,1,1,0,aproximando marcador da saida
214.756,151.5,homing_exit,-2.1355,-0.217,0.3548,-82.65,0.27,0.0,-0.0392,4.401,35.49,3801,2,94,3,136.5,2,7,3,0,1,1,0,0,0,True,4.66,7.35,1,0,1,1,0,aproximando marcador da saida
215.219,152.0,homing_exit,-2.1354,-0.217,0.3548,-82.69,0.27,0.0,-0.0384,4.401,35.49,3801,2,94,3,136.5,2,7,3,0,1,1,0,0,0,True,4.66,7.35,1,0,1,1,0,aproximando marcador da saida
215.71,152.5,homing_exit,-2.1353,-0.2169,0.3548,-82.79,0.26,0.0,-0.0288,4.401,35.49,3801,2,94,3,136.5,2,7,3,0,1,1,0,0,0,True,4.66,7.35,1,0,1,1,0,aproximando marcador da saida
216.198,153.0,homing_exit,-2.1289,-0.2163,0.3527,-84.13,0.29,0.002,-0.1591,4.412,35.49,3801,2,94,3,136.5,2,7,3,0,1,1,0,0,0,True,4.18,7.35,1,0,1,1,0,aproximando marcador da saida
216.696,153.5,homing_exit,-2.1325,-0.2151,0.3511,-87.53,0.11,0.0008,-0.1537,4.428,35.49,3801,2,94,3,136.5,2,7,3,0,1,1,0,0,0,True,4.18,7.35,1,0,1,1,0,aproximando marcador da saida
217.178,154.0,homing_exit,-2.1307,-0.2147,0.3564,-90.98,0.21,0.0,-0.111,4.432,35.49,3801,2,94,3,136.5,2,7,3,0,1,1,0,0,0,True,2.13,7.35,1,0,1,1,0,aproximando marcador da saida
217.669,154.5,homing_exit,-2.1324,-0.2146,0.358,-93.68,0.17,0.0,-0.1572,4.441,35.49,3801,2,94,3,136.5,2,7,3,0,1,1,0,0,0,True,2.13,7.35,1,0,1,1,0,aproximando marcador da saida
218.155,155.0,homing_exit,-2.1354,-0.2154,0.3573,-97.6,0.23,0.0001,-0.1297,4.446,35.49,3801,2,94,3,136.5,2,7,3,0,1,1,0,0,0,True,2.65,7.35,1,0,1,1,0,aproximando marcador da saida
218.645,155.5,homing_exit,-2.1331,-0.2118,0.3548,-101.83,0.11,0.0,-0.1575,4.456,35.49,3801,2,94,3,136.5,2,7,3,0,1,1,0,0,0,True,2.65,7.35,1,0,1,1,0,aproximando marcador da saida
219.136,156.0,homing_exit,-2.1306,-0.2133,0.3537,-106.01,0.12,0.0,-0.1509,4.462,35.49,3801,2,94,3,136.5,2,7,3,0,1,1,0,0,0,True,3.87,7.35,1,0,1,1,0,aproximando marcador da saida
219.613,156.5,homing_exit,-2.1349,-0.2134,0.3496,-110.13,0.25,0.0184,-0.1528,4.468,35.49,3801,2,94,3,136.5,2,7,3,0,1,1,0,0,0,True,3.87,7.35,1,0,1,1,0,aproximando marcador da saida
220.093,157.002,homing_exit,-2.1319,-0.2292,0.3488,-113.89,0.7,0.027,-0.1567,4.484,35.49,3801,2,94,3,136.5,2,7,3,0,1,1,0,0,0,True,4.76,7.35,1,0,1,1,0,aproximando marcador da saida
220.564,157.5,homing_exit,-2.1426,-0.2371,0.3549,-117.66,0.19,0.0154,-0.1466,4.503,35.49,3801,2,94,3,136.5,2,7,3,0,1,1,0,0,0,True,4.76,7.35,1,0,1,1,0,aproximando marcador da saida
221.054,158.0,homing_exit,-2.1524,-0.2465,0.3571,-121.45,0.13,0.0262,-0.1783,4.521,35.49,3801,2,94,3,136.5,2,7,3,0,1,1,0,0,0,True,5.41,7.35,1,0,1,1,0,aproximando marcador da saida
221.552,158.5,homing_exit,-2.1465,-0.2555,0.3581,-125.67,0.27,0.0246,-0.1879,4.536,35.49,3801,2,94,3,136.5,2,7,3,0,1,1,0,0,0,True,5.41,7.35,1,0,1,1,0,aproximando marcador da saida
222.046,159.0,homing_exit,-2.1594,-0.2574,0.3554,-130.22,0.31,0.0179,-0.187,4.552,35.49,3801,2,94,3,136.5,2,7,3,0,1,1,0,0,0,True,5.42,7.35,1,0,1,1,0,aproximando marcador da saida
222.525,159.5,homing_exit,-2.1673,-0.2606,0.354,-134.65,0.2,0.0126,-0.1923,4.566,35.49,3801,2,94,3,136.5,2,7,3,0,1,1,0,0,0,True,5.42,7.35,1,0,1,1,0,aproximando marcador da saida
222.993,160.0,homing_exit,-2.1702,-0.2653,0.3553,-138.92,0.12,0.026,-0.1535,4.576,35.49,3801,2,94,3,136.5,2,7,3,0,1,1,0,0,0,True,5.42,7.35,1,0,1,1,0,aproximando marcador da saida
223.481,160.501,homing_exit,-2.1821,-0.271,0.3555,-143.21,0.34,0.0311,-0.1513,4.591,35.49,3801,2,94,3,136.5,2,7,3,0,1,1,0,0,0,True,6.24,7.35,1,0,0,1,0,aproximando marcador da saida
223.973,161.0,homing_exit,-2.1955,-0.2768,0.356,-147.0,0.44,0.0276,-0.1455,4.607,35.49,3801,2,94,3,136.5,2,7,3,0,1,1,0,0,0,True,6.24,7.35,1,0,0,1,0,aproximando marcador da saida
224.459,161.5,homing_exit,-2.1971,-0.2848,0.3556,-150.89,0.26,0.0166,-0.1593,4.617,35.49,3801,2,94,3,136.5,2,7,3,0,1,1,0,0,0,True,7.34,7.35,1,0,0,1,0,aproximando marcador da saida
224.944,162.0,homing_exit,-2.2086,-0.2917,0.3539,-154.73,0.14,0.0152,-0.1781,4.631,35.49,3801,2,94,3,136.5,2,7,3,0,1,1,0,0,0,True,7.34,7.35,1,0,0,1,0,aproximando marcador da saida
225.437,162.5,homing_exit,-2.2179,-0.3013,0.3542,-159.11,0.13,0.0176,-0.1975,4.646,35.49,3801,2,94,3,136.5,2,7,3,0,1,1,0,0,0,True,7.32,7.35,1,0,0,1,0,aproximando marcador da saida
225.92,163.0,homing_exit,-2.2199,-0.3065,0.3552,-163.82,0.16,0.0167,-0.1973,4.658,38.82,4158,2,94,3,136.5,2,7,3,0,1,1,0,0,0,True,7.32,7.35,1,0,0,1,0,aproximando marcador da saida
226.408,163.501,homing_exit,-2.231,-0.3062,0.3547,-168.66,0.21,0.021,-0.1983,4.67,38.82,4158,2,94,3,136.5,2,7,3,0,1,1,0,0,0,False,7.33,7.35,1,0,0,1,0,aproximando marcador da saida
226.869,164.0,homing_exit,-2.2461,-0.3127,0.3531,-173.39,0.12,0.0326,-0.174,4.687,38.82,4158,2,94,3,136.5,2,7,3,0,1,1,0,0,0,False,7.33,7.35,1,0,0,1,0,aproximando marcador da saida
227.341,164.5,homing_exit,-2.2641,-0.3161,0.3584,-177.82,0.13,0.0316,-0.1688,4.705,38.82,4158,2,94,3,136.5,2,7,3,0,1,1,0,0,0,False,7.3,7.35,1,0,0,1,0,aproximando marcador da saida
227.828,165.0,homing_exit,-2.2787,-0.3123,0.3583,177.4,0.28,0.0088,-0.1734,4.721,38.82,4158,2,94,3,136.5,2,7,3,0,1,1,0,0,0,False,7.3,7.35,1,0,0,1,0,aproximando marcador da saida
228.304,165.5,homing_exit,-2.2715,-0.3197,0.3578,172.51,0.11,0.0,-0.1847,4.734,38.82,4158,2,94,3,136.5,2,7,3,0,1,1,0,0,0,False,7.28,7.35,1,0,0,1,0,aproximando marcador da saida
228.797,166.0,homing_exit,-2.2754,-0.3145,0.3572,167.77,0.28,0.041,-0.181,4.743,38.82,4158,2,94,3,136.5,2,7,3,0,1,1,0,0,0,False,7.28,7.35,1,0,0,1,0,aproximando marcador da saida
229.29,166.5,homing_exit,-2.3091,-0.3002,0.3591,163.71,0.35,0.087,-0.1931,4.78,38.82,4158,2,94,3,136.5,2,7,3,0,1,1,0,0,0,False,7.28,7.35,1,0,0,1,0,aproximando marcador da saida
229.77,167.0,homing_exit,-2.3591,-0.2782,0.3549,159.68,0.17,0.1102,-0.1579,4.835,38.82,4158,2,94,3,136.5,2,7,3,0,1,1,0,0,0,False,7.28,7.35,1,0,0,1,0,aproximando marcador da saida
230.262,167.5,homing_exit,-2.4179,-0.2623,0.3572,157.34,0.56,0.116,-0.1462,4.897,38.82,4158,2,94,3,136.5,2,7,3,0,1,1,0,0,0,False,7.23,7.35,1,0,0,1,0,aproximando marcador da saida
230.752,168.0,homing_exit,-2.4798,-0.2457,0.3573,154.82,0.41,0.124,-0.1217,4.962,42.82,4586,2,94,3,136.5,2,7,3,0,1,1,0,0,0,False,7.23,7.35,1,0,0,1,0,aproximando marcador da saida
231.228,168.5,homing_exit,-2.5386,-0.2122,0.3588,151.86,0.23,0.1323,-0.0978,5.03,42.82,4586,2,94,3,136.5,2,7,3,0,1,1,0,0,0,False,7.15,7.35,1,0,0,1,0,aproximando marcador da saida
231.707,169.0,homing_exit,-2.6033,-0.1743,0.354,149.23,0.34,0.1446,-0.1091,5.105,42.82,4586,2,94,3,136.5,2,7,3,0,1,1,0,0,0,False,7.15,7.35,1,0,0,1,0,aproximando marcador da saida
232.196,169.5,homing_exit,-2.666,-0.1344,0.354,146.53,0.27,0.1442,-0.0792,5.18,42.82,4586,2,94,3,136.5,2,7,3,0,1,1,0,0,0,False,7.11,7.35,1,0,0,1,0,aproximando marcador da saida
232.679,170.0,homing_exit,-2.7321,-0.1039,0.3549,144.34,0.34,0.1341,-0.0756,5.254,43.9,4702,2,94,3,136.5,2,7,3,0,1,1,0,0,0,False,7.11,7.35,1,0,0,1,0,aproximando marcador da saida
233.177,170.5,homing_exit,-2.7893,-0.0493,0.3581,142.43,0.42,0.1413,-0.0504,5.333,43.9,4702,2,94,3,136.5,2,7,3,0,1,1,0,0,0,False,7.08,7.35,1,0,0,1,0,aproximando marcador da saida
233.649,171.0,homing_exit,-2.8474,-0.0091,0.3575,141.41,0.08,0.137,-0.0642,5.404,43.9,4702,2,94,3,136.5,2,7,3,0,1,1,0,0,0,False,7.08,7.35,1,0,0,1,0,aproximando marcador da saida
234.129,171.5,homing_exit,-2.9019,0.0389,0.353,139.97,0.2,0.1347,-0.0578,5.477,43.9,4702,2,94,3,136.5,2,7,3,0,1,1,0,0,0,False,7.06,7.35,1,0,0,1,0,aproximando marcador da saida
234.602,172.0,homing_exit,-2.9447,0.0591,0.3527,139.08,0.38,0.0,0.0,5.537,33.13,4849,2,94,3,136.5,2,7,3,0,1,1,0,0,0,False,7.06,7.35,1,0,0,1,0,aproximando marcador da saida
235.085,172.5,homing_exit,-2.9486,0.037,0.3489,139.46,1.19,0.0297,-0.0415,5.569,33.13,4849,2,94,3,136.5,2,7,3,0,1,1,0,0,0,False,7.04,7.35,1,0,0,1,0,aproximando marcador da saida
235.574,173.0,homing_exit,-2.9649,0.0259,0.3483,138.76,0.34,0.0477,-0.077,5.599,33.13,4849,2,94,3,136.5,2,7,3,0,1,1,0,0,0,False,7.04,7.35,1,0,0,1,0,aproximando marcador da saida
236.055,173.5,homing_exit,-2.9757,0.0571,0.3551,137.02,0.41,0.0641,-0.0738,5.635,33.13,4849,2,94,3,136.5,2,7,3,0,1,1,0,0,0,False,7.0,7.35,1,0,0,1,0,aproximando marcador da saida
236.539,174.0,homing_exit,-3.0117,0.0719,0.3595,135.13,0.31,0.0734,-0.0421,5.675,33.13,4849,2,94,3,136.5,2,7,3,0,1,1,0,0,0,False,7.0,7.35,1,0,0,1,0,aproximando marcador da saida
237.028,174.5,homing_exit,-3.0442,0.1119,0.3612,132.84,0.34,0.0909,-0.1045,5.727,33.13,4849,2,94,3,136.5,2,7,3,0,1,1,0,0,0,False,7.01,7.35,1,0,0,1,0,aproximando marcador da saida
237.505,175.0,homing_exit,-3.076,0.145,0.3571,130.48,0.37,0.0843,-0.0759,5.774,33.13,4849,2,94,3,136.5,2,7,3,0,1,1,0,0,0,False,7.01,7.35,1,0,0,1,0,aproximando marcador da saida
237.996,175.5,homing_exit,-3.1045,0.1712,0.3573,128.11,0.15,0.0774,-0.1094,5.815,33.13,4849,2,94,3,136.5,2,7,3,0,1,1,0,0,0,False,7.01,7.35,1,0,0,1,0,aproximando marcador da saida
238.463,176.001,homing_exit,-3.1278,0.2139,0.3479,125.99,0.17,0.0924,-0.1079,5.864,33.13,4849,2,94,3,136.5,2,7,3,0,1,1,0,0,0,False,7.01,7.35,1,0,0,1,0,aproximando marcador da saida
238.954,176.5,homing_exit,-3.1545,0.2488,0.3519,123.93,0.16,0.0808,-0.0986,5.908,33.13,4849,2,94,3,136.5,2,7,3,0,1,1,0,0,0,False,7.01,7.35,1,0,0,1,0,aproximando marcador da saida
239.421,177.0,homing_exit,-3.1879,0.28,0.35,122.13,0.42,0.0832,-0.0831,5.954,33.13,4849,2,94,3,136.5,2,7,3,0,1,1,0,0,0,False,7.03,7.35,1,0,0,1,0,aproximando marcador da saida
239.919,177.5,homing_exit,-3.1987,0.318,0.3554,120.75,0.35,0.0675,-0.0688,5.994,33.13,4849,2,94,3,136.5,2,7,3,0,1,1,0,0,0,False,7.03,7.35,1,0,0,1,0,aproximando marcador da saida
240.377,178.0,homing_exit,-3.2225,0.3432,0.3626,119.54,0.23,0.0668,-0.0509,6.03,34.12,4994,2,94,3,136.5,2,7,3,0,1,1,0,0,0,False,7.06,7.35,1,0,0,1,0,aproximando marcador da saida
240.859,178.5,homing_exit,-3.2369,0.3771,0.3579,117.14,0.23,0.0625,-0.1003,6.067,34.12,4994,2,94,3,136.5,2,7,3,0,1,1,0,0,0,False,7.06,7.35,1,0,0,1,0,aproximando marcador da saida
241.322,179.0,homing_exit,-3.2537,0.4061,0.3578,114.52,0.2,0.0623,-0.0857,6.101,34.12,4994,2,94,3,136.5,2,7,3,0,1,1,0,0,0,False,7.08,7.35,1,0,0,1,0,aproximando marcador da saida
241.806,179.5,homing_exit,-3.2666,0.4407,0.355,112.35,0.24,0.0699,-0.068,6.138,34.12,4994,2,94,3,136.5,2,7,3,0,1,1,0,0,0,False,7.08,7.35,1,0,0,1,0,aproximando marcador da saida
242.288,180.0,homing_exit,-3.2792,0.4754,0.3477,110.73,0.14,0.0738,-0.0572,6.175,34.12,4994,2,94,3,136.5,2,7,3,0,1,1,0,0,0,False,7.11,7.35,1,0,0,1,0,aproximando marcador da saida
242.778,180.502,homing_exit,-3.3011,0.5049,0.3533,109.87,0.3,0.0694,-0.0395,6.212,34.12,4994,2,94,3,136.5,2,7,3,0,1,1,0,0,0,False,7.11,7.35,1,0,0,1,0,aproximando marcador da saida
243.277,181.0,homing_exit,-3.3051,0.5345,0.356,109.01,0.29,0.0588,-0.0567,6.243,34.12,4994,2,94,3,136.5,2,7,3,0,1,1,0,0,0,False,7.14,7.35,1,0,0,1,0,aproximando marcador da saida
243.76,181.5,homing_exit,-3.3212,0.5681,0.3552,108.41,0.35,0.0698,-0.005,6.281,34.12,4994,2,94,3,136.5,2,7,3,0,1,1,0,0,0,False,7.14,7.35,1,0,0,1,0,aproximando marcador da saida
244.247,182.0,homing_exit,-3.3362,0.5974,0.3572,108.02,0.48,0.0684,0.007,6.314,34.12,4994,2,94,3,136.5,2,7,3,0,1,1,0,0,0,False,7.18,7.35,1,0,0,1,0,aproximando marcador da saida
244.734,182.5,homing_exit,-3.3428,0.6269,0.3543,108.0,0.1,0.0579,0.024,6.345,34.12,4994,2,94,3,136.5,2,7,3,0,1,1,0,0,0,False,7.18,7.35,1,0,0,1,0,aproximando marcador da saida
245.21,183.0,homing_exit,-3.3554,0.6517,0.3513,108.3,0.27,0.0556,0.0344,6.373,36.64,5408,2,94,3,136.5,2,7,3,0,1,1,0,0,0,False,7.22,7.35,1,0,0,1,0,aproximando marcador da saida
245.706,183.501,homing_exit,-3.3623,0.6821,0.3552,108.26,0.23,0.0559,0.0254,6.404,36.64,5408,2,94,3,136.5,2,7,3,0,1,1,0,0,0,False,7.22,7.35,1,0,0,1,0,aproximando marcador da saida
246.204,184.0,homing_exit,-3.3737,0.7086,0.3551,108.63,0.32,0.0566,-0.0132,6.434,36.64,5408,2,94,3,136.5,2,7,3,0,1,1,0,0,0,False,7.25,7.35,1,0,0,1,0,aproximando marcador da saida
246.679,184.5,homing_exit,-3.3806,0.7294,0.3576,108.78,0.19,0.0473,0.005,6.457,36.64,5408,2,94,3,136.5,2,7,3,0,1,1,0,0,0,False,7.25,7.35,1,0,0,1,0,aproximando marcador da saida
247.161,185.0,homing_exit,-3.3931,0.754,0.3548,109.27,0.28,0.0505,-0.014,6.484,36.64,5408,2,94,3,136.5,2,7,3,0,1,1,0,0,0,False,7.27,7.35,1,0,0,1,0,aproximando marcador da saida
247.647,185.5,homing_exit,-3.3993,0.7732,0.3558,108.98,0.21,0.0436,-0.0166,6.506,36.64,5408,2,94,3,136.5,2,7,3,0,1,1,0,0,0,False,7.27,7.35,1,0,0,1,0,aproximando marcador da saida
248.108,186.0,homing_exit,-3.4078,0.7966,0.3521,109.1,0.26,0.0427,-0.0028,6.531,36.64,5408,2,94,3,136.5,2,7,3,0,1,1,0,0,0,False,7.3,7.35,1,0,0,1,0,aproximando marcador da saida
248.581,186.5,homing_exit,-3.4241,0.8023,0.3491,109.39,0.74,0.0264,0.05,6.554,36.64,5408,2,94,3,136.5,2,7,3,0,1,1,0,0,0,False,7.3,7.35,1,0,0,1,0,aproximando marcador da saida
249.052,187.0,homing_exit,-3.416,0.8128,0.3521,109.89,0.22,0.0159,0.041,6.569,36.64,5408,2,94,3,136.5,2,7,3,0,1,1,0,0,0,False,7.31,7.35,1,0,0,1,0,aproximando marcador da saida
249.529,187.501,homing_exit,-3.4216,0.8138,0.3551,110.29,0.28,0.0077,0.0488,6.58,36.64,5408,2,94,3,136.5,2,7,3,0,1,1,0,0,0,False,7.31,7.35,1,0,0,1,0,aproximando marcador da saida
250.007,188.0,homing_exit,-3.425,0.817,0.356,110.67,0.2,0.0035,0.0119,6.588,36.64,5408,2,94,3,136.5,2,7,3,0,1,1,0,0,0,False,7.31,7.35,1,0,0,1,0,aproximando marcador da saida
250.448,188.5,homing_exit,-3.4196,0.8186,0.3544,111.2,0.23,0.0005,0.0801,6.594,36.64,5408,2,94,3,136.5,2,7,3,0,1,1,0,0,0,False,7.31,7.35,1,0,0,1,0,aproximando marcador da saida
250.936,189.0,homing_exit,-3.4253,0.8135,0.3536,112.73,0.33,0.0001,0.0628,6.604,36.64,5408,2,94,3,136.5,2,7,3,0,1,1,0,0,0,False,7.31,7.35,1,0,0,1,0,aproximando marcador da saida
251.424,189.5,homing_exit,-3.4225,0.8128,0.3535,115.02,0.13,0.0,0.0835,6.611,36.64,5408,2,94,3,136.5,2,7,3,0,1,1,0,0,0,False,7.3,7.35,1,0,0,1,0,aproximando marcador da saida
251.912,190.0,homing_exit,-3.4199,0.8121,0.3551,117.47,0.11,0.0,0.0882,6.616,36.64,5408,2,94,3,136.5,2,7,3,0,1,1,0,0,0,False,7.3,7.35,1,0,0,1,0,aproximando marcador da saida
252.414,190.5,homing_exit,-3.4247,0.8078,0.3562,120.19,0.29,0.0002,0.0807,6.624,36.64,5408,2,94,3,136.5,2,7,3,0,1,1,0,0,0,False,7.31,7.35,1,0,0,1,0,aproximando marcador da saida
252.905,191.001,homing_exit,-3.4205,0.8062,0.3549,122.73,0.2,0.0,0.1256,6.631,36.64,5408,2,94,3,136.5,2,7,3,0,1,1,0,0,0,False,7.31,7.35,1,0,0,1,0,aproximando marcador da saida
253.381,191.5,homing_exit,-3.4245,0.8115,0.3513,124.94,0.2,0.0207,0.0606,6.639,36.64,5408,2,94,3,136.5,2,7,3,0,1,1,0,0,0,False,7.3,7.35,1,0,0,1,0,aproximando marcador da saida
253.859,192.0,homing_exit,-3.4359,0.8212,0.3548,125.85,0.23,0.0316,0.0104,6.655,36.64,5408,2,94,3,136.5,2,7,3,0,1,1,0,0,0,False,7.3,7.35,1,0,0,1,0,aproximando marcador da saida
254.345,192.5,homing_exit,-3.4402,0.828,0.3579,125.8,0.2,0.0075,0.0085,6.665,36.64,5408,2,94,3,136.5,2,7,3,0,1,1,0,0,0,False,7.31,7.35,1,0,0,1,0,aproximando marcador da saida
254.824,193.0,homing_exit,-3.4376,0.823,0.3571,125.98,0.11,0.0004,0.0222,6.673,36.64,5408,2,94,3,136.5,2,7,3,0,1,1,0,0,0,False,7.31,7.35,1,0,0,1,0,aproximando marcador da saida
255.322,193.5,homing_exit,-3.4384,0.8267,0.3555,126.09,0.15,0.0215,-0.0332,6.679,36.64,5408,2,94,3,136.5,2,7,3,0,1,1,0,0,0,False,7.31,7.35,1,0,0,1,0,aproximando marcador da saida
255.809,194.0,homing_exit,-3.4461,0.8383,0.3553,125.6,0.14,0.0364,-0.0571,6.694,36.64,5408,2,94,3,136.5,2,7,3,0,1,1,0,0,0,False,7.31,7.35,1,0,0,1,0,aproximando marcador da saida
256.311,194.501,homing_exit,-3.4635,0.855,0.3561,124.48,0.31,0.0453,-0.0538,6.719,36.64,5408,2,94,3,136.5,2,7,3,0,1,1,0,0,0,False,7.31,7.35,1,0,0,1,0,aproximando marcador da saida
256.794,195.0,homing_exit,-3.4728,0.8666,0.3553,123.05,0.23,0.025,-0.0671,6.735,36.64,5408,2,94,3,136.5,2,7,3,0,1,1,0,0,0,False,7.31,7.35,1,0,0,1,0,aproximando marcador da saida
257.284,195.5,homing_exit,-3.4753,0.8798,0.3524,121.43,0.26,0.0093,-0.0523,6.749,36.64,5408,2,94,3,136.5,2,7,3,0,1,1,0,0,0,False,7.32,7.35,1,0,0,1,0,aproximando marcador da saida
257.763,196.0,homing_exit,-3.4775,0.8748,0.3527,120.18,0.27,0.0,0.0094,6.759,36.64,5408,2,94,3,136.5,2,7,3,0,1,1,0,0,0,False,7.32,7.35,1,0,0,1,0,aproximando marcador da saida
258.214,196.5,homing_exit,-3.4789,0.8724,0.3545,120.0,0.23,0.0,0.0436,6.764,36.64,5408,2,94,3,136.5,2,7,3,0,1,1,0,0,0,False,7.32,7.35,1,0,0,1,0,aproximando marcador da saida
258.701,197.0,homing_exit,-3.4795,0.8748,0.3551,120.03,0.25,0.0001,0.0328,6.767,36.64,5408,2,94,3,136.5,2,7,3,0,1,1,0,0,0,False,7.32,7.35,1,0,0,1,0,aproximando marcador da saida
259.181,197.5,homing_exit,-3.4795,0.8748,0.3551,120.03,0.25,0.0,0.0352,6.767,36.64,5408,2,94,3,136.5,2,7,3,0,1,1,0,0,0,False,7.32,7.35,1,0,0,1,0,aproximando marcador da saida
259.655,198.0,homing_exit,-3.4795,0.8748,0.3551,120.03,0.25,0.0006,0.0225,6.767,36.64,5408,2,94,3,136.5,2,7,3,0,1,1,0,0,0,False,7.32,7.35,1,0,0,1,0,aproximando marcador da saida
260.132,198.5,homing_exit,-3.4795,0.8748,0.3551,120.03,0.25,0.0,0.0365,6.767,36.64,5408,2,94,3,136.5,2,7,3,0,1,1,0,0,0,False,7.32,7.35,1,0,0,1,0,aproximando marcador da saida
260.594,199.001,homing_exit,-3.4795,0.8748,0.3551,120.03,0.25,0.0,0.0269,6.767,36.64,5408,2,94,3,136.5,2,7,3,0,1,1,0,0,0,False,7.32,7.35,1,0,0,1,0,aproximando marcador da saida
261.058,199.5,homing_exit,-3.4795,0.8748,0.3551,120.03,0.25,0.0,0.0282,6.767,36.64,5408,2,94,3,136.5,2,7,3,0,1,1,0,0,0,False,7.32,7.35,1,0,0,1,0,aproximando marcador da saida
261.546,200.002,homing_exit,-3.4795,0.8748,0.3551,120.03,0.25,0.0,0.0342,6.767,36.64,5408,2,94,3,136.5,2,7,3,0,1,1,0,0,0,False,7.32,7.35,1,0,0,1,0,aproximando marcador da saida
262.036,200.5,homing_exit,-3.4795,0.8748,0.3551,120.03,0.25,0.0002,0.0264,6.767,36.64,5408,2,94,3,136.5,2,7,3,0,1,1,0,0,0,False,7.32,7.35,1,0,0,1,0,aproximando marcador da saida
262.5,201.0,homing_exit,-3.4795,0.8748,0.3551,120.03,0.25,0.0,0.035,6.767,36.64,5408,2,94,3,136.5,2,7,3,0,1,1,0,0,0,False,7.32,7.35,1,0,0,1,0,aproximando marcador da saida
262.996,201.5,homing_exit,-3.4795,0.8748,0.3551,120.03,0.25,0.0011,0.0223,6.767,36.64,5408,2,94,3,136.5,2,7,3,0,1,1,0,0,0,False,7.32,7.35,1,0,0,1,0,aproximando marcador da saida
263.491,202.0,homing_exit,-3.4849,0.8776,0.3527,120.89,0.26,0.0044,0.0837,6.773,36.64,5408,2,94,3,136.5,2,7,3,0,1,1,0,0,0,False,7.32,7.35,1,0,0,1,0,aproximando marcador da saida
263.976,202.5,homing_exit,-3.4835,0.8746,0.3535,122.83,0.09,0.0,0.0652,6.782,36.64,5408,2,94,3,136.5,2,7,3,0,1,1,0,0,0,False,7.32,7.35,1,0,0,1,0,aproximando marcador da saida
264.466,203.0,homing_exit,-3.4833,0.8746,0.3525,125.38,0.11,0.0,0.0856,6.785,36.64,5408,2,94,3,136.5,2,7,3,0,1,1,0,0,0,False,7.32,7.35,1,0,0,1,0,aproximando marcador da saida
264.94,203.5,homing_exit,-3.4827,0.8716,0.3532,128.25,0.16,0.0,0.1308,6.79,36.64,5408,2,94,3,136.5,2,7,3,0,1,1,0,0,0,False,7.32,7.35,1,0,0,1,0,aproximando marcador da saida
265.429,204.0,homing_exit,-3.4831,0.8684,0.3569,131.31,0.22,0.0,0.0877,6.795,36.64,5408,2,94,3,136.5,2,7,3,0,1,1,0,0,0,False,7.32,7.35,1,0,0,1,0,aproximando marcador da saida
265.907,204.5,homing_exit,-3.4821,0.8646,0.3561,134.1,0.25,0.0,0.1354,6.8,36.64,5408,2,94,3,136.5,2,7,3,0,1,1,0,0,0,False,7.32,7.35,1,0,0,1,0,aproximando marcador da saida
266.4,205.0,homing_exit,-3.4799,0.8655,0.3523,137.25,0.11,0.0022,0.1408,6.805,36.64,5408,2,94,3,136.5,2,7,3,0,1,1,0,0,0,False,7.31,7.35,1,0,0,1,0,aproximando marcador da saida
266.88,205.5,homing_exit,-3.4823,0.8612,0.3516,140.6,0.24,0.0,0.1689,6.813,36.64,5408,2,94,3,136.5,2,7,3,0,1,1,0,0,0,False,7.31,7.35,1,0,0,1,0,aproximando marcador da saida
267.373,206.0,homing_exit,-3.4812,0.8548,0.3533,144.45,0.23,0.0,0.1441,6.824,36.64,5408,2,94,3,136.5,2,7,3,0,1,1,0,0,0,False,7.31,7.35,1,0,0,1,0,aproximando marcador da saida
267.865,206.5,homing_exit,-3.4785,0.8581,0.3546,148.66,0.17,0.0,0.1694,6.83,36.64,5408,2,94,3,136.5,2,7,3,0,1,1,0,0,0,False,7.31,7.35,1,0,0,1,0,aproximando marcador da saida
268.355,207.0,homing_exit,-3.4784,0.8519,0.3556,152.71,0.28,0.0,0.1895,6.837,36.64,5408,2,94,3,136.5,2,7,3,0,1,1,0,0,0,False,7.31,7.35,1,0,0,1,0,aproximando marcador da saida
268.851,207.5,homing_exit,-3.4762,0.8502,0.3545,158.19,0.21,0.0002,0.162,6.844,36.64,5408,2,94,3,136.5,2,7,3,0,1,1,0,0,0,False,7.31,7.35,1,0,0,1,0,aproximando marcador da saida
269.345,208.0,homing_exit,-3.4757,0.8501,0.3549,162.87,0.2,0.0017,0.166,6.849,36.64,5408,2,94,3,136.5,2,7,3,0,1,1,0,0,0,False,7.3,7.35,1,0,0,1,0,aproximando marcador da saida
269.835,208.5,homing_exit,-3.4752,0.8466,0.3567,167.53,0.26,0.0,0.1771,6.853,36.64,5408,2,94,3,136.5,2,7,3,0,1,1,0,0,0,False,7.3,7.35,1,0,0,1,0,aproximando marcador da saida
270.311,209.0,homing_exit,-3.4733,0.8477,0.3552,171.82,0.22,0.0006,0.1877,6.859,36.64,5408,2,94,3,136.5,2,7,3,0,1,1,0,0,0,False,7.3,7.35,1,0,0,1,0,aproximando marcador da saida
270.781,209.5,homing_exit,-3.4756,0.8498,0.3483,175.97,0.12,0.0019,0.1321,6.864,36.64,5408,2,94,3,136.5,2,7,3,0,1,1,0,0,0,False,7.3,7.35,1,0,0,1,0,aproximando marcador da saida
271.268,210.0,homing_exit,-3.4779,0.8439,0.3503,179.29,0.19,0.0029,0.1196,6.871,36.64,5408,2,94,3,136.5,2,7,3,0,1,1,0,0,0,False,7.3,7.35,1,0,0,1,0,aproximando marcador da saida
271.74,210.501,homing_exit,-3.4782,0.8433,0.3558,-178.5,0.12,0.0033,0.0701,6.878,36.64,5408,2,94,3,136.5,2,7,3,0,1,1,0,0,0,False,7.3,7.35,1,0,0,1,0,aproximando marcador da saida
272.213,211.0,homing_exit,-3.4826,0.8428,0.3548,-177.11,0.29,0.0169,0.0566,6.886,36.64,5408,2,94,3,136.5,2,7,3,0,1,1,0,0,0,False,7.3,7.35,1,0,0,1,0,aproximando marcador da saida
272.711,211.501,homing_exit,-3.4882,0.8409,0.3585,-175.96,0.2,0.0143,0.0172,6.894,36.64,5408,2,94,3,136.5,2,7,3,0,1,1,0,0,0,False,7.3,7.35,1,0,0,1,0,aproximando marcador da saida
273.174,212.0,homing_exit,-3.4964,0.8406,0.3612,-175.13,0.16,0.0281,-0.0115,6.904,36.64,5408,2,94,3,136.5,2,7,3,0,1,1,0,0,0,False,7.28,7.35,1,0,0,1,0,aproximando marcador da saida
273.667,212.5,homing_exit,-3.5178,0.8351,0.3638,-174.67,0.3,0.0514,0.0059,6.926,36.64,5408,2,94,3,136.5,2,7,3,0,1,1,0,0,0,False,7.28,7.35,1,0,0,1,0,aproximando marcador da saida
274.147,213.0,homing_exit,-3.5264,0.8289,0.3622,-174.17,0.48,0.036,0.0075,6.941,36.64,5408,2,94,3,136.5,2,7,3,0,1,1,0,0,0,False,7.26,7.35,1,0,0,1,0,aproximando marcador da saida
274.615,213.5,homing_exit,-3.5265,0.8229,0.353,-173.87,0.66,0.0268,0.0128,6.955,36.64,5408,2,94,3,136.5,2,7,3,0,1,1,0,0,0,False,7.26,7.35,1,0,0,1,0,aproximando marcador da saida
275.109,214.0,homing_exit,-3.5266,0.8123,0.354,-173.86,0.59,0.0278,0.0091,6.967,36.64,5408,2,94,3,136.5,2,7,3,0,1,1,0,0,0,False,7.25,7.35,1,0,0,1,0,aproximando marcador da saida
275.587,214.5,homing_exit,-3.5269,0.8096,0.3508,-173.32,0.23,0.0282,0.0181,6.975,36.64,5408,2,94,3,136.5,2,7,3,0,1,1,0,0,0,False,7.25,7.35,1,0,0,1,0,aproximando marcador da saida
276.074,215.0,homing_exit,-3.5272,0.8048,0.3556,-172.65,0.24,0.0263,0.0543,6.985,36.64,5408,2,94,3,136.5,2,7,3,0,1,1,0,0,0,False,7.24,7.35,1,0,0,1,0,aproximando marcador da saida
276.549,215.501,homing_exit,-3.528,0.7997,0.3565,-171.65,0.11,0.0309,0.021,6.995,36.64,5408,2,94,3,136.5,2,7,3,0,1,1,0,0,0,False,7.24,7.35,1,0,1,1,0,aproximando marcador da saida
277.003,216.0,homing_exit,-3.5283,0.7944,0.3557,-171.22,0.17,0.023,0.0328,7.003,36.64,5408,2,94,3,136.5,2,7,3,0,1,1,0,0,0,True,6.09,7.35,1,0,1,1,0,aproximando marcador da saida
277.498,216.5,homing_exit,-3.5289,0.7903,0.357,-170.48,0.11,0.0261,0.0237,7.012,36.64,5408,2,94,3,136.5,2,7,3,0,1,1,0,0,0,True,6.09,7.35,1,0,1,1,0,aproximando marcador da saida
277.985,217.0,homing_exit,-3.529,0.7828,0.3569,-170.32,0.43,0.027,0.0081,7.024,36.64,5408,2,94,3,136.5,2,7,3,0,1,1,0,0,0,True,6.09,7.35,1,0,1,1,0,aproximando marcador da saida
278.474,217.5,homing_exit,-3.5288,0.7707,0.3559,-170.24,0.66,0.027,-0.0006,7.038,36.64,5408,2,94,3,136.5,2,7,3,0,1,1,0,0,0,True,4.18,7.35,1,0,1,1,0,aproximando marcador da saida
278.946,218.0,homing_exit,-3.5269,0.7646,0.3594,-170.19,0.39,0.0057,0.0049,7.048,36.64,5408,2,94,3,136.5,2,7,3,0,1,1,0,0,0,True,4.18,7.35,1,0,1,1,0,aproximando marcador da saida
279.426,218.5,homing_exit,-3.5294,0.7609,0.3568,-169.92,0.4,0.0226,0.0071,7.055,36.64,5408,2,94,3,136.5,2,7,3,0,1,1,0,0,0,True,4.18,7.35,1,0,1,1,0,aproximando marcador da saida
279.908,219.001,homing_exit,-3.5294,0.7516,0.3558,-169.88,0.4,0.0308,0.013,7.067,36.64,5408,2,94,3,136.5,2,7,3,0,1,1,0,0,0,True,4.18,7.35,1,0,1,1,0,aproximando marcador da saida
280.386,219.5,homing_exit,-3.5296,0.7448,0.3589,-169.64,0.25,0.0355,0.0097,7.077,36.64,5408,2,94,3,136.5,2,7,3,0,1,1,0,0,0,True,3.47,7.35,1,0,1,1,0,aproximando marcador da saida
280.876,220.0,homing_exit,-3.5297,0.7367,0.3595,-169.56,0.16,0.0379,0.0302,7.089,36.64,5408,2,94,3,136.5,2,7,3,0,1,1,0,0,0,True,3.47,7.35,1,0,1,1,0,aproximando marcador da saida
281.368,220.5,homing_exit,-3.5301,0.7316,0.36,-169.06,0.2,0.0316,-0.0304,7.099,36.64,5408,2,94,3,136.5,2,7,3,0,1,1,0,0,0,True,3.2,7.35,1,0,1,1,0,aproximando marcador da saida
281.854,221.0,homing_exit,-3.5299,0.7257,0.3587,-169.24,0.38,0.0321,0.0002,7.108,36.64,5408,2,94,3,136.5,2,7,3,0,1,1,0,0,0,True,3.2,7.35,1,0,1,1,0,aproximando marcador da saida
282.34,221.5,homing_exit,-3.5296,0.717,0.3537,-169.28,0.53,0.0293,-0.0198,7.121,36.64,5408,2,94,3,136.5,2,7,3,0,1,1,0,0,0,True,2.98,7.35,1,0,1,1,0,aproximando marcador da saida
282.798,222.0,homing_exit,-3.5298,0.7125,0.3453,-169.35,0.76,0.0331,0.0151,7.129,36.64,5408,2,94,3,136.5,2,7,3,0,1,1,0,0,0,True,2.98,7.35,1,0,1,1,0,aproximando marcador da saida
283.269,222.5,homing_exit,-3.5299,0.7068,0.3504,-168.9,0.84,0.0321,0.006,7.137,36.64,5408,2,94,3,136.5,2,7,3,0,1,1,0,0,0,True,2.98,7.35,1,0,1,1,0,aproximando marcador da saida
283.734,223.0,homing_exit,-3.5299,0.6998,0.3519,-169.24,0.57,0.0305,-0.0096,7.145,36.64,5408,2,94,3,136.5,2,7,3,0,1,1,0,0,0,True,2.98,7.35,1,0,1,1,0,aproximando marcador da saida
284.216,223.5,homing_exit,-3.5299,0.6922,0.3519,-169.31,0.54,0.0315,-0.0007,7.157,36.64,5408,2,94,3,136.5,2,7,3,0,1,1,0,0,0,True,2.98,7.35,1,0,1,1,0,aproximando marcador da saida
284.71,224.0,homing_exit,-3.5301,0.6901,0.3523,-169.06,0.26,0.028,-0.0402,7.164,36.64,5408,2,94,3,136.5,2,7,3,0,1,1,0,0,0,True,2.98,7.35,1,0,1,1,0,aproximando marcador da saida
285.206,224.502,homing_exit,-3.5287,0.6785,0.3537,-170.69,0.59,0.0211,-0.0185,7.18,36.64,5408,2,94,3,136.5,2,7,3,0,1,1,0,0,0,True,2.78,7.35,1,0,1,1,0,aproximando marcador da saida
285.706,225.002,homing_exit,-3.5281,0.6727,0.3565,-171.51,0.49,0.044,-0.0506,7.189,36.64,5408,2,94,3,136.5,2,7,3,0,1,1,0,0,0,True,2.78,7.35,1,0,1,1,0,aproximando marcador da saida
286.197,225.5,homing_exit,-3.5274,0.6635,0.3558,-172.43,0.54,0.0323,-0.0264,7.199,36.64,5408,2,94,3,136.5,2,7,3,0,1,1,0,0,0,True,5.27,7.35,1,0,1,1,0,aproximando marcador da saida
286.664,226.002,homing_exit,-3.5267,0.6576,0.3494,-173.35,0.66,0.0347,-0.0256,7.209,36.64,5408,2,94,3,136.5,2,7,3,0,1,1,0,0,0,True,5.27,7.35,1,0,1,1,0,aproximando marcador da saida
287.143,226.5,homing_exit,-3.5257,0.6467,0.3545,-174.02,0.98,0.0367,-0.0295,7.221,36.64,5408,2,94,3,136.5,2,7,3,0,1,1,0,0,0,True,7.21,7.35,1,0,0,1,0,aproximando marcador da saida
287.578,227.001,homing_exit,-3.5248,0.6387,0.3584,-175.25,0.77,0.0332,-0.0404,7.23,36.65,5409,2,94,3,136.5,2,7,3,0,1,1,0,0,0,True,7.21,7.35,1,0,0,1,0,aproximando marcador da saida
288.031,227.5,homing_exit,-3.5256,0.6356,0.353,-176.19,0.59,0.0338,-0.054,7.239,36.65,5409,2,94,3,136.5,2,7,3,0,1,1,0,0,0,True,7.19,7.35,1,0,0,1,0,aproximando marcador da saida
288.509,228.0,homing_exit,-3.5251,0.6195,0.3499,-178.21,0.72,0.0336,-0.07,7.258,36.65,5409,2,94,3,136.5,2,7,3,0,1,1,0,0,0,True,7.19,7.35,1,0,0,1,0,aproximando marcador da saida
288.993,228.5,homing_exit,-3.5249,0.6104,0.3547,179.96,0.44,0.0325,-0.0482,7.267,36.65,5409,2,94,3,136.5,2,7,3,0,1,1,0,0,0,True,7.19,7.35,1,0,0,1,0,aproximando marcador da saida
289.487,229.0,homing_exit,-3.525,0.6058,0.3553,178.5,0.14,0.0387,-0.0162,7.278,36.65,5409,2,94,3,136.5,2,7,3,0,1,1,0,0,0,False,7.17,7.35,1,0,0,1,0,aproximando marcador da saida
289.975,229.5,homing_exit,-3.5251,0.6056,0.3568,178.1,0.1,0.0321,0.004,7.291,36.65,5409,2,94,3,136.5,2,7,3,0,1,1,0,0,0,False,7.17,7.35,1,0,0,1,0,aproximando marcador da saida
290.454,230.0,homing_exit,-3.5251,0.6101,0.355,177.95,0.23,0.0336,-0.0147,7.302,36.65,5409,2,94,3,136.5,2,7,3,0,1,1,0,0,0,False,7.16,7.35,1,0,0,1,0,aproximando marcador da saida
290.93,230.5,homing_exit,-3.5252,0.6096,0.3511,177.5,0.02,0.0327,-0.0067,7.31,36.65,5409,2,94,3,136.5,2,7,3,0,1,1,0,0,0,False,7.16,7.35,1,0,0,1,0,aproximando marcador da saida
291.406,231.0,homing_exit,-3.5252,0.6094,0.3565,177.46,0.13,0.0327,-0.0579,7.317,36.65,5409,2,94,3,136.5,2,7,3,0,1,1,0,0,0,False,7.17,7.35,1,0,0,1,0,aproximando marcador da saida
291.9,231.501,homing_exit,-3.5254,0.6068,0.3562,176.89,0.21,0.0338,-0.0177,7.325,36.65,5409,2,94,3,136.5,2,7,3,0,1,1,0,0,0,False,7.17,7.35,1,0,0,1,0,aproximando marcador da saida
292.386,232.0,homing_exit,-3.5255,0.6041,0.3549,176.48,0.22,0.035,-0.0058,7.336,36.65,5409,2,94,3,136.5,2,7,3,0,1,1,0,0,0,False,7.16,7.35,1,0,0,1,0,aproximando marcador da saida
292.853,232.5,homing_exit,-3.5256,0.6027,0.3453,176.21,0.17,0.0327,-0.0167,7.344,36.65,5409,2,94,3,136.5,2,7,3,0,1,1,0,0,0,False,7.16,7.35,1,0,0,1,0,aproximando marcador da saida
293.34,233.0,homing_exit,-3.5256,0.6011,0.3492,176.05,0.28,0.0329,0.0034,7.351,36.65,5409,2,94,3,136.5,2,7,3,0,1,1,0,0,0,False,7.16,7.35,1,0,0,1,0,aproximando marcador da saida
293.828,233.5,homing_exit,-3.5255,0.6038,0.3528,175.99,0.65,0.0324,0.0153,7.359,36.65,5409,2,94,3,136.5,2,7,3,0,1,1,0,0,0,False,7.16,7.35,1,0,0,1,0,aproximando marcador da saida
294.296,234.0,homing_exit,-3.5255,0.6048,0.3574,175.64,0.47,0.0322,-0.0225,7.366,36.65,5409,2,94,3,136.5,2,7,3,0,1,1,0,0,0,False,7.16,7.35,1,0,0,1,0,aproximando marcador da saida
294.784,234.5,homing_exit,-3.5262,0.6018,0.359,174.59,0.28,0.034,0.0045,7.376,36.65,5409,2,94,3,136.5,2,7,3,0,1,1,0,0,0,False,7.16,7.35,1,0,0,1,0,aproximando marcador da saida
295.276,235.0,homing_exit,-3.5267,0.603,0.3574,173.74,0.31,0.0298,-0.0383,7.39,36.65,5409,2,94,3,136.5,2,7,3,0,1,1,0,0,0,False,7.16,7.35,1,0,0,1,0,aproximando marcador da saida
295.772,235.5,homing_exit,-3.5268,0.601,0.3563,173.43,0.06,0.0333,-0.0364,7.402,36.65,5409,2,94,3,136.5,2,7,3,0,1,1,0,0,0,False,7.16,7.35,1,0,0,1,0,aproximando marcador da saida
296.245,236.0,homing_exit,-3.5271,0.5988,0.3571,172.88,0.08,0.0374,0.0104,7.411,36.65,5409,2,94,3,136.5,2,7,3,0,1,1,0,0,0,False,7.16,7.35,1,0,0,1,0,aproximando marcador da saida
296.732,236.5,homing_exit,-3.5272,0.6002,0.3559,172.69,0.16,0.0369,-0.0054,7.419,36.65,5409,2,94,3,136.5,2,7,3,0,1,1,0,0,0,False,7.16,7.35,1,0,0,1,0,aproximando marcador da saida
297.225,237.0,homing_exit,-3.5277,0.6045,0.3552,172.05,0.41,0.0381,-0.0266,7.434,36.65,5409,2,94,3,136.5,2,7,3,0,1,1,0,0,0,False,7.16,7.35,1,0,0,1,0,aproximando marcador da saida
297.712,237.5,homing_exit,-3.5274,0.6076,0.3553,171.61,0.53,0.0314,-0.0215,7.445,36.65,5409,2,94,3,136.5,2,7,3,0,1,1,0,0,0,False,7.16,7.35,1,0,0,1,0,aproximando marcador da saida
298.197,238.0,homing_exit,-3.5255,0.6174,0.3532,171.58,0.91,0.0357,0.0249,7.459,36.65,5409,2,94,3,136.5,2,7,3,0,1,1,0,0,0,False,7.17,7.35,1,0,0,1,0,aproximando marcador da saida
298.673,238.5,homing_exit,-3.5255,0.6271,0.3536,172.38,0.98,0.0397,0.0367,7.474,36.65,5409,2,94,3,136.5,2,7,3,0,1,1,0,0,0,False,7.17,7.35,1,0,0,1,0,aproximando marcador da saida
299.152,239.0,homing_exit,-3.5272,0.6333,0.35,172.76,0.67,0.0326,-0.0062,7.486,36.65,5409,2,94,3,136.5,2,7,3,0,1,1,0,0,0,False,7.18,7.35,1,0,0,1,0,aproximando marcador da saida
299.64,239.5,homing_exit,-3.5273,0.634,0.353,172.69,0.34,0.0291,0.0136,7.495,36.65,5409,2,94,3,136.5,2,7,3,0,1,1,0,0,0,False,7.18,7.35,1,0,0,1,0,aproximando marcador da saida
300.117,240.0,homing_exit,-3.5271,0.6323,0.3511,173.0,0.17,0.0388,0.0138,7.503,36.65,5409,2,94,3,136.5,2,7,3,0,1,1,0,0,0,False,7.19,7.35,1,0,0,1,0,aproximando marcador da saida
300.591,240.5,homing_exit,-3.5265,0.6319,0.3486,173.99,0.2,0.032,0.0652,7.508,36.65,5409,2,94,3,136.5,2,7,3,0,1,1,0,0,0,False,7.19,7.35,1,0,0,1,0,aproximando marcador da saida
301.085,241.0,homing_exit,-3.5257,0.6392,0.3514,175.8,0.44,0.0415,0.1296,7.52,36.65,5409,2,94,3,136.5,2,7,3,0,1,1,0,0,0,False,7.19,7.35,1,0,0,1,0,aproximando marcador da saida
301.577,241.5,homing_exit,-3.525,0.6467,0.3526,178.84,0.62,0.0373,0.1059,7.528,36.65,5409,2,94,3,136.5,2,7,3,0,1,1,0,0,0,False,7.19,7.35,1,0,0,1,0,aproximando marcador da saida
302.071,242.0,homing_exit,-3.525,0.6506,0.3548,-179.29,0.5,0.0356,0.0451,7.538,36.65,5409,2,94,3,136.5,2,7,3,0,1,1,0,0,0,False,7.2,7.35,1,0,0,1,0,aproximando marcador da saida
302.553,242.5,homing_exit,-3.5251,0.6482,0.3557,-178.23,0.41,0.042,0.0163,7.547,36.65,5409,2,94,3,136.5,2,7,3,0,1,1,0,0,0,False,7.2,7.35,1,0,0,1,0,aproximando marcador da saida
303.012,243.0,homing_exit,-3.5251,0.6422,0.3487,-177.78,0.3,0.0401,0.0237,7.556,36.65,5409,2,94,3,136.5,2,7,3,0,1,1,0,0,0,False,7.2,7.35,1,0,0,1,0,aproximando marcador da saida
303.502,243.5,homing_exit,-3.5253,0.6359,0.349,-177.27,0.15,0.0331,0.0125,7.567,36.65,5409,2,94,3,136.5,2,7,3,0,1,1,0,0,0,False,7.2,7.35,1,0,0,1,0,aproximando marcador da saida
303.962,244.002,homing_exit,-3.5253,0.6272,0.3445,-177.01,0.28,0.0,0.0629,7.578,36.65,5409,2,94,3,136.5,2,7,3,0,1,1,0,0,0,False,7.2,7.35,1,0,0,1,0,aproximando marcador da saida
304.446,244.5,homing_exit,-3.5262,0.6298,0.3502,-174.5,0.18,0.0,0.12,7.589,36.65,5409,2,94,3,136.5,2,7,3,0,1,1,0,0,0,False,7.18,7.35,1,0,0,1,0,aproximando marcador da saida
304.922,245.0,homing_exit,-3.5234,0.6243,0.353,-173.62,0.27,0.0,0.0,7.596,36.65,5409,2,94,3,136.5,2,7,3,0,1,1,0,0,0,False,7.18,7.35,1,0,0,1,0,aproximando marcador da saida
305.397,245.5,homing_exit,-3.5265,0.6254,0.3564,-173.87,0.24,0.0,0.0,7.601,36.65,5409,2,94,3,136.5,2,7,3,0,1,1,0,0,0,False,7.18,7.35,1,0,0,1,0,aproximando marcador da saida
305.871,246.0,homing_exit,-3.5264,0.6255,0.3565,-173.87,0.27,0.0,0.0,7.601,36.65,5409,2,94,3,136.5,2,7,3,0,1,1,0,0,0,False,7.18,7.35,1,0,0,1,0,aproximando marcador da saida
306.342,246.5,homing_exit,-3.5265,0.6256,0.3565,-173.86,0.27,0.0,0.0,7.602,36.65,5409,2,94,3,136.5,2,7,3,0,1,1,0,0,0,False,7.18,7.35,1,0,0,1,0,aproximando marcador da saida
306.828,247.001,homing_exit,-3.5265,0.6257,0.3564,-173.8,0.27,0.0,0.0,7.602,36.65,5409,2,94,3,136.5,2,7,3,0,1,1,0,0,0,False,7.18,7.35,1,0,0,1,0,aproximando marcador da saida
307.295,247.5,homing_exit,-3.5265,0.6258,0.3563,-173.84,0.25,0.0,0.0,7.602,36.65,5409,2,94,3,136.5,2,7,3,0,1,1,0,0,0,False,7.18,7.35,1,0,0,1,0,aproximando marcador da saida
307.781,248.0,homing_exit,-3.5265,0.6258,0.3563,-173.84,0.25,0.0,0.0,7.602,36.65,5409,2,94,3,136.5,2,7,3,0,1,1,0,0,0,False,7.18,7.35,1,0,0,1,0,aproximando marcador da saida
308.253,248.5,homing_exit,-3.5265,0.6258,0.3563,-173.84,0.25,0.0,0.0,7.602,36.65,5409,2,94,3,136.5,2,7,3,0,1,1,0,0,0,False,7.18,7.35,1,0,0,1,0,aproximando marcador da saida
308.727,249.0,homing_exit,-3.5265,0.6258,0.3563,-173.84,0.25,0.0,0.0,7.602,36.65,5409,2,94,3,136.5,2,7,3,0,1,1,0,0,0,False,7.18,7.35,1,0,0,1,0,aproximando marcador da saida
309.208,249.5,homing_exit,-3.5265,0.6258,0.3563,-173.84,0.25,0.0,0.0,7.602,36.65,5409,2,94,3,136.5,2,7,3,0,1,1,0,0,0,False,7.18,7.35,1,0,0,1,0,aproximando marcador da saida
309.709,250.001,homing_exit,-3.5265,0.6258,0.3563,-173.84,0.25,0.0037,-0.0074,7.602,36.65,5409,2,94,3,136.5,2,7,3,0,1,1,0,0,0,False,7.18,7.35,1,0,0,1,0,aproximando marcador da saida
310.201,250.5,homing_exit,-3.5266,0.6167,0.3542,-173.95,0.34,0.0187,0.0219,7.612,36.65,5409,2,94,3,136.5,2,7,3,0,1,1,0,0,0,False,7.18,7.35,1,0,0,1,0,aproximando marcador da saida
310.688,251.0,homing_exit,-3.5269,0.6165,0.3514,-173.26,0.1,0.0303,0.0234,7.62,36.65,5409,2,94,3,136.5,2,7,3,0,1,1,0,0,0,False,7.18,7.35,1,0,0,1,0,aproximando marcador da saida
311.185,251.501,homing_exit,-3.5272,0.6088,0.3533,-172.77,0.09,0.0323,0.0273,7.634,36.65,5409,2,94,3,136.5,2,7,3,0,1,1,0,0,0,False,7.17,7.35,1,0,1,1,0,aproximando marcador da saida
311.666,252.0,homing_exit,-3.5276,0.6058,0.3551,-172.13,0.09,0.0363,0.0037,7.644,36.65,5409,2,94,3,136.5,2,7,3,0,1,1,0,0,0,False,7.17,7.35,1,0,1,1,0,aproximando marcador da saida
312.116,252.501,homing_exit,-3.528,0.5968,0.3586,-171.64,0.27,0.0392,0.0324,7.654,36.65,5409,2,94,3,136.5,2,7,3,0,1,1,0,0,0,True,4.18,7.35,1,0,1,1,0,aproximando marcador da saida
312.604,253.0,homing_exit,-3.529,0.5885,0.3578,-170.21,0.37,0.0362,0.0277,7.668,36.65,5409,2,94,3,136.5,2,7,3,0,1,1,0,0,0,True,4.18,7.35,1,0,1,1,0,aproximando marcador da saida
313.091,253.5,homing_exit,-3.5292,0.5793,0.3567,-169.88,0.5,0.0362,0.0272,7.682,36.65,5409,2,94,3,136.5,2,7,3,0,1,1,0,0,0,True,2.98,7.35,1,0,1,1,0,aproximando marcador da saida
313.566,254.0,homing_exit,-3.53,0.5669,0.356,-169.18,0.78,0.0383,0.0083,7.699,36.65,5409,2,94,3,136.5,2,7,3,0,1,1,0,0,0,True,2.98,7.35,1,0,1,1,0,aproximando marcador da saida
314.02,254.501,homing_exit,-3.5298,0.5563,0.3495,-169.26,0.33,0.0337,0.0112,7.713,36.65,5409,2,94,3,136.5,2,7,3,0,1,1,0,0,0,True,2.47,7.35,1,0,1,1,0,aproximando marcador da saida
314.507,255.0,homing_exit,-3.5303,0.5469,0.3495,-168.87,0.39,0.0404,0.0259,7.723,36.65,5409,2,94,3,136.5,2,7,3,0,1,1,0,0,0,True,2.47,7.35,1,0,1,1,0,aproximando marcador da saida
314.999,255.5,homing_exit,-3.531,0.5425,0.353,-168.2,0.14,0.0372,0.0018,7.732,36.65,5409,2,94,3,136.5,2,7,3,0,1,1,0,0,0,True,2.47,7.35,1,0,1,1,0,aproximando marcador da saida
315.486,256.001,homing_exit,-3.5316,0.5355,0.3558,-167.59,0.09,0.0451,0.0535,7.744,36.65,5409,2,94,3,136.5,2,7,3,0,1,1,0,0,0,True,2.22,7.35,1,0,1,1,0,aproximando marcador da saida
315.975,256.501,homing_exit,-3.5326,0.5289,0.358,-166.7,0.12,0.0385,0.0289,7.757,36.65,5409,2,94,3,136.5,2,7,3,0,1,1,0,0,0,True,2.22,7.35,1,0,1,1,0,aproximando marcador da saida
316.428,257.0,homing_exit,-3.5329,0.5172,0.3609,-166.42,0.26,0.0385,0.0053,7.77,36.65,5409,2,94,3,136.5,2,7,3,0,1,1,0,0,0,True,1.94,7.35,1,0,1,1,0,aproximando marcador da saida
316.925,257.5,homing_exit,-3.5328,0.502,0.359,-166.48,0.47,0.0373,-0.0229,7.786,36.65,5409,2,94,3,136.5,2,7,3,0,1,1,0,0,0,True,1.94,7.35,1,0,1,1,0,aproximando marcador da saida
317.41,258.0,homing_exit,-3.532,0.4895,0.3559,-166.65,0.73,0.0367,0.0094,7.799,36.65,5409,2,94,3,136.5,2,7,3,0,1,1,0,0,0,True,1.79,7.35,1,0,1,1,0,aproximando marcador da saida
317.875,258.5,homing_exit,-3.5311,0.4795,0.353,-166.65,0.88,0.036,-0.0117,7.811,36.65,5409,2,94,3,136.5,2,7,3,0,1,1,0,0,0,True,1.79,7.35,1,0,1,1,0,aproximando marcador da saida
318.322,259.001,homing_exit,-3.5321,0.4727,0.355,-167.12,0.63,0.0357,-0.0149,7.82,36.65,5409,2,94,3,136.5,2,7,3,0,1,1,0,0,0,True,1.79,7.35,1,0,1,1,0,aproximando marcador da saida
318.816,259.5,homing_exit,-3.5316,0.4637,0.3538,-167.64,0.6,0.033,-0.0078,7.832,36.65,5409,2,94,3,136.5,2,7,3,0,1,1,0,0,0,True,1.79,7.35,1,0,1,1,0,aproximando marcador da saida
319.3,260.0,homing_exit,-3.5319,0.4609,0.3573,-167.37,0.3,0.0303,0.004,7.841,36.65,5409,2,94,3,136.5,2,7,3,0,1,1,0,0,0,True,1.94,7.35,1,0,1,1,0,aproximando marcador da saida
319.787,260.5,homing_exit,-3.5322,0.4548,0.3569,-167.06,0.28,0.0387,-0.0069,7.854,36.65,5409,2,94,3,136.5,2,7,3,0,1,1,0,0,0,True,1.94,7.35,1,0,1,1,0,aproximando marcador da saida
320.282,261.0,homing_exit,-3.5311,0.4442,0.3562,-168.03,0.42,0.0334,-0.0252,7.874,36.65,5409,2,94,3,136.5,2,7,3,0,1,1,0,0,0,True,1.86,7.35,1,0,1,1,0,aproximando marcador da saida
320.742,261.501,homing_exit,-3.5308,0.4379,0.347,-168.21,0.51,0.0334,0.0235,7.884,36.65,5409,2,94,3,136.5,2,7,3,0,1,1,0,0,0,True,1.86,7.35,1,0,1,1,0,aproximando marcador da saida
321.237,262.0,homing_exit,-3.5309,0.4348,0.3498,-168.01,0.59,0.0329,0.0013,7.89,36.65,5409,2,94,3,136.5,2,7,3,0,1,1,0,0,0,True,2.02,7.35,1,0,1,1,0,aproximando marcador da saida
321.725,262.5,homing_exit,-3.53,0.4236,0.3532,-167.98,0.79,0.0369,0.0034,7.903,36.65,5409,2,94,3,136.5,2,7,3,0,1,1,0,0,0,True,2.02,7.35,1,0,1,1,0,aproximando marcador da saida
322.194,263.0,homing_exit,-3.5304,0.4154,0.3519,-168.07,1.0,0.0391,-0.0123,7.913,36.65,5409,2,94,3,136.5,2,7,3,0,1,1,0,0,0,True,1.94,7.35,1,0,1,1,0,aproximando marcador da saida
322.673,263.5,homing_exit,-3.5309,0.4069,0.3509,-168.31,0.67,0.0356,0.0052,7.923,36.65,5409,2,94,3,136.5,2,7,3,0,1,1,0,0,0,True,1.94,7.35,1,0,1,1,0,aproximando marcador da saida
323.127,264.0,homing_exit,-3.531,0.4016,0.3542,-168.19,0.46,0.0363,0.008,7.931,36.65,5409,2,94,3,136.5,2,7,3,0,1,1,0,0,0,True,2.02,7.35,1,0,1,1,0,aproximando marcador da saida
323.604,264.5,homing_exit,-3.5314,0.397,0.3601,-167.8,0.34,0.0343,-0.0003,7.937,36.65,5409,2,94,3,136.5,2,7,3,0,1,1,0,0,0,True,2.02,7.35,1,0,1,1,0,aproximando marcador da saida
324.085,265.0,homing_exit,-3.5313,0.388,0.3585,-167.89,0.39,0.0341,0.0316,7.948,36.65,5409,2,94,3,136.5,2,7,3,0,1,1,0,0,0,True,1.86,7.35,1,0,1,1,0,aproximando marcador da saida
324.579,265.5,homing_exit,-3.5316,0.3861,0.3587,-167.62,0.17,0.0488,-0.0153,7.955,36.65,5409,2,94,3,136.5,2,7,3,0,1,1,0,0,0,True,1.86,7.35,1,0,1,1,0,aproximando marcador da saida
325.048,266.0,homing_exit,-3.5311,0.3728,0.3572,-168.05,0.65,0.0401,-0.0339,7.97,36.65,5409,2,94,3,136.5,2,7,3,0,1,1,0,0,0,True,1.86,7.35,1,0,1,1,0,aproximando marcador da saida
325.527,266.5,homing_exit,-3.5299,0.3628,0.3565,-168.9,0.69,0.0361,-0.021,7.982,36.65,5409,2,94,3,136.5,2,7,3,0,1,1,0,0,0,True,1.86,7.35,1,0,1,1,0,aproximando marcador da saida
325.999,267.0,homing_exit,-3.5286,0.3542,0.3489,-169.64,0.93,0.0359,-0.031,7.992,36.65,5409,2,94,3,136.5,2,7,3,0,1,1,0,0,0,True,1.86,7.35,1,0,1,1,0,aproximando marcador da saida
326.489,267.5,homing_exit,-3.5281,0.3472,0.3521,-169.79,0.93,0.0338,0.0079,8.002,36.65,5409,2,94,3,136.5,2,7,3,0,1,1,0,0,0,True,2.12,7.35,1,0,1,1,0,aproximando marcador da saida
326.968,268.0,homing_exit,-3.5295,0.3419,0.3516,-169.79,0.65,0.0377,0.0097,8.011,36.65,5409,2,94,3,136.5,2,7,3,0,1,1,0,0,0,True,2.12,7.35,1,0,1,1,0,aproximando marcador da saida
327.436,268.5,homing_exit,-3.5295,0.3365,0.3539,-169.75,0.57,0.0352,0.001,8.018,36.65,5409,2,94,3,136.5,2,7,3,0,1,1,0,0,0,True,2.22,7.35,1,0,1,1,0,aproximando marcador da saida
327.914,269.0,homing_exit,-3.5296,0.3319,0.3582,-169.65,0.21,0.0397,0.012,8.027,36.65,5409,2,94,3,136.5,2,7,3,0,1,1,0,0,0,True,2.22,7.35,1,0,1,1,0,aproximando marcador da saida
328.406,269.5,homing_exit,-3.5301,0.3241,0.3553,-169.16,0.05,0.0382,0.0031,8.041,36.65,5409,2,94,3,136.5,2,7,3,0,1,1,0,0,0,True,2.22,7.35,1,0,1,1,0,aproximando marcador da saida
328.877,270.0,homing_exit,-3.5306,0.3186,0.3576,-168.58,0.09,0.0391,0.0135,8.052,36.65,5409,2,94,3,136.5,2,7,3,0,1,1,0,0,0,True,2.22,7.35,1,0,1,1,0,aproximando marcador da saida
329.364,270.5,homing_exit,-3.5309,0.3077,0.3561,-168.28,0.35,0.0384,-0.0019,8.065,36.65,5409,2,94,3,136.5,2,7,3,0,1,1,0,0,0,True,1.94,7.35,1,0,1,1,0,aproximando marcador da saida
329.852,271.0,homing_exit,-3.5313,0.2982,0.3571,-167.79,0.4,0.0386,0.0009,8.078,36.65,5409,2,94,3,136.5,2,7,3,0,1,1,0,0,0,True,1.94,7.35,1,0,1,1,0,aproximando marcador da saida
330.335,271.5,homing_exit,-3.5308,0.289,0.3575,-167.71,0.68,0.0351,0.0135,8.089,36.65,5409,2,94,3,136.5,2,7,3,0,1,1,0,0,0,True,1.79,7.35,1,0,1,1,0,aproximando marcador da saida
330.806,272.0,homing_exit,-3.5311,0.2793,0.3524,-167.62,0.92,0.0419,-0.0013,8.103,36.65,5410,2,94,3,136.5,2,7,3,0,1,1,0,0,0,True,1.79,7.35,1,0,1,1,0,aproximando marcador da saida
331.278,272.5,homing_exit,-3.5311,0.2721,0.3544,-168.02,0.68,0.0362,-0.0102,8.112,36.65,5410,2,94,3,136.5,2,7,3,0,1,1,0,0,0,True,1.72,7.35,1,0,1,1,0,aproximando marcador da saida
331.749,273.0,homing_exit,-3.5309,0.269,0.349,-168.31,0.34,0.0382,-0.0181,8.116,36.65,5410,2,94,3,136.5,2,7,3,0,1,1,0,0,0,True,1.72,7.35,1,0,1,1,0,aproximando marcador da saida
332.238,273.5,homing_exit,-3.5303,0.2603,0.3509,-168.83,0.28,0.0374,-0.025,8.126,36.65,5410,2,94,3,136.5,2,7,3,0,1,1,0,0,0,True,1.79,7.35,1,0,1,1,0,aproximando marcador da saida
332.72,274.001,homing_exit,-3.5298,0.2486,0.3517,-169.38,0.42,0.0451,-0.0045,8.138,36.65,5410,2,94,3,136.5,2,7,3,0,1,1,0,0,0,True,1.79,7.35,1,0,1,1,0,aproximando marcador da saida
333.211,274.5,homing_exit,-3.5296,0.2401,0.3521,-169.6,0.4,0.0477,-0.0512,8.148,36.65,5410,2,94,3,136.5,2,7,3,0,1,1,0,0,0,True,1.94,7.35,1,0,1,1,0,aproximando marcador da saida
333.699,275.0,homing_exit,-3.5287,0.2296,0.3494,-170.62,0.61,0.0358,-0.0184,8.16,36.65,5410,2,94,3,136.5,2,7,3,0,1,1,0,0,0,True,1.94,7.35,1,0,1,1,0,aproximando marcador da saida
334.177,275.5,homing_exit,-3.5283,0.2237,0.3529,-170.97,0.63,0.0381,-0.0139,8.169,36.65,5410,2,94,3,136.5,2,7,3,0,1,1,0,0,0,True,2.22,7.35,1,0,1,1,0,aproximando marcador da saida
334.652,276.0,homing_exit,-3.5271,0.2152,0.352,-171.69,0.78,0.035,-0.0049,8.18,36.65,5410,2,94,3,136.5,2,7,3,0,1,1,0,0,0,True,2.22,7.35,1,0,1,1,0,aproximando marcador da saida
335.124,276.5,homing_exit,-3.5271,0.204,0.3476,-171.53,1.11,0.04,0.0007,8.193,36.65,5410,2,94,3,136.5,2,7,3,0,1,1,0,0,0,True,2.47,7.35,1,0,1,1,0,aproximando marcador da saida
335.624,277.0,homing_exit,-3.5283,0.1968,0.3471,-171.19,0.74,0.0323,0.0229,8.203,36.65,5410,2,94,3,136.5,2,7,3,0,1,1,0,0,0,True,2.47,7.35,1,0,1,1,0,aproximando marcador da saida
336.104,277.5,homing_exit,-3.5283,0.1904,0.3503,-171.2,0.58,0.0308,-0.0028,8.212,36.65,5410,2,94,3,136.5,2,7,3,0,1,1,0,0,0,True,2.22,7.35,1,0,1,1,0,aproximando marcador da saida
336.579,278.0,homing_exit,-3.5283,0.1851,0.3533,-171.24,0.49,0.0345,-0.0005,8.219,36.65,5410,2,94,3,136.5,2,7,3,0,1,1,0,0,0,True,2.22,7.35,1,0,1,1,0,aproximando marcador da saida
337.068,278.5,homing_exit,-3.5285,0.1837,0.357,-171.0,0.02,0.0353,0.0012,8.227,36.65,5410,2,94,3,136.5,2,7,3,0,1,1,0,0,0,True,2.22,7.35,1,0,1,1,0,aproximando marcador da saida
337.554,279.0,homing_exit,-3.5284,0.1752,0.36,-171.07,0.25,0.0339,0.0075,8.238,36.65,5410,2,94,3,136.5,2,7,3,0,1,1,0,0,0,True,2.22,7.35,1,0,1,1,0,aproximando marcador da saida
338.028,279.5,homing_exit,-3.5285,0.1682,0.3586,-170.9,0.48,0.0396,-0.0016,8.247,36.65,5410,2,94,3,136.5,2,7,3,0,1,1,0,0,0,True,2.12,7.35,1,0,1,1,0,aproximando marcador da saida
338.522,280.0,homing_exit,-3.5283,0.1583,0.3564,-170.85,0.59,0.0333,-0.0019,8.26,36.65,5410,2,94,3,136.5,2,7,3,0,1,1,0,0,0,True,2.12,7.35,1,0,1,1,0,aproximando marcador da saida
339.01,280.5,homing_exit,-3.5282,0.1495,0.3564,-170.79,0.85,0.0373,0.013,8.271,36.65,5410,2,94,3,136.5,2,7,3,0,1,1,0,0,0,True,2.12,7.35,1,0,1,1,0,aproximando marcador da saida
339.497,281.0,homing_exit,-3.5271,0.1405,0.3543,-170.68,1.04,0.0339,-0.0281,8.283,36.65,5410,2,94,3,136.5,2,7,3,0,1,1,0,0,0,True,2.12,7.35,1,0,1,1,0,aproximando marcador da saida
339.984,281.5,homing_exit,-3.5274,0.131,0.3551,-171.56,0.81,0.0324,-0.0281,8.295,36.65,5410,2,94,3,136.5,2,7,3,0,1,1,0,0,0,True,2.12,7.35,1,0,1,1,0,aproximando marcador da saida
340.468,282.0,homing_exit,-3.5275,0.1217,0.3536,-172.37,0.67,0.028,-0.0263,8.308,36.65,5410,2,94,3,136.5,2,7,3,0,1,1,0,0,0,True,2.02,7.35,1,0,1,1,0,aproximando marcador da saida
340.964,282.5,homing_exit,-3.527,0.1136,0.354,-173.17,0.52,0.0281,-0.0304,8.321,36.65,5410,2,94,3,136.5,2,7,3,0,1,1,0,0,0,True,2.02,7.35,1,0,1,1,0,aproximando marcador da saida
341.447,283.0,homing_exit,-3.5266,0.106,0.353,-173.86,0.38,0.0428,-0.0236,8.331,36.65,5410,2,94,3,136.5,2,7,3,0,1,1,0,0,0,True,2.61,7.35,1,0,1,1,0,aproximando marcador da saida
341.945,283.5,homing_exit,-3.5265,0.1,0.3538,-174.13,0.36,0.0339,-0.0176,8.341,36.65,5410,2,94,3,136.5,2,7,3,0,1,1,0,0,0,True,2.61,7.35,1,0,1,1,0,aproximando marcador da saida
342.417,284.001,homing_exit,-3.5262,0.0934,0.3527,-174.69,0.56,0.0374,-0.0154,8.349,36.65,5410,2,94,3,136.5,2,7,3,0,1,1,0,0,0,True,3.2,7.35,1,0,1,1,0,aproximando marcador da saida
342.906,284.5,homing_exit,-3.5259,0.0866,0.3546,-174.99,0.63,0.0355,-0.0079,8.359,36.65,5410,2,94,3,136.5,2,7,3,0,1,1,0,0,0,True,3.2,7.35,1,0,1,1,0,aproximando marcador da saida
343.362,285.0,homing_exit,-3.5247,0.082,0.3464,-175.35,0.93,0.0296,-0.0021,8.366,36.65,5410,2,94,3,136.5,2,7,3,0,1,1,0,0,0,True,3.79,7.35,1,0,1,1,0,aproximando marcador da saida
343.853,285.5,homing_exit,-3.5259,0.0772,0.3522,-175.34,0.97,0.0344,-0.0179,8.373,36.65,5410,2,94,3,136.5,2,7,3,0,1,1,0,0,0,True,3.79,7.35,1,0,1,1,0,aproximando marcador da saida
344.341,286.0,homing_exit,-3.5258,0.0723,0.3528,-175.75,0.67,0.0,-0.0274,8.382,36.65,5410,2,94,3,136.5,2,7,3,0,1,1,0,0,0,True,3.79,7.35,1,0,1,1,0,aproximando marcador da saida
344.812,286.501,homing_exit,-3.5254,0.0699,0.3505,-176.69,0.41,0.0,-0.0518,8.387,36.65,5410,2,94,3,136.5,2,7,3,0,1,1,0,0,0,True,3.79,7.35,1,0,1,1,0,aproximando marcador da saida
345.276,287.001,homing_exit,-3.525,0.0673,0.3502,-178.18,0.35,0.0003,-0.0646,8.395,36.65,5410,2,94,3,136.5,2,7,3,0,1,1,0,0,0,True,7.21,7.35,1,0,1,1,0,aproximando marcador da saida
345.768,287.5,homing_exit,-3.5249,0.0634,0.3517,-179.43,0.47,0.0037,-0.0551,8.403,36.65,5410,2,94,3,136.5,2,7,3,0,1,1,0,0,0,True,7.21,7.35,1,0,0,1,0,aproximando marcador da saida
346.252,288.0,homing_exit,-3.5249,0.0647,0.3554,179.14,0.16,0.0087,-0.0059,8.412,36.65,5410,2,94,3,136.5,2,7,3,0,1,1,0,0,0,True,7.21,7.35,1,0,0,1,0,aproximando marcador da saida
346.739,288.5,homing_exit,-3.5249,0.0681,0.3542,179.47,0.12,0.0194,0.0005,8.418,36.65,5410,2,94,3,136.5,2,7,3,0,1,1,0,0,0,True,7.21,7.35,1,0,0,1,0,aproximando marcador da saida
347.207,289.0,homing_exit,-3.525,0.0613,0.3483,178.99,0.22,0.0137,-0.019,8.431,36.65,5410,2,94,3,136.5,2,7,3,0,1,1,0,0,0,False,7.21,7.35,1,0,0,1,0,aproximando marcador da saida
347.7,289.5,homing_exit,-3.5251,0.0605,0.355,177.9,0.36,0.0,-0.0394,8.438,36.65,5410,2,94,3,136.5,2,7,3,0,1,1,0,0,0,False,7.21,7.35,1,0,0,1,0,aproximando marcador da saida
348.147,290.0,homing_exit,-3.5252,0.0612,0.3468,177.21,0.27,0.0002,-0.0627,8.444,36.65,5410,2,94,3,136.5,2,7,3,0,1,1,0,0,0,False,7.21,7.35,1,0,0,1,0,aproximando marcador da saida
348.622,290.5,homing_exit,-3.5259,0.0577,0.3513,175.37,0.3,0.0,-0.0748,8.452,36.65,5410,2,94,3,136.5,2,7,3,0,1,1,0,0,0,False,7.21,7.35,1,0,0,1,0,aproximando marcador da saida
349.086,291.0,homing_exit,-3.5271,0.0541,0.3552,172.95,0.3,0.0,-0.0777,8.46,36.65,5410,2,94,3,136.5,2,7,3,0,1,1,0,0,0,False,7.2,7.35,1,0,0,1,0,aproximando marcador da saida
349.576,291.5,homing_exit,-3.5296,0.0547,0.3626,169.42,0.21,0.0,-0.1667,8.468,36.65,5410,2,94,3,136.5,2,7,3,0,1,1,0,0,0,False,7.2,7.35,1,0,0,1,0,aproximando marcador da saida
350.057,292.0,homing_exit,-3.531,0.0572,0.362,165.22,0.25,0.0,-0.1721,8.475,36.65,5410,2,94,3,136.5,2,7,3,0,1,1,0,0,0,False,7.2,7.35,1,0,0,1,0,aproximando marcador da saida
350.55,292.5,homing_exit,-3.5298,0.0644,0.3552,161.19,0.26,0.0001,-0.1699,8.487,36.65,5410,2,94,3,136.5,2,7,3,0,1,1,0,0,0,False,7.2,7.35,1,0,0,1,0,aproximando marcador da saida
351.042,293.0,homing_exit,-3.5353,0.0538,0.3531,157.22,0.23,0.0017,-0.183,8.501,36.65,5410,2,94,3,136.5,2,7,3,0,1,1,0,0,0,False,7.2,7.35,1,0,0,1,0,aproximando marcador da saida
351.525,293.5,homing_exit,-3.5299,0.0553,0.3539,153.22,0.18,0.0,-0.1665,8.511,36.65,5410,2,94,3,136.5,2,7,3,0,1,1,0,0,0,False,7.2,7.35,1,0,0,1,0,aproximando marcador da saida
352.019,294.0,homing_exit,-3.5298,0.0545,0.355,149.47,0.12,0.0,-0.1692,8.515,36.65,5410,2,94,3,136.5,2,7,3,0,1,1,0,0,0,False,7.2,7.35,1,0,0,1,0,aproximando marcador da saida
352.519,294.5,homing_exit,-3.5297,0.0504,0.3546,145.19,0.12,0.0,-0.1662,8.521,36.65,5410,2,94,3,136.5,2,7,3,0,1,1,0,0,0,False,7.2,7.35,1,0,0,1,0,aproximando marcador da saida
353.01,295.0,homing_exit,-3.5276,0.0501,0.3558,140.32,0.11,0.0,-0.1637,8.526,36.65,5410,2,94,3,136.5,2,7,3,0,1,1,0,0,0,False,7.2,7.35,1,0,0,1,0,aproximando marcador da saida
353.484,295.5,homing_exit,-3.528,0.0477,0.3524,135.51,0.14,0.0,-0.1185,8.531,36.65,5410,2,94,3,136.5,2,7,3,0,1,1,0,0,0,False,7.2,7.35,1,0,0,1,0,aproximando marcador da saida
353.979,296.0,homing_exit,-3.5268,0.0434,0.3562,131.69,0.14,0.0,-0.1348,8.537,36.65,5410,2,94,3,136.5,2,7,3,0,1,1,0,0,0,False,7.2,7.35,1,0,0,1,0,aproximando marcador da saida
354.473,296.501,homing_exit,-3.5272,0.0422,0.3553,127.83,0.26,0.0,-0.1625,8.542,36.65,5410,2,94,3,136.5,2,7,3,0,1,1,0,0,0,False,7.19,7.35,1,0,0,1,0,aproximando marcador da saida
354.966,297.0,homing_exit,-3.5212,0.0388,0.357,124.11,0.23,0.0,-0.096,8.553,36.65,5410,2,94,3,136.5,2,7,3,0,1,1,0,0,0,False,7.19,7.35,1,0,0,1,0,aproximando marcador da saida
355.425,297.5,homing_exit,-3.5261,0.0382,0.3566,120.73,0.17,0.0014,-0.1921,8.561,36.65,5410,2,94,3,136.5,2,7,3,0,1,1,0,0,0,False,7.19,7.35,1,0,0,1,0,aproximando marcador da saida
355.878,298.0,homing_exit,-3.5276,0.0307,0.3562,116.81,0.16,0.0,-0.1857,8.571,36.65,5410,2,94,3,136.5,2,7,3,0,1,1,0,0,0,False,7.19,7.35,1,0,0,1,0,aproximando marcador da saida
356.351,298.5,homing_exit,-3.5264,0.0299,0.3545,112.7,0.14,0.0,-0.1529,8.575,36.65,5410,2,94,3,136.5,2,7,3,0,1,1,0,0,0,False,7.18,7.35,1,0,0,1,0,aproximando marcador da saida
356.815,299.0,homing_exit,-3.5248,0.0263,0.3552,109.35,0.1,0.0,-0.1739,8.581,36.65,5410,2,94,3,136.5,2,7,3,0,1,1,0,0,0,False,7.18,7.35,1,0,0,1,0,aproximando marcador da saida
357.307,299.5,homing_exit,-3.5328,0.0193,0.352,105.08,0.26,0.0,-0.1452,8.593,36.65,5410,2,94,3,136.5,2,7,3,0,1,1,0,0,0,False,7.17,7.35,1,0,0,1,0,aproximando marcador da saida
357.793,300.0,homing_exit,-3.5266,0.0242,0.3524,100.5,0.21,0.0051,-0.1706,8.603,36.65,5410,2,94,3,136.5,2,7,3,0,1,1,0,0,0,False,7.17,7.35,1,0,0,1,0,aproximando marcador da saida
358.277,300.5,homing_exit,-3.5326,0.0152,0.3517,95.82,0.23,0.0,-0.1927,8.614,36.65,5410,2,94,3,136.5,2,7,3,0,1,1,0,0,0,False,7.17,7.35,1,0,0,1,0,aproximando marcador da saida
358.77,301.0,homing_exit,-3.5304,0.0179,0.3556,91.17,0.2,0.0029,-0.1928,8.619,36.65,5410,2,94,3,136.5,2,7,3,0,1,1,0,0,0,False,7.17,7.35,1,0,0,1,0,aproximando marcador da saida
359.26,301.5,homing_exit,-3.5324,0.017,0.3534,86.33,0.12,0.0031,-0.2,8.624,36.65,5410,2,94,3,136.5,2,7,3,0,1,1,0,0,0,False,7.17,7.35,1,0,0,1,0,aproximando marcador da saida
359.733,302.0,homing_exit,-3.5326,0.0138,0.3519,82.3,0.06,0.0051,-0.1897,8.633,36.65,5410,2,94,3,136.5,2,7,3,0,1,1,0,0,0,False,7.17,7.35,1,0,0,1,0,aproximando marcador da saida
360.204,302.5,homing_exit,-3.5315,0.0208,0.3438,77.74,0.22,0.0173,-0.1799,8.641,36.65,5410,2,94,3,136.5,2,7,3,0,1,1,0,0,0,False,7.17,7.35,1,0,0,1,0,aproximando marcador da saida
360.68,303.0,homing_exit,-3.5351,0.0328,0.349,73.5,0.34,0.0285,-0.1795,8.654,36.65,5410,2,94,3,136.5,2,7,3,0,1,1,0,0,0,False,7.17,7.35,1,0,0,1,0,aproximando marcador da saida
361.174,303.5,homing_exit,-3.529,0.042,0.3521,68.83,0.16,0.0283,-0.1618,8.67,36.65,5410,2,94,3,136.5,2,7,3,0,1,1,0,0,0,False,7.18,7.35,1,0,0,1,0,aproximando marcador da saida
361.666,304.001,homing_exit,-3.521,0.0511,0.3567,64.43,0.18,0.0363,-0.1262,8.686,36.65,5410,2,94,3,136.5,2,7,3,0,1,1,0,0,0,False,7.18,7.35,1,0,0,1,0,aproximando marcador da saida
362.148,304.5,homing_exit,-3.5213,0.0741,0.3558,61.72,0.31,0.0564,-0.0391,8.71,36.65,5410,2,94,3,136.5,2,7,3,0,1,1,0,0,0,False,7.21,7.35,1,0,0,1,0,aproximando marcador da saida
362.616,305.001,homing_exit,-3.4965,0.1145,0.351,60.4,0.41,0.1052,-0.0337,8.758,36.65,5410,2,94,3,136.5,2,7,3,0,1,1,0,0,0,False,7.21,7.35,1,0,0,1,0,aproximando marcador da saida
363.109,305.5,homing_exit,-3.4727,0.1605,0.3565,59.86,0.3,0.0983,0.0036,8.81,36.65,5410,2,94,3,136.5,2,7,3,0,1,1,0,0,0,False,7.31,7.35,1,0,0,1,0,aproximando marcador da saida
363.611,306.0,homing_exit,-3.4362,0.21,0.3561,60.51,0.23,0.1106,0.0332,8.872,36.65,5410,2,94,3,136.5,2,7,3,0,1,1,0,0,0,False,7.31,7.35,1,0,0,1,0,aproximando marcador da saida
364.109,306.5,homing_exit,-3.4139,0.2675,0.3559,61.95,0.44,0.1134,0.0583,8.933,36.65,5410,2,94,3,136.5,2,7,3,0,1,1,0,0,0,False,7.43,7.35,1,0,0,1,0,aproximando marcador da saida
364.584,307.0,homing_exit,-3.3882,0.3098,0.3575,63.8,0.24,0.0986,0.0657,8.983,38.2,5638,2,94,3,136.5,2,7,3,0,1,1,0,0,0,False,7.43,7.35,1,0,0,1,0,aproximando marcador da saida
365.057,307.5,homing_exit,-3.3799,0.351,0.3521,65.7,0.85,0.0956,0.0745,9.026,38.2,5638,2,94,3,136.5,2,7,3,0,1,1,0,0,0,False,7.51,7.35,1,0,0,1,0,aproximando marcador da saida
365.55,308.0,homing_exit,-3.3649,0.3805,0.3546,67.75,0.22,0.0745,0.0751,9.063,38.2,5638,2,94,3,136.5,2,7,3,0,1,1,0,0,0,False,7.51,7.35,1,0,0,1,0,aproximando marcador da saida
366.039,308.5,homing_exit,-3.3505,0.4146,0.3543,69.82,0.31,0.0754,0.1011,9.103,38.2,5638,2,94,3,136.5,2,7,3,0,1,1,0,0,0,False,7.58,7.35,1,0,0,1,0,aproximando marcador da saida
366.525,309.0,homing_exit,-3.3433,0.4632,0.3545,72.08,0.34,0.098,0.0819,9.152,38.2,5638,2,94,3,136.5,2,7,3,0,1,1,0,0,0,False,7.58,7.35,1,0,0,1,0,aproximando marcador da saida
367.0,309.5,homing_exit,-3.319,0.5078,0.3602,73.9,0.33,0.0908,0.0942,9.203,38.2,5638,2,94,3,136.5,2,7,3,0,1,1,0,0,0,False,7.58,7.35,1,0,0,1,0,aproximando marcador da saida
367.499,310.0,homing_exit,-3.3154,0.5574,0.359,76.0,0.61,0.1021,0.0606,9.254,38.2,5638,2,94,3,136.5,2,7,3,0,1,1,0,0,0,False,7.68,7.35,1,0,0,1,0,aproximando marcador da saida
367.967,310.5,homing_exit,-3.3043,0.6064,0.3521,77.59,0.36,0.0902,0.0548,9.304,38.2,5638,2,94,3,136.5,2,7,3,0,1,1,0,0,0,False,7.68,7.35,1,0,0,1,0,aproximando marcador da saida
368.457,311.0,homing_exit,-3.2904,0.6444,0.3516,79.22,0.11,0.0789,0.0568,9.345,40.77,6017,2,94,3,136.5,2,7,3,0,1,1,0,0,0,False,7.78,7.35,1,0,0,1,0,aproximando marcador da saida
368.93,311.501,homing_exit,-3.2853,0.6862,0.3557,80.71,0.3,0.0813,0.0411,9.387,40.77,6017,2,94,3,136.5,2,7,3,0,1,1,0,0,0,False,7.78,7.35,1,0,0,1,0,aproximando marcador da saida
369.42,312.0,homing_exit,-3.2875,0.7197,0.3537,82.19,0.52,0.0762,0.0638,9.422,40.77,6017,2,94,3,136.5,2,7,3,0,1,1,0,0,0,False,7.86,7.35,1,0,0,1,0,aproximando marcador da saida
369.907,312.5,homing_exit,-3.2811,0.7481,0.3542,83.27,0.33,0.0467,0.048,9.451,40.77,6017,2,94,3,136.5,2,7,3,0,1,1,0,0,0,False,7.86,7.35,1,0,0,1,0,aproximando marcador da saida
370.397,313.0,homing_exit,-3.2753,0.7619,0.3584,83.67,0.1,0.0144,0.0159,9.467,40.77,6017,2,94,3,136.5,2,7,3,0,1,1,0,0,0,False,7.92,7.35,1,0,0,1,0,aproximando marcador da saida
370.865,313.5,homing_exit,-3.2727,0.7532,0.3539,83.53,0.03,0.0004,-0.0234,9.479,40.77,6017,2,94,3,136.5,2,7,3,0,1,1,0,0,0,False,7.92,7.35,1,0,0,1,0,aproximando marcador da saida
371.357,314.0,homing_exit,-3.2713,0.7634,0.3538,83.1,0.24,0.0152,-0.0276,9.489,40.77,6017,2,94,3,136.5,2,7,3,0,1,1,0,0,0,False,7.92,7.35,1,0,0,1,0,aproximando marcador da saida
371.836,314.5,homing_exit,-3.2751,0.7719,0.354,81.98,0.22,0.0105,-0.0556,9.501,40.77,6017,2,94,3,136.5,2,7,3,0,1,1,0,0,0,False,7.92,7.35,1,0,0,1,0,aproximando marcador da saida
372.325,315.0,homing_exit,-3.2709,0.7753,0.3567,80.26,0.16,0.0055,-0.0837,9.508,40.77,6017,2,94,3,136.5,2,7,3,0,1,1,0,0,0,False,7.94,7.35,1,0,0,1,0,aproximando marcador da saida
372.815,315.5,homing_exit,-3.2731,0.7763,0.3559,78.73,0.09,0.005,-0.095,9.513,40.77,6017,2,94,3,136.5,2,7,3,0,1,1,0,0,0,False,7.94,7.35,1,0,0,1,0,aproximando marcador da saida
373.313,316.001,homing_exit,-3.2731,0.7748,0.3532,76.49,0.13,0.0017,-0.0944,9.519,40.77,6017,2,94,3,136.5,2,7,3,0,1,1,0,0,0,False,7.94,7.35,1,0,0,1,0,aproximando marcador da saida
373.799,316.5,homing_exit,-3.2738,0.7738,0.3538,74.3,0.11,0.0018,-0.0966,9.523,40.77,6017,2,94,3,136.5,2,7,3,0,1,1,0,0,0,False,7.94,7.35,1,0,0,1,0,aproximando marcador da saida
374.279,317.0,homing_exit,-3.2759,0.7723,0.3539,71.82,0.15,0.0045,-0.0927,9.528,40.77,6017,2,94,3,136.5,2,7,3,0,1,1,0,0,0,False,7.94,7.35,1,0,0,1,0,aproximando marcador da saida
374.759,317.5,homing_exit,-3.2757,0.7723,0.353,69.04,0.1,0.0031,-0.126,9.533,40.77,6017,2,94,3,136.5,2,7,3,0,1,1,0,0,0,False,7.94,7.35,1,0,0,1,0,aproximando marcador da saida
375.252,318.0,homing_exit,-3.2787,0.7706,0.3534,65.72,0.07,0.0003,-0.1225,9.538,40.77,6017,2,94,3,136.5,2,7,3,0,1,1,0,0,0,False,7.94,7.35,1,0,0,1,0,aproximando marcador da saida
375.719,318.5,homing_exit,-3.2747,0.7704,0.3532,62.35,0.19,0.0025,-0.1275,9.544,40.77,6017,2,94,3,136.5,2,7,3,0,1,1,0,0,0,False,7.94,7.35,1,0,0,1,0,aproximando marcador da saida
376.237,319.0,homing_exit,-3.2799,0.7666,0.3548,58.45,0.13,0.0013,-0.1433,9.553,40.77,6017,2,94,3,136.5,2,7,3,0,1,1,0,0,0,False,7.94,7.35,1,0,0,1,0,aproximando marcador da saida
376.713,319.5,homing_exit,-3.279,0.7708,0.3503,54.51,0.18,0.0102,-0.1695,9.562,40.77,6017,2,94,3,136.5,2,7,3,0,1,1,0,0,0,False,7.94,7.35,1,0,0,1,0,aproximando marcador da saida
377.203,320.0,homing_exit,-3.2801,0.7644,0.3521,50.2,0.16,0.0001,-0.1816,9.577,40.77,6017,2,94,3,136.5,2,7,3,0,1,1,0,0,0,False,7.93,7.35,1,0,0,1,0,aproximando marcador da saida
377.694,320.5,homing_exit,-3.2775,0.7626,0.3537,46.18,0.07,0.0038,-0.1839,9.588,40.77,6017,2,94,3,136.5,2,7,3,0,1,1,0,0,0,False,7.93,7.35,1,0,0,1,0,aproximando marcador da saida
378.174,321.0,homing_exit,-3.2839,0.7667,0.3546,42.16,0.21,0.0019,-0.1923,9.598,40.77,6017,2,94,3,136.5,2,7,3,0,1,1,0,0,0,False,7.93,7.35,1,0,0,1,0,aproximando marcador da saida
378.657,321.5,homing_exit,-3.2771,0.7593,0.3506,37.99,0.33,0.0001,-0.1765,9.611,40.77,6017,2,94,3,136.5,2,7,3,0,1,1,0,0,0,False,7.93,7.35,1,0,0,1,0,aproximando marcador da saida
379.147,322.0,homing_exit,-3.287,0.7652,0.3498,33.46,0.3,0.0006,-0.1622,9.627,40.77,6017,2,94,3,136.5,2,7,3,0,1,1,0,0,0,False,7.93,7.35,1,0,0,1,0,aproximando marcador da saida
379.633,322.5,homing_exit,-3.2846,0.7647,0.3495,28.86,0.04,0.0088,-0.1662,9.642,40.77,6017,2,94,3,136.5,2,7,3,0,1,1,0,0,0,False,7.93,7.35,1,0,0,1,0,aproximando marcador da saida
380.106,323.001,homing_exit,-3.2757,0.7531,0.3541,23.98,0.37,0.0132,-0.1945,9.661,40.77,6017,2,94,3,136.5,2,7,3,0,1,1,0,0,0,False,7.93,7.35,1,0,0,1,0,aproximando marcador da saida
380.595,323.5,homing_exit,-3.2862,0.767,0.3544,19.29,0.5,0.0032,-0.1994,9.681,40.77,6017,2,94,3,136.5,2,7,3,0,1,1,0,0,0,False,7.93,7.35,1,0,0,1,0,aproximando marcador da saida
381.092,324.0,homing_exit,-3.2854,0.7521,0.3559,14.46,0.55,0.0017,-0.1833,9.701,40.77,6017,2,94,3,136.5,2,7,3,0,1,1,0,0,0,False,7.93,7.35,1,0,0,1,0,aproximando marcador da saida
381.586,324.5,homing_exit,-3.281,0.757,0.3533,9.82,0.15,0.0013,-0.1984,9.717,40.77,6017,2,94,3,136.5,2,7,3,0,1,1,0,0,0,False,7.93,7.35,1,0,0,1,0,aproximando marcador da saida
382.07,325.001,homing_exit,-3.2829,0.7597,0.3505,5.05,0.19,0.0069,-0.2,9.733,40.77,6017,2,94,3,136.5,2,7,3,0,1,1,0,0,0,False,7.92,7.35,1,0,0,1,0,aproximando marcador da saida
382.567,325.5,homing_exit,-3.2828,0.746,0.3525,0.19,0.31,0.0024,-0.1965,9.75,40.77,6017,2,94,3,136.5,2,7,3,0,1,1,0,0,0,False,7.92,7.35,1,0,0,1,0,aproximando marcador da saida
383.043,326.0,homing_exit,-3.281,0.7611,0.3543,-4.43,0.4,0.0014,-0.1805,9.768,40.77,6017,2,94,3,136.5,2,7,3,0,1,1,0,0,0,False,7.92,7.35,1,0,0,1,0,aproximando marcador da saida
383.512,326.5,homing_exit,-3.2778,0.753,0.3493,-9.27,0.26,0.0044,-0.188,9.784,40.77,6017,2,94,3,136.5,2,7,3,0,1,1,0,0,0,False,7.92,7.35,1,0,0,1,0,aproximando marcador da saida
384.01,327.0,homing_exit,-3.279,0.7439,0.3507,-14.34,0.22,0.0033,-0.1953,9.799,40.77,6017,2,94,3,136.5,2,7,3,0,1,1,0,0,0,False,7.91,7.35,1,0,0,1,0,aproximando marcador da saida
384.503,327.5,homing_exit,-3.2792,0.7495,0.3532,-19.65,0.15,0.002,-0.1965,9.809,40.77,6017,2,94,3,136.5,2,7,3,0,1,1,0,0,0,False,7.91,7.35,1,0,0,1,0,aproximando marcador da saida
384.968,328.0,homing_exit,-3.2812,0.7426,0.3542,-24.0,0.24,0.0019,-0.1841,9.818,40.77,6017,2,94,3,136.5,2,7,3,0,1,1,0,0,0,False,7.91,7.35,1,0,0,1,0,aproximando marcador da saida
385.435,328.5,homing_exit,-3.2787,0.7494,0.3484,-28.25,0.35,0.0019,-0.1889,9.828,40.77,6017,2,94,3,136.5,2,7,3,0,1,1,0,0,0,False,7.91,7.35,1,0,0,1,0,aproximando marcador da saida
385.917,329.001,homing_exit,-3.2829,0.7361,0.3512,-32.59,0.32,0.0009,-0.1996,9.845,40.77,6017,2,94,3,136.5,2,7,3,0,1,1,0,0,0,False,7.91,7.35,1,0,0,1,0,aproximando marcador da saida
386.413,329.5,homing_exit,-3.2813,0.7358,0.3533,-36.75,0.07,0.0023,-0.1969,9.852,40.77,6017,2,94,3,136.5,2,7,3,0,1,1,0,0,0,False,7.9,7.35,1,0,0,1,0,aproximando marcador da saida
386.866,330.0,homing_exit,-3.278,0.7368,0.3542,-40.84,0.18,0.0052,-0.1782,9.861,40.77,6017,2,94,3,136.5,2,7,3,0,1,1,0,0,0,False,7.9,7.35,1,0,0,1,0,aproximando marcador da saida
387.346,330.5,homing_exit,-3.2806,0.728,0.3542,-44.79,0.13,0.006,-0.1579,9.872,40.77,6017,2,94,3,136.5,2,7,3,0,1,1,0,0,0,False,7.9,7.35,1,0,0,1,0,aproximando marcador da saida
387.816,331.0,homing_exit,-3.2764,0.7264,0.3502,-48.68,0.09,0.0139,-0.1679,9.878,40.77,6017,2,94,3,136.5,2,7,3,0,1,1,0,0,0,False,7.9,7.35,1,0,0,1,0,aproximando marcador da saida
388.309,331.5,homing_exit,-3.2739,0.7209,0.3517,-53.16,0.14,0.0085,-0.1565,9.885,40.77,6017,2,94,3,136.5,2,7,3,0,1,1,0,0,0,False,7.9,7.35,1,0,0,1,0,aproximando marcador da saida
388.806,332.0,homing_exit,-3.2721,0.7187,0.3553,-57.27,0.2,0.0122,-0.1385,9.891,40.77,6017,2,94,3,136.5,2,7,3,0,1,1,0,0,0,False,7.9,7.35,1,0,0,1,0,aproximando marcador da saida
389.301,332.5,homing_exit,-3.2703,0.7131,0.3572,-61.42,0.22,0.0115,-0.1705,9.898,40.77,6017,2,94,3,136.5,2,7,3,0,1,1,0,0,0,False,7.89,7.35,1,0,0,1,0,aproximando marcador da saida
389.781,333.0,homing_exit,-3.2687,0.7094,0.3582,-65.52,0.17,0.0155,-0.1414,9.906,40.77,6017,2,94,3,136.5,2,7,3,0,1,1,0,0,0,False,7.89,7.35,1,0,0,1,0,aproximando marcador da saida
390.258,333.5,homing_exit,-3.2631,0.6984,0.3533,-68.76,0.17,0.0094,-0.1756,9.919,40.77,6017,2,94,3,136.5,2,7,3,0,1,1,0,0,0,False,7.88,7.35,1,0,0,1,0,aproximando marcador da saida
390.75,334.0,homing_exit,-3.2679,0.6974,0.3525,-72.92,0.21,0.0,-0.182,9.928,40.77,6017,2,94,3,136.5,2,7,3,0,1,1,0,0,0,False,7.88,7.35,1,0,0,1,0,aproximando marcador da saida
391.231,334.5,homing_exit,-3.2664,0.7,0.3541,-76.3,0.13,0.0,-0.1911,9.934,40.77,6017,2,94,3,136.5,2,7,3,0,1,1,0,0,0,False,7.88,7.35,1,0,0,1,0,aproximando marcador da saida
391.705,335.003,homing_exit,-3.2641,0.7024,0.3595,-80.21,0.25,0.0,-0.1581,9.94,40.77,6017,2,94,3,136.5,2,7,3,0,1,1,0,0,0,False,7.88,7.35,1,0,0,1,0,aproximando marcador da saida
392.2,335.5,homing_exit,-3.2693,0.7058,0.3611,-84.39,0.19,0.0006,-0.1908,9.95,40.77,6017,2,94,3,136.5,2,7,3,0,1,1,0,0,0,False,7.88,7.35,1,0,0,1,0,aproximando marcador da saida
392.684,336.0,homing_exit,-3.2623,0.7077,0.3568,-89.04,0.15,0.0,-0.1942,9.96,40.77,6017,2,94,3,136.5,2,7,3,0,1,1,0,0,0,False,7.88,7.35,1,0,0,1,0,aproximando marcador da saida
393.176,336.5,homing_exit,-3.2675,0.705,0.3565,-93.68,0.23,0.0,-0.0614,9.968,40.77,6017,2,94,3,136.5,2,7,3,0,1,1,0,0,0,False,7.89,7.35,1,0,0,1,0,aproximando marcador da saida
393.667,337.0,homing_exit,-3.2637,0.711,0.3556,-94.03,0.23,0.0,0.0,9.978,40.77,6017,2,94,3,136.5,2,7,3,0,1,1,0,0,0,False,7.89,7.35,1,0,0,1,0,aproximando marcador da saida
394.158,337.5,homing_exit,-3.2654,0.7068,0.3564,-94.03,0.29,0.0,0.0,9.982,40.77,6017,2,94,3,136.5,2,7,3,0,1,1,0,0,0,False,7.89,7.35,1,0,0,1,0,aproximando marcador da saida
394.64,338.0,homing_exit,-3.2657,0.7067,0.3564,-94.03,0.26,0.0,0.0,9.983,40.77,6017,2,94,3,136.5,2,7,3,0,1,1,0,0,0,False,7.89,7.35,1,0,0,1,0,aproximando marcador da saida
395.128,338.5,homing_exit,-3.2658,0.7066,0.3564,-94.02,0.25,0.0,0.0,9.983,40.77,6017,2,94,3,136.5,2,7,3,0,1,1,0,0,0,False,7.89,7.35,1,0,0,1,0,aproximando marcador da saida
395.588,339.0,homing_exit,-3.2659,0.7066,0.3564,-94.03,0.25,0.0,0.0,9.983,40.77,6017,2,94,3,136.5,2,7,3,0,1,1,0,0,0,False,7.89,7.35,1,0,0,1,0,aproximando marcador da saida
396.021,339.5,homing_exit,-3.266,0.7066,0.3563,-94.04,0.25,0.0,0.0,9.983,40.77,6017,2,94,3,136.5,2,7,3,0,1,1,0,0,0,False,7.89,7.35,1,0,0,1,0,aproximando marcador da saida
396.502,340.0,homing_exit,-3.2664,0.7063,0.3561,-94.15,0.24,0.0,0.0,9.984,40.77,6017,2,94,3,136.5,2,7,3,0,1,1,0,0,0,False,7.89,7.35,1,0,0,1,0,aproximando marcador da saida
396.984,340.5,homing_exit,-3.2665,0.7063,0.3558,-94.18,0.23,0.0,0.0,9.984,40.77,6017,2,94,3,136.5,2,7,3,0,1,1,0,0,0,False,7.89,7.35,1,0,0,1,0,aproximando marcador da saida
397.459,341.0,homing_exit,-3.2665,0.7063,0.3557,-94.1,0.23,0.0,0.0,9.985,40.77,6017,2,94,3,136.5,2,7,3,0,1,1,0,0,0,False,7.88,7.35,1,0,0,1,0,aproximando marcador da saida
397.919,341.5,homing_exit,-3.2664,0.7063,0.3556,-94.03,0.24,0.0,0.0,9.985,40.77,6017,2,94,3,136.5,2,7,3,0,1,1,0,0,0,False,7.88,7.35,1,0,0,1,0,aproximando marcador da saida
398.425,342.0,homing_exit,-3.2665,0.7063,0.3556,-94.04,0.24,0.0,0.0,9.985,40.77,6017,2,94,3,136.5,2,7,3,0,1,1,0,0,0,False,7.88,7.35,1,0,0,1,0,aproximando marcador da saida
398.918,342.5,homing_exit,-3.2664,0.7062,0.3556,-94.01,0.24,0.0,0.0,9.985,40.77,6017,2,94,3,136.5,2,7,3,0,1,1,0,0,0,False,7.88,7.35,1,0,0,1,0,aproximando marcador da saida
399.409,343.0,homing_exit,-3.2664,0.7062,0.3556,-94.03,0.24,0.0,0.0,9.985,40.77,6017,2,94,3,136.5,2,7,3,0,1,1,0,0,0,False,7.88,7.35,1,0,0,1,0,aproximando marcador da saida
399.895,343.5,homing_exit,-3.2664,0.7062,0.3555,-94.02,0.24,0.0,0.0,9.985,40.77,6017,2,94,3,136.5,2,7,3,0,1,1,0,0,0,False,7.88,7.35,1,0,0,1,0,aproximando marcador da saida
400.382,344.0,homing_exit,-3.2665,0.7062,0.3555,-94.05,0.24,0.0,0.0,9.985,40.77,6017,2,94,3,136.5,2,7,3,0,1,1,0,0,0,False,7.88,7.35,1,0,0,1,0,aproximando marcador da saida
400.856,344.5,homing_exit,-3.2664,0.7062,0.3555,-94.0,0.24,0.0,0.0,9.985,40.77,6017,2,94,3,136.5,2,7,3,0,1,1,0,0,0,False,7.88,7.35,1,0,0,1,0,aproximando marcador da saida
401.345,345.0,homing_exit,-3.2664,0.7062,0.3554,-94.02,0.24,0.0,0.0,9.986,40.77,6017,2,94,3,136.5,2,7,3,0,1,1,0,0,0,False,7.88,7.35,1,0,0,1,0,aproximando marcador da saida
401.793,345.5,homing_exit,-3.2664,0.7062,0.3554,-94.02,0.24,0.0,0.0,9.986,40.77,6017,2,94,3,136.5,2,7,3,0,1,1,0,0,0,False,7.88,7.35,1,0,0,1,0,aproximando marcador da saida
402.287,346.0,homing_exit,-3.2663,0.7062,0.3554,-94.01,0.24,0.0,0.0,9.986,40.77,6017,2,94,3,136.5,2,7,3,0,1,1,0,0,0,False,7.88,7.35,1,0,0,1,0,aproximando marcador da saida
402.743,346.5,homing_exit,-3.2664,0.7062,0.3554,-94.02,0.24,0.0,0.0,9.986,40.77,6017,2,94,3,136.5,2,7,3,0,1,1,0,0,0,False,7.88,7.35,1,0,0,1,0,aproximando marcador da saida
403.211,347.001,homing_exit,-3.2664,0.7062,0.3554,-94.04,0.24,0.0,0.0,9.986,40.77,6017,2,94,3,136.5,2,7,3,0,1,1,0,0,0,False,7.88,7.35,1,0,0,1,0,aproximando marcador da saida
403.704,347.5,homing_exit,-3.2664,0.7061,0.3554,-94.03,0.24,0.0,0.0,9.986,40.77,6017,2,94,3,136.5,2,7,3,0,1,1,0,0,0,False,7.88,7.35,1,0,0,1,0,aproximando marcador da saida
404.2,348.0,homing_exit,-3.2664,0.7061,0.3554,-94.02,0.24,0.0003,-0.0202,9.987,40.77,6017,2,94,3,136.5,2,7,3,0,1,1,0,0,0,False,7.88,7.35,1,0,0,1,0,aproximando marcador da saida
404.678,348.501,homing_exit,-3.2664,0.7061,0.3554,-94.04,0.24,0.0057,-0.0289,9.987,40.77,6017,2,94,3,136.5,2,7,3,0,1,1,0,0,0,False,7.88,7.35,1,0,0,1,0,aproximando marcador da saida
405.144,349.0,homing_exit,-3.2661,0.6992,0.3522,-94.79,0.15,0.0104,-0.04,9.996,40.77,6017,2,94,3,136.5,2,7,3,0,1,1,0,0,0,False,7.88,7.35,1,0,0,1,0,aproximando marcador da saida
405.641,349.5,homing_exit,-3.2635,0.6873,0.3543,-96.3,0.19,0.018,-0.0679,10.009,40.77,6017,2,94,3,136.5,2,7,3,0,1,1,0,0,0,False,7.88,7.35,1,0,0,1,0,aproximando marcador da saida
406.127,350.0,homing_exit,-3.2717,0.6719,0.3567,-98.27,0.26,0.0281,-0.0648,10.027,40.77,6017,2,94,3,136.5,2,7,3,0,1,1,0,0,0,False,7.86,7.35,1,0,0,1,0,aproximando marcador da saida
406.611,350.5,homing_exit,-3.2694,0.6622,0.3574,-99.93,0.28,0.0213,-0.092,10.039,40.77,6017,2,94,3,136.5,2,7,3,0,1,1,0,0,0,False,7.86,7.35,1,0,0,1,0,aproximando marcador da saida
407.102,351.0,homing_exit,-3.2784,0.6479,0.3527,-102.06,0.23,0.0285,-0.0893,10.056,40.77,6017,2,94,3,136.5,2,7,3,0,1,1,0,0,0,False,7.83,7.35,1,0,0,1,0,aproximando marcador da saida
407.568,351.5,homing_exit,-3.2769,0.6322,0.3465,-103.64,0.18,0.0294,-0.0805,10.072,40.77,6017,2,94,3,136.5,2,7,3,0,1,1,0,0,0,False,7.83,7.35,1,0,0,1,0,aproximando marcador da saida
408.032,352.0,homing_exit,-3.2866,0.6219,0.3448,-105.16,0.31,0.0237,-0.0664,10.087,40.77,6017,2,94,3,136.5,2,7,3,0,1,1,0,0,0,False,7.8,7.35,1,0,0,1,0,aproximando marcador da saida
408.509,352.5,homing_exit,-3.2869,0.6116,0.3563,-106.81,0.25,0.0238,-0.0817,10.101,40.77,6017,2,94,3,136.5,2,7,3,0,1,1,0,0,0,False,7.8,7.35,1,0,0,1,0,aproximando marcador da saida
408.998,353.0,homing_exit,-3.2842,0.595,0.3553,-108.59,0.29,0.039,-0.0411,10.122,40.77,6017,2,94,3,136.5,2,7,3,0,1,1,0,0,0,False,7.8,7.35,1,0,0,1,0,aproximando marcador da saida
409.484,353.5,homing_exit,-3.3,0.5777,0.3581,-110.19,0.29,0.0328,-0.0456,10.146,40.77,6017,2,94,3,136.5,2,7,3,0,1,1,0,0,0,False,7.78,7.35,1,0,0,1,0,aproximando marcador da saida
409.977,354.0,homing_exit,-3.2965,0.5634,0.3561,-111.37,0.34,0.0223,-0.0267,10.164,40.82,6025,2,94,3,136.5,2,7,3,0,1,1,0,0,0,False,7.78,7.35,1,0,0,1,0,aproximando marcador da saida
410.466,354.5,homing_exit,-3.3074,0.5465,0.3598,-112.41,0.22,0.0346,0.0146,10.184,40.82,6025,2,94,3,136.5,2,7,3,0,1,1,0,0,0,False,7.76,7.35,1,0,0,1,0,aproximando marcador da saida
410.912,355.0,homing_exit,-3.3139,0.5286,0.3545,-112.4,0.43,0.0484,-0.0095,10.205,40.82,6025,2,94,3,136.5,2,7,3,0,1,1,0,0,0,False,7.76,7.35,1,0,0,1,0,aproximando marcador da saida
411.397,355.5,homing_exit,-3.3192,0.5009,0.3581,-112.52,0.39,0.0391,-0.0331,10.235,40.82,6025,2,94,3,136.5,2,7,3,0,1,1,0,0,0,False,7.72,7.35,1,0,0,1,0,aproximando marcador da saida
411.875,356.001,homing_exit,-3.3348,0.4895,0.3585,-113.16,0.26,0.0234,-0.0712,10.255,40.82,6025,2,94,3,136.5,2,7,3,0,1,1,0,0,0,False,7.72,7.35,1,0,0,1,0,aproximando marcador da saida
412.361,356.501,homing_exit,-3.3328,0.4753,0.3568,-114.64,0.36,0.0205,-0.0748,10.27,40.82,6025,2,94,3,136.5,2,7,3,0,1,1,0,0,0,False,7.68,7.35,1,0,0,1,0,aproximando marcador da saida
412.853,357.0,homing_exit,-3.3399,0.4714,0.3555,-116.53,0.27,0.0107,-0.0939,10.284,40.82,6025,2,94,3,136.5,2,7,3,0,1,1,0,0,0,False,7.68,7.35,1,0,0,1,0,aproximando marcador da saida
413.336,357.5,homing_exit,-3.3427,0.4632,0.3518,-118.47,0.18,0.015,-0.0678,10.294,40.82,6025,2,94,3,136.5,2,7,3,0,1,1,0,0,0,False,7.66,7.35,1,0,0,1,0,aproximando marcador da saida
413.808,358.0,homing_exit,-3.3411,0.4551,0.3525,-120.48,0.2,0.0115,-0.0623,10.304,40.82,6025,2,94,3,136.5,2,7,3,0,1,1,0,0,0,False,7.66,7.35,1,0,0,1,0,aproximando marcador da saida
414.3,358.5,homing_exit,-3.3494,0.4481,0.3542,-122.49,0.13,0.0146,-0.0558,10.315,40.82,6025,2,94,3,136.5,2,7,3,0,1,1,0,0,0,False,7.64,7.35,1,0,0,1,0,aproximando marcador da saida
414.783,359.0,homing_exit,-3.3521,0.4436,0.3567,-124.35,0.26,0.0086,-0.0554,10.324,40.82,6025,2,94,3,136.5,2,7,3,0,1,1,0,0,0,False,7.64,7.35,1,0,0,1,0,aproximando marcador da saida
415.273,359.5,homing_exit,-3.3528,0.4389,0.357,-125.93,0.24,0.0112,-0.0849,10.332,40.82,6025,2,94,3,136.5,2,7,3,0,1,1,0,0,0,False,7.63,7.35,1,0,0,1,0,aproximando marcador da saida
415.764,360.0,homing_exit,-3.3605,0.4322,0.3572,-127.73,0.18,0.0162,-0.1005,10.343,40.82,6025,2,94,3,136.5,2,7,3,0,1,1,0,0,0,False,7.63,7.35,1,0,0,1,0,aproximando marcador da saida
416.256,360.5,homing_exit,-3.3618,0.4304,0.3556,-129.69,0.1,0.01,-0.1022,10.351,40.82,6025,2,94,3,136.5,2,7,3,0,1,1,0,0,0,False,7.62,7.35,1,0,0,1,0,aproximando marcador da saida
416.708,361.0,homing_exit,-3.3654,0.4212,0.3515,-131.81,0.29,0.0159,-0.0989,10.362,40.82,6025,2,94,3,136.5,2,7,3,0,1,1,0,0,0,False,7.62,7.35,1,0,0,1,0,aproximando marcador da saida
417.207,361.5,homing_exit,-3.3723,0.4095,0.3535,-134.13,0.25,0.0217,-0.0992,10.379,40.82,6025,2,94,3,136.5,2,7,3,0,1,1,0,0,0,False,7.6,7.35,1,0,0,1,0,aproximando marcador da saida
417.702,362.0,homing_exit,-3.3836,0.407,0.3537,-135.94,0.21,0.0177,-0.0357,10.392,40.82,6025,2,94,3,136.5,2,7,3,0,1,1,0,0,0,False,7.6,7.35,1,0,0,1,0,aproximando marcador da saida
418.174,362.5,homing_exit,-3.3824,0.398,0.3535,-137.3,0.37,0.0133,-0.0429,10.403,40.82,6025,2,94,3,136.5,2,7,3,0,1,1,0,0,0,False,7.58,7.35,1,0,0,1,0,aproximando marcador da saida
418.662,363.001,homing_exit,-3.3872,0.3965,0.3547,-138.56,0.13,0.0059,-0.0303,10.41,40.82,6025,2,94,3,136.5,2,7,3,0,1,1,0,0,0,False,7.58,7.35,1,0,0,1,0,aproximando marcador da saida
419.16,363.5,homing_exit,-3.391,0.394,0.3562,-140.01,0.28,0.0094,-0.0557,10.419,40.82,6025,2,94,3,136.5,2,7,3,0,1,1,0,0,0,False,7.58,7.35,1,0,0,1,0,aproximando marcador da saida
419.647,364.0,homing_exit,-3.3909,0.3881,0.3557,-141.31,0.33,0.0098,-0.0583,10.427,40.82,6025,2,94,3,136.5,2,7,3,0,1,1,0,0,0,False,7.58,7.35,1,0,0,1,0,aproximando marcador da saida
420.135,364.501,homing_exit,-3.401,0.3857,0.3551,-142.42,0.21,0.0158,-0.046,10.438,40.82,6025,2,94,3,136.5,2,7,3,0,1,1,0,0,0,False,7.56,7.35,1,0,0,1,0,aproximando marcador da saida
420.622,365.0,homing_exit,-3.404,0.3793,0.3556,-143.31,0.23,0.0097,-0.0513,10.446,40.82,6025,2,94,3,136.5,2,7,3,0,1,1,0,0,0,False,7.56,7.35,1,0,0,1,0,aproximando marcador da saida
421.103,365.5,homing_exit,-3.4069,0.379,0.3547,-144.06,0.17,0.0043,-0.0347,10.452,40.82,6025,2,94,3,136.5,2,7,3,0,1,1,0,0,0,False,7.55,7.35,1,0,0,1,0,aproximando marcador da saida
421.542,366.0,homing_exit,-3.4097,0.3748,0.3369,-144.74,0.27,0.0104,-0.0943,10.459,40.82,6025,2,94,3,136.5,2,7,3,0,1,1,0,0,0,False,7.55,7.35,1,0,0,1,0,aproximando marcador da saida
422.033,366.5,homing_exit,-3.4182,0.378,0.3495,-146.8,0.12,0.0042,-0.0947,10.471,40.82,6025,2,94,3,136.5,2,7,3,0,1,1,0,0,0,False,7.55,7.35,1,0,0,1,0,aproximando marcador da saida
422.511,367.0,homing_exit,-3.4079,0.3683,0.3522,-149.25,0.5,0.0019,-0.0716,10.488,40.82,6025,2,94,3,136.5,2,7,3,0,1,1,0,0,0,False,7.55,7.35,1,0,0,1,0,aproximando marcador da saida
423.005,367.5,homing_exit,-3.4213,0.3714,0.3542,-151.49,0.35,0.0162,-0.0584,10.503,40.82,6025,2,94,3,136.5,2,7,3,0,1,1,0,0,0,False,7.55,7.35,1,0,0,1,0,aproximando marcador da saida
423.495,368.0,homing_exit,-3.4145,0.3712,0.355,-152.23,0.25,0.0005,0.0098,10.512,40.82,6025,2,94,3,136.5,2,7,3,0,1,1,0,0,0,False,7.54,7.35,1,0,0,1,0,aproximando marcador da saida
423.978,368.5,homing_exit,-3.4154,0.3714,0.3559,-152.74,0.23,0.0042,-0.0107,10.515,40.82,6025,2,94,3,136.5,2,7,3,0,1,1,0,0,0,False,7.54,7.35,1,0,0,1,0,aproximando marcador da saida
424.466,369.0,homing_exit,-3.4178,0.3633,0.3549,-153.37,0.38,0.0056,-0.0196,10.525,40.82,6025,2,94,3,136.5,2,7,3,0,1,1,0,0,0,False,7.54,7.35,1,0,0,1,0,aproximando marcador da saida
424.952,369.5,homing_exit,-3.4205,0.3625,0.3526,-153.74,0.12,0.0038,-0.0144,10.532,40.82,6025,2,94,3,136.5,2,7,3,0,1,1,0,0,0,False,7.54,7.35,1,0,0,1,0,aproximando marcador da saida
425.426,370.001,homing_exit,-3.4255,0.3592,0.3545,-153.88,0.18,0.0058,-0.0052,10.539,40.82,6025,2,94,3,136.5,2,7,3,0,1,1,0,0,0,False,7.53,7.35,1,0,0,1,0,aproximando marcador da saida
425.882,370.5,homing_exit,-3.4251,0.3607,0.3573,-154.11,0.19,0.0008,-0.0169,10.543,40.82,6025,2,94,3,136.5,2,7,3,0,1,1,0,0,0,False,7.53,7.35,1,0,0,1,0,aproximando marcador da saida
426.345,371.0,homing_exit,-3.4298,0.3585,0.3576,-154.57,0.18,0.0019,-0.0314,10.552,40.82,6025,2,94,3,136.5,2,7,3,0,1,1,0,0,0,False,7.53,7.35,1,0,0,1,0,aproximando marcador da saida
426.821,371.501,homing_exit,-3.4312,0.3429,0.3485,-155.05,0.47,0.0001,-0.0109,10.571,40.82,6025,2,94,3,136.5,2,7,3,0,1,1,0,0,0,False,7.53,7.35,1,0,0,1,0,aproximando marcador da saida
427.299,372.0,homing_exit,-3.4333,0.345,0.3536,-155.63,0.05,0.0,-0.0271,10.576,40.82,6025,2,94,3,136.5,2,7,3,0,1,1,0,0,0,False,7.51,7.35,1,0,0,1,0,aproximando marcador da saida
427.772,372.5,homing_exit,-3.4353,0.3483,0.3501,-156.59,0.26,0.0037,-0.0245,10.586,40.82,6025,2,94,3,136.5,2,7,3,0,1,1,0,0,0,False,7.51,7.35,1,0,0,1,0,aproximando marcador da saida
428.259,373.0,homing_exit,-3.4355,0.339,0.3525,-157.28,0.39,0.0005,-0.0229,10.596,40.82,6025,2,94,3,136.5,2,7,3,0,1,1,0,0,0,False,7.51,7.35,1,0,0,1,0,aproximando marcador da saida
428.75,373.5,homing_exit,-3.4387,0.3426,0.356,-157.87,0.25,0.0022,-0.0282,10.604,40.82,6025,2,94,3,136.5,2,7,3,0,1,1,0,0,0,False,7.51,7.35,1,0,0,1,0,aproximando marcador da saida
429.238,374.0,homing_exit,-3.4382,0.3365,0.3561,-158.0,0.3,0.0042,-0.021,10.611,40.82,6025,2,94,3,136.5,2,7,3,0,1,1,0,0,0,False,7.5,7.35,1,0,0,1,0,aproximando marcador da saida
429.708,374.5,homing_exit,-3.4424,0.3346,0.3548,-158.12,0.26,0.0038,-0.0154,10.616,40.82,6025,2,94,3,136.5,2,7,3,0,1,1,0,0,0,False,7.5,7.35,1,0,0,1,0,aproximando marcador da saida
430.21,375.0,homing_exit,-3.4448,0.3301,0.3563,-158.13,0.29,0.0047,-0.0059,10.622,40.82,6025,2,94,3,136.5,2,7,3,0,1,1,0,0,0,False,7.49,7.35,1,0,0,1,0,aproximando marcador da saida
430.699,375.5,homing_exit,-3.445,0.3303,0.3564,-158.2,0.17,0.0022,0.0066,10.627,40.82,6025,2,94,3,136.5,2,7,3,0,1,1,0,0,0,False,7.49,7.35,1,0,0,1,0,aproximando marcador da saida
431.184,376.0,homing_exit,-3.4441,0.3276,0.3563,-158.2,0.24,0.0015,0.0112,10.632,40.82,6025,2,94,3,136.5,2,7,3,0,1,1,0,0,0,False,7.49,7.35,1,0,0,1,0,aproximando marcador da saida
431.658,376.5,homing_exit,-3.4418,0.3277,0.3509,-158.2,0.19,0.0,0.005,10.638,40.82,6025,2,94,3,136.5,2,7,3,0,1,1,0,0,0,False,7.49,7.35,1,0,0,1,0,aproximando marcador da saida
432.143,377.0,homing_exit,-3.4424,0.3281,0.3531,-158.21,0.19,0.0007,0.0001,10.642,40.82,6025,2,94,3,136.5,2,7,3,0,1,1,0,0,0,False,7.49,7.35,1,0,0,1,0,aproximando marcador da saida
432.61,377.5,homing_exit,-3.4465,0.3288,0.354,-158.52,0.28,0.0008,-0.0076,10.646,40.82,6025,2,94,3,136.5,2,7,3,0,1,1,0,0,0,False,7.49,7.35,1,0,0,1,0,aproximando marcador da saida
433.083,378.0,homing_exit,-3.4507,0.3216,0.3536,-158.65,0.3,0.0035,-0.0164,10.656,40.82,6025,2,94,3,136.5,2,7,3,0,1,1,0,0,0,False,7.48,7.35,1,0,0,1,0,aproximando marcador da saida
433.564,378.5,homing_exit,-3.4529,0.3248,0.3509,-159.01,0.19,0.0,-0.0061,10.663,40.82,6025,2,94,3,136.5,2,7,3,0,1,1,0,0,0,False,7.48,7.35,1,0,0,1,0,aproximando marcador da saida
434.023,379.0,homing_exit,-3.4556,0.3234,0.3537,-158.99,0.19,0.0018,-0.0101,10.668,40.82,6025,2,94,3,136.5,2,7,3,0,1,1,0,0,0,False,7.48,7.35,1,0,0,1,0,aproximando marcador da saida
434.51,379.501,homing_exit,-3.4621,0.3216,0.3537,-158.73,0.25,0.0057,0.0084,10.676,40.82,6025,2,94,3,136.5,2,7,3,0,1,1,0,0,0,False,7.48,7.35,1,0,0,1,0,aproximando marcador da saida
435.003,380.0,homing_exit,-3.4624,0.3172,0.3562,-158.26,0.32,0.0001,0.0274,10.682,40.82,6025,2,94,3,136.5,2,7,3,0,1,1,0,0,0,False,7.48,7.35,1,0,0,1,0,aproximando marcador da saida
435.481,380.5,homing_exit,-3.4611,0.3173,0.3564,-157.46,0.13,0.0005,0.0366,10.686,40.82,6025,2,94,3,136.5,2,7,3,0,1,1,0,0,0,False,7.47,7.35,1,0,0,1,0,aproximando marcador da saida
435.94,381.0,homing_exit,-3.4604,0.3166,0.3574,-157.06,0.22,0.0001,0.0108,10.69,40.82,6025,2,94,3,136.5,2,7,3,0,1,1,0,0,0,False,7.47,7.35,1,0,0,1,0,aproximando marcador da saida
436.421,381.5,homing_exit,-3.4617,0.3167,0.3574,-157.07,0.23,0.0017,-0.0024,10.692,40.82,6025,2,94,3,136.5,2,7,3,0,1,1,0,0,0,False,7.47,7.35,1,0,0,1,0,aproximando marcador da saida
436.899,382.0,homing_exit,-3.4617,0.3167,0.3574,-157.07,0.23,0.0001,-0.0006,10.692,40.82,6025,2,94,3,136.5,2,7,3,0,1,1,0,0,0,False,7.47,7.35,1,0,0,1,0,aproximando marcador da saida
437.384,382.5,homing_exit,-3.4617,0.3167,0.3574,-157.07,0.23,0.0008,-0.0034,10.692,40.82,6025,2,94,3,136.5,2,7,3,0,1,1,0,0,0,False,7.47,7.35,1,0,0,1,0,aproximando marcador da saida
437.863,383.0,homing_exit,-3.4617,0.3167,0.3574,-157.07,0.23,0.0,-0.0112,10.692,40.82,6025,2,94,3,136.5,2,7,3,0,1,1,0,0,0,False,7.47,7.35,1,0,0,1,0,aproximando marcador da saida
438.347,383.5,homing_exit,-3.4617,0.3167,0.3574,-157.07,0.23,0.0007,-0.0024,10.692,40.82,6025,2,94,3,136.5,2,7,3,0,1,1,0,0,0,False,7.47,7.35,1,0,0,1,0,aproximando marcador da saida
438.816,384.0,homing_exit,-3.4617,0.3167,0.3574,-157.07,0.23,0.0004,-0.0026,10.692,40.82,6025,2,94,3,136.5,2,7,3,0,1,1,0,0,0,False,7.47,7.35,1,0,0,1,0,aproximando marcador da saida
439.307,384.501,homing_exit,-3.4617,0.3167,0.3574,-157.07,0.23,0.0006,-0.0077,10.692,40.82,6025,2,94,3,136.5,2,7,3,0,1,1,0,0,0,False,7.47,7.35,1,0,0,1,0,aproximando marcador da saida
439.778,385.0,homing_exit,-3.4617,0.3167,0.3574,-157.07,0.23,0.0002,-0.0068,10.692,40.82,6025,2,94,3,136.5,2,7,3,0,1,1,0,0,0,False,7.47,7.35,1,0,0,1,0,aproximando marcador da saida
440.249,385.5,homing_exit,-3.4617,0.3167,0.3574,-157.07,0.23,0.0,-0.0054,10.692,40.82,6025,2,94,3,136.5,2,7,3,0,1,1,0,0,0,False,7.47,7.35,1,0,0,1,0,aproximando marcador da saida
440.736,386.001,homing_exit,-3.4617,0.3167,0.3574,-157.07,0.23,0.0012,-0.0061,10.692,40.82,6025,2,94,3,136.5,2,7,3,0,1,1,0,0,0,False,7.47,7.35,1,0,0,1,0,aproximando marcador da saida
441.209,386.5,homing_exit,-3.4617,0.3167,0.3574,-157.07,0.23,0.0,-0.0001,10.692,40.82,6025,2,94,3,136.5,2,7,3,0,1,1,0,0,0,False,7.47,7.35,1,0,0,1,0,aproximando marcador da saida
441.692,387.0,homing_exit,-3.4617,0.3167,0.3574,-157.07,0.23,0.0001,-0.0014,10.692,40.82,6025,2,94,3,136.5,2,7,3,0,1,1,0,0,0,False,7.47,7.35,1,0,0,1,0,aproximando marcador da saida
442.172,387.5,homing_exit,-3.4623,0.3161,0.3561,-157.07,0.19,0.0027,-0.0067,10.693,40.82,6025,2,94,3,136.5,2,7,3,0,1,1,0,0,0,False,7.47,7.35,1,0,0,1,0,aproximando marcador da saida
442.657,388.0,homing_exit,-3.4659,0.3104,0.3572,-157.38,0.3,0.004,-0.0129,10.702,40.82,6025,2,94,3,136.5,2,7,3,0,1,1,0,0,0,False,7.47,7.35,1,0,0,1,0,aproximando marcador da saida
443.145,388.5,homing_exit,-3.4665,0.306,0.3573,-157.8,0.32,0.003,-0.0054,10.707,40.82,6025,2,94,3,136.5,2,7,3,0,1,1,0,0,0,False,7.46,7.35,1,0,0,1,0,aproximando marcador da saida
443.628,389.0,homing_exit,-3.4684,0.2988,0.3562,-158.17,0.32,0.0066,-0.0109,10.716,40.82,6025,2,94,3,136.5,2,7,3,0,1,1,0,0,0,False,7.46,7.35,1,0,0,1,0,aproximando marcador da saida
444.11,389.5,homing_exit,-3.4773,0.295,0.355,-158.24,0.22,0.0111,0.0243,10.727,40.82,6025,2,94,3,136.5,2,7,3,0,1,1,0,0,0,False,7.45,7.35,1,0,0,1,0,aproximando marcador da saida
444.611,390.0,homing_exit,-3.4812,0.2898,0.3555,-158.09,0.2,0.0016,0.0096,10.737,40.83,6026,2,94,3,136.5,2,7,3,0,1,1,0,0,0,False,7.45,7.35,1,0,0,1,0,aproximando marcador da saida
445.089,390.501,homing_exit,-3.4818,0.2922,0.356,-157.91,0.2,0.0043,0.0123,10.741,40.83,6026,2,94,3,136.5,2,7,3,0,1,1,0,0,0,False,7.43,7.35,1,0,0,1,0,aproximando marcador da saida
445.575,391.0,homing_exit,-3.4805,0.2876,0.3569,-157.57,0.34,0.0044,-0.0055,10.748,40.83,6026,2,94,3,136.5,2,7,3,0,1,1,0,0,0,False,7.43,7.35,1,0,0,1,0,aproximando marcador da saida
446.063,391.5,homing_exit,-3.4819,0.289,0.3565,-157.45,0.13,0.0,-0.0007,10.754,40.83,6026,2,94,3,136.5,2,7,3,0,1,1,0,0,0,False,7.42,7.35,1,0,0,1,0,aproximando marcador da saida
446.529,392.0,homing_exit,-3.4827,0.286,0.3552,-156.91,0.21,0.0042,0.0042,10.758,40.83,6026,2,94,3,136.5,2,7,3,0,1,1,0,0,0,False,7.42,7.35,1,0,0,1,0,aproximando marcador da saida
447.045,392.5,homing_exit,-3.4839,0.284,0.357,-155.95,0.18,0.0023,0.029,10.764,40.83,6026,2,94,3,136.5,2,7,3,0,1,1,0,0,0,False,7.42,7.35,1,0,0,1,0,aproximando marcador da saida
447.524,393.0,homing_exit,-3.484,0.2807,0.3549,-155.22,0.24,0.0067,0.0501,10.769,40.83,6026,2,94,3,136.5,2,7,3,0,1,1,0,0,0,False,7.42,7.35,1,0,0,1,0,aproximando marcador da saida
448.018,393.5,homing_exit,-3.4874,0.2785,0.3544,-154.19,0.19,0.0063,0.0398,10.775,40.83,6026,2,94,3,136.5,2,7,3,0,1,1,0,0,0,False,7.41,7.35,1,0,0,1,0,aproximando marcador da saida
448.492,394.0,homing_exit,-3.4863,0.278,0.3542,-153.47,0.16,0.0027,0.0598,10.78,40.83,6026,2,94,3,136.5,2,7,3,0,1,1,0,0,0,False,7.41,7.35,1,0,0,1,0,aproximando marcador da saida
448.986,394.5,homing_exit,-3.4897,0.2741,0.3548,-152.38,0.19,0.006,0.0641,10.786,40.83,6026,2,94,3,136.5,2,7,3,0,1,1,0,0,0,False,7.41,7.35,1,0,0,1,0,aproximando marcador da saida
449.455,395.0,homing_exit,-3.4955,0.2761,0.349,-151.54,0.3,0.0029,0.0435,10.793,40.83,6026,2,94,3,136.5,2,7,3,0,1,1,0,0,0,False,7.41,7.35,1,0,0,1,0,aproximando marcador da saida
449.944,395.5,homing_exit,-3.4914,0.2679,0.3519,-150.92,0.54,0.0013,0.0091,10.805,40.83,6026,2,94,3,136.5,2,7,3,0,1,1,0,0,0,False,7.41,7.35,1,0,0,1,0,aproximando marcador da saida
450.422,396.0,homing_exit,-3.492,0.2735,0.3554,-150.47,0.27,0.0004,0.02,10.815,40.83,6026,2,94,3,136.5,2,7,3,0,1,1,0,0,0,False,7.4,7.35,1,0,0,1,0,aproximando marcador da saida
450.868,396.5,homing_exit,-3.4935,0.2723,0.3556,-150.15,0.2,0.0,0.0027,10.818,40.83,6026,2,94,3,136.5,2,7,3,0,1,1,0,0,0,False,7.4,7.35,1,0,0,1,0,aproximando marcador da saida
451.342,397.0,homing_exit,-3.4942,0.2721,0.3558,-150.18,0.23,0.001,0.0054,10.819,40.83,6026,2,94,3,136.5,2,7,3,0,1,1,0,0,0,False,7.4,7.35,1,0,0,1,0,aproximando marcador da saida
451.831,397.5,homing_exit,-3.4945,0.272,0.3559,-150.18,0.23,0.0018,0.0017,10.819,40.83,6026,2,94,3,136.5,2,7,3,0,1,1,0,0,0,False,7.4,7.35,1,0,0,1,0,aproximando marcador da saida
452.32,398.0,homing_exit,-3.4945,0.272,0.3559,-150.16,0.24,0.0004,-0.0019,10.819,40.83,6026,2,94,3,136.5,2,7,3,0,1,1,0,0,0,False,7.4,7.35,1,0,0,1,0,aproximando marcador da saida
452.81,398.5,homing_exit,-3.4947,0.272,0.356,-150.19,0.24,0.0007,0.001,10.819,40.83,6026,2,94,3,136.5,2,7,3,0,1,1,0,0,0,False,7.4,7.35,1,0,0,1,0,aproximando marcador da saida
453.308,399.001,homing_exit,-3.4948,0.2719,0.356,-150.16,0.24,0.0003,-0.0042,10.819,40.83,6026,2,94,3,136.5,2,7,3,0,1,1,0,0,0,False,7.4,7.35,1,0,0,1,0,aproximando marcador da saida
453.798,399.5,homing_exit,-3.4948,0.2719,0.356,-150.17,0.24,0.0002,-0.0021,10.82,40.83,6026,2,94,3,136.5,2,7,3,0,1,1,0,0,0,False,7.4,7.35,1,0,0,1,0,aproximando marcador da saida
454.29,400.0,homing_exit,-3.4949,0.2719,0.356,-150.18,0.24,0.0002,-0.0008,10.82,40.83,6026,2,94,3,136.5,2,7,3,0,1,1,0,0,0,False,7.4,7.35,1,0,0,1,0,aproximando marcador da saida
454.747,400.5,homing_exit,-3.4949,0.272,0.3559,-150.19,0.24,0.0006,0.0124,10.82,40.83,6026,2,94,3,136.5,2,7,3,0,1,1,0,0,0,False,7.4,7.35,1,0,0,1,0,aproximando marcador da saida
455.225,401.0,homing_exit,-3.4949,0.272,0.3559,-150.17,0.24,0.0004,0.0043,10.82,40.83,6026,2,94,3,136.5,2,7,3,0,1,1,0,0,0,False,7.4,7.35,1,0,0,1,0,aproximando marcador da saida
455.71,401.501,homing_exit,-3.4958,0.2708,0.3545,-150.28,0.21,0.0005,-0.0021,10.821,40.83,6026,2,94,3,136.5,2,7,3,0,1,1,0,0,0,False,7.4,7.35,1,0,0,1,0,aproximando marcador da saida
456.207,402.0,homing_exit,-3.4934,0.2686,0.3556,-149.8,0.27,0.0002,0.0561,10.827,40.83,6026,2,94,3,136.5,2,7,3,0,1,1,0,0,0,False,7.4,7.35,1,0,0,1,0,aproximando marcador da saida
456.701,402.5,homing_exit,-3.497,0.2677,0.3549,-149.39,0.19,0.0032,-0.0072,10.836,40.83,6026,2,94,3,136.5,2,7,3,0,1,1,0,0,0,False,7.4,7.35,1,0,0,1,0,aproximando marcador da saida
457.186,403.0,homing_exit,-3.4962,0.264,0.3542,-149.56,0.24,0.0001,0.0147,10.842,40.83,6026,2,94,3,136.5,2,7,3,0,1,1,0,0,0,False,7.4,7.35,1,0,0,1,0,aproximando marcador da saida
457.681,403.5,homing_exit,-3.4975,0.2626,0.3561,-149.62,0.29,0.002,0.0173,10.845,40.83,6026,2,94,3,136.5,2,7,3,0,1,1,0,0,0,False,7.4,7.35,1,0,0,1,0,aproximando marcador da saida
458.17,404.0,homing_exit,-3.4979,0.2626,0.3563,-149.61,0.28,0.0002,0.0034,10.846,40.83,6026,2,94,3,136.5,2,7,3,0,1,1,0,0,0,False,7.39,7.35,1,0,0,1,0,aproximando marcador da saida
458.642,404.5,homing_exit,-3.501,0.2547,0.349,-149.57,0.49,0.0066,0.0106,10.854,40.83,6026,2,94,3,136.5,2,7,3,0,1,1,0,0,0,False,7.39,7.35,1,0,0,1,0,aproximando marcador da saida
459.137,405.0,homing_exit,-3.5063,0.2469,0.3526,-149.5,0.24,0.0058,0.0092,10.866,40.83,6026,2,94,3,136.5,2,7,3,0,1,1,0,0,0,False,7.38,7.35,1,0,0,1,0,aproximando marcador da saida
459.621,405.5,homing_exit,-3.5084,0.2524,0.3555,-149.49,0.19,0.0004,-0.0165,10.875,40.83,6026,2,94,3,136.5,2,7,3,0,1,1,0,0,0,False,7.38,7.35,1,0,0,1,0,aproximando marcador da saida
460.109,406.0,homing_exit,-3.5068,0.2453,0.3562,-149.47,0.39,0.0047,0.0135,10.885,40.83,6026,2,94,3,136.5,2,7,3,0,1,1,0,0,0,False,7.37,7.35,1,0,0,1,0,aproximando marcador da saida
460.587,406.5,homing_exit,-3.5117,0.2444,0.3568,-149.19,0.24,0.0058,0.0137,10.892,40.83,6026,2,94,3,136.5,2,7,3,0,1,1,0,0,0,False,7.37,7.35,1,0,0,1,0,aproximando marcador da saida
461.06,407.0,homing_exit,-3.5131,0.2415,0.3547,-148.74,0.22,0.0036,0.0212,10.897,40.83,6026,2,94,3,136.5,2,7,3,0,1,1,0,0,0,False,7.37,7.35,1,0,0,1,0,aproximando marcador da saida
461.519,407.5,homing_exit,-3.5143,0.2361,0.3513,-148.04,0.22,0.0043,0.0351,10.903,40.83,6026,2,94,3,136.5,2,7,3,0,1,1,0,0,0,False,7.37,7.35,1,0,0,1,0,aproximando marcador da saida
462.016,408.001,homing_exit,-3.5182,0.2328,0.352,-147.55,0.14,0.0013,0.0226,10.91,40.83,6026,2,94,3,136.5,2,7,3,0,1,1,0,0,0,False,7.36,7.35,1,0,0,1,0,aproximando marcador da saida
462.506,408.5,homing_exit,-3.5161,0.2337,0.3503,-147.03,0.33,0.0005,0.0264,10.917,40.83,6026,2,94,3,136.5,2,7,3,0,1,1,0,0,0,False,7.36,7.35,1,0,0,1,0,aproximando marcador da saida
462.998,409.004,homing_exit,-3.5132,0.2296,0.3541,-146.26,0.31,0.0025,0.0204,10.925,40.83,6026,2,94,3,136.5,2,7,3,0,1,1,0,0,0,False,7.36,7.35,1,0,0,1,0,aproximando marcador da saida
463.491,409.5,homing_exit,-3.5186,0.2337,0.3569,-145.37,0.24,0.0009,0.0221,10.934,40.83,6026,2,94,3,136.5,2,7,3,0,1,1,0,0,0,False,7.36,7.35,1,0,0,1,0,aproximando marcador da saida
463.966,410.0,homing_exit,-3.5177,0.2289,0.3587,-144.28,0.22,0.0034,0.038,10.94,40.83,6026,2,94,3,136.5,2,7,3,0,1,1,0,0,0,False,7.36,7.35,1,0,0,1,0,aproximando marcador da saida
464.457,410.5,homing_exit,-3.5181,0.228,0.3578,-143.07,0.2,0.0043,0.0233,10.947,40.83,6026,2,94,3,136.5,2,7,3,0,1,1,0,0,0,False,7.35,7.35,1,0,0,1,0,aproximando marcador da saida
464.943,411.0,homing_exit,-3.5196,0.2246,0.3579,-141.99,0.26,0.0073,0.0348,10.952,40.83,6026,2,94,3,136.5,2,7,3,0,1,1,0,0,0,False,7.35,7.35,1,0,0,1,0,aproximando marcador da saida
465.42,411.5,homing_exit,-3.5216,0.22,0.3562,-141.26,0.27,0.0047,0.0435,10.958,40.83,6026,2,94,3,136.5,2,7,3,0,1,1,0,0,0,False,7.35,7.35,1,0,0,1,0,aproximando marcador da saida
465.929,412.0,homing_exit,-3.5195,0.2233,0.3574,-140.83,0.14,0.0004,0.0152,10.965,40.83,6026,2,94,3,136.5,2,7,3,0,1,1,0,0,0,False,7.35,7.35,1,0,0,1,0,aproximando marcador da saida
466.361,412.5,homing_exit,-3.5195,0.2251,0.3543,-141.01,0.23,0.0011,-0.0017,10.969,40.83,6026,2,94,3,136.5,2,7,3,0,1,1,0,0,0,False,7.35,7.35,1,0,0,1,0,aproximando marcador da saida
466.841,413.0,homing_exit,-3.5198,0.2253,0.3545,-141.04,0.24,0.0008,-0.0039,10.969,40.83,6026,2,94,3,136.5,2,7,3,0,1,1,0,0,0,False,7.35,7.35,1,0,0,1,0,aproximando marcador da saida
467.325,413.5,homing_exit,-3.5217,0.2269,0.3533,-140.12,0.17,0.0,0.12,10.972,40.83,6026,2,94,3,136.5,2,7,3,0,1,1,0,0,0,False,7.35,7.35,1,0,0,1,0,aproximando marcador da saida
467.796,414.0,homing_exit,-3.5241,0.2184,0.3537,-137.42,0.41,0.0,0.0,10.983,40.83,6026,2,94,3,136.5,2,7,3,0,1,1,0,0,0,False,7.35,7.35,1,0,0,1,0,aproximando marcador da saida
468.278,414.5,homing_exit,-3.5228,0.2175,0.3559,-137.12,0.28,0.0,0.0,10.994,40.83,6026,2,94,3,136.5,2,7,3,0,1,1,0,0,0,False,7.34,7.35,1,0,0,1,0,aproximando marcador da saida
468.755,415.0,homing_exit,-3.5245,0.2168,0.3564,-137.13,0.31,0.0,0.0,10.996,40.83,6026,2,94,3,136.5,2,7,3,0,1,1,0,0,0,False,7.34,7.35,1,0,0,1,0,aproximando marcador da saida
469.233,415.5,homing_exit,-3.5245,0.2168,0.3564,-137.13,0.31,0.0,0.0,10.996,40.83,6026,2,94,3,136.5,2,7,3,0,1,1,0,0,0,False,7.34,7.35,1,0,0,1,0,aproximando marcador da saida
469.702,416.0,homing_exit,-3.5245,0.2168,0.3564,-137.13,0.31,0.0,0.0,10.996,40.83,6026,2,94,3,136.5,2,7,3,0,1,1,0,0,0,False,7.34,7.35,1,0,0,1,0,aproximando marcador da saida
470.181,416.5,homing_exit,-3.5245,0.2168,0.3564,-137.13,0.31,0.0,0.0,10.996,40.83,6026,2,94,3,136.5,2,7,3,0,1,1,0,0,0,False,7.34,7.35,1,0,0,1,0,aproximando marcador da saida
470.668,417.0,homing_exit,-3.5245,0.2168,0.3564,-137.13,0.31,0.0,0.0,10.996,40.83,6026,2,94,3,136.5,2,7,3,0,1,1,0,0,0,False,7.34,7.35,1,0,0,1,0,aproximando marcador da saida
471.129,417.501,homing_exit,-3.5245,0.2168,0.3564,-137.13,0.31,0.0,0.0,10.996,40.83,6026,2,94,3,136.5,2,7,3,0,1,1,0,0,0,False,7.34,7.35,1,0,0,1,0,aproximando marcador da saida
471.608,418.001,homing_exit,-3.5245,0.2168,0.3564,-137.13,0.31,0.0,0.0,10.996,40.83,6026,2,94,3,136.5,2,7,3,0,1,1,0,0,0,False,7.34,7.35,1,0,0,1,0,aproximando marcador da saida
472.102,418.5,homing_exit,-3.5245,0.2168,0.3564,-137.13,0.31,0.0,0.0,10.996,40.83,6026,2,94,3,136.5,2,7,3,0,1,1,0,0,0,False,7.34,7.35,1,0,0,1,0,aproximando marcador da saida
472.593,419.0,homing_exit,-3.5245,0.2168,0.3564,-137.13,0.31,0.0,0.0,10.996,40.83,6026,2,94,3,136.5,2,7,3,0,1,1,0,0,0,False,7.34,7.35,1,0,0,1,0,aproximando marcador da saida
473.058,419.5,homing_exit,-3.5245,0.2168,0.3564,-137.13,0.31,0.0034,0.0044,10.996,40.83,6026,2,94,3,136.5,2,7,3,0,1,1,0,0,0,False,7.34,7.35,1,0,0,1,0,aproximando marcador da saida
473.542,420.0,homing_exit,-3.5276,0.2141,0.3543,-136.99,0.19,0.0014,-0.0005,11.002,40.83,6026,2,94,3,136.5,2,7,3,0,1,1,0,0,0,False,7.34,7.35,1,0,0,1,0,aproximando marcador da saida
474.03,420.5,homing_exit,-3.5289,0.2062,0.3552,-137.0,0.3,0.0117,0.0217,11.012,40.83,6026,2,94,3,136.5,2,7,3,0,1,1,0,0,0,False,7.33,7.35,1,0,0,1,0,aproximando marcador da saida
474.519,421.0,homing_exit,-3.5322,0.2069,0.3561,-136.34,0.13,0.0019,0.0639,11.018,40.83,6026,2,94,3,136.5,2,7,3,0,1,1,0,0,0,False,7.33,7.35,1,0,0,1,0,aproximando marcador da saida
475.009,421.5,homing_exit,-3.531,0.2048,0.3555,-135.28,0.23,0.002,0.0477,11.023,40.83,6026,2,94,3,136.5,2,7,3,0,1,1,0,0,0,False,7.33,7.35,1,0,0,1,0,aproximando marcador da saida
475.492,422.001,homing_exit,-3.5326,0.2042,0.3549,-134.77,0.21,0.0004,0.0109,11.027,40.83,6026,2,94,3,136.5,2,7,3,0,1,1,0,0,0,False,7.33,7.35,1,0,0,1,0,aproximando marcador da saida
475.982,422.5,homing_exit,-3.5337,0.2015,0.3545,-134.45,0.29,0.0014,0.027,11.033,40.83,6026,2,94,3,136.5,2,7,3,0,1,1,0,0,0,False,7.33,7.35,1,0,0,1,0,aproximando marcador da saida
476.473,423.0,homing_exit,-3.5353,0.2006,0.3523,-133.96,0.14,0.0032,0.017,11.038,40.83,6026,2,94,3,136.5,2,7,3,0,1,1,0,0,0,False,7.32,7.35,1,0,0,1,0,aproximando marcador da saida
476.954,423.5,homing_exit,-3.5375,0.1982,0.3495,-133.23,0.11,0.0011,0.0044,11.042,40.83,6026,2,94,3,136.5,2,7,3,0,1,1,0,0,0,False,7.32,7.35,1,0,0,1,0,aproximando marcador da saida
477.446,424.0,homing_exit,-3.5367,0.1992,0.3537,-132.77,0.13,0.0011,0.0195,11.046,40.83,6026,2,94,3,136.5,2,7,3,0,1,1,0,0,0,False,7.32,7.35,1,0,0,1,0,aproximando marcador da saida
477.913,424.5,homing_exit,-3.536,0.2,0.3541,-132.84,0.21,0.0011,-0.0015,11.053,40.83,6026,2,94,3,136.5,2,7,3,0,1,1,0,0,0,False,7.32,7.35,1,0,0,1,0,aproximando marcador da saida
478.399,425.0,homing_exit,-3.536,0.1941,0.3544,-132.59,0.37,0.0053,0.0144,11.06,40.83,6026,2,94,3,136.5,2,7,3,0,1,1,0,0,0,False,7.32,7.35,1,0,0,1,0,aproximando marcador da saida
478.877,425.5,homing_exit,-3.5408,0.1865,0.3533,-132.47,0.13,0.0075,0.0187,11.07,40.83,6026,2,94,3,136.5,2,7,3,0,1,1,0,0,0,False,7.32,7.35,1,0,0,1,0,aproximando marcador da saida
479.321,426.0,homing_exit,-3.5444,0.1837,0.3471,-132.39,0.11,0.0002,0.0165,11.075,40.83,6026,2,94,3,136.5,2,7,3,0,1,1,0,0,0,False,7.31,7.35,1,0,0,1,0,aproximando marcador da saida
479.782,426.5,homing_exit,-3.5409,0.1803,0.3475,-132.65,0.37,0.0001,-0.0099,11.081,40.83,6026,2,94,3,136.5,2,7,3,0,1,1,0,0,0,False,7.31,7.35,1,0,0,1,0,aproximando marcador da saida
480.274,427.0,homing_exit,-3.5423,0.1772,0.3534,-132.59,0.25,0.0031,0.0177,11.086,40.83,6026,2,94,3,136.5,2,7,3,0,1,1,0,0,0,False,7.3,7.35,1,0,0,1,0,aproximando marcador da saida
480.739,427.5,homing_exit,-3.542,0.1721,0.3525,-132.11,0.26,0.0053,0.0049,11.092,40.83,6026,2,94,3,136.5,2,7,3,0,1,1,0,0,0,False,7.3,7.35,1,0,0,1,0,aproximando marcador da saida
481.217,428.0,homing_exit,-3.5439,0.1692,0.3526,-131.82,0.21,0.001,0.0031,11.097,40.83,6026,2,94,3,136.5,2,7,3,0,1,1,0,0,0,False,7.29,7.35,1,0,0,1,0,aproximando marcador da saida
481.698,428.5,homing_exit,-3.5433,0.1677,0.3553,-131.58,0.22,0.0003,0.0043,11.102,40.83,6026,2,94,3,136.5,2,7,3,0,1,1,0,0,0,False,7.29,7.35,1,0,0,1,0,aproximando marcador da saida
482.185,429.0,homing_exit,-3.5441,0.1671,0.3556,-131.59,0.25,0.0001,0.0013,11.103,40.83,6026,2,94,3,136.5,2,7,3,0,1,1,0,0,0,False,7.29,7.35,1,0,0,1,0,aproximando marcador da saida
482.66,429.5,homing_exit,-3.5441,0.1671,0.3556,-131.59,0.25,0.0002,-0.0003,11.103,40.83,6026,2,94,3,136.5,2,7,3,0,1,1,0,0,0,False,7.29,7.35,1,0,0,1,0,aproximando marcador da saida
483.139,430.0,homing_exit,-3.5441,0.1671,0.3556,-131.59,0.25,0.0002,0.0012,11.103,40.83,6026,2,94,3,136.5,2,7,3,0,1,1,0,0,0,False,7.29,7.35,1,0,0,1,0,aproximando marcador da saida
483.608,430.5,homing_exit,-3.5441,0.1671,0.3556,-131.59,0.25,0.0001,0.0014,11.103,40.83,6026,2,94,3,136.5,2,7,3,0,1,1,0,0,0,False,7.29,7.35,1,0,0,1,0,aproximando marcador da saida
484.105,431.0,homing_exit,-3.5441,0.1671,0.3556,-131.59,0.25,0.0007,0.0037,11.103,40.83,6026,2,94,3,136.5,2,7,3,0,1,1,0,0,0,False,7.29,7.35,1,0,0,1,0,aproximando marcador da saida
484.556,431.5,homing_exit,-3.5441,0.1671,0.3556,-131.59,0.25,0.0,-0.0002,11.103,40.83,6026,2,94,3,136.5,2,7,3,0,1,1,0,0,0,False,7.29,7.35,1,0,0,1,0,aproximando marcador da saida
485.021,432.0,homing_exit,-3.5441,0.1671,0.3556,-131.59,0.25,0.0004,-0.0015,11.103,40.83,6026,2,94,3,136.5,2,7,3,0,1,1,0,0,0,False,7.29,7.35,1,0,0,1,0,aproximando marcador da saida
485.508,432.502,homing_exit,-3.5441,0.1671,0.3556,-131.59,0.25,0.0002,-0.0012,11.103,40.83,6026,2,94,3,136.5,2,7,3,0,1,1,0,0,0,False,7.29,7.35,1,0,0,1,0,aproximando marcador da saida
486.005,433.0,homing_exit,-3.5441,0.1671,0.3556,-131.59,0.25,0.0,0.0015,11.103,40.83,6026,2,94,3,136.5,2,7,3,0,1,1,0,0,0,False,7.29,7.35,1,0,0,1,0,aproximando marcador da saida
486.486,433.5,homing_exit,-3.5441,0.1671,0.3556,-131.59,0.25,0.0003,0.0067,11.103,40.83,6026,2,94,3,136.5,2,7,3,0,1,1,0,0,0,False,7.29,7.35,1,0,0,1,0,aproximando marcador da saida
486.971,434.0,homing_exit,-3.5441,0.1671,0.3556,-131.59,0.25,0.0006,0.0089,11.103,40.83,6026,2,94,3,136.5,2,7,3,0,1,1,0,0,0,False,7.29,7.35,1,0,0,1,0,aproximando marcador da saida
487.44,434.5,homing_exit,-3.5441,0.1671,0.3556,-131.59,0.25,0.0,0.0034,11.103,40.83,6026,2,94,3,136.5,2,7,3,0,1,1,0,0,0,False,7.29,7.35,1,0,0,1,0,aproximando marcador da saida
487.93,435.0,homing_exit,-3.5441,0.1671,0.3556,-131.59,0.25,0.0,0.0002,11.103,40.83,6026,2,94,3,136.5,2,7,3,0,1,1,0,0,0,False,7.29,7.35,1,0,0,1,0,aproximando marcador da saida
488.41,435.5,homing_exit,-3.5441,0.1671,0.3556,-131.59,0.25,0.0,0.0028,11.103,40.83,6026,2,94,3,136.5,2,7,3,0,1,1,0,0,0,False,7.29,7.35,1,0,0,1,0,aproximando marcador da saida
488.909,436.0,homing_exit,-3.5441,0.1671,0.3556,-131.59,0.25,0.0,0.0035,11.103,40.83,6026,2,94,3,136.5,2,7,3,0,1,1,0,0,0,False,7.29,7.35,1,0,0,1,0,aproximando marcador da saida
489.392,436.5,homing_exit,-3.5441,0.1671,0.3556,-131.59,0.25,0.0,0.0007,11.103,40.83,6026,2,94,3,136.5,2,7,3,0,1,1,0,0,0,False,7.29,7.35,1,0,0,1,0,aproximando marcador da saida
489.875,437.0,homing_exit,-3.5441,0.1671,0.3556,-131.59,0.25,0.0004,0.0026,11.103,40.83,6026,2,94,3,136.5,2,7,3,0,1,1,0,0,0,False,7.29,7.35,1,0,0,1,0,aproximando marcador da saida
490.36,437.501,homing_exit,-3.5441,0.1671,0.3556,-131.59,0.25,0.0,0.0057,11.103,40.83,6026,2,94,3,136.5,2,7,3,0,1,1,0,0,0,False,7.29,7.35,1,0,0,1,0,aproximando marcador da saida
490.819,438.0,homing_exit,-3.5441,0.1671,0.3556,-131.59,0.25,0.0003,0.002,11.103,40.83,6026,2,94,3,136.5,2,7,3,0,1,1,0,0,0,False,7.29,7.35,1,0,0,1,0,aproximando marcador da saida
491.307,438.5,homing_exit,-3.5441,0.1671,0.3556,-131.59,0.25,0.0,0.0017,11.103,40.83,6026,2,94,3,136.5,2,7,3,0,1,1,0,0,0,False,7.29,7.35,1,0,0,1,0,aproximando marcador da saida
491.795,439.0,homing_exit,-3.5441,0.1671,0.3556,-131.59,0.25,0.0,0.0046,11.103,40.83,6026,2,94,3,136.5,2,7,3,0,1,1,0,0,0,False,7.29,7.35,1,0,0,1,0,aproximando marcador da saida
492.284,439.5,homing_exit,-3.5441,0.1671,0.3556,-131.59,0.25,0.0001,0.0019,11.103,40.83,6026,2,94,3,136.5,2,7,3,0,1,1,0,0,0,False,7.29,7.35,1,0,0,1,0,aproximando marcador da saida
492.769,440.0,homing_exit,-3.5441,0.1671,0.3556,-131.59,0.25,0.0,0.0049,11.103,40.83,6026,2,94,3,136.5,2,7,3,0,1,1,0,0,0,False,7.29,7.35,1,0,0,1,0,aproximando marcador da saida
493.252,440.5,homing_exit,-3.5441,0.1671,0.3556,-131.59,0.25,0.0003,-0.0045,11.103,40.83,6026,2,94,3,136.5,2,7,3,0,1,1,0,0,0,False,7.29,7.35,1,0,0,1,0,aproximando marcador da saida
493.723,441.0,homing_exit,-3.5441,0.1671,0.3556,-131.59,0.25,0.0002,0.0024,11.103,40.83,6026,2,94,3,136.5,2,7,3,0,1,1,0,0,0,False,7.29,7.35,1,0,0,1,0,aproximando marcador da saida
494.209,441.5,homing_exit,-3.5441,0.1671,0.3556,-131.59,0.25,0.0003,0.003,11.103,40.83,6026,2,94,3,136.5,2,7,3,0,1,1,0,0,0,False,7.29,7.35,1,0,0,1,0,aproximando marcador da saida
494.706,442.0,homing_exit,-3.5441,0.1671,0.3556,-131.59,0.25,0.0003,0.0011,11.103,40.83,6026,2,94,3,136.5,2,7,3,0,1,1,0,0,0,False,7.29,7.35,1,0,0,1,0,aproximando marcador da saida
495.187,442.5,homing_exit,-3.5441,0.1671,0.3556,-131.59,0.25,0.0003,0.0016,11.103,40.83,6026,2,94,3,136.5,2,7,3,0,1,1,0,0,0,False,7.29,7.35,1,0,0,1,0,aproximando marcador da saida
495.653,443.0,homing_exit,-3.5441,0.1671,0.3556,-131.59,0.25,0.0,0.004,11.103,40.83,6026,2,94,3,136.5,2,7,3,0,1,1,0,0,0,False,7.29,7.35,1,0,0,1,0,aproximando marcador da saida
496.116,443.5,homing_exit,-3.5441,0.1671,0.3556,-131.59,0.25,0.0002,0.0036,11.103,40.83,6026,2,94,3,136.5,2,7,3,0,1,1,0,0,0,False,7.29,7.35,1,0,0,1,0,aproximando marcador da saida
496.605,444.0,homing_exit,-3.5441,0.1671,0.3556,-131.59,0.25,0.0,0.0009,11.103,40.83,6026,2,94,3,136.5,2,7,3,0,1,1,0,0,0,False,7.29,7.35,1,0,0,1,0,aproximando marcador da saida
497.081,444.5,homing_exit,-3.5441,0.1671,0.3556,-131.59,0.25,0.0004,0.0026,11.103,40.83,6026,2,94,3,136.5,2,7,3,0,1,1,0,0,0,False,7.29,7.35,1,0,0,1,0,aproximando marcador da saida
497.57,445.0,homing_exit,-3.5441,0.1671,0.3556,-131.59,0.25,0.0001,0.0042,11.103,40.83,6026,2,94,3,136.5,2,7,3,0,1,1,0,0,0,False,7.29,7.35,1,0,0,1,0,aproximando marcador da saida
498.068,445.5,homing_exit,-3.5441,0.1671,0.3556,-131.59,0.25,0.0,0.0,11.103,40.83,6026,2,94,3,136.5,2,7,3,0,1,1,0,0,0,False,7.29,7.35,1,0,0,1,0,aproximando marcador da saida
498.532,446.0,homing_exit,-3.5441,0.1671,0.3556,-131.59,0.25,0.0001,0.0008,11.103,40.83,6026,2,94,3,136.5,2,7,3,0,1,1,0,0,0,False,7.29,7.35,1,0,0,1,0,aproximando marcador da saida
499.006,446.501,homing_exit,-3.5441,0.1671,0.3556,-131.59,0.25,0.0009,0.0005,11.103,40.83,6026,2,94,3,136.5,2,7,3,0,1,1,0,0,0,False,7.29,7.35,1,0,0,1,0,aproximando marcador da saida
499.456,447.0,homing_exit,-3.5441,0.1671,0.3556,-131.59,0.25,0.0004,0.0049,11.103,40.83,6026,2,94,3,136.5,2,7,3,0,1,1,0,0,0,False,7.29,7.35,1,0,0,1,0,aproximando marcador da saida
499.915,447.5,homing_exit,-3.5441,0.1671,0.3556,-131.59,0.25,0.0006,0.0026,11.103,40.83,6026,2,94,3,136.5,2,7,3,0,1,1,0,0,0,False,7.29,7.35,1,0,0,1,0,aproximando marcador da saida
500.404,448.0,homing_exit,-3.5441,0.1671,0.3556,-131.59,0.25,0.0002,-0.0013,11.103,40.83,6026,2,94,3,136.5,2,7,3,0,1,1,0,0,0,False,7.29,7.35,1,0,0,1,0,aproximando marcador da saida
500.896,448.5,homing_exit,-3.5441,0.1671,0.3556,-131.59,0.25,0.0003,-0.0013,11.103,40.83,6026,2,94,3,136.5,2,7,3,0,1,1,0,0,0,False,7.29,7.35,1,0,0,1,0,aproximando marcador da saida
501.353,449.0,homing_exit,-3.5441,0.1671,0.3556,-131.59,0.25,0.0003,0.0031,11.103,40.83,6026,2,94,3,136.5,2,7,3,0,1,1,0,0,0,False,7.29,7.35,1,0,0,1,0,aproximando marcador da saida
501.822,449.5,homing_exit,-3.5441,0.1671,0.3556,-131.59,0.25,0.0,0.0008,11.103,40.83,6026,2,94,3,136.5,2,7,3,0,1,1,0,0,0,False,7.29,7.35,1,0,0,1,0,aproximando marcador da saida
502.304,450.0,homing_exit,-3.5441,0.1671,0.3556,-131.59,0.25,0.0001,0.0,11.103,40.83,6026,2,94,3,136.5,2,7,3,0,1,1,0,0,0,False,7.29,7.35,1,0,0,1,0,aproximando marcador da saida
502.784,450.5,homing_exit,-3.5441,0.1671,0.3556,-131.59,0.25,0.0001,0.0035,11.103,40.83,6026,2,94,3,136.5,2,7,3,0,1,1,0,0,0,False,7.29,7.35,1,0,0,1,0,aproximando marcador da saida
503.246,451.0,homing_exit,-3.5441,0.1671,0.3556,-131.59,0.25,0.0005,-0.0015,11.103,40.83,6026,2,94,3,136.5,2,7,3,0,1,1,0,0,0,False,7.29,7.35,1,0,0,1,0,aproximando marcador da saida
503.734,451.501,homing_exit,-3.5441,0.1671,0.3556,-131.59,0.25,0.0,0.0056,11.103,40.83,6026,2,94,3,136.5,2,7,3,0,1,1,0,0,0,False,7.29,7.35,1,0,0,1,0,aproximando marcador da saida
504.22,452.0,homing_exit,-3.5441,0.1671,0.3556,-131.59,0.25,0.0005,0.0023,11.103,40.83,6026,2,94,3,136.5,2,7,3,0,1,1,0,0,0,False,7.29,7.35,1,0,0,1,0,aproximando marcador da saida
504.711,452.501,homing_exit,-3.5441,0.1671,0.3556,-131.59,0.25,0.0,0.0017,11.103,40.83,6026,2,94,3,136.5,2,7,3,0,1,1,0,0,0,False,7.29,7.35,1,0,0,1,0,aproximando marcador da saida
505.202,453.002,homing_exit,-3.5441,0.1671,0.3556,-131.59,0.25,0.0,0.0046,11.103,40.83,6026,2,94,3,136.5,2,7,3,0,1,1,0,0,0,False,7.29,7.35,1,0,0,1,0,aproximando marcador da saida
505.693,453.5,homing_exit,-3.5441,0.1671,0.3556,-131.59,0.25,0.0002,0.0054,11.103,40.83,6026,2,94,3,136.5,2,7,3,0,1,1,0,0,0,False,7.29,7.35,1,0,0,1,0,aproximando marcador da saida
506.158,454.0,homing_exit,-3.5441,0.1671,0.3556,-131.59,0.25,0.0006,0.0017,11.103,40.83,6026,2,94,3,136.5,2,7,3,0,1,1,0,0,0,False,7.29,7.35,1,0,0,1,0,aproximando marcador da saida
506.64,454.5,homing_exit,-3.5441,0.1671,0.3556,-131.59,0.25,0.0003,0.0014,11.103,40.83,6026,2,94,3,136.5,2,7,3,0,1,1,0,0,0,False,7.29,7.35,1,0,0,1,0,aproximando marcador da saida
507.109,455.0,homing_exit,-3.5441,0.1671,0.3556,-131.59,0.25,0.0,-0.0029,11.103,40.83,6026,2,94,3,136.5,2,7,3,0,1,1,0,0,0,False,7.29,7.35,1,0,0,1,0,aproximando marcador da saida
507.584,455.5,homing_exit,-3.5441,0.1671,0.3556,-131.59,0.25,0.0,0.0067,11.103,40.83,6026,2,94,3,136.5,2,7,3,0,1,1,0,0,0,False,7.29,7.35,1,0,0,1,0,aproximando marcador da saida
508.067,456.0,homing_exit,-3.5441,0.1671,0.3556,-131.59,0.25,0.0,0.0078,11.103,40.83,6026,2,94,3,136.5,2,7,3,0,1,1,0,0,0,False,7.29,7.35,1,0,0,1,0,aproximando marcador da saida
508.534,456.5,homing_exit,-3.5441,0.1671,0.3556,-131.59,0.25,0.0002,0.0023,11.103,40.83,6026,2,94,3,136.5,2,7,3,0,1,1,0,0,0,False,7.29,7.35,1,0,0,1,0,aproximando marcador da saida
509.014,457.001,homing_exit,-3.5441,0.1671,0.3556,-131.59,0.25,0.0,0.0015,11.103,40.83,6026,2,94,3,136.5,2,7,3,0,1,1,0,0,0,False,7.29,7.35,1,0,0,1,0,aproximando marcador da saida
509.509,457.5,homing_exit,-3.5441,0.1671,0.3556,-131.59,0.25,0.0,-0.0007,11.103,40.83,6026,2,94,3,136.5,2,7,3,0,1,1,0,0,0,False,7.29,7.35,1,0,0,1,0,aproximando marcador da saida
509.985,458.0,homing_exit,-3.5441,0.1671,0.3556,-131.59,0.25,0.0,0.0001,11.103,40.83,6026,2,94,3,136.5,2,7,3,0,1,1,0,0,0,False,7.29,7.35,1,0,0,1,0,aproximando marcador da saida
510.466,458.5,homing_exit,-3.5441,0.1671,0.3556,-131.59,0.25,0.0007,0.0001,11.103,40.83,6026,2,94,3,136.5,2,7,3,0,1,1,0,0,0,False,7.29,7.35,1,0,0,1,0,aproximando marcador da saida
510.962,459.0,homing_exit,-3.5441,0.1671,0.3556,-131.59,0.25,0.0006,-0.0016,11.103,40.83,6026,2,94,3,136.5,2,7,3,0,1,1,0,0,0,False,7.29,7.35,1,0,0,1,0,aproximando marcador da saida
511.443,459.5,homing_exit,-3.5441,0.1671,0.3556,-131.59,0.25,0.0007,0.0012,11.103,40.83,6026,2,94,3,136.5,2,7,3,0,1,1,0,0,0,False,7.29,7.35,1,0,0,1,0,aproximando marcador da saida
511.919,460.0,homing_exit,-3.5441,0.1671,0.3556,-131.59,0.25,0.0001,0.0012,11.103,40.83,6026,2,94,3,136.5,2,7,3,0,1,1,0,0,0,False,7.29,7.35,1,0,0,1,0,aproximando marcador da saida
512.411,460.5,homing_exit,-3.5441,0.1671,0.3556,-131.59,0.25,0.0001,0.0007,11.103,40.83,6026,2,94,3,136.5,2,7,3,0,1,1,0,0,0,False,7.29,7.35,1,0,0,1,0,aproximando marcador da saida
512.897,461.0,homing_exit,-3.5441,0.1671,0.3556,-131.59,0.25,0.0005,0.0024,11.103,40.83,6026,2,94,3,136.5,2,7,3,0,1,1,0,0,0,False,7.29,7.35,1,0,0,1,0,aproximando marcador da saida
513.383,461.5,homing_exit,-3.5441,0.1671,0.3556,-131.59,0.25,0.0008,0.0005,11.103,40.83,6026,2,94,3,136.5,2,7,3,0,1,1,0,0,0,False,7.29,7.35,1,0,0,1,0,aproximando marcador da saida
513.865,462.0,homing_exit,-3.5441,0.1671,0.3556,-131.59,0.25,0.0001,0.0021,11.103,40.83,6026,2,94,3,136.5,2,7,3,0,1,1,0,0,0,False,7.29,7.35,1,0,0,1,0,aproximando marcador da saida
514.349,462.501,homing_exit,-3.5441,0.1671,0.3556,-131.59,0.25,0.0,0.0046,11.103,40.83,6026,2,94,3,136.5,2,7,3,0,1,1,0,0,0,False,7.29,7.35,1,0,0,1,0,aproximando marcador da saida
514.844,463.0,homing_exit,-3.5441,0.1671,0.3556,-131.59,0.25,0.0005,0.0032,11.103,40.83,6026,2,94,3,136.5,2,7,3,0,1,1,0,0,0,False,7.29,7.35,1,0,0,1,0,aproximando marcador da saida
515.317,463.5,homing_exit,-3.5441,0.1671,0.3556,-131.59,0.25,0.0002,0.0009,11.103,40.83,6026,2,94,3,136.5,2,7,3,0,1,1,0,0,0,False,7.29,7.35,1,0,0,1,0,aproximando marcador da saida
515.776,464.0,homing_exit,-3.5441,0.1671,0.3556,-131.59,0.25,0.0001,0.0036,11.103,40.83,6026,2,94,3,136.5,2,7,3,0,1,1,0,0,0,False,7.29,7.35,1,0,0,1,0,aproximando marcador da saida
516.264,464.501,homing_exit,-3.5441,0.1671,0.3556,-131.59,0.25,0.0,0.0009,11.103,40.83,6026,2,94,3,136.5,2,7,3,0,1,1,0,0,0,False,7.29,7.35,1,0,0,1,0,aproximando marcador da saida
516.734,465.0,homing_exit,-3.5441,0.1671,0.3556,-131.59,0.25,0.0,0.0006,11.103,40.83,6026,2,94,3,136.5,2,7,3,0,1,1,0,0,0,False,7.29,7.35,1,0,0,1,0,aproximando marcador da saida
517.192,465.5,homing_exit,-3.5441,0.1671,0.3556,-131.59,0.25,0.0003,0.0048,11.103,40.83,6026,2,94,3,136.5,2,7,3,0,1,1,0,0,0,False,7.29,7.35,1,0,0,1,0,aproximando marcador da saida
517.6,466.0,homing_exit,-3.5441,0.1671,0.3556,-131.59,0.25,0.0,0.0034,11.103,40.83,6026,2,94,3,136.5,2,7,3,0,1,1,0,0,0,False,7.29,7.35,1,0,0,1,0,aproximando marcador da saida
518.088,466.5,homing_exit,-3.5441,0.1671,0.3556,-131.59,0.25,0.0004,0.0005,11.103,40.83,6026,2,94,3,136.5,2,7,3,0,1,1,0,0,0,False,7.29,7.35,1,0,0,1,0,aproximando marcador da saida
518.57,467.001,homing_exit,-3.5441,0.1671,0.3556,-131.59,0.25,0.0,0.0036,11.103,40.83,6026,2,94,3,136.5,2,7,3,0,1,1,0,0,0,False,7.29,7.35,1,0,0,1,0,aproximando marcador da saida
519.028,467.501,homing_exit,-3.5441,0.1671,0.3556,-131.59,0.25,0.0003,0.0023,11.103,40.83,6026,2,94,3,136.5,2,7,3,0,1,1,0,0,0,False,7.29,7.35,1,0,0,1,0,aproximando marcador da saida
519.509,468.0,homing_exit,-3.5441,0.1671,0.3556,-131.59,0.25,0.0012,0.0022,11.103,40.83,6026,2,94,3,136.5,2,7,3,0,1,1,0,0,0,False,7.29,7.35,1,0,0,1,0,aproximando marcador da saida
520.005,468.5,homing_exit,-3.5441,0.1671,0.3556,-131.59,0.25,0.0001,0.0065,11.103,40.83,6026,2,94,3,136.5,2,7,3,0,1,1,0,0,0,False,7.29,7.35,1,0,0,1,0,aproximando marcador da saida
520.479,469.001,homing_exit,-3.5441,0.1671,0.3556,-131.59,0.25,0.0001,-0.0016,11.103,40.83,6026,2,94,3,136.5,2,7,3,0,1,1,0,0,0,False,7.29,7.35,1,0,0,1,0,aproximando marcador da saida
520.942,469.501,homing_exit,-3.5441,0.1671,0.3556,-131.59,0.25,0.0,0.0023,11.103,40.83,6026,2,94,3,136.5,2,7,3,0,1,1,0,0,0,False,7.29,7.35,1,0,0,1,0,aproximando marcador da saida
521.424,470.0,homing_exit,-3.5441,0.1671,0.3556,-131.59,0.25,0.0,0.0032,11.103,40.83,6026,2,94,3,136.5,2,7,3,0,1,1,0,0,0,False,7.29,7.35,1,0,0,1,0,aproximando marcador da saida
521.911,470.5,homing_exit,-3.5441,0.1671,0.3556,-131.59,0.25,0.0005,0.0029,11.103,40.83,6026,2,94,3,136.5,2,7,3,0,1,1,0,0,0,False,7.29,7.35,1,0,0,1,0,aproximando marcador da saida
522.378,471.0,homing_exit,-3.5441,0.1671,0.3556,-131.59,0.25,0.0,-0.0003,11.103,40.83,6026,2,94,3,136.5,2,7,3,0,1,1,0,0,0,False,7.29,7.35,1,0,0,1,0,aproximando marcador da saida
522.872,471.5,homing_exit,-3.5441,0.1671,0.3556,-131.59,0.25,0.0009,0.0069,11.103,40.83,6026,2,94,3,136.5,2,7,3,0,1,1,0,0,0,False,7.29,7.35,1,0,0,1,0,aproximando marcador da saida
523.351,472.0,homing_exit,-3.5441,0.1671,0.3556,-131.59,0.25,0.0,0.0,11.103,40.83,6026,2,94,3,136.5,2,7,3,0,1,1,0,0,0,False,7.29,7.35,1,0,0,1,0,aproximando marcador da saida
523.846,472.5,homing_exit,-3.5441,0.1671,0.3556,-131.59,0.25,0.0,0.0,11.103,40.83,6026,2,94,3,136.5,2,7,3,0,1,1,0,0,0,False,7.29,7.35,1,0,0,1,0,aproximando marcador da saida
524.322,473.0,homing_exit,-3.5441,0.1671,0.3556,-131.59,0.25,0.0,0.0,11.103,40.83,6026,2,94,3,136.5,2,7,3,0,1,1,0,0,0,False,7.29,7.35,1,0,0,1,0,aproximando marcador da saida
524.8,473.5,homing_exit,-3.5441,0.1671,0.3556,-131.59,0.25,0.0,0.0,11.103,40.83,6026,2,94,3,136.5,2,7,3,0,1,1,0,0,0,False,7.29,7.35,1,0,0,1,0,aproximando marcador da saida
525.286,474.0,homing_exit,-3.5441,0.1671,0.3556,-131.59,0.25,0.0,0.0,11.103,40.83,6026,2,94,3,136.5,2,7,3,0,1,1,0,0,0,False,7.29,7.35,1,0,0,1,0,aproximando marcador da saida
525.772,474.5,homing_exit,-3.5441,0.1671,0.3556,-131.59,0.25,0.0,0.0,11.103,40.83,6026,2,94,3,136.5,2,7,3,0,1,1,0,0,0,False,7.29,7.35,1,0,0,1,0,aproximando marcador da saida
526.257,475.0,homing_exit,-3.5441,0.1671,0.3556,-131.59,0.25,0.0,0.0,11.103,40.83,6026,2,94,3,136.5,2,7,3,0,1,1,0,0,0,False,7.29,7.35,1,0,0,1,0,aproximando marcador da saida
526.75,475.5,homing_exit,-3.5441,0.1671,0.3556,-131.59,0.25,0.0,0.0,11.103,40.83,6026,2,94,3,136.5,2,7,3,0,1,1,0,0,0,False,7.29,7.35,1,0,0,1,0,aproximando marcador da saida
527.245,476.0,homing_exit,-3.5441,0.1671,0.3556,-131.59,0.25,0.0,0.0,11.103,40.83,6026,2,94,3,136.5,2,7,3,0,1,1,0,0,0,False,7.29,7.35,1,0,0,1,0,aproximando marcador da saida
527.72,476.501,homing_exit,-3.5441,0.1671,0.3556,-131.59,0.25,0.0,0.0,11.103,40.83,6026,2,94,3,136.5,2,7,3,0,1,1,0,0,0,False,7.29,7.35,1,0,0,1,0,aproximando marcador da saida
528.198,477.0,homing_exit,-3.5441,0.1671,0.3556,-131.59,0.25,0.0,0.0,11.103,40.83,6026,2,94,3,136.5,2,7,3,0,1,1,0,0,0,False,7.29,7.35,1,0,0,1,0,aproximando marcador da saida
528.692,477.5,homing_exit,-3.5441,0.1671,0.3556,-131.59,0.25,0.0,0.0,11.103,40.83,6026,2,94,3,136.5,2,7,3,0,1,1,0,0,0,False,7.29,7.35,1,0,0,1,0,aproximando marcador da saida
529.175,478.0,homing_exit,-3.5441,0.1671,0.3556,-131.59,0.25,0.0,0.0,11.103,40.83,6026,2,94,3,136.5,2,7,3,0,1,1,0,0,0,False,7.29,7.35,1,0,0,1,0,aproximando marcador da saida
529.644,478.5,homing_exit,-3.5441,0.1671,0.3556,-131.59,0.25,0.0,0.0,11.103,40.83,6026,2,94,3,136.5,2,7,3,0,1,1,0,0,0,False,7.29,7.35,1,0,0,1,0,aproximando marcador da saida
530.118,479.0,homing_exit,-3.5441,0.1671,0.3556,-131.59,0.25,0.0,0.0,11.103,40.83,6026,2,94,3,136.5,2,7,3,0,1,1,0,0,0,False,7.29,7.35,1,0,0,1,0,aproximando marcador da saida
530.607,479.5,homing_exit,-3.5441,0.1671,0.3556,-131.59,0.25,0.0,0.0,11.103,40.83,6026,2,94,3,136.5,2,7,3,0,1,1,0,0,0,False,7.29,7.35,1,0,0,1,0,aproximando marcador da saida
531.093,480.0,homing_exit,-3.5441,0.1671,0.3556,-131.59,0.25,0.0,0.0,11.103,40.83,6026,2,94,3,136.5,2,7,3,0,1,1,0,0,0,False,7.29,7.35,1,0,0,1,0,aproximando marcador da saida
531.553,480.501,homing_exit,-3.5441,0.1671,0.3556,-131.59,0.25,0.0,0.0,11.103,40.83,6026,2,94,3,136.5,2,7,3,0,1,1,0,0,0,False,7.29,7.35,1,0,0,1,0,aproximando marcador da saida
532.028,481.0,homing_exit,-3.5441,0.1671,0.3556,-131.59,0.25,0.0,0.0,11.103,40.83,6026,2,94,3,136.5,2,7,3,0,1,1,0,0,0,False,7.29,7.35,1,0,0,1,0,aproximando marcador da saida
532.499,481.5,homing_exit,-3.5441,0.1671,0.3556,-131.59,0.25,0.0,0.0,11.103,40.83,6026,2,94,3,136.5,2,7,3,0,1,1,0,0,0,False,7.29,7.35,1,0,0,1,0,aproximando marcador da saida
532.976,482.0,homing_exit,-3.5441,0.1671,0.3556,-131.59,0.25,0.0,0.0,11.103,40.83,6026,2,94,3,136.5,2,7,3,0,1,1,0,0,0,False,7.29,7.35,1,0,0,1,0,aproximando marcador da saida
533.456,482.5,homing_exit,-3.5441,0.1671,0.3556,-131.59,0.25,0.0,0.0,11.103,40.83,6026,2,94,3,136.5,2,7,3,0,1,1,0,0,0,False,7.29,7.35,1,0,0,1,0,aproximando marcador da saida
533.932,483.0,homing_exit,-3.5441,0.1671,0.3556,-131.59,0.25,0.0024,0.0034,11.103,40.83,6026,2,94,3,136.5,2,7,3,0,1,1,0,0,0,False,7.29,7.35,1,0,0,1,0,aproximando marcador da saida
534.42,483.5,homing_exit,-3.546,0.1659,0.3546,-131.17,0.14,0.0007,0.0349,11.109,40.83,6026,2,94,3,136.5,2,7,3,0,1,1,0,0,0,False,7.29,7.35,1,0,0,1,0,aproximando marcador da saida
534.909,484.001,homing_exit,-3.5434,0.1604,0.3528,-130.45,0.3,0.0004,0.0443,11.119,40.83,6026,2,94,3,136.5,2,7,3,0,1,1,0,0,0,False,7.29,7.35,1,0,0,1,0,aproximando marcador da saida
535.405,484.5,homing_exit,-3.5487,0.1592,0.3525,-129.68,0.17,0.002,0.0415,11.128,40.83,6026,2,94,3,136.5,2,7,3,0,1,1,0,0,0,False,7.28,7.35,1,0,0,1,0,aproximando marcador da saida
535.876,485.0,homing_exit,-3.5457,0.1562,0.3508,-128.8,0.36,0.0,0.0291,11.133,40.83,6026,2,94,3,136.5,2,7,3,0,1,1,0,0,0,False,7.28,7.35,1,0,0,1,0,aproximando marcador da saida
536.37,485.5,homing_exit,-3.5493,0.1554,0.3543,-127.96,0.15,0.0008,0.0471,11.139,40.83,6026,2,94,3,136.5,2,7,3,0,1,1,0,0,0,False,7.28,7.35,1,0,0,1,0,aproximando marcador da saida
536.824,486.0,homing_exit,-3.551,0.1535,0.3496,-127.02,0.22,0.0026,0.0406,11.144,40.83,6026,2,94,3,136.5,2,7,3,0,1,1,0,0,0,False,7.28,7.35,1,0,0,1,0,aproximando marcador da saida
537.299,486.5,homing_exit,-3.5477,0.1437,0.3489,-126.19,0.58,0.003,0.0415,11.156,40.83,6026,2,94,3,136.5,2,7,3,0,1,1,0,0,0,False,7.27,7.35,1,0,0,1,0,aproximando marcador da saida
537.79,487.0,homing_exit,-3.5556,0.1435,0.3541,-124.38,0.19,0.0027,0.0712,11.166,40.83,6026,2,94,3,136.5,2,7,3,0,1,1,0,0,0,False,7.27,7.35,1,0,0,1,0,aproximando marcador da saida
538.262,487.5,homing_exit,-3.556,0.1417,0.3604,-122.64,0.27,0.0055,0.0551,11.173,40.83,6026,2,94,3,136.5,2,7,3,0,1,1,0,0,0,False,7.26,7.35,1,0,0,1,0,aproximando marcador da saida
538.76,488.0,homing_exit,-3.5559,0.1369,0.3608,-120.5,0.31,0.0119,0.0677,11.183,40.83,6026,2,94,3,136.5,2,7,3,0,1,1,0,0,0,False,7.26,7.35,1,0,0,1,0,aproximando marcador da saida
539.24,488.5,homing_exit,-3.564,0.1334,0.3565,-118.65,0.18,0.0155,0.0904,11.195,40.83,6026,2,94,3,136.5,2,7,3,0,1,1,0,0,0,False,7.26,7.35,1,0,0,1,0,aproximando marcador da saida
539.709,489.0,homing_exit,-3.5637,0.1238,0.356,-117.12,0.28,0.0217,0.0688,11.207,40.83,6026,2,94,3,136.5,2,7,3,0,1,1,0,0,0,False,7.26,7.35,1,0,0,1,0,aproximando marcador da saida
540.173,489.5,homing_exit,-3.5706,0.1157,0.3496,-115.75,0.33,0.0194,0.083,11.218,40.83,6026,2,94,3,136.5,2,7,3,0,1,1,0,0,0,False,7.24,7.35,1,0,0,1,0,aproximando marcador da saida
540.659,490.0,homing_exit,-3.5728,0.1,0.3514,-114.08,0.46,0.029,0.0667,11.235,40.83,6026,2,94,3,136.5,2,7,3,0,1,1,0,0,0,False,7.24,7.35,1,0,0,1,0,aproximando marcador da saida
541.146,490.5,homing_exit,-3.5868,0.0866,0.3531,-112.46,0.15,0.021,0.0261,11.255,40.83,6026,2,94,3,136.5,2,7,3,0,1,1,0,0,0,False,7.21,7.35,1,0,0,1,0,aproximando marcador da saida
541.62,491.0,homing_exit,-3.5904,0.0785,0.3512,-111.54,0.13,0.0182,0.0096,11.264,40.83,6026,2,94,3,136.5,2,7,3,0,1,1,0,0,0,False,7.21,7.35,1,0,0,1,0,aproximando marcador da saida
542.127,491.5,homing_exit,-3.5914,0.0676,0.3525,-110.74,0.21,0.0175,0.0045,11.277,40.83,6026,2,94,3,136.5,2,7,3,0,1,1,0,0,0,False,7.19,7.35,1,0,0,1,0,aproximando marcador da saida
542.605,492.0,homing_exit,-3.5953,0.0632,0.3553,-110.22,0.17,0.0113,0.0311,11.284,40.83,6026,2,94,3,136.5,2,7,3,0,1,1,0,0,0,False,7.19,7.35,1,0,0,1,0,aproximando marcador da saida
543.094,492.5,homing_exit,-3.5924,0.0524,0.3521,-109.46,0.48,0.0166,0.0333,11.296,40.83,6026,2,94,3,136.5,2,7,3,0,1,1,0,0,0,False,7.17,7.35,1,0,0,1,0,aproximando marcador da saida
543.574,493.0,homing_exit,-3.6016,0.0447,0.3521,-108.73,0.19,0.0175,0.0336,11.309,40.83,6026,2,94,3,136.5,2,7,3,0,1,1,0,0,0,False,7.17,7.35,1,0,0,1,0,aproximando marcador da saida
544.073,493.5,homing_exit,-3.6013,0.0389,0.3539,-107.96,0.28,0.0164,0.049,11.321,40.83,6026,2,94,3,136.5,2,7,3,0,1,1,0,0,0,False,7.16,7.35,1,0,0,1,0,aproximando marcador da saida
544.57,494.0,homing_exit,-3.6035,0.0271,0.3566,-107.19,0.22,0.0118,0.0694,11.334,40.83,6026,2,94,3,136.5,2,7,3,0,1,1,0,0,0,False,7.16,7.35,1,0,0,1,0,aproximando marcador da saida
545.053,494.501,homing_exit,-3.6112,0.0169,0.3509,-105.77,0.27,0.0203,0.0307,11.348,40.83,6026,2,94,3,136.5,2,7,3,0,1,1,0,0,0,False,7.14,7.35,1,0,0,1,0,aproximando marcador da saida
545.544,495.002,homing_exit,-3.6095,0.0017,0.3542,-104.92,0.39,0.018,-0.0076,11.364,40.83,6026,2,94,3,136.5,2,7,3,0,1,1,0,0,0,False,7.14,7.35,1,0,0,1,0,aproximando marcador da saida
546.037,495.5,homing_exit,-3.6177,-0.001,0.3555,-104.81,0.17,0.0084,-0.0088,11.374,40.83,6026,2,94,3,136.5,2,7,3,0,1,1,0,0,0,False,7.12,7.35,1,0,0,1,0,aproximando marcador da saida
546.509,496.0,homing_exit,-3.6136,-0.0161,0.3484,-104.69,0.59,0.0196,-0.0296,11.39,40.83,6026,2,94,3,136.5,2,7,3,0,1,1,0,0,0,False,7.12,7.35,1,0,0,1,0,aproximando marcador da saida
546.989,496.5,homing_exit,-3.6185,-0.0307,0.3532,-105.39,0.25,0.0346,-0.0312,11.41,40.83,6026,2,94,3,136.5,2,7,3,0,1,1,0,0,0,False,7.12,7.35,1,0,0,1,0,aproximando marcador da saida
547.48,497.001,homing_exit,-3.6282,-0.0402,0.3563,-106.06,0.14,0.0295,-0.0487,11.426,40.83,6026,2,94,3,136.5,2,7,3,0,1,1,0,0,0,False,7.09,7.35,1,0,0,1,0,aproximando marcador da saida
547.968,497.5,homing_exit,-3.6251,-0.0571,0.3603,-107.16,0.35,0.0374,-0.0533,11.445,40.83,6026,2,94,3,136.5,2,7,3,0,1,1,0,0,0,False,7.09,7.35,1,0,0,1,0,aproximando marcador da saida
548.459,498.0,homing_exit,-3.6227,-0.0677,0.3581,-108.36,0.35,0.0232,-0.0503,11.462,40.83,6026,2,94,3,136.5,2,7,3,0,1,1,0,0,0,False,7.08,7.35,1,0,0,1,0,aproximando marcador da saida
548.955,498.5,homing_exit,-3.6196,-0.0784,0.3562,-110.24,0.38,0.0109,-0.0416,11.48,40.83,6026,2,94,3,136.5,2,7,3,0,1,1,0,0,0,False,7.08,7.35,1,0,0,1,0,aproximando marcador da saida
549.425,499.0,homing_exit,-3.6156,-0.089,0.3527,-111.83,0.54,0.0192,-0.1002,11.495,40.83,6026,2,94,3,136.5,2,7,3,0,1,1,0,0,0,False,7.06,7.35,1,0,0,1,0,aproximando marcador da saida
549.902,499.5,homing_exit,-3.6095,-0.1023,0.3543,-114.04,0.53,0.017,-0.1039,11.512,40.83,6026,2,94,3,136.5,2,7,3,0,1,1,0,0,0,False,7.06,7.35,1,0,0,1,0,aproximando marcador da saida
550.383,500.0,homing_exit,-3.6024,-0.1127,0.3541,-116.65,0.58,0.0214,-0.1031,11.527,40.83,6026,2,94,3,136.5,2,7,3,0,1,1,0,0,0,False,7.05,7.35,1,0,0,1,0,aproximando marcador da saida
550.875,500.5,homing_exit,-3.5969,-0.1192,0.3558,-118.8,0.52,0.0117,-0.1113,11.541,40.83,6026,2,94,3,136.5,2,7,3,0,1,1,0,0,0,False,7.05,7.35,1,0,0,1,0,aproximando marcador da saida
551.363,501.0,homing_exit,-3.5892,-0.1254,0.3563,-121.85,0.58,0.0181,-0.1209,11.555,40.83,6026,2,94,3,136.5,2,7,3,0,1,1,0,0,0,False,7.04,7.35,1,0,0,1,0,aproximando marcador da saida
551.856,501.5,homing_exit,-3.5792,-0.1297,0.3556,-124.97,0.78,0.0088,-0.1292,11.571,40.83,6026,2,94,3,136.5,2,7,3,0,1,1,0,0,0,False,7.04,7.35,1,0,0,1,0,aproximando marcador da saida
552.325,502.0,homing_exit,-3.581,-0.1309,0.3465,-127.36,0.28,0.0085,-0.0496,11.581,40.83,6026,2,94,3,136.5,2,7,3,0,1,1,0,0,0,False,7.04,7.35,1,0,0,1,0,aproximando marcador da saida
552.809,502.5,homing_exit,-3.5731,-0.1401,0.3507,-130.19,0.31,0.009,-0.0656,11.604,40.83,6026,2,94,3,136.5,2,7,3,0,1,1,0,0,0,False,7.04,7.35,1,0,0,1,0,aproximando marcador da saida
553.309,503.0,homing_exit,-3.5741,-0.1453,0.3544,-132.22,0.47,0.0062,-0.0633,11.622,40.83,6026,2,94,3,136.5,2,7,3,0,1,1,0,0,0,False,7.04,7.35,1,0,0,1,0,aproximando marcador da saida
553.803,503.5,homing_exit,-3.572,-0.1507,0.3548,-134.14,0.17,0.0176,-0.106,11.638,40.83,6026,2,94,3,136.5,2,7,3,0,1,1,0,0,0,False,7.04,7.35,1,0,0,1,0,aproximando marcador da saida
554.272,504.0,homing_exit,-3.57,-0.1604,0.3535,-136.29,0.42,0.0264,-0.1122,11.651,40.83,6026,2,94,3,136.5,2,7,3,0,1,1,0,0,0,False,7.02,7.35,1,0,0,1,0,aproximando marcador da saida
554.748,504.5,homing_exit,-3.5676,-0.1725,0.3471,-139.03,0.56,0.0178,-0.1164,11.665,40.83,6026,2,94,3,136.5,2,7,3,0,1,1,0,0,0,False,7.02,7.35,1,0,1,1,0,aproximando marcador da saida
555.244,505.0,homing_exit,-3.5659,-0.1758,0.3523,-141.55,0.35,0.015,-0.0918,11.679,40.83,6026,2,94,3,136.5,2,7,3,0,1,1,0,0,0,True,4.3,7.35,1,0,1,1,0,aproximando marcador da saida
555.722,505.5,homing_exit,-3.5639,-0.1875,0.3543,-144.13,0.69,0.0234,-0.1107,11.695,40.83,6026,2,94,3,136.5,2,7,3,0,1,1,0,0,0,True,4.3,7.35,1,0,1,1,0,aproximando marcador da saida
556.208,506.0,homing_exit,-3.5598,-0.1966,0.3508,-147.08,0.75,0.0167,-0.0978,11.713,40.83,6026,2,94,3,136.5,2,7,3,0,1,1,0,0,0,True,2.31,7.35,1,0,1,1,0,aproximando marcador da saida
556.703,506.5,homing_exit,-3.5637,-0.1979,0.3541,-149.77,0.27,0.0235,-0.085,11.728,40.83,6026,2,94,3,136.5,2,7,3,0,1,1,0,0,0,True,2.31,7.35,1,0,1,1,0,aproximando marcador da saida
557.157,507.001,homing_exit,-3.5534,-0.209,0.3544,-152.38,0.44,0.018,-0.1195,11.746,40.83,6026,2,94,3,136.5,2,7,3,0,1,1,0,0,0,True,2.1,7.35,1,0,1,1,0,aproximando marcador da saida
557.654,507.5,homing_exit,-3.552,-0.2169,0.3536,-154.83,0.5,0.0291,-0.0915,11.761,40.83,6026,2,94,3,136.5,2,7,3,0,1,1,0,0,0,True,2.1,7.35,1,0,1,1,0,aproximando marcador da saida
558.148,508.0,homing_exit,-3.5481,-0.2277,0.3545,-156.74,0.41,0.0273,-0.0505,11.782,40.83,6026,2,94,3,136.5,2,7,3,0,1,1,0,0,0,True,1.84,7.35,1,0,1,1,0,aproximando marcador da saida
558.61,508.5,homing_exit,-3.5463,-0.2323,0.3533,-157.7,0.39,0.0309,-0.005,11.792,40.83,6026,2,94,3,136.5,2,7,3,0,1,1,0,0,0,True,1.84,7.35,1,0,1,1,0,aproximando marcador da saida
559.12,509.0,homing_exit,-3.5447,-0.2414,0.3531,-158.4,0.57,0.0344,-0.0411,11.805,40.83,6026,2,94,3,136.5,2,7,3,0,1,1,0,0,0,True,1.71,7.35,1,0,1,1,0,aproximando marcador da saida
559.602,509.5,homing_exit,-3.5414,-0.252,0.3516,-159.56,0.78,0.0314,-0.0231,11.82,40.83,6026,2,94,3,136.5,2,7,3,0,1,1,0,0,0,True,1.71,7.35,1,0,1,1,0,aproximando marcador da saida
560.09,510.0,homing_exit,-3.539,-0.2625,0.3531,-160.71,0.88,0.0397,-0.0439,11.837,40.83,6026,2,94,3,136.5,2,7,3,0,1,1,0,0,0,True,1.55,7.35,1,0,1,1,0,aproximando marcador da saida
560.581,510.5,homing_exit,-3.5346,-0.2744,0.3538,-162.21,1.04,0.0415,-0.0543,11.856,40.83,6026,2,94,3,136.5,2,7,3,0,1,1,0,0,0,True,1.55,7.35,1,0,1,1,0,aproximando marcador da saida
561.066,511.0,homing_exit,-3.5328,-0.2896,0.3508,-164.54,0.9,0.0313,-0.0677,11.874,40.83,6026,2,94,3,136.5,2,7,3,0,1,1,0,0,0,True,1.41,7.35,1,0,1,1,0,aproximando marcador da saida
561.555,511.5,homing_exit,-3.5333,-0.2941,0.3522,-166.06,0.49,0.006,-0.0488,11.882,40.83,6026,2,94,3,136.5,2,7,3,0,1,1,0,0,0,True,1.41,7.35,1,0,1,1,0,aproximando marcador da saida
562.024,512.0,homing_exit,-3.5302,-0.2965,0.3546,-167.33,0.23,0.0066,0.0346,11.896,40.83,6026,2,94,3,136.5,2,7,3,0,1,1,0,0,0,True,1.27,7.35,1,0,1,1,0,aproximando marcador da saida
562.493,512.5,homing_exit,-3.5326,-0.2892,0.3484,-166.61,0.21,0.025,0.0412,11.905,40.83,6026,2,94,3,136.5,2,7,3,0,1,1,0,0,0,True,1.27,7.35,1,0,1,1,0,aproximando marcador da saida
562.972,513.0,homing_exit,-3.5341,-0.2938,0.3525,-165.41,0.15,0.0272,0.0318,11.917,40.83,6026,2,94,3,136.5,2,7,3,0,1,1,0,0,0,True,1.27,7.35,1,0,1,1,0,aproximando marcador da saida
563.465,513.5,homing_exit,-3.5362,-0.3024,0.355,-163.82,0.18,0.0429,0.0756,11.929,40.83,6026,2,94,3,136.5,2,7,3,0,1,1,0,0,0,True,1.27,7.35,1,0,1,1,0,aproximando marcador da saida
563.951,514.001,homing_exit,-3.5389,-0.3161,0.3577,-161.86,0.47,0.008,0.0044,11.944,40.83,6026,2,94,3,136.5,2,7,3,0,1,1,0,0,0,True,1.27,7.35,1,0,1,1,0,aproximando marcador da saida
564.45,514.5,homing_exit,-3.5443,-0.3071,0.3566,-158.75,0.15,0.0203,0.1044,11.967,40.83,6026,2,94,3,136.5,2,7,3,0,1,1,0,0,0,True,1.46,7.35,1,0,1,1,0,aproximando marcador da saida
564.936,515.0,homing_exit,-3.5448,-0.3063,0.3537,-158.5,0.22,0.0274,0.0695,11.979,40.83,6026,2,94,3,136.5,2,7,3,0,1,1,0,0,0,True,1.46,7.35,1,0,1,1,0,aproximando marcador da saida
565.41,515.5,homing_exit,-3.55,-0.2987,0.3529,-155.8,0.25,0.0232,0.1289,11.996,40.83,6026,2,94,3,136.5,2,7,3,0,1,1,0,0,0,True,1.66,7.35,1,0,1,1,0,aproximando marcador da saida
565.898,516.0,homing_exit,-3.5561,-0.2906,0.354,-152.96,0.48,0.0285,0.0947,12.009,40.83,6026,2,94,3,136.5,2,7,3,0,1,1,0,0,0,True,1.66,7.35,1,0,1,1,0,aproximando marcador da saida
566.343,516.5,homing_exit,-3.5646,-0.2819,0.3463,-149.34,0.54,0.0357,0.1438,12.024,40.83,6026,2,94,3,136.5,2,7,3,0,1,1,0,0,0,True,1.85,7.35,1,0,1,1,0,aproximando marcador da saida
566.809,517.001,homing_exit,-3.566,-0.2767,0.3525,-147.06,0.36,0.002,0.0917,12.033,40.83,6026,2,94,3,136.5,2,7,3,0,1,1,0,0,0,True,1.85,7.35,1,0,1,1,0,aproximando marcador da saida
567.309,517.5,homing_exit,-3.566,-0.2714,0.354,-144.83,0.37,0.0061,0.0942,12.042,40.83,6026,2,94,3,136.5,2,7,3,0,1,1,0,0,0,True,2.31,7.35,1,0,1,1,0,aproximando marcador da saida
567.794,518.0,homing_exit,-3.5664,-0.2666,0.3573,-142.41,0.29,0.0087,0.0957,12.052,40.83,6026,2,94,3,136.5,2,7,3,0,1,1,0,0,0,True,2.31,7.35,1,0,1,1,0,aproximando marcador da saida
568.263,518.501,homing_exit,-3.5675,-0.2668,0.3596,-139.98,0.12,0.0287,0.1067,12.063,40.83,6026,2,94,3,136.5,2,7,3,0,1,1,0,0,0,True,2.57,7.35,1,0,1,1,0,aproximando marcador da saida
568.749,519.0,homing_exit,-3.569,-0.2637,0.3568,-137.55,0.15,0.0273,0.0982,12.071,40.83,6026,2,94,3,136.5,2,7,3,0,1,1,0,0,0,True,2.57,7.35,1,0,1,1,0,aproximando marcador da saida
569.227,519.5,homing_exit,-3.5709,-0.2612,0.3553,-135.24,0.27,0.0317,0.098,12.078,40.83,6026,2,94,3,136.5,2,7,3,0,1,1,0,0,0,True,2.73,7.35,1,0,1,1,0,aproximando marcador da saida
569.711,520.0,homing_exit,-3.5734,-0.2591,0.3561,-132.85,0.14,0.0319,0.09,12.083,40.83,6026,2,94,3,136.5,2,7,3,0,1,1,0,0,0,True,2.73,7.35,1,0,1,1,0,aproximando marcador da saida
570.213,520.5,homing_exit,-3.5759,-0.2575,0.3573,-130.81,0.11,0.0347,0.051,12.087,40.83,6026,2,94,3,136.5,2,7,3,0,1,1,0,0,0,True,2.91,7.35,1,0,1,1,0,aproximando marcador da saida
570.696,521.0,homing_exit,-3.5781,-0.2567,0.3577,-129.21,0.14,0.0338,0.0568,12.089,40.83,6026,2,94,3,136.5,2,7,3,0,1,1,0,0,0,True,2.91,7.35,1,0,1,1,0,aproximando marcador da saida
571.167,521.5,homing_exit,-3.5806,-0.256,0.3574,-127.55,0.19,0.0387,0.0735,12.092,40.83,6026,2,94,3,136.5,2,7,3,0,1,1,0,0,0,True,3.11,7.35,1,0,1,1,0,aproximando marcador da saida
571.663,522.0,homing_exit,-3.5824,-0.256,0.3599,-126.38,0.05,0.0363,0.0617,12.096,40.83,6026,2,94,3,136.5,2,7,3,0,1,1,0,0,0,True,3.11,7.35,1,0,1,1,0,aproximando marcador da saida
572.146,522.5,homing_exit,-3.5854,-0.2558,0.3584,-124.67,0.17,0.0411,0.0637,12.099,40.83,6026,2,94,3,136.5,2,7,3,0,1,1,0,0,0,True,3.11,7.35,1,0,1,1,0,aproximando marcador da saida
572.605,523.0,homing_exit,-3.5887,-0.2558,0.3544,-122.72,0.22,0.0361,0.0688,12.104,40.83,6026,2,94,3,136.5,2,7,3,0,1,1,0,0,0,True,3.11,7.35,1,0,1,1,0,aproximando marcador da saida
573.059,523.5,homing_exit,-3.592,-0.256,0.3528,-121.2,0.23,0.0413,0.0696,12.108,40.83,6026,2,94,3,136.5,2,7,3,0,1,1,0,0,0,True,3.12,7.35,1,0,1,1,0,aproximando marcador da saida
573.528,524.0,homing_exit,-3.5954,-0.2524,0.3439,-119.83,0.26,0.0301,0.0586,12.113,40.83,6026,2,94,3,136.5,2,7,3,0,1,1,0,0,0,True,3.12,7.35,1,0,1,1,0,aproximando marcador da saida
573.992,524.5,homing_exit,-3.5969,-0.2507,0.3457,-119.12,0.18,0.0301,0.0455,12.116,40.83,6026,2,94,3,136.5,2,7,3,0,1,1,0,0,0,True,3.12,7.35,1,0,1,1,0,aproximando marcador da saida
574.476,525.0,homing_exit,-3.5997,-0.2479,0.3469,-117.93,0.34,0.0283,0.0636,12.12,40.83,6026,2,94,3,136.5,2,7,3,0,1,1,0,0,0,True,3.12,7.35,1,0,1,1,0,aproximando marcador da saida
574.955,525.5,homing_exit,-3.6056,-0.2421,0.3488,-115.53,0.34,0.029,0.1025,12.129,40.83,6026,2,94,3,136.5,2,7,3,0,1,1,0,0,0,True,3.12,7.35,1,0,1,1,0,aproximando marcador da saida
575.425,526.0,homing_exit,-3.6126,-0.2371,0.351,-112.88,0.37,0.0331,0.1164,12.138,40.83,6026,2,94,3,136.5,2,7,3,0,1,1,0,0,0,True,3.12,7.35,1,0,1,1,0,aproximando marcador da saida
575.927,526.5,homing_exit,-3.62,-0.2325,0.3525,-110.29,0.2,0.0355,0.0988,12.146,40.83,6026,2,94,3,136.5,2,7,3,0,1,1,0,0,0,True,3.12,7.35,1,0,1,1,0,aproximando marcador da saida
576.404,527.0,homing_exit,-3.6251,-0.2295,0.348,-108.5,0.32,0.0353,0.0552,12.153,40.83,6026,2,94,3,136.5,2,7,3,0,1,1,0,0,0,True,3.11,7.35,1,0,1,1,0,aproximando marcador da saida
576.874,527.5,homing_exit,-3.6287,-0.2278,0.3471,-107.42,0.13,0.0318,0.0565,12.159,40.83,6026,2,94,3,136.5,2,7,3,0,1,1,0,0,0,True,3.11,7.35,1,0,1,1,0,aproximando marcador da saida
577.358,528.0,homing_exit,-3.632,-0.2262,0.3469,-106.39,0.28,0.0362,0.0292,12.163,40.83,6026,2,94,3,136.5,2,7,3,0,1,1,0,0,0,True,3.11,7.35,1,0,1,1,0,aproximando marcador da saida
577.83,528.5,homing_exit,-3.6329,-0.2242,0.3522,-105.19,0.22,0.0163,-0.0034,12.169,40.83,6026,2,94,3,136.5,2,7,3,0,1,1,0,0,0,True,3.11,7.35,1,0,1,1,0,aproximando marcador da saida
578.305,529.0,homing_exit,-3.6307,-0.2254,0.3566,-105.78,0.3,0.0391,-0.0179,12.177,40.83,6026,2,94,3,136.5,2,7,3,0,1,1,0,0,0,True,3.11,7.35,1,0,1,1,0,aproximando marcador da saida
578.797,529.5,homing_exit,-3.6319,-0.226,0.3568,-106.15,0.15,0.0341,-0.0218,12.187,40.83,6026,2,94,3,136.5,2,7,3,0,1,1,0,0,0,True,3.11,7.35,1,0,1,1,0,aproximando marcador da saida
579.282,530.0,homing_exit,-3.6302,-0.2272,0.3569,-106.95,0.07,0.0325,-0.039,12.199,40.83,6026,2,94,3,136.5,2,7,3,0,1,1,0,0,0,True,2.91,7.35,1,0,1,1,0,aproximando marcador da saida
579.776,530.5,homing_exit,-3.6289,-0.2278,0.3561,-107.36,0.04,0.0306,-0.0219,12.206,40.83,6026,2,94,3,136.5,2,7,3,0,1,1,0,0,0,True,2.91,7.35,1,0,1,1,0,aproximando marcador da saida
580.266,531.0,homing_exit,-3.6227,-0.2309,0.3562,-109.37,0.08,0.0409,-0.0594,12.221,40.83,6026,2,94,3,136.5,2,7,3,0,1,1,0,0,0,True,3.11,7.35,1,0,1,1,0,aproximando marcador da saida
580.757,531.5,homing_exit,-3.621,-0.2318,0.355,-109.92,0.21,0.0359,-0.0048,12.226,40.83,6026,2,94,3,136.5,2,7,3,0,1,1,0,0,0,True,3.11,7.35,1,0,1,1,0,aproximando marcador da saida
581.218,532.0,homing_exit,-3.6189,-0.2327,0.3514,-110.39,0.4,0.0355,-0.0001,12.234,40.83,6026,2,94,3,136.5,2,7,3,0,1,1,0,0,0,True,3.11,7.35,1,0,1,1,0,aproximando marcador da saida
581.696,532.5,homing_exit,-3.6188,-0.2327,0.3523,-110.47,0.41,0.0357,-0.0097,12.238,40.83,6026,2,94,3,136.5,2,7,3,0,1,1,0,0,0,True,3.11,7.35,1,0,1,1,0,aproximando marcador da saida
582.183,533.001,homing_exit,-3.6193,-0.2325,0.3523,-110.35,0.41,0.0367,-0.0071,12.241,40.83,6026,2,94,3,136.5,2,7,3,0,1,1,0,0,0,True,3.11,7.35,1,0,1,1,0,aproximando marcador da saida
582.658,533.5,homing_exit,-3.6213,-0.2317,0.3527,-109.86,0.13,0.0353,0.0044,12.246,40.83,6026,2,94,3,136.5,2,7,3,0,1,1,0,0,0,True,3.11,7.35,1,0,1,1,0,aproximando marcador da saida
583.15,534.0,homing_exit,-3.6226,-0.231,0.3529,-109.41,0.05,0.0355,-0.0089,12.249,40.83,6026,2,94,3,136.5,2,7,3,0,1,1,0,0,0,True,3.11,7.35,1,0,1,1,0,aproximando marcador da saida
583.646,534.5,homing_exit,-3.6229,-0.2308,0.3538,-109.32,0.06,0.034,0.0035,12.251,40.83,6026,2,94,3,136.5,2,7,3,0,1,1,0,0,0,True,3.11,7.35,1,0,1,1,0,aproximando marcador da saida
584.12,535.0,homing_exit,-3.6232,-0.2307,0.3501,-109.21,0.05,0.0366,0.0086,12.253,40.83,6026,2,94,3,136.5,2,7,3,0,1,1,0,0,0,True,3.11,7.35,1,0,1,1,0,aproximando marcador da saida
584.587,535.5,homing_exit,-3.6238,-0.2303,0.3505,-109.01,0.1,0.0341,0.013,12.255,40.83,6026,2,94,3,136.5,2,7,3,0,1,1,0,0,0,True,3.11,7.35,1,0,1,1,0,aproximando marcador da saida
585.077,536.002,homing_exit,-3.6241,-0.23,0.3484,-108.82,0.34,0.0383,-0.0029,12.26,40.83,6026,2,94,3,136.5,2,7,3,0,1,1,0,0,0,True,3.11,7.35,1,0,1,1,0,aproximando marcador da saida
585.562,536.501,homing_exit,-3.6238,-0.23,0.3491,-108.81,0.39,0.0352,0.0023,12.263,40.83,6026,2,94,3,136.5,2,7,3,0,1,1,0,0,0,True,3.11,7.35,1,0,1,1,0,aproximando marcador da saida
586.055,537.0,homing_exit,-3.6242,-0.2298,0.35,-108.74,0.32,0.0358,0.0149,12.266,40.83,6026,2,94,3,136.5,2,7,3,0,1,1,0,0,0,True,3.11,7.35,1,0,1,1,0,aproximando marcador da saida
586.527,537.5,homing_exit,-3.6253,-0.2294,0.3504,-108.51,0.33,0.0352,-0.0027,12.268,40.83,6026,2,94,3,136.5,2,7,3,0,1,1,0,0,0,True,3.11,7.35,1,0,1,1,0,aproximando marcador da saida
587.001,538.0,homing_exit,-3.6257,-0.2293,0.3527,-108.4,0.18,0.0362,-0.0024,12.27,40.83,6026,2,94,3,136.5,2,7,3,0,1,1,0,0,0,True,3.11,7.35,1,0,1,1,0,aproximando marcador da saida
587.485,538.5,homing_exit,-3.6257,-0.2293,0.3529,-108.38,0.09,0.0345,-0.0105,12.272,40.83,6026,2,94,3,136.5,2,7,3,0,1,1,0,0,0,True,3.11,7.35,1,0,1,1,0,aproximando marcador da saida
587.948,539.0,homing_exit,-3.6254,-0.2294,0.3469,-108.5,0.01,0.0328,-0.0198,12.276,40.83,6026,2,94,3,136.5,2,7,3,0,1,1,0,0,0,True,3.11,7.35,1,0,1,1,0,aproximando marcador da saida
588.441,539.5,homing_exit,-3.625,-0.2296,0.3497,-108.63,0.16,0.0322,0.0148,12.279,40.83,6026,2,94,3,136.5,2,7,3,0,1,1,0,0,0,True,3.11,7.35,1,0,1,1,0,aproximando marcador da saida
588.935,540.0,homing_exit,-3.6251,-0.2296,0.3506,-108.6,0.18,0.0329,0.0127,12.281,40.83,6026,2,94,3,136.5,2,7,3,0,1,1,0,0,0,True,3.11,7.35,1,0,1,1,0,aproximando marcador da saida
589.426,540.5,homing_exit,-3.6251,-0.2295,0.3517,-108.53,0.25,0.0352,0.0056,12.283,40.83,6026,2,94,3,136.5,2,7,3,0,1,1,0,0,0,True,3.11,7.35,1,0,1,1,0,aproximando marcador da saida
589.91,541.0,homing_exit,-3.6254,-0.2294,0.3515,-108.47,0.26,0.0364,0.0086,12.284,40.83,6026,2,94,3,136.5,2,7,3,0,1,1,0,0,0,True,3.11,7.35,1,0,1,1,0,aproximando marcador da saida
590.384,541.5,homing_exit,-3.6245,-0.2292,0.3462,-108.32,0.48,0.0313,-0.0207,12.288,40.83,6026,2,94,3,136.5,2,7,3,0,1,1,0,0,0,True,3.11,7.35,1,0,1,1,0,aproximando marcador da saida
590.86,542.0,homing_exit,-3.6265,-0.2288,0.348,-108.12,0.36,0.0337,-0.0233,12.293,40.83,6026,2,94,3,136.5,2,7,3,0,1,1,0,0,0,True,3.11,7.35,1,0,1,1,0,aproximando marcador da saida
591.353,542.5,homing_exit,-3.624,-0.2301,0.3463,-108.92,0.27,0.0353,-0.0144,12.297,40.83,6026,2,94,3,136.5,2,7,3,0,1,1,0,0,0,True,2.92,7.35,1,0,1,1,0,aproximando marcador da saida
591.842,543.0,homing_exit,-3.6228,-0.2309,0.3493,-109.37,0.05,0.0339,-0.0598,12.307,40.83,6026,2,94,3,136.5,2,7,3,0,1,1,0,0,0,True,2.92,7.35,1,0,1,1,0,aproximando marcador da saida
592.325,543.5,homing_exit,-3.6209,-0.232,0.3494,-109.99,0.05,0.0357,-0.0362,12.313,40.83,6026,2,94,3,136.5,2,7,3,0,1,1,0,0,0,True,3.11,7.35,1,0,1,1,0,aproximando marcador da saida
592.804,544.0,homing_exit,-3.6183,-0.2334,0.3527,-110.87,0.16,0.0346,0.0063,12.318,40.83,6026,2,94,3,136.5,2,7,3,0,1,1,0,0,0,True,3.11,7.35,1,0,1,1,0,aproximando marcador da saida
593.291,544.5,homing_exit,-3.6177,-0.2338,0.3519,-111.06,0.08,0.0343,-0.0241,12.322,40.83,6026,2,94,3,136.5,2,7,3,0,1,1,0,0,0,True,3.11,7.35,1,0,1,1,0,aproximando marcador da saida
593.771,545.0,homing_exit,-3.616,-0.2347,0.3529,-111.59,0.28,0.0316,0.0078,12.328,40.83,6026,2,94,3,136.5,2,7,3,0,1,1,0,0,0,True,3.11,7.35,1,0,1,1,0,aproximando marcador da saida
594.26,545.5,homing_exit,-3.616,-0.2347,0.3531,-111.59,0.29,0.0324,0.0058,12.332,40.83,6026,2,94,3,136.5,2,7,3,0,1,1,0,0,0,True,3.11,7.35,1,0,1,1,0,aproximando marcador da saida
594.738,546.001,homing_exit,-3.6127,-0.2365,0.3555,-112.58,0.46,0.0345,-0.0354,12.337,40.83,6026,2,94,3,136.5,2,7,3,0,1,1,0,0,0,True,3.11,7.35,1,0,1,1,0,aproximando marcador da saida
595.226,546.5,homing_exit,-3.6134,-0.2364,0.3547,-112.5,0.33,0.0339,-0.0021,12.341,40.83,6026,2,94,3,136.5,2,7,3,0,1,1,0,0,0,True,3.12,7.35,1,0,1,1,0,aproximando marcador da saida
595.71,547.001,homing_exit,-3.6142,-0.236,0.3535,-112.24,0.26,0.0339,-0.0008,12.345,40.83,6026,2,94,3,136.5,2,7,3,0,1,1,0,0,0,True,3.12,7.35,1,0,1,1,0,aproximando marcador da saida
596.181,547.5,homing_exit,-3.6153,-0.2352,0.3512,-111.94,0.21,0.0352,0.0102,12.351,40.83,6026,2,94,3,136.5,2,7,3,0,1,1,0,0,0,True,3.12,7.35,1,0,1,1,0,aproximando marcador da saida
596.657,548.0,homing_exit,-3.6178,-0.2334,0.3556,-111.03,0.28,0.0349,0.0381,12.358,40.83,6026,2,94,3,136.5,2,7,3,0,1,1,0,0,0,True,3.12,7.35,1,0,1,1,0,aproximando marcador da saida
597.117,548.5,homing_exit,-3.6208,-0.232,0.3586,-110.02,0.12,0.0337,0.0447,12.362,40.83,6026,2,94,3,136.5,2,7,3,0,1,1,0,0,0,True,3.11,7.35,1,0,1,1,0,aproximando marcador da saida
597.597,549.0,homing_exit,-3.6237,-0.2303,0.3561,-109.04,0.14,0.0328,0.0334,12.366,40.83,6026,2,94,3,136.5,2,7,3,0,1,1,0,0,0,True,3.11,7.35,1,0,1,1,0,aproximando marcador da saida
598.074,549.5,homing_exit,-3.626,-0.229,0.355,-108.2,0.29,0.0357,0.0616,12.373,40.83,6026,2,94,3,136.5,2,7,3,0,1,1,0,0,0,True,3.11,7.35,1,0,1,1,0,aproximando marcador da saida
598.546,550.0,homing_exit,-3.6262,-0.2288,0.3551,-108.01,0.38,0.0352,0.0177,12.382,40.83,6026,2,94,3,136.5,2,7,3,0,1,1,0,0,0,True,3.11,7.35,1,0,1,1,0,aproximando marcador da saida
599.039,550.501,homing_exit,-3.6257,-0.2287,0.355,-108.02,0.48,0.0342,-0.0021,12.388,40.83,6026,2,94,3,136.5,2,7,3,0,1,1,0,0,0,True,3.11,7.35,1,0,1,1,0,aproximando marcador da saida
599.52,551.001,homing_exit,-3.6253,-0.2287,0.3553,-107.98,0.51,0.0339,-0.002,12.392,40.83,6026,2,94,3,136.5,2,7,3,0,1,1,0,0,0,True,3.11,7.35,1,0,1,1,0,aproximando marcador da saida
600.01,551.503,homing_exit,-3.6258,-0.2287,0.3557,-107.99,0.34,0.0355,-0.0093,12.398,40.83,6026,2,94,3,136.5,2,7,3,0,1,1,0,0,0,True,3.11,7.35,1,0,1,1,0,aproximando marcador da saida
600.504,552.0,homing_exit,-3.6266,-0.2289,0.3549,-108.1,0.15,0.0312,-0.0178,12.407,40.83,6026,2,94,3,136.5,2,7,3,0,1,1,0,0,0,True,3.11,7.35,1,0,1,1,0,aproximando marcador da saida
600.996,552.5,homing_exit,-3.6258,-0.2292,0.3547,-108.36,0.11,0.033,-0.0146,12.414,40.83,6026,2,94,3,136.5,2,7,3,0,1,1,0,0,0,True,3.11,7.35,1,0,1,1,0,aproximando marcador da saida
601.477,553.0,homing_exit,-3.6258,-0.2293,0.3539,-108.37,0.05,0.0412,-0.0091,12.42,40.83,6026,2,94,3,136.5,2,7,3,0,1,1,0,0,0,True,3.11,7.35,1,0,1,1,0,aproximando marcador da saida
601.961,553.5,homing_exit,-3.6276,-0.2284,0.353,-107.76,0.1,0.0342,-0.0,12.429,40.83,6026,2,94,3,136.5,2,7,3,0,1,1,0,0,0,True,3.11,7.35,1,0,1,1,0,aproximando marcador da saida
602.454,554.0,homing_exit,-3.6282,-0.2281,0.3529,-107.58,0.22,0.0372,0.0102,12.436,40.83,6026,2,94,3,136.5,2,7,3,0,1,1,0,0,0,True,3.11,7.35,1,0,1,1,0,aproximando marcador da saida
602.939,554.5,homing_exit,-3.6272,-0.2282,0.3533,-107.66,0.23,0.0,0.12,12.442,40.83,6026,2,94,3,136.5,2,7,3,0,1,1,0,0,0,True,3.11,7.35,1,0,1,1,0,aproximando marcador da saida
603.426,555.0,homing_exit,-3.6339,-0.2243,0.3542,-104.85,0.14,0.0,0.0,12.456,40.83,6026,2,94,3,136.5,2,7,3,0,1,1,0,0,0,True,3.11,7.35,1,0,1,1,0,aproximando marcador da saida
603.909,555.5,homing_exit,-3.6366,-0.2216,0.3529,-104.87,0.23,0.0,0.0,12.464,40.83,6026,2,94,3,136.5,2,7,3,0,1,1,0,0,0,True,3.11,7.35,1,0,1,1,0,aproximando marcador da saida
604.38,556.0,homing_exit,-3.6358,-0.2237,0.3544,-104.9,0.26,0.0,0.0,12.466,40.83,6026,2,94,3,136.5,2,7,3,0,1,1,0,0,0,True,2.91,7.35,1,0,1,1,0,aproximando marcador da saida
604.84,556.5,homing_exit,-3.6358,-0.2237,0.3546,-104.82,0.25,0.0,0.0,12.466,40.83,6026,2,94,3,136.5,2,7,3,0,1,1,0,0,0,True,2.91,7.35,1,0,1,1,0,aproximando marcador da saida
605.327,557.001,homing_exit,-3.6358,-0.2237,0.3547,-104.82,0.24,0.0,0.0,12.467,40.83,6026,2,94,3,136.5,2,7,3,0,1,1,0,0,0,True,2.91,7.35,1,0,1,1,0,aproximando marcador da saida
605.824,557.5,homing_exit,-3.6357,-0.2234,0.3548,-104.88,0.24,0.0,0.0,12.467,40.83,6026,2,94,3,136.5,2,7,3,0,1,1,0,0,0,True,2.91,7.35,1,0,1,1,0,aproximando marcador da saida
606.316,558.0,homing_exit,-3.6357,-0.2233,0.3549,-104.84,0.24,0.0,0.0,12.467,40.83,6026,2,94,3,136.5,2,7,3,0,1,1,0,0,0,True,2.91,7.35,1,0,1,1,0,aproximando marcador da saida
606.8,558.5,homing_exit,-3.6356,-0.2233,0.355,-104.81,0.24,0.0,0.0,12.467,40.83,6026,2,94,3,136.5,2,7,3,0,1,1,0,0,0,True,2.91,7.35,1,0,1,1,0,aproximando marcador da saida
607.27,559.0,homing_exit,-3.6356,-0.2233,0.355,-104.83,0.24,0.0,0.0,12.467,40.83,6026,2,94,3,136.5,2,7,3,0,1,1,0,0,0,True,2.91,7.35,1,0,1,1,0,aproximando marcador da saida
607.757,559.5,homing_exit,-3.6355,-0.2232,0.3551,-104.75,0.24,0.0,0.0,12.468,40.83,6026,2,94,3,136.5,2,7,3,0,1,1,0,0,0,True,2.91,7.35,1,0,1,1,0,aproximando marcador da saida
608.25,560.0,homing_exit,-3.6355,-0.223,0.3552,-104.88,0.24,0.0,0.0,12.468,40.83,6026,2,94,3,136.5,2,7,3,0,1,1,0,0,0,True,2.91,7.35,1,0,1,1,0,aproximando marcador da saida
608.741,560.5,homing_exit,-3.6344,-0.2245,0.3524,-105.0,0.06,0.0227,-0.0136,12.471,40.83,6026,2,94,3,136.5,2,7,3,0,1,1,0,0,0,True,2.91,7.35,1,0,1,1,0,aproximando marcador da saida
609.229,561.0,homing_exit,-3.6346,-0.2251,0.3519,-105.46,0.1,0.0345,-0.0231,12.479,40.83,6026,2,94,3,136.5,2,7,3,0,1,1,0,0,0,True,3.11,7.35,1,0,1,1,0,aproximando marcador da saida
609.713,561.5,homing_exit,-3.634,-0.2255,0.3518,-105.77,0.16,0.0363,-0.035,12.487,40.83,6026,2,94,3,136.5,2,7,3,0,1,1,0,0,0,True,3.11,7.35,1,0,1,1,0,aproximando marcador da saida
610.195,562.0,homing_exit,-3.6306,-0.227,0.3516,-106.84,0.09,0.0353,-0.0491,12.495,40.83,6026,2,94,3,136.5,2,7,3,0,1,1,0,0,0,True,2.91,7.35,1,0,1,1,0,aproximando marcador da saida
610.674,562.5,homing_exit,-3.6305,-0.227,0.3508,-106.85,0.12,0.0336,-0.0057,12.501,40.83,6026,2,94,3,136.5,2,7,3,0,1,1,0,0,0,True,2.91,7.35,1,0,1,1,0,aproximando marcador da saida
611.125,563.0,homing_exit,-3.631,-0.2267,0.3483,-106.66,0.14,0.0335,0.0469,12.508,40.83,6026,2,94,3,136.5,2,7,3,0,1,1,0,0,0,True,2.91,7.35,1,0,1,1,0,aproximando marcador da saida
611.639,563.5,homing_exit,-3.6312,-0.2265,0.3486,-106.49,0.32,0.0344,0.025,12.511,40.83,6026,2,94,3,136.5,2,7,3,0,1,1,0,0,0,True,2.91,7.35,1,0,1,1,0,aproximando marcador da saida
612.123,564.0,homing_exit,-3.6319,-0.2261,0.35,-106.25,0.34,0.0341,0.017,12.514,40.83,6026,2,94,3,136.5,2,7,3,0,1,1,0,0,0,True,3.11,7.35,1,0,1,1,0,aproximando marcador da saida
612.604,564.5,homing_exit,-3.6335,-0.2256,0.351,-105.91,0.31,0.0338,0.0149,12.516,40.83,6026,2,94,3,136.5,2,7,3,0,1,1,0,0,0,True,3.11,7.35,1,0,1,1,0,aproximando marcador da saida
613.084,565.0,homing_exit,-3.635,-0.225,0.3512,-105.45,0.15,0.0368,-0.0027,12.518,40.83,6026,2,94,3,136.5,2,7,3,0,1,1,0,0,0,True,2.91,7.35,1,0,1,1,0,aproximando marcador da saida
613.563,565.5,homing_exit,-3.6361,-0.2246,0.3508,-105.11,0.03,0.0341,-0.0119,12.52,40.83,6026,2,94,3,136.5,2,7,3,0,1,1,0,0,0,True,2.91,7.35,1,0,1,1,0,aproximando marcador da saida
614.043,566.0,homing_exit,-3.6366,-0.2245,0.3504,-104.97,0.11,0.0354,-0.0104,12.524,40.83,6026,2,94,3,136.5,2,7,3,0,1,1,0,0,0,True,3.11,7.35,1,0,1,1,0,aproximando marcador da saida
614.518,566.5,homing_exit,-3.6353,-0.225,0.354,-105.38,0.1,0.0318,-0.0349,12.533,40.83,6026,2,94,3,136.5,2,7,3,0,1,1,0,0,0,True,3.11,7.35,1,0,1,1,0,aproximando marcador da saida
614.98,567.0,homing_exit,-3.6316,-0.2265,0.3528,-106.51,0.09,0.0347,-0.0678,12.546,40.83,6026,2,94,3,136.5,2,7,3,0,1,1,0,0,0,True,3.11,7.35,1,0,1,1,0,aproximando marcador da saida
615.469,567.5,homing_exit,-3.6284,-0.2277,0.3523,-107.35,0.26,0.039,-0.0322,12.56,40.83,6026,2,94,3,136.5,2,7,3,0,1,1,0,0,0,True,3.11,7.35,1,0,1,1,0,aproximando marcador da saida
615.934,568.0,homing_exit,-3.6245,-0.2292,0.3559,-108.29,0.47,0.04,-0.014,12.572,40.83,6026,2,94,3,136.5,2,7,3,0,1,1,0,0,0,True,3.11,7.35,1,0,1,1,0,aproximando marcador da saida
616.418,568.501,homing_exit,-3.6227,-0.2303,0.3539,-109.03,0.42,0.033,-0.0101,12.581,40.83,6026,2,94,3,136.5,2,7,3,0,1,1,0,0,0,True,3.11,7.35,1,0,1,1,0,aproximando marcador da saida
616.908,569.0,homing_exit,-3.6204,-0.2308,0.3533,-109.34,0.64,0.0336,-0.0081,12.587,40.83,6026,2,94,3,136.5,2,7,3,0,1,1,0,0,0,True,3.11,7.35,1,0,1,1,0,aproximando marcador da saida
617.401,569.5,homing_exit,-3.6194,-0.2311,0.3527,-109.5,0.41,0.0307,-0.0201,12.596,40.83,6026,2,94,3,136.5,2,7,3,0,1,1,0,0,0,True,3.11,7.35,1,0,1,1,0,aproximando marcador da saida
617.876,570.0,homing_exit,-3.6228,-0.2309,0.3549,-109.37,0.1,0.0306,0.0366,12.606,40.83,6026,2,94,3,136.5,2,7,3,0,1,1,0,0,0,True,3.11,7.35,1,0,1,1,0,aproximando marcador da saida
618.368,570.5,homing_exit,-3.6249,-0.2297,0.355,-108.65,0.1,0.0306,0.0574,12.611,40.83,6026,2,94,3,136.5,2,7,3,0,1,1,0,0,0,True,3.11,7.35,1,0,1,1,0,aproximando marcador da saida
618.846,571.0,homing_exit,-3.6262,-0.2281,0.3536,-108.22,0.32,0.0334,-0.0537,12.621,40.83,6026,2,94,3,136.5,2,7,3,0,1,1,0,0,0,True,3.11,7.35,1,0,1,1,0,aproximando marcador da saida
619.332,571.5,homing_exit,-3.6258,-0.2292,0.3519,-108.35,0.18,0.0375,-0.0526,12.633,40.83,6026,2,94,3,136.5,2,7,3,0,1,1,0,0,0,True,3.11,7.35,1,0,1,1,0,aproximando marcador da saida
619.825,572.0,homing_exit,-3.6219,-0.2313,0.3511,-109.58,0.27,0.03,-0.0042,12.643,40.83,6026,2,94,3,136.5,2,7,3,0,1,1,0,0,0,True,3.11,7.35,1,0,1,1,0,aproximando marcador da saida
620.307,572.5,homing_exit,-3.6194,-0.2324,0.3505,-110.27,0.55,0.0358,-0.0109,12.649,40.83,6026,2,94,3,136.5,2,7,3,0,1,1,0,0,0,True,3.11,7.35,1,0,1,1,0,aproximando marcador da saida
620.798,573.0,homing_exit,-3.6174,-0.2337,0.3508,-111.01,0.48,0.0356,-0.0142,12.655,40.83,6026,2,94,3,136.5,2,7,3,0,1,1,0,0,0,True,3.11,7.35,1,0,1,1,0,aproximando marcador da saida
621.267,573.5,homing_exit,-3.6149,-0.2341,0.3497,-111.24,0.64,0.0362,0.0253,12.663,40.83,6026,2,94,3,136.5,2,7,3,0,1,1,0,0,0,True,3.11,7.35,1,0,1,1,0,aproximando marcador da saida
621.752,574.0,homing_exit,-3.6194,-0.2324,0.3444,-110.25,0.29,0.0333,0.0034,12.673,40.83,6026,2,94,3,136.5,2,7,3,0,1,1,0,0,0,True,3.11,7.35,1,0,1,1,0,aproximando marcador da saida
622.234,574.5,homing_exit,-3.6221,-0.2312,0.3483,-109.59,0.12,0.0362,0.0168,12.679,40.83,6026,2,94,3,136.5,2,7,3,0,1,1,0,0,0,True,3.11,7.35,1,0,1,1,0,aproximando marcador da saida
622.699,575.0,homing_exit,-3.6268,-0.2285,0.3482,-108.03,0.3,0.0317,0.0459,12.684,40.83,6026,2,94,3,136.5,2,7,3,0,1,1,0,0,0,True,3.11,7.35,1,0,1,1,0,aproximando marcador da saida
623.17,575.5,homing_exit,-3.63,-0.2273,0.3496,-107.01,0.22,0.0328,0.017,12.693,40.83,6026,2,94,3,136.5,2,7,3,0,1,1,0,0,0,True,3.11,7.35,1,0,1,1,0,aproximando marcador da saida
623.658,576.0,homing_exit,-3.633,-0.2259,0.3514,-106.07,0.23,0.0354,0.086,12.699,40.83,6026,2,94,3,136.5,2,7,3,0,1,1,0,0,0,True,3.11,7.35,1,0,1,1,0,aproximando marcador da saida
624.131,576.5,homing_exit,-3.6343,-0.2254,0.351,-105.67,0.14,0.0325,0.0211,12.703,40.83,6026,2,94,3,136.5,2,7,3,0,1,1,0,0,0,True,2.91,7.35,1,0,1,1,0,aproximando marcador da saida
624.609,577.0,homing_exit,-3.6348,-0.2247,0.3516,-105.16,0.37,0.0405,0.0259,12.713,40.83,6026,2,94,3,136.5,2,7,3,0,1,1,0,0,0,True,2.91,7.35,1,0,1,1,0,aproximando marcador da saida
625.075,577.5,homing_exit,-3.6342,-0.2248,0.3552,-105.29,0.39,0.042,-0.0074,12.722,40.83,6026,2,94,3,136.5,2,7,3,0,1,1,0,0,0,True,2.91,7.35,1,0,1,1,0,aproximando marcador da saida
625.557,578.0,homing_exit,-3.6344,-0.225,0.3561,-105.42,0.37,0.0331,-0.0224,12.727,40.83,6026,2,94,3,136.5,2,7,3,0,1,1,0,0,0,True,2.91,7.35,1,0,1,1,0,aproximando marcador da saida
626.012,578.5,homing_exit,-3.6301,-0.2252,0.354,-105.52,0.55,0.0329,-0.0156,12.735,40.83,6026,2,94,3,136.5,2,7,3,0,1,1,0,0,0,True,3.11,7.35,1,0,1,1,0,aproximando marcador da saida
626.486,579.0,homing_exit,-3.6341,-0.2251,0.3537,-105.55,0.16,0.0326,-0.0028,12.747,40.83,6026,2,94,3,136.5,2,7,3,0,1,1,0,0,0,True,3.11,7.35,1,0,1,1,0,aproximando marcador da saida
626.975,579.5,homing_exit,-3.6334,-0.2257,0.3548,-105.97,0.02,0.0399,-0.0115,12.757,40.83,6026,2,94,3,136.5,2,7,3,0,1,1,0,0,0,True,3.11,7.35,1,0,1,1,0,aproximando marcador da saida
627.411,580.0,homing_exit,-3.6325,-0.2261,0.355,-106.23,0.04,0.0327,-0.0183,12.764,40.83,6026,2,94,3,136.5,2,7,3,0,1,1,0,0,0,True,2.91,7.35,1,0,1,1,0,aproximando marcador da saida
627.901,580.5,homing_exit,-3.6297,-0.2273,0.3573,-107.07,0.14,0.037,-0.0129,12.773,40.83,6026,2,94,3,136.5,2,7,3,0,1,1,0,0,0,True,2.91,7.35,1,0,1,1,0,aproximando marcador da saida
628.381,581.0,homing_exit,-3.6275,-0.2281,0.3524,-107.61,0.39,0.037,-0.0238,12.782,40.83,6026,2,94,3,136.5,2,7,3,0,1,1,0,0,0,True,2.92,7.35,1,0,1,1,0,aproximando marcador da saida
628.87,581.5,homing_exit,-3.6242,-0.2294,0.3521,-108.41,0.56,0.0348,-0.0126,12.791,40.83,6026,2,94,3,136.5,2,7,3,0,1,1,0,0,0,True,2.92,7.35,1,0,1,1,0,aproximando marcador da saida
629.337,582.0,homing_exit,-3.6232,-0.2301,0.3472,-108.91,0.43,0.0369,-0.02,12.798,40.83,6026,2,94,3,136.5,2,7,3,0,1,1,0,0,0,True,3.11,7.35,1,0,1,1,0,aproximando marcador da saida
629.793,582.501,homing_exit,-3.6234,-0.2304,0.3488,-109.11,0.34,0.0352,-0.0097,12.802,40.83,6026,2,94,3,136.5,2,7,3,0,1,1,0,0,0,True,3.11,7.35,1,0,1,1,0,aproximando marcador da saida
630.281,583.001,homing_exit,-3.6231,-0.2306,0.346,-109.23,0.3,0.0325,0.0066,12.805,40.83,6026,2,94,3,136.5,2,7,3,0,1,1,0,0,0,True,2.92,7.35,1,0,1,1,0,aproximando marcador da saida
630.777,583.5,homing_exit,-3.6218,-0.2314,0.3479,-109.68,0.15,0.0344,-0.0333,12.807,40.83,6026,2,94,3,136.5,2,7,3,0,1,1,0,0,0,True,2.92,7.35,1,0,1,1,0,aproximando marcador da saida
631.22,584.0,homing_exit,-3.6218,-0.2313,0.3513,-109.67,0.21,0.0341,0.0003,12.809,40.83,6026,2,94,3,136.5,2,7,3,0,1,1,0,0,0,True,3.11,7.35,1,0,1,1,0,aproximando marcador da saida
631.705,584.5,homing_exit,-3.6218,-0.2314,0.357,-109.7,0.11,0.0384,0.0001,12.812,40.83,6026,2,94,3,136.5,2,7,3,0,1,1,0,0,0,True,3.11,7.35,1,0,1,1,0,aproximando marcador da saida
632.144,585.0,homing_exit,-3.6208,-0.2318,0.3432,-109.95,0.22,0.0337,-0.0187,12.815,40.83,6026,2,94,3,136.5,2,7,3,0,1,1,0,0,0,True,3.11,7.35,1,0,1,1,0,aproximando marcador da saida
632.617,585.501,homing_exit,-3.6203,-0.2322,0.3438,-110.12,0.33,0.0377,0.016,12.817,40.83,6026,2,94,3,136.5,2,7,3,0,1,1,0,0,0,True,3.11,7.35,1,0,1,1,0,aproximando marcador da saida
633.106,586.001,homing_exit,-3.6211,-0.2318,0.3474,-109.92,0.19,0.0346,-0.0135,12.821,40.83,6026,2,94,3,136.5,2,7,3,0,1,1,0,0,0,True,3.11,7.35,1,0,1,1,0,aproximando marcador da saida
633.564,586.501,homing_exit,-3.621,-0.2304,0.3503,-109.24,0.2,0.0,0.0,12.823,40.83,6026,2,94,3,136.5,2,7,3,0,1,1,0,0,0,True,3.11,7.35,1,0,1,1,0,aproximando marcador da saida
634.004,587.0,homing_exit,-3.6215,-0.2308,0.3505,-109.33,0.15,0.0299,-0.0415,12.83,40.83,6026,2,94,3,136.5,2,7,3,0,1,1,0,0,0,True,3.11,7.35,1,0,1,1,0,aproximando marcador da saida
634.485,587.5,homing_exit,-3.6176,-0.2335,0.3495,-110.88,0.26,0.0321,-0.0617,12.836,40.83,6026,2,94,3,136.5,2,7,3,0,1,1,0,0,0,True,2.92,7.35,1,0,1,1,0,aproximando marcador da saida
634.966,588.0,homing_exit,-3.6196,-0.2325,0.3516,-110.42,0.09,0.0359,0.0293,12.846,40.83,6026,2,94,3,136.5,2,7,3,0,1,1,0,0,0,True,2.92,7.35,1,0,1,1,0,aproximando marcador da saida
635.45,588.5,homing_exit,-3.6167,-0.2345,0.3507,-111.42,0.04,0.0363,-0.0376,12.854,40.83,6026,2,94,3,136.5,2,7,3,0,1,1,0,0,0,True,3.11,7.35,1,0,1,1,0,aproximando marcador da saida
635.929,589.0,homing_exit,-3.6153,-0.2354,0.3514,-111.92,0.08,0.0359,-0.0166,12.86,40.83,6026,2,94,3,136.5,2,7,3,0,1,1,0,0,0,True,3.11,7.35,1,0,1,1,0,aproximando marcador da saida
636.42,589.5,homing_exit,-3.6147,-0.2358,0.3514,-112.13,0.02,0.0324,0.0387,12.867,40.83,6026,2,94,3,136.5,2,7,3,0,1,1,0,0,0,True,3.11,7.35,1,0,1,1,0,aproximando marcador da saida
636.905,590.0,homing_exit,-3.6142,-0.2361,0.3514,-112.29,0.17,0.0379,0.0197,12.874,40.83,6026,2,94,3,136.5,2,7,3,0,1,1,0,0,0,True,3.11,7.35,1,0,1,1,0,aproximando marcador da saida
637.389,590.5,homing_exit,-3.6134,-0.2358,0.351,-112.13,0.49,0.0332,0.0818,12.882,40.83,6026,2,94,3,136.5,2,7,3,0,1,1,0,0,0,True,3.11,7.35,1,0,1,1,0,aproximando marcador da saida
637.859,591.0,homing_exit,-3.6182,-0.2335,0.3524,-110.91,0.26,0.034,0.0534,12.888,40.83,6026,2,94,3,136.5,2,7,3,0,1,1,0,0,0,True,3.11,7.35,1,0,1,1,0,aproximando marcador da saida
638.316,591.5,homing_exit,-3.6211,-0.2317,0.3441,-109.9,0.26,0.0356,0.0141,12.892,40.83,6026,2,94,3,136.5,2,7,3,0,1,1,0,0,0,True,3.11,7.35,1,0,1,1,0,aproximando marcador da saida
638.8,592.0,homing_exit,-3.6228,-0.2308,0.3445,-109.34,0.12,0.0362,0.0075,12.894,40.83,6026,2,94,3,136.5,2,7,3,0,1,1,0,0,0,True,3.11,7.35,1,0,1,1,0,aproximando marcador da saida
639.263,592.5,homing_exit,-3.624,-0.2302,0.3428,-108.96,0.18,0.0348,0.0229,12.896,40.83,6026,2,94,3,136.5,2,7,3,0,1,1,0,0,0,True,3.11,7.35,1,0,1,1,0,aproximando marcador da saida
639.748,593.0,homing_exit,-3.6247,-0.2297,0.3465,-108.72,0.28,0.0335,-0.0023,12.897,40.83,6026,2,94,3,136.5,2,7,3,0,1,1,0,0,0,True,3.11,7.35,1,0,1,1,0,aproximando marcador da saida
640.212,593.5,homing_exit,-3.6252,-0.2295,0.3431,-108.56,0.25,0.0373,0.0198,12.899,40.83,6026,2,94,3,136.5,2,7,3,0,1,1,0,0,0,True,3.11,7.35,1,0,1,1,0,aproximando marcador da saida
640.693,594.0,homing_exit,-3.6255,-0.2294,0.3461,-108.45,0.15,0.0361,0.0027,12.902,40.83,6026,2,94,3,136.5,2,7,3,0,1,1,0,0,0,True,3.11,7.35,1,0,1,1,0,aproximando marcador da saida
641.173,594.5,homing_exit,-3.6251,-0.2295,0.3478,-108.54,0.32,0.0366,0.0105,12.906,40.83,6026,2,94,3,136.5,2,7,3,0,1,1,0,0,0,True,3.11,7.35,1,0,1,1,0,aproximando marcador da saida
641.641,595.002,homing_exit,-3.6253,-0.2291,0.3497,-108.28,0.35,0.0332,0.022,12.912,40.83,6026,2,94,3,136.5,2,7,3,0,1,1,0,0,0,True,3.11,7.35,1,0,1,1,0,aproximando marcador da saida
642.128,595.501,homing_exit,-3.6234,-0.2294,0.3507,-108.49,0.58,0.0355,-0.0412,12.921,40.83,6026,2,94,3,136.5,2,7,3,0,1,1,0,0,0,True,2.92,7.35,1,0,1,1,0,aproximando marcador da saida
642.621,596.001,homing_exit,-3.6241,-0.2299,0.3522,-108.82,0.39,0.0362,-0.0261,12.926,40.83,6026,2,94,3,136.5,2,7,3,0,1,1,0,0,0,True,2.92,7.35,1,0,1,1,0,aproximando marcador da saida
643.11,596.5,homing_exit,-3.6257,-0.2293,0.353,-108.41,0.18,0.0354,-0.0135,12.931,40.83,6026,2,94,3,136.5,2,7,3,0,1,1,0,0,0,True,3.11,7.35,1,0,1,1,0,aproximando marcador da saida
643.593,597.0,homing_exit,-3.6255,-0.2294,0.3533,-108.46,0.11,0.0359,-0.0156,12.933,40.83,6026,2,94,3,136.5,2,7,3,0,1,1,0,0,0,True,3.11,7.35,1,0,1,1,0,aproximando marcador da saida
644.08,597.5,homing_exit,-3.6253,-0.2296,0.3527,-108.54,0.07,0.036,0.0176,12.939,40.83,6026,2,94,3,136.5,2,7,3,0,1,1,0,0,0,True,3.11,7.35,1,0,1,1,0,aproximando marcador da saida
644.548,598.0,homing_exit,-3.6254,-0.2295,0.353,-108.48,0.04,0.0314,0.0361,12.942,40.83,6026,2,94,3,136.5,2,7,3,0,1,1,0,0,0,True,3.11,7.35,1,0,1,1,0,aproximando marcador da saida
645.028,598.5,homing_exit,-3.6257,-0.2293,0.35,-108.39,0.11,0.035,0.0052,12.947,40.83,6026,2,94,3,136.5,2,7,3,0,1,1,0,0,0,True,3.11,7.35,1,0,1,1,0,aproximando marcador da saida
645.516,599.0,homing_exit,-3.625,-0.2296,0.35,-108.56,0.27,0.0348,0.0106,12.95,40.83,6026,2,94,3,136.5,2,7,3,0,1,1,0,0,0,True,3.11,7.35,1,0,1,1,0,aproximando marcador da saida
646.001,599.5,homing_exit,-3.6231,-0.2299,0.3488,-108.77,0.58,0.0362,0.0089,12.954,40.83,6026,2,94,3,136.5,2,7,3,0,1,1,0,0,0,True,3.11,7.35,1,0,1,1,0,aproximando marcador da saida
646.446,600.0,homing_exit,-3.6233,-0.2299,0.34,-108.78,0.54,0.0343,-0.0009,12.959,40.83,6026,2,94,3,136.5,2,7,3,0,1,1,0,0,0,True,3.11,7.35,1,0,1,1,0,aproximando marcador da saida
646.933,600.501,homing_exit,-3.624,-0.23,0.3446,-108.89,0.39,0.0335,-0.0014,12.962,40.83,6026,2,94,3,136.5,2,7,3,0,1,1,0,0,0,True,3.11,7.35,1,0,1,1,0,aproximando marcador da saida
647.406,601.0,homing_exit,-3.6243,-0.23,0.3465,-108.86,0.23,0.0345,-0.002,12.963,40.83,6026,2,94,3,136.5,2,7,3,0,1,1,0,0,0,True,3.11,7.35,1,0,1,1,0,aproximando marcador da saida
647.891,601.5,homing_exit,-3.6243,-0.2301,0.3475,-108.86,0.04,0.0339,0.0037,12.964,40.83,6026,2,94,3,136.5,2,7,3,0,1,1,0,0,0,True,3.11,7.35,1,0,1,1,0,aproximando marcador da saida
648.363,602.0,homing_exit,-3.6245,-0.2298,0.3457,-108.78,0.28,0.032,0.0259,12.967,40.83,6026,2,94,3,136.5,2,7,3,0,1,1,0,0,0,True,3.11,7.35,1,0,1,1,0,aproximando marcador da saida
648.808,602.5,homing_exit,-3.6246,-0.2297,0.348,-108.75,0.33,0.0347,0.0054,12.969,40.83,6026,2,94,3,136.5,2,7,3,0,1,1,0,0,0,True,3.11,7.35,1,0,1,1,0,aproximando marcador da saida
649.306,603.0,homing_exit,-3.6244,-0.23,0.3482,-108.81,0.11,0.0335,0.0023,12.971,40.83,6026,2,94,3,136.5,2,7,3,0,1,1,0,0,0,True,3.11,7.35,1,0,1,1,0,aproximando marcador da saida
649.784,603.5,homing_exit,-3.624,-0.2301,0.3486,-108.91,0.24,0.0331,0.0104,12.973,40.83,6026,2,94,3,136.5,2,7,3,0,1,1,0,0,0,True,3.11,7.35,1,0,1,1,0,aproximando marcador da saida
650.259,604.0,homing_exit,-3.6241,-0.23,0.3489,-108.83,0.35,0.0355,0.0147,12.975,40.83,6026,2,94,3,136.5,2,7,3,0,1,1,0,0,0,True,3.11,7.35,1,0,1,1,0,aproximando marcador da saida
650.741,604.5,homing_exit,-3.6255,-0.2293,0.3501,-108.42,0.3,0.037,-0.0142,12.978,40.83,6026,2,94,3,136.5,2,7,3,0,1,1,0,0,0,True,3.11,7.35,1,0,1,1,0,aproximando marcador da saida
651.194,605.0,homing_exit,-3.6258,-0.2292,0.354,-108.35,0.3,0.0327,-0.0091,12.98,40.83,6026,2,94,3,136.5,2,7,3,0,1,1,0,0,0,True,3.11,7.35,1,0,1,1,0,aproximando marcador da saida
651.666,605.5,homing_exit,-3.6241,-0.2293,0.3531,-108.36,0.43,0.0343,-0.0109,12.985,40.83,6026,2,94,3,136.5,2,7,3,0,1,1,0,0,0,True,3.11,7.35,1,0,1,1,0,aproximando marcador da saida
652.137,606.001,homing_exit,-3.626,-0.2291,0.3505,-108.29,0.08,0.0315,0.0037,12.993,40.83,6026,2,94,3,136.5,2,7,3,0,1,1,0,0,0,True,3.11,7.35,1,0,1,1,0,aproximando marcador da saida
652.626,606.5,homing_exit,-3.6257,-0.2293,0.3508,-108.39,0.06,0.0354,-0.02,12.997,40.83,6026,2,94,3,136.5,2,7,3,0,1,1,0,0,0,True,3.11,7.35,1,0,1,1,0,aproximando marcador da saida
653.109,607.0,homing_exit,-3.6257,-0.2294,0.3472,-108.41,0.09,0.0382,0.0095,13.002,40.83,6026,2,94,3,136.5,2,7,3,0,1,1,0,0,0,True,3.11,7.35,1,0,1,1,0,aproximando marcador da saida
653.583,607.5,homing_exit,-3.6255,-0.2293,0.3497,-108.45,0.19,0.0326,0.008,13.004,40.83,6026,2,94,3,136.5,2,7,3,0,1,1,0,0,0,True,3.11,7.35,1,0,1,1,0,aproximando marcador da saida
654.059,608.0,homing_exit,-3.6255,-0.2293,0.3509,-108.43,0.19,0.0375,0.0086,13.005,40.83,6026,2,94,3,136.5,2,7,3,0,1,1,0,0,0,True,3.11,7.35,1,0,1,1,0,aproximando marcador da saida
654.521,608.501,homing_exit,-3.6259,-0.2291,0.3528,-108.32,0.25,0.033,0.0079,13.007,40.83,6026,2,94,3,136.5,2,7,3,0,1,1,0,0,0,True,3.11,7.35,1,0,1,1,0,aproximando marcador da saida
655.009,609.0,homing_exit,-3.6267,-0.2287,0.3526,-108.06,0.25,0.0359,0.0148,13.008,40.83,6026,2,94,3,136.5,2,7,3,0,1,1,0,0,0,True,3.11,7.35,1,0,1,1,0,aproximando marcador da saida
655.465,609.5,homing_exit,-3.6275,-0.2283,0.3535,-107.8,0.32,0.0366,0.0101,13.01,40.83,6026,2,94,3,136.5,2,7,3,0,1,1,0,0,0,True,3.11,7.35,1,0,1,1,0,aproximando marcador da saida
655.91,610.0,homing_exit,-3.6279,-0.228,0.3522,-107.53,0.22,0.0367,0.0035,13.012,40.83,6026,2,94,3,136.5,2,7,3,0,1,1,0,0,0,True,3.11,7.35,1,0,1,1,0,aproximando marcador da saida
656.369,610.5,homing_exit,-3.629,-0.2277,0.3545,-107.33,0.11,0.0367,0.0026,13.015,40.83,6026,2,94,3,136.5,2,7,3,0,1,1,0,0,0,True,3.11,7.35,1,0,1,1,0,aproximando marcador da saida
656.843,611.0,homing_exit,-3.6293,-0.2276,0.359,-107.23,0.03,0.0351,0.014,13.018,40.83,6026,2,94,3,136.5,2,7,3,0,1,1,0,0,0,True,3.11,7.35,1,0,1,1,0,aproximando marcador da saida
657.324,611.5,homing_exit,-3.6298,-0.2274,0.3587,-107.07,0.05,0.0342,0.0188,13.022,40.83,6026,2,94,3,136.5,2,7,3,0,1,1,0,0,0,True,3.11,7.35,1,0,1,1,0,aproximando marcador da saida
657.795,612.0,homing_exit,-3.6302,-0.2272,0.3574,-106.96,0.12,0.0377,0.0076,13.028,40.83,6026,2,94,3,136.5,2,7,3,0,1,1,0,0,0,True,3.11,7.35,1,0,1,1,0,aproximando marcador da saida
658.285,612.501,homing_exit,-3.6292,-0.2274,0.3554,-107.11,0.29,0.0297,0.0423,13.041,40.83,6026,2,94,3,136.5,2,7,3,0,1,1,0,0,0,True,2.92,7.35,1,0,1,1,0,aproximando marcador da saida
658.776,613.0,homing_exit,-3.6302,-0.2264,0.3532,-106.5,0.04,0.0,0.0,13.048,40.83,6026,2,94,3,136.5,2,7,3,0,1,1,0,0,0,True,2.92,7.35,1,0,1,1,0,aproximando marcador da saida
659.209,613.5,homing_exit,-3.6281,-0.2126,0.35,-107.5,0.12,0.0,0.0,13.064,40.83,6026,2,94,3,136.5,2,7,3,0,1,1,0,0,0,True,2.91,7.35,1,0,1,1,0,aproximando marcador da saida
659.706,614.0,homing_exit,-3.6273,-0.2266,0.3533,-106.62,0.41,0.045,0.0204,13.079,40.83,6026,2,94,3,136.5,2,7,3,0,1,1,0,0,0,True,2.91,7.35,1,0,1,1,0,aproximando marcador da saida
660.163,614.5,homing_exit,-3.6326,-0.2259,0.3589,-106.04,0.04,0.0238,-0.0146,13.089,40.83,6026,2,94,3,136.5,2,7,3,0,1,1,0,0,0,True,3.11,7.35,1,0,1,1,0,aproximando marcador da saida
660.608,615.0,homing_exit,-3.6303,-0.226,0.3474,-106.13,0.1,0.0221,-0.0002,13.096,40.83,6026,2,94,3,136.5,2,7,3,0,1,1,0,0,0,True,3.11,7.35,1,0,1,1,0,aproximando marcador da saida
661.105,615.501,homing_exit,-3.6267,-0.2289,0.3503,-108.07,0.02,0.0204,-0.0717,13.11,40.83,6026,2,94,3,136.5,2,7,3,0,1,1,0,0,0,True,3.11,7.35,1,0,1,1,0,aproximando marcador da saida
661.589,616.0,homing_exit,-3.6268,-0.2287,0.3523,-108.05,0.15,0.0205,0.0005,13.113,40.83,6026,2,94,3,136.5,2,7,3,0,1,1,0,0,0,True,3.11,7.35,1,0,1,1,0,aproximando marcador da saida
662.074,616.5,homing_exit,-3.6269,-0.2287,0.3533,-108.01,0.13,0.0226,-0.0117,13.115,40.83,6026,2,94,3,136.5,2,7,3,0,1,1,0,0,0,True,3.11,7.35,1,0,1,1,0,aproximando marcador da saida
662.565,617.0,homing_exit,-3.6252,-0.2295,0.3539,-108.5,0.29,0.0216,-0.0019,13.123,40.83,6026,2,94,3,136.5,2,7,3,0,1,1,0,0,0,True,3.11,7.35,1,0,1,1,0,aproximando marcador da saida
663.045,617.5,homing_exit,-3.6235,-0.2304,0.3534,-109.08,0.25,0.0212,-0.0079,13.13,40.83,6026,2,94,3,136.5,2,7,3,0,1,1,0,0,0,True,3.11,7.35,1,0,1,1,0,aproximando marcador da saida
663.528,618.0,homing_exit,-3.6203,-0.2319,0.353,-109.99,0.42,0.0262,-0.0204,13.136,40.83,6026,2,94,3,136.5,2,7,3,0,1,1,0,0,0,True,3.11,7.35,1,0,1,1,0,aproximando marcador da saida
664.008,618.5,homing_exit,-3.6187,-0.2323,0.3489,-110.22,0.42,0.0224,-0.0112,13.141,40.83,6026,2,94,3,136.5,2,7,3,0,1,1,0,0,0,True,3.11,7.35,1,0,1,1,0,aproximando marcador da saida
664.434,619.0,homing_exit,-3.6181,-0.2333,0.3463,-110.74,0.48,0.0211,-0.0362,13.145,40.83,6026,2,94,3,136.5,2,7,3,0,1,1,0,0,0,True,2.92,7.35,1,0,1,1,0,aproximando marcador da saida
664.908,619.5,homing_exit,-3.616,-0.2349,0.344,-111.68,0.17,0.0236,-0.0566,13.151,40.83,6026,2,94,3,136.5,2,7,3,0,1,1,0,0,0,True,2.92,7.35,1,0,1,1,0,aproximando marcador da saida
665.376,620.0,homing_exit,-3.613,-0.2368,0.35,-112.75,0.26,0.0282,-0.0499,13.156,40.83,6026,2,94,3,136.5,2,7,3,0,1,1,0,0,0,True,3.11,7.35,1,0,1,1,0,aproximando marcador da saida
665.856,620.5,homing_exit,-3.6096,-0.2394,0.3516,-114.01,0.14,0.0234,-0.0538,13.162,40.83,6026,2,94,3,136.5,2,7,3,0,1,1,0,0,0,True,3.11,7.35,1,0,1,1,0,aproximando marcador da saida
666.339,621.0,homing_exit,-3.6074,-0.2411,0.3531,-114.84,0.15,0.027,-0.0472,13.167,40.83,6026,2,94,3,136.5,2,7,3,0,1,1,0,0,0,True,3.12,7.35,1,0,1,1,0,aproximando marcador da saida
666.818,621.5,homing_exit,-3.6045,-0.2434,0.3512,-115.91,0.32,0.0221,-0.0119,13.173,40.83,6026,2,94,3,136.5,2,7,3,0,1,1,0,0,0,True,3.12,7.35,1,0,1,1,0,aproximando marcador da saida
667.302,622.0,homing_exit,-3.6006,-0.2463,0.3478,-117.22,0.36,0.0198,-0.0702,13.182,40.83,6026,2,94,3,136.5,2,7,3,0,1,1,0,0,0,True,3.34,7.35,1,0,1,1,0,aproximando marcador da saida
667.795,622.5,homing_exit,-3.5968,-0.2501,0.352,-118.9,0.42,0.0235,-0.019,13.188,40.83,6026,2,94,3,136.5,2,7,3,0,1,1,0,0,0,True,3.34,7.35,1,0,1,1,0,aproximando marcador da saida
668.275,623.0,homing_exit,-3.5963,-0.2513,0.3511,-119.35,0.32,0.0246,0.0087,13.194,40.83,6026,2,94,3,136.5,2,7,3,0,1,1,0,0,0,True,3.12,7.35,1,0,1,1,0,aproximando marcador da saida
668.749,623.5,homing_exit,-3.5945,-0.2536,0.3475,-120.24,0.15,0.024,-0.0511,13.199,40.83,6026,2,94,3,136.5,2,7,3,0,1,1,0,0,0,True,3.12,7.35,1,0,1,1,0,aproximando marcador da saida
669.243,624.0,homing_exit,-3.5948,-0.2532,0.3475,-120.1,0.08,0.0223,0.0056,13.201,40.83,6026,2,94,3,136.5,2,7,3,0,1,1,0,0,0,True,3.12,7.35,1,0,1,1,0,aproximando marcador da saida
669.719,624.501,homing_exit,-3.5955,-0.2524,0.35,-119.78,0.17,0.0232,0.0071,13.205,40.83,6026,2,94,3,136.5,2,7,3,0,1,1,0,0,0,True,3.12,7.35,1,0,1,1,0,aproximando marcador da saida
670.202,625.0,homing_exit,-3.597,-0.2501,0.351,-119.12,0.29,0.0213,-0.0201,13.213,40.83,6026,2,94,3,136.5,2,7,3,0,1,1,0,0,0,True,3.12,7.35,1,0,1,1,0,aproximando marcador da saida
670.675,625.5,homing_exit,-3.5971,-0.2505,0.3498,-119.03,0.17,0.0235,0.0498,13.218,40.83,6026,2,94,3,136.5,2,7,3,0,1,1,0,0,0,True,3.12,7.35,1,0,1,1,0,aproximando marcador da saida
671.151,626.0,homing_exit,-3.5987,-0.249,0.3466,-118.35,0.03,0.0192,0.0229,13.221,40.83,6026,2,94,3,136.5,2,7,3,0,1,1,0,0,0,True,3.12,7.35,1,0,1,1,0,aproximando marcador da saida
671.613,626.5,homing_exit,-3.5999,-0.2475,0.3471,-117.74,0.25,0.0202,0.0442,13.224,40.83,6026,2,94,3,136.5,2,7,3,0,1,1,0,0,0,True,3.12,7.35,1,0,1,1,0,aproximando marcador da saida
672.106,627.0,homing_exit,-3.6016,-0.246,0.3504,-117.1,0.26,0.0227,0.0217,13.229,40.83,6026,2,94,3,136.5,2,7,3,0,1,1,0,0,0,True,3.12,7.35,1,0,1,1,0,aproximando marcador da saida
672.552,627.5,homing_exit,-3.6036,-0.2442,0.3476,-116.3,0.26,0.0201,0.0441,13.233,40.83,6026,2,94,3,136.5,2,7,3,0,1,1,0,0,0,True,3.12,7.35,1,0,1,1,0,aproximando marcador da saida
673.051,628.0,homing_exit,-3.6055,-0.2426,0.3505,-115.58,0.21,0.0247,0.0228,13.236,40.83,6026,2,94,3,136.5,2,7,3,0,1,1,0,0,0,True,3.34,7.35,1,0,1,1,0,aproximando marcador da saida
673.521,628.5,homing_exit,-3.6078,-0.2408,0.352,-114.68,0.16,0.0218,0.0187,13.239,40.83,6026,2,94,3,136.5,2,7,3,0,1,1,0,0,0,True,3.34,7.35,1,0,1,1,0,aproximando marcador da saida
674.009,629.0,homing_exit,-3.6086,-0.2402,0.352,-114.38,0.14,0.0214,0.0106,13.24,40.83,6026,2,94,3,136.5,2,7,3,0,1,1,0,0,0,True,3.12,7.35,1,0,1,1,0,aproximando marcador da saida
674.473,629.501,homing_exit,-3.6091,-0.2398,0.3473,-114.18,0.14,0.0244,-0.0027,13.243,40.83,6026,2,94,3,136.5,2,7,3,0,1,1,0,0,0,True,3.12,7.35,1,0,1,1,0,aproximando marcador da saida
674.958,630.0,homing_exit,-3.6084,-0.2403,0.3529,-114.46,0.22,0.0252,-0.0001,13.245,40.83,6026,2,94,3,136.5,2,7,3,0,1,1,0,0,0,True,3.12,7.35,1,0,1,1,0,aproximando marcador da saida
675.436,630.501,homing_exit,-3.6067,-0.2414,0.3534,-114.97,0.28,0.0227,-0.024,13.249,40.83,6026,2,94,3,136.5,2,7,3,0,1,1,0,0,0,True,3.12,7.35,1,0,1,1,0,aproximando marcador da saida
675.897,631.0,homing_exit,-3.605,-0.2426,0.3594,-115.57,0.33,0.0254,-0.0157,13.253,40.83,6026,2,94,3,136.5,2,7,3,0,1,1,0,0,0,True,3.12,7.35,1,0,1,1,0,aproximando marcador da saida
676.366,631.5,homing_exit,-3.6041,-0.2429,0.3511,-115.73,0.62,0.0241,-0.0592,13.257,40.83,6026,2,94,3,136.5,2,7,3,0,1,1,0,0,0,True,3.12,7.35,1,0,1,1,0,aproximando marcador da saida
676.848,632.002,homing_exit,-3.6023,-0.2446,0.3522,-116.48,0.43,0.0266,-0.0523,13.261,40.83,6026,2,94,3,136.5,2,7,3,0,1,1,0,0,0,True,3.12,7.35,1,0,1,1,0,aproximando marcador da saida
677.347,632.5,homing_exit,-3.5986,-0.2481,0.3539,-118.02,0.31,0.0177,-0.0854,13.269,40.83,6026,2,94,3,136.5,2,7,3,0,1,1,0,0,0,True,3.12,7.35,1,0,1,1,0,aproximando marcador da saida
677.817,633.0,homing_exit,-3.5955,-0.252,0.3489,-119.77,0.18,0.025,-0.0638,13.279,40.83,6026,2,94,3,136.5,2,7,3,0,1,1,0,0,0,True,3.12,7.35,1,0,1,1,0,aproximando marcador da saida
678.286,633.5,homing_exit,-3.5939,-0.2542,0.3521,-120.52,0.15,0.0218,-0.013,13.284,40.83,6026,2,94,3,136.5,2,7,3,0,1,1,0,0,0,True,3.12,7.35,1,0,1,1,0,aproximando marcador da saida
678.778,634.002,homing_exit,-3.5932,-0.255,0.3533,-120.82,0.16,0.0226,0.0095,13.286,40.83,6026,2,94,3,136.5,2,7,3,0,1,1,0,0,0,True,3.12,7.35,1,0,1,1,0,aproximando marcador da saida
679.255,634.5,homing_exit,-3.5931,-0.2549,0.3561,-120.85,0.21,0.0227,0.0127,13.288,40.83,6026,2,94,3,136.5,2,7,3,0,1,1,0,0,0,True,3.12,7.35,1,0,1,1,0,aproximando marcador da saida
679.725,635.0,homing_exit,-3.5933,-0.2549,0.3557,-120.75,0.07,0.0246,-0.0032,13.291,40.83,6026,2,94,3,136.5,2,7,3,0,1,1,0,0,0,True,3.12,7.35,1,0,1,1,0,aproximando marcador da saida
680.154,635.5,homing_exit,-3.5931,-0.2544,0.351,-120.57,0.42,0.0194,0.0139,13.294,40.83,6026,2,94,3,136.5,2,7,3,0,1,1,0,0,0,True,3.34,7.35,1,0,1,1,0,aproximando marcador da saida
680.602,636.0,homing_exit,-3.5945,-0.2534,0.3538,-120.2,0.15,0.026,0.0001,13.297,40.83,6026,2,94,3,136.5,2,7,3,0,1,1,0,0,0,True,3.34,7.35,1,0,1,1,0,aproximando marcador da saida
681.095,636.5,failed,-3.594,-0.2532,0.3567,-120.1,0.4,0.0228,0.0016,13.299,40.83,6026,2,94,3,136.5,2,7,3,0,1,1,0,0,0,True,3.34,7.35,1,0,1,1,0,prazo total de exploracao excedido
681.576,637.0,failed,-3.5953,-0.2513,0.3568,-119.86,0.21,0.0,0.0,13.307,40.83,6026,2,94,3,136.5,2,7,3,0,1,1,0,0,0,True,3.34,7.35,1,0,1,1,0,prazo total de exploracao excedido
682.037,637.5,failed,-3.5952,-0.2518,0.3569,-119.91,0.25,0.0,0.0,13.307,40.83,6026,2,94,3,136.5,2,7,3,0,1,1,0,0,0,True,3.34,7.35,1,0,1,1,0,prazo total de exploracao excedido
682.507,638.0,failed,-3.5951,-0.252,0.3569,-119.94,0.25,0.0,0.0,13.308,40.83,6026,2,94,3,136.5,2,7,3,0,1,1,0,0,0,True,3.34,7.35,1,0,1,1,0,prazo total de exploracao excedido
683.002,638.5,failed,-3.5951,-0.2524,0.3568,-119.93,0.25,0.0,0.0,13.308,40.83,6026,2,94,3,136.5,2,7,3,0,1,1,0,0,0,True,3.34,7.35,1,0,1,1,0,prazo total de exploracao excedido
683.481,639.0,failed,-3.5951,-0.2524,0.3567,-119.94,0.25,0.0,0.0,13.308,40.83,6026,2,94,3,136.5,2,7,3,0,1,1,0,0,0,True,3.34,7.35,1,0,1,1,0,prazo total de exploracao excedido
683.974,639.501,failed,-3.595,-0.2525,0.3565,-119.96,0.24,0.0,0.0,13.309,40.83,6026,2,94,3,136.5,2,7,3,0,1,1,0,0,0,True,3.34,7.35,1,0,1,1,0,prazo total de exploracao excedido
684.456,640.0,failed,-3.5951,-0.2526,0.3564,-119.92,0.24,0.0,0.0,13.309,40.83,6026,2,94,3,136.5,2,7,3,0,1,1,0,0,0,True,3.34,7.35,1,0,1,1,0,prazo total de exploracao excedido
684.909,640.5,failed,-3.5951,-0.2525,0.3563,-119.94,0.24,0.0,0.0,13.309,40.83,6026,2,94,3,136.5,2,7,3,0,1,1,0,0,0,True,3.34,7.35,1,0,1,1,0,prazo total de exploracao excedido
685.355,641.0,failed,-3.5951,-0.2525,0.3563,-119.94,0.24,0.0,0.0,13.309,40.83,6026,2,94,3,136.5,2,7,3,0,1,1,0,0,0,True,3.34,7.35,1,0,1,1,0,prazo total de exploracao excedido
685.794,641.5,failed,-3.5951,-0.2525,0.3563,-119.94,0.24,0.0,0.0,13.309,40.83,6026,2,94,3,136.5,2,7,3,0,1,1,0,0,0,True,3.34,7.35,1,0,1,1,0,prazo total de exploracao excedido
686.266,642.0,failed,-3.5951,-0.2525,0.3563,-119.94,0.24,0.0,0.0,13.309,40.83,6026,2,94,3,136.5,2,7,3,0,1,1,0,0,0,True,3.34,7.35,1,0,1,1,0,prazo total de exploracao excedido
686.749,642.501,failed,-3.5951,-0.2525,0.3563,-119.94,0.24,0.0,0.0,13.309,40.83,6026,2,94,3,136.5,2,7,3,0,1,1,0,0,0,True,3.34,7.35,1,0,1,1,0,prazo total de exploracao excedido
687.247,643.0,failed,-3.5951,-0.2525,0.3563,-119.94,0.24,0.0,0.0,13.309,40.83,6026,2,94,3,136.5,2,7,3,0,1,1,0,0,0,True,3.34,7.35,1,0,1,1,0,prazo total de exploracao excedido
687.712,643.5,failed,-3.5951,-0.2525,0.3563,-119.94,0.24,0.0,0.0,13.309,40.83,6026,2,94,3,136.5,2,7,3,0,1,1,0,0,0,True,3.34,7.35,1,0,1,1,0,prazo total de exploracao excedido
688.165,644.0,failed,-3.5951,-0.2525,0.3563,-119.94,0.24,0.0,0.0,13.309,40.83,6026,2,94,3,136.5,2,7,3,0,1,1,0,0,0,True,3.34,7.35,1,0,1,1,0,prazo total de exploracao excedido
688.65,644.502,failed,-3.5951,-0.2525,0.3563,-119.94,0.24,0.0,0.0,13.309,40.83,6026,2,94,3,136.5,2,7,3,0,1,1,0,0,0,True,3.34,7.35,1,0,1,1,0,prazo total de exploracao excedido
689.109,645.0,failed,-3.5951,-0.2525,0.3563,-119.94,0.24,0.0,0.0,13.309,40.83,6026,2,94,3,136.5,2,7,3,0,1,1,0,0,0,True,3.34,7.35,1,0,1,1,0,prazo total de exploracao excedido
689.59,645.502,failed,-3.5951,-0.2525,0.3563,-119.94,0.24,0.0,0.0,13.309,40.83,6026,2,94,3,136.5,2,7,3,0,1,1,0,0,0,True,3.34,7.35,1,0,1,1,0,prazo total de exploracao excedido
690.077,646.0,failed,-3.5951,-0.2525,0.3563,-119.94,0.24,0.0,0.0,13.309,40.83,6026,2,94,3,136.5,2,7,3,0,1,1,0,0,0,True,3.34,7.35,1,0,1,1,0,prazo total de exploracao excedido
690.555,646.501,failed,-3.5951,-0.2525,0.3563,-119.94,0.24,0.0,0.0,13.309,40.83,6026,2,94,3,136.5,2,7,3,0,1,1,0,0,0,True,3.34,7.35,1,0,1,1,0,prazo total de exploracao excedido
691.02,647.001,failed,-3.5951,-0.2525,0.3563,-119.94,0.24,0.0,0.0,13.309,40.83,6026,2,94,3,136.5,2,7,3,0,1,1,0,0,0,True,3.34,7.35,1,0,1,1,0,prazo total de exploracao excedido
691.494,647.5,failed,-3.5951,-0.2525,0.3563,-119.94,0.24,0.0,0.0,13.309,40.83,6026,2,94,3,136.5,2,7,3,0,1,1,0,0,0,True,3.34,7.35,1,0,1,1,0,prazo total de exploracao excedido
691.982,648.0,failed,-3.5951,-0.2525,0.3563,-119.94,0.24,0.0,0.0,13.309,40.83,6026,2,94,3,136.5,2,7,3,0,1,1,0,0,0,True,3.34,7.35,1,0,1,1,0,prazo total de exploracao excedido
692.463,648.503,failed,-3.5951,-0.2525,0.3563,-119.94,0.24,0.0,0.0,13.309,40.83,6026,2,94,3,136.5,2,7,3,0,1,1,0,0,0,True,3.34,7.35,1,0,1,1,0,prazo total de exploracao excedido
692.909,649.0,failed,-3.5951,-0.2525,0.3563,-119.94,0.24,0.0,0.0,13.309,40.83,6026,2,94,3,136.5,2,7,3,0,1,1,0,0,0,True,3.34,7.35,1,0,1,1,0,prazo total de exploracao excedido
693.401,649.5,failed,-3.5951,-0.2525,0.3563,-119.94,0.24,0.0,0.0,13.309,40.83,6026,2,94,3,136.5,2,7,3,0,1,1,0,0,0,True,3.34,7.35,1,0,1,1,0,prazo total de exploracao excedido
693.838,650.0,failed,-3.5951,-0.2525,0.3563,-119.94,0.24,0.0,0.0,13.309,40.83,6026,2,94,3,136.5,2,7,3,0,1,1,0,0,0,True,3.34,7.35,1,0,1,1,0,prazo total de exploracao excedido
694.322,650.5,failed,-3.5951,-0.2525,0.3563,-119.94,0.24,0.0,0.0,13.309,40.83,6026,2,94,3,136.5,2,7,3,0,1,1,0,0,0,True,3.34,7.35,1,0,1,1,0,prazo total de exploracao excedido
694.809,651.0,failed,-3.5951,-0.2525,0.3563,-119.94,0.24,0.0,0.0,13.309,40.83,6026,2,94,3,136.5,2,7,3,0,1,1,0,0,0,True,3.34,7.35,1,0,1,1,0,prazo total de exploracao excedido
695.293,651.5,failed,-3.5951,-0.2525,0.3563,-119.94,0.24,0.0,0.0,13.309,40.83,6026,2,94,3,136.5,2,7,3,0,1,1,0,0,0,True,3.34,7.35,1,0,1,1,0,prazo total de exploracao excedido
695.788,652.0,failed,-3.5951,-0.2525,0.3563,-119.94,0.24,0.0,0.0,13.309,40.83,6026,2,94,3,136.5,2,7,3,0,1,1,0,0,0,True,3.34,7.35,1,0,1,1,0,prazo total de exploracao excedido
696.253,652.5,failed,-3.5951,-0.2525,0.3563,-119.94,0.24,0.0,0.0,13.309,40.83,6026,2,94,3,136.5,2,7,3,0,1,1,0,0,0,True,3.34,7.35,1,0,1,1,0,prazo total de exploracao excedido
696.738,653.0,failed,-3.5951,-0.2525,0.3563,-119.94,0.24,0.0,0.0,13.309,40.83,6026,2,94,3,136.5,2,7,3,0,1,1,0,0,0,True,3.34,7.35,1,0,1,1,0,prazo total de exploracao excedido
697.21,653.5,failed,-3.5951,-0.2525,0.3563,-119.94,0.24,0.0,0.0,13.309,40.83,6026,2,94,3,136.5,2,7,3,0,1,1,0,0,0,True,3.34,7.35,1,0,1,1,0,prazo total de exploracao excedido
697.654,654.0,failed,-3.5951,-0.2525,0.3563,-119.94,0.24,0.0,0.0,13.309,40.83,6026,2,94,3,136.5,2,7,3,0,1,1,0,0,0,True,3.34,7.35,1,0,1,1,0,prazo total de exploracao excedido
698.125,654.5,failed,-3.5951,-0.2525,0.3563,-119.94,0.24,0.0,0.0,13.309,40.83,6026,2,94,3,136.5,2,7,3,0,1,1,0,0,0,True,3.34,7.35,1,0,1,1,0,prazo total de exploracao excedido
698.6,655.0,failed,-3.5951,-0.2526,0.3562,-119.92,0.24,0.0,0.0,13.309,40.83,6026,2,94,3,136.5,2,7,3,0,1,1,0,0,0,True,3.34,7.35,1,0,1,1,0,prazo total de exploracao excedido
699.085,655.5,failed,-3.5951,-0.2526,0.3562,-119.94,0.24,0.0,0.0,13.309,40.83,6026,2,94,3,136.5,2,7,3,0,1,1,0,0,0,True,3.34,7.35,1,0,1,1,0,prazo total de exploracao excedido
699.576,656.0,failed,-3.5951,-0.2526,0.3562,-119.94,0.24,0.0,0.0,13.309,40.83,6026,2,94,3,136.5,2,7,3,0,1,1,0,0,0,True,3.34,7.35,1,0,1,1,0,prazo total de exploracao excedido
700.066,656.5,failed,-3.5951,-0.2526,0.3562,-119.94,0.24,0.0,0.0,13.309,40.83,6026,2,94,3,136.5,2,7,3,0,1,1,0,0,0,True,3.34,7.35,1,0,1,1,0,prazo total de exploracao excedido
700.551,657.0,failed,-3.5951,-0.2526,0.3562,-119.94,0.24,0.0,0.0,13.309,40.83,6026,2,94,3,136.5,2,7,3,0,1,1,0,0,0,True,3.34,7.35,1,0,1,1,0,prazo total de exploracao excedido
701.043,657.5,failed,-3.5951,-0.2526,0.3562,-119.94,0.24,0.0,0.0,13.309,40.83,6026,2,94,3,136.5,2,7,3,0,1,1,0,0,0,True,3.34,7.35,1,0,1,1,0,prazo total de exploracao excedido
701.527,658.0,failed,-3.5951,-0.2526,0.3562,-119.94,0.24,0.0,0.0,13.309,40.83,6026,2,94,3,136.5,2,7,3,0,1,1,0,0,0,True,3.34,7.35,1,0,1,1,0,prazo total de exploracao excedido
702.014,658.5,failed,-3.5951,-0.2526,0.3562,-119.94,0.24,0.0,0.0,13.309,40.83,6026,2,94,3,136.5,2,7,3,0,1,1,0,0,0,True,3.34,7.35,1,0,1,1,0,prazo total de exploracao excedido
702.504,659.0,failed,-3.5951,-0.2526,0.3562,-119.94,0.24,0.0,0.0,13.309,40.83,6026,2,94,3,136.5,2,7,3,0,1,1,0,0,0,True,3.34,7.35,1,0,1,1,0,prazo total de exploracao excedido
702.955,659.5,failed,-3.5951,-0.2526,0.3562,-119.94,0.24,0.0,0.0,13.309,40.83,6026,2,94,3,136.5,2,7,3,0,1,1,0,0,0,True,3.34,7.35,1,0,1,1,0,prazo total de exploracao excedido
703.447,660.0,failed,-3.5951,-0.2526,0.3562,-119.94,0.24,0.0,0.0,13.309,40.83,6026,2,94,3,136.5,2,7,3,0,1,1,0,0,0,True,3.34,7.35,1,0,1,1,0,prazo total de exploracao excedido
703.91,660.5,failed,-3.5951,-0.2526,0.3562,-119.94,0.24,0.0,0.0,13.309,40.83,6026,2,94,3,136.5,2,7,3,0,1,1,0,0,0,True,3.34,7.35,1,0,1,1,0,prazo total de exploracao excedido
704.371,661.0,failed,-3.5951,-0.2526,0.3562,-119.94,0.24,0.0,0.0,13.309,40.83,6026,2,94,3,136.5,2,7,3,0,1,1,0,0,0,True,3.34,7.35,1,0,1,1,0,prazo total de exploracao excedido
704.846,661.5,failed,-3.5951,-0.2526,0.3562,-119.94,0.24,0.0,0.0,13.309,40.83,6026,2,94,3,136.5,2,7,3,0,1,1,0,0,0,True,3.34,7.35,1,0,1,1,0,prazo total de exploracao excedido
705.333,662.0,failed,-3.5951,-0.2526,0.3562,-119.94,0.24,0.0,0.0,13.309,40.83,6026,2,94,3,136.5,2,7,3,0,1,1,0,0,0,True,3.34,7.35,1,0,1,1,0,prazo total de exploracao excedido
705.805,662.5,failed,-3.5951,-0.2526,0.3562,-119.94,0.24,0.0,0.0,13.309,40.83,6026,2,94,3,136.5,2,7,3,0,1,1,0,0,0,True,3.34,7.35,1,0,1,1,0,prazo total de exploracao excedido
706.292,663.0,failed,-3.5951,-0.2526,0.3562,-119.94,0.24,0.0,0.0,13.309,40.83,6026,2,94,3,136.5,2,7,3,0,1,1,0,0,0,True,3.34,7.35,1,0,1,1,0,prazo total de exploracao excedido
706.761,663.5,failed,-3.5951,-0.2526,0.3562,-119.94,0.24,0.0,0.0,13.309,40.83,6026,2,94,3,136.5,2,7,3,0,1,1,0,0,0,True,3.34,7.35,1,0,1,1,0,prazo total de exploracao excedido
707.255,664.001,failed,-3.5951,-0.2526,0.3562,-119.94,0.24,0.0,0.0,13.309,40.83,6026,2,94,3,136.5,2,7,3,0,1,1,0,0,0,True,3.34,7.35,1,0,1,1,0,prazo total de exploracao excedido
707.709,664.5,failed,-3.5951,-0.2526,0.3562,-119.94,0.24,0.0,0.0,13.309,40.83,6026,2,94,3,136.5,2,7,3,0,1,1,0,0,0,True,3.34,7.35,1,0,1,1,0,prazo total de exploracao excedido
708.203,665.0,failed,-3.5951,-0.2526,0.3562,-119.94,0.24,0.0,0.0,13.309,40.83,6026,2,94,3,136.5,2,7,3,0,1,1,0,0,0,True,3.34,7.35,1,0,1,1,0,prazo total de exploracao excedido
708.681,665.5,failed,-3.5951,-0.2526,0.3562,-119.94,0.24,0.0,0.0,13.309,40.83,6026,2,94,3,136.5,2,7,3,0,1,1,0,0,0,True,3.34,7.35,1,0,1,1,0,prazo total de exploracao excedido
709.178,666.0,failed,-3.5951,-0.2526,0.3562,-119.94,0.24,0.0,0.0,13.309,40.83,6026,2,94,3,136.5,2,7,3,0,1,1,0,0,0,True,3.34,7.35,1,0,1,1,0,prazo total de exploracao excedido
709.668,666.5,failed,-3.5951,-0.2526,0.3562,-119.94,0.24,0.0,0.0,13.309,40.83,6026,2,94,3,136.5,2,7,3,0,1,1,0,0,0,True,3.34,7.35,1,0,1,1,0,prazo total de exploracao excedido
710.157,667.0,failed,-3.5951,-0.2526,0.3562,-119.94,0.24,0.0,0.0,13.309,40.83,6026,2,94,3,136.5,2,7,3,0,1,1,0,0,0,True,3.34,7.35,1,0,1,1,0,prazo total de exploracao excedido
710.611,667.5,failed,-3.5951,-0.2526,0.3562,-119.94,0.24,0.0,0.0,13.309,40.83,6026,2,94,3,136.5,2,7,3,0,1,1,0,0,0,True,3.34,7.35,1,0,1,1,0,prazo total de exploracao excedido
711.075,668.0,failed,-3.5951,-0.2526,0.3562,-119.94,0.24,0.0,0.0,13.309,40.83,6026,2,94,3,136.5,2,7,3,0,1,1,0,0,0,True,3.34,7.35,1,0,1,1,0,prazo total de exploracao excedido
711.547,668.5,failed,-3.5951,-0.2526,0.3562,-119.94,0.24,0.0,0.0,13.309,40.83,6026,2,94,3,136.5,2,7,3,0,1,1,0,0,0,True,3.34,7.35,1,0,1,1,0,prazo total de exploracao excedido
712.024,669.0,failed,-3.5951,-0.2526,0.3562,-119.94,0.24,0.0,0.0,13.309,40.83,6026,2,94,3,136.5,2,7,3,0,1,1,0,0,0,True,3.34,7.35,1,0,1,1,0,prazo total de exploracao excedido
712.495,669.5,failed,-3.5951,-0.2526,0.3562,-119.94,0.24,0.0,0.0,13.309,40.83,6026,2,94,3,136.5,2,7,3,0,1,1,0,0,0,True,3.34,7.35,1,0,1,1,0,prazo total de exploracao excedido
712.977,670.0,failed,-3.5951,-0.2526,0.3562,-119.94,0.24,0.0,0.0,13.309,40.83,6026,2,94,3,136.5,2,7,3,0,1,1,0,0,0,True,3.34,7.35,1,0,1,1,0,prazo total de exploracao excedido
713.446,670.5,failed,-3.5951,-0.2526,0.3562,-119.94,0.24,0.0,0.0,13.309,40.83,6026,2,94,3,136.5,2,7,3,0,1,1,0,0,0,True,3.34,7.35,1,0,1,1,0,prazo total de exploracao excedido
713.907,671.0,failed,-3.5951,-0.2526,0.3562,-119.94,0.24,0.0,0.0,13.309,40.83,6026,2,94,3,136.5,2,7,3,0,1,1,0,0,0,True,3.34,7.35,1,0,1,1,0,prazo total de exploracao excedido
714.374,671.5,failed,-3.5951,-0.2526,0.3562,-119.94,0.24,0.0,0.0,13.309,40.83,6026,2,94,3,136.5,2,7,3,0,1,1,0,0,0,True,3.34,7.35,1,0,1,1,0,prazo total de exploracao excedido
714.855,672.0,failed,-3.5951,-0.2526,0.3562,-119.94,0.24,0.0,0.0,13.309,40.83,6026,2,94,3,136.5,2,7,3,0,1,1,0,0,0,True,3.34,7.35,1,0,1,1,0,prazo total de exploracao excedido
715.317,672.5,failed,-3.5951,-0.2526,0.3562,-119.94,0.24,0.0,0.0,13.309,40.83,6026,2,94,3,136.5,2,7,3,0,1,1,0,0,0,True,3.34,7.35,1,0,1,1,0,prazo total de exploracao excedido
715.795,673.0,failed,-3.5951,-0.2526,0.3562,-119.94,0.24,0.0,0.0,13.309,40.83,6026,2,94,3,136.5,2,7,3,0,1,1,0,0,0,True,3.34,7.35,1,0,1,1,0,prazo total de exploracao excedido
716.282,673.5,failed,-3.5951,-0.2526,0.3562,-119.94,0.24,0.0,0.0,13.309,40.83,6026,2,94,3,136.5,2,7,3,0,1,1,0,0,0,True,3.34,7.35,1,0,1,1,0,prazo total de exploracao excedido
716.753,674.0,failed,-3.5951,-0.2526,0.3562,-119.94,0.24,0.0,0.0,13.309,40.83,6026,2,94,3,136.5,2,7,3,0,1,1,0,0,0,True,3.34,7.35,1,0,1,1,0,prazo total de exploracao excedido
717.233,674.5,failed,-3.5951,-0.2526,0.3562,-119.94,0.24,0.0,0.0,13.309,40.83,6026,2,94,3,136.5,2,7,3,0,1,1,0,0,0,True,3.34,7.35,1,0,1,1,0,prazo total de exploracao excedido
717.716,675.0,failed,-3.5951,-0.2526,0.3562,-119.94,0.24,0.0,0.0,13.309,40.83,6026,2,94,3,136.5,2,7,3,0,1,1,0,0,0,True,3.34,7.35,1,0,1,1,0,prazo total de exploracao excedido
718.202,675.5,failed,-3.5951,-0.2526,0.3562,-119.94,0.24,0.0,0.0,13.309,40.83,6026,2,94,3,136.5,2,7,3,0,1,1,0,0,0,True,3.34,7.35,1,0,1,1,0,prazo total de exploracao excedido
718.683,676.001,failed,-3.5951,-0.2526,0.3562,-119.94,0.24,0.0,0.0,13.309,40.83,6026,2,94,3,136.5,2,7,3,0,1,1,0,0,0,True,3.34,7.35,1,0,1,1,0,prazo total de exploracao excedido
719.163,676.5,failed,-3.5951,-0.2526,0.3562,-119.94,0.24,0.0,0.0,13.309,40.83,6026,2,94,3,136.5,2,7,3,0,1,1,0,0,0,True,3.34,7.35,1,0,1,1,0,prazo total de exploracao excedido
719.64,677.0,failed,-3.5951,-0.2526,0.3562,-119.94,0.24,0.0,0.0,13.309,40.83,6026,2,94,3,136.5,2,7,3,0,1,1,0,0,0,True,3.34,7.35,1,0,1,1,0,prazo total de exploracao excedido
720.128,677.5,failed,-3.5951,-0.2526,0.3562,-119.94,0.24,0.0,0.0,13.309,40.83,6026,2,94,3,136.5,2,7,3,0,1,1,0,0,0,True,3.34,7.35,1,0,1,1,0,prazo total de exploracao excedido
720.607,678.0,failed,-3.5951,-0.2526,0.3562,-119.94,0.24,0.0,0.0,13.309,40.83,6026,2,94,3,136.5,2,7,3,0,1,1,0,0,0,True,3.34,7.35,1,0,1,1,0,prazo total de exploracao excedido
721.078,678.5,failed,-3.5951,-0.2526,0.3562,-119.94,0.24,0.0,0.0,13.309,40.83,6026,2,94,3,136.5,2,7,3,0,1,1,0,0,0,True,3.34,7.35,1,0,1,1,0,prazo total de exploracao excedido
721.563,679.0,failed,-3.5951,-0.2526,0.3562,-119.94,0.24,0.0,0.0,13.309,40.83,6026,2,94,3,136.5,2,7,3,0,1,1,0,0,0,True,3.34,7.35,1,0,1,1,0,prazo total de exploracao excedido
722.044,679.5,failed,-3.5951,-0.2526,0.3562,-119.94,0.24,0.0,0.0,13.309,40.83,6026,2,94,3,136.5,2,7,3,0,1,1,0,0,0,True,3.34,7.35,1,0,1,1,0,prazo total de exploracao excedido
722.519,680.0,failed,-3.5951,-0.2526,0.3562,-119.94,0.24,0.0,0.0,13.309,40.83,6026,2,94,3,136.5,2,7,3,0,1,1,0,0,0,True,3.34,7.35,1,0,1,1,0,prazo total de exploracao excedido
722.994,680.501,failed,-3.5951,-0.2526,0.3562,-119.94,0.24,0.0,0.0,13.309,40.83,6026,2,94,3,136.5,2,7,3,0,1,1,0,0,0,True,3.34,7.35,1,0,1,1,0,prazo total de exploracao excedido
723.48,681.0,failed,-3.5951,-0.2526,0.3562,-119.94,0.24,0.0,0.0,13.309,40.83,6026,2,94,3,136.5,2,7,3,0,1,1,0,0,0,True,3.34,7.35,1,0,1,1,0,prazo total de exploracao excedido
723.976,681.5,failed,-3.5951,-0.2526,0.3562,-119.94,0.24,0.0,0.0,13.309,40.83,6026,2,94,3,136.5,2,7,3,0,1,1,0,0,0,True,3.34,7.35,1,0,1,1,0,prazo total de exploracao excedido
724.465,682.0,failed,-3.5951,-0.2526,0.3562,-119.94,0.24,0.0,0.0,13.309,40.83,6026,2,94,3,136.5,2,7,3,0,1,1,0,0,0,True,3.34,7.35,1,0,1,1,0,prazo total de exploracao excedido
724.941,682.5,failed,-3.5951,-0.2526,0.3562,-119.94,0.24,0.0,0.0,13.309,40.83,6026,2,94,3,136.5,2,7,3,0,1,1,0,0,0,True,3.34,7.35,1,0,1,1,0,prazo total de exploracao excedido
725.42,683.0,failed,-3.5951,-0.2526,0.3562,-119.94,0.24,0.0,0.0,13.309,40.83,6026,2,94,3,136.5,2,7,3,0,1,1,0,0,0,True,3.34,7.35,1,0,1,1,0,prazo total de exploracao excedido
725.917,683.501,failed,-3.5951,-0.2526,0.3562,-119.94,0.24,0.0,0.0,13.309,40.83,6026,2,94,3,136.5,2,7,3,0,1,1,0,0,0,True,3.34,7.35,1,0,1,1,0,prazo total de exploracao excedido
726.395,684.0,failed,-3.5951,-0.2526,0.3562,-119.94,0.24,0.0,0.0,13.309,40.83,6026,2,94,3,136.5,2,7,3,0,1,1,0,0,0,True,3.34,7.35,1,0,1,1,0,prazo total de exploracao excedido
726.884,684.5,failed,-3.5951,-0.2526,0.3562,-119.94,0.24,0.0,0.0,13.309,40.83,6026,2,94,3,136.5,2,7,3,0,1,1,0,0,0,True,3.34,7.35,1,0,1,1,0,prazo total de exploracao excedido
727.356,685.0,failed,-3.5951,-0.2526,0.3562,-119.94,0.24,0.0,0.0,13.309,40.83,6026,2,94,3,136.5,2,7,3,0,1,1,0,0,0,True,3.34,7.35,1,0,1,1,0,prazo total de exploracao excedido
727.823,685.5,failed,-3.5951,-0.2526,0.3562,-119.94,0.24,0.0,0.0,13.309,40.83,6026,2,94,3,136.5,2,7,3,0,1,1,0,0,0,True,3.34,7.35,1,0,1,1,0,prazo total de exploracao excedido
728.285,686.0,failed,-3.5951,-0.2526,0.3562,-119.94,0.24,0.0,0.0,13.309,40.83,6026,2,94,3,136.5,2,7,3,0,1,1,0,0,0,True,3.34,7.35,1,0,1,1,0,prazo total de exploracao excedido
728.761,686.5,failed,-3.5951,-0.2526,0.3562,-119.94,0.25,0.0,0.0,13.309,40.83,6026,2,94,3,136.5,2,7,3,0,1,1,0,0,0,True,3.34,7.35,1,0,1,1,0,prazo total de exploracao excedido
729.246,687.0,failed,-3.5951,-0.2526,0.3562,-119.94,0.25,0.0,0.0,13.309,40.83,6026,2,94,3,136.5,2,7,3,0,1,1,0,0,0,True,3.34,7.35,1,0,1,1,0,prazo total de exploracao excedido
729.686,687.5,failed,-3.5951,-0.2526,0.3562,-119.94,0.25,0.0,0.0,13.309,40.83,6026,2,94,3,136.5,2,7,3,0,1,1,0,0,0,True,3.34,7.35,1,0,1,1,0,prazo total de exploracao excedido
730.163,688.0,failed,-3.5951,-0.2526,0.3562,-119.94,0.25,0.0,0.0,13.309,40.83,6026,2,94,3,136.5,2,7,3,0,1,1,0,0,0,True,3.34,7.35,1,0,1,1,0,prazo total de exploracao excedido
730.632,688.5,failed,-3.5951,-0.2526,0.3562,-119.95,0.25,0.0,0.0,13.309,40.83,6026,2,94,3,136.5,2,7,3,0,1,1,0,0,0,True,3.34,7.35,1,0,1,1,0,prazo total de exploracao excedido
731.129,689.0,failed,-3.5951,-0.2526,0.3562,-119.95,0.25,0.0,0.0,13.309,40.83,6026,2,94,3,136.5,2,7,3,0,1,1,0,0,0,True,3.34,7.35,1,0,1,1,0,prazo total de exploracao excedido
731.603,689.5,failed,-3.5951,-0.2526,0.3562,-119.95,0.25,0.0,0.0,13.309,40.83,6026,2,94,3,136.5,2,7,3,0,1,1,0,0,0,True,3.34,7.35,1,0,1,1,0,prazo total de exploracao excedido
732.043,690.0,failed,-3.5951,-0.2526,0.3562,-119.95,0.25,0.0,0.0,13.309,40.83,6026,2,94,3,136.5,2,7,3,0,1,1,0,0,0,True,3.34,7.35,1,0,1,1,0,prazo total de exploracao excedido
732.486,690.5,failed,-3.5951,-0.2526,0.3562,-119.95,0.25,0.0,0.0,13.309,40.83,6026,2,94,3,136.5,2,7,3,0,1,1,0,0,0,True,3.34,7.35,1,0,1,1,0,prazo total de exploracao excedido
732.938,691.0,failed,-3.5951,-0.2526,0.3562,-119.95,0.25,0.0,0.0,13.309,40.83,6026,2,94,3,136.5,2,7,3,0,1,1,0,0,0,True,3.34,7.35,1,0,1,1,0,prazo total de exploracao excedido
733.415,691.5,failed,-3.5951,-0.2526,0.3562,-119.95,0.25,0.0,0.0,13.309,40.83,6026,2,94,3,136.5,2,7,3,0,1,1,0,0,0,True,3.34,7.35,1,0,1,1,0,prazo total de exploracao excedido
733.896,692.0,failed,-3.5951,-0.2526,0.3562,-119.95,0.25,0.0,0.0,13.309,40.83,6026,2,94,3,136.5,2,7,3,0,1,1,0,0,0,True,3.34,7.35,1,0,1,1,0,prazo total de exploracao excedido
734.371,692.5,failed,-3.5951,-0.2526,0.3562,-119.95,0.25,0.0,0.0,13.309,40.83,6026,2,94,3,136.5,2,7,3,0,1,1,0,0,0,True,3.34,7.35,1,0,1,1,0,prazo total de exploracao excedido
734.845,693.0,failed,-3.5951,-0.2526,0.3561,-119.94,0.24,0.0,0.0,13.309,40.83,6026,2,94,3,136.5,2,7,3,0,1,1,0,0,0,True,3.34,7.35,1,0,1,1,0,prazo total de exploracao excedido
735.309,693.501,failed,-3.5951,-0.2526,0.3561,-119.96,0.24,0.0,0.0,13.31,40.83,6026,2,94,3,136.5,2,7,3,0,1,1,0,0,0,True,3.34,7.35,1,0,1,1,0,prazo total de exploracao excedido
735.801,694.0,failed,-3.5951,-0.2526,0.3561,-119.95,0.24,0.0,0.0,13.31,40.83,6026,2,94,3,136.5,2,7,3,0,1,1,0,0,0,True,3.34,7.35,1,0,1,1,0,prazo total de exploracao excedido
736.258,694.5,failed,-3.5951,-0.2526,0.3561,-119.95,0.25,0.0,0.0,13.31,40.83,6026,2,94,3,136.5,2,7,3,0,1,1,0,0,0,True,3.34,7.35,1,0,1,1,0,prazo total de exploracao excedido
736.732,695.0,failed,-3.5951,-0.2526,0.356,-119.96,0.24,0.0,0.0,13.31,40.83,6026,2,94,3,136.5,2,7,3,0,1,1,0,0,0,True,3.34,7.35,1,0,1,1,0,prazo total de exploracao excedido
737.208,695.5,failed,-3.5951,-0.2526,0.356,-119.95,0.25,0.0,0.0,13.31,40.83,6026,2,94,3,136.5,2,7,3,0,1,1,0,0,0,True,3.34,7.35,1,0,1,1,0,prazo total de exploracao excedido
737.68,696.001,failed,-3.5951,-0.2526,0.356,-119.95,0.25,0.0,0.0,13.31,40.83,6026,2,94,3,136.5,2,7,3,0,1,1,0,0,0,True,3.34,7.35,1,0,1,1,0,prazo total de exploracao excedido
738.169,696.5,failed,-3.5951,-0.2526,0.356,-119.95,0.25,0.0,0.0,13.31,40.83,6026,2,94,3,136.5,2,7,3,0,1,1,0,0,0,True,3.34,7.35,1,0,1,1,0,prazo total de exploracao excedido
738.643,697.0,failed,-3.5951,-0.2526,0.356,-119.94,0.25,0.0,0.0,13.31,40.83,6026,2,94,3,136.5,2,7,3,0,1,1,0,0,0,True,3.34,7.35,1,0,1,1,0,prazo total de exploracao excedido
739.123,697.5,failed,-3.5951,-0.2526,0.356,-119.95,0.25,0.0,0.0,13.31,40.83,6026,2,94,3,136.5,2,7,3,0,1,1,0,0,0,True,3.34,7.35,1,0,1,1,0,prazo total de exploracao excedido
739.599,698.0,failed,-3.5951,-0.2526,0.356,-119.95,0.25,0.0,0.0,13.31,40.83,6026,2,94,3,136.5,2,7,3,0,1,1,0,0,0,True,3.34,7.35,1,0,1,1,0,prazo total de exploracao excedido
740.058,698.5,failed,-3.5951,-0.2526,0.356,-119.94,0.25,0.0,0.0,13.31,40.83,6026,2,94,3,136.5,2,7,3,0,1,1,0,0,0,True,3.34,7.35,1,0,1,1,0,prazo total de exploracao excedido
740.52,699.0,failed,-3.5951,-0.2526,0.356,-119.94,0.25,0.0,0.0,13.31,40.83,6026,2,94,3,136.5,2,7,3,0,1,1,0,0,0,True,3.34,7.35,1,0,1,1,0,prazo total de exploracao excedido
740.987,699.5,failed,-3.5951,-0.2526,0.356,-119.94,0.25,0.0,0.0,13.31,40.83,6026,2,94,3,136.5,2,7,3,0,1,1,0,0,0,True,3.34,7.35,1,0,1,1,0,prazo total de exploracao excedido
741.465,700.0,failed,-3.5951,-0.2526,0.356,-119.94,0.25,0.0,0.0,13.31,40.83,6026,2,94,3,136.5,2,7,3,0,1,1,0,0,0,True,3.34,7.35,1,0,1,1,0,prazo total de exploracao excedido
