goal_index,sim_s,wall_s,x,y,z,yaw_deg,tilt_deg,cmd_vx,cmd_wz,min_range_m,plan_length_m,plan_heading_deg,plan_age_s
,1040.569,0.0,-1.3429,-0.1336,0.3535,119.47,0.16,0.0,0.0,inf,nan,nan,nan
,1040.668,0.099,-1.3433,-0.1322,0.3538,119.19,0.19,0.0,0.0,0.518,nan,nan,nan
,1040.768,0.199,-1.3436,-0.1312,0.3539,119.18,0.2,0.0,0.0,0.516,nan,nan,nan
,1040.868,0.299,-1.3437,-0.1307,0.354,119.18,0.2,0.0,0.0,0.516,nan,nan,nan
,1040.968,0.399,-1.3436,-0.1306,0.3539,119.26,0.19,0.0,0.0,0.516,nan,nan,nan
,1041.068,0.502,-1.3437,-0.1306,0.3538,119.81,0.19,0.0,0.0,0.516,nan,nan,nan
,1041.168,0.602,-1.3438,-0.1306,0.3538,119.82,0.18,0.0,0.0,0.516,nan,nan,nan
,1041.268,0.711,-1.3438,-0.1306,0.3537,119.99,0.18,0.0,0.0,0.517,nan,nan,nan
,1041.368,0.813,-1.3437,-0.1305,0.3537,119.97,0.18,0.0,0.0,0.517,nan,nan,nan
,1041.468,0.913,-1.3436,-0.1303,0.3536,119.71,0.18,0.0,0.0,0.517,nan,nan,nan
,1041.568,1.014,-1.3435,-0.1303,0.3536,119.87,0.17,0.0,0.0,0.517,nan,nan,nan
,1041.668,1.115,-1.3435,-0.1302,0.3535,119.77,0.17,0.0,0.0,0.516,nan,nan,nan
,1041.77,1.219,-1.3434,-0.1301,0.3535,119.52,0.17,0.0,0.0,0.516,nan,nan,nan
,1041.868,1.317,-1.3434,-0.1301,0.3534,119.7,0.17,0.0,0.0,0.516,nan,nan,nan
,1041.968,1.427,-1.3437,-0.1303,0.3534,120.03,0.18,0.0,0.0,0.517,nan,nan,nan
,1042.068,1.53,-1.3437,-0.1303,0.3533,119.76,0.18,0.0,0.0,0.517,nan,nan,nan
,1042.168,1.632,-1.3434,-0.1301,0.3533,119.63,0.17,0.0,0.0,0.517,nan,nan,nan
,1042.268,1.732,-1.3434,-0.1301,0.3533,119.71,0.17,0.0,0.0,0.516,nan,nan,nan
,1042.368,1.832,-1.3436,-0.1302,0.3533,119.98,0.18,0.0,0.0,0.516,nan,nan,nan
,1042.469,1.933,-1.3435,-0.1301,0.3533,119.51,0.17,0.0,0.0,0.517,nan,nan,nan
0,1042.568,2.034,-1.3434,-0.1299,0.3532,119.32,0.17,0.0,0.0,0.515,nan,nan,nan
0,1042.668,2.135,-1.3434,-0.1299,0.3532,119.27,0.17,0.0,0.0,0.515,0.839,7.87,0.077
0,1042.768,2.236,-1.3435,-0.13,0.3532,119.62,0.18,0.0042,0.0382,0.515,0.839,7.87,0.177
0,1042.868,2.336,-1.3437,-0.13,0.3532,119.69,0.18,0.0042,0.0382,0.516,0.839,7.87,0.277
0,1042.968,2.446,-1.3441,-0.1297,0.3527,119.83,0.12,0.0025,-0.0203,0.516,0.839,7.87,0.377
0,1043.068,2.546,-1.3449,-0.1296,0.3526,120.23,0.18,0.0012,-0.0048,0.516,0.839,7.87,0.477
0,1043.17,2.648,-1.3455,-0.1304,0.3533,120.49,0.16,0.0002,0.0322,0.518,0.839,7.87,0.579
0,1043.268,2.746,-1.3453,-0.1302,0.3531,119.93,0.12,0.0002,0.0322,0.517,0.839,7.87,0.677
0,1043.368,2.846,-1.3438,-0.1313,0.3534,119.93,0.13,0.0006,-0.0334,0.517,0.839,7.87,0.777
0,1043.472,2.952,-1.3434,-0.1313,0.3533,120.04,0.11,0.0005,-0.0713,0.518,0.839,7.87,0.881
0,1043.568,3.047,-1.3445,-0.1303,0.3535,120.08,0.15,0.0012,-0.0482,0.518,0.839,7.87,0.977
0,1043.668,3.149,-1.3454,-0.1284,0.3527,119.66,0.15,0.0026,-0.052,0.517,0.839,7.87,0.058
0,1043.768,3.249,-1.3451,-0.1272,0.3537,119.32,0.21,0.0047,-0.0736,0.514,0.839,7.87,0.158
0,1043.868,3.353,-1.3446,-0.1261,0.3526,119.0,0.17,0.0035,-0.0745,0.512,0.839,7.87,0.258
0,1043.968,3.453,-1.3457,-0.1255,0.3527,118.85,0.15,0.0033,-0.0765,0.51,0.839,7.87,0.358
0,1044.068,3.553,-1.3471,-0.1259,0.3527,118.45,0.08,0.0066,-0.0731,0.509,0.839,7.87,0.458
0,1044.173,3.659,-1.3479,-0.1256,0.3527,117.82,0.15,0.0042,-0.0909,0.508,0.839,7.87,0.563
0,1044.268,3.753,-1.3476,-0.1258,0.3534,117.33,0.16,0.005,-0.1139,0.508,0.839,7.87,0.658
0,1044.368,3.853,-1.3481,-0.1253,0.352,117.01,0.08,0.0007,-0.1211,0.507,0.839,7.87,0.758
0,1044.468,3.961,-1.3489,-0.1263,0.3525,116.52,0.1,0.002,-0.0908,0.506,0.839,7.87,0.858
0,1044.568,4.06,-1.3503,-0.1269,0.3487,115.8,0.08,0.0,-0.0927,0.505,0.839,7.87,0.958
0,1044.668,4.16,-1.3506,-0.128,0.3503,115.12,0.16,0.0006,-0.1242,0.504,0.937,5.07,0.04
0,1044.768,4.26,-1.3504,-0.1278,0.3497,114.65,0.05,0.0,-0.1333,0.503,0.937,5.07,0.14
0,1044.868,4.362,-1.3506,-0.1284,0.3506,114.19,0.12,0.0,-0.1206,0.502,0.937,5.07,0.24
0,1044.968,4.463,-1.3512,-0.1297,0.3511,113.57,0.12,0.0008,-0.1015,0.502,0.937,5.07,0.34
0,1045.068,4.562,-1.3508,-0.1294,0.3522,112.74,0.11,0.0003,-0.1101,0.501,0.937,5.07,0.44
0,1045.168,4.662,-1.3491,-0.1289,0.353,112.11,0.15,0.0008,-0.135,0.501,0.937,5.07,0.54
0,1045.268,4.762,-1.3483,-0.1275,0.3516,111.72,0.19,0.0015,-0.1469,0.498,0.937,5.07,0.64
0,1045.368,4.863,-1.3482,-0.1268,0.3521,111.09,0.11,0.0035,-0.1173,0.496,0.937,5.07,0.74
0,1045.468,4.963,-1.3487,-0.1257,0.3518,110.34,0.17,0.0013,-0.1112,0.494,0.937,5.07,0.84
0,1045.568,5.067,-1.3484,-0.1263,0.3536,109.59,0.2,0.0046,-0.1002,0.492,0.937,5.07,0.94
0,1045.668,5.168,-1.3481,-0.1264,0.3504,109.24,0.11,0.0023,-0.1347,0.492,0.937,5.07,1.04
0,1045.768,5.267,-1.349,-0.1269,0.3497,108.76,0.11,0.0004,-0.1145,0.491,0.937,5.07,0.096
0,1045.868,5.367,-1.3506,-0.1275,0.3497,108.12,0.03,0.0043,-0.1024,0.491,0.937,5.07,0.196
0,1045.968,5.467,-1.3512,-0.1276,0.351,107.32,0.14,0.0017,-0.1148,0.491,0.937,5.07,0.296
0,1046.069,5.569,-1.3508,-0.1278,0.3517,106.75,0.12,0.0034,-0.1377,0.49,0.937,5.07,0.397
0,1046.168,5.667,-1.3513,-0.1271,0.3507,106.3,0.08,0.0018,-0.146,0.488,0.937,5.07,0.496
0,1046.268,5.769,-1.3524,-0.1277,0.3514,105.67,0.07,0.0065,-0.1197,0.488,0.937,5.07,0.596
0,1046.368,5.869,-1.353,-0.1274,0.352,104.78,0.09,0.0032,-0.1097,0.487,0.937,5.07,0.696
0,1046.469,5.97,-1.3524,-0.1276,0.354,103.98,0.16,0.0042,-0.1261,0.487,0.937,5.07,0.797
0,1046.568,6.07,-1.3515,-0.1269,0.3523,103.52,0.11,0.0045,-0.1538,0.485,0.937,5.07,0.896
0,1046.668,6.175,-1.3517,-0.1267,0.3527,102.95,0.12,0.007,-0.1308,0.483,0.937,5.07,0.996
0,1046.768,6.275,-1.3525,-0.1262,0.3528,102.13,0.08,0.0068,-0.1078,0.482,0.937,5.07,0.056
0,1046.868,6.375,-1.3523,-0.1258,0.3542,101.26,0.18,0.0103,-0.1367,0.481,0.937,5.07,0.156
0,1046.968,6.475,-1.3515,-0.1259,0.3548,100.5,0.18,0.0101,-0.1549,0.48,0.937,5.07,0.256
0,1047.068,6.575,-1.3523,-0.1248,0.3537,99.88,0.11,0.0102,-0.1687,0.48,0.937,5.07,0.356
0,1047.168,6.675,-1.354,-0.1244,0.3541,99.13,0.1,0.0131,-0.1411,0.479,0.937,5.07,0.456
0,1047.268,6.777,-1.3547,-0.1224,0.3546,98.19,0.14,0.0125,-0.1381,0.478,0.937,5.07,0.556
0,1047.368,6.883,-1.3546,-0.1215,0.3563,97.34,0.19,0.0133,-0.1101,0.476,0.937,5.07,0.656
0,1047.468,6.984,-1.3549,-0.1194,0.3508,96.81,0.13,0.0131,-0.1425,0.472,0.937,5.07,0.756
0,1047.568,7.089,-1.3554,-0.1183,0.3512,96.27,0.14,0.0142,-0.1331,0.47,0.937,5.07,0.856
0,1047.668,7.192,-1.3565,-0.1163,0.3488,95.48,0.12,0.0164,-0.1117,0.469,0.937,5.07,0.956
0,1047.768,7.292,-1.357,-0.1154,0.3506,94.67,0.19,0.0158,-0.1153,0.466,0.937,5.07,0.036
0,1047.868,7.392,-1.3569,-0.1143,0.3507,94.1,0.09,0.0177,-0.1331,0.466,0.937,5.07,0.136
0,1047.968,7.495,-1.3578,-0.1129,0.3509,93.62,0.08,0.0161,-0.0962,0.465,0.937,5.07,0.236
0,1048.068,7.592,-1.3598,-0.1124,0.3513,93.07,0.12,0.0161,-0.0951,0.464,0.937,5.07,0.336
0,1048.168,7.721,-1.3609,-0.1107,0.352,92.35,0.16,0.0154,-0.0871,0.463,0.937,5.07,0.436
0,1048.269,7.823,-1.3609,-0.1097,0.3575,91.52,0.12,0.0176,-0.127,0.46,0.937,5.07,0.537
0,1048.368,7.921,-1.3622,-0.1078,0.3586,91.38,0.2,0.0176,-0.127,0.458,0.937,5.07,0.636
0,1048.468,8.021,-1.3639,-0.1083,0.3583,90.81,0.25,0.0154,-0.1561,0.458,0.937,5.07,0.736
0,1048.57,8.126,-1.3636,-0.1074,0.3567,89.99,0.12,0.012,-0.1186,0.458,0.937,5.07,0.838
0,1048.668,8.24,-1.3616,-0.1069,0.3576,89.21,0.11,0.0167,-0.1431,0.458,0.937,5.07,0.936
0,1048.768,8.347,-1.3589,-0.1046,0.3484,88.65,0.17,0.0167,-0.1431,0.457,0.937,5.07,0.068
0,1048.868,8.447,-1.3561,-0.1022,0.3488,88.01,0.32,0.0202,-0.1331,0.456,0.937,5.07,0.168
0,1048.968,8.548,-1.3535,-0.0981,0.3515,87.26,0.4,0.0202,-0.1331,0.451,0.937,5.07,0.268
0,1049.068,8.648,-1.3513,-0.0968,0.3543,86.36,0.44,0.0312,-0.1199,0.451,0.937,5.07,0.368
0,1049.171,8.751,-1.3498,-0.0963,0.3517,85.82,0.42,0.0279,-0.1587,0.448,0.937,5.07,0.471
0,1049.268,8.848,-1.3516,-0.0931,0.3507,85.29,0.22,0.0205,-0.1267,0.448,0.937,5.07,0.568
0,1049.371,8.951,-1.3553,-0.089,0.3522,84.68,0.11,0.0211,-0.1081,0.448,0.937,5.07,0.671
0,1049.468,9.05,-1.358,-0.0842,0.3534,83.82,0.27,0.0255,-0.1219,0.448,0.937,5.07,0.768
0,1049.568,9.149,-1.3615,-0.0799,0.3547,83.17,0.44,0.0359,-0.1513,0.448,0.937,5.07,0.868
0,1049.668,9.252,-1.3647,-0.0753,0.3523,82.61,0.45,0.0359,-0.1513,0.448,0.937,5.07,0.968
0,1049.768,9.352,-1.3681,-0.075,0.3531,81.94,0.59,0.0385,-0.1347,0.448,0.937,5.07,0.048
0,1049.868,9.452,-1.3685,-0.0741,0.353,81.14,0.25,0.026,-0.1249,0.448,0.937,5.07,0.148
0,1049.968,9.552,-1.3646,-0.0719,0.3553,80.27,0.08,0.026,-0.1249,0.448,0.937,5.07,0.248
0,1050.068,9.652,-1.3591,-0.0688,0.3537,79.64,0.21,0.0199,-0.1316,0.448,0.937,5.07,0.348
0,1050.171,9.755,-1.3545,-0.0646,0.3534,79.1,0.52,0.0267,-0.1307,0.448,0.937,5.07,0.451
0,1050.268,9.852,-1.3504,-0.0588,0.3538,78.39,0.5,0.0326,-0.1126,0.448,0.937,5.07,0.548
0,1050.368,9.953,-1.3486,-0.0547,0.3548,77.61,0.45,0.0428,-0.1169,0.449,0.937,5.07,0.648
0,1050.468,10.053,-1.349,-0.0533,0.3556,76.97,0.34,0.0445,-0.1336,0.449,0.937,5.07,0.748
0,1050.568,10.154,-1.3509,-0.0502,0.3535,76.46,0.07,0.0345,-0.1388,0.448,0.937,5.07,0.848
0,1050.668,10.255,-1.3551,-0.0474,0.3539,75.84,0.38,0.0286,-0.1271,0.448,0.937,5.07,0.948
0,1050.768,10.361,-1.357,-0.0438,0.3539,75.06,0.21,0.0254,-0.1184,0.448,0.925,-1.29,0.016
0,1050.874,10.467,-1.3568,-0.0399,0.3558,74.26,0.3,0.0279,-0.1312,0.448,0.925,-1.29,0.122
0,1050.968,10.56,-1.3557,-0.035,0.3543,73.72,0.18,0.0328,-0.143,0.449,0.925,-1.29,0.216
0,1051.068,10.66,-1.3552,-0.032,0.3544,73.25,0.2,0.0377,-0.1274,0.448,0.925,-1.29,0.316
0,1051.168,10.762,-1.3546,-0.0296,0.3541,72.57,0.12,0.0377,-0.1274,0.448,0.925,-1.29,0.416
0,1051.268,10.862,-1.3517,-0.0268,0.3548,71.7,0.15,0.0272,-0.1127,0.448,0.925,-1.29,0.516
0,1051.368,10.962,-1.3484,-0.0253,0.3554,71.07,0.2,0.0316,-0.1379,0.448,0.925,-1.29,0.616
0,1051.468,11.063,-1.3461,-0.0221,0.3535,70.57,0.24,0.0282,-0.1445,0.449,0.925,-1.29,0.716
0,1051.568,11.163,-1.3449,-0.0187,0.3537,69.86,0.13,0.0337,-0.1187,0.449,0.925,-1.29,0.816
0,1051.668,11.264,-1.3431,-0.0144,0.3544,69.16,0.22,0.0318,-0.119,0.448,0.925,-1.29,0.916
0,1051.768,11.363,-1.3423,-0.0123,0.3562,68.42,0.25,0.0335,-0.0846,0.448,0.925,-1.29,1.016
0,1051.868,11.465,-1.3419,-0.0095,0.3537,67.96,0.07,0.0342,-0.1322,0.449,0.925,-1.29,0.056
0,1051.968,11.567,-1.3433,-0.0066,0.3536,67.57,0.15,0.03,-0.1138,0.449,0.925,-1.29,0.156
0,1052.068,11.667,-1.3453,-0.0035,0.3531,66.96,0.19,0.0321,-0.0874,0.448,0.925,-1.29,0.256
0,1052.168,11.767,-1.3444,-0.0002,0.3538,66.3,0.2,0.0262,-0.0735,0.449,0.925,-1.29,0.356
0,1052.268,11.867,-1.3428,0.0029,0.3542,65.81,0.12,0.0304,-0.1135,0.448,0.925,-1.29,0.456
0,1052.368,11.968,-1.3413,0.0066,0.3529,65.41,0.14,0.0328,-0.1262,0.448,0.925,-1.29,0.556
0,1052.468,12.069,-1.341,0.009,0.3533,64.8,0.15,0.035,-0.1066,0.449,0.925,-1.29,0.656
0,1052.568,12.17,-1.3389,0.0122,0.3527,64.06,0.1,0.0342,-0.0969,0.448,0.925,-1.29,0.756
0,1052.668,12.271,-1.3363,0.014,0.3546,63.41,0.19,0.0371,-0.0982,0.448,0.925,-1.29,0.856
0,1052.774,12.377,-1.3329,0.0171,0.353,63.07,0.16,0.0373,-0.1162,0.449,0.925,-1.29,0.962
0,1052.869,12.473,-1.3309,0.0212,0.3539,62.68,0.19,0.0333,-0.0924,0.448,0.826,-0.58,0.002
0,1052.968,12.574,-1.329,0.0266,0.3528,62.02,0.12,0.0396,-0.0839,0.449,0.826,-0.58,0.101
0,1053.068,12.674,-1.3271,0.0311,0.3538,61.49,0.27,0.0391,-0.1006,0.449,0.826,-0.58,0.201
0,1053.173,12.785,-1.3261,0.035,0.3541,60.95,0.15,0.0466,-0.1095,0.448,0.826,-0.58,0.306
0,1053.268,12.881,-1.3258,0.0387,0.3533,60.57,0.19,0.0419,-0.1124,0.448,0.826,-0.58,0.401
0,1053.368,12.982,-1.327,0.041,0.3534,60.06,0.28,0.0443,-0.1018,0.449,0.826,-0.58,0.501
0,1053.473,13.1,-1.3251,0.0442,0.3528,59.4,0.15,0.0349,-0.0859,0.449,0.826,-0.58,0.606
0,1053.568,13.195,-1.3217,0.0465,0.3549,58.71,0.19,0.0336,-0.104,0.449,0.826,-0.58,0.701
0,1053.668,13.295,-1.3185,0.05,0.3558,58.41,0.12,0.0336,-0.104,0.449,0.826,-0.58,0.801
0,1053.768,13.396,-1.3167,0.0528,0.3566,58.07,0.16,0.0378,-0.0851,0.449,0.826,-0.58,0.901
0,1053.868,13.5,-1.3142,0.0565,0.3534,57.44,0.11,0.0376,-0.1098,0.45,0.826,-0.58,1.001
0,1053.972,13.606,-1.3119,0.0586,0.3547,56.76,0.22,0.0415,-0.1085,0.448,0.833,-9.89,0.091
0,1054.068,13.701,-1.3091,0.0607,0.354,56.26,0.09,0.0415,-0.1085,0.448,0.833,-9.89,0.187
0,1054.168,13.801,-1.3076,0.0635,0.3539,55.9,0.13,0.0344,-0.1207,0.449,0.833,-9.89,0.287
0,1054.268,13.918,-1.3064,0.0671,0.3498,55.14,0.02,0.0337,-0.0906,0.448,0.833,-9.89,0.387
0,1054.368,14.018,-1.3047,0.0703,0.348,54.34,0.25,0.0337,-0.0906,0.448,0.833,-9.89,0.487
0,1054.468,14.118,-1.3025,0.0731,0.3498,53.78,0.14,0.0387,-0.1319,0.448,0.833,-9.89,0.587
0,1054.568,14.221,-1.3006,0.0761,0.3503,53.58,0.15,0.0385,-0.1279,0.448,0.833,-9.89,0.687
0,1054.673,14.337,-1.3001,0.0785,0.3511,53.14,0.32,0.0383,-0.1089,0.448,0.833,-9.89,0.792
0,1054.768,14.431,-1.2975,0.082,0.3471,52.13,0.16,0.0342,-0.0911,0.449,0.833,-9.89,0.887
0,1054.868,14.533,-1.2941,0.0846,0.3498,51.56,0.18,0.0342,-0.0911,0.449,0.833,-9.89,0.987
0,1054.968,14.633,-1.2894,0.0879,0.3484,51.4,0.09,0.0425,-0.0911,0.449,0.833,-9.89,0.085
0,1055.068,14.75,-1.286,0.0901,0.3508,51.13,0.11,0.0477,-0.0477,0.449,0.833,-9.89,0.185
0,1055.168,14.85,-1.2818,0.0941,0.3452,50.58,0.14,0.0414,-0.0375,0.449,0.833,-9.89,0.285
0,1055.268,14.95,-1.2794,0.097,0.3474,50.05,0.24,0.0495,-0.1175,0.448,0.833,-9.89,0.385
0,1055.37,15.065,-1.2767,0.1006,0.3476,49.91,0.12,0.0451,-0.0873,0.448,0.833,-9.89,0.487
0,1055.468,15.162,-1.2755,0.1031,0.3498,50.02,0.22,0.0475,-0.1095,0.449,0.833,-9.89,0.585
0,1055.568,15.262,-1.2747,0.1063,0.3502,49.36,0.23,0.0411,-0.0695,0.449,0.833,-9.89,0.685
0,1055.671,15.367,-1.271,0.1092,0.3519,48.26,0.16,0.0339,-0.0777,0.449,0.833,-9.89,0.788
0,1055.768,15.465,-1.2666,0.1111,0.3535,48.11,0.12,0.0412,-0.1577,0.449,0.833,-9.89,0.885
0,1055.868,15.565,-1.2626,0.1136,0.3527,47.66,0.16,0.0401,-0.1058,0.449,0.833,-9.89,0.985
0,1055.968,15.665,-1.2598,0.1157,0.3537,47.09,0.09,0.0443,-0.0687,0.448,0.833,-9.89,0.084
0,1056.068,15.765,-1.2557,0.1183,0.3537,46.57,0.2,0.0408,-0.0482,0.448,0.833,-9.89,0.184
0,1056.168,15.871,-1.2532,0.1191,0.3556,45.95,0.22,0.0428,-0.0673,0.448,0.833,-9.89,0.284
0,1056.268,15.971,-1.2506,0.1208,0.3535,45.68,0.13,0.0382,-0.0897,0.448,0.833,-9.89,0.384
0,1056.368,16.071,-1.2496,0.124,0.3543,45.72,0.12,0.0346,-0.0853,0.448,0.833,-9.89,0.484
0,1056.468,16.171,-1.2488,0.1282,0.3544,45.37,0.17,0.0334,-0.0422,0.45,0.833,-9.89,0.584
0,1056.568,16.295,-1.2466,0.1316,0.3559,44.48,0.28,0.0394,-0.0833,0.448,0.833,-9.89,0.684
0,1056.668,16.395,-1.2438,0.1349,0.3562,44.4,0.17,0.0412,-0.1263,0.449,0.833,-9.89,0.784
0,1056.771,16.5,-1.242,0.1384,0.3561,44.27,0.28,0.0426,-0.0863,0.45,0.833,-9.89,0.887
0,1056.868,16.597,-1.2412,0.1417,0.3559,43.63,0.3,0.0379,-0.0166,0.448,0.833,-9.89,0.984
0,1056.968,16.697,-1.237,0.1444,0.3554,43.08,0.17,0.0379,-0.0166,0.448,0.833,-9.89,0.077
0,1057.068,16.8,-1.2326,0.1462,0.3561,42.84,0.15,0.0394,-0.0461,0.448,0.833,-9.89,0.177
0,1057.168,16.901,-1.2279,0.1491,0.3549,42.8,0.17,0.0423,-0.0481,0.449,0.833,-9.89,0.277
0,1057.268,17.005,-1.2245,0.1519,0.3558,42.61,0.16,0.0423,-0.0481,0.451,0.833,-9.89,0.377
0,1057.369,17.112,-1.2201,0.156,0.3531,42.32,0.16,0.0434,-0.0377,0.451,0.833,-9.89,0.478
0,1057.468,17.207,-1.217,0.1587,0.3545,41.91,0.25,0.0434,-0.0377,0.449,0.833,-9.89,0.577
0,1057.568,17.308,-1.2135,0.1615,0.3535,41.76,0.09,0.0397,-0.0776,0.449,0.833,-9.89,0.677
0,1057.668,17.418,-1.2118,0.1642,0.3543,41.7,0.17,0.0397,-0.0776,0.449,0.833,-9.89,0.777
0,1057.768,17.52,-1.2104,0.1674,0.353,41.27,0.16,0.0397,-0.0704,0.449,0.833,-9.89,0.877
0,1057.868,17.62,-1.2073,0.1697,0.3533,40.68,0.21,0.0372,-0.085,1.025,0.833,-9.89,0.977
0,1057.968,17.72,-1.2036,0.1711,0.3539,40.28,0.12,0.0368,-0.1072,1.009,0.761,-21.8,0.069
0,1058.068,17.821,-1.2,0.1734,0.3531,39.99,0.14,0.0368,-0.1072,1.007,0.761,-21.8,0.169
0,1058.168,17.921,-1.1976,0.1755,0.3536,39.51,0.13,0.0414,-0.0821,1.011,0.761,-21.8,0.269
0,1058.268,18.022,-1.1937,0.1779,0.3535,38.9,0.12,0.0395,-0.0978,1.012,0.761,-21.8,0.369
0,1058.368,18.13,-1.1901,0.1787,0.3553,38.27,0.19,0.0438,-0.1126,1.012,0.761,-21.8,0.469
0,1058.468,18.237,-1.1855,0.1806,0.3537,37.87,0.15,0.0417,-0.1177,1.006,0.761,-21.8,0.569
0,1058.568,18.336,-1.182,0.1841,0.3547,37.49,0.15,0.0476,-0.1007,1.004,0.761,-21.8,0.669
0,1058.668,18.436,-1.1776,0.1887,0.3548,36.91,0.14,0.0468,-0.0801,1.014,0.761,-21.8,0.769
0,1058.768,18.536,-1.1732,0.1922,0.3564,36.22,0.26,0.0468,-0.0801,1.008,0.761,-21.8,0.869
0,1058.868,18.636,-1.1688,0.1961,0.3549,35.88,0.11,0.0477,-0.0949,1.008,0.761,-21.8,0.969
0,1058.968,18.754,-1.1655,0.2003,0.354,35.67,0.22,0.0536,-0.0857,1.018,0.761,-21.8,0.06
0,1059.072,18.858,-1.1631,0.2039,0.356,35.34,0.19,0.0503,-0.0648,1.023,0.761,-21.8,0.164
0,1059.168,18.958,-1.1583,0.2063,0.357,34.65,0.15,0.0431,-0.0842,1.019,0.761,-21.8,0.26
0,1059.268,19.059,-1.1535,0.2079,0.3574,34.27,0.15,0.0478,-0.1123,1.02,0.761,-21.8,0.36
0,1059.368,19.159,-1.148,0.2112,0.3556,33.92,0.16,0.0454,-0.1063,1.014,0.761,-21.8,0.46
0,1059.468,19.26,-1.144,0.2149,0.3559,33.41,0.13,0.0498,-0.0915,1.014,0.761,-21.8,0.56
0,1059.568,19.36,-1.1386,0.2185,0.3553,32.81,0.17,0.0478,-0.0943,1.015,0.761,-21.8,0.66
0,1059.668,19.462,-1.1347,0.2209,0.3568,32.17,0.24,0.0547,-0.1096,1.012,0.761,-21.8,0.76
0,1059.768,19.564,-1.1295,0.2241,0.3538,31.71,0.1,0.0526,-0.1211,1.012,0.761,-21.8,0.86
0,1059.868,19.665,-1.1258,0.2278,0.3537,31.24,0.18,0.0505,-0.1067,1.013,0.761,-21.8,0.96
0,1059.968,19.768,-1.1222,0.2321,0.354,30.69,0.15,0.0498,-0.0987,1.008,0.643,-11.31,0.039
0,1060.068,19.869,-1.1172,0.2353,0.3551,29.95,0.25,0.0457,-0.107,1.006,0.643,-11.31,0.139
0,1060.168,19.971,-1.112,0.2381,0.3548,29.38,0.13,0.0512,-0.1307,1.0,0.643,-11.31,0.239
0,1060.268,20.071,-1.107,0.2411,0.3525,28.98,0.18,0.0482,-0.1261,1.0,0.643,-11.31,0.339
0,1060.368,20.177,-1.1039,0.2434,0.3526,28.39,0.2,0.0509,-0.1054,0.998,0.643,-11.31,0.439
0,1060.469,20.279,-1.0993,0.2458,0.349,27.6,0.14,0.0434,-0.1018,0.996,0.643,-11.31,0.54
0,1060.568,20.377,-1.0955,0.247,0.3511,26.98,0.18,0.0444,-0.116,0.985,0.643,-11.31,0.639
0,1060.668,20.477,-1.0903,0.2483,0.3491,26.75,0.06,0.043,-0.1251,0.981,0.643,-11.31,0.739
0,1060.768,20.577,-1.0871,0.2496,0.3506,26.19,0.1,0.0435,-0.0897,0.979,0.643,-11.31,0.839
0,1060.87,20.68,-1.0832,0.2516,0.3496,25.61,0.04,0.0411,-0.0909,0.979,0.643,-11.31,0.941
0,1060.968,20.778,-1.079,0.2521,0.3514,24.9,0.15,0.0396,-0.1075,0.975,0.643,-11.31,1.039
0,1061.07,20.887,-1.0745,0.2518,0.3509,24.37,0.11,0.0433,-0.1353,0.975,0.803,-26.57,0.087
0,1061.168,20.985,-1.0699,0.2531,0.3495,23.89,0.15,0.0467,-0.1218,0.964,0.803,-26.57,0.185
0,1061.268,21.085,-1.0659,0.2551,0.351,23.32,0.1,0.0467,-0.1218,0.964,0.803,-26.57,0.285
0,1061.368,21.186,-1.0606,0.2567,0.3522,22.45,0.18,0.0459,-0.0927,0.956,0.803,-26.57,0.385
0,1061.468,21.286,-1.0569,0.2573,0.3542,21.81,0.19,0.0459,-0.0927,0.956,0.803,-26.57,0.485
0,1061.568,21.39,-1.0521,0.2591,0.3527,21.44,0.11,0.0443,-0.1106,0.946,0.803,-26.57,0.585
0,1061.668,21.494,-1.0486,0.2623,0.3538,20.95,0.1,0.0473,-0.094,0.945,0.803,-26.57,0.685
0,1061.768,21.594,-1.0438,0.2664,0.352,20.27,0.09,0.0458,-0.1121,0.943,0.803,-26.57,0.785
0,1061.868,21.694,-1.039,0.2694,0.3538,19.58,0.32,0.0458,-0.1121,0.94,0.803,-26.57,0.885
0,1061.968,21.794,-1.0329,0.2721,0.3533,19.04,0.19,0.048,-0.123,0.938,0.803,-26.57,0.985
0,1062.069,21.896,-1.0285,0.2739,0.3533,18.61,0.22,0.0495,-0.1111,0.938,0.668,-26.57,0.07
0,1062.168,21.994,-1.0255,0.275,0.3537,18.08,0.21,0.0495,-0.1111,0.936,0.668,-26.57,0.169
0,1062.268,22.104,-1.0209,0.2744,0.3541,17.26,0.11,0.041,-0.1098,0.934,0.668,-26.57,0.269
0,1062.368,22.206,-1.0169,0.2724,0.3552,16.62,0.22,0.0364,-0.1316,0.923,0.668,-26.57,0.369
0,1062.468,22.306,-1.0118,0.2719,0.3535,16.17,0.23,0.0364,-0.1316,0.917,0.668,-26.57,0.469
0,1062.568,22.407,-1.0075,0.2726,0.354,15.58,0.14,0.0406,-0.1017,0.914,0.668,-26.57,0.569
0,1062.668,22.507,-1.0022,0.274,0.3528,14.86,0.21,0.0406,-0.1017,0.914,0.668,-26.57,0.669
0,1062.768,22.608,-0.9991,0.2749,0.3545,14.16,0.24,0.0433,-0.1121,0.91,0.668,-26.57,0.769
0,1062.868,22.708,-0.9949,0.2757,0.3528,13.7,0.07,0.041,-0.1288,0.906,0.668,-26.57,0.869
0,1062.973,22.818,-0.9916,0.2779,0.353,13.29,0.11,0.0448,-0.1029,0.901,0.668,-26.57,0.974
0,1063.07,22.916,-0.9878,0.2812,0.3528,12.72,0.17,0.0396,-0.0972,0.9,0.668,-26.57,0.062
0,1063.168,23.015,-0.9827,0.2827,0.3538,11.95,0.2,0.0396,-0.0972,0.899,0.668,-26.57,0.16
0,1063.268,23.116,-0.9771,0.2836,0.3539,11.41,0.12,0.0453,-0.0937,0.895,0.668,-26.57,0.26
0,1063.368,23.216,-0.971,0.2849,0.3517,11.07,0.18,0.0541,-0.1094,0.894,0.668,-26.57,0.36
0,1063.468,23.316,-0.9668,0.2862,0.3525,10.55,0.2,0.0505,-0.0953,0.894,0.668,-26.57,0.46
0,1063.568,23.428,-0.9609,0.2867,0.3522,9.85,0.11,0.047,-0.1071,0.893,0.668,-26.57,0.56
0,1063.668,23.528,-0.956,0.2859,0.3543,9.15,0.16,0.0529,-0.1338,0.891,0.668,-26.57,0.66
0,1063.768,23.649,-0.9499,0.2851,0.3537,8.62,0.14,0.0516,-0.138,0.886,0.668,-26.57,0.76
0,1063.868,23.749,-0.9446,0.2858,0.3546,8.05,0.14,0.0536,-0.1201,0.881,0.668,-26.57,0.86
0,1063.968,23.852,-0.9383,0.2853,0.3582,7.38,0.23,0.0527,-0.1033,0.877,0.668,-26.57,0.96
0,1064.068,23.952,-0.934,0.2839,0.3601,6.52,0.3,0.0552,-0.0875,0.585,0.57,-34.99,0.058
0,1064.168,24.052,-0.9295,0.283,0.3579,6.05,0.23,0.0525,-0.1316,0.585,0.57,-34.99,0.158
0,1064.268,24.152,-0.9236,0.2856,0.357,5.62,0.17,0.0476,-0.1049,0.483,0.57,-34.99,0.258
0,1064.368,24.266,-0.9169,0.2899,0.3539,4.92,0.06,0.0543,-0.0895,0.483,0.57,-34.99,0.358
0,1064.472,24.371,-0.9095,0.2934,0.3525,4.27,0.39,0.0574,-0.1066,0.464,0.57,-34.99,0.462
0,1064.568,24.467,-0.9007,0.2962,0.3533,3.67,0.33,0.0667,-0.1072,0.469,0.57,-34.99,0.558
0,1064.668,24.567,-0.8922,0.2974,0.3528,3.33,0.36,0.0645,-0.1089,0.461,0.57,-34.99,0.658
0,1064.768,24.667,-0.8871,0.2973,0.3535,2.83,0.29,0.0705,-0.0945,0.461,0.57,-34.99,0.758
0,1064.868,24.768,-0.8802,0.2953,0.3513,2.22,0.12,0.0565,-0.0923,0.456,0.57,-34.99,0.858
0,1064.968,24.867,-0.8752,0.2919,0.3535,1.57,0.22,0.0546,-0.0853,0.471,0.57,-34.99,0.958
0,1065.07,24.982,-0.8695,0.2881,0.3513,1.25,0.27,0.0568,-0.1018,0.496,0.57,-34.99,0.038
0,1065.168,25.079,-0.8636,0.2862,0.3523,1.0,0.36,0.0547,-0.0789,0.595,0.57,-34.99,0.136
0,1065.268,25.179,-0.856,0.2854,0.3523,0.55,0.3,0.0565,-0.0498,0.625,0.57,-34.99,0.236
0,1065.368,25.28,-0.8503,0.2845,0.3538,0.14,0.32,0.059,-0.0444,0.727,0.57,-34.99,0.336
0,1065.468,25.38,-0.8454,0.2838,0.3537,-0.08,0.23,0.0645,-0.0685,0.792,0.57,-34.99,0.436
0,1065.568,25.48,-0.8388,0.2856,0.3529,-0.23,0.11,0.0564,-0.0665,0.814,0.57,-34.99,0.536
0,1065.668,25.581,-0.8329,0.2891,0.3536,-0.46,0.27,0.0602,-0.0427,0.814,0.57,-34.99,0.636
0,1065.769,25.688,-0.8251,0.2911,0.3531,-0.92,0.28,0.0614,-0.007,0.829,0.57,-34.99,0.737
0,1065.868,25.786,-0.8169,0.2922,0.3547,-1.23,0.37,0.0614,-0.007,0.829,0.57,-34.99,0.836
0,1065.968,25.886,-0.8066,0.2925,0.3504,-1.15,0.34,0.066,-0.0682,0.829,0.57,-34.99,0.936
0,1066.068,25.986,-0.8003,0.2915,0.352,-1.33,0.26,0.0776,-0.0467,0.829,0.57,-34.99,1.036
0,1066.168,26.086,-0.7934,0.2896,0.3515,-1.71,0.07,0.0798,-0.023,0.826,0.478,-43.03,0.1
0,1066.268,26.188,-0.7875,0.2858,0.3534,-1.98,0.31,0.0673,-0.0329,0.823,0.478,-43.03,0.2
0,1066.368,26.289,-0.7821,0.2815,0.3524,-2.11,0.4,0.0689,-0.0342,0.823,0.478,-43.03,0.3
0,1066.468,26.389,-0.7743,0.2803,0.3519,-2.09,0.36,0.0593,-0.0351,0.818,0.478,-43.03,0.4
0,1066.568,26.489,-0.7651,0.2809,0.3529,-2.16,0.21,0.0649,-0.0078,0.814,0.478,-43.03,0.5
0,1066.668,26.591,-0.7556,0.2816,0.3529,-2.41,0.24,0.0778,-0.0082,0.814,0.478,-43.03,0.6
0,1066.768,26.717,-0.747,0.283,0.3532,-2.5,0.17,0.0778,-0.0082,0.812,0.478,-43.03,0.7
0,1066.868,26.817,-0.7376,0.2839,0.3427,-2.41,0.28,0.0746,-0.0294,0.812,0.478,-43.03,0.8
0,1066.968,26.919,-0.7306,0.2825,0.3453,-2.43,0.15,0.0714,0.0123,0.814,0.478,-43.03,0.9
0,1067.068,27.019,-0.7227,0.2799,0.3459,-2.76,0.27,0.0647,0.0088,0.812,0.478,-43.03,1.0
0,1067.168,27.118,-0.7185,0.2772,0.3496,-2.86,0.47,0.0634,-0.0202,0.812,0.396,-54.46,0.094
0,1067.268,27.228,-0.7135,0.2748,0.3479,-2.74,0.34,0.0521,-0.0047,0.808,0.396,-54.46,0.194
0,1067.368,27.32,-0.7075,0.2757,0.3502,-2.61,0.13,0.0526,0.0139,0.806,0.396,-54.46,0.294
0,1067.468,27.421,-0.7001,0.2786,0.3497,-2.61,0.05,0.0505,0.0261,0.806,0.396,-54.46,0.394
0,1067.568,27.521,-0.6933,0.2811,0.3508,-2.72,0.43,0.0505,0.0261,0.808,0.396,-54.46,0.494
0,1067.668,27.621,-0.6851,0.2831,0.3514,-2.58,0.44,0.0559,0.0083,0.809,0.396,-54.46,0.594
0,1067.768,27.724,-0.6786,0.2841,0.3514,-2.28,0.49,0.0633,0.0254,0.812,0.396,-54.46,0.694
0,1067.868,27.825,-0.6755,0.2849,0.3527,-2.14,0.5,0.0633,0.0254,0.814,0.396,-54.46,0.794
0,1067.968,27.93,-0.6703,0.2833,0.3518,-2.19,0.2,0.0603,0.0392,0.814,0.396,-54.46,0.894
0,1068.068,28.032,-0.6653,0.2796,0.3534,-2.1,0.12,0.0454,0.0348,0.815,0.396,-54.46,0.994
0,1068.168,28.142,-0.6589,0.2759,0.3517,-1.81,0.15,0.0461,0.0185,0.813,0.396,-54.46,0.075
0,1068.268,28.232,-0.6532,0.2737,0.3537,-1.55,0.28,0.0545,0.0407,0.81,0.396,-54.46,0.175
0,1068.368,28.332,-0.6457,0.2725,0.352,-1.47,0.26,0.0538,0.0464,0.81,0.396,-54.46,0.275
0,1068.468,28.437,-0.6404,0.2716,0.3529,-1.42,0.28,0.0622,0.0351,0.809,0.396,-54.46,0.375
0,1068.568,28.537,-0.6354,0.2703,0.3531,-1.21,0.24,0.0535,0.0236,0.809,0.396,-54.46,0.475
0,1068.67,28.639,-0.6297,0.2709,0.3536,-0.88,0.12,0.052,0.0382,0.809,0.396,-54.46,0.577
0,1068.768,28.739,-0.6245,0.2729,0.3542,-0.64,0.21,0.052,0.0382,0.809,0.396,-54.46,0.675
0,1068.868,28.841,-0.6177,0.274,0.353,-0.67,0.26,0.0477,0.0332,0.814,0.396,-54.46,0.775
0,1068.968,28.943,-0.6111,0.2745,0.3537,-0.53,0.32,0.0527,0.0106,0.814,0.396,-54.46,0.875
0,1069.068,29.043,-0.604,0.2744,0.3522,-0.23,0.27,0.0496,0.0102,0.816,0.396,-54.46,0.975
0,1069.168,29.143,-0.6004,0.2743,0.3536,-0.02,0.28,0.0569,0.032,0.816,0.328,-70.35,0.032
0,1069.268,29.243,-0.5957,0.2738,0.3521,-0.0,0.13,0.0466,0.0363,0.818,0.328,-70.35,0.132
0,1069.368,29.343,-0.5915,0.2715,0.353,-0.02,0.13,0.0439,0.0389,0.818,0.328,-70.35,0.232
0,1069.468,29.443,-0.5871,0.2685,0.3523,0.19,0.19,0.0386,0.0123,0.817,0.328,-70.35,0.332
0,1069.568,29.546,-0.5826,0.2676,0.3528,0.54,0.17,0.0371,0.0324,0.816,0.328,-70.35,0.432
0,1069.668,29.644,-0.5781,0.2683,0.3529,0.71,0.1,0.0369,0.0556,0.812,0.328,-70.35,0.532
0,1069.768,29.744,-0.573,0.2687,0.3517,0.66,0.19,0.0349,0.0404,0.803,0.328,-70.35,0.632
0,1069.868,29.849,-0.5689,0.269,0.3524,0.83,0.19,0.0394,0.0286,0.799,0.328,-70.35,0.732
0,1069.968,29.948,-0.5642,0.2692,0.3495,1.13,0.2,0.0357,0.032,0.799,0.328,-70.35,0.832
0,1070.068,30.048,-0.5622,0.2701,0.3511,1.44,0.31,0.038,0.0463,0.794,0.328,-70.35,0.932
0,1070.168,30.156,-0.5588,0.2713,0.3492,1.58,0.26,0.0296,0.0573,0.791,0.328,-70.35,0.004
0,1070.268,30.257,-0.5553,0.2709,0.3507,1.67,0.25,0.0274,0.0483,0.786,0.328,-70.35,0.104
0,1070.368,30.359,-0.5507,0.2693,0.3503,1.99,0.13,0.0287,0.0302,0.782,0.328,-70.35,0.204
0,1070.468,30.459,-0.5481,0.2681,0.3519,2.44,0.17,0.0329,0.0302,0.778,0.328,-70.35,0.304
1,1070.568,30.56,-0.5456,0.2679,0.3518,2.53,0.14,0.0,0.0,0.776,0.512,-145.98,0.069
1,1070.668,30.66,-0.5436,0.2674,0.3517,2.35,0.17,0.0,0.0,0.773,0.512,-145.98,0.169
1,1070.77,30.763,-0.5442,0.2671,0.3519,2.24,0.09,0.0044,0.0131,0.773,0.512,-145.98,0.271
1,1070.868,30.86,-0.5472,0.2674,0.3504,2.42,0.07,0.0011,-0.0502,0.772,0.512,-145.98,0.369
1,1070.968,30.975,-0.5521,0.2702,0.3504,2.34,0.51,0.0,-0.0304,0.773,0.512,-145.98,0.469
1,1071.068,31.104,-0.5555,0.2741,0.3423,1.91,0.41,0.0,-0.0447,0.781,0.512,-145.98,0.569
1,1071.168,31.204,-0.5566,0.2755,0.3486,1.1,0.34,0.0,-0.0427,0.784,0.512,-145.98,0.669
1,1071.268,31.305,-0.5557,0.2761,0.3532,1.36,0.59,0.0,-0.0827,0.784,0.512,-145.98,0.769
1,1071.368,31.405,-0.558,0.2777,0.3545,1.22,0.75,0.0037,-0.0551,0.784,0.512,-145.98,0.869
1,1071.468,31.508,-0.5592,0.2787,0.35,0.56,0.41,0.0006,-0.0519,0.787,0.512,-145.98,0.969
1,1071.568,31.609,-0.5585,0.2762,0.3515,-0.29,0.22,0.0003,-0.0877,0.787,0.512,-145.98,0.074
1,1071.668,31.709,-0.5563,0.2713,0.3518,-0.46,0.03,0.0,-0.1315,0.786,0.512,-145.98,0.174
1,1071.768,31.809,-0.5546,0.2664,0.353,-0.08,0.31,0.0014,-0.1585,0.786,0.512,-145.98,0.274
1,1071.868,31.909,-0.5524,0.2618,0.3527,-0.81,0.3,0.0047,-0.0785,0.784,0.512,-145.98,0.374
1,1071.969,32.012,-0.5525,0.2584,0.3532,-1.82,0.37,0.003,-0.0432,0.78,0.512,-145.98,0.475
1,1072.068,32.112,-0.5561,0.2557,0.3538,-2.55,0.44,0.0074,-0.0952,0.782,0.512,-145.98,0.574
1,1072.168,32.212,-0.5577,0.2554,0.3519,-2.18,0.26,0.001,-0.1752,0.785,0.512,-145.98,0.674
1,1072.268,32.313,-0.558,0.2589,0.3524,-2.46,0.22,0.0003,-0.1121,0.786,0.512,-145.98,0.774
1,1072.368,32.413,-0.5563,0.2631,0.3514,-3.77,0.15,0.0,-0.0704,0.786,0.512,-145.98,0.874
1,1072.468,32.514,-0.554,0.2666,0.3538,-5.15,0.48,0.0,-0.1013,0.782,0.512,-145.98,0.974
1,1072.568,32.619,-0.55,0.2682,0.3519,-5.39,0.35,0.0016,-0.1813,0.782,0.512,-145.98,0.038
1,1072.668,32.72,-0.5504,0.2683,0.3526,-5.32,0.31,0.0081,-0.1717,0.779,0.512,-145.98,0.138
1,1072.768,32.823,-0.552,0.2677,0.3516,-5.97,0.14,0.0098,-0.0917,0.779,0.512,-145.98,0.238
1,1072.868,32.923,-0.5537,0.2647,0.3521,-6.76,0.08,0.002,-0.0544,0.774,0.512,-145.98,0.338
1,1072.968,33.023,-0.5566,0.2598,0.3526,-8.07,0.34,0.0002,-0.1061,0.764,0.512,-145.98,0.438
1,1073.068,33.125,-0.5574,0.2562,0.3513,-7.92,0.33,0.0,-0.1861,0.756,0.512,-145.98,0.538
1,1073.168,33.225,-0.5561,0.2551,0.3519,-8.22,0.2,0.0,-0.1724,0.755,0.512,-145.98,0.638
1,1073.268,33.325,-0.5534,0.2551,0.3524,-9.6,0.21,0.0,-0.0924,0.755,0.512,-145.98,0.738
1,1073.368,33.43,-0.5525,0.2559,0.355,-10.95,0.25,0.0041,-0.1131,0.75,0.512,-145.98,0.838
1,1073.471,33.536,-0.5504,0.2564,0.3492,-11.0,0.08,0.0036,-0.1782,0.74,0.512,-145.98,0.941
1,1073.575,33.642,-0.5505,0.2572,0.3498,-11.47,0.09,0.0031,-0.1521,0.736,0.512,-145.98,0.009
1,1073.668,33.734,-0.5502,0.2583,0.3489,-12.5,0.02,0.0044,-0.0819,0.733,0.512,-145.98,0.102
1,1073.768,33.834,-0.5509,0.2584,0.3509,-13.65,0.12,0.0006,-0.0551,0.728,0.512,-145.98,0.202
1,1073.868,33.937,-0.5517,0.2569,0.3505,-13.69,0.11,0.0001,-0.13,0.723,0.512,-145.98,0.302
1,1073.968,34.038,-0.5515,0.2563,0.3503,-13.69,0.09,0.0,-0.1404,0.723,0.512,-145.98,0.402
1,1074.068,34.139,-0.5513,0.2571,0.3502,-14.51,0.08,0.0,-0.0604,0.723,0.512,-145.98,0.502
1,1074.168,34.256,-0.5506,0.2577,0.3501,-15.76,0.14,0.0,-0.0998,0.721,0.512,-145.98,0.602
1,1074.268,34.358,-0.5505,0.2573,0.3528,-16.44,0.12,0.0,-0.1628,0.715,0.512,-145.98,0.702
1,1074.368,34.461,-0.5499,0.2567,0.3535,-16.4,0.08,0.0002,-0.1505,0.707,0.512,-145.98,0.802
1,1074.468,34.561,-0.5509,0.2574,0.3538,-17.06,0.21,0.0002,-0.1353,0.706,0.512,-145.98,0.902
1,1074.568,34.661,-0.5513,0.2574,0.3523,-18.18,0.05,0.0014,-0.0667,0.706,0.512,-145.98,1.002
1,1074.671,34.765,-0.5528,0.2562,0.3537,-18.9,0.1,0.0002,-0.1096,0.703,0.512,-145.98,0.076
1,1074.768,34.861,-0.5539,0.2534,0.3523,-19.27,0.17,0.0,-0.1703,0.697,0.512,-145.98,0.173
1,1074.868,34.961,-0.554,0.2519,0.3522,-19.72,0.17,0.0,-0.1584,0.693,0.512,-145.98,0.273
1,1074.968,35.061,-0.5529,0.2511,0.352,-20.53,0.14,0.0,-0.1267,0.684,0.512,-145.98,0.373
1,1075.068,35.163,-0.5523,0.2499,0.353,-21.61,0.21,0.0,-0.1267,0.678,0.512,-145.98,0.473
1,1075.168,35.263,-0.5532,0.2493,0.3533,-22.41,0.18,0.0007,-0.1813,0.672,0.512,-145.98,0.573
1,1075.268,35.363,-0.553,0.2492,0.351,-22.87,0.1,0.0002,-0.1613,0.668,0.512,-145.98,0.673
1,1075.368,35.463,-0.553,0.251,0.3512,-23.66,0.12,0.0,-0.1407,0.666,0.512,-145.98,0.773
1,1075.468,35.563,-0.5523,0.252,0.3508,-24.69,0.07,0.0,-0.1407,0.666,0.512,-145.98,0.873
1,1075.571,35.676,-0.5528,0.2526,0.3529,-25.75,0.14,0.0,-0.1945,0.659,0.512,-145.98,0.976
1,1075.668,35.778,-0.5522,0.2516,0.3476,-26.48,0.03,0.0,-0.1945,0.655,0.439,-156.97,0.037
1,1075.768,35.881,-0.5527,0.2512,0.3478,-27.16,0.07,0.0022,-0.1809,0.65,0.439,-156.97,0.137
1,1075.868,35.981,-0.5526,0.2504,0.3491,-28.33,0.1,0.0003,-0.1447,0.646,0.439,-156.97,0.237
1,1075.968,36.081,-0.5539,0.2491,0.3517,-29.4,0.2,0.0002,-0.1552,0.646,0.439,-156.97,0.337
1,1076.068,36.187,-0.5561,0.2475,0.3495,-30.09,0.26,0.0,-0.1871,0.639,0.439,-156.97,0.437
1,1076.169,36.29,-0.5565,0.2467,0.347,-30.87,0.22,0.0,-0.1861,0.634,0.439,-156.97,0.538
1,1076.271,36.395,-0.5553,0.2468,0.3479,-31.85,0.1,0.0,-0.1796,0.625,0.439,-156.97,0.64
1,1076.368,36.509,-0.5537,0.247,0.3494,-33.03,0.17,0.0003,-0.1895,0.62,0.439,-156.97,0.737
1,1076.468,36.616,-0.5533,0.2477,0.3524,-34.12,0.16,0.0059,-0.1983,0.615,0.439,-156.97,0.837
1,1076.568,36.722,-0.5519,0.2484,0.3521,-34.81,0.08,0.0014,-0.2,0.612,0.439,-156.97,0.937
1,1076.668,36.823,-0.5514,0.2513,0.3523,-35.74,0.19,0.0013,-0.1766,0.612,0.439,-156.97,0.02
1,1076.768,36.923,-0.5511,0.2523,0.3517,-36.86,0.06,0.0,-0.1684,0.608,0.439,-156.97,0.12
1,1076.868,37.025,-0.5519,0.2519,0.3536,-37.91,0.11,0.0,-0.1825,0.604,0.439,-156.97,0.22
1,1076.968,37.125,-0.552,0.2493,0.3507,-38.6,0.04,0.0009,-0.1973,0.599,0.439,-156.97,0.32
1,1077.074,37.231,-0.5526,0.2477,0.3511,-39.38,0.09,0.0008,-0.1845,0.594,0.439,-156.97,0.426
1,1077.17,37.329,-0.5526,0.246,0.3512,-40.4,0.11,0.0041,-0.1661,0.589,0.439,-156.97,0.522
1,1077.268,37.429,-0.5539,0.2446,0.353,-41.52,0.22,0.0021,-0.182,0.589,0.439,-156.97,0.62
1,1077.368,37.529,-0.5566,0.2438,0.3528,-42.34,0.27,0.0043,-0.1963,0.578,0.439,-156.97,0.72
1,1077.468,37.63,-0.5567,0.2434,0.3512,-43.1,0.18,0.0002,-0.1986,0.574,0.439,-156.97,0.82
1,1077.568,37.731,-0.5555,0.2445,0.3514,-44.05,0.05,0.0005,-0.178,0.571,0.439,-156.97,0.92
1,1077.668,37.831,-0.554,0.2449,0.3516,-45.25,0.14,0.0002,-0.1847,0.571,0.439,-156.97,1.02
1,1077.768,37.941,-0.5535,0.2457,0.3535,-46.38,0.16,0.0012,-0.1725,0.565,0.439,-156.97,0.092
1,1077.868,38.041,-0.5521,0.2448,0.3464,-47.14,0.08,0.0003,-0.1964,0.565,0.439,-156.97,0.192
1,1077.968,38.142,-0.5522,0.2449,0.3473,-48.0,0.07,0.0019,-0.1908,0.561,0.439,-156.97,0.292
1,1078.068,38.241,-0.5523,0.2439,0.3481,-49.16,0.12,0.0004,-0.1742,0.555,0.439,-156.97,0.392
1,1078.168,38.342,-0.5542,0.2434,0.351,-50.32,0.19,0.003,-0.1917,0.55,0.439,-156.97,0.492
1,1078.268,38.443,-0.5573,0.2427,0.3507,-51.2,0.34,0.0024,-0.1979,0.546,0.439,-156.97,0.592
1,1078.368,38.545,-0.5578,0.2415,0.3503,-51.92,0.26,0.0022,-0.1979,0.542,0.439,-156.97,0.692
1,1078.468,38.648,-0.5565,0.2408,0.3508,-52.91,0.13,0.0046,-0.1664,0.542,0.439,-156.97,0.792
1,1078.568,38.748,-0.5552,0.2399,0.352,-54.09,0.21,0.003,-0.1785,0.535,0.439,-156.97,0.892
1,1078.668,38.848,-0.5548,0.2408,0.3535,-55.05,0.18,0.011,-0.1945,0.532,0.439,-156.97,0.992
1,1078.768,38.949,-0.5528,0.2406,0.3503,-55.8,0.02,0.0043,-0.2,0.529,0.439,-156.97,0.071
1,1078.87,39.055,-0.5507,0.2424,0.351,-56.7,0.18,0.007,-0.1842,0.529,0.439,-156.97,0.173
1,1078.97,39.157,-0.5494,0.2429,0.3509,-57.78,0.02,0.0083,-0.1697,0.527,0.439,-156.97,0.273
1,1079.07,39.258,-0.5499,0.2421,0.3532,-58.94,0.13,0.0023,-0.19,0.527,0.439,-156.97,0.373
1,1079.168,39.363,-0.5508,0.2393,0.3508,-59.79,0.08,0.0057,-0.1979,0.519,0.439,-156.97,0.471
1,1079.268,39.463,-0.5511,0.2371,0.3506,-60.6,0.13,0.0061,-0.2,0.514,0.439,-156.97,0.571
1,1079.368,39.563,-0.5509,0.2352,0.3512,-61.6,0.1,0.0156,-0.18,0.51,0.439,-156.97,0.671
1,1079.468,39.663,-0.5514,0.2337,0.3529,-62.83,0.21,0.0141,-0.1794,0.506,0.439,-156.97,0.771
1,1079.568,39.763,-0.553,0.2331,0.3532,-63.78,0.27,0.0165,-0.167,0.503,0.439,-156.97,0.871
1,1079.668,39.863,-0.5523,0.231,0.3499,-64.51,0.17,0.0122,-0.195,0.503,0.439,-156.97,0.971
1,1079.768,39.971,-0.5505,0.2298,0.3504,-65.46,0.04,0.0072,-0.1913,0.496,0.439,-156.97,0.038
1,1079.87,40.073,-0.5479,0.228,0.3466,-66.7,0.13,0.0118,-0.1726,0.496,0.439,-156.97,0.14
1,1079.968,40.172,-0.546,0.2273,0.3494,-67.84,0.23,0.0142,-0.1914,0.489,0.439,-156.97,0.238
1,1080.068,40.273,-0.5439,0.2241,0.3458,-68.65,0.12,0.0161,-0.1977,0.489,0.439,-156.97,0.338
1,1080.168,40.372,-0.5424,0.2224,0.347,-69.49,0.16,0.0143,-0.2,0.485,0.439,-156.97,0.438
1,1080.268,40.473,-0.5418,0.2207,0.347,-70.6,0.07,0.0241,-0.1797,0.481,0.439,-156.97,0.538
1,1080.368,40.574,-0.5433,0.2181,0.3495,-71.79,0.1,0.0202,-0.1828,0.478,0.439,-156.97,0.638
1,1080.468,40.674,-0.5465,0.2154,0.3503,-72.7,0.28,0.0225,-0.1958,0.47,0.439,-156.97,0.738
1,1080.568,40.774,-0.548,0.2113,0.3489,-73.35,0.3,0.0216,-0.2,0.465,0.439,-156.97,0.838
1,1080.668,40.874,-0.5482,0.207,0.35,-74.24,0.2,0.0204,-0.1956,0.465,0.439,-156.97,0.938
1,1080.768,40.974,-0.5475,0.2024,0.3503,-75.42,0.26,0.0236,-0.1779,0.461,0.439,-156.97,1.038
1,1080.868,41.077,-0.5466,0.2014,0.3531,-76.58,0.24,0.029,-0.1928,0.455,0.439,-156.97,0.1
1,1080.968,41.174,-0.5449,0.1991,0.3506,-77.42,0.06,0.0312,-0.1979,0.448,0.439,-156.97,0.2
1,1081.068,41.274,-0.5416,0.1979,0.3512,-78.26,0.15,0.0219,-0.2,0.448,0.439,-156.97,0.3
1,1081.168,41.373,-0.5383,0.197,0.3506,-79.33,0.12,0.0268,-0.1831,0.448,0.439,-156.97,0.4
1,1081.268,41.473,-0.5379,0.1947,0.3523,-80.62,0.16,0.0179,-0.1892,0.448,0.439,-156.97,0.5
1,1081.368,41.574,-0.5392,0.191,0.3527,-81.54,0.13,0.019,-0.197,0.448,0.439,-156.97,0.6
1,1081.468,41.674,-0.5402,0.1862,0.3509,-82.32,0.16,0.0205,-0.2,0.448,0.439,-156.97,0.7
1,1081.568,41.774,-0.5412,0.1824,0.3517,-83.24,0.18,0.0301,-0.175,0.448,0.439,-156.97,0.8
1,1081.668,41.885,-0.5428,0.1784,0.3529,-84.38,0.27,0.0324,-0.1548,0.448,0.439,-156.97,0.9
1,1081.768,41.985,-0.5449,0.1767,0.3549,-85.35,0.32,0.0324,-0.1548,0.448,0.439,-156.97,1.0
1,1081.868,42.085,-0.5453,0.1734,0.3546,-86.04,0.18,0.0302,-0.1926,0.448,0.439,-156.97,0.068
1,1081.968,42.185,-0.543,0.1696,0.355,-86.84,0.05,0.0296,-0.1715,0.448,0.439,-156.97,0.168
1,1082.068,42.285,-0.5408,0.1651,0.3542,-87.89,0.08,0.0296,-0.1715,0.448,0.439,-156.97,0.268
1,1082.17,42.387,-0.5398,0.1613,0.3557,-89.01,0.24,0.0311,-0.1757,0.448,0.439,-156.97,0.37
1,1082.268,42.485,-0.5391,0.1574,0.3549,-89.91,0.07,0.039,-0.195,0.448,0.439,-156.97,0.468
1,1082.368,42.587,-0.5377,0.1537,0.3533,-90.76,0.15,0.0325,-0.1987,0.449,0.439,-156.97,0.568
1,1082.47,42.696,-0.5357,0.1515,0.3516,-91.8,0.16,0.027,-0.1849,0.448,0.439,-156.97,0.67
1,1082.568,42.793,-0.5356,0.148,0.3486,-92.94,0.15,0.0245,-0.1965,0.448,0.439,-156.97,0.768
1,1082.668,42.893,-0.5372,0.1442,0.3507,-94.05,0.14,0.0245,-0.1965,0.448,0.439,-156.97,0.868
1,1082.768,42.998,-0.5394,0.1385,0.3492,-94.88,0.11,0.0322,-0.1991,0.448,0.439,-156.97,0.968
1,1082.868,43.097,-0.5411,0.1341,0.3507,-95.65,0.12,0.0322,-0.1991,0.448,0.588,-170.07,0.048
1,1082.969,43.199,-0.5431,0.1284,0.3504,-96.77,0.18,0.0386,-0.1597,0.449,0.588,-170.07,0.149
1,1083.068,43.3,-0.5452,0.1253,0.3534,-98.0,0.26,0.0386,-0.1597,0.448,0.588,-170.07,0.248
1,1083.168,43.406,-0.5472,0.1219,0.3505,-98.76,0.14,0.038,-0.1904,0.449,0.588,-170.07,0.348
1,1083.268,43.506,-0.5473,0.1174,0.3499,-99.54,0.16,0.0396,-0.171,0.448,0.588,-170.07,0.448
1,1083.368,43.606,-0.5468,0.112,0.3511,-100.46,0.09,0.0396,-0.171,0.448,0.588,-170.07,0.548
1,1083.468,43.706,-0.5477,0.1068,0.3529,-101.62,0.2,0.0428,-0.1444,0.449,0.588,-170.07,0.648
1,1083.568,43.806,-0.5483,0.103,0.3541,-102.57,0.17,0.0428,-0.1444,0.449,0.588,-170.07,0.748
1,1083.669,43.913,-0.5482,0.0975,0.3511,-103.17,0.1,0.0402,-0.1873,0.448,0.588,-170.07,0.849
1,1083.768,44.014,-0.5467,0.0934,0.3518,-103.96,0.2,0.0379,-0.1698,0.449,0.588,-170.07,0.948
1,1083.868,44.116,-0.5471,0.0888,0.352,-104.95,0.06,0.0423,-0.1473,0.449,0.588,-170.07,0.04
1,1083.968,44.216,-0.5491,0.0852,0.3542,-105.95,0.16,0.038,-0.1685,0.448,0.588,-170.07,0.14
1,1084.068,44.316,-0.5524,0.0801,0.3517,-106.64,0.1,0.0412,-0.1942,0.449,0.588,-170.07,0.24
1,1084.168,44.416,-0.5544,0.0747,0.352,-107.48,0.17,0.0375,-0.1909,0.449,0.588,-170.07,0.34
1,1084.268,44.516,-0.5563,0.0688,0.3519,-108.49,0.14,0.0449,-0.1704,0.448,0.588,-170.07,0.44
1,1084.368,44.616,-0.5588,0.0642,0.3536,-109.63,0.24,0.0454,-0.1716,0.448,0.588,-170.07,0.54
1,1084.468,44.74,-0.5611,0.0601,0.3493,-110.48,0.06,0.0425,-0.1988,0.449,0.588,-170.07,0.64
1,1084.568,44.84,-0.5633,0.0555,0.3432,-111.33,0.31,0.0364,-0.1996,0.449,0.588,-170.07,0.74
1,1084.668,44.94,-0.5662,0.0511,0.3458,-112.18,0.3,0.0383,-0.1801,0.449,0.588,-170.07,0.84
1,1084.772,45.044,-0.5692,0.0478,0.3486,-113.51,0.35,0.0389,-0.1845,0.449,0.588,-170.07,0.944
1,1084.868,45.157,-0.5709,0.0473,0.3514,-114.59,0.43,0.0412,-0.1962,0.448,0.43,175.71,0.037
1,1084.968,45.256,-0.5727,0.0444,0.34,-115.41,0.29,0.0291,-0.2,0.448,0.43,175.71,0.137
1,1085.068,45.356,-0.5746,0.0402,0.3426,-116.27,0.24,0.0311,-0.1653,0.448,0.43,175.71,0.237
1,1085.168,45.456,-0.577,0.0344,0.3455,-117.51,0.33,0.0309,-0.1585,0.448,0.43,175.71,0.337
1,1085.268,45.556,-0.5774,0.0313,0.3504,-118.54,0.26,0.0446,-0.1907,0.449,0.43,175.71,0.437
1,1085.368,45.657,-0.5778,0.0274,0.3483,-119.28,0.13,0.0446,-0.1907,0.448,0.43,175.71,0.537
1,1085.468,45.756,-0.5765,0.0223,0.3487,-120.08,0.1,0.0364,-0.1694,0.449,0.43,175.71,0.637
1,1085.568,45.857,-0.5741,0.0169,0.3506,-120.86,0.28,0.0364,-0.1694,0.448,0.43,175.71,0.737
1,1085.668,45.956,-0.5754,0.0112,0.3526,-122.09,0.29,0.0306,-0.1691,0.448,0.43,175.71,0.837
1,1085.768,46.058,-0.578,0.0056,0.3541,-122.89,0.21,0.0414,-0.1957,0.45,0.43,175.71,0.937
1,1085.868,46.159,-0.5811,0.0008,0.3515,-123.61,0.2,0.0437,-0.1765,0.448,0.43,175.71,1.037
1,1085.968,46.26,-0.583,-0.0009,0.352,-124.54,0.16,0.0437,-0.1765,0.448,0.43,175.71,0.093
1,1086.068,46.36,-0.5867,-0.0026,0.3525,-125.62,0.1,0.0373,-0.1677,0.448,0.43,175.71,0.193
1,1086.168,46.46,-0.5921,-0.002,0.3549,-126.67,0.41,0.0351,-0.1909,0.45,0.43,175.71,0.293
1,1086.269,46.563,-0.5984,-0.0016,0.3524,-127.54,0.49,0.0305,-0.1944,0.451,0.43,175.71,0.394
1,1086.368,46.662,-0.6039,-0.0048,0.3521,-128.38,0.57,0.0286,-0.1764,0.449,0.43,175.71,0.493
1,1086.468,46.761,-0.6094,-0.0103,0.3527,-129.35,0.47,0.0383,-0.1662,0.448,0.43,175.71,0.593
1,1086.568,46.861,-0.611,-0.0143,0.3542,-130.46,0.38,0.0505,-0.1766,0.448,0.43,175.71,0.693
1,1086.668,46.961,-0.6098,-0.0171,0.3545,-131.4,0.25,0.0515,-0.1934,0.449,0.43,175.71,0.793
1,1086.768,47.061,-0.6086,-0.0222,0.3519,-132.07,0.13,0.0367,-0.193,0.449,0.43,175.71,0.893
1,1086.868,47.161,-0.6049,-0.0278,0.352,-133.06,0.58,0.0323,-0.1665,0.449,0.43,175.71,0.993
1,1086.968,47.261,-0.6047,-0.0331,0.352,-134.12,0.32,0.0257,-0.162,0.448,0.43,175.71,0.054
1,1087.068,47.373,-0.6084,-0.0374,0.3543,-135.17,0.31,0.0277,-0.1898,0.448,0.43,175.71,0.154
1,1087.168,47.476,-0.6146,-0.0423,0.3461,-135.99,0.18,0.0373,-0.198,0.449,0.43,175.71,0.254
1,1087.268,47.576,-0.6202,-0.0433,0.346,-136.84,0.27,0.0463,-0.1777,0.449,0.43,175.71,0.354
1,1087.368,47.677,-0.6268,-0.0436,0.3472,-137.81,0.35,0.0459,-0.1462,0.449,0.43,175.71,0.454
1,1087.468,47.777,-0.6319,-0.0413,0.3503,-139.04,0.61,0.0447,-0.1581,0.449,0.43,175.71,0.554
1,1087.568,47.878,-0.636,-0.0365,0.3499,-139.74,0.78,0.0421,-0.1924,0.448,0.43,175.71,0.654
1,1087.67,47.981,-0.6404,-0.0363,0.3471,-140.48,0.68,0.0283,-0.1674,0.449,0.43,175.71,0.756
1,1087.768,48.081,-0.6452,-0.0399,0.348,-141.35,0.45,0.0231,-0.1471,0.448,0.43,175.71,0.854
1,1087.868,48.185,-0.6484,-0.0448,0.3478,-142.36,0.3,0.032,-0.1325,0.448,0.43,175.71,0.954
1,1087.968,48.285,-0.6474,-0.0488,0.3506,-143.26,0.19,0.0414,-0.1509,0.449,0.376,156.57,0.034
1,1088.068,48.387,-0.6472,-0.0539,0.3477,-143.87,0.2,0.0414,-0.1509,0.449,0.376,156.57,0.134
1,1088.168,48.486,-0.6445,-0.0588,0.3492,-144.51,0.59,0.0364,-0.1241,0.448,0.376,156.57,0.234
1,1088.268,48.586,-0.6429,-0.0642,0.3487,-145.25,0.48,0.03,-0.1121,0.45,0.376,156.57,0.334
1,1088.368,48.686,-0.6465,-0.0673,0.3511,-146.07,0.32,0.0218,-0.1271,0.451,0.376,156.57,0.434
1,1088.468,48.788,-0.6527,-0.0698,0.3515,-146.66,0.14,0.0272,-0.1535,0.451,0.376,156.57,0.534
1,1088.568,48.889,-0.6582,-0.0711,0.3514,-147.1,0.2,0.0349,-0.1431,0.449,0.376,156.57,0.634
1,1088.668,48.989,-0.6627,-0.0706,0.3524,-147.72,0.23,0.046,-0.1247,0.449,0.376,156.57,0.734
1,1088.768,49.093,-0.6673,-0.0691,0.3532,-148.79,0.39,0.0408,-0.102,0.451,0.376,156.57,0.834
1,1088.868,49.224,-0.6708,-0.0654,0.3516,-149.38,0.76,0.0283,-0.1395,0.451,0.376,156.57,0.934
1,1088.968,49.324,-0.6761,-0.0637,0.3372,-149.83,0.74,0.0216,-0.108,0.449,0.376,156.57,0.026
1,1089.068,49.424,-0.685,-0.0625,0.3403,-150.07,0.94,0.0216,-0.108,0.449,0.376,156.57,0.126
1,1089.168,49.524,-0.6921,-0.0622,0.3445,-150.91,0.87,0.0269,-0.1233,0.45,0.376,156.57,0.226
1,1089.268,49.625,-0.6916,-0.0609,0.3494,-152.05,0.7,0.0424,-0.0722,0.448,0.376,156.57,0.326
1,1089.368,49.725,-0.6911,-0.0607,0.3444,-152.24,0.48,0.0479,-0.1489,0.45,0.376,156.57,0.426
1,1089.468,49.828,-0.6906,-0.0646,0.346,-152.37,0.07,0.0246,-0.1689,0.45,0.376,156.57,0.526
1,1089.568,49.926,-0.691,-0.072,0.3461,-153.37,0.2,0.0151,-0.1183,0.449,0.376,156.57,0.626
1,1089.668,50.028,-0.6931,-0.0784,0.3488,-154.51,0.47,0.0147,-0.0824,0.449,0.376,156.57,0.726
1,1089.768,50.128,-0.6976,-0.0851,0.35,-155.16,0.46,0.028,-0.1068,0.448,0.376,156.57,0.826
1,1089.868,50.229,-0.7006,-0.0886,0.3501,-155.05,0.51,0.0337,-0.1691,0.448,0.376,156.57,0.926
1,1089.968,50.332,-0.7004,-0.0891,0.3508,-155.95,0.45,0.0487,-0.1441,0.448,0.376,156.57,1.026
1,1090.068,50.432,-0.7032,-0.0874,0.3504,-157.09,0.04,0.0382,-0.1041,0.448,0.376,156.57,0.094
1,1090.168,50.532,-0.7074,-0.0823,0.3528,-157.98,0.51,0.0263,-0.1608,0.45,0.376,156.57,0.194
1,1090.268,50.636,-0.7133,-0.0781,0.3505,-158.17,0.53,0.0249,-0.1815,0.448,0.376,156.57,0.294
1,1090.368,50.743,-0.7206,-0.0773,0.352,-158.73,0.66,0.0337,-0.1498,0.45,0.376,156.57,0.394
1,1090.468,50.845,-0.7291,-0.0787,0.3503,-159.91,0.57,0.0337,-0.0698,0.449,0.376,156.57,0.494
1,1090.568,50.945,-0.7315,-0.0805,0.3533,-161.48,0.44,0.0441,-0.073,0.449,0.376,156.57,0.594
1,1090.668,51.046,-0.7325,-0.0829,0.3524,-162.07,0.28,0.0453,-0.1642,0.448,0.376,156.57,0.694
1,1090.768,51.146,-0.7343,-0.0886,0.3521,-162.19,0.1,0.0453,-0.1857,0.449,0.376,156.57,0.794
1,1090.868,51.247,-0.7357,-0.0969,0.3531,-162.22,0.43,0.0369,-0.1532,0.449,0.376,156.57,0.894
1,1090.968,51.346,-0.7404,-0.1033,0.3536,-163.73,0.47,0.0334,-0.1,0.448,0.376,156.57,0.994
1,1091.068,51.46,-0.7478,-0.1087,0.3551,-164.44,0.54,0.0413,-0.1108,0.448,0.376,156.57,0.068
1,1091.168,51.561,-0.7552,-0.112,0.348,-165.01,0.39,0.0413,-0.171,0.448,0.376,156.57,0.168
1,1091.268,51.661,-0.7586,-0.1101,0.3497,-164.76,0.24,0.0595,-0.1527,0.449,0.376,156.57,0.268
1,1091.368,51.763,-0.7629,-0.1072,0.35,-166.04,0.17,0.043,-0.1127,0.449,0.376,156.57,0.368
1,1091.468,51.863,-0.7661,-0.1013,0.3535,-167.67,0.58,0.0383,-0.1152,0.449,0.376,156.57,0.468
1,1091.568,51.963,-0.7694,-0.0953,0.3509,-168.2,0.73,0.0311,-0.1567,0.448,0.376,156.57,0.568
1,1091.672,52.07,-0.7752,-0.0941,0.3517,-167.75,0.72,0.0311,-0.1809,0.448,0.376,156.57,0.672
1,1091.768,52.172,-0.7829,-0.0959,0.35,-168.96,0.45,0.0287,-0.1512,0.449,0.376,156.57,0.768
2,1091.868,52.274,-0.7866,-0.0993,0.3507,-169.75,0.31,0.0094,-0.0712,0.449,0.727,170.67,0.025
2,1091.968,52.417,-0.7881,-0.1043,0.3423,-170.11,0.09,0.0223,-0.04,0.449,0.727,170.67,0.125
2,1092.068,52.519,-0.7851,-0.1074,0.3395,-170.19,0.29,0.0289,-0.12,0.448,0.727,170.67,0.225
2,1092.168,52.619,-0.7827,-0.1104,0.3422,-170.58,0.34,0.0233,-0.1098,0.448,0.727,170.67,0.325
2,1092.268,52.719,-0.784,-0.1088,0.3452,-171.46,0.08,0.0233,-0.1098,0.448,0.727,170.67,0.425
2,1092.368,52.827,-0.7871,-0.1042,0.346,-172.35,0.3,0.0186,-0.0777,0.449,0.727,170.67,0.525
2,1092.468,52.927,-0.7921,-0.1006,0.3426,-172.43,0.49,0.024,-0.1301,0.448,0.727,170.67,0.625
2,1092.568,53.044,-0.7996,-0.0979,0.3441,-173.25,0.51,0.0466,-0.1001,0.448,0.727,170.67,0.725
2,1092.668,53.145,-0.8069,-0.0967,0.3406,-174.2,0.51,0.0585,-0.1021,0.448,0.727,170.67,0.825
2,1092.768,53.245,-0.8112,-0.0975,0.3454,-174.9,0.43,0.0758,-0.1184,0.448,0.727,170.67,0.925
2,1092.868,53.345,-0.8191,-0.1014,0.3452,-175.06,0.04,0.0667,-0.1496,0.448,0.727,170.67,0.073
2,1092.968,53.448,-0.8276,-0.1085,0.3494,-175.54,0.33,0.0706,-0.1096,0.448,0.727,170.67,0.173
2,1093.07,53.551,-0.8376,-0.1162,0.3485,-176.11,0.28,0.0768,-0.0628,0.448,0.727,170.67,0.275
2,1093.168,53.649,-0.849,-0.1222,0.3519,-176.72,0.76,0.0864,-0.0728,0.448,0.727,170.67,0.373
2,1093.268,53.749,-0.8637,-0.1272,0.3525,-177.07,0.68,0.0962,-0.0817,0.448,0.727,170.67,0.473
2,1093.368,53.878,-0.8727,-0.1279,0.3546,-177.57,0.49,0.1104,-0.0681,0.449,0.727,170.67,0.573
2,1093.468,53.979,-0.8802,-0.1256,0.3547,-178.11,0.16,0.1129,-0.0524,0.449,0.727,170.67,0.673
2,1093.568,54.081,-0.8886,-0.1198,0.3562,-178.64,0.35,0.0976,-0.0885,0.449,0.727,170.67,0.773
2,1093.668,54.181,-0.8965,-0.1129,0.3557,-178.97,0.46,0.0904,-0.1177,0.449,0.727,170.67,0.873
2,1093.768,54.281,-0.9084,-0.1105,0.3542,-179.42,0.61,0.0838,-0.0985,0.448,0.727,170.67,0.973
2,1093.872,54.385,-0.9226,-0.1095,0.3551,-179.91,0.58,0.0838,-0.0985,0.448,0.631,168.69,0.053
2,1093.968,54.481,-0.9355,-0.1097,0.3558,179.4,0.47,0.0969,-0.105,0.448,0.631,168.69,0.149
2,1094.068,54.582,-0.9443,-0.1124,0.3577,178.69,0.34,0.117,-0.0932,0.448,0.631,168.69,0.249
2,1094.168,54.683,-0.9558,-0.1163,0.3557,178.37,0.24,0.1126,-0.1332,0.448,0.631,168.69,0.349
2,1094.268,54.784,-0.966,-0.1219,0.3565,177.79,0.47,0.1023,-0.1309,0.448,0.631,168.69,0.449
2,1094.368,54.884,-0.9772,-0.1263,0.3559,177.09,0.35,0.1032,-0.0958,0.448,0.631,168.69,0.549
2,1094.468,54.984,-0.9901,-0.1265,0.3573,176.48,0.42,0.0974,-0.1256,0.448,0.631,168.69,0.649
2,1094.568,55.084,-1.0056,-0.1257,0.3566,175.89,0.3,0.1034,-0.1681,0.448,0.631,168.69,0.749
2,1094.668,55.184,-1.0195,-0.1245,0.3558,175.29,0.34,0.1081,-0.1028,0.448,0.631,168.69,0.849
2,1094.768,55.291,-1.0311,-0.1214,0.3551,174.65,0.22,0.1224,-0.0975,0.45,0.631,168.69,0.949
2,1094.868,55.391,-1.0428,-0.1161,0.3535,174.12,0.37,0.1169,-0.1085,0.456,0.631,168.69,1.049
2,1094.968,55.491,-1.0512,-0.1109,0.3548,173.48,0.59,0.1138,-0.0902,0.464,0.532,163.3,0.095
2,1095.068,55.591,-1.0623,-0.108,0.3522,172.93,0.39,0.0988,-0.0478,0.464,0.532,163.3,0.195
2,1095.168,55.692,-1.0754,-0.1081,0.3535,172.5,0.25,0.1039,-0.0296,0.473,0.532,163.3,0.295
2,1095.268,55.791,-1.0906,-0.1084,0.3524,172.24,0.19,0.1102,-0.0421,0.477,0.532,163.3,0.395
2,1095.368,55.923,-1.1033,-0.1087,0.3548,171.89,0.27,0.1196,-0.0689,0.481,0.532,163.3,0.495
2,1095.468,56.027,-1.1182,-0.1091,0.3475,171.72,0.25,0.1171,-0.0543,0.482,0.532,163.3,0.595
2,1095.568,56.127,-1.1304,-0.1086,0.3486,171.55,0.28,0.1266,-0.0143,0.483,0.532,163.3,0.695
2,1095.668,56.227,-1.1433,-0.1065,0.3504,171.32,0.1,0.1266,0.0091,0.485,0.532,163.3,0.795
2,1095.768,56.326,-1.1549,-0.1019,0.3531,171.09,0.34,0.1172,-0.0018,0.49,0.532,163.3,0.895
2,1095.869,56.429,-1.1659,-0.0973,0.3531,171.12,0.4,0.1119,-0.0203,0.49,0.338,153.43,0.015
2,1095.968,56.528,-1.1795,-0.0956,0.3525,171.25,0.34,0.1037,-0.0051,0.494,0.338,153.43,0.114
2,1096.07,56.63,-1.1936,-0.0949,0.3539,171.25,0.19,0.1092,0.0102,0.497,0.338,153.43,0.216
2,1096.168,56.728,-1.2075,-0.0937,0.3538,171.11,0.21,0.1102,0.0115,0.5,0.338,153.43,0.314
2,1096.268,56.828,-1.2188,-0.0936,0.3554,171.07,0.23,0.1184,-0.0073,0.5,0.338,153.43,0.414
2,1096.368,56.929,-1.2317,-0.0938,0.3541,171.18,0.3,0.106,-0.0093,0.502,0.338,153.43,0.514
2,1096.468,57.029,-1.2423,-0.0954,0.3556,171.27,0.4,0.1086,0.0041,0.501,0.338,153.43,0.614
2,1096.568,57.129,-1.2534,-0.0966,0.3545,171.18,0.33,0.0987,0.0147,0.5,0.338,153.43,0.714
2,1096.668,57.229,-1.2642,-0.0949,0.3549,171.06,0.3,0.0906,-0.0016,0.5,0.338,153.43,0.814
2,1096.768,57.35,-1.2762,-0.0922,0.3499,171.13,0.18,0.0902,-0.0098,0.5,0.338,153.43,0.914
2,1096.868,57.453,-1.2859,-0.0903,0.348,171.26,0.23,0.0903,0.0034,0.504,0.338,153.43,1.014
2,1096.968,57.554,-1.2954,-0.0885,0.3486,171.3,0.09,0.092,0.0089,0.505,0.253,143.13,0.077
3,1097.068,57.654,-1.3046,-0.0852,0.3495,171.1,0.21,0.042,0.0,0.505,nan,nan,nan
3,1097.168,57.768,-1.3115,-0.0818,0.3498,171.14,0.35,0.0,0.0,0.507,0.838,9.04,0.084
3,1097.268,57.869,-1.313,-0.0775,0.3396,171.13,0.75,0.0232,-0.03,0.511,0.838,9.04,0.184
3,1097.371,57.991,-1.3105,-0.0716,0.3383,171.05,0.7,0.0076,-0.0435,0.517,0.838,9.04,0.287
3,1097.468,58.087,-1.3047,-0.0686,0.3349,170.61,0.8,0.0076,-0.0435,0.517,0.838,9.04,0.384
3,1097.568,58.188,-1.2924,-0.0666,0.3365,170.2,1.18,0.0,-0.0881,0.528,0.838,9.04,0.484
3,1097.668,58.29,-1.2808,-0.0655,0.3324,170.18,0.82,0.0,-0.0881,0.532,0.838,9.04,0.584
3,1097.768,58.396,-1.2739,-0.0715,0.335,169.98,0.43,0.0,-0.0535,0.532,0.838,9.04,0.684
3,1097.868,58.496,-1.2698,-0.0822,0.3324,169.36,0.38,0.0,-0.0535,0.532,0.838,9.04,0.784
3,1097.968,58.596,-1.2687,-0.0896,0.3358,168.82,0.54,0.0,-0.0709,0.521,0.838,9.04,0.884
3,1098.072,58.702,-1.2735,-0.0916,0.3377,168.63,0.52,0.0,-0.105,0.52,0.838,9.04,0.988
3,1098.168,58.797,-1.2754,-0.0913,0.341,168.44,0.48,0.0,-0.105,0.52,0.838,9.04,0.083
3,1098.27,58.899,-1.2751,-0.0903,0.3435,167.8,0.32,0.0139,-0.0532,0.52,0.838,9.04,0.185
3,1098.368,59.007,-1.2745,-0.0868,0.3448,167.1,0.16,0.0052,-0.067,0.521,0.838,9.04,0.283
3,1098.468,59.108,-1.2716,-0.0817,0.348,166.66,0.5,0.0003,-0.1467,0.527,0.838,9.04,0.383
3,1098.571,59.212,-1.2708,-0.0787,0.348,166.42,0.41,0.0003,-0.1467,0.54,0.838,9.04,0.486
3,1098.668,59.308,-1.272,-0.078,0.3497,165.92,0.22,0.0,-0.0795,0.544,0.838,9.04,0.583
3,1098.768,59.408,-1.2747,-0.0783,0.3501,165.24,0.22,0.0052,-0.0973,0.548,0.838,9.04,0.683
3,1098.868,59.508,-1.2752,-0.0792,0.3525,164.53,0.19,0.0052,-0.0973,0.548,0.838,9.04,0.783
3,1098.968,59.61,-1.2756,-0.0795,0.3517,164.17,0.09,0.0081,-0.1238,0.552,0.838,9.04,0.883
3,1099.068,59.709,-1.2757,-0.0813,0.352,163.77,0.06,0.0034,-0.1368,0.556,0.838,9.04,0.983
3,1099.168,59.809,-1.2763,-0.0844,0.3527,163.12,0.17,0.001,-0.0979,0.557,0.838,9.04,0.046
3,1099.268,59.91,-1.277,-0.0853,0.3534,162.29,0.1,0.0,-0.1037,0.562,0.838,9.04,0.146
3,1099.368,60.013,-1.2772,-0.0847,0.3538,161.68,0.08,0.0,-0.1246,0.566,0.838,9.04,0.246
3,1099.468,60.113,-1.2778,-0.0838,0.352,161.3,0.08,0.0,-0.1459,0.566,0.838,9.04,0.346
3,1099.568,60.213,-1.2775,-0.0842,0.352,160.64,0.09,0.0008,-0.1274,0.574,0.838,9.04,0.446
3,1099.668,60.317,-1.278,-0.0843,0.3517,159.77,0.06,0.001,-0.1017,0.574,0.838,9.04,0.546
3,1099.768,60.417,-1.277,-0.0834,0.3532,159.01,0.15,0.0007,-0.1167,0.579,0.838,9.04,0.646
3,1099.868,60.517,-1.2764,-0.0817,0.3521,158.44,0.17,0.0001,-0.1495,0.586,0.838,9.04,0.746
3,1099.968,60.677,-1.2764,-0.0814,0.3526,157.79,0.09,0.0018,-0.122,0.597,0.838,9.04,0.846
3,1100.068,60.776,-1.2778,-0.0822,0.3358,157.09,0.2,0.0006,-0.1067,0.604,0.838,9.04,0.946
3,1100.168,60.877,-1.2778,-0.0879,0.338,156.3,0.32,0.0002,-0.1157,0.607,0.838,9.04,0.061
3,1100.268,60.977,-1.2804,-0.0939,0.3404,156.02,0.57,0.0,-0.1374,0.607,0.838,9.04,0.161
3,1100.368,61.077,-1.2813,-0.1033,0.3443,155.53,1.0,0.0007,-0.1354,0.603,0.838,9.04,0.261
3,1100.468,61.177,-1.2818,-0.1151,0.3433,154.69,0.89,0.0001,-0.1008,0.603,0.838,9.04,0.361
3,1100.568,61.277,-1.2844,-0.1199,0.3452,153.79,0.82,0.0,-0.1232,0.595,0.838,9.04,0.461
3,1100.672,61.381,-1.2892,-0.1198,0.3474,153.23,0.57,0.0,-0.1582,0.598,0.838,9.04,0.565
3,1100.768,61.477,-1.2906,-0.1176,0.3481,152.91,0.39,0.0106,-0.1456,0.602,0.838,9.04,0.661
3,1100.868,61.577,-1.2881,-0.1147,0.3498,152.15,0.16,0.0177,-0.1056,0.602,0.838,9.04,0.761
3,1100.968,61.704,-1.2857,-0.1102,0.3509,151.14,0.29,0.003,-0.1386,0.615,0.838,9.04,0.861
3,1101.068,61.803,-1.2802,-0.1061,0.3565,149.81,0.61,0.0,-0.1511,0.615,0.838,9.04,0.961
3,1101.168,61.924,-1.2784,-0.1049,0.3585,149.58,0.46,0.0,-0.1911,0.598,0.838,8.99,0.068
3,1101.268,62.028,-1.2795,-0.1052,0.3599,149.31,0.31,0.0,-0.1993,0.598,0.838,8.99,0.168
3,1101.368,62.128,-1.2812,-0.1051,0.3608,148.0,0.33,0.0,-0.1193,0.596,0.838,8.99,0.268
3,1101.468,62.228,-1.2806,-0.1069,0.3619,146.78,0.3,0.0013,-0.0623,0.589,0.838,8.99,0.368
3,1101.568,62.328,-1.2807,-0.1085,0.359,146.73,0.12,0.0052,-0.1423,0.587,0.838,8.99,0.468
3,1101.668,62.428,-1.2812,-0.1117,0.3584,146.41,0.14,0.001,-0.2,0.587,0.838,8.99,0.568
3,1101.768,62.529,-1.2822,-0.1152,0.3582,145.66,0.17,0.0004,-0.12,0.589,0.838,8.99,0.668
3,1101.868,62.628,-1.2828,-0.1161,0.3585,144.48,0.19,0.0002,-0.0953,0.59,0.838,8.99,0.768
3,1101.968,62.729,-1.2832,-0.1155,0.3578,143.77,0.11,0.0,-0.0761,0.585,0.838,8.99,0.868
3,1102.068,62.829,-1.2843,-0.1145,0.3562,143.9,0.17,0.0019,-0.1298,0.582,0.838,8.99,0.968
3,1102.168,62.929,-1.2847,-0.1143,0.3557,143.51,0.15,0.0031,-0.1488,0.582,0.838,8.99,0.043
3,1102.268,63.03,-1.2852,-0.113,0.3551,142.18,0.16,0.0039,-0.0688,0.579,0.838,8.99,0.143
3,1102.368,63.13,-1.2839,-0.1124,0.3563,141.37,0.22,0.002,-0.1102,0.571,0.838,8.99,0.243
3,1102.468,63.23,-1.2833,-0.1118,0.3537,141.02,0.17,0.0056,-0.1821,0.571,0.838,8.99,0.343
3,1102.568,63.33,-1.2837,-0.1125,0.3536,140.42,0.12,0.0017,-0.1491,0.57,0.838,8.99,0.443
3,1102.668,63.437,-1.2854,-0.1135,0.3527,139.48,0.08,0.0002,-0.1242,0.568,0.838,8.99,0.543
3,1102.769,63.535,-1.2859,-0.1141,0.3536,138.58,0.18,0.0002,-0.1242,0.562,0.838,8.99,0.644
3,1102.868,63.635,-1.286,-0.1142,0.3537,137.79,0.1,0.0032,-0.1219,0.559,0.838,8.99,0.743
3,1102.968,63.735,-1.2868,-0.1145,0.3532,137.64,0.11,0.0047,-0.147,0.558,0.838,8.99,0.843
3,1103.068,63.835,-1.2877,-0.1162,0.353,136.81,0.11,0.0045,-0.107,0.557,0.838,8.99,0.943
3,1103.168,63.935,-1.2887,-0.1165,0.3523,135.69,0.12,0.0045,-0.067,0.554,0.838,8.99,1.043
3,1103.268,64.035,-1.2885,-0.1162,0.3535,135.23,0.13,0.0025,-0.0713,0.551,0.838,8.99,0.084
3,1103.373,64.142,-1.2886,-0.115,0.3522,135.38,0.11,0.0018,-0.1199,0.551,0.838,8.99,0.189
3,1103.468,64.236,-1.2885,-0.1149,0.3531,135.13,0.12,0.0078,-0.0799,0.549,0.838,8.99,0.284
3,1103.568,64.337,-1.2893,-0.1146,0.352,134.39,0.07,0.0078,-0.0244,0.549,0.838,8.99,0.384
3,1103.668,64.439,-1.2889,-0.114,0.3533,133.81,0.17,0.0052,-0.0167,0.544,0.838,8.99,0.484
3,1103.768,64.541,-1.2877,-0.1132,0.3527,133.83,0.19,0.0067,-0.0842,0.543,0.838,8.99,0.584
3,1103.868,64.642,-1.2883,-0.1129,0.3527,134.03,0.15,0.0042,-0.0859,0.542,0.838,8.99,0.684
3,1103.968,64.742,-1.29,-0.1135,0.3532,133.84,0.11,0.0025,-0.0459,0.542,0.838,8.99,0.784
3,1104.068,64.848,-1.2916,-0.1133,0.3533,133.05,0.15,0.0065,-0.0676,0.543,0.838,8.99,0.884
3,1104.17,64.955,-1.2923,-0.1135,0.3546,132.37,0.18,0.0074,-0.1076,0.541,0.838,8.99,0.986
3,1104.268,65.051,-1.2936,-0.1131,0.3537,132.46,0.13,0.002,-0.1521,0.538,0.838,8.99,0.062
3,1104.37,65.153,-1.2942,-0.1143,0.3543,132.2,0.16,0.0084,-0.0721,0.537,0.838,8.99,0.164
3,1104.468,65.251,-1.295,-0.1145,0.3535,131.5,0.07,0.004,-0.0619,0.537,0.838,8.99,0.262
3,1104.568,65.352,-1.2943,-0.1141,0.3547,130.76,0.15,0.0033,-0.0861,0.534,0.838,8.99,0.362
3,1104.668,65.452,-1.2931,-0.1127,0.3532,130.55,0.16,0.0006,-0.1091,0.532,0.838,8.99,0.462
3,1104.768,65.556,-1.2931,-0.1118,0.3529,130.14,0.2,0.0002,-0.0882,0.532,0.838,8.99,0.562
3,1104.868,65.662,-1.2941,-0.1113,0.3514,129.5,0.09,0.0027,-0.0977,0.53,0.838,8.99,0.662
3,1104.968,65.761,-1.2948,-0.1111,0.3512,128.79,0.17,0.0034,-0.1071,0.525,0.838,8.99,0.762
3,1105.068,65.861,-1.2945,-0.1116,0.352,128.17,0.15,0.0039,-0.1267,0.523,0.838,8.99,0.862
3,1105.168,65.961,-1.2951,-0.1118,0.351,127.82,0.07,0.0012,-0.131,0.521,0.838,8.99,0.962
3,1105.268,66.062,-1.2959,-0.1136,0.3515,127.22,0.12,0.0021,-0.1048,0.521,0.838,8.99,0.033
3,1105.368,66.166,-1.2971,-0.1147,0.3502,126.5,0.06,0.0012,-0.1104,0.521,0.838,8.99,0.133
3,1105.468,66.267,-1.2969,-0.1151,0.3521,125.73,0.13,0.0014,-0.1312,0.519,0.838,8.99,0.233
3,1105.568,66.37,-1.2966,-0.1139,0.3508,125.2,0.05,0.0001,-0.1479,0.519,0.838,8.99,0.333
3,1105.668,66.474,-1.2965,-0.1136,0.3515,124.61,0.11,0.0001,-0.131,0.514,0.838,8.99,0.433
3,1105.768,66.575,-1.2969,-0.1133,0.351,123.82,0.04,0.0018,-0.1177,0.514,0.838,8.99,0.533
3,1105.868,66.675,-1.2963,-0.113,0.3524,122.92,0.15,0.0007,-0.1299,0.509,0.838,8.99,0.633
3,1105.968,66.775,-1.2946,-0.1133,0.3531,122.24,0.19,0.0041,-0.1552,0.507,0.838,8.99,0.733
3,1106.068,66.875,-1.2948,-0.1131,0.352,121.66,0.13,0.0006,-0.1525,0.505,0.838,8.99,0.833
3,1106.168,66.978,-1.296,-0.1138,0.3521,120.88,0.03,0.0008,-0.1325,0.505,0.838,8.99,0.933
3,1106.268,67.078,-1.2975,-0.1137,0.3514,119.94,0.13,0.0,-0.1322,0.504,0.838,8.99,0.002
3,1106.371,67.181,-1.298,-0.1145,0.3532,119.09,0.17,0.0021,-0.1375,0.502,0.838,8.99,0.105
3,1106.468,67.282,-1.2984,-0.1143,0.3519,118.58,0.07,0.0008,-0.1606,0.499,0.838,8.99,0.202
3,1106.568,67.382,-1.2988,-0.1154,0.3525,117.98,0.1,0.0002,-0.1434,0.498,0.838,8.99,0.302
3,1106.668,67.482,-1.2993,-0.1164,0.3524,117.16,0.04,0.0,-0.1208,0.498,0.838,8.99,0.402
3,1106.768,67.583,-1.2982,-0.1167,0.3538,116.29,0.15,0.0,-0.1427,0.498,0.838,8.99,0.502
3,1106.868,67.683,-1.296,-0.1166,0.3529,115.57,0.21,0.001,-0.1459,0.496,0.838,8.99,0.602
3,1106.968,67.785,-1.2955,-0.1157,0.3515,115.0,0.2,0.0001,-0.1538,0.495,0.838,8.99,0.702
3,1107.068,67.885,-1.2963,-0.1152,0.352,114.34,0.1,0.0026,-0.1316,0.491,0.838,8.99,0.802
3,1107.168,67.986,-1.2973,-0.114,0.3525,113.44,0.19,0.0029,-0.1267,0.488,0.838,8.99,0.902
3,1107.268,68.086,-1.2976,-0.1145,0.3541,112.65,0.19,0.0066,-0.1518,0.486,0.838,8.99,1.002
3,1107.368,68.186,-1.2986,-0.1142,0.352,112.1,0.08,0.0045,-0.1549,0.485,0.838,8.99,0.073
3,1107.468,68.287,-1.3002,-0.1154,0.3526,111.44,0.09,0.0038,-0.1216,0.485,0.838,8.99,0.173
3,1107.568,68.386,-1.3015,-0.1163,0.3525,110.65,0.05,0.0023,-0.1179,0.484,0.838,8.99,0.273
3,1107.668,68.523,-1.3012,-0.1168,0.3545,109.81,0.15,0.0043,-0.1655,0.484,0.838,8.99,0.373
3,1107.769,68.627,-1.3007,-0.1158,0.3482,109.0,0.08,0.0043,-0.1655,0.482,0.838,8.99,0.474
3,1107.868,68.726,-1.3003,-0.1152,0.3484,108.59,0.16,0.003,-0.1649,0.48,0.838,8.99,0.573
3,1107.968,68.829,-1.3005,-0.1136,0.3494,107.63,0.11,0.0079,-0.1435,0.478,0.838,8.99,0.673
3,1108.068,68.929,-1.2996,-0.1123,0.3522,106.41,0.23,0.0063,-0.1228,0.478,0.838,8.99,0.773
3,1108.168,69.03,-1.2981,-0.1119,0.3524,105.73,0.29,0.0099,-0.1114,0.475,0.838,8.99,0.873
3,1108.269,69.132,-1.2982,-0.1106,0.3509,105.48,0.26,0.0086,-0.1776,0.473,0.838,8.99,0.974
3,1108.372,69.235,-1.2996,-0.1097,0.352,104.88,0.18,0.0063,-0.1597,0.47,0.838,8.99,0.065
3,1108.468,69.331,-1.3008,-0.1084,0.3529,103.9,0.21,0.0092,-0.1402,0.468,0.838,8.99,0.161
3,1108.568,69.431,-1.3018,-0.109,0.3548,102.85,0.23,0.0104,-0.1568,0.466,0.838,8.99,0.261
3,1108.668,69.532,-1.3034,-0.1086,0.3519,102.21,0.06,0.0126,-0.1911,0.465,0.838,8.99,0.361
3,1108.768,69.632,-1.3057,-0.1097,0.3523,101.48,0.15,0.0059,-0.2,0.464,0.838,8.99,0.461
3,1108.868,69.732,-1.3076,-0.1109,0.3525,100.25,0.06,0.0037,-0.1367,0.464,0.838,8.99,0.561
3,1108.968,69.832,-1.3068,-0.1106,0.3542,99.1,0.13,0.0037,-0.1367,0.465,0.838,8.99,0.661
3,1109.068,69.936,-1.3048,-0.1098,0.3531,98.53,0.16,0.0057,-0.1707,0.464,0.838,8.99,0.761
3,1109.168,70.039,-1.3037,-0.1084,0.3515,97.94,0.23,0.0057,-0.1707,0.462,0.838,8.99,0.861
3,1109.268,70.14,-1.3034,-0.1069,0.3525,97.13,0.19,0.0115,-0.0982,0.46,0.838,8.99,0.961
3,1109.368,70.24,-1.3028,-0.1049,0.3535,96.25,0.25,0.0115,-0.0982,0.458,0.838,8.99,0.014
3,1109.468,70.34,-1.3021,-0.1051,0.3549,95.65,0.25,0.016,-0.1498,0.456,0.838,8.99,0.114
3,1109.568,70.44,-1.3025,-0.1042,0.3528,95.25,0.15,0.0107,-0.1323,0.456,0.838,8.99,0.214
3,1109.668,70.541,-1.3045,-0.1038,0.3535,94.66,0.07,0.013,-0.104,0.456,0.838,8.99,0.314
3,1109.768,70.641,-1.3065,-0.1028,0.3533,93.86,0.06,0.013,-0.104,0.455,0.838,8.99,0.414
3,1109.868,70.742,-1.3072,-0.1018,0.3549,93.14,0.19,0.0108,-0.1034,0.454,0.838,8.99,0.514
3,1109.968,70.841,-1.3072,-0.1007,0.3549,92.59,0.09,0.0145,-0.146,0.452,0.838,8.99,0.614
3,1110.068,70.943,-1.308,-0.0993,0.3546,92.15,0.13,0.0142,-0.1383,0.452,0.838,8.99,0.714
3,1110.168,71.046,-1.3094,-0.0988,0.3539,91.45,0.15,0.0152,-0.1158,0.449,0.838,8.99,0.814
3,1110.268,71.146,-1.3094,-0.097,0.3534,90.55,0.15,0.0135,-0.1281,0.449,0.838,8.99,0.914
3,1110.368,71.256,-1.3084,-0.096,0.3543,89.8,0.13,0.0166,-0.1567,0.448,0.838,8.99,1.014
3,1110.468,71.356,-1.3076,-0.0936,0.3481,89.32,0.18,0.0166,-0.1567,0.448,0.838,8.99,0.057
3,1110.568,71.463,-1.3069,-0.0918,0.3491,88.62,0.11,0.0233,-0.142,0.448,0.838,8.99,0.157
3,1110.668,71.565,-1.3063,-0.0885,0.3489,87.67,0.2,0.0216,-0.1325,0.448,0.838,8.99,0.257
3,1110.768,71.665,-1.3054,-0.0868,0.352,86.76,0.22,0.0259,-0.1447,0.448,0.838,8.99,0.357
3,1110.868,71.765,-1.3048,-0.0843,0.3497,86.23,0.13,0.0254,-0.1847,0.448,0.838,8.99,0.457
3,1110.972,71.871,-1.3058,-0.0814,0.3505,85.59,0.11,0.0248,-0.1459,0.448,0.838,8.99,0.561
3,1111.068,71.972,-1.3077,-0.0778,0.3485,84.74,0.07,0.0254,-0.1377,0.448,0.838,8.99,0.657
3,1111.168,72.073,-1.3094,-0.0747,0.3498,83.63,0.29,0.0275,-0.1222,0.448,0.838,8.99,0.757
3,1111.268,72.174,-1.3112,-0.0715,0.3508,82.96,0.22,0.0277,-0.1622,0.449,0.838,8.99,0.857
3,1111.368,72.274,-1.3128,-0.0691,0.3502,82.44,0.26,0.0265,-0.163,0.448,0.838,8.99,0.957
3,1111.468,72.374,-1.3147,-0.0694,0.3512,81.7,0.26,0.0283,-0.1314,0.448,0.838,8.99,0.031
3,1111.568,72.474,-1.3139,-0.0678,0.3517,80.77,0.1,0.019,-0.136,0.448,0.838,8.99,0.131
3,1111.669,72.585,-1.3106,-0.0661,0.3541,79.89,0.12,0.0175,-0.1496,0.448,0.838,8.99,0.232
3,1111.768,72.699,-1.3065,-0.0632,0.3473,79.24,0.27,0.0235,-0.1388,0.449,0.838,8.99,0.331
3,1111.869,72.802,-1.3023,-0.0602,0.3485,78.49,0.47,0.0235,-0.1388,0.449,0.838,8.99,0.432
3,1111.968,72.899,-1.2986,-0.0561,0.3523,77.64,0.53,0.0282,-0.1312,0.448,0.838,8.99,0.531
3,1112.068,72.999,-1.2966,-0.0555,0.3552,76.72,0.53,0.0363,-0.1709,0.449,0.838,8.99,0.631
3,1112.168,73.1,-1.2953,-0.0551,0.3524,76.06,0.41,0.0223,-0.1565,0.448,0.838,8.99,0.731
3,1112.268,73.202,-1.2966,-0.0505,0.3516,75.34,0.28,0.0266,-0.1415,0.448,0.838,8.99,0.831
3,1112.368,73.302,-1.2991,-0.0443,0.3534,74.62,0.13,0.0266,-0.1415,0.449,0.838,8.99,0.931
3,1112.469,73.404,-1.3006,-0.0383,0.355,73.56,0.29,0.0299,-0.1321,0.449,0.82,-0.11,0.046
3,1112.568,73.537,-1.3036,-0.0322,0.3515,72.91,0.2,0.0408,-0.1663,0.449,0.82,-0.11,0.145
3,1112.672,73.641,-1.3056,-0.028,0.3392,72.09,0.28,0.0413,-0.1642,0.448,0.82,-0.11,0.249
3,1112.768,73.738,-1.3059,-0.026,0.3417,71.52,0.15,0.0356,-0.1441,0.448,0.82,-0.11,0.345
3,1112.868,73.841,-1.302,-0.0232,0.3448,70.33,0.19,0.0356,-0.1441,0.448,0.82,-0.11,0.445
3,1112.968,73.939,-1.2954,-0.0216,0.3499,69.27,0.57,0.0331,-0.1746,0.448,0.82,-0.11,0.545
3,1113.068,74.042,-1.2884,-0.0177,0.346,68.85,0.47,0.0339,-0.1502,0.448,0.82,-0.11,0.645
3,1113.17,74.145,-1.2821,-0.0113,0.3494,68.33,0.74,0.0339,-0.1502,0.448,0.82,-0.11,0.747
3,1113.268,74.242,-1.2764,-0.0024,0.3505,67.37,0.64,0.0555,-0.1198,0.448,0.82,-0.11,0.845
3,1113.368,74.344,-1.2761,0.0027,0.3544,66.48,0.41,0.0555,-0.1198,0.449,0.82,-0.11,0.945
3,1113.468,74.444,-1.2786,0.0074,0.3531,66.06,0.06,0.0721,-0.1614,0.449,0.82,-0.11,0.046
3,1113.568,74.544,-1.2829,0.0128,0.3526,65.71,0.36,0.0438,-0.1467,0.449,0.82,-0.11,0.146
3,1113.668,74.644,-1.2889,0.0171,0.3533,64.94,0.58,0.0355,-0.1067,0.449,0.82,-0.11,0.246
3,1113.768,74.744,-1.2894,0.0228,0.3535,64.06,0.53,0.0253,-0.1471,0.448,0.82,-0.11,0.346
3,1113.868,74.844,-1.2881,0.0292,0.3553,63.09,0.56,0.0351,-0.1669,0.448,0.82,-0.11,0.446
3,1113.968,74.944,-1.2857,0.0339,0.354,62.75,0.39,0.0433,-0.1755,0.448,0.82,-0.11,0.546
3,1114.068,75.049,-1.2839,0.0336,0.3545,62.01,0.29,0.0461,-0.1355,0.449,0.82,-0.11,0.646
3,1114.168,75.149,-1.2805,0.0336,0.3516,60.76,0.06,0.0324,-0.1196,0.449,0.82,-0.11,0.746
3,1114.268,75.249,-1.2749,0.0322,0.3533,59.75,0.35,0.0324,-0.1196,0.448,0.82,-0.11,0.846
3,1114.368,75.349,-1.2681,0.0305,0.3523,59.08,0.51,0.0297,-0.1793,0.448,0.82,-0.11,0.946
3,1114.468,75.449,-1.2623,0.0338,0.3522,58.72,0.68,0.0264,-0.1537,0.45,0.82,-0.11,1.046
3,1114.568,75.549,-1.2565,0.0404,0.3529,58.02,0.58,0.0417,-0.1128,0.448,0.82,-0.11,0.093
3,1114.668,75.651,-1.2543,0.0463,0.3541,56.97,0.45,0.0417,-0.1056,0.449,0.82,-0.11,0.193
3,1114.768,75.751,-1.2565,0.0507,0.3552,56.28,0.29,0.0586,-0.145,0.448,0.82,-0.11,0.293
3,1114.868,75.851,-1.259,0.0563,0.3528,55.8,0.33,0.0468,-0.1318,0.448,0.82,-0.11,0.393
3,1114.968,75.951,-1.2643,0.0613,0.3534,55.13,0.77,0.0405,-0.1136,0.448,0.82,-0.11,0.493
3,1115.068,76.056,-1.2666,0.0663,0.3525,54.5,0.53,0.0272,-0.1099,0.448,0.82,-0.11,0.593
3,1115.168,76.156,-1.2639,0.0716,0.3547,53.7,0.53,0.0253,-0.0984,0.448,0.82,-0.11,0.693
3,1115.268,76.256,-1.259,0.0771,0.3539,53.29,0.35,0.0253,-0.0984,0.448,0.82,-0.11,0.793
3,1115.368,76.356,-1.2549,0.0783,0.3543,52.92,0.25,0.057,-0.1001,0.449,0.82,-0.11,0.893
3,1115.468,76.456,-1.2508,0.0782,0.3542,52.31,0.16,0.0484,-0.086,0.449,0.82,-0.11,0.993
3,1115.568,76.557,-1.2451,0.0774,0.3546,51.58,0.46,0.0393,-0.1056,0.449,0.831,-9.52,0.061
3,1115.668,76.657,-1.2395,0.0741,0.3555,51.01,0.75,0.0393,-0.1056,0.449,0.831,-9.52,0.161
3,1115.768,76.757,-1.2344,0.0758,0.3538,50.63,0.61,0.0271,-0.1106,0.449,0.831,-9.52,0.261
3,1115.869,76.866,-1.2298,0.0811,0.3546,50.16,0.46,0.0447,-0.0797,0.449,0.831,-9.52,0.362
3,1115.968,76.965,-1.2259,0.0881,0.3512,49.55,0.41,0.0447,-0.0797,0.448,0.831,-9.52,0.461
3,1116.068,77.065,-1.2266,0.0938,0.3529,48.99,0.39,0.0576,-0.0944,0.45,0.831,-9.52,0.561
3,1116.168,77.166,-1.2271,0.1005,0.351,48.62,0.34,0.0493,-0.1059,0.449,0.831,-9.52,0.661
3,1116.268,77.266,-1.2301,0.1049,0.3517,48.26,0.66,0.051,-0.0944,0.448,0.831,-9.52,0.761
3,1116.368,77.366,-1.2339,0.1089,0.3506,47.73,0.63,0.0368,-0.0834,0.448,0.831,-9.52,0.861
3,1116.468,77.466,-1.2316,0.1125,0.3512,47.05,0.47,0.0226,-0.0927,0.449,0.831,-9.52,0.961
3,1116.568,77.566,-1.2266,0.1159,0.3524,46.55,0.3,0.0316,-0.1027,0.449,0.733,-11.31,0.012
3,1116.669,77.688,-1.2216,0.1179,0.3521,46.27,0.22,0.0461,-0.0793,0.448,0.733,-11.31,0.113
3,1116.768,77.787,-1.2179,0.1175,0.3566,46.01,0.19,0.0461,-0.0793,0.448,0.733,-11.31,0.212
3,1116.868,77.887,-1.2121,0.1164,0.3591,45.19,0.46,0.0388,-0.0748,0.448,0.733,-11.31,0.312
3,1116.968,77.987,-1.2074,0.1123,0.3601,44.68,0.77,0.0398,-0.1148,0.449,0.733,-11.31,0.412
3,1117.068,78.089,-1.2023,0.1111,0.3554,44.27,0.63,0.0269,-0.0903,0.448,0.733,-11.31,0.512
3,1117.168,78.19,-1.1977,0.1145,0.3556,43.81,0.56,0.0269,-0.0903,0.448,0.733,-11.31,0.612
3,1117.268,78.293,-1.1933,0.1199,0.3559,43.27,0.43,0.0372,-0.0988,0.448,0.733,-11.31,0.712
3,1117.368,78.392,-1.1932,0.1242,0.3572,42.6,0.36,0.0484,-0.1083,0.448,0.733,-11.31,0.812
3,1117.468,78.493,-1.1936,0.1292,0.3557,42.09,0.15,0.049,-0.1333,0.449,0.733,-11.31,0.912
3,1117.568,78.593,-1.1956,0.1347,0.3545,41.6,0.48,0.0418,-0.1263,0.449,0.733,-11.31,1.012
3,1117.668,78.695,-1.1999,0.1402,0.3537,41.0,0.7,0.0304,-0.0904,0.45,0.733,-11.31,0.099
3,1117.768,78.795,-1.1985,0.1453,0.3524,40.22,0.57,0.0304,-0.0904,0.449,0.733,-11.31,0.199
3,1117.868,78.896,-1.1938,0.1504,0.3537,39.56,0.5,0.0359,-0.1292,0.451,0.733,-11.31,0.299
3,1117.968,78.996,-1.187,0.1548,0.3506,39.19,0.35,0.0436,-0.1364,0.451,0.733,-11.31,0.399
3,1118.068,79.097,-1.1821,0.1547,0.352,38.58,0.2,0.0658,-0.0973,0.448,0.733,-11.31,0.499
3,1118.168,79.196,-1.1756,0.1547,0.351,37.77,0.18,0.0576,-0.1063,0.448,0.733,-11.31,0.599
3,1118.268,79.321,-1.1692,0.1525,0.3538,36.96,0.52,0.052,-0.1417,0.45,0.733,-11.31,0.699
3,1118.368,79.421,-1.1617,0.1512,0.3473,36.46,0.5,0.052,-0.1417,0.451,0.733,-11.31,0.799
3,1118.468,79.521,-1.1528,0.1535,0.3478,35.88,0.77,0.0461,-0.1433,0.45,0.733,-11.31,0.899
3,1118.568,79.621,-1.142,0.1587,0.3494,35.09,0.71,0.0525,-0.1171,0.45,0.733,-11.31,0.999
3,1118.671,79.728,-1.1379,0.1636,0.3524,34.16,0.48,0.0655,-0.113,0.963,0.76,-21.8,0.09
3,1118.769,79.826,-1.1371,0.1695,0.3524,33.55,0.14,0.082,-0.1529,0.963,0.76,-21.8,0.188
3,1118.868,79.933,-1.1365,0.1777,0.3507,32.97,0.35,0.0672,-0.1628,0.978,0.76,-21.8,0.287
3,1118.968,80.034,-1.1382,0.1864,0.3527,32.39,0.7,0.0607,-0.1224,0.979,0.76,-21.8,0.387
3,1119.069,80.139,-1.1338,0.1931,0.354,31.4,0.47,0.055,-0.1172,0.979,0.76,-21.8,0.488
3,1119.168,80.237,-1.1256,0.1993,0.3565,30.62,0.54,0.0461,-0.1016,0.979,0.76,-21.8,0.587
3,1119.27,80.34,-1.1157,0.2048,0.3523,30.2,0.37,0.0754,-0.1526,0.976,0.76,-21.8,0.689
3,1119.368,80.437,-1.1091,0.2049,0.3536,29.57,0.26,0.088,-0.128,0.977,0.76,-21.8,0.787
3,1119.468,80.546,-1.1013,0.204,0.3533,28.76,0.27,0.0733,-0.1235,0.975,0.76,-21.8,0.887
3,1119.568,80.646,-1.0944,0.2008,0.3556,27.86,0.6,0.0696,-0.1365,0.967,0.76,-21.8,0.987
3,1119.668,80.748,-1.088,0.1975,0.3555,27.21,0.63,0.0564,-0.1437,0.945,0.643,-11.31,0.064
3,1119.768,80.847,-1.0801,0.2008,0.3554,26.81,0.51,0.0498,-0.1684,0.938,0.643,-11.31,0.164
3,1119.868,80.948,-1.0712,0.2067,0.3564,26.08,0.36,0.0498,-0.1684,0.937,0.643,-11.31,0.264
3,1119.968,81.047,-1.0643,0.2128,0.3573,24.98,0.36,0.0623,-0.1125,0.937,0.643,-11.31,0.364
3,1120.068,81.148,-1.0605,0.22,0.3577,24.52,0.47,0.0795,-0.1605,0.928,0.643,-11.31,0.464
3,1120.168,81.252,-1.0569,0.2272,0.3543,23.86,0.53,0.0707,-0.1205,0.928,0.643,-11.31,0.564
3,1120.268,81.351,-1.0573,0.2336,0.3541,23.16,0.83,0.064,-0.1304,0.933,0.643,-11.31,0.664
3,1120.368,81.452,-1.0552,0.2381,0.3533,22.29,0.49,0.047,-0.1638,0.932,0.643,-11.31,0.764
3,1120.472,81.556,-1.0495,0.2396,0.3551,21.38,0.36,0.0451,-0.1881,0.927,0.643,-11.31,0.868
3,1120.568,81.652,-1.0406,0.24,0.3531,20.38,0.19,0.0503,-0.1894,0.92,0.643,-11.31,0.964
3,1120.668,81.751,-1.0334,0.2392,0.3525,19.69,0.25,0.0503,-0.1894,0.913,0.542,-19.8,0.038
3,1120.768,81.854,-1.0266,0.2373,0.3529,18.76,0.26,0.0649,-0.1417,0.905,0.542,-19.8,0.138
3,1120.868,81.953,-1.0205,0.2344,0.3539,17.66,0.49,0.0653,-0.1817,0.896,0.542,-19.8,0.238
3,1120.968,82.054,-1.0174,0.2299,0.3549,16.8,0.79,0.0598,-0.197,0.886,0.542,-19.8,0.338
3,1121.068,82.159,-1.0117,0.2291,0.3511,16.07,0.5,0.0455,-0.1621,0.886,0.542,-19.8,0.438
3,1121.168,82.259,-1.0046,0.2327,0.352,15.32,0.22,0.0502,-0.1374,0.871,0.542,-19.8,0.538
3,1121.268,82.359,-0.9961,0.2371,0.353,14.51,0.3,0.0591,-0.1261,0.869,0.542,-19.8,0.638
3,1121.368,82.459,-0.9902,0.242,0.3554,13.65,0.34,0.0741,-0.1423,0.867,0.542,-19.8,0.738
3,1121.469,82.565,-0.9827,0.2481,0.3515,13.15,0.29,0.0704,-0.1524,0.867,0.542,-19.8,0.839
3,1121.568,82.661,-0.9777,0.2539,0.3514,12.56,0.49,0.0755,-0.1228,0.867,0.542,-19.8,0.938
3,1121.668,82.761,-0.9734,0.2592,0.3513,11.82,0.51,0.0703,-0.1044,0.869,0.542,-19.8,1.038
3,1121.77,82.867,-0.9652,0.2605,0.3524,10.99,0.31,0.0614,-0.1133,0.87,0.628,-26.57,0.098
3,1121.872,82.965,-0.9551,0.2603,0.3536,10.41,0.14,0.0675,-0.1307,0.866,0.628,-26.57,0.2
3,1121.968,83.073,-0.9445,0.2599,0.3521,9.95,0.22,0.0735,-0.128,0.863,0.628,-26.57,0.296
3,1122.068,83.174,-0.9362,0.258,0.3537,9.39,0.32,0.0852,-0.1037,0.86,0.628,-26.57,0.396
3,1122.168,83.278,-0.928,0.2554,0.3548,8.56,0.44,0.0783,-0.1017,0.459,0.628,-26.57,0.496
3,1122.268,83.378,-0.9237,0.2523,0.3568,7.87,0.57,0.0781,-0.119,0.463,0.628,-26.57,0.596
3,1122.368,83.48,-0.918,0.2515,0.3549,7.4,0.38,0.0616,-0.1043,0.449,0.628,-26.57,0.696
3,1122.468,83.58,-0.9111,0.2551,0.3556,6.97,0.13,0.0544,-0.0777,0.449,0.628,-26.57,0.796
3,1122.568,83.684,-0.9028,0.2596,0.3558,6.52,0.13,0.0606,-0.0744,0.48,0.628,-26.57,0.896
3,1122.668,83.824,-0.8955,0.2633,0.3575,5.9,0.39,0.0752,-0.0946,0.468,0.57,-34.99,0.01
3,1122.768,83.923,-0.8858,0.2672,0.3489,5.58,0.33,0.0752,-0.0946,0.468,0.57,-34.99,0.11
3,1122.868,84.023,-0.8789,0.2694,0.3485,5.18,0.3,0.0719,-0.0994,0.456,0.57,-34.99,0.21
3,1122.968,84.123,-0.8718,0.2703,0.3493,4.63,0.06,0.0788,-0.0864,0.452,0.57,-34.99,0.31
3,1123.068,84.223,-0.865,0.2683,0.3517,3.88,0.21,0.0694,-0.1016,0.451,0.57,-34.99,0.41
3,1123.168,84.323,-0.8587,0.2652,0.3521,3.51,0.36,0.0683,-0.0631,0.497,0.57,-34.99,0.51
3,1123.268,84.425,-0.8502,0.2647,0.3506,3.28,0.31,0.0627,-0.0773,0.497,0.57,-34.99,0.61
3,1123.368,84.531,-0.8414,0.2658,0.3517,3.01,0.14,0.0622,-0.0369,0.529,0.57,-34.99,0.71
3,1123.468,84.633,-0.8323,0.2674,0.3498,2.64,0.22,0.0678,-0.0428,0.637,0.57,-34.99,0.81
3,1123.568,84.734,-0.8255,0.2695,0.3521,2.29,0.25,0.0769,-0.027,0.705,0.57,-34.99,0.91
3,1123.669,84.835,-0.8168,0.2715,0.35,2.26,0.29,0.0757,-0.0413,0.705,0.57,-34.99,1.011
3,1123.768,84.935,-0.8113,0.2738,0.3519,2.15,0.44,0.0725,-0.0469,0.783,0.478,-43.03,0.065
3,1123.868,85.036,-0.8048,0.2759,0.3497,1.83,0.31,0.0745,-0.036,0.783,0.478,-43.03,0.165
3,1123.968,85.136,-0.7972,0.2752,0.3513,1.49,0.26,0.0646,-0.0323,0.829,0.478,-43.03,0.265
3,1124.068,85.236,-0.788,0.2731,0.3514,1.41,0.08,0.0661,-0.0435,0.827,0.478,-43.03,0.365
3,1124.168,85.337,-0.7795,0.2714,0.3519,1.46,0.23,0.0661,-0.0435,0.825,0.478,-43.03,0.465
3,1124.268,85.438,-0.7716,0.2696,0.3525,1.24,0.22,0.0736,-0.0079,0.824,0.478,-43.03,0.565
3,1124.368,85.538,-0.7634,0.2672,0.3516,0.84,0.34,0.0736,-0.0079,0.82,0.478,-43.03,0.665
3,1124.468,85.641,-0.7578,0.2647,0.3532,0.67,0.38,0.0755,-0.0355,0.82,0.478,-43.03,0.765
3,1124.568,85.753,-0.7504,0.2635,0.3518,0.57,0.26,0.0629,-0.0382,0.813,0.478,-43.03,0.865
3,1124.668,85.853,-0.7432,0.2647,0.3534,0.59,0.08,0.0648,-0.0097,0.813,0.478,-43.03,0.965
3,1124.768,85.957,-0.735,0.2655,0.355,0.33,0.14,0.0621,-0.0141,0.814,0.478,-43.03,0.03
3,1124.868,86.058,-0.7283,0.2659,0.3566,0.01,0.24,0.0693,-0.0541,0.814,0.478,-43.03,0.13
3,1124.97,86.161,-0.7205,0.2663,0.355,-0.09,0.12,0.0637,-0.0558,0.811,0.478,-43.03,0.232
3,1125.068,86.263,-0.7141,0.2681,0.3554,-0.07,0.27,0.0655,-0.0263,0.811,0.478,-43.03,0.33
3,1125.168,86.363,-0.7081,0.27,0.3564,-0.21,0.24,0.0589,-0.0209,0.811,0.478,-43.03,0.43
3,1125.268,86.463,-0.7012,0.2692,0.3569,-0.62,0.18,0.0529,-0.0522,0.811,0.478,-43.03,0.53
3,1125.368,86.569,-0.6946,0.268,0.3559,-0.82,0.08,0.055,-0.0502,0.812,0.478,-43.03,0.63
3,1125.47,86.673,-0.6878,0.2674,0.3521,-1.0,0.18,0.0531,-0.0548,0.807,0.478,-43.03,0.732
3,1125.568,86.772,-0.6825,0.2675,0.3526,-1.14,0.13,0.0607,-0.0211,0.806,0.478,-43.03,0.83
3,1125.668,86.873,-0.6758,0.2669,0.3522,-1.41,0.14,0.0526,-0.0165,0.805,0.478,-43.03,0.93
3,1125.768,86.976,-0.6709,0.2658,0.3538,-1.64,0.18,0.0567,-0.0415,0.802,0.396,-54.46,0.01
3,1125.874,87.082,-0.6642,0.2647,0.3498,-1.69,0.08,0.0498,-0.0432,0.802,0.396,-54.46,0.116
3,1125.968,87.176,-0.6588,0.265,0.351,-1.66,0.13,0.0533,-0.0233,0.8,0.396,-54.46,0.21
3,1126.068,87.28,-0.6522,0.266,0.3502,-1.93,0.06,0.0533,-0.0058,0.8,0.396,-54.46,0.31
3,1126.168,87.385,-0.6463,0.2656,0.3517,-2.27,0.19,0.0557,-0.0158,0.798,0.396,-54.46,0.41
3,1126.268,87.485,-0.6398,0.2643,0.3512,-2.29,0.08,0.0537,-0.0492,0.796,0.396,-54.46,0.51
3,1126.368,87.585,-0.6334,0.264,0.3512,-2.24,0.14,0.0522,-0.0296,0.795,0.396,-54.46,0.61
3,1126.468,87.688,-0.628,0.2643,0.3521,-2.28,0.12,0.057,-0.0235,0.795,0.396,-54.46,0.71
3,1126.568,87.788,-0.6217,0.2635,0.351,-2.47,0.14,0.0504,0.012,0.794,0.396,-54.46,0.81
3,1126.668,87.888,-0.6167,0.2622,0.3529,-3.07,0.14,0.0513,-0.0092,0.794,0.396,-54.46,0.91
3,1126.768,87.989,-0.6107,0.2605,0.3512,-2.78,0.08,0.045,-0.0892,0.791,0.396,-54.46,1.01
3,1126.868,88.09,-0.6065,0.2599,0.3532,-2.47,0.13,0.0475,-0.0709,0.787,0.328,-70.35,0.085
3,1126.968,88.225,-0.6014,0.2598,0.3522,-3.06,0.1,0.0434,0.0091,0.79,0.328,-70.35,0.185
3,1127.068,88.326,-0.5972,0.2586,0.354,-3.59,0.17,0.0434,0.0207,0.783,0.328,-70.35,0.285
3,1127.168,88.426,-0.5928,0.2574,0.3575,-3.69,0.05,0.0415,-0.0381,0.78,0.328,-70.35,0.385
3,1127.268,88.527,-0.5896,0.2584,0.3586,-3.39,0.21,0.0415,-0.0381,0.781,0.328,-70.35,0.485
3,1127.368,88.627,-0.586,0.2602,0.3556,-3.61,0.24,0.0406,0.0019,0.781,0.328,-70.35,0.585
3,1127.469,88.728,-0.5815,0.2601,0.3547,-3.77,0.32,0.0347,0.0426,0.782,0.328,-70.35,0.686
3,1127.573,88.831,-0.5763,0.2583,0.3549,-3.63,0.15,0.0354,0.0026,0.781,0.328,-70.35,0.79
4,1127.668,88.927,-0.5717,0.2565,0.3546,-3.32,0.18,0.0364,-0.0108,0.781,0.512,-145.98,0.04
4,1127.768,89.027,-0.5689,0.2547,0.3546,-3.26,0.11,0.0,0.0,0.781,0.512,-145.98,0.14
4,1127.868,89.127,-0.5687,0.2541,0.3523,-3.37,0.11,0.0076,0.0225,0.781,0.512,-145.98,0.24
4,1127.973,89.232,-0.5727,0.2542,0.3519,-3.37,0.08,0.0097,-0.0314,0.779,0.512,-145.98,0.345
4,1128.068,89.327,-0.5764,0.2539,0.3502,-3.34,0.1,0.0021,-0.0604,0.779,0.512,-145.98,0.44
4,1128.171,89.442,-0.5807,0.2566,0.3503,-3.43,0.36,0.0003,-0.0468,0.779,0.512,-145.98,0.543
4,1128.268,89.537,-0.584,0.2616,0.3469,-3.79,0.41,0.0,-0.0213,0.779,0.512,-145.98,0.64
4,1128.368,89.655,-0.5849,0.2631,0.3475,-4.11,0.37,0.0,-0.0721,0.782,0.512,-145.98,0.74
4,1128.468,89.755,-0.5824,0.261,0.3454,-4.24,0.22,0.0,-0.0966,0.781,0.512,-145.98,0.84
4,1128.568,89.855,-0.5813,0.2584,0.3464,-4.46,0.09,0.0,-0.0966,0.779,0.512,-145.98,0.94
4,1128.668,89.955,-0.5802,0.256,0.3473,-4.84,0.03,0.0044,-0.0848,0.779,0.512,-145.98,0.025
4,1128.768,90.055,-0.5791,0.2525,0.3486,-5.5,0.25,0.0055,-0.0996,0.774,0.512,-145.98,0.125
4,1128.868,90.157,-0.5805,0.2483,0.35,-5.99,0.45,0.0038,-0.1224,0.769,0.512,-145.98,0.225
4,1128.968,90.258,-0.5807,0.2453,0.3472,-6.47,0.4,0.0006,-0.1125,0.756,0.512,-145.98,0.325
4,1129.068,90.36,-0.5799,0.2447,0.3486,-6.82,0.21,0.0,-0.0955,0.752,0.512,-145.98,0.425
4,1129.168,90.459,-0.5779,0.2455,0.3486,-7.57,0.22,0.0,-0.0955,0.748,0.512,-145.98,0.525
4,1129.269,90.562,-0.5782,0.2469,0.3509,-8.22,0.15,0.0,-0.0854,0.745,0.512,-145.98,0.626
4,1129.369,90.664,-0.5778,0.2478,0.3488,-8.59,0.07,0.0008,-0.15,0.745,0.512,-145.98,0.726
4,1129.468,90.76,-0.5787,0.2499,0.3491,-9.06,0.21,0.0014,-0.1138,0.743,0.512,-145.98,0.825
4,1129.568,90.86,-0.5795,0.2535,0.3485,-9.77,0.31,0.0,-0.1042,0.742,0.512,-145.98,0.925
4,1129.668,90.96,-0.5792,0.2545,0.3491,-10.62,0.23,0.0,-0.126,0.74,0.512,-145.98,1.025
4,1129.768,91.06,-0.5778,0.253,0.3507,-11.48,0.09,0.0001,-0.166,0.734,0.439,-156.97,0.069
4,1129.868,91.161,-0.5764,0.2504,0.3501,-11.55,0.09,0.0016,-0.1843,0.728,0.439,-156.97,0.169
4,1129.968,91.266,-0.5766,0.2484,0.3512,-12.14,0.04,0.0036,-0.1443,0.726,0.439,-156.97,0.269
4,1130.073,91.373,-0.5759,0.246,0.3482,-13.34,0.13,0.0007,-0.1242,0.719,0.439,-156.97,0.374
4,1130.172,91.475,-0.5775,0.2437,0.3507,-14.36,0.17,0.0058,-0.1642,0.711,0.439,-156.97,0.473
4,1130.269,91.574,-0.5786,0.2407,0.3481,-15.05,0.21,0.0007,-0.2,0.711,0.439,-156.97,0.57
4,1130.368,91.689,-0.5789,0.2394,0.3489,-15.87,0.11,0.0004,-0.1884,0.704,0.439,-156.97,0.669
4,1130.468,91.789,-0.5772,0.239,0.3483,-16.95,0.13,0.0,-0.1753,0.692,0.439,-156.97,0.769
4,1130.568,91.892,-0.5771,0.239,0.3509,-18.09,0.17,0.0008,-0.1927,0.685,0.439,-156.97,0.869
4,1130.668,91.992,-0.5772,0.2386,0.3491,-18.93,0.1,0.0018,-0.1983,0.68,0.439,-156.97,0.969
4,1130.768,92.093,-0.5771,0.239,0.3478,-19.75,0.06,0.0003,-0.1958,0.675,0.439,-156.97,0.063
4,1130.868,92.192,-0.5771,0.2405,0.3488,-20.71,0.06,0.0007,-0.1847,0.675,0.439,-156.97,0.163
4,1130.968,92.293,-0.5766,0.2407,0.3499,-21.97,0.09,0.0,-0.1869,0.671,0.439,-156.97,0.263
4,1131.068,92.393,-0.5773,0.2405,0.3522,-23.06,0.12,0.0017,-0.1972,0.661,0.439,-156.97,0.363
4,1131.168,92.493,-0.577,0.2392,0.3496,-23.87,0.03,0.0002,-0.2,0.661,0.439,-156.97,0.463
4,1131.268,92.593,-0.5774,0.2394,0.3506,-24.8,0.06,0.001,-0.1857,0.655,0.439,-156.97,0.563
4,1131.368,92.693,-0.5769,0.2394,0.3503,-25.88,0.06,0.0001,-0.1821,0.646,0.439,-156.97,0.663
4,1131.468,92.793,-0.5778,0.2389,0.3527,-27.04,0.14,0.0,-0.1961,0.64,0.439,-156.97,0.763
4,1131.568,92.897,-0.579,0.2374,0.3514,-27.98,0.09,0.0006,-0.1996,0.64,0.439,-156.97,0.863
4,1131.668,92.997,-0.5792,0.2366,0.3501,-28.92,0.09,0.0001,-0.1973,0.628,0.439,-156.97,0.963
4,1131.768,93.097,-0.5788,0.2367,0.351,-29.77,0.05,0.0001,-0.1973,0.628,0.439,-156.97,0.047
4,1131.868,93.226,-0.5788,0.2362,0.3528,-31.21,0.17,0.0001,-0.1832,0.619,0.439,-156.97,0.147
4,1131.968,93.327,-0.5804,0.2362,0.3573,-32.44,0.17,0.0037,-0.1967,0.613,0.439,-156.97,0.247
4,1132.068,93.428,-0.5794,0.2372,0.3572,-32.95,0.04,0.0007,-0.1995,0.608,0.439,-156.97,0.347
4,1132.169,93.53,-0.5791,0.2401,0.3564,-33.94,0.13,0.0015,-0.1514,0.607,0.439,-156.97,0.448
4,1132.268,93.628,-0.5784,0.241,0.3547,-34.97,0.09,0.0,-0.1607,0.605,0.439,-156.97,0.547
4,1132.368,93.74,-0.5785,0.2403,0.3558,-35.93,0.15,0.0,-0.1957,0.605,0.439,-156.97,0.647
4,1132.468,93.832,-0.5783,0.2375,0.3543,-36.72,0.08,0.0,-0.1957,0.595,0.439,-156.97,0.747
4,1132.568,93.932,-0.5788,0.2355,0.3542,-37.53,0.12,0.0023,-0.1973,0.59,0.439,-156.97,0.847
4,1132.668,94.032,-0.5788,0.2331,0.3533,-38.62,0.16,0.0031,-0.1913,0.584,0.439,-156.97,0.947
4,1132.768,94.132,-0.5806,0.2315,0.3547,-39.85,0.25,0.0031,-0.1913,0.584,0.439,-156.97,0.046
4,1132.868,94.233,-0.5838,0.2305,0.3535,-40.86,0.33,0.0061,-0.1976,0.577,0.439,-156.97,0.146
4,1132.968,94.333,-0.5842,0.2299,0.3511,-41.64,0.26,0.0005,-0.2,0.572,0.439,-156.97,0.246
4,1133.068,94.437,-0.5828,0.2305,0.3508,-42.61,0.08,0.0,-0.1884,0.564,0.439,-156.97,0.346
4,1133.168,94.537,-0.5807,0.2311,0.3505,-43.83,0.17,0.0,-0.1884,0.564,0.439,-156.97,0.446
4,1133.268,94.641,-0.5796,0.2322,0.3523,-44.93,0.18,0.002,-0.1978,0.56,0.439,-156.97,0.546
4,1133.368,94.742,-0.5772,0.2313,0.3467,-45.73,0.07,0.0045,-0.1957,0.553,0.439,-156.97,0.646
4,1133.468,94.841,-0.5763,0.2318,0.3476,-46.52,0.11,0.0045,-0.1957,0.55,0.439,-156.97,0.746
4,1133.568,94.944,-0.5755,0.2315,0.3473,-47.64,0.03,0.0073,-0.1785,0.548,0.439,-156.97,0.846
4,1133.668,95.044,-0.5764,0.2308,0.3502,-48.84,0.11,0.0047,-0.1813,0.543,0.439,-156.97,0.946
4,1133.768,95.144,-0.5781,0.2287,0.3489,-49.67,0.21,0.0067,-0.1959,0.543,0.439,-156.97,0.035
4,1133.868,95.245,-0.5783,0.2267,0.3483,-50.45,0.18,0.0022,-0.2,0.538,0.439,-156.97,0.135
4,1133.968,95.346,-0.5777,0.2252,0.3487,-51.52,0.11,0.0065,-0.1771,0.533,0.439,-156.97,0.235
4,1134.068,95.446,-0.5772,0.224,0.3496,-52.75,0.19,0.0065,-0.1771,0.529,0.439,-156.97,0.335
4,1134.168,95.547,-0.5781,0.224,0.3516,-53.79,0.2,0.0102,-0.1991,0.52,0.439,-156.97,0.435
4,1134.268,95.649,-0.5774,0.2228,0.3487,-54.52,0.07,0.0102,-0.1991,0.516,0.439,-156.97,0.535
4,1134.368,95.748,-0.576,0.223,0.3498,-55.43,0.08,0.0075,-0.1691,0.516,0.439,-156.97,0.635
4,1134.468,95.848,-0.5745,0.2224,0.3497,-56.57,0.05,0.0075,-0.1691,0.513,0.439,-156.97,0.735
4,1134.568,95.948,-0.5745,0.2221,0.3522,-57.71,0.13,0.0056,-0.1866,0.511,0.439,-156.97,0.835
4,1134.668,96.063,-0.5747,0.2204,0.35,-58.54,0.08,0.01,-0.1963,0.504,0.439,-156.97,0.935
4,1134.772,96.167,-0.5741,0.2191,0.3497,-59.34,0.06,0.0122,-0.1754,0.5,0.439,-156.97,0.029
4,1134.868,96.262,-0.5735,0.2179,0.352,-60.17,0.06,0.0122,-0.1754,0.497,0.439,-156.97,0.125
4,1134.968,96.362,-0.5743,0.2161,0.3542,-61.6,0.19,0.0123,-0.1781,0.492,0.439,-156.97,0.225
4,1135.068,96.462,-0.5763,0.2156,0.3546,-62.44,0.26,0.0135,-0.1684,0.488,0.439,-156.97,0.325
4,1135.174,96.569,-0.5762,0.2139,0.3509,-63.05,0.19,0.0071,-0.1956,0.485,0.439,-156.97,0.431
4,1135.27,96.665,-0.5749,0.2135,0.3514,-63.93,0.01,0.0055,-0.1516,0.483,0.439,-156.97,0.527
4,1135.368,96.762,-0.5734,0.2122,0.3521,-64.99,0.14,0.0064,-0.1122,0.483,0.439,-156.97,0.625
4,1135.468,96.862,-0.5728,0.2127,0.3541,-65.98,0.19,0.0081,-0.1483,0.48,0.439,-156.97,0.725
4,1135.568,96.963,-0.572,0.2117,0.3516,-66.49,0.02,0.0093,-0.1903,0.476,0.439,-156.97,0.825
4,1135.668,97.063,-0.5702,0.2117,0.3513,-67.34,0.1,0.0057,-0.1878,0.476,0.439,-156.97,0.925
4,1135.768,97.164,-0.5687,0.2125,0.3512,-68.32,0.09,0.0076,-0.1783,0.473,0.439,-156.97,1.025
4,1135.868,97.263,-0.5693,0.2118,0.3524,-69.6,0.09,0.0076,-0.1783,0.472,0.439,-156.97,0.075
4,1135.968,97.373,-0.5714,0.2101,0.3511,-70.44,0.14,0.0117,-0.1946,0.468,0.439,-156.97,0.175
4,1136.068,97.473,-0.5724,0.2068,0.3456,-71.32,0.23,0.008,-0.2,0.464,0.439,-156.97,0.275
4,1136.168,97.573,-0.5733,0.2028,0.3471,-72.24,0.27,0.0121,-0.1743,0.459,0.439,-156.97,0.375
4,1136.268,97.674,-0.574,0.1986,0.349,-73.57,0.34,0.0161,-0.1915,0.459,0.439,-156.97,0.475
4,1136.368,97.774,-0.5747,0.1985,0.3523,-74.83,0.33,0.0246,-0.1935,0.453,0.439,-156.97,0.575
4,1136.468,97.875,-0.5746,0.1974,0.3485,-75.58,0.19,0.0239,-0.2,0.449,0.439,-156.97,0.675
4,1136.568,97.975,-0.5721,0.1964,0.3494,-76.36,0.03,0.0144,-0.2,0.448,0.439,-156.97,0.775
4,1136.668,98.076,-0.5685,0.1953,0.3493,-77.53,0.02,0.016,-0.1713,0.448,0.439,-156.97,0.875
4,1136.768,98.176,-0.5666,0.1938,0.3514,-78.69,0.19,0.0129,-0.1736,0.448,0.439,-156.97,0.975
4,1136.868,98.277,-0.5655,0.1915,0.3518,-79.45,0.07,0.0179,-0.1938,0.448,0.439,-156.97,0.052
4,1136.968,98.378,-0.5641,0.1887,0.3506,-80.32,0.13,0.0173,-0.2,0.448,0.439,-156.97,0.152
4,1137.068,98.478,-0.563,0.1879,0.3516,-81.24,0.19,0.0219,-0.1464,0.448,0.439,-156.97,0.252
4,1137.168,98.587,-0.5639,0.1852,0.3525,-82.36,0.07,0.0229,-0.1775,0.448,0.439,-156.97,0.352
4,1137.269,98.69,-0.5666,0.1831,0.3545,-83.38,0.2,0.0229,-0.2,0.448,0.439,-156.97,0.453
4,1137.368,98.788,-0.5687,0.1796,0.3531,-84.24,0.2,0.0229,-0.2,0.448,0.439,-156.97,0.552
4,1137.468,98.888,-0.5691,0.176,0.3536,-85.21,0.17,0.0205,-0.2,0.448,0.439,-156.97,0.652
4,1137.568,98.989,-0.5691,0.1714,0.3534,-86.31,0.24,0.0261,-0.1542,0.448,0.439,-156.97,0.752
4,1137.668,99.091,-0.5693,0.1691,0.3554,-87.39,0.28,0.0307,-0.1921,0.448,0.439,-156.97,0.852
4,1137.77,99.192,-0.5694,0.1672,0.3543,-88.42,0.17,0.0363,-0.1958,0.448,0.439,-156.97,0.954
4,1137.868,99.315,-0.5672,0.1641,0.3532,-89.11,0.09,0.0267,-0.2,0.448,0.439,-156.97,0.041
4,1137.968,99.415,-0.5643,0.1608,0.3529,-90.16,0.11,0.0243,-0.1492,0.448,0.439,-156.97,0.141
4,1138.068,99.515,-0.5634,0.1569,0.3539,-91.25,0.22,0.0267,-0.1673,0.448,0.439,-156.97,0.241
4,1138.168,99.615,-0.563,0.153,0.3544,-92.17,0.14,0.0275,-0.1923,0.448,0.439,-156.97,0.341
4,1138.268,99.721,-0.5625,0.1489,0.3527,-92.81,0.16,0.0275,-0.1923,0.448,0.439,-156.97,0.441
4,1138.368,99.822,-0.5616,0.1472,0.353,-93.68,0.16,0.0293,-0.1984,0.448,0.439,-156.97,0.541
4,1138.468,99.924,-0.563,0.1445,0.3533,-94.96,0.08,0.0259,-0.1684,0.448,0.439,-156.97,0.641
4,1138.568,100.028,-0.5661,0.1429,0.3555,-96.14,0.23,0.0269,-0.1913,0.448,0.439,-156.97,0.741
4,1138.668,100.136,-0.5699,0.1397,0.3524,-96.99,0.26,0.0236,-0.1843,0.448,0.439,-156.97,0.841
4,1138.768,100.241,-0.5719,0.1353,0.3529,-97.79,0.29,0.0309,-0.1496,0.449,0.439,-156.97,0.941
4,1138.868,100.341,-0.5729,0.1292,0.3527,-98.82,0.28,0.0309,-0.1496,0.448,0.439,-156.97,1.041
4,1138.968,100.441,-0.5726,0.1259,0.3548,-99.8,0.28,0.0427,-0.1317,0.448,0.588,-170.07,0.098
4,1139.068,100.541,-0.5718,0.1227,0.3532,-100.39,0.11,0.0384,-0.1675,0.448,0.588,-170.07,0.198
4,1139.168,100.641,-0.5695,0.1182,0.352,-100.84,0.17,0.0334,-0.1303,0.449,0.588,-170.07,0.298
4,1139.268,100.741,-0.5662,0.1148,0.3527,-101.44,0.33,0.0337,-0.1198,0.449,0.588,-170.07,0.398
4,1139.371,100.847,-0.5664,0.1101,0.3531,-102.34,0.21,0.0299,-0.1278,0.449,0.588,-170.07,0.501
4,1139.468,100.943,-0.5677,0.1058,0.3547,-103.05,0.16,0.0299,-0.1278,0.449,0.588,-170.07,0.598
4,1139.568,101.058,-0.5695,0.1005,0.3516,-103.58,0.17,0.0344,-0.1599,0.449,0.588,-170.07,0.698
4,1139.668,101.16,-0.5707,0.0971,0.3522,-104.3,0.15,0.0416,-0.1458,0.448,0.588,-170.07,0.798
4,1139.768,101.259,-0.5733,0.0935,0.3548,-105.17,0.15,0.0386,-0.1389,0.449,0.588,-170.07,0.898
4,1139.868,101.362,-0.5768,0.0919,0.3569,-106.11,0.29,0.0343,-0.0989,0.448,0.588,-170.07,0.998
4,1139.968,101.462,-0.5806,0.0897,0.3521,-106.58,0.32,0.031,-0.1236,0.448,0.588,-170.07,0.087
4,1140.068,101.568,-0.5826,0.0853,0.3517,-106.91,0.36,0.0271,-0.1307,0.448,0.588,-170.07,0.187
4,1140.168,101.668,-0.5838,0.0792,0.3521,-107.61,0.27,0.0337,-0.108,0.449,0.588,-170.07,0.287
4,1140.268,101.768,-0.5839,0.0749,0.3537,-108.48,0.28,0.04,-0.1161,0.449,0.588,-170.07,0.387
4,1140.368,101.868,-0.583,0.0717,0.3538,-109.07,0.16,0.0439,-0.1561,0.449,0.588,-170.07,0.487
4,1140.468,101.969,-0.5811,0.0671,0.3519,-109.45,0.19,0.0327,-0.1557,0.448,0.588,-170.07,0.587
4,1140.568,102.069,-0.5772,0.0641,0.3523,-110.18,0.41,0.0365,-0.1313,0.45,0.588,-170.07,0.687
4,1140.668,102.17,-0.5771,0.0604,0.3522,-111.1,0.23,0.0266,-0.1347,0.449,0.588,-170.07,0.787
4,1140.768,102.27,-0.5798,0.0568,0.3544,-112.02,0.17,0.0284,-0.1614,0.449,0.588,-170.07,0.887
4,1140.868,102.37,-0.584,0.0518,0.3522,-112.68,0.08,0.0314,-0.1712,0.448,0.588,-170.07,0.987
4,1140.968,102.47,-0.5874,0.0478,0.3526,-113.43,0.2,0.0413,-0.1572,0.448,0.43,175.71,0.054
4,1141.068,102.57,-0.5907,0.0434,0.3525,-114.2,0.15,0.0426,-0.1521,0.449,0.43,175.71,0.154
4,1141.168,102.691,-0.5939,0.0407,0.3544,-115.29,0.27,0.043,-0.1578,0.448,0.43,175.71,0.254
4,1141.268,102.791,-0.5966,0.0388,0.3549,-116.11,0.24,0.0438,-0.1939,0.448,0.43,175.71,0.354
4,1141.368,102.891,-0.5976,0.0341,0.3542,-116.86,0.13,0.0332,-0.1714,0.448,0.43,175.71,0.454
4,1141.468,102.992,-0.5974,0.0289,0.3543,-117.78,0.09,0.0343,-0.1701,0.45,0.43,175.71,0.554
4,1141.568,103.092,-0.5989,0.0241,0.3546,-118.83,0.17,0.0343,-0.1701,0.448,0.43,175.71,0.654
4,1141.668,103.192,-0.6002,0.0205,0.3557,-119.77,0.18,0.0392,-0.1945,0.448,0.43,175.71,0.754
4,1141.768,103.302,-0.602,0.0157,0.3528,-120.56,0.12,0.0368,-0.1964,0.448,0.43,175.71,0.854
4,1141.868,103.407,-0.602,0.0118,0.3528,-121.48,0.19,0.0358,-0.1658,0.449,0.43,175.71,0.954
4,1141.968,103.532,-0.6037,0.0079,0.3532,-122.49,0.09,0.0358,-0.1658,0.449,0.43,175.71,0.068
4,1142.068,103.644,-0.6068,0.0055,0.3547,-123.55,0.14,0.0364,-0.1895,0.449,0.43,175.71,0.168
4,1142.168,103.742,-0.6107,0.0018,0.3525,-124.46,0.1,0.0364,-0.1895,0.45,0.43,175.71,0.268
4,1142.272,103.846,-0.6131,-0.0016,0.3529,-125.36,0.1,0.0391,-0.177,0.449,0.43,175.71,0.372
4,1142.368,103.95,-0.616,-0.0055,0.3518,-126.35,0.15,0.0391,-0.177,0.448,0.43,175.71,0.468
4,1142.468,104.049,-0.6189,-0.0074,0.354,-127.58,0.25,0.0379,-0.1786,0.448,0.43,175.71,0.568
4,1142.569,104.161,-0.6222,-0.0094,0.3526,-128.46,0.18,0.0359,-0.1965,0.449,0.43,175.71,0.669
4,1142.668,104.259,-0.6244,-0.0133,0.3524,-129.11,0.13,0.0309,-0.1745,0.448,0.43,175.71,0.768
4,1142.768,104.36,-0.6257,-0.0182,0.3528,-129.94,0.09,0.0338,-0.148,0.449,0.43,175.71,0.868
4,1142.868,104.46,-0.6275,-0.0222,0.354,-131.04,0.2,0.0351,-0.1586,0.449,0.43,175.71,0.968
4,1142.968,104.561,-0.6291,-0.0254,0.3542,-131.86,0.11,0.0387,-0.1901,0.449,0.43,175.71,0.06
4,1143.069,104.661,-0.6309,-0.0295,0.3507,-132.61,0.13,0.0353,-0.198,0.449,0.43,175.71,0.161
4,1143.168,104.767,-0.6308,-0.0327,0.3508,-133.58,0.26,0.0381,-0.1718,0.449,0.43,175.71,0.26
4,1143.271,104.87,-0.6328,-0.0363,0.3481,-134.6,0.07,0.0292,-0.1669,0.449,0.43,175.71,0.363
4,1143.368,104.966,-0.6361,-0.0381,0.3506,-135.62,0.14,0.0344,-0.1675,0.448,0.43,175.71,0.46
4,1143.468,105.066,-0.6416,-0.0406,0.3483,-136.34,0.08,0.0312,-0.1758,0.448,0.43,175.71,0.56
4,1143.568,105.168,-0.6462,-0.0434,0.3493,-137.04,0.2,0.0384,-0.1613,0.449,0.43,175.71,0.66
4,1143.668,105.268,-0.6511,-0.0469,0.3492,-137.92,0.15,0.0411,-0.1453,0.449,0.43,175.71,0.76
4,1143.768,105.373,-0.6552,-0.049,0.3512,-138.98,0.25,0.0443,-0.1609,0.448,0.43,175.71,0.86
4,1143.868,105.473,-0.6584,-0.05,0.3514,-139.85,0.26,0.0442,-0.173,0.448,0.43,175.71,0.96
4,1143.968,105.581,-0.6618,-0.0538,0.3494,-140.29,0.2,0.0344,-0.1787,0.45,0.376,156.57,0.065
4,1144.068,105.681,-0.6644,-0.0588,0.3512,-140.69,0.1,0.0344,-0.1787,0.45,0.376,156.57,0.165
4,1144.168,105.785,-0.6679,-0.0634,0.3524,-142.12,0.14,0.0397,-0.1241,0.448,0.376,156.57,0.265
4,1144.268,105.885,-0.6707,-0.0668,0.3551,-143.82,0.2,0.0397,-0.1241,0.449,0.376,156.57,0.365
4,1144.368,106.004,-0.6746,-0.0707,0.3522,-144.05,0.11,0.0406,-0.194,0.45,0.376,156.57,0.465
4,1144.468,106.113,-0.6767,-0.074,0.3535,-144.14,0.16,0.0455,-0.2,0.449,0.376,156.57,0.565
4,1144.568,106.204,-0.6799,-0.0759,0.3582,-144.91,0.09,0.0378,-0.12,0.451,0.376,156.57,0.665
4,1144.668,106.305,-0.6834,-0.0752,0.3604,-146.72,0.27,0.0356,-0.0747,0.451,0.376,156.57,0.765
4,1144.768,106.423,-0.6878,-0.074,0.3556,-147.37,0.38,0.0339,-0.1545,0.448,0.376,156.57,0.865
4,1144.87,106.526,-0.692,-0.0752,0.3544,-147.28,0.46,0.0309,-0.1699,0.449,0.376,156.57,0.967
4,1144.968,106.626,-0.6967,-0.0788,0.3553,-148.22,0.34,0.0314,-0.0899,0.451,0.376,156.57,0.056
4,1145.068,106.73,-0.6993,-0.0814,0.3567,-149.49,0.32,0.0378,-0.0717,0.449,0.376,156.57,0.156
4,1145.168,106.83,-0.7011,-0.0836,0.3567,-149.98,0.18,0.0451,-0.1432,0.449,0.376,156.57,0.256
4,1145.268,106.93,-0.7029,-0.0883,0.3556,-149.74,0.15,0.0379,-0.169,0.449,0.376,156.57,0.356
4,1145.368,107.031,-0.7029,-0.0937,0.3552,-150.35,0.38,0.0297,-0.1324,0.448,0.376,156.57,0.456
4,1145.468,107.137,-0.7056,-0.0978,0.3541,-151.47,0.26,0.0262,-0.1009,0.45,0.376,156.57,0.556
4,1145.574,107.259,-0.7097,-0.1005,0.3554,-152.43,0.16,0.0307,-0.1409,0.448,0.376,156.57,0.662
4,1145.67,107.355,-0.7155,-0.1027,0.348,-152.99,0.16,0.0307,-0.1473,0.448,0.376,156.57,0.758
4,1145.768,107.452,-0.7195,-0.1024,0.3491,-152.96,0.24,0.0411,-0.1741,0.449,0.376,156.57,0.856
4,1145.868,107.552,-0.7246,-0.1027,0.349,-154.35,0.23,0.0411,-0.1741,0.45,0.376,156.57,0.956
4,1145.968,107.653,-0.7279,-0.1006,0.3522,-155.75,0.42,0.0335,-0.1341,0.45,0.376,156.57,0.037
4,1146.068,107.752,-0.7315,-0.0981,0.3494,-156.3,0.43,0.0281,-0.1935,0.45,0.376,156.57,0.137
4,1146.172,107.859,-0.736,-0.0994,0.3489,-156.78,0.43,0.0281,-0.1935,0.451,0.376,156.57,0.241
4,1146.268,107.954,-0.7414,-0.1032,0.3492,-157.92,0.25,0.0268,-0.1535,0.451,0.376,156.57,0.337
4,1146.368,108.081,-0.7446,-0.1072,0.3512,-159.12,0.25,0.0456,-0.1366,0.449,0.376,156.57,0.437
4,1146.469,108.183,-0.7464,-0.1107,0.3549,-159.77,0.07,0.0464,-0.179,0.45,0.376,156.57,0.538
4,1146.568,108.281,-0.7479,-0.1157,0.3552,-160.26,0.34,0.0388,-0.1536,0.449,0.376,156.57,0.637
4,1146.668,108.383,-0.747,-0.1214,0.3546,-161.2,0.56,0.0356,-0.1139,0.45,0.376,156.57,0.737
4,1146.768,108.484,-0.7496,-0.1249,0.3531,-161.97,0.34,0.0259,-0.1391,0.45,0.376,156.57,0.837
4,1146.868,108.591,-0.7543,-0.126,0.3545,-162.87,0.17,0.0304,-0.1601,0.45,0.376,156.57,0.937
4,1146.968,108.7,-0.7608,-0.1265,0.3499,-163.3,0.15,0.0339,-0.1734,0.448,0.273,146.98,0.021
4,1147.069,108.809,-0.7652,-0.1252,0.3508,-163.92,0.2,0.0436,-0.1577,0.448,0.273,146.98,0.122
4,1147.168,108.909,-0.7702,-0.1236,0.3504,-164.99,0.24,0.041,-0.1289,0.45,0.273,146.98,0.221
4,1147.268,109.009,-0.7728,-0.1199,0.353,-166.24,0.5,0.0408,-0.1229,0.45,0.273,146.98,0.321
4,1147.368,109.11,-0.7759,-0.1158,0.3504,-166.71,0.55,0.0336,-0.1629,0.448,0.273,146.98,0.421
4,1147.468,109.209,-0.7813,-0.1164,0.3505,-167.11,0.5,0.0251,-0.1664,0.449,0.273,146.98,0.521
4,1147.568,109.309,-0.7884,-0.1197,0.3507,-168.04,0.28,0.032,-0.0864,0.449,0.273,146.98,0.621
4,1147.668,109.412,-0.7934,-0.1236,0.3519,-168.82,0.27,0.032,-0.0629,0.448,0.273,146.98,0.721
4,1147.768,109.513,-0.7967,-0.1284,0.3525,-169.33,0.21,0.0544,-0.1411,0.448,0.273,146.98,0.821
4,1147.868,109.613,-0.7996,-0.133,0.35,-169.68,0.37,0.0505,-0.1233,0.448,0.273,146.98,0.921
4,1147.97,109.716,-0.7996,-0.1379,0.3509,-170.23,0.65,0.0468,-0.0964,0.449,0.273,146.98,1.023
4,1148.068,109.813,-0.8025,-0.1407,0.3508,-170.91,0.36,0.0329,-0.0806,0.449,0.273,146.98,0.098
4,1148.174,109.94,-0.8076,-0.1403,0.3533,-171.5,0.14,0.0269,-0.1018,0.448,0.273,146.98,0.204
4,1148.268,110.034,-0.815,-0.1386,0.345,-171.83,0.14,0.0269,-0.1018,0.449,0.273,146.98,0.298
5,1148.368,110.134,-0.8206,-0.1346,0.3463,-172.21,0.51,0.0,-0.0218,0.449,0.727,170.72,0.053
5,1148.468,110.234,-0.8259,-0.13,0.3474,-172.71,0.55,0.0,0.0,0.449,0.727,170.72,0.153
5,1148.568,110.336,-0.8237,-0.1266,0.3496,-173.04,0.7,0.0388,-0.0945,0.449,0.727,170.72,0.253
5,1148.668,110.442,-0.819,-0.1226,0.3458,-173.21,0.67,0.0233,-0.0747,0.45,0.727,170.72,0.353
5,1148.768,110.543,-0.8183,-0.1237,0.3436,-173.41,0.31,0.0131,-0.0513,0.449,0.727,170.72,0.453
5,1148.868,110.642,-0.8205,-0.1299,0.3458,-173.69,0.18,0.0131,-0.0513,0.449,0.727,170.72,0.553
5,1148.968,110.76,-0.8253,-0.1362,0.3478,-174.31,0.45,0.0338,-0.0547,0.448,0.727,170.72,0.653
5,1149.068,110.86,-0.832,-0.1417,0.3522,-174.74,0.59,0.0473,-0.0947,0.448,0.727,170.72,0.753
5,1149.168,110.967,-0.8379,-0.1454,0.3544,-174.82,0.7,0.0635,-0.0813,0.449,0.727,170.72,0.853
5,1149.268,111.072,-0.8397,-0.1478,0.3559,-175.22,0.71,0.0635,-0.0813,0.449,0.727,170.72,0.953
5,1149.368,111.201,-0.8441,-0.147,0.3565,-175.76,0.29,0.0463,-0.1056,0.448,0.746,160.67,0.068
5,1149.468,111.304,-0.8503,-0.1431,0.3618,-176.79,0.21,0.0303,-0.1395,0.449,0.746,160.67,0.168
5,1149.568,111.404,-0.8586,-0.142,0.364,-176.99,0.17,0.0446,-0.1313,0.448,0.746,160.67,0.268
5,1149.668,111.504,-0.8656,-0.1403,0.364,-177.45,0.32,0.0642,-0.0513,0.448,0.746,160.67,0.368
5,1149.768,111.604,-0.8738,-0.138,0.3618,-177.95,0.38,0.0735,-0.0564,0.448,0.746,160.67,0.468
5,1149.868,111.704,-0.8788,-0.1356,0.3622,-178.39,0.51,0.0809,-0.0604,0.449,0.746,160.67,0.568
5,1149.968,111.804,-0.8841,-0.1345,0.3612,-178.69,0.38,0.0743,-0.0778,0.448,0.746,160.67,0.668
5,1150.068,111.905,-0.8929,-0.1383,0.3603,-178.93,0.15,0.0659,-0.0915,0.448,0.746,160.67,0.768
5,1150.171,112.011,-0.9029,-0.1431,0.3594,-179.32,0.24,0.0753,-0.0608,0.449,0.746,160.67,0.871
5,1150.268,112.112,-0.9137,-0.1464,0.3588,-179.97,0.46,0.0821,-0.0702,0.449,0.746,160.67,0.968
5,1150.368,112.24,-0.9261,-0.1499,0.352,179.77,0.47,0.0951,-0.1,0.449,0.651,158.2,0.068
5,1150.468,112.343,-0.9361,-0.1514,0.3449,179.39,0.48,0.1101,-0.0888,0.448,0.651,158.2,0.168
5,1150.568,112.442,-0.9442,-0.15,0.3476,179.11,0.25,0.1101,-0.0888,0.448,0.651,158.2,0.268
5,1150.668,112.543,-0.9544,-0.1444,0.3502,178.29,0.36,0.0601,-0.0088,0.448,0.651,158.2,0.368
5,1150.768,112.655,-0.9627,-0.1376,0.353,177.92,0.68,0.0101,0.0,0.448,0.651,158.2,0.468
5,1150.868,112.754,-0.9701,-0.1317,0.3431,178.06,0.93,0.0472,-0.0598,0.449,0.651,158.2,0.568
5,1150.968,112.857,-0.9768,-0.1244,0.3456,178.08,1.17,0.0681,-0.0131,0.448,0.651,158.2,0.668
5,1151.068,112.957,-0.9851,-0.1184,0.3453,177.77,1.02,0.0724,0.0082,0.448,0.651,158.2,0.768
5,1151.168,113.057,-0.9864,-0.1154,0.3487,177.52,0.95,0.0813,-0.0128,0.448,0.651,158.2,0.868
5,1151.268,113.159,-0.9884,-0.113,0.3465,177.63,0.71,0.0668,-0.0276,0.448,0.651,158.2,0.968
5,1151.368,113.259,-0.9947,-0.1163,0.3482,177.73,0.16,0.0462,-0.0121,0.448,0.532,163.3,0.057
5,1151.468,113.359,-1.0036,-0.123,0.3497,177.7,0.23,0.0511,-0.0019,0.448,0.532,163.3,0.157
5,1151.568,113.46,-1.0137,-0.1286,0.351,177.37,0.63,0.0632,-0.0076,0.448,0.532,163.3,0.257
5,1151.668,113.56,-1.0264,-0.1339,0.353,177.31,0.75,0.0799,-0.0392,0.448,0.532,163.3,0.357
5,1151.768,113.69,-1.0367,-0.1367,0.3539,177.35,0.76,0.1047,-0.0097,0.448,0.532,163.3,0.457
5,1151.868,113.79,-1.041,-0.1374,0.361,178.0,0.65,0.0912,-0.0078,0.448,0.532,163.3,0.557
5,1151.968,113.89,-1.0483,-0.1324,0.3636,177.35,0.08,0.0912,-0.0078,0.449,0.532,163.3,0.657
5,1152.068,113.99,-1.0549,-0.1239,0.3641,177.07,0.63,0.0652,0.0722,0.448,0.532,163.3,0.757
5,1152.168,114.091,-1.064,-0.1166,0.359,177.19,0.59,0.0679,0.0322,0.448,0.532,163.3,0.857
5,1152.268,114.191,-1.0757,-0.1116,0.3591,177.51,0.84,0.0815,0.0052,0.448,0.532,163.3,0.957
5,1152.368,114.295,-1.0888,-0.1086,0.3595,177.46,0.78,0.0815,0.0052,0.448,0.439,159.44,0.04
5,1152.468,114.402,-1.0956,-0.1089,0.3602,177.32,0.6,0.0946,0.022,0.448,0.439,159.44,0.14
5,1152.568,114.503,-1.1023,-0.1113,0.3551,177.43,0.16,0.081,-0.0154,0.449,0.439,159.44,0.24
5,1152.668,114.603,-1.1107,-0.1175,0.3536,177.51,0.23,0.081,-0.0154,0.449,0.439,159.44,0.34
5,1152.768,114.702,-1.1193,-0.1254,0.3548,177.56,0.5,0.0795,-0.0088,0.448,0.439,159.44,0.44
5,1152.868,114.802,-1.1308,-0.1302,0.3549,177.2,0.72,0.074,0.0015,0.448,0.439,159.44,0.54
5,1152.969,114.904,-1.1457,-0.1337,0.3555,177.15,0.79,0.0738,0.0415,0.449,0.439,159.44,0.641
5,1153.068,115.002,-1.1588,-0.1343,0.3549,177.45,0.67,0.087,0.0137,0.449,0.439,159.44,0.74
5,1153.168,115.138,-1.1653,-0.1313,0.3554,177.62,0.3,0.1058,0.0215,0.448,0.439,159.44,0.84
5,1153.268,115.239,-1.1727,-0.1273,0.3392,177.59,0.3,0.0872,0.03,0.448,0.439,159.44,0.94
5,1153.368,115.341,-1.1782,-0.1247,0.3412,177.58,0.38,0.0793,0.0281,0.449,0.338,153.43,0.031
5,1153.468,115.44,-1.1872,-0.1266,0.3438,178.0,0.05,0.0793,0.0281,0.449,0.338,153.43,0.131
5,1153.568,115.541,-1.1966,-0.1326,0.3488,178.3,0.51,0.071,0.0505,0.448,0.338,153.43,0.231
5,1153.668,115.642,-1.207,-0.1398,0.3462,178.23,0.44,0.071,0.0521,0.448,0.338,153.43,0.331
5,1153.768,115.745,-1.2188,-0.1447,0.3483,178.26,0.83,0.0815,0.0139,0.448,0.338,153.43,0.431
5,1153.868,115.844,-1.2344,-0.1479,0.3497,178.48,0.78,0.0885,-0.0072,0.448,0.338,153.43,0.531
5,1153.968,115.944,-1.2439,-0.1477,0.352,178.74,0.62,0.1132,-0.0115,0.449,0.338,153.43,0.631
5,1154.068,116.045,-1.2507,-0.1455,0.3526,178.68,0.31,0.0953,0.0007,0.45,0.338,153.43,0.731
5,1154.168,116.164,-1.2594,-0.14,0.3521,178.41,0.26,0.0778,-0.0201,0.448,0.338,153.43,0.831
5,1154.268,116.267,-1.2657,-0.1338,0.356,177.99,0.48,0.0782,-0.0371,0.449,0.338,153.43,0.931
5,1154.368,116.367,-1.275,-0.1334,0.357,178.26,0.3,0.0691,-0.0301,0.448,0.253,143.13,0.017
5,1154.468,116.468,-1.2851,-0.1352,0.3577,178.2,0.06,0.0691,-0.0301,0.448,0.253,143.13,0.117
5,1154.568,116.568,-1.2961,-0.1374,0.3549,177.99,0.19,0.0759,0.0047,0.449,0.253,143.13,0.217
5,1154.668,116.668,-1.3049,-0.1399,0.3558,177.87,0.39,0.0855,-0.0159,0.448,0.253,143.13,0.317
5,1154.768,116.77,-1.3147,-0.1418,0.3553,177.92,0.37,0.0795,-0.0282,0.448,0.253,143.13,0.417
5,1154.871,116.873,-1.3214,-0.1441,0.3562,177.97,0.45,0.0804,-0.0309,0.448,0.253,143.13,0.52
5,1154.968,116.97,-1.3279,-0.1465,0.3553,177.8,0.45,0.0713,-0.0072,0.448,0.253,143.13,0.617
5,1155.068,117.071,-1.3355,-0.1455,0.3552,177.53,0.24,0.0621,-0.0264,0.449,0.253,143.13,0.717
6,1155.168,117.172,-1.3435,-0.143,0.3549,177.41,0.09,0.0371,0.0,0.449,0.837,8.53,0.042
6,1155.268,117.272,-1.3507,-0.141,0.3537,177.53,0.28,0.0,0.0,0.448,0.837,8.53,0.142
6,1155.368,117.373,-1.354,-0.1377,0.3539,177.66,0.45,0.025,-0.0117,0.448,0.837,8.53,0.242
6,1155.468,117.474,-1.3531,-0.1351,0.352,177.48,0.49,0.0278,-0.011,0.448,0.837,8.53,0.342
6,1155.568,117.575,-1.3457,-0.1331,0.3514,177.31,0.72,0.0195,-0.0158,0.448,0.837,8.53,0.442
6,1155.671,117.678,-1.3387,-0.1313,0.3469,177.33,0.56,0.002,-0.0564,0.448,0.837,8.53,0.545
6,1155.768,117.775,-1.334,-0.1349,0.3464,177.3,0.24,0.0,-0.0524,0.449,0.837,8.53,0.642
6,1155.868,117.875,-1.3302,-0.1422,0.345,177.02,0.42,0.0,-0.0401,0.449,0.837,8.53,0.742
6,1155.968,117.975,-1.3286,-0.1466,0.3454,176.43,0.4,0.0,-0.0431,0.449,0.837,8.53,0.842
6,1156.068,118.075,-1.3304,-0.1474,0.346,176.18,0.29,0.0,-0.0994,0.448,0.837,8.53,0.942
6,1156.168,118.179,-1.3316,-0.1468,0.3461,175.97,0.3,0.0001,-0.0961,0.448,0.837,8.45,0.002
6,1156.268,118.278,-1.331,-0.1466,0.3473,175.58,0.33,0.0026,-0.0679,0.448,0.837,8.45,0.102
6,1156.369,118.379,-1.3318,-0.1451,0.3453,174.97,0.07,0.0005,-0.0684,0.448,0.837,8.45,0.203
6,1156.468,118.478,-1.3313,-0.1418,0.348,174.45,0.25,0.0002,-0.0843,0.448,0.837,8.45,0.302
6,1156.568,118.578,-1.3315,-0.1382,0.3461,174.15,0.29,0.0,-0.1169,0.448,0.837,8.45,0.402
6,1156.668,118.685,-1.3328,-0.1367,0.3478,173.86,0.29,0.0,-0.0986,0.448,0.837,8.45,0.502
6,1156.768,118.786,-1.3358,-0.1369,0.3444,173.19,0.19,0.0021,-0.0764,0.448,0.837,8.45,0.602
6,1156.868,118.888,-1.3363,-0.1384,0.346,172.56,0.13,0.0021,-0.0764,0.448,0.837,8.45,0.702
6,1156.968,119.006,-1.3368,-0.1403,0.3436,172.22,0.09,0.0007,-0.1196,0.448,0.837,8.45,0.802
6,1157.068,119.108,-1.3361,-0.143,0.3438,171.89,0.28,0.0007,-0.1196,0.448,0.837,8.45,0.902
6,1157.168,119.209,-1.3354,-0.1472,0.3445,171.24,0.41,0.0,-0.0861,0.448,0.837,8.45,0.004
6,1157.268,119.309,-1.3364,-0.1482,0.346,170.46,0.23,0.0,-0.0861,0.448,0.837,8.45,0.104
6,1157.368,119.41,-1.3379,-0.1468,0.3479,169.95,0.05,0.0,-0.1045,0.449,0.837,8.45,0.204
6,1157.468,119.509,-1.3395,-0.1449,0.3467,169.65,0.1,0.0,-0.1243,0.452,0.837,8.45,0.304
6,1157.568,119.616,-1.3397,-0.143,0.3485,169.14,0.12,0.001,-0.0852,0.456,0.837,8.45,0.404
6,1157.668,119.717,-1.3403,-0.1413,0.346,168.46,0.17,0.001,-0.0852,0.465,0.837,8.45,0.504
6,1157.768,119.817,-1.3378,-0.1402,0.3486,167.81,0.27,0.0002,-0.1082,0.47,0.837,8.45,0.604
6,1157.868,119.917,-1.3356,-0.1395,0.348,167.4,0.25,0.0001,-0.1189,0.474,0.837,8.45,0.704
6,1157.968,120.017,-1.3352,-0.1414,0.3491,167.03,0.04,0.0,-0.1272,0.476,0.837,8.45,0.804
6,1158.068,120.117,-1.3365,-0.1451,0.3493,166.38,0.14,0.0,-0.0954,0.477,0.837,8.45,0.904
6,1158.168,120.226,-1.3384,-0.1467,0.3507,165.6,0.18,0.0007,-0.1201,0.477,0.837,8.45,1.004
6,1158.268,120.32,-1.3407,-0.1473,0.3512,165.06,0.12,0.0007,-0.1201,0.479,0.837,8.45,0.073
6,1158.368,120.42,-1.3423,-0.1476,0.3496,164.63,0.14,0.0032,-0.1158,0.482,0.837,8.45,0.173
6,1158.468,120.52,-1.3416,-0.1483,0.3503,164.05,0.15,0.0032,-0.1158,0.487,0.837,8.45,0.273
6,1158.569,120.624,-1.3414,-0.1479,0.3506,163.29,0.03,0.0016,-0.1005,0.487,0.837,8.45,0.374
6,1158.668,120.729,-1.3394,-0.1463,0.3525,162.58,0.18,0.0004,-0.1164,0.496,0.837,8.45,0.473
6,1158.769,120.831,-1.3382,-0.1438,0.348,162.11,0.24,0.0,-0.1471,0.496,0.837,8.45,0.574
6,1158.868,120.936,-1.338,-0.1426,0.3487,161.6,0.23,0.0,-0.1253,0.507,0.837,8.45,0.673
6,1158.968,121.036,-1.3403,-0.1423,0.3487,160.79,0.19,0.0,-0.1058,0.513,0.837,8.45,0.773
6,1159.068,121.137,-1.3412,-0.1424,0.351,160.04,0.2,0.0,-0.1058,0.519,0.837,8.45,0.873
6,1159.168,121.238,-1.3414,-0.1428,0.3514,159.48,0.13,0.0009,-0.1519,0.522,0.837,8.45,0.973
6,1159.268,121.337,-1.3422,-0.1442,0.3512,159.05,0.07,0.0004,-0.132,0.525,0.837,8.45,0.064
6,1159.371,121.44,-1.3423,-0.1471,0.3519,158.42,0.12,0.0004,-0.1001,0.525,0.837,8.45,0.167
6,1159.468,121.537,-1.3426,-0.1484,0.352,157.56,0.08,0.0004,-0.1001,0.527,0.837,8.45,0.264
6,1159.568,121.637,-1.3419,-0.1487,0.3533,156.83,0.11,0.0,-0.1316,0.53,0.837,8.45,0.364
6,1159.668,121.769,-1.3418,-0.1481,0.3519,156.35,0.09,0.0,-0.1428,0.54,0.837,8.45,0.464
6,1159.768,121.87,-1.3408,-0.1487,0.3561,156.1,0.17,0.0,-0.1255,0.544,0.837,8.45,0.564
6,1159.868,121.971,-1.3406,-0.1475,0.3606,155.22,0.2,0.0,-0.1104,0.543,0.837,8.45,0.664
6,1159.968,122.074,-1.3379,-0.1456,0.3621,154.17,0.33,0.0,-0.0704,0.543,0.837,8.45,0.764
6,1160.068,122.175,-1.3354,-0.1435,0.3554,153.79,0.32,0.0,-0.0704,0.557,0.837,8.45,0.864
6,1160.172,122.279,-1.3353,-0.1426,0.3542,153.53,0.37,0.0,-0.1163,0.565,0.837,8.45,0.968
6,1160.268,122.402,-1.3378,-0.1427,0.3556,153.06,0.28,0.0,-0.083,0.572,0.837,8.45,0.08
6,1160.368,122.504,-1.3394,-0.1435,0.3571,152.32,0.28,0.0015,-0.0881,0.578,0.837,8.45,0.18
6,1160.468,122.604,-1.3409,-0.1444,0.3562,151.88,0.09,0.0049,-0.1288,0.581,0.837,8.45,0.28
6,1160.568,122.708,-1.342,-0.1466,0.3557,151.4,0.12,0.0016,-0.1276,0.585,0.837,8.45,0.38
6,1160.668,122.813,-1.3423,-0.1499,0.3544,150.75,0.2,0.0005,-0.1282,0.587,0.837,8.45,0.48
6,1160.768,122.913,-1.3426,-0.1515,0.3538,150.03,0.23,0.0,-0.1163,0.59,0.837,8.45,0.58
6,1160.868,123.015,-1.3426,-0.1512,0.3537,149.17,0.09,0.0,-0.1153,0.597,0.837,8.45,0.68
6,1160.968,123.123,-1.3429,-0.1502,0.3516,148.75,0.12,0.0,-0.117,0.597,0.837,8.45,0.78
6,1161.068,123.223,-1.3421,-0.15,0.3518,148.43,0.1,0.0,-0.1545,0.607,0.837,8.45,0.88
6,1161.168,123.323,-1.3421,-0.149,0.3514,147.43,0.09,0.0002,-0.1364,0.607,0.837,8.45,0.98
6,1161.271,123.427,-1.3404,-0.1477,0.3533,146.48,0.18,0.0,-0.131,0.621,0.837,8.45,0.098
6,1161.368,123.524,-1.3391,-0.1458,0.3494,145.79,0.19,0.0,-0.1582,0.624,0.837,8.45,0.195
6,1161.468,123.625,-1.339,-0.1449,0.35,145.81,0.25,0.0,-0.1526,0.62,0.837,8.45,0.295
6,1161.568,123.725,-1.341,-0.1445,0.3501,145.16,0.17,0.0002,-0.1694,0.619,0.837,8.45,0.395
6,1161.668,123.825,-1.3421,-0.1447,0.3521,143.91,0.22,0.0005,-0.0894,0.615,0.837,8.45,0.495
6,1161.768,123.925,-1.3426,-0.1453,0.3521,142.38,0.12,0.0017,-0.0671,0.615,0.837,8.45,0.595
6,1161.868,124.025,-1.3434,-0.146,0.35,141.99,0.09,0.0003,-0.1456,0.609,0.837,8.45,0.695
6,1161.968,124.138,-1.3436,-0.1478,0.3503,142.11,0.13,0.0,-0.1211,0.605,0.837,8.45,0.795
6,1162.068,124.245,-1.3442,-0.1493,0.3456,141.31,0.12,0.0,-0.0811,0.606,0.837,8.45,0.895
6,1162.168,124.345,-1.344,-0.1511,0.348,140.14,0.14,0.0,-0.0811,0.604,0.837,8.45,0.995
6,1162.268,124.448,-1.3443,-0.1518,0.3491,139.61,0.11,0.0,-0.1611,0.601,0.837,8.45,0.078
6,1162.368,124.549,-1.344,-0.1541,0.3508,139.59,0.25,0.0,-0.1492,0.601,0.837,8.45,0.178
6,1162.469,124.652,-1.3448,-0.1558,0.3494,139.01,0.19,0.0,-0.0692,0.601,0.837,8.45,0.279
6,1162.568,124.751,-1.3444,-0.1552,0.3523,137.39,0.14,0.0,-0.0569,0.603,0.837,8.45,0.378
6,1162.668,124.849,-1.3438,-0.1529,0.3516,137.12,0.11,0.0,-0.1369,0.6,0.837,8.45,0.478
6,1162.768,124.952,-1.3436,-0.1509,0.352,137.02,0.25,0.0003,-0.1328,0.592,0.837,8.45,0.578
6,1162.868,125.051,-1.3436,-0.1492,0.3526,136.66,0.22,0.0008,-0.0715,0.589,0.837,8.45,0.678
6,1162.968,125.151,-1.3432,-0.1482,0.3534,135.77,0.26,0.0006,-0.0737,0.585,0.837,8.45,0.778
6,1163.068,125.253,-1.341,-0.1492,0.354,135.17,0.26,0.0012,-0.1137,0.583,0.837,8.45,0.878
6,1163.168,125.353,-1.34,-0.1502,0.3516,135.05,0.19,0.0002,-0.1137,0.583,0.837,8.45,0.978
6,1163.27,125.455,-1.3404,-0.1529,0.352,134.54,0.04,0.0,-0.0756,0.583,0.837,8.45,0.05
6,1163.368,125.556,-1.3422,-0.1548,0.3521,133.76,0.04,0.0,-0.0686,0.583,0.837,8.45,0.148
6,1163.468,125.66,-1.3431,-0.1555,0.3541,133.02,0.17,0.0001,-0.0699,0.581,0.837,8.45,0.248
6,1163.568,125.76,-1.3445,-0.1547,0.3515,132.92,0.1,0.0,-0.1071,0.579,0.837,8.45,0.348
6,1163.668,125.86,-1.3455,-0.1546,0.3518,132.72,0.16,0.001,-0.0667,0.579,0.837,8.45,0.448
6,1163.768,125.96,-1.346,-0.1551,0.3521,132.42,0.11,0.0009,-0.0461,0.579,0.837,8.45,0.548
6,1163.868,126.059,-1.3457,-0.1548,0.3527,131.68,0.12,0.0002,-0.068,0.578,0.837,8.45,0.648
6,1163.968,126.163,-1.344,-0.1546,0.3532,131.29,0.15,0.0005,-0.108,0.576,0.837,8.45,0.748
6,1164.068,126.283,-1.3433,-0.154,0.3515,131.01,0.19,0.0,-0.15,0.573,0.837,8.45,0.848
6,1164.168,126.384,-1.343,-0.1549,0.3557,130.86,0.14,0.0001,-0.1323,0.572,0.837,8.45,0.948
6,1164.268,126.487,-1.3421,-0.154,0.3582,129.85,0.27,0.0,-0.107,0.571,0.837,8.45,0.049
6,1164.368,126.587,-1.3393,-0.1541,0.3592,128.93,0.37,0.0,-0.1456,0.571,0.837,8.45,0.149
6,1164.468,126.687,-1.3377,-0.1537,0.355,128.32,0.29,0.0004,-0.1439,0.567,0.837,8.45,0.249
6,1164.568,126.787,-1.3385,-0.154,0.3549,127.65,0.19,0.0004,-0.1439,0.564,0.837,8.45,0.349
6,1164.668,126.887,-1.3408,-0.1541,0.3554,126.83,0.18,0.0001,-0.1064,0.563,0.837,8.45,0.449
6,1164.768,126.987,-1.3422,-0.1548,0.3568,125.88,0.24,0.0,-0.1326,0.558,0.837,8.45,0.549
6,1164.868,127.089,-1.3436,-0.1557,0.3555,125.45,0.09,0.0021,-0.1847,0.557,0.837,8.45,0.649
6,1164.968,127.188,-1.3455,-0.1564,0.3541,124.98,0.17,0.0004,-0.153,0.556,0.837,8.45,0.749
6,1165.068,127.293,-1.3463,-0.1577,0.3538,124.05,0.1,0.0002,-0.1196,0.555,0.837,8.45,0.849
6,1165.168,127.394,-1.3461,-0.1578,0.3533,123.09,0.11,0.0,-0.1222,0.553,0.837,8.45,0.949
6,1165.268,127.494,-1.3442,-0.1586,0.354,122.34,0.17,0.0,-0.1427,0.553,0.837,8.45,1.049
6,1165.368,127.599,-1.3432,-0.1579,0.3522,121.79,0.01,0.0,-0.1557,0.551,0.934,6.2,0.097
6,1165.468,127.697,-1.3442,-0.1556,0.3527,121.1,0.09,0.0006,-0.1379,0.55,0.934,6.2,0.197
6,1165.568,127.796,-1.3441,-0.1533,0.3534,120.25,0.16,0.0071,-0.1285,0.546,0.934,6.2,0.297
6,1165.668,127.896,-1.3426,-0.1535,0.3552,119.38,0.23,0.0059,-0.1417,0.539,0.934,6.2,0.397
6,1165.768,127.998,-1.3406,-0.1549,0.3526,118.77,0.2,0.0068,-0.1627,0.538,0.934,6.2,0.497
6,1165.868,128.099,-1.3413,-0.1533,0.3513,118.16,0.13,0.0011,-0.1571,0.537,0.934,6.2,0.597
6,1165.968,128.199,-1.3427,-0.1511,0.3526,117.47,0.18,0.0001,-0.1356,0.533,0.934,6.2,0.697
6,1166.068,128.31,-1.3427,-0.1504,0.3538,116.43,0.22,0.0057,-0.1192,0.533,0.934,6.2,0.797
6,1166.168,128.413,-1.3423,-0.1531,0.3541,115.69,0.18,0.0094,-0.1376,0.529,0.934,6.2,0.897
6,1166.27,128.516,-1.3435,-0.1534,0.3494,115.16,0.16,0.0024,-0.162,0.528,0.934,6.2,0.999
6,1166.368,128.621,-1.3455,-0.1516,0.3504,114.44,0.04,0.0009,-0.1247,0.529,0.837,8.45,0.088
6,1166.468,128.733,-1.3464,-0.1505,0.3507,113.59,0.11,0.0126,-0.1068,0.524,0.837,8.45,0.188
6,1166.568,128.834,-1.3464,-0.1519,0.3526,112.86,0.15,0.0127,-0.1372,0.522,0.837,8.45,0.288
6,1166.668,128.935,-1.347,-0.1528,0.3525,112.33,0.02,0.0015,-0.1432,0.522,0.837,8.45,0.388
6,1166.768,129.036,-1.3487,-0.1519,0.3533,111.74,0.23,0.0001,-0.1198,0.521,0.837,8.45,0.488
6,1166.868,129.137,-1.3491,-0.1517,0.3528,110.98,0.01,0.0035,-0.1291,0.52,0.837,8.45,0.588
6,1166.968,129.237,-1.348,-0.153,0.3541,110.14,0.11,0.0046,-0.1494,0.518,0.837,8.45,0.688
6,1167.068,129.337,-1.3457,-0.1548,0.3531,109.4,0.17,0.0018,-0.1676,0.518,0.837,8.45,0.788
6,1167.168,129.443,-1.3454,-0.1539,0.3518,108.89,0.12,0.0001,-0.1565,0.519,0.837,8.45,0.888
6,1167.268,129.544,-1.346,-0.1523,0.3529,108.15,0.12,0.0063,-0.126,0.519,0.837,8.45,0.988
6,1167.368,129.644,-1.3455,-0.151,0.3539,107.12,0.2,0.0063,-0.126,0.513,0.934,6.2,0.063
6,1167.468,129.747,-1.3447,-0.1526,0.3549,106.39,0.25,0.0085,-0.1437,0.512,0.934,6.2,0.163
6,1167.568,129.847,-1.3449,-0.1533,0.3502,105.82,0.14,0.004,-0.157,0.512,0.934,6.2,0.263
6,1167.668,129.947,-1.3463,-0.1526,0.3508,105.22,0.05,0.0028,-0.1404,0.511,0.934,6.2,0.363
6,1167.768,130.047,-1.3475,-0.1517,0.3514,104.31,0.12,0.0059,-0.1274,0.51,0.934,6.2,0.463
6,1167.868,130.147,-1.348,-0.1524,0.3535,103.39,0.17,0.0074,-0.1833,0.51,0.934,6.2,0.563
6,1167.968,130.253,-1.3482,-0.1532,0.3523,102.53,0.08,0.0058,-0.1672,0.508,0.934,6.2,0.663
6,1168.068,130.355,-1.3497,-0.1539,0.3519,101.85,0.08,0.0049,-0.1719,0.508,0.934,6.2,0.763
6,1168.168,130.46,-1.3517,-0.1553,0.3526,101.05,0.07,0.0027,-0.1417,0.508,0.934,6.2,0.863
6,1168.268,130.56,-1.3517,-0.155,0.3537,99.97,0.13,0.0029,-0.1462,0.508,0.934,6.2,0.963
6,1168.368,130.66,-1.3506,-0.155,0.3545,99.17,0.18,0.0059,-0.1674,0.507,0.934,6.2,0.052
6,1168.468,130.762,-1.3501,-0.1539,0.3528,98.48,0.13,0.0035,-0.1623,0.507,0.934,6.2,0.152
6,1168.568,130.862,-1.3504,-0.1536,0.353,97.67,0.08,0.0035,-0.1623,0.506,0.934,6.2,0.252
6,1168.668,130.969,-1.3505,-0.1525,0.3536,96.76,0.17,0.0087,-0.1485,0.505,0.934,6.2,0.352
6,1168.768,131.075,-1.3497,-0.1528,0.3554,95.79,0.22,0.0106,-0.1654,0.502,0.934,6.2,0.452
6,1168.868,131.175,-1.3493,-0.1521,0.3532,95.15,0.13,0.0104,-0.1776,0.502,0.934,6.2,0.552
6,1168.968,131.275,-1.3503,-0.1514,0.3535,94.51,0.11,0.0077,-0.1515,0.501,0.934,6.2,0.652
6,1169.068,131.375,-1.3519,-0.1503,0.353,93.66,0.08,0.0115,-0.1368,0.5,0.934,6.2,0.752
6,1169.168,131.475,-1.3522,-0.1491,0.3543,92.75,0.19,0.0123,-0.1452,0.498,0.934,6.2,0.852
6,1169.268,131.575,-1.3523,-0.1485,0.354,92.02,0.13,0.0165,-0.1621,0.498,0.934,6.2,0.952
6,1169.369,131.676,-1.3534,-0.147,0.3523,91.42,0.1,0.0158,-0.1497,0.496,0.934,6.2,0.025
6,1169.468,131.775,-1.3553,-0.1468,0.3527,90.69,0.15,0.0194,-0.1478,0.496,0.934,6.2,0.124
6,1169.568,131.875,-1.3557,-0.1449,0.3529,89.77,0.08,0.0155,-0.1442,0.495,0.934,6.2,0.224
6,1169.668,131.975,-1.3549,-0.1435,0.3549,88.83,0.18,0.0182,-0.1516,0.493,0.934,6.2,0.324
6,1169.768,132.078,-1.3541,-0.1409,0.352,88.2,0.09,0.0177,-0.1741,0.491,0.934,6.2,0.424
6,1169.868,132.182,-1.3541,-0.1388,0.3526,87.52,0.13,0.0207,-0.1433,0.489,0.934,6.2,0.524
6,1169.968,132.282,-1.3544,-0.1361,0.3523,86.68,0.1,0.0207,-0.1433,0.487,0.934,6.2,0.624
6,1170.068,132.382,-1.3539,-0.1339,0.3543,85.71,0.21,0.0214,-0.1465,0.487,0.934,6.2,0.724
6,1170.168,132.482,-1.3534,-0.1324,0.3537,84.97,0.11,0.0266,-0.1642,0.484,0.934,6.2,0.824
6,1170.268,132.583,-1.3541,-0.13,0.3522,84.33,0.11,0.0214,-0.1578,0.483,0.934,6.2,0.924
6,1170.368,132.683,-1.3558,-0.1284,0.3527,83.56,0.11,0.0248,-0.1316,0.481,0.934,6.2,1.024
6,1170.468,132.783,-1.356,-0.1256,0.3528,82.54,0.14,0.0196,-0.1336,0.478,0.934,6.2,0.094
6,1170.568,132.883,-1.3557,-0.1239,0.3548,81.7,0.2,0.0242,-0.1559,0.477,0.934,6.2,0.194
6,1170.668,132.983,-1.3554,-0.1211,0.3527,81.07,0.11,0.0242,-0.1679,0.475,0.934,6.2,0.294
6,1170.768,133.083,-1.3559,-0.1196,0.3534,80.38,0.14,0.027,-0.1497,0.473,0.934,6.2,0.394
6,1170.868,133.183,-1.3562,-0.1175,0.3528,79.49,0.04,0.0227,-0.1252,0.473,0.934,6.2,0.494
6,1170.968,133.283,-1.3548,-0.1155,0.3545,78.57,0.18,0.0203,-0.1369,0.473,0.934,6.2,0.594
6,1171.068,133.383,-1.353,-0.1138,0.3542,77.88,0.14,0.0231,-0.1506,0.471,0.934,6.2,0.694
6,1171.168,133.531,-1.3521,-0.1116,0.354,77.28,0.19,0.0302,-0.1296,0.469,0.934,6.2,0.794
6,1171.268,133.631,-1.3511,-0.109,0.3579,76.72,0.21,0.0302,-0.1296,0.468,0.934,6.2,0.894
6,1171.368,133.732,-1.3487,-0.1069,0.3597,75.7,0.3,0.0255,-0.1251,0.466,0.934,6.2,0.994
6,1171.468,133.833,-1.3469,-0.1056,0.3575,74.99,0.23,0.0292,-0.1737,0.466,0.934,6.2,0.094
6,1171.574,133.94,-1.3468,-0.1018,0.3544,74.24,0.24,0.0284,-0.1446,0.464,0.934,6.2,0.2
6,1171.668,134.034,-1.3478,-0.0975,0.355,73.52,0.15,0.0284,-0.1446,0.464,0.934,6.2,0.294
6,1171.771,134.138,-1.3473,-0.0927,0.3555,72.53,0.21,0.0328,-0.1385,0.458,0.934,6.2,0.397
6,1171.868,134.234,-1.3477,-0.0891,0.3569,71.72,0.26,0.0381,-0.1361,0.455,0.934,6.2,0.494
6,1171.968,134.334,-1.3481,-0.0841,0.3535,71.14,0.15,0.0387,-0.1606,0.455,0.934,6.2,0.594
6,1172.073,134.439,-1.3498,-0.0807,0.354,70.47,0.24,0.0375,-0.1506,0.449,0.934,6.2,0.699
6,1172.168,134.536,-1.3506,-0.0772,0.3537,69.64,0.12,0.0397,-0.1336,0.449,0.934,6.2,0.794
6,1172.268,134.637,-1.3481,-0.0736,0.3554,68.72,0.21,0.0332,-0.1364,0.448,0.934,6.2,0.894
6,1172.368,134.737,-1.3447,-0.0698,0.3551,68.03,0.12,0.0359,-0.1565,0.448,0.934,6.2,0.994
6,1172.468,134.836,-1.3419,-0.0655,0.3542,67.46,0.21,0.0428,-0.1374,0.448,0.837,8.45,0.051
6,1172.568,134.938,-1.3395,-0.0616,0.3544,66.78,0.19,0.0428,-0.1374,0.448,0.837,8.45,0.151
6,1172.668,135.039,-1.3361,-0.0574,0.3547,65.91,0.23,0.0445,-0.1332,0.448,0.837,8.45,0.251
6,1172.77,135.142,-1.3338,-0.0549,0.3562,65.13,0.23,0.0464,-0.1467,0.448,0.837,8.45,0.353
6,1172.868,135.239,-1.3319,-0.0509,0.3541,64.57,0.14,0.0464,-0.1467,0.448,0.837,8.45,0.451
6,1172.968,135.339,-1.3317,-0.0465,0.3548,64.01,0.12,0.0414,-0.1317,0.448,0.837,8.45,0.551
6,1173.069,135.442,-1.3309,-0.0409,0.3541,63.2,0.1,0.0414,-0.1317,0.449,0.837,8.45,0.652
6,1173.168,135.54,-1.3295,-0.0364,0.3557,62.36,0.28,0.0476,-0.1541,0.449,0.837,8.45,0.751
6,1173.268,135.641,-1.3278,-0.0316,0.3554,61.71,0.16,0.0476,-0.1541,0.448,0.837,8.45,0.851
6,1173.368,135.74,-1.3271,-0.0273,0.3548,61.14,0.22,0.0473,-0.1644,0.448,0.837,8.45,0.951
6,1173.468,135.84,-1.3274,-0.0238,0.3545,60.32,0.25,0.0477,-0.1268,0.448,0.824,-0.31,0.003
6,1173.568,135.94,-1.3242,-0.0199,0.3541,59.46,0.14,0.0434,-0.0981,0.448,0.824,-0.31,0.103
6,1173.668,136.04,-1.32,-0.0167,0.3557,58.74,0.15,0.0382,-0.1374,0.448,0.824,-0.31,0.203
6,1173.768,136.141,-1.3149,-0.0122,0.3526,58.21,0.17,0.0469,-0.1284,0.448,0.824,-0.31,0.303
6,1173.868,136.241,-1.3108,-0.0083,0.3538,57.78,0.27,0.0545,-0.1108,0.448,0.824,-0.31,0.403
6,1173.968,136.341,-1.3065,-0.003,0.3537,57.03,0.25,0.0545,-0.1108,0.449,0.824,-0.31,0.503
6,1174.068,136.457,-1.3034,0.0005,0.356,56.32,0.27,0.0586,-0.1245,0.448,0.824,-0.31,0.603
6,1174.168,136.557,-1.3007,0.0046,0.3524,55.85,0.11,0.054,-0.1446,0.448,0.824,-0.31,0.703
6,1174.268,136.659,-1.2992,0.0102,0.3521,55.39,0.16,0.05,-0.1152,0.448,0.824,-0.31,0.803
6,1174.368,136.762,-1.2981,0.0167,0.3531,54.78,0.17,0.0501,-0.1003,0.449,0.824,-0.31,0.903
6,1174.468,136.865,-1.2952,0.0229,0.3546,53.96,0.29,0.0512,-0.1141,0.448,0.824,-0.31,1.003
6,1174.568,136.966,-1.2924,0.0292,0.355,53.36,0.23,0.0574,-0.1357,0.448,0.824,-0.31,0.084
6,1174.668,137.066,-1.2898,0.0354,0.353,52.86,0.26,0.0596,-0.1241,0.449,0.824,-0.31,0.184
6,1174.768,137.184,-1.2887,0.0397,0.3532,52.22,0.33,0.0615,-0.11,0.448,0.824,-0.31,0.284
6,1174.868,137.284,-1.2856,0.0449,0.3442,51.46,0.33,0.0508,-0.1047,0.449,0.824,-0.31,0.384
6,1174.968,137.384,-1.2827,0.0502,0.3465,50.84,0.48,0.0527,-0.1201,0.448,0.824,-0.31,0.484
6,1175.068,137.49,-1.2785,0.0554,0.3467,50.48,0.37,0.0509,-0.1116,0.448,0.824,-0.31,0.584
6,1175.168,137.591,-1.2762,0.0568,0.3492,49.98,0.34,0.0523,-0.0935,0.448,0.824,-0.31,0.684
6,1175.268,137.691,-1.2728,0.059,0.3475,49.32,0.15,0.0523,-0.0935,0.449,0.824,-0.31,0.784
6,1175.368,137.792,-1.2669,0.0598,0.3503,48.57,0.15,0.0427,-0.1014,0.449,0.824,-0.31,0.884
6,1175.468,137.899,-1.2598,0.0602,0.3485,48.13,0.19,0.0417,-0.1183,0.448,0.824,-0.31,0.984
6,1175.568,138.0,-1.2533,0.0627,0.3487,47.66,0.46,0.0421,-0.1093,0.45,0.833,-9.66,0.075
6,1175.668,138.1,-1.2464,0.0669,0.3505,47.24,0.44,0.0498,-0.0985,0.448,0.833,-9.66,0.175
6,1175.768,138.2,-1.2419,0.0707,0.3522,46.51,0.42,0.0548,-0.0504,0.448,0.833,-9.66,0.275
6,1175.868,138.3,-1.2409,0.0733,0.3539,45.96,0.27,0.0635,-0.1304,0.448,0.833,-9.66,0.375
6,1175.968,138.403,-1.2401,0.0784,0.3515,46.0,0.09,0.0533,-0.1518,0.448,0.833,-9.66,0.475
6,1176.068,138.503,-1.2418,0.0846,0.3529,45.35,0.47,0.0458,-0.1484,0.448,0.833,-9.66,0.575
6,1176.168,138.608,-1.2411,0.0917,0.353,44.25,0.33,0.0426,-0.0806,0.449,0.833,-9.66,0.675
6,1176.268,138.708,-1.2378,0.0983,0.3555,43.6,0.56,0.0394,-0.0743,0.449,0.833,-9.66,0.775
6,1176.368,138.808,-1.2328,0.1056,0.354,43.16,0.46,0.0492,-0.143,0.449,0.833,-9.66,0.875
6,1176.468,138.911,-1.2298,0.1085,0.3546,42.82,0.39,0.0593,-0.1447,0.448,0.833,-9.66,0.975
6,1176.568,139.011,-1.2271,0.1101,0.3538,42.26,0.24,0.0634,-0.0873,0.448,0.734,-11.31,0.057
6,1176.668,139.111,-1.2207,0.1106,0.3542,41.22,0.15,0.049,-0.1062,0.451,0.734,-11.31,0.157
6,1176.768,139.211,-1.2132,0.1094,0.3552,40.6,0.37,0.0495,-0.1137,0.449,0.734,-11.31,0.257
6,1176.868,139.312,-1.2049,0.1112,0.3536,40.46,0.51,0.0507,-0.1323,0.449,0.734,-11.31,0.357
6,1176.968,139.411,-1.1965,0.1153,0.3546,39.84,0.54,0.0507,-0.1323,0.449,0.734,-11.31,0.457
6,1177.069,139.526,-1.1887,0.1206,0.3548,39.0,0.49,0.0775,-0.1026,0.448,0.734,-11.31,0.558
6,1177.168,139.621,-1.1863,0.1248,0.3566,38.38,0.34,0.0775,-0.1097,0.448,0.734,-11.31,0.657
6,1177.268,139.721,-1.1838,0.13,0.3556,37.82,0.08,0.0724,-0.1572,0.449,0.734,-11.31,0.757
6,1177.368,139.821,-1.1833,0.1368,0.3557,37.23,0.37,0.0608,-0.1353,0.448,0.734,-11.31,0.857
6,1177.468,139.921,-1.1828,0.144,0.3551,36.71,0.4,0.059,-0.1288,0.45,0.734,-11.31,0.957
6,1177.568,140.021,-1.1773,0.1496,0.3559,35.73,0.41,0.0517,-0.1112,0.451,0.734,-11.31,0.039
6,1177.668,140.12,-1.1694,0.1555,0.3556,35.03,0.31,0.0593,-0.1539,0.451,0.734,-11.31,0.139
6,1177.768,140.221,-1.1616,0.1605,0.3535,34.44,0.29,0.0653,-0.1544,0.449,0.734,-11.31,0.239
6,1177.868,140.324,-1.1552,0.1626,0.3536,33.77,0.19,0.0835,-0.1339,0.978,0.734,-11.31,0.339
6,1177.968,140.425,-1.1466,0.1645,0.3522,32.91,0.2,0.0749,-0.1299,0.974,0.734,-11.31,0.439
6,1178.068,140.525,-1.1391,0.1645,0.3546,31.99,0.32,0.0716,-0.1305,0.963,0.734,-11.31,0.539
6,1178.168,140.627,-1.1306,0.1659,0.3523,31.59,0.32,0.0707,-0.1389,0.955,0.734,-11.31,0.639
6,1178.268,140.728,-1.1224,0.1701,0.3534,31.05,0.34,0.066,-0.1739,0.955,0.734,-11.31,0.739
6,1178.368,140.833,-1.113,0.1759,0.3521,30.16,0.31,0.0714,-0.1116,0.949,0.734,-11.31,0.839
6,1178.468,140.935,-1.1064,0.1811,0.3541,29.36,0.33,0.0768,-0.135,0.945,0.734,-11.31,0.939
6,1178.568,141.035,-1.1007,0.1867,0.3546,28.69,0.15,0.0881,-0.1461,0.941,0.734,-11.31,1.039
6,1178.668,141.135,-1.0961,0.1928,0.3542,28.14,0.32,0.077,-0.1145,0.941,0.643,-11.31,0.096
6,1178.768,141.236,-1.0935,0.199,0.354,27.47,0.48,0.077,-0.1145,0.94,0.643,-11.31,0.196
6,1178.868,141.336,-1.0869,0.2038,0.3528,26.63,0.37,0.0677,-0.1176,0.94,0.643,-11.31,0.296
6,1178.968,141.452,-1.078,0.2073,0.3546,25.83,0.28,0.0687,-0.1597,0.939,0.643,-11.31,0.396
6,1179.068,141.553,-1.0674,0.21,0.3455,25.37,0.26,0.075,-0.1335,0.932,0.643,-11.31,0.496
6,1179.168,141.652,-1.0582,0.2086,0.3476,24.76,0.42,0.0851,-0.1212,0.928,0.643,-11.31,0.596
6,1179.268,141.756,-1.0474,0.2071,0.3485,23.91,0.57,0.078,-0.0998,0.922,0.643,-11.31,0.696
6,1179.368,141.862,-1.0408,0.2035,0.3524,23.19,0.87,0.0825,-0.1151,0.912,0.643,-11.31,0.796
6,1179.468,141.963,-1.0344,0.2002,0.3489,22.72,0.67,0.0636,-0.1023,0.903,0.643,-11.31,0.896
6,1179.568,142.063,-1.0261,0.2027,0.3496,22.32,0.59,0.0569,-0.0895,0.903,0.643,-11.31,0.996
6,1179.67,142.167,-1.0158,0.2079,0.3507,21.84,0.42,0.0659,-0.0807,0.897,0.542,-19.8,0.089
6,1179.768,142.266,-1.0086,0.2135,0.3527,21.19,0.34,0.0813,-0.0817,0.896,0.542,-19.8,0.187
6,1179.868,142.367,-1.0028,0.22,0.3541,20.71,0.22,0.0836,-0.1099,0.896,0.542,-19.8,0.287
6,1179.968,142.467,-0.9974,0.2269,0.3534,20.36,0.45,0.0766,-0.0992,0.899,0.542,-19.8,0.387
6,1180.068,142.567,-0.9951,0.2338,0.354,19.92,0.7,0.0739,-0.0843,0.899,0.542,-19.8,0.487
6,1180.168,142.681,-0.9892,0.2385,0.3532,19.29,0.46,0.0597,-0.0838,0.901,0.542,-19.8,0.587
6,1180.268,142.782,-0.98,0.2408,0.355,18.74,0.37,0.0606,-0.1161,0.904,0.542,-19.8,0.687
6,1180.368,142.882,-0.9698,0.2421,0.3567,18.33,0.23,0.0683,-0.1159,0.9,0.542,-19.8,0.787
6,1180.468,142.985,-0.9624,0.2414,0.3575,17.88,0.24,0.0773,-0.1538,0.899,0.542,-19.8,0.887
6,1180.568,143.086,-0.9539,0.2403,0.3556,17.09,0.22,0.076,-0.1138,0.894,0.542,-19.8,0.987
6,1180.668,143.186,-0.9469,0.2375,0.3567,16.23,0.45,0.0753,-0.1193,0.887,0.542,-19.8,0.05
6,1180.768,143.287,-0.9409,0.2343,0.3559,15.62,0.54,0.071,-0.1415,0.879,0.542,-19.8,0.15
6,1180.868,143.387,-0.9329,0.2358,0.3547,15.15,0.42,0.0576,-0.1309,0.879,0.542,-19.8,0.25
6,1180.968,143.488,-0.924,0.2397,0.3551,14.51,0.28,0.0625,-0.0995,0.873,0.542,-19.8,0.35
6,1181.068,143.587,-0.9154,0.2433,0.3553,13.72,0.29,0.0692,-0.0992,0.474,0.542,-19.8,0.45
6,1181.168,143.687,-0.9094,0.2477,0.3564,13.09,0.3,0.0804,-0.1213,0.511,0.542,-19.8,0.55
6,1181.268,143.789,-0.902,0.2526,0.3534,12.67,0.32,0.0717,-0.1238,0.511,0.542,-19.8,0.65
6,1181.368,143.89,-0.8979,0.2577,0.3539,12.13,0.54,0.0742,-0.0985,0.493,0.542,-19.8,0.75
6,1181.468,143.99,-0.8924,0.2618,0.3528,11.5,0.35,0.0571,-0.1116,0.47,0.542,-19.8,0.85
6,1181.568,144.109,-0.8845,0.2625,0.3547,10.77,0.27,0.0622,-0.1202,0.453,0.542,-19.8,0.95
6,1181.668,144.209,-0.8741,0.2624,0.3508,10.3,0.21,0.0622,-0.1202,0.47,0.57,-34.99,0.033
6,1181.768,144.313,-0.8656,0.2613,0.3507,9.88,0.27,0.0795,-0.0936,0.448,0.57,-34.99,0.133
6,1181.868,144.413,-0.8564,0.26,0.3512,9.31,0.23,0.0795,-0.0936,0.452,0.57,-34.99,0.233
6,1181.968,144.513,-0.8484,0.2579,0.3529,8.6,0.4,0.0752,-0.0888,0.448,0.57,-34.99,0.333
6,1182.068,144.615,-0.8429,0.2554,0.354,8.07,0.54,0.0802,-0.1016,0.448,0.57,-34.99,0.433
6,1182.168,144.715,-0.8349,0.2565,0.3526,7.78,0.35,0.0691,-0.1072,0.452,0.57,-34.99,0.533
6,1182.268,144.815,-0.8263,0.2604,0.3537,7.33,0.1,0.0626,-0.0936,0.455,0.57,-34.99,0.633
6,1182.368,144.923,-0.8169,0.2639,0.3541,6.76,0.22,0.0659,-0.0673,0.532,0.57,-34.99,0.733
6,1182.468,145.023,-0.8094,0.2677,0.3559,6.2,0.39,0.0729,-0.0843,0.582,0.57,-34.99,0.833
6,1182.568,145.123,-0.8008,0.2708,0.3554,5.9,0.33,0.0743,-0.092,0.636,0.57,-34.99,0.933
6,1182.668,145.223,-0.7957,0.2736,0.3561,5.56,0.45,0.074,-0.0924,0.664,0.478,-43.03,0.006
6,1182.768,145.323,-0.7906,0.276,0.3546,5.07,0.37,0.0758,-0.0646,0.711,0.478,-43.03,0.106
6,1182.868,145.423,-0.7834,0.2749,0.3548,4.57,0.19,0.059,-0.0646,0.711,0.478,-43.03,0.206
6,1182.968,145.523,-0.7758,0.2724,0.3552,4.1,0.12,0.0589,-0.0888,0.806,0.478,-43.03,0.306
6,1183.068,145.623,-0.7677,0.2714,0.3544,3.91,0.23,0.0573,-0.0774,0.806,0.478,-43.03,0.406
6,1183.168,145.723,-0.7606,0.2706,0.3548,3.53,0.21,0.0607,-0.0981,0.838,0.478,-43.03,0.506
6,1183.268,145.828,-0.7533,0.2693,0.3545,3.0,0.26,0.0626,-0.0581,0.838,0.478,-43.03,0.606
6,1183.368,145.928,-0.749,0.2677,0.3557,2.58,0.33,0.0628,-0.0861,0.83,0.478,-43.03,0.706
6,1183.468,146.028,-0.7437,0.2673,0.3543,2.31,0.2,0.0616,-0.0965,0.827,0.478,-43.03,0.806
6,1183.568,146.128,-0.7383,0.27,0.3549,1.98,0.11,0.0501,-0.0789,0.827,0.478,-43.03,0.906
6,1183.668,146.228,-0.7315,0.2736,0.354,1.52,0.17,0.0517,-0.0597,0.826,0.478,-43.03,1.006
6,1183.77,146.334,-0.7243,0.2753,0.3549,0.98,0.33,0.0491,-0.0564,0.826,0.396,-54.46,0.09
6,1183.868,146.437,-0.7158,0.2764,0.3529,0.67,0.25,0.0567,-0.0766,0.826,0.396,-54.46,0.188
6,1183.968,146.538,-0.7092,0.2772,0.3513,0.48,0.31,0.0712,-0.0333,0.824,0.396,-54.46,0.288
6,1184.068,146.638,-0.7048,0.2773,0.3523,0.16,0.26,0.0712,-0.0296,0.823,0.396,-54.46,0.388
6,1184.168,146.741,-0.6989,0.2747,0.3525,-0.23,0.13,0.0612,-0.0494,0.823,0.396,-54.46,0.488
6,1184.27,146.845,-0.6945,0.2705,0.354,-0.53,0.44,0.0551,-0.0581,0.817,0.396,-54.46,0.59
6,1184.368,146.944,-0.6878,0.2673,0.3517,-0.63,0.36,0.0551,-0.0581,0.817,0.396,-54.46,0.688
6,1184.468,147.044,-0.6801,0.2668,0.3533,-0.77,0.29,0.0487,-0.0375,0.809,0.396,-54.46,0.788
6,1184.568,147.146,-0.6706,0.2674,0.3513,-1.04,0.21,0.0577,-0.0272,0.807,0.396,-54.46,0.888
6,1184.668,147.246,-0.6638,0.2687,0.353,-1.32,0.29,0.07,-0.0485,0.806,0.396,-54.46,0.988
6,1184.768,147.346,-0.6565,0.2701,0.3521,-1.4,0.2,0.07,-0.0485,0.806,0.396,-54.46,0.082
6,1184.868,147.448,-0.651,0.2722,0.3525,-1.51,0.4,0.0651,-0.0552,0.805,0.396,-54.46,0.182
6,1184.968,147.549,-0.6468,0.2751,0.3518,-1.82,0.49,0.0529,-0.0342,0.806,0.396,-54.46,0.282
6,1185.068,147.655,-0.6402,0.2752,0.3507,-2.16,0.37,0.0466,-0.046,0.807,0.396,-54.46,0.382
6,1185.168,147.766,-0.6325,0.2735,0.351,-2.38,0.19,0.0488,-0.035,0.804,0.396,-54.46,0.482
6,1185.268,147.865,-0.625,0.271,0.3474,-2.47,0.18,0.0488,-0.035,0.802,0.396,-54.46,0.582
6,1185.368,147.965,-0.62,0.2674,0.3492,-2.58,0.2,0.0568,-0.0141,0.802,0.396,-54.46,0.682
6,1185.468,148.069,-0.6145,0.2633,0.3495,-2.86,0.39,0.0506,-0.0117,0.8,0.396,-54.46,0.782
6,1185.57,148.173,-0.6128,0.259,0.3517,-3.1,0.59,0.051,-0.0397,0.796,0.396,-54.46,0.884
6,1185.668,148.285,-0.6101,0.2555,0.3488,-3.12,0.47,0.0377,-0.0258,0.79,0.396,-54.46,0.982
6,1185.768,148.386,-0.605,0.2565,0.3507,-3.11,0.23,0.0327,-0.0126,0.785,0.228,-60.95,0.092
6,1185.868,148.486,-0.5981,0.2592,0.3517,-3.34,0.09,0.0346,0.0063,0.784,0.228,-60.95,0.192
6,1185.968,148.585,-0.5927,0.262,0.3535,-3.58,0.36,0.0346,0.0063,0.784,0.228,-60.95,0.292
6,1186.068,148.685,-0.586,0.2646,0.3526,-3.39,0.44,0.0431,-0.0067,0.786,0.228,-60.95,0.392
6,1186.168,148.786,-0.5817,0.2671,0.3523,-3.2,0.53,0.0467,0.0161,0.786,0.228,-60.95,0.492
6,1186.268,148.887,-0.5803,0.27,0.3525,-3.1,0.62,0.0393,0.0173,0.788,0.228,-60.95,0.592
6,1186.369,148.988,-0.5768,0.2702,0.351,-3.2,0.4,0.0284,0.0193,0.794,0.228,-60.95,0.693
6,1186.468,149.087,-0.5729,0.2682,0.3522,-3.24,0.16,0.0311,0.0018,0.794,0.228,-60.95,0.792
6,1186.568,149.188,-0.5681,0.2653,0.3509,-3.05,0.08,0.0305,-0.0066,0.792,0.228,-60.95,0.892
6,1186.668,149.288,-0.5655,0.263,0.3524,-2.92,0.15,0.0371,0.0217,0.791,0.228,-60.95,0.992
7,1186.771,149.391,-0.5617,0.261,0.3508,-3.04,0.16,0.0,0.0,0.79,0.512,-145.98,0.055
7,1186.868,149.488,-0.5605,0.2591,0.3516,-3.22,0.21,0.0108,-0.0303,0.79,0.512,-145.98,0.152
7,1186.969,149.59,-0.5625,0.258,0.3504,-3.27,0.18,0.0108,-0.0303,0.787,0.512,-145.98,0.253
7,1187.068,149.7,-0.5658,0.2589,0.3495,-3.23,0.05,0.001,-0.0506,0.784,0.512,-145.98,0.352
7,1187.168,149.8,-0.5695,0.2627,0.3503,-3.33,0.29,0.0,-0.0414,0.785,0.512,-145.98,0.452
7,1187.268,149.9,-0.571,0.2643,0.3504,-3.9,0.13,0.0,-0.0037,0.786,0.512,-145.98,0.552
7,1187.368,150.0,-0.5712,0.2633,0.3509,-4.15,0.04,0.0,-0.0037,0.785,0.512,-145.98,0.652
7,1187.468,150.1,-0.5699,0.2617,0.3491,-3.9,0.02,0.0,-0.0773,0.783,0.512,-145.98,0.752
7,1187.568,150.2,-0.5693,0.2615,0.3505,-3.97,0.1,0.0014,-0.0282,0.783,0.512,-145.98,0.852
7,1187.668,150.3,-0.5678,0.2617,0.3497,-4.6,0.04,0.0014,-0.0199,0.783,0.512,-145.98,0.952
7,1187.768,150.401,-0.5673,0.2611,0.3513,-4.95,0.11,0.0042,-0.0999,0.782,0.512,-145.98,0.012
7,1187.868,150.502,-0.5663,0.2596,0.3489,-4.99,0.05,0.0014,-0.131,0.775,0.512,-145.98,0.112
7,1187.97,150.605,-0.5667,0.2587,0.3485,-5.37,0.05,0.0028,-0.091,0.773,0.512,-145.98,0.214
7,1188.068,150.704,-0.5671,0.259,0.3485,-5.97,0.08,0.0028,-0.0453,0.77,0.512,-145.98,0.312
7,1188.168,150.804,-0.5671,0.2584,0.349,-6.57,0.06,0.0002,-0.0561,0.77,0.512,-145.98,0.412
7,1188.268,150.904,-0.5681,0.2568,0.3502,-6.86,0.17,0.0,-0.1268,0.766,0.512,-145.98,0.512
7,1188.368,151.008,-0.568,0.255,0.348,-7.08,0.18,0.0,-0.1085,0.763,0.512,-145.98,0.612
7,1188.468,151.108,-0.568,0.2549,0.3491,-7.56,0.02,0.0,-0.1035,0.757,0.512,-145.98,0.712
7,1188.568,151.212,-0.567,0.2549,0.3496,-8.27,0.1,0.0,-0.1035,0.754,0.512,-145.98,0.812
7,1188.668,151.312,-0.5676,0.2548,0.3519,-9.01,0.12,0.0008,-0.1704,0.75,0.512,-145.98,0.912
7,1188.768,151.412,-0.5676,0.2538,0.3505,-9.64,0.06,0.0008,-0.182,0.75,0.512,-145.98,1.012
7,1188.868,151.521,-0.5679,0.2542,0.3508,-10.32,0.06,0.0001,-0.1443,0.745,0.439,-156.97,0.087
7,1188.968,151.622,-0.5678,0.2553,0.352,-11.24,0.03,0.0001,-0.1443,0.741,0.439,-156.97,0.187
7,1189.068,151.721,-0.5678,0.2548,0.3535,-12.22,0.1,0.0002,-0.1003,0.732,0.439,-156.97,0.287
7,1189.168,151.822,-0.5684,0.2535,0.3532,-12.87,0.11,0.0,-0.1403,0.726,0.439,-156.97,0.387
7,1189.269,151.928,-0.568,0.2528,0.3508,-13.4,0.07,0.0,-0.1406,0.726,0.439,-156.97,0.488
7,1189.368,152.023,-0.5683,0.2536,0.3511,-14.06,0.04,0.0,-0.1323,0.722,0.439,-156.97,0.587
7,1189.472,152.127,-0.5677,0.2536,0.3509,-14.92,0.08,0.0,-0.1323,0.716,0.439,-156.97,0.691
7,1189.568,152.223,-0.5686,0.2534,0.3527,-15.75,0.12,0.0007,-0.1743,0.716,0.439,-156.97,0.787
7,1189.668,152.329,-0.5684,0.2523,0.3494,-16.35,0.05,0.0007,-0.1743,0.706,0.439,-156.97,0.887
7,1189.768,152.429,-0.5687,0.2525,0.3498,-17.07,0.05,0.0001,-0.1728,0.702,0.439,-156.97,0.987
7,1189.868,152.529,-0.568,0.2532,0.3496,-18.06,0.01,0.0003,-0.1451,0.702,0.439,-156.97,0.064
7,1189.968,152.636,-0.5681,0.253,0.3515,-19.08,0.12,0.0017,-0.1759,0.698,0.439,-156.97,0.164
7,1190.068,152.736,-0.5681,0.2518,0.3499,-19.88,0.08,0.0001,-0.195,0.693,0.439,-156.97,0.264
7,1190.168,152.837,-0.5678,0.2507,0.3478,-20.63,0.1,0.0003,-0.1938,0.682,0.439,-156.97,0.364
7,1190.268,152.937,-0.5679,0.2504,0.349,-21.57,0.06,0.0003,-0.1938,0.678,0.439,-156.97,0.464
7,1190.368,153.037,-0.5678,0.2492,0.3502,-22.82,0.18,0.0023,-0.192,0.672,0.439,-156.97,0.564
7,1190.47,153.141,-0.5699,0.2484,0.3524,-23.93,0.23,0.0023,-0.192,0.672,0.439,-156.97,0.666
7,1190.568,153.24,-0.5704,0.247,0.3484,-24.74,0.16,0.0026,-0.1979,0.659,0.439,-156.97,0.764
7,1190.668,153.339,-0.5702,0.2473,0.3493,-25.66,0.04,0.0002,-0.1739,0.659,0.439,-156.97,0.864
7,1190.768,153.441,-0.5686,0.2474,0.3501,-26.77,0.13,0.0,-0.177,0.65,0.439,-156.97,0.964
7,1190.868,153.541,-0.5683,0.2478,0.3527,-27.95,0.17,0.0009,-0.1941,0.644,0.439,-156.97,0.029
7,1190.968,153.641,-0.5684,0.2477,0.3525,-28.82,0.09,0.0004,-0.2,0.639,0.439,-156.97,0.129
7,1191.068,153.741,-0.5679,0.2484,0.3518,-29.6,0.03,0.0001,-0.1897,0.635,0.439,-156.97,0.229
7,1191.168,153.842,-0.5677,0.2505,0.3517,-30.56,0.1,0.0004,-0.1791,0.632,0.439,-156.97,0.329
7,1191.268,153.942,-0.5676,0.2511,0.3518,-31.78,0.09,0.0,-0.1958,0.632,0.439,-156.97,0.429
7,1191.368,154.042,-0.5684,0.2508,0.3533,-32.87,0.11,0.0004,-0.199,0.629,0.439,-156.97,0.529
7,1191.468,154.156,-0.5684,0.2489,0.3504,-33.67,0.06,0.0,-0.2,0.624,0.439,-156.97,0.629
7,1191.568,154.265,-0.5687,0.2483,0.3506,-34.6,0.03,0.0043,-0.1881,0.614,0.439,-156.97,0.729
7,1191.668,154.373,-0.5684,0.2472,0.3503,-35.74,0.12,0.001,-0.1937,0.609,0.439,-156.97,0.829
7,1191.768,154.475,-0.57,0.2466,0.3527,-36.9,0.17,0.0035,-0.1981,0.603,0.439,-156.97,0.929
7,1191.868,154.576,-0.5708,0.245,0.35,-37.78,0.12,0.0005,-0.2,0.603,0.439,-156.97,0.013
7,1191.968,154.675,-0.5706,0.2448,0.3505,-38.66,0.06,0.0002,-0.1952,0.598,0.439,-156.97,0.113
7,1192.068,154.775,-0.5693,0.2447,0.3502,-39.73,0.08,0.0022,-0.1881,0.593,0.439,-156.97,0.213
7,1192.168,154.881,-0.569,0.2448,0.3523,-40.99,0.16,0.0017,-0.1974,0.589,0.439,-156.97,0.313
7,1192.268,154.982,-0.5694,0.2444,0.3518,-41.92,0.11,0.0028,-0.1993,0.58,0.439,-156.97,0.413
7,1192.368,155.082,-0.5686,0.2441,0.3501,-42.78,0.06,0.0025,-0.2,0.576,0.439,-156.97,0.513
7,1192.468,155.185,-0.5679,0.2452,0.3506,-43.71,0.07,0.0049,-0.1804,0.573,0.439,-156.97,0.613
7,1192.568,155.286,-0.5675,0.2447,0.3512,-44.86,0.1,0.0024,-0.1909,0.57,0.439,-156.97,0.713
7,1192.668,155.386,-0.5685,0.2443,0.3531,-45.88,0.15,0.0029,-0.1537,0.57,0.439,-156.97,0.813
7,1192.768,155.49,-0.5687,0.2425,0.35,-46.68,0.1,0.0006,-0.1934,0.566,0.439,-156.97,0.913
7,1192.868,155.591,-0.5686,0.2419,0.3508,-47.43,0.06,0.0,-0.1702,0.561,0.439,-156.97,1.013
7,1192.968,155.691,-0.5679,0.241,0.3507,-48.53,0.13,0.0011,-0.1823,0.554,0.439,-156.97,0.088
7,1193.068,155.797,-0.5686,0.241,0.3529,-49.64,0.17,0.0026,-0.1872,0.549,0.439,-156.97,0.188
7,1193.168,155.901,-0.5697,0.2405,0.3502,-50.58,0.11,0.0019,-0.1995,0.546,0.439,-156.97,0.288
7,1193.268,156.005,-0.5696,0.2403,0.3491,-51.41,0.1,0.0002,-0.1977,0.542,0.439,-156.97,0.388
7,1193.368,156.106,-0.5687,0.2407,0.3492,-52.44,0.03,0.004,-0.1741,0.54,0.439,-156.97,0.488
7,1193.468,156.206,-0.5685,0.2404,0.3503,-53.63,0.14,0.0035,-0.1633,0.54,0.439,-156.97,0.588
7,1193.568,156.305,-0.5696,0.2403,0.3515,-54.55,0.21,0.0075,-0.1858,0.536,0.439,-156.97,0.688
7,1193.668,156.408,-0.5693,0.2387,0.3485,-55.21,0.11,0.0021,-0.1977,0.53,0.439,-156.97,0.788
7,1193.768,156.509,-0.5684,0.2384,0.3497,-56.02,0.03,0.0062,-0.1735,0.527,0.439,-156.97,0.888
7,1193.868,156.613,-0.567,0.2371,0.3495,-57.3,0.1,0.0055,-0.1449,0.527,0.439,-156.97,0.988
7,1193.97,156.725,-0.567,0.2369,0.3525,-58.32,0.14,0.0085,-0.1893,0.524,0.439,-156.97,0.07
7,1194.068,156.822,-0.5666,0.235,0.3467,-59.1,0.06,0.0094,-0.1973,0.519,0.439,-156.97,0.168
7,1194.168,156.938,-0.5663,0.2337,0.347,-59.99,0.1,0.0097,-0.2,0.516,0.439,-156.97,0.268
7,1194.268,157.038,-0.5653,0.2315,0.3452,-60.97,0.19,0.0097,-0.2,0.509,0.439,-156.97,0.368
7,1194.368,157.138,-0.5656,0.2305,0.3481,-62.19,0.2,0.0127,-0.1834,0.504,0.439,-156.97,0.468
7,1194.468,157.238,-0.5667,0.2285,0.3478,-63.15,0.23,0.0163,-0.1956,0.501,0.439,-156.97,0.568
7,1194.568,157.338,-0.566,0.2256,0.347,-63.88,0.17,0.0095,-0.1955,0.496,0.439,-156.97,0.668
7,1194.669,157.439,-0.5646,0.2229,0.3482,-64.82,0.09,0.0133,-0.1835,0.492,0.439,-156.97,0.769
7,1194.768,157.538,-0.5635,0.2205,0.3494,-66.06,0.16,0.0133,-0.1835,0.486,0.439,-156.97,0.868
7,1194.868,157.64,-0.5631,0.2201,0.3521,-67.16,0.16,0.0176,-0.1989,0.486,0.439,-156.97,0.968
7,1194.968,157.742,-0.5619,0.218,0.3482,-68.02,0.05,0.0128,-0.2,0.483,0.439,-156.97,0.039
7,1195.068,157.842,-0.5604,0.2175,0.3494,-68.92,0.08,0.0128,-0.2,0.477,0.439,-156.97,0.139
7,1195.168,157.943,-0.5592,0.2163,0.3495,-69.91,0.06,0.0107,-0.1888,0.475,0.439,-156.97,0.239
7,1195.268,158.045,-0.5599,0.2153,0.3521,-71.07,0.15,0.0107,-0.1888,0.471,0.439,-156.97,0.339
7,1195.368,158.145,-0.5613,0.2133,0.3505,-71.89,0.16,0.0098,-0.2,0.469,0.439,-156.97,0.439
7,1195.468,158.252,-0.5612,0.2109,0.3496,-72.68,0.14,0.0098,-0.2,0.469,0.439,-156.97,0.539
7,1195.568,158.352,-0.5601,0.2088,0.3495,-73.7,0.07,0.0159,-0.1822,0.465,0.439,-156.97,0.639
7,1195.668,158.452,-0.5595,0.2068,0.3503,-74.97,0.17,0.0172,-0.1952,0.462,0.439,-156.97,0.739
7,1195.768,158.552,-0.5596,0.2058,0.3521,-75.96,0.18,0.0187,-0.1989,0.458,0.439,-156.97,0.839
7,1195.868,158.659,-0.5588,0.203,0.3489,-76.69,0.07,0.013,-0.2,0.455,0.439,-156.97,0.939
7,1195.968,158.76,-0.5573,0.2015,0.3499,-77.63,0.08,0.019,-0.16,0.449,0.439,-156.97,0.03
7,1196.068,158.861,-0.5569,0.1991,0.351,-78.62,0.11,0.0174,-0.1731,0.448,0.439,-156.97,0.13
7,1196.168,158.962,-0.5578,0.1981,0.3536,-79.79,0.19,0.022,-0.1909,0.448,0.439,-156.97,0.23
7,1196.268,159.064,-0.5592,0.1956,0.3512,-80.63,0.15,0.018,-0.1955,0.448,0.439,-156.97,0.33
7,1196.368,159.17,-0.5587,0.193,0.3514,-81.41,0.11,0.0193,-0.1966,0.448,0.439,-156.97,0.43
7,1196.468,159.273,-0.5573,0.1899,0.3513,-82.48,0.06,0.0193,-0.1966,0.448,0.439,-156.97,0.53
7,1196.568,159.373,-0.5568,0.1874,0.3532,-83.73,0.19,0.025,-0.1998,0.448,0.439,-156.97,0.63
7,1196.668,159.473,-0.5568,0.1854,0.3535,-84.86,0.15,0.0244,-0.2,0.448,0.439,-156.97,0.73
7,1196.768,159.573,-0.5554,0.182,0.3516,-85.63,0.08,0.0244,-0.2,0.448,0.439,-156.97,0.83
7,1196.872,159.679,-0.5532,0.18,0.3518,-86.68,0.08,0.0194,-0.2,0.448,0.439,-156.97,0.934
7,1196.968,159.778,-0.5528,0.1771,0.3517,-87.75,0.08,0.0216,-0.1958,0.448,0.439,-156.97,0.008
7,1197.068,159.882,-0.5536,0.1751,0.354,-88.82,0.15,0.0216,-0.1958,0.448,0.439,-156.97,0.108
7,1197.168,159.978,-0.555,0.1714,0.3513,-89.77,0.05,0.0223,-0.2,0.448,0.439,-156.97,0.208
7,1197.271,160.083,-0.5553,0.1684,0.3519,-90.57,0.1,0.0269,-0.198,0.448,0.439,-156.97,0.311
7,1197.368,160.181,-0.5551,0.1645,0.3504,-91.59,0.09,0.0279,-0.1689,0.448,0.439,-156.97,0.408
7,1197.468,160.281,-0.5558,0.1614,0.3523,-92.68,0.21,0.0325,-0.194,0.448,0.439,-156.97,0.508
7,1197.568,160.381,-0.5572,0.1586,0.3524,-93.69,0.18,0.0324,-0.1973,0.448,0.439,-156.97,0.608
7,1197.668,160.483,-0.5571,0.1541,0.3514,-94.4,0.12,0.0286,-0.2,0.449,0.439,-156.97,0.708
7,1197.768,160.586,-0.556,0.15,0.3513,-95.43,0.06,0.0286,-0.2,0.449,0.439,-156.97,0.808
7,1197.868,160.687,-0.5557,0.1452,0.3506,-96.69,0.17,0.0323,-0.1919,0.448,0.439,-156.97,0.908
7,1197.969,160.789,-0.5559,0.1417,0.3529,-97.8,0.2,0.038,-0.1965,0.448,0.439,-156.97,1.009
7,1198.068,160.888,-0.5564,0.1362,0.3498,-98.65,0.09,0.036,-0.2,0.448,0.588,-170.07,0.068
7,1198.168,160.987,-0.5561,0.1321,0.3508,-99.57,0.14,0.0453,-0.1958,0.448,0.588,-170.07,0.168
7,1198.268,161.092,-0.5566,0.1271,0.3507,-100.67,0.03,0.039,-0.1835,0.448,0.588,-170.07,0.268
7,1198.368,161.193,-0.5591,0.1229,0.3533,-101.85,0.18,0.0404,-0.1736,0.448,0.588,-170.07,0.368
7,1198.468,161.292,-0.5621,0.1185,0.3524,-102.66,0.15,0.041,-0.1949,0.449,0.588,-170.07,0.468
7,1198.572,161.397,-0.564,0.1132,0.3516,-103.45,0.21,0.0398,-0.1899,0.448,0.588,-170.07,0.572
7,1198.668,161.492,-0.5652,0.1079,0.3521,-104.42,0.16,0.0465,-0.17,0.449,0.588,-170.07,0.668
7,1198.768,161.592,-0.5673,0.1027,0.353,-105.6,0.24,0.0444,-0.1668,0.449,0.588,-170.07,0.768
7,1198.868,161.716,-0.5689,0.0993,0.3535,-106.48,0.2,0.0496,-0.1935,0.449,0.588,-170.07,0.868
7,1198.968,161.816,-0.5707,0.0942,0.3407,-107.29,0.31,0.0422,-0.1991,0.45,0.588,-170.07,0.968
7,1199.068,161.916,-0.5738,0.0887,0.3428,-108.15,0.32,0.0448,-0.1591,0.448,0.588,-170.07,0.068
7,1199.168,162.016,-0.5779,0.0824,0.3461,-109.28,0.4,0.0434,-0.1447,0.448,0.588,-170.07,0.168
7,1199.268,162.117,-0.5803,0.0793,0.3509,-110.21,0.39,0.055,-0.1625,0.448,0.588,-170.07,0.268
7,1199.37,162.221,-0.5826,0.0748,0.3473,-110.9,0.23,0.0524,-0.1895,0.448,0.588,-170.07,0.37
7,1199.468,162.321,-0.5831,0.0681,0.3484,-111.68,0.15,0.0436,-0.1823,0.448,0.588,-170.07,0.468
7,1199.568,162.421,-0.5832,0.0597,0.3498,-112.69,0.12,0.0484,-0.1673,0.448,0.588,-170.07,0.568
7,1199.668,162.523,-0.5838,0.0527,0.3527,-113.87,0.28,0.0506,-0.1714,0.448,0.588,-170.07,0.668
7,1199.768,162.623,-0.584,0.0455,0.3533,-114.79,0.18,0.0581,-0.1948,0.448,0.588,-170.07,0.768
7,1199.868,162.723,-0.5837,0.0385,0.3516,-115.52,0.27,0.0518,-0.2,0.45,0.588,-170.07,0.868
7,1199.968,162.824,-0.5821,0.0348,0.3522,-116.47,0.32,0.0564,-0.1737,0.448,0.588,-170.07,0.968
7,1200.068,162.924,-0.5848,0.0312,0.3524,-117.6,0.06,0.0439,-0.1638,0.448,0.43,175.71,0.032
7,1200.168,163.024,-0.5904,0.0288,0.3549,-118.64,0.18,0.0371,-0.1434,0.449,0.43,175.71,0.132
7,1200.268,163.125,-0.5974,0.0252,0.352,-119.19,0.26,0.038,-0.1826,0.449,0.43,175.71,0.232
7,1200.368,163.224,-0.6034,0.0206,0.3527,-119.92,0.47,0.0378,-0.1686,0.448,0.43,175.71,0.332
7,1200.468,163.336,-0.609,0.0146,0.3526,-120.86,0.4,0.046,-0.147,0.449,0.43,175.71,0.432
7,1200.568,163.44,-0.6112,0.0115,0.3547,-122.0,0.39,0.0514,-0.1903,0.449,0.43,175.71,0.532
7,1200.668,163.54,-0.6123,0.0091,0.3531,-122.81,0.25,0.0432,-0.1893,0.449,0.43,175.71,0.632
7,1200.771,163.643,-0.6116,0.0037,0.3515,-123.46,0.06,0.0432,-0.1893,0.45,0.43,175.71,0.735
7,1200.874,163.746,-0.6093,-0.0026,0.3517,-124.46,0.24,0.035,-0.1359,0.448,0.43,175.71,0.838
7,1200.968,163.841,-0.6107,-0.0086,0.3523,-125.74,0.2,0.035,-0.1358,0.448,0.43,175.71,0.932
7,1201.068,163.949,-0.6135,-0.0141,0.3542,-126.48,0.18,0.0401,-0.1943,0.449,0.43,175.71,1.032
7,1201.168,164.049,-0.6175,-0.0202,0.3484,-126.67,0.19,0.0455,-0.1781,0.449,0.43,175.71,0.098
7,1201.268,164.15,-0.6207,-0.0233,0.3498,-127.47,0.14,0.0488,-0.1381,0.449,0.43,175.71,0.198
7,1201.368,164.25,-0.6252,-0.0268,0.3498,-128.47,0.14,0.0488,-0.0981,0.449,0.43,175.71,0.298
7,1201.468,164.35,-0.6298,-0.0279,0.3527,-129.55,0.3,0.0429,-0.1454,0.449,0.43,175.71,0.398
7,1201.572,164.458,-0.6352,-0.029,0.3502,-130.2,0.24,0.0429,-0.1454,0.449,0.43,175.71,0.502
7,1201.668,164.554,-0.6398,-0.0332,0.3499,-130.72,0.35,0.0369,-0.1116,0.448,0.43,175.71,0.598
7,1201.768,164.654,-0.6441,-0.0391,0.3509,-131.45,0.26,0.0369,-0.1116,0.448,0.43,175.71,0.698
7,1201.868,164.754,-0.6468,-0.0441,0.3521,-132.23,0.27,0.0397,-0.1167,0.449,0.43,175.71,0.798
7,1201.968,164.854,-0.647,-0.0479,0.3531,-132.89,0.17,0.0474,-0.1203,0.449,0.43,175.71,0.898
7,1202.068,164.954,-0.6471,-0.0529,0.3506,-133.38,0.2,0.0438,-0.1424,0.448,0.43,175.71,0.998
7,1202.168,165.054,-0.6445,-0.0572,0.3514,-133.98,0.59,0.0352,-0.136,0.449,0.376,156.57,0.062
7,1202.268,165.186,-0.6445,-0.0614,0.3512,-134.79,0.39,0.0203,-0.1422,0.45,0.376,156.57,0.162
7,1202.368,165.287,-0.648,-0.0642,0.3541,-135.77,0.24,0.02,-0.1393,0.449,0.376,156.57,0.262
7,1202.468,165.389,-0.652,-0.0673,0.3577,-136.29,0.17,0.02,-0.1393,0.452,0.376,156.57,0.362
7,1202.568,165.489,-0.6539,-0.0682,0.3578,-136.88,0.16,0.037,-0.1276,0.448,0.376,156.57,0.462
7,1202.668,165.589,-0.6564,-0.069,0.355,-137.65,0.01,0.0306,-0.1037,0.45,0.376,156.57,0.562
7,1202.768,165.69,-0.6601,-0.0675,0.3556,-138.38,0.28,0.0216,-0.1109,0.45,0.376,156.57,0.662
7,1202.87,165.793,-0.6641,-0.0648,0.3542,-138.94,0.44,0.0181,-0.1288,0.448,0.376,156.57,0.764
7,1202.968,165.891,-0.6681,-0.0665,0.3529,-139.32,0.43,0.0138,-0.1307,0.448,0.376,156.57,0.862
7,1203.068,166.023,-0.6725,-0.0704,0.3453,-140.07,0.32,0.024,-0.1062,0.45,0.376,156.57,0.962
7,1203.168,166.124,-0.6736,-0.0746,0.3398,-140.78,0.29,0.03,-0.1215,0.449,0.376,156.57,0.081
7,1203.268,166.223,-0.6736,-0.0799,0.3438,-141.54,0.23,0.0385,-0.1118,0.448,0.376,156.57,0.181
7,1203.368,166.323,-0.6728,-0.0868,0.346,-141.84,0.56,0.0338,-0.1436,0.45,0.376,156.57,0.281
7,1203.468,166.424,-0.6688,-0.0935,0.3482,-142.44,0.99,0.0331,-0.102,0.45,0.376,156.57,0.381
7,1203.568,166.524,-0.6677,-0.1001,0.3447,-143.18,0.62,0.0275,-0.0921,0.45,0.376,156.57,0.481
7,1203.668,166.624,-0.671,-0.1058,0.3481,-143.94,0.64,0.0213,-0.1144,0.451,0.376,156.57,0.581
7,1203.768,166.724,-0.6774,-0.1104,0.3481,-144.12,0.44,0.0226,-0.1386,0.449,0.376,156.57,0.681
7,1203.868,166.826,-0.681,-0.109,0.3503,-144.56,0.21,0.0353,-0.1453,0.449,0.376,156.57,0.781
7,1203.968,166.927,-0.6846,-0.1057,0.3493,-145.86,0.13,0.0281,-0.1053,0.451,0.376,156.57,0.881
7,1204.068,167.026,-0.6877,-0.0998,0.3509,-146.85,0.64,0.0216,-0.1053,0.451,0.376,156.57,0.981
7,1204.168,167.126,-0.6901,-0.0906,0.3502,-147.31,0.81,0.0165,-0.1638,0.451,0.376,156.57,0.038
7,1204.268,167.227,-0.694,-0.0866,0.3481,-147.14,0.8,0.0058,-0.1531,0.449,0.376,156.57,0.138
7,1204.368,167.327,-0.6988,-0.0867,0.3491,-147.91,0.61,0.0038,-0.1131,0.449,0.376,156.57,0.238
7,1204.468,167.426,-0.7013,-0.0884,0.3498,-148.81,0.47,0.0144,-0.0619,0.448,0.376,156.57,0.338
7,1204.568,167.526,-0.6989,-0.0897,0.3518,-149.36,0.27,0.0335,-0.0972,0.448,0.376,156.57,0.438
7,1204.668,167.627,-0.6974,-0.0914,0.3492,-149.55,0.09,0.0246,-0.0942,0.449,0.376,156.57,0.538
7,1204.768,167.728,-0.6937,-0.098,0.3496,-149.93,0.55,0.0111,-0.0992,0.448,0.376,156.57,0.638
7,1204.868,167.831,-0.6901,-0.1054,0.3484,-150.65,0.6,0.009,-0.118,0.45,0.376,156.57,0.738
7,1204.968,167.932,-0.6914,-0.1114,0.3501,-151.59,0.76,0.0067,-0.0612,0.45,0.376,156.57,0.838
7,1205.068,168.036,-0.6966,-0.1173,0.3494,-151.97,0.65,0.0139,-0.1012,0.448,0.376,156.57,0.938
7,1205.168,168.135,-0.6993,-0.1179,0.349,-151.78,0.46,0.025,-0.1413,0.448,0.376,156.57,1.038
7,1205.268,168.248,-0.6998,-0.1143,0.3473,-152.81,0.16,0.0335,-0.1095,0.45,0.376,156.57,0.097
7,1205.368,168.349,-0.7023,-0.109,0.3435,-153.7,0.27,0.0164,-0.0843,0.45,0.376,156.57,0.197
7,1205.468,168.45,-0.7047,-0.1005,0.3456,-153.87,0.86,0.0052,-0.1516,0.448,0.376,156.57,0.297
7,1205.568,168.551,-0.7089,-0.096,0.3445,-154.1,0.75,0.0026,-0.12,0.448,0.376,156.57,0.397
7,1205.668,168.654,-0.7146,-0.096,0.3474,-154.6,0.66,0.0026,-0.08,0.449,0.376,156.57,0.497
7,1205.768,168.751,-0.7203,-0.0986,0.347,-155.12,0.54,0.0137,-0.0261,0.449,0.376,156.57,0.597
7,1205.868,168.853,-0.7192,-0.1015,0.3502,-156.25,0.28,0.0269,-0.0633,0.451,0.376,156.57,0.697
7,1205.968,168.959,-0.7172,-0.1048,0.348,-156.38,0.04,0.0223,-0.1179,0.448,0.376,156.57,0.797
7,1206.068,169.062,-0.7139,-0.1094,0.3485,-156.27,0.46,0.0223,-0.1542,0.448,0.376,156.57,0.897
7,1206.168,169.162,-0.7098,-0.1159,0.3494,-156.8,0.66,0.013,-0.0742,0.448,0.376,156.57,0.997
7,1206.268,169.266,-0.7115,-0.1203,0.3511,-158.15,0.56,0.0038,-0.0195,0.448,0.376,156.57,0.083
7,1206.368,169.365,-0.7166,-0.1236,0.3526,-158.67,0.45,0.0023,-0.0427,0.448,0.376,156.57,0.183
7,1206.468,169.465,-0.7205,-0.1237,0.352,-158.55,0.3,0.016,-0.1227,0.448,0.376,156.57,0.283
7,1206.568,169.566,-0.7213,-0.12,0.3529,-158.8,0.16,0.0257,-0.0952,0.449,0.376,156.57,0.383
7,1206.671,169.671,-0.723,-0.1166,0.3515,-159.34,0.22,0.0257,-0.0784,0.449,0.376,156.57,0.486
7,1206.768,169.767,-0.7234,-0.1106,0.3531,-160.14,0.61,0.0137,-0.0586,0.448,0.376,156.57,0.583
7,1206.868,169.869,-0.7243,-0.1051,0.351,-160.45,0.57,0.0055,-0.1185,0.448,0.376,156.57,0.683
7,1206.968,169.969,-0.7275,-0.105,0.352,-160.31,0.5,0.0055,-0.1436,0.449,0.376,156.57,0.783
7,1207.068,170.069,-0.7321,-0.1082,0.3518,-161.09,0.31,0.0049,-0.1458,0.449,0.376,156.57,0.883
7,1207.168,170.173,-0.7341,-0.1122,0.3535,-162.23,0.32,0.0194,-0.0684,0.449,0.376,156.57,0.983
7,1207.268,170.28,-0.7353,-0.1168,0.3534,-162.78,0.19,0.034,-0.1484,0.449,0.376,156.57,0.061
7,1207.368,170.38,-0.7357,-0.121,0.352,-163.19,0.39,0.0309,-0.1426,0.449,0.376,156.57,0.161
7,1207.468,170.48,-0.7336,-0.1249,0.3524,-163.83,0.59,0.0311,-0.1376,0.449,0.376,156.57,0.261
7,1207.568,170.58,-0.7358,-0.1262,0.3524,-164.82,0.29,0.0223,-0.1095,0.449,0.376,156.57,0.361
7,1207.668,170.68,-0.7401,-0.125,0.3543,-165.51,0.12,0.0106,-0.134,0.448,0.376,156.57,0.461
7,1207.768,170.795,-0.7453,-0.1236,0.3521,-166.07,0.17,0.0259,-0.134,0.451,0.376,156.57,0.561
7,1207.868,170.898,-0.7489,-0.1215,0.353,-166.57,0.32,0.0346,-0.0807,0.449,0.376,156.57,0.661
7,1207.968,170.999,-0.7528,-0.1199,0.3531,-167.37,0.33,0.0298,-0.0917,0.449,0.376,156.57,0.761
7,1208.068,171.1,-0.7541,-0.1173,0.355,-168.23,0.43,0.0298,-0.0917,0.449,0.376,156.57,0.861
7,1208.168,171.202,-0.7549,-0.1146,0.3518,-168.42,0.37,0.0322,-0.0985,0.448,0.376,156.57,0.961
7,1208.268,171.302,-0.7578,-0.1163,0.351,-168.6,0.24,0.0217,-0.1094,0.448,0.273,146.98,0.032
7,1208.371,171.409,-0.7621,-0.1209,0.3506,-169.14,0.1,0.026,-0.0341,0.45,0.273,146.98,0.135
7,1208.468,171.512,-0.7668,-0.1256,0.3509,-169.83,0.35,0.026,-0.0341,0.448,0.273,146.98,0.232
7,1208.568,171.612,-0.7714,-0.1303,0.353,-170.25,0.38,0.04,-0.0526,0.448,0.273,146.98,0.332
7,1208.668,171.713,-0.7752,-0.1334,0.3535,-170.12,0.45,0.0417,-0.061,0.449,0.273,146.98,0.432
7,1208.768,171.814,-0.7758,-0.1357,0.3542,-170.41,0.54,0.0476,-0.075,0.448,0.273,146.98,0.532
7,1208.868,171.914,-0.7787,-0.1369,0.3519,-170.85,0.29,0.0387,-0.0337,0.448,0.273,146.98,0.632
7,1208.968,172.014,-0.783,-0.1354,0.3538,-171.43,0.13,0.0256,-0.071,0.449,0.273,146.98,0.732
7,1209.069,172.12,-0.7893,-0.1333,0.3526,-171.64,0.13,0.0293,-0.0978,0.448,0.273,146.98,0.833
7,1209.168,172.24,-0.795,-0.132,0.3541,-171.82,0.35,0.0447,-0.0713,0.45,0.273,146.98,0.932
7,1209.268,172.339,-0.8021,-0.1311,0.3505,-172.37,0.31,0.045,-0.0384,0.448,0.273,146.98,0.049
7,1209.368,172.439,-0.8066,-0.1304,0.3519,-172.92,0.33,0.045,-0.0384,0.449,0.273,146.98,0.149
8,1209.468,172.544,-0.8102,-0.1302,0.3518,-173.16,0.26,0.0275,-0.0291,0.448,0.727,170.72,0.023
8,1209.568,172.644,-0.8141,-0.1323,0.3522,-173.09,0.18,0.0,0.0,0.448,0.727,170.72,0.123
8,1209.668,172.743,-0.8162,-0.1344,0.3532,-173.04,0.13,0.026,-0.018,0.449,0.727,170.72,0.223
8,1209.768,172.855,-0.8169,-0.1356,0.3529,-173.33,0.14,0.0346,-0.0118,0.449,0.727,170.72,0.323
8,1209.868,172.954,-0.8166,-0.1356,0.3541,-173.56,0.14,0.0424,-0.025,0.449,0.727,170.72,0.423
8,1209.968,173.056,-0.819,-0.1377,0.3544,-173.43,0.17,0.0355,-0.0513,0.449,0.727,170.72,0.523
8,1210.068,173.155,-0.8211,-0.1422,0.3554,-173.51,0.49,0.0305,-0.0812,0.449,0.727,170.72,0.623
8,1210.168,173.256,-0.8252,-0.1465,0.3536,-173.97,0.38,0.0373,-0.0389,0.449,0.727,170.72,0.723
8,1210.268,173.358,-0.8313,-0.1484,0.3551,-174.52,0.43,0.0382,-0.0806,0.449,0.727,170.72,0.823
8,1210.371,173.46,-0.8395,-0.1493,0.355,-174.93,0.31,0.0349,-0.1122,0.448,0.727,170.72,0.926
8,1210.468,173.557,-0.845,-0.1487,0.3557,-175.13,0.28,0.0131,-0.1524,0.448,0.727,170.72,1.023
8,1210.568,173.656,-0.8478,-0.146,0.3554,-175.84,0.15,0.026,-0.1083,0.449,0.651,158.2,0.096
8,1210.668,173.764,-0.8476,-0.1424,0.3553,-176.59,0.29,0.0222,-0.0789,0.448,0.651,158.2,0.196
8,1210.768,173.863,-0.8441,-0.1376,0.355,-177.2,0.53,0.0305,-0.0963,0.448,0.651,158.2,0.296
8,1210.868,173.965,-0.8438,-0.1366,0.3524,-177.35,0.36,0.0244,-0.1056,0.448,0.651,158.2,0.396
8,1210.968,174.068,-0.8461,-0.1399,0.3527,-177.76,0.11,0.0174,-0.0848,0.449,0.651,158.2,0.496
8,1211.068,174.168,-0.851,-0.1439,0.3518,-178.35,0.17,0.0227,-0.0316,0.449,0.651,158.2,0.596
8,1211.168,174.275,-0.8566,-0.1471,0.3536,-178.79,0.44,0.05,-0.0769,0.449,0.651,158.2,0.696
8,1211.268,174.376,-0.8649,-0.1497,0.3494,-179.06,0.43,0.05,-0.0769,0.449,0.651,158.2,0.796
8,1211.368,174.476,-0.8702,-0.1511,0.3507,-179.29,0.43,0.0639,-0.0883,0.449,0.651,158.2,0.896
8,1211.468,174.576,-0.8761,-0.1517,0.3508,-179.85,0.21,0.0726,-0.088,0.449,0.651,158.2,0.996
8,1211.568,174.709,-0.8836,-0.149,0.3533,179.46,0.16,0.012,-0.1659,0.448,0.651,158.2,0.068
8,1211.668,174.818,-0.8906,-0.1464,0.3517,178.82,0.15,0.0366,-0.1476,0.449,0.651,158.2,0.168
8,1211.768,174.92,-0.8949,-0.1434,0.3522,178.21,0.4,0.0558,-0.1285,0.449,0.651,158.2,0.268
8,1211.868,175.021,-0.9,-0.141,0.3515,177.49,0.35,0.0594,-0.1096,0.448,0.651,158.2,0.368
8,1211.968,175.121,-0.9032,-0.1387,0.3528,176.73,0.44,0.0594,-0.1096,0.449,0.651,158.2,0.468
8,1212.068,175.221,-0.9046,-0.136,0.353,176.13,0.53,0.0551,-0.119,0.449,0.651,158.2,0.568
8,1212.168,175.321,-0.9104,-0.1369,0.3517,175.75,0.3,0.0448,-0.1103,0.448,0.651,158.2,0.668
8,1212.268,175.421,-0.9178,-0.1406,0.3528,175.24,0.06,0.0497,-0.0794,0.448,0.651,158.2,0.768
8,1212.368,175.521,-0.9268,-0.1431,0.3529,174.59,0.19,0.0606,-0.0767,0.449,0.651,158.2,0.868
8,1212.468,175.621,-0.9354,-0.1455,0.3552,174.1,0.4,0.0743,-0.0822,0.448,0.651,158.2,0.968
8,1212.568,175.724,-0.9467,-0.1475,0.3529,173.79,0.4,0.0784,-0.0859,0.449,0.629,168.69,0.075
8,1212.668,175.824,-0.9546,-0.1491,0.3542,173.5,0.44,0.0934,-0.0676,0.449,0.629,168.69,0.175
8,1212.768,175.926,-0.9618,-0.1492,0.354,172.98,0.24,0.0889,-0.0552,0.448,0.629,168.69,0.275
8,1212.868,176.045,-0.9696,-0.1453,0.3556,172.49,0.16,0.0827,-0.0833,0.448,0.629,168.69,0.375
8,1212.968,176.152,-0.9787,-0.1407,0.3548,172.1,0.22,0.0827,-0.0837,0.448,0.629,168.69,0.475
8,1213.073,176.257,-0.9899,-0.1382,0.3549,171.84,0.38,0.0832,-0.0846,0.45,0.629,168.69,0.58
8,1213.168,176.352,-1.0017,-0.1354,0.355,171.41,0.32,0.0959,-0.0639,0.45,0.629,168.69,0.675
8,1213.268,176.454,-1.0126,-0.1325,0.3556,170.87,0.37,0.0999,-0.0513,0.454,0.629,168.69,0.775
8,1213.373,176.561,-1.0214,-0.1306,0.3564,170.5,0.31,0.1081,-0.0691,0.464,0.629,168.69,0.88
8,1213.468,176.657,-1.033,-0.1309,0.3548,170.34,0.18,0.0991,-0.076,0.464,0.629,168.69,0.975
8,1213.568,176.757,-1.044,-0.1324,0.3557,170.03,0.23,0.0971,-0.0758,0.468,0.534,163.3,0.072
8,1213.668,176.857,-1.0563,-0.1327,0.3546,169.53,0.22,0.0986,-0.0248,0.469,0.534,163.3,0.172
8,1213.768,176.957,-1.0676,-0.1321,0.3563,169.12,0.35,0.0988,-0.0408,0.473,0.534,163.3,0.272
8,1213.87,177.063,-1.0809,-0.131,0.3547,169.02,0.31,0.0995,-0.0458,0.473,0.534,163.3,0.374
8,1213.968,177.174,-1.0915,-0.1301,0.3557,168.97,0.36,0.104,-0.0264,0.475,0.534,163.3,0.472
8,1214.068,177.274,-1.1019,-0.1284,0.3533,168.75,0.2,0.1086,-0.0108,0.477,0.534,163.3,0.572
8,1214.168,177.374,-1.112,-0.1246,0.3532,168.54,0.19,0.0988,-0.0096,0.482,0.534,163.3,0.672
8,1214.268,177.474,-1.1218,-0.1206,0.3539,168.43,0.26,0.103,-0.0149,0.482,0.534,163.3,0.772
8,1214.368,177.574,-1.1338,-0.119,0.354,168.57,0.22,0.0976,-0.0205,0.486,0.534,163.3,0.872
8,1214.468,177.674,-1.1453,-0.118,0.3548,168.52,0.15,0.1006,0.0066,0.49,0.534,163.3,0.972
8,1214.573,177.779,-1.1576,-0.1159,0.3535,168.38,0.19,0.0975,0.016,0.493,0.338,153.43,0.038
8,1214.668,177.874,-1.1675,-0.1141,0.3549,168.34,0.21,0.1033,0.0014,0.493,0.338,153.43,0.133
8,1214.769,177.987,-1.1792,-0.1126,0.3526,168.47,0.19,0.0979,0.0029,0.498,0.338,153.43,0.234
8,1214.868,178.086,-1.1892,-0.1126,0.3541,168.61,0.29,0.0967,0.0294,0.498,0.338,153.43,0.333
8,1214.968,178.185,-1.1995,-0.1122,0.3547,168.6,0.18,0.0967,0.0294,0.497,0.338,153.43,0.433
8,1215.068,178.287,-1.2088,-0.1097,0.3558,168.55,0.19,0.0912,0.0241,0.499,0.338,153.43,0.533
8,1215.168,178.387,-1.2187,-0.1064,0.3549,168.71,0.13,0.0928,0.0031,0.501,0.338,153.43,0.633
8,1215.268,178.487,-1.2291,-0.1047,0.3546,168.92,0.21,0.0935,0.0363,0.503,0.338,153.43,0.733
8,1215.368,178.594,-1.2394,-0.1034,0.3537,168.99,0.08,0.0888,0.0381,0.503,0.338,153.43,0.833
8,1215.468,178.693,-1.2501,-0.1012,0.3499,169.04,0.19,0.0888,0.0381,0.504,0.338,153.43,0.933
8,1215.568,178.793,-1.259,-0.0994,0.3509,169.05,0.12,0.0899,0.0222,0.506,0.338,153.43,1.033
8,1215.668,178.897,-1.2696,-0.0991,0.3508,169.48,0.16,0.0899,0.0222,0.506,0.253,143.13,0.096
8,1215.768,178.998,-1.2786,-0.1007,0.3531,169.73,0.36,0.0883,0.0144,0.505,0.253,143.13,0.196
8,1215.868,179.1,-1.2891,-0.102,0.3507,169.7,0.27,0.0876,0.0602,0.503,0.253,143.13,0.296
9,1215.968,179.201,-1.2994,-0.101,0.352,169.83,0.34,0.0566,0.009,0.503,0.839,8.84,0.012
9,1216.068,179.301,-1.3112,-0.0986,0.3513,170.06,0.22,0.0066,0.0,0.502,0.839,8.84,0.112
9,1216.168,179.402,-1.3171,-0.0951,0.3525,170.3,0.36,0.0395,-0.0008,0.503,0.839,8.84,0.212
9,1216.268,179.503,-1.3197,-0.0904,0.3515,170.29,0.39,0.0599,0.0163,0.505,0.839,8.84,0.312
9,1216.368,179.605,-1.3186,-0.087,0.35,170.19,0.62,0.044,-0.0008,0.505,0.839,8.84,0.412
9,1216.472,179.71,-1.3129,-0.0833,0.3496,170.1,0.88,0.0279,-0.0162,0.51,0.839,8.84,0.516
9,1216.568,179.844,-1.3099,-0.0832,0.3482,170.32,0.59,0.0,-0.0578,0.513,0.839,8.84,0.612
9,1216.668,179.946,-1.308,-0.0865,0.3562,171.41,0.31,0.0,-0.0178,0.514,0.839,8.84,0.712
9,1216.768,180.046,-1.306,-0.089,0.3582,170.24,0.25,0.0,-0.016,0.507,0.839,8.84,0.812
9,1216.872,180.152,-1.3019,-0.0898,0.3576,169.75,0.32,0.0,-0.056,0.512,0.839,8.84,0.916
9,1216.974,180.254,-1.2984,-0.0899,0.3512,169.66,0.22,0.0001,-0.136,0.513,0.839,8.84,0.048
9,1217.068,180.347,-1.2948,-0.0925,0.3507,169.34,0.18,0.0001,-0.1088,0.513,0.839,8.84,0.142
9,1217.168,180.447,-1.2926,-0.0954,0.3509,168.55,0.14,0.0005,-0.0688,0.513,0.839,8.84,0.242
9,1217.268,180.55,-1.2907,-0.0953,0.352,167.86,0.06,0.0,-0.082,0.516,0.839,8.84,0.342
9,1217.368,180.65,-1.2902,-0.0928,0.3487,167.55,0.14,0.0,-0.1239,0.516,0.839,8.84,0.442
9,1217.468,180.751,-1.2904,-0.0911,0.3477,167.19,0.17,0.0,-0.1012,0.52,0.839,8.84,0.542
9,1217.568,180.884,-1.2926,-0.0903,0.3435,166.5,0.19,0.0029,-0.0935,0.527,0.839,8.84,0.642
9,1217.668,180.984,-1.2935,-0.0903,0.3438,165.83,0.16,0.0029,-0.0935,0.532,0.839,8.84,0.742
9,1217.768,181.083,-1.2943,-0.0902,0.3455,165.38,0.1,0.0055,-0.1046,0.536,0.839,8.84,0.842
9,1217.868,181.183,-1.2958,-0.092,0.3465,165.1,0.09,0.0056,-0.1298,0.538,0.839,8.84,0.942
9,1217.968,181.283,-1.2967,-0.0959,0.3477,164.59,0.37,0.0093,-0.0766,0.539,0.839,8.84,0.044
9,1218.068,181.384,-1.2988,-0.0988,0.3465,163.99,0.31,0.002,-0.075,0.539,0.839,8.84,0.144
9,1218.168,181.484,-1.3012,-0.0997,0.3491,163.31,0.29,0.0057,-0.1145,0.539,0.839,8.84,0.244
9,1218.268,181.584,-1.3038,-0.0987,0.3487,162.95,0.21,0.0079,-0.126,0.541,0.839,8.84,0.344
9,1218.368,181.69,-1.3032,-0.0978,0.3503,162.58,0.17,0.0101,-0.1237,0.547,0.839,8.84,0.444
9,1218.468,181.789,-1.3032,-0.0968,0.3478,161.81,0.04,0.0082,-0.0837,0.552,0.839,8.84,0.544
9,1218.568,181.891,-1.3017,-0.0945,0.3494,161.08,0.18,0.0017,-0.1223,0.559,0.839,8.84,0.644
9,1218.668,181.991,-1.2993,-0.0912,0.3489,160.5,0.39,0.0007,-0.1499,0.565,0.839,8.84,0.744
9,1218.768,182.095,-1.2993,-0.0894,0.3484,160.06,0.38,0.0,-0.1659,0.565,0.839,8.84,0.844
9,1218.868,182.197,-1.3016,-0.0891,0.3483,159.3,0.18,0.0,-0.1346,0.577,0.839,8.84,0.944
9,1218.968,182.304,-1.3037,-0.0899,0.3484,158.3,0.2,0.0019,-0.1219,0.584,0.839,8.84,0.015
9,1219.068,182.404,-1.3042,-0.0914,0.3505,157.57,0.16,0.0095,-0.154,0.59,0.839,8.84,0.115
9,1219.168,182.504,-1.3056,-0.0928,0.3499,157.07,0.02,0.0063,-0.1667,0.594,0.839,8.84,0.215
9,1219.269,182.609,-1.3062,-0.096,0.3508,156.28,0.2,0.0001,-0.1188,0.597,0.839,8.84,0.316
9,1219.368,182.707,-1.3077,-0.0986,0.3498,155.41,0.14,0.0001,-0.1188,0.6,0.839,8.84,0.415
9,1219.468,182.807,-1.3085,-0.0992,0.3518,154.58,0.19,0.0,-0.1409,0.6,0.839,8.84,0.515
9,1219.568,182.908,-1.3094,-0.0978,0.351,154.01,0.07,0.0007,-0.1601,0.606,0.839,8.84,0.615
9,1219.668,183.008,-1.3088,-0.0969,0.3512,153.41,0.12,0.0001,-0.1548,0.61,0.839,8.84,0.715
9,1219.768,183.111,-1.3084,-0.0964,0.3505,152.58,0.02,0.0041,-0.1336,0.606,0.839,8.84,0.815
9,1219.868,183.211,-1.3073,-0.095,0.3512,151.62,0.18,0.0006,-0.1284,0.601,0.839,8.84,0.915
9,1219.968,183.311,-1.3042,-0.093,0.3518,150.87,0.36,0.0012,-0.1375,0.601,0.839,8.84,1.015
9,1220.068,183.411,-1.3036,-0.0916,0.3499,150.38,0.34,0.0,-0.1645,0.591,0.839,8.84,0.08
9,1220.168,183.511,-1.3048,-0.0913,0.3506,149.61,0.16,0.0,-0.1444,0.591,0.839,8.84,0.18
9,1220.268,183.612,-1.3072,-0.0913,0.3509,148.65,0.22,0.0012,-0.1182,0.583,0.839,8.84,0.28
9,1220.37,183.715,-1.3079,-0.0924,0.3531,147.79,0.21,0.003,-0.1377,0.579,0.839,8.84,0.382
9,1220.468,183.813,-1.309,-0.0932,0.3513,147.22,0.04,0.0036,-0.168,0.577,0.839,8.84,0.48
