wall_s,sim_s,cloud_stamp_s,cloud_age_ms,odom_stamp_s,odom_age_ms,cloud_interval_ms,odom_interval_ms,transform_available,transform_latency_ms,tf_base_lidar,tf_odom_base,tf_odom_lidar,odom_tf_stamp_s,odom_tf_age_ms,cloud_points
0.0,0.0,504.9,69.0,504.96,9.0,,20.0,0,-40.0,1,0,0,504.94,-40.0,10240
0.091,0.091,505.0,60.0,505.04,20.0,100.0,20.0,1,-40.0,1,1,1,505.04,-40.0,10240
0.214,0.207,505.1,76.0,505.16,16.0,100.0,20.0,1,-60.0,1,1,1,505.16,-60.0,10240
0.292,0.28,505.2,49.0,505.24,9.0,100.0,20.0,1,-40.0,1,1,1,505.24,-40.0,10240
0.389,0.375,505.3,44.0,505.34,4.0,100.0,20.0,1,-40.0,1,1,1,505.34,-40.0,10240
0.473,0.464,505.4,33.0,505.42,13.0,100.0,20.0,1,0.0,1,1,1,505.4,0.0,10240
0.592,0.578,505.5,47.0,505.54,7.0,100.0,20.0,1,-40.0,1,1,1,505.54,-40.0,10240
0.729,0.716,505.6,85.0,505.68,5.0,100.0,20.0,1,-80.0,1,1,1,505.68,-80.0,10240
0.841,0.827,505.7,96.0,505.78,16.0,100.0,20.0,1,-80.0,1,1,1,505.78,-80.0,10240
0.91,0.899,505.8,68.0,505.86,8.0,100.0,20.0,1,-60.0,1,1,1,505.86,-60.0,10240
0.995,0.985,505.9,54.0,505.94,14.0,100.0,20.0,1,-40.0,1,1,1,505.94,-40.0,10240
1.082,1.07,506.0,39.0,506.02,19.0,100.0,20.0,1,-20.0,1,1,1,506.02,-20.0,10240
1.186,1.177,506.1,46.0,506.14,6.0,100.0,20.0,1,0.0,1,1,1,506.1,0.0,10240
1.321,1.311,506.2,80.0,506.26,20.0,100.0,20.0,1,-60.0,1,1,1,506.26,-60.0,10240
1.43,1.416,506.3,85.0,506.38,5.0,100.0,20.0,1,-80.0,1,1,1,506.38,-80.0,10240
1.547,1.533,506.4,102.0,506.5,2.0,100.0,20.0,1,-100.0,1,1,1,506.5,-100.0,10240
1.607,1.592,506.5,61.0,506.56,1.0,100.0,20.0,1,-60.0,1,1,1,506.56,-60.0,10240
1.725,1.71,506.6,79.0,506.66,19.0,100.0,20.0,1,-60.0,1,1,1,506.66,-60.0,10240
1.782,1.766,506.7,35.0,506.72,15.0,100.0,20.0,1,-20.0,1,1,1,506.72,-20.0,10240
1.908,1.897,506.8,66.0,506.86,6.0,100.0,20.0,1,-40.0,1,1,1,506.84,-40.0,10240
1.99,1.975,506.9,44.0,506.94,4.0,100.0,20.0,1,-40.0,1,1,1,506.94,-40.0,10240
2.116,2.099,507.0,68.0,507.06,8.0,100.0,20.0,1,-40.0,1,1,1,507.04,-40.0,10240
2.217,2.2,507.1,69.0,507.16,9.0,100.0,20.0,1,-60.0,1,1,1,507.16,-60.0,10240
2.367,2.331,507.2,100.0,507.3,0.0,100.0,20.0,1,-100.0,1,1,1,507.3,-100.0,10240
2.466,2.435,507.3,104.0,507.4,4.0,100.0,20.0,1,-80.0,1,1,1,507.38,-80.0,10240
2.564,2.532,507.4,101.0,507.5,1.0,100.0,20.0,1,-80.0,1,1,1,507.48,-80.0,10240
2.623,2.59,507.5,59.0,507.54,19.0,100.0,20.0,1,-40.0,1,1,1,507.54,-40.0,10240
2.72,2.683,507.6,52.0,507.64,12.0,100.0,20.0,1,-40.0,1,1,1,507.64,-40.0,10240
2.829,2.794,507.7,63.0,507.76,3.0,100.0,20.0,1,-40.0,1,1,1,507.74,-40.0,10240
2.985,2.931,507.8,100.0,507.9,0.0,100.0,20.0,1,-100.0,1,1,1,507.9,-100.0,10240
3.067,3.016,507.9,85.0,507.98,5.0,100.0,20.0,1,-80.0,1,1,1,507.98,-80.0,10240
3.157,3.103,508.0,72.0,508.06,12.0,100.0,20.0,1,-60.0,1,1,1,508.06,-60.0,10240
3.216,3.166,508.1,35.0,508.12,15.0,100.0,20.0,1,-20.0,1,1,1,508.12,-20.0,10240
3.334,3.284,508.2,53.0,508.24,13.0,100.0,20.0,1,-20.0,1,1,1,508.22,-20.0,10240
3.424,3.372,508.3,41.0,508.34,1.0,100.0,20.0,1,-20.0,1,1,1,508.32,-20.0,10240
3.558,3.494,508.4,63.0,508.46,3.0,100.0,20.0,1,-60.0,1,1,1,508.46,-60.0,10240
3.639,3.575,508.5,44.0,508.54,4.0,100.0,20.0,1,-20.0,1,1,1,508.52,-20.0,10240
3.786,3.723,508.6,92.0,508.68,12.0,100.0,20.0,1,-80.0,1,1,1,508.68,-80.0,10240
3.843,3.782,508.7,51.0,508.74,11.0,100.0,20.0,1,-20.0,1,1,1,508.72,-20.0,10240
3.981,3.918,508.8,87.0,508.88,7.0,100.0,20.0,1,-80.0,1,1,1,508.88,-80.0,10240
4.041,3.976,508.9,45.0,508.94,5.0,100.0,20.0,1,-40.0,1,1,1,508.94,-40.0,10240
4.191,4.126,509.0,95.0,509.08,15.0,100.0,20.0,1,-80.0,1,1,1,509.08,-80.0,10240
4.256,4.194,509.1,63.0,509.16,3.0,100.0,20.0,1,-40.0,1,1,1,509.14,-40.0,10240
4.36,4.294,509.2,63.0,509.26,3.0,100.0,20.0,1,-60.0,1,1,1,509.26,-60.0,10240
4.427,4.363,509.3,32.0,509.32,12.0,100.0,20.0,1,-20.0,1,1,1,509.32,-20.0,10240
4.587,4.525,509.4,94.0,509.48,14.0,100.0,20.0,1,-80.0,1,1,1,509.48,-80.0,10240
4.647,4.582,509.5,51.0,509.54,11.0,100.0,20.0,1,-40.0,1,1,1,509.54,-40.0,10240
4.808,4.731,509.6,100.0,509.7,0.0,100.0,20.0,1,-100.0,1,1,1,509.7,-100.0,10240
4.881,4.809,509.7,78.0,509.76,18.0,100.0,20.0,1,-60.0,1,1,1,509.76,-60.0,10240
5.0,4.923,509.8,92.0,509.88,12.0,100.0,20.0,1,-80.0,1,1,1,509.88,-80.0,10240
5.057,4.98,509.9,49.0,509.94,9.0,100.0,20.0,1,-40.0,1,1,1,509.94,-40.0,10240
5.157,5.084,510.0,53.0,510.04,13.0,100.0,20.0,1,-40.0,1,1,1,510.04,-40.0,10240
5.233,5.16,510.1,29.0,510.12,9.0,100.0,20.0,1,0.0,1,1,1,510.1,0.0,10240
5.361,5.285,510.2,54.0,510.24,14.0,100.0,20.0,1,-20.0,1,1,1,510.22,-20.0,10240
5.47,5.39,510.3,59.0,510.34,19.0,100.0,20.0,1,-40.0,1,1,1,510.34,-40.0,10240
5.614,5.531,510.4,100.0,510.5,0.0,100.0,20.0,1,-100.0,1,1,1,510.5,-100.0,10240
5.679,5.601,510.5,70.0,510.56,10.0,100.0,20.0,1,-40.0,1,1,1,510.54,-40.0,10240
5.794,5.706,510.6,75.0,510.66,15.0,100.0,20.0,1,-60.0,1,1,1,510.66,-60.0,10240
5.86,5.77,510.7,39.0,510.72,19.0,100.0,20.0,1,-20.0,1,1,1,510.72,-20.0,10240
5.978,5.89,510.8,59.0,510.84,19.0,100.0,20.0,1,-20.0,1,1,1,510.82,-20.0,10240
6.065,5.978,510.9,47.0,510.94,7.0,100.0,20.0,1,0.0,1,1,1,510.9,0.0,10240
6.199,6.108,511.0,77.0,511.06,17.0,100.0,20.0,1,-60.0,1,1,1,511.06,-60.0,10240
6.291,6.2,511.1,69.0,511.16,9.0,100.0,20.0,1,-60.0,1,1,1,511.16,-60.0,10240
6.412,6.322,511.2,91.0,511.28,11.0,100.0,20.0,1,-80.0,1,1,1,511.28,-80.0,10240
6.49,6.4,511.3,69.0,511.36,9.0,100.0,20.0,1,-20.0,1,1,1,511.32,-20.0,10240
6.593,6.498,511.4,67.0,511.46,7.0,100.0,20.0,1,-40.0,1,1,1,511.44,-40.0,10240
6.672,6.579,511.5,48.0,511.54,8.0,100.0,20.0,1,-40.0,1,1,1,511.54,-40.0,10240
6.762,6.665,511.6,34.0,511.62,14.0,100.0,20.0,1,-20.0,1,1,1,511.62,-20.0,10240
6.864,6.769,511.7,38.0,511.72,18.0,100.0,20.0,1,-20.0,1,1,1,511.72,-20.0,10240
6.971,6.871,511.8,40.0,511.84,0.0,100.0,20.0,1,-20.0,1,1,1,511.82,-20.0,10240
7.132,7.033,511.9,102.0,512.0,2.0,100.0,20.0,1,-100.0,1,1,1,512.0,-100.0,10240
7.232,7.131,512.0,100.0,512.1,0.0,100.0,20.0,1,-100.0,1,1,1,512.1,-100.0,10240
7.322,7.221,512.1,90.0,512.18,10.0,100.0,20.0,1,-80.0,1,1,1,512.18,-80.0,10240
7.374,7.275,512.2,44.0,512.24,4.0,100.0,20.0,1,-40.0,1,1,1,512.24,-40.0,10240
7.495,7.399,512.3,68.0,512.36,8.0,100.0,20.0,1,-40.0,1,1,1,512.34,-40.0,10240
7.583,7.486,512.4,55.0,512.44,15.0,100.0,20.0,1,-40.0,1,1,1,512.44,-40.0,10240
7.713,7.615,512.5,84.0,512.58,4.0,100.0,20.0,1,-60.0,1,1,1,512.56,-60.0,10240
7.796,7.697,512.6,66.0,512.66,6.0,100.0,20.0,1,-40.0,1,1,1,512.64,-40.0,10240
7.883,7.78,512.7,49.0,512.74,9.0,100.0,20.0,1,-20.0,1,1,1,512.72,-20.0,10240
7.971,7.869,512.8,38.0,512.82,18.0,100.0,20.0,1,-20.0,1,1,1,512.82,-20.0,10240
8.136,8.031,512.9,100.0,513.0,0.0,100.0,20.0,1,-80.0,1,1,1,512.98,-80.0,10240
8.217,8.111,513.0,80.0,513.06,20.0,100.0,20.0,1,-60.0,1,1,1,513.06,-60.0,10240
8.333,8.226,513.1,95.0,513.18,15.0,100.0,20.0,1,-80.0,1,1,1,513.18,-80.0,10240
8.378,8.273,513.2,42.0,513.24,2.0,100.0,20.0,1,-20.0,1,1,1,513.22,-20.0,10240
8.515,8.406,513.3,75.0,513.36,15.0,100.0,20.0,1,-60.0,1,1,1,513.36,-60.0,10240
8.605,8.502,513.4,71.0,513.46,11.0,100.0,20.0,1,-60.0,1,1,1,513.46,-60.0,10240
8.739,8.632,513.5,101.0,513.6,1.0,100.0,20.0,1,-80.0,1,1,1,513.58,-80.0,10240
8.803,8.693,513.6,62.0,513.66,2.0,100.0,20.0,1,-40.0,1,1,1,513.64,-40.0,10240
8.895,8.791,513.7,60.0,513.74,20.0,100.0,20.0,1,0.0,1,1,1,513.7,0.0,10240
8.98,8.872,513.8,41.0,513.84,1.0,100.0,20.0,1,-20.0,1,1,1,513.82,-20.0,10240
9.095,8.989,513.9,58.0,513.94,18.0,100.0,20.0,1,-20.0,1,1,1,513.92,-20.0,10240
9.213,9.107,514.0,76.0,514.06,16.0,100.0,20.0,0,20.0,1,0,0,513.98,20.0,10240
9.326,9.215,514.1,84.0,514.18,4.0,100.0,20.0,1,-20.0,1,1,1,514.12,-20.0,10240
9.434,9.327,514.2,96.0,514.28,16.0,100.0,20.0,1,-80.0,1,1,1,514.28,-80.0,10240
9.551,9.437,514.3,106.0,514.4,6.0,100.0,20.0,1,-100.0,1,1,1,514.4,-100.0,10240
9.626,9.51,514.4,79.0,514.46,19.0,100.0,20.0,1,-60.0,1,1,1,514.46,-60.0,10240
9.702,9.582,514.5,51.0,514.54,11.0,100.0,20.0,1,-20.0,1,1,1,514.52,-20.0,10240
9.791,9.669,514.6,38.0,514.62,18.0,100.0,20.0,0,40.0,1,0,0,514.56,40.0,10240
9.885,9.761,514.7,30.0,514.72,10.0,100.0,20.0,1,0.0,1,1,1,514.7,0.0,10240
10.023,9.901,514.8,70.0,514.86,10.0,100.0,20.0,1,-40.0,1,1,1,514.84,-40.0,10240
10.141,10.015,514.9,84.0,514.98,4.0,100.0,20.0,1,-60.0,1,1,1,514.96,-60.0,10240
10.248,10.12,515.0,89.0,515.08,9.0,100.0,20.0,1,-60.0,1,1,1,515.06,-60.0,10240
10.326,10.198,515.1,67.0,515.16,7.0,100.0,20.0,1,-20.0,1,1,1,515.12,-20.0,10240
10.41,10.282,515.2,51.0,515.24,11.0,100.0,20.0,1,-40.0,1,1,1,515.24,-40.0,10240
10.502,10.367,515.3,36.0,515.32,16.0,100.0,20.0,1,-20.0,1,1,1,515.32,-20.0,10240
10.631,10.499,515.4,68.0,515.46,8.0,100.0,20.0,1,-60.0,1,1,1,515.46,-60.0,10240
10.718,10.581,515.5,50.0,515.54,10.0,100.0,20.0,1,-40.0,1,1,1,515.54,-40.0,10240
10.85,10.716,515.6,85.0,515.68,5.0,100.0,20.0,1,-60.0,1,1,1,515.66,-60.0,10240
10.923,10.784,515.7,53.0,515.74,13.0,100.0,20.0,1,-40.0,1,1,1,515.74,-40.0,10240
11.022,10.88,515.8,49.0,515.84,9.0,100.0,20.0,1,-20.0,1,1,1,515.82,-20.0,10240
11.1,10.958,515.9,27.0,515.92,7.0,100.0,20.0,1,0.0,1,1,1,515.9,0.0,10240
11.266,11.118,516.0,87.0,516.08,7.0,100.0,20.0,1,-60.0,1,1,1,516.06,-60.0,10240
11.325,11.177,516.1,46.0,516.14,6.0,100.0,20.0,1,-20.0,1,1,1,516.12,-20.0,10240
11.476,11.331,516.2,100.0,516.28,20.0,100.0,20.0,1,-80.0,1,1,1,516.28,-80.0,10240
11.542,11.394,516.3,63.0,516.36,3.0,100.0,20.0,1,-40.0,1,1,1,516.34,-40.0,10240
11.633,11.489,516.4,58.0,516.44,18.0,100.0,20.0,1,-20.0,1,1,1,516.42,-20.0,10240
11.707,11.556,516.5,25.0,516.52,5.0,100.0,20.0,1,-20.0,1,1,1,516.52,-20.0,10240
11.866,11.711,516.6,80.0,516.68,0.0,100.0,20.0,1,-60.0,1,1,1,516.66,-60.0,10240
11.959,11.799,516.7,68.0,516.76,8.0,100.0,20.0,1,-60.0,1,1,1,516.76,-60.0,10240
12.082,11.927,516.8,96.0,516.88,16.0,100.0,20.0,1,-80.0,1,1,1,516.88,-80.0,10240
12.131,11.971,516.9,40.0,516.94,0.0,100.0,20.0,1,-40.0,1,1,1,516.94,-40.0,10240
12.251,12.093,517.0,62.0,517.06,2.0,100.0,20.0,1,-40.0,1,1,1,517.04,-40.0,10240
12.351,12.191,517.1,60.0,517.14,20.0,100.0,20.0,1,-40.0,1,1,1,517.14,-40.0,10240
12.493,12.337,517.2,106.0,517.3,6.0,100.0,20.0,1,-60.0,1,1,1,517.26,-60.0,10240
12.552,12.398,517.3,67.0,517.36,7.0,100.0,20.0,1,-60.0,1,1,1,517.36,-60.0,10240
12.659,12.503,517.4,72.0,517.46,12.0,100.0,20.0,1,-40.0,1,1,1,517.44,-40.0,10240
12.724,12.569,517.5,38.0,517.52,18.0,100.0,20.0,0,20.0,1,0,0,517.48,20.0,10240
12.848,12.688,517.6,57.0,517.64,17.0,100.0,20.0,1,-40.0,1,1,1,517.64,-40.0,10240
12.963,12.808,517.7,77.0,517.76,17.0,100.0,20.0,1,-60.0,1,1,1,517.76,-60.0,10240
13.095,12.933,517.8,102.0,517.9,2.0,100.0,20.0,1,-60.0,1,1,1,517.86,-60.0,10240
13.179,13.019,517.9,88.0,517.98,8.0,100.0,20.0,1,0.0,1,1,1,517.9,0.0,10240
13.272,13.111,518.0,80.0,518.06,20.0,100.0,20.0,1,-60.0,1,1,1,518.06,-60.0,10240
13.334,13.171,518.1,40.0,518.12,20.0,100.0,20.0,1,-20.0,1,1,1,518.12,-20.0,10240
13.452,13.288,518.2,57.0,518.24,17.0,100.0,20.0,1,-40.0,1,1,1,518.24,-40.0,10240
13.523,13.356,518.3,25.0,518.32,5.0,100.0,20.0,1,-20.0,1,1,1,518.32,-20.0,10240
13.661,13.501,518.4,70.0,518.46,10.0,100.0,20.0,1,-60.0,1,1,1,518.46,-60.0,10240
13.736,13.57,518.5,39.0,518.52,19.0,100.0,20.0,1,-20.0,1,1,1,518.52,-20.0,10240
13.871,13.706,518.6,75.0,518.66,15.0,100.0,20.0,1,-60.0,1,1,1,518.66,-60.0,10240
13.951,13.789,518.7,58.0,518.74,18.0,100.0,20.0,1,-40.0,1,1,1,518.74,-40.0,10240
14.083,13.915,518.8,84.0,518.88,4.0,100.0,20.0,1,-80.0,1,1,1,518.88,-80.0,10240
14.145,13.978,518.9,47.0,518.94,7.0,100.0,20.0,1,-40.0,1,1,1,518.94,-40.0,10240
14.253,14.085,519.0,54.0,519.04,14.0,100.0,20.0,1,-40.0,1,1,1,519.04,-40.0,10240
14.35,14.182,519.1,51.0,519.14,11.0,100.0,20.0,1,-40.0,1,1,1,519.14,-40.0,10240
14.462,14.295,519.2,64.0,519.26,4.0,100.0,20.0,1,-60.0,1,1,1,519.26,-60.0,10240
14.577,14.411,519.3,80.0,519.36,20.0,100.0,20.0,1,-60.0,1,1,1,519.36,-60.0,10240
14.662,14.496,519.4,65.0,519.46,5.0,100.0,20.0,1,-60.0,1,1,1,519.46,-60.0,10240
14.738,14.566,519.5,35.0,519.52,15.0,100.0,20.0,1,-20.0,1,1,1,519.52,-20.0,10240
14.83,14.662,519.6,31.0,519.62,11.0,100.0,20.0,1,-20.0,1,1,1,519.62,-20.0,10240
14.982,14.811,519.7,80.0,519.76,20.0,100.0,20.0,1,-60.0,1,1,1,519.76,-60.0,10240
15.13,14.931,519.8,100.0,519.9,0.0,100.0,20.0,1,-100.0,1,1,1,519.9,-100.0,10240
15.231,15.031,519.9,100.0,519.98,20.0,100.0,20.0,1,-80.0,1,1,1,519.98,-80.0,10240
15.291,15.09,520.0,59.0,520.04,19.0,100.0,20.0,1,-40.0,1,1,1,520.04,-40.0,10240
15.375,15.172,520.1,41.0,520.14,1.0,100.0,20.0,1,-40.0,1,1,1,520.14,-40.0,10240
15.467,15.265,520.2,34.0,520.22,14.0,100.0,20.0,1,-20.0,1,1,1,520.22,-20.0,10240
15.563,15.367,520.3,36.0,520.32,16.0,100.0,20.0,1,-20.0,1,1,1,520.32,-20.0,10240
15.686,15.485,520.4,54.0,520.44,14.0,100.0,20.0,1,-40.0,1,1,1,520.44,-40.0,10240
15.825,15.625,520.5,94.0,520.58,14.0,100.0,20.0,1,-80.0,1,1,1,520.58,-80.0,10240
15.882,15.68,520.6,49.0,520.64,9.0,100.0,20.0,1,-40.0,1,1,1,520.64,-40.0,10240
16.017,15.817,520.7,86.0,520.78,6.0,100.0,20.0,1,-20.0,1,1,1,520.72,-20.0,10240
16.07,15.867,520.8,36.0,520.82,16.0,100.0,20.0,1,0.0,1,1,1,520.8,0.0,10240
16.216,16.016,520.9,85.0,520.98,5.0,100.0,20.0,1,-60.0,1,1,1,520.96,-60.0,10240
16.283,16.08,521.0,49.0,521.04,9.0,100.0,20.0,1,-40.0,1,1,1,521.04,-40.0,10240
16.439,16.236,521.1,105.0,521.2,5.0,100.0,20.0,1,-100.0,1,1,1,521.2,-100.0,10240
16.503,16.302,521.2,71.0,521.26,11.0,100.0,20.0,1,-60.0,1,1,1,521.26,-60.0,10240
16.584,16.376,521.3,45.0,521.34,5.0,100.0,20.0,1,-40.0,1,1,1,521.34,-40.0,10240
16.68,16.468,521.4,37.0,521.42,17.0,100.0,20.0,1,0.0,1,1,1,521.4,0.0,10240
16.827,16.612,521.5,81.0,521.58,1.0,100.0,20.0,1,-60.0,1,1,1,521.56,-60.0,10240
16.898,16.682,521.6,51.0,521.64,11.0,100.0,20.0,1,-40.0,1,1,1,521.64,-40.0,10240
17.038,16.822,521.7,91.0,521.78,11.0,100.0,20.0,1,-80.0,1,1,1,521.78,-80.0,10240
17.085,16.87,521.8,39.0,521.82,19.0,100.0,20.0,1,-20.0,1,1,1,521.82,-20.0,10240
17.247,17.034,521.9,103.0,522.0,3.0,100.0,20.0,1,-80.0,1,1,1,521.98,-80.0,10240
17.308,17.092,522.0,61.0,522.06,1.0,100.0,20.0,1,-40.0,1,1,1,522.04,-40.0,10240
17.459,17.231,522.1,100.0,522.2,0.0,100.0,20.0,1,-100.0,1,1,1,522.2,-100.0,10240
17.505,17.277,522.2,46.0,522.24,6.0,100.0,20.0,1,-40.0,1,1,1,522.24,-40.0,10240
17.639,17.413,522.3,82.0,522.38,2.0,100.0,20.0,1,-20.0,1,1,1,522.32,-20.0,10240
17.695,17.472,522.4,41.0,522.44,1.0,100.0,20.0,1,0.0,1,1,1,522.4,0.0,10240
17.827,17.604,522.5,73.0,522.56,13.0,100.0,20.0,1,-60.0,1,1,1,522.56,-60.0,10240
17.914,17.692,522.6,61.0,522.66,1.0,100.0,20.0,1,-40.0,1,1,1,522.64,-40.0,10240
18.086,17.831,522.7,100.0,522.8,0.0,100.0,20.0,1,-100.0,1,1,1,522.8,-100.0,10240
18.166,17.911,522.8,80.0,522.86,20.0,100.0,20.0,1,-60.0,1,1,1,522.86,-60.0,10240
18.247,17.991,522.9,60.0,522.94,20.0,100.0,20.0,1,-40.0,1,1,1,522.94,-40.0,10240
18.313,18.057,523.0,26.0,523.02,6.0,100.0,20.0,1,0.0,1,1,1,523.0,0.0,10240
18.5,18.231,523.1,100.0,523.2,0.0,100.0,20.0,1,-100.0,1,1,1,523.2,-100.0,10240
18.564,18.3,523.2,69.0,523.26,9.0,100.0,20.0,1,-40.0,1,1,1,523.24,-40.0,10240
18.709,18.438,523.3,107.0,523.4,7.0,100.0,20.0,1,-40.0,1,1,1,523.34,-40.0,10240
18.747,18.471,523.4,40.0,523.42,20.0,100.0,20.0,0,40.0,1,0,0,523.36,40.0,10240
18.873,18.598,523.5,67.0,523.56,7.0,100.0,20.0,1,-40.0,1,1,1,523.54,-40.0,10240
18.959,18.683,523.6,52.0,523.64,12.0,100.0,20.0,1,-40.0,1,1,1,523.64,-40.0,10240
19.097,18.826,523.7,95.0,523.78,15.0,100.0,20.0,1,-40.0,1,1,1,523.74,-40.0,10240
19.181,18.909,523.8,78.0,523.86,18.0,100.0,20.0,0,20.0,1,0,0,523.78,20.0,10240
19.275,18.999,523.9,68.0,523.96,8.0,100.0,20.0,1,-20.0,1,1,1,523.92,-20.0,10240
19.345,19.069,524.0,38.0,524.02,18.0,100.0,20.0,1,-20.0,1,1,1,524.02,-20.0,10240
19.511,19.237,524.1,106.0,524.2,6.0,100.0,20.0,1,-60.0,1,1,1,524.16,-60.0,10240
19.569,19.29,524.2,59.0,524.24,19.0,100.0,20.0,1,-20.0,1,1,1,524.22,-20.0,10240
19.69,19.411,524.3,80.0,524.38,0.0,100.0,20.0,1,-60.0,1,1,1,524.36,-60.0,10240
19.752,19.473,524.4,42.0,524.44,2.0,100.0,20.0,1,-40.0,1,1,1,524.44,-40.0,10240
19.865,19.59,524.5,59.0,524.54,19.0,100.0,20.0,1,-40.0,1,1,1,524.54,-40.0,10240
19.975,19.688,524.6,57.0,524.64,17.0,100.0,20.0,1,-40.0,1,1,1,524.64,-40.0,10240
20.121,19.834,524.7,103.0,524.8,3.0,100.0,20.0,1,-100.0,1,1,1,524.8,-100.0,10240
20.193,19.905,524.8,74.0,524.86,14.0,100.0,20.0,1,-60.0,1,1,1,524.86,-60.0,10240
20.268,19.976,524.9,45.0,524.94,5.0,100.0,20.0,1,-40.0,1,1,1,524.94,-40.0,10240
20.353,20.066,525.0,35.0,525.02,15.0,100.0,20.0,1,0.0,1,1,1,525.0,0.0,10240
20.559,20.231,525.1,100.0,525.2,0.0,100.0,20.0,1,-100.0,1,1,1,525.2,-100.0,10240
20.663,20.337,525.2,106.0,525.3,6.0,100.0,20.0,1,-100.0,1,1,1,525.3,-100.0,10240
20.785,20.431,525.3,100.0,525.4,0.0,100.0,20.0,1,-100.0,1,1,1,525.4,-100.0,10240
20.867,20.507,525.4,76.0,525.46,16.0,100.0,20.0,1,-60.0,1,1,1,525.46,-60.0,10240
20.939,20.577,525.5,46.0,525.54,6.0,100.0,20.0,1,-40.0,1,1,1,525.54,-40.0,10240
21.054,20.691,525.6,60.0,525.64,20.0,100.0,20.0,1,-40.0,1,1,1,525.64,-40.0,10240
21.166,20.801,525.7,70.0,525.76,10.0,100.0,20.0,1,-60.0,1,1,1,525.76,-60.0,10240
21.261,20.896,525.8,65.0,525.86,5.0,100.0,20.0,1,-60.0,1,1,1,525.86,-60.0,10240
21.363,20.994,525.9,63.0,525.96,3.0,100.0,20.0,1,-60.0,1,1,1,525.96,-60.0,10240
21.442,21.075,526.0,44.0,526.04,4.0,100.0,20.0,1,-20.0,1,1,1,526.02,-20.0,10240
21.593,21.223,526.1,92.0,526.18,12.0,100.0,20.0,1,-80.0,1,1,1,526.18,-80.0,10240
21.703,21.328,526.2,97.0,526.28,17.0,100.0,20.0,1,-60.0,1,1,1,526.26,-60.0,10240
21.802,21.423,526.3,92.0,526.38,12.0,100.0,20.0,1,-80.0,1,1,1,526.38,-80.0,10240
21.868,21.489,526.4,58.0,526.44,18.0,100.0,20.0,1,-40.0,1,1,1,526.44,-40.0,10240
21.976,21.601,526.5,70.0,526.56,10.0,100.0,20.0,1,-40.0,1,1,1,526.54,-40.0,10240
22.065,21.69,526.6,59.0,526.64,19.0,100.0,20.0,0,20.0,1,0,0,526.58,20.0,10240
22.217,21.835,526.7,104.0,526.8,4.0,100.0,20.0,1,-100.0,1,1,1,526.8,-100.0,10240
22.279,21.894,526.8,63.0,526.86,3.0,100.0,20.0,1,-40.0,1,1,1,526.84,-40.0,10240
22.4,22.008,526.9,77.0,526.96,17.0,100.0,20.0,1,-60.0,1,1,1,526.96,-60.0,10240
22.477,22.083,527.0,52.0,527.04,12.0,100.0,20.0,1,-40.0,1,1,1,527.04,-40.0,10240
22.578,22.184,527.1,53.0,527.14,13.0,100.0,20.0,1,-40.0,1,1,1,527.14,-40.0,10240
22.666,22.273,527.2,42.0,527.24,2.0,100.0,20.0,1,-20.0,1,1,1,527.22,-20.0,10240
22.804,22.415,527.3,84.0,527.38,4.0,100.0,20.0,1,-60.0,1,1,1,527.36,-60.0,10240
22.884,22.49,527.4,59.0,527.44,19.0,100.0,20.0,1,-40.0,1,1,1,527.44,-40.0,10240
23.028,22.631,527.5,100.0,527.58,20.0,100.0,20.0,1,-80.0,1,1,1,527.58,-80.0,10240
23.084,22.691,527.6,60.0,527.64,20.0,100.0,20.0,1,-40.0,1,1,1,527.64,-40.0,10240
23.213,22.815,527.7,84.0,527.78,4.0,100.0,20.0,1,-80.0,1,1,1,527.78,-80.0,10240
23.273,22.874,527.8,43.0,527.84,3.0,100.0,20.0,1,-40.0,1,1,1,527.84,-40.0,10240
23.393,22.995,527.9,64.0,527.96,4.0,100.0,20.0,1,-40.0,1,1,1,527.94,-40.0,10240
23.5,23.107,528.0,76.0,528.06,16.0,100.0,20.0,1,-60.0,1,1,1,528.06,-60.0,10240
23.664,23.232,528.1,101.0,528.2,1.0,100.0,20.0,1,-100.0,1,1,1,528.2,-100.0,10240
23.747,23.315,528.2,84.0,528.28,4.0,100.0,20.0,1,-80.0,1,1,1,528.28,-80.0,10240
23.842,23.409,528.3,78.0,528.36,18.0,100.0,20.0,1,-60.0,1,1,1,528.36,-60.0,10240
23.899,23.466,528.4,35.0,528.42,15.0,100.0,20.0,1,-20.0,1,1,1,528.42,-20.0,10240
24.008,23.567,528.5,36.0,528.52,16.0,100.0,20.0,1,-20.0,1,1,1,528.52,-20.0,10240
24.101,23.664,528.6,33.0,528.62,13.0,100.0,20.0,1,-20.0,1,1,1,528.62,-20.0,10240
24.256,23.812,528.7,81.0,528.78,1.0,100.0,20.0,1,-80.0,1,1,1,528.78,-80.0,10240
24.332,23.889,528.8,58.0,528.84,18.0,100.0,20.0,1,-40.0,1,1,1,528.84,-40.0,10240
24.48,24.033,528.9,102.0,529.0,2.0,100.0,20.0,1,-100.0,1,1,1,529.0,-100.0,10240
24.526,24.078,529.0,47.0,529.04,7.0,100.0,20.0,1,-40.0,1,1,1,529.04,-40.0,10240
24.647,24.202,529.1,71.0,529.16,11.0,100.0,20.0,1,-60.0,1,1,1,529.16,-60.0,10240
24.748,24.303,529.2,72.0,529.26,12.0,100.0,20.0,1,-20.0,1,1,1,529.22,-20.0,10240
24.863,24.42,529.3,89.0,529.38,9.0,100.0,20.0,1,-60.0,1,1,1,529.36,-60.0,10240
24.965,24.517,529.4,86.0,529.48,6.0,100.0,20.0,1,-80.0,1,1,1,529.48,-80.0,10240
25.048,24.603,529.5,72.0,529.56,12.0,100.0,20.0,1,-60.0,1,1,1,529.56,-60.0,10240
25.117,24.67,529.6,39.0,529.62,19.0,100.0,20.0,1,-20.0,1,1,1,529.62,-20.0,10240
25.239,24.791,529.7,60.0,529.74,20.0,100.0,20.0,1,-40.0,1,1,1,529.74,-40.0,10240
25.345,24.9,529.8,69.0,529.86,9.0,100.0,20.0,1,-40.0,1,1,1,529.84,-40.0,10240
25.488,25.033,529.9,102.0,530.0,2.0,100.0,20.0,1,-100.0,1,1,1,530.0,-100.0,10240
25.593,25.132,530.0,101.0,530.1,1.0,100.0,20.0,1,-100.0,1,1,1,530.1,-100.0,10240
25.685,25.225,530.1,94.0,530.18,14.0,100.0,20.0,1,-80.0,1,1,1,530.18,-80.0,10240
25.741,25.278,530.2,47.0,530.24,7.0,100.0,20.0,1,-40.0,1,1,1,530.24,-40.0,10240
25.822,25.363,530.3,32.0,530.32,12.0,100.0,20.0,1,0.0,1,1,1,530.3,0.0,10240
25.926,25.469,530.4,38.0,530.42,18.0,100.0,20.0,1,-20.0,1,1,1,530.42,-20.0,10240
26.03,25.567,530.5,36.0,530.52,16.0,100.0,20.0,1,-20.0,1,1,1,530.52,-20.0,10240
26.175,25.714,530.6,83.0,530.68,3.0,100.0,20.0,1,-80.0,1,1,1,530.68,-80.0,10240
26.263,25.806,530.7,75.0,530.76,15.0,100.0,20.0,1,-60.0,1,1,1,530.76,-60.0,10240
26.38,25.92,530.8,89.0,530.88,9.0,100.0,20.0,1,-80.0,1,1,1,530.88,-80.0,10240
26.455,25.996,530.9,65.0,530.96,5.0,100.0,20.0,1,-60.0,1,1,1,530.96,-60.0,10240
26.578,26.113,531.0,82.0,531.08,2.0,100.0,20.0,1,-60.0,1,1,1,531.06,-60.0,10240
26.661,26.196,531.1,65.0,531.16,5.0,100.0,20.0,1,-60.0,1,1,1,531.16,-60.0,10240
26.763,26.3,531.2,69.0,531.26,9.0,100.0,20.0,1,-60.0,1,1,1,531.26,-60.0,10240
26.823,26.357,531.3,26.0,531.32,6.0,100.0,20.0,1,-20.0,1,1,1,531.32,-20.0,10240
26.964,26.5,531.4,69.0,531.46,9.0,100.0,20.0,1,-60.0,1,1,1,531.46,-60.0,10240
27.05,26.584,531.5,53.0,531.54,13.0,100.0,20.0,1,-40.0,1,1,1,531.54,-40.0,10240
27.179,26.714,531.6,83.0,531.68,3.0,100.0,20.0,1,-60.0,1,1,1,531.66,-60.0,10240
27.243,26.777,531.7,46.0,531.74,6.0,100.0,20.0,1,-20.0,1,1,1,531.72,-20.0,10240
27.358,26.895,531.8,64.0,531.86,4.0,100.0,20.0,1,-40.0,1,1,1,531.84,-40.0,10240
27.467,27.0,531.9,69.0,531.96,9.0,100.0,20.0,1,-60.0,1,1,1,531.96,-60.0,10240
27.621,27.131,532.0,100.0,532.1,0.0,100.0,20.0,1,-100.0,1,1,1,532.1,-100.0,10240
27.696,27.207,532.1,76.0,532.16,16.0,100.0,20.0,1,-60.0,1,1,1,532.16,-60.0,10240
27.774,27.286,532.2,55.0,532.24,15.0,100.0,20.0,1,-40.0,1,1,1,532.24,-40.0,10240
27.852,27.367,532.3,36.0,532.32,16.0,100.0,20.0,1,0.0,1,1,1,532.3,0.0,10240
27.996,27.507,532.4,76.0,532.46,16.0,100.0,20.0,1,-60.0,1,1,1,532.46,-60.0,10240
28.077,27.591,532.5,60.0,532.54,20.0,100.0,20.0,1,-40.0,1,1,1,532.54,-40.0,10240
28.224,27.738,532.6,107.0,532.7,7.0,100.0,20.0,1,-100.0,1,1,1,532.7,-100.0,10240
28.278,27.791,532.7,60.0,532.74,20.0,100.0,20.0,1,-40.0,1,1,1,532.74,-40.0,10240
28.416,27.923,532.8,92.0,532.88,12.0,100.0,20.0,1,-80.0,1,1,1,532.88,-80.0,10240
28.513,28.019,532.9,88.0,532.98,8.0,100.0,20.0,1,-60.0,1,1,1,532.96,-60.0,10240
28.647,28.132,533.0,101.0,533.1,1.0,100.0,20.0,1,-100.0,1,1,1,533.1,-100.0,10240
28.724,28.213,533.1,82.0,533.18,2.0,100.0,20.0,1,-40.0,1,1,1,533.14,-40.0,10240
28.808,28.298,533.2,67.0,533.26,7.0,100.0,20.0,1,0.0,1,1,1,533.2,0.0,10240
28.878,28.365,533.3,34.0,533.32,14.0,100.0,20.0,0,40.0,1,0,0,533.26,40.0,10240
28.999,28.485,533.4,54.0,533.44,14.0,100.0,20.0,1,0.0,1,1,1,533.4,0.0,10240
29.101,28.585,533.5,54.0,533.54,14.0,100.0,20.0,1,-40.0,1,1,1,533.54,-40.0,10240
29.256,28.738,533.6,107.0,533.7,7.0,100.0,20.0,1,-100.0,1,1,1,533.7,-100.0,10240
29.31,28.786,533.7,55.0,533.74,15.0,100.0,20.0,1,-40.0,1,1,1,533.74,-40.0,10240
29.409,28.883,533.8,52.0,533.84,12.0,100.0,20.0,1,-40.0,1,1,1,533.84,-40.0,10240
29.484,28.962,533.9,31.0,533.92,11.0,100.0,20.0,1,-20.0,1,1,1,533.92,-20.0,10240
29.663,29.131,534.0,100.0,534.1,0.0,100.0,20.0,1,-80.0,1,1,1,534.08,-80.0,10240
29.725,29.197,534.1,66.0,534.16,6.0,100.0,20.0,1,-40.0,1,1,1,534.14,-40.0,10240
29.87,29.332,534.2,101.0,534.3,1.0,100.0,20.0,1,-100.0,1,1,1,534.3,-100.0,10240
29.926,29.388,534.3,57.0,534.34,17.0,100.0,20.0,1,-40.0,1,1,1,534.34,-40.0,10240
30.061,29.522,534.4,91.0,534.48,11.0,100.0,20.0,1,-80.0,1,1,1,534.48,-80.0,10240
30.121,29.585,534.5,54.0,534.54,14.0,100.0,20.0,1,-20.0,1,1,1,534.52,-20.0,10240
30.237,29.698,534.6,67.0,534.66,7.0,100.0,20.0,1,-60.0,1,1,1,534.66,-60.0,10240
30.329,29.792,534.7,61.0,534.76,1.0,100.0,20.0,1,-40.0,1,1,1,534.74,-40.0,10240
30.467,29.931,534.8,100.0,534.88,20.0,100.0,20.0,1,-80.0,1,1,1,534.88,-80.0,10240
30.559,30.024,534.9,93.0,534.98,13.0,100.0,20.0,1,-80.0,1,1,1,534.98,-80.0,10240
30.645,30.111,535.0,80.0,535.06,20.0,100.0,20.0,1,-60.0,1,1,1,535.06,-60.0,10240
30.707,30.17,535.1,39.0,535.12,19.0,100.0,20.0,1,-20.0,1,1,1,535.12,-20.0,10240
30.806,30.267,535.2,36.0,535.22,16.0,100.0,20.0,1,-20.0,1,1,1,535.22,-20.0,10240
30.956,30.422,535.3,91.0,535.38,11.0,100.0,20.0,1,-60.0,1,1,1,535.36,-60.0,10240
31.08,30.531,535.4,100.0,535.5,0.0,100.0,20.0,1,-100.0,1,1,1,535.5,-100.0,10240
31.167,30.62,535.5,89.0,535.58,9.0,100.0,20.0,1,-80.0,1,1,1,535.58,-80.0,10240
31.244,30.701,535.6,70.0,535.66,10.0,100.0,20.0,1,-60.0,1,1,1,535.66,-60.0,10240
31.317,30.773,535.7,42.0,535.74,2.0,100.0,20.0,1,-20.0,1,1,1,535.72,-20.0,10240
31.426,30.88,535.8,49.0,535.84,9.0,100.0,20.0,1,-20.0,1,1,1,535.82,-20.0,10240
31.513,30.963,535.9,32.0,535.92,12.0,100.0,20.0,1,-20.0,1,1,1,535.92,-20.0,10240
31.632,31.081,536.0,50.0,536.04,10.0,100.0,20.0,1,-40.0,1,1,1,536.04,-40.0,10240
31.764,31.217,536.1,86.0,536.18,6.0,100.0,20.0,1,-60.0,1,1,1,536.16,-60.0,10240
31.87,31.318,536.2,87.0,536.28,7.0,100.0,20.0,1,-80.0,1,1,1,536.28,-80.0,10240
31.99,31.431,536.3,100.0,536.4,0.0,100.0,20.0,1,-100.0,1,1,1,536.4,-100.0,10240
32.047,31.488,536.4,57.0,536.44,17.0,100.0,20.0,1,-40.0,1,1,1,536.44,-40.0,10240
32.132,31.573,536.5,42.0,536.54,2.0,100.0,20.0,1,-20.0,1,1,1,536.52,-20.0,10240
32.226,31.672,536.6,41.0,536.64,1.0,100.0,20.0,1,-20.0,1,1,1,536.62,-20.0,10240
32.329,31.773,536.7,42.0,536.74,2.0,100.0,20.0,1,-20.0,1,1,1,536.72,-20.0,10240
32.457,31.9,536.8,69.0,536.86,9.0,100.0,20.0,1,-60.0,1,1,1,536.86,-60.0,10240
32.565,32.011,536.9,80.0,536.96,20.0,100.0,20.0,1,-60.0,1,1,1,536.96,-60.0,10240
32.654,32.094,537.0,63.0,537.06,3.0,100.0,20.0,1,-60.0,1,1,1,537.06,-60.0,10240
32.766,32.206,537.1,75.0,537.16,15.0,100.0,20.0,1,-60.0,1,1,1,537.16,-60.0,10240
32.836,32.275,537.2,44.0,537.24,4.0,100.0,20.0,1,-20.0,1,1,1,537.22,-20.0,10240
33.006,32.438,537.3,107.0,537.4,7.0,100.0,20.0,1,-80.0,1,1,1,537.38,-80.0,10240
33.082,32.51,537.4,79.0,537.46,19.0,100.0,20.0,1,-60.0,1,1,1,537.46,-60.0,10240
33.19,32.621,537.5,90.0,537.58,10.0,100.0,20.0,1,-80.0,1,1,1,537.58,-80.0,10240
33.268,32.698,537.6,67.0,537.66,7.0,100.0,20.0,1,-40.0,1,1,1,537.64,-40.0,10240
33.391,32.822,537.7,91.0,537.78,11.0,100.0,20.0,1,-80.0,1,1,1,537.78,-80.0,10240
33.471,32.898,537.8,67.0,537.86,7.0,100.0,20.0,1,-60.0,1,1,1,537.86,-60.0,10240
33.566,32.993,537.9,62.0,537.96,2.0,100.0,20.0,1,-40.0,1,1,1,537.94,-40.0,10240
33.638,33.068,538.0,37.0,538.02,17.0,100.0,20.0,1,-20.0,1,1,1,538.02,-20.0,10240
33.766,33.198,538.1,67.0,538.16,7.0,100.0,20.0,1,-40.0,1,1,1,538.14,-40.0,10240
33.856,33.288,538.2,57.0,538.24,17.0,100.0,20.0,1,-40.0,1,1,1,538.24,-40.0,10240
34.032,33.433,538.3,102.0,538.4,2.0,100.0,20.0,1,-100.0,1,1,1,538.4,-100.0,10240
34.118,33.523,538.4,92.0,538.48,12.0,100.0,20.0,1,-60.0,1,1,1,538.46,-60.0,10240
34.198,33.598,538.5,67.0,538.56,7.0,100.0,20.0,1,-60.0,1,1,1,538.56,-60.0,10240
34.265,33.667,538.6,36.0,538.62,16.0,100.0,20.0,1,-20.0,1,1,1,538.62,-20.0,10240
34.377,33.782,538.7,51.0,538.74,11.0,100.0,20.0,1,-40.0,1,1,1,538.74,-40.0,10240
34.462,33.862,538.8,31.0,538.82,11.0,100.0,20.0,1,0.0,1,1,1,538.8,0.0,10240
34.592,33.99,538.9,59.0,538.94,19.0,100.0,20.0,1,-40.0,1,1,1,538.94,-40.0,10240
34.7,34.101,539.0,70.0,539.06,10.0,100.0,20.0,1,-60.0,1,1,1,539.06,-60.0,10240
34.822,34.226,539.1,95.0,539.18,15.0,100.0,20.0,1,-80.0,1,1,1,539.18,-80.0,10240
34.877,34.279,539.2,48.0,539.24,8.0,100.0,20.0,1,-20.0,1,1,1,539.22,-20.0,10240
35.014,34.411,539.3,80.0,539.38,0.0,100.0,20.0,1,-60.0,1,1,1,539.36,-60.0,10240
35.072,34.475,539.4,44.0,539.44,4.0,100.0,20.0,1,-20.0,1,1,1,539.42,-20.0,10240
35.232,34.63,539.5,99.0,539.58,19.0,100.0,20.0,1,-80.0,1,1,1,539.58,-80.0,10240
35.318,34.718,539.6,87.0,539.68,7.0,100.0,20.0,1,-80.0,1,1,1,539.68,-80.0,10240
35.413,34.813,539.7,82.0,539.78,2.0,100.0,20.0,1,-60.0,1,1,1,539.76,-60.0,10240
35.511,34.908,539.8,77.0,539.86,17.0,100.0,20.0,1,-60.0,1,1,1,539.86,-60.0,10240
35.572,34.969,539.9,38.0,539.92,18.0,100.0,20.0,1,-20.0,1,1,1,539.92,-20.0,10240
35.68,35.082,540.0,51.0,540.04,11.0,100.0,20.0,1,-20.0,1,1,1,540.02,-20.0,10240
35.789,35.192,540.1,61.0,540.14,21.0,100.0,20.0,1,-40.0,1,1,1,540.14,-40.0,10240
35.921,35.318,540.2,87.0,540.28,7.0,100.0,20.0,1,-80.0,1,1,1,540.28,-80.0,10240
36.032,35.426,540.3,95.0,540.38,15.0,100.0,20.0,1,-80.0,1,1,1,540.38,-80.0,10240
36.102,35.496,540.4,65.0,540.46,5.0,100.0,20.0,1,-40.0,1,1,1,540.44,-40.0,10240
36.171,35.564,540.5,33.0,540.52,13.0,100.0,20.0,1,-20.0,1,1,1,540.52,-20.0,10240
36.302,35.698,540.6,67.0,540.66,7.0,100.0,20.0,1,-40.0,1,1,1,540.64,-40.0,10240
36.386,35.782,540.7,51.0,540.74,11.0,100.0,20.0,1,0.0,1,1,1,540.7,0.0,10240
36.543,35.933,540.8,102.0,540.9,2.0,100.0,20.0,1,-80.0,1,1,1,540.88,-80.0,10240
36.628,36.02,540.9,89.0,540.98,9.0,100.0,20.0,1,-60.0,1,1,1,540.96,-60.0,10240
36.78,36.131,541.0,100.0,541.1,0.0,100.0,20.0,1,-100.0,1,1,1,541.1,-100.0,10240
36.853,36.204,541.1,73.0,541.16,13.0,100.0,20.0,1,-60.0,1,1,1,541.16,-60.0,10240
36.916,36.258,541.2,27.0,541.22,7.0,100.0,20.0,1,-20.0,1,1,1,541.22,-20.0,10240
37.055,36.396,541.3,65.0,541.36,5.0,100.0,20.0,1,-60.0,1,1,1,541.36,-60.0,10240
37.157,36.502,541.4,71.0,541.46,11.0,100.0,20.0,1,-60.0,1,1,1,541.46,-60.0,10240
37.257,36.605,541.5,74.0,541.56,14.0,100.0,20.0,1,-60.0,1,1,1,541.56,-60.0,10240
37.378,36.723,541.6,92.0,541.68,12.0,100.0,20.0,1,-80.0,1,1,1,541.68,-80.0,10240
37.475,36.809,541.7,78.0,541.76,18.0,100.0,20.0,1,-60.0,1,1,1,541.76,-60.0,10240
37.535,36.871,541.8,40.0,541.82,20.0,100.0,20.0,1,-20.0,1,1,1,541.82,-20.0,10240
37.633,36.963,541.9,32.0,541.92,12.0,100.0,20.0,1,-20.0,1,1,1,541.92,-20.0,10240
37.754,37.089,542.0,58.0,542.04,18.0,100.0,20.0,1,-40.0,1,1,1,542.04,-40.0,10240
37.892,37.22,542.1,89.0,542.18,9.0,100.0,20.0,1,-80.0,1,1,1,542.18,-80.0,10240
37.988,37.316,542.2,85.0,542.28,5.0,100.0,20.0,1,-80.0,1,1,1,542.28,-80.0,10240
38.073,37.401,542.3,70.0,542.36,10.0,100.0,20.0,1,-60.0,1,1,1,542.36,-60.0,10240
38.183,37.512,542.4,81.0,542.48,1.0,100.0,20.0,1,-60.0,1,1,1,542.46,-60.0,10240
38.244,37.573,542.5,42.0,542.54,2.0,100.0,20.0,1,-20.0,1,1,1,542.52,-20.0,10240
38.339,37.666,542.6,35.0,542.62,15.0,100.0,20.0,1,-20.0,1,1,1,542.62,-20.0,10240
38.484,37.814,542.7,83.0,542.78,3.0,100.0,20.0,1,-60.0,1,1,1,542.76,-60.0,10240
38.573,37.904,542.8,73.0,542.86,13.0,100.0,20.0,1,-20.0,1,1,1,542.82,-20.0,10240
38.672,37.998,542.9,67.0,542.96,7.0,100.0,20.0,1,-60.0,1,1,1,542.96,-60.0,10240
38.792,38.114,543.0,83.0,543.08,3.0,100.0,20.0,1,-80.0,1,1,1,543.08,-80.0,10240
38.888,38.207,543.1,76.0,543.16,16.0,100.0,20.0,1,-60.0,1,1,1,543.16,-60.0,10240
38.971,38.294,543.2,63.0,543.26,3.0,100.0,20.0,1,-20.0,1,1,1,543.22,-20.0,10240
39.05,38.372,543.3,41.0,543.34,1.0,100.0,20.0,0,40.0,1,0,0,543.26,40.0,10240
39.181,38.503,543.4,72.0,543.46,12.0,100.0,20.0,1,-40.0,1,1,1,543.44,-40.0,10240
39.265,38.584,543.5,53.0,543.54,13.0,100.0,20.0,1,-40.0,1,1,1,543.54,-40.0,10240
39.416,38.737,543.6,106.0,543.7,6.0,100.0,20.0,1,-80.0,1,1,1,543.68,-80.0,10240
39.496,38.818,543.7,87.0,543.78,7.0,100.0,20.0,1,-60.0,1,1,1,543.76,-60.0,10240
39.605,38.926,543.8,95.0,543.88,15.0,100.0,20.0,1,-60.0,1,1,1,543.86,-60.0,10240
39.663,38.984,543.9,53.0,543.94,13.0,100.0,20.0,1,0.0,1,1,1,543.9,0.0,10240
39.77,39.09,544.0,59.0,544.04,19.0,100.0,20.0,0,40.0,1,0,0,543.96,40.0,10240
39.844,39.159,544.1,28.0,544.12,8.0,100.0,20.0,0,40.0,1,0,0,544.06,40.0,10240
39.993,39.314,544.2,83.0,544.28,3.0,100.0,20.0,1,0.0,1,1,1,544.2,0.0,10240
40.068,39.386,544.3,55.0,544.34,15.0,100.0,20.0,1,0.0,1,1,1,544.3,0.0,10240
40.216,39.531,544.4,100.0,544.5,0.0,100.0,20.0,1,-100.0,1,1,1,544.5,-100.0,10240
40.326,39.636,544.5,105.0,544.6,5.0,100.0,20.0,1,-80.0,1,1,1,544.58,-80.0,10240
40.397,39.704,544.6,73.0,544.66,13.0,100.0,20.0,1,-60.0,1,1,1,544.66,-60.0,10240
40.481,39.791,544.7,60.0,544.74,20.0,100.0,20.0,1,-40.0,1,1,1,544.74,-40.0,10240
40.602,39.914,544.8,83.0,544.86,23.0,100.0,20.0,1,-20.0,1,1,1,544.82,-20.0,10240
40.711,40.019,544.9,88.0,544.98,8.0,100.0,20.0,1,-80.0,1,1,1,544.98,-80.0,10240
40.809,40.116,545.0,85.0,545.08,5.0,100.0,20.0,1,-80.0,1,1,1,545.08,-80.0,10240
40.9,40.211,545.1,80.0,545.16,20.0,100.0,20.0,1,-40.0,1,1,1,545.14,-40.0,10240
40.97,40.278,545.2,47.0,545.24,7.0,100.0,20.0,1,-40.0,1,1,1,545.24,-40.0,10240
41.064,40.374,545.3,43.0,545.34,3.0,100.0,20.0,1,-20.0,1,1,1,545.32,-20.0,10240
41.162,40.474,545.4,43.0,545.44,3.0,100.0,20.0,1,-20.0,1,1,1,545.42,-20.0,10240
41.306,40.617,545.5,86.0,545.58,6.0,100.0,20.0,1,-60.0,1,1,1,545.56,-60.0,10240
41.382,40.688,545.6,57.0,545.64,17.0,100.0,20.0,1,-40.0,1,1,1,545.64,-40.0,10240
41.518,40.829,545.7,98.0,545.78,18.0,100.0,20.0,1,-60.0,1,1,1,545.76,-60.0,10240
41.619,40.93,545.8,99.0,545.88,19.0,100.0,20.0,1,-80.0,1,1,1,545.88,-80.0,10240
41.682,40.992,545.9,61.0,545.96,1.0,100.0,20.0,1,-40.0,1,1,1,545.94,-40.0,10240
41.754,41.062,546.0,31.0,546.02,11.0,100.0,20.0,1,0.0,1,1,1,546.0,0.0,10240
41.917,41.223,546.1,92.0,546.18,12.0,100.0,20.0,1,-80.0,1,1,1,546.18,-80.0,10240
42.032,41.338,546.2,107.0,546.3,7.0,100.0,20.0,1,-80.0,1,1,1,546.28,-80.0,10240
42.133,41.435,546.3,104.0,546.4,4.0,100.0,20.0,1,-60.0,1,1,1,546.36,-60.0,10240
42.18,41.482,546.4,51.0,546.44,11.0,100.0,20.0,1,0.0,1,1,1,546.4,0.0,10240
42.292,41.595,546.5,64.0,546.56,4.0,100.0,20.0,1,-20.0,1,1,1,546.52,-20.0,10240
42.363,41.665,546.6,34.0,546.62,14.0,100.0,20.0,1,0.0,1,1,1,546.6,0.0,10240
42.513,41.814,546.7,83.0,546.78,3.0,100.0,20.0,1,-60.0,1,1,1,546.76,-60.0,10240
42.581,41.879,546.8,48.0,546.84,8.0,100.0,20.0,1,0.0,1,1,1,546.8,0.0,10240
42.724,42.028,546.9,97.0,546.98,17.0,100.0,20.0,1,0.0,1,1,1,546.9,0.0,10240
42.786,42.081,547.0,50.0,547.04,10.0,100.0,20.0,1,0.0,1,1,1,547.0,0.0,10240
42.912,42.206,547.1,75.0,547.16,15.0,100.0,20.0,1,-60.0,1,1,1,547.16,-60.0,10240
42.99,42.282,547.2,51.0,547.24,11.0,100.0,20.0,1,-40.0,1,1,1,547.24,-40.0,10240
43.161,42.431,547.3,100.0,547.4,0.0,100.0,20.0,1,-100.0,1,1,1,547.4,-100.0,10240
43.223,42.493,547.4,62.0,547.46,2.0,100.0,20.0,1,-40.0,1,1,1,547.44,-40.0,10240
43.32,42.591,547.5,60.0,547.54,20.0,100.0,20.0,1,-40.0,1,1,1,547.54,-40.0,10240
43.391,42.657,547.6,26.0,547.62,6.0,100.0,20.0,1,-20.0,1,1,1,547.62,-20.0,10240
43.502,42.772,547.7,41.0,547.74,1.0,100.0,20.0,1,-20.0,1,1,1,547.72,-20.0,10240
43.605,42.871,547.8,40.0,547.84,0.0,100.0,20.0,1,-20.0,1,1,1,547.82,-20.0,10240
43.756,43.021,547.9,90.0,547.98,10.0,100.0,20.0,1,-80.0,1,1,1,547.98,-80.0,10240
43.817,43.085,548.0,54.0,548.04,14.0,100.0,20.0,1,-40.0,1,1,1,548.04,-40.0,10240
43.949,43.218,548.1,87.0,548.18,7.0,100.0,20.0,1,-60.0,1,1,1,548.16,-60.0,10240
44.011,43.275,548.2,44.0,548.24,4.0,100.0,20.0,1,-40.0,1,1,1,548.24,-40.0,10240
44.133,43.399,548.3,68.0,548.36,8.0,100.0,20.0,1,-60.0,1,1,1,548.36,-60.0,10240
44.218,43.487,548.4,56.0,548.44,16.0,100.0,20.0,1,-20.0,1,1,1,548.42,-20.0,10240
44.344,43.608,548.5,77.0,548.56,17.0,100.0,20.0,1,-60.0,1,1,1,548.56,-60.0,10240
44.425,43.694,548.6,63.0,548.66,3.0,100.0,20.0,1,-40.0,1,1,1,548.64,-40.0,10240
44.536,43.805,548.7,74.0,548.76,14.0,100.0,20.0,1,-40.0,1,1,1,548.74,-40.0,10240
44.617,43.876,548.8,45.0,548.84,5.0,100.0,20.0,1,-40.0,1,1,1,548.84,-40.0,10240
44.747,44.011,548.9,80.0,548.96,20.0,100.0,20.0,1,-20.0,1,1,1,548.92,-20.0,10240
44.828,44.081,549.0,50.0,549.04,10.0,100.0,20.0,1,0.0,1,1,1,549.0,0.0,10240
44.981,44.232,549.1,101.0,549.2,1.0,100.0,20.0,1,-100.0,1,1,1,549.2,-100.0,10240
45.041,44.29,549.2,59.0,549.24,19.0,100.0,20.0,1,-40.0,1,1,1,549.24,-40.0,10240
45.125,44.374,549.3,43.0,549.34,3.0,100.0,20.0,1,-40.0,1,1,1,549.34,-40.0,10240
45.214,44.465,549.4,34.0,549.42,14.0,100.0,20.0,1,-20.0,1,1,1,549.42,-20.0,10240
45.346,44.594,549.5,63.0,549.56,3.0,100.0,20.0,1,-40.0,1,1,1,549.54,-40.0,10240
45.457,44.7,549.6,69.0,549.66,9.0,100.0,20.0,1,-60.0,1,1,1,549.66,-60.0,10240
45.576,44.819,549.7,88.0,549.78,8.0,100.0,20.0,1,-40.0,1,1,1,549.74,-40.0,10240
45.666,44.909,549.8,78.0,549.86,18.0,100.0,20.0,1,0.0,1,1,1,549.8,0.0,10240
45.755,44.998,549.9,67.0,549.96,7.0,100.0,20.0,0,40.0,1,0,0,549.86,40.0,10240
45.829,45.071,550.0,40.0,550.02,20.0,100.0,20.0,0,60.0,1,0,0,549.94,60.0,10240
45.941,45.184,550.1,53.0,550.14,13.0,100.0,20.0,1,0.0,1,1,1,550.1,0.0,10240
46.062,45.3,550.2,69.0,550.26,9.0,100.0,20.0,1,-60.0,1,1,1,550.26,-60.0,10240
46.161,45.402,550.3,71.0,550.36,11.0,100.0,20.0,1,-60.0,1,1,1,550.36,-60.0,10240
46.265,45.5,550.4,69.0,550.46,9.0,100.0,20.0,1,-60.0,1,1,1,550.46,-60.0,10240
46.328,45.569,550.5,38.0,550.52,18.0,100.0,20.0,1,-20.0,1,1,1,550.52,-20.0,10240
46.502,45.731,550.6,100.0,550.7,0.0,100.0,20.0,1,-100.0,1,1,1,550.7,-100.0,10240
46.585,45.816,550.7,85.0,550.78,5.0,100.0,20.0,1,-80.0,1,1,1,550.78,-80.0,10240
46.7,45.931,550.8,100.0,550.88,20.0,100.0,20.0,1,-80.0,1,1,1,550.88,-80.0,10240
46.792,46.023,550.9,92.0,550.98,12.0,100.0,20.0,1,-80.0,1,1,1,550.98,-80.0,10240
46.866,46.095,551.0,64.0,551.06,4.0,100.0,20.0,1,-60.0,1,1,1,551.06,-60.0,10240
46.954,46.185,551.1,54.0,551.14,14.0,100.0,20.0,1,-40.0,1,1,1,551.14,-40.0,10240
47.063,46.294,551.2,63.0,551.26,3.0,100.0,20.0,1,0.0,1,1,1,551.2,0.0,10240
47.142,46.355,551.3,24.0,551.32,4.0,100.0,20.0,1,-20.0,1,1,1,551.32,-20.0,10240
47.273,46.5,551.4,69.0,551.46,9.0,100.0,20.0,1,-60.0,1,1,1,551.46,-60.0,10240
47.357,46.585,551.5,54.0,551.54,14.0,100.0,20.0,1,-40.0,1,1,1,551.54,-40.0,10240
47.519,46.731,551.6,100.0,551.7,0.0,100.0,20.0,1,-100.0,1,1,1,551.7,-100.0,10240
47.58,46.795,551.7,64.0,551.76,4.0,100.0,20.0,1,-60.0,1,1,1,551.76,-60.0,10240
47.705,46.915,551.8,84.0,551.88,4.0,100.0,20.0,1,-60.0,1,1,1,551.86,-60.0,10240
47.761,46.971,551.9,40.0,551.94,0.0,100.0,20.0,1,-20.0,1,1,1,551.92,-20.0,10240
47.913,47.116,552.0,85.0,552.08,5.0,100.0,20.0,1,-60.0,1,1,1,552.06,-60.0,10240
47.983,47.186,552.1,55.0,552.14,15.0,100.0,20.0,1,-40.0,1,1,1,552.14,-40.0,10240
48.149,47.331,552.2,100.0,552.3,0.0,100.0,20.0,1,-100.0,1,1,1,552.3,-100.0,10240
48.192,47.374,552.3,43.0,552.34,3.0,100.0,20.0,1,-40.0,1,1,1,552.34,-40.0,10240
48.306,47.486,552.4,55.0,552.44,15.0,100.0,20.0,1,-40.0,1,1,1,552.44,-40.0,10240
48.415,47.6,552.5,69.0,552.56,9.0,100.0,20.0,1,-40.0,1,1,1,552.54,-40.0,10240
48.532,47.703,552.6,72.0,552.66,12.0,100.0,20.0,1,-60.0,1,1,1,552.66,-60.0,10240
48.62,47.795,552.7,64.0,552.76,4.0,100.0,20.0,1,-40.0,1,1,1,552.74,-40.0,10240
48.723,47.896,552.8,65.0,552.86,5.0,100.0,20.0,1,-20.0,1,1,1,552.82,-20.0,10240
48.797,47.969,552.9,38.0,552.92,18.0,100.0,20.0,0,20.0,1,0,0,552.88,20.0,10240
48.967,48.137,553.0,106.0,553.1,6.0,100.0,20.0,1,-80.0,1,1,1,553.08,-80.0,10240
49.021,48.191,553.1,60.0,553.14,20.0,100.0,20.0,1,-40.0,1,1,1,553.14,-40.0,10240
49.151,48.317,553.2,86.0,553.28,6.0,100.0,20.0,1,-80.0,1,1,1,553.28,-80.0,10240
49.22,48.391,553.3,60.0,553.34,20.0,100.0,20.0,1,-20.0,1,1,1,553.32,-20.0,10240
49.351,48.517,553.4,86.0,553.48,6.0,100.0,20.0,1,-80.0,1,1,1,553.48,-80.0,10240
49.422,48.588,553.5,57.0,553.54,17.0,100.0,20.0,1,-40.0,1,1,1,553.54,-40.0,10240
49.521,48.689,553.6,58.0,553.64,18.0,100.0,20.0,1,-40.0,1,1,1,553.64,-40.0,10240
49.596,48.761,553.7,30.0,553.72,10.0,100.0,20.0,1,0.0,1,1,1,553.7,0.0,10240
49.712,48.879,553.8,48.0,553.84,8.0,100.0,20.0,1,-40.0,1,1,1,553.84,-40.0,10240
49.799,48.961,553.9,30.0,553.92,10.0,100.0,20.0,1,-20.0,1,1,1,553.92,-20.0,10240
49.952,49.114,554.0,83.0,554.08,3.0,100.0,20.0,1,-60.0,1,1,1,554.06,-60.0,10240
50.046,49.209,554.1,78.0,554.16,18.0,100.0,20.0,1,-60.0,1,1,1,554.16,-60.0,10240
50.163,49.325,554.2,94.0,554.28,14.0,100.0,20.0,1,-80.0,1,1,1,554.28,-80.0,10240
50.249,49.411,554.3,80.0,554.38,0.0,100.0,20.0,1,-60.0,1,1,1,554.36,-60.0,10240
50.327,49.488,554.4,57.0,554.44,17.0,100.0,20.0,1,-40.0,1,1,1,554.44,-40.0,10240
50.402,49.569,554.5,38.0,554.52,18.0,100.0,20.0,1,-20.0,1,1,1,554.52,-20.0,10240
50.522,49.685,554.6,54.0,554.64,14.0,100.0,20.0,1,-40.0,1,1,1,554.64,-40.0,10240
50.631,49.794,554.7,63.0,554.76,3.0,100.0,20.0,1,-40.0,1,1,1,554.74,-40.0,10240
50.76,49.925,554.8,94.0,554.88,14.0,100.0,20.0,1,-60.0,1,1,1,554.86,-60.0,10240
50.832,49.993,554.9,62.0,554.96,2.0,100.0,20.0,1,-60.0,1,1,1,554.96,-60.0,10240
50.916,50.079,555.0,48.0,555.04,8.0,100.0,20.0,1,-40.0,1,1,1,555.04,-40.0,10240
51.015,50.177,555.1,46.0,555.14,6.0,100.0,20.0,1,-20.0,1,1,1,555.12,-20.0,10240
51.149,50.307,555.2,76.0,555.26,16.0,100.0,20.0,1,-60.0,1,1,1,555.26,-60.0,10240
51.244,50.403,555.3,72.0,555.36,12.0,100.0,20.0,1,-60.0,1,1,1,555.36,-60.0,10240
51.355,50.514,555.4,83.0,555.48,3.0,100.0,20.0,1,-60.0,1,1,1,555.46,-60.0,10240
51.463,50.625,555.5,94.0,555.58,14.0,100.0,20.0,1,-60.0,1,1,1,555.56,-60.0,10240
51.532,50.696,555.6,65.0,555.66,5.0,100.0,20.0,1,0.0,1,1,1,555.6,0.0,10240
51.641,50.801,555.7,70.0,555.76,10.0,100.0,20.0,1,-40.0,1,1,1,555.74,-40.0,10240
51.706,50.858,555.8,27.0,555.82,7.0,100.0,20.0,1,-20.0,1,1,1,555.82,-20.0,10240
51.861,51.017,555.9,86.0,555.98,6.0,100.0,20.0,1,-60.0,1,1,1,555.96,-60.0,10240
51.964,51.117,556.0,86.0,556.08,6.0,100.0,20.0,1,-80.0,1,1,1,556.08,-80.0,10240
52.088,51.238,556.1,107.0,556.2,7.0,100.0,20.0,1,-100.0,1,1,1,556.2,-100.0,10240
52.16,51.304,556.2,73.0,556.26,13.0,100.0,20.0,1,-60.0,1,1,1,556.26,-60.0,10240
52.254,51.404,556.3,73.0,556.36,13.0,100.0,20.0,1,-60.0,1,1,1,556.36,-60.0,10240
52.317,51.461,556.4,30.0,556.42,10.0,100.0,20.0,1,-20.0,1,1,1,556.42,-20.0,10240
52.419,51.562,556.5,31.0,556.52,11.0,100.0,20.0,1,-20.0,1,1,1,556.52,-20.0,10240
52.521,51.663,556.6,32.0,556.62,12.0,100.0,20.0,1,-20.0,1,1,1,556.62,-20.0,10240
52.663,51.81,556.7,79.0,556.76,19.0,100.0,20.0,1,-40.0,1,1,1,556.74,-40.0,10240
52.749,51.894,556.8,63.0,556.86,3.0,100.0,20.0,1,-60.0,1,1,1,556.86,-60.0,10240
52.865,52.01,556.9,79.0,556.96,19.0,100.0,20.0,1,-60.0,1,1,1,556.96,-60.0,10240
52.959,52.098,557.0,67.0,557.06,7.0,100.0,20.0,1,-60.0,1,1,1,557.06,-60.0,10240
53.059,52.198,557.1,67.0,557.16,7.0,100.0,20.0,1,-60.0,1,1,1,557.16,-60.0,10240
53.12,52.262,557.2,31.0,557.22,11.0,100.0,20.0,1,-20.0,1,1,1,557.22,-20.0,10240
53.257,52.395,557.3,64.0,557.36,4.0,100.0,20.0,1,-60.0,1,1,1,557.36,-60.0,10240
53.35,52.492,557.4,61.0,557.46,1.0,100.0,20.0,1,-20.0,1,1,1,557.42,-20.0,10240
53.489,52.627,557.5,96.0,557.58,16.0,100.0,20.0,1,-80.0,1,1,1,557.58,-80.0,10240
53.564,52.699,557.6,68.0,557.66,8.0,100.0,20.0,1,-60.0,1,1,1,557.66,-60.0,10240
53.698,52.836,557.7,105.0,557.8,5.0,100.0,20.0,1,-40.0,1,1,1,557.74,-40.0,10240
53.764,52.901,557.8,70.0,557.86,10.0,100.0,20.0,1,-20.0,1,1,1,557.82,-20.0,10240
53.894,53.033,557.9,102.0,558.0,2.0,100.0,20.0,1,-80.0,1,1,1,557.98,-80.0,10240
53.948,53.085,558.0,54.0,558.04,14.0,100.0,20.0,1,-40.0,1,1,1,558.04,-40.0,10240
54.035,53.169,558.1,38.0,558.12,18.0,100.0,20.0,1,-20.0,1,1,1,558.12,-20.0,10240
54.146,53.281,558.2,50.0,558.24,10.0,100.0,20.0,1,-40.0,1,1,1,558.24,-40.0,10240
54.262,53.399,558.3,68.0,558.36,8.0,100.0,20.0,1,-60.0,1,1,1,558.36,-60.0,10240
54.363,53.496,558.4,65.0,558.46,5.0,100.0,20.0,1,-60.0,1,1,1,558.46,-60.0,10240
54.5,53.637,558.5,106.0,558.6,6.0,100.0,20.0,1,-40.0,1,1,1,558.54,-40.0,10240
54.552,53.69,558.6,59.0,558.64,19.0,100.0,20.0,0,20.0,1,0,0,558.58,20.0,10240
54.632,53.767,558.7,36.0,558.72,16.0,100.0,20.0,0,60.0,1,0,0,558.64,60.0,10240
54.77,53.906,558.8,75.0,558.86,15.0,100.0,20.0,1,-40.0,1,1,1,558.84,-40.0,10240
54.846,53.981,558.9,50.0,558.94,10.0,100.0,20.0,1,-40.0,1,1,1,558.94,-40.0,10240
54.993,54.127,559.0,96.0,559.08,16.0,100.0,20.0,1,-80.0,1,1,1,559.08,-80.0,10240
55.098,54.233,559.1,102.0,559.2,2.0,100.0,20.0,1,-80.0,1,1,1,559.18,-80.0,10240
55.208,54.337,559.2,106.0,559.3,6.0,100.0,20.0,1,-100.0,1,1,1,559.3,-100.0,10240
55.277,54.404,559.3,73.0,559.36,13.0,100.0,20.0,1,-60.0,1,1,1,559.36,-60.0,10240
55.362,54.486,559.4,55.0,559.44,15.0,100.0,20.0,1,-40.0,1,1,1,559.44,-40.0,10240
55.446,54.569,559.5,38.0,559.52,18.0,100.0,20.0,1,-20.0,1,1,1,559.52,-20.0,10240
55.564,54.688,559.6,57.0,559.64,17.0,100.0,20.0,1,-40.0,1,1,1,559.64,-40.0,10240
55.66,54.787,559.7,56.0,559.74,16.0,100.0,20.0,1,-40.0,1,1,1,559.74,-40.0,10240
55.785,54.913,559.8,82.0,559.88,2.0,100.0,20.0,1,-60.0,1,1,1,559.86,-60.0,10240
55.847,54.97,559.9,39.0,559.92,19.0,100.0,20.0,1,-20.0,1,1,1,559.92,-20.0,10240
55.973,55.096,560.0,65.0,560.06,5.0,100.0,20.0,1,-60.0,1,1,1,560.06,-60.0,10240
56.042,55.161,560.1,30.0,560.12,10.0,100.0,20.0,1,-20.0,1,1,1,560.12,-20.0,10240
56.215,55.337,560.2,106.0,560.3,6.0,100.0,20.0,1,-80.0,1,1,1,560.28,-80.0,10240
56.281,55.398,560.3,67.0,560.36,7.0,100.0,20.0,1,-60.0,1,1,1,560.36,-60.0,10240
56.405,55.524,560.4,93.0,560.48,13.0,100.0,20.0,1,-80.0,1,1,1,560.48,-80.0,10240
56.466,55.584,560.5,53.0,560.54,13.0,100.0,20.0,1,-20.0,1,1,1,560.52,-20.0,10240
56.559,55.676,560.6,45.0,560.64,5.0,100.0,20.0,1,-40.0,1,1,1,560.64,-40.0,10240
56.672,55.793,560.7,62.0,560.76,2.0,100.0,20.0,1,0.0,1,1,1,560.7,0.0,10240
56.81,55.926,560.8,95.0,560.88,15.0,100.0,20.0,1,-80.0,1,1,1,560.88,-80.0,10240
56.957,56.032,560.9,101.0,561.0,1.0,100.0,20.0,1,-100.0,1,1,1,561.0,-100.0,10240
57.037,56.116,561.0,85.0,561.08,5.0,100.0,20.0,1,-60.0,1,1,1,561.06,-60.0,10240
57.1,56.176,561.1,45.0,561.14,5.0,100.0,20.0,1,-40.0,1,1,1,561.14,-40.0,10240
57.215,56.289,561.2,58.0,561.24,18.0,100.0,20.0,1,-40.0,1,1,1,561.24,-40.0,10240
57.322,56.396,561.3,65.0,561.36,5.0,100.0,20.0,1,-40.0,1,1,1,561.34,-40.0,10240
57.454,56.528,561.4,97.0,561.48,17.0,100.0,20.0,1,-80.0,1,1,1,561.48,-80.0,10240
57.53,56.602,561.5,71.0,561.56,11.0,100.0,20.0,1,-60.0,1,1,1,561.56,-60.0,10240
57.69,56.731,561.6,100.0,561.7,0.0,100.0,20.0,1,-100.0,1,1,1,561.7,-100.0,10240
57.758,56.799,561.7,68.0,561.76,8.0,100.0,20.0,1,-60.0,1,1,1,561.76,-60.0,10240
57.828,56.869,561.8,38.0,561.82,18.0,100.0,20.0,1,-20.0,1,1,1,561.82,-20.0,10240
57.927,56.968,561.9,37.0,561.92,17.0,100.0,20.0,1,-20.0,1,1,1,561.92,-20.0,10240
58.054,57.101,562.0,70.0,562.06,10.0,100.0,20.0,1,-60.0,1,1,1,562.06,-60.0,10240
58.132,57.176,562.1,45.0,562.14,5.0,100.0,20.0,1,-20.0,1,1,1,562.12,-20.0,10240
58.264,57.307,562.2,76.0,562.26,16.0,100.0,20.0,1,-60.0,1,1,1,562.26,-60.0,10240
58.333,57.377,562.3,46.0,562.32,26.0,100.0,20.0,1,0.0,1,1,1,562.3,0.0,10240
58.463,57.505,562.4,74.0,562.46,14.0,100.0,20.0,1,0.0,1,1,1,562.4,0.0,10240
58.546,57.591,562.5,60.0,562.54,20.0,100.0,20.0,1,-20.0,1,1,1,562.52,-20.0,10240
58.661,57.705,562.6,74.0,562.66,14.0,100.0,20.0,1,-60.0,1,1,1,562.66,-60.0,10240
58.759,57.804,562.7,73.0,562.76,13.0,100.0,20.0,1,-60.0,1,1,1,562.76,-60.0,10240
58.849,57.889,562.8,58.0,562.84,18.0,100.0,20.0,1,-40.0,1,1,1,562.84,-40.0,10240
58.931,57.974,562.9,43.0,562.94,3.0,100.0,20.0,1,-20.0,1,1,1,562.92,-20.0,10240
59.037,58.082,563.0,51.0,563.04,11.0,100.0,20.0,1,0.0,1,1,1,563.0,0.0,10240
59.135,58.179,563.1,48.0,563.14,8.0,100.0,20.0,1,-20.0,1,1,1,563.12,-20.0,10240
59.289,58.329,563.2,98.0,563.28,18.0,100.0,20.0,1,-60.0,1,1,1,563.26,-60.0,10240
59.416,58.438,563.3,107.0,563.4,7.0,100.0,20.0,1,-100.0,1,1,1,563.4,-100.0,10240
59.473,58.489,563.4,58.0,563.44,18.0,100.0,20.0,1,-40.0,1,1,1,563.44,-40.0,10240
59.543,58.561,563.5,30.0,563.52,10.0,100.0,20.0,1,-20.0,1,1,1,563.52,-20.0,10240
59.727,58.733,563.6,102.0,563.7,2.0,100.0,20.0,1,-80.0,1,1,1,563.68,-80.0,10240
59.784,58.791,563.7,60.0,563.74,20.0,100.0,20.0,1,-40.0,1,1,1,563.74,-40.0,10240
59.909,58.918,563.8,87.0,563.88,7.0,100.0,20.0,1,-60.0,1,1,1,563.86,-60.0,10240
59.977,58.985,563.9,54.0,563.94,14.0,100.0,20.0,1,-40.0,1,1,1,563.94,-40.0,10240
60.074,59.079,564.0,48.0,564.04,8.0,100.0,20.0,1,-40.0,1,1,1,564.04,-40.0,10240
60.164,59.17,564.1,39.0,564.12,19.0,100.0,20.0,1,-20.0,1,1,1,564.12,-20.0,10240
60.326,59.33,564.2,99.0,564.28,19.0,100.0,20.0,1,-80.0,1,1,1,564.28,-80.0,10240
60.383,59.389,564.3,58.0,564.34,18.0,100.0,20.0,1,-40.0,1,1,1,564.34,-40.0,10240
60.57,59.531,564.4,100.0,564.5,0.0,100.0,20.0,1,-100.0,1,1,1,564.5,-100.0,10240
60.691,59.631,564.5,100.0,564.6,0.0,100.0,20.0,1,-100.0,1,1,1,564.6,-100.0,10240
60.769,59.709,564.6,78.0,564.66,18.0,100.0,20.0,1,-60.0,1,1,1,564.66,-60.0,10240
60.827,59.765,564.7,34.0,564.72,14.0,100.0,20.0,1,-20.0,1,1,1,564.72,-20.0,10240
60.939,59.875,564.8,44.0,564.84,4.0,100.0,20.0,1,-40.0,1,1,1,564.84,-40.0,10240
61.033,59.97,564.9,39.0,564.92,19.0,100.0,20.0,1,-20.0,1,1,1,564.92,-20.0,10240
61.179,60.115,565.0,84.0,565.08,4.0,100.0,20.0,1,-60.0,1,1,1,565.06,-60.0,10240
61.24,60.174,565.1,43.0,565.14,3.0,100.0,20.0,1,-40.0,1,1,1,565.14,-40.0,10240
61.351,60.284,565.2,53.0,565.24,13.0,100.0,20.0,1,-40.0,1,1,1,565.24,-40.0,10240
61.43,60.361,565.3,30.0,565.32,10.0,100.0,20.0,1,-20.0,1,1,1,565.32,-20.0,10240
61.532,60.459,565.4,28.0,565.42,8.0,100.0,20.0,1,-20.0,1,1,1,565.42,-20.0,10240
61.642,60.574,565.5,43.0,565.54,3.0,100.0,20.0,1,-20.0,1,1,1,565.52,-20.0,10240
61.776,60.704,565.6,73.0,565.66,13.0,100.0,20.0,1,-60.0,1,1,1,565.66,-60.0,10240
61.858,60.791,565.7,60.0,565.74,20.0,100.0,20.0,1,-40.0,1,1,1,565.74,-40.0,10240
62.008,60.939,565.8,108.0,565.9,8.0,100.0,20.0,1,-80.0,1,1,1,565.88,-80.0,10240
62.057,60.985,565.9,54.0,565.94,14.0,100.0,20.0,1,-20.0,1,1,1,565.92,-20.0,10240
62.171,61.098,566.0,67.0,566.06,7.0,100.0,20.0,1,-60.0,1,1,1,566.06,-60.0,10240
62.24,61.166,566.1,35.0,566.12,15.0,100.0,20.0,1,-20.0,1,1,1,566.12,-20.0,10240
62.356,61.284,566.2,53.0,566.24,13.0,100.0,20.0,1,-40.0,1,1,1,566.24,-40.0,10240
62.448,61.374,566.3,43.0,566.34,3.0,100.0,20.0,1,-20.0,1,1,1,566.32,-20.0,10240
62.59,61.517,566.4,86.0,566.48,6.0,100.0,20.0,1,-40.0,1,1,1,566.44,-40.0,10240
62.657,61.587,566.5,56.0,566.54,16.0,100.0,20.0,1,0.0,1,1,1,566.5,0.0,10240
62.789,61.718,566.6,87.0,566.68,7.0,100.0,20.0,0,20.0,1,0,0,566.58,20.0,10240
62.849,61.777,566.7,46.0,566.74,6.0,100.0,20.0,0,40.0,1,0,0,566.66,40.0,10240
63.027,61.936,566.8,105.0,566.9,5.0,100.0,20.0,1,-100.0,1,1,1,566.9,-100.0,10240
63.132,62.038,566.9,107.0,567.0,7.0,100.0,20.0,1,-80.0,1,1,1,566.98,-80.0,10240
63.263,62.131,567.0,100.0,567.1,0.0,100.0,20.0,1,-100.0,1,1,1,567.1,-100.0,10240
63.383,62.232,567.1,101.0,567.2,1.0,100.0,20.0,1,-100.0,1,1,1,567.2,-100.0,10240
63.482,62.33,567.2,99.0,567.28,19.0,100.0,20.0,1,-80.0,1,1,1,567.28,-80.0,10240
63.524,62.371,567.3,40.0,567.32,20.0,100.0,20.0,0,20.0,1,0,0,567.28,20.0,10240
63.642,62.486,567.4,55.0,567.44,15.0,100.0,20.0,1,-40.0,1,1,1,567.44,-40.0,10240
63.781,62.623,567.5,92.0,567.58,12.0,100.0,20.0,1,-80.0,1,1,1,567.58,-80.0,10240
63.863,62.702,567.6,71.0,567.66,11.0,100.0,20.0,1,-60.0,1,1,1,567.66,-60.0,10240
63.977,62.806,567.7,75.0,567.76,15.0,100.0,20.0,1,-60.0,1,1,1,567.76,-60.0,10240
64.08,62.91,567.8,79.0,567.86,19.0,100.0,20.0,1,-60.0,1,1,1,567.86,-60.0,10240
64.145,62.978,567.9,47.0,567.94,7.0,100.0,20.0,1,0.0,1,1,1,567.9,0.0,10240
64.258,63.087,568.0,56.0,568.04,16.0,100.0,20.0,1,0.0,1,1,1,568.0,0.0,10240
64.342,63.172,568.1,41.0,568.14,1.0,100.0,20.0,1,-20.0,1,1,1,568.12,-20.0,10240
64.494,63.324,568.2,93.0,568.28,13.0,100.0,20.0,1,-80.0,1,1,1,568.28,-80.0,10240
64.558,63.386,568.3,55.0,568.34,15.0,100.0,20.0,1,-40.0,1,1,1,568.34,-40.0,10240
64.661,63.489,568.4,58.0,568.44,18.0,100.0,20.0,1,-40.0,1,1,1,568.44,-40.0,10240
64.738,63.559,568.5,28.0,568.52,8.0,100.0,20.0,1,-20.0,1,1,1,568.52,-20.0,10240
64.837,63.657,568.6,26.0,568.62,6.0,100.0,20.0,1,-20.0,1,1,1,568.62,-20.0,10240
64.939,63.766,568.7,35.0,568.72,15.0,100.0,20.0,1,0.0,1,1,1,568.7,0.0,10240
65.075,63.897,568.8,66.0,568.86,6.0,100.0,20.0,1,-60.0,1,1,1,568.86,-60.0,10240
65.16,63.982,568.9,51.0,568.94,11.0,100.0,20.0,1,-40.0,1,1,1,568.94,-40.0,10240
65.298,64.117,569.0,86.0,569.08,6.0,100.0,20.0,1,-60.0,1,1,1,569.06,-60.0,10240
65.399,64.218,569.1,87.0,569.18,7.0,100.0,20.0,1,-80.0,1,1,1,569.18,-80.0,10240
65.481,64.301,569.2,70.0,569.26,10.0,100.0,20.0,1,-60.0,1,1,1,569.26,-60.0,10240
65.551,64.371,569.3,40.0,569.32,20.0,100.0,20.0,1,0.0,1,1,1,569.3,0.0,10240
65.688,64.509,569.4,78.0,569.46,18.0,100.0,20.0,1,-20.0,1,1,1,569.42,-20.0,10240
65.783,64.607,569.5,76.0,569.56,16.0,100.0,20.0,1,-60.0,1,1,1,569.56,-60.0,10240
65.925,64.737,569.6,106.0,569.7,6.0,100.0,20.0,1,-100.0,1,1,1,569.7,-100.0,10240
65.989,64.798,569.7,67.0,569.76,7.0,100.0,20.0,1,-40.0,1,1,1,569.74,-40.0,10240
66.098,64.903,569.8,72.0,569.86,12.0,100.0,20.0,1,-60.0,1,1,1,569.86,-60.0,10240
66.162,64.968,569.9,37.0,569.92,17.0,100.0,20.0,1,-20.0,1,1,1,569.92,-20.0,10240
66.262,65.068,570.0,37.0,570.02,17.0,100.0,20.0,1,-20.0,1,1,1,570.02,-20.0,10240
66.351,65.155,570.1,24.0,570.12,4.0,100.0,20.0,1,0.0,1,1,1,570.1,0.0,10240
66.523,65.324,570.2,93.0,570.28,13.0,100.0,20.0,1,-80.0,1,1,1,570.28,-80.0,10240
66.578,65.384,570.3,53.0,570.34,13.0,100.0,20.0,1,-40.0,1,1,1,570.34,-40.0,10240
66.727,65.526,570.4,95.0,570.48,15.0,100.0,20.0,1,-80.0,1,1,1,570.48,-80.0,10240
66.804,65.606,570.5,75.0,570.56,15.0,100.0,20.0,1,-60.0,1,1,1,570.56,-60.0,10240
66.946,65.731,570.6,100.0,570.7,0.0,100.0,20.0,1,-100.0,1,1,1,570.7,-100.0,10240
67.004,65.791,570.7,60.0,570.74,20.0,100.0,20.0,1,-40.0,1,1,1,570.74,-40.0,10240
67.092,65.877,570.8,46.0,570.84,6.0,100.0,20.0,1,-20.0,1,1,1,570.82,-20.0,10240
67.181,65.964,570.9,33.0,570.92,13.0,100.0,20.0,1,-20.0,1,1,1,570.92,-20.0,10240
67.294,66.079,571.0,48.0,571.04,8.0,100.0,20.0,1,-40.0,1,1,1,571.04,-40.0,10240
67.384,66.161,571.1,30.0,571.12,10.0,100.0,20.0,1,-20.0,1,1,1,571.12,-20.0,10240
67.546,66.328,571.2,97.0,571.28,17.0,100.0,20.0,1,-80.0,1,1,1,571.28,-80.0,10240
67.623,66.404,571.3,73.0,571.36,13.0,100.0,20.0,1,-60.0,1,1,1,571.36,-60.0,10240
67.739,66.517,571.4,86.0,571.48,6.0,100.0,20.0,1,-40.0,1,1,1,571.44,-40.0,10240
67.833,66.616,571.5,85.0,571.58,5.0,100.0,20.0,1,-60.0,1,1,1,571.56,-60.0,10240
67.927,66.709,571.6,78.0,571.66,18.0,100.0,20.0,1,-40.0,1,1,1,571.64,-40.0,10240
68.02,66.8,571.7,69.0,571.76,9.0,100.0,20.0,1,-20.0,1,1,1,571.72,-20.0,10240
68.103,66.883,571.8,52.0,571.84,12.0,100.0,20.0,1,-40.0,1,1,1,571.84,-40.0,10240
68.184,66.966,571.9,35.0,571.92,15.0,100.0,20.0,1,-20.0,1,1,1,571.92,-20.0,10240
68.297,67.078,572.0,47.0,572.04,7.0,100.0,20.0,1,-40.0,1,1,1,572.04,-40.0,10240
68.388,67.169,572.1,38.0,572.12,18.0,100.0,20.0,1,-20.0,1,1,1,572.12,-20.0,10240
68.496,67.276,572.2,45.0,572.24,5.0,100.0,20.0,0,20.0,1,0,0,572.18,20.0,10240
68.647,67.426,572.3,95.0,572.38,15.0,100.0,20.0,1,-20.0,1,1,1,572.32,-20.0,10240
68.757,67.538,572.4,107.0,572.5,7.0,100.0,20.0,1,-80.0,1,1,1,572.48,-80.0,10240
68.859,67.634,572.5,103.0,572.6,3.0,100.0,20.0,1,-80.0,1,1,1,572.58,-80.0,10240
68.911,67.684,572.6,53.0,572.64,13.0,100.0,20.0,1,-40.0,1,1,1,572.64,-40.0,10240
69.011,67.787,572.7,56.0,572.74,16.0,100.0,20.0,1,-40.0,1,1,1,572.74,-40.0,10240
69.088,67.865,572.8,34.0,572.82,14.0,100.0,20.0,1,-20.0,1,1,1,572.82,-20.0,10240
69.209,67.98,572.9,49.0,572.94,9.0,100.0,20.0,1,-40.0,1,1,1,572.94,-40.0,10240
69.311,68.082,573.0,51.0,573.04,11.0,100.0,20.0,1,-40.0,1,1,1,573.04,-40.0,10240
69.466,68.231,573.1,100.0,573.2,0.0,100.0,20.0,1,-100.0,1,1,1,573.2,-100.0,10240
69.533,68.302,573.2,71.0,573.26,11.0,100.0,20.0,1,-40.0,1,1,1,573.24,-40.0,10240
69.612,68.382,573.3,51.0,573.34,11.0,100.0,20.0,0,20.0,1,0,0,573.28,20.0,10240
69.697,68.463,573.4,32.0,573.42,12.0,100.0,20.0,1,0.0,1,1,1,573.4,0.0,10240
69.802,68.561,573.5,30.0,573.52,10.0,100.0,20.0,1,-20.0,1,1,1,573.52,-20.0,10240
69.907,68.671,573.6,40.0,573.62,20.0,100.0,20.0,1,-20.0,1,1,1,573.62,-20.0,10240
70.035,68.802,573.7,71.0,573.76,11.0,100.0,20.0,1,-40.0,1,1,1,573.74,-40.0,10240
70.117,68.885,573.8,54.0,573.84,14.0,100.0,20.0,1,0.0,1,1,1,573.8,0.0,10240
70.262,69.03,573.9,99.0,573.98,19.0,100.0,20.0,1,0.0,1,1,1,573.9,0.0,10240
70.334,69.102,574.0,71.0,574.06,11.0,100.0,20.0,0,40.0,1,0,0,573.96,40.0,10240
70.431,69.199,574.1,68.0,574.16,8.0,100.0,20.0,0,40.0,1,0,0,574.06,40.0,10240
70.499,69.267,574.2,36.0,574.22,16.0,100.0,20.0,0,60.0,1,0,0,574.14,60.0,10240
70.597,69.366,574.3,35.0,574.32,15.0,100.0,20.0,0,40.0,1,0,0,574.26,40.0,10240
70.716,69.482,574.4,51.0,574.44,11.0,100.0,20.0,1,-20.0,1,1,1,574.42,-20.0,10240
70.849,69.612,574.5,81.0,574.58,1.0,100.0,20.0,1,-80.0,1,1,1,574.58,-80.0,10240
70.931,69.699,574.6,68.0,574.66,8.0,100.0,20.0,1,-40.0,1,1,1,574.64,-40.0,10240
71.112,69.837,574.7,106.0,574.8,6.0,100.0,20.0,1,-100.0,1,1,1,574.8,-100.0,10240
71.164,69.886,574.8,55.0,574.84,15.0,100.0,20.0,1,-40.0,1,1,1,574.84,-40.0,10240
71.255,69.973,574.9,42.0,574.94,2.0,100.0,20.0,1,-40.0,1,1,1,574.94,-40.0,10240
71.357,70.07,575.0,39.0,575.02,19.0,100.0,20.0,1,-20.0,1,1,1,575.02,-20.0,10240
71.509,70.227,575.1,96.0,575.18,16.0,100.0,20.0,1,-80.0,1,1,1,575.18,-80.0,10240
71.569,70.288,575.2,57.0,575.24,17.0,100.0,20.0,1,-40.0,1,1,1,575.24,-40.0,10240
71.69,70.411,575.3,80.0,575.36,20.0,100.0,20.0,1,-60.0,1,1,1,575.36,-60.0,10240
71.759,70.474,575.4,43.0,575.44,3.0,100.0,20.0,1,-40.0,1,1,1,575.44,-40.0,10240
71.866,70.576,575.5,45.0,575.54,5.0,100.0,20.0,1,-40.0,1,1,1,575.54,-40.0,10240
71.981,70.693,575.6,62.0,575.64,22.0,100.0,20.0,1,-40.0,1,1,1,575.64,-40.0,10240
72.104,70.818,575.7,87.0,575.78,7.0,100.0,20.0,1,-60.0,1,1,1,575.76,-60.0,10240
72.202,70.911,575.8,80.0,575.86,20.0,100.0,20.0,1,-40.0,1,1,1,575.84,-40.0,10240
72.29,71.001,575.9,70.0,575.96,10.0,100.0,20.0,1,-40.0,1,1,1,575.94,-40.0,10240
72.357,71.068,576.0,37.0,576.02,17.0,100.0,20.0,1,0.0,1,1,1,576.0,0.0,10240
72.499,71.206,576.1,75.0,576.16,15.0,100.0,20.0,1,-20.0,1,1,1,576.12,-20.0,10240
72.589,71.301,576.2,70.0,576.26,10.0,100.0,20.0,1,-40.0,1,1,1,576.24,-40.0,10240
72.706,71.413,576.3,82.0,576.38,2.0,100.0,20.0,1,-60.0,1,1,1,576.36,-60.0,10240
72.783,71.491,576.4,60.0,576.44,20.0,100.0,20.0,1,-40.0,1,1,1,576.44,-40.0,10240
72.888,71.599,576.5,68.0,576.56,8.0,100.0,20.0,1,-40.0,1,1,1,576.54,-40.0,10240
72.964,71.674,576.6,43.0,576.64,3.0,100.0,20.0,1,-20.0,1,1,1,576.62,-20.0,10240
73.063,71.769,576.7,38.0,576.72,18.0,100.0,20.0,1,-20.0,1,1,1,576.72,-20.0,10240
73.163,71.87,576.8,39.0,576.82,19.0,100.0,20.0,1,-20.0,1,1,1,576.82,-20.0,10240
73.312,72.019,576.9,88.0,576.98,8.0,100.0,20.0,1,-80.0,1,1,1,576.98,-80.0,10240
73.387,72.094,577.0,63.0,577.06,3.0,100.0,20.0,1,-60.0,1,1,1,577.06,-60.0,10240
73.558,72.231,577.1,100.0,577.2,0.0,100.0,20.0,1,-100.0,1,1,1,577.2,-100.0,10240
73.623,72.296,577.2,65.0,577.26,5.0,100.0,20.0,1,-40.0,1,1,1,577.24,-40.0,10240
73.727,72.405,577.3,74.0,577.36,14.0,100.0,20.0,1,-60.0,1,1,1,577.36,-60.0,10240
73.79,72.464,577.4,33.0,577.42,13.0,100.0,20.0,1,-20.0,1,1,1,577.42,-20.0,10240
73.895,72.57,577.5,39.0,577.52,19.0,100.0,20.0,1,-20.0,1,1,1,577.52,-20.0,10240
73.989,72.66,577.6,29.0,577.62,9.0,100.0,20.0,1,-20.0,1,1,1,577.62,-20.0,10240
74.16,72.833,577.7,102.0,577.8,2.0,100.0,20.0,1,-80.0,1,1,1,577.78,-80.0,10240
74.246,72.916,577.8,85.0,577.88,5.0,100.0,20.0,1,-80.0,1,1,1,577.88,-80.0,10240
74.358,73.028,577.9,97.0,577.98,17.0,100.0,20.0,1,-80.0,1,1,1,577.98,-80.0,10240
74.424,73.096,578.0,65.0,578.06,5.0,100.0,20.0,1,-40.0,1,1,1,578.04,-40.0,10240
74.515,73.19,578.1,59.0,578.14,19.0,100.0,20.0,1,-40.0,1,1,1,578.14,-40.0,10240
74.596,73.265,578.2,34.0,578.22,14.0,100.0,20.0,1,-20.0,1,1,1,578.22,-20.0,10240
74.714,73.386,578.3,55.0,578.34,15.0,100.0,20.0,1,-40.0,1,1,1,578.34,-40.0,10240
74.813,73.484,578.4,53.0,578.44,13.0,100.0,20.0,1,-40.0,1,1,1,578.44,-40.0,10240
74.911,73.583,578.5,52.0,578.54,12.0,100.0,20.0,1,-40.0,1,1,1,578.54,-40.0,10240
75.06,73.728,578.6,97.0,578.68,17.0,100.0,20.0,1,-80.0,1,1,1,578.68,-80.0,10240
75.135,73.809,578.7,78.0,578.76,18.0,100.0,20.0,1,-60.0,1,1,1,578.76,-60.0,10240
75.246,73.919,578.8,88.0,578.88,8.0,100.0,20.0,1,-60.0,1,1,1,578.86,-60.0,10240
75.3,73.97,578.9,39.0,578.92,19.0,100.0,20.0,1,0.0,1,1,1,578.9,0.0,10240
75.449,74.122,579.0,91.0,579.08,11.0,100.0,20.0,1,-80.0,1,1,1,579.08,-80.0,10240
75.519,74.19,579.1,59.0,579.14,19.0,100.0,20.0,1,-40.0,1,1,1,579.14,-40.0,10240
75.629,74.294,579.2,63.0,579.26,3.0,100.0,20.0,1,-60.0,1,1,1,579.26,-60.0,10240
75.714,74.382,579.3,51.0,579.34,11.0,100.0,20.0,1,-40.0,1,1,1,579.34,-40.0,10240
75.818,74.483,579.4,52.0,579.44,12.0,100.0,20.0,1,-40.0,1,1,1,579.44,-40.0,10240
75.903,74.572,579.5,41.0,579.54,1.0,100.0,20.0,1,0.0,1,1,1,579.5,0.0,10240
76.011,74.681,579.6,50.0,579.64,10.0,100.0,20.0,1,-20.0,1,1,1,579.62,-20.0,10240
76.1,74.766,579.7,35.0,579.72,15.0,100.0,20.0,1,0.0,1,1,1,579.7,0.0,10240
76.272,74.935,579.8,104.0,579.9,4.0,100.0,20.0,1,-100.0,1,1,1,579.9,-100.0,10240
76.372,75.036,579.9,105.0,580.0,5.0,100.0,20.0,1,-100.0,1,1,1,580.0,-100.0,10240
76.491,75.131,580.0,100.0,580.1,0.0,100.0,20.0,1,-100.0,1,1,1,580.1,-100.0,10240
76.581,75.227,580.1,96.0,580.18,16.0,100.0,20.0,1,-80.0,1,1,1,580.18,-80.0,10240
76.662,75.302,580.2,71.0,580.26,11.0,100.0,20.0,1,-60.0,1,1,1,580.26,-60.0,10240
76.726,75.37,580.3,39.0,580.32,19.0,100.0,20.0,1,-20.0,1,1,1,580.32,-20.0,10240
76.825,75.467,580.4,36.0,580.42,16.0,100.0,20.0,1,-20.0,1,1,1,580.42,-20.0,10240
76.944,75.586,580.5,55.0,580.54,15.0,100.0,20.0,1,-40.0,1,1,1,580.54,-40.0,10240
77.07,75.714,580.6,83.0,580.68,3.0,100.0,20.0,1,-60.0,1,1,1,580.66,-60.0,10240
77.16,75.802,580.7,71.0,580.76,11.0,100.0,20.0,1,-60.0,1,1,1,580.76,-60.0,10240
77.294,75.93,580.8,99.0,580.88,19.0,100.0,20.0,1,-80.0,1,1,1,580.88,-80.0,10240
77.369,76.004,580.9,73.0,580.96,13.0,100.0,20.0,1,-60.0,1,1,1,580.96,-60.0,10240
77.447,76.082,581.0,51.0,581.04,11.0,100.0,20.0,1,-40.0,1,1,1,581.04,-40.0,10240
77.533,76.17,581.1,39.0,581.12,19.0,100.0,20.0,1,0.0,1,1,1,581.1,0.0,10240
77.676,76.312,581.2,81.0,581.26,21.0,100.0,20.0,1,-20.0,1,1,1,581.22,-20.0,10240
77.765,76.405,581.3,74.0,581.36,14.0,100.0,20.0,1,-40.0,1,1,1,581.34,-40.0,10240
77.883,76.52,581.4,89.0,581.48,9.0,100.0,20.0,1,-80.0,1,1,1,581.48,-80.0,10240
77.966,76.598,581.5,67.0,581.56,7.0,100.0,20.0,1,-60.0,1,1,1,581.56,-60.0,10240
78.051,76.683,581.6,52.0,581.64,12.0,100.0,20.0,1,-40.0,1,1,1,581.64,-40.0,10240
78.179,76.814,581.7,83.0,581.78,3.0,100.0,20.0,1,-60.0,1,1,1,581.76,-60.0,10240
78.306,76.931,581.8,100.0,581.9,0.0,100.0,20.0,1,-100.0,1,1,1,581.9,-100.0,10240
78.381,77.009,581.9,78.0,581.96,18.0,100.0,20.0,1,-60.0,1,1,1,581.96,-60.0,10240
78.502,77.128,582.0,97.0,582.08,17.0,100.0,20.0,1,-80.0,1,1,1,582.08,-80.0,10240
78.558,77.188,582.1,57.0,582.14,17.0,100.0,20.0,1,-40.0,1,1,1,582.14,-40.0,10240
78.676,77.305,582.2,74.0,582.26,14.0,100.0,20.0,1,-60.0,1,1,1,582.26,-60.0,10240
78.743,77.366,582.3,35.0,582.32,15.0,100.0,20.0,1,-20.0,1,1,1,582.32,-20.0,10240
78.851,77.464,582.4,33.0,582.42,13.0,100.0,20.0,1,-20.0,1,1,1,582.42,-20.0,10240
78.962,77.574,582.5,43.0,582.54,3.0,100.0,20.0,1,-40.0,1,1,1,582.54,-40.0,10240
79.107,77.721,582.6,90.0,582.68,10.0,100.0,20.0,1,-80.0,1,1,1,582.68,-80.0,10240
79.192,77.806,582.7,75.0,582.76,15.0,100.0,20.0,1,-60.0,1,1,1,582.76,-60.0,10240
79.296,77.908,582.8,77.0,582.86,17.0,100.0,20.0,1,-60.0,1,1,1,582.86,-60.0,10240
79.378,77.988,582.9,57.0,582.94,17.0,100.0,20.0,1,-40.0,1,1,1,582.94,-40.0,10240
79.46,78.071,583.0,40.0,583.02,20.0,100.0,20.0,1,-20.0,1,1,1,583.02,-20.0,10240
79.564,78.174,583.1,43.0,583.14,3.0,100.0,20.0,1,-20.0,1,1,1,583.12,-20.0,10240
79.663,78.271,583.2,40.0,583.22,20.0,100.0,20.0,1,-20.0,1,1,1,583.22,-20.0,10240
79.786,78.392,583.3,61.0,583.36,1.0,100.0,20.0,1,-40.0,1,1,1,583.34,-40.0,10240
79.868,78.472,583.4,41.0,583.44,1.0,100.0,20.0,1,-20.0,1,1,1,583.42,-20.0,10240
80.023,78.626,583.5,95.0,583.58,15.0,100.0,20.0,1,-80.0,1,1,1,583.58,-80.0,10240
80.064,78.667,583.6,36.0,583.62,16.0,100.0,20.0,1,-20.0,1,1,1,583.62,-20.0,10240
80.208,78.814,583.7,83.0,583.78,3.0,100.0,20.0,1,-60.0,1,1,1,583.76,-60.0,10240
80.274,78.881,583.8,50.0,583.84,10.0,100.0,20.0,1,-40.0,1,1,1,583.84,-40.0,10240
80.432,79.033,583.9,102.0,584.0,2.0,100.0,20.0,1,-80.0,1,1,1,583.98,-80.0,10240
80.507,79.105,584.0,74.0,584.06,14.0,100.0,20.0,1,-60.0,1,1,1,584.06,-60.0,10240
80.593,79.19,584.1,59.0,584.14,19.0,100.0,20.0,1,-40.0,1,1,1,584.14,-40.0,10240
80.682,79.285,584.2,54.0,584.24,14.0,100.0,20.0,1,-40.0,1,1,1,584.24,-40.0,10240
80.805,79.399,584.3,68.0,584.36,8.0,100.0,20.0,1,-40.0,1,1,1,584.34,-40.0,10240
80.88,79.477,584.4,46.0,584.44,6.0,100.0,20.0,1,-20.0,1,1,1,584.42,-20.0,10240
81.025,79.619,584.5,88.0,584.58,8.0,100.0,20.0,1,-40.0,1,1,1,584.54,-40.0,10240
81.09,79.687,584.6,56.0,584.64,16.0,100.0,20.0,1,-40.0,1,1,1,584.64,-40.0,10240
81.221,79.821,584.7,90.0,584.78,10.0,100.0,20.0,1,-80.0,1,1,1,584.78,-80.0,10240
81.265,79.862,584.8,31.0,584.82,11.0,100.0,20.0,1,-20.0,1,1,1,584.82,-20.0,10240
81.441,80.032,584.9,101.0,585.0,1.0,100.0,20.0,1,-80.0,1,1,1,584.98,-80.0,10240
81.575,80.133,585.0,102.0,585.1,2.0,100.0,20.0,1,-100.0,1,1,1,585.1,-100.0,10240
81.699,80.233,585.1,102.0,585.2,2.0,100.0,20.0,1,-100.0,1,1,1,585.2,-100.0,10240
81.741,80.278,585.2,47.0,585.24,7.0,100.0,20.0,1,-20.0,1,1,1,585.22,-20.0,10240
81.835,80.371,585.3,40.0,585.34,0.0,100.0,20.0,1,0.0,1,1,1,585.3,0.0,10240
81.935,80.468,585.4,37.0,585.42,17.0,100.0,20.0,1,-20.0,1,1,1,585.42,-20.0,10240
82.054,80.587,585.5,56.0,585.54,16.0,100.0,20.0,1,-40.0,1,1,1,585.54,-40.0,10240
82.193,80.722,585.6,91.0,585.68,11.0,100.0,20.0,1,-80.0,1,1,1,585.68,-80.0,10240
82.289,80.819,585.7,88.0,585.78,8.0,100.0,20.0,1,-80.0,1,1,1,585.78,-80.0,10240
82.379,80.913,585.8,82.0,585.88,2.0,100.0,20.0,1,-40.0,1,1,1,585.84,-40.0,10240
82.451,80.981,585.9,50.0,585.94,10.0,100.0,20.0,1,-20.0,1,1,1,585.92,-20.0,10240
82.534,81.067,586.0,36.0,586.02,16.0,100.0,20.0,0,60.0,1,0,0,585.94,60.0,10240
82.628,81.16,586.1,29.0,586.12,9.0,100.0,20.0,0,60.0,1,0,0,586.04,60.0,10240
82.744,81.277,586.2,46.0,586.24,6.0,100.0,20.0,0,80.0,1,0,0,586.12,80.0,10240
82.878,81.406,586.3,75.0,586.36,15.0,100.0,20.0,1,-60.0,1,1,1,586.36,-60.0,10240
82.976,81.504,586.4,73.0,586.46,13.0,100.0,20.0,1,-60.0,1,1,1,586.46,-60.0,10240
83.104,81.635,586.5,104.0,586.6,4.0,100.0,20.0,1,-60.0,1,1,1,586.56,-60.0,10240
83.169,81.699,586.6,68.0,586.66,8.0,100.0,20.0,1,-40.0,1,1,1,586.64,-40.0,10240
83.255,81.78,586.7,49.0,586.74,9.0,100.0,20.0,1,-40.0,1,1,1,586.74,-40.0,10240
83.331,81.859,586.8,28.0,586.82,8.0,100.0,20.0,1,-20.0,1,1,1,586.82,-20.0,10240
83.496,82.024,586.9,93.0,586.98,13.0,100.0,20.0,1,-80.0,1,1,1,586.98,-80.0,10240
83.576,82.109,587.0,78.0,587.06,18.0,100.0,20.0,1,-40.0,1,1,1,587.04,-40.0,10240
83.734,82.231,587.1,100.0,587.2,0.0,100.0,20.0,1,-100.0,1,1,1,587.2,-100.0,10240
83.78,82.28,587.2,49.0,587.24,9.0,100.0,20.0,1,-40.0,1,1,1,587.24,-40.0,10240
83.92,82.412,587.3,81.0,587.38,1.0,100.0,20.0,1,-60.0,1,1,1,587.36,-60.0,10240
84.06,82.533,587.4,102.0,587.5,2.0,100.0,20.0,1,-100.0,1,1,1,587.5,-100.0,10240
84.161,82.631,587.5,100.0,587.58,20.0,100.0,20.0,1,-80.0,1,1,1,587.58,-80.0,10240
84.279,82.732,587.6,101.0,587.7,1.0,100.0,20.0,1,-100.0,1,1,1,587.7,-100.0,10240
84.375,82.828,587.7,97.0,587.78,17.0,100.0,20.0,1,-80.0,1,1,1,587.78,-80.0,10240
84.462,82.92,587.8,89.0,587.88,9.0,100.0,20.0,1,-80.0,1,1,1,587.88,-80.0,10240
84.538,82.995,587.9,64.0,587.96,4.0,100.0,20.0,1,-40.0,1,1,1,587.94,-40.0,10240
84.607,83.065,588.0,34.0,588.02,14.0,100.0,20.0,1,-20.0,1,1,1,588.02,-20.0,10240
84.738,83.189,588.1,58.0,588.14,18.0,100.0,20.0,1,-40.0,1,1,1,588.14,-40.0,10240
84.832,83.282,588.2,51.0,588.24,11.0,100.0,20.0,1,-40.0,1,1,1,588.24,-40.0,10240
84.969,83.421,588.3,90.0,588.38,10.0,100.0,20.0,1,-80.0,1,1,1,588.38,-80.0,10240
85.041,83.492,588.4,61.0,588.46,1.0,100.0,20.0,1,-40.0,1,1,1,588.44,-40.0,10240
85.149,83.599,588.5,68.0,588.56,8.0,100.0,20.0,1,-60.0,1,1,1,588.56,-60.0,10240
85.21,83.662,588.6,31.0,588.62,11.0,100.0,20.0,1,0.0,1,1,1,588.6,0.0,10240
85.355,83.806,588.7,75.0,588.76,15.0,100.0,20.0,1,-60.0,1,1,1,588.76,-60.0,10240
85.44,83.89,588.8,59.0,588.84,19.0,100.0,20.0,1,-40.0,1,1,1,588.84,-40.0,10240
85.562,84.012,588.9,81.0,588.98,1.0,100.0,20.0,1,-60.0,1,1,1,588.96,-60.0,10240
85.648,84.1,589.0,69.0,589.06,9.0,100.0,20.0,1,-60.0,1,1,1,589.06,-60.0,10240
85.734,84.19,589.1,59.0,589.14,19.0,100.0,20.0,1,-20.0,1,1,1,589.12,-20.0,10240
85.828,84.282,589.2,51.0,589.24,11.0,100.0,20.0,1,-40.0,1,1,1,589.24,-40.0,10240
85.988,84.436,589.3,105.0,589.4,5.0,100.0,20.0,1,-100.0,1,1,1,589.4,-100.0,10240
86.053,84.5,589.4,69.0,589.46,9.0,100.0,20.0,1,-40.0,1,1,1,589.44,-40.0,10240
86.173,84.619,589.5,88.0,589.58,8.0,100.0,20.0,1,-80.0,1,1,1,589.58,-80.0,10240
86.221,84.668,589.6,37.0,589.62,17.0,100.0,20.0,1,-20.0,1,1,1,589.62,-20.0,10240
86.335,84.777,589.7,46.0,589.74,6.0,100.0,20.0,1,0.0,1,1,1,589.7,0.0,10240
86.462,84.906,589.8,75.0,589.86,15.0,100.0,20.0,1,-60.0,1,1,1,589.86,-60.0,10240
86.56,85.003,589.9,72.0,589.96,12.0,100.0,20.0,1,-60.0,1,1,1,589.96,-60.0,10240
86.655,85.1,590.0,69.0,590.06,9.0,100.0,20.0,1,-60.0,1,1,1,590.06,-60.0,10240
86.762,85.205,590.1,74.0,590.16,14.0,100.0,20.0,1,-60.0,1,1,1,590.16,-60.0,10240
86.823,85.27,590.2,39.0,590.22,19.0,100.0,20.0,1,-20.0,1,1,1,590.22,-20.0,10240
86.945,85.387,590.3,56.0,590.34,16.0,100.0,20.0,1,0.0,1,1,1,590.3,0.0,10240
87.078,85.524,590.4,93.0,590.48,13.0,100.0,20.0,1,-20.0,1,1,1,590.42,-20.0,10240
87.188,85.631,590.5,100.0,590.6,0.0,100.0,20.0,1,-20.0,1,1,1,590.52,-20.0,10240
87.276,85.724,590.6,93.0,590.68,13.0,100.0,20.0,1,-60.0,1,1,1,590.66,-60.0,10240
87.38,85.822,590.7,91.0,590.78,11.0,100.0,20.0,1,-80.0,1,1,1,590.78,-80.0,10240
87.508,85.931,590.8,100.0,590.9,0.0,100.0,20.0,1,-100.0,1,1,1,590.9,-100.0,10240
87.583,86.011,590.9,80.0,590.98,0.0,100.0,20.0,1,-60.0,1,1,1,590.96,-60.0,10240
87.693,86.117,591.0,86.0,591.08,6.0,100.0,20.0,1,-60.0,1,1,1,591.06,-60.0,10240
87.781,86.203,591.1,72.0,591.16,12.0,100.0,20.0,1,-60.0,1,1,1,591.16,-60.0,10240
87.858,86.28,591.2,49.0,591.24,9.0,100.0,20.0,1,-40.0,1,1,1,591.24,-40.0,10240
87.943,86.367,591.3,36.0,591.32,16.0,100.0,20.0,1,0.0,1,1,1,591.3,0.0,10240
88.059,86.481,591.4,50.0,591.44,10.0,100.0,20.0,1,0.0,1,1,1,591.4,0.0,10240
88.198,86.605,591.5,74.0,591.56,14.0,100.0,20.0,1,-40.0,1,1,1,591.54,-40.0,10240
88.305,86.707,591.6,76.0,591.66,16.0,100.0,20.0,1,-60.0,1,1,1,591.66,-60.0,10240
88.374,86.778,591.7,47.0,591.74,7.0,100.0,20.0,1,-40.0,1,1,1,591.74,-40.0,10240
88.474,86.876,591.8,45.0,591.84,5.0,100.0,20.0,1,-40.0,1,1,1,591.84,-40.0,10240
88.581,86.984,591.9,53.0,591.94,13.0,100.0,20.0,1,-40.0,1,1,1,591.94,-40.0,10240
88.71,87.112,592.0,81.0,592.08,1.0,100.0,20.0,1,-60.0,1,1,1,592.06,-60.0,10240
88.818,87.218,592.1,87.0,592.18,7.0,100.0,20.0,1,-80.0,1,1,1,592.18,-80.0,10240
88.898,87.304,592.2,73.0,592.26,13.0,100.0,20.0,1,-60.0,1,1,1,592.26,-60.0,10240
88.988,87.392,592.3,61.0,592.36,1.0,100.0,20.0,1,-40.0,1,1,1,592.34,-40.0,10240
89.098,87.498,592.4,67.0,592.46,7.0,100.0,20.0,1,-60.0,1,1,1,592.46,-60.0,10240
89.164,87.566,592.5,35.0,592.52,15.0,100.0,20.0,1,0.0,1,1,1,592.5,0.0,10240
89.268,87.665,592.6,34.0,592.62,14.0,100.0,20.0,1,-20.0,1,1,1,592.62,-20.0,10240
89.38,87.776,592.7,45.0,592.74,5.0,100.0,20.0,1,-40.0,1,1,1,592.74,-40.0,10240
89.511,87.909,592.8,78.0,592.86,18.0,100.0,20.0,1,-60.0,1,1,1,592.86,-60.0,10240
89.642,88.031,592.9,100.0,593.0,0.0,100.0,20.0,1,-100.0,1,1,1,593.0,-100.0,10240
89.746,88.131,593.0,100.0,593.1,0.0,100.0,20.0,1,-100.0,1,1,1,593.1,-100.0,10240
89.796,88.181,593.1,50.0,593.14,10.0,100.0,20.0,1,-40.0,1,1,1,593.14,-40.0,10240
89.907,88.295,593.2,64.0,593.26,4.0,100.0,20.0,1,-40.0,1,1,1,593.24,-40.0,10240
89.99,88.376,593.3,45.0,593.34,5.0,100.0,20.0,1,-40.0,1,1,1,593.34,-40.0,10240
90.132,88.523,593.4,92.0,593.48,12.0,100.0,20.0,1,-80.0,1,1,1,593.48,-80.0,10240
90.232,88.618,593.5,87.0,593.58,7.0,100.0,20.0,1,-80.0,1,1,1,593.58,-80.0,10240
90.292,88.683,593.6,52.0,593.64,12.0,100.0,20.0,1,-40.0,1,1,1,593.64,-40.0,10240
90.394,88.783,593.7,52.0,593.74,12.0,100.0,20.0,1,-40.0,1,1,1,593.74,-40.0,10240
90.531,88.917,593.8,86.0,593.88,6.0,100.0,20.0,1,-60.0,1,1,1,593.86,-60.0,10240
90.627,89.006,593.9,75.0,593.96,15.0,100.0,20.0,1,-60.0,1,1,1,593.96,-60.0,10240
90.738,89.118,594.0,87.0,594.08,7.0,100.0,20.0,1,-80.0,1,1,1,594.08,-80.0,10240
90.8,89.181,594.1,50.0,594.14,10.0,100.0,20.0,1,-40.0,1,1,1,594.14,-40.0,10240
90.906,89.286,594.2,55.0,594.24,15.0,100.0,20.0,1,-40.0,1,1,1,594.24,-40.0,10240
91.013,89.395,594.3,64.0,594.36,4.0,100.0,20.0,1,-60.0,1,1,1,594.36,-60.0,10240
91.161,89.534,594.4,103.0,594.5,3.0,100.0,20.0,1,-40.0,1,1,1,594.44,-40.0,10240
91.233,89.609,594.5,78.0,594.56,18.0,100.0,20.0,1,-20.0,1,1,1,594.52,-20.0,10240
91.344,89.719,594.6,88.0,594.68,8.0,100.0,20.0,1,-20.0,1,1,1,594.62,-20.0,10240
91.407,89.782,594.7,51.0,594.74,11.0,100.0,20.0,1,0.0,1,1,1,594.7,0.0,10240
91.5,89.874,594.8,43.0,594.84,3.0,100.0,20.0,1,-20.0,1,1,1,594.82,-20.0,10240
91.589,89.963,594.9,32.0,594.92,12.0,100.0,20.0,1,-20.0,1,1,1,594.92,-20.0,10240
91.714,90.09,595.0,59.0,595.04,19.0,100.0,20.0,1,-40.0,1,1,1,595.04,-40.0,10240
91.809,90.184,595.1,53.0,595.14,13.0,100.0,20.0,1,-40.0,1,1,1,595.14,-40.0,10240
91.948,90.323,595.2,92.0,595.28,12.0,100.0,20.0,1,-80.0,1,1,1,595.28,-80.0,10240
92.038,90.409,595.3,78.0,595.36,18.0,100.0,20.0,1,-60.0,1,1,1,595.36,-60.0,10240
92.12,90.488,595.4,57.0,595.44,17.0,100.0,20.0,1,-40.0,1,1,1,595.44,-40.0,10240
92.208,90.579,595.5,48.0,595.54,8.0,100.0,20.0,1,-40.0,1,1,1,595.54,-40.0,10240
92.296,90.666,595.6,35.0,595.62,15.0,100.0,20.0,1,-20.0,1,1,1,595.62,-20.0,10240
92.421,90.791,595.7,60.0,595.74,20.0,100.0,20.0,1,-40.0,1,1,1,595.74,-40.0,10240
92.524,90.885,595.8,54.0,595.84,14.0,100.0,20.0,1,-40.0,1,1,1,595.84,-40.0,10240
92.639,91.002,595.9,71.0,595.96,11.0,100.0,20.0,1,-60.0,1,1,1,595.96,-60.0,10240
92.714,91.077,596.0,46.0,596.04,6.0,100.0,20.0,1,-40.0,1,1,1,596.04,-40.0,10240
92.835,91.194,596.1,63.0,596.16,3.0,100.0,20.0,1,-60.0,1,1,1,596.16,-60.0,10240
92.908,91.269,596.2,38.0,596.22,18.0,100.0,20.0,1,-20.0,1,1,1,596.22,-20.0,10240
93.042,91.402,596.3,71.0,596.36,11.0,100.0,20.0,1,-60.0,1,1,1,596.36,-60.0,10240
93.117,91.477,596.4,46.0,596.44,6.0,100.0,20.0,1,-40.0,1,1,1,596.44,-40.0,10240
93.254,91.615,596.5,84.0,596.58,4.0,100.0,20.0,1,-80.0,1,1,1,596.58,-80.0,10240
93.327,91.687,596.6,56.0,596.64,16.0,100.0,20.0,1,-40.0,1,1,1,596.64,-40.0,10240
93.496,91.834,596.7,103.0,596.8,3.0,100.0,20.0,1,-100.0,1,1,1,596.8,-100.0,10240
93.552,91.888,596.8,57.0,596.84,17.0,100.0,20.0,1,-40.0,1,1,1,596.84,-40.0,10240
93.671,92.007,596.9,76.0,596.96,16.0,100.0,20.0,1,-60.0,1,1,1,596.96,-60.0,10240
93.735,92.075,597.0,44.0,597.04,4.0,100.0,20.0,1,-20.0,1,1,1,597.02,-20.0,10240
93.842,92.176,597.1,45.0,597.14,5.0,100.0,20.0,1,0.0,1,1,1,597.1,0.0,10240
93.945,92.285,597.2,54.0,597.24,14.0,100.0,20.0,1,0.0,1,1,1,597.2,0.0,10240
94.079,92.416,597.3,85.0,597.38,5.0,100.0,20.0,1,-60.0,1,1,1,597.36,-60.0,10240
94.16,92.494,597.4,63.0,597.46,3.0,100.0,20.0,1,-60.0,1,1,1,597.46,-60.0,10240
94.27,92.603,597.5,72.0,597.56,12.0,100.0,20.0,1,-60.0,1,1,1,597.56,-60.0,10240
94.333,92.665,597.6,34.0,597.62,14.0,100.0,20.0,1,-20.0,1,1,1,597.62,-20.0,10240
94.493,92.829,597.7,98.0,597.78,18.0,100.0,20.0,1,-80.0,1,1,1,597.78,-80.0,10240
94.579,92.915,597.8,84.0,597.88,4.0,100.0,20.0,1,-60.0,1,1,1,597.86,-60.0,10240
94.713,93.036,597.9,105.0,598.0,5.0,100.0,20.0,1,-100.0,1,1,1,598.0,-100.0,10240
94.777,93.094,598.0,63.0,598.06,3.0,100.0,20.0,1,-40.0,1,1,1,598.04,-40.0,10240
94.894,93.211,598.1,80.0,598.16,20.0,100.0,20.0,1,-60.0,1,1,1,598.16,-60.0,10240
94.986,93.306,598.2,75.0,598.26,15.0,100.0,20.0,1,-60.0,1,1,1,598.26,-60.0,10240
95.107,93.419,598.3,88.0,598.38,8.0,100.0,20.0,1,-60.0,1,1,1,598.36,-60.0,10240
95.161,93.475,598.4,44.0,598.44,4.0,100.0,20.0,1,-40.0,1,1,1,598.44,-40.0,10240
95.266,93.58,598.5,49.0,598.54,9.0,100.0,20.0,1,-40.0,1,1,1,598.54,-40.0,10240
95.369,93.687,598.6,56.0,598.64,16.0,100.0,20.0,1,-40.0,1,1,1,598.64,-40.0,10240
95.508,93.82,598.7,89.0,598.78,9.0,100.0,20.0,1,-80.0,1,1,1,598.78,-80.0,10240
95.586,93.903,598.8,72.0,598.86,12.0,100.0,20.0,1,-60.0,1,1,1,598.86,-60.0,10240
95.701,94.014,598.9,83.0,598.98,3.0,100.0,20.0,1,-60.0,1,1,1,598.96,-60.0,10240
95.758,94.068,599.0,37.0,599.02,17.0,100.0,20.0,1,-20.0,1,1,1,599.02,-20.0,10240
95.918,94.228,599.1,97.0,599.18,17.0,100.0,20.0,1,-80.0,1,1,1,599.18,-80.0,10240
96.01,94.318,599.2,87.0,599.28,7.0,100.0,20.0,1,-60.0,1,1,1,599.26,-60.0,10240
96.106,94.409,599.3,78.0,599.36,18.0,100.0,20.0,1,-60.0,1,1,1,599.36,-60.0,10240
96.218,94.521,599.4,90.0,599.48,10.0,100.0,20.0,1,-60.0,1,1,1,599.46,-60.0,10240
96.289,94.593,599.5,62.0,599.56,2.0,100.0,20.0,1,-40.0,1,1,1,599.54,-40.0,10240
96.356,94.657,599.6,26.0,599.62,6.0,100.0,20.0,1,-20.0,1,1,1,599.62,-20.0,10240
96.531,94.832,599.7,101.0,599.8,1.0,100.0,20.0,1,-100.0,1,1,1,599.8,-100.0,10240
96.589,94.89,599.8,59.0,599.84,19.0,100.0,20.0,1,-40.0,1,1,1,599.84,-40.0,10240
96.696,94.995,599.9,64.0,599.96,4.0,100.0,20.0,1,-60.0,1,1,1,599.96,-60.0,10240
96.789,95.089,600.0,58.0,600.04,18.0,100.0,20.0,1,-40.0,1,1,1,600.04,-40.0,10240
96.928,95.233,600.1,102.0,600.2,2.0,100.0,20.0,1,-80.0,1,1,1,600.18,-80.0,10240
96.984,95.288,600.2,57.0,600.24,17.0,100.0,20.0,1,-40.0,1,1,1,600.24,-40.0,10240
97.06,95.356,600.3,25.0,600.32,5.0,100.0,20.0,1,0.0,1,1,1,600.3,0.0,10240
97.18,95.479,600.4,48.0,600.44,8.0,100.0,20.0,1,-40.0,1,1,1,600.44,-40.0,10240
97.298,95.596,600.5,65.0,600.56,5.0,100.0,20.0,1,-40.0,1,1,1,600.54,-40.0,10240
97.398,95.696,600.6,65.0,600.66,5.0,100.0,20.0,1,-60.0,1,1,1,600.66,-60.0,10240
97.586,95.831,600.7,100.0,600.8,0.0,100.0,20.0,1,-100.0,1,1,1,600.8,-100.0,10240
97.637,95.888,600.8,57.0,600.84,17.0,100.0,20.0,1,-40.0,1,1,1,600.84,-40.0,10240
97.732,95.979,600.9,48.0,600.94,8.0,100.0,20.0,1,-40.0,1,1,1,600.94,-40.0,10240
97.821,96.069,601.0,38.0,601.02,18.0,100.0,20.0,1,-20.0,1,1,1,601.02,-20.0,10240
97.938,96.182,601.1,51.0,601.14,11.0,100.0,20.0,1,-40.0,1,1,1,601.14,-40.0,10240
98.03,96.276,601.2,45.0,601.24,5.0,100.0,20.0,1,-40.0,1,1,1,601.24,-40.0,10240
98.16,96.394,601.3,63.0,601.36,3.0,100.0,20.0,1,-60.0,1,1,1,601.36,-60.0,10240
98.255,96.489,601.4,58.0,601.44,18.0,100.0,20.0,1,-40.0,1,1,1,601.44,-40.0,10240
98.389,96.623,601.5,92.0,601.58,12.0,100.0,20.0,1,-80.0,1,1,1,601.58,-80.0,10240
98.474,96.708,601.6,77.0,601.66,17.0,100.0,20.0,1,-60.0,1,1,1,601.66,-60.0,10240
98.587,96.826,601.7,95.0,601.78,15.0,100.0,20.0,1,-80.0,1,1,1,601.78,-80.0,10240
98.672,96.906,601.8,75.0,601.86,15.0,100.0,20.0,1,-60.0,1,1,1,601.86,-60.0,10240
98.745,96.979,601.9,48.0,601.94,8.0,100.0,20.0,1,-40.0,1,1,1,601.94,-40.0,10240
98.872,97.107,602.0,76.0,602.06,16.0,100.0,20.0,1,-60.0,1,1,1,602.06,-60.0,10240
99.004,97.232,602.1,101.0,602.2,1.0,100.0,20.0,1,-100.0,1,1,1,602.2,-100.0,10240
99.071,97.298,602.2,67.0,602.26,7.0,100.0,20.0,1,-60.0,1,1,1,602.26,-60.0,10240
99.185,97.415,602.3,84.0,602.38,4.0,100.0,20.0,1,-80.0,1,1,1,602.38,-80.0,10240
99.246,97.471,602.4,40.0,602.42,20.0,100.0,20.0,1,-20.0,1,1,1,602.42,-20.0,10240
99.35,97.574,602.5,43.0,602.54,3.0,100.0,20.0,1,-40.0,1,1,1,602.54,-40.0,10240
99.474,97.698,602.6,67.0,602.66,7.0,100.0,20.0,1,-60.0,1,1,1,602.66,-60.0,10240
99.576,97.802,602.7,71.0,602.76,11.0,100.0,20.0,1,-40.0,1,1,1,602.74,-40.0,10240
99.707,97.931,602.8,100.0,602.88,20.0,100.0,20.0,1,-80.0,1,1,1,602.88,-80.0,10240
99.777,98.003,602.9,72.0,602.96,12.0,100.0,20.0,1,-60.0,1,1,1,602.96,-60.0,10240
99.866,98.091,603.0,60.0,603.04,20.0,100.0,20.0,1,-40.0,1,1,1,603.04,-40.0,10240
99.949,98.177,603.1,46.0,603.14,6.0,100.0,20.0,1,-20.0,1,1,1,603.12,-20.0,10240
100.115,98.336,603.2,105.0,603.3,5.0,100.0,20.0,1,-100.0,1,1,1,603.3,-100.0,10240
100.209,98.43,603.3,99.0,603.38,19.0,100.0,20.0,1,-80.0,1,1,1,603.38,-80.0,10240
100.325,98.536,603.4,105.0,603.5,5.0,100.0,20.0,1,-100.0,1,1,1,603.5,-100.0,10240
100.367,98.575,603.5,44.0,603.54,4.0,100.0,20.0,1,-40.0,1,1,1,603.54,-40.0,10240
100.471,98.68,603.6,49.0,603.64,9.0,100.0,20.0,1,-40.0,1,1,1,603.64,-40.0,10240
100.553,98.76,603.7,29.0,603.72,9.0,100.0,20.0,1,-20.0,1,1,1,603.72,-20.0,10240
100.699,98.895,603.8,64.0,603.86,4.0,100.0,20.0,1,-60.0,1,1,1,603.86,-60.0,10240
100.786,98.989,603.9,58.0,603.94,18.0,100.0,20.0,1,-40.0,1,1,1,603.94,-40.0,10240
100.912,99.111,604.0,80.0,604.06,20.0,100.0,20.0,1,-60.0,1,1,1,604.06,-60.0,10240
101.015,99.212,604.1,81.0,604.18,1.0,100.0,20.0,1,-60.0,1,1,1,604.16,-60.0,10240
101.088,99.285,604.2,54.0,604.24,14.0,100.0,20.0,1,-40.0,1,1,1,604.24,-40.0,10240
101.171,99.372,604.3,41.0,604.34,1.0,100.0,20.0,1,-20.0,1,1,1,604.32,-20.0,10240
101.311,99.513,604.4,82.0,604.48,2.0,100.0,20.0,1,-40.0,1,1,1,604.44,-40.0,10240
101.406,99.606,604.5,75.0,604.56,15.0,100.0,20.0,1,-60.0,1,1,1,604.56,-60.0,10240
101.533,99.73,604.6,99.0,604.68,19.0,100.0,20.0,1,-80.0,1,1,1,604.68,-80.0,10240
101.585,99.782,604.7,51.0,604.74,11.0,100.0,20.0,1,-40.0,1,1,1,604.74,-40.0,10240
101.707,99.908,604.8,77.0,604.86,17.0,100.0,20.0,1,-20.0,1,1,1,604.82,-20.0,10240
101.762,99.963,604.9,32.0,604.92,12.0,100.0,20.0,0,40.0,1,0,0,604.86,40.0,10240
101.902,100.104,605.0,73.0,605.06,13.0,100.0,20.0,1,-40.0,1,1,1,605.04,-40.0,10240
101.983,100.184,605.1,53.0,605.14,13.0,100.0,20.0,0,20.0,1,0,0,605.08,20.0,10240
102.125,100.327,605.2,96.0,605.28,16.0,100.0,20.0,1,0.0,1,1,1,605.2,0.0,10240
102.207,100.405,605.3,74.0,605.36,14.0,100.0,20.0,0,20.0,1,0,0,605.28,20.0,10240
102.288,100.482,605.4,51.0,605.44,11.0,100.0,20.0,1,-40.0,1,1,1,605.44,-40.0,10240
102.368,100.567,605.5,36.0,605.52,16.0,100.0,20.0,1,-20.0,1,1,1,605.52,-20.0,10240
102.543,100.738,605.6,107.0,605.7,7.0,100.0,20.0,1,-60.0,1,1,1,605.66,-60.0,10240
102.606,100.8,605.7,69.0,605.76,9.0,100.0,20.0,1,0.0,1,1,1,605.7,0.0,10240
102.749,100.938,605.8,107.0,605.9,7.0,100.0,20.0,0,20.0,1,0,0,605.78,20.0,10240
102.805,100.993,605.9,62.0,605.96,2.0,100.0,20.0,0,40.0,1,0,0,605.86,40.0,10240
102.911,101.097,606.0,66.0,606.06,6.0,100.0,20.0,1,-20.0,1,1,1,606.02,-20.0,10240
103.051,101.236,606.1,105.0,606.2,5.0,100.0,20.0,1,-60.0,1,1,1,606.16,-60.0,10240
103.157,101.338,606.2,107.0,606.3,7.0,100.0,20.0,1,-20.0,1,1,1,606.22,-20.0,10240
103.241,101.418,606.3,87.0,606.38,7.0,100.0,20.0,0,40.0,1,0,0,606.26,40.0,10240
103.322,101.5,606.4,69.0,606.46,9.0,100.0,20.0,0,140.0,1,0,0,606.26,140.0,10240
103.416,101.59,606.5,59.0,606.54,19.0,100.0,20.0,1,-20.0,1,1,1,606.52,-20.0,10240
103.509,101.68,606.6,49.0,606.64,9.0,100.0,20.0,0,20.0,1,0,0,606.58,20.0,10240
103.594,101.76,606.7,29.0,606.72,9.0,100.0,20.0,1,-20.0,1,1,1,606.72,-20.0,10240
103.753,101.93,606.8,99.0,606.88,19.0,100.0,20.0,1,-80.0,1,1,1,606.88,-80.0,10240
103.813,101.989,606.9,58.0,606.94,18.0,100.0,20.0,1,-20.0,1,1,1,606.92,-20.0,10240
103.913,102.09,607.0,59.0,607.04,19.0,100.0,20.0,1,0.0,1,1,1,607.0,0.0,10240
104.059,102.234,607.1,103.0,607.2,3.0,100.0,20.0,1,-40.0,1,1,1,607.14,-40.0,10240
104.133,102.309,607.2,78.0,607.26,18.0,100.0,20.0,0,20.0,1,0,0,607.18,20.0,10240
104.213,102.383,607.3,52.0,607.34,12.0,100.0,20.0,0,80.0,1,0,0,607.22,80.0,10240
104.296,102.467,607.4,36.0,607.42,16.0,100.0,20.0,0,80.0,1,0,0,607.32,80.0,10240
104.445,102.619,607.5,88.0,607.58,8.0,100.0,20.0,1,-80.0,1,1,1,607.58,-80.0,10240
104.526,102.694,607.6,63.0,607.66,3.0,100.0,20.0,1,-60.0,1,1,1,607.66,-60.0,10240
104.662,102.832,607.7,101.0,607.8,1.0,100.0,20.0,1,-80.0,1,1,1,607.78,-80.0,10240
104.747,102.915,607.8,84.0,607.88,4.0,100.0,20.0,1,-80.0,1,1,1,607.88,-80.0,10240
104.82,102.983,607.9,52.0,607.94,12.0,100.0,20.0,1,-40.0,1,1,1,607.94,-40.0,10240
104.908,103.079,608.0,48.0,608.04,8.0,100.0,20.0,1,-20.0,1,1,1,608.02,-20.0,10240
105.086,103.237,608.1,106.0,608.2,6.0,100.0,20.0,1,-60.0,1,1,1,608.16,-60.0,10240
105.208,103.333,608.2,102.0,608.3,2.0,100.0,20.0,1,-80.0,1,1,1,608.28,-80.0,10240
105.312,103.438,608.3,107.0,608.4,7.0,100.0,20.0,1,-40.0,1,1,1,608.34,-40.0,10240
105.415,103.538,608.4,107.0,608.5,7.0,100.0,20.0,0,20.0,1,0,0,608.38,20.0,10240
105.498,103.621,608.5,90.0,608.58,10.0,100.0,20.0,0,40.0,1,0,0,608.46,40.0,10240
105.558,103.679,608.6,48.0,608.64,8.0,100.0,20.0,0,80.0,1,0,0,608.52,80.0,10240
105.656,103.778,608.7,47.0,608.74,7.0,100.0,20.0,0,40.0,1,0,0,608.66,40.0,10240
105.744,103.865,608.8,34.0,608.82,14.0,100.0,20.0,1,0.0,1,1,1,608.8,0.0,10240
105.866,103.985,608.9,54.0,608.94,14.0,100.0,20.0,1,-40.0,1,1,1,608.94,-40.0,10240
105.981,104.099,609.0,68.0,609.06,8.0,100.0,20.0,1,-60.0,1,1,1,609.06,-60.0,10240
106.113,104.231,609.1,100.0,609.18,20.0,100.0,20.0,1,-40.0,1,1,1,609.14,-40.0,10240
106.193,104.309,609.2,78.0,609.26,18.0,100.0,20.0,0,20.0,1,0,0,609.18,20.0,10240
106.278,104.387,609.3,56.0,609.34,16.0,100.0,20.0,1,0.0,1,1,1,609.3,0.0,10240
106.343,104.463,609.4,32.0,609.42,12.0,100.0,20.0,1,0.0,1,1,1,609.4,0.0,10240
106.491,104.607,609.5,76.0,609.56,16.0,100.0,20.0,1,-40.0,1,1,1,609.54,-40.0,10240
106.586,104.706,609.6,75.0,609.66,15.0,100.0,20.0,1,-40.0,1,1,1,609.64,-40.0,10240
106.742,104.831,609.7,100.0,609.8,0.0,100.0,20.0,1,-60.0,1,1,1,609.76,-60.0,10240
106.834,104.924,609.8,93.0,609.88,13.0,100.0,20.0,1,-80.0,1,1,1,609.88,-80.0,10240
106.933,105.027,609.9,96.0,609.98,16.0,100.0,20.0,1,-80.0,1,1,1,609.98,-80.0,10240
107.004,105.096,610.0,65.0,610.06,5.0,100.0,20.0,1,-20.0,1,1,1,610.02,-20.0,10240
107.079,105.168,610.1,37.0,610.12,17.0,100.0,20.0,1,-20.0,1,1,1,610.12,-20.0,10240
107.178,105.263,610.2,32.0,610.22,12.0,100.0,20.0,1,-20.0,1,1,1,610.22,-20.0,10240
107.312,105.4,610.3,69.0,610.36,9.0,100.0,20.0,1,-60.0,1,1,1,610.36,-60.0,10240
107.412,105.5,610.4,69.0,610.46,9.0,100.0,20.0,1,-60.0,1,1,1,610.46,-60.0,10240
107.545,105.631,610.5,100.0,610.6,0.0,100.0,20.0,1,-100.0,1,1,1,610.6,-100.0,10240
107.599,105.686,610.6,55.0,610.64,15.0,100.0,20.0,1,-40.0,1,1,1,610.64,-40.0,10240
107.749,105.831,610.7,100.0,610.8,0.0,100.0,20.0,1,-100.0,1,1,1,610.8,-100.0,10240
107.781,105.863,610.8,32.0,610.82,12.0,100.0,20.0,1,-20.0,1,1,1,610.82,-20.0,10240
107.924,106.007,610.9,76.0,610.96,16.0,100.0,20.0,1,-60.0,1,1,1,610.96,-60.0,10240
108.042,106.121,611.0,90.0,611.08,10.0,100.0,20.0,1,-80.0,1,1,1,611.08,-80.0,10240
108.208,106.231,611.1,100.0,611.2,0.0,100.0,20.0,1,-100.0,1,1,1,611.2,-100.0,10240
108.276,106.304,611.2,73.0,611.26,13.0,100.0,20.0,1,-40.0,1,1,1,611.24,-40.0,10240
108.344,106.371,611.3,40.0,611.32,20.0,100.0,20.0,1,-20.0,1,1,1,611.32,-20.0,10240
108.448,106.471,611.4,40.0,611.42,20.0,100.0,20.0,1,0.0,1,1,1,611.4,0.0,10240
108.537,106.558,611.5,27.0,611.52,7.0,100.0,20.0,1,0.0,1,1,1,611.5,0.0,10240
108.661,106.682,611.6,51.0,611.64,11.0,100.0,20.0,1,-40.0,1,1,1,611.64,-40.0,10240
108.775,106.799,611.7,68.0,611.76,8.0,100.0,20.0,1,-20.0,1,1,1,611.72,-20.0,10240
108.857,106.879,611.8,48.0,611.84,8.0,100.0,20.0,1,-40.0,1,1,1,611.84,-40.0,10240
109.009,107.029,611.9,98.0,611.98,18.0,100.0,20.0,1,-80.0,1,1,1,611.98,-80.0,10240
109.064,107.081,612.0,50.0,612.04,10.0,100.0,20.0,1,-40.0,1,1,1,612.04,-40.0,10240
109.165,107.183,612.1,52.0,612.14,12.0,100.0,20.0,1,-40.0,1,1,1,612.14,-40.0,10240
109.25,107.271,612.2,40.0,612.22,20.0,100.0,20.0,1,-20.0,1,1,1,612.22,-20.0,10240
109.418,107.431,612.3,100.0,612.4,0.0,100.0,20.0,1,-100.0,1,1,1,612.4,-100.0,10240
109.554,107.531,612.4,100.0,612.5,0.0,100.0,20.0,1,-100.0,1,1,1,612.5,-100.0,10240
109.614,107.591,612.5,60.0,612.56,0.0,100.0,20.0,1,-40.0,1,1,1,612.54,-40.0,10240
109.699,107.681,612.6,50.0,612.64,10.0,100.0,20.0,1,-40.0,1,1,1,612.64,-40.0,10240
109.79,107.762,612.7,31.0,612.72,11.0,100.0,20.0,1,0.0,1,1,1,612.7,0.0,10240
109.911,107.884,612.8,53.0,612.84,13.0,100.0,20.0,1,0.0,1,1,1,612.8,0.0,10240
110.035,108.008,612.9,77.0,612.96,17.0,100.0,20.0,1,-60.0,1,1,1,612.96,-60.0,10240
110.111,108.079,613.0,48.0,613.04,8.0,100.0,20.0,1,-40.0,1,1,1,613.04,-40.0,10240
110.245,108.212,613.1,81.0,613.18,1.0,100.0,20.0,1,-60.0,1,1,1,613.16,-60.0,10240
110.299,108.268,613.2,37.0,613.22,17.0,100.0,20.0,1,-20.0,1,1,1,613.22,-20.0,10240
110.407,108.373,613.3,42.0,613.34,2.0,100.0,20.0,1,-40.0,1,1,1,613.34,-40.0,10240
110.519,108.483,613.4,52.0,613.44,12.0,100.0,20.0,1,-20.0,1,1,1,613.42,-20.0,10240
110.604,108.567,613.5,36.0,613.52,16.0,100.0,20.0,1,-20.0,1,1,1,613.52,-20.0,10240
110.703,108.669,613.6,38.0,613.62,18.0,100.0,20.0,1,0.0,1,1,1,613.6,0.0,10240
110.835,108.796,613.7,65.0,613.76,5.0,100.0,20.0,1,-60.0,1,1,1,613.76,-60.0,10240
110.933,108.898,613.8,67.0,613.86,7.0,100.0,20.0,1,-20.0,1,1,1,613.82,-20.0,10240
111.072,109.034,613.9,103.0,614.0,3.0,100.0,20.0,1,-20.0,1,1,1,613.92,-20.0,10240
111.129,109.09,614.0,59.0,614.04,19.0,100.0,20.0,1,-20.0,1,1,1,614.02,-20.0,10240
111.222,109.186,614.1,55.0,614.14,15.0,100.0,20.0,1,-20.0,1,1,1,614.12,-20.0,10240
111.303,109.267,614.2,36.0,614.22,16.0,100.0,20.0,1,-20.0,1,1,1,614.22,-20.0,10240
111.432,109.396,614.3,65.0,614.36,5.0,100.0,20.0,1,-60.0,1,1,1,614.36,-60.0,10240
111.514,109.474,614.4,43.0,614.44,3.0,100.0,20.0,1,-40.0,1,1,1,614.44,-40.0,10240
111.664,109.626,614.5,95.0,614.58,15.0,100.0,20.0,1,-80.0,1,1,1,614.58,-80.0,10240
111.756,109.721,614.6,90.0,614.68,10.0,100.0,20.0,1,-80.0,1,1,1,614.68,-80.0,10240
111.827,109.789,614.7,58.0,614.74,18.0,100.0,20.0,1,-40.0,1,1,1,614.74,-40.0,10240
111.906,109.868,614.8,37.0,614.82,17.0,100.0,20.0,1,-20.0,1,1,1,614.82,-20.0,10240
112.037,110.0,614.9,69.0,614.96,9.0,100.0,20.0,1,-60.0,1,1,1,614.96,-60.0,10240
112.115,110.071,615.0,40.0,615.04,0.0,100.0,20.0,1,-20.0,1,1,1,615.02,-20.0,10240
112.247,110.205,615.1,74.0,615.16,14.0,100.0,20.0,1,-60.0,1,1,1,615.16,-60.0,10240
112.332,110.286,615.2,55.0,615.24,15.0,100.0,20.0,1,-40.0,1,1,1,615.24,-40.0,10240
112.466,110.424,615.3,93.0,615.38,13.0,100.0,20.0,1,-80.0,1,1,1,615.38,-80.0,10240
112.53,110.483,615.4,52.0,615.44,12.0,100.0,20.0,1,-40.0,1,1,1,615.44,-40.0,10240
112.642,110.597,615.5,66.0,615.56,6.0,100.0,20.0,1,-60.0,1,1,1,615.56,-60.0,10240
112.718,110.677,615.6,46.0,615.64,6.0,100.0,20.0,1,-20.0,1,1,1,615.62,-20.0,10240
112.849,110.801,615.7,70.0,615.76,10.0,100.0,20.0,1,-60.0,1,1,1,615.76,-60.0,10240
112.962,110.919,615.8,88.0,615.88,8.0,100.0,20.0,1,-60.0,1,1,1,615.86,-60.0,10240
113.079,111.033,615.9,102.0,616.0,2.0,100.0,20.0,1,-80.0,1,1,1,615.98,-80.0,10240
113.132,111.086,616.0,55.0,616.04,15.0,100.0,20.0,1,-40.0,1,1,1,616.04,-40.0,10240
113.228,111.185,616.1,54.0,616.14,14.0,100.0,20.0,1,-40.0,1,1,1,616.14,-40.0,10240
113.337,111.289,616.2,58.0,616.24,18.0,100.0,20.0,1,-40.0,1,1,1,616.24,-40.0,10240
113.456,111.413,616.3,82.0,616.38,2.0,100.0,20.0,1,-60.0,1,1,1,616.36,-60.0,10240
113.575,111.525,616.4,94.0,616.48,14.0,100.0,20.0,1,-80.0,1,1,1,616.48,-80.0,10240
113.623,111.574,616.5,43.0,616.54,3.0,100.0,20.0,1,-40.0,1,1,1,616.54,-40.0,10240
113.718,111.672,616.6,41.0,616.64,1.0,100.0,20.0,1,-20.0,1,1,1,616.62,-20.0,10240
113.806,111.758,616.7,27.0,616.72,7.0,100.0,20.0,1,-20.0,1,1,1,616.72,-20.0,10240
113.923,111.862,616.8,31.0,616.82,11.0,100.0,20.0,1,-20.0,1,1,1,616.82,-20.0,10240
114.015,111.959,616.9,28.0,616.92,8.0,100.0,20.0,1,0.0,1,1,1,616.9,0.0,10240
114.156,112.103,617.0,72.0,617.06,12.0,100.0,20.0,1,-40.0,1,1,1,617.04,-40.0,10240
114.246,112.198,617.1,67.0,617.16,7.0,100.0,20.0,1,-40.0,1,1,1,617.14,-40.0,10240
114.369,112.317,617.2,86.0,617.28,6.0,100.0,20.0,1,-80.0,1,1,1,617.28,-80.0,10240
114.441,112.386,617.3,55.0,617.34,15.0,100.0,20.0,1,-40.0,1,1,1,617.34,-40.0,10240
114.583,112.533,617.4,102.0,617.5,2.0,100.0,20.0,1,-80.0,1,1,1,617.48,-80.0,10240
114.625,112.57,617.5,39.0,617.52,19.0,100.0,20.0,1,-20.0,1,1,1,617.52,-20.0,10240
114.764,112.714,617.6,83.0,617.68,3.0,100.0,20.0,1,-60.0,1,1,1,617.66,-60.0,10240
114.847,112.794,617.7,63.0,617.76,3.0,100.0,20.0,1,-20.0,1,1,1,617.72,-20.0,10240
114.972,112.922,617.8,91.0,617.88,11.0,100.0,20.0,1,-80.0,1,1,1,617.88,-80.0,10240
115.049,112.994,617.9,63.0,617.96,3.0,100.0,20.0,1,-60.0,1,1,1,617.96,-60.0,10240
115.149,113.093,618.0,62.0,618.06,2.0,100.0,20.0,1,-60.0,1,1,1,618.06,-60.0,10240
115.229,113.177,618.1,46.0,618.14,6.0,100.0,20.0,1,-20.0,1,1,1,618.12,-20.0,10240
115.38,113.324,618.2,93.0,618.28,13.0,100.0,20.0,1,-80.0,1,1,1,618.28,-80.0,10240
115.473,113.418,618.3,87.0,618.38,7.0,100.0,20.0,1,-80.0,1,1,1,618.38,-80.0,10240
115.594,113.531,618.4,100.0,618.5,0.0,100.0,20.0,1,-100.0,1,1,1,618.5,-100.0,10240
115.675,113.615,618.5,84.0,618.58,4.0,100.0,20.0,1,-80.0,1,1,1,618.58,-80.0,10240
115.75,113.687,618.6,56.0,618.64,16.0,100.0,20.0,1,-40.0,1,1,1,618.64,-40.0,10240
115.822,113.762,618.7,31.0,618.72,11.0,100.0,20.0,1,-20.0,1,1,1,618.72,-20.0,10240
116.007,113.931,618.8,100.0,618.9,0.0,100.0,20.0,1,-100.0,1,1,1,618.9,-100.0,10240
116.109,114.033,618.9,102.0,619.0,2.0,100.0,20.0,1,-100.0,1,1,1,619.0,-100.0,10240
116.233,114.131,619.0,100.0,619.1,0.0,100.0,20.0,1,-100.0,1,1,1,619.1,-100.0,10240
116.314,114.218,619.1,87.0,619.18,7.0,100.0,20.0,1,-80.0,1,1,1,619.18,-80.0,10240
116.394,114.293,619.2,62.0,619.26,2.0,100.0,20.0,1,-60.0,1,1,1,619.26,-60.0,10240
116.473,114.369,619.3,38.0,619.32,18.0,100.0,20.0,1,-20.0,1,1,1,619.32,-20.0,10240
116.61,114.51,619.4,79.0,619.46,19.0,100.0,20.0,1,-60.0,1,1,1,619.46,-60.0,10240
116.694,114.594,619.5,63.0,619.56,3.0,100.0,20.0,1,-40.0,1,1,1,619.54,-40.0,10240
116.824,114.717,619.6,86.0,619.68,6.0,100.0,20.0,1,-80.0,1,1,1,619.68,-80.0,10240
116.896,114.789,619.7,58.0,619.74,18.0,100.0,20.0,1,-40.0,1,1,1,619.74,-40.0,10240
116.99,114.882,619.8,51.0,619.84,11.0,100.0,20.0,1,-40.0,1,1,1,619.84,-40.0,10240
117.095,114.988,619.9,57.0,619.94,17.0,100.0,20.0,1,-40.0,1,1,1,619.94,-40.0,10240
117.213,115.105,620.0,74.0,620.06,14.0,100.0,20.0,1,-60.0,1,1,1,620.06,-60.0,10240
117.322,115.213,620.1,82.0,620.18,2.0,100.0,20.0,1,-80.0,1,1,1,620.18,-80.0,10240
117.467,115.331,620.2,100.0,620.3,0.0,100.0,20.0,1,-100.0,1,1,1,620.3,-100.0,10240
117.539,115.407,620.3,76.0,620.36,16.0,100.0,20.0,1,-20.0,1,1,1,620.32,-20.0,10240
117.659,115.523,620.4,92.0,620.48,12.0,100.0,20.0,1,-80.0,1,1,1,620.48,-80.0,10240
117.709,115.571,620.5,40.0,620.54,0.0,100.0,20.0,1,-20.0,1,1,1,620.52,-20.0,10240
117.829,115.695,620.6,64.0,620.66,4.0,100.0,20.0,1,-40.0,1,1,1,620.64,-40.0,10240
117.943,115.811,620.7,80.0,620.76,20.0,100.0,20.0,1,-60.0,1,1,1,620.76,-60.0,10240
118.06,115.922,620.8,91.0,620.88,11.0,100.0,20.0,1,-80.0,1,1,1,620.88,-80.0,10240
118.138,116.0,620.9,69.0,620.96,9.0,100.0,20.0,1,-60.0,1,1,1,620.96,-60.0,10240
118.231,116.099,621.0,68.0,621.06,8.0,100.0,20.0,1,-60.0,1,1,1,621.06,-60.0,10240
118.309,116.175,621.1,44.0,621.14,4.0,100.0,20.0,1,-20.0,1,1,1,621.12,-20.0,10240
118.409,116.272,621.2,41.0,621.24,1.0,100.0,20.0,1,-20.0,1,1,1,621.22,-20.0,10240
118.553,116.412,621.3,81.0,621.38,1.0,100.0,20.0,1,-60.0,1,1,1,621.36,-60.0,10240
118.662,116.522,621.4,91.0,621.48,11.0,100.0,20.0,1,-80.0,1,1,1,621.48,-80.0,10240
118.75,116.612,621.5,81.0,621.58,1.0,100.0,20.0,1,-60.0,1,1,1,621.56,-60.0,10240
118.844,116.702,621.6,71.0,621.66,11.0,100.0,20.0,1,-60.0,1,1,1,621.66,-60.0,10240
118.912,116.768,621.7,37.0,621.72,17.0,100.0,20.0,1,-20.0,1,1,1,621.72,-20.0,10240
119.022,116.877,621.8,46.0,621.84,6.0,100.0,20.0,1,-40.0,1,1,1,621.84,-40.0,10240
119.11,116.964,621.9,33.0,621.92,13.0,100.0,20.0,1,-20.0,1,1,1,621.92,-20.0,10240
119.255,117.11,622.0,79.0,622.06,19.0,100.0,20.0,1,-60.0,1,1,1,622.06,-60.0,10240
119.351,117.208,622.1,77.0,622.16,17.0,100.0,20.0,1,-60.0,1,1,1,622.16,-60.0,10240
119.462,117.309,622.2,78.0,622.26,18.0,100.0,20.0,1,-60.0,1,1,1,622.26,-60.0,10240
119.538,117.389,622.3,58.0,622.34,18.0,100.0,20.0,1,-40.0,1,1,1,622.34,-40.0,10240
119.615,117.462,622.4,31.0,622.42,11.0,100.0,20.0,1,-20.0,1,1,1,622.42,-20.0,10240
119.761,117.614,622.5,83.0,622.58,3.0,100.0,20.0,1,-60.0,1,1,1,622.56,-60.0,10240
119.825,117.676,622.6,45.0,622.64,5.0,100.0,20.0,1,-20.0,1,1,1,622.62,-20.0,10240
119.965,117.813,622.7,82.0,622.78,2.0,100.0,20.0,1,-60.0,1,1,1,622.76,-60.0,10240
120.03,117.878,622.8,47.0,622.84,7.0,100.0,20.0,1,-20.0,1,1,1,622.82,-20.0,10240
120.149,117.997,622.9,66.0,622.96,6.0,100.0,20.0,1,-60.0,1,1,1,622.96,-60.0,10240
120.227,118.075,623.0,44.0,623.04,4.0,100.0,20.0,1,-40.0,1,1,1,623.04,-40.0,10240
120.361,118.209,623.1,78.0,623.16,18.0,100.0,20.0,1,-60.0,1,1,1,623.16,-60.0,10240
120.439,118.287,623.2,56.0,623.24,16.0,100.0,20.0,1,-40.0,1,1,1,623.24,-40.0,10240
120.544,118.392,623.3,61.0,623.36,1.0,100.0,20.0,1,-40.0,1,1,1,623.34,-40.0,10240
120.611,118.457,623.4,26.0,623.42,6.0,100.0,20.0,1,-20.0,1,1,1,623.42,-20.0,10240
120.782,118.631,623.5,100.0,623.58,20.0,100.0,20.0,1,-80.0,1,1,1,623.58,-80.0,10240
120.833,118.68,623.6,49.0,623.64,9.0,100.0,20.0,1,-40.0,1,1,1,623.64,-40.0,10240
120.977,118.83,623.7,99.0,623.78,19.0,100.0,20.0,1,-80.0,1,1,1,623.78,-80.0,10240
121.027,118.873,623.8,42.0,623.84,2.0,100.0,20.0,1,-20.0,1,1,1,623.82,-20.0,10240
121.139,118.986,623.9,55.0,623.94,15.0,100.0,20.0,1,-40.0,1,1,1,623.94,-40.0,10240
121.23,119.077,624.0,46.0,624.04,6.0,100.0,20.0,1,-20.0,1,1,1,624.02,-20.0,10240
121.345,119.191,624.1,60.0,624.16,0.0,100.0,20.0,1,-40.0,1,1,1,624.14,-40.0,10240
121.463,119.315,624.2,84.0,624.28,4.0,100.0,20.0,1,-60.0,1,1,1,624.26,-60.0,10240
121.612,119.433,624.3,102.0,624.4,2.0,100.0,20.0,1,-100.0,1,1,1,624.4,-100.0,10240
121.661,119.483,624.4,52.0,624.44,12.0,100.0,20.0,1,-40.0,1,1,1,624.44,-40.0,10240
121.768,119.587,624.5,56.0,624.54,16.0,100.0,20.0,1,-40.0,1,1,1,624.54,-40.0,10240
121.846,119.666,624.6,35.0,624.62,15.0,100.0,20.0,1,-20.0,1,1,1,624.62,-20.0,10240
121.966,119.785,624.7,54.0,624.74,14.0,100.0,20.0,1,-40.0,1,1,1,624.74,-40.0,10240
122.067,119.878,624.8,47.0,624.84,7.0,100.0,20.0,1,-40.0,1,1,1,624.84,-40.0,10240
122.19,120.001,624.9,70.0,624.96,10.0,100.0,20.0,1,-60.0,1,1,1,624.96,-60.0,10240
122.297,120.109,625.0,78.0,625.06,18.0,100.0,20.0,1,-60.0,1,1,1,625.06,-60.0,10240
122.366,120.181,625.1,50.0,625.14,10.0,100.0,20.0,1,0.0,1,1,1,625.1,0.0,10240
122.48,120.294,625.2,63.0,625.26,3.0,100.0,20.0,1,-40.0,1,1,1,625.24,-40.0,10240
122.604,120.416,625.3,85.0,625.38,5.0,100.0,20.0,1,-40.0,1,1,1,625.34,-40.0,10240
122.685,120.499,625.4,68.0,625.46,8.0,100.0,20.0,0,20.0,1,0,0,625.38,20.0,10240
122.797,120.608,625.5,77.0,625.56,17.0,100.0,20.0,0,40.0,1,0,0,625.46,40.0,10240
122.881,120.69,625.6,59.0,625.64,19.0,100.0,20.0,0,60.0,1,0,0,625.54,60.0,10240
122.971,120.781,625.7,50.0,625.74,10.0,100.0,20.0,0,20.0,1,0,0,625.68,20.0,10240
123.055,120.868,625.8,37.0,625.82,17.0,100.0,20.0,1,-20.0,1,1,1,625.82,-20.0,10240
123.17,120.974,625.9,43.0,625.94,3.0,100.0,20.0,1,-40.0,1,1,1,625.94,-40.0,10240
123.302,121.11,626.0,79.0,626.06,19.0,100.0,20.0,1,-60.0,1,1,1,626.06,-60.0,10240
123.397,121.201,626.1,70.0,626.16,10.0,100.0,20.0,1,-40.0,1,1,1,626.14,-40.0,10240
123.513,121.319,626.2,88.0,626.28,8.0,100.0,20.0,1,-80.0,1,1,1,626.28,-80.0,10240
123.573,121.375,626.3,44.0,626.34,4.0,100.0,20.0,1,-40.0,1,1,1,626.34,-40.0,10240
123.691,121.491,626.4,60.0,626.44,20.0,100.0,20.0,1,-40.0,1,1,1,626.44,-40.0,10240
123.762,121.564,626.5,33.0,626.52,13.0,100.0,20.0,1,-20.0,1,1,1,626.52,-20.0,10240
123.871,121.671,626.6,40.0,626.64,0.0,100.0,20.0,1,-40.0,1,1,1,626.64,-40.0,10240
123.977,121.778,626.7,47.0,626.74,7.0,100.0,20.0,1,-20.0,1,1,1,626.72,-20.0,10240
124.109,121.906,626.8,75.0,626.86,15.0,100.0,20.0,1,-60.0,1,1,1,626.86,-60.0,10240
124.211,122.01,626.9,79.0,626.96,19.0,100.0,20.0,1,-60.0,1,1,1,626.96,-60.0,10240
124.29,122.086,627.0,55.0,627.04,15.0,100.0,20.0,1,-40.0,1,1,1,627.04,-40.0,10240
124.363,122.156,627.1,25.0,627.12,5.0,100.0,20.0,1,-20.0,1,1,1,627.12,-20.0,10240
124.522,122.318,627.2,87.0,627.28,7.0,100.0,20.0,1,-60.0,1,1,1,627.26,-60.0,10240
124.593,122.386,627.3,55.0,627.34,15.0,100.0,20.0,1,-40.0,1,1,1,627.34,-40.0,10240
124.73,122.524,627.4,93.0,627.48,13.0,100.0,20.0,1,-80.0,1,1,1,627.48,-80.0,10240
124.8,122.598,627.5,67.0,627.56,7.0,100.0,20.0,1,-60.0,1,1,1,627.56,-60.0,10240
124.903,122.7,627.6,69.0,627.66,9.0,100.0,20.0,1,-20.0,1,1,1,627.62,-20.0,10240
124.972,122.769,627.7,38.0,627.72,18.0,100.0,20.0,0,60.0,1,0,0,627.64,60.0,10240
125.092,122.885,627.8,54.0,627.84,14.0,100.0,20.0,0,20.0,1,0,0,627.78,20.0,10240
125.168,122.959,627.9,28.0,627.92,8.0,100.0,20.0,1,-20.0,1,1,1,627.92,-20.0,10240
125.315,123.108,628.0,77.0,628.06,17.0,100.0,20.0,1,-20.0,1,1,1,628.02,-20.0,10240
125.396,123.191,628.1,60.0,628.14,20.0,100.0,20.0,1,-40.0,1,1,1,628.14,-40.0,10240
125.545,123.337,628.2,106.0,628.3,6.0,100.0,20.0,1,-60.0,1,1,1,628.26,-60.0,10240
125.602,123.394,628.3,63.0,628.36,3.0,100.0,20.0,1,0.0,1,1,1,628.3,0.0,10240
125.73,123.522,628.4,91.0,628.48,11.0,100.0,20.0,0,40.0,1,0,0,628.36,40.0,10240
125.776,123.562,628.5,31.0,628.52,11.0,100.0,20.0,0,60.0,1,0,0,628.44,60.0,10240
125.93,123.716,628.6,85.0,628.68,5.0,100.0,20.0,1,-80.0,1,1,1,628.68,-80.0,10240
125.984,123.771,628.7,40.0,628.72,20.0,100.0,20.0,1,-20.0,1,1,1,628.72,-20.0,10240
126.128,123.912,628.8,81.0,628.88,1.0,100.0,20.0,1,-80.0,1,1,1,628.88,-80.0,10240
126.216,123.999,628.9,68.0,628.96,8.0,100.0,20.0,1,-60.0,1,1,1,628.96,-60.0,10240
126.316,124.104,629.0,73.0,629.06,13.0,100.0,20.0,1,-60.0,1,1,1,629.06,-60.0,10240
126.378,124.16,629.1,29.0,629.12,9.0,100.0,20.0,1,-20.0,1,1,1,629.12,-20.0,10240
126.53,124.316,629.2,85.0,629.28,5.0,100.0,20.0,1,-20.0,1,1,1,629.22,-20.0,10240
126.638,124.425,629.3,94.0,629.38,14.0,100.0,20.0,1,0.0,1,1,1,629.3,0.0,10240
126.762,124.531,629.4,100.0,629.5,0.0,100.0,20.0,1,-100.0,1,1,1,629.5,-100.0,10240
126.842,124.611,629.5,80.0,629.56,20.0,100.0,20.0,1,-60.0,1,1,1,629.56,-60.0,10240
126.923,124.693,629.6,62.0,629.66,2.0,100.0,20.0,1,-60.0,1,1,1,629.66,-60.0,10240
127.015,124.785,629.7,54.0,629.74,14.0,100.0,20.0,1,-40.0,1,1,1,629.74,-40.0,10240
127.111,124.882,629.8,51.0,629.84,11.0,100.0,20.0,1,-20.0,1,1,1,629.82,-20.0,10240
127.189,124.953,629.9,22.0,629.92,2.0,100.0,20.0,1,0.0,1,1,1,629.9,0.0,10240
127.319,125.082,630.0,51.0,630.04,11.0,100.0,20.0,1,-40.0,1,1,1,630.04,-40.0,10240
127.43,125.193,630.1,62.0,630.16,2.0,100.0,20.0,1,-60.0,1,1,1,630.16,-60.0,10240
127.534,125.297,630.2,66.0,630.26,6.0,100.0,20.0,1,-40.0,1,1,1,630.24,-40.0,10240
127.65,125.403,630.3,72.0,630.36,12.0,100.0,20.0,1,-60.0,1,1,1,630.36,-60.0,10240
127.739,125.496,630.4,65.0,630.46,5.0,100.0,20.0,1,-40.0,1,1,1,630.44,-40.0,10240
127.817,125.571,630.5,40.0,630.52,20.0,100.0,20.0,1,-20.0,1,1,1,630.52,-20.0,10240
127.947,125.701,630.6,70.0,630.66,10.0,100.0,20.0,1,-60.0,1,1,1,630.66,-60.0,10240
128.048,125.8,630.7,69.0,630.76,9.0,100.0,20.0,1,-60.0,1,1,1,630.76,-60.0,10240
128.129,125.882,630.8,51.0,630.84,11.0,100.0,20.0,1,-40.0,1,1,1,630.84,-40.0,10240
128.225,125.98,630.9,49.0,630.94,9.0,100.0,20.0,1,-20.0,1,1,1,630.92,-20.0,10240
128.308,126.063,631.0,32.0,631.02,12.0,100.0,20.0,1,-20.0,1,1,1,631.02,-20.0,10240
128.456,126.209,631.1,78.0,631.16,18.0,100.0,20.0,1,-60.0,1,1,1,631.16,-60.0,10240
128.526,126.28,631.2,49.0,631.24,9.0,100.0,20.0,1,-20.0,1,1,1,631.22,-20.0,10240
128.645,126.396,631.3,65.0,631.36,5.0,100.0,20.0,1,-40.0,1,1,1,631.34,-40.0,10240
128.728,126.477,631.4,46.0,631.44,6.0,100.0,20.0,1,0.0,1,1,1,631.4,0.0,10240
128.827,126.575,631.5,44.0,631.54,4.0,100.0,20.0,0,20.0,1,0,0,631.48,20.0,10240
128.94,126.69,631.6,59.0,631.64,19.0,100.0,20.0,0,40.0,1,0,0,631.56,40.0,10240
129.077,126.827,631.7,96.0,631.78,16.0,100.0,20.0,1,0.0,1,1,1,631.7,0.0,10240
129.143,126.89,631.8,59.0,631.84,19.0,100.0,20.0,0,40.0,1,0,0,631.76,40.0,10240
129.273,127.018,631.9,87.0,631.98,7.0,100.0,20.0,1,-60.0,1,1,1,631.96,-60.0,10240
129.357,127.108,632.0,77.0,632.06,17.0,100.0,20.0,1,-60.0,1,1,1,632.06,-60.0,10240
129.477,127.227,632.1,96.0,632.18,16.0,100.0,20.0,1,-80.0,1,1,1,632.18,-80.0,10240
129.525,127.271,632.2,40.0,632.22,20.0,100.0,20.0,1,-20.0,1,1,1,632.22,-20.0,10240
129.653,127.398,632.3,67.0,632.36,7.0,100.0,20.0,1,-60.0,1,1,1,632.36,-60.0,10240
129.729,127.474,632.4,43.0,632.44,3.0,100.0,20.0,1,-40.0,1,1,1,632.44,-40.0,10240
129.889,127.631,632.5,100.0,632.6,0.0,100.0,20.0,1,-80.0,1,1,1,632.58,-80.0,10240
129.978,127.722,632.6,91.0,632.68,11.0,100.0,20.0,1,-80.0,1,1,1,632.68,-80.0,10240
130.095,127.835,632.7,104.0,632.8,4.0,100.0,20.0,1,-100.0,1,1,1,632.8,-100.0,10240
130.153,127.891,632.8,60.0,632.84,20.0,100.0,20.0,1,-40.0,1,1,1,632.84,-40.0,10240
130.254,127.995,632.9,64.0,632.96,4.0,100.0,20.0,1,-40.0,1,1,1,632.94,-40.0,10240
130.322,128.056,633.0,25.0,633.02,5.0,100.0,20.0,1,-20.0,1,1,1,633.02,-20.0,10240
130.461,128.2,633.1,69.0,633.16,9.0,100.0,20.0,1,-40.0,1,1,1,633.14,-40.0,10240
130.541,128.28,633.2,49.0,633.24,9.0,100.0,20.0,1,-40.0,1,1,1,633.24,-40.0,10240
130.658,128.395,633.3,64.0,633.36,4.0,100.0,20.0,1,-60.0,1,1,1,633.36,-60.0,10240
130.762,128.504,633.4,73.0,633.46,13.0,100.0,20.0,1,-60.0,1,1,1,633.46,-60.0,10240
130.897,128.635,633.5,104.0,633.6,4.0,100.0,20.0,1,-100.0,1,1,1,633.6,-100.0,10240
130.956,128.698,633.6,67.0,633.66,7.0,100.0,20.0,1,-40.0,1,1,1,633.64,-40.0,10240
131.037,128.773,633.7,42.0,633.74,2.0,100.0,20.0,1,-20.0,1,1,1,633.72,-20.0,10240
131.156,128.896,633.8,65.0,633.86,5.0,100.0,20.0,1,-40.0,1,1,1,633.84,-40.0,10240
131.296,129.032,633.9,101.0,634.0,1.0,100.0,20.0,1,-80.0,1,1,1,633.98,-80.0,10240
131.388,129.126,634.0,95.0,634.08,15.0,100.0,20.0,1,-80.0,1,1,1,634.08,-80.0,10240
131.495,129.231,634.1,100.0,634.18,20.0,100.0,20.0,1,-80.0,1,1,1,634.18,-80.0,10240
131.564,129.302,634.2,71.0,634.26,11.0,100.0,20.0,1,-60.0,1,1,1,634.26,-60.0,10240
131.627,129.363,634.3,32.0,634.32,12.0,100.0,20.0,1,-20.0,1,1,1,634.32,-20.0,10240
131.767,129.507,634.4,76.0,634.46,16.0,100.0,20.0,1,-60.0,1,1,1,634.46,-60.0,10240
131.854,129.591,634.5,60.0,634.54,20.0,100.0,20.0,1,-40.0,1,1,1,634.54,-40.0,10240
132.006,129.732,634.6,101.0,634.7,1.0,100.0,20.0,1,-100.0,1,1,1,634.7,-100.0,10240
132.08,129.806,634.7,75.0,634.76,15.0,100.0,20.0,1,-60.0,1,1,1,634.76,-60.0,10240
132.166,129.892,634.8,61.0,634.86,1.0,100.0,20.0,1,-40.0,1,1,1,634.84,-40.0,10240
132.241,129.965,634.9,34.0,634.92,14.0,100.0,20.0,1,0.0,1,1,1,634.9,0.0,10240
132.352,130.078,635.0,47.0,635.04,7.0,100.0,20.0,1,-40.0,1,1,1,635.04,-40.0,10240
132.45,130.176,635.1,45.0,635.14,5.0,100.0,20.0,1,-40.0,1,1,1,635.14,-40.0,10240
132.577,130.304,635.2,73.0,635.26,13.0,100.0,20.0,1,-40.0,1,1,1,635.24,-40.0,10240
132.652,130.374,635.3,43.0,635.34,3.0,100.0,20.0,1,-40.0,1,1,1,635.34,-40.0,10240
132.803,130.531,635.4,100.0,635.48,20.0,100.0,20.0,1,-80.0,1,1,1,635.48,-80.0,10240
132.848,130.577,635.5,46.0,635.54,6.0,100.0,20.0,1,-40.0,1,1,1,635.54,-40.0,10240
132.979,130.708,635.6,77.0,635.66,17.0,100.0,20.0,1,-40.0,1,1,1,635.64,-40.0,10240
133.045,130.771,635.7,40.0,635.72,20.0,100.0,20.0,1,0.0,1,1,1,635.7,0.0,10240
133.176,130.898,635.8,67.0,635.86,7.0,100.0,20.0,1,-40.0,1,1,1,635.84,-40.0,10240
133.254,130.976,635.9,45.0,635.94,5.0,100.0,20.0,1,-40.0,1,1,1,635.94,-40.0,10240
133.384,131.107,636.0,76.0,636.06,16.0,100.0,20.0,1,-60.0,1,1,1,636.06,-60.0,10240
133.44,131.16,636.1,29.0,636.12,9.0,100.0,20.0,1,-20.0,1,1,1,636.12,-20.0,10240
133.545,131.265,636.2,34.0,636.22,14.0,100.0,20.0,1,-20.0,1,1,1,636.22,-20.0,10240
133.648,131.368,636.3,37.0,636.32,17.0,100.0,20.0,1,-20.0,1,1,1,636.32,-20.0,10240
133.778,131.501,636.4,70.0,636.46,10.0,100.0,20.0,1,-40.0,1,1,1,636.44,-40.0,10240
133.856,131.577,636.5,46.0,636.54,6.0,100.0,20.0,1,-40.0,1,1,1,636.54,-40.0,10240
134.012,131.731,636.6,100.0,636.7,0.0,100.0,20.0,1,-80.0,1,1,1,636.68,-80.0,10240
134.087,131.807,636.7,76.0,636.76,16.0,100.0,20.0,1,-60.0,1,1,1,636.76,-60.0,10240
134.179,131.9,636.8,69.0,636.86,9.0,100.0,20.0,1,-60.0,1,1,1,636.86,-60.0,10240
134.253,131.976,636.9,45.0,636.94,5.0,100.0,20.0,1,-20.0,1,1,1,636.92,-20.0,10240
134.372,132.089,637.0,58.0,637.04,18.0,100.0,20.0,1,-40.0,1,1,1,637.04,-40.0,10240
134.466,132.183,637.1,52.0,637.14,12.0,100.0,20.0,1,-40.0,1,1,1,637.14,-40.0,10240
134.606,132.328,637.2,97.0,637.28,17.0,100.0,20.0,1,-80.0,1,1,1,637.28,-80.0,10240
134.669,132.387,637.3,56.0,637.34,16.0,100.0,20.0,1,-40.0,1,1,1,637.34,-40.0,10240
134.782,132.498,637.4,67.0,637.46,7.0,100.0,20.0,1,-40.0,1,1,1,637.44,-40.0,10240
134.87,132.585,637.5,54.0,637.54,14.0,100.0,20.0,1,-40.0,1,1,1,637.54,-40.0,10240
135.011,132.73,637.6,99.0,637.68,19.0,100.0,20.0,1,-80.0,1,1,1,637.68,-80.0,10240
135.074,132.79,637.7,59.0,637.74,19.0,100.0,20.0,1,-40.0,1,1,1,637.74,-40.0,10240
135.17,132.885,637.8,54.0,637.84,14.0,100.0,20.0,1,-40.0,1,1,1,637.84,-40.0,10240
135.248,132.968,637.9,37.0,637.92,17.0,100.0,20.0,1,-20.0,1,1,1,637.92,-20.0,10240
135.354,133.069,638.0,38.0,638.02,18.0,100.0,20.0,1,-20.0,1,1,1,638.02,-20.0,10240
135.478,133.193,638.1,62.0,638.16,2.0,100.0,20.0,1,-40.0,1,1,1,638.14,-40.0,10240
135.581,133.296,638.2,65.0,638.26,5.0,100.0,20.0,1,-60.0,1,1,1,638.26,-60.0,10240
135.68,133.396,638.3,65.0,638.36,5.0,100.0,20.0,1,-60.0,1,1,1,638.36,-60.0,10240
135.761,133.476,638.4,45.0,638.44,5.0,100.0,20.0,1,-40.0,1,1,1,638.44,-40.0,10240
135.853,133.568,638.5,37.0,638.52,17.0,100.0,20.0,1,-20.0,1,1,1,638.52,-20.0,10240
135.953,133.669,638.6,38.0,638.62,18.0,100.0,20.0,1,-20.0,1,1,1,638.62,-20.0,10240
136.087,133.804,638.7,73.0,638.76,13.0,100.0,20.0,1,-60.0,1,1,1,638.76,-60.0,10240
136.188,133.903,638.8,72.0,638.86,12.0,100.0,20.0,1,-60.0,1,1,1,638.86,-60.0,10240
136.316,134.033,638.9,102.0,639.0,2.0,100.0,20.0,1,-80.0,1,1,1,638.98,-80.0,10240
136.367,134.083,639.0,52.0,639.04,12.0,100.0,20.0,1,-40.0,1,1,1,639.04,-40.0,10240
136.508,134.223,639.1,92.0,639.18,12.0,100.0,20.0,1,-80.0,1,1,1,639.18,-80.0,10240
136.564,134.279,639.2,48.0,639.24,8.0,100.0,20.0,1,-40.0,1,1,1,639.24,-40.0,10240
136.686,134.404,639.3,73.0,639.36,13.0,100.0,20.0,1,-20.0,1,1,1,639.32,-20.0,10240
136.791,134.508,639.4,77.0,639.46,17.0,100.0,20.0,1,-60.0,1,1,1,639.46,-60.0,10240
136.913,134.629,639.5,98.0,639.58,18.0,100.0,20.0,1,-60.0,1,1,1,639.56,-60.0,10240
136.979,134.694,639.6,63.0,639.66,3.0,100.0,20.0,1,-60.0,1,1,1,639.66,-60.0,10240
137.084,134.798,639.7,67.0,639.76,7.0,100.0,20.0,1,-60.0,1,1,1,639.76,-60.0,10240
137.148,134.859,639.8,28.0,639.82,8.0,100.0,20.0,1,-20.0,1,1,1,639.82,-20.0,10240
137.276,134.991,639.9,60.0,639.94,20.0,100.0,20.0,1,-40.0,1,1,1,639.94,-40.0,10240
137.397,135.109,640.0,78.0,640.06,18.0,100.0,20.0,1,-60.0,1,1,1,640.06,-60.0,10240
137.534,135.231,640.1,100.0,640.2,0.0,100.0,20.0,1,-100.0,1,1,1,640.2,-100.0,10240
137.582,135.278,640.2,47.0,640.24,7.0,100.0,20.0,1,-40.0,1,1,1,640.24,-40.0,10240
137.701,135.392,640.3,61.0,640.36,1.0,100.0,20.0,1,-60.0,1,1,1,640.36,-60.0,10240
137.774,135.467,640.4,36.0,640.42,16.0,100.0,20.0,1,-20.0,1,1,1,640.42,-20.0,10240
137.947,135.631,640.5,100.0,640.6,0.0,100.0,20.0,1,-100.0,1,1,1,640.6,-100.0,10240
138.026,135.711,640.6,80.0,640.66,20.0,100.0,20.0,1,-60.0,1,1,1,640.66,-60.0,10240
138.144,135.832,640.7,101.0,640.8,1.0,100.0,20.0,1,-80.0,1,1,1,640.78,-80.0,10240
138.191,135.874,640.8,43.0,640.84,3.0,100.0,20.0,1,-40.0,1,1,1,640.84,-40.0,10240
138.308,135.994,640.9,63.0,640.96,3.0,100.0,20.0,1,-60.0,1,1,1,640.96,-60.0,10240
138.391,136.075,641.0,44.0,641.04,4.0,100.0,20.0,1,-20.0,1,1,1,641.02,-20.0,10240
138.52,136.197,641.1,66.0,641.16,6.0,100.0,20.0,1,-60.0,1,1,1,641.16,-60.0,10240
138.601,136.277,641.2,46.0,641.24,6.0,100.0,20.0,1,-40.0,1,1,1,641.24,-40.0,10240
138.765,136.435,641.3,104.0,641.4,4.0,100.0,20.0,1,-60.0,1,1,1,641.36,-60.0,10240
138.822,136.488,641.4,57.0,641.44,17.0,100.0,20.0,1,-40.0,1,1,1,641.44,-40.0,10240
138.961,136.63,641.5,99.0,641.58,19.0,100.0,20.0,1,-60.0,1,1,1,641.56,-60.0,10240
139.04,136.711,641.6,80.0,641.68,0.0,100.0,20.0,1,-20.0,1,1,1,641.62,-20.0,10240
139.114,136.781,641.7,50.0,641.74,10.0,100.0,20.0,0,20.0,1,0,0,641.68,20.0,10240
139.197,136.862,641.8,31.0,641.82,11.0,100.0,20.0,1,-20.0,1,1,1,641.82,-20.0,10240
139.318,136.987,641.9,56.0,641.94,16.0,100.0,20.0,1,-40.0,1,1,1,641.94,-40.0,10240
139.439,137.109,642.0,78.0,642.06,18.0,100.0,20.0,1,-60.0,1,1,1,642.06,-60.0,10240
139.51,137.178,642.1,47.0,642.14,7.0,100.0,20.0,1,-20.0,1,1,1,642.12,-20.0,10240
139.64,137.307,642.2,76.0,642.26,16.0,100.0,20.0,1,-60.0,1,1,1,642.26,-60.0,10240
139.728,137.392,642.3,61.0,642.36,1.0,100.0,20.0,1,0.0,1,1,1,642.3,0.0,10240
139.809,137.471,642.4,40.0,642.42,20.0,100.0,20.0,1,0.0,1,1,1,642.4,0.0,10240
139.926,137.581,642.5,50.0,642.54,10.0,100.0,20.0,1,-40.0,1,1,1,642.54,-40.0,10240
140.057,137.712,642.6,81.0,642.68,1.0,100.0,20.0,1,-80.0,1,1,1,642.68,-80.0,10240
140.123,137.779,642.7,48.0,642.74,8.0,100.0,20.0,1,-40.0,1,1,1,642.74,-40.0,10240
140.278,137.937,642.8,106.0,642.9,6.0,100.0,20.0,1,-60.0,1,1,1,642.86,-60.0,10240
140.39,138.031,642.9,100.0,643.0,0.0,100.0,20.0,1,-100.0,1,1,1,643.0,-100.0,10240
140.499,138.139,643.0,108.0,643.1,8.0,100.0,20.0,1,-80.0,1,1,1,643.08,-80.0,10240
140.563,138.203,643.1,72.0,643.16,12.0,100.0,20.0,1,-20.0,1,1,1,643.12,-20.0,10240
140.657,138.297,643.2,66.0,643.26,6.0,100.0,20.0,1,0.0,1,1,1,643.2,0.0,10240
140.739,138.374,643.3,43.0,643.32,23.0,100.0,20.0,1,0.0,1,1,1,643.3,0.0,10240
140.824,138.46,643.4,29.0,643.42,9.0,100.0,20.0,0,60.0,1,0,0,643.34,60.0,10240
140.941,138.576,643.5,45.0,643.54,5.0,100.0,20.0,0,60.0,1,0,0,643.44,60.0,10240
141.072,138.705,643.6,74.0,643.66,14.0,100.0,20.0,1,-40.0,1,1,1,643.64,-40.0,10240
141.157,138.795,643.7,64.0,643.74,24.0,100.0,20.0,0,20.0,1,0,0,643.68,20.0,10240
141.285,138.922,643.8,91.0,643.88,11.0,100.0,20.0,0,20.0,1,0,0,643.78,20.0,10240
141.361,138.999,643.9,68.0,643.96,8.0,100.0,20.0,0,40.0,1,0,0,643.86,40.0,10240
141.469,139.107,644.0,76.0,644.06,16.0,100.0,20.0,1,0.0,1,1,1,644.0,0.0,10240
141.538,139.172,644.1,41.0,644.14,1.0,100.0,20.0,0,40.0,1,0,0,644.06,40.0,10240
141.642,139.277,644.2,46.0,644.24,6.0,100.0,20.0,1,0.0,1,1,1,644.2,0.0,10240
141.77,139.406,644.3,75.0,644.36,15.0,100.0,20.0,1,-60.0,1,1,1,644.36,-60.0,10240
141.893,139.528,644.4,97.0,644.48,17.0,100.0,20.0,1,-80.0,1,1,1,644.48,-80.0,10240
141.959,139.596,644.5,65.0,644.56,5.0,100.0,20.0,1,-40.0,1,1,1,644.54,-40.0,10240
142.062,139.694,644.6,63.0,644.66,3.0,100.0,20.0,1,-40.0,1,1,1,644.64,-40.0,10240
142.137,139.758,644.7,27.0,644.72,7.0,100.0,20.0,1,-20.0,1,1,1,644.72,-20.0,10240
142.274,139.906,644.8,75.0,644.86,15.0,100.0,20.0,1,-40.0,1,1,1,644.84,-40.0,10240
142.374,140.005,644.9,74.0,644.96,14.0,100.0,20.0,1,-60.0,1,1,1,644.96,-60.0,10240
142.535,140.132,645.0,101.0,645.1,1.0,100.0,20.0,1,-80.0,1,1,1,645.08,-80.0,10240
142.59,140.186,645.1,55.0,645.14,15.0,100.0,20.0,1,-20.0,1,1,1,645.12,-20.0,10240
142.687,140.288,645.2,57.0,645.24,17.0,100.0,20.0,1,-20.0,1,1,1,645.22,-20.0,10240
142.768,140.368,645.3,37.0,645.32,17.0,100.0,20.0,0,40.0,1,0,0,645.26,40.0,10240
142.891,140.491,645.4,60.0,645.44,20.0,100.0,20.0,1,0.0,1,1,1,645.4,0.0,10240
142.981,140.577,645.5,46.0,645.54,6.0,100.0,20.0,1,-40.0,1,1,1,645.54,-40.0,10240
143.108,140.703,645.6,72.0,645.66,12.0,100.0,20.0,1,-60.0,1,1,1,645.66,-60.0,10240
143.19,140.781,645.7,50.0,645.74,10.0,100.0,20.0,1,-40.0,1,1,1,645.74,-40.0,10240
143.301,140.899,645.8,68.0,645.86,8.0,100.0,20.0,1,-20.0,1,1,1,645.82,-20.0,10240
143.372,140.969,645.9,38.0,645.92,18.0,100.0,20.0,1,0.0,1,1,1,645.9,0.0,10240
143.52,141.116,646.0,85.0,646.08,5.0,100.0,20.0,1,-60.0,1,1,1,646.06,-60.0,10240
143.597,141.192,646.1,61.0,646.14,21.0,100.0,20.0,1,-20.0,1,1,1,646.12,-20.0,10240
143.718,141.314,646.2,83.0,646.28,3.0,100.0,20.0,1,-20.0,1,1,1,646.22,-20.0,10240
143.792,141.389,646.3,58.0,646.34,18.0,100.0,20.0,1,0.0,1,1,1,646.3,0.0,10240
143.91,141.5,646.4,69.0,646.46,9.0,100.0,20.0,1,-60.0,1,1,1,646.46,-60.0,10240
143.975,141.569,646.5,38.0,646.52,18.0,100.0,20.0,1,-20.0,1,1,1,646.52,-20.0,10240
144.091,141.687,646.6,56.0,646.64,16.0,100.0,20.0,1,-40.0,1,1,1,646.64,-40.0,10240
144.216,141.807,646.7,76.0,646.76,16.0,100.0,20.0,1,-60.0,1,1,1,646.76,-60.0,10240
144.344,141.932,646.8,101.0,646.9,1.0,100.0,20.0,1,-100.0,1,1,1,646.9,-100.0,10240
144.431,142.02,646.9,89.0,646.98,9.0,100.0,20.0,1,-80.0,1,1,1,646.98,-80.0,10240
144.544,142.131,647.0,100.0,647.1,0.0,100.0,20.0,1,-100.0,1,1,1,647.1,-100.0,10240
144.59,142.177,647.1,46.0,647.14,6.0,100.0,20.0,1,-40.0,1,1,1,647.14,-40.0,10240
144.73,142.317,647.2,86.0,647.28,6.0,100.0,20.0,1,-80.0,1,1,1,647.28,-80.0,10240
144.8,142.387,647.3,56.0,647.34,16.0,100.0,20.0,1,-40.0,1,1,1,647.34,-40.0,10240
144.91,142.503,647.4,72.0,647.46,12.0,100.0,20.0,1,-60.0,1,1,1,647.46,-60.0,10240
145.008,142.6,647.5,69.0,647.56,9.0,100.0,20.0,1,-60.0,1,1,1,647.56,-60.0,10240
145.09,142.681,647.6,50.0,647.64,10.0,100.0,20.0,1,-40.0,1,1,1,647.64,-40.0,10240
145.226,142.814,647.7,83.0,647.78,3.0,100.0,20.0,1,-60.0,1,1,1,647.76,-60.0,10240
145.316,142.902,647.8,71.0,647.86,11.0,100.0,20.0,1,-60.0,1,1,1,647.86,-60.0,10240
145.406,142.995,647.9,64.0,647.96,4.0,100.0,20.0,1,-40.0,1,1,1,647.94,-40.0,10240
145.501,143.086,648.0,55.0,648.04,15.0,100.0,20.0,1,-40.0,1,1,1,648.04,-40.0,10240
145.596,143.176,648.1,45.0,648.14,5.0,100.0,20.0,1,-20.0,1,1,1,648.12,-20.0,10240
145.686,143.274,648.2,43.0,648.24,3.0,100.0,20.0,1,-20.0,1,1,1,648.22,-20.0,10240
145.833,143.418,648.3,87.0,648.38,7.0,100.0,20.0,1,-60.0,1,1,1,648.36,-60.0,10240
145.885,143.471,648.4,40.0,648.42,20.0,100.0,20.0,1,-20.0,1,1,1,648.42,-20.0,10240
146.022,143.606,648.5,75.0,648.56,15.0,100.0,20.0,1,-60.0,1,1,1,648.56,-60.0,10240
146.087,143.671,648.6,40.0,648.64,0.0,100.0,20.0,1,-40.0,1,1,1,648.64,-40.0,10240
146.236,143.825,648.7,94.0,648.78,14.0,100.0,20.0,1,-80.0,1,1,1,648.78,-80.0,10240
146.321,143.906,648.8,75.0,648.86,15.0,100.0,20.0,1,-60.0,1,1,1,648.86,-60.0,10240
146.453,144.031,648.9,100.0,649.0,0.0,100.0,20.0,1,-100.0,1,1,1,649.0,-100.0,10240
146.514,144.098,649.0,67.0,649.06,7.0,100.0,20.0,1,-60.0,1,1,1,649.06,-60.0,10240
146.621,144.201,649.1,70.0,649.16,10.0,100.0,20.0,1,-60.0,1,1,1,649.16,-60.0,10240
146.688,144.267,649.2,36.0,649.22,16.0,100.0,20.0,1,-20.0,1,1,1,649.22,-20.0,10240
146.797,144.375,649.3,44.0,649.34,4.0,100.0,20.0,1,-40.0,1,1,1,649.34,-40.0,10240
146.9,144.478,649.4,47.0,649.44,7.0,100.0,20.0,1,-40.0,1,1,1,649.44,-40.0,10240
147.046,144.626,649.5,95.0,649.58,15.0,100.0,20.0,1,-80.0,1,1,1,649.58,-80.0,10240
147.109,144.687,649.6,56.0,649.64,16.0,100.0,20.0,1,-40.0,1,1,1,649.64,-40.0,10240
147.252,144.829,649.7,98.0,649.78,18.0,100.0,20.0,1,-80.0,1,1,1,649.78,-80.0,10240
147.324,144.904,649.8,73.0,649.86,13.0,100.0,20.0,1,-40.0,1,1,1,649.84,-40.0,10240
147.421,145.001,649.9,70.0,649.96,10.0,100.0,20.0,1,-40.0,1,1,1,649.94,-40.0,10240
147.579,145.133,650.0,102.0,650.1,2.0,100.0,20.0,1,-100.0,1,1,1,650.1,-100.0,10240
147.711,145.233,650.1,102.0,650.2,2.0,100.0,20.0,1,-100.0,1,1,1,650.2,-100.0,10240
147.76,145.283,650.2,52.0,650.24,12.0,100.0,20.0,1,-20.0,1,1,1,650.22,-20.0,10240
147.867,145.387,650.3,56.0,650.34,16.0,100.0,20.0,1,-40.0,1,1,1,650.34,-40.0,10240
147.96,145.48,650.4,49.0,650.44,9.0,100.0,20.0,1,-40.0,1,1,1,650.44,-40.0,10240
148.122,145.629,650.5,98.0,650.58,18.0,100.0,20.0,1,-80.0,1,1,1,650.58,-80.0,10240
148.206,145.717,650.6,86.0,650.68,6.0,100.0,20.0,1,-80.0,1,1,1,650.68,-80.0,10240
148.321,145.831,650.7,100.0,650.8,0.0,100.0,20.0,1,-80.0,1,1,1,650.78,-80.0,10240
148.394,145.902,650.8,71.0,650.86,11.0,100.0,20.0,1,-40.0,1,1,1,650.84,-40.0,10240
148.481,145.988,650.9,57.0,650.94,17.0,100.0,20.0,1,-40.0,1,1,1,650.94,-40.0,10240
148.557,146.057,651.0,26.0,651.02,6.0,100.0,20.0,1,-20.0,1,1,1,651.02,-20.0,10240
148.743,146.231,651.1,100.0,651.2,0.0,100.0,20.0,1,-100.0,1,1,1,651.2,-100.0,10240
148.818,146.308,651.2,77.0,651.26,17.0,100.0,20.0,1,-60.0,1,1,1,651.26,-60.0,10240
148.944,146.437,651.3,106.0,651.4,6.0,100.0,20.0,1,-80.0,1,1,1,651.38,-80.0,10240
149.012,146.505,651.4,74.0,651.46,14.0,100.0,20.0,1,-20.0,1,1,1,651.42,-20.0,10240
149.114,146.603,651.5,72.0,651.56,12.0,100.0,20.0,1,-60.0,1,1,1,651.56,-60.0,10240
149.178,146.669,651.6,38.0,651.62,18.0,100.0,20.0,1,-20.0,1,1,1,651.62,-20.0,10240
149.297,146.782,651.7,51.0,651.74,11.0,100.0,20.0,1,-40.0,1,1,1,651.74,-40.0,10240
149.384,146.872,651.8,41.0,651.84,1.0,100.0,20.0,1,-20.0,1,1,1,651.82,-20.0,10240
149.543,147.029,651.9,98.0,651.98,18.0,100.0,20.0,1,-80.0,1,1,1,651.98,-80.0,10240
149.617,147.101,652.0,70.0,652.06,10.0,100.0,20.0,1,-60.0,1,1,1,652.06,-60.0,10240
149.759,147.231,652.1,100.0,652.2,0.0,100.0,20.0,1,-100.0,1,1,1,652.2,-100.0,10240
149.813,147.284,652.2,53.0,652.24,13.0,100.0,20.0,1,-40.0,1,1,1,652.24,-40.0,10240
149.955,147.425,652.3,94.0,652.38,14.0,100.0,20.0,1,-80.0,1,1,1,652.38,-80.0,10240
150.009,147.481,652.4,50.0,652.44,10.0,100.0,20.0,1,-40.0,1,1,1,652.44,-40.0,10240
150.174,147.631,652.5,100.0,652.6,0.0,100.0,20.0,1,-100.0,1,1,1,652.6,-100.0,10240
150.257,147.718,652.6,87.0,652.68,7.0,100.0,20.0,1,-80.0,1,1,1,652.68,-80.0,10240
150.381,147.831,652.7,100.0,652.8,0.0,100.0,20.0,1,-100.0,1,1,1,652.8,-100.0,10240
150.45,147.904,652.8,73.0,652.86,13.0,100.0,20.0,1,-60.0,1,1,1,652.86,-60.0,10240
150.56,148.013,652.9,82.0,652.98,2.0,100.0,20.0,1,-60.0,1,1,1,652.96,-60.0,10240
150.61,148.059,653.0,28.0,653.02,8.0,100.0,20.0,1,-20.0,1,1,1,653.02,-20.0,10240
150.738,148.194,653.1,63.0,653.16,3.0,100.0,20.0,1,-40.0,1,1,1,653.14,-40.0,10240
150.82,148.275,653.2,44.0,653.24,4.0,100.0,20.0,1,-20.0,1,1,1,653.22,-20.0,10240
150.977,148.427,653.3,96.0,653.38,16.0,100.0,20.0,1,-80.0,1,1,1,653.38,-80.0,10240
151.085,148.532,653.4,101.0,653.5,1.0,100.0,20.0,1,-80.0,1,1,1,653.48,-80.0,10240
151.162,148.61,653.5,79.0,653.56,19.0,100.0,20.0,1,-60.0,1,1,1,653.56,-60.0,10240
151.228,148.674,653.6,43.0,653.64,3.0,100.0,20.0,1,-20.0,1,1,1,653.62,-20.0,10240
151.333,148.781,653.7,50.0,653.74,10.0,100.0,20.0,1,-20.0,1,1,1,653.72,-20.0,10240
151.41,148.855,653.8,24.0,653.82,4.0,100.0,20.0,1,0.0,1,1,1,653.8,0.0,10240
151.571,149.018,653.9,87.0,653.98,7.0,100.0,20.0,1,-80.0,1,1,1,653.98,-80.0,10240
151.64,149.084,654.0,53.0,654.04,13.0,100.0,20.0,1,-40.0,1,1,1,654.04,-40.0,10240
151.752,149.198,654.1,67.0,654.16,7.0,100.0,20.0,1,-60.0,1,1,1,654.16,-60.0,10240
151.835,149.279,654.2,48.0,654.24,8.0,100.0,20.0,1,-40.0,1,1,1,654.24,-40.0,10240
151.973,149.415,654.3,84.0,654.38,4.0,100.0,20.0,1,-80.0,1,1,1,654.38,-80.0,10240
152.041,149.484,654.4,53.0,654.44,13.0,100.0,20.0,1,-40.0,1,1,1,654.44,-40.0,10240
152.121,149.568,654.5,37.0,654.52,17.0,100.0,20.0,1,-20.0,1,1,1,654.52,-20.0,10240
152.246,149.694,654.6,63.0,654.66,3.0,100.0,20.0,1,-40.0,1,1,1,654.64,-40.0,10240
152.325,149.767,654.7,36.0,654.72,16.0,100.0,20.0,1,-20.0,1,1,1,654.72,-20.0,10240
152.493,149.931,654.8,100.0,654.9,0.0,100.0,20.0,1,-100.0,1,1,1,654.9,-100.0,10240
152.582,150.025,654.9,94.0,654.98,14.0,100.0,20.0,1,-80.0,1,1,1,654.98,-80.0,10240
152.667,150.105,655.0,74.0,655.06,14.0,100.0,20.0,1,-60.0,1,1,1,655.06,-60.0,10240
152.727,150.164,655.1,33.0,655.12,13.0,100.0,20.0,1,-20.0,1,1,1,655.12,-20.0,10240
152.835,150.274,655.2,43.0,655.24,3.0,100.0,20.0,1,-40.0,1,1,1,655.24,-40.0,10240
152.954,150.394,655.3,63.0,655.36,3.0,100.0,20.0,1,-40.0,1,1,1,655.34,-40.0,10240
153.128,150.531,655.4,100.0,655.5,0.0,100.0,20.0,1,-100.0,1,1,1,655.5,-100.0,10240
153.249,150.631,655.5,100.0,655.6,0.0,100.0,20.0,1,-100.0,1,1,1,655.6,-100.0,10240
153.335,150.722,655.6,91.0,655.68,11.0,100.0,20.0,1,-60.0,1,1,1,655.66,-60.0,10240
153.423,150.81,655.7,79.0,655.76,19.0,100.0,20.0,1,-40.0,1,1,1,655.74,-40.0,10240
153.512,150.896,655.8,65.0,655.86,5.0,100.0,20.0,1,-20.0,1,1,1,655.82,-20.0,10240
153.603,150.987,655.9,56.0,655.94,16.0,100.0,20.0,1,-40.0,1,1,1,655.94,-40.0,10240
153.704,151.091,656.0,60.0,656.04,20.0,100.0,20.0,1,-40.0,1,1,1,656.04,-40.0,10240
153.84,151.225,656.1,94.0,656.18,14.0,100.0,20.0,1,-80.0,1,1,1,656.18,-80.0,10240
153.93,151.315,656.2,84.0,656.28,4.0,100.0,20.0,1,-40.0,1,1,1,656.24,-40.0,10240
154.028,151.415,656.3,84.0,656.38,4.0,100.0,20.0,1,-40.0,1,1,1,656.34,-40.0,10240
154.107,151.493,656.4,62.0,656.46,2.0,100.0,20.0,1,-40.0,1,1,1,656.44,-40.0,10240
154.184,151.569,656.5,38.0,656.52,18.0,100.0,20.0,1,-20.0,1,1,1,656.52,-20.0,10240
154.303,151.688,656.6,57.0,656.64,17.0,100.0,20.0,1,-40.0,1,1,1,656.64,-40.0,10240
154.389,151.77,656.7,39.0,656.72,19.0,100.0,20.0,1,-20.0,1,1,1,656.72,-20.0,10240
154.529,151.913,656.8,82.0,656.88,2.0,100.0,20.0,1,-60.0,1,1,1,656.86,-60.0,10240
154.6,151.984,656.9,53.0,656.94,13.0,100.0,20.0,1,-20.0,1,1,1,656.92,-20.0,10240
154.704,152.088,657.0,57.0,657.04,17.0,100.0,20.0,0,40.0,1,0,0,656.96,40.0,10240
154.78,152.158,657.1,27.0,657.12,7.0,100.0,20.0,0,60.0,1,0,0,657.04,60.0,10240
154.93,152.311,657.2,80.0,657.26,20.0,100.0,20.0,1,-20.0,1,1,1,657.22,-20.0,10240
155.019,152.397,657.3,66.0,657.36,6.0,100.0,20.0,1,-60.0,1,1,1,657.36,-60.0,10240
155.142,152.516,657.4,85.0,657.48,5.0,100.0,20.0,1,-80.0,1,1,1,657.48,-80.0,10240
155.221,152.601,657.5,70.0,657.56,10.0,100.0,20.0,1,-60.0,1,1,1,657.56,-60.0,10240
155.322,152.698,657.6,67.0,657.66,7.0,100.0,20.0,1,-60.0,1,1,1,657.66,-60.0,10240
155.392,152.769,657.7,38.0,657.72,18.0,100.0,20.0,1,-20.0,1,1,1,657.72,-20.0,10240
155.526,152.905,657.8,74.0,657.86,14.0,100.0,20.0,1,-40.0,1,1,1,657.84,-40.0,10240
155.612,152.991,657.9,60.0,657.94,20.0,100.0,20.0,1,-40.0,1,1,1,657.94,-40.0,10240
155.759,153.131,658.0,100.0,658.1,0.0,100.0,20.0,1,-100.0,1,1,1,658.1,-100.0,10240
155.828,153.204,658.1,73.0,658.16,13.0,100.0,20.0,1,-40.0,1,1,1,658.14,-40.0,10240
155.914,153.288,658.2,57.0,658.24,17.0,100.0,20.0,1,-40.0,1,1,1,658.24,-40.0,10240
156.0,153.373,658.3,42.0,658.34,2.0,100.0,20.0,1,-20.0,1,1,1,658.32,-20.0,10240
156.121,153.488,658.4,57.0,658.44,17.0,100.0,20.0,1,-40.0,1,1,1,658.44,-40.0,10240
156.197,153.567,658.5,36.0,658.52,16.0,100.0,20.0,1,0.0,1,1,1,658.5,0.0,10240
156.346,153.715,658.6,84.0,658.68,4.0,100.0,20.0,1,-60.0,1,1,1,658.66,-60.0,10240
156.415,153.783,658.7,52.0,658.74,12.0,100.0,20.0,1,-40.0,1,1,1,658.74,-40.0,10240
156.528,153.894,658.8,63.0,658.86,3.0,100.0,20.0,1,-40.0,1,1,1,658.84,-40.0,10240
156.623,153.993,658.9,62.0,658.96,2.0,100.0,20.0,1,-40.0,1,1,1,658.94,-40.0,10240
156.77,154.135,659.0,104.0,659.1,4.0,100.0,20.0,1,-40.0,1,1,1,659.04,-40.0,10240
156.807,154.167,659.1,36.0,659.12,16.0,100.0,20.0,0,20.0,1,0,0,659.08,20.0,10240
156.945,154.308,659.2,77.0,659.26,17.0,100.0,20.0,0,20.0,1,0,0,659.18,20.0,10240
157.035,154.402,659.3,71.0,659.36,11.0,100.0,20.0,0,60.0,1,0,0,659.24,60.0,10240
157.13,154.496,659.4,65.0,659.46,5.0,100.0,20.0,1,-20.0,1,1,1,659.42,-20.0,10240
157.245,154.608,659.5,77.0,659.56,17.0,100.0,20.0,1,-60.0,1,1,1,659.56,-60.0,10240
157.347,154.715,659.6,84.0,659.68,4.0,100.0,20.0,1,-60.0,1,1,1,659.66,-60.0,10240
157.452,154.815,659.7,84.0,659.78,4.0,100.0,20.0,1,-80.0,1,1,1,659.78,-80.0,10240
157.512,154.877,659.8,46.0,659.84,6.0,100.0,20.0,1,-40.0,1,1,1,659.84,-40.0,10240
157.609,154.975,659.9,44.0,659.94,4.0,100.0,20.0,1,0.0,1,1,1,659.9,0.0,10240
157.712,155.078,660.0,47.0,660.04,7.0,100.0,20.0,0,40.0,1,0,0,659.96,40.0,10240
157.799,155.157,660.1,26.0,660.12,6.0,100.0,20.0,1,0.0,1,1,1,660.1,0.0,10240
157.913,155.276,660.2,45.0,660.24,5.0,100.0,20.0,1,-40.0,1,1,1,660.24,-40.0,10240
158.047,155.41,660.3,79.0,660.36,19.0,100.0,20.0,1,-60.0,1,1,1,660.36,-60.0,10240
158.106,155.466,660.4,35.0,660.42,15.0,100.0,20.0,1,-20.0,1,1,1,660.42,-20.0,10240
158.255,155.618,660.5,87.0,660.58,7.0,100.0,20.0,1,-80.0,1,1,1,660.58,-80.0,10240
158.353,155.711,660.6,80.0,660.66,20.0,100.0,20.0,1,-60.0,1,1,1,660.66,-60.0,10240
158.458,155.816,660.7,85.0,660.78,5.0,100.0,20.0,1,-80.0,1,1,1,660.78,-80.0,10240
158.536,155.897,660.8,66.0,660.86,6.0,100.0,20.0,1,-60.0,1,1,1,660.86,-60.0,10240
158.631,155.99,660.9,59.0,660.94,19.0,100.0,20.0,1,-40.0,1,1,1,660.94,-40.0,10240
158.71,156.072,661.0,41.0,661.02,21.0,100.0,20.0,1,0.0,1,1,1,661.0,0.0,10240
158.804,156.163,661.1,32.0,661.12,12.0,100.0,20.0,0,20.0,1,0,0,661.08,20.0,10240
158.919,156.275,661.2,44.0,661.24,4.0,100.0,20.0,1,-20.0,1,1,1,661.22,-20.0,10240
159.048,156.406,661.3,75.0,661.36,15.0,100.0,20.0,1,-40.0,1,1,1,661.34,-40.0,10240
159.128,156.48,661.4,49.0,661.44,9.0,100.0,20.0,1,-40.0,1,1,1,661.44,-40.0,10240
159.266,156.62,661.5,89.0,661.58,9.0,100.0,20.0,1,-80.0,1,1,1,661.58,-80.0,10240
159.353,156.703,661.6,72.0,661.66,12.0,100.0,20.0,1,-60.0,1,1,1,661.66,-60.0,10240
159.477,156.825,661.7,94.0,661.78,14.0,100.0,20.0,1,-80.0,1,1,1,661.78,-80.0,10240
159.524,156.866,661.8,35.0,661.82,15.0,100.0,20.0,1,-20.0,1,1,1,661.82,-20.0,10240
159.65,156.99,661.9,59.0,661.94,19.0,100.0,20.0,1,-40.0,1,1,1,661.94,-40.0,10240
159.728,157.07,662.0,39.0,662.02,19.0,100.0,20.0,1,-20.0,1,1,1,662.02,-20.0,10240
159.89,157.231,662.1,100.0,662.18,20.0,100.0,20.0,1,-80.0,1,1,1,662.18,-80.0,10240
159.97,157.309,662.2,78.0,662.26,18.0,100.0,20.0,1,-60.0,1,1,1,662.26,-60.0,10240
160.061,157.405,662.3,74.0,662.36,14.0,100.0,20.0,1,-60.0,1,1,1,662.36,-60.0,10240
160.124,157.463,662.4,32.0,662.42,12.0,100.0,20.0,1,-20.0,1,1,1,662.42,-20.0,10240
160.24,157.584,662.5,53.0,662.54,13.0,100.0,20.0,1,-40.0,1,1,1,662.54,-40.0,10240
160.337,157.676,662.6,45.0,662.64,5.0,100.0,20.0,1,-40.0,1,1,1,662.64,-40.0,10240
160.49,157.833,662.7,102.0,662.8,2.0,100.0,20.0,1,-60.0,1,1,1,662.76,-60.0,10240
160.555,157.897,662.8,66.0,662.86,6.0,100.0,20.0,0,20.0,1,0,0,662.78,20.0,10240
160.671,158.011,662.9,80.0,662.96,20.0,100.0,20.0,1,-60.0,1,1,1,662.96,-60.0,10240
160.74,158.08,663.0,49.0,663.04,9.0,100.0,20.0,1,-40.0,1,1,1,663.04,-40.0,10240
160.83,158.166,663.1,35.0,663.12,15.0,100.0,20.0,1,0.0,1,1,1,663.1,0.0,10240
160.952,158.288,663.2,57.0,663.24,17.0,100.0,20.0,1,-40.0,1,1,1,663.24,-40.0,10240
161.038,158.375,663.3,44.0,663.34,4.0,100.0,20.0,1,-40.0,1,1,1,663.34,-40.0,10240
161.192,158.528,663.4,97.0,663.48,17.0,100.0,20.0,1,-80.0,1,1,1,663.48,-80.0,10240
161.276,158.615,663.5,84.0,663.58,4.0,100.0,20.0,1,-60.0,1,1,1,663.56,-60.0,10240
161.342,158.681,663.6,50.0,663.64,10.0,100.0,20.0,1,-20.0,1,1,1,663.62,-20.0,10240
161.462,158.796,663.7,65.0,663.76,5.0,100.0,20.0,1,-40.0,1,1,1,663.74,-40.0,10240
161.596,158.929,663.8,98.0,663.88,18.0,100.0,20.0,1,-80.0,1,1,1,663.88,-80.0,10240
161.715,159.031,663.9,100.0,664.0,0.0,100.0,20.0,1,-100.0,1,1,1,664.0,-100.0,10240
161.789,159.103,664.0,72.0,664.06,12.0,100.0,20.0,1,-60.0,1,1,1,664.06,-60.0,10240
161.85,159.163,664.1,32.0,664.12,12.0,100.0,20.0,1,-20.0,1,1,1,664.12,-20.0,10240
161.99,159.307,664.2,76.0,664.26,16.0,100.0,20.0,1,-60.0,1,1,1,664.26,-60.0,10240
162.061,159.376,664.3,45.0,664.34,5.0,100.0,20.0,1,-40.0,1,1,1,664.34,-40.0,10240
162.206,159.52,664.4,89.0,664.48,9.0,100.0,20.0,1,-80.0,1,1,1,664.48,-80.0,10240
162.271,159.587,664.5,56.0,664.54,16.0,100.0,20.0,1,-40.0,1,1,1,664.54,-40.0,10240
162.41,159.724,664.6,93.0,664.68,13.0,100.0,20.0,1,-40.0,1,1,1,664.64,-40.0,10240
162.502,159.817,664.7,86.0,664.78,6.0,100.0,20.0,1,-80.0,1,1,1,664.78,-80.0,10240
162.584,159.899,664.8,68.0,664.86,8.0,100.0,20.0,1,-40.0,1,1,1,664.84,-40.0,10240
162.651,159.965,664.9,34.0,664.92,14.0,100.0,20.0,1,0.0,1,1,1,664.9,0.0,10240
162.776,160.09,665.0,59.0,665.04,19.0,100.0,20.0,1,-40.0,1,1,1,665.04,-40.0,10240
162.861,160.169,665.1,38.0,665.12,18.0,100.0,20.0,1,0.0,1,1,1,665.1,0.0,10240
163.024,160.337,665.2,106.0,665.3,6.0,100.0,20.0,1,0.0,1,1,1,665.2,0.0,10240
163.131,160.435,665.3,104.0,665.4,4.0,100.0,20.0,1,-80.0,1,1,1,665.38,-80.0,10240
163.235,160.531,665.4,100.0,665.5,0.0,100.0,20.0,1,-100.0,1,1,1,665.5,-100.0,10240
163.306,160.606,665.5,75.0,665.56,15.0,100.0,20.0,1,-60.0,1,1,1,665.56,-60.0,10240
163.405,160.698,665.6,67.0,665.66,7.0,100.0,20.0,1,-60.0,1,1,1,665.66,-60.0,10240
163.471,160.766,665.7,35.0,665.72,15.0,100.0,20.0,0,20.0,1,0,0,665.68,20.0,10240
163.577,160.872,665.8,41.0,665.84,1.0,100.0,20.0,1,-20.0,1,1,1,665.82,-20.0,10240
163.67,160.961,665.9,30.0,665.92,10.0,100.0,20.0,1,0.0,1,1,1,665.9,0.0,10240
163.818,161.111,666.0,80.0,666.08,0.0,100.0,20.0,1,-60.0,1,1,1,666.06,-60.0,10240
163.9,161.189,666.1,58.0,666.14,18.0,100.0,20.0,1,-40.0,1,1,1,666.14,-40.0,10240
164.056,161.331,666.2,100.0,666.3,0.0,100.0,20.0,1,-100.0,1,1,1,666.3,-100.0,10240
164.141,161.416,666.3,85.0,666.38,5.0,100.0,20.0,1,-80.0,1,1,1,666.38,-80.0,10240
164.212,161.491,666.4,60.0,666.44,20.0,100.0,20.0,1,-40.0,1,1,1,666.44,-40.0,10240
164.29,161.564,666.5,33.0,666.52,13.0,100.0,20.0,1,-20.0,1,1,1,666.52,-20.0,10240
164.464,161.732,666.6,101.0,666.7,1.0,100.0,20.0,1,-100.0,1,1,1,666.7,-100.0,10240
164.523,161.794,666.7,63.0,666.76,3.0,100.0,20.0,1,-20.0,1,1,1,666.72,-20.0,10240
164.67,161.937,666.8,106.0,666.9,6.0,100.0,20.0,1,-80.0,1,1,1,666.88,-80.0,10240
164.734,161.997,666.9,66.0,666.96,6.0,100.0,20.0,1,-60.0,1,1,1,666.96,-60.0,10240
164.834,162.098,667.0,67.0,667.06,7.0,100.0,20.0,1,-60.0,1,1,1,667.06,-60.0,10240
164.905,162.171,667.1,40.0,667.14,0.0,100.0,20.0,1,-20.0,1,1,1,667.12,-20.0,10240
165.014,162.276,667.2,45.0,667.24,5.0,100.0,20.0,1,-20.0,1,1,1,667.22,-20.0,10240
165.099,162.359,667.3,28.0,667.32,8.0,100.0,20.0,1,-20.0,1,1,1,667.32,-20.0,10240
165.247,162.514,667.4,83.0,667.48,3.0,100.0,20.0,1,-60.0,1,1,1,667.46,-60.0,10240
165.322,162.589,667.5,58.0,667.54,18.0,100.0,20.0,1,-20.0,1,1,1,667.52,-20.0,10240
165.501,162.731,667.6,100.0,667.7,0.0,100.0,20.0,1,-40.0,1,1,1,667.64,-40.0,10240
165.547,162.777,667.7,46.0,667.74,6.0,100.0,20.0,1,-40.0,1,1,1,667.74,-40.0,10240
165.66,162.891,667.8,60.0,667.84,20.0,100.0,20.0,1,-40.0,1,1,1,667.84,-40.0,10240
165.748,162.979,667.9,48.0,667.94,8.0,100.0,20.0,1,-40.0,1,1,1,667.94,-40.0,10240
165.883,163.114,668.0,83.0,668.08,3.0,100.0,20.0,1,-60.0,1,1,1,668.06,-60.0,10240
165.955,163.186,668.1,55.0,668.14,15.0,100.0,20.0,1,-40.0,1,1,1,668.14,-40.0,10240
166.051,163.283,668.2,52.0,668.24,12.0,100.0,20.0,1,-40.0,1,1,1,668.24,-40.0,10240
166.146,163.38,668.3,49.0,668.34,9.0,100.0,20.0,1,-40.0,1,1,1,668.34,-40.0,10240
166.272,163.501,668.4,70.0,668.46,10.0,100.0,20.0,1,-60.0,1,1,1,668.46,-60.0,10240
166.341,163.571,668.5,40.0,668.54,0.0,100.0,20.0,1,-20.0,1,1,1,668.52,-20.0,10240
166.51,163.731,668.6,100.0,668.7,0.0,100.0,20.0,1,-100.0,1,1,1,668.7,-100.0,10240
166.569,163.79,668.7,59.0,668.74,19.0,100.0,20.0,1,-40.0,1,1,1,668.74,-40.0,10240
166.684,163.904,668.8,73.0,668.86,13.0,100.0,20.0,1,-60.0,1,1,1,668.86,-60.0,10240
166.762,163.986,668.9,55.0,668.94,15.0,100.0,20.0,1,-40.0,1,1,1,668.94,-40.0,10240
166.86,164.082,669.0,51.0,669.04,11.0,100.0,20.0,1,-40.0,1,1,1,669.04,-40.0,10240
167.011,164.231,669.1,100.0,669.18,20.0,100.0,20.0,1,-80.0,1,1,1,669.18,-80.0,10240
167.129,164.331,669.2,100.0,669.3,0.0,100.0,20.0,1,-100.0,1,1,1,669.3,-100.0,10240
167.219,164.426,669.3,95.0,669.38,15.0,100.0,20.0,1,-80.0,1,1,1,669.38,-80.0,10240
167.288,164.491,669.4,60.0,669.44,20.0,100.0,20.0,1,-40.0,1,1,1,669.44,-40.0,10240
167.365,164.571,669.5,40.0,669.52,20.0,100.0,20.0,1,0.0,1,1,1,669.5,0.0,10240
167.473,164.679,669.6,48.0,669.64,8.0,100.0,20.0,0,40.0,1,0,0,669.56,40.0,10240
167.595,164.796,669.7,65.0,669.76,5.0,100.0,20.0,1,0.0,1,1,1,669.7,0.0,10240
167.729,164.936,669.8,105.0,669.9,5.0,100.0,20.0,1,0.0,1,1,1,669.8,0.0,10240
167.827,165.033,669.9,102.0,670.0,2.0,100.0,20.0,0,20.0,1,0,0,669.88,20.0,10240
167.869,165.075,670.0,44.0,670.04,4.0,100.0,20.0,0,60.0,1,0,0,669.94,60.0,10240
167.984,165.19,670.1,59.0,670.14,19.0,100.0,20.0,0,100.0,1,0,0,670.0,100.0,10240
168.071,165.277,670.2,46.0,670.24,6.0,100.0,20.0,0,140.0,1,0,0,670.06,140.0,10240
168.229,165.432,670.3,101.0,670.4,1.0,100.0,20.0,1,-60.0,1,1,1,670.36,-60.0,10240
168.331,165.537,670.4,106.0,670.5,6.0,100.0,20.0,1,-80.0,1,1,1,670.48,-80.0,10240
168.392,165.599,670.5,68.0,670.56,8.0,100.0,20.0,1,0.0,1,1,1,670.5,0.0,10240
168.462,165.667,670.6,36.0,670.62,16.0,100.0,20.0,0,60.0,1,0,0,670.54,60.0,10240
168.588,165.795,670.7,64.0,670.76,4.0,100.0,20.0,1,-20.0,1,1,1,670.72,-20.0,10240
168.692,165.898,670.8,67.0,670.86,7.0,100.0,20.0,0,20.0,1,0,0,670.78,20.0,10240
168.835,166.038,670.9,107.0,671.0,7.0,100.0,20.0,1,-20.0,1,1,1,670.92,-20.0,10240
168.89,166.09,671.0,59.0,671.04,19.0,100.0,20.0,0,40.0,1,0,0,670.96,40.0,10240
169.007,166.205,671.1,74.0,671.16,14.0,100.0,20.0,0,20.0,1,0,0,671.08,20.0,10240
169.069,166.271,671.2,40.0,671.22,20.0,100.0,20.0,1,0.0,1,1,1,671.2,0.0,10240
169.197,166.398,671.3,67.0,671.36,7.0,100.0,20.0,1,-40.0,1,1,1,671.34,-40.0,10240
169.271,166.471,671.4,40.0,671.42,20.0,100.0,20.0,1,0.0,1,1,1,671.4,0.0,10240
169.451,166.636,671.5,105.0,671.6,5.0,100.0,20.0,1,-100.0,1,1,1,671.6,-100.0,10240
169.543,166.729,671.6,98.0,671.68,18.0,100.0,20.0,1,-40.0,1,1,1,671.64,-40.0,10240
169.695,166.835,671.7,104.0,671.8,4.0,100.0,20.0,1,-80.0,1,1,1,671.78,-80.0,10240
169.745,166.884,671.8,53.0,671.84,13.0,100.0,20.0,1,-40.0,1,1,1,671.84,-40.0,10240
169.837,166.972,671.9,41.0,671.94,1.0,100.0,20.0,1,-20.0,1,1,1,671.92,-20.0,10240
169.938,167.069,672.0,38.0,672.02,18.0,100.0,20.0,1,-20.0,1,1,1,672.02,-20.0,10240
170.027,167.159,672.1,28.0,672.12,8.0,100.0,20.0,1,0.0,1,1,1,672.1,0.0,10240
170.133,167.271,672.2,40.0,672.22,20.0,100.0,20.0,0,40.0,1,0,0,672.16,40.0,10240
170.26,167.399,672.3,68.0,672.36,8.0,100.0,20.0,0,40.0,1,0,0,672.26,40.0,10240
170.338,167.469,672.4,38.0,672.42,18.0,100.0,20.0,0,80.0,1,0,0,672.32,80.0,10240
170.49,167.623,672.5,92.0,672.58,12.0,100.0,20.0,1,0.0,1,1,1,672.5,0.0,10240
170.555,167.692,672.6,61.0,672.66,1.0,100.0,20.0,0,20.0,1,0,0,672.58,20.0,10240
170.651,167.791,672.7,60.0,672.74,20.0,100.0,20.0,1,-40.0,1,1,1,672.74,-40.0,10240
170.73,167.868,672.8,37.0,672.82,17.0,100.0,20.0,1,0.0,1,1,1,672.8,0.0,10240
170.876,168.011,672.9,80.0,672.96,20.0,100.0,20.0,1,-60.0,1,1,1,672.96,-60.0,10240
170.953,168.091,673.0,60.0,673.04,20.0,100.0,20.0,1,-20.0,1,1,1,673.02,-20.0,10240
171.091,168.228,673.1,97.0,673.18,17.0,100.0,20.0,1,-20.0,1,1,1,673.12,-20.0,10240
171.163,168.3,673.2,69.0,673.26,9.0,100.0,20.0,0,40.0,1,0,0,673.16,40.0,10240
171.268,168.404,673.3,73.0,673.36,13.0,100.0,20.0,0,40.0,1,0,0,673.26,40.0,10240
171.334,168.466,673.4,35.0,673.42,15.0,100.0,20.0,0,40.0,1,0,0,673.36,40.0,10240
171.479,168.612,673.5,81.0,673.58,1.0,100.0,20.0,1,-80.0,1,1,1,673.58,-80.0,10240
171.56,168.693,673.6,62.0,673.66,2.0,100.0,20.0,1,-60.0,1,1,1,673.66,-60.0,10240
171.727,168.838,673.7,107.0,673.8,7.0,100.0,20.0,1,-60.0,1,1,1,673.76,-60.0,10240
171.764,168.876,673.8,45.0,673.84,5.0,100.0,20.0,0,20.0,1,0,0,673.78,20.0,10240
171.873,168.985,673.9,54.0,673.94,14.0,100.0,20.0,0,80.0,1,0,0,673.82,80.0,10240
171.971,169.082,674.0,51.0,674.04,11.0,100.0,20.0,0,80.0,1,0,0,673.92,80.0,10240
172.114,169.225,674.1,94.0,674.18,14.0,100.0,20.0,1,-20.0,1,1,1,674.12,-20.0,10240
172.175,169.286,674.2,55.0,674.24,15.0,100.0,20.0,1,0.0,1,1,1,674.2,0.0,10240
172.323,169.432,674.3,101.0,674.4,1.0,100.0,20.0,1,0.0,1,1,1,674.3,0.0,10240
172.38,169.486,674.4,55.0,674.44,15.0,100.0,20.0,0,60.0,1,0,0,674.34,60.0,10240
172.52,169.626,674.5,95.0,674.58,15.0,100.0,20.0,1,-80.0,1,1,1,674.58,-80.0,10240
172.586,169.693,674.6,62.0,674.66,2.0,100.0,20.0,1,-60.0,1,1,1,674.66,-60.0,10240
172.67,169.777,674.7,46.0,674.74,6.0,100.0,20.0,1,-20.0,1,1,1,674.72,-20.0,10240
172.759,169.869,674.8,38.0,674.82,18.0,100.0,20.0,1,-20.0,1,1,1,674.82,-20.0,10240
172.865,169.975,674.9,44.0,674.94,4.0,100.0,20.0,1,-20.0,1,1,1,674.92,-20.0,10240
172.976,170.081,675.0,50.0,675.04,10.0,100.0,20.0,1,-40.0,1,1,1,675.04,-40.0,10240
173.096,170.198,675.1,67.0,675.16,7.0,100.0,20.0,1,-40.0,1,1,1,675.14,-40.0,10240
173.2,170.299,675.2,68.0,675.26,8.0,100.0,20.0,1,-20.0,1,1,1,675.22,-20.0,10240
173.29,170.394,675.3,63.0,675.36,3.0,100.0,20.0,1,-40.0,1,1,1,675.34,-40.0,10240
173.372,170.471,675.4,40.0,675.42,20.0,100.0,20.0,1,-20.0,1,1,1,675.42,-20.0,10240
173.463,170.56,675.5,29.0,675.52,9.0,100.0,20.0,1,-20.0,1,1,1,675.52,-20.0,10240
173.602,170.701,675.6,70.0,675.66,10.0,100.0,20.0,1,-40.0,1,1,1,675.64,-40.0,10240
173.715,170.816,675.7,85.0,675.78,5.0,100.0,20.0,1,-60.0,1,1,1,675.76,-60.0,10240
173.846,170.937,675.8,106.0,675.9,6.0,100.0,20.0,1,-100.0,1,1,1,675.9,-100.0,10240
173.881,170.97,675.9,39.0,675.92,19.0,100.0,20.0,1,-20.0,1,1,1,675.92,-20.0,10240
173.988,171.071,676.0,40.0,676.04,0.0,100.0,20.0,1,-40.0,1,1,1,676.04,-40.0,10240
174.076,171.163,676.1,32.0,676.12,12.0,100.0,20.0,1,-20.0,1,1,1,676.12,-20.0,10240
174.221,171.306,676.2,75.0,676.26,15.0,100.0,20.0,1,-60.0,1,1,1,676.26,-60.0,10240
174.327,171.411,676.3,80.0,676.38,0.0,100.0,20.0,1,-20.0,1,1,1,676.32,-20.0,10240
174.438,171.525,676.4,94.0,676.48,14.0,100.0,20.0,1,-40.0,1,1,1,676.44,-40.0,10240
174.559,171.634,676.5,103.0,676.6,3.0,100.0,20.0,1,-100.0,1,1,1,676.6,-100.0,10240
174.648,171.724,676.6,93.0,676.68,13.0,100.0,20.0,1,-60.0,1,1,1,676.66,-60.0,10240
174.707,171.779,676.7,48.0,676.74,8.0,100.0,20.0,1,-40.0,1,1,1,676.74,-40.0,10240
174.81,171.878,676.8,47.0,676.84,7.0,100.0,20.0,1,-40.0,1,1,1,676.84,-40.0,10240
174.912,171.98,676.9,49.0,676.94,9.0,100.0,20.0,1,-40.0,1,1,1,676.94,-40.0,10240
175.044,172.118,677.0,87.0,677.08,7.0,100.0,20.0,1,-80.0,1,1,1,677.08,-80.0,10240
175.115,172.183,677.1,52.0,677.14,12.0,100.0,20.0,1,-40.0,1,1,1,677.14,-40.0,10240
175.247,172.32,677.2,89.0,677.28,9.0,100.0,20.0,1,-60.0,1,1,1,677.26,-60.0,10240
175.308,172.377,677.3,46.0,677.34,6.0,100.0,20.0,1,0.0,1,1,1,677.3,0.0,10240
175.429,172.5,677.4,69.0,677.46,9.0,100.0,20.0,1,-40.0,1,1,1,677.44,-40.0,10240
175.501,172.566,677.5,35.0,677.52,15.0,100.0,20.0,0,20.0,1,0,0,677.48,20.0,10240
175.659,172.732,677.6,101.0,677.7,1.0,100.0,20.0,1,-20.0,1,1,1,677.62,-20.0,10240
175.73,172.802,677.7,71.0,677.76,11.0,100.0,20.0,1,-40.0,1,1,1,677.74,-40.0,10240
175.865,172.933,677.8,102.0,677.9,2.0,100.0,20.0,1,-80.0,1,1,1,677.88,-80.0,10240
175.934,173.006,677.9,75.0,677.96,15.0,100.0,20.0,1,-20.0,1,1,1,677.92,-20.0,10240
176.025,173.091,678.0,60.0,678.04,20.0,100.0,20.0,1,0.0,1,1,1,678.0,0.0,10240
176.1,173.164,678.1,33.0,678.12,13.0,100.0,20.0,1,-20.0,1,1,1,678.12,-20.0,10240
176.277,173.331,678.2,100.0,678.3,0.0,100.0,20.0,1,-100.0,1,1,1,678.3,-100.0,10240
176.353,173.409,678.3,78.0,678.36,18.0,100.0,20.0,1,-60.0,1,1,1,678.36,-60.0,10240
176.488,173.538,678.4,107.0,678.5,7.0,100.0,20.0,1,-100.0,1,1,1,678.5,-100.0,10240
176.55,173.6,678.5,69.0,678.56,9.0,100.0,20.0,1,-40.0,1,1,1,678.54,-40.0,10240
176.681,173.726,678.6,95.0,678.68,15.0,100.0,20.0,1,-80.0,1,1,1,678.68,-80.0,10240
176.744,173.791,678.7,60.0,678.76,0.0,100.0,20.0,1,-40.0,1,1,1,678.74,-40.0,10240
176.864,173.909,678.8,78.0,678.86,18.0,100.0,20.0,1,-60.0,1,1,1,678.86,-60.0,10240
176.928,173.974,678.9,43.0,678.94,3.0,100.0,20.0,1,-40.0,1,1,1,678.94,-40.0,10240
177.045,174.09,679.0,59.0,679.04,19.0,100.0,20.0,1,-40.0,1,1,1,679.04,-40.0,10240
177.146,174.192,679.1,61.0,679.14,21.0,100.0,20.0,1,-40.0,1,1,1,679.14,-40.0,10240
177.278,174.323,679.2,92.0,679.28,12.0,100.0,20.0,1,-80.0,1,1,1,679.28,-80.0,10240
177.359,174.407,679.3,76.0,679.36,16.0,100.0,20.0,1,-60.0,1,1,1,679.36,-60.0,10240
177.489,174.531,679.4,100.0,679.5,0.0,100.0,20.0,1,-80.0,1,1,1,679.48,-80.0,10240
177.57,174.614,679.5,83.0,679.58,3.0,100.0,20.0,1,-60.0,1,1,1,679.56,-60.0,10240
177.649,174.691,679.6,60.0,679.66,0.0,100.0,20.0,1,-60.0,1,1,1,679.66,-60.0,10240
177.725,174.773,679.7,42.0,679.74,2.0,100.0,20.0,1,-20.0,1,1,1,679.72,-20.0,10240
177.843,174.886,679.8,55.0,679.84,15.0,100.0,20.0,1,-40.0,1,1,1,679.84,-40.0,10240
177.962,175.004,679.9,73.0,679.96,13.0,100.0,20.0,1,-60.0,1,1,1,679.96,-60.0,10240
178.083,175.126,680.0,95.0,680.08,15.0,100.0,20.0,1,-60.0,1,1,1,680.06,-60.0,10240
178.152,175.194,680.1,63.0,680.16,3.0,100.0,20.0,1,-40.0,1,1,1,680.14,-40.0,10240
178.224,175.268,680.2,37.0,680.22,17.0,100.0,20.0,1,-20.0,1,1,1,680.22,-20.0,10240
178.352,175.395,680.3,64.0,680.36,4.0,100.0,20.0,1,-60.0,1,1,1,680.36,-60.0,10240
178.455,175.5,680.4,69.0,680.46,9.0,100.0,20.0,1,-60.0,1,1,1,680.46,-60.0,10240
178.577,175.619,680.5,88.0,680.58,8.0,100.0,20.0,1,-80.0,1,1,1,680.58,-80.0,10240
178.659,175.705,680.6,74.0,680.66,14.0,100.0,20.0,1,-60.0,1,1,1,680.66,-60.0,10240
178.749,175.789,680.7,58.0,680.74,18.0,100.0,20.0,1,-40.0,1,1,1,680.74,-40.0,10240
178.827,175.867,680.8,36.0,680.82,16.0,100.0,20.0,1,-20.0,1,1,1,680.82,-20.0,10240
178.987,176.031,680.9,100.0,680.98,20.0,100.0,20.0,1,-80.0,1,1,1,680.98,-80.0,10240
179.071,176.117,681.0,86.0,681.08,6.0,100.0,20.0,1,-60.0,1,1,1,681.06,-60.0,10240
179.208,176.231,681.1,100.0,681.2,0.0,100.0,20.0,1,-100.0,1,1,1,681.2,-100.0,10240
179.253,176.279,681.2,48.0,681.24,8.0,100.0,20.0,1,0.0,1,1,1,681.2,0.0,10240
179.368,176.391,681.3,60.0,681.34,20.0,100.0,20.0,1,-40.0,1,1,1,681.34,-40.0,10240
179.453,176.475,681.4,44.0,681.44,4.0,100.0,20.0,1,-20.0,1,1,1,681.42,-20.0,10240
179.556,176.583,681.5,52.0,681.54,12.0,100.0,20.0,1,-40.0,1,1,1,681.54,-40.0,10240
179.647,176.669,681.6,38.0,681.62,18.0,100.0,20.0,1,-20.0,1,1,1,681.62,-20.0,10240
179.765,176.787,681.7,56.0,681.74,16.0,100.0,20.0,1,-40.0,1,1,1,681.74,-40.0,10240
179.878,176.901,681.8,70.0,681.86,10.0,100.0,20.0,1,-60.0,1,1,1,681.86,-60.0,10240
