goal_index,sim_s,wall_s,x,y,z,yaw_deg,tilt_deg,cmd_vx,cmd_wz,min_range_m,plan_length_m,plan_heading_deg,plan_age_s
,859.73,0.007,-1.2992,-0.156,0.3517,-8.16,0.15,0.0,0.0,inf,nan,nan,nan
,859.828,0.102,-1.2992,-0.156,0.3517,-8.16,0.15,0.0,0.0,0.449,nan,nan,nan
,859.93,0.204,-1.2992,-0.1559,0.3517,-8.14,0.16,0.0,0.0,0.448,nan,nan,nan
,860.027,0.299,-1.2992,-0.156,0.3517,-8.18,0.15,0.0,0.0,0.449,nan,nan,nan
,860.128,0.4,-1.2992,-0.156,0.3517,-8.18,0.15,0.0,0.0,0.448,nan,nan,nan
,860.229,0.507,-1.2992,-0.156,0.3517,-8.19,0.16,0.0,0.0,0.448,nan,nan,nan
,860.328,0.607,-1.2992,-0.156,0.3517,-8.16,0.16,0.0,0.0,0.448,nan,nan,nan
,860.429,0.715,-1.2992,-0.156,0.3517,-8.17,0.16,0.0,0.0,0.448,nan,nan,nan
,860.529,0.811,-1.2992,-0.156,0.3517,-8.17,0.16,0.0,0.0,0.448,nan,nan,nan
,860.632,0.915,-1.2992,-0.1559,0.3517,-8.13,0.16,0.0,0.0,0.448,nan,nan,nan
,860.728,1.012,-1.2992,-0.1559,0.3517,-8.15,0.16,0.0,0.0,0.449,nan,nan,nan
,860.828,1.116,-1.2992,-0.1559,0.3517,-8.17,0.16,0.0,0.0,0.449,nan,nan,nan
,860.928,1.218,-1.2992,-0.1559,0.3517,-8.15,0.16,0.0,0.0,0.448,nan,nan,nan
,861.028,1.32,-1.2992,-0.1559,0.3517,-8.14,0.16,0.0,0.0,0.449,nan,nan,nan
,861.129,1.422,-1.2992,-0.1559,0.3517,-8.15,0.16,0.0,0.0,0.449,nan,nan,nan
,861.228,1.523,-1.2992,-0.156,0.3517,-8.15,0.16,0.0,0.0,0.449,nan,nan,nan
,861.328,1.633,-1.2992,-0.156,0.3517,-8.15,0.16,0.0,0.0,0.449,nan,nan,nan
,861.428,1.729,-1.2992,-0.156,0.3517,-8.14,0.16,0.0,0.0,0.449,nan,nan,nan
,861.528,1.829,-1.2992,-0.156,0.3517,-8.15,0.16,0.0,0.0,0.449,nan,nan,nan
,861.628,1.929,-1.2992,-0.156,0.3517,-8.15,0.16,0.0,0.0,0.449,nan,nan,nan
0,861.729,2.03,-1.2992,-0.156,0.3517,-8.17,0.16,0.0,0.0,0.449,nan,nan,nan
0,861.828,2.129,-1.2992,-0.156,0.3517,-8.17,0.16,0.0,0.0,0.448,0.854,19.22,0.072
0,861.931,2.232,-1.2992,-0.156,0.3518,-8.16,0.16,0.0,0.0,0.448,0.854,19.22,0.175
0,862.028,2.33,-1.2992,-0.156,0.3518,-8.14,0.16,0.0,0.0,0.448,0.854,19.22,0.272
0,862.128,2.46,-1.2992,-0.1561,0.3518,-8.24,0.15,0.0,0.0,0.449,0.854,19.22,0.372
0,862.228,2.563,-1.2992,-0.1561,0.3518,-8.2,0.16,0.0,0.0,0.45,0.854,19.22,0.472
0,862.328,2.659,-1.2992,-0.156,0.3517,-8.06,0.17,0.0,0.0,0.449,0.854,19.22,0.572
0,862.428,2.76,-1.2992,-0.156,0.3517,-8.01,0.16,0.0,0.0,0.449,0.854,19.22,0.672
0,862.528,2.86,-1.2992,-0.1559,0.3517,-7.98,0.17,0.0,0.0,0.448,0.854,19.22,0.772
0,862.63,2.969,-1.2992,-0.1559,0.3517,-8.05,0.16,0.0,0.0,0.449,0.854,19.22,0.874
0,862.728,3.069,-1.2992,-0.1559,0.3517,-8.09,0.16,0.0,0.0,0.448,0.854,19.22,0.972
0,862.828,3.162,-1.2992,-0.1559,0.3517,-8.06,0.16,0.0,0.0,0.448,0.854,19.22,1.072
0,862.928,3.265,-1.2992,-0.1559,0.3517,-8.14,0.16,0.0,0.0,0.448,0.854,19.22,1.172
0,863.029,3.37,-1.2992,-0.1561,0.3517,-8.15,0.16,0.0,0.0,0.448,0.854,19.22,1.273
0,863.131,3.479,-1.2992,-0.156,0.3517,-8.1,0.16,0.0,0.0,0.448,0.854,19.22,1.375
0,863.229,3.58,-1.2992,-0.156,0.3517,-8.13,0.16,0.0,0.0,0.449,0.854,19.22,0.008
0,863.328,3.673,-1.2992,-0.156,0.3517,-8.12,0.16,0.0,0.0,0.449,0.854,19.22,0.107
0,863.429,3.785,-1.2992,-0.156,0.3517,-8.13,0.16,0.0,0.0,0.449,0.854,19.22,0.208
0,863.528,3.883,-1.2992,-0.1561,0.3517,-8.15,0.15,0.0,0.0,0.449,0.854,19.22,0.307
0,863.628,3.984,-1.2992,-0.1561,0.3517,-8.18,0.15,0.0,0.0,0.449,0.854,19.22,0.407
0,863.728,4.086,-1.2992,-0.1561,0.3517,-8.16,0.16,0.0,0.0,0.448,0.854,19.22,0.507
0,863.832,4.19,-1.2992,-0.1561,0.3518,-8.19,0.15,0.0,0.0,0.448,0.854,19.22,0.611
0,863.928,4.292,-1.2992,-0.1561,0.3518,-8.19,0.15,0.0,0.0,0.448,0.854,19.22,0.707
0,864.028,4.386,-1.2992,-0.1561,0.3518,-8.19,0.15,0.0,0.0,0.45,0.854,19.22,0.807
0,864.128,4.515,-1.2992,-0.1561,0.3518,-8.17,0.16,0.0,0.08,0.45,0.854,19.22,0.907
0,864.228,4.621,-1.299,-0.156,0.3515,-8.08,0.12,0.0,0.12,0.448,0.854,19.22,1.007
0,864.328,4.721,-1.2986,-0.1552,0.3515,-7.42,0.15,0.0,0.12,0.449,0.854,19.22,1.107
0,864.43,4.83,-1.2987,-0.1542,0.3512,-6.79,0.09,0.0,0.12,0.449,0.854,19.22,1.209
0,864.528,4.928,-1.2982,-0.1532,0.3467,-6.33,0.19,0.0,0.04,0.449,0.854,19.22,1.307
0,864.628,5.027,-1.2983,-0.1525,0.3478,-5.99,0.17,0.0,0.0,0.449,0.854,19.22,1.407
0,864.728,5.129,-1.2977,-0.1528,0.3479,-5.73,0.19,0.0,0.0,0.449,0.854,19.22,1.507
0,864.829,5.233,-1.2994,-0.1526,0.3499,-5.54,0.18,0.0,0.0,0.448,0.854,19.22,1.608
0,864.928,5.33,-1.3008,-0.1518,0.3487,-5.6,0.15,0.0,0.0,0.45,0.854,19.22,1.707
0,865.029,5.434,-1.3003,-0.1521,0.3489,-5.6,0.14,0.0,0.0,0.448,0.854,19.22,1.808
0,865.128,5.532,-1.2986,-0.1523,0.3493,-5.6,0.21,0.0,0.0,0.448,0.854,19.22,1.907
0,865.228,5.632,-1.2968,-0.1525,0.3496,-5.61,0.27,0.0,0.0,0.45,0.854,19.22,2.007
0,865.328,5.732,-1.2959,-0.1525,0.3498,-5.62,0.28,0.0,0.0,0.45,0.854,19.22,2.107
0,865.428,5.832,-1.2958,-0.1525,0.3498,-5.62,0.28,0.0,0.0,0.449,0.854,19.22,2.207
0,865.528,5.932,-1.2958,-0.1525,0.3498,-5.62,0.27,0.0,0.0,0.45,0.854,19.22,2.307
0,865.628,6.046,-1.2958,-0.1525,0.3498,-5.63,0.27,0.0,0.0,0.449,0.854,19.22,2.407
0,865.728,6.146,-1.2958,-0.1525,0.3499,-5.62,0.27,0.0,0.0,0.449,0.854,19.22,2.507
0,865.834,6.254,-1.2957,-0.1524,0.3499,-5.61,0.26,0.0,0.0,0.45,0.854,19.22,2.613
0,865.928,6.36,-1.2957,-0.1524,0.3499,-5.6,0.26,0.0,0.0,0.45,0.854,19.22,2.707
0,866.028,6.456,-1.2956,-0.1525,0.35,-5.62,0.24,0.0,0.0,0.45,0.854,19.22,2.807
0,866.128,6.565,-1.2956,-0.1525,0.35,-5.63,0.23,0.0,0.0,0.45,0.854,19.22,2.907
0,866.228,6.659,-1.2955,-0.1525,0.35,-5.63,0.22,0.0,0.0,0.449,0.854,19.22,3.007
0,866.328,6.764,-1.2955,-0.1525,0.3501,-5.62,0.22,0.0,0.0,0.449,0.854,19.22,3.107
0,866.428,6.884,-1.2954,-0.1524,0.3501,-5.61,0.21,0.0,0.0,0.45,0.854,19.22,3.207
0,866.528,6.984,-1.2954,-0.1524,0.3501,-5.6,0.21,0.0,0.0,0.45,0.854,19.22,3.307
0,866.629,7.088,-1.2953,-0.1524,0.3502,-5.61,0.2,0.0,0.0,0.45,0.854,19.22,3.408
0,866.728,7.188,-1.2953,-0.1525,0.3502,-5.65,0.18,0.0,0.0,0.45,0.854,19.22,3.507
0,866.828,7.288,-1.2952,-0.1525,0.3503,-5.66,0.17,0.0,0.0,0.449,0.854,19.22,3.607
0,866.928,7.393,-1.2952,-0.1525,0.3503,-5.65,0.17,0.0,0.0,0.449,0.854,19.22,3.707
0,867.03,7.491,-1.2951,-0.1525,0.3504,-5.63,0.17,0.0,0.0,0.449,0.854,19.22,3.809
0,867.128,7.589,-1.295,-0.1524,0.3505,-5.63,0.16,0.0,0.0,0.449,0.854,19.22,3.907
0,867.228,7.689,-1.295,-0.1524,0.3506,-5.59,0.16,0.0,0.0,0.45,0.854,19.22,4.007
0,867.328,7.793,-1.295,-0.1524,0.3506,-5.61,0.16,0.0,0.0,0.45,0.854,19.22,4.107
0,867.429,7.899,-1.2949,-0.1524,0.3507,-5.61,0.16,0.0,0.0,0.45,0.854,19.22,4.208
0,867.528,7.999,-1.2949,-0.1524,0.3508,-5.58,0.16,0.0,0.0,0.45,0.854,19.22,4.307
0,867.628,8.107,-1.2949,-0.1524,0.3508,-5.63,0.16,0.0,0.0,0.45,0.854,19.22,4.407
0,867.729,8.216,-1.2948,-0.1524,0.3509,-5.64,0.16,0.0,0.0,0.45,0.854,19.22,4.508
0,867.828,8.308,-1.2948,-0.1525,0.351,-5.73,0.15,0.0,0.0,0.45,0.854,19.22,4.607
0,867.928,8.406,-1.2948,-0.1525,0.3511,-5.71,0.16,0.0,0.0,0.448,0.854,19.22,4.707
0,868.031,8.513,-1.2948,-0.1524,0.3511,-5.62,0.17,0.0,0.0,0.448,0.854,19.22,4.81
0,868.129,8.613,-1.2948,-0.1523,0.3512,-5.57,0.17,0.0,0.0,0.45,0.854,19.22,4.908
0,868.228,8.715,-1.2948,-0.1523,0.3512,-5.53,0.16,0.0,0.0,0.448,0.854,19.22,5.007
0,868.33,8.824,-1.2948,-0.1523,0.3512,-5.58,0.16,0.0,0.0,0.449,0.854,19.22,5.109
0,868.43,8.929,-1.2948,-0.1524,0.3513,-5.59,0.16,0.0,0.0,0.449,0.854,19.22,5.209
0,868.528,9.028,-1.2947,-0.1524,0.3513,-5.59,0.15,0.0,0.0,0.448,0.854,19.22,5.307
0,868.628,9.128,-1.2947,-0.1523,0.3513,-5.37,0.16,0.0,0.0,0.45,0.854,19.22,5.407
0,868.728,9.228,-1.2947,-0.1522,0.3514,-5.6,0.15,0.0,0.0,0.449,0.854,19.22,5.507
0,868.829,9.334,-1.2947,-0.1525,0.3514,-5.69,0.15,0.0,0.0,0.449,0.854,19.22,5.608
0,868.928,9.436,-1.2947,-0.1525,0.3515,-5.77,0.15,0.0,0.0,0.448,0.854,19.22,5.707
0,869.03,9.543,-1.2947,-0.1525,0.3515,-5.65,0.16,0.0,0.0,0.449,0.854,19.22,5.809
0,869.128,9.643,-1.2947,-0.1525,0.3516,-5.71,0.15,0.0,0.0,0.449,0.854,19.22,5.907
0,869.228,9.746,-1.2947,-0.1524,0.3516,-5.69,0.16,0.0,0.0,0.449,0.854,19.22,6.007
0,869.329,9.851,-1.2947,-0.1524,0.3516,-5.68,0.16,0.0,0.0,0.449,0.854,19.22,6.108
0,869.428,9.946,-1.2947,-0.1524,0.3516,-5.6,0.16,0.0,0.0,0.449,0.854,19.22,6.207
0,869.528,10.045,-1.2947,-0.1524,0.3516,-5.63,0.16,0.0,0.0,0.45,0.854,19.22,6.307
0,869.629,10.153,-1.2947,-0.1524,0.3516,-5.63,0.16,0.0,0.0,0.45,0.836,8.95,0.07
0,869.731,10.258,-1.2947,-0.1524,0.3517,-5.61,0.16,0.0006,0.019,0.449,0.836,8.95,0.172
0,869.828,10.352,-1.2947,-0.1524,0.3517,-5.59,0.16,0.0004,0.0189,0.45,0.836,8.95,0.269
0,869.928,10.452,-1.2947,-0.1524,0.3517,-5.61,0.16,0.0001,0.041,0.45,0.836,8.95,0.369
0,870.028,10.552,-1.2947,-0.1524,0.3517,-5.6,0.16,0.0014,0.0404,0.45,0.836,8.95,0.469
0,870.13,10.655,-1.2947,-0.1524,0.3517,-5.6,0.16,0.0002,0.0399,0.45,0.836,8.95,0.571
0,870.228,10.752,-1.2947,-0.1524,0.3517,-5.6,0.16,0.0001,0.0373,0.45,0.836,8.95,0.669
0,870.328,10.852,-1.2947,-0.1524,0.3517,-5.61,0.16,0.0007,0.036,0.45,0.836,8.95,0.769
0,870.429,10.981,-1.2947,-0.1524,0.3517,-5.61,0.16,0.0001,0.0319,0.45,0.836,8.95,0.87
0,870.528,11.079,-1.2947,-0.1524,0.3517,-5.6,0.16,0.0001,0.0319,0.45,0.836,8.95,0.969
0,870.628,11.185,-1.2947,-0.1524,0.3517,-5.62,0.16,0.0,0.038,0.45,0.836,8.95,0.069
0,870.728,11.287,-1.2947,-0.1524,0.3517,-5.61,0.16,0.0,0.0301,0.45,0.836,8.95,0.169
0,870.829,11.391,-1.2947,-0.1524,0.3517,-5.61,0.16,0.0,0.033,0.45,0.836,8.95,0.27
0,870.928,11.487,-1.2947,-0.1524,0.3517,-5.63,0.16,0.0,0.037,0.45,0.836,8.95,0.369
0,871.028,11.589,-1.2947,-0.1524,0.3517,-5.63,0.16,0.0,0.0232,0.45,0.836,8.95,0.469
0,871.131,11.692,-1.2947,-0.1523,0.3517,-5.58,0.16,0.0,0.0232,0.45,0.836,8.95,0.572
0,871.228,11.792,-1.2947,-0.1524,0.3517,-5.6,0.16,0.0004,-0.0056,0.45,0.836,8.95,0.669
0,871.329,11.898,-1.2947,-0.1523,0.3517,-5.49,0.16,0.0004,-0.0056,0.449,0.836,8.95,0.77
0,871.428,11.992,-1.2947,-0.1521,0.3517,-5.26,0.17,0.0001,0.0566,0.45,0.836,8.95,0.869
0,871.528,12.092,-1.2947,-0.1521,0.3516,-5.34,0.16,0.0006,0.0989,0.448,0.836,8.95,0.969
0,871.628,12.192,-1.2946,-0.1522,0.3517,-5.28,0.16,0.0001,0.0924,0.449,0.836,8.95,0.044
0,871.728,12.292,-1.2942,-0.1518,0.351,-4.67,0.15,0.0,0.0524,0.45,0.836,8.95,0.144
0,871.828,12.393,-1.2943,-0.1507,0.3521,-3.69,0.19,0.0005,0.058,0.449,0.836,8.95,0.244
0,871.928,12.495,-1.2945,-0.1491,0.3513,-3.43,0.18,0.005,0.098,0.45,0.836,8.95,0.344
0,872.029,12.596,-1.2942,-0.1484,0.3505,-3.71,0.21,0.0083,0.1426,0.448,0.836,8.95,0.445
0,872.128,12.693,-1.2936,-0.1493,0.3508,-3.18,0.06,0.0082,0.1102,0.448,0.836,8.95,0.544
0,872.228,12.794,-1.2916,-0.1506,0.3501,-2.24,0.14,0.009,0.0737,0.448,0.836,8.95,0.644
0,872.328,12.894,-1.291,-0.1513,0.3525,-1.22,0.19,0.0151,0.1163,0.448,0.836,8.95,0.744
0,872.428,13.014,-1.289,-0.1517,0.351,-0.97,0.11,0.0,0.0763,0.448,0.836,8.95,0.844
0,872.528,13.119,-1.288,-0.1528,0.3524,-0.89,0.12,0.0102,0.1081,0.449,0.836,8.95,0.944
0,872.631,13.218,-1.2868,-0.1534,0.3575,-0.32,0.1,0.0119,0.0747,0.449,0.836,8.95,0.029
0,872.73,13.316,-1.2863,-0.1522,0.3594,0.58,0.2,0.0092,0.1076,0.449,0.836,8.95,0.128
0,872.828,13.427,-1.2859,-0.1505,0.3569,1.1,0.22,0.0183,0.148,0.448,0.836,8.95,0.226
0,872.929,13.517,-1.2845,-0.15,0.3555,1.59,0.3,0.0288,0.108,0.448,0.836,8.95,0.327
0,873.029,13.623,-1.2821,-0.1508,0.3561,2.23,0.22,0.0288,0.1049,0.448,0.836,8.95,0.427
0,873.128,13.717,-1.2784,-0.1505,0.3565,3.06,0.31,0.0443,0.0574,0.448,0.836,8.95,0.526
0,873.229,13.819,-1.2754,-0.1499,0.3568,3.69,0.32,0.05,0.0804,0.448,0.836,8.95,0.627
0,873.329,13.925,-1.2688,-0.1503,0.3552,3.79,0.18,0.0515,0.0991,0.448,0.836,8.95,0.727
0,873.428,14.024,-1.2613,-0.152,0.356,4.16,0.18,0.0654,0.0601,0.448,0.836,8.95,0.826
0,873.53,14.131,-1.2508,-0.1532,0.3513,4.8,0.22,0.0904,0.1001,0.448,0.836,8.95,0.928
0,873.628,14.243,-1.2409,-0.1543,0.3536,5.61,0.34,0.1006,0.1319,0.449,0.837,8.93,0.01
0,873.729,14.346,-1.2278,-0.1549,0.3467,5.6,0.29,0.1018,0.1404,0.449,0.837,8.93,0.111
0,873.829,14.451,-1.2164,-0.1539,0.3479,6.35,0.32,0.1081,0.1004,0.448,0.837,8.93,0.211
0,873.928,14.545,-1.2038,-0.1513,0.3488,6.9,0.25,0.1331,0.0611,0.449,0.837,8.93,0.31
0,874.028,14.645,-1.1924,-0.1475,0.3521,7.5,0.35,0.1169,0.0211,0.449,0.837,8.93,0.41
0,874.128,14.745,-1.1796,-0.1429,0.3519,8.12,0.3,0.0669,0.0329,0.449,0.837,8.93,0.51
0,874.228,14.869,-1.1658,-0.1388,0.3521,7.45,0.68,0.0798,0.0729,0.448,0.837,8.93,0.61
0,874.328,14.97,-1.1521,-0.133,0.3505,7.49,0.69,0.1182,-0.0071,0.448,0.837,8.93,0.71
0,874.428,15.069,-1.1408,-0.1297,0.3488,8.37,0.57,0.1201,-0.0492,0.45,0.837,8.93,0.81
0,874.528,15.17,-1.1323,-0.13,0.3509,8.45,0.27,0.1248,-0.0092,0.459,0.837,8.93,0.91
0,874.628,15.278,-1.1211,-0.133,0.3498,7.93,0.19,0.1065,0.0746,0.462,0.837,8.93,1.01
0,874.728,15.378,-1.1115,-0.1376,0.3527,7.82,0.42,0.107,0.0346,0.458,0.67,11.31,0.097
0,874.829,15.483,-1.0999,-0.1398,0.3527,8.11,0.36,0.0993,-0.0825,0.453,0.67,11.31,0.198
0,874.928,15.583,-1.0875,-0.1398,0.3552,8.32,0.43,0.0994,-0.0025,0.451,0.67,11.31,0.297
0,875.033,15.687,-1.0736,-0.1386,0.3558,7.9,0.4,0.1052,0.0458,0.451,0.67,11.31,0.402
0,875.128,15.783,-1.0633,-0.1363,0.3576,7.68,0.36,0.1172,0.015,0.451,0.67,11.31,0.497
0,875.23,15.895,-1.0519,-0.1331,0.3561,7.82,0.17,0.1183,0.0092,0.451,0.67,11.31,0.599
0,875.333,15.992,-1.0411,-0.1279,0.3565,8.2,0.36,0.1114,0.0264,0.454,0.67,11.31,0.702
0,875.428,16.086,-1.0309,-0.1222,0.3569,8.5,0.47,0.1112,0.0664,0.461,0.67,11.31,0.797
0,875.528,16.187,-1.0179,-0.1187,0.3563,8.46,0.51,0.1061,0.1191,0.468,0.67,11.31,0.897
0,875.628,16.297,-1.0029,-0.1156,0.3563,8.97,0.51,0.1128,0.0466,0.472,0.67,11.31,0.997
0,875.728,16.389,-0.9873,-0.1131,0.3548,9.52,0.44,0.1161,0.0411,0.477,0.57,11.31,0.069
0,875.83,16.494,-0.9761,-0.1135,0.3564,9.97,0.29,0.1334,0.0413,0.487,0.57,11.31,0.171
0,875.928,16.592,-0.9631,-0.115,0.3525,9.85,0.23,0.1216,0.0616,0.487,0.57,11.31,0.269
0,876.031,16.695,-0.9525,-0.1176,0.3537,9.63,0.35,0.1116,0.0641,0.487,0.57,11.31,0.372
0,876.129,16.795,-0.9411,-0.1196,0.3524,10.07,0.31,0.1096,0.0054,0.483,0.57,11.31,0.47
0,876.228,16.893,-0.9293,-0.1177,0.3539,11.1,0.29,0.1012,0.0244,0.482,0.57,11.31,0.569
0,876.33,16.999,-0.9157,-0.1139,0.3535,11.04,0.16,0.105,0.1007,0.489,0.57,11.31,0.671
0,876.428,17.094,-0.9028,-0.1098,0.3531,10.82,0.36,0.1069,0.0932,0.494,0.57,11.31,0.769
0,876.535,17.204,-0.8904,-0.1047,0.3531,11.37,0.45,0.1187,0.0132,0.502,0.57,11.31,0.876
0,876.628,17.298,-0.8774,-0.0994,0.3504,12.15,0.47,0.1133,-0.0108,0.502,0.57,11.31,0.969
0,876.729,17.399,-0.8684,-0.0956,0.3523,12.28,0.51,0.1224,0.0316,0.511,0.468,16.7,0.016
0,876.828,17.499,-0.8574,-0.0932,0.3507,12.07,0.25,0.1107,0.0834,0.517,0.468,16.7,0.115
0,876.928,17.61,-0.8461,-0.0929,0.3528,12.13,0.15,0.1037,0.0146,0.52,0.468,16.7,0.215
0,877.029,17.713,-0.8322,-0.0925,0.347,12.48,0.15,0.0995,0.0113,0.52,0.468,16.7,0.316
0,877.132,17.82,-0.8205,-0.0923,0.3489,12.92,0.28,0.0995,0.0113,0.525,0.468,16.7,0.419
0,877.228,17.916,-0.8074,-0.092,0.3487,12.51,0.27,0.106,0.0605,0.525,0.468,16.7,0.515
0,877.332,18.025,-0.7979,-0.0921,0.351,12.35,0.35,0.1016,0.0687,0.525,0.468,16.7,0.619
0,877.428,18.121,-0.7893,-0.092,0.3497,12.92,0.26,0.1065,-0.0113,0.523,0.468,16.7,0.715
0,877.528,18.225,-0.7802,-0.0881,0.3489,13.3,0.1,0.0885,0.0371,0.527,0.468,16.7,0.815
0,877.632,18.33,-0.7708,-0.0814,0.3509,13.67,0.26,0.0885,0.0371,0.531,0.468,16.7,0.919
0,877.728,18.429,-0.7601,-0.0749,0.3498,13.21,0.41,0.091,0.0464,0.539,0.468,16.7,1.015
0,877.828,18.534,-0.7486,-0.0684,0.352,13.36,0.68,0.0915,0.0064,0.543,0.365,21.8,0.087
0,877.928,18.634,-0.7362,-0.0636,0.3507,14.12,0.57,0.0966,0.0028,0.549,0.365,21.8,0.187
0,878.028,18.733,-0.7296,-0.0625,0.3536,14.62,0.47,0.1034,0.0428,0.558,0.365,21.8,0.287
0,878.13,18.843,-0.7217,-0.0625,0.3511,14.26,0.18,0.0842,0.0862,0.565,0.365,21.8,0.389
1,878.228,18.938,-0.7129,-0.0655,0.3529,13.96,0.16,0.0842,0.0862,0.565,0.376,156.57,0.038
1,878.328,19.047,-0.7031,-0.0692,0.3529,14.47,0.25,0.0248,0.0281,0.56,0.376,156.57,0.138
1,878.428,19.14,-0.6953,-0.0718,0.354,14.87,0.56,0.0439,0.0681,0.559,0.376,156.57,0.238
1,878.529,19.255,-0.6881,-0.0745,0.354,15.24,0.55,0.0425,0.0971,0.56,0.376,156.57,0.339
1,878.628,19.354,-0.6865,-0.0758,0.3532,15.33,0.51,0.0422,0.0851,0.561,0.376,156.57,0.438
1,878.728,19.459,-0.6892,-0.0778,0.3535,15.63,0.43,0.0422,0.0851,0.559,0.376,156.57,0.538
1,878.83,19.563,-0.6918,-0.0754,0.3532,16.68,0.15,0.002,0.1028,0.56,0.376,156.57,0.64
1,878.928,19.666,-0.6972,-0.0688,0.3531,17.39,0.71,0.0,0.1828,0.565,0.376,156.57,0.738
1,879.029,19.765,-0.7023,-0.0618,0.3485,17.86,0.75,0.0,0.165,0.575,0.376,156.57,0.839
1,879.129,19.869,-0.7044,-0.0563,0.3481,18.43,0.9,0.0,0.1616,0.585,0.376,156.57,0.939
1,879.228,19.966,-0.7048,-0.0542,0.3477,19.35,0.7,0.0,0.1463,0.594,0.376,156.57,0.033
1,879.329,20.068,-0.7105,-0.0558,0.3493,20.3,0.72,0.0,0.1463,0.604,0.376,156.57,0.134
1,879.428,20.167,-0.7183,-0.058,0.3466,21.06,0.65,0.0001,0.1824,0.61,0.376,156.57,0.233
1,879.528,20.27,-0.723,-0.0629,0.3453,21.56,0.24,0.0,0.164,0.615,0.376,156.57,0.333
1,879.628,20.375,-0.7257,-0.0707,0.3459,22.46,0.26,0.0,0.1336,0.615,0.376,156.57,0.433
1,879.73,20.474,-0.7271,-0.074,0.347,23.66,0.1,0.0,0.136,0.618,0.376,156.57,0.535
1,879.828,20.57,-0.7286,-0.0731,0.3486,24.27,0.35,0.0,0.176,0.618,0.376,156.57,0.633
1,879.928,20.673,-0.7281,-0.0708,0.346,25.02,0.22,0.0,0.1648,0.622,0.376,156.57,0.733
1,880.028,20.776,-0.7269,-0.0688,0.3476,25.65,0.34,0.0,0.1648,0.63,0.376,156.57,0.833
1,880.128,20.895,-0.7253,-0.0684,0.3489,26.68,0.31,0.0025,0.1732,0.626,0.376,156.57,0.933
1,880.229,20.996,-0.7268,-0.0696,0.352,27.98,0.35,0.0058,0.1786,0.62,0.376,156.57,0.007
1,880.33,21.099,-0.7272,-0.0715,0.3537,28.7,0.12,0.0015,0.1981,0.614,0.376,156.57,0.108
1,880.428,21.196,-0.727,-0.0751,0.3542,29.47,0.07,0.0004,0.2,0.61,0.376,156.57,0.206
1,880.528,21.298,-0.726,-0.0788,0.3522,30.43,0.09,0.0,0.1613,0.608,0.376,156.57,0.306
1,880.628,21.398,-0.7257,-0.0792,0.3537,31.66,0.12,0.0,0.1865,0.607,0.376,156.57,0.406
1,880.731,21.504,-0.7259,-0.0772,0.3544,32.53,0.2,0.0,0.1953,0.602,0.376,156.57,0.509
1,880.828,21.598,-0.7253,-0.0749,0.3538,32.94,0.32,0.0001,0.2,0.595,0.376,156.57,0.606
1,880.928,21.7,-0.7249,-0.0726,0.3539,34.18,0.38,0.007,0.16,0.592,0.376,156.57,0.706
1,881.028,21.805,-0.725,-0.071,0.3546,35.57,0.4,0.007,0.1551,0.583,0.376,156.57,0.806
1,881.129,21.901,-0.728,-0.071,0.3557,36.42,0.51,0.0082,0.1876,0.574,0.376,156.57,0.907
1,881.228,21.999,-0.7293,-0.0709,0.3531,36.88,0.39,0.0012,0.2,0.568,0.376,156.57,1.006
1,881.328,22.099,-0.7283,-0.0718,0.3533,37.61,0.31,0.0012,0.2,0.565,0.376,156.57,0.08
1,881.428,22.202,-0.7256,-0.0725,0.3529,38.76,0.23,0.0003,0.1095,0.563,0.376,156.57,0.18
1,881.528,22.302,-0.7245,-0.0741,0.3547,39.95,0.25,0.0008,0.1495,0.558,0.376,156.57,0.28
1,881.63,22.406,-0.7239,-0.0758,0.3532,40.55,0.12,0.0023,0.1972,0.553,0.376,156.57,0.382
1,881.728,22.502,-0.7234,-0.078,0.3518,40.97,0.1,0.0004,0.2,0.551,0.376,156.57,0.48
1,881.828,22.613,-0.7232,-0.0817,0.352,41.94,0.14,0.0,0.16,0.552,0.376,156.57,0.58
1,881.928,22.713,-0.7235,-0.0828,0.3528,43.07,0.06,0.0,0.1334,0.55,0.376,156.57,0.68
1,882.028,22.813,-0.7255,-0.0821,0.3538,43.99,0.25,0.0,0.1615,0.547,0.376,156.57,0.78
1,882.13,22.916,-0.7258,-0.08,0.3524,44.69,0.27,0.0,0.173,0.542,0.376,156.57,0.882
1,882.232,23.018,-0.726,-0.0781,0.3526,45.48,0.38,0.0,0.1671,0.532,0.376,156.57,0.984
1,882.335,23.123,-0.7255,-0.0767,0.3524,46.48,0.34,0.0031,0.1529,0.526,0.376,156.57,0.071
1,882.428,23.214,-0.7272,-0.0779,0.3543,47.57,0.37,0.0055,0.1925,0.526,0.376,156.57,0.164
1,882.53,23.317,-0.7294,-0.0793,0.3519,48.29,0.32,0.0011,0.1989,0.521,0.376,156.57,0.266
1,882.628,23.414,-0.7291,-0.0807,0.3507,49.04,0.24,0.0002,0.1785,0.518,0.376,156.57,0.364
1,882.728,23.514,-0.7268,-0.0826,0.3512,49.89,0.11,0.0,0.1775,0.516,0.376,156.57,0.464
1,882.828,23.615,-0.725,-0.0827,0.3519,51.09,0.19,0.0007,0.1645,0.515,0.376,156.57,0.564
1,882.928,23.714,-0.7236,-0.0833,0.354,52.29,0.21,0.0085,0.1946,0.51,0.376,156.57,0.664
1,883.031,23.82,-0.7218,-0.0828,0.3502,53.13,0.13,0.0049,0.199,0.506,0.376,156.57,0.767
1,883.128,23.921,-0.7213,-0.0837,0.351,53.98,0.13,0.0074,0.1856,0.503,0.376,156.57,0.864
1,883.228,24.019,-0.7209,-0.0841,0.3508,55.04,0.16,0.004,0.1616,0.501,0.376,156.57,0.964
1,883.328,24.117,-0.7224,-0.0848,0.3531,56.11,0.25,0.0005,0.1892,0.497,0.376,156.57,0.034
1,883.428,24.218,-0.7245,-0.0847,0.3515,57.03,0.26,0.0002,0.1972,0.494,0.376,156.57,0.134
1,883.528,24.319,-0.7251,-0.0844,0.3511,57.67,0.32,0.0005,0.2,0.49,0.376,156.57,0.234
1,883.628,24.432,-0.7243,-0.084,0.3503,58.65,0.23,0.0019,0.1856,0.487,0.376,156.57,0.334
1,883.728,24.533,-0.7239,-0.0847,0.3515,59.81,0.27,0.0019,0.1856,0.484,0.376,156.57,0.434
1,883.828,24.634,-0.7247,-0.0865,0.3524,60.88,0.3,0.0055,0.1842,0.481,0.376,156.57,0.534
1,883.928,24.732,-0.724,-0.0873,0.3508,61.59,0.14,0.0015,0.1991,0.479,0.376,156.57,0.634
1,884.028,24.832,-0.7224,-0.0891,0.3511,62.54,0.02,0.0,0.1696,0.477,0.376,156.57,0.734
1,884.128,24.935,-0.7208,-0.0894,0.3513,63.74,0.11,0.0,0.1696,0.476,0.376,156.57,0.834
1,884.228,25.043,-0.7208,-0.0896,0.3538,64.96,0.18,0.0004,0.1906,0.474,0.376,156.57,0.934
1,884.329,25.144,-0.7209,-0.0885,0.3497,65.54,0.15,0.0056,0.1978,0.471,0.376,156.57,0.016
1,884.428,25.244,-0.7221,-0.0884,0.3503,66.29,0.26,0.0052,0.1499,0.468,0.376,156.57,0.115
1,884.53,25.347,-0.723,-0.0882,0.3508,67.31,0.27,0.0052,0.1277,0.466,0.376,156.57,0.217
1,884.628,25.45,-0.7255,-0.089,0.353,68.55,0.39,0.0061,0.1906,0.463,0.376,156.57,0.315
1,884.728,25.544,-0.7292,-0.091,0.3519,69.23,0.48,0.002,0.2,0.46,0.376,156.57,0.415
1,884.829,25.697,-0.7299,-0.091,0.3502,69.88,0.43,0.0013,0.1949,0.461,0.376,156.57,0.516
1,884.929,25.795,-0.7285,-0.0895,0.3427,70.91,0.51,0.0,0.1373,0.459,0.376,156.57,0.616
1,885.03,25.9,-0.7259,-0.0902,0.3409,71.9,0.27,0.0062,0.1773,0.456,0.376,156.57,0.717
1,885.128,26.001,-0.7219,-0.0903,0.3422,72.55,0.07,0.0069,0.1559,0.455,0.376,156.57,0.815
1,885.228,26.099,-0.7177,-0.0907,0.3432,73.18,0.34,0.0072,0.1684,0.454,0.376,156.57,0.915
1,885.328,26.199,-0.714,-0.0932,0.3459,74.04,0.43,0.0133,0.1332,0.453,0.376,156.57,0.026
1,885.428,26.299,-0.7125,-0.0922,0.3468,75.39,0.2,0.0046,0.1624,0.454,0.376,156.57,0.126
1,885.528,26.4,-0.7138,-0.0888,0.351,76.44,0.07,0.0087,0.1925,0.452,0.376,156.57,0.226
1,885.628,26.503,-0.7163,-0.084,0.3488,77.0,0.23,0.0154,0.2,0.448,0.376,156.57,0.326
1,885.729,26.604,-0.7212,-0.0808,0.3506,77.99,0.63,0.0232,0.1332,0.448,0.376,156.57,0.427
1,885.828,26.703,-0.7256,-0.078,0.3525,78.97,0.6,0.0234,0.1586,0.448,0.376,156.57,0.526
1,885.928,26.803,-0.7296,-0.0808,0.3548,79.92,0.71,0.025,0.1816,0.448,0.376,156.57,0.626
1,886.028,26.903,-0.7338,-0.0858,0.3536,80.8,0.7,0.0115,0.185,0.448,0.376,156.57,0.726
1,886.128,27.003,-0.7334,-0.0873,0.3519,81.5,0.44,0.0012,0.188,0.448,0.376,156.57,0.826
1,886.228,27.103,-0.73,-0.0872,0.3532,82.38,0.17,0.0,0.1643,0.448,0.376,156.57,0.926
1,886.328,27.203,-0.7273,-0.0852,0.3544,83.62,0.25,0.0002,0.1758,0.448,0.376,156.57,0.007
1,886.428,27.304,-0.7243,-0.0842,0.3562,84.61,0.26,0.0127,0.1949,0.448,0.376,156.57,0.107
1,886.528,27.405,-0.7212,-0.0818,0.3528,85.33,0.18,0.0129,0.2,0.448,0.376,156.57,0.207
1,886.628,27.506,-0.719,-0.0827,0.3531,86.36,0.15,0.0197,0.1602,0.448,0.376,156.57,0.307
1,886.728,27.607,-0.7182,-0.0835,0.3521,87.35,0.01,0.0145,0.1662,0.448,0.376,156.57,0.407
1,886.828,27.708,-0.7205,-0.0837,0.3539,88.48,0.2,0.006,0.179,0.448,0.376,156.57,0.507
1,886.928,27.834,-0.7243,-0.0837,0.3526,89.35,0.32,0.0059,0.198,0.448,0.376,156.57,0.607
1,887.028,27.935,-0.7271,-0.0826,0.352,90.11,0.44,0.01,0.1775,0.448,0.376,156.57,0.707
1,887.129,28.041,-0.7291,-0.081,0.358,90.66,0.47,0.01,0.1775,0.448,0.376,156.57,0.808
1,887.229,28.142,-0.7314,-0.0813,0.3601,92.1,0.54,0.0127,0.182,0.449,0.376,156.57,0.908
1,887.328,28.246,-0.7331,-0.0844,0.3559,93.08,0.6,0.0184,0.1956,0.449,0.376,156.57,0.025
1,887.428,28.346,-0.7333,-0.0849,0.3484,93.95,0.55,0.01,0.2,0.449,0.376,156.57,0.125
1,887.528,28.447,-0.7325,-0.0836,0.3498,94.73,0.44,0.0047,0.154,0.448,0.376,156.57,0.225
1,887.628,28.563,-0.7317,-0.0822,0.3518,95.97,0.42,0.0145,0.1426,0.448,0.376,156.57,0.325
1,887.728,28.666,-0.7301,-0.0832,0.3533,96.87,0.41,0.0149,0.1826,0.448,0.376,156.57,0.425
1,887.828,28.765,-0.7277,-0.0817,0.3499,97.53,0.12,0.0149,0.1835,0.448,0.376,156.57,0.525
1,887.929,28.872,-0.7238,-0.0812,0.3508,98.37,0.08,0.0129,0.1747,0.448,0.376,156.57,0.626
1,888.028,28.968,-0.7213,-0.0804,0.3508,99.44,0.04,0.0099,0.1741,0.448,0.376,156.57,0.725
1,888.128,29.069,-0.7211,-0.0797,0.3534,100.59,0.16,0.0152,0.1958,0.448,0.376,156.57,0.825
1,888.231,29.177,-0.7223,-0.0779,0.3521,101.46,0.07,0.0138,0.2,0.448,0.376,156.57,0.928
1,888.329,29.272,-0.7232,-0.0765,0.3521,102.31,0.16,0.0138,0.2,0.448,0.376,156.57,0.007
1,888.428,29.37,-0.7242,-0.0755,0.3523,103.33,0.13,0.0205,0.182,0.448,0.376,156.57,0.106
1,888.528,29.47,-0.7267,-0.0746,0.3536,104.51,0.26,0.0198,0.1887,0.448,0.376,156.57,0.206
1,888.628,29.582,-0.7295,-0.0757,0.3546,105.53,0.43,0.0198,0.1887,0.448,0.376,156.57,0.306
1,888.728,29.672,-0.732,-0.0747,0.3519,106.35,0.37,0.0144,0.1917,0.448,0.376,156.57,0.406
1,888.832,29.779,-0.7334,-0.0725,0.3524,107.31,0.33,0.0197,0.1724,0.448,0.376,156.57,0.51
1,888.929,29.877,-0.7345,-0.0694,0.3529,108.43,0.34,0.0197,0.1724,0.448,0.376,156.57,0.607
1,889.028,29.974,-0.7342,-0.0689,0.3552,109.54,0.36,0.0233,0.1753,0.448,0.376,156.57,0.706
1,889.128,30.074,-0.7338,-0.0678,0.3535,110.38,0.19,0.0295,0.1949,0.448,0.376,156.57,0.806
1,889.228,30.175,-0.7319,-0.0651,0.3533,111.18,0.11,0.0208,0.1747,0.448,0.376,156.57,0.906
1,889.329,30.278,-0.7296,-0.0625,0.3529,112.18,0.07,0.0208,0.1747,0.448,0.376,156.57,1.007
1,889.428,30.375,-0.7298,-0.0599,0.3539,113.32,0.2,0.0204,0.1615,0.448,0.376,156.57,0.07
1,889.53,30.48,-0.7308,-0.0579,0.3547,114.24,0.19,0.0217,0.1645,0.448,0.376,156.57,0.172
1,889.628,30.575,-0.7323,-0.055,0.3529,114.96,0.14,0.0248,0.1712,0.448,0.376,156.57,0.27
1,889.729,30.677,-0.7331,-0.0536,0.3531,115.89,0.11,0.0275,0.1584,0.448,0.376,156.57,0.371
1,889.828,30.776,-0.7351,-0.0518,0.354,116.83,0.16,0.0275,0.1584,0.448,0.376,156.57,0.47
1,889.929,30.882,-0.7378,-0.0518,0.3561,117.85,0.28,0.0284,0.1826,0.448,0.376,156.57,0.571
1,890.028,30.981,-0.7409,-0.0513,0.3541,118.7,0.28,0.0229,0.1889,0.448,0.376,156.57,0.67
1,890.133,31.085,-0.7431,-0.049,0.3539,119.52,0.31,0.0229,0.1889,0.448,0.376,156.57,0.775
1,890.228,31.179,-0.7452,-0.0456,0.3536,120.53,0.28,0.0237,0.1734,0.448,0.376,156.57,0.87
1,890.332,31.284,-0.7471,-0.0434,0.355,121.69,0.33,0.0347,0.1471,0.448,0.376,156.57,0.974
1,890.428,31.436,-0.7479,-0.0425,0.3544,122.51,0.28,0.0271,0.1684,0.448,0.273,146.98,0.044
1,890.529,31.541,-0.7484,-0.04,0.3519,123.12,0.29,0.0271,0.1684,0.448,0.273,146.98,0.145
1,890.629,31.644,-0.7487,-0.0376,0.3629,122.07,0.22,0.0294,0.1284,0.448,0.273,146.98,0.245
1,890.728,31.738,-0.7507,-0.0356,0.3654,124.24,0.32,0.0278,0.1359,0.448,0.273,146.98,0.344
1,890.828,31.84,-0.752,-0.0346,0.3634,125.35,0.25,0.0334,0.1491,0.448,0.273,146.98,0.444
1,890.929,31.946,-0.7533,-0.0314,0.3574,126.19,0.27,0.0282,0.1951,0.448,0.273,146.98,0.545
1,891.028,32.065,-0.754,-0.0291,0.3572,127.03,0.27,0.0293,0.1672,0.448,0.273,146.98,0.644
1,891.128,32.166,-0.7561,-0.0272,0.3578,128.28,0.29,0.0293,0.1672,0.448,0.273,146.98,0.744
1,891.228,32.274,-0.758,-0.0272,0.3579,129.27,0.33,0.0321,0.1843,0.448,0.273,146.98,0.844
1,891.329,32.37,-0.7608,-0.0252,0.3551,130.06,0.26,0.026,0.1847,0.448,0.23,171.47,0.016
1,891.428,32.468,-0.7626,-0.0224,0.3547,130.99,0.2,0.026,0.1847,0.448,0.23,171.47,0.115
1,891.529,32.573,-0.7656,-0.019,0.3549,131.99,0.24,0.0345,0.1734,0.448,0.23,171.47,0.216
1,891.628,32.671,-0.7679,-0.0175,0.3567,133.1,0.3,0.042,0.1853,0.448,0.23,171.47,0.315
1,891.728,32.771,-0.7706,-0.0155,0.3543,133.92,0.17,0.042,0.1853,0.448,0.23,171.47,0.415
1,891.829,32.874,-0.7726,-0.0119,0.3535,134.68,0.18,0.0356,0.1901,0.448,0.23,171.47,0.516
1,891.928,32.979,-0.7745,-0.0077,0.3518,135.71,0.11,0.0389,0.1692,0.448,0.23,171.47,0.615
1,892.028,33.075,-0.7781,-0.0042,0.3523,136.77,0.23,0.0378,0.147,0.448,0.23,171.47,0.715
1,892.128,33.175,-0.7816,-0.0017,0.3531,137.61,0.19,0.0421,0.1613,0.448,0.23,171.47,0.815
1,892.228,33.275,-0.7856,0.0018,0.3511,138.23,0.16,0.0425,0.1779,0.448,0.23,171.47,0.915
1,892.329,33.378,-0.7886,0.0047,0.3519,139.02,0.13,0.0431,0.1319,0.448,0.23,171.47,1.016
1,892.428,33.488,-0.7928,0.0075,0.3522,139.94,0.16,0.0402,0.1434,0.448,0.23,171.47,0.077
1,892.528,33.589,-0.7964,0.0084,0.3548,140.8,0.24,0.0402,0.1434,0.448,0.23,171.47,0.177
1,892.628,33.695,-0.8,0.0102,0.3557,141.41,0.15,0.0368,0.1661,0.45,0.23,171.47,0.277
1,892.728,33.79,-0.8026,0.0129,0.3563,142.06,0.19,0.0377,0.1261,0.451,0.23,171.47,0.377
1,892.828,33.894,-0.8058,0.016,0.3555,142.9,0.16,0.0397,0.1239,0.451,0.23,171.47,0.477
1,892.928,33.989,-0.8093,0.0174,0.3566,143.79,0.25,0.0437,0.1351,0.451,0.23,171.47,0.577
1,893.028,34.09,-0.8125,0.0179,0.3565,144.47,0.25,0.0378,0.1511,0.453,0.23,171.47,0.677
1,893.128,34.19,-0.8161,0.0205,0.3549,145.0,0.22,0.0341,0.137,0.455,0.23,171.47,0.777
1,893.229,34.294,-0.819,0.0234,0.3549,145.68,0.18,0.0378,0.1161,0.456,0.23,171.47,0.878
1,893.328,34.393,-0.8233,0.0255,0.3551,146.52,0.2,0.0356,0.1258,0.456,0.23,171.47,0.977
1,893.432,34.501,-0.8263,0.0261,0.3565,147.29,0.25,0.0405,0.1393,0.456,0.23,171.47,0.06
1,893.528,34.591,-0.8297,0.0274,0.355,147.85,0.16,0.0358,0.1429,0.459,0.23,171.47,0.156
1,893.628,34.716,-0.8322,0.03,0.3552,148.46,0.16,0.0383,0.12,0.461,0.23,171.47,0.256
1,893.728,34.815,-0.8362,0.0343,0.3438,149.25,0.19,0.0346,0.1145,0.461,0.23,171.47,0.356
1,893.828,34.915,-0.8392,0.039,0.3444,150.06,0.35,0.0346,0.1145,0.461,0.23,171.47,0.456
1,893.931,35.024,-0.8435,0.0448,0.3464,150.65,0.3,0.0424,0.164,0.458,0.23,171.47,0.559
2,894.028,35.12,-0.8458,0.0493,0.3488,151.19,0.41,0.0174,0.124,0.458,0.612,180.0,0.016
2,894.129,35.223,-0.8463,0.0514,0.3488,151.91,0.31,0.0,0.044,0.455,0.612,180.0,0.117
2,894.228,35.32,-0.8475,0.0505,0.349,152.45,0.23,0.0211,0.044,0.456,0.612,180.0,0.216
2,894.328,35.42,-0.8496,0.0466,0.3501,152.76,0.18,0.0316,0.0954,0.459,0.612,180.0,0.316
2,894.428,35.528,-0.853,0.0429,0.3488,152.93,0.24,0.03,0.0793,0.463,0.612,180.0,0.416
2,894.532,35.626,-0.8574,0.0422,0.3502,153.27,0.32,0.0333,0.0447,0.471,0.612,180.0,0.52
2,894.628,35.722,-0.8633,0.044,0.3506,153.74,0.3,0.0371,0.0493,0.471,0.612,180.0,0.616
2,894.73,35.83,-0.8674,0.0451,0.3534,154.16,0.3,0.0508,0.0499,0.471,0.612,180.0,0.718
2,894.828,35.924,-0.8717,0.0472,0.3528,154.33,0.19,0.0529,0.0734,0.472,0.612,180.0,0.816
2,894.928,36.027,-0.8756,0.0515,0.354,154.43,0.16,0.0535,0.06,0.472,0.612,180.0,0.916
2,895.028,36.127,-0.8797,0.0567,0.3533,154.79,0.22,0.0594,0.0434,0.468,0.612,180.0,1.016
2,895.128,36.228,-0.8866,0.0604,0.3537,155.22,0.27,0.0579,0.0414,0.465,0.612,180.0,0.071
2,895.23,36.329,-0.8939,0.0639,0.3546,155.46,0.2,0.0689,0.069,0.463,0.612,180.0,0.173
2,895.328,36.428,-0.9018,0.0683,0.354,155.59,0.25,0.0707,0.0711,0.461,0.612,180.0,0.271
2,895.428,36.53,-0.908,0.0714,0.3551,155.89,0.23,0.0797,0.0583,0.458,0.612,180.0,0.371
2,895.53,36.645,-0.9166,0.0734,0.3545,156.33,0.17,0.0774,0.0443,0.456,0.612,180.0,0.473
2,895.628,36.742,-0.9249,0.0737,0.3564,156.71,0.3,0.0807,0.0895,0.455,0.612,180.0,0.571
2,895.728,36.842,-0.9335,0.0756,0.3573,156.98,0.22,0.0807,0.0895,0.456,0.612,180.0,0.671
2,895.828,36.945,-0.9417,0.079,0.3584,157.28,0.28,0.0788,0.0652,0.456,0.612,180.0,0.771
2,895.932,37.05,-0.9519,0.0828,0.3565,157.72,0.23,0.0845,0.0461,0.453,0.612,180.0,0.875
2,896.028,37.147,-0.9617,0.0853,0.3573,158.14,0.31,0.0838,0.058,0.453,0.612,180.0,0.971
2,896.13,37.252,-0.9702,0.0882,0.3572,158.41,0.21,0.0882,0.0763,0.453,0.724,180.0,0.045
2,896.228,37.346,-0.9783,0.0929,0.3566,158.6,0.24,0.0882,0.0763,0.451,0.724,180.0,0.143
2,896.329,37.45,-0.9854,0.0973,0.3567,158.94,0.23,0.0888,0.0572,0.448,0.724,180.0,0.244
2,896.428,37.548,-0.995,0.1,0.3559,159.43,0.2,0.0828,0.0533,0.448,0.724,180.0,0.343
2,896.528,37.648,-1.0039,0.1014,0.3569,159.77,0.22,0.0831,0.0521,0.448,0.724,180.0,0.443
2,896.63,37.75,-1.0136,0.1038,0.3556,159.93,0.22,0.0852,0.0747,0.448,0.724,180.0,0.545
2,896.733,37.854,-1.0223,0.1067,0.3564,160.11,0.29,0.0827,0.0679,0.448,0.724,180.0,0.648
2,896.828,37.948,-1.0323,0.1098,0.3551,160.53,0.22,0.0881,0.0491,0.448,0.724,180.0,0.743
2,896.929,38.049,-1.0411,0.1114,0.3563,161.0,0.28,0.0855,0.0525,0.448,0.724,180.0,0.844
2,897.028,38.148,-1.0495,0.1131,0.3554,161.27,0.24,0.0886,0.0772,0.448,0.724,180.0,0.943
2,897.128,38.264,-1.0578,0.117,0.3547,161.46,0.23,0.0805,0.0821,0.448,0.61,180.0,0.011
2,897.228,38.364,-1.066,0.1214,0.3531,161.89,0.09,0.0842,0.0699,0.448,0.61,180.0,0.111
2,897.328,38.464,-1.0757,0.1247,0.351,162.43,0.23,0.0831,0.0551,0.448,0.61,180.0,0.211
2,897.429,38.569,-1.0849,0.1276,0.3524,162.81,0.16,0.0817,0.0786,0.448,0.61,180.0,0.312
2,897.529,38.671,-1.095,0.1312,0.3505,163.05,0.19,0.0821,0.0804,0.448,0.61,180.0,0.412
2,897.631,38.776,-1.1026,0.1338,0.3524,163.31,0.19,0.0821,0.0804,0.448,0.61,180.0,0.514
2,897.728,38.864,-1.1111,0.135,0.3534,163.88,0.12,0.0804,0.0571,0.448,0.61,180.0,0.611
2,897.828,38.965,-1.1188,0.1339,0.3558,164.43,0.29,0.0804,0.0571,0.448,0.61,180.0,0.711
2,897.928,39.072,-1.1274,0.1324,0.3543,164.66,0.34,0.0734,0.0854,0.448,0.61,180.0,0.811
2,898.028,39.174,-1.1365,0.1337,0.3545,164.91,0.42,0.0732,0.0788,0.448,0.61,180.0,0.911
2,898.131,39.28,-1.1467,0.1364,0.3562,165.26,0.32,0.0732,0.0788,0.448,0.61,180.0,1.014
2,898.229,39.38,-1.1555,0.1381,0.3574,165.81,0.33,0.0756,0.0721,0.448,0.61,180.0,0.093
2,898.328,39.474,-1.1623,0.14,0.3573,166.22,0.25,0.0814,0.0347,0.448,0.61,180.0,0.192
2,898.428,39.574,-1.1701,0.1436,0.3544,166.39,0.15,0.0707,0.0897,0.448,0.61,180.0,0.292
2,898.528,39.677,-1.1759,0.1477,0.3549,166.59,0.28,0.0707,0.0897,0.448,0.61,180.0,0.392
2,898.629,39.78,-1.1834,0.1499,0.3552,167.18,0.12,0.0672,0.0457,0.448,0.61,180.0,0.493
2,898.728,39.875,-1.1912,0.1496,0.3566,167.62,0.18,0.0672,0.0457,0.448,0.61,180.0,0.592
2,898.828,39.982,-1.2005,0.1489,0.3544,167.79,0.22,0.072,0.0941,0.448,0.61,180.0,0.692
2,898.931,40.082,-1.2091,0.1494,0.3545,168.06,0.35,0.0748,0.0471,0.448,0.61,180.0,0.795
2,899.028,40.182,-1.2191,0.1508,0.3546,168.34,0.29,0.0748,0.0471,0.448,0.61,180.0,0.892
2,899.128,40.276,-1.2281,0.1511,0.3553,168.8,0.33,0.0733,0.0533,0.448,0.61,180.0,0.992
2,899.23,40.38,-1.2353,0.1511,0.3555,169.08,0.36,0.0821,0.0324,0.448,0.391,-153.43,0.052
2,899.328,40.477,-1.2437,0.1532,0.354,169.13,0.21,0.0727,0.0501,0.448,0.391,-153.43,0.15
2,899.429,40.584,-1.2514,0.1567,0.3545,169.38,0.11,0.0727,0.0356,0.448,0.391,-153.43,0.251
2,899.528,40.681,-1.2608,0.1598,0.3532,169.71,0.17,0.0727,0.0356,0.448,0.391,-153.43,0.35
2,899.629,40.788,-1.269,0.1615,0.3549,170.02,0.19,0.0757,0.0627,0.448,0.391,-153.43,0.451
2,899.73,40.889,-1.2784,0.1632,0.3514,170.14,0.14,0.0743,0.0595,0.448,0.391,-153.43,0.552
3,899.828,40.988,-1.285,0.1646,0.3522,170.32,0.21,0.0493,0.0195,0.448,0.855,-19.5,0.015
3,899.928,41.087,-1.2921,0.166,0.3512,170.64,0.09,0.0243,0.0,0.448,0.855,-19.5,0.115
3,900.028,41.199,-1.2963,0.1663,0.352,170.91,0.19,0.0187,0.0345,0.448,0.855,-19.5,0.215
3,900.128,41.305,-1.2981,0.1661,0.349,170.97,0.08,0.0244,0.0577,0.448,0.855,-19.5,0.315
3,900.228,41.401,-1.2967,0.1644,0.3456,171.06,0.16,0.0135,0.058,0.448,0.855,-19.5,0.415
3,900.329,41.509,-1.2944,0.1638,0.3462,171.27,0.05,0.0078,0.054,0.448,0.855,-19.5,0.516
3,900.428,41.603,-1.2931,0.1622,0.3464,171.82,0.26,0.0,0.0525,0.448,0.855,-19.5,0.615
3,900.529,41.713,-1.2905,0.1575,0.3478,172.22,0.67,0.0,0.0564,0.448,0.855,-19.5,0.716
3,900.63,41.808,-1.2886,0.1527,0.3469,172.32,0.57,0.0,0.0817,0.452,0.855,-19.5,0.817
3,900.728,41.913,-1.2891,0.1522,0.3481,172.46,0.45,0.0,0.0795,0.458,0.855,-19.5,0.915
3,900.828,42.009,-1.2912,0.1545,0.3483,172.99,0.31,0.0,0.0707,0.46,0.855,-19.5,1.015
3,900.93,42.124,-1.2907,0.1568,0.3503,173.57,0.24,0.005,0.0888,0.46,0.855,-19.5,0.099
3,901.028,42.211,-1.2907,0.1583,0.35,173.96,0.16,0.0038,0.1063,0.462,0.855,-19.5,0.197
3,901.128,42.312,-1.2904,0.1611,0.3503,174.21,0.17,0.0009,0.1165,0.463,0.855,-19.5,0.297
3,901.232,42.427,-1.2888,0.165,0.3503,174.7,0.35,0.0,0.1027,0.462,0.855,-19.5,0.401
3,901.329,42.531,-1.289,0.1659,0.3505,175.45,0.14,0.0,0.1027,0.462,0.855,-19.5,0.498
3,901.428,42.626,-1.29,0.1639,0.3519,176.04,0.13,0.0012,0.1288,0.463,0.855,-19.5,0.597
3,901.53,42.729,-1.2919,0.162,0.3512,176.34,0.16,0.0012,0.1288,0.468,0.855,-19.5,0.699
3,901.632,42.833,-1.2931,0.1607,0.3515,177.02,0.19,0.0007,0.1222,0.471,0.855,-19.5,0.801
3,901.728,42.927,-1.2941,0.1602,0.3519,177.76,0.2,0.0008,0.1244,0.476,0.855,-19.5,0.897
3,901.828,43.055,-1.2926,0.1588,0.3535,178.58,0.3,0.0011,0.1567,0.481,0.855,-19.5,0.997
3,901.931,43.155,-1.2924,0.1567,0.3409,179.17,0.21,0.0004,0.1543,0.487,0.855,-19.5,0.086
3,902.03,43.255,-1.2924,0.1537,0.3407,179.84,0.4,0.0,0.1545,0.492,0.855,-19.5,0.185
3,902.128,43.351,-1.2953,0.1512,0.344,-179.27,0.51,0.0005,0.1451,0.498,0.855,-19.5,0.283
3,902.228,43.452,-1.2954,0.1479,0.3482,-178.21,0.6,0.006,0.1851,0.505,0.855,-19.5,0.383
3,902.331,43.565,-1.2939,0.1441,0.3457,-177.47,0.58,0.0011,0.1887,0.514,0.855,-19.5,0.486
3,902.428,43.686,-1.2949,0.1423,0.3438,-176.77,0.58,0.0005,0.1693,0.522,0.855,-19.5,0.583
3,902.528,43.786,-1.2989,0.1423,0.3402,-175.76,0.5,0.0003,0.139,0.528,0.855,-19.5,0.683
3,902.629,43.891,-1.3004,0.145,0.3407,-174.78,0.29,0.0073,0.1516,0.534,0.855,-19.5,0.784
3,902.728,43.987,-1.3014,0.1494,0.343,-174.12,0.03,0.0033,0.1674,0.538,0.855,-19.5,0.883
3,902.828,44.088,-1.3025,0.1544,0.3434,-173.78,0.37,0.001,0.1493,0.539,0.855,-19.5,0.983
3,902.929,44.19,-1.3004,0.1605,0.3462,-173.17,0.8,0.0018,0.0944,0.537,0.855,-19.5,0.057
3,903.028,44.288,-1.3001,0.1633,0.3448,-172.29,0.36,0.0018,0.0944,0.536,0.855,-19.5,0.156
3,903.128,44.388,-1.3017,0.1607,0.3488,-171.23,0.03,0.0,0.1396,0.536,0.855,-19.5,0.256
3,903.229,44.493,-1.3048,0.1549,0.3478,-170.96,0.1,0.0015,0.1964,0.543,0.855,-19.5,0.357
3,903.328,44.59,-1.307,0.1486,0.3496,-170.36,0.61,0.0077,0.1564,0.55,0.855,-19.5,0.456
3,903.428,44.706,-1.31,0.1435,0.3513,-169.23,0.6,0.0068,0.0997,0.557,0.855,-19.5,0.556
3,903.528,44.807,-1.3082,0.1421,0.3537,-168.46,0.52,0.0118,0.1637,0.568,0.855,-19.5,0.656
3,903.628,44.916,-1.3044,0.1423,0.3552,-167.56,0.38,0.0034,0.1733,0.576,0.855,-19.5,0.756
3,903.73,45.017,-1.3029,0.1459,0.3546,-166.97,0.1,0.0007,0.1726,0.582,0.855,-19.5,0.858
3,903.828,45.114,-1.3018,0.1515,0.3542,-166.09,0.22,0.0,0.1846,0.584,0.855,-19.5,0.956
3,903.928,45.216,-1.3025,0.1528,0.3542,-164.64,0.05,0.0,0.1862,0.585,0.855,-19.5,0.028
3,904.028,45.329,-1.3033,0.1516,0.3549,-163.58,0.14,0.0,0.1955,0.59,0.855,-19.5,0.128
3,904.128,45.429,-1.3057,0.15,0.3521,-162.96,0.16,0.0041,0.1555,0.599,0.855,-19.5,0.228
3,904.228,45.544,-1.3072,0.1488,0.352,-162.12,0.18,0.0041,0.1399,0.601,0.855,-19.5,0.328
3,904.328,45.646,-1.3088,0.1471,0.3488,-161.22,0.21,0.0036,0.1373,0.596,0.855,-19.5,0.428
3,904.428,45.749,-1.3076,0.1463,0.3506,-160.39,0.27,0.0011,0.148,0.589,0.855,-19.5,0.528
3,904.528,45.845,-1.3071,0.1456,0.35,-159.82,0.21,0.0,0.1472,0.584,0.855,-19.5,0.628
3,904.629,45.947,-1.307,0.1462,0.3509,-159.35,0.15,0.0,0.1113,0.58,0.855,-19.5,0.729
3,904.728,46.046,-1.308,0.1473,0.3497,-158.52,0.1,0.0,0.1113,0.578,0.855,-19.5,0.828
3,904.828,46.171,-1.3079,0.1477,0.3514,-157.64,0.17,0.0,0.1398,0.575,0.855,-19.5,0.928
3,904.928,46.271,-1.3079,0.147,0.3432,-157.04,0.13,0.0,0.1722,0.571,0.855,-19.5,0.054
3,905.029,46.378,-1.3072,0.1452,0.3405,-156.54,0.35,0.0,0.1722,0.567,0.855,-19.5,0.155
3,905.128,46.471,-1.3084,0.1424,0.3425,-155.77,0.38,0.0003,0.1384,0.564,0.855,-19.5,0.254
3,905.228,46.571,-1.3087,0.139,0.3458,-154.59,0.44,0.0003,0.1384,0.558,0.855,-19.5,0.354
3,905.328,46.671,-1.3064,0.1362,0.3485,-153.88,0.7,0.0029,0.167,0.549,0.855,-19.5,0.454
3,905.429,46.795,-1.3064,0.1338,0.3449,-153.31,0.56,0.0004,0.1419,0.543,0.855,-19.5,0.555
3,905.528,46.9,-1.3085,0.1323,0.3479,-152.77,0.46,0.0003,0.1194,0.537,0.855,-19.5,0.654
3,905.631,46.998,-1.3109,0.1318,0.3502,-151.69,0.39,0.0048,0.1018,0.533,0.855,-19.5,0.757
3,905.732,47.101,-1.3105,0.1343,0.353,-150.77,0.29,0.0079,0.1418,0.527,0.855,-19.5,0.858
3,905.829,47.197,-1.3107,0.137,0.351,-150.59,0.08,0.0016,0.1847,0.525,0.855,-19.5,0.955
3,905.928,47.294,-1.311,0.1416,0.3517,-149.96,0.27,0.0003,0.1447,0.526,0.832,-9.49,0.034
3,906.03,47.397,-1.3116,0.1457,0.3514,-149.23,0.27,0.0,0.1475,0.527,0.832,-9.49,0.136
3,906.128,47.494,-1.3123,0.1446,0.3533,-147.93,0.14,0.0,0.0831,0.529,0.832,-9.49,0.234
3,906.228,47.594,-1.3129,0.141,0.3532,-147.29,0.13,0.0,0.0831,0.523,0.832,-9.49,0.334
3,906.329,47.703,-1.3138,0.137,0.3523,-147.12,0.35,0.0012,0.1401,0.517,0.832,-9.49,0.435
3,906.428,47.797,-1.3139,0.133,0.3526,-146.44,0.46,0.0055,0.1001,0.512,0.832,-9.49,0.534
3,906.529,47.898,-1.3132,0.1311,0.3527,-145.66,0.43,0.0026,0.1001,0.505,0.832,-9.49,0.635
3,906.629,48.0,-1.3091,0.1319,0.3537,-144.99,0.51,0.0041,0.1075,0.5,0.832,-9.49,0.735
3,906.728,48.097,-1.3065,0.1328,0.3513,-144.61,0.34,0.0003,0.1382,0.497,0.832,-9.49,0.834
3,906.83,48.202,-1.3074,0.1353,0.3517,-144.21,0.04,0.0001,0.0982,0.496,0.832,-9.49,0.936
3,906.928,48.303,-1.3108,0.138,0.3485,-143.49,0.04,0.0,0.0641,0.496,0.831,-9.45,0.003
3,907.028,48.403,-1.314,0.1386,0.35,-142.79,0.25,0.0,0.1014,0.496,0.831,-9.45,0.103
3,907.129,48.504,-1.3173,0.1378,0.3503,-142.45,0.16,0.0027,0.1414,0.494,0.831,-9.45,0.204
3,907.235,48.61,-1.3186,0.1371,0.3507,-142.34,0.18,0.0052,0.1488,0.49,0.831,-9.45,0.31
3,907.328,48.703,-1.318,0.1372,0.3509,-141.86,0.1,0.0071,0.1369,0.49,0.831,-9.45,0.403
3,907.428,48.808,-1.317,0.1359,0.3508,-140.6,0.11,0.0013,0.0969,0.489,0.831,-9.45,0.503
3,907.528,48.903,-1.3137,0.1341,0.3525,-139.78,0.41,0.0002,0.1533,0.484,0.831,-9.45,0.603
3,907.628,49.029,-1.3117,0.1312,0.3503,-139.27,0.42,0.0,0.1535,0.478,0.831,-9.45,0.703
3,907.728,49.13,-1.3117,0.129,0.3523,-138.67,0.44,0.0,0.1535,0.474,0.831,-9.45,0.803
3,907.828,49.236,-1.3125,0.1269,0.3566,-137.72,0.46,0.0,0.1394,0.469,0.831,-9.45,0.903
3,907.931,49.339,-1.3108,0.1275,0.3583,-136.7,0.44,0.0007,0.0594,0.46,0.831,-9.45,1.006
3,908.029,49.438,-1.3095,0.1286,0.3529,-136.29,0.28,0.0008,0.1333,0.46,0.831,-9.44,0.095
3,908.129,49.537,-1.3106,0.1309,0.3523,-135.95,0.08,0.0002,0.1196,0.459,0.831,-9.44,0.195
3,908.228,49.635,-1.3138,0.1329,0.3526,-135.35,0.05,0.0,0.0867,0.46,0.831,-9.44,0.294
3,908.33,49.739,-1.3164,0.1316,0.3539,-134.58,0.17,0.0,0.1064,0.46,0.831,-9.44,0.396
3,908.428,49.836,-1.3187,0.1299,0.3536,-134.03,0.1,0.0064,0.1342,0.456,0.831,-9.44,0.494
3,908.528,49.941,-1.3211,0.1282,0.3517,-133.6,0.15,0.0077,0.148,0.453,0.831,-9.44,0.594
3,908.628,50.038,-1.3216,0.1277,0.352,-132.9,0.12,0.0111,0.1321,0.449,0.831,-9.44,0.694
3,908.728,50.135,-1.3216,0.1265,0.352,-132.03,0.13,0.0067,0.1161,0.448,0.831,-9.44,0.794
3,908.831,50.254,-1.3196,0.1256,0.3537,-131.22,0.28,0.0027,0.1185,0.448,0.831,-9.44,0.897
3,908.93,50.351,-1.3179,0.1237,0.3453,-130.82,0.3,0.0,0.1371,0.448,0.831,-9.44,0.996
3,909.028,50.45,-1.3169,0.1215,0.3456,-130.35,0.45,0.0,0.1371,0.448,0.831,-9.44,0.064
3,909.135,50.568,-1.3177,0.1188,0.3464,-129.53,0.4,0.0005,0.1201,0.448,0.831,-9.44,0.171
3,909.228,50.661,-1.3169,0.1186,0.3495,-128.65,0.41,0.0022,0.1246,0.448,0.831,-9.44,0.264
3,909.328,50.761,-1.3157,0.119,0.3487,-128.09,0.39,0.0047,0.1427,0.448,0.831,-9.44,0.364
3,909.428,50.861,-1.3177,0.1194,0.3487,-127.56,0.2,0.0002,0.1431,0.449,0.831,-9.44,0.464
3,909.529,50.97,-1.3213,0.1206,0.3493,-126.76,0.03,0.0002,0.1431,0.448,0.831,-9.44,0.565
3,909.629,51.069,-1.3245,0.1203,0.3503,-125.76,0.16,0.0033,0.1173,0.448,0.831,-9.44,0.665
3,909.729,51.167,-1.3269,0.1202,0.352,-125.03,0.15,0.0038,0.15,0.448,0.831,-9.44,0.765
3,909.829,51.277,-1.3284,0.1196,0.3512,-124.49,0.12,0.0047,0.1366,0.448,0.831,-9.44,0.865
3,909.929,51.378,-1.3283,0.1212,0.3517,-123.8,0.11,0.004,0.1135,0.448,0.831,-9.44,0.965
3,910.028,51.479,-1.327,0.1212,0.3532,-123.02,0.1,0.0006,0.1173,0.448,0.831,-9.44,0.045
3,910.132,51.591,-1.3232,0.1206,0.3549,-122.19,0.37,0.0,0.1616,0.448,0.831,-9.44,0.149
3,910.228,51.686,-1.3197,0.1192,0.3526,-121.49,0.37,0.0,0.1616,0.448,0.831,-9.44,0.245
3,910.329,51.788,-1.3193,0.1175,0.3526,-120.84,0.37,0.0,0.181,0.448,0.831,-9.44,0.346
3,910.428,51.888,-1.3211,0.1154,0.3524,-119.92,0.29,0.0024,0.1446,0.448,0.831,-9.44,0.445
3,910.528,51.995,-1.3223,0.1147,0.3541,-118.82,0.3,0.0071,0.1343,0.448,0.831,-9.44,0.545
3,910.628,52.089,-1.323,0.1155,0.3534,-118.07,0.22,0.0071,0.1343,0.448,0.831,-9.44,0.645
3,910.728,52.192,-1.3253,0.1159,0.3513,-117.5,0.07,0.0015,0.1595,0.448,0.831,-9.44,0.745
3,910.829,52.3,-1.3281,0.1178,0.3521,-116.77,0.15,0.0029,0.1366,0.448,0.831,-9.44,0.846
3,910.928,52.398,-1.3299,0.1169,0.353,-115.81,0.06,0.0,0.1369,0.448,0.831,-9.44,0.945
3,911.028,52.497,-1.3299,0.1154,0.3547,-114.9,0.14,0.0054,0.1757,0.448,0.831,-9.44,0.028
3,911.128,52.602,-1.33,0.1131,0.3512,-114.4,0.11,0.0075,0.1751,0.449,0.831,-9.44,0.128
3,911.228,52.699,-1.3296,0.1119,0.3517,-113.69,0.2,0.0122,0.1351,0.448,0.831,-9.44,0.228
3,911.331,52.807,-1.33,0.11,0.3511,-112.62,0.17,0.0076,0.1349,0.449,0.831,-9.44,0.331
3,911.428,52.898,-1.3288,0.1085,0.353,-111.76,0.28,0.0095,0.1197,0.448,0.831,-9.44,0.428
3,911.528,52.998,-1.3268,0.1078,0.3522,-111.03,0.36,0.0044,0.1378,0.448,0.831,-9.44,0.528
3,911.628,53.112,-1.327,0.1062,0.3509,-110.7,0.34,0.0014,0.1368,0.448,0.831,-9.44,0.628
3,911.731,53.202,-1.3285,0.1046,0.351,-110.06,0.23,0.0042,0.0879,0.448,0.831,-9.44,0.731
3,911.829,53.31,-1.3304,0.1032,0.3508,-109.29,0.21,0.0054,0.1279,0.448,0.831,-9.44,0.829
3,911.928,53.415,-1.3316,0.1038,0.3523,-108.66,0.18,0.0103,0.14,0.449,0.831,-9.44,0.928
3,912.028,53.518,-1.3334,0.1037,0.348,-108.15,0.06,0.0047,0.1178,0.448,0.831,-9.44,0.014
3,912.128,53.618,-1.3355,0.1051,0.3491,-107.71,0.19,0.0056,0.0778,0.448,0.831,-9.44,0.114
3,912.228,53.718,-1.3373,0.1046,0.3497,-107.15,0.09,0.0018,0.0745,0.449,0.831,-9.44,0.214
3,912.328,53.823,-1.3368,0.1027,0.3522,-106.45,0.11,0.0015,0.0345,0.448,0.831,-9.44,0.314
3,912.428,53.929,-1.3357,0.0998,0.3477,-106.29,0.12,0.0077,0.099,0.449,0.831,-9.44,0.414
3,912.528,54.026,-1.3343,0.0972,0.3478,-106.07,0.4,0.009,0.09,0.449,0.831,-9.44,0.514
3,912.629,54.13,-1.3335,0.0938,0.3489,-105.58,0.35,0.0126,0.0768,0.448,0.831,-9.44,0.615
3,912.73,54.231,-1.3324,0.0919,0.3506,-104.93,0.38,0.0131,0.0798,0.448,0.831,-9.44,0.716
3,912.831,54.333,-1.3306,0.0926,0.3511,-104.52,0.43,0.0184,0.1105,0.449,0.831,-9.44,0.817
3,912.929,54.434,-1.3313,0.0917,0.3486,-104.21,0.27,0.0083,0.1133,0.448,0.831,-9.44,0.915
3,913.028,54.529,-1.3346,0.0905,0.3499,-103.73,0.02,0.0034,0.0861,0.448,0.831,-9.44,1.014
3,913.128,54.644,-1.3386,0.0879,0.3492,-103.04,0.12,0.013,0.0954,0.448,0.831,-9.44,0.09
3,913.233,54.748,-1.3418,0.0859,0.3518,-102.48,0.25,0.013,0.0954,0.448,0.831,-9.44,0.195
3,913.329,54.843,-1.3446,0.0832,0.3535,-102.07,0.3,0.0156,0.123,0.449,0.831,-9.44,0.291
3,913.428,54.942,-1.3461,0.0836,0.3545,-101.62,0.3,0.0201,0.1185,0.45,0.831,-9.44,0.39
3,913.528,55.058,-1.3472,0.0841,0.353,-100.95,0.18,0.0204,0.0858,0.449,0.831,-9.44,0.49
3,913.628,55.159,-1.3452,0.0827,0.3541,-100.24,0.1,0.0081,0.1232,0.448,0.831,-9.44,0.59
3,913.729,55.279,-1.3423,0.081,0.356,-99.59,0.18,0.005,0.1263,0.449,0.831,-9.44,0.691
3,913.828,55.375,-1.3413,0.0788,0.3561,-99.23,0.29,0.0108,0.0989,0.448,0.831,-9.44,0.79
3,913.929,55.48,-1.3407,0.0766,0.3576,-98.73,0.25,0.0108,0.0989,0.448,0.831,-9.44,0.891
3,914.028,55.576,-1.3392,0.0754,0.3583,-97.95,0.33,0.0116,0.0519,0.448,0.831,-9.44,0.99
3,914.13,55.685,-1.337,0.0771,0.3565,-97.51,0.31,0.0105,0.0728,0.449,0.831,-9.44,0.1
3,914.228,55.781,-1.3372,0.0769,0.3514,-97.39,0.24,0.0021,0.0876,0.448,0.831,-9.44,0.198
3,914.328,55.882,-1.3398,0.0759,0.3517,-97.13,0.11,0.0036,0.0635,0.448,0.831,-9.44,0.298
3,914.428,55.981,-1.3423,0.0726,0.3523,-96.59,0.1,0.0036,0.0635,0.448,0.831,-9.44,0.398
3,914.528,56.094,-1.3443,0.0701,0.354,-96.1,0.19,0.0181,0.0987,0.449,0.831,-9.44,0.498
3,914.628,56.194,-1.3464,0.0663,0.3457,-95.85,0.16,0.0183,0.103,0.448,0.831,-9.44,0.598
3,914.728,56.295,-1.3472,0.0642,0.3462,-95.45,0.18,0.028,0.063,0.449,0.831,-9.44,0.698
3,914.831,56.399,-1.3476,0.0612,0.3476,-94.89,0.11,0.0195,0.0683,0.448,0.831,-9.44,0.801
3,914.931,56.499,-1.346,0.0585,0.3502,-94.32,0.24,0.0181,0.0556,0.448,0.831,-9.44,0.901
3,915.028,56.597,-1.3437,0.0566,0.3497,-94.06,0.35,0.0179,0.0924,0.449,0.831,-9.44,0.998
3,915.131,56.704,-1.3433,0.0535,0.3489,-93.85,0.36,0.0132,0.0828,0.449,0.831,-9.44,0.074
3,915.228,56.798,-1.344,0.0501,0.3502,-93.49,0.26,0.0178,0.0795,0.449,0.831,-9.44,0.171
3,915.328,56.898,-1.3449,0.0468,0.3509,-92.85,0.26,0.0212,0.0727,0.449,0.831,-9.44,0.271
3,915.431,57.006,-1.3458,0.0459,0.3528,-92.35,0.26,0.0246,0.1093,0.448,0.831,-9.44,0.374
3,915.53,57.105,-1.3472,0.0437,0.3485,-92.0,0.08,0.0182,0.1241,0.449,0.831,-9.44,0.473
3,915.628,57.202,-1.3498,0.0422,0.3499,-91.54,0.13,0.0178,0.1074,0.449,0.831,-9.44,0.571
3,915.732,57.307,-1.3523,0.0394,0.3502,-90.84,0.07,0.0149,0.0949,0.45,0.831,-9.44,0.675
3,915.829,57.409,-1.3524,0.0359,0.3527,-90.08,0.16,0.0162,0.1025,0.45,0.831,-9.44,0.772
3,915.93,57.513,-1.3519,0.032,0.3514,-89.62,0.09,0.0217,0.1332,0.449,0.831,-9.44,0.873
3,916.028,57.61,-1.3515,0.0286,0.3508,-89.19,0.21,0.0226,0.13,0.449,0.831,-9.44,0.971
3,916.128,57.708,-1.3514,0.0258,0.3515,-88.57,0.15,0.0259,0.1112,0.449,0.92,-0.03,0.043
3,916.228,57.81,-1.35,0.0227,0.3522,-87.74,0.23,0.0241,0.1109,0.449,0.92,-0.03,0.143
3,916.328,57.911,-1.348,0.0219,0.3535,-87.07,0.39,0.0243,0.1423,0.449,0.92,-0.03,0.243
3,916.428,58.017,-1.3468,0.0195,0.3511,-86.59,0.34,0.0167,0.1449,0.45,0.92,-0.03,0.343
3,916.528,58.116,-1.3473,0.0162,0.3519,-85.95,0.26,0.0135,0.1297,0.449,0.92,-0.03,0.443
3,916.629,58.222,-1.3483,0.0118,0.3528,-85.14,0.26,0.017,0.1128,0.449,0.92,-0.03,0.544
3,916.728,58.323,-1.3494,0.0097,0.3549,-84.38,0.26,0.0225,0.0942,0.448,0.92,-0.03,0.643
3,916.828,58.42,-1.3506,0.0075,0.3522,-83.95,0.11,0.0176,0.1263,0.45,0.92,-0.03,0.743
3,916.931,58.526,-1.3528,0.0058,0.3518,-83.53,0.13,0.0138,0.1219,0.448,0.92,-0.03,0.846
3,917.035,58.63,-1.3557,0.0045,0.3518,-82.88,0.13,0.0156,0.0995,0.449,0.92,-0.03,0.95
3,917.131,58.726,-1.3556,0.002,0.3523,-82.15,0.1,0.0141,0.1002,0.449,0.92,-0.03,0.01
3,917.228,58.829,-1.3543,0.0002,0.3526,-81.56,0.19,0.015,0.1268,0.45,0.92,-0.03,0.107
3,917.328,58.924,-1.3532,-0.0025,0.3499,-81.13,0.18,0.016,0.1406,0.448,0.92,-0.03,0.207
3,917.428,59.028,-1.3527,-0.0048,0.3505,-80.52,0.14,0.016,0.0964,0.45,0.92,-0.03,0.307
3,917.529,59.132,-1.3519,-0.0088,0.3481,-79.71,0.2,0.016,0.0964,0.449,0.92,-0.03,0.408
3,917.63,59.235,-1.3509,-0.0104,0.3506,-79.03,0.26,0.0188,0.1365,0.449,0.92,-0.03,0.509
3,917.73,59.331,-1.3501,-0.0121,0.3495,-78.59,0.17,0.0188,0.1365,0.45,0.92,-0.03,0.609
3,917.831,59.436,-1.3508,-0.0141,0.3504,-78.06,0.14,0.0141,0.1054,0.448,0.92,-0.03,0.71
3,917.928,59.535,-1.3526,-0.0173,0.349,-77.39,0.02,0.0119,0.1281,0.448,0.92,-0.03,0.807
3,918.028,59.631,-1.3531,-0.0196,0.3492,-76.77,0.13,0.0119,0.1281,0.448,0.92,-0.03,0.907
3,918.128,59.731,-1.3535,-0.0219,0.3507,-75.93,0.11,0.017,0.132,0.45,0.92,-0.03,1.007
3,918.228,59.831,-1.3538,-0.0241,0.3494,-75.75,0.09,0.0183,0.1385,0.45,0.92,-0.03,0.062
3,918.328,59.934,-1.3552,-0.0255,0.3503,-75.13,0.15,0.0135,0.0879,0.45,0.92,-0.03,0.162
3,918.428,60.034,-1.3554,-0.0287,0.3488,-74.0,0.08,0.0111,0.1124,0.448,0.92,-0.03,0.262
3,918.528,60.139,-1.3543,-0.0307,0.3515,-73.22,0.13,0.0111,0.1124,0.449,0.92,-0.03,0.362
3,918.629,60.239,-1.3526,-0.033,0.3507,-72.89,0.14,0.0166,0.1581,0.448,0.92,-0.03,0.463
3,918.728,60.334,-1.3514,-0.0345,0.3518,-72.48,0.23,0.0183,0.101,0.449,0.92,-0.03,0.562
3,918.832,60.44,-1.3509,-0.0373,0.3514,-71.84,0.15,0.0183,0.0502,0.449,0.92,-0.03,0.666
3,918.928,60.543,-1.3496,-0.0392,0.3528,-71.13,0.23,0.0166,0.0783,0.451,0.92,-0.03,0.762
3,919.032,60.64,-1.3482,-0.0396,0.3531,-70.64,0.29,0.0189,0.1094,0.45,0.92,-0.03,0.866
3,919.128,60.735,-1.3479,-0.0416,0.352,-70.36,0.21,0.0141,0.1199,0.449,0.92,-0.03,0.962
3,919.228,60.847,-1.3488,-0.0441,0.3522,-69.78,0.07,0.0096,0.1082,0.451,0.92,-0.03,0.024
3,919.328,60.942,-1.3494,-0.0475,0.3517,-69.09,0.11,0.0096,0.1082,0.448,0.92,-0.03,0.124
3,919.428,61.045,-1.3498,-0.0493,0.3536,-68.41,0.16,0.0109,0.1014,0.449,0.92,-0.03,0.224
3,919.528,61.142,-1.3498,-0.0515,0.3512,-68.33,0.09,0.0139,0.1332,0.449,0.92,-0.03,0.324
3,919.628,61.246,-1.3507,-0.0523,0.352,-68.15,0.15,0.0132,0.0661,0.448,0.92,-0.03,0.424
3,919.728,61.346,-1.3517,-0.054,0.3512,-67.45,0.06,0.0064,0.0669,0.449,0.92,-0.03,0.524
3,919.828,61.446,-1.3507,-0.0551,0.3529,-66.24,0.15,0.0096,0.1069,0.448,0.92,-0.03,0.624
3,919.928,61.546,-1.3491,-0.0553,0.3526,-65.68,0.15,0.0096,0.1413,0.448,0.92,-0.03,0.724
3,920.028,61.651,-1.3481,-0.0565,0.3515,-65.72,0.21,0.0085,0.1837,0.449,0.92,-0.03,0.824
3,920.128,61.747,-1.3481,-0.0586,0.3518,-65.25,0.07,0.0101,0.1575,0.448,0.92,-0.03,0.924
3,920.23,61.856,-1.3477,-0.062,0.3513,-63.91,0.15,0.0123,0.0779,0.449,0.92,-0.03,1.026
3,920.328,61.949,-1.3476,-0.0635,0.3534,-62.87,0.19,0.0123,0.0779,0.452,0.934,8.73,0.08
3,920.428,62.049,-1.3469,-0.0656,0.351,-62.46,0.09,0.0175,0.1579,0.451,0.934,8.73,0.18
3,920.531,62.16,-1.3473,-0.0669,0.3522,-62.48,0.13,0.013,0.1568,0.45,0.934,8.73,0.283
3,920.628,62.253,-1.3476,-0.0696,0.3493,-61.67,0.03,0.013,0.1256,0.448,0.934,8.73,0.38
3,920.728,62.358,-1.347,-0.0711,0.3515,-60.22,0.17,0.0123,0.1256,0.449,0.934,8.73,0.48
3,920.831,62.462,-1.3456,-0.0724,0.3486,-59.94,0.06,0.0085,0.1513,0.449,0.934,8.73,0.583
3,920.928,62.559,-1.3444,-0.0733,0.3474,-59.9,0.24,0.0085,0.1513,0.448,0.934,8.73,0.68
3,921.034,62.667,-1.3431,-0.0757,0.348,-59.56,0.14,0.008,0.0428,0.449,0.934,8.73,0.786
3,921.128,62.761,-1.3416,-0.0784,0.3487,-58.85,0.2,0.008,0.0428,0.449,0.934,8.73,0.88
3,921.228,62.861,-1.3417,-0.0791,0.3507,-58.36,0.22,0.0159,0.102,0.448,0.934,8.73,0.98
3,921.328,62.962,-1.3418,-0.081,0.3483,-58.01,0.08,0.0099,0.1137,0.449,0.934,8.73,0.032
3,921.428,63.082,-1.3434,-0.0827,0.3499,-57.67,0.08,0.0092,0.0737,0.45,0.934,8.73,0.132
3,921.529,63.181,-1.3446,-0.0861,0.3438,-56.37,0.09,0.0068,0.0923,0.449,0.934,8.73,0.233
3,921.628,63.283,-1.3459,-0.0883,0.3466,-55.47,0.19,0.0103,0.1323,0.448,0.934,8.73,0.332
3,921.729,63.384,-1.3457,-0.0913,0.3462,-55.48,0.16,0.0137,0.1366,0.448,0.934,8.73,0.433
3,921.828,63.479,-1.3465,-0.0923,0.3482,-55.22,0.22,0.0161,0.0589,0.449,0.934,8.73,0.532
3,921.931,63.583,-1.3477,-0.0942,0.3477,-54.49,0.22,0.0113,0.0311,0.449,0.934,8.73,0.635
3,922.028,63.68,-1.3458,-0.0961,0.3492,-53.63,0.07,0.0093,0.0321,0.449,0.934,8.73,0.732
3,922.128,63.793,-1.3429,-0.0967,0.3505,-52.96,0.09,0.0077,0.0721,0.449,0.934,8.73,0.832
3,922.228,63.894,-1.34,-0.0975,0.3503,-53.24,0.3,0.0052,0.1146,0.452,0.934,8.73,0.932
3,922.328,64.001,-1.3375,-0.0987,0.3518,-53.66,0.29,0.0085,0.1036,0.451,0.934,8.73,0.025
3,922.429,64.102,-1.3357,-0.1003,0.3509,-52.91,0.24,0.0099,0.0636,0.45,0.934,8.73,0.126
3,922.528,64.201,-1.3366,-0.0994,0.3533,-51.36,0.29,0.0149,0.0636,0.451,0.934,8.73,0.225
3,922.628,64.3,-1.3373,-0.099,0.3507,-50.97,0.16,0.0102,0.1061,0.448,0.934,8.73,0.325
3,922.728,64.401,-1.3395,-0.1002,0.3522,-51.57,0.06,0.0043,0.1771,0.452,0.934,8.73,0.425
3,922.828,64.517,-1.3414,-0.1042,0.3484,-51.09,0.04,0.0,0.1371,0.452,0.934,8.73,0.525
3,922.928,64.616,-1.3425,-0.1073,0.3509,-49.35,0.25,0.0033,0.0571,0.453,0.934,8.73,0.625
3,923.028,64.717,-1.3421,-0.1108,0.3508,-48.78,0.12,0.006,0.1344,0.453,0.934,8.73,0.725
3,923.129,64.826,-1.3423,-0.1122,0.3522,-49.31,0.2,0.0094,0.1582,0.452,0.934,8.73,0.826
3,923.228,64.919,-1.3431,-0.1126,0.3522,-48.81,0.13,0.0065,0.1182,0.449,0.934,8.73,0.925
3,923.328,65.019,-1.3418,-0.1122,0.3527,-47.52,0.08,0.0011,0.0382,0.448,0.934,8.73,0.002
3,923.428,65.122,-1.3405,-0.1094,0.3537,-46.36,0.26,0.003,0.0554,0.453,0.934,8.73,0.102
3,923.528,65.222,-1.3383,-0.1073,0.3509,-46.74,0.36,0.0,0.1354,0.449,0.934,8.73,0.202
3,923.628,65.322,-1.3362,-0.1077,0.3515,-46.34,0.37,0.0003,0.1354,0.45,0.934,8.73,0.302
3,923.729,65.428,-1.3344,-0.1107,0.3513,-45.6,0.29,0.0013,0.0428,0.452,0.934,8.73,0.403
3,923.828,65.528,-1.3353,-0.1122,0.3534,-44.82,0.24,0.0075,0.0956,0.449,0.934,8.73,0.502
3,923.929,65.631,-1.3364,-0.1138,0.352,-44.6,0.05,0.0017,0.0982,0.448,0.934,8.73,0.603
3,924.029,65.734,-1.3389,-0.1154,0.3525,-44.33,0.16,0.0017,0.0982,0.449,0.934,8.73,0.703
3,924.132,65.836,-1.3421,-0.1175,0.3513,-43.77,0.23,0.0017,0.0621,0.451,0.934,8.73,0.806
3,924.228,65.932,-1.3429,-0.1187,0.3517,-43.19,0.16,0.0,0.0623,0.451,0.934,8.73,0.902
3,924.328,66.032,-1.3423,-0.1189,0.3518,-42.88,0.06,0.0043,0.1205,0.45,0.934,8.73,1.002
3,924.428,66.132,-1.341,-0.1193,0.3508,-42.61,0.11,0.0043,0.1205,0.449,0.934,8.73,0.072
3,924.528,66.246,-1.3403,-0.12,0.3509,-42.02,0.05,0.002,0.1002,0.451,0.934,8.73,0.172
3,924.631,66.354,-1.3385,-0.1209,0.3477,-41.25,0.17,0.001,0.1038,0.453,0.934,8.73,0.275
3,924.732,66.457,-1.3382,-0.12,0.3496,-40.65,0.22,0.001,0.1038,0.45,0.934,8.73,0.376
3,924.831,66.551,-1.338,-0.1198,0.3496,-40.2,0.13,0.0032,0.1149,0.45,0.934,8.73,0.475
3,924.928,66.658,-1.3389,-0.1202,0.351,-39.98,0.09,0.0021,0.1131,0.448,0.934,8.73,0.572
3,925.028,66.757,-1.3393,-0.1223,0.3454,-39.1,0.06,0.0021,0.1131,0.45,0.934,8.73,0.672
3,925.128,66.862,-1.3404,-0.1233,0.347,-38.08,0.12,0.0002,0.0809,0.45,0.934,8.73,0.772
3,925.23,66.964,-1.34,-0.1244,0.3463,-37.79,0.01,0.0029,0.1476,0.449,0.934,8.73,0.874
3,925.328,67.063,-1.34,-0.1253,0.3473,-37.9,0.09,0.0018,0.1077,0.448,0.934,8.73,0.972
3,925.428,67.163,-1.3405,-0.1273,0.3477,-37.62,0.1,0.0018,0.0944,0.45,0.934,8.73,0.068
3,925.529,67.265,-1.3397,-0.129,0.3484,-35.92,0.11,0.0015,0.0787,0.448,0.934,8.73,0.169
3,925.628,67.363,-1.3393,-0.1294,0.3511,-34.88,0.12,0.0032,0.1187,0.449,0.934,8.73,0.268
3,925.728,67.463,-1.3379,-0.1295,0.3482,-35.43,0.15,0.0013,0.1634,0.448,0.934,8.73,0.368
3,925.828,67.563,-1.3372,-0.129,0.3501,-35.26,0.21,0.0003,0.1234,0.45,0.934,8.73,0.468
3,925.928,67.663,-1.3363,-0.1303,0.3502,-34.63,0.18,0.0013,0.0455,0.45,0.934,8.73,0.568
3,926.028,67.763,-1.337,-0.1301,0.3523,-33.76,0.21,0.0031,0.0855,0.448,0.934,8.73,0.668
3,926.128,67.895,-1.3378,-0.1292,0.3508,-33.26,0.18,0.0008,0.1331,0.448,0.934,8.73,0.768
3,926.229,67.998,-1.3389,-0.1293,0.351,-32.87,0.17,0.0002,0.0729,0.45,0.934,8.73,0.869
3,926.328,68.099,-1.3401,-0.1308,0.3585,-33.67,0.18,0.0003,0.1017,0.449,0.934,8.73,0.968
3,926.428,68.199,-1.3404,-0.1309,0.3613,-31.53,0.24,0.0,0.0617,0.45,0.933,8.69,0.052
3,926.529,68.299,-1.3413,-0.1298,0.3593,-30.67,0.27,0.0029,0.0617,0.45,0.933,8.69,0.153
3,926.629,68.413,-1.3415,-0.1301,0.3559,-30.36,0.25,0.0005,0.0925,0.45,0.933,8.69,0.253
3,926.728,68.498,-1.3421,-0.1321,0.3571,-30.73,0.12,0.0007,0.1019,0.451,0.933,8.69,0.352
3,926.828,68.598,-1.342,-0.1351,0.3572,-30.3,0.13,0.0009,0.0219,0.452,0.933,8.69,0.452
3,926.929,68.731,-1.3428,-0.1376,0.3576,-29.24,0.14,0.0011,0.0774,0.449,0.933,8.69,0.553
3,927.029,68.828,-1.3428,-0.1403,0.3475,-29.13,0.25,0.0011,0.1322,0.45,0.933,8.69,0.653
3,927.131,68.928,-1.344,-0.1411,0.348,-29.11,0.19,0.0017,0.1028,0.449,0.933,8.69,0.755
3,927.228,69.033,-1.3441,-0.1417,0.3504,-28.21,0.06,0.0001,0.0419,0.448,0.933,8.69,0.852
3,927.332,69.177,-1.3442,-0.1406,0.3525,-27.34,0.2,0.0,0.0232,0.45,0.933,8.69,0.956
3,927.428,69.268,-1.3429,-0.1397,0.3333,-27.48,0.26,0.0001,0.1032,0.45,0.933,8.69,0.065
3,927.528,69.369,-1.3416,-0.1365,0.334,-27.33,0.44,0.0,0.1464,0.449,0.933,8.69,0.165
3,927.628,69.471,-1.3389,-0.1345,0.3403,-26.55,0.58,0.0,0.0664,0.449,0.933,8.69,0.265
3,927.73,69.578,-1.3389,-0.1307,0.3464,-25.5,0.7,0.0035,0.0766,0.452,0.933,8.69,0.367
3,927.828,69.674,-1.3392,-0.1265,0.3422,-25.17,0.52,0.004,0.1566,0.449,0.933,8.69,0.465
3,927.928,69.785,-1.3382,-0.1253,0.343,-25.29,0.6,0.003,0.132,0.449,0.933,8.69,0.565
3,928.029,69.885,-1.3352,-0.1275,0.343,-24.49,0.4,0.0015,0.092,0.449,0.933,8.69,0.666
3,928.129,69.983,-1.335,-0.1308,0.3455,-23.33,0.23,0.0146,0.052,0.45,0.933,8.69,0.766
3,928.228,70.085,-1.3363,-0.1354,0.3479,-23.02,0.08,0.0136,0.1255,0.45,0.933,8.69,0.865
3,928.328,70.184,-1.3372,-0.1405,0.3474,-22.95,0.34,0.0082,0.0902,0.448,0.933,8.69,0.965
3,928.429,70.284,-1.3415,-0.1443,0.3496,-22.7,0.56,0.0023,0.0686,0.451,0.933,8.69,0.05
3,928.528,70.391,-1.344,-0.1466,0.3504,-22.23,0.43,0.0,0.0653,0.448,0.933,8.69,0.149
3,928.628,70.483,-1.3432,-0.1464,0.3527,-21.63,0.19,0.0,0.1034,0.451,0.933,8.69,0.249
3,928.728,70.605,-1.3403,-0.1448,0.3518,-21.35,0.11,0.0,0.1371,0.45,0.933,8.69,0.349
3,928.832,70.711,-1.3382,-0.1424,0.3529,-21.04,0.36,0.0019,0.0854,0.451,0.933,8.69,0.453
3,928.928,70.806,-1.3361,-0.1414,0.3571,-20.62,0.32,0.0004,0.0782,0.45,0.933,8.69,0.549
3,929.028,70.906,-1.3364,-0.1391,0.3586,-19.92,0.34,0.0005,0.0382,0.448,0.933,8.69,0.649
3,929.128,71.009,-1.3384,-0.1365,0.3565,-19.68,0.4,0.0013,0.0641,0.448,0.933,8.69,0.749
3,929.228,71.11,-1.3397,-0.1366,0.3549,-19.53,0.33,0.0009,0.0719,0.449,0.933,8.69,0.849
3,929.328,71.212,-1.3408,-0.1391,0.356,-19.26,0.1,0.0019,0.0616,0.448,0.933,8.69,0.949
3,929.428,71.31,-1.3406,-0.1416,0.3562,-18.6,0.16,0.0015,0.0739,0.45,0.933,8.69,0.036
3,929.529,71.414,-1.3412,-0.1437,0.3563,-18.14,0.15,0.0021,0.1139,0.451,0.933,8.69,0.137
3,929.63,71.514,-1.3409,-0.1463,0.3543,-17.75,0.15,0.0008,0.1199,0.449,0.933,8.69,0.238
3,929.728,71.616,-1.3427,-0.1484,0.3545,-17.21,0.22,0.0001,0.1174,0.45,0.933,8.69,0.336
3,929.829,71.715,-1.344,-0.1494,0.3545,-16.57,0.07,0.0,0.1001,0.449,0.933,8.69,0.437
3,929.929,71.836,-1.3443,-0.1479,0.3556,-15.75,0.1,0.0,0.1291,0.448,0.933,8.69,0.537
3,930.031,71.937,-1.3431,-0.1453,0.3455,-15.29,0.11,0.0,0.1377,0.448,0.933,8.69,0.639
3,930.129,72.043,-1.3409,-0.1423,0.3431,-14.8,0.61,0.0,0.1244,0.448,0.933,8.69,0.737
3,930.228,72.131,-1.3362,-0.1413,0.3456,-14.1,0.51,0.0,0.1244,0.448,0.933,8.69,0.836
3,930.329,72.238,-1.3353,-0.1417,0.3485,-13.22,0.44,0.007,0.1168,0.449,0.933,8.69,0.937
3,930.43,72.335,-1.3373,-0.143,0.3491,-12.65,0.26,0.0204,0.1568,0.449,0.837,9.36,0.029
3,930.529,72.433,-1.3381,-0.1462,0.3461,-12.17,0.01,0.0184,0.1599,0.448,0.837,9.36,0.128
3,930.628,72.53,-1.3398,-0.1513,0.3477,-11.41,0.34,0.0018,0.1194,0.449,0.837,9.36,0.227
3,930.728,72.657,-1.3391,-0.1559,0.3484,-10.51,0.3,0.0018,0.1194,0.449,0.837,9.36,0.327
3,930.831,72.761,-1.3376,-0.159,0.3522,-9.7,0.36,0.0,0.0394,0.449,0.837,9.36,0.43
3,930.929,72.864,-1.336,-0.1617,0.356,-9.59,0.45,0.0,0.0,0.449,0.837,9.36,0.528
3,931.028,72.962,-1.3386,-0.1625,0.3571,-9.69,0.42,0.0,0.0,0.448,0.837,9.36,0.627
3,931.132,73.067,-1.3417,-0.162,0.3556,-9.62,0.23,0.0,0.0,0.448,0.837,9.36,0.731
3,931.228,73.162,-1.3452,-0.1589,0.3557,-9.53,0.2,0.0,0.0,0.448,0.837,9.36,0.827
3,931.328,73.262,-1.3477,-0.1548,0.3551,-9.49,0.4,0.0,0.0,0.448,0.837,9.36,0.927
3,931.428,73.362,-1.346,-0.1566,0.355,-9.66,0.18,0.0,0.0,0.448,0.837,9.36,1.027
3,931.528,73.472,-1.3424,-0.1589,0.3553,-9.66,0.19,0.0,0.0,0.449,0.837,9.36,1.127
3,931.628,73.572,-1.3397,-0.1602,0.3554,-9.77,0.25,0.0,0.0,0.449,0.951,18.22,0.015
3,931.728,73.674,-1.3392,-0.1607,0.3553,-9.74,0.25,0.0,0.0,0.449,0.951,18.22,0.115
3,931.829,73.777,-1.3396,-0.161,0.3551,-9.71,0.22,0.0,0.0,0.448,0.951,18.22,0.216
3,931.928,73.875,-1.3401,-0.1612,0.3549,-9.69,0.2,0.0,0.0,0.449,0.951,18.22,0.315
3,932.028,73.977,-1.3403,-0.1615,0.3547,-9.7,0.19,0.0,0.0,0.448,0.951,18.22,0.415
3,932.128,74.1,-1.3405,-0.1617,0.3545,-9.64,0.18,0.0,0.0,0.448,0.951,18.22,0.515
3,932.228,74.2,-1.3406,-0.162,0.3542,-9.72,0.18,0.0,0.0,0.45,0.951,18.22,0.615
3,932.328,74.3,-1.3406,-0.1621,0.3541,-9.79,0.18,0.0,0.0,0.449,0.951,18.22,0.715
3,932.433,74.41,-1.3407,-0.1623,0.354,-9.8,0.18,0.0,0.0,0.449,0.951,18.22,0.82
3,932.534,74.512,-1.3407,-0.1622,0.3538,-9.69,0.18,0.0,0.04,0.449,0.951,18.22,0.921
3,932.628,74.607,-1.3406,-0.1622,0.3536,-9.66,0.18,0.0,0.12,0.449,0.951,18.22,1.015
3,932.728,74.707,-1.3406,-0.1622,0.3534,-9.45,0.19,0.0,0.12,0.45,0.951,18.22,1.115
3,932.828,74.808,-1.3405,-0.1619,0.353,-8.74,0.2,0.0,0.12,0.449,0.951,18.22,1.215
3,932.928,74.908,-1.3403,-0.1598,0.3521,-7.75,0.26,0.0,0.12,0.449,0.951,18.22,1.315
3,933.029,75.011,-1.342,-0.1559,0.3527,-6.91,0.46,0.0,0.08,0.449,0.951,18.22,1.416
3,933.128,75.11,-1.3421,-0.1519,0.3498,-6.8,0.49,0.0,0.0,0.45,0.951,18.22,1.515
3,933.228,75.214,-1.3404,-0.1503,0.351,-7.15,0.53,0.0,0.0,0.448,0.951,18.22,1.615
3,933.332,75.315,-1.3369,-0.1512,0.3498,-6.88,0.35,0.0,0.0,0.448,0.951,18.22,1.719
3,933.432,75.418,-1.3363,-0.1529,0.3515,-6.49,0.22,0.0,0.0,0.45,0.951,18.22,1.819
3,933.528,75.51,-1.3362,-0.1542,0.3512,-6.74,0.16,0.0,0.0,0.449,0.951,18.22,1.915
3,933.628,75.61,-1.3365,-0.1541,0.3512,-6.79,0.14,0.0,0.0,0.449,0.951,18.22,2.015
3,933.728,75.71,-1.3363,-0.1538,0.3513,-6.76,0.14,0.0,0.0,0.448,0.951,18.22,2.115
3,933.828,75.817,-1.3353,-0.1535,0.3514,-6.9,0.16,0.0,0.0,0.448,0.951,18.22,2.215
3,933.931,75.93,-1.3343,-0.1532,0.3516,-6.96,0.18,0.0,0.0,0.448,0.951,18.22,2.318
3,934.031,76.027,-1.3337,-0.1529,0.3517,-6.77,0.19,0.0,0.0,0.448,0.951,18.22,2.418
3,934.13,76.127,-1.3335,-0.1528,0.3518,-6.87,0.18,0.0,0.0,0.449,0.951,18.22,2.517
3,934.229,76.226,-1.3334,-0.1528,0.3518,-6.91,0.17,0.0,0.0,0.449,0.951,18.22,2.616
3,934.329,76.331,-1.3334,-0.1527,0.3518,-6.8,0.17,0.0,0.0,0.449,0.951,18.22,2.716
3,934.429,76.428,-1.3333,-0.1524,0.3517,-6.58,0.17,0.0,0.0,0.448,0.951,18.22,2.816
3,934.529,76.532,-1.3333,-0.1525,0.3516,-6.81,0.15,0.0,0.0,0.45,0.951,18.22,2.916
3,934.628,76.627,-1.3333,-0.1525,0.3516,-6.8,0.15,0.0,0.0,0.449,0.951,18.22,3.015
3,934.728,76.728,-1.3332,-0.1525,0.3516,-6.82,0.15,0.0,0.0,0.449,0.951,18.22,3.115
3,934.831,76.842,-1.3332,-0.1525,0.3516,-6.86,0.15,0.0,0.0,0.449,0.951,18.22,3.218
3,934.928,76.936,-1.3332,-0.1525,0.3516,-6.86,0.15,0.0,0.0,0.449,0.951,18.22,3.315
3,935.028,77.054,-1.3332,-0.1526,0.3516,-6.91,0.15,0.0,0.0,0.449,0.951,18.22,3.415
3,935.129,77.155,-1.3332,-0.1526,0.3516,-6.95,0.15,0.0,0.0,0.448,0.951,18.22,3.516
3,935.229,77.27,-1.3332,-0.1526,0.3516,-6.9,0.15,0.0,0.0,0.449,0.951,18.22,3.616
3,935.335,77.375,-1.3332,-0.1525,0.3516,-6.84,0.16,0.0,0.0,0.449,0.951,18.22,3.722
3,935.428,77.469,-1.3331,-0.1525,0.3516,-6.86,0.15,0.0,0.0,0.449,0.951,18.22,3.815
3,935.528,77.581,-1.3331,-0.1525,0.3516,-6.87,0.15,0.0,0.0,0.449,0.951,18.22,3.915
3,935.629,77.676,-1.3331,-0.1525,0.3516,-6.85,0.16,0.0,0.0,0.449,0.951,18.22,4.016
3,935.729,77.773,-1.3331,-0.1525,0.3516,-6.87,0.16,0.0,0.0,0.449,0.951,18.22,4.116
3,935.831,77.886,-1.3331,-0.1525,0.3516,-6.93,0.15,0.0,0.0,0.449,0.951,18.22,4.218
3,935.928,77.974,-1.3331,-0.1525,0.3517,-6.93,0.15,0.0,0.0,0.448,0.951,18.22,4.315
3,936.029,78.079,-1.3331,-0.1525,0.3517,-6.85,0.16,0.0,0.0,0.449,0.951,18.22,4.416
3,936.129,78.178,-1.3331,-0.1525,0.3516,-6.81,0.16,0.0,0.0,0.449,0.951,18.22,4.516
3,936.228,78.277,-1.3331,-0.1524,0.3516,-6.88,0.16,0.0,0.0,0.449,0.951,18.22,4.615
3,936.332,78.394,-1.3331,-0.1525,0.3516,-6.91,0.16,0.0,0.0,0.449,0.951,18.22,4.719
3,936.429,78.495,-1.3331,-0.1525,0.3516,-6.92,0.15,0.0,0.0,0.449,0.951,18.22,4.816
3,936.528,78.593,-1.3331,-0.1525,0.3516,-6.92,0.16,0.0,0.0,0.448,0.951,18.22,4.915
3,936.628,78.695,-1.3331,-0.1525,0.3517,-6.96,0.16,0.0,0.0,0.448,0.951,18.22,5.015
3,936.728,78.795,-1.3331,-0.1525,0.3517,-6.94,0.16,0.0,0.0,0.449,0.951,18.22,5.115
3,936.83,78.897,-1.3331,-0.1525,0.3517,-6.9,0.16,0.0,0.0,0.449,0.951,18.22,5.217
3,936.929,78.996,-1.3331,-0.1525,0.3517,-6.86,0.17,0.0,0.0,0.449,0.951,18.22,5.316
3,937.028,79.095,-1.3331,-0.1525,0.3517,-6.88,0.17,0.0,0.0,0.448,0.951,18.22,5.415
3,937.128,79.198,-1.333,-0.1524,0.3517,-6.84,0.17,0.0,0.0,0.448,0.951,18.22,5.515
3,937.228,79.303,-1.333,-0.1525,0.3517,-6.91,0.16,0.0,0.0,0.449,0.951,18.22,5.615
3,937.328,79.4,-1.333,-0.1525,0.3517,-6.89,0.16,0.0,0.0,0.448,0.951,18.22,5.715
3,937.43,79.503,-1.333,-0.1525,0.3517,-6.84,0.17,0.0,0.0,0.448,0.951,18.22,5.817
3,937.528,79.601,-1.333,-0.1525,0.3517,-6.93,0.16,0.0,0.0,0.449,0.951,18.22,5.915
3,937.631,79.708,-1.333,-0.1525,0.3517,-6.89,0.16,0.0,0.0,0.449,0.951,18.22,6.018
3,937.728,79.805,-1.333,-0.1526,0.3517,-7.02,0.16,0.0,0.0,0.448,0.951,18.22,6.115
3,937.828,79.914,-1.333,-0.1526,0.3517,-6.97,0.16,0.0,0.0,0.448,0.951,18.22,6.215
3,937.928,80.015,-1.333,-0.1526,0.3517,-6.94,0.16,0.0,0.0,0.448,0.951,18.22,6.315
3,938.028,80.117,-1.333,-0.1525,0.3517,-6.87,0.17,0.0,0.0,0.449,0.951,18.22,6.415
3,938.128,80.222,-1.333,-0.1524,0.3517,-6.78,0.17,0.0,0.0,0.448,0.834,9.23,0.054
3,938.228,80.318,-1.333,-0.1524,0.3517,-6.78,0.17,0.0,0.04,0.45,0.834,9.23,0.154
3,938.33,80.423,-1.333,-0.1524,0.3517,-6.8,0.16,0.0,0.0247,0.45,0.834,9.23,0.256
3,938.431,80.56,-1.333,-0.1525,0.3517,-6.82,0.16,0.0005,0.0422,0.45,0.834,9.23,0.357
3,938.528,80.656,-1.333,-0.1525,0.3517,-6.87,0.15,0.0001,0.0226,0.449,0.834,9.23,0.454
3,938.628,80.757,-1.333,-0.1525,0.3517,-6.88,0.15,0.0,0.0231,0.449,0.834,9.23,0.554
3,938.728,80.86,-1.333,-0.1525,0.3517,-6.9,0.15,0.0,0.0235,0.448,0.834,9.23,0.654
3,938.828,80.958,-1.333,-0.1525,0.3517,-6.89,0.15,0.0,0.0339,0.448,0.834,9.23,0.754
3,938.928,81.057,-1.333,-0.1525,0.3517,-6.89,0.15,0.0,0.0331,0.448,0.834,9.23,0.854
3,939.028,81.158,-1.333,-0.1526,0.3517,-6.9,0.15,0.0,0.0331,0.448,0.834,9.23,0.954
3,939.128,81.26,-1.333,-0.1526,0.3517,-6.91,0.15,0.0,0.0347,0.448,0.834,9.23,0.059
3,939.228,81.366,-1.333,-0.1526,0.3518,-6.92,0.15,0.0,0.0327,0.448,0.834,9.23,0.159
3,939.328,81.468,-1.333,-0.1526,0.3518,-6.91,0.15,0.0,0.032,0.448,0.834,9.23,0.259
3,939.428,81.569,-1.333,-0.1525,0.3518,-6.88,0.16,0.0,0.0312,0.448,0.834,9.23,0.359
3,939.528,81.669,-1.333,-0.1525,0.3518,-6.89,0.16,0.0,0.0345,0.448,0.834,9.23,0.459
3,939.628,81.769,-1.333,-0.1525,0.3518,-6.89,0.16,0.0002,0.0225,0.448,0.834,9.23,0.559
3,939.728,81.87,-1.333,-0.1525,0.3518,-6.83,0.16,0.0,0.0364,0.448,0.834,9.23,0.659
3,939.829,81.978,-1.333,-0.1525,0.3517,-6.88,0.16,0.0001,0.052,0.449,0.834,9.23,0.76
3,939.928,82.083,-1.3323,-0.1523,0.3507,-6.74,0.13,0.0,0.0366,0.448,0.834,9.23,0.859
3,940.028,82.19,-1.3322,-0.1524,0.3518,-6.34,0.17,0.0,0.0533,0.449,0.834,9.23,0.959
3,940.13,82.286,-1.3315,-0.1526,0.351,-6.25,0.1,0.0,0.0533,0.448,0.834,9.23,0.033
3,940.231,82.387,-1.3328,-0.1527,0.352,-6.25,0.14,0.0,0.0443,0.449,0.834,9.23,0.134
3,940.328,82.484,-1.3342,-0.1534,0.3504,-5.7,0.05,0.0,0.0328,0.449,0.834,9.23,0.231
3,940.428,82.59,-1.3351,-0.1525,0.3507,-5.24,0.1,0.0,0.0234,0.45,0.834,9.23,0.331
3,940.528,82.69,-1.3359,-0.1498,0.3499,-5.16,0.21,0.0,0.0691,0.449,0.834,9.23,0.431
3,940.628,82.796,-1.3351,-0.1479,0.3488,-5.96,0.25,0.0,0.0984,0.449,0.834,9.23,0.531
3,940.728,82.897,-1.3334,-0.1473,0.35,-5.78,0.16,0.0005,0.0184,0.449,0.834,9.23,0.631
3,940.831,83.0,-1.3314,-0.1479,0.3503,-4.65,0.2,0.0005,-0.0616,0.448,0.834,9.23,0.734
3,940.928,83.096,-1.332,-0.1491,0.3534,-3.34,0.21,0.0156,0.0184,0.448,0.834,9.23,0.831
3,941.028,83.197,-1.331,-0.1506,0.3508,-3.62,0.08,0.0273,0.0984,0.448,0.834,9.23,0.931
3,941.13,83.301,-1.3302,-0.1538,0.3534,-4.81,0.26,0.0287,0.1737,0.449,0.834,9.23,0.009
3,941.228,83.399,-1.3277,-0.1581,0.3529,-4.35,0.3,0.0,0.0937,0.449,0.834,9.23,0.107
3,941.328,83.502,-1.3236,-0.1604,0.3546,-3.69,0.45,0.0057,0.0937,0.45,0.834,9.23,0.207
3,941.428,83.602,-1.3199,-0.1625,0.3552,-3.06,0.36,0.0057,0.1377,0.449,0.834,9.23,0.307
3,941.528,83.702,-1.32,-0.162,0.3547,-2.7,0.27,0.0023,0.1233,0.449,0.834,9.23,0.407
3,941.631,83.81,-1.323,-0.1601,0.3539,-2.01,0.13,0.0015,0.15,0.449,0.834,9.23,0.51
3,941.728,83.908,-1.3254,-0.157,0.3529,-0.86,0.18,0.0,0.134,0.449,0.834,9.23,0.607
3,941.832,84.012,-1.3292,-0.151,0.3538,0.12,0.56,0.0,0.1766,0.449,0.834,9.23,0.711
3,941.929,84.112,-1.3299,-0.1464,0.3522,1.21,0.53,0.0,0.1972,0.449,0.834,9.23,0.808
3,942.028,84.211,-1.3268,-0.1444,0.3527,1.69,0.58,0.0048,0.1937,0.448,0.834,9.23,0.907
3,942.128,84.313,-1.3207,-0.1446,0.3538,2.82,0.48,0.0171,0.1615,0.448,0.834,9.23,1.007
3,942.228,84.412,-1.3175,-0.1465,0.3566,4.32,0.38,0.0542,0.1349,0.448,0.834,9.23,0.074
3,942.33,84.53,-1.3139,-0.1498,0.3541,5.05,0.1,0.0525,0.1749,0.448,0.834,9.23,0.176
3,942.428,84.632,-1.3102,-0.1536,0.3532,5.48,0.26,0.0568,0.1613,0.449,0.834,9.23,0.274
3,942.529,84.736,-1.3049,-0.1587,0.3562,6.36,0.28,0.0685,0.1296,0.448,0.834,9.23,0.375
3,942.628,84.831,-1.2972,-0.1572,0.3583,7.51,0.21,0.0435,0.0896,0.449,0.834,9.23,0.474
3,942.728,84.93,-1.2881,-0.1542,0.3585,8.21,0.19,0.0185,0.0496,0.448,0.834,9.23,0.574
3,942.828,85.031,-1.2803,-0.1502,0.3565,8.33,0.58,0.0,0.0,0.448,0.834,9.23,0.674
3,942.931,85.145,-1.2769,-0.143,0.3565,8.3,1.06,0.0,0.0,0.448,0.834,9.23,0.777
3,943.03,85.244,-1.2775,-0.1374,0.3524,8.44,0.76,0.0466,0.0163,0.448,0.834,9.23,0.876
3,943.131,85.353,-1.2826,-0.1317,0.3523,8.5,1.05,0.034,0.0318,0.457,0.834,9.23,0.977
3,943.228,85.449,-1.2839,-0.1257,0.3479,8.49,0.79,0.0199,0.0404,0.457,0.834,9.22,0.066
3,943.328,85.549,-1.279,-0.1237,0.3495,8.52,0.74,0.0199,0.0404,0.464,0.834,9.22,0.166
3,943.428,85.652,-1.2701,-0.1241,0.3493,8.85,0.5,0.045,0.0071,0.466,0.834,9.22,0.266
3,943.529,85.764,-1.2635,-0.1268,0.3518,9.15,0.31,0.07,0.0299,0.469,0.834,9.22,0.367
3,943.628,85.861,-1.2557,-0.1311,0.3482,9.14,0.21,0.074,0.0345,0.469,0.834,9.22,0.466
3,943.733,85.969,-1.2482,-0.1361,0.3477,9.12,0.47,0.0798,0.0076,0.462,0.834,9.22,0.571
3,943.828,86.064,-1.2419,-0.141,0.3493,9.15,0.55,0.0775,-0.007,0.462,0.834,9.22,0.666
3,943.928,86.167,-1.232,-0.1403,0.3504,9.44,0.43,0.0726,0.0059,0.458,0.834,9.22,0.766
3,944.028,86.264,-1.2203,-0.1371,0.3529,9.49,0.26,0.0862,0.0298,0.458,0.834,9.22,0.866
3,944.128,86.376,-1.2072,-0.1331,0.3523,9.43,0.31,0.1001,0.0216,0.461,0.834,9.22,0.966
3,944.228,86.47,-1.1959,-0.1276,0.3546,9.46,0.52,0.1169,0.023,0.464,0.738,11.31,0.034
3,944.328,86.58,-1.1854,-0.1233,0.3546,9.61,0.47,0.1143,0.0149,0.468,0.738,11.31,0.134
3,944.428,86.681,-1.1733,-0.1179,0.3571,9.95,0.52,0.1215,0.0145,0.474,0.738,11.31,0.234
3,944.535,86.79,-1.1619,-0.1149,0.3552,9.92,0.33,0.1135,0.0274,0.485,0.738,11.31,0.341
3,944.629,86.888,-1.149,-0.1141,0.3565,9.9,0.33,0.1102,0.0247,0.485,0.738,11.31,0.435
3,944.731,86.991,-1.1343,-0.1134,0.3562,9.99,0.21,0.1146,0.0023,0.487,0.738,11.31,0.537
4,944.828,87.087,-1.1209,-0.1124,0.3571,10.2,0.36,0.1228,-0.0164,0.487,nan,nan,nan
4,944.928,87.206,-1.1074,-0.1126,0.3571,10.39,0.32,0.1278,0.0087,0.49,nan,nan,nan
4,945.028,87.306,-1.0946,-0.1133,0.3574,10.12,0.42,0.1228,0.0341,0.491,nan,nan,nan
4,945.128,87.444,-1.0837,-0.1135,0.3583,10.15,0.35,0.1151,-0.0179,0.49,nan,nan,nan
4,945.228,87.543,-1.0725,-0.1102,0.3589,10.41,0.21,0.1151,-0.0179,0.49,0.171,52.43,0.067
4,945.329,87.645,-1.0611,-0.1058,0.3624,10.58,0.18,0.1089,-0.0568,0.493,0.171,52.43,0.168
4,945.428,87.751,-1.0489,-0.1035,0.3631,10.0,0.26,0.0827,0.0554,0.498,0.171,52.43,0.267
4,945.535,87.858,-1.0383,-0.1001,0.3619,10.11,0.27,0.0803,0.0554,0.5,0.171,52.43,0.374
4,945.628,87.95,-1.0289,-0.0965,0.3595,10.47,0.31,0.0803,0.0128,0.5,0.171,52.43,0.467
4,945.728,88.051,-1.0234,-0.0937,0.3592,10.69,0.34,0.0743,0.0789,0.506,0.171,52.43,0.567
4,945.828,88.153,-1.0178,-0.0921,0.3577,10.9,0.2,0.0743,0.0789,0.51,0.171,52.43,0.667
4,945.933,88.262,-1.0132,-0.0922,0.3574,11.16,0.11,0.0607,0.0725,0.514,0.171,52.43,0.772
4,946.028,88.35,-1.0071,-0.0926,0.3551,11.59,0.03,0.0398,0.0741,0.516,0.171,52.43,0.867
4,946.13,88.452,-1.0027,-0.0913,0.3553,12.13,0.14,0.0398,0.0741,0.518,0.171,52.43,0.969
4,946.228,88.55,-0.9984,-0.0891,0.3535,12.46,0.14,0.0435,0.1144,0.521,0.13,90.0,0.041
4,946.328,88.653,-0.9945,-0.0878,0.3518,12.84,0.22,0.0355,0.1319,0.525,0.13,90.0,0.141
4,946.428,88.752,-0.9911,-0.0874,0.3512,13.46,0.1,0.0315,0.1082,0.528,0.13,90.0,0.241
4,946.528,88.852,-0.9884,-0.0868,0.3506,14.28,0.2,0.0315,0.1082,0.533,0.13,90.0,0.341
4,946.629,88.959,-0.9879,-0.0851,0.3517,14.94,0.4,0.025,0.1554,0.538,0.13,90.0,0.442
4,946.728,89.058,-0.9863,-0.0829,0.3483,15.44,0.31,0.025,0.1554,0.543,0.13,90.0,0.541
4,946.828,89.159,-0.9842,-0.0822,0.349,16.06,0.28,0.0174,0.1362,0.549,0.13,90.0,0.641
4,946.928,89.258,-0.9808,-0.0829,0.3489,16.94,0.25,0.0174,0.1362,0.554,0.13,90.0,0.741
4,947.028,89.359,-0.9804,-0.0839,0.3511,17.84,0.3,0.0168,0.1744,0.559,0.13,90.0,0.841
4,947.128,89.461,-0.9804,-0.084,0.3485,18.53,0.26,0.0168,0.1744,0.565,0.13,90.0,0.941
4,947.229,89.563,-0.98,-0.0851,0.3471,19.13,0.21,0.0068,0.1778,0.569,0.13,90.0,0.032
4,947.328,89.662,-0.9791,-0.0872,0.3475,19.61,0.06,0.0,0.1359,0.573,0.13,90.0,0.131
4,947.429,89.765,-0.9781,-0.0896,0.3486,20.99,0.15,0.0031,0.1551,0.576,0.13,90.0,0.232
4,947.528,89.862,-0.9791,-0.0902,0.3505,21.91,0.34,0.0025,0.1909,0.581,0.13,90.0,0.331
4,947.629,89.965,-0.979,-0.0899,0.3483,22.68,0.2,0.0006,0.1937,0.588,0.13,90.0,0.432
4,947.728,90.069,-0.979,-0.0908,0.3491,23.61,0.17,0.0038,0.1813,0.594,0.13,90.0,0.531
4,947.828,90.169,-0.9779,-0.0921,0.3472,24.69,0.2,0.0055,0.1803,0.601,0.13,90.0,0.631
4,947.928,90.276,-0.9789,-0.0926,0.3498,25.96,0.32,0.0086,0.1939,0.609,0.13,90.0,0.731
4,948.028,90.371,-0.9796,-0.0911,0.3491,26.75,0.34,0.0038,0.1995,0.608,0.13,90.0,0.831
4,948.131,90.48,-0.9787,-0.0902,0.3496,27.28,0.35,0.0035,0.1816,0.603,0.13,90.0,0.934
4,948.229,90.574,-0.9759,-0.09,0.3504,28.36,0.27,0.0035,0.1816,0.599,0.13,90.0,0.006
4,948.328,90.674,-0.9743,-0.0902,0.3521,29.58,0.29,0.0079,0.1256,0.594,0.13,90.0,0.105
4,948.428,90.775,-0.9743,-0.0906,0.3531,30.55,0.33,0.0166,0.1949,0.589,0.13,90.0,0.205
4,948.528,90.875,-0.9728,-0.0906,0.3512,31.26,0.2,0.0091,0.2,0.585,0.13,90.0,0.305
4,948.636,90.989,-0.9715,-0.0916,0.3515,32.12,0.15,0.0142,0.16,0.578,0.13,90.0,0.413
4,948.734,91.083,-0.97,-0.0923,0.3532,33.21,0.2,0.0077,0.161,0.574,0.13,90.0,0.511
4,948.836,91.184,-0.9706,-0.0925,0.3551,34.26,0.29,0.0109,0.1896,0.57,0.13,90.0,0.613
4,948.928,91.276,-0.971,-0.0915,0.3519,35.05,0.23,0.0066,0.2,0.57,0.13,90.0,0.705
4,949.028,91.376,-0.9706,-0.0912,0.3512,35.88,0.34,0.0048,0.1829,0.566,0.13,90.0,0.805
4,949.128,91.476,-0.9691,-0.0912,0.3515,36.76,0.26,0.0047,0.1554,0.562,0.13,90.0,0.905
4,949.23,91.587,-0.9689,-0.0915,0.3528,38.01,0.3,0.0047,0.1554,0.558,0.13,90.0,1.007
4,949.33,91.683,-0.9705,-0.0923,0.3527,38.83,0.35,0.0101,0.1911,0.553,0.13,90.0,0.06
4,949.428,91.782,-0.9702,-0.0925,0.3485,39.43,0.31,0.0022,0.1886,0.55,0.13,90.0,0.158
4,949.529,91.885,-0.9689,-0.0936,0.349,40.24,0.2,0.0046,0.1624,0.548,0.13,90.0,0.259
4,949.629,91.981,-0.9668,-0.0945,0.3514,41.18,0.22,0.0049,0.1562,0.546,0.13,90.0,0.359
4,949.728,92.081,-0.9665,-0.0956,0.3536,42.23,0.26,0.0095,0.1914,0.543,0.13,90.0,0.458
4,949.828,92.181,-0.9657,-0.0954,0.3502,43.08,0.13,0.0053,0.1989,0.54,0.13,90.0,0.558
4,949.928,92.281,-0.9651,-0.0959,0.3501,43.93,0.22,0.0063,0.1864,0.537,0.13,90.0,0.658
4,950.028,92.381,-0.964,-0.0967,0.3505,44.97,0.18,0.0078,0.1737,0.534,0.13,90.0,0.758
4,950.128,92.481,-0.9642,-0.0965,0.3522,46.13,0.28,0.0072,0.19,0.531,0.13,90.0,0.858
4,950.228,92.583,-0.9661,-0.0962,0.3526,47.09,0.39,0.0082,0.198,0.527,0.13,90.0,0.958
4,950.328,92.685,-0.9658,-0.095,0.3504,47.85,0.34,0.0043,0.1954,0.523,0.13,90.0,0.015
4,950.428,92.783,-0.9649,-0.0941,0.3508,48.79,0.31,0.0091,0.1741,0.52,0.13,90.0,0.115
4,950.528,92.881,-0.9635,-0.0938,0.3516,49.9,0.32,0.0115,0.1758,0.516,0.13,90.0,0.215
4,950.63,92.996,-0.9638,-0.095,0.3538,51.0,0.34,0.0165,0.1948,0.512,0.13,90.0,0.317
4,950.728,93.1,-0.9635,-0.095,0.3453,51.8,0.22,0.0094,0.2,0.509,0.13,90.0,0.415
4,950.828,93.206,-0.9634,-0.095,0.3454,52.72,0.38,0.0061,0.1854,0.506,0.13,90.0,0.515
4,950.93,93.313,-0.9619,-0.0944,0.3463,53.79,0.34,0.0068,0.1825,0.504,0.13,90.0,0.617
4,951.032,93.416,-0.9623,-0.0954,0.3497,54.96,0.36,0.011,0.1992,0.5,0.13,90.0,0.719
4,951.131,93.512,-0.9634,-0.096,0.3485,55.89,0.36,0.011,0.1992,0.497,0.13,90.0,0.818
4,951.232,93.622,-0.9623,-0.0958,0.348,56.75,0.3,0.007,0.2,0.495,0.13,90.0,0.919
4,951.328,93.72,-0.9598,-0.0956,0.3509,57.57,0.22,0.0122,0.1919,0.493,0.13,90.0,0.022
4,951.428,93.828,-0.9583,-0.0946,0.3535,58.93,0.29,0.02,0.1974,0.491,0.13,90.0,0.122
4,951.529,93.932,-0.9578,-0.0944,0.3545,59.99,0.27,0.0171,0.1996,0.486,0.13,90.0,0.223
4,951.628,94.03,-0.9559,-0.0929,0.3513,60.88,0.23,0.0171,0.1996,0.483,0.13,90.0,0.322
4,951.728,94.131,-0.9545,-0.0923,0.352,61.78,0.22,0.019,0.1774,0.479,0.13,90.0,0.422
4,951.828,94.236,-0.9532,-0.0913,0.3531,62.83,0.25,0.0183,0.1784,0.477,0.13,90.0,0.522
4,951.928,94.337,-0.9535,-0.0916,0.3555,63.94,0.32,0.0163,0.1724,0.473,0.13,90.0,0.622
4,952.028,94.448,-0.9534,-0.0909,0.3545,64.71,0.18,0.0146,0.193,0.471,0.13,90.0,0.722
4,952.128,94.569,-0.9522,-0.0907,0.3547,65.56,0.2,0.0147,0.1663,0.469,0.13,90.0,0.822
4,952.228,94.669,-0.9502,-0.0893,0.3494,66.57,0.19,0.0134,0.1693,0.467,0.13,90.0,0.922
4,952.328,94.781,-0.9493,-0.089,0.3514,67.75,0.24,0.0195,0.1818,0.463,0.13,90.0,0.034
4,952.428,94.881,-0.9482,-0.0868,0.3476,68.51,0.09,0.0195,0.1818,0.461,0.13,90.0,0.134
4,952.528,94.981,-0.9476,-0.0854,0.3482,69.3,0.22,0.0177,0.1981,0.457,0.13,90.0,0.234
4,952.628,95.083,-0.947,-0.0836,0.349,70.33,0.2,0.0184,0.1786,0.455,0.13,90.0,0.334
4,952.729,95.187,-0.948,-0.0822,0.3515,71.54,0.3,0.0194,0.1595,0.451,0.13,90.0,0.435
4,952.828,95.284,-0.9504,-0.0816,0.3521,72.44,0.4,0.0207,0.1936,0.448,0.13,90.0,0.534
4,952.928,95.383,-0.9509,-0.0793,0.3499,73.11,0.4,0.015,0.1745,0.448,0.13,90.0,0.634
4,953.029,95.489,-0.9504,-0.0765,0.3508,74.03,0.36,0.0178,0.1594,0.448,0.13,90.0,0.735
4,953.128,95.585,-0.9491,-0.074,0.3515,75.1,0.33,0.0207,0.1687,0.448,0.13,90.0,0.834
4,953.228,95.684,-0.9484,-0.0744,0.354,76.1,0.33,0.0236,0.194,0.448,0.13,90.0,0.934
4,953.328,95.787,-0.9472,-0.074,0.352,76.87,0.16,0.0163,0.1955,0.448,0.13,90.0,0.012
4,953.428,95.894,-0.9449,-0.0739,0.3524,77.74,0.11,0.0177,0.1751,0.448,0.13,90.0,0.112
4,953.528,95.994,-0.9416,-0.0732,0.3496,78.78,0.05,0.0164,0.1783,0.448,0.13,90.0,0.212
4,953.633,96.099,-0.9401,-0.0717,0.351,79.88,0.2,0.015,0.1871,0.448,0.13,90.0,0.317
4,953.728,96.196,-0.9397,-0.069,0.3514,80.8,0.13,0.018,0.1988,0.448,0.13,90.0,0.412
4,953.828,96.296,-0.9397,-0.0663,0.3505,81.6,0.17,0.0198,0.1872,0.448,0.13,90.0,0.512
4,953.928,96.407,-0.9405,-0.0649,0.3509,82.58,0.16,0.0251,0.175,0.448,0.13,90.0,0.612
4,954.028,96.497,-0.9423,-0.063,0.3514,83.73,0.25,0.0222,0.1795,0.448,0.13,90.0,0.712
4,954.128,96.599,-0.9457,-0.0632,0.3536,84.74,0.47,0.025,0.1962,0.448,0.13,90.0,0.812
4,954.228,96.697,-0.948,-0.0618,0.3522,85.5,0.41,0.025,0.1962,0.449,0.13,90.0,0.912
4,954.329,96.803,-0.9481,-0.0586,0.353,86.35,0.4,0.0177,0.1672,0.448,0.13,90.0,0.007
4,954.428,96.904,-0.9474,-0.0544,0.3533,87.38,0.36,0.0244,0.1609,0.448,0.13,90.0,0.106
4,954.53,97.007,-0.9465,-0.0528,0.3554,88.43,0.35,0.0315,0.188,0.448,0.13,90.0,0.208
4,954.628,97.1,-0.9452,-0.0518,0.3547,89.27,0.23,0.0295,0.1969,0.448,0.13,90.0,0.306
4,954.728,97.2,-0.9426,-0.0495,0.3535,90.05,0.13,0.0218,0.1946,0.448,0.13,90.0,0.406
4,954.828,97.303,-0.9392,-0.0482,0.3532,91.04,0.1,0.0233,0.1695,0.448,0.13,90.0,0.506
4,954.928,97.403,-0.9382,-0.0455,0.3532,92.23,0.15,0.0188,0.1819,0.448,0.13,90.0,0.606
4,955.028,97.544,-0.9387,-0.0429,0.3539,93.24,0.11,0.0229,0.1956,0.448,0.13,90.0,0.706
4,955.128,97.645,-0.9392,-0.0405,0.347,93.91,0.19,0.022,0.2,0.448,0.13,90.0,0.806
4,955.228,97.744,-0.9419,-0.0404,0.3485,94.89,0.33,0.0163,0.1825,0.449,0.13,90.0,0.906
4,955.332,97.85,-0.9458,-0.0408,0.3507,96.22,0.45,0.0163,0.1825,0.448,0.03,90.0,0.023
4,955.428,97.948,-0.9503,-0.0455,0.3527,97.34,0.79,0.0126,0.1248,0.448,0.03,90.0,0.119
4,955.528,98.052,-0.955,-0.05,0.3469,98.02,0.76,0.0015,0.1695,0.448,0.03,90.0,0.219
4,955.628,98.154,-0.9564,-0.0495,0.3472,98.64,0.64,0.0015,0.1695,0.448,0.03,90.0,0.319
4,955.728,98.252,-0.9555,-0.0456,0.3494,99.56,0.51,0.0011,0.1252,0.448,0.03,90.0,0.419
4,955.83,98.354,-0.9534,-0.0438,0.3522,100.47,0.38,0.0118,0.1249,0.448,0.03,90.0,0.521
4,955.928,98.453,-0.9504,-0.0419,0.351,101.11,0.15,0.023,0.1803,0.448,0.03,90.0,0.619
4,956.028,98.553,-0.9465,-0.0392,0.3501,101.79,0.17,0.0194,0.1829,0.448,0.03,90.0,0.719
4,956.129,98.666,-0.9418,-0.0383,0.3501,102.67,0.3,0.0218,0.1545,0.448,0.03,90.0,0.82
4,956.228,98.759,-0.9404,-0.0362,0.3501,103.63,0.23,0.021,0.1445,0.448,0.03,90.0,0.919
4,956.328,98.872,-0.9418,-0.0334,0.352,104.47,0.07,0.02,0.1684,0.448,0.03,90.0,0.021
4,956.428,98.973,-0.9443,-0.0299,0.3478,105.09,0.18,0.02,0.1684,0.448,0.03,90.0,0.121
4,956.528,99.073,-0.9477,-0.0289,0.3489,105.83,0.25,0.0235,0.1613,0.448,0.03,90.0,0.221
4,956.628,99.176,-0.952,-0.0279,0.3507,106.75,0.32,0.0249,0.1427,0.448,0.03,90.0,0.321
4,956.728,99.272,-0.9563,-0.0301,0.3537,107.7,0.58,0.022,0.1465,0.448,0.03,90.0,0.421
4,956.828,99.373,-0.9602,-0.0331,0.3517,108.42,0.62,0.0232,0.1768,0.448,0.03,90.0,0.521
4,956.933,99.478,-0.9617,-0.0316,0.3515,109.15,0.55,0.012,0.1807,0.449,0.03,90.0,0.626
4,957.028,99.577,-0.9619,-0.0272,0.3526,110.06,0.4,0.0171,0.15,0.448,0.03,90.0,0.721
4,957.128,99.68,-0.9608,-0.0238,0.3545,111.36,0.37,0.0171,0.15,0.448,0.03,90.0,0.821
4,957.231,99.785,-0.9584,-0.0212,0.355,112.16,0.2,0.0304,0.1474,0.448,0.03,90.0,0.924
4,957.328,99.884,-0.9558,-0.0171,0.3527,112.68,0.2,0.0248,0.154,0.448,0.03,90.0,1.021
4,957.429,99.987,-0.952,-0.0157,0.3531,113.26,0.33,0.0242,0.114,0.449,0.03,90.0,0.076
4,957.529,100.092,-0.9514,-0.0143,0.3528,114.05,0.17,0.0144,0.1159,0.448,0.03,90.0,0.176
4,957.628,100.183,-0.9535,-0.0138,0.3548,115.08,0.1,0.0165,0.1346,0.448,0.03,90.0,0.275
4,957.728,100.283,-0.9571,-0.0128,0.353,115.41,0.18,0.0165,0.1346,0.448,0.03,90.0,0.375
4,957.828,100.383,-0.9602,-0.0118,0.3531,115.94,0.37,0.0177,0.1311,0.449,0.03,90.0,0.475
4,957.928,100.508,-0.9633,-0.0097,0.354,116.26,0.36,0.0209,0.0611,0.448,0.03,90.0,0.575
4,958.028,100.614,-0.9655,-0.0092,0.3555,116.78,0.41,0.0233,0.0326,0.448,0.03,90.0,0.675
4,958.132,100.719,-0.966,-0.0096,0.3593,118.0,0.22,0.0247,0.0559,0.448,0.03,90.0,0.779
4,958.228,100.815,-0.9641,-0.0074,0.3596,117.66,0.04,0.0122,0.0959,0.448,0.03,90.0,0.875
4,958.328,100.915,-0.9609,-0.0047,0.3593,117.39,0.19,0.0157,0.0959,0.449,0.03,90.0,0.975
4,958.428,101.023,-0.9605,-0.0017,0.3587,119.0,0.23,0.0107,0.0536,0.448,0.03,90.0,0.065
4,958.528,101.117,-0.9616,0.0008,0.3591,119.45,0.19,0.0178,0.0536,0.448,0.03,90.0,0.165
4,958.628,101.223,-0.9637,0.0034,0.3572,119.55,0.19,0.0198,0.1336,0.448,0.03,90.0,0.265
4,958.729,101.319,-0.9654,0.0039,0.357,119.97,0.21,0.0256,0.1181,0.448,0.03,90.0,0.366
4,958.828,101.418,-0.9684,0.0048,0.3564,120.32,0.21,0.0184,0.0624,0.449,0.03,90.0,0.465
4,958.928,101.525,-0.9714,0.0034,0.3575,120.96,0.38,0.0147,0.0195,0.448,0.03,90.0,0.565
4,959.029,101.629,-0.9742,0.0017,0.3534,121.44,0.35,0.0123,0.0283,0.448,0.03,90.0,0.666
4,959.128,101.728,-0.9758,0.0016,0.3527,121.33,0.46,0.0048,0.1404,0.448,0.03,90.0,0.765
4,959.228,101.829,-0.9767,0.0036,0.3539,121.68,0.36,0.0081,0.1004,0.448,0.03,90.0,0.865
4,959.328,101.93,-0.9768,0.0042,0.3549,122.62,0.34,0.0116,0.0548,0.449,0.03,90.0,0.965
4,959.428,102.029,-0.976,0.0032,0.3546,123.19,0.31,0.0135,0.1348,0.448,0.03,90.0,0.045
4,959.528,102.129,-0.9748,0.004,0.3525,123.12,0.09,0.0072,0.1401,0.449,0.03,90.0,0.145
4,959.629,102.233,-0.9717,0.0054,0.3525,123.81,0.18,0.0089,0.0627,0.448,0.03,90.0,0.246
4,959.728,102.329,-0.9703,0.0077,0.3523,124.52,0.15,0.0059,0.1097,0.448,0.03,90.0,0.345
4,959.828,102.43,-0.9708,0.0092,0.3541,125.33,0.16,0.0055,0.1048,0.448,0.03,90.0,0.445
4,959.928,102.529,-0.9729,0.0113,0.352,125.66,0.06,0.0091,0.1445,0.449,0.03,90.0,0.545
4,960.029,102.632,-0.9741,0.0117,0.3525,126.08,0.16,0.0134,0.0795,0.448,0.03,90.0,0.646
4,960.13,102.736,-0.9754,0.0123,0.3524,126.76,0.1,0.0158,0.0537,0.449,0.03,90.0,0.747
4,960.228,102.83,-0.9779,0.0116,0.3536,127.58,0.23,0.0116,0.0763,0.448,0.03,90.0,0.845
4,960.328,102.934,-0.9801,0.0089,0.3539,128.13,0.4,0.0134,0.116,0.448,0.03,90.0,0.945
4,960.428,103.034,-0.9819,0.0085,0.3523,128.3,0.36,0.0071,0.1023,0.448,0.03,90.0,1.045
4,960.528,103.135,-0.9828,0.0101,0.353,128.52,0.26,0.0071,0.0931,0.449,0.03,90.0,0.088
4,960.628,103.235,-0.9841,0.0124,0.354,129.52,0.25,0.0082,0.0582,0.448,0.03,90.0,0.188
4,960.737,103.346,-0.9836,0.013,0.3559,130.28,0.26,0.0142,0.0533,0.448,0.03,90.0,0.297
4,960.828,103.439,-0.9835,0.0141,0.354,130.11,0.11,0.0152,0.1333,0.448,0.03,90.0,0.388
4,960.929,103.542,-0.9821,0.0154,0.3543,130.18,0.15,0.0105,0.0533,0.448,0.03,90.0,0.489
4,961.028,103.643,-0.9806,0.0173,0.3534,130.87,0.15,0.0087,0.0409,0.448,0.03,90.0,0.588
4,961.128,103.747,-0.9814,0.0186,0.3539,131.37,0.17,0.0039,0.0317,0.449,0.03,90.0,0.688
4,961.23,103.854,-0.9832,0.0193,0.3515,131.54,0.04,0.0077,0.0684,0.448,0.03,90.0,0.79
4,961.328,103.951,-0.9848,0.0194,0.349,131.64,0.22,0.0092,0.074,0.448,0.03,90.0,0.888
4,961.428,104.056,-0.986,0.019,0.3498,131.95,0.22,0.0126,0.0321,0.448,0.03,90.0,0.988
4,961.529,104.164,-0.9882,0.0183,0.3503,132.44,0.27,0.0102,0.0708,0.448,0.03,90.0,0.066
4,961.628,104.257,-0.9895,0.0153,0.3518,132.79,0.49,0.0102,0.0708,0.449,0.03,90.0,0.165
4,961.728,104.363,-0.9911,0.0134,0.3491,132.97,0.41,0.0055,0.1147,0.448,0.03,90.0,0.265
4,961.828,104.463,-0.9919,0.0139,0.3501,133.36,0.3,0.0018,0.0672,0.448,0.03,90.0,0.365
4,961.929,104.564,-0.9928,0.0158,0.3522,133.83,0.28,0.0019,0.0746,0.448,0.03,90.0,0.466
4,962.028,104.663,-0.9923,0.0162,0.3541,134.42,0.25,0.0062,0.0664,0.448,0.03,90.0,0.565
4,962.128,104.764,-0.9916,0.0166,0.3524,134.76,0.13,0.0124,0.1112,0.448,0.03,90.0,0.665
4,962.228,104.871,-0.9899,0.018,0.3519,135.12,0.1,0.0088,0.1078,0.448,0.03,90.0,0.765
4,962.328,104.977,-0.9871,0.0196,0.3521,135.62,0.19,0.0038,0.0817,0.448,0.03,90.0,0.865
4,962.428,105.067,-0.9876,0.0204,0.3523,136.32,0.11,0.0038,0.0817,0.448,0.03,90.0,0.965
4,962.528,105.167,-0.9891,0.0198,0.3533,136.84,0.11,0.0016,0.0672,0.449,0.03,90.0,0.034
4,962.628,105.267,-0.9911,0.0197,0.3522,137.07,0.17,0.0041,0.0986,0.448,0.03,90.0,0.134
4,962.728,105.37,-0.9923,0.0195,0.3529,137.46,0.18,0.0046,0.0909,0.448,0.03,90.0,0.234
4,962.828,105.471,-0.9936,0.02,0.3522,137.99,0.15,0.0072,0.0707,0.448,0.03,90.0,0.334
4,962.929,105.576,-0.9941,0.0188,0.3538,138.57,0.22,0.01,0.0986,0.448,0.03,90.0,0.435
4,963.028,105.673,-0.995,0.0176,0.3531,138.94,0.21,0.01,0.0986,0.448,0.03,90.0,0.534
4,963.128,105.773,-0.9951,0.0181,0.3533,139.25,0.17,0.0032,0.0818,0.448,0.03,90.0,0.634
4,963.232,105.879,-0.9949,0.0195,0.3537,139.76,0.11,0.0041,0.0749,0.448,0.03,90.0,0.738
4,963.328,105.976,-0.9956,0.0199,0.3543,140.43,0.18,0.0041,0.0749,0.448,0.03,90.0,0.834
4,963.428,106.076,-0.9958,0.0192,0.3547,140.88,0.2,0.0048,0.0935,0.448,0.03,90.0,0.934
4,963.528,106.176,-0.9961,0.0197,0.3533,141.1,0.12,0.0041,0.1123,0.448,0.03,90.0,0.012
4,963.628,106.276,-0.9951,0.0205,0.3532,141.61,0.06,0.0008,0.102,0.448,0.03,90.0,0.112
4,963.728,106.394,-0.9951,0.0212,0.3526,142.3,0.07,0.0036,0.0801,0.448,0.03,90.0,0.212
4,963.828,106.495,-0.9952,0.0204,0.3539,142.87,0.14,0.0062,0.1,0.448,0.03,90.0,0.312
4,963.929,106.591,-0.9959,0.02,0.3556,143.26,0.07,0.0014,0.1111,0.448,0.03,90.0,0.413
4,964.029,106.691,-0.9956,0.0207,0.356,143.59,0.09,0.0046,0.0711,0.449,0.03,90.0,0.513
4,964.128,106.789,-0.9954,0.0219,0.3541,144.15,0.03,0.0035,0.0693,0.449,0.03,90.0,0.612
4,964.228,106.89,-0.9962,0.0218,0.3544,144.72,0.13,0.0027,0.0741,0.45,0.03,90.0,0.712
4,964.328,106.994,-0.9972,0.0205,0.3539,145.09,0.17,0.0034,0.0954,0.453,0.03,90.0,0.812
4,964.428,107.101,-0.9984,0.02,0.3527,145.31,0.22,0.0034,0.0954,0.455,0.03,90.0,0.912
4,964.528,107.205,-0.9991,0.0203,0.3517,145.77,0.14,0.0041,0.0671,0.457,0.03,90.0,0.008
4,964.639,107.319,-1.0001,0.0208,0.3494,146.31,0.18,0.0045,0.0804,0.46,0.03,90.0,0.119
4,964.728,107.407,-1.0,0.0201,0.3507,146.81,0.2,0.0065,0.0955,0.46,0.03,90.0,0.208
4,964.829,107.51,-1.0007,0.0202,0.351,147.05,0.12,0.0013,0.1042,0.463,0.03,90.0,0.309
4,964.928,107.608,-1.0002,0.0212,0.3522,147.42,0.06,0.0044,0.0726,0.464,0.03,90.0,0.408
4,965.028,107.708,-1.0004,0.0224,0.3517,148.03,0.06,0.003,0.0719,0.465,0.03,90.0,0.508
4,965.128,107.808,-1.0008,0.0221,0.3534,148.64,0.14,0.0028,0.0835,0.466,0.03,90.0,0.608
4,965.228,107.92,-1.0016,0.0211,0.3526,148.95,0.14,0.0022,0.1085,0.469,0.03,90.0,0.708
4,965.328,108.024,-1.0019,0.0207,0.3525,149.26,0.17,0.0007,0.0793,0.472,0.03,90.0,0.808
4,965.43,108.127,-1.0018,0.0208,0.3537,149.7,0.13,0.0006,0.0721,0.473,0.03,90.0,0.91
4,965.53,108.228,-1.0022,0.0197,0.3543,150.36,0.19,0.0005,0.09,0.475,0.03,90.0,1.01
4,965.628,108.326,-1.0014,0.017,0.3543,150.81,0.3,0.003,0.1054,0.479,0.03,90.0,0.075
4,965.728,108.424,-1.0015,0.0161,0.3523,151.13,0.21,0.003,0.1054,0.483,0.03,90.0,0.175
5,965.828,108.527,-1.0009,0.017,0.3525,151.56,0.05,0.0,0.0254,0.486,0.512,174.29,0.006
5,965.928,108.629,-1.0016,0.0185,0.3517,151.87,0.1,0.0,0.0,0.488,0.512,174.29,0.106
5,966.028,108.766,-1.0015,0.0188,0.3527,152.02,0.1,0.0117,0.0404,0.488,0.512,174.29,0.206
5,966.128,108.866,-1.0028,0.0195,0.3367,152.04,0.23,0.0144,0.0653,0.488,0.512,174.29,0.306
5,966.228,108.971,-1.0037,0.017,0.3377,152.23,0.28,0.0178,0.0562,0.488,0.512,174.29,0.406
5,966.328,109.07,-1.0072,0.0141,0.3424,152.68,0.52,0.0219,0.0668,0.49,0.512,174.29,0.506
5,966.432,109.179,-1.0103,0.0082,0.3472,153.25,0.85,0.0219,0.0668,0.501,0.512,174.29,0.61
5,966.528,109.274,-1.0137,0.0014,0.3437,153.47,0.72,0.0314,0.1109,0.501,0.512,174.29,0.706
5,966.628,109.378,-1.0193,-0.0002,0.3449,153.77,0.81,0.0277,0.1104,0.509,0.512,174.29,0.806
5,966.728,109.478,-1.0275,0.0022,0.3478,154.34,0.65,0.0413,0.0666,0.513,0.512,174.29,0.906
5,966.828,109.58,-1.0325,0.0056,0.351,154.93,0.49,0.0644,0.0635,0.514,0.512,174.29,0.028
5,966.928,109.68,-1.0345,0.0103,0.3526,155.26,0.23,0.0648,0.0928,0.514,0.512,174.29,0.128
5,967.03,109.783,-1.0378,0.0179,0.3516,155.51,0.3,0.0566,0.0782,0.512,0.512,174.29,0.23
5,967.128,109.881,-1.0382,0.025,0.3535,155.87,0.57,0.0618,0.0473,0.507,0.512,174.29,0.328
5,967.228,109.981,-1.0425,0.0284,0.354,156.44,0.38,0.0618,0.0473,0.502,0.512,174.29,0.428
5,967.328,110.08,-1.0501,0.0295,0.3564,156.74,0.25,0.0587,0.0971,0.501,0.512,174.29,0.528
5,967.428,110.182,-1.0597,0.0306,0.3555,157.15,0.19,0.0587,0.0971,0.5,0.512,174.29,0.628
5,967.528,110.281,-1.0684,0.0311,0.3566,157.41,0.45,0.0649,0.0818,0.501,0.512,174.29,0.728
5,967.628,110.39,-1.0781,0.0314,0.357,157.88,0.44,0.0755,0.0644,0.501,0.512,174.29,0.828
5,967.728,110.49,-1.0862,0.031,0.3583,158.49,0.51,0.081,0.0465,0.503,0.512,174.29,0.928
5,967.83,110.6,-1.0916,0.0308,0.3592,158.87,0.44,0.0787,0.0717,0.509,0.412,172.87,0.021
5,967.932,110.695,-1.0977,0.0347,0.3584,158.95,0.24,0.0673,0.0645,0.509,0.412,172.87,0.123
5,968.028,110.791,-1.1035,0.0399,0.3581,159.24,0.18,0.068,0.0518,0.506,0.412,172.87,0.219
5,968.13,110.896,-1.1119,0.0439,0.3569,159.67,0.23,0.0679,0.0583,0.503,0.412,172.87,0.321
5,968.228,110.999,-1.1192,0.0472,0.3578,160.03,0.25,0.0767,0.0669,0.501,0.412,172.87,0.419
5,968.328,111.108,-1.1275,0.0513,0.3534,160.2,0.26,0.0761,0.0596,0.5,0.412,172.87,0.519
5,968.428,111.202,-1.1332,0.0541,0.3541,160.4,0.29,0.0796,0.0525,0.497,0.412,172.87,0.619
5,968.528,111.304,-1.1402,0.0559,0.3544,160.78,0.09,0.0699,0.0512,0.495,0.412,172.87,0.719
5,968.628,111.407,-1.148,0.0548,0.3561,161.28,0.26,0.0658,0.0341,0.494,0.412,172.87,0.819
5,968.728,111.505,-1.156,0.0531,0.3546,161.48,0.37,0.0649,0.0673,0.497,0.412,172.87,0.919
5,968.828,111.605,-1.1646,0.0535,0.3538,161.58,0.54,0.0614,0.0655,0.5,0.412,172.87,1.019
5,968.928,111.705,-1.1743,0.0553,0.3544,161.91,0.51,0.0686,0.0458,0.5,0.352,-170.54,0.077
5,969.028,111.804,-1.1827,0.0573,0.3547,162.41,0.42,0.0745,0.061,0.5,0.352,-170.54,0.177
5,969.128,111.907,-1.1875,0.0595,0.3557,162.75,0.3,0.0838,0.0782,0.501,0.352,-170.54,0.277
5,969.228,112.012,-1.1936,0.0635,0.3523,163.0,0.11,0.0683,0.0805,0.501,0.352,-170.54,0.377
5,969.328,112.112,-1.1976,0.068,0.3532,163.29,0.31,0.0679,0.0774,0.499,0.352,-170.54,0.477
5,969.434,112.218,-1.2035,0.0712,0.353,163.76,0.14,0.058,0.0696,0.495,0.352,-170.54,0.583
5,969.528,112.311,-1.2105,0.0716,0.355,164.32,0.16,0.0565,0.075,0.495,0.352,-170.54,0.677
5,969.628,112.411,-1.2188,0.0714,0.3536,164.62,0.15,0.0604,0.1022,0.497,0.352,-170.54,0.777
5,969.728,112.514,-1.2263,0.0721,0.3536,164.9,0.32,0.061,0.0908,0.498,0.352,-170.54,0.877
5,969.828,112.615,-1.2343,0.0732,0.3539,165.3,0.25,0.0638,0.0682,0.499,0.352,-170.54,0.977
5,969.928,112.715,-1.2418,0.0738,0.3544,165.95,0.29,0.0658,0.0638,0.5,0.352,-170.54,0.056
5,970.028,112.815,-1.2471,0.0738,0.3555,166.38,0.3,0.0408,0.0238,0.503,0.352,-170.54,0.156
5,970.128,112.924,-1.2521,0.0743,0.3541,166.41,0.33,0.0,0.0,0.505,0.352,-170.54,0.256
6,970.228,113.017,-1.2543,0.0741,0.3547,166.32,0.39,0.0,0.0,0.505,0.829,-8.44,0.039
6,970.328,113.117,-1.2545,0.0742,0.3531,166.46,0.25,0.0,0.0,0.504,0.829,-8.44,0.139
6,970.428,113.217,-1.2498,0.0735,0.3532,166.63,0.18,0.0052,-0.0132,0.505,0.829,-8.44,0.239
6,970.528,113.317,-1.2459,0.071,0.351,166.55,0.2,0.0012,-0.0005,0.507,0.829,-8.44,0.339
6,970.628,113.417,-1.2418,0.0707,0.3502,166.35,0.05,0.0007,-0.013,0.509,0.829,-8.44,0.439
6,970.728,113.521,-1.2379,0.0732,0.3497,166.25,0.3,0.0,-0.0366,0.509,0.829,-8.44,0.539
6,970.829,113.626,-1.2367,0.0738,0.349,166.3,0.16,0.0,-0.05,0.507,0.829,-8.44,0.64
6,970.929,113.723,-1.237,0.072,0.3495,166.12,0.16,0.0,-0.0412,0.506,0.829,-8.44,0.74
6,971.028,113.821,-1.2388,0.0712,0.3496,165.58,0.09,0.0,-0.0412,0.506,0.829,-8.44,0.839
6,971.128,113.923,-1.2404,0.0716,0.3513,165.22,0.14,0.0003,-0.0601,0.504,0.829,-8.44,0.939
6,971.228,114.024,-1.2423,0.0728,0.3507,165.03,0.05,0.0027,-0.0872,0.502,0.733,-11.31,0.002
6,971.328,114.125,-1.2422,0.0731,0.3516,164.73,0.08,0.0045,-0.0808,0.5,0.733,-11.31,0.102
6,971.428,114.226,-1.2425,0.0731,0.3509,164.26,0.02,0.0057,-0.0671,0.498,0.733,-11.31,0.202
6,971.528,114.332,-1.2414,0.0741,0.3521,163.67,0.11,0.0015,-0.0984,0.496,0.733,-11.31,0.302
6,971.628,114.43,-1.2398,0.0763,0.3508,163.3,0.22,0.0,-0.1118,0.492,0.733,-11.31,0.402
6,971.728,114.559,-1.2395,0.0769,0.3503,162.99,0.18,0.0,-0.104,0.489,0.733,-11.31,0.502
6,971.83,114.661,-1.241,0.0762,0.3446,162.44,0.13,0.0,-0.0874,0.486,0.733,-11.31,0.604
6,971.928,114.759,-1.242,0.0736,0.3421,161.8,0.22,0.0,-0.0957,0.484,0.733,-11.31,0.702
6,972.028,114.859,-1.244,0.071,0.3448,161.27,0.25,0.0,-0.1202,0.482,0.733,-11.31,0.802
6,972.128,114.965,-1.2457,0.0683,0.3459,161.06,0.43,0.0004,-0.126,0.482,0.733,-11.31,0.902
6,972.23,115.065,-1.2451,0.0636,0.3478,160.45,0.69,0.0036,-0.086,0.483,0.733,-11.31,0.012
6,972.333,115.167,-1.2454,0.0609,0.3472,159.71,0.43,0.0006,-0.097,0.483,0.733,-11.31,0.115
6,972.428,115.268,-1.2464,0.0621,0.3499,159.05,0.21,0.0003,-0.0977,0.484,0.733,-11.31,0.21
6,972.53,115.364,-1.2478,0.0654,0.3496,158.66,0.07,0.0004,-0.1172,0.48,0.733,-11.31,0.312
6,972.628,115.462,-1.2477,0.0685,0.351,158.23,0.23,0.0047,-0.1024,0.475,0.733,-11.31,0.41
6,972.728,115.563,-1.2481,0.0714,0.3511,157.56,0.23,0.0037,-0.0968,0.471,0.733,-11.31,0.51
6,972.828,115.664,-1.2465,0.0738,0.3527,156.84,0.33,0.0037,-0.0968,0.465,0.733,-11.31,0.61
6,972.929,115.772,-1.2428,0.0755,0.3518,156.33,0.44,0.0008,-0.1417,0.459,0.733,-11.31,0.711
6,973.028,115.867,-1.2417,0.0758,0.3499,155.83,0.34,0.0,-0.1245,0.455,0.733,-11.31,0.81
6,973.128,115.979,-1.2431,0.0739,0.3502,155.16,0.07,0.0,-0.1169,0.452,0.733,-11.31,0.91
6,973.23,116.083,-1.2456,0.0719,0.3502,154.31,0.15,0.0,-0.1255,0.449,0.733,-11.31,1.012
6,973.331,116.19,-1.2477,0.0701,0.3519,153.63,0.21,0.0033,-0.1494,0.448,0.733,-11.31,0.087
6,973.43,116.285,-1.2501,0.0692,0.352,153.1,0.13,0.0021,-0.1534,0.448,0.733,-11.31,0.186
6,973.528,116.388,-1.2502,0.0668,0.3528,152.43,0.2,0.0015,-0.1343,0.448,0.733,-11.31,0.284
6,973.63,116.488,-1.2505,0.0647,0.3494,151.55,0.12,0.0001,-0.1242,0.448,0.733,-11.31,0.386
6,973.73,116.588,-1.2497,0.0641,0.3508,150.67,0.15,0.0,-0.137,0.448,0.733,-11.31,0.486
6,973.828,116.692,-1.2494,0.066,0.3484,150.04,0.01,0.0,-0.1408,0.448,0.733,-11.31,0.584
6,973.928,116.792,-1.2489,0.0674,0.3483,149.54,0.11,0.0,-0.165,0.448,0.733,-11.31,0.684
6,974.028,116.893,-1.2493,0.0682,0.3487,148.78,0.04,0.0005,-0.1216,0.448,0.733,-11.31,0.784
6,974.128,116.995,-1.2496,0.0698,0.35,147.95,0.15,0.0001,-0.1282,0.448,0.733,-11.31,0.884
6,974.228,117.095,-1.2482,0.0711,0.3515,147.27,0.24,0.0016,-0.1673,0.448,0.733,-11.31,0.984
6,974.33,117.199,-1.248,0.0721,0.3501,146.62,0.2,0.0002,-0.1617,0.448,0.733,-11.31,0.055
6,974.43,117.299,-1.2485,0.0717,0.3509,145.97,0.09,0.0001,-0.1545,0.449,0.733,-11.31,0.155
6,974.528,117.398,-1.2499,0.0712,0.3511,145.1,0.15,0.0,-0.1134,0.448,0.733,-11.31,0.253
6,974.63,117.499,-1.2497,0.0701,0.353,144.3,0.17,0.0006,-0.1391,0.448,0.733,-11.31,0.355
6,974.728,117.596,-1.2495,0.0697,0.3516,143.6,0.07,0.0001,-0.1474,0.448,0.733,-11.31,0.453
6,974.828,117.698,-1.2496,0.0686,0.3512,143.07,0.06,0.0001,-0.1321,0.448,0.733,-11.31,0.553
6,974.928,117.798,-1.2499,0.066,0.3519,142.4,0.07,0.0,-0.1321,0.448,0.733,-11.31,0.653
6,975.028,117.909,-1.2499,0.0657,0.3527,141.44,0.1,0.0,-0.1139,0.448,0.733,-11.31,0.753
6,975.13,118.01,-1.249,0.0665,0.3528,140.73,0.11,0.0,-0.1365,0.448,0.733,-11.31,0.855
6,975.228,118.105,-1.2494,0.0678,0.3489,140.2,0.13,0.0,-0.1729,0.448,0.733,-11.31,0.953
6,975.328,118.208,-1.2499,0.0684,0.3498,139.47,0.09,0.0,-0.1014,0.448,0.832,-9.47,0.014
6,975.428,118.309,-1.2509,0.0696,0.3513,138.7,0.16,0.0005,-0.1028,0.448,0.832,-9.47,0.114
6,975.528,118.404,-1.2502,0.0699,0.3537,137.94,0.19,0.0004,-0.1205,0.448,0.832,-9.47,0.214
6,975.628,118.511,-1.2497,0.0701,0.3518,137.46,0.15,0.0003,-0.1633,0.449,0.832,-9.47,0.314
6,975.728,118.604,-1.25,0.0691,0.3521,136.95,0.11,0.0,-0.1421,0.448,0.832,-9.47,0.414
6,975.828,118.723,-1.251,0.0673,0.3523,136.08,0.04,0.0,-0.0987,0.448,0.832,-9.47,0.514
6,975.928,118.823,-1.2511,0.0663,0.3537,135.2,0.15,0.0,-0.1355,0.449,0.832,-9.47,0.614
6,976.033,118.93,-1.2505,0.0655,0.3555,134.47,0.07,0.0,-0.1221,0.448,0.832,-9.47,0.719
6,976.128,119.024,-1.2515,0.0641,0.355,134.05,0.1,0.0,-0.1221,0.448,0.832,-9.47,0.814
6,976.229,119.126,-1.2521,0.061,0.3548,133.54,0.22,0.0,-0.1117,0.449,0.832,-9.47,0.915
6,976.328,119.224,-1.2521,0.0602,0.3542,132.76,0.08,0.0,-0.0983,0.449,0.832,-9.47,1.014
6,976.428,119.329,-1.2508,0.0606,0.3551,132.15,0.12,0.0,-0.1456,0.448,0.832,-9.47,0.099
6,976.529,119.428,-1.2501,0.0624,0.3532,131.67,0.14,0.0,-0.1456,0.449,0.832,-9.47,0.2
6,976.628,119.531,-1.25,0.0635,0.3538,131.17,0.14,0.0003,-0.1212,0.448,0.832,-9.47,0.299
6,976.728,119.663,-1.2512,0.0649,0.3511,130.4,0.18,0.0001,-0.1195,0.448,0.832,-9.47,0.399
6,976.83,119.766,-1.2509,0.0641,0.3527,129.6,0.22,0.0021,-0.1394,0.448,0.832,-9.47,0.501
6,976.931,119.882,-1.2513,0.0625,0.3582,128.85,0.11,0.0021,-0.1394,0.448,0.832,-9.47,0.602
6,977.03,119.973,-1.2523,0.0588,0.3585,128.4,0.31,0.0002,-0.1801,0.449,0.832,-9.47,0.701
6,977.132,120.077,-1.2535,0.0542,0.3543,127.49,0.28,0.0,-0.112,0.45,0.832,-9.47,0.803
6,977.228,120.174,-1.2535,0.0521,0.3541,126.56,0.23,0.0,-0.1613,0.449,0.832,-9.47,0.899
6,977.328,120.273,-1.2525,0.0531,0.3548,125.78,0.07,0.0,-0.1609,0.448,0.832,-9.47,0.01
6,977.428,120.374,-1.2525,0.0551,0.3541,125.16,0.12,0.0,-0.1597,0.448,0.832,-9.47,0.11
6,977.528,120.474,-1.2523,0.0567,0.3537,124.37,0.13,0.0014,-0.1381,0.448,0.832,-9.47,0.21
6,977.628,120.608,-1.2519,0.0592,0.3535,123.41,0.21,0.0007,-0.1334,0.449,0.832,-9.47,0.31
6,977.729,120.731,-1.2504,0.0597,0.3539,122.63,0.16,0.0006,-0.1703,0.448,0.832,-9.47,0.411
6,977.828,120.833,-1.25,0.0601,0.3524,122.05,0.22,0.0002,-0.1599,0.45,0.832,-9.47,0.51
6,977.928,120.938,-1.2503,0.06,0.3524,121.23,0.14,0.0002,-0.1599,0.448,0.832,-9.47,0.61
6,978.028,121.041,-1.2503,0.0596,0.3528,120.19,0.21,0.0,-0.1376,0.449,0.832,-9.47,0.71
6,978.129,121.147,-1.2491,0.0581,0.3535,119.4,0.25,0.0,-0.1665,0.448,0.832,-9.47,0.811
6,978.228,121.244,-1.2493,0.0576,0.3509,118.9,0.13,0.0,-0.1475,0.449,0.832,-9.47,0.91
6,978.328,121.343,-1.2509,0.056,0.3514,118.22,0.06,0.0,-0.1255,0.449,0.832,-9.47,0.039
6,978.428,121.45,-1.2531,0.0554,0.3511,117.39,0.05,0.0,-0.1342,0.449,0.832,-9.47,0.139
6,978.53,121.565,-1.2542,0.0552,0.3532,116.53,0.18,0.0011,-0.1525,0.449,0.832,-9.47,0.241
6,978.628,121.654,-1.2556,0.0565,0.3478,115.96,0.07,0.0005,-0.1578,0.449,0.832,-9.47,0.339
6,978.729,121.758,-1.2558,0.0568,0.3478,115.29,0.12,0.0005,-0.1578,0.449,0.832,-9.47,0.44
6,978.828,121.857,-1.2557,0.0572,0.3484,114.41,0.07,0.0051,-0.1407,0.449,0.832,-9.47,0.539
6,978.934,121.963,-1.2541,0.0579,0.3506,113.39,0.19,0.0012,-0.1223,0.448,0.832,-9.47,0.645
6,979.028,122.057,-1.2511,0.0577,0.3511,112.7,0.3,0.0,-0.1623,0.448,0.832,-9.47,0.739
6,979.128,122.164,-1.2498,0.0584,0.3491,112.14,0.32,0.0,-0.1413,0.448,0.832,-9.47,0.839
6,979.229,122.261,-1.2504,0.059,0.35,111.45,0.18,0.0,-0.1286,0.448,0.832,-9.47,0.94
6,979.328,122.38,-1.2521,0.0599,0.3508,110.6,0.23,0.0011,-0.133,0.448,0.832,-9.47,0.028
6,979.428,122.484,-1.2538,0.0583,0.3532,109.79,0.19,0.0029,-0.1659,0.449,0.832,-9.47,0.128
6,979.528,122.584,-1.256,0.0569,0.3534,109.18,0.09,0.0006,-0.1584,0.448,0.832,-9.47,0.228
6,979.628,122.684,-1.2585,0.0532,0.3538,108.43,0.26,0.0002,-0.1388,0.449,0.832,-9.47,0.328
6,979.728,122.784,-1.2598,0.0499,0.3528,107.6,0.1,0.0002,-0.1388,0.449,0.832,-9.47,0.428
6,979.828,122.884,-1.2582,0.0489,0.3542,106.63,0.08,0.0,-0.1322,0.449,0.832,-9.47,0.528
6,979.929,122.992,-1.2553,0.0497,0.3535,106.07,0.19,0.0,-0.1578,0.45,0.832,-9.47,0.629
6,980.035,123.101,-1.2541,0.0519,0.3533,105.61,0.25,0.0006,-0.1357,0.448,0.832,-9.47,0.735
6,980.136,123.198,-1.2539,0.0545,0.3539,104.92,0.21,0.0057,-0.1104,0.448,0.832,-9.47,0.836
6,980.228,123.294,-1.2535,0.0569,0.3548,104.06,0.25,0.0079,-0.1117,0.448,0.832,-9.47,0.928
6,980.328,123.4,-1.2533,0.0565,0.3555,103.38,0.21,0.0127,-0.1473,0.448,0.832,-9.47,0.002
6,980.428,123.494,-1.2546,0.0568,0.3533,102.79,0.12,0.0067,-0.1483,0.448,0.832,-9.47,0.102
6,980.528,123.598,-1.2568,0.0555,0.3534,102.04,0.1,0.0041,-0.145,0.448,0.832,-9.47,0.202
6,980.628,123.699,-1.259,0.0548,0.3515,101.14,0.09,0.0019,-0.1338,0.449,0.832,-9.47,0.302
6,980.73,123.802,-1.2598,0.054,0.3533,100.21,0.19,0.0,-0.1325,0.449,0.832,-9.47,0.404
6,980.828,123.9,-1.2597,0.0544,0.3515,99.64,0.06,0.0004,-0.1576,0.449,0.832,-9.47,0.502
6,980.928,124.0,-1.2599,0.054,0.3517,99.08,0.13,0.0,-0.1633,0.449,0.832,-9.47,0.602
6,981.028,124.1,-1.2605,0.0531,0.3519,98.21,0.07,0.0017,-0.1255,0.45,0.832,-9.47,0.702
6,981.128,124.202,-1.2593,0.053,0.353,97.26,0.12,0.0007,-0.1442,0.449,0.832,-9.47,0.802
6,981.229,124.308,-1.257,0.0524,0.3538,96.49,0.22,0.0017,-0.1657,0.449,0.832,-9.47,0.903
6,981.328,124.402,-1.2561,0.0534,0.3523,95.93,0.21,0.0014,-0.1744,0.448,0.832,-9.47,1.002
6,981.429,124.508,-1.2562,0.0541,0.3527,95.1,0.12,0.0032,-0.1393,0.449,0.832,-9.47,0.066
6,981.528,124.603,-1.2561,0.0556,0.3534,94.17,0.17,0.0038,-0.1384,0.45,0.832,-9.47,0.165
6,981.634,124.709,-1.2559,0.0549,0.3552,93.27,0.21,0.0065,-0.1152,0.449,0.832,-9.47,0.271
6,981.728,124.806,-1.2561,0.0545,0.3533,92.74,0.11,0.0052,-0.1513,0.449,0.832,-9.47,0.365
6,981.828,124.904,-1.2578,0.0538,0.3533,92.22,0.08,0.0018,-0.1436,0.448,0.832,-9.47,0.465
6,981.928,125.004,-1.2603,0.0529,0.353,91.5,0.09,0.0038,-0.0921,0.449,0.832,-9.47,0.565
6,982.028,125.104,-1.2611,0.0529,0.3536,90.66,0.14,0.0009,-0.1258,0.448,0.832,-9.47,0.665
6,982.131,125.208,-1.2607,0.053,0.3539,90.04,0.12,0.0027,-0.1619,0.449,0.832,-9.47,0.768
6,982.228,125.312,-1.2606,0.0538,0.3525,89.51,0.11,0.0029,-0.158,0.449,0.832,-9.47,0.865
6,982.328,125.412,-1.2611,0.0535,0.3529,88.72,0.1,0.0031,-0.1401,0.448,0.832,-9.47,0.965
6,982.429,125.514,-1.2603,0.0541,0.3533,87.76,0.14,0.0032,-0.1368,0.449,0.832,-9.47,0.037
6,982.532,125.622,-1.2589,0.053,0.3551,86.9,0.21,0.0038,-0.1179,0.449,0.832,-9.47,0.14
6,982.628,125.719,-1.2574,0.0527,0.3521,86.37,0.2,0.0047,-0.1493,0.449,0.832,-9.47,0.236
6,982.728,125.823,-1.2575,0.0531,0.3525,85.85,0.15,0.0025,-0.1321,0.449,0.832,-9.47,0.336
6,982.828,125.922,-1.2583,0.0543,0.3535,85.17,0.16,0.0065,-0.1111,0.45,0.832,-9.47,0.436
6,982.928,126.023,-1.2586,0.0547,0.3551,84.35,0.22,0.0097,-0.1123,0.448,0.832,-9.47,0.536
6,983.029,126.129,-1.2588,0.0549,0.3533,83.76,0.11,0.0117,-0.1447,0.449,0.832,-9.47,0.637
6,983.128,126.225,-1.2605,0.0564,0.3514,83.21,0.1,0.0072,-0.1406,0.448,0.832,-9.47,0.736
6,983.229,126.329,-1.2632,0.0569,0.3524,82.6,0.2,0.0105,-0.1172,0.448,0.832,-9.47,0.837
6,983.328,126.43,-1.2637,0.059,0.3532,81.72,0.14,0.0118,-0.1095,0.449,0.832,-9.47,0.936
6,983.428,126.534,-1.2635,0.0607,0.3547,81.03,0.18,0.0155,-0.1383,0.449,0.832,-9.47,0.009
6,983.528,126.629,-1.2632,0.0632,0.353,80.59,0.13,0.0155,-0.1383,0.448,0.832,-9.47,0.109
6,983.628,126.729,-1.2637,0.0642,0.3538,80.08,0.15,0.021,-0.1055,0.449,0.832,-9.47,0.209
6,983.728,126.829,-1.2638,0.0658,0.3528,79.35,0.06,0.0184,-0.1158,0.449,0.832,-9.47,0.309
6,983.832,126.933,-1.2624,0.0669,0.3544,78.55,0.17,0.0184,-0.1158,0.449,0.832,-9.47,0.413
6,983.928,127.033,-1.2603,0.0681,0.3534,77.96,0.14,0.0175,-0.1435,0.448,0.832,-9.47,0.509
6,984.028,127.133,-1.2594,0.0703,0.3527,77.44,0.18,0.0175,-0.1435,0.449,0.832,-9.47,0.609
6,984.129,127.234,-1.2591,0.0725,0.3532,76.75,0.15,0.0201,-0.1164,0.449,0.832,-9.47,0.71
6,984.231,127.338,-1.2581,0.075,0.3538,75.85,0.21,0.0201,-0.1164,0.449,0.832,-9.47,0.812
6,984.328,127.434,-1.2578,0.0756,0.355,75.11,0.19,0.0204,-0.1264,0.45,0.832,-9.47,0.909
6,984.429,127.543,-1.2581,0.0776,0.3526,74.76,0.09,0.017,-0.1338,0.449,0.832,-9.47,1.01
6,984.528,127.638,-1.26,0.0788,0.3534,74.22,0.14,0.0172,-0.1216,0.448,0.832,-9.47,0.068
6,984.628,127.744,-1.2618,0.081,0.3519,73.39,0.11,0.0131,-0.1431,0.448,0.832,-9.47,0.168
6,984.728,127.845,-1.2624,0.0827,0.3539,72.44,0.24,0.0184,-0.1365,0.448,0.832,-9.47,0.268
6,984.828,127.945,-1.2622,0.0848,0.3535,71.92,0.15,0.0184,-0.1365,0.45,0.832,-9.47,0.368
6,984.931,128.049,-1.2628,0.0857,0.3541,71.71,0.23,0.0237,-0.138,0.449,0.832,-9.47,0.471
6,985.028,128.146,-1.264,0.0861,0.3535,70.91,0.2,0.0172,-0.0941,0.448,0.832,-9.47,0.568
6,985.128,128.247,-1.2622,0.0872,0.354,69.66,0.12,0.0123,-0.1098,0.448,0.832,-9.47,0.668
6,985.231,128.352,-1.2591,0.0876,0.3549,68.85,0.18,0.0123,-0.1098,0.45,0.832,-9.47,0.771
6,985.329,128.451,-1.2562,0.0893,0.3535,69.13,0.29,0.0147,-0.1864,0.45,0.832,-9.47,0.869
6,985.43,128.553,-1.2542,0.0911,0.354,68.4,0.23,0.0238,-0.112,0.449,0.832,-9.47,0.97
6,985.529,128.651,-1.2526,0.0938,0.3546,67.19,0.26,0.026,-0.112,0.449,0.832,-9.47,0.043
6,985.628,128.748,-1.252,0.0946,0.3566,66.43,0.28,0.031,-0.1622,0.449,0.832,-9.47,0.142
6,985.728,128.848,-1.2515,0.0962,0.3546,65.93,0.13,0.0243,-0.165,0.449,0.832,-9.47,0.242
6,985.828,128.955,-1.2528,0.0993,0.3545,65.46,0.13,0.0243,-0.165,0.449,0.832,-9.47,0.342
6,985.928,129.058,-1.2546,0.1031,0.3534,64.57,0.17,0.0228,-0.1017,0.448,0.832,-9.47,0.442
6,986.028,129.158,-1.2545,0.1073,0.3542,63.54,0.33,0.0233,-0.1103,0.449,0.832,-9.47,0.542
6,986.134,129.265,-1.2539,0.1116,0.3543,63.1,0.28,0.0309,-0.1503,0.449,0.832,-9.47,0.648
6,986.228,129.363,-1.2532,0.1146,0.3528,62.6,0.25,0.0344,-0.1324,0.449,0.832,-9.47,0.742
6,986.33,129.464,-1.2537,0.1154,0.3529,61.81,0.31,0.0301,-0.0856,0.448,0.832,-9.47,0.844
6,986.428,129.562,-1.2519,0.1172,0.3507,61.19,0.12,0.0205,-0.1256,0.449,0.832,-9.47,0.942
6,986.528,129.662,-1.2491,0.1177,0.3528,60.27,0.12,0.0237,-0.1495,0.448,0.832,-9.47,0.008
6,986.628,129.769,-1.2454,0.1187,0.3514,59.99,0.15,0.0237,-0.1495,0.449,0.832,-9.47,0.108
6,986.728,129.895,-1.243,0.1202,0.3526,59.63,0.2,0.0269,-0.0593,0.449,0.832,-9.47,0.208
6,986.828,129.989,-1.2408,0.1233,0.3501,58.89,0.23,0.0259,-0.0668,0.45,0.832,-9.47,0.308
6,986.928,130.087,-1.2404,0.1245,0.3522,57.99,0.23,0.0259,-0.0668,0.449,0.832,-9.47,0.408
6,987.029,130.185,-1.2402,0.1256,0.3518,57.47,0.07,0.0305,-0.1503,0.449,0.832,-9.47,0.509
6,987.128,130.284,-1.2414,0.1279,0.352,57.31,0.18,0.0231,-0.126,0.449,0.832,-9.47,0.608
6,987.23,130.39,-1.2442,0.1304,0.3519,56.72,0.35,0.0202,-0.086,0.449,0.832,-9.47,0.71
6,987.328,130.504,-1.2438,0.1337,0.3519,55.51,0.29,0.0145,-0.0646,0.449,0.832,-9.47,0.808
6,987.428,130.604,-1.2412,0.137,0.3526,55.01,0.17,0.0226,-0.1446,0.45,0.832,-9.47,0.908
6,987.528,130.709,-1.2381,0.14,0.3502,54.52,0.18,0.0257,-0.1598,0.452,0.733,-11.31,0.003
6,987.63,130.808,-1.2355,0.1408,0.3513,53.88,0.13,0.0343,-0.1397,0.449,0.733,-11.31,0.105
6,987.728,130.904,-1.2317,0.1419,0.3521,52.97,0.15,0.0298,-0.1018,0.448,0.733,-11.31,0.203
6,987.829,131.011,-1.2284,0.1409,0.3544,52.31,0.32,0.0312,-0.1119,0.45,0.733,-11.31,0.304
6,987.932,131.113,-1.2248,0.1408,0.3526,51.91,0.35,0.0274,-0.1054,0.45,0.733,-11.31,0.407
6,988.029,131.211,-1.2223,0.1439,0.3534,51.6,0.3,0.025,-0.1434,0.45,0.733,-11.31,0.504
6,988.129,131.311,-1.22,0.1489,0.3542,51.03,0.21,0.0288,-0.0929,0.45,0.733,-11.31,0.604
6,988.228,131.411,-1.2188,0.1531,0.3557,50.17,0.29,0.0343,-0.1104,0.45,0.733,-11.31,0.703
6,988.33,131.514,-1.2188,0.1572,0.3555,49.63,0.18,0.0424,-0.1689,0.449,0.733,-11.31,0.805
6,988.428,131.611,-1.2194,0.1614,0.3537,49.05,0.3,0.0379,-0.1785,0.449,0.733,-11.31,0.903
6,988.528,131.721,-1.2222,0.1644,0.3536,48.25,0.41,0.0392,-0.127,0.449,0.733,-11.31,1.003
6,988.628,131.823,-1.221,0.1677,0.3526,47.23,0.23,0.0302,-0.1331,0.448,0.76,-21.8,0.086
6,988.728,131.921,-1.2171,0.1702,0.3547,46.08,0.24,0.0248,-0.1032,0.45,0.76,-21.8,0.186
6,988.828,132.019,-1.2116,0.1725,0.3539,45.77,0.15,0.0305,-0.1551,0.448,0.76,-21.8,0.286
6,988.931,132.124,-1.2071,0.1733,0.3547,45.34,0.29,0.0392,-0.1456,1.003,0.76,-21.8,0.389
6,989.031,132.224,-1.202,0.1748,0.3529,44.48,0.25,0.0408,-0.1539,1.003,0.76,-21.8,0.489
6,989.13,132.325,-1.1984,0.1748,0.3544,43.39,0.32,0.0436,-0.1448,0.998,0.76,-21.8,0.588
6,989.228,132.42,-1.1956,0.1739,0.3536,42.61,0.32,0.0436,-0.1448,0.994,0.76,-21.8,0.686
6,989.328,132.529,-1.1933,0.1765,0.3522,41.97,0.24,0.0354,-0.1446,0.992,0.76,-21.8,0.786
6,989.428,132.633,-1.1918,0.1811,0.3523,41.28,0.09,0.0368,-0.1689,0.99,0.76,-21.8,0.886
6,989.528,132.735,-1.1893,0.1859,0.3523,40.2,0.21,0.0368,-0.1689,1.005,0.76,-21.8,0.986
6,989.628,132.835,-1.1874,0.1903,0.354,39.18,0.3,0.044,-0.1894,1.001,0.76,-21.8,0.05
6,989.728,132.94,-1.185,0.1946,0.3526,38.54,0.22,0.0466,-0.1612,1.016,0.76,-21.8,0.15
6,989.832,133.04,-1.1849,0.1977,0.3534,37.75,0.37,0.0466,-0.1612,1.017,0.76,-21.8,0.254
6,989.928,133.135,-1.1828,0.201,0.352,36.8,0.17,0.0442,-0.1405,1.027,0.76,-21.8,0.35
6,990.029,133.237,-1.1776,0.2027,0.3543,35.83,0.22,0.0416,-0.1687,1.018,0.76,-21.8,0.451
6,990.131,133.34,-1.1704,0.2042,0.3533,35.17,0.06,0.0416,-0.1687,1.015,0.76,-21.8,0.553
6,990.229,133.437,-1.1638,0.2058,0.3532,34.54,0.28,0.054,-0.1448,1.009,0.76,-21.8,0.651
6,990.33,133.54,-1.1571,0.207,0.3535,33.76,0.3,0.054,-0.1448,0.999,0.76,-21.8,0.752
6,990.428,133.639,-1.1509,0.208,0.3543,32.78,0.36,0.057,-0.1139,0.997,0.76,-21.8,0.85
6,990.528,133.744,-1.1475,0.2078,0.3556,32.06,0.34,0.0491,-0.148,0.992,0.76,-21.8,0.95
6,990.628,133.844,-1.1432,0.2105,0.3499,31.58,0.26,0.041,-0.1279,0.999,0.643,-11.31,0.036
6,990.73,133.95,-1.1397,0.2151,0.351,30.96,0.1,0.0443,-0.1131,0.986,0.643,-11.31,0.138
6,990.828,134.045,-1.1352,0.2201,0.3521,30.22,0.17,0.0488,-0.1134,0.994,0.643,-11.31,0.236
6,990.932,134.15,-1.1321,0.2243,0.3546,29.44,0.29,0.0552,-0.1407,0.985,0.643,-11.31,0.34
6,991.028,134.259,-1.1276,0.2295,0.352,28.91,0.22,0.0552,-0.1407,0.985,0.643,-11.31,0.436
6,991.128,134.35,-1.1252,0.2345,0.3524,28.37,0.4,0.0582,-0.1209,0.984,0.643,-11.31,0.536
6,991.228,134.452,-1.1232,0.2394,0.3517,27.65,0.41,0.0491,-0.1152,0.983,0.643,-11.31,0.636
6,991.328,134.574,-1.1173,0.2425,0.3528,26.76,0.36,0.0488,-0.1241,0.981,0.643,-11.31,0.736
6,991.428,134.677,-1.109,0.2452,0.3492,26.21,0.21,0.0545,-0.1469,0.977,0.643,-11.31,0.836
6,991.529,134.781,-1.1009,0.2458,0.3448,25.68,0.34,0.0579,-0.1367,0.977,0.643,-11.31,0.937
6,991.628,134.883,-1.092,0.2441,0.3469,24.96,0.49,0.0624,-0.1211,0.973,0.676,-21.8,0.015
6,991.728,134.979,-1.0849,0.2418,0.349,24.01,0.7,0.0624,-0.1211,0.964,0.676,-21.8,0.115
6,991.828,135.08,-1.082,0.2377,0.3519,23.27,0.94,0.0631,-0.1581,0.956,0.676,-21.8,0.215
6,991.928,135.179,-1.0778,0.2371,0.3487,22.72,0.57,0.0441,-0.1477,0.945,0.676,-21.8,0.315
6,992.028,135.281,-1.0723,0.242,0.3508,22.09,0.19,0.0432,-0.1188,0.937,0.676,-21.8,0.415
6,992.128,135.379,-1.0654,0.2488,0.3512,21.29,0.16,0.0535,-0.1124,0.934,0.676,-21.8,0.515
6,992.228,135.479,-1.0598,0.2555,0.354,20.48,0.46,0.0647,-0.094,0.933,0.676,-21.8,0.615
6,992.328,135.6,-1.0525,0.263,0.3529,19.99,0.44,0.0672,-0.1284,0.931,0.676,-21.8,0.715
6,992.429,135.708,-1.0485,0.2677,0.3532,19.59,0.55,0.0727,-0.1254,0.934,0.676,-21.8,0.816
6,992.528,135.808,-1.0459,0.2698,0.3554,19.03,0.35,0.0662,-0.1104,0.935,0.676,-21.8,0.915
6,992.632,135.913,-1.0404,0.2683,0.357,18.18,0.07,0.0504,-0.1164,0.935,0.767,-26.93,0.017
6,992.728,136.009,-1.0345,0.2651,0.3565,17.56,0.22,0.048,-0.1462,0.928,0.767,-26.93,0.113
6,992.828,136.11,-1.0272,0.2642,0.3531,17.08,0.38,0.0453,-0.146,0.921,0.767,-26.93,0.213
6,992.928,136.239,-1.0195,0.2642,0.353,16.41,0.37,0.0562,-0.1066,0.915,0.767,-26.93,0.313
6,993.028,136.341,-1.0127,0.2648,0.3522,15.64,0.38,0.0635,-0.112,0.911,0.767,-26.93,0.413
6,993.128,136.442,-1.0088,0.2654,0.3535,15.03,0.3,0.0601,-0.1264,0.906,0.767,-26.93,0.513
6,993.229,136.544,-1.0038,0.2683,0.3524,14.63,0.08,0.055,-0.1062,0.902,0.767,-26.93,0.614
6,993.33,136.646,-0.9998,0.2737,0.3534,14.1,0.32,0.0561,-0.0928,0.9,0.767,-26.93,0.715
6,993.43,136.748,-0.9937,0.279,0.3522,13.46,0.24,0.0542,-0.107,0.901,0.767,-26.93,0.815
6,993.528,136.846,-0.9867,0.2828,0.3544,12.76,0.46,0.0542,-0.107,0.902,0.767,-26.93,0.913
6,993.628,136.946,-0.9776,0.2861,0.3533,12.32,0.35,0.0605,-0.1366,0.901,0.669,-26.57,0.016
6,993.728,137.046,-0.9721,0.2871,0.3538,11.81,0.3,0.0584,-0.1196,0.901,0.669,-26.57,0.116
6,993.828,137.147,-0.9677,0.2869,0.3529,11.05,0.17,0.048,-0.1176,0.9,0.669,-26.57,0.216
6,993.928,137.261,-0.963,0.2845,0.3533,10.22,0.14,0.0446,-0.1262,0.896,0.669,-26.57,0.316
6,994.029,137.372,-0.9592,0.2807,0.3528,9.57,0.24,0.0422,-0.1401,0.89,0.669,-26.57,0.417
6,994.128,137.462,-0.9542,0.2785,0.3499,9.07,0.37,0.0395,-0.1262,0.883,0.669,-26.57,0.516
6,994.233,137.57,-0.9487,0.2777,0.3509,8.49,0.37,0.0437,-0.1052,0.877,0.669,-26.57,0.621
6,994.328,137.662,-0.9427,0.2778,0.3522,7.69,0.36,0.0437,-0.1052,0.872,0.669,-26.57,0.716
6,994.428,137.774,-0.9396,0.2779,0.3543,7.02,0.3,0.0484,-0.1051,0.868,0.669,-26.57,0.816
6,994.528,137.874,-0.9347,0.2789,0.3461,6.59,0.14,0.0474,-0.1243,0.605,0.669,-26.57,0.916
6,994.628,137.977,-0.9299,0.2815,0.3472,6.11,0.1,0.0512,-0.0938,0.572,0.57,-34.99,0.01
6,994.728,138.078,-0.9228,0.2847,0.3478,5.47,0.08,0.049,-0.0896,0.515,0.57,-34.99,0.11
6,994.83,138.186,-0.9164,0.2868,0.351,4.77,0.24,0.0597,-0.1068,0.481,0.57,-34.99,0.212
6,994.931,138.288,-0.9079,0.2886,0.3482,4.37,0.14,0.0621,-0.127,0.486,0.57,-34.99,0.313
6,995.028,138.397,-0.9006,0.2902,0.3478,3.9,0.21,0.0693,-0.1089,0.477,0.57,-34.99,0.41
6,995.128,138.494,-0.8939,0.2911,0.3498,3.32,0.13,0.0717,-0.0809,0.468,0.57,-34.99,0.51
6,995.228,138.61,-0.8866,0.2899,0.352,2.57,0.2,0.066,-0.0886,0.462,0.57,-34.99,0.61
6,995.328,138.698,-0.88,0.2878,0.3538,2.12,0.28,0.0696,-0.1077,0.45,0.57,-34.99,0.71
6,995.433,138.803,-0.8714,0.2869,0.3489,1.83,0.25,0.0653,-0.1065,0.527,0.57,-34.99,0.815
6,995.53,138.905,-0.8633,0.2865,0.351,1.41,0.22,0.0725,-0.0688,0.527,0.57,-34.99,0.912
6,995.629,139.003,-0.8543,0.2857,0.3526,0.82,0.29,0.0711,-0.0648,0.584,0.57,-34.99,1.011
6,995.731,139.105,-0.8485,0.2852,0.3555,0.3,0.28,0.0774,-0.0861,0.653,0.572,-34.99,0.098
6,995.829,139.205,-0.8411,0.2851,0.3536,-0.01,0.14,0.0691,-0.0926,0.752,0.572,-34.99,0.196
6,995.928,139.302,-0.8334,0.2877,0.3545,-0.32,0.16,0.0658,-0.0734,0.792,0.572,-34.99,0.295
6,996.03,139.41,-0.8255,0.2906,0.3548,-0.76,0.21,0.0702,-0.0561,0.83,0.572,-34.99,0.397
6,996.128,139.503,-0.8175,0.2916,0.3558,-1.34,0.32,0.0685,-0.0648,0.83,0.572,-34.99,0.495
6,996.229,139.606,-0.8089,0.2922,0.356,-1.68,0.24,0.0724,-0.0841,0.828,0.572,-34.99,0.596
6,996.328,139.703,-0.8001,0.2928,0.3548,-1.85,0.29,0.0685,-0.0737,0.826,0.572,-34.99,0.695
6,996.428,139.805,-0.7943,0.293,0.3552,-2.25,0.24,0.0774,-0.0407,0.825,0.572,-34.99,0.795
6,996.528,139.904,-0.7879,0.2914,0.3544,-2.69,0.1,0.0694,-0.0362,0.824,0.572,-34.99,0.895
6,996.628,140.004,-0.7829,0.2883,0.3559,-3.05,0.25,0.0656,-0.0371,0.821,0.572,-34.99,0.995
6,996.728,140.106,-0.7765,0.2848,0.3535,-3.15,0.26,0.0599,-0.0573,0.816,0.478,-43.03,0.046
6,996.828,140.208,-0.7691,0.2838,0.3542,-3.21,0.3,0.0564,-0.0325,0.812,0.478,-43.03,0.146
6,996.928,140.309,-0.7601,0.2838,0.3527,-3.5,0.2,0.0607,-0.0098,0.811,0.478,-43.03,0.246
6,997.029,140.411,-0.7527,0.2836,0.3532,-3.83,0.26,0.0644,-0.0175,0.809,0.478,-43.03,0.347
6,997.128,140.509,-0.7456,0.2835,0.3532,-3.9,0.12,0.0644,-0.0175,0.806,0.478,-43.03,0.446
6,997.23,140.624,-0.7385,0.2842,0.3525,-3.84,0.21,0.0694,-0.0003,0.805,0.478,-43.03,0.548
6,997.328,140.724,-0.7328,0.2859,0.3531,-3.92,0.35,0.0694,-0.0003,0.805,0.478,-43.03,0.646
6,997.429,140.824,-0.725,0.2858,0.3514,-4.09,0.26,0.061,0.0127,0.805,0.478,-43.03,0.747
6,997.529,140.929,-0.7174,0.2846,0.3529,-4.13,0.21,0.0612,-0.0043,0.805,0.478,-43.03,0.847
6,997.628,141.023,-0.7086,0.2829,0.3525,-3.95,0.15,0.0612,-0.0043,0.804,0.478,-43.03,0.946
6,997.728,141.134,-0.7026,0.2815,0.3542,-3.83,0.17,0.0692,0.0202,0.804,0.396,-54.46,0.028
6,997.828,141.255,-0.6952,0.2799,0.3479,-3.93,0.15,0.0577,0.0186,0.803,0.396,-54.46,0.128
6,997.93,141.359,-0.6895,0.2782,0.3486,-3.98,0.2,0.065,0.0153,0.802,0.396,-54.46,0.23
6,998.028,141.455,-0.6837,0.2774,0.3543,-3.97,0.12,0.0571,-0.0038,0.8,0.396,-54.46,0.328
6,998.129,141.565,-0.6789,0.2788,0.3565,-3.6,0.29,0.0597,0.0362,0.797,0.396,-54.46,0.429
6,998.228,141.663,-0.6735,0.2808,0.3532,-3.57,0.3,0.0526,0.059,0.8,0.396,-54.46,0.528
6,998.328,141.763,-0.6664,0.2801,0.3522,-3.46,0.33,0.0519,0.0265,0.802,0.396,-54.46,0.628
6,998.428,141.873,-0.6581,0.2776,0.3532,-3.23,0.15,0.0568,0.0181,0.803,0.396,-54.46,0.728
6,998.528,141.976,-0.6509,0.2749,0.3539,-2.9,0.22,0.0657,0.0368,0.803,0.396,-54.46,0.828
6,998.628,142.084,-0.6445,0.2722,0.3539,-2.72,0.14,0.0657,0.0368,0.802,0.396,-54.46,0.928
6,998.728,142.181,-0.6375,0.2687,0.3524,-2.72,0.3,0.0547,0.048,0.801,0.396,-54.46,0.043
6,998.829,142.287,-0.6335,0.2653,0.353,-2.52,0.35,0.0587,0.0187,0.799,0.396,-54.46,0.144
6,998.928,142.384,-0.6285,0.2638,0.3518,-2.17,0.23,0.0483,0.0138,0.797,0.396,-54.46,0.243
6,999.029,142.498,-0.6236,0.265,0.3535,-1.99,0.06,0.0473,0.037,0.796,0.396,-54.46,0.344
6,999.128,142.593,-0.6171,0.2672,0.3487,-1.97,0.17,0.0449,0.0241,0.797,0.396,-54.46,0.443
6,999.228,142.693,-0.6109,0.2691,0.3499,-1.91,0.5,0.0449,0.0241,0.799,0.396,-54.46,0.543
6,999.328,142.793,-0.6028,0.2695,0.35,-1.72,0.39,0.0512,0.0061,0.8,0.396,-54.46,0.643
6,999.428,142.902,-0.598,0.2691,0.3517,-1.49,0.36,0.0595,0.0072,0.802,0.396,-54.46,0.743
6,999.528,142.994,-0.5938,0.269,0.3506,-1.48,0.25,0.0561,0.0272,0.803,0.396,-54.46,0.843
6,999.635,143.101,-0.5883,0.267,0.3492,-1.6,0.1,0.0457,0.0149,0.802,0.396,-54.46,0.95
6,999.728,143.194,-0.5831,0.2634,0.3504,-1.55,0.2,0.0465,-0.0087,0.802,0.328,-70.35,0.024
6,999.828,143.298,-0.5767,0.2604,0.3501,-1.34,0.26,0.0446,-0.0013,0.8,0.328,-70.35,0.124
6,999.928,143.404,-0.5709,0.2584,0.3521,-1.24,0.23,0.0497,0.0206,0.798,0.328,-70.35,0.224
6,1000.028,143.511,-0.5639,0.257,0.351,-1.33,0.3,0.0461,0.0242,0.797,0.328,-70.35,0.324
7,1000.128,143.605,-0.5601,0.2562,0.3528,-1.36,0.28,0.0211,0.0,0.793,0.509,-145.98,0.064
7,1000.228,143.706,-0.5563,0.2553,0.3517,-1.15,0.2,0.008,-0.0167,0.789,0.509,-145.98,0.164
7,1000.329,143.811,-0.5553,0.2554,0.3526,-0.99,0.15,0.0123,-0.0037,0.785,0.509,-145.98,0.265
7,1000.428,143.906,-0.5552,0.2568,0.3514,-1.09,0.02,0.0078,-0.0004,0.783,0.509,-145.98,0.364
7,1000.529,144.008,-0.5565,0.2579,0.3509,-1.32,0.14,0.0013,-0.0164,0.783,0.509,-145.98,0.465
7,1000.628,144.108,-0.5579,0.2571,0.3508,-1.38,0.03,0.0,-0.0502,0.784,0.509,-145.98,0.564
7,1000.728,144.206,-0.5591,0.2566,0.3498,-1.27,0.05,0.0,-0.047,0.786,0.509,-145.98,0.664
7,1000.829,144.309,-0.5613,0.2585,0.35,-1.44,0.36,0.0,-0.047,0.787,0.509,-145.98,0.765
7,1000.928,144.409,-0.5618,0.26,0.3485,-1.85,0.24,0.0,-0.0476,0.789,0.509,-145.98,0.864
7,1001.028,144.509,-0.5614,0.2591,0.3498,-2.17,0.14,0.0,-0.0876,0.79,0.509,-145.98,0.964
7,1001.129,144.616,-0.5597,0.2564,0.3486,-2.32,0.03,0.0002,-0.0977,0.79,0.509,-145.98,0.036
7,1001.228,144.71,-0.5595,0.2545,0.3497,-2.6,0.05,0.0064,-0.0742,0.788,0.509,-145.98,0.135
7,1001.329,144.815,-0.5583,0.2536,0.3476,-3.15,0.04,0.0064,-0.0742,0.785,0.509,-145.98,0.236
7,1001.428,144.912,-0.5578,0.252,0.3485,-3.74,0.1,0.0008,-0.1197,0.78,0.509,-145.98,0.335
7,1001.528,145.012,-0.5579,0.2493,0.3489,-4.25,0.21,0.0008,-0.1197,0.776,0.509,-145.98,0.435
7,1001.629,145.116,-0.5579,0.2475,0.348,-4.61,0.2,0.001,-0.1294,0.771,0.509,-145.98,0.536
7,1001.728,145.213,-0.5578,0.2475,0.3489,-5.23,0.02,0.0005,-0.116,0.766,0.509,-145.98,0.635
7,1001.828,145.313,-0.5569,0.2474,0.3492,-6.03,0.09,0.0001,-0.1335,0.762,0.509,-145.98,0.735
7,1001.928,145.415,-0.5577,0.2471,0.3514,-6.81,0.1,0.0001,-0.1335,0.758,0.509,-145.98,0.835
7,1002.028,145.516,-0.5577,0.2463,0.3498,-7.35,0.03,0.0002,-0.1689,0.753,0.509,-145.98,0.935
7,1002.128,145.616,-0.5585,0.2472,0.3504,-8.06,0.14,0.0002,-0.1689,0.748,0.439,-156.97,0.015
7,1002.228,145.718,-0.5585,0.2489,0.3501,-8.98,0.09,0.0001,-0.1416,0.745,0.439,-156.97,0.115
7,1002.328,145.818,-0.5585,0.249,0.3518,-10.02,0.1,0.0,-0.1689,0.742,0.439,-156.97,0.215
7,1002.428,145.918,-0.5581,0.2476,0.3514,-10.8,0.04,0.0,-0.1945,0.736,0.439,-156.97,0.315
7,1002.528,146.019,-0.5577,0.2465,0.3499,-11.5,0.05,0.0011,-0.1758,0.731,0.439,-156.97,0.415
7,1002.628,146.119,-0.5579,0.2465,0.3505,-12.35,0.09,0.0027,-0.1585,0.725,0.439,-156.97,0.515
7,1002.728,146.227,-0.5576,0.2456,0.3513,-13.47,0.1,0.0005,-0.1737,0.72,0.439,-156.97,0.615
7,1002.829,146.329,-0.5591,0.2443,0.3531,-14.42,0.15,0.0007,-0.1953,0.714,0.439,-156.97,0.716
7,1002.928,146.427,-0.5592,0.2426,0.3514,-15.17,0.11,0.0,-0.1963,0.708,0.439,-156.97,0.815
7,1003.029,146.532,-0.5593,0.2428,0.3519,-16.01,0.02,0.0,-0.1817,0.702,0.439,-156.97,0.916
7,1003.128,146.627,-0.5583,0.243,0.3517,-17.08,0.1,0.0,-0.1713,0.697,0.439,-156.97,1.015
7,1003.228,146.728,-0.5586,0.2429,0.3536,-18.23,0.15,0.0,-0.1944,0.692,0.439,-156.97,0.097
7,1003.328,146.833,-0.5591,0.2421,0.3522,-19.12,0.09,0.0002,-0.199,0.686,0.439,-156.97,0.197
7,1003.428,146.933,-0.5592,0.2421,0.3506,-19.92,0.05,0.0,-0.1831,0.68,0.439,-156.97,0.297
7,1003.528,147.034,-0.5592,0.2434,0.351,-20.79,0.05,0.0,-0.1662,0.676,0.439,-156.97,0.397
7,1003.628,147.133,-0.559,0.2433,0.3518,-21.97,0.11,0.0,-0.1783,0.672,0.439,-156.97,0.497
7,1003.728,147.233,-0.5602,0.2427,0.3532,-23.01,0.15,0.0007,-0.1958,0.667,0.439,-156.97,0.597
7,1003.828,147.333,-0.5601,0.2414,0.3491,-23.85,0.08,0.0001,-0.2,0.661,0.439,-156.97,0.697
7,1003.928,147.433,-0.5601,0.2415,0.3497,-24.76,0.03,0.001,-0.1737,0.655,0.439,-156.97,0.797
7,1004.028,147.54,-0.559,0.2415,0.3493,-25.85,0.09,0.0011,-0.1857,0.651,0.439,-156.97,0.897
7,1004.128,147.64,-0.5594,0.2413,0.3519,-27.01,0.14,0.0018,-0.1765,0.646,0.439,-156.97,0.997
7,1004.228,147.74,-0.5598,0.2401,0.352,-27.83,0.12,0.0006,-0.1976,0.64,0.439,-156.97,0.047
7,1004.328,147.84,-0.5595,0.24,0.3521,-28.57,0.05,0.0001,-0.1947,0.635,0.439,-156.97,0.147
7,1004.428,147.941,-0.5589,0.241,0.3514,-29.59,0.04,0.0023,-0.1692,0.631,0.439,-156.97,0.247
7,1004.532,148.048,-0.5585,0.2412,0.3518,-30.81,0.12,0.0009,-0.1815,0.622,0.439,-156.97,0.351
7,1004.628,148.144,-0.5591,0.2407,0.3529,-31.84,0.12,0.0013,-0.1955,0.622,0.439,-156.97,0.447
7,1004.728,148.246,-0.5587,0.2389,0.3492,-32.64,0.08,0.0001,-0.2,0.617,0.439,-156.97,0.547
7,1004.828,148.346,-0.5589,0.2383,0.3497,-33.62,0.04,0.0021,-0.1922,0.612,0.439,-156.97,0.647
7,1004.928,148.446,-0.5587,0.2367,0.3504,-34.78,0.14,0.0025,-0.188,0.607,0.439,-156.97,0.747
7,1005.028,148.546,-0.5605,0.2361,0.3531,-35.9,0.21,0.0019,-0.1656,0.601,0.439,-156.97,0.847
7,1005.128,148.646,-0.5624,0.2349,0.3504,-36.66,0.19,0.0002,-0.1942,0.595,0.439,-156.97,0.947
7,1005.228,148.746,-0.5624,0.2349,0.3499,-37.47,0.13,0.0,-0.1652,0.591,0.439,-156.97,0.02
7,1005.33,148.848,-0.5609,0.2357,0.3497,-38.33,0.05,0.0011,-0.1678,0.587,0.439,-156.97,0.122
7,1005.428,148.946,-0.5599,0.2361,0.3509,-39.46,0.15,0.0016,-0.1762,0.584,0.439,-156.97,0.22
7,1005.528,149.046,-0.5596,0.2363,0.3518,-40.37,0.14,0.0016,-0.1762,0.58,0.439,-156.97,0.32
7,1005.628,149.146,-0.5581,0.2356,0.3483,-41.12,0.03,0.0017,-0.2,0.577,0.439,-156.97,0.42
7,1005.728,149.261,-0.5574,0.2364,0.349,-42.07,0.13,0.0068,-0.1814,0.573,0.439,-156.97,0.52
7,1005.828,149.362,-0.5563,0.2365,0.3439,-43.3,0.09,0.0012,-0.1757,0.57,0.439,-156.97,0.62
7,1005.928,149.461,-0.5563,0.236,0.347,-44.43,0.14,0.0012,-0.1757,0.566,0.439,-156.97,0.72
7,1006.029,149.564,-0.5558,0.2327,0.3459,-45.21,0.03,0.0,-0.1993,0.561,0.439,-156.97,0.821
7,1006.128,149.664,-0.5561,0.2304,0.3476,-46.0,0.06,0.0049,-0.196,0.555,0.439,-156.97,0.92
7,1006.228,149.764,-0.5564,0.2279,0.3479,-47.09,0.09,0.0094,-0.1569,0.55,0.439,-156.97,1.02
7,1006.328,149.868,-0.5583,0.2265,0.3505,-48.23,0.18,0.01,-0.1856,0.544,0.439,-156.97,0.1
7,1006.433,149.977,-0.5614,0.225,0.3497,-49.1,0.28,0.0117,-0.1953,0.534,0.439,-156.97,0.205
7,1006.528,150.071,-0.5617,0.2231,0.3477,-49.83,0.26,0.0037,-0.2,0.534,0.439,-156.97,0.3
7,1006.632,150.177,-0.5603,0.2216,0.3488,-50.82,0.15,0.0027,-0.1814,0.53,0.439,-156.97,0.404
7,1006.728,150.274,-0.5585,0.2204,0.35,-52.05,0.21,0.0053,-0.1845,0.525,0.439,-156.97,0.5
7,1006.828,150.374,-0.5576,0.2213,0.3524,-53.12,0.19,0.0136,-0.1962,0.52,0.439,-156.97,0.6
7,1006.928,150.476,-0.5559,0.2206,0.3494,-53.87,0.03,0.0077,-0.2,0.518,0.439,-156.97,0.7
7,1007.028,150.576,-0.5543,0.2216,0.3503,-54.79,0.12,0.0088,-0.1984,0.515,0.439,-156.97,0.8
7,1007.129,150.679,-0.5529,0.2223,0.3506,-55.71,0.02,0.0063,-0.1681,0.513,0.439,-156.97,0.901
7,1007.228,150.781,-0.5534,0.2222,0.353,-56.85,0.11,0.0038,-0.1945,0.511,0.439,-156.97,1.0
7,1007.329,150.882,-0.5545,0.2205,0.3506,-57.66,0.09,0.0046,-0.1959,0.508,0.439,-156.97,0.078
7,1007.428,150.981,-0.5548,0.2188,0.3491,-58.36,0.14,0.0082,-0.1877,0.504,0.439,-156.97,0.177
7,1007.528,151.081,-0.5547,0.2176,0.3501,-59.26,0.12,0.0082,-0.1877,0.501,0.439,-156.97,0.277
7,1007.628,151.181,-0.5551,0.2158,0.3515,-60.54,0.23,0.0066,-0.1673,0.497,0.439,-156.97,0.377
7,1007.728,151.281,-0.5568,0.2158,0.3534,-61.65,0.28,0.0076,-0.1985,0.492,0.439,-156.97,0.477
7,1007.828,151.399,-0.5578,0.2142,0.3499,-62.38,0.24,0.0076,-0.1985,0.489,0.439,-156.97,0.577
7,1007.928,151.489,-0.5567,0.2132,0.3505,-63.28,0.08,0.0021,-0.1585,0.486,0.439,-156.97,0.677
7,1008.028,151.59,-0.5553,0.2115,0.3529,-64.2,0.2,0.0052,-0.1563,0.483,0.439,-156.97,0.777
7,1008.128,151.689,-0.5548,0.212,0.3551,-65.2,0.2,0.0083,-0.1699,0.48,0.439,-156.97,0.877
7,1008.228,151.798,-0.5541,0.212,0.3521,-65.91,0.08,0.0102,-0.1966,0.478,0.439,-156.97,0.977
7,1008.328,151.897,-0.5519,0.2126,0.3511,-66.65,0.07,0.005,-0.194,0.476,0.439,-156.97,0.051
7,1008.428,151.999,-0.5496,0.2139,0.3518,-67.61,0.1,0.0082,-0.1768,0.475,0.439,-156.97,0.151
7,1008.529,152.103,-0.5493,0.2135,0.3529,-68.83,0.1,0.0055,-0.1842,0.475,0.439,-156.97,0.252
7,1008.63,152.204,-0.5505,0.2124,0.3532,-69.81,0.14,0.0076,-0.1965,0.472,0.439,-156.97,0.353
7,1008.728,152.301,-0.5507,0.2097,0.3491,-70.64,0.1,0.0065,-0.2,0.47,0.439,-156.97,0.451
7,1008.828,152.401,-0.5507,0.2081,0.3498,-71.61,0.03,0.0153,-0.1695,0.466,0.439,-156.97,0.551
7,1008.93,152.504,-0.551,0.2053,0.3505,-72.67,0.19,0.0169,-0.1574,0.463,0.439,-156.97,0.653
7,1009.032,152.605,-0.5523,0.2044,0.3532,-73.73,0.25,0.0174,-0.1909,0.458,0.439,-156.97,0.755
7,1009.134,152.708,-0.5535,0.2025,0.3509,-74.51,0.22,0.0187,-0.1987,0.453,0.439,-156.97,0.857
7,1009.228,152.802,-0.5522,0.2002,0.351,-75.38,0.11,0.0127,-0.1926,0.453,0.439,-156.97,0.951
7,1009.328,152.901,-0.55,0.1978,0.3512,-76.33,0.06,0.018,-0.1842,0.45,0.439,-156.97,0.021
7,1009.428,153.005,-0.5487,0.1957,0.3529,-77.55,0.2,0.0198,-0.1887,0.448,0.439,-156.97,0.121
7,1009.528,153.106,-0.5477,0.1943,0.3536,-78.54,0.13,0.0256,-0.1915,0.448,0.439,-156.97,0.221
7,1009.628,153.206,-0.5457,0.192,0.3518,-79.19,0.08,0.0209,-0.1993,0.448,0.439,-156.97,0.321
7,1009.733,153.312,-0.543,0.1917,0.3521,-80.23,0.18,0.019,-0.1745,0.448,0.439,-156.97,0.426
7,1009.828,153.406,-0.5424,0.1899,0.3521,-81.26,0.06,0.018,-0.1636,0.448,0.439,-156.97,0.521
7,1009.928,153.508,-0.5436,0.1882,0.3543,-82.45,0.14,0.0129,-0.1924,0.448,0.439,-156.97,0.621
7,1010.028,153.61,-0.5455,0.1846,0.3512,-83.23,0.08,0.0167,-0.1988,0.448,0.439,-156.97,0.721
7,1010.128,153.724,-0.5465,0.1815,0.3513,-84.02,0.17,0.017,-0.2,0.448,0.439,-156.97,0.821
7,1010.23,153.819,-0.5465,0.1772,0.3488,-85.29,0.19,0.0271,-0.1987,0.448,0.439,-156.97,0.923
7,1010.329,153.918,-0.547,0.1743,0.3505,-86.4,0.26,0.0252,-0.2,0.448,0.439,-156.97,1.022
7,1010.428,154.019,-0.5476,0.172,0.3503,-87.49,0.2,0.0317,-0.1997,0.448,0.439,-156.97,0.08
7,1010.531,154.121,-0.5463,0.1681,0.3487,-88.32,0.09,0.0261,-0.2,0.448,0.439,-156.97,0.183
7,1010.628,154.218,-0.544,0.1649,0.3495,-89.24,0.06,0.0274,-0.1881,0.448,0.439,-156.97,0.28
7,1010.728,154.324,-0.5431,0.1604,0.3498,-90.5,0.12,0.0276,-0.1714,0.448,0.439,-156.97,0.38
7,1010.828,154.418,-0.5428,0.1572,0.3524,-91.6,0.19,0.0279,-0.1894,0.448,0.439,-156.97,0.48
7,1010.928,154.534,-0.5428,0.1526,0.349,-92.4,0.07,0.0325,-0.2,0.448,0.439,-156.97,0.58
7,1011.028,154.634,-0.5423,0.15,0.3499,-93.18,0.13,0.0325,-0.2,0.448,0.439,-156.97,0.68
7,1011.133,154.742,-0.5434,0.1468,0.3534,-94.23,0.1,0.0308,-0.1601,0.448,0.439,-156.97,0.785
7,1011.231,154.845,-0.5468,0.1446,0.3562,-95.49,0.24,0.0308,-0.1933,0.449,0.439,-156.97,0.883
7,1011.332,154.943,-0.5509,0.1423,0.3529,-96.11,0.37,0.0251,-0.1964,0.449,0.439,-156.97,0.984
7,1011.428,155.043,-0.5529,0.1378,0.3514,-96.9,0.39,0.0265,-0.1564,0.449,0.587,-170.07,0.055
7,1011.528,155.157,-0.5538,0.1319,0.3525,-97.66,0.3,0.0337,-0.1685,0.448,0.587,-170.07,0.155
7,1011.628,155.257,-0.5535,0.128,0.3545,-99.2,0.3,0.0452,-0.1625,0.448,0.587,-170.07,0.255
7,1011.729,155.359,-0.5523,0.126,0.3552,-100.18,0.22,0.0436,-0.1958,0.449,0.587,-170.07,0.356
7,1011.828,155.458,-0.5497,0.1222,0.3535,-100.83,0.1,0.0436,-0.1958,0.449,0.587,-170.07,0.455
7,1011.929,155.561,-0.5448,0.1197,0.3535,-101.58,0.38,0.0316,-0.1569,0.449,0.587,-170.07,0.556
7,1012.028,155.658,-0.5434,0.1158,0.353,-102.8,0.2,0.0251,-0.1501,0.449,0.587,-170.07,0.655
7,1012.128,155.76,-0.5448,0.1115,0.355,-103.81,0.2,0.0273,-0.1901,0.449,0.587,-170.07,0.755
7,1012.228,155.859,-0.5476,0.1057,0.3514,-104.51,0.11,0.0314,-0.1957,0.448,0.587,-170.07,0.855
7,1012.328,155.96,-0.5501,0.1017,0.3517,-105.32,0.17,0.0433,-0.1557,0.448,0.587,-170.07,0.955
7,1012.433,156.069,-0.5531,0.0976,0.352,-106.35,0.16,0.0433,-0.1396,0.449,0.587,-170.07,0.049
7,1012.528,156.165,-0.5569,0.0949,0.3538,-107.4,0.3,0.0421,-0.1731,0.448,0.587,-170.07,0.144
7,1012.628,156.261,-0.561,0.0936,0.3532,-108.16,0.39,0.0391,-0.1766,0.448,0.587,-170.07,0.244
7,1012.728,156.361,-0.5635,0.0888,0.3507,-108.34,0.36,0.0303,-0.1366,0.448,0.587,-170.07,0.344
7,1012.828,156.46,-0.5644,0.0823,0.3517,-109.1,0.23,0.0351,-0.0917,0.448,0.587,-170.07,0.444
7,1012.928,156.561,-0.5651,0.0757,0.3523,-109.83,0.24,0.0414,-0.0987,0.448,0.587,-170.07,0.544
7,1013.028,156.663,-0.5638,0.0714,0.3547,-111.21,0.28,0.05,-0.1263,0.449,0.587,-170.07,0.644
7,1013.128,156.776,-0.5628,0.0657,0.3514,-111.51,0.19,0.0441,-0.1939,0.448,0.587,-170.07,0.744
7,1013.229,156.884,-0.5604,0.0621,0.3523,-111.8,0.4,0.0431,-0.1733,0.449,0.587,-170.07,0.845
7,1013.328,156.982,-0.5598,0.0589,0.355,-112.78,0.21,0.0366,-0.1333,0.448,0.587,-170.07,0.944
7,1013.428,157.081,-0.5638,0.0557,0.3577,-114.38,0.11,0.0297,-0.1592,0.449,0.587,-170.07,0.017
7,1013.529,157.185,-0.5695,0.0521,0.3546,-114.89,0.19,0.0351,-0.1875,0.449,0.587,-170.07,0.118
7,1013.628,157.281,-0.5745,0.0471,0.3524,-115.37,0.43,0.0383,-0.148,0.449,0.587,-170.07,0.217
7,1013.728,157.381,-0.5797,0.0412,0.3537,-116.02,0.46,0.0483,-0.1297,0.45,0.587,-170.07,0.317
7,1013.828,157.481,-0.5836,0.0363,0.3552,-117.31,0.44,0.0501,-0.1564,0.448,0.587,-170.07,0.417
7,1013.928,157.593,-0.5846,0.0341,0.3561,-118.08,0.36,0.0559,-0.1931,0.448,0.587,-170.07,0.517
7,1014.029,157.696,-0.5851,0.0293,0.3489,-118.74,0.21,0.041,-0.1678,0.45,0.587,-170.07,0.618
7,1014.131,157.799,-0.5838,0.0242,0.3494,-119.55,0.1,0.0389,-0.1599,0.448,0.587,-170.07,0.72
7,1014.228,157.896,-0.5838,0.0185,0.3502,-120.52,0.09,0.036,-0.1284,0.448,0.587,-170.07,0.817
7,1014.328,157.997,-0.5846,0.0139,0.3529,-121.4,0.25,0.0362,-0.1404,0.449,0.587,-170.07,0.917
7,1014.428,158.096,-0.5864,0.0084,0.351,-121.94,0.15,0.0407,-0.1428,0.448,0.587,-170.07,1.017
7,1014.528,158.21,-0.5868,0.0042,0.3513,-122.52,0.25,0.0431,-0.1191,0.449,0.43,175.71,0.095
7,1014.628,158.31,-0.5869,0.0001,0.3471,-123.17,0.14,0.0454,-0.1562,0.448,0.43,175.71,0.195
7,1014.728,158.411,-0.5895,-0.004,0.3467,-124.25,0.24,0.0349,-0.1322,0.449,0.43,175.71,0.295
7,1014.829,158.515,-0.5943,-0.0088,0.348,-125.04,0.1,0.0378,-0.1404,0.449,0.43,175.71,0.396
7,1014.928,158.613,-0.5991,-0.0146,0.3479,-125.51,0.18,0.0375,-0.1631,0.449,0.43,175.71,0.495
7,1015.03,158.715,-0.6035,-0.0193,0.3499,-126.19,0.09,0.0496,-0.1183,0.448,0.43,175.71,0.597
7,1015.128,158.813,-0.6087,-0.0243,0.3503,-126.99,0.17,0.0496,-0.1168,0.449,0.43,175.71,0.695
7,1015.228,158.912,-0.6127,-0.0271,0.3533,-127.76,0.22,0.0515,-0.0942,0.449,0.43,175.71,0.795
7,1015.328,159.037,-0.6171,-0.0307,0.3521,-127.94,0.23,0.0434,-0.1007,0.451,0.43,175.71,0.895
7,1015.428,159.165,-0.62,-0.0351,0.3531,-128.44,0.13,0.0447,-0.1078,0.449,0.43,175.71,0.028
7,1015.532,159.273,-0.6234,-0.04,0.3486,-129.06,0.2,0.0419,-0.1055,0.45,0.43,175.71,0.132
7,1015.629,159.375,-0.6254,-0.0429,0.3504,-129.73,0.23,0.0464,-0.1175,0.45,0.43,175.71,0.229
7,1015.728,159.477,-0.6283,-0.0475,0.3491,-130.12,0.06,0.0384,-0.1359,0.448,0.43,175.71,0.328
7,1015.829,159.578,-0.6294,-0.0528,0.3507,-130.64,0.14,0.0352,-0.1123,0.449,0.43,175.71,0.429
7,1015.928,159.678,-0.6304,-0.0573,0.3507,-131.16,0.12,0.0349,-0.1079,0.448,0.43,175.71,0.528
7,1016.028,159.777,-0.6335,-0.0619,0.3528,-132.11,0.19,0.0336,-0.0902,0.449,0.43,175.71,0.628
7,1016.129,159.881,-0.637,-0.0656,0.3513,-132.56,0.05,0.0336,-0.1255,0.448,0.43,175.71,0.729
7,1016.228,159.98,-0.6395,-0.0688,0.3504,-132.94,0.12,0.0336,-0.1212,0.45,0.43,175.71,0.828
7,1016.33,160.085,-0.6408,-0.0712,0.351,-133.57,0.1,0.036,-0.1011,0.45,0.43,175.71,0.93
7,1016.428,160.181,-0.644,-0.0726,0.3515,-134.38,0.14,0.0281,-0.1156,0.45,0.43,175.71,1.028
7,1016.528,160.281,-0.6475,-0.0719,0.3529,-135.04,0.37,0.0281,-0.1156,0.448,0.479,162.0,0.088
7,1016.628,160.381,-0.6519,-0.0733,0.3503,-135.5,0.3,0.021,-0.1443,0.452,0.479,162.0,0.188
7,1016.728,160.489,-0.6553,-0.0765,0.3515,-136.1,0.23,0.0235,-0.117,0.45,0.479,162.0,0.288
7,1016.83,160.596,-0.6587,-0.0812,0.3475,-136.89,0.23,0.0266,-0.1101,0.449,0.479,162.0,0.39
7,1016.932,160.7,-0.6591,-0.0843,0.3497,-137.69,0.22,0.0355,-0.1298,0.45,0.479,162.0,0.492
7,1017.028,160.795,-0.6601,-0.0882,0.3462,-138.13,0.07,0.0302,-0.1611,0.45,0.479,162.0,0.588
7,1017.128,160.895,-0.6597,-0.0921,0.3466,-138.65,0.28,0.0251,-0.1386,0.45,0.479,162.0,0.688
7,1017.23,161.007,-0.6587,-0.0965,0.3451,-139.43,0.28,0.0227,-0.1156,0.449,0.479,162.0,0.79
7,1017.328,161.108,-0.6604,-0.0999,0.3457,-140.27,0.28,0.0168,-0.125,0.45,0.479,162.0,0.888
7,1017.428,161.212,-0.6644,-0.1026,0.3481,-140.96,0.14,0.0196,-0.1351,0.449,0.479,162.0,0.988
7,1017.532,161.313,-0.6684,-0.1047,0.3484,-141.41,0.14,0.0243,-0.1502,0.452,0.376,156.57,0.08
7,1017.63,161.412,-0.671,-0.1051,0.3498,-142.14,0.11,0.029,-0.1199,0.452,0.376,156.57,0.178
7,1017.729,161.511,-0.6743,-0.1052,0.3504,-142.95,0.11,0.0231,-0.1191,0.449,0.376,156.57,0.277
7,1017.829,161.618,-0.677,-0.1028,0.3526,-143.73,0.38,0.0166,-0.094,0.448,0.376,156.57,0.377
7,1017.928,161.717,-0.6807,-0.101,0.3469,-144.23,0.42,0.014,-0.136,0.449,0.376,156.57,0.476
7,1018.028,161.817,-0.6843,-0.1016,0.3475,-144.75,0.44,0.008,-0.1287,0.45,0.376,156.57,0.576
7,1018.128,161.927,-0.6879,-0.1043,0.348,-145.54,0.35,0.0151,-0.1147,0.449,0.376,156.57,0.676
7,1018.231,162.031,-0.6876,-0.1059,0.3504,-146.39,0.24,0.0237,-0.1445,0.451,0.376,156.57,0.779
7,1018.328,162.136,-0.6866,-0.1076,0.3471,-146.96,0.06,0.0237,-0.1445,0.45,0.376,156.57,0.876
7,1018.428,162.233,-0.6852,-0.1108,0.3453,-147.54,0.19,0.013,-0.1572,0.449,0.376,156.57,0.976
7,1018.528,162.345,-0.6827,-0.1155,0.3453,-148.34,0.36,0.0061,-0.1158,0.451,0.376,156.57,0.053
7,1018.628,162.448,-0.6832,-0.1193,0.3458,-149.3,0.33,0.0062,-0.1394,0.451,0.376,156.57,0.153
7,1018.729,162.557,-0.6863,-0.1222,0.3478,-149.99,0.19,0.0062,-0.1394,0.448,0.376,156.57,0.254
7,1018.828,162.653,-0.6894,-0.1236,0.3467,-150.47,0.2,0.0117,-0.1615,0.45,0.376,156.57,0.353
7,1018.93,162.776,-0.6903,-0.1226,0.3477,-151.3,0.18,0.0163,-0.1251,0.448,0.376,156.57,0.455
7,1019.028,162.874,-0.6923,-0.1203,0.3433,-152.26,0.13,0.0091,-0.1407,0.451,0.376,156.57,0.553
7,1019.129,162.976,-0.6933,-0.1154,0.346,-153.14,0.55,0.0091,-0.1407,0.449,0.376,156.57,0.654
7,1019.228,163.076,-0.6958,-0.1126,0.3452,-153.64,0.5,0.01,-0.1452,0.449,0.376,156.57,0.753
7,1019.33,163.175,-0.6991,-0.114,0.3478,-154.12,0.36,0.0076,-0.1233,0.449,0.376,156.57,0.855
7,1019.428,163.273,-0.7031,-0.1178,0.3468,-154.99,0.27,0.0179,-0.1043,0.449,0.376,156.57,0.953
7,1019.529,163.38,-0.704,-0.1213,0.3494,-155.8,0.21,0.0312,-0.1297,0.448,0.375,156.57,0.058
7,1019.628,163.474,-0.7046,-0.1247,0.3496,-156.37,0.07,0.0312,-0.1297,0.451,0.375,156.57,0.157
7,1019.729,163.581,-0.7046,-0.1281,0.3496,-156.75,0.31,0.028,-0.1357,0.45,0.375,156.57,0.258
7,1019.828,163.674,-0.7025,-0.1321,0.35,-157.44,0.49,0.0137,-0.089,0.448,0.375,156.57,0.357
7,1019.928,163.779,-0.7035,-0.1348,0.3495,-158.21,0.33,0.004,-0.1067,0.448,0.375,156.57,0.457
7,1020.028,163.875,-0.7062,-0.1356,0.3515,-158.77,0.21,0.006,-0.1467,0.45,0.375,156.57,0.557
7,1020.128,163.975,-0.7099,-0.1354,0.3508,-159.21,0.13,0.0075,-0.133,0.449,0.375,156.57,0.657
7,1020.228,164.077,-0.7112,-0.1334,0.3518,-159.64,0.16,0.0125,-0.1377,0.449,0.375,156.57,0.757
7,1020.328,164.194,-0.7128,-0.1314,0.3507,-160.5,0.18,0.0061,-0.1003,0.449,0.375,156.57,0.857
7,1020.428,164.294,-0.7125,-0.1274,0.3526,-161.43,0.41,0.0061,-0.0965,0.449,0.375,156.57,0.957
7,1020.528,164.394,-0.7112,-0.124,0.3538,-162.07,0.4,0.0048,-0.1119,0.45,0.375,156.57,0.037
7,1020.629,164.497,-0.7111,-0.1258,0.3541,-162.27,0.15,0.0023,-0.1039,0.448,0.375,156.57,0.138
7,1020.728,164.594,-0.7111,-0.1304,0.3532,-162.76,0.12,0.0063,-0.0908,0.45,0.375,156.57,0.237
7,1020.828,164.694,-0.7125,-0.1343,0.353,-163.72,0.23,0.0109,-0.1132,0.45,0.375,156.57,0.337
7,1020.928,164.794,-0.7147,-0.1374,0.3536,-164.14,0.27,0.0188,-0.175,0.449,0.375,156.57,0.437
7,1021.028,164.896,-0.7174,-0.1398,0.3523,-164.75,0.27,0.0184,-0.1331,0.448,0.375,156.57,0.537
7,1021.128,164.994,-0.7174,-0.141,0.3527,-165.42,0.28,0.0203,-0.1279,0.45,0.375,156.57,0.637
7,1021.228,165.096,-0.7185,-0.1412,0.3522,-166.21,0.06,0.0136,-0.1287,0.45,0.375,156.57,0.737
7,1021.33,165.205,-0.7201,-0.1386,0.354,-167.05,0.16,0.0041,-0.0963,0.45,0.375,156.57,0.839
7,1021.431,165.303,-0.7225,-0.1353,0.3516,-167.58,0.3,0.0081,-0.1333,0.449,0.375,156.57,0.94
7,1021.528,165.399,-0.7254,-0.1337,0.3514,-168.02,0.41,0.007,-0.1212,0.449,0.375,156.57,1.037
7,1021.63,165.501,-0.7287,-0.1333,0.3516,-168.66,0.33,0.0152,-0.0967,0.449,0.375,156.57,0.098
7,1021.728,165.599,-0.7299,-0.1331,0.3525,-169.41,0.32,0.0222,-0.1053,0.449,0.375,156.57,0.196
7,1021.828,165.703,-0.7288,-0.1325,0.3525,-169.94,0.32,0.0251,-0.1354,0.45,0.375,156.57,0.296
7,1021.93,165.804,-0.7294,-0.1343,0.3497,-170.37,0.11,0.0251,-0.1354,0.448,0.375,156.57,0.398
7,1022.033,165.905,-0.7301,-0.1389,0.3505,-170.95,0.29,0.0174,-0.1072,0.449,0.375,156.57,0.501
7,1022.128,165.999,-0.733,-0.1433,0.3509,-171.68,0.23,0.0163,-0.1,0.449,0.375,156.57,0.596
7,1022.228,166.108,-0.7373,-0.1461,0.3532,-172.41,0.39,0.0212,-0.0659,0.448,0.375,156.57,0.696
7,1022.328,166.216,-0.7434,-0.1483,0.3472,-172.67,0.36,0.0274,-0.1116,0.448,0.375,156.57,0.796
7,1022.431,166.322,-0.7459,-0.1473,0.3481,-173.01,0.22,0.0212,-0.1172,0.448,0.375,156.57,0.899
7,1022.528,166.417,-0.7478,-0.1446,0.3499,-173.68,0.1,0.0053,-0.0971,0.448,0.375,156.57,0.996
7,1022.628,166.519,-0.7469,-0.1404,0.352,-174.47,0.35,0.0072,-0.0973,0.449,0.273,146.98,0.076
7,1022.728,166.618,-0.7432,-0.1349,0.3504,-174.93,0.59,0.011,-0.1202,0.45,0.273,146.98,0.176
7,1022.836,166.73,-0.742,-0.1327,0.3479,-175.25,0.51,0.0063,-0.1105,0.448,0.273,146.98,0.284
7,1022.928,166.826,-0.7439,-0.1351,0.3486,-175.77,0.16,0.0036,-0.0781,0.448,0.273,146.98,0.376
7,1023.028,166.923,-0.7474,-0.1387,0.3487,-176.48,0.14,0.0109,-0.0736,0.448,0.273,146.98,0.476
7,1023.128,167.04,-0.7508,-0.1423,0.351,-176.94,0.27,0.0282,-0.0994,0.449,0.273,146.98,0.576
7,1023.228,167.143,-0.7555,-0.1455,0.3441,-177.21,0.3,0.0282,-0.0994,0.448,0.273,146.98,0.676
7,1023.328,167.246,-0.7573,-0.1474,0.3463,-177.59,0.33,0.0326,-0.0829,0.449,0.273,146.98,0.776
7,1023.433,167.351,-0.7604,-0.1477,0.348,-178.19,0.12,0.0374,-0.0707,0.449,0.273,146.98,0.881
7,1023.528,167.448,-0.7642,-0.1453,0.3515,-178.78,0.12,0.0352,-0.0979,0.449,0.273,146.98,0.976
7,1023.628,167.55,-0.7694,-0.1423,0.3501,-179.1,0.2,0.0352,-0.0979,0.448,0.272,146.98,0.066
7,1023.728,167.65,-0.7752,-0.1408,0.3515,-179.38,0.38,0.0376,-0.0928,0.448,0.272,146.98,0.166
7,1023.828,167.75,-0.7815,-0.1398,0.3524,-179.91,0.31,0.048,-0.0524,0.449,0.272,146.98,0.266
7,1023.928,167.853,-0.7861,-0.1391,0.3538,179.53,0.33,0.048,-0.0524,0.449,0.272,146.98,0.366
7,1024.033,167.958,-0.7888,-0.1386,0.3549,179.19,0.32,0.0487,-0.0836,0.449,0.272,146.98,0.471
7,1024.128,168.053,-0.7936,-0.1405,0.354,179.0,0.12,0.0487,-0.0836,0.449,0.272,146.98,0.566
7,1024.228,168.154,-0.7983,-0.1441,0.3547,178.62,0.23,0.0431,-0.0393,0.448,0.272,146.98,0.666
7,1024.329,168.255,-0.8045,-0.1467,0.3545,178.24,0.23,0.0429,-0.0491,0.448,0.272,146.98,0.767
7,1024.428,168.355,-0.8105,-0.1485,0.3562,177.84,0.4,0.0429,-0.0491,0.448,0.272,146.98,0.866
7,1024.528,168.457,-0.818,-0.1496,0.3547,177.63,0.34,0.0509,-0.0683,0.449,0.272,146.98,0.966
7,1024.628,168.577,-0.8222,-0.1501,0.3555,177.48,0.34,0.0579,-0.0462,0.449,0.314,131.01,0.038
7,1024.728,168.677,-0.8268,-0.1499,0.347,177.11,0.1,0.0491,-0.0356,0.449,0.314,131.01,0.138
8,1024.828,168.777,-0.8308,-0.1497,0.3458,176.77,0.23,0.0241,0.0,0.449,0.73,171.07,0.027
8,1024.928,168.88,-0.8358,-0.1496,0.3473,176.63,0.13,0.0,0.0,0.449,0.73,171.07,0.127
8,1025.035,168.992,-0.8388,-0.1505,0.3489,176.89,0.16,0.0436,-0.0048,0.448,0.73,171.07,0.234
8,1025.128,169.084,-0.8397,-0.1516,0.3485,176.84,0.09,0.0436,-0.0048,0.448,0.73,171.07,0.327
8,1025.228,169.191,-0.841,-0.1518,0.3457,176.63,0.08,0.045,0.0021,0.448,0.73,171.07,0.427
8,1025.328,169.283,-0.8426,-0.1501,0.3474,176.55,0.28,0.0397,-0.0432,0.448,0.73,171.07,0.527
8,1025.428,169.401,-0.8475,-0.149,0.3474,176.65,0.15,0.0433,-0.0262,0.448,0.73,171.07,0.627
8,1025.528,169.507,-0.8534,-0.1501,0.3502,176.57,0.06,0.0433,-0.0262,0.448,0.73,171.07,0.727
8,1025.629,169.617,-0.8615,-0.1507,0.3508,176.26,0.12,0.054,-0.006,0.449,0.73,171.07,0.828
8,1025.735,169.728,-0.8694,-0.1505,0.3536,176.12,0.19,0.0758,-0.0341,0.449,0.73,171.07,0.934
8,1025.829,169.831,-0.8796,-0.1503,0.3537,176.11,0.19,0.0816,-0.0343,0.449,0.629,168.69,0.032
8,1025.928,169.94,-0.8887,-0.1506,0.356,176.05,0.27,0.0912,-0.0169,0.448,0.629,168.69,0.131
8,1026.028,170.037,-0.8993,-0.15,0.3533,175.77,0.14,0.0944,-0.011,0.448,0.629,168.69,0.231
8,1026.131,170.143,-0.9088,-0.1483,0.3552,175.5,0.25,0.1012,-0.0336,0.448,0.629,168.69,0.334
8,1026.228,170.237,-0.9196,-0.147,0.3554,175.51,0.17,0.1018,-0.0645,0.448,0.629,168.69,0.431
8,1026.329,170.343,-0.9321,-0.1485,0.3564,175.37,0.26,0.1022,-0.0245,0.448,0.629,168.69,0.532
8,1026.429,170.44,-0.9446,-0.1497,0.3565,175.14,0.28,0.1088,-0.0209,0.448,0.629,168.69,0.632
8,1026.528,170.545,-0.9577,-0.1489,0.3564,174.84,0.33,0.1102,-0.0411,0.448,0.629,168.69,0.731
8,1026.628,170.646,-0.9706,-0.1482,0.3571,174.67,0.3,0.1162,-0.0493,0.448,0.629,168.69,0.831
8,1026.728,170.747,-0.9849,-0.1484,0.356,174.58,0.34,0.1144,-0.0475,0.448,0.629,168.69,0.931
8,1026.828,170.848,-0.9966,-0.148,0.3568,174.39,0.29,0.1188,-0.0312,0.448,0.532,163.3,0.01
8,1026.93,170.955,-1.0089,-0.1459,0.3571,174.11,0.19,0.1119,-0.0242,0.448,0.532,163.3,0.112
8,1027.03,171.053,-1.0194,-0.1427,0.3584,173.83,0.27,0.1121,-0.0401,0.449,0.532,163.3,0.212
8,1027.128,171.161,-1.0315,-0.1404,0.3568,173.68,0.22,0.1073,-0.0605,0.449,0.532,163.3,0.31
8,1027.228,171.259,-1.044,-0.1403,0.3574,173.62,0.25,0.1054,-0.0248,0.448,0.532,163.3,0.41
8,1027.328,171.359,-1.0569,-0.14,0.3581,173.51,0.18,0.1064,-0.0044,0.448,0.532,163.3,0.51
8,1027.428,171.461,-1.0684,-0.1384,0.3586,173.35,0.27,0.1082,0.0048,0.448,0.532,163.3,0.61
8,1027.528,171.562,-1.0798,-0.1372,0.3568,173.28,0.17,0.1093,-0.0133,0.448,0.532,163.3,0.71
8,1027.628,171.662,-1.0924,-0.1377,0.3543,173.35,0.26,0.1033,-0.03,0.448,0.532,163.3,0.81
8,1027.728,171.762,-1.1033,-0.1385,0.3549,173.41,0.27,0.111,0.0009,0.448,0.532,163.3,0.91
8,1027.828,171.862,-1.1148,-0.1374,0.3547,173.06,0.18,0.1028,0.0064,0.448,0.532,163.3,1.01
8,1027.928,171.962,-1.1252,-0.1354,0.3559,172.99,0.18,0.1034,-0.02,0.448,0.439,159.44,0.059
8,1028.028,172.062,-1.1377,-0.1336,0.3543,173.02,0.14,0.1034,-0.02,0.448,0.439,159.44,0.159
8,1028.13,172.168,-1.1491,-0.1334,0.3556,173.09,0.21,0.0995,0.0014,0.45,0.439,159.44,0.261
8,1028.228,172.262,-1.1611,-0.1329,0.3545,172.94,0.13,0.1017,0.0201,0.45,0.439,159.44,0.359
8,1028.328,172.365,-1.1715,-0.1315,0.355,172.79,0.23,0.099,0.027,0.451,0.439,159.44,0.459
8,1028.428,172.468,-1.1822,-0.1296,0.3542,172.91,0.12,0.0994,-0.0053,0.453,0.439,159.44,0.559
8,1028.528,172.568,-1.1935,-0.1294,0.3536,173.25,0.2,0.0945,0.0149,0.455,0.439,159.44,0.659
8,1028.628,172.672,-1.2038,-0.13,0.3542,173.37,0.24,0.0994,0.0473,0.454,0.439,159.44,0.759
8,1028.729,172.775,-1.2151,-0.1291,0.3533,173.3,0.19,0.0942,0.0455,0.453,0.439,159.44,0.86
8,1028.828,172.87,-1.2252,-0.1273,0.3543,173.43,0.13,0.0989,0.0182,0.453,0.439,159.44,0.959
8,1028.928,172.977,-1.2371,-0.126,0.3529,173.68,0.16,0.0939,0.0208,0.454,0.339,153.43,0.023
8,1029.028,173.071,-1.2471,-0.126,0.3546,173.94,0.22,0.0976,0.0116,0.455,0.339,153.43,0.123
8,1029.128,173.171,-1.2583,-0.126,0.3529,173.94,0.16,0.0922,0.0406,0.453,0.339,153.43,0.223
8,1029.23,173.277,-1.2684,-0.1246,0.3535,173.93,0.21,0.0883,0.0237,0.453,0.339,153.43,0.325
8,1029.329,173.372,-1.2787,-0.1228,0.3529,174.08,0.11,0.0908,0.0136,0.454,0.339,153.43,0.424
8,1029.429,173.476,-1.2885,-0.1227,0.3529,174.36,0.2,0.0862,0.0135,0.455,0.339,153.43,0.524
8,1029.528,173.574,-1.2975,-0.1235,0.3529,174.47,0.21,0.089,0.0294,0.454,0.339,153.43,0.623
8,1029.628,173.681,-1.3074,-0.1229,0.35,174.4,0.18,0.0793,0.0327,0.453,0.339,153.43,0.723
8,1029.729,173.786,-1.3161,-0.1217,0.3512,174.46,0.11,0.0839,0.0144,0.453,0.339,153.43,0.824
9,1029.828,173.883,-1.3261,-0.1213,0.3513,174.73,0.16,0.0339,0.0,0.454,0.839,7.99,0.071
9,1029.929,173.984,-1.3327,-0.1214,0.3533,174.94,0.16,0.0339,0.0169,0.454,0.839,7.99,0.172
9,1030.028,174.089,-1.3364,-0.1208,0.3507,174.78,0.04,0.0385,0.0202,0.452,0.839,7.99,0.271
9,1030.128,174.191,-1.3352,-0.1202,0.3508,174.71,0.13,0.034,-0.0198,0.453,0.839,7.99,0.371
9,1030.228,174.288,-1.3339,-0.1179,0.3493,174.75,0.24,0.009,-0.0281,0.454,0.839,7.99,0.471
9,1030.328,174.389,-1.3332,-0.1187,0.3491,174.86,0.08,0.0,-0.0439,0.456,0.839,7.99,0.571
9,1030.428,174.528,-1.3317,-0.1219,0.3478,174.67,0.33,0.0,-0.0171,0.455,0.839,7.99,0.671
9,1030.528,174.631,-1.3298,-0.1238,0.3474,174.29,0.27,0.0,-0.0416,0.454,0.839,7.99,0.771
9,1030.628,174.732,-1.3284,-0.1231,0.3519,173.93,0.25,0.0,-0.0876,0.454,0.839,7.99,0.871
9,1030.728,174.832,-1.3261,-0.124,0.3522,173.93,0.37,0.0001,-0.0795,0.456,0.839,7.99,0.971
9,1030.828,174.932,-1.3218,-0.1273,0.3506,173.55,0.56,0.0001,-0.0122,0.456,0.839,7.93,0.066
9,1030.928,175.032,-1.3188,-0.1285,0.348,173.08,0.3,0.0001,-0.0122,0.455,0.839,7.93,0.166
9,1031.028,175.139,-1.3165,-0.1254,0.3484,172.86,0.24,0.0,-0.0815,0.456,0.839,7.93,0.266
9,1031.128,175.239,-1.3155,-0.1213,0.3452,172.78,0.14,0.0,-0.0788,0.458,0.839,7.93,0.366
9,1031.228,175.342,-1.3155,-0.1191,0.3466,172.63,0.08,0.0,-0.0604,0.463,0.839,7.93,0.466
9,1031.332,175.444,-1.3172,-0.1179,0.3467,172.01,0.14,0.0,-0.0787,0.466,0.839,7.93,0.57
9,1031.428,175.541,-1.3171,-0.1161,0.3495,171.37,0.23,0.0004,-0.0642,0.47,0.839,7.93,0.666
9,1031.531,175.647,-1.3169,-0.114,0.3469,171.21,0.25,0.003,-0.1297,0.476,0.839,7.93,0.769
9,1031.628,175.745,-1.317,-0.1136,0.3471,171.04,0.2,0.0005,-0.1184,0.479,0.839,7.93,0.866
9,1031.728,175.845,-1.3186,-0.1151,0.3479,170.32,0.06,0.001,-0.1001,0.481,0.839,7.93,0.966
9,1031.828,175.947,-1.3197,-0.1162,0.3492,169.51,0.1,0.0,-0.0875,0.484,0.839,7.93,0.014
9,1031.928,176.05,-1.32,-0.1166,0.3505,168.95,0.08,0.0026,-0.1275,0.487,0.839,7.93,0.114
9,1032.028,176.148,-1.3202,-0.117,0.3495,168.58,0.02,0.0004,-0.1616,0.49,0.839,7.93,0.214
9,1032.129,176.251,-1.3191,-0.1189,0.3501,167.82,0.19,0.0006,-0.1049,0.492,0.839,7.93,0.315
9,1032.228,176.351,-1.319,-0.1201,0.3496,167.06,0.04,0.0,-0.1208,0.495,0.839,7.93,0.414
9,1032.328,176.451,-1.3182,-0.1192,0.3517,166.18,0.1,0.0,-0.1432,0.498,0.839,7.93,0.514
9,1032.429,176.554,-1.3181,-0.1167,0.3506,165.57,0.19,0.0,-0.1537,0.503,0.839,7.93,0.615
9,1032.528,176.65,-1.3187,-0.1154,0.351,164.95,0.17,0.0,-0.1577,0.509,0.839,7.93,0.714
9,1032.628,176.752,-1.3205,-0.1152,0.3505,164.14,0.09,0.0023,-0.1295,0.515,0.839,7.93,0.814
9,1032.728,176.859,-1.3214,-0.1149,0.3517,163.16,0.18,0.0005,-0.1344,0.52,0.839,7.93,0.914
9,1032.829,176.96,-1.3211,-0.1144,0.351,162.43,0.15,0.0029,-0.1699,0.526,0.839,7.93,1.015
9,1032.928,177.059,-1.3213,-0.1143,0.3471,161.7,0.18,0.0004,-0.1835,0.532,0.839,7.93,0.082
9,1033.028,177.161,-1.3215,-0.1153,0.3479,160.88,0.04,0.0002,-0.1495,0.537,0.839,7.93,0.182
9,1033.128,177.261,-1.3226,-0.1158,0.3485,159.93,0.13,0.0,-0.1476,0.542,0.839,7.93,0.282
9,1033.228,177.361,-1.322,-0.116,0.351,158.97,0.16,0.0,-0.1396,0.548,0.839,7.93,0.382
9,1033.331,177.466,-1.3219,-0.1152,0.3494,158.36,0.15,0.0,-0.1696,0.555,0.839,7.93,0.485
9,1033.428,177.562,-1.3219,-0.1156,0.3502,157.65,0.07,0.0009,-0.1606,0.56,0.839,7.93,0.582
9,1033.528,177.662,-1.3231,-0.1171,0.3502,156.75,0.03,0.0003,-0.1345,0.565,0.839,7.93,0.682
9,1033.628,177.761,-1.3238,-0.1176,0.3519,155.73,0.14,0.0001,-0.1494,0.571,0.839,7.93,0.782
9,1033.732,177.866,-1.3238,-0.1173,0.3525,154.94,0.12,0.0006,-0.1833,0.578,0.839,7.93,0.886
9,1033.828,177.961,-1.3242,-0.1171,0.3513,154.33,0.09,0.0001,-0.1764,0.585,0.839,7.93,0.982
9,1033.928,178.09,-1.3242,-0.1181,0.3508,153.38,0.04,0.0001,-0.1216,0.591,0.839,7.93,0.041
9,1034.028,178.201,-1.3243,-0.1184,0.3499,152.32,0.13,0.0,-0.1606,0.598,0.839,7.93,0.141
9,1034.129,178.305,-1.3229,-0.1183,0.3511,151.43,0.19,0.0,-0.1609,0.614,0.839,7.93,0.242
9,1034.228,178.401,-1.3229,-0.1177,0.3499,150.86,0.13,0.0,-0.16,0.614,0.839,7.93,0.341
9,1034.331,178.505,-1.3233,-0.1186,0.3507,150.19,0.04,0.0001,-0.12,0.617,0.839,7.93,0.444
9,1034.428,178.612,-1.3249,-0.1188,0.3508,149.24,0.09,0.0,-0.0896,0.614,0.839,7.93,0.541
9,1034.529,178.707,-1.325,-0.1188,0.3529,148.53,0.15,0.0016,-0.1296,0.611,0.839,7.93,0.642
9,1034.628,178.808,-1.3254,-0.1182,0.3508,148.07,0.06,0.0003,-0.1392,0.607,0.839,7.93,0.741
9,1034.728,178.908,-1.3258,-0.1187,0.3517,148.12,0.12,0.0003,-0.1392,0.604,0.839,7.93,0.841
9,1034.828,179.007,-1.3265,-0.1197,0.3526,147.5,0.03,0.0001,-0.0923,0.605,0.839,7.93,0.941
9,1034.928,179.107,-1.3264,-0.12,0.3543,145.94,0.16,0.0001,-0.0422,0.603,0.839,7.93,0.049
9,1035.028,179.207,-1.325,-0.12,0.3545,145.21,0.18,0.0001,-0.0422,0.597,0.839,7.93,0.149
9,1035.128,179.326,-1.3248,-0.1201,0.3529,145.65,0.19,0.0,-0.1239,0.594,0.839,7.93,0.249
9,1035.228,179.448,-1.3252,-0.1214,0.3529,145.54,0.05,0.0,-0.0839,0.595,0.839,7.93,0.349
9,1035.328,179.527,-1.3264,-0.1224,0.3513,144.15,0.17,0.0,-0.0039,0.596,0.839,7.93,0.449
9,1035.429,179.632,-1.3267,-0.1229,0.3526,143.27,0.18,0.0004,0.0065,0.591,0.839,7.93,0.55
9,1035.528,179.728,-1.3261,-0.1231,0.3538,142.9,0.14,0.0002,-0.0735,0.588,0.839,7.93,0.649
9,1035.628,179.828,-1.3264,-0.1236,0.3538,143.03,0.14,0.0002,-0.1535,0.586,0.839,7.93,0.749
9,1035.728,179.935,-1.3273,-0.1233,0.3529,142.26,0.12,0.0006,-0.0735,0.587,0.839,7.93,0.849
9,1035.828,180.031,-1.3273,-0.1233,0.354,141.36,0.2,0.0006,-0.0391,0.585,0.839,7.93,0.949
9,1035.93,180.136,-1.3271,-0.1233,0.353,141.06,0.12,0.0017,-0.0791,0.581,0.839,7.93,0.019
9,1036.03,180.238,-1.3275,-0.1241,0.3528,141.61,0.16,0.0003,-0.1016,0.581,0.839,7.93,0.119
9,1036.13,180.342,-1.3283,-0.1261,0.3516,141.64,0.17,0.0,-0.0616,0.581,0.839,7.93,0.219
9,1036.229,180.444,-1.3291,-0.1277,0.3498,140.54,0.19,0.0,0.0073,0.584,0.839,7.93,0.318
9,1036.33,180.545,-1.3292,-0.1286,0.3511,139.89,0.11,0.0025,-0.0727,0.582,0.839,7.93,0.419
9,1036.428,180.639,-1.3298,-0.1282,0.3501,140.39,0.12,0.0048,-0.1527,0.58,0.839,7.93,0.517
9,1036.528,180.739,-1.33,-0.1292,0.3514,140.17,0.18,0.0048,-0.1536,0.581,0.839,7.93,0.617
9,1036.628,180.84,-1.3311,-0.1293,0.3504,139.36,0.07,0.0078,-0.0736,0.581,0.839,7.93,0.717
9,1036.73,180.945,-1.3312,-0.1282,0.353,138.22,0.14,0.0043,-0.0444,0.579,0.839,7.93,0.819
9,1036.828,181.044,-1.331,-0.1261,0.3521,138.24,0.14,0.0043,-0.0808,0.574,0.839,7.93,0.917
9,1036.928,181.159,-1.3317,-0.1247,0.3527,138.4,0.24,0.0052,-0.1141,0.571,0.839,7.93,1.017
9,1037.028,181.259,-1.3331,-0.1233,0.3476,137.81,0.13,0.0051,-0.0591,0.571,0.839,7.87,0.098
9,1037.128,181.363,-1.3341,-0.1245,0.3459,137.15,0.22,0.0063,-0.0965,0.567,0.839,7.87,0.198
9,1037.228,181.46,-1.3351,-0.127,0.3475,136.65,0.17,0.0087,-0.1361,0.565,0.839,7.87,0.298
9,1037.328,181.56,-1.3367,-0.13,0.3477,136.48,0.34,0.0028,-0.1466,0.565,0.839,7.87,0.398
9,1037.428,181.669,-1.3376,-0.1358,0.349,135.79,0.6,0.0006,-0.0746,0.567,0.839,7.87,0.498
9,1037.531,181.765,-1.3388,-0.1392,0.348,134.95,0.39,0.0,-0.0787,0.569,0.839,7.87,0.601
9,1037.628,181.862,-1.339,-0.1381,0.3508,134.2,0.16,0.0,-0.0862,0.571,0.839,7.87,0.698
9,1037.728,181.962,-1.3392,-0.1342,0.3504,133.95,0.08,0.0,-0.1662,0.568,0.839,7.87,0.798
9,1037.828,182.064,-1.3387,-0.1306,0.352,133.58,0.26,0.0046,-0.1412,0.564,0.839,7.87,0.898
9,1037.928,182.164,-1.3389,-0.1262,0.3507,132.86,0.25,0.0081,-0.1118,0.559,0.839,7.87,0.998
9,1038.029,182.273,-1.3377,-0.1237,0.3525,131.81,0.3,0.0073,-0.0718,0.553,0.839,7.87,0.046
9,1038.129,182.369,-1.3351,-0.1241,0.3522,131.42,0.31,0.011,-0.1051,0.546,0.839,7.87,0.146
9,1038.231,182.473,-1.3348,-0.1252,0.3506,131.45,0.23,0.0016,-0.1611,0.545,0.839,7.87,0.248
9,1038.328,182.567,-1.3368,-0.1277,0.3516,131.05,0.09,0.0003,-0.1447,0.545,0.839,7.87,0.345
9,1038.429,182.67,-1.3396,-0.1294,0.3519,129.82,0.15,0.0,-0.1047,0.546,0.839,7.87,0.446
9,1038.528,182.774,-1.3418,-0.1309,0.3545,128.46,0.27,0.0,-0.0981,0.545,0.839,7.87,0.545
9,1038.63,182.877,-1.344,-0.1308,0.3532,128.33,0.18,0.0,-0.1381,0.542,0.839,7.87,0.647
9,1038.729,182.985,-1.3445,-0.1324,0.3544,128.28,0.24,0.0007,-0.1435,0.54,0.839,7.87,0.746
9,1038.828,183.076,-1.3443,-0.1339,0.3543,127.63,0.1,0.0007,-0.1035,0.542,0.839,7.87,0.845
9,1038.932,183.181,-1.3424,-0.134,0.3559,126.23,0.13,0.0002,-0.0853,0.542,0.839,7.87,0.949
9,1039.031,183.28,-1.3395,-0.1329,0.3557,125.43,0.21,0.0004,-0.1253,0.538,0.839,7.87,0.026
9,1039.128,183.377,-1.3386,-0.1315,0.3548,125.35,0.3,0.0002,-0.16,0.535,0.839,7.87,0.123
9,1039.228,183.478,-1.3391,-0.1301,0.3546,124.66,0.2,0.0,-0.0984,0.533,0.839,7.87,0.223
9,1039.328,183.578,-1.3398,-0.129,0.3545,123.78,0.24,0.0,-0.0694,0.53,0.839,7.87,0.323
9,1039.43,183.683,-1.3395,-0.1299,0.3551,123.3,0.19,0.0012,-0.1298,0.526,0.839,7.87,0.425
9,1039.528,183.78,-1.3399,-0.1306,0.3534,122.76,0.07,0.0012,-0.1319,0.525,0.839,7.87,0.523
9,1039.628,183.88,-1.3408,-0.1331,0.3537,122.37,0.13,0.0006,-0.1169,0.524,0.839,7.87,0.623
