sim_s,wall_s,state,x,y,z,yaw_deg,tilt_deg,cmd_vx,cmd_wz,path_m,map_known_pct,map_known_cells,frontier_count,frontier_cells,frontier_clusters,frontier_extract_ms,candidates_checked,path_requests,selection_cycle,blacklisted,refused,timed_out,near_frontiers_skipped,provisional_recoveries,barren_cycles,marker_visible,marker_distance_m,homing_entry_distance_m,homing_entries,homing_abandons,marker_far_ignored,detections_n,exit_pose_seen,escaped,message
54.562,0.5,idle,0.0047,0.0467,0.3468,89.98,0.15,,,0.0,22.66,1715,0,0,0,0.0,0,0,0,0,0,0,0,0,0,False,,,0,0,0,0,0,0,
55.007,1.001,idle,0.0047,0.0467,0.3468,89.98,0.15,,,0.0,22.66,1715,0,0,0,0.0,0,0,0,0,0,0,0,0,0,False,,,0,0,0,0,0,0,
55.484,1.5,idle,0.0047,0.0467,0.3468,89.98,0.15,,,0.0,22.66,1715,0,0,0,0.0,0,0,0,0,0,0,0,0,0,False,,,0,0,0,0,0,0,
55.97,2.0,idle,0.0047,0.0467,0.3468,89.98,0.15,,,0.0,22.66,1715,0,0,0,0.0,0,0,0,0,0,0,0,0,0,False,,,0,0,0,0,0,0,
56.467,2.5,idle,0.0047,0.0467,0.3468,89.98,0.15,,,0.0,22.66,1715,0,0,0,0.0,0,0,0,0,0,0,0,0,0,False,,,0,0,0,0,0,0,
56.954,3.0,idle,0.0047,0.0467,0.3468,89.98,0.15,,,0.0,22.66,1715,0,0,0,0.0,0,0,0,0,0,0,0,0,0,False,,,0,0,0,0,0,0,
57.42,3.5,idle,0.0047,0.0467,0.3468,89.98,0.15,,,0.0,22.66,1715,0,0,0,0.0,0,0,0,0,0,0,0,0,0,False,,,0,0,0,0,0,0,
57.889,4.0,idle,0.0047,0.0467,0.3468,89.98,0.15,,,0.0,22.66,1715,0,0,0,0.0,0,0,0,0,0,0,0,0,0,False,,,0,0,0,0,0,0,
58.383,4.5,idle,0.0047,0.0467,0.3468,89.98,0.15,,,0.0,22.66,1715,0,0,0,0.0,0,0,0,0,0,0,0,0,0,False,,,0,0,0,0,0,0,
58.861,5.0,idle,0.0047,0.0467,0.3468,89.98,0.15,,,0.0,22.66,1715,0,0,0,0.0,0,0,0,0,0,0,0,0,0,False,,,0,0,0,0,0,0,
59.336,5.5,idle,0.0047,0.0467,0.3468,89.98,0.15,,,0.0,22.66,1715,0,0,0,0.0,0,0,0,0,0,0,0,0,0,False,,,0,0,0,0,0,0,
59.814,6.001,idle,0.0047,0.0467,0.3468,89.98,0.15,,,0.0,22.66,1715,0,0,0,0.0,0,0,0,0,0,0,0,0,0,False,,,0,0,0,0,0,0,
60.291,6.5,idle,0.0047,0.0467,0.3468,89.98,0.15,,,0.0,22.66,1715,0,0,0,0.0,0,0,0,0,0,0,0,0,0,False,,,0,0,0,0,0,0,
60.767,7.001,idle,0.0047,0.0467,0.3468,89.98,0.15,,,0.0,22.66,1715,0,0,0,0.0,0,0,0,0,0,0,0,0,0,False,,,0,0,0,0,0,0,
61.232,7.5,idle,0.0047,0.0467,0.3468,89.98,0.15,,,0.0,22.66,1715,0,0,0,0.0,0,0,0,0,0,0,0,0,0,False,,,0,0,0,0,0,0,
61.723,8.0,idle,0.0047,0.0467,0.3468,89.98,0.15,,,0.0,22.66,1715,0,0,0,0.0,0,0,0,0,0,0,0,0,0,False,,,0,0,0,0,0,0,
62.202,8.5,idle,0.0047,0.0467,0.3468,89.98,0.15,,,0.0,22.66,1715,0,0,0,0.0,0,0,0,0,0,0,0,0,0,False,,,0,0,0,0,0,0,
62.698,9.0,idle,0.0047,0.0467,0.3468,89.98,0.15,,,0.0,22.66,1715,0,0,0,0.0,0,0,0,0,0,0,0,0,0,False,,,0,0,0,0,0,0,
63.194,9.5,idle,0.0047,0.0467,0.3468,89.98,0.15,,,0.0,22.66,1715,0,0,0,0.0,0,0,0,0,0,0,0,0,0,False,,,0,0,0,0,0,0,
63.686,10.0,idle,0.0047,0.0467,0.3468,89.98,0.15,,,0.0,22.66,1715,0,0,0,0.0,0,0,0,0,0,0,0,0,0,False,,,0,0,0,0,0,0,
64.162,10.501,idle,0.0047,0.0467,0.3468,89.98,0.15,,,0.0,22.66,1715,0,0,0,0.0,0,0,0,0,0,0,0,0,0,False,,,0,0,0,0,0,0,
64.651,11.0,idle,0.0047,0.0467,0.3468,89.98,0.15,,,0.0,22.66,1715,0,0,0,0.0,0,0,0,0,0,0,0,0,0,False,,,0,0,0,0,0,0,
65.143,11.5,idle,0.0047,0.0467,0.3468,89.98,0.15,,,0.0,22.66,1715,0,0,0,0.0,0,0,0,0,0,0,0,0,0,False,,,0,0,0,0,0,0,
65.625,12.0,idle,0.0047,0.0467,0.3468,89.98,0.15,,,0.0,22.66,1715,0,0,0,0.0,0,0,0,0,0,0,0,0,0,False,,,0,0,0,0,0,0,
66.11,12.501,idle,0.0047,0.0467,0.3468,89.98,0.15,,,0.0,22.66,1715,0,0,0,0.0,0,0,0,0,0,0,0,0,0,False,,,0,0,0,0,0,0,
66.608,13.0,idle,0.0047,0.0467,0.3468,89.98,0.15,,,0.0,22.66,1715,0,0,0,0.0,0,0,0,0,0,0,0,0,0,False,,,0,0,0,0,0,0,
67.102,13.5,idle,0.0047,0.0467,0.3468,89.98,0.15,,,0.0,22.66,1715,0,0,0,0.0,0,0,0,0,0,0,0,0,0,False,,,0,0,0,0,0,0,
67.557,14.0,waiting_map,0.0047,0.0467,0.3468,89.98,0.15,,,0.0,22.66,1715,0,0,0,0.0,0,0,0,0,0,0,0,0,0,False,,,0,0,0,0,0,0,"aguardando mapa, TF e Nav2"
68.052,14.5,selecting,0.0047,0.0467,0.3468,89.98,0.15,,,0.0,22.66,1715,0,0,0,0.0,0,0,0,0,0,0,0,0,0,False,,,0,0,0,0,0,0,
68.532,15.0,selecting,0.0047,0.0467,0.3468,89.98,0.15,,,0.0,22.66,1715,0,0,0,0.0,0,0,0,0,0,0,0,0,0,False,,,0,0,0,0,0,0,
68.995,15.501,selecting,0.0047,0.0467,0.3468,89.98,0.15,,,0.0,22.66,1715,0,0,0,0.0,0,0,0,0,0,0,0,0,0,False,,,0,0,0,0,0,0,
69.486,16.0,selecting,0.0047,0.0467,0.3468,89.98,0.15,,,0.0,22.66,1715,4,630,4,129.8,1,1,1,0,0,0,0,0,0,False,,,0,0,0,0,0,0,
69.969,16.5,selecting,0.0047,0.0467,0.3468,89.98,0.15,,,0.0,22.66,1715,4,630,4,129.8,1,1,1,0,0,0,0,0,0,False,,,0,0,0,0,0,0,
70.411,17.001,navigating,0.0067,0.0442,0.3462,89.99,0.05,0.0188,-0.0029,0.003,22.66,1715,4,630,4,129.8,4,4,1,0,0,0,0,0,0,False,,,0,0,0,0,0,0,navegando para fronteira
70.91,17.5,navigating,0.0255,0.041,0.351,89.79,0.86,0.0388,-0.007,0.025,22.66,1715,4,630,4,129.8,4,4,1,0,0,0,0,0,0,False,,,0,0,0,0,0,0,navegando para fronteira
71.409,18.001,navigating,-0.0033,0.0945,0.3551,89.81,1.06,0.1073,-0.0226,0.09,22.66,1715,4,630,4,129.8,4,4,1,0,0,0,0,0,0,False,,,0,0,0,0,0,0,navegando para fronteira
71.896,18.5,navigating,-0.029,0.1478,0.3573,89.86,0.78,0.1104,-0.0179,0.156,22.66,1715,4,630,4,129.8,4,4,1,0,0,0,0,0,0,False,,,0,0,0,0,0,0,navegando para fronteira
72.355,19.0,navigating,-0.0216,0.1971,0.3557,89.65,0.29,0.1094,-0.0125,0.206,22.66,1715,4,630,4,129.8,4,4,1,0,0,0,0,0,0,False,,,0,0,0,0,0,0,navegando para fronteira
72.829,19.5,navigating,-0.0326,0.2434,0.3541,89.73,0.94,0.1099,-0.0293,0.254,22.66,1715,4,630,4,129.8,4,4,1,0,0,0,0,0,0,False,,,0,0,0,0,0,0,navegando para fronteira
73.311,20.0,navigating,-0.024,0.2991,0.3566,89.33,0.25,0.1114,0.0053,0.311,22.66,1715,4,630,4,129.8,4,4,1,0,0,0,0,0,0,False,,,0,0,0,0,0,0,navegando para fronteira
73.797,20.5,navigating,-0.0234,0.3612,0.358,88.95,0.23,0.1134,0.0077,0.374,22.66,1715,4,630,4,129.8,4,4,1,0,0,0,0,0,0,False,,,0,0,0,0,0,0,navegando para fronteira
74.261,21.0,navigating,-0.0287,0.4228,0.3518,89.22,0.43,0.1128,0.0217,0.436,22.66,1715,4,630,4,129.8,4,4,1,0,0,0,0,0,0,False,,,0,0,0,0,0,0,navegando para fronteira
74.755,21.5,navigating,-0.0274,0.4784,0.3561,89.74,0.2,0.1022,0.0211,0.492,22.66,1715,4,630,4,129.8,4,4,1,0,0,0,0,0,0,False,,,0,0,0,0,0,0,navegando para fronteira
75.248,22.0,navigating,-0.0229,0.5382,0.3545,90.51,0.19,0.1085,0.011,0.552,32.23,2439,4,630,4,129.8,4,4,1,0,0,0,0,0,0,False,,,0,0,0,0,0,0,navegando para fronteira
75.743,22.5,navigating,-0.0307,0.5957,0.354,91.21,0.32,0.1014,-0.0062,0.611,32.23,2439,4,630,4,129.8,4,4,1,0,0,0,0,0,0,False,,,0,0,0,0,0,0,navegando para fronteira
76.23,23.001,navigating,-0.0281,0.6466,0.3554,91.31,0.2,0.0955,0.0054,0.662,32.23,2439,4,630,4,129.8,4,4,1,0,0,0,0,0,0,False,,,0,0,0,0,0,0,navegando para fronteira
76.717,23.5,navigating,-0.0337,0.6984,0.3571,91.66,0.43,0.0977,0.0119,0.715,32.23,2439,4,630,4,129.8,4,4,1,0,0,0,0,0,0,False,,,0,0,0,0,0,0,navegando para fronteira
77.209,24.0,navigating,-0.0301,0.7278,0.3532,91.76,0.38,0.0,0.0,0.749,32.23,2439,4,630,4,129.8,4,4,1,0,0,0,0,0,0,False,,,0,0,0,0,0,0,navegando para fronteira
77.675,24.5,selecting,-0.0297,0.7288,0.353,91.63,0.14,0.0,0.0,0.754,32.23,2439,8,614,9,269.5,1,5,2,0,0,0,1,0,0,False,,,0,0,0,0,0,0,fronteira alcancada; atualizando mapa
78.14,25.0,navigating,-0.0297,0.7441,0.3525,91.61,0.24,0.0388,0.0085,0.77,32.23,2439,8,614,9,269.5,8,12,2,0,0,0,1,0,0,False,,,0,0,0,0,0,0,navegando para fronteira
78.608,25.5,navigating,-0.0364,0.7849,0.352,91.77,0.39,0.0761,0.0077,0.812,32.23,2439,8,614,9,269.5,8,12,2,0,0,0,1,0,0,False,,,0,0,0,0,0,0,navegando para fronteira
79.092,26.0,navigating,-0.0367,0.8331,0.3527,92.23,0.3,0.1008,0.022,0.861,33.5,2535,8,614,9,269.5,8,12,2,0,0,0,1,0,0,False,,,0,0,0,0,0,0,navegando para fronteira
79.564,26.5,navigating,-0.0443,0.8971,0.3545,93.15,0.5,0.1213,0.0302,0.926,33.5,2535,8,614,9,269.5,8,12,2,0,0,0,1,0,0,False,,,0,0,0,0,0,0,navegando para fronteira
80.014,27.0,navigating,-0.0518,0.9489,0.3539,93.75,0.2,0.1126,-0.0018,0.98,33.5,2535,8,614,9,269.5,8,12,2,0,0,0,1,0,0,False,,,0,0,0,0,0,0,navegando para fronteira
80.507,27.5,navigating,-0.0517,1.0177,0.354,94.35,0.24,0.1249,0.0024,1.049,33.5,2535,8,614,9,269.5,8,12,2,0,0,0,1,0,0,False,,,0,0,0,0,0,0,navegando para fronteira
80.99,28.0,navigating,-0.0648,1.0848,0.3595,94.56,0.55,0.1346,-0.0199,1.118,33.5,2535,8,614,9,269.5,8,12,2,0,0,0,1,0,0,False,,,0,0,0,0,0,0,navegando para fronteira
81.465,28.501,navigating,-0.0669,1.1533,0.3545,94.6,0.21,0.1342,0.0278,1.187,33.5,2535,8,614,9,269.5,8,12,2,0,0,0,1,0,0,False,,,0,0,0,0,0,0,navegando para fronteira
81.92,29.0,navigating,-0.0726,1.2196,0.3484,94.8,0.15,0.1256,0.0634,1.253,33.56,2540,8,614,9,269.5,8,12,2,0,0,0,1,0,0,False,,,0,0,0,0,0,0,navegando para fronteira
82.406,29.5,navigating,-0.0829,1.2888,0.354,95.36,0.31,0.1263,0.0674,1.324,33.56,2540,8,614,9,269.5,8,12,2,0,0,0,1,0,0,False,,,0,0,0,0,0,0,navegando para fronteira
82.889,30.0,navigating,-0.0933,1.3554,0.3553,94.64,0.35,0.1166,0.0113,1.391,33.56,2540,8,614,9,269.5,8,12,2,0,0,0,1,0,0,False,,,0,0,0,0,0,0,navegando para fronteira
83.374,30.5,navigating,-0.0955,1.412,0.3574,94.68,0.19,0.1049,0.0377,1.448,33.56,2540,8,614,9,269.5,8,12,2,0,0,0,1,0,0,False,,,0,0,0,0,0,0,navegando para fronteira
83.859,31.0,navigating,-0.1004,1.472,0.3543,94.66,0.24,0.1102,0.0175,1.509,33.56,2540,8,614,9,269.5,8,12,2,0,0,0,1,0,0,False,,,0,0,0,0,0,0,navegando para fronteira
84.335,31.5,navigating,-0.1093,1.5257,0.3549,95.23,0.19,0.0977,-0.0046,1.564,33.56,2540,8,614,9,269.5,8,12,2,0,0,0,1,0,0,False,,,0,0,0,0,0,0,navegando para fronteira
84.825,32.0,navigating,-0.1111,1.5825,0.3565,95.34,0.19,0.1,0.0099,1.621,33.59,2542,8,614,9,269.5,8,12,2,0,0,0,1,0,0,False,,,0,0,0,0,0,0,navegando para fronteira
85.309,32.5,navigating,-0.1174,1.6279,0.3537,95.54,0.39,0.0,0.0,1.668,33.59,2542,8,614,9,269.5,8,12,2,0,0,0,1,0,0,False,,,0,0,0,0,0,0,navegando para fronteira
85.792,33.0,navigating,-0.115,1.6282,0.3528,95.33,0.12,0.0,0.0,1.675,33.59,2542,8,614,9,269.5,8,12,2,0,0,0,1,0,0,False,,,0,0,0,0,0,0,navegando para fronteira
86.256,33.5,selecting,-0.1159,1.634,0.3538,95.4,0.21,0.0,0.0,1.681,33.59,2542,4,390,4,114.1,1,13,3,0,0,0,0,0,0,False,,,0,0,0,0,0,0,fronteira alcancada; atualizando mapa
86.747,34.0,selecting,-0.1159,1.6353,0.3543,95.36,0.19,0.0002,0.0102,1.683,33.59,2542,4,390,4,114.1,1,13,3,0,0,0,0,0,0,False,,,0,0,0,0,0,0,fronteira alcancada; atualizando mapa
87.233,34.5,navigating,-0.1148,1.636,0.353,95.66,0.17,0.0003,0.0409,1.685,33.59,2542,4,390,4,114.1,4,16,3,0,0,0,0,0,0,False,,,0,0,0,0,0,0,navegando para fronteira
87.71,35.001,navigating,-0.1194,1.6342,0.3524,96.95,0.36,0.0,0.079,1.695,33.59,2542,4,390,4,114.1,4,16,3,0,0,0,0,0,0,False,,,0,0,0,0,0,0,navegando para fronteira
88.188,35.5,navigating,-0.1202,1.6301,0.3523,99.26,0.07,0.0002,0.1129,1.705,33.59,2542,4,390,4,114.1,4,16,3,0,0,0,0,0,0,False,,,0,0,0,0,0,0,navegando para fronteira
88.675,36.0,navigating,-0.1196,1.6276,0.3514,102.25,0.22,0.0,0.1193,1.71,33.59,2542,4,390,4,114.1,4,16,3,0,0,0,0,0,0,False,,,0,0,0,0,0,0,navegando para fronteira
89.171,36.5,navigating,-0.1188,1.6229,0.3542,105.59,0.19,0.0003,0.1176,1.722,33.59,2542,4,390,4,114.1,4,16,3,0,0,0,0,0,0,False,,,0,0,0,0,0,0,navegando para fronteira
89.649,37.001,navigating,-0.116,1.6223,0.3529,108.72,0.18,0.0003,0.1361,1.728,33.59,2542,4,390,4,114.1,4,16,3,0,0,0,0,0,0,False,,,0,0,0,0,0,0,navegando para fronteira
90.119,37.5,navigating,-0.1182,1.6178,0.3533,112.14,0.27,0.0004,0.1477,1.734,33.59,2542,4,390,4,114.1,4,16,3,0,0,0,0,0,0,False,,,0,0,0,0,0,0,navegando para fronteira
90.609,38.0,navigating,-0.1201,1.6133,0.3545,115.59,0.27,0.0001,0.1646,1.741,33.59,2542,4,390,4,114.1,4,16,3,0,0,0,0,0,0,False,,,0,0,0,0,0,0,navegando para fronteira
91.101,38.5,navigating,-0.1163,1.6144,0.352,119.25,0.16,0.0,0.1903,1.749,33.59,2542,4,390,4,114.1,4,16,3,0,0,0,0,0,0,False,,,0,0,0,0,0,0,navegando para fronteira
91.584,39.0,navigating,-0.1202,1.6046,0.353,123.2,0.36,0.0,0.144,1.761,33.59,2542,4,390,4,114.1,4,16,3,0,0,0,0,0,0,False,,,0,0,0,0,0,0,navegando para fronteira
92.078,39.5,navigating,-0.1166,1.6053,0.3535,126.71,0.14,0.0001,0.1455,1.767,33.59,2542,4,390,4,114.1,4,16,3,0,0,0,0,0,0,False,,,0,0,0,0,0,0,navegando para fronteira
92.567,40.0,navigating,-0.1151,1.6013,0.3531,130.04,0.2,0.0,0.0649,1.773,33.59,2542,4,390,4,114.1,4,16,3,0,0,0,0,0,0,False,,,0,0,0,0,0,0,navegando para fronteira
93.03,40.5,navigating,-0.1159,1.5976,0.3571,132.74,0.26,0.0,0.0969,1.779,33.59,2542,4,390,4,114.1,4,16,3,0,0,0,0,0,0,False,,,0,0,0,0,0,0,navegando para fronteira
93.518,41.0,navigating,-0.1138,1.5935,0.3568,135.79,0.21,0.0,0.1305,1.787,33.59,2542,4,390,4,114.1,4,16,3,0,0,0,0,0,0,False,,,0,0,0,0,0,0,navegando para fronteira
94.009,41.5,navigating,-0.1104,1.5928,0.3583,139.35,0.21,0.0,0.1228,1.794,33.59,2542,4,390,4,114.1,4,16,3,0,0,0,0,0,0,False,,,0,0,0,0,0,0,navegando para fronteira
94.488,42.0,navigating,-0.1113,1.5883,0.3555,142.38,0.3,0.0007,0.1531,1.8,33.59,2542,4,390,4,114.1,4,16,3,0,0,0,0,0,0,False,,,0,0,0,0,0,0,navegando para fronteira
94.966,42.501,navigating,-0.11,1.5869,0.3509,145.82,0.17,0.0,0.1734,1.805,33.59,2542,4,390,4,114.1,4,16,3,0,0,0,0,0,0,False,,,0,0,0,0,0,0,navegando para fronteira
95.446,43.0,navigating,-0.1099,1.5799,0.3521,149.69,0.25,0.0003,0.1699,1.813,33.59,2542,4,390,4,114.1,4,16,3,0,0,0,0,0,0,False,,,0,0,0,0,0,0,navegando para fronteira
95.917,43.5,navigating,-0.1093,1.5819,0.3517,153.33,0.16,0.0002,0.1541,1.817,33.59,2542,4,390,4,114.1,4,16,3,0,0,0,0,0,0,False,,,0,0,0,0,0,0,navegando para fronteira
96.36,44.0,navigating,-0.108,1.5757,0.3512,156.68,0.32,0.0001,0.1568,1.826,33.59,2542,4,390,4,114.1,4,16,3,0,0,0,0,0,0,False,,,0,0,0,0,0,0,navegando para fronteira
96.84,44.5,navigating,-0.1071,1.5717,0.3534,160.76,0.23,0.0006,0.159,1.834,33.59,2542,4,390,4,114.1,4,16,3,0,0,0,0,0,0,False,,,0,0,0,0,0,0,navegando para fronteira
97.297,45.0,navigating,-0.1071,1.5709,0.3591,164.96,0.23,0.001,0.1673,1.839,33.59,2542,4,390,4,114.1,4,16,3,0,0,0,0,0,0,False,,,0,0,0,0,0,0,navegando para fronteira
97.763,45.5,navigating,-0.1061,1.5675,0.3576,169.63,0.26,0.0005,0.1945,1.846,33.59,2542,4,390,4,114.1,4,16,3,0,0,0,0,0,0,False,,,0,0,0,0,0,0,navegando para fronteira
98.229,46.0,navigating,-0.1063,1.57,0.3576,174.0,0.24,0.0069,0.1744,1.853,33.59,2542,4,390,4,114.1,4,16,3,0,0,0,0,0,0,False,,,0,0,0,0,0,0,navegando para fronteira
98.709,46.5,navigating,-0.1101,1.5649,0.362,178.53,0.31,0.0105,0.1703,1.862,33.59,2542,4,390,4,114.1,4,16,3,0,0,0,0,0,0,False,,,0,0,0,0,0,0,navegando para fronteira
99.203,47.0,navigating,-0.1134,1.557,0.3563,-177.43,0.31,0.0128,0.1981,1.872,33.59,2542,4,390,4,114.1,4,16,3,0,0,0,0,0,0,False,,,0,0,0,0,0,0,navegando para fronteira
99.678,47.5,navigating,-0.1223,1.5609,0.3577,-173.57,0.16,0.0212,0.166,1.882,33.59,2542,4,390,4,114.1,4,16,3,0,0,0,0,0,0,False,,,0,0,0,0,0,0,navegando para fronteira
100.159,48.001,navigating,-0.1318,1.5579,0.3539,-170.51,0.33,0.0191,0.1343,1.896,33.59,2542,4,390,4,114.1,4,16,3,0,0,0,0,0,0,False,,,0,0,0,0,0,0,navegando para fronteira
100.627,48.5,navigating,-0.1383,1.5521,0.354,-168.1,0.22,0.0169,0.0782,1.907,33.59,2542,4,390,4,114.1,4,16,3,0,0,0,0,0,0,False,,,0,0,0,0,0,0,navegando para fronteira
101.128,49.0,navigating,-0.1519,1.5524,0.3533,-165.34,0.2,0.0278,0.0681,1.921,33.59,2542,4,390,4,114.1,4,16,3,0,0,0,0,0,0,False,,,0,0,0,0,0,0,navegando para fronteira
101.586,49.5,navigating,-0.1664,1.5336,0.3496,-163.14,0.68,0.0352,0.1141,1.946,33.59,2542,4,390,4,114.1,4,16,3,0,0,0,0,0,0,False,,,0,0,0,0,0,0,navegando para fronteira
102.076,50.0,navigating,-0.1805,1.5283,0.3557,-160.12,0.28,0.0327,0.0991,1.965,33.59,2542,4,390,4,114.1,4,16,3,0,0,0,0,0,0,False,,,0,0,0,0,0,0,navegando para fronteira
102.559,50.5,navigating,-0.1964,1.5285,0.3579,-156.87,0.25,0.0292,0.1176,1.984,33.59,2542,4,390,4,114.1,4,16,3,0,0,0,0,0,0,False,,,0,0,0,0,0,0,navegando para fronteira
103.032,51.0,navigating,-0.2091,1.5088,0.3608,-153.45,0.51,0.0438,0.0822,2.007,33.59,2542,4,390,4,114.1,4,16,3,0,0,0,0,0,0,False,,,0,0,0,0,0,0,navegando para fronteira
103.502,51.5,navigating,-0.2297,1.5052,0.3616,-150.85,0.2,0.0412,0.128,2.029,33.59,2542,4,390,4,114.1,4,16,3,0,0,0,0,0,0,False,,,0,0,0,0,0,0,navegando para fronteira
103.942,52.0,navigating,-0.2443,1.4954,0.36,-148.15,0.26,0.0376,0.1501,2.048,33.59,2542,4,390,4,114.1,4,16,3,0,0,0,0,0,0,False,,,0,0,0,0,0,0,navegando para fronteira
104.423,52.5,navigating,-0.2606,1.477,0.3576,-144.67,0.38,0.0431,0.1376,2.074,33.59,2542,4,390,4,114.1,4,16,3,0,0,0,0,0,0,False,,,0,0,0,0,0,0,navegando para fronteira
104.882,53.001,navigating,-0.2864,1.4623,0.3484,-141.41,0.3,0.0544,0.1467,2.103,33.59,2542,4,390,4,114.1,4,16,3,0,0,0,0,0,0,False,,,0,0,0,0,0,0,navegando para fronteira
105.362,53.5,navigating,-0.3031,1.4321,0.3571,-137.39,0.58,0.0427,0.1326,2.139,33.59,2542,4,390,4,114.1,4,16,3,0,0,0,0,0,0,False,,,0,0,0,0,0,0,navegando para fronteira
105.834,54.0,navigating,-0.3178,1.4319,0.3539,-134.33,0.27,0.0164,0.1079,2.157,36.24,2774,4,390,4,114.1,4,16,3,0,0,0,0,0,0,False,,,0,0,0,0,0,0,navegando para fronteira
106.309,54.501,navigating,-0.3245,1.4231,0.3568,-131.34,0.2,0.013,0.0916,2.17,36.24,2774,4,390,4,114.1,4,16,3,0,0,0,0,0,0,False,,,0,0,0,0,0,0,navegando para fronteira
106.777,55.0,navigating,-0.3232,1.41,0.3588,-128.65,0.46,0.0417,0.11,2.186,36.24,2774,4,390,4,114.1,4,16,3,0,0,0,0,0,0,False,,,0,0,0,0,0,0,navegando para fronteira
107.254,55.5,navigating,-0.3429,1.3972,0.3609,-125.69,0.31,0.0434,0.0267,2.211,36.24,2774,4,390,4,114.1,4,16,3,0,0,0,0,0,0,False,,,0,0,0,0,0,0,navegando para fronteira
107.734,56.0,navigating,-0.3548,1.36,0.3577,-123.78,0.65,0.0753,0.1013,2.252,36.24,2774,4,390,4,114.1,4,16,3,0,0,0,0,0,0,False,,,0,0,0,0,0,0,navegando para fronteira
108.215,56.5,navigating,-0.3838,1.3238,0.3608,-122.11,0.25,0.073,0.0535,2.299,36.24,2774,4,390,4,114.1,4,16,3,0,0,0,0,0,0,False,,,0,0,0,0,0,0,navegando para fronteira
108.7,57.0,navigating,-0.3848,1.2986,0.3578,-120.58,0.73,0.0456,0.068,2.332,36.24,2774,4,390,4,114.1,4,16,3,0,0,0,0,0,0,False,,,0,0,0,0,0,0,navegando para fronteira
109.166,57.5,navigating,-0.3981,1.2674,0.352,-118.64,0.48,0.057,0.0674,2.367,36.24,2774,4,390,4,114.1,4,16,3,0,0,0,0,0,0,False,,,0,0,0,0,0,0,navegando para fronteira
109.634,58.0,navigating,-0.4025,1.2356,0.3568,-116.78,0.53,0.0597,0.0477,2.401,36.83,2819,4,390,4,114.1,4,16,3,0,0,0,0,0,0,False,,,0,0,0,0,0,0,navegando para fronteira
110.117,58.5,navigating,-0.4067,1.2094,0.3574,-114.93,0.43,0.0627,0.0575,2.43,36.83,2819,4,390,4,114.1,4,16,3,0,0,0,0,0,0,False,,,0,0,0,0,0,0,navegando para fronteira
110.595,59.0,navigating,-0.4105,1.1803,0.3542,-113.28,0.57,0.0743,0.0764,2.463,36.83,2819,4,390,4,114.1,4,16,3,0,0,0,0,0,0,False,,,0,0,0,0,0,0,navegando para fronteira
111.08,59.5,navigating,-0.4142,1.1438,0.3568,-111.39,0.74,0.085,0.0627,2.501,36.83,2819,4,390,4,114.1,4,16,3,0,0,0,0,0,0,False,,,0,0,0,0,0,0,navegando para fronteira
111.569,60.0,navigating,-0.4158,1.1084,0.3588,-109.75,0.84,0.0697,0.0646,2.54,36.83,2819,4,390,4,114.1,4,16,3,0,0,0,0,0,0,False,,,0,0,0,0,0,0,navegando para fronteira
112.06,60.501,navigating,-0.4239,1.0741,0.3597,-108.21,0.47,0.0665,0.0678,2.576,36.83,2819,4,390,4,114.1,4,16,3,0,0,0,0,0,0,False,,,0,0,0,0,0,0,navegando para fronteira
112.548,61.001,navigating,-0.4263,1.0354,0.3565,-106.74,0.52,0.0772,0.0751,2.617,36.83,2819,4,390,4,114.1,4,16,3,0,0,0,0,0,0,False,,,0,0,0,0,0,0,navegando para fronteira
112.999,61.5,navigating,-0.4357,0.9941,0.3541,-105.24,0.41,0.0807,0.0565,2.66,36.83,2819,4,390,4,114.1,4,16,3,0,0,0,0,0,0,False,,,0,0,0,0,0,0,navegando para fronteira
113.487,62.0,navigating,-0.4392,0.9464,0.3536,-104.21,0.3,0.0826,0.0705,2.71,36.83,2819,4,390,4,114.1,4,16,3,0,0,0,0,0,0,False,,,0,0,0,0,0,0,navegando para fronteira
113.969,62.5,navigating,-0.4452,0.903,0.3567,-102.38,0.49,0.0797,0.1155,2.755,36.83,2819,4,390,4,114.1,4,16,3,0,0,0,0,0,0,False,,,0,0,0,0,0,0,navegando para fronteira
114.466,63.0,navigating,-0.4489,0.8647,0.3577,-101.37,0.24,0.0676,0.1276,2.797,44.47,3404,4,390,4,114.1,4,16,3,0,0,0,0,0,0,False,,,0,0,0,0,0,0,navegando para fronteira
114.944,63.5,navigating,-0.455,0.8251,0.364,-100.14,0.29,0.0791,0.0018,2.838,44.47,3404,4,390,4,114.1,4,16,3,0,0,0,0,0,0,False,,,0,0,0,0,0,0,navegando para fronteira
115.425,64.0,navigating,-0.4646,0.7848,0.3632,-98.62,0.37,0.0769,-0.029,2.882,44.47,3404,4,390,4,114.1,4,16,3,0,0,0,0,0,0,False,,,0,0,0,0,0,0,navegando para fronteira
115.909,64.5,navigating,-0.4726,0.7462,0.3598,-98.04,0.24,0.0656,0.0944,2.923,44.47,3404,4,390,4,114.1,4,16,3,0,0,0,0,0,0,False,,,0,0,0,0,0,0,navegando para fronteira
116.378,65.0,navigating,-0.4738,0.7132,0.3562,-96.02,0.16,0.0546,0.1157,2.956,44.47,3404,4,390,4,114.1,4,16,3,0,0,0,0,0,0,False,,,0,0,0,0,0,0,navegando para fronteira
116.857,65.5,navigating,-0.4789,0.6763,0.3514,-94.04,0.16,0.0688,0.0413,2.994,44.47,3404,4,390,4,114.1,4,16,3,0,0,0,0,0,0,False,,,0,0,0,0,0,0,navegando para fronteira
117.335,66.0,navigating,-0.4819,0.6405,0.3528,-93.07,0.33,0.0593,0.0568,3.03,44.47,3404,4,390,4,114.1,4,16,3,0,0,0,0,0,0,False,,,0,0,0,0,0,0,navegando para fronteira
117.818,66.5,navigating,-0.4817,0.6106,0.3567,-92.38,0.27,0.0534,-0.0027,3.061,44.47,3404,4,390,4,114.1,4,16,3,0,0,0,0,0,0,False,,,0,0,0,0,0,0,navegando para fronteira
118.297,67.001,navigating,-0.4905,0.5765,0.3568,-92.09,0.27,0.0569,-0.0069,3.097,44.47,3404,4,390,4,114.1,4,16,3,0,0,0,0,0,0,False,,,0,0,0,0,0,0,navegando para fronteira
118.781,67.5,navigating,-0.4864,0.5451,0.354,-92.17,0.3,0.0481,-0.0336,3.129,44.47,3404,4,390,4,114.1,4,16,3,0,0,0,0,0,0,False,,,0,0,0,0,0,0,navegando para fronteira
119.263,68.0,navigating,-0.4943,0.5229,0.3546,-92.41,0.26,0.0398,-0.0227,3.153,47.88,3665,4,390,4,114.1,4,16,3,0,0,0,0,0,0,False,,,0,0,0,0,0,0,navegando para fronteira
119.751,68.5,navigating,-0.4903,0.5031,0.3563,-92.51,0.41,0.0334,-0.027,3.174,47.88,3665,4,390,4,114.1,4,16,3,0,0,0,0,0,0,False,,,0,0,0,0,0,0,navegando para fronteira
120.214,69.0,navigating,-0.4962,0.4857,0.3499,-92.48,0.3,0.035,0.0344,3.196,47.88,3665,4,390,4,114.1,4,16,3,0,0,0,0,0,0,False,,,0,0,0,0,0,0,navegando para fronteira
120.706,69.5,navigating,-0.4896,0.4718,0.3535,-92.8,0.41,0.0196,-0.004,3.217,47.88,3665,4,390,4,114.1,4,16,3,0,0,0,0,0,0,False,,,0,0,0,0,0,0,navegando para fronteira
121.189,70.0,navigating,-0.4926,0.451,0.3549,-93.63,0.13,0.0282,-0.0241,3.238,47.88,3665,4,390,4,114.1,4,16,3,0,0,0,0,0,0,False,,,0,0,0,0,0,0,navegando para fronteira
121.66,70.5,navigating,-0.4989,0.4377,0.3543,-94.2,0.24,0.0214,0.0106,3.255,47.88,3665,4,390,4,114.1,4,16,3,0,0,0,0,0,0,False,,,0,0,0,0,0,0,navegando para fronteira
122.113,71.0,navigating,-0.4952,0.4274,0.3518,-94.07,0.27,0.0153,0.0042,3.267,47.88,3665,4,390,4,114.1,4,16,3,0,0,0,0,0,0,False,,,0,0,0,0,0,0,navegando para fronteira
122.601,71.5,navigating,-0.4998,0.4142,0.3559,-93.57,0.18,0.0212,0.0136,3.282,47.88,3665,4,390,4,114.1,4,16,3,0,0,0,0,0,0,False,,,0,0,0,0,0,0,navegando para fronteira
123.075,72.0,navigating,-0.5,0.4025,0.3495,-93.13,0.15,0.0171,-0.0039,3.294,47.88,3665,4,390,4,114.1,4,16,3,0,0,0,0,0,0,False,,,0,0,0,0,0,0,navegando para fronteira
123.565,72.5,navigating,-0.5013,0.3918,0.3513,-92.8,0.15,0.0192,0.0274,3.306,47.88,3665,4,390,4,114.1,4,16,3,0,0,0,0,0,0,False,,,0,0,0,0,0,0,navegando para fronteira
124.053,73.0,navigating,-0.5023,0.3825,0.3553,-92.35,0.18,0.0173,0.0134,3.317,47.88,3665,4,390,4,114.1,4,16,3,0,0,0,0,0,0,False,,,0,0,0,0,0,0,navegando para fronteira
124.532,73.5,navigating,-0.5031,0.3769,0.356,-92.27,0.18,0.0089,-0.0061,3.325,47.88,3665,4,390,4,114.1,4,16,3,0,0,0,0,0,0,False,,,0,0,0,0,0,0,navegando para fronteira
124.997,74.0,navigating,-0.5025,0.3708,0.3544,-92.63,0.16,0.0101,-0.0078,3.332,47.88,3665,4,390,4,114.1,4,16,3,0,0,0,0,0,0,False,,,0,0,0,0,0,0,navegando para fronteira
125.481,74.501,navigating,-0.5048,0.3614,0.3516,-93.02,0.17,0.0137,0.005,3.343,47.88,3665,4,390,4,114.1,4,16,3,0,0,0,0,0,0,False,,,0,0,0,0,0,0,navegando para fronteira
125.973,75.0,navigating,-0.5057,0.3557,0.3546,-93.26,0.15,0.007,0.0048,3.351,47.88,3665,4,390,4,114.1,4,16,3,0,0,0,0,0,0,False,,,0,0,0,0,0,0,navegando para fronteira
126.461,75.5,navigating,-0.5087,0.3541,0.3554,-93.29,0.18,0.005,-0.028,3.357,47.88,3665,4,390,4,114.1,4,16,3,0,0,0,0,0,0,False,,,0,0,0,0,0,0,navegando para fronteira
126.93,76.0,navigating,-0.5073,0.3529,0.3535,-93.53,0.16,0.0021,-0.0013,3.363,47.88,3665,4,390,4,114.1,4,16,3,0,0,0,0,0,0,False,,,0,0,0,0,0,0,navegando para fronteira
127.415,76.5,navigating,-0.5103,0.3509,0.3531,-93.49,0.13,0.0044,-0.0139,3.368,47.88,3665,4,390,4,114.1,4,16,3,0,0,0,0,0,0,False,,,0,0,0,0,0,0,navegando para fronteira
127.899,77.0,navigating,-0.5095,0.3504,0.3525,-93.52,0.13,0.0025,0.0009,3.373,47.88,3665,4,390,4,114.1,4,16,3,0,0,0,0,0,0,False,,,0,0,0,0,0,0,navegando para fronteira
128.379,77.5,navigating,-0.5074,0.3477,0.3497,-93.63,0.23,0.0013,-0.0319,3.378,47.88,3665,4,390,4,114.1,4,16,3,0,0,0,0,0,0,False,,,0,0,0,0,0,0,navegando para fronteira
128.87,78.0,navigating,-0.5048,0.3454,0.3518,-93.25,0.29,0.0037,-0.0118,3.383,47.88,3665,4,390,4,114.1,4,16,3,0,0,0,0,0,0,False,,,0,0,0,0,0,0,navegando para fronteira
129.362,78.5,navigating,-0.5006,0.3428,0.3519,-94.07,0.22,0.0017,0.041,3.391,47.88,3665,4,390,4,114.1,4,16,3,0,0,0,0,0,0,False,,,0,0,0,0,0,0,navegando para fronteira
129.822,79.0,navigating,-0.5085,0.3423,0.3527,-94.16,0.25,0.0019,-0.0152,3.4,47.88,3665,4,390,4,114.1,4,16,3,0,0,0,0,0,0,False,,,0,0,0,0,0,0,navegando para fronteira
130.293,79.5,navigating,-0.5011,0.3482,0.3531,-94.69,0.36,0.0,-0.0082,3.413,47.88,3665,4,390,4,114.1,4,16,3,0,0,0,0,0,0,False,,,0,0,0,0,0,0,navegando para fronteira
130.765,80.0,navigating,-0.5024,0.344,0.357,-95.29,0.26,0.0087,-0.0228,3.419,47.88,3665,4,390,4,114.1,4,16,3,0,0,0,0,0,0,False,,,0,0,0,0,0,0,navegando para fronteira
131.254,80.5,navigating,-0.5012,0.3354,0.3585,-95.0,0.28,0.0132,0.0231,3.43,47.88,3665,4,390,4,114.1,4,16,3,0,0,0,0,0,0,False,,,0,0,0,0,0,0,navegando para fronteira
131.716,81.0,navigating,-0.5027,0.3348,0.3594,-94.92,0.09,0.005,0.0224,3.437,47.88,3665,4,390,4,114.1,4,16,3,0,0,0,0,0,0,False,,,0,0,0,0,0,0,navegando para fronteira
132.185,81.5,selecting,-0.4955,0.341,0.3507,-93.18,0.34,0.0,0.0,3.447,47.88,3665,4,390,4,114.1,4,16,3,0,0,1,0,0,0,False,,,0,0,0,0,0,0,meta de fronteira expirou
132.658,82.0,selecting,-0.4951,0.3452,0.353,-93.28,0.19,0.0,0.0,3.456,47.88,3665,4,390,4,114.1,4,16,3,0,0,1,0,0,0,False,,,0,0,0,0,0,0,meta de fronteira expirou
133.143,82.5,selecting,-0.4942,0.3417,0.3548,-92.87,0.26,0.0,0.0,3.46,47.88,3665,2,77,2,122.5,1,17,4,0,0,1,0,0,0,False,,,0,0,0,0,0,0,meta de fronteira expirou
133.613,83.0,selecting,-0.4943,0.3417,0.3553,-93.02,0.24,0.0,0.0,3.46,47.88,3665,2,77,2,122.5,1,17,4,0,0,1,0,0,0,False,,,0,0,0,0,0,0,meta de fronteira expirou
134.11,83.5,selecting,-0.4948,0.3418,0.3554,-93.13,0.24,0.0,0.0,3.461,47.88,3665,2,77,2,122.5,1,17,4,0,0,1,0,0,0,False,,,0,0,0,0,0,0,meta de fronteira expirou
134.606,84.0,selecting,-0.4944,0.3418,0.3554,-92.91,0.24,0.0,0.0,3.462,47.88,3665,2,77,2,143.2,1,19,5,0,0,0,0,1,0,False,,,0,0,0,0,0,0,released provisional frontier suppressions
135.068,84.502,selecting,-0.4944,0.3418,0.3555,-92.8,0.24,0.0,0.0,3.462,47.88,3665,2,77,2,143.2,1,19,5,0,0,0,0,1,0,False,,,0,0,0,0,0,0,released provisional frontier suppressions
135.55,85.0,selecting,-0.4945,0.3418,0.3555,-92.91,0.23,0.0,0.0,3.463,47.88,3665,0,77,2,121.0,0,20,6,0,2,0,0,1,1,False,,,0,0,0,0,0,0,nenhuma fronteira segura alcancavel
136.011,85.5,selecting,-0.4945,0.3418,0.3555,-92.91,0.24,0.0,0.0,3.463,47.88,3665,0,77,2,121.0,0,20,6,0,2,0,0,1,1,False,,,0,0,0,0,0,0,nenhuma fronteira segura alcancavel
136.48,86.0,selecting,-0.4944,0.3418,0.3555,-92.9,0.24,0.0,0.0,3.463,47.88,3665,0,77,2,105.9,0,20,7,0,2,0,0,1,2,False,,,0,0,0,0,0,0,nenhuma fronteira segura alcancavel
136.969,86.5,selecting,-0.4944,0.3418,0.3554,-92.89,0.24,0.0,0.0,3.463,47.88,3665,0,77,2,105.9,0,20,7,0,2,0,0,1,2,False,,,0,0,0,0,0,0,nenhuma fronteira segura alcancavel
137.461,87.0,selecting,-0.4944,0.3418,0.3554,-92.91,0.24,0.0,0.0,3.463,47.88,3665,0,77,2,122.6,0,20,8,0,2,0,0,1,3,False,,,0,0,0,0,0,0,nenhuma fronteira segura alcancavel
137.946,87.5,selecting,-0.4944,0.3419,0.3554,-92.9,0.24,0.0,0.0,3.464,47.88,3665,0,77,2,122.6,0,20,8,0,2,0,0,1,3,False,,,0,0,0,0,0,0,nenhuma fronteira segura alcancavel
138.408,88.001,selecting,-0.4944,0.3419,0.3554,-92.91,0.23,0.0,0.0,3.464,47.88,3665,0,77,2,156.4,0,20,9,0,2,0,0,1,4,False,,,0,0,0,0,0,0,nenhuma fronteira segura alcancavel
138.876,88.5,selecting,-0.4944,0.3419,0.3554,-92.9,0.24,0.0,0.0,3.464,47.88,3665,0,77,2,156.4,0,20,9,0,2,0,0,1,4,False,,,0,0,0,0,0,0,nenhuma fronteira segura alcancavel
139.367,89.0,selecting,-0.4944,0.3419,0.3553,-92.85,0.24,0.0,0.0,3.464,47.88,3665,0,77,2,134.9,0,20,10,0,2,0,0,1,5,False,,,0,0,0,0,0,0,nenhuma fronteira segura alcancavel
139.853,89.5,selecting,-0.4944,0.3419,0.3553,-92.93,0.23,0.0,0.0,3.464,47.88,3665,0,77,2,134.9,0,20,10,0,2,0,0,1,5,False,,,0,0,0,0,0,0,nenhuma fronteira segura alcancavel
140.32,90.001,selecting,-0.4945,0.3418,0.3554,-92.93,0.23,0.0,0.0,3.465,47.88,3665,0,77,2,142.0,0,20,11,0,2,0,0,1,6,False,,,0,0,0,0,0,0,nenhuma fronteira segura alcancavel
140.811,90.5,selecting,-0.4945,0.3418,0.3554,-92.93,0.24,0.0,0.0,3.465,47.88,3665,0,77,2,142.0,0,20,11,0,2,0,0,1,6,False,,,0,0,0,0,0,0,nenhuma fronteira segura alcancavel
141.27,91.0,selecting,-0.4945,0.3418,0.3554,-92.93,0.24,0.0,0.0,3.465,47.88,3665,0,77,2,169.0,0,20,12,0,2,0,0,1,7,False,,,0,0,0,0,0,0,nenhuma fronteira segura alcancavel
141.761,91.5,selecting,-0.4945,0.3418,0.3553,-92.92,0.24,0.0,0.0,3.465,47.88,3665,0,77,2,169.0,0,20,12,0,2,0,0,1,7,False,,,0,0,0,0,0,0,nenhuma fronteira segura alcancavel
142.253,92.0,selecting,-0.4945,0.3418,0.3553,-92.93,0.23,0.0,0.0,3.465,47.88,3665,0,77,2,183.3,0,20,13,0,2,0,0,1,8,False,,,0,0,0,0,0,0,nenhuma fronteira segura alcancavel
142.729,92.5,selecting,-0.4945,0.3418,0.3553,-92.91,0.24,0.0,0.0,3.465,47.88,3665,0,77,2,183.3,0,20,13,0,2,0,0,1,8,False,,,0,0,0,0,0,0,nenhuma fronteira segura alcancavel
143.218,93.0,selecting,-0.4945,0.3418,0.3553,-92.92,0.23,0.0,0.0,3.465,47.88,3665,0,77,2,124.0,0,20,14,0,2,0,0,1,9,False,,,0,0,0,0,0,0,nenhuma fronteira segura alcancavel
143.711,93.501,selecting,-0.4945,0.3418,0.3553,-92.92,0.23,0.0,0.0,3.465,47.88,3665,0,77,2,124.0,0,20,14,0,2,0,0,1,9,False,,,0,0,0,0,0,0,nenhuma fronteira segura alcancavel
144.187,94.0,failed,-0.4945,0.3418,0.3553,-92.92,0.23,0.0,0.0,3.465,47.88,3665,0,77,2,108.2,0,20,15,0,2,0,0,1,10,False,,,0,0,0,0,0,0,nenhuma fronteira segura alcancavel
144.659,94.5,failed,-0.4945,0.3418,0.3553,-92.92,0.23,0.0,0.0,3.465,47.88,3665,0,77,2,108.2,0,20,15,0,2,0,0,1,10,False,,,0,0,0,0,0,0,nenhuma fronteira segura alcancavel
145.124,95.0,failed,-0.4945,0.3418,0.3553,-92.92,0.23,0.0,0.0,3.465,47.88,3665,0,77,2,108.2,0,20,15,0,2,0,0,1,10,False,,,0,0,0,0,0,0,nenhuma fronteira segura alcancavel
145.615,95.5,failed,-0.4945,0.3418,0.3553,-92.92,0.23,0.0,0.0,3.465,47.88,3665,0,77,2,108.2,0,20,15,0,2,0,0,1,10,False,,,0,0,0,0,0,0,nenhuma fronteira segura alcancavel
146.107,96.0,failed,-0.4945,0.3418,0.3553,-92.92,0.23,0.0,0.0,3.465,47.88,3665,0,77,2,108.2,0,20,15,0,2,0,0,1,10,False,,,0,0,0,0,0,0,nenhuma fronteira segura alcancavel
146.598,96.5,failed,-0.4945,0.3418,0.3553,-92.92,0.23,0.0,0.0,3.465,47.88,3665,0,77,2,108.2,0,20,15,0,2,0,0,1,10,False,,,0,0,0,0,0,0,nenhuma fronteira segura alcancavel
147.092,97.0,failed,-0.4945,0.3418,0.3553,-92.92,0.23,0.0,0.0,3.465,47.88,3665,0,77,2,108.2,0,20,15,0,2,0,0,1,10,False,,,0,0,0,0,0,0,nenhuma fronteira segura alcancavel
147.565,97.5,failed,-0.4945,0.3418,0.3553,-92.92,0.23,0.0,0.0,3.465,47.88,3665,0,77,2,108.2,0,20,15,0,2,0,0,1,10,False,,,0,0,0,0,0,0,nenhuma fronteira segura alcancavel
148.042,98.0,failed,-0.4945,0.3418,0.3553,-92.92,0.23,0.0,0.0,3.465,47.88,3665,0,77,2,108.2,0,20,15,0,2,0,0,1,10,False,,,0,0,0,0,0,0,nenhuma fronteira segura alcancavel
148.492,98.5,failed,-0.4945,0.3418,0.3553,-92.92,0.23,0.0,0.0,3.465,47.88,3665,0,77,2,108.2,0,20,15,0,2,0,0,1,10,False,,,0,0,0,0,0,0,nenhuma fronteira segura alcancavel
148.988,99.0,failed,-0.4945,0.3418,0.3553,-92.92,0.23,0.0,0.0,3.465,47.88,3665,0,77,2,108.2,0,20,15,0,2,0,0,1,10,False,,,0,0,0,0,0,0,nenhuma fronteira segura alcancavel
149.455,99.5,failed,-0.4945,0.3418,0.3553,-92.92,0.23,0.0,0.0,3.465,47.88,3665,0,77,2,108.2,0,20,15,0,2,0,0,1,10,False,,,0,0,0,0,0,0,nenhuma fronteira segura alcancavel
149.948,100.0,failed,-0.4945,0.3418,0.3553,-92.92,0.23,0.0,0.0,3.465,47.88,3665,0,77,2,108.2,0,20,15,0,2,0,0,1,10,False,,,0,0,0,0,0,0,nenhuma fronteira segura alcancavel
150.443,100.5,failed,-0.4945,0.3418,0.3553,-92.92,0.23,0.0,0.0,3.465,47.88,3665,0,77,2,108.2,0,20,15,0,2,0,0,1,10,False,,,0,0,0,0,0,0,nenhuma fronteira segura alcancavel
150.907,101.0,failed,-0.4945,0.3418,0.3553,-92.92,0.23,0.0,0.0,3.465,47.88,3665,0,77,2,108.2,0,20,15,0,2,0,0,1,10,False,,,0,0,0,0,0,0,nenhuma fronteira segura alcancavel
151.403,101.5,failed,-0.4945,0.3418,0.3553,-92.92,0.23,0.0,0.0,3.465,47.88,3665,0,77,2,108.2,0,20,15,0,2,0,0,1,10,False,,,0,0,0,0,0,0,nenhuma fronteira segura alcancavel
151.879,102.0,failed,-0.4945,0.3418,0.3553,-92.92,0.23,0.0,0.0,3.465,47.88,3665,0,77,2,108.2,0,20,15,0,2,0,0,1,10,False,,,0,0,0,0,0,0,nenhuma fronteira segura alcancavel
152.365,102.5,failed,-0.4945,0.3418,0.3553,-92.92,0.23,0.0,0.0,3.465,47.88,3665,0,77,2,108.2,0,20,15,0,2,0,0,1,10,False,,,0,0,0,0,0,0,nenhuma fronteira segura alcancavel
152.847,103.0,failed,-0.4945,0.3418,0.3553,-92.92,0.23,0.0,0.0,3.465,47.88,3665,0,77,2,108.2,0,20,15,0,2,0,0,1,10,False,,,0,0,0,0,0,0,nenhuma fronteira segura alcancavel
153.32,103.501,failed,-0.4945,0.3418,0.3553,-92.92,0.23,0.0,0.0,3.465,47.88,3665,0,77,2,108.2,0,20,15,0,2,0,0,1,10,False,,,0,0,0,0,0,0,nenhuma fronteira segura alcancavel
153.767,104.0,failed,-0.4945,0.3418,0.3553,-92.92,0.23,0.0,0.0,3.465,47.88,3665,0,77,2,108.2,0,20,15,0,2,0,0,1,10,False,,,0,0,0,0,0,0,nenhuma fronteira segura alcancavel
154.226,104.5,failed,-0.4945,0.3418,0.3553,-92.92,0.23,0.0,0.0,3.465,47.88,3665,0,77,2,108.2,0,20,15,0,2,0,0,1,10,False,,,0,0,0,0,0,0,nenhuma fronteira segura alcancavel
154.697,105.0,failed,-0.4945,0.3418,0.3553,-92.92,0.23,0.0,0.0,3.465,47.88,3665,0,77,2,108.2,0,20,15,0,2,0,0,1,10,False,,,0,0,0,0,0,0,nenhuma fronteira segura alcancavel
155.177,105.5,failed,-0.4945,0.3418,0.3553,-92.92,0.23,0.0,0.0,3.465,47.88,3665,0,77,2,108.2,0,20,15,0,2,0,0,1,10,False,,,0,0,0,0,0,0,nenhuma fronteira segura alcancavel
155.669,106.0,failed,-0.4945,0.3418,0.3553,-92.92,0.23,0.0,0.0,3.465,47.88,3665,0,77,2,108.2,0,20,15,0,2,0,0,1,10,False,,,0,0,0,0,0,0,nenhuma fronteira segura alcancavel
156.163,106.5,failed,-0.4945,0.3418,0.3553,-92.92,0.23,0.0,0.0,3.465,47.88,3665,0,77,2,108.2,0,20,15,0,2,0,0,1,10,False,,,0,0,0,0,0,0,nenhuma fronteira segura alcancavel
156.638,107.001,failed,-0.4945,0.3418,0.3553,-92.92,0.23,0.0,0.0,3.465,47.88,3665,0,77,2,108.2,0,20,15,0,2,0,0,1,10,False,,,0,0,0,0,0,0,nenhuma fronteira segura alcancavel
157.123,107.5,failed,-0.4945,0.3418,0.3553,-92.92,0.23,0.0,0.0,3.465,47.88,3665,0,77,2,108.2,0,20,15,0,2,0,0,1,10,False,,,0,0,0,0,0,0,nenhuma fronteira segura alcancavel
157.6,108.0,failed,-0.4945,0.3418,0.3553,-92.92,0.23,0.0,0.0,3.465,47.88,3665,0,77,2,108.2,0,20,15,0,2,0,0,1,10,False,,,0,0,0,0,0,0,nenhuma fronteira segura alcancavel
158.073,108.5,failed,-0.4945,0.3418,0.3553,-92.92,0.23,0.0,0.0,3.465,47.88,3665,0,77,2,108.2,0,20,15,0,2,0,0,1,10,False,,,0,0,0,0,0,0,nenhuma fronteira segura alcancavel
158.556,109.0,failed,-0.4945,0.3418,0.3553,-92.92,0.23,0.0,0.0,3.465,47.88,3665,0,77,2,108.2,0,20,15,0,2,0,0,1,10,False,,,0,0,0,0,0,0,nenhuma fronteira segura alcancavel
159.029,109.5,failed,-0.4945,0.3418,0.3553,-92.92,0.23,0.0,0.0,3.465,47.88,3665,0,77,2,108.2,0,20,15,0,2,0,0,1,10,False,,,0,0,0,0,0,0,nenhuma fronteira segura alcancavel
159.507,110.0,failed,-0.4945,0.3418,0.3553,-92.92,0.23,0.0,0.0,3.465,47.88,3665,0,77,2,108.2,0,20,15,0,2,0,0,1,10,False,,,0,0,0,0,0,0,nenhuma fronteira segura alcancavel
159.992,110.5,failed,-0.4945,0.3418,0.3553,-92.92,0.23,0.0,0.0,3.465,47.88,3665,0,77,2,108.2,0,20,15,0,2,0,0,1,10,False,,,0,0,0,0,0,0,nenhuma fronteira segura alcancavel
160.474,111.0,failed,-0.4945,0.3418,0.3553,-92.92,0.23,0.0,0.0,3.465,47.88,3665,0,77,2,108.2,0,20,15,0,2,0,0,1,10,False,,,0,0,0,0,0,0,nenhuma fronteira segura alcancavel
160.954,111.5,failed,-0.4945,0.3418,0.3553,-92.92,0.23,0.0,0.0,3.465,47.88,3665,0,77,2,108.2,0,20,15,0,2,0,0,1,10,False,,,0,0,0,0,0,0,nenhuma fronteira segura alcancavel
161.437,112.0,failed,-0.4945,0.3418,0.3553,-92.92,0.23,0.0,0.0,3.465,47.88,3665,0,77,2,108.2,0,20,15,0,2,0,0,1,10,False,,,0,0,0,0,0,0,nenhuma fronteira segura alcancavel
161.908,112.5,failed,-0.4945,0.3418,0.3553,-92.92,0.23,0.0,0.0,3.465,47.88,3665,0,77,2,108.2,0,20,15,0,2,0,0,1,10,False,,,0,0,0,0,0,0,nenhuma fronteira segura alcancavel
162.393,113.0,failed,-0.4945,0.3418,0.3553,-92.92,0.23,0.0,0.0,3.465,47.88,3665,0,77,2,108.2,0,20,15,0,2,0,0,1,10,False,,,0,0,0,0,0,0,nenhuma fronteira segura alcancavel
162.847,113.5,failed,-0.4945,0.3418,0.3553,-92.92,0.23,0.0,0.0,3.465,47.88,3665,0,77,2,108.2,0,20,15,0,2,0,0,1,10,False,,,0,0,0,0,0,0,nenhuma fronteira segura alcancavel
163.323,114.0,failed,-0.4945,0.3418,0.3553,-92.92,0.23,0.0,0.0,3.465,47.88,3665,0,77,2,108.2,0,20,15,0,2,0,0,1,10,False,,,0,0,0,0,0,0,nenhuma fronteira segura alcancavel
163.818,114.5,failed,-0.4945,0.3418,0.3553,-92.92,0.23,0.0,0.0,3.465,47.88,3665,0,77,2,108.2,0,20,15,0,2,0,0,1,10,False,,,0,0,0,0,0,0,nenhuma fronteira segura alcancavel
164.308,115.0,failed,-0.4945,0.3418,0.3553,-92.92,0.23,0.0,0.0,3.465,47.88,3665,0,77,2,108.2,0,20,15,0,2,0,0,1,10,False,,,0,0,0,0,0,0,nenhuma fronteira segura alcancavel
164.774,115.501,failed,-0.4945,0.3418,0.3553,-92.92,0.23,0.0,0.0,3.465,47.88,3665,0,77,2,108.2,0,20,15,0,2,0,0,1,10,False,,,0,0,0,0,0,0,nenhuma fronteira segura alcancavel
165.262,116.0,failed,-0.4945,0.3418,0.3553,-92.92,0.23,0.0,0.0,3.465,47.88,3665,0,77,2,108.2,0,20,15,0,2,0,0,1,10,False,,,0,0,0,0,0,0,nenhuma fronteira segura alcancavel
165.741,116.5,failed,-0.4945,0.3418,0.3553,-92.92,0.23,0.0,0.0,3.465,47.88,3665,0,77,2,108.2,0,20,15,0,2,0,0,1,10,False,,,0,0,0,0,0,0,nenhuma fronteira segura alcancavel
166.215,117.0,failed,-0.4945,0.3418,0.3553,-92.92,0.23,0.0,0.0,3.465,47.88,3665,0,77,2,108.2,0,20,15,0,2,0,0,1,10,False,,,0,0,0,0,0,0,nenhuma fronteira segura alcancavel
166.704,117.5,failed,-0.4945,0.3418,0.3553,-92.92,0.23,0.0,0.0,3.465,47.88,3665,0,77,2,108.2,0,20,15,0,2,0,0,1,10,False,,,0,0,0,0,0,0,nenhuma fronteira segura alcancavel
167.186,118.0,failed,-0.4945,0.3418,0.3553,-92.92,0.23,0.0,0.0,3.465,47.88,3665,0,77,2,108.2,0,20,15,0,2,0,0,1,10,False,,,0,0,0,0,0,0,nenhuma fronteira segura alcancavel
167.666,118.5,failed,-0.4945,0.3418,0.3553,-92.92,0.23,0.0,0.0,3.465,47.88,3665,0,77,2,108.2,0,20,15,0,2,0,0,1,10,False,,,0,0,0,0,0,0,nenhuma fronteira segura alcancavel
168.155,119.0,failed,-0.4945,0.3418,0.3553,-92.92,0.23,0.0,0.0,3.465,47.88,3665,0,77,2,108.2,0,20,15,0,2,0,0,1,10,False,,,0,0,0,0,0,0,nenhuma fronteira segura alcancavel
168.633,119.5,failed,-0.4945,0.3418,0.3553,-92.92,0.23,0.0,0.0,3.465,47.88,3665,0,77,2,108.2,0,20,15,0,2,0,0,1,10,False,,,0,0,0,0,0,0,nenhuma fronteira segura alcancavel
169.118,120.002,failed,-0.4945,0.3418,0.3553,-92.92,0.23,0.0,0.0,3.465,47.88,3665,0,77,2,108.2,0,20,15,0,2,0,0,1,10,False,,,0,0,0,0,0,0,nenhuma fronteira segura alcancavel
169.609,120.5,failed,-0.4945,0.3418,0.3553,-92.92,0.23,0.0,0.0,3.465,47.88,3665,0,77,2,108.2,0,20,15,0,2,0,0,1,10,False,,,0,0,0,0,0,0,nenhuma fronteira segura alcancavel
170.1,121.0,failed,-0.4945,0.3418,0.3553,-92.92,0.23,0.0,0.0,3.465,47.88,3665,0,77,2,108.2,0,20,15,0,2,0,0,1,10,False,,,0,0,0,0,0,0,nenhuma fronteira segura alcancavel
170.595,121.5,failed,-0.4945,0.3418,0.3553,-92.92,0.23,0.0,0.0,3.465,47.88,3665,0,77,2,108.2,0,20,15,0,2,0,0,1,10,False,,,0,0,0,0,0,0,nenhuma fronteira segura alcancavel
171.051,122.0,failed,-0.4945,0.3418,0.3553,-92.92,0.23,0.0,0.0,3.465,47.88,3665,0,77,2,108.2,0,20,15,0,2,0,0,1,10,False,,,0,0,0,0,0,0,nenhuma fronteira segura alcancavel
171.542,122.5,failed,-0.4945,0.3418,0.3553,-92.92,0.23,0.0,0.0,3.465,47.88,3665,0,77,2,108.2,0,20,15,0,2,0,0,1,10,False,,,0,0,0,0,0,0,nenhuma fronteira segura alcancavel
172.038,123.0,failed,-0.4945,0.3418,0.3553,-92.91,0.23,0.0,0.0,3.465,47.88,3665,0,77,2,108.2,0,20,15,0,2,0,0,1,10,False,,,0,0,0,0,0,0,nenhuma fronteira segura alcancavel
172.505,123.5,failed,-0.4945,0.3418,0.3553,-92.91,0.23,0.0,0.0,3.465,47.88,3665,0,77,2,108.2,0,20,15,0,2,0,0,1,10,False,,,0,0,0,0,0,0,nenhuma fronteira segura alcancavel
172.998,124.0,failed,-0.4945,0.3418,0.3553,-92.91,0.23,0.0,0.0,3.465,47.88,3665,0,77,2,108.2,0,20,15,0,2,0,0,1,10,False,,,0,0,0,0,0,0,nenhuma fronteira segura alcancavel
173.488,124.5,failed,-0.4945,0.3418,0.3553,-92.91,0.23,0.0,0.0,3.465,47.88,3665,0,77,2,108.2,0,20,15,0,2,0,0,1,10,False,,,0,0,0,0,0,0,nenhuma fronteira segura alcancavel
173.977,125.001,failed,-0.4945,0.3418,0.3553,-92.91,0.23,0.0,0.0,3.465,47.88,3665,0,77,2,108.2,0,20,15,0,2,0,0,1,10,False,,,0,0,0,0,0,0,nenhuma fronteira segura alcancavel
174.456,125.5,failed,-0.4945,0.3418,0.3553,-92.91,0.23,0.0,0.0,3.465,47.88,3665,0,77,2,108.2,0,20,15,0,2,0,0,1,10,False,,,0,0,0,0,0,0,nenhuma fronteira segura alcancavel
174.92,126.0,failed,-0.4945,0.3418,0.3553,-92.91,0.23,0.0,0.0,3.465,47.88,3665,0,77,2,108.2,0,20,15,0,2,0,0,1,10,False,,,0,0,0,0,0,0,nenhuma fronteira segura alcancavel
175.409,126.5,failed,-0.4945,0.3418,0.3553,-92.91,0.23,0.0,0.0,3.465,47.88,3665,0,77,2,108.2,0,20,15,0,2,0,0,1,10,False,,,0,0,0,0,0,0,nenhuma fronteira segura alcancavel
175.902,127.0,failed,-0.4945,0.3418,0.3553,-92.91,0.23,0.0,0.0,3.465,47.88,3665,0,77,2,108.2,0,20,15,0,2,0,0,1,10,False,,,0,0,0,0,0,0,nenhuma fronteira segura alcancavel
176.387,127.5,failed,-0.4945,0.3418,0.3553,-92.91,0.23,0.0,0.0,3.465,47.88,3665,0,77,2,108.2,0,20,15,0,2,0,0,1,10,False,,,0,0,0,0,0,0,nenhuma fronteira segura alcancavel
176.854,128.0,failed,-0.4945,0.3418,0.3553,-92.91,0.23,0.0,0.0,3.465,47.88,3665,0,77,2,108.2,0,20,15,0,2,0,0,1,10,False,,,0,0,0,0,0,0,nenhuma fronteira segura alcancavel
177.326,128.5,failed,-0.4945,0.3418,0.3553,-92.91,0.23,0.0,0.0,3.465,47.88,3665,0,77,2,108.2,0,20,15,0,2,0,0,1,10,False,,,0,0,0,0,0,0,nenhuma fronteira segura alcancavel
177.809,129.0,failed,-0.4945,0.3418,0.3553,-92.91,0.23,0.0,0.0,3.465,47.88,3665,0,77,2,108.2,0,20,15,0,2,0,0,1,10,False,,,0,0,0,0,0,0,nenhuma fronteira segura alcancavel
178.271,129.5,failed,-0.4945,0.3418,0.3553,-92.91,0.23,0.0,0.0,3.465,47.88,3665,0,77,2,108.2,0,20,15,0,2,0,0,1,10,False,,,0,0,0,0,0,0,nenhuma fronteira segura alcancavel
178.751,130.0,failed,-0.4945,0.3418,0.3553,-92.91,0.23,0.0,0.0,3.465,47.88,3665,0,77,2,108.2,0,20,15,0,2,0,0,1,10,False,,,0,0,0,0,0,0,nenhuma fronteira segura alcancavel
179.217,130.5,failed,-0.4945,0.3418,0.3553,-92.91,0.23,0.0,0.0,3.465,47.88,3665,0,77,2,108.2,0,20,15,0,2,0,0,1,10,False,,,0,0,0,0,0,0,nenhuma fronteira segura alcancavel
179.686,131.001,failed,-0.4945,0.3418,0.3553,-92.91,0.23,0.0,0.0,3.465,47.88,3665,0,77,2,108.2,0,20,15,0,2,0,0,1,10,False,,,0,0,0,0,0,0,nenhuma fronteira segura alcancavel
180.16,131.501,failed,-0.4945,0.3418,0.3553,-92.91,0.23,0.0,0.0,3.465,47.88,3665,0,77,2,108.2,0,20,15,0,2,0,0,1,10,False,,,0,0,0,0,0,0,nenhuma fronteira segura alcancavel
180.625,132.0,failed,-0.4945,0.3418,0.3553,-92.91,0.23,0.0,0.0,3.465,47.88,3665,0,77,2,108.2,0,20,15,0,2,0,0,1,10,False,,,0,0,0,0,0,0,nenhuma fronteira segura alcancavel
181.106,132.5,failed,-0.4945,0.3418,0.3553,-92.91,0.23,0.0,0.0,3.465,47.88,3665,0,77,2,108.2,0,20,15,0,2,0,0,1,10,False,,,0,0,0,0,0,0,nenhuma fronteira segura alcancavel
181.585,133.0,failed,-0.4945,0.3418,0.3553,-92.91,0.23,0.0,0.0,3.465,47.88,3665,0,77,2,108.2,0,20,15,0,2,0,0,1,10,False,,,0,0,0,0,0,0,nenhuma fronteira segura alcancavel
182.019,133.5,failed,-0.4945,0.3418,0.3553,-92.91,0.23,0.0,0.0,3.465,47.88,3665,0,77,2,108.2,0,20,15,0,2,0,0,1,10,False,,,0,0,0,0,0,0,nenhuma fronteira segura alcancavel
182.51,134.0,failed,-0.4945,0.3418,0.3553,-92.91,0.23,0.0,0.0,3.465,47.88,3665,0,77,2,108.2,0,20,15,0,2,0,0,1,10,False,,,0,0,0,0,0,0,nenhuma fronteira segura alcancavel
183.005,134.5,failed,-0.4945,0.3418,0.3553,-92.91,0.23,0.0,0.0,3.465,47.88,3665,0,77,2,108.2,0,20,15,0,2,0,0,1,10,False,,,0,0,0,0,0,0,nenhuma fronteira segura alcancavel
183.484,135.0,failed,-0.4945,0.3418,0.3553,-92.91,0.23,0.0,0.0,3.465,47.88,3665,0,77,2,108.2,0,20,15,0,2,0,0,1,10,False,,,0,0,0,0,0,0,nenhuma fronteira segura alcancavel
183.905,135.5,failed,-0.4945,0.3418,0.3553,-92.91,0.23,0.0,0.0,3.465,47.88,3665,0,77,2,108.2,0,20,15,0,2,0,0,1,10,False,,,0,0,0,0,0,0,nenhuma fronteira segura alcancavel
184.385,136.0,failed,-0.4945,0.3418,0.3553,-92.91,0.23,0.0,0.0,3.465,47.88,3665,0,77,2,108.2,0,20,15,0,2,0,0,1,10,False,,,0,0,0,0,0,0,nenhuma fronteira segura alcancavel
184.839,136.5,failed,-0.4945,0.3418,0.3553,-92.91,0.23,0.0,0.0,3.465,47.88,3665,0,77,2,108.2,0,20,15,0,2,0,0,1,10,False,,,0,0,0,0,0,0,nenhuma fronteira segura alcancavel
185.321,137.0,failed,-0.4945,0.3418,0.3553,-92.91,0.23,0.0,0.0,3.465,47.88,3665,0,77,2,108.2,0,20,15,0,2,0,0,1,10,False,,,0,0,0,0,0,0,nenhuma fronteira segura alcancavel
185.818,137.5,failed,-0.4945,0.3418,0.3553,-92.91,0.23,0.0,0.0,3.465,47.88,3665,0,77,2,108.2,0,20,15,0,2,0,0,1,10,False,,,0,0,0,0,0,0,nenhuma fronteira segura alcancavel
186.303,138.0,failed,-0.4945,0.3418,0.3553,-92.91,0.23,0.0,0.0,3.465,47.88,3665,0,77,2,108.2,0,20,15,0,2,0,0,1,10,False,,,0,0,0,0,0,0,nenhuma fronteira segura alcancavel
186.782,138.5,failed,-0.4945,0.3418,0.3553,-92.91,0.23,0.0,0.0,3.465,47.88,3665,0,77,2,108.2,0,20,15,0,2,0,0,1,10,False,,,0,0,0,0,0,0,nenhuma fronteira segura alcancavel
187.261,139.0,failed,-0.4945,0.3418,0.3553,-92.91,0.23,0.0,0.0,3.465,47.88,3665,0,77,2,108.2,0,20,15,0,2,0,0,1,10,False,,,0,0,0,0,0,0,nenhuma fronteira segura alcancavel
187.746,139.5,failed,-0.4945,0.3418,0.3553,-92.91,0.23,0.0,0.0,3.465,47.88,3665,0,77,2,108.2,0,20,15,0,2,0,0,1,10,False,,,0,0,0,0,0,0,nenhuma fronteira segura alcancavel
188.209,140.0,failed,-0.4945,0.3418,0.3553,-92.91,0.23,0.0,0.0,3.465,47.88,3665,0,77,2,108.2,0,20,15,0,2,0,0,1,10,False,,,0,0,0,0,0,0,nenhuma fronteira segura alcancavel
188.706,140.5,failed,-0.4945,0.3418,0.3553,-92.91,0.23,0.0,0.0,3.465,47.88,3665,0,77,2,108.2,0,20,15,0,2,0,0,1,10,False,,,0,0,0,0,0,0,nenhuma fronteira segura alcancavel
189.181,141.0,failed,-0.4945,0.3418,0.3553,-92.91,0.23,0.0,0.0,3.465,47.88,3665,0,77,2,108.2,0,20,15,0,2,0,0,1,10,False,,,0,0,0,0,0,0,nenhuma fronteira segura alcancavel
189.682,141.5,failed,-0.4945,0.3418,0.3553,-92.91,0.23,0.0,0.0,3.465,47.88,3665,0,77,2,108.2,0,20,15,0,2,0,0,1,10,False,,,0,0,0,0,0,0,nenhuma fronteira segura alcancavel
190.158,142.0,failed,-0.4945,0.3418,0.3553,-92.91,0.23,0.0,0.0,3.465,47.88,3665,0,77,2,108.2,0,20,15,0,2,0,0,1,10,False,,,0,0,0,0,0,0,nenhuma fronteira segura alcancavel
190.643,142.5,failed,-0.4945,0.3418,0.3553,-92.91,0.23,0.0,0.0,3.465,47.88,3665,0,77,2,108.2,0,20,15,0,2,0,0,1,10,False,,,0,0,0,0,0,0,nenhuma fronteira segura alcancavel
191.124,143.0,failed,-0.4945,0.3418,0.3553,-92.91,0.23,0.0,0.0,3.465,47.88,3665,0,77,2,108.2,0,20,15,0,2,0,0,1,10,False,,,0,0,0,0,0,0,nenhuma fronteira segura alcancavel
191.584,143.5,failed,-0.4945,0.3418,0.3553,-92.91,0.23,0.0,0.0,3.465,47.88,3665,0,77,2,108.2,0,20,15,0,2,0,0,1,10,False,,,0,0,0,0,0,0,nenhuma fronteira segura alcancavel
192.078,144.0,failed,-0.4945,0.3418,0.3553,-92.91,0.23,0.0,0.0,3.465,47.88,3665,0,77,2,108.2,0,20,15,0,2,0,0,1,10,False,,,0,0,0,0,0,0,nenhuma fronteira segura alcancavel
192.54,144.501,failed,-0.4945,0.3418,0.3553,-92.91,0.23,0.0,0.0,3.465,47.88,3665,0,77,2,108.2,0,20,15,0,2,0,0,1,10,False,,,0,0,0,0,0,0,nenhuma fronteira segura alcancavel
193.026,145.0,failed,-0.4945,0.3418,0.3553,-92.91,0.23,0.0,0.0,3.465,47.88,3665,0,77,2,108.2,0,20,15,0,2,0,0,1,10,False,,,0,0,0,0,0,0,nenhuma fronteira segura alcancavel
193.529,145.5,failed,-0.4945,0.3418,0.3553,-92.91,0.23,0.0,0.0,3.465,47.88,3665,0,77,2,108.2,0,20,15,0,2,0,0,1,10,False,,,0,0,0,0,0,0,nenhuma fronteira segura alcancavel
194.007,146.0,failed,-0.4945,0.3418,0.3553,-92.91,0.23,0.0,0.0,3.465,47.88,3665,0,77,2,108.2,0,20,15,0,2,0,0,1,10,False,,,0,0,0,0,0,0,nenhuma fronteira segura alcancavel
194.479,146.5,failed,-0.4945,0.3418,0.3553,-92.91,0.23,0.0,0.0,3.465,47.88,3665,0,77,2,108.2,0,20,15,0,2,0,0,1,10,False,,,0,0,0,0,0,0,nenhuma fronteira segura alcancavel
194.957,147.0,failed,-0.4945,0.3418,0.3553,-92.91,0.23,0.0,0.0,3.465,47.88,3665,0,77,2,108.2,0,20,15,0,2,0,0,1,10,False,,,0,0,0,0,0,0,nenhuma fronteira segura alcancavel
195.412,147.501,failed,-0.4945,0.3418,0.3553,-92.91,0.24,0.0,0.0,3.465,47.88,3665,0,77,2,108.2,0,20,15,0,2,0,0,1,10,False,,,0,0,0,0,0,0,nenhuma fronteira segura alcancavel
195.893,148.0,failed,-0.4945,0.3418,0.3553,-92.91,0.24,0.0,0.0,3.465,47.88,3665,0,77,2,108.2,0,20,15,0,2,0,0,1,10,False,,,0,0,0,0,0,0,nenhuma fronteira segura alcancavel
196.362,148.5,failed,-0.4945,0.3418,0.3553,-92.91,0.24,0.0,0.0,3.465,47.88,3665,0,77,2,108.2,0,20,15,0,2,0,0,1,10,False,,,0,0,0,0,0,0,nenhuma fronteira segura alcancavel
196.844,149.0,failed,-0.4945,0.3418,0.3553,-92.91,0.24,0.0,0.0,3.465,47.88,3665,0,77,2,108.2,0,20,15,0,2,0,0,1,10,False,,,0,0,0,0,0,0,nenhuma fronteira segura alcancavel
197.309,149.5,failed,-0.4945,0.3418,0.3553,-92.91,0.24,0.0,0.0,3.465,47.88,3665,0,77,2,108.2,0,20,15,0,2,0,0,1,10,False,,,0,0,0,0,0,0,nenhuma fronteira segura alcancavel
197.776,150.0,failed,-0.4945,0.3418,0.3553,-92.91,0.24,0.0,0.0,3.465,47.88,3665,0,77,2,108.2,0,20,15,0,2,0,0,1,10,False,,,0,0,0,0,0,0,nenhuma fronteira segura alcancavel
198.209,150.5,failed,-0.4945,0.3418,0.3553,-92.91,0.24,0.0,0.0,3.465,47.88,3665,0,77,2,108.2,0,20,15,0,2,0,0,1,10,False,,,0,0,0,0,0,0,nenhuma fronteira segura alcancavel
198.709,151.001,failed,-0.4945,0.3418,0.3553,-92.91,0.24,0.0,0.0,3.465,47.88,3665,0,77,2,108.2,0,20,15,0,2,0,0,1,10,False,,,0,0,0,0,0,0,nenhuma fronteira segura alcancavel
199.203,151.5,failed,-0.4945,0.3418,0.3553,-92.91,0.24,0.0,0.0,3.465,47.88,3665,0,77,2,108.2,0,20,15,0,2,0,0,1,10,False,,,0,0,0,0,0,0,nenhuma fronteira segura alcancavel
199.696,152.001,failed,-0.4945,0.3418,0.3553,-92.91,0.24,0.0,0.0,3.465,47.88,3665,0,77,2,108.2,0,20,15,0,2,0,0,1,10,False,,,0,0,0,0,0,0,nenhuma fronteira segura alcancavel
200.19,152.5,failed,-0.4945,0.3418,0.3553,-92.91,0.24,0.0,0.0,3.465,47.88,3665,0,77,2,108.2,0,20,15,0,2,0,0,1,10,False,,,0,0,0,0,0,0,nenhuma fronteira segura alcancavel
200.666,153.001,failed,-0.4945,0.3418,0.3553,-92.91,0.24,0.0,0.0,3.465,47.88,3665,0,77,2,108.2,0,20,15,0,2,0,0,1,10,False,,,0,0,0,0,0,0,nenhuma fronteira segura alcancavel
201.15,153.5,failed,-0.4945,0.3418,0.3553,-92.91,0.24,0.0,0.0,3.465,47.88,3665,0,77,2,108.2,0,20,15,0,2,0,0,1,10,False,,,0,0,0,0,0,0,nenhuma fronteira segura alcancavel
201.61,154.0,failed,-0.4945,0.3418,0.3553,-92.91,0.24,0.0,0.0,3.465,47.88,3665,0,77,2,108.2,0,20,15,0,2,0,0,1,10,False,,,0,0,0,0,0,0,nenhuma fronteira segura alcancavel
202.09,154.5,failed,-0.4945,0.3418,0.3553,-92.91,0.24,0.0,0.0,3.465,47.88,3665,0,77,2,108.2,0,20,15,0,2,0,0,1,10,False,,,0,0,0,0,0,0,nenhuma fronteira segura alcancavel
202.582,155.001,failed,-0.4945,0.3418,0.3553,-92.91,0.24,0.0,0.0,3.465,47.88,3665,0,77,2,108.2,0,20,15,0,2,0,0,1,10,False,,,0,0,0,0,0,0,nenhuma fronteira segura alcancavel
203.054,155.501,failed,-0.4945,0.3418,0.3553,-92.91,0.24,0.0,0.0,3.465,47.88,3665,0,77,2,108.2,0,20,15,0,2,0,0,1,10,False,,,0,0,0,0,0,0,nenhuma fronteira segura alcancavel
203.534,156.0,failed,-0.4945,0.3418,0.3553,-92.91,0.24,0.0,0.0,3.465,47.88,3665,0,77,2,108.2,0,20,15,0,2,0,0,1,10,False,,,0,0,0,0,0,0,nenhuma fronteira segura alcancavel
204.02,156.5,failed,-0.4945,0.3418,0.3553,-92.91,0.24,0.0,0.0,3.465,47.88,3665,0,77,2,108.2,0,20,15,0,2,0,0,1,10,False,,,0,0,0,0,0,0,nenhuma fronteira segura alcancavel
204.503,157.0,failed,-0.4945,0.3418,0.3553,-92.91,0.24,0.0,0.0,3.465,47.88,3665,0,77,2,108.2,0,20,15,0,2,0,0,1,10,False,,,0,0,0,0,0,0,nenhuma fronteira segura alcancavel
204.967,157.5,failed,-0.4945,0.3418,0.3553,-92.91,0.24,0.0,0.0,3.465,47.88,3665,0,77,2,108.2,0,20,15,0,2,0,0,1,10,False,,,0,0,0,0,0,0,nenhuma fronteira segura alcancavel
205.411,158.001,failed,-0.4945,0.3418,0.3553,-92.91,0.24,0.0,0.0,3.465,47.88,3665,0,77,2,108.2,0,20,15,0,2,0,0,1,10,False,,,0,0,0,0,0,0,nenhuma fronteira segura alcancavel
205.904,158.5,failed,-0.4945,0.3418,0.3553,-92.91,0.24,0.0,0.0,3.465,47.88,3665,0,77,2,108.2,0,20,15,0,2,0,0,1,10,False,,,0,0,0,0,0,0,nenhuma fronteira segura alcancavel
206.38,159.0,failed,-0.4945,0.3418,0.3553,-92.91,0.24,0.0,0.0,3.465,47.88,3665,0,77,2,108.2,0,20,15,0,2,0,0,1,10,False,,,0,0,0,0,0,0,nenhuma fronteira segura alcancavel
206.809,159.5,failed,-0.4945,0.3418,0.3553,-92.91,0.24,0.0,0.0,3.465,47.88,3665,0,77,2,108.2,0,20,15,0,2,0,0,1,10,False,,,0,0,0,0,0,0,nenhuma fronteira segura alcancavel
207.294,160.0,failed,-0.4945,0.3418,0.3553,-92.91,0.24,0.0,0.0,3.465,47.88,3665,0,77,2,108.2,0,20,15,0,2,0,0,1,10,False,,,0,0,0,0,0,0,nenhuma fronteira segura alcancavel
207.782,160.5,failed,-0.4945,0.3418,0.3553,-92.91,0.24,0.0,0.0,3.465,47.88,3665,0,77,2,108.2,0,20,15,0,2,0,0,1,10,False,,,0,0,0,0,0,0,nenhuma fronteira segura alcancavel
208.275,161.0,failed,-0.4945,0.3418,0.3553,-92.91,0.24,0.0,0.0,3.465,47.88,3665,0,77,2,108.2,0,20,15,0,2,0,0,1,10,False,,,0,0,0,0,0,0,nenhuma fronteira segura alcancavel
208.766,161.5,failed,-0.4945,0.3418,0.3553,-92.91,0.24,0.0,0.0,3.465,47.88,3665,0,77,2,108.2,0,20,15,0,2,0,0,1,10,False,,,0,0,0,0,0,0,nenhuma fronteira segura alcancavel
209.25,162.0,failed,-0.4945,0.3418,0.3553,-92.91,0.24,0.0,0.0,3.465,47.88,3665,0,77,2,108.2,0,20,15,0,2,0,0,1,10,False,,,0,0,0,0,0,0,nenhuma fronteira segura alcancavel
209.731,162.5,failed,-0.4945,0.3418,0.3553,-92.91,0.24,0.0,0.0,3.465,47.88,3665,0,77,2,108.2,0,20,15,0,2,0,0,1,10,False,,,0,0,0,0,0,0,nenhuma fronteira segura alcancavel
210.184,163.0,failed,-0.4945,0.3418,0.3553,-92.91,0.24,0.0,0.0,3.465,47.88,3665,0,77,2,108.2,0,20,15,0,2,0,0,1,10,False,,,0,0,0,0,0,0,nenhuma fronteira segura alcancavel
210.656,163.5,failed,-0.4945,0.3418,0.3553,-92.91,0.24,0.0,0.0,3.465,47.88,3665,0,77,2,108.2,0,20,15,0,2,0,0,1,10,False,,,0,0,0,0,0,0,nenhuma fronteira segura alcancavel
211.145,164.0,failed,-0.4945,0.3418,0.3553,-92.91,0.24,0.0,0.0,3.465,47.88,3665,0,77,2,108.2,0,20,15,0,2,0,0,1,10,False,,,0,0,0,0,0,0,nenhuma fronteira segura alcancavel
211.627,164.5,failed,-0.4945,0.3418,0.3553,-92.91,0.24,0.0,0.0,3.465,47.88,3665,0,77,2,108.2,0,20,15,0,2,0,0,1,10,False,,,0,0,0,0,0,0,nenhuma fronteira segura alcancavel
212.117,165.0,failed,-0.4945,0.3418,0.3553,-92.91,0.24,0.0,0.0,3.465,47.88,3665,0,77,2,108.2,0,20,15,0,2,0,0,1,10,False,,,0,0,0,0,0,0,nenhuma fronteira segura alcancavel
212.598,165.5,failed,-0.4945,0.3418,0.3553,-92.91,0.24,0.0,0.0,3.465,47.88,3665,0,77,2,108.2,0,20,15,0,2,0,0,1,10,False,,,0,0,0,0,0,0,nenhuma fronteira segura alcancavel
213.073,166.0,failed,-0.4945,0.3418,0.3553,-92.91,0.24,0.0,0.0,3.465,47.88,3665,0,77,2,108.2,0,20,15,0,2,0,0,1,10,False,,,0,0,0,0,0,0,nenhuma fronteira segura alcancavel
213.56,166.501,failed,-0.4945,0.3418,0.3553,-92.91,0.24,0.0,0.0,3.465,47.88,3665,0,77,2,108.2,0,20,15,0,2,0,0,1,10,False,,,0,0,0,0,0,0,nenhuma fronteira segura alcancavel
214.009,167.0,failed,-0.4945,0.3418,0.3553,-92.91,0.24,0.0,0.0,3.465,47.88,3665,0,77,2,108.2,0,20,15,0,2,0,0,1,10,False,,,0,0,0,0,0,0,nenhuma fronteira segura alcancavel
214.508,167.5,failed,-0.4945,0.3418,0.3553,-92.91,0.24,0.0,0.0,3.465,47.88,3665,0,77,2,108.2,0,20,15,0,2,0,0,1,10,False,,,0,0,0,0,0,0,nenhuma fronteira segura alcancavel
214.947,168.0,failed,-0.4945,0.3418,0.3553,-92.91,0.24,0.0,0.0,3.465,47.88,3665,0,77,2,108.2,0,20,15,0,2,0,0,1,10,False,,,0,0,0,0,0,0,nenhuma fronteira segura alcancavel
215.407,168.501,failed,-0.4945,0.3418,0.3553,-92.91,0.24,0.0,0.0,3.465,47.88,3665,0,77,2,108.2,0,20,15,0,2,0,0,1,10,False,,,0,0,0,0,0,0,nenhuma fronteira segura alcancavel
215.905,169.0,failed,-0.4945,0.3418,0.3553,-92.91,0.24,0.0,0.0,3.465,47.88,3665,0,77,2,108.2,0,20,15,0,2,0,0,1,10,False,,,0,0,0,0,0,0,nenhuma fronteira segura alcancavel
216.375,169.5,failed,-0.4945,0.3418,0.3553,-92.91,0.24,0.0,0.0,3.465,47.88,3665,0,77,2,108.2,0,20,15,0,2,0,0,1,10,False,,,0,0,0,0,0,0,nenhuma fronteira segura alcancavel
216.861,170.0,failed,-0.4945,0.3418,0.3553,-92.91,0.24,0.0,0.0,3.465,47.88,3665,0,77,2,108.2,0,20,15,0,2,0,0,1,10,False,,,0,0,0,0,0,0,nenhuma fronteira segura alcancavel
217.345,170.5,failed,-0.4945,0.3418,0.3553,-92.91,0.24,0.0,0.0,3.465,47.88,3665,0,77,2,108.2,0,20,15,0,2,0,0,1,10,False,,,0,0,0,0,0,0,nenhuma fronteira segura alcancavel
217.823,171.0,failed,-0.4945,0.3418,0.3553,-92.91,0.24,0.0,0.0,3.465,47.88,3665,0,77,2,108.2,0,20,15,0,2,0,0,1,10,False,,,0,0,0,0,0,0,nenhuma fronteira segura alcancavel
218.302,171.5,failed,-0.4945,0.3418,0.3554,-92.91,0.24,0.0,0.0,3.465,47.88,3665,0,77,2,108.2,0,20,15,0,2,0,0,1,10,False,,,0,0,0,0,0,0,nenhuma fronteira segura alcancavel
218.786,172.0,failed,-0.4945,0.3418,0.3554,-92.91,0.24,0.0,0.0,3.465,47.88,3665,0,77,2,108.2,0,20,15,0,2,0,0,1,10,False,,,0,0,0,0,0,0,nenhuma fronteira segura alcancavel
219.259,172.502,failed,-0.4945,0.3418,0.3554,-92.91,0.24,0.0,0.0,3.465,47.88,3665,0,77,2,108.2,0,20,15,0,2,0,0,1,10,False,,,0,0,0,0,0,0,nenhuma fronteira segura alcancavel
219.758,173.0,failed,-0.4945,0.3418,0.3554,-92.91,0.24,0.0,0.0,3.465,47.88,3665,0,77,2,108.2,0,20,15,0,2,0,0,1,10,False,,,0,0,0,0,0,0,nenhuma fronteira segura alcancavel
220.221,173.5,failed,-0.4945,0.3418,0.3554,-92.91,0.24,0.0,0.0,3.465,47.88,3665,0,77,2,108.2,0,20,15,0,2,0,0,1,10,False,,,0,0,0,0,0,0,nenhuma fronteira segura alcancavel
220.7,174.0,failed,-0.4945,0.3418,0.3554,-92.91,0.24,0.0,0.0,3.465,47.88,3665,0,77,2,108.2,0,20,15,0,2,0,0,1,10,False,,,0,0,0,0,0,0,nenhuma fronteira segura alcancavel
221.182,174.5,failed,-0.4945,0.3418,0.3554,-92.91,0.24,0.0,0.0,3.465,47.88,3665,0,77,2,108.2,0,20,15,0,2,0,0,1,10,False,,,0,0,0,0,0,0,nenhuma fronteira segura alcancavel
221.653,175.0,failed,-0.4945,0.3418,0.3554,-92.91,0.24,0.0,0.0,3.465,47.88,3665,0,77,2,108.2,0,20,15,0,2,0,0,1,10,False,,,0,0,0,0,0,0,nenhuma fronteira segura alcancavel
222.131,175.5,failed,-0.4945,0.3418,0.3554,-92.91,0.24,0.0,0.0,3.465,47.88,3665,0,77,2,108.2,0,20,15,0,2,0,0,1,10,False,,,0,0,0,0,0,0,nenhuma fronteira segura alcancavel
222.607,176.0,failed,-0.4945,0.3418,0.3554,-92.91,0.24,0.0,0.0,3.465,47.88,3665,0,77,2,108.2,0,20,15,0,2,0,0,1,10,False,,,0,0,0,0,0,0,nenhuma fronteira segura alcancavel
223.076,176.5,failed,-0.4945,0.3418,0.3554,-92.91,0.24,0.0,0.0,3.465,47.88,3665,0,77,2,108.2,0,20,15,0,2,0,0,1,10,False,,,0,0,0,0,0,0,nenhuma fronteira segura alcancavel
223.567,177.0,failed,-0.4945,0.3418,0.3554,-92.91,0.24,0.0,0.0,3.465,47.88,3665,0,77,2,108.2,0,20,15,0,2,0,0,1,10,False,,,0,0,0,0,0,0,nenhuma fronteira segura alcancavel
224.046,177.5,failed,-0.4945,0.3418,0.3554,-92.91,0.24,0.0,0.0,3.465,47.88,3665,0,77,2,108.2,0,20,15,0,2,0,0,1,10,False,,,0,0,0,0,0,0,nenhuma fronteira segura alcancavel
224.53,178.0,failed,-0.4945,0.3418,0.3554,-92.91,0.24,0.0,0.0,3.465,47.88,3665,0,77,2,108.2,0,20,15,0,2,0,0,1,10,False,,,0,0,0,0,0,0,nenhuma fronteira segura alcancavel
225.01,178.5,failed,-0.4945,0.3418,0.3554,-92.91,0.24,0.0,0.0,3.465,47.88,3665,0,77,2,108.2,0,20,15,0,2,0,0,1,10,False,,,0,0,0,0,0,0,nenhuma fronteira segura alcancavel
225.508,179.001,failed,-0.4945,0.3418,0.3554,-92.91,0.24,0.0,0.0,3.465,47.88,3665,0,77,2,108.2,0,20,15,0,2,0,0,1,10,False,,,0,0,0,0,0,0,nenhuma fronteira segura alcancavel
225.993,179.5,failed,-0.4945,0.3418,0.3554,-92.91,0.24,0.0,0.0,3.465,47.88,3665,0,77,2,108.2,0,20,15,0,2,0,0,1,10,False,,,0,0,0,0,0,0,nenhuma fronteira segura alcancavel
226.434,180.001,failed,-0.4945,0.3418,0.3554,-92.91,0.24,0.0,0.0,3.465,47.88,3665,0,77,2,108.2,0,20,15,0,2,0,0,1,10,False,,,0,0,0,0,0,0,nenhuma fronteira segura alcancavel
226.895,180.5,failed,-0.4945,0.3418,0.3554,-92.91,0.24,0.0,0.0,3.465,47.88,3665,0,77,2,108.2,0,20,15,0,2,0,0,1,10,False,,,0,0,0,0,0,0,nenhuma fronteira segura alcancavel
227.371,181.0,failed,-0.4945,0.3418,0.3554,-92.91,0.24,0.0,0.0,3.465,47.88,3665,0,77,2,108.2,0,20,15,0,2,0,0,1,10,False,,,0,0,0,0,0,0,nenhuma fronteira segura alcancavel
227.834,181.5,failed,-0.4945,0.3418,0.3554,-92.91,0.24,0.0,0.0,3.465,47.88,3665,0,77,2,108.2,0,20,15,0,2,0,0,1,10,False,,,0,0,0,0,0,0,nenhuma fronteira segura alcancavel
228.289,182.0,failed,-0.4945,0.3418,0.3554,-92.91,0.24,0.0,0.0,3.465,47.88,3665,0,77,2,108.2,0,20,15,0,2,0,0,1,10,False,,,0,0,0,0,0,0,nenhuma fronteira segura alcancavel
228.772,182.5,failed,-0.4945,0.3418,0.3554,-92.91,0.24,0.0,0.0,3.465,47.88,3665,0,77,2,108.2,0,20,15,0,2,0,0,1,10,False,,,0,0,0,0,0,0,nenhuma fronteira segura alcancavel
229.256,183.0,failed,-0.4945,0.3418,0.3554,-92.91,0.24,0.0,0.0,3.465,47.88,3665,0,77,2,108.2,0,20,15,0,2,0,0,1,10,False,,,0,0,0,0,0,0,nenhuma fronteira segura alcancavel
229.729,183.5,failed,-0.4945,0.3418,0.3554,-92.91,0.24,0.0,0.0,3.465,47.88,3665,0,77,2,108.2,0,20,15,0,2,0,0,1,10,False,,,0,0,0,0,0,0,nenhuma fronteira segura alcancavel
230.205,184.0,failed,-0.4945,0.3418,0.3554,-92.91,0.24,0.0,0.0,3.465,47.88,3665,0,77,2,108.2,0,20,15,0,2,0,0,1,10,False,,,0,0,0,0,0,0,nenhuma fronteira segura alcancavel
230.688,184.5,failed,-0.4945,0.3418,0.3554,-92.91,0.24,0.0,0.0,3.465,47.88,3665,0,77,2,108.2,0,20,15,0,2,0,0,1,10,False,,,0,0,0,0,0,0,nenhuma fronteira segura alcancavel
231.177,185.0,failed,-0.4945,0.3418,0.3554,-92.91,0.24,0.0,0.0,3.465,47.88,3665,0,77,2,108.2,0,20,15,0,2,0,0,1,10,False,,,0,0,0,0,0,0,nenhuma fronteira segura alcancavel
231.652,185.5,failed,-0.4945,0.3418,0.3554,-92.91,0.24,0.0,0.0,3.465,47.88,3665,0,77,2,108.2,0,20,15,0,2,0,0,1,10,False,,,0,0,0,0,0,0,nenhuma fronteira segura alcancavel
232.137,186.0,failed,-0.4945,0.3418,0.3554,-92.91,0.24,0.0,0.0,3.465,47.88,3665,0,77,2,108.2,0,20,15,0,2,0,0,1,10,False,,,0,0,0,0,0,0,nenhuma fronteira segura alcancavel
232.611,186.501,failed,-0.4945,0.3418,0.3554,-92.91,0.24,0.0,0.0,3.465,47.88,3665,0,77,2,108.2,0,20,15,0,2,0,0,1,10,False,,,0,0,0,0,0,0,nenhuma fronteira segura alcancavel
233.092,187.0,failed,-0.4945,0.3418,0.3554,-92.91,0.24,0.0,0.0,3.465,47.88,3665,0,77,2,108.2,0,20,15,0,2,0,0,1,10,False,,,0,0,0,0,0,0,nenhuma fronteira segura alcancavel
233.581,187.5,failed,-0.4945,0.3418,0.3554,-92.91,0.24,0.0,0.0,3.465,47.88,3665,0,77,2,108.2,0,20,15,0,2,0,0,1,10,False,,,0,0,0,0,0,0,nenhuma fronteira segura alcancavel
234.078,188.0,failed,-0.4945,0.3418,0.3554,-92.91,0.24,0.0,0.0,3.465,47.88,3665,0,77,2,108.2,0,20,15,0,2,0,0,1,10,False,,,0,0,0,0,0,0,nenhuma fronteira segura alcancavel
234.567,188.5,failed,-0.4945,0.3418,0.3554,-92.91,0.24,0.0,0.0,3.465,47.88,3665,0,77,2,108.2,0,20,15,0,2,0,0,1,10,False,,,0,0,0,0,0,0,nenhuma fronteira segura alcancavel
235.056,189.0,failed,-0.4945,0.3418,0.3554,-92.91,0.24,0.0,0.0,3.465,47.88,3665,0,77,2,108.2,0,20,15,0,2,0,0,1,10,False,,,0,0,0,0,0,0,nenhuma fronteira segura alcancavel
235.509,189.5,failed,-0.4945,0.3418,0.3554,-92.91,0.24,0.0,0.0,3.465,47.88,3665,0,77,2,108.2,0,20,15,0,2,0,0,1,10,False,,,0,0,0,0,0,0,nenhuma fronteira segura alcancavel
236.009,190.0,failed,-0.4945,0.3418,0.3554,-92.91,0.24,0.0,0.0,3.465,47.88,3665,0,77,2,108.2,0,20,15,0,2,0,0,1,10,False,,,0,0,0,0,0,0,nenhuma fronteira segura alcancavel
236.487,190.5,failed,-0.4945,0.3418,0.3554,-92.91,0.24,0.0,0.0,3.465,47.88,3665,0,77,2,108.2,0,20,15,0,2,0,0,1,10,False,,,0,0,0,0,0,0,nenhuma fronteira segura alcancavel
236.966,191.0,failed,-0.4945,0.3418,0.3554,-92.91,0.24,0.0,0.0,3.465,47.88,3665,0,77,2,108.2,0,20,15,0,2,0,0,1,10,False,,,0,0,0,0,0,0,nenhuma fronteira segura alcancavel
237.462,191.5,failed,-0.4945,0.3418,0.3554,-92.91,0.24,0.0,0.0,3.465,47.88,3665,0,77,2,108.2,0,20,15,0,2,0,0,1,10,False,,,0,0,0,0,0,0,nenhuma fronteira segura alcancavel
237.941,192.0,failed,-0.4945,0.3418,0.3554,-92.91,0.24,0.0,0.0,3.465,47.88,3665,0,77,2,108.2,0,20,15,0,2,0,0,1,10,False,,,0,0,0,0,0,0,nenhuma fronteira segura alcancavel
238.405,192.5,failed,-0.4945,0.3418,0.3554,-92.91,0.24,0.0,0.0,3.465,47.88,3665,0,77,2,108.2,0,20,15,0,2,0,0,1,10,False,,,0,0,0,0,0,0,nenhuma fronteira segura alcancavel
238.888,193.0,failed,-0.4945,0.3418,0.3554,-92.91,0.24,0.0,0.0,3.465,47.88,3665,0,77,2,108.2,0,20,15,0,2,0,0,1,10,False,,,0,0,0,0,0,0,nenhuma fronteira segura alcancavel
239.37,193.502,failed,-0.4945,0.3418,0.3554,-92.91,0.24,0.0,0.0,3.465,47.88,3665,0,77,2,108.2,0,20,15,0,2,0,0,1,10,False,,,0,0,0,0,0,0,nenhuma fronteira segura alcancavel
239.853,194.0,failed,-0.4945,0.3418,0.3554,-92.91,0.24,0.0,0.0,3.465,47.88,3665,0,77,2,108.2,0,20,15,0,2,0,0,1,10,False,,,0,0,0,0,0,0,nenhuma fronteira segura alcancavel
240.315,194.5,failed,-0.4945,0.3418,0.3554,-92.91,0.24,0.0,0.0,3.465,47.88,3665,0,77,2,108.2,0,20,15,0,2,0,0,1,10,False,,,0,0,0,0,0,0,nenhuma fronteira segura alcancavel
240.802,195.0,failed,-0.4945,0.3418,0.3554,-92.91,0.24,0.0,0.0,3.465,47.88,3665,0,77,2,108.2,0,20,15,0,2,0,0,1,10,False,,,0,0,0,0,0,0,nenhuma fronteira segura alcancavel
241.284,195.5,failed,-0.4945,0.3418,0.3554,-92.91,0.24,0.0,0.0,3.465,47.88,3665,0,77,2,108.2,0,20,15,0,2,0,0,1,10,False,,,0,0,0,0,0,0,nenhuma fronteira segura alcancavel
241.754,196.0,failed,-0.4945,0.3418,0.3554,-92.91,0.24,0.0,0.0,3.465,47.88,3665,0,77,2,108.2,0,20,15,0,2,0,0,1,10,False,,,0,0,0,0,0,0,nenhuma fronteira segura alcancavel
242.241,196.5,failed,-0.4945,0.3418,0.3554,-92.91,0.24,0.0,0.0,3.465,47.88,3665,0,77,2,108.2,0,20,15,0,2,0,0,1,10,False,,,0,0,0,0,0,0,nenhuma fronteira segura alcancavel
242.735,197.0,failed,-0.4945,0.3418,0.3554,-92.91,0.24,0.0,0.0,3.465,47.88,3665,0,77,2,108.2,0,20,15,0,2,0,0,1,10,False,,,0,0,0,0,0,0,nenhuma fronteira segura alcancavel
243.217,197.501,failed,-0.4945,0.3418,0.3554,-92.91,0.24,0.0,0.0,3.465,47.88,3665,0,77,2,108.2,0,20,15,0,2,0,0,1,10,False,,,0,0,0,0,0,0,nenhuma fronteira segura alcancavel
243.707,198.0,failed,-0.4945,0.3418,0.3554,-92.91,0.24,0.0,0.0,3.465,47.88,3665,0,77,2,108.2,0,20,15,0,2,0,0,1,10,False,,,0,0,0,0,0,0,nenhuma fronteira segura alcancavel
244.172,198.5,failed,-0.4945,0.3418,0.3554,-92.91,0.24,0.0,0.0,3.465,47.88,3665,0,77,2,108.2,0,20,15,0,2,0,0,1,10,False,,,0,0,0,0,0,0,nenhuma fronteira segura alcancavel
244.644,199.0,failed,-0.4945,0.3418,0.3554,-92.91,0.24,0.0,0.0,3.465,47.88,3665,0,77,2,108.2,0,20,15,0,2,0,0,1,10,False,,,0,0,0,0,0,0,nenhuma fronteira segura alcancavel
245.127,199.5,failed,-0.4945,0.3418,0.3554,-92.91,0.24,0.0,0.0,3.465,47.88,3665,0,77,2,108.2,0,20,15,0,2,0,0,1,10,False,,,0,0,0,0,0,0,nenhuma fronteira segura alcancavel
245.609,200.0,failed,-0.4945,0.3418,0.3554,-92.91,0.24,0.0,0.0,3.465,47.88,3665,0,77,2,108.2,0,20,15,0,2,0,0,1,10,False,,,0,0,0,0,0,0,nenhuma fronteira segura alcancavel
246.078,200.5,failed,-0.4945,0.3418,0.3554,-92.91,0.24,0.0,0.0,3.465,47.88,3665,0,77,2,108.2,0,20,15,0,2,0,0,1,10,False,,,0,0,0,0,0,0,nenhuma fronteira segura alcancavel
246.566,201.0,failed,-0.4945,0.3418,0.3554,-92.91,0.23,0.0,0.0,3.465,47.88,3665,0,77,2,108.2,0,20,15,0,2,0,0,1,10,False,,,0,0,0,0,0,0,nenhuma fronteira segura alcancavel
247.036,201.5,failed,-0.4945,0.3418,0.3554,-92.91,0.23,0.0,0.0,3.465,47.88,3665,0,77,2,108.2,0,20,15,0,2,0,0,1,10,False,,,0,0,0,0,0,0,nenhuma fronteira segura alcancavel
247.514,202.0,failed,-0.4945,0.3418,0.3554,-92.91,0.23,0.0,0.0,3.465,47.88,3665,0,77,2,108.2,0,20,15,0,2,0,0,1,10,False,,,0,0,0,0,0,0,nenhuma fronteira segura alcancavel
248.007,202.5,failed,-0.4945,0.3418,0.3554,-92.91,0.23,0.0,0.0,3.465,47.88,3665,0,77,2,108.2,0,20,15,0,2,0,0,1,10,False,,,0,0,0,0,0,0,nenhuma fronteira segura alcancavel
248.48,203.0,failed,-0.4945,0.3418,0.3554,-92.91,0.23,0.0,0.0,3.465,47.88,3665,0,77,2,108.2,0,20,15,0,2,0,0,1,10,False,,,0,0,0,0,0,0,nenhuma fronteira segura alcancavel
248.961,203.5,failed,-0.4945,0.3418,0.3554,-92.91,0.23,0.0,0.0,3.465,47.88,3665,0,77,2,108.2,0,20,15,0,2,0,0,1,10,False,,,0,0,0,0,0,0,nenhuma fronteira segura alcancavel
249.445,204.0,failed,-0.4945,0.3418,0.3554,-92.91,0.23,0.0,0.0,3.465,47.88,3665,0,77,2,108.2,0,20,15,0,2,0,0,1,10,False,,,0,0,0,0,0,0,nenhuma fronteira segura alcancavel
249.918,204.5,failed,-0.4945,0.3418,0.3554,-92.91,0.23,0.0,0.0,3.465,47.88,3665,0,77,2,108.2,0,20,15,0,2,0,0,1,10,False,,,0,0,0,0,0,0,nenhuma fronteira segura alcancavel
250.389,205.0,failed,-0.4945,0.3418,0.3554,-92.91,0.23,0.0,0.0,3.465,47.88,3665,0,77,2,108.2,0,20,15,0,2,0,0,1,10,False,,,0,0,0,0,0,0,nenhuma fronteira segura alcancavel
250.851,205.5,failed,-0.4945,0.3418,0.3554,-92.91,0.23,0.0,0.0,3.465,47.88,3665,0,77,2,108.2,0,20,15,0,2,0,0,1,10,False,,,0,0,0,0,0,0,nenhuma fronteira segura alcancavel
251.328,206.0,failed,-0.4945,0.3418,0.3554,-92.91,0.23,0.0,0.0,3.465,47.88,3665,0,77,2,108.2,0,20,15,0,2,0,0,1,10,False,,,0,0,0,0,0,0,nenhuma fronteira segura alcancavel
251.809,206.5,failed,-0.4945,0.3418,0.3554,-92.91,0.23,0.0,0.0,3.465,47.88,3665,0,77,2,108.2,0,20,15,0,2,0,0,1,10,False,,,0,0,0,0,0,0,nenhuma fronteira segura alcancavel
252.292,207.0,failed,-0.4945,0.3418,0.3554,-92.91,0.23,0.0,0.0,3.465,47.88,3665,0,77,2,108.2,0,20,15,0,2,0,0,1,10,False,,,0,0,0,0,0,0,nenhuma fronteira segura alcancavel
252.781,207.5,failed,-0.4945,0.3418,0.3554,-92.91,0.23,0.0,0.0,3.465,47.88,3665,0,77,2,108.2,0,20,15,0,2,0,0,1,10,False,,,0,0,0,0,0,0,nenhuma fronteira segura alcancavel
253.267,208.0,failed,-0.4945,0.3418,0.3554,-92.91,0.23,0.0,0.0,3.465,47.88,3665,0,77,2,108.2,0,20,15,0,2,0,0,1,10,False,,,0,0,0,0,0,0,nenhuma fronteira segura alcancavel
253.75,208.501,failed,-0.4945,0.3418,0.3554,-92.91,0.23,0.0,0.0,3.465,47.88,3665,0,77,2,108.2,0,20,15,0,2,0,0,1,10,False,,,0,0,0,0,0,0,nenhuma fronteira segura alcancavel
254.228,209.0,failed,-0.4945,0.3418,0.3554,-92.91,0.23,0.0,0.0,3.465,47.88,3665,0,77,2,108.2,0,20,15,0,2,0,0,1,10,False,,,0,0,0,0,0,0,nenhuma fronteira segura alcancavel
254.702,209.5,failed,-0.4945,0.3418,0.3554,-92.91,0.23,0.0,0.0,3.465,47.88,3665,0,77,2,108.2,0,20,15,0,2,0,0,1,10,False,,,0,0,0,0,0,0,nenhuma fronteira segura alcancavel
255.196,210.0,failed,-0.4945,0.3418,0.3554,-92.91,0.23,0.0,0.0,3.465,47.88,3665,0,77,2,108.2,0,20,15,0,2,0,0,1,10,False,,,0,0,0,0,0,0,nenhuma fronteira segura alcancavel
255.683,210.5,failed,-0.4945,0.3418,0.3554,-92.91,0.23,0.0,0.0,3.465,47.88,3665,0,77,2,108.2,0,20,15,0,2,0,0,1,10,False,,,0,0,0,0,0,0,nenhuma fronteira segura alcancavel
256.131,211.0,failed,-0.4945,0.3418,0.3554,-92.91,0.23,0.0,0.0,3.465,47.88,3665,0,77,2,108.2,0,20,15,0,2,0,0,1,10,False,,,0,0,0,0,0,0,nenhuma fronteira segura alcancavel
256.626,211.501,failed,-0.4945,0.3418,0.3554,-92.91,0.23,0.0,0.0,3.465,47.88,3665,0,77,2,108.2,0,20,15,0,2,0,0,1,10,False,,,0,0,0,0,0,0,nenhuma fronteira segura alcancavel
257.109,212.0,failed,-0.4945,0.3418,0.3554,-92.91,0.24,0.0,0.0,3.465,47.88,3665,0,77,2,108.2,0,20,15,0,2,0,0,1,10,False,,,0,0,0,0,0,0,nenhuma fronteira segura alcancavel
257.594,212.5,failed,-0.4945,0.3418,0.3554,-92.91,0.24,0.0,0.0,3.465,47.88,3665,0,77,2,108.2,0,20,15,0,2,0,0,1,10,False,,,0,0,0,0,0,0,nenhuma fronteira segura alcancavel
258.025,213.0,failed,-0.4945,0.3418,0.3554,-92.91,0.24,0.0,0.0,3.465,47.88,3665,0,77,2,108.2,0,20,15,0,2,0,0,1,10,False,,,0,0,0,0,0,0,nenhuma fronteira segura alcancavel
258.504,213.5,failed,-0.4945,0.3418,0.3554,-92.91,0.24,0.0,0.0,3.465,47.88,3665,0,77,2,108.2,0,20,15,0,2,0,0,1,10,False,,,0,0,0,0,0,0,nenhuma fronteira segura alcancavel
258.997,214.001,failed,-0.4945,0.3418,0.3554,-92.91,0.24,0.0,0.0,3.465,47.88,3665,0,77,2,108.2,0,20,15,0,2,0,0,1,10,False,,,0,0,0,0,0,0,nenhuma fronteira segura alcancavel
259.479,214.5,failed,-0.4945,0.3418,0.3554,-92.91,0.24,0.0,0.0,3.465,47.88,3665,0,77,2,108.2,0,20,15,0,2,0,0,1,10,False,,,0,0,0,0,0,0,nenhuma fronteira segura alcancavel
259.964,215.0,failed,-0.4945,0.3418,0.3554,-92.91,0.24,0.0,0.0,3.465,47.88,3665,0,77,2,108.2,0,20,15,0,2,0,0,1,10,False,,,0,0,0,0,0,0,nenhuma fronteira segura alcancavel
260.451,215.5,failed,-0.4945,0.3418,0.3554,-92.91,0.24,0.0,0.0,3.465,47.88,3665,0,77,2,108.2,0,20,15,0,2,0,0,1,10,False,,,0,0,0,0,0,0,nenhuma fronteira segura alcancavel
260.922,216.0,failed,-0.4945,0.3418,0.3554,-92.91,0.24,0.0,0.0,3.465,47.88,3665,0,77,2,108.2,0,20,15,0,2,0,0,1,10,False,,,0,0,0,0,0,0,nenhuma fronteira segura alcancavel
261.409,216.5,failed,-0.4945,0.3418,0.3554,-92.91,0.24,0.0,0.0,3.465,47.88,3665,0,77,2,108.2,0,20,15,0,2,0,0,1,10,False,,,0,0,0,0,0,0,nenhuma fronteira segura alcancavel
261.909,217.0,failed,-0.4945,0.3418,0.3554,-92.91,0.24,0.0,0.0,3.465,47.88,3665,0,77,2,108.2,0,20,15,0,2,0,0,1,10,False,,,0,0,0,0,0,0,nenhuma fronteira segura alcancavel
262.358,217.5,failed,-0.4945,0.3418,0.3554,-92.91,0.24,0.0,0.0,3.465,47.88,3665,0,77,2,108.2,0,20,15,0,2,0,0,1,10,False,,,0,0,0,0,0,0,nenhuma fronteira segura alcancavel
262.844,218.0,failed,-0.4945,0.3418,0.3554,-92.91,0.24,0.0,0.0,3.465,47.88,3665,0,77,2,108.2,0,20,15,0,2,0,0,1,10,False,,,0,0,0,0,0,0,nenhuma fronteira segura alcancavel
263.333,218.5,failed,-0.4945,0.3418,0.3554,-92.91,0.24,0.0,0.0,3.465,47.88,3665,0,77,2,108.2,0,20,15,0,2,0,0,1,10,False,,,0,0,0,0,0,0,nenhuma fronteira segura alcancavel
263.807,219.0,failed,-0.4945,0.3418,0.3554,-92.91,0.24,0.0,0.0,3.465,47.88,3665,0,77,2,108.2,0,20,15,0,2,0,0,1,10,False,,,0,0,0,0,0,0,nenhuma fronteira segura alcancavel
264.283,219.5,failed,-0.4945,0.3418,0.3554,-92.91,0.24,0.0,0.0,3.465,47.88,3665,0,77,2,108.2,0,20,15,0,2,0,0,1,10,False,,,0,0,0,0,0,0,nenhuma fronteira segura alcancavel
264.775,220.0,failed,-0.4945,0.3418,0.3554,-92.91,0.24,0.0,0.0,3.465,47.88,3665,0,77,2,108.2,0,20,15,0,2,0,0,1,10,False,,,0,0,0,0,0,0,nenhuma fronteira segura alcancavel
265.25,220.5,failed,-0.4945,0.3418,0.3554,-92.91,0.24,0.0,0.0,3.465,47.88,3665,0,77,2,108.2,0,20,15,0,2,0,0,1,10,False,,,0,0,0,0,0,0,nenhuma fronteira segura alcancavel
265.72,221.0,failed,-0.4945,0.3418,0.3554,-92.91,0.24,0.0,0.0,3.465,47.88,3665,0,77,2,108.2,0,20,15,0,2,0,0,1,10,False,,,0,0,0,0,0,0,nenhuma fronteira segura alcancavel
266.212,221.5,failed,-0.4945,0.3418,0.3554,-92.91,0.24,0.0,0.0,3.465,47.88,3665,0,77,2,108.2,0,20,15,0,2,0,0,1,10,False,,,0,0,0,0,0,0,nenhuma fronteira segura alcancavel
266.707,222.0,failed,-0.4945,0.3418,0.3554,-92.91,0.24,0.0,0.0,3.465,47.88,3665,0,77,2,108.2,0,20,15,0,2,0,0,1,10,False,,,0,0,0,0,0,0,nenhuma fronteira segura alcancavel
267.154,222.5,failed,-0.4945,0.3418,0.3554,-92.91,0.24,0.0,0.0,3.465,47.88,3665,0,77,2,108.2,0,20,15,0,2,0,0,1,10,False,,,0,0,0,0,0,0,nenhuma fronteira segura alcancavel
267.606,223.0,failed,-0.4945,0.3418,0.3554,-92.91,0.24,0.0,0.0,3.465,47.88,3665,0,77,2,108.2,0,20,15,0,2,0,0,1,10,False,,,0,0,0,0,0,0,nenhuma fronteira segura alcancavel
268.055,223.5,failed,-0.4945,0.3418,0.3554,-92.91,0.24,0.0,0.0,3.465,47.88,3665,0,77,2,108.2,0,20,15,0,2,0,0,1,10,False,,,0,0,0,0,0,0,nenhuma fronteira segura alcancavel
268.542,224.0,failed,-0.4945,0.3418,0.3554,-92.91,0.24,0.0,0.0,3.465,47.88,3665,0,77,2,108.2,0,20,15,0,2,0,0,1,10,False,,,0,0,0,0,0,0,nenhuma fronteira segura alcancavel
269.012,224.5,failed,-0.4945,0.3418,0.3554,-92.91,0.24,0.0,0.0,3.465,47.88,3665,0,77,2,108.2,0,20,15,0,2,0,0,1,10,False,,,0,0,0,0,0,0,nenhuma fronteira segura alcancavel
269.442,225.0,failed,-0.4945,0.3418,0.3554,-92.91,0.24,0.0,0.0,3.465,47.88,3665,0,77,2,108.2,0,20,15,0,2,0,0,1,10,False,,,0,0,0,0,0,0,nenhuma fronteira segura alcancavel
269.929,225.5,failed,-0.4945,0.3418,0.3554,-92.91,0.24,0.0,0.0,3.465,47.88,3665,0,77,2,108.2,0,20,15,0,2,0,0,1,10,False,,,0,0,0,0,0,0,nenhuma fronteira segura alcancavel
270.404,226.0,failed,-0.4945,0.3418,0.3554,-92.91,0.24,0.0,0.0,3.465,47.88,3665,0,77,2,108.2,0,20,15,0,2,0,0,1,10,False,,,0,0,0,0,0,0,nenhuma fronteira segura alcancavel
270.858,226.5,failed,-0.4945,0.3418,0.3554,-92.91,0.24,0.0,0.0,3.465,47.88,3665,0,77,2,108.2,0,20,15,0,2,0,0,1,10,False,,,0,0,0,0,0,0,nenhuma fronteira segura alcancavel
271.331,227.0,failed,-0.4945,0.3418,0.3554,-92.91,0.24,0.0,0.0,3.465,47.88,3665,0,77,2,108.2,0,20,15,0,2,0,0,1,10,False,,,0,0,0,0,0,0,nenhuma fronteira segura alcancavel
271.784,227.5,failed,-0.4945,0.3418,0.3554,-92.91,0.24,0.0,0.0,3.465,47.88,3665,0,77,2,108.2,0,20,15,0,2,0,0,1,10,False,,,0,0,0,0,0,0,nenhuma fronteira segura alcancavel
272.253,228.0,failed,-0.4945,0.3418,0.3554,-92.91,0.24,0.0,0.0,3.465,47.88,3665,0,77,2,108.2,0,20,15,0,2,0,0,1,10,False,,,0,0,0,0,0,0,nenhuma fronteira segura alcancavel
272.71,228.5,failed,-0.4945,0.3418,0.3554,-92.91,0.24,0.0,0.0,3.465,47.88,3665,0,77,2,108.2,0,20,15,0,2,0,0,1,10,False,,,0,0,0,0,0,0,nenhuma fronteira segura alcancavel
273.209,229.0,failed,-0.4945,0.3418,0.3554,-92.91,0.24,0.0,0.0,3.465,47.88,3665,0,77,2,108.2,0,20,15,0,2,0,0,1,10,False,,,0,0,0,0,0,0,nenhuma fronteira segura alcancavel
273.703,229.5,failed,-0.4945,0.3418,0.3554,-92.91,0.24,0.0,0.0,3.465,47.88,3665,0,77,2,108.2,0,20,15,0,2,0,0,1,10,False,,,0,0,0,0,0,0,nenhuma fronteira segura alcancavel
274.141,230.0,failed,-0.4945,0.3418,0.3554,-92.91,0.24,0.0,0.0,3.465,47.88,3665,0,77,2,108.2,0,20,15,0,2,0,0,1,10,False,,,0,0,0,0,0,0,nenhuma fronteira segura alcancavel
274.635,230.5,failed,-0.4945,0.3418,0.3554,-92.91,0.24,0.0,0.0,3.465,47.88,3665,0,77,2,108.2,0,20,15,0,2,0,0,1,10,False,,,0,0,0,0,0,0,nenhuma fronteira segura alcancavel
275.11,231.001,failed,-0.4945,0.3418,0.3554,-92.91,0.24,0.0,0.0,3.465,47.88,3665,0,77,2,108.2,0,20,15,0,2,0,0,1,10,False,,,0,0,0,0,0,0,nenhuma fronteira segura alcancavel
275.59,231.5,failed,-0.4945,0.3418,0.3554,-92.91,0.24,0.0,0.0,3.465,47.88,3665,0,77,2,108.2,0,20,15,0,2,0,0,1,10,False,,,0,0,0,0,0,0,nenhuma fronteira segura alcancavel
276.077,232.001,failed,-0.4945,0.3418,0.3554,-92.91,0.24,0.0,0.0,3.465,47.88,3665,0,77,2,108.2,0,20,15,0,2,0,0,1,10,False,,,0,0,0,0,0,0,nenhuma fronteira segura alcancavel
276.541,232.501,failed,-0.4945,0.3418,0.3554,-92.91,0.24,0.0,0.0,3.465,47.88,3665,0,77,2,108.2,0,20,15,0,2,0,0,1,10,False,,,0,0,0,0,0,0,nenhuma fronteira segura alcancavel
277.029,233.0,failed,-0.4945,0.3418,0.3554,-92.91,0.24,0.0,0.0,3.465,47.88,3665,0,77,2,108.2,0,20,15,0,2,0,0,1,10,False,,,0,0,0,0,0,0,nenhuma fronteira segura alcancavel
277.514,233.5,failed,-0.4945,0.3418,0.3554,-92.91,0.24,0.0,0.0,3.465,47.88,3665,0,77,2,108.2,0,20,15,0,2,0,0,1,10,False,,,0,0,0,0,0,0,nenhuma fronteira segura alcancavel
277.975,234.0,failed,-0.4945,0.3418,0.3554,-92.91,0.24,0.0,0.0,3.465,47.88,3665,0,77,2,108.2,0,20,15,0,2,0,0,1,10,False,,,0,0,0,0,0,0,nenhuma fronteira segura alcancavel
278.438,234.501,failed,-0.4945,0.3418,0.3554,-92.91,0.24,0.0,0.0,3.465,47.88,3665,0,77,2,108.2,0,20,15,0,2,0,0,1,10,False,,,0,0,0,0,0,0,nenhuma fronteira segura alcancavel
278.912,235.0,failed,-0.4945,0.3418,0.3554,-92.91,0.24,0.0,0.0,3.465,47.88,3665,0,77,2,108.2,0,20,15,0,2,0,0,1,10,False,,,0,0,0,0,0,0,nenhuma fronteira segura alcancavel
279.406,235.5,failed,-0.4945,0.3418,0.3554,-92.91,0.24,0.0,0.0,3.465,47.88,3665,0,77,2,108.2,0,20,15,0,2,0,0,1,10,False,,,0,0,0,0,0,0,nenhuma fronteira segura alcancavel
279.9,236.0,failed,-0.4945,0.3418,0.3554,-92.91,0.24,0.0,0.0,3.465,47.88,3665,0,77,2,108.2,0,20,15,0,2,0,0,1,10,False,,,0,0,0,0,0,0,nenhuma fronteira segura alcancavel
280.391,236.5,failed,-0.4945,0.3418,0.3554,-92.91,0.24,0.0,0.0,3.465,47.88,3665,0,77,2,108.2,0,20,15,0,2,0,0,1,10,False,,,0,0,0,0,0,0,nenhuma fronteira segura alcancavel
280.879,237.0,failed,-0.4945,0.3418,0.3554,-92.91,0.24,0.0,0.0,3.465,47.88,3665,0,77,2,108.2,0,20,15,0,2,0,0,1,10,False,,,0,0,0,0,0,0,nenhuma fronteira segura alcancavel
281.347,237.5,failed,-0.4945,0.3418,0.3554,-92.91,0.24,0.0,0.0,3.465,47.88,3665,0,77,2,108.2,0,20,15,0,2,0,0,1,10,False,,,0,0,0,0,0,0,nenhuma fronteira segura alcancavel
281.819,238.001,failed,-0.4945,0.3418,0.3554,-92.91,0.24,0.0,0.0,3.465,47.88,3665,0,77,2,108.2,0,20,15,0,2,0,0,1,10,False,,,0,0,0,0,0,0,nenhuma fronteira segura alcancavel
282.325,238.5,failed,-0.4945,0.3418,0.3554,-92.91,0.24,0.0,0.0,3.465,47.88,3665,0,77,2,108.2,0,20,15,0,2,0,0,1,10,False,,,0,0,0,0,0,0,nenhuma fronteira segura alcancavel
282.808,239.0,failed,-0.4945,0.3418,0.3554,-92.91,0.24,0.0,0.0,3.465,47.88,3665,0,77,2,108.2,0,20,15,0,2,0,0,1,10,False,,,0,0,0,0,0,0,nenhuma fronteira segura alcancavel
283.308,239.5,failed,-0.4945,0.3418,0.3554,-92.91,0.24,0.0,0.0,3.465,47.88,3665,0,77,2,108.2,0,20,15,0,2,0,0,1,10,False,,,0,0,0,0,0,0,nenhuma fronteira segura alcancavel
283.799,240.0,failed,-0.4945,0.3418,0.3554,-92.91,0.24,0.0,0.0,3.465,47.88,3665,0,77,2,108.2,0,20,15,0,2,0,0,1,10,False,,,0,0,0,0,0,0,nenhuma fronteira segura alcancavel
284.287,240.5,failed,-0.4945,0.3418,0.3554,-92.91,0.24,0.0,0.0,3.465,47.88,3665,0,77,2,108.2,0,20,15,0,2,0,0,1,10,False,,,0,0,0,0,0,0,nenhuma fronteira segura alcancavel
284.766,241.0,failed,-0.4945,0.3418,0.3554,-92.91,0.24,0.0,0.0,3.465,47.88,3665,0,77,2,108.2,0,20,15,0,2,0,0,1,10,False,,,0,0,0,0,0,0,nenhuma fronteira segura alcancavel
285.244,241.5,failed,-0.4945,0.3418,0.3554,-92.91,0.24,0.0,0.0,3.465,47.88,3665,0,77,2,108.2,0,20,15,0,2,0,0,1,10,False,,,0,0,0,0,0,0,nenhuma fronteira segura alcancavel
285.737,242.0,failed,-0.4945,0.3418,0.3554,-92.91,0.24,0.0,0.0,3.465,47.88,3665,0,77,2,108.2,0,20,15,0,2,0,0,1,10,False,,,0,0,0,0,0,0,nenhuma fronteira segura alcancavel
286.199,242.5,failed,-0.4945,0.3418,0.3554,-92.91,0.24,0.0,0.0,3.465,47.88,3665,0,77,2,108.2,0,20,15,0,2,0,0,1,10,False,,,0,0,0,0,0,0,nenhuma fronteira segura alcancavel
286.679,243.0,failed,-0.4945,0.3418,0.3554,-92.91,0.24,0.0,0.0,3.465,47.88,3665,0,77,2,108.2,0,20,15,0,2,0,0,1,10,False,,,0,0,0,0,0,0,nenhuma fronteira segura alcancavel
287.164,243.5,failed,-0.4945,0.3418,0.3554,-92.91,0.24,0.0,0.0,3.465,47.88,3665,0,77,2,108.2,0,20,15,0,2,0,0,1,10,False,,,0,0,0,0,0,0,nenhuma fronteira segura alcancavel
287.658,244.0,failed,-0.4945,0.3418,0.3554,-92.91,0.24,0.0,0.0,3.465,47.88,3665,0,77,2,108.2,0,20,15,0,2,0,0,1,10,False,,,0,0,0,0,0,0,nenhuma fronteira segura alcancavel
288.157,244.5,failed,-0.4945,0.3418,0.3554,-92.91,0.24,0.0,0.0,3.465,47.88,3665,0,77,2,108.2,0,20,15,0,2,0,0,1,10,False,,,0,0,0,0,0,0,nenhuma fronteira segura alcancavel
288.583,245.0,failed,-0.4945,0.3418,0.3554,-92.91,0.24,0.0,0.0,3.465,47.88,3665,0,77,2,108.2,0,20,15,0,2,0,0,1,10,False,,,0,0,0,0,0,0,nenhuma fronteira segura alcancavel
289.045,245.5,failed,-0.4945,0.3418,0.3554,-92.91,0.24,0.0,0.0,3.465,47.88,3665,0,77,2,108.2,0,20,15,0,2,0,0,1,10,False,,,0,0,0,0,0,0,nenhuma fronteira segura alcancavel
289.517,246.0,failed,-0.4945,0.3418,0.3554,-92.91,0.24,0.0,0.0,3.465,47.88,3665,0,77,2,108.2,0,20,15,0,2,0,0,1,10,False,,,0,0,0,0,0,0,nenhuma fronteira segura alcancavel
290.004,246.5,failed,-0.4945,0.3418,0.3554,-92.91,0.24,0.0,0.0,3.465,47.88,3665,0,77,2,108.2,0,20,15,0,2,0,0,1,10,False,,,0,0,0,0,0,0,nenhuma fronteira segura alcancavel
290.491,247.0,failed,-0.4945,0.3418,0.3554,-92.91,0.24,0.0,0.0,3.465,47.88,3665,0,77,2,108.2,0,20,15,0,2,0,0,1,10,False,,,0,0,0,0,0,0,nenhuma fronteira segura alcancavel
290.972,247.5,failed,-0.4945,0.3418,0.3554,-92.91,0.24,0.0,0.0,3.465,47.88,3665,0,77,2,108.2,0,20,15,0,2,0,0,1,10,False,,,0,0,0,0,0,0,nenhuma fronteira segura alcancavel
291.44,248.0,failed,-0.4945,0.3418,0.3554,-92.91,0.24,0.0,0.0,3.465,47.88,3665,0,77,2,108.2,0,20,15,0,2,0,0,1,10,False,,,0,0,0,0,0,0,nenhuma fronteira segura alcancavel
291.907,248.5,failed,-0.4945,0.3418,0.3554,-92.91,0.24,0.0,0.0,3.465,47.88,3665,0,77,2,108.2,0,20,15,0,2,0,0,1,10,False,,,0,0,0,0,0,0,nenhuma fronteira segura alcancavel
292.384,249.0,failed,-0.4945,0.3418,0.3554,-92.91,0.24,0.0,0.0,3.465,47.88,3665,0,77,2,108.2,0,20,15,0,2,0,0,1,10,False,,,0,0,0,0,0,0,nenhuma fronteira segura alcancavel
292.855,249.5,failed,-0.4945,0.3418,0.3554,-92.91,0.24,0.0,0.0,3.465,47.88,3665,0,77,2,108.2,0,20,15,0,2,0,0,1,10,False,,,0,0,0,0,0,0,nenhuma fronteira segura alcancavel
293.343,250.001,failed,-0.4945,0.3418,0.3554,-92.91,0.24,0.0,0.0,3.465,47.88,3665,0,77,2,108.2,0,20,15,0,2,0,0,1,10,False,,,0,0,0,0,0,0,nenhuma fronteira segura alcancavel
293.808,250.5,failed,-0.4945,0.3418,0.3554,-92.91,0.24,0.0,0.0,3.465,47.88,3665,0,77,2,108.2,0,20,15,0,2,0,0,1,10,False,,,0,0,0,0,0,0,nenhuma fronteira segura alcancavel
294.301,251.0,failed,-0.4945,0.3418,0.3554,-92.91,0.24,0.0,0.0,3.465,47.88,3665,0,77,2,108.2,0,20,15,0,2,0,0,1,10,False,,,0,0,0,0,0,0,nenhuma fronteira segura alcancavel
294.78,251.5,failed,-0.4945,0.3418,0.3554,-92.91,0.24,0.0,0.0,3.465,47.88,3665,0,77,2,108.2,0,20,15,0,2,0,0,1,10,False,,,0,0,0,0,0,0,nenhuma fronteira segura alcancavel
295.269,252.0,failed,-0.4945,0.3418,0.3554,-92.91,0.24,0.0,0.0,3.465,47.88,3665,0,77,2,108.2,0,20,15,0,2,0,0,1,10,False,,,0,0,0,0,0,0,nenhuma fronteira segura alcancavel
295.745,252.5,failed,-0.4945,0.3418,0.3554,-92.91,0.24,0.0,0.0,3.465,47.88,3665,0,77,2,108.2,0,20,15,0,2,0,0,1,10,False,,,0,0,0,0,0,0,nenhuma fronteira segura alcancavel
296.24,253.0,failed,-0.4945,0.3418,0.3554,-92.91,0.24,0.0,0.0,3.465,47.88,3665,0,77,2,108.2,0,20,15,0,2,0,0,1,10,False,,,0,0,0,0,0,0,nenhuma fronteira segura alcancavel
296.727,253.5,failed,-0.4945,0.3418,0.3554,-92.91,0.24,0.0,0.0,3.465,47.88,3665,0,77,2,108.2,0,20,15,0,2,0,0,1,10,False,,,0,0,0,0,0,0,nenhuma fronteira segura alcancavel
297.209,254.0,failed,-0.4945,0.3418,0.3554,-92.91,0.24,0.0,0.0,3.465,47.88,3665,0,77,2,108.2,0,20,15,0,2,0,0,1,10,False,,,0,0,0,0,0,0,nenhuma fronteira segura alcancavel
297.697,254.501,failed,-0.4945,0.3418,0.3554,-92.91,0.24,0.0,0.0,3.465,47.88,3665,0,77,2,108.2,0,20,15,0,2,0,0,1,10,False,,,0,0,0,0,0,0,nenhuma fronteira segura alcancavel
298.156,255.0,failed,-0.4945,0.3418,0.3554,-92.91,0.24,0.0,0.0,3.465,47.88,3665,0,77,2,108.2,0,20,15,0,2,0,0,1,10,False,,,0,0,0,0,0,0,nenhuma fronteira segura alcancavel
298.637,255.5,failed,-0.4945,0.3418,0.3554,-92.91,0.24,0.0,0.0,3.465,47.88,3665,0,77,2,108.2,0,20,15,0,2,0,0,1,10,False,,,0,0,0,0,0,0,nenhuma fronteira segura alcancavel
299.1,256.0,failed,-0.4945,0.3418,0.3554,-92.91,0.24,0.0,0.0,3.465,47.88,3665,0,77,2,108.2,0,20,15,0,2,0,0,1,10,False,,,0,0,0,0,0,0,nenhuma fronteira segura alcancavel
299.589,256.5,failed,-0.4945,0.3418,0.3554,-92.91,0.24,0.0,0.0,3.465,47.88,3665,0,77,2,108.2,0,20,15,0,2,0,0,1,10,False,,,0,0,0,0,0,0,nenhuma fronteira segura alcancavel
300.065,257.0,failed,-0.4945,0.3418,0.3554,-92.91,0.24,0.0,0.0,3.465,47.88,3665,0,77,2,108.2,0,20,15,0,2,0,0,1,10,False,,,0,0,0,0,0,0,nenhuma fronteira segura alcancavel
300.519,257.5,failed,-0.4945,0.3418,0.3554,-92.91,0.24,0.0,0.0,3.465,47.88,3665,0,77,2,108.2,0,20,15,0,2,0,0,1,10,False,,,0,0,0,0,0,0,nenhuma fronteira segura alcancavel
301.007,258.0,failed,-0.4945,0.3418,0.3554,-92.91,0.24,0.0,0.0,3.465,47.88,3665,0,77,2,108.2,0,20,15,0,2,0,0,1,10,False,,,0,0,0,0,0,0,nenhuma fronteira segura alcancavel
301.45,258.5,failed,-0.4945,0.3418,0.3554,-92.91,0.24,0.0,0.0,3.465,47.88,3665,0,77,2,108.2,0,20,15,0,2,0,0,1,10,False,,,0,0,0,0,0,0,nenhuma fronteira segura alcancavel
301.92,259.0,failed,-0.4945,0.3418,0.3554,-92.91,0.24,0.0,0.0,3.465,47.88,3665,0,77,2,108.2,0,20,15,0,2,0,0,1,10,False,,,0,0,0,0,0,0,nenhuma fronteira segura alcancavel
302.381,259.5,failed,-0.4945,0.3418,0.3554,-92.91,0.24,0.0,0.0,3.465,47.88,3665,0,77,2,108.2,0,20,15,0,2,0,0,1,10,False,,,0,0,0,0,0,0,nenhuma fronteira segura alcancavel
302.871,260.0,failed,-0.4945,0.3418,0.3554,-92.91,0.24,0.0,0.0,3.465,47.88,3665,0,77,2,108.2,0,20,15,0,2,0,0,1,10,False,,,0,0,0,0,0,0,nenhuma fronteira segura alcancavel
303.354,260.5,failed,-0.4945,0.3418,0.3554,-92.91,0.24,0.0,0.0,3.465,47.88,3665,0,77,2,108.2,0,20,15,0,2,0,0,1,10,False,,,0,0,0,0,0,0,nenhuma fronteira segura alcancavel
303.843,261.001,failed,-0.4945,0.3418,0.3554,-92.91,0.24,0.0,0.0,3.465,47.88,3665,0,77,2,108.2,0,20,15,0,2,0,0,1,10,False,,,0,0,0,0,0,0,nenhuma fronteira segura alcancavel
304.327,261.5,failed,-0.4945,0.3418,0.3554,-92.91,0.24,0.0,0.0,3.465,47.88,3665,0,77,2,108.2,0,20,15,0,2,0,0,1,10,False,,,0,0,0,0,0,0,nenhuma fronteira segura alcancavel
304.802,262.0,failed,-0.4945,0.3418,0.3554,-92.91,0.24,0.0,0.0,3.465,47.88,3665,0,77,2,108.2,0,20,15,0,2,0,0,1,10,False,,,0,0,0,0,0,0,nenhuma fronteira segura alcancavel
305.252,262.501,failed,-0.4945,0.3418,0.3554,-92.91,0.24,0.0,0.0,3.465,47.88,3665,0,77,2,108.2,0,20,15,0,2,0,0,1,10,False,,,0,0,0,0,0,0,nenhuma fronteira segura alcancavel
305.738,263.0,failed,-0.4945,0.3418,0.3554,-92.91,0.24,0.0,0.0,3.465,47.88,3665,0,77,2,108.2,0,20,15,0,2,0,0,1,10,False,,,0,0,0,0,0,0,nenhuma fronteira segura alcancavel
306.207,263.501,failed,-0.4945,0.3418,0.3554,-92.91,0.24,0.0,0.0,3.465,47.88,3665,0,77,2,108.2,0,20,15,0,2,0,0,1,10,False,,,0,0,0,0,0,0,nenhuma fronteira segura alcancavel
306.692,264.0,failed,-0.4945,0.3418,0.3554,-92.91,0.24,0.0,0.0,3.465,47.88,3665,0,77,2,108.2,0,20,15,0,2,0,0,1,10,False,,,0,0,0,0,0,0,nenhuma fronteira segura alcancavel
307.174,264.5,failed,-0.4945,0.3418,0.3554,-92.91,0.24,0.0,0.0,3.465,47.88,3665,0,77,2,108.2,0,20,15,0,2,0,0,1,10,False,,,0,0,0,0,0,0,nenhuma fronteira segura alcancavel
307.661,265.0,failed,-0.4945,0.3418,0.3554,-92.91,0.24,0.0,0.0,3.465,47.88,3665,0,77,2,108.2,0,20,15,0,2,0,0,1,10,False,,,0,0,0,0,0,0,nenhuma fronteira segura alcancavel
308.143,265.5,failed,-0.4945,0.3418,0.3554,-92.91,0.24,0.0,0.0,3.465,47.88,3665,0,77,2,108.2,0,20,15,0,2,0,0,1,10,False,,,0,0,0,0,0,0,nenhuma fronteira segura alcancavel
308.627,266.0,failed,-0.4945,0.3418,0.3554,-92.91,0.24,0.0,0.0,3.465,47.88,3665,0,77,2,108.2,0,20,15,0,2,0,0,1,10,False,,,0,0,0,0,0,0,nenhuma fronteira segura alcancavel
309.106,266.5,failed,-0.4945,0.3418,0.3554,-92.91,0.24,0.0,0.0,3.465,47.88,3665,0,77,2,108.2,0,20,15,0,2,0,0,1,10,False,,,0,0,0,0,0,0,nenhuma fronteira segura alcancavel
309.589,267.0,failed,-0.4945,0.3418,0.3554,-92.91,0.24,0.0,0.0,3.465,47.88,3665,0,77,2,108.2,0,20,15,0,2,0,0,1,10,False,,,0,0,0,0,0,0,nenhuma fronteira segura alcancavel
310.055,267.5,failed,-0.4945,0.3418,0.3554,-92.91,0.24,0.0,0.0,3.465,47.88,3665,0,77,2,108.2,0,20,15,0,2,0,0,1,10,False,,,0,0,0,0,0,0,nenhuma fronteira segura alcancavel
310.527,268.0,failed,-0.4945,0.3418,0.3554,-92.91,0.24,0.0,0.0,3.465,47.88,3665,0,77,2,108.2,0,20,15,0,2,0,0,1,10,False,,,0,0,0,0,0,0,nenhuma fronteira segura alcancavel
311.02,268.5,failed,-0.4945,0.3418,0.3554,-92.91,0.24,0.0,0.0,3.465,47.88,3665,0,77,2,108.2,0,20,15,0,2,0,0,1,10,False,,,0,0,0,0,0,0,nenhuma fronteira segura alcancavel
311.507,269.0,failed,-0.4945,0.3418,0.3554,-92.91,0.24,0.0,0.0,3.465,47.88,3665,0,77,2,108.2,0,20,15,0,2,0,0,1,10,False,,,0,0,0,0,0,0,nenhuma fronteira segura alcancavel
311.943,269.5,failed,-0.4945,0.3418,0.3554,-92.91,0.24,0.0,0.0,3.465,47.88,3665,0,77,2,108.2,0,20,15,0,2,0,0,1,10,False,,,0,0,0,0,0,0,nenhuma fronteira segura alcancavel
312.402,270.0,failed,-0.4945,0.3418,0.3554,-92.91,0.24,0.0,0.0,3.465,47.88,3665,0,77,2,108.2,0,20,15,0,2,0,0,1,10,False,,,0,0,0,0,0,0,nenhuma fronteira segura alcancavel
312.888,270.5,failed,-0.4945,0.3418,0.3554,-92.91,0.24,0.0,0.0,3.465,47.88,3665,0,77,2,108.2,0,20,15,0,2,0,0,1,10,False,,,0,0,0,0,0,0,nenhuma fronteira segura alcancavel
313.374,271.0,failed,-0.4945,0.3418,0.3554,-92.91,0.24,0.0,0.0,3.465,47.88,3665,0,77,2,108.2,0,20,15,0,2,0,0,1,10,False,,,0,0,0,0,0,0,nenhuma fronteira segura alcancavel
313.853,271.5,failed,-0.4945,0.3418,0.3554,-92.91,0.24,0.0,0.0,3.465,47.88,3665,0,77,2,108.2,0,20,15,0,2,0,0,1,10,False,,,0,0,0,0,0,0,nenhuma fronteira segura alcancavel
314.322,272.0,failed,-0.4945,0.3418,0.3554,-92.91,0.24,0.0,0.0,3.465,47.88,3665,0,77,2,108.2,0,20,15,0,2,0,0,1,10,False,,,0,0,0,0,0,0,nenhuma fronteira segura alcancavel
314.806,272.5,failed,-0.4945,0.3418,0.3554,-92.91,0.24,0.0,0.0,3.465,47.88,3665,0,77,2,108.2,0,20,15,0,2,0,0,1,10,False,,,0,0,0,0,0,0,nenhuma fronteira segura alcancavel
315.28,273.0,failed,-0.4945,0.3418,0.3554,-92.91,0.24,0.0,0.0,3.465,47.88,3665,0,77,2,108.2,0,20,15,0,2,0,0,1,10,False,,,0,0,0,0,0,0,nenhuma fronteira segura alcancavel
315.773,273.501,failed,-0.4945,0.3418,0.3554,-92.91,0.24,0.0,0.0,3.465,47.88,3665,0,77,2,108.2,0,20,15,0,2,0,0,1,10,False,,,0,0,0,0,0,0,nenhuma fronteira segura alcancavel
316.257,274.0,failed,-0.4945,0.3418,0.3554,-92.91,0.24,0.0,0.0,3.465,47.88,3665,0,77,2,108.2,0,20,15,0,2,0,0,1,10,False,,,0,0,0,0,0,0,nenhuma fronteira segura alcancavel
316.744,274.5,failed,-0.4945,0.3418,0.3554,-92.91,0.24,0.0,0.0,3.465,47.88,3665,0,77,2,108.2,0,20,15,0,2,0,0,1,10,False,,,0,0,0,0,0,0,nenhuma fronteira segura alcancavel
317.224,275.0,failed,-0.4945,0.3418,0.3554,-92.91,0.24,0.0,0.0,3.465,47.88,3665,0,77,2,108.2,0,20,15,0,2,0,0,1,10,False,,,0,0,0,0,0,0,nenhuma fronteira segura alcancavel
317.709,275.5,failed,-0.4945,0.3418,0.3554,-92.91,0.24,0.0,0.0,3.465,47.88,3665,0,77,2,108.2,0,20,15,0,2,0,0,1,10,False,,,0,0,0,0,0,0,nenhuma fronteira segura alcancavel
318.163,276.0,failed,-0.4945,0.3418,0.3554,-92.91,0.24,0.0,0.0,3.465,47.88,3665,0,77,2,108.2,0,20,15,0,2,0,0,1,10,False,,,0,0,0,0,0,0,nenhuma fronteira segura alcancavel
318.63,276.5,failed,-0.4945,0.3418,0.3554,-92.91,0.24,0.0,0.0,3.465,47.88,3665,0,77,2,108.2,0,20,15,0,2,0,0,1,10,False,,,0,0,0,0,0,0,nenhuma fronteira segura alcancavel
319.103,277.0,failed,-0.4945,0.3418,0.3554,-92.91,0.24,0.0,0.0,3.465,47.88,3665,0,77,2,108.2,0,20,15,0,2,0,0,1,10,False,,,0,0,0,0,0,0,nenhuma fronteira segura alcancavel
319.598,277.5,failed,-0.4945,0.3418,0.3554,-92.91,0.24,0.0,0.0,3.465,47.88,3665,0,77,2,108.2,0,20,15,0,2,0,0,1,10,False,,,0,0,0,0,0,0,nenhuma fronteira segura alcancavel
320.073,278.0,failed,-0.4945,0.3418,0.3554,-92.91,0.24,0.0,0.0,3.465,47.88,3665,0,77,2,108.2,0,20,15,0,2,0,0,1,10,False,,,0,0,0,0,0,0,nenhuma fronteira segura alcancavel
320.559,278.501,failed,-0.4945,0.3418,0.3554,-92.91,0.24,0.0,0.0,3.465,47.88,3665,0,77,2,108.2,0,20,15,0,2,0,0,1,10,False,,,0,0,0,0,0,0,nenhuma fronteira segura alcancavel
321.056,279.0,failed,-0.4945,0.3418,0.3554,-92.91,0.24,0.0,0.0,3.465,47.88,3665,0,77,2,108.2,0,20,15,0,2,0,0,1,10,False,,,0,0,0,0,0,0,nenhuma fronteira segura alcancavel
321.512,279.5,failed,-0.4945,0.3418,0.3554,-92.91,0.24,0.0,0.0,3.465,47.88,3665,0,77,2,108.2,0,20,15,0,2,0,0,1,10,False,,,0,0,0,0,0,0,nenhuma fronteira segura alcancavel
321.987,280.0,failed,-0.4945,0.3418,0.3554,-92.91,0.24,0.0,0.0,3.465,47.88,3665,0,77,2,108.2,0,20,15,0,2,0,0,1,10,False,,,0,0,0,0,0,0,nenhuma fronteira segura alcancavel
322.457,280.5,failed,-0.4945,0.3418,0.3554,-92.91,0.24,0.0,0.0,3.465,47.88,3665,0,77,2,108.2,0,20,15,0,2,0,0,1,10,False,,,0,0,0,0,0,0,nenhuma fronteira segura alcancavel
322.947,281.0,failed,-0.4945,0.3418,0.3554,-92.91,0.24,0.0,0.0,3.465,47.88,3665,0,77,2,108.2,0,20,15,0,2,0,0,1,10,False,,,0,0,0,0,0,0,nenhuma fronteira segura alcancavel
323.424,281.5,failed,-0.4945,0.3418,0.3554,-92.91,0.24,0.0,0.0,3.465,47.88,3665,0,77,2,108.2,0,20,15,0,2,0,0,1,10,False,,,0,0,0,0,0,0,nenhuma fronteira segura alcancavel
323.917,282.0,failed,-0.4945,0.3418,0.3554,-92.91,0.24,0.0,0.0,3.465,47.88,3665,0,77,2,108.2,0,20,15,0,2,0,0,1,10,False,,,0,0,0,0,0,0,nenhuma fronteira segura alcancavel
324.37,282.5,failed,-0.4945,0.3418,0.3554,-92.91,0.24,0.0,0.0,3.465,47.88,3665,0,77,2,108.2,0,20,15,0,2,0,0,1,10,False,,,0,0,0,0,0,0,nenhuma fronteira segura alcancavel
324.846,283.0,failed,-0.4945,0.3418,0.3554,-92.91,0.24,0.0,0.0,3.465,47.88,3665,0,77,2,108.2,0,20,15,0,2,0,0,1,10,False,,,0,0,0,0,0,0,nenhuma fronteira segura alcancavel
325.321,283.501,failed,-0.4945,0.3418,0.3554,-92.91,0.24,0.0,0.0,3.465,47.88,3665,0,77,2,108.2,0,20,15,0,2,0,0,1,10,False,,,0,0,0,0,0,0,nenhuma fronteira segura alcancavel
325.811,284.0,failed,-0.4945,0.3418,0.3554,-92.91,0.24,0.0,0.0,3.465,47.88,3665,0,77,2,108.2,0,20,15,0,2,0,0,1,10,False,,,0,0,0,0,0,0,nenhuma fronteira segura alcancavel
326.287,284.5,failed,-0.4945,0.3418,0.3554,-92.91,0.24,0.0,0.0,3.465,47.88,3665,0,77,2,108.2,0,20,15,0,2,0,0,1,10,False,,,0,0,0,0,0,0,nenhuma fronteira segura alcancavel
326.779,285.0,failed,-0.4945,0.3418,0.3554,-92.91,0.24,0.0,0.0,3.465,47.88,3665,0,77,2,108.2,0,20,15,0,2,0,0,1,10,False,,,0,0,0,0,0,0,nenhuma fronteira segura alcancavel
327.261,285.5,failed,-0.4945,0.3418,0.3554,-92.91,0.24,0.0,0.0,3.465,47.88,3665,0,77,2,108.2,0,20,15,0,2,0,0,1,10,False,,,0,0,0,0,0,0,nenhuma fronteira segura alcancavel
327.747,286.0,failed,-0.4945,0.3418,0.3554,-92.91,0.24,0.0,0.0,3.465,47.88,3665,0,77,2,108.2,0,20,15,0,2,0,0,1,10,False,,,0,0,0,0,0,0,nenhuma fronteira segura alcancavel
328.237,286.5,failed,-0.4945,0.3418,0.3554,-92.91,0.24,0.0,0.0,3.465,47.88,3665,0,77,2,108.2,0,20,15,0,2,0,0,1,10,False,,,0,0,0,0,0,0,nenhuma fronteira segura alcancavel
328.699,287.0,failed,-0.4945,0.3418,0.3554,-92.91,0.24,0.0,0.0,3.465,47.88,3665,0,77,2,108.2,0,20,15,0,2,0,0,1,10,False,,,0,0,0,0,0,0,nenhuma fronteira segura alcancavel
329.179,287.5,failed,-0.4945,0.3418,0.3554,-92.91,0.24,0.0,0.0,3.465,47.88,3665,0,77,2,108.2,0,20,15,0,2,0,0,1,10,False,,,0,0,0,0,0,0,nenhuma fronteira segura alcancavel
329.636,288.0,failed,-0.4945,0.3418,0.3554,-92.91,0.24,0.0,0.0,3.465,47.88,3665,0,77,2,108.2,0,20,15,0,2,0,0,1,10,False,,,0,0,0,0,0,0,nenhuma fronteira segura alcancavel
330.118,288.5,failed,-0.4945,0.3418,0.3554,-92.91,0.24,0.0,0.0,3.465,47.88,3665,0,77,2,108.2,0,20,15,0,2,0,0,1,10,False,,,0,0,0,0,0,0,nenhuma fronteira segura alcancavel
330.609,289.0,failed,-0.4945,0.3418,0.3554,-92.91,0.24,0.0,0.0,3.465,47.88,3665,0,77,2,108.2,0,20,15,0,2,0,0,1,10,False,,,0,0,0,0,0,0,nenhuma fronteira segura alcancavel
331.076,289.5,failed,-0.4945,0.3418,0.3554,-92.91,0.24,0.0,0.0,3.465,47.88,3665,0,77,2,108.2,0,20,15,0,2,0,0,1,10,False,,,0,0,0,0,0,0,nenhuma fronteira segura alcancavel
331.56,290.0,failed,-0.4945,0.3418,0.3554,-92.91,0.24,0.0,0.0,3.465,47.88,3665,0,77,2,108.2,0,20,15,0,2,0,0,1,10,False,,,0,0,0,0,0,0,nenhuma fronteira segura alcancavel
332.045,290.502,failed,-0.4945,0.3418,0.3554,-92.91,0.24,0.0,0.0,3.465,47.88,3665,0,77,2,108.2,0,20,15,0,2,0,0,1,10,False,,,0,0,0,0,0,0,nenhuma fronteira segura alcancavel
332.511,291.0,failed,-0.4945,0.3418,0.3554,-92.91,0.24,0.0,0.0,3.465,47.88,3665,0,77,2,108.2,0,20,15,0,2,0,0,1,10,False,,,0,0,0,0,0,0,nenhuma fronteira segura alcancavel
332.969,291.5,failed,-0.4945,0.3418,0.3554,-92.91,0.24,0.0,0.0,3.465,47.88,3665,0,77,2,108.2,0,20,15,0,2,0,0,1,10,False,,,0,0,0,0,0,0,nenhuma fronteira segura alcancavel
333.46,292.0,failed,-0.4945,0.3418,0.3554,-92.91,0.24,0.0,0.0,3.465,47.88,3665,0,77,2,108.2,0,20,15,0,2,0,0,1,10,False,,,0,0,0,0,0,0,nenhuma fronteira segura alcancavel
333.956,292.5,failed,-0.4945,0.3418,0.3554,-92.91,0.24,0.0,0.0,3.465,47.88,3665,0,77,2,108.2,0,20,15,0,2,0,0,1,10,False,,,0,0,0,0,0,0,nenhuma fronteira segura alcancavel
334.399,293.0,failed,-0.4945,0.3418,0.3554,-92.91,0.24,0.0,0.0,3.465,47.88,3665,0,77,2,108.2,0,20,15,0,2,0,0,1,10,False,,,0,0,0,0,0,0,nenhuma fronteira segura alcancavel
334.885,293.5,failed,-0.4945,0.3418,0.3554,-92.91,0.24,0.0,0.0,3.465,47.88,3665,0,77,2,108.2,0,20,15,0,2,0,0,1,10,False,,,0,0,0,0,0,0,nenhuma fronteira segura alcancavel
335.366,294.0,failed,-0.4945,0.3418,0.3554,-92.91,0.24,0.0,0.0,3.465,47.88,3665,0,77,2,108.2,0,20,15,0,2,0,0,1,10,False,,,0,0,0,0,0,0,nenhuma fronteira segura alcancavel
335.84,294.501,failed,-0.4945,0.3418,0.3554,-92.91,0.24,0.0,0.0,3.465,47.88,3665,0,77,2,108.2,0,20,15,0,2,0,0,1,10,False,,,0,0,0,0,0,0,nenhuma fronteira segura alcancavel
336.333,295.0,failed,-0.4945,0.3418,0.3554,-92.91,0.24,0.0,0.0,3.465,47.88,3665,0,77,2,108.2,0,20,15,0,2,0,0,1,10,False,,,0,0,0,0,0,0,nenhuma fronteira segura alcancavel
336.79,295.5,failed,-0.4945,0.3418,0.3554,-92.91,0.24,0.0,0.0,3.465,47.88,3665,0,77,2,108.2,0,20,15,0,2,0,0,1,10,False,,,0,0,0,0,0,0,nenhuma fronteira segura alcancavel
337.28,296.0,failed,-0.4945,0.3418,0.3554,-92.91,0.24,0.0,0.0,3.465,47.88,3665,0,77,2,108.2,0,20,15,0,2,0,0,1,10,False,,,0,0,0,0,0,0,nenhuma fronteira segura alcancavel
337.755,296.501,failed,-0.4945,0.3418,0.3554,-92.91,0.24,0.0,0.0,3.465,47.88,3665,0,77,2,108.2,0,20,15,0,2,0,0,1,10,False,,,0,0,0,0,0,0,nenhuma fronteira segura alcancavel
338.259,297.0,failed,-0.4945,0.3418,0.3554,-92.91,0.24,0.0,0.0,3.465,47.88,3665,0,77,2,108.2,0,20,15,0,2,0,0,1,10,False,,,0,0,0,0,0,0,nenhuma fronteira segura alcancavel
338.754,297.5,failed,-0.4945,0.3418,0.3554,-92.91,0.24,0.0,0.0,3.465,47.88,3665,0,77,2,108.2,0,20,15,0,2,0,0,1,10,False,,,0,0,0,0,0,0,nenhuma fronteira segura alcancavel
339.211,298.0,failed,-0.4945,0.3418,0.3554,-92.91,0.24,0.0,0.0,3.465,47.88,3665,0,77,2,108.2,0,20,15,0,2,0,0,1,10,False,,,0,0,0,0,0,0,nenhuma fronteira segura alcancavel
339.704,298.5,failed,-0.4945,0.3418,0.3554,-92.91,0.24,0.0,0.0,3.465,47.88,3665,0,77,2,108.2,0,20,15,0,2,0,0,1,10,False,,,0,0,0,0,0,0,nenhuma fronteira segura alcancavel
340.184,299.0,failed,-0.4945,0.3418,0.3554,-92.91,0.24,0.0,0.0,3.465,47.88,3665,0,77,2,108.2,0,20,15,0,2,0,0,1,10,False,,,0,0,0,0,0,0,nenhuma fronteira segura alcancavel
340.655,299.5,failed,-0.4945,0.3418,0.3554,-92.91,0.24,0.0,0.0,3.465,47.88,3665,0,77,2,108.2,0,20,15,0,2,0,0,1,10,False,,,0,0,0,0,0,0,nenhuma fronteira segura alcancavel
341.14,300.0,failed,-0.4945,0.3418,0.3554,-92.91,0.24,0.0,0.0,3.465,47.88,3665,0,77,2,108.2,0,20,15,0,2,0,0,1,10,False,,,0,0,0,0,0,0,nenhuma fronteira segura alcancavel
341.61,300.5,failed,-0.4945,0.3418,0.3554,-92.91,0.24,0.0,0.0,3.465,47.88,3665,0,77,2,108.2,0,20,15,0,2,0,0,1,10,False,,,0,0,0,0,0,0,nenhuma fronteira segura alcancavel
342.049,301.0,failed,-0.4945,0.3418,0.3554,-92.91,0.24,0.0,0.0,3.465,47.88,3665,0,77,2,108.2,0,20,15,0,2,0,0,1,10,False,,,0,0,0,0,0,0,nenhuma fronteira segura alcancavel
342.527,301.5,failed,-0.4945,0.3418,0.3554,-92.91,0.24,0.0,0.0,3.465,47.88,3665,0,77,2,108.2,0,20,15,0,2,0,0,1,10,False,,,0,0,0,0,0,0,nenhuma fronteira segura alcancavel
343.013,302.0,failed,-0.4945,0.3418,0.3554,-92.91,0.24,0.0,0.0,3.465,47.88,3665,0,77,2,108.2,0,20,15,0,2,0,0,1,10,False,,,0,0,0,0,0,0,nenhuma fronteira segura alcancavel
343.508,302.502,failed,-0.4945,0.3418,0.3554,-92.91,0.24,0.0,0.0,3.465,47.88,3665,0,77,2,108.2,0,20,15,0,2,0,0,1,10,False,,,0,0,0,0,0,0,nenhuma fronteira segura alcancavel
343.974,303.002,failed,-0.4945,0.3418,0.3554,-92.91,0.24,0.0,0.0,3.465,47.88,3665,0,77,2,108.2,0,20,15,0,2,0,0,1,10,False,,,0,0,0,0,0,0,nenhuma fronteira segura alcancavel
344.425,303.5,failed,-0.4945,0.3418,0.3554,-92.91,0.24,0.0,0.0,3.465,47.88,3665,0,77,2,108.2,0,20,15,0,2,0,0,1,10,False,,,0,0,0,0,0,0,nenhuma fronteira segura alcancavel
344.905,304.0,failed,-0.4945,0.3418,0.3554,-92.91,0.24,0.0,0.0,3.465,47.88,3665,0,77,2,108.2,0,20,15,0,2,0,0,1,10,False,,,0,0,0,0,0,0,nenhuma fronteira segura alcancavel
345.386,304.5,failed,-0.4945,0.3418,0.3554,-92.91,0.24,0.0,0.0,3.465,47.88,3665,0,77,2,108.2,0,20,15,0,2,0,0,1,10,False,,,0,0,0,0,0,0,nenhuma fronteira segura alcancavel
345.87,305.0,failed,-0.4945,0.3418,0.3554,-92.91,0.24,0.0,0.0,3.465,47.88,3665,0,77,2,108.2,0,20,15,0,2,0,0,1,10,False,,,0,0,0,0,0,0,nenhuma fronteira segura alcancavel
346.321,305.5,failed,-0.4945,0.3418,0.3554,-92.91,0.24,0.0,0.0,3.465,47.88,3665,0,77,2,108.2,0,20,15,0,2,0,0,1,10,False,,,0,0,0,0,0,0,nenhuma fronteira segura alcancavel
346.763,306.0,failed,-0.4945,0.3418,0.3554,-92.91,0.24,0.0,0.0,3.465,47.88,3665,0,77,2,108.2,0,20,15,0,2,0,0,1,10,False,,,0,0,0,0,0,0,nenhuma fronteira segura alcancavel
347.226,306.5,failed,-0.4945,0.3418,0.3554,-92.91,0.24,0.0,0.0,3.465,47.88,3665,0,77,2,108.2,0,20,15,0,2,0,0,1,10,False,,,0,0,0,0,0,0,nenhuma fronteira segura alcancavel
347.708,307.0,failed,-0.4945,0.3418,0.3554,-92.91,0.24,0.0,0.0,3.465,47.88,3665,0,77,2,108.2,0,20,15,0,2,0,0,1,10,False,,,0,0,0,0,0,0,nenhuma fronteira segura alcancavel
348.2,307.501,failed,-0.4945,0.3418,0.3554,-92.91,0.24,0.0,0.0,3.465,47.88,3665,0,77,2,108.2,0,20,15,0,2,0,0,1,10,False,,,0,0,0,0,0,0,nenhuma fronteira segura alcancavel
348.677,308.001,failed,-0.4945,0.3418,0.3554,-92.91,0.24,0.0,0.0,3.465,47.88,3665,0,77,2,108.2,0,20,15,0,2,0,0,1,10,False,,,0,0,0,0,0,0,nenhuma fronteira segura alcancavel
349.171,308.5,failed,-0.4945,0.3418,0.3554,-92.91,0.24,0.0,0.0,3.465,47.88,3665,0,77,2,108.2,0,20,15,0,2,0,0,1,10,False,,,0,0,0,0,0,0,nenhuma fronteira segura alcancavel
349.665,309.0,failed,-0.4945,0.3418,0.3554,-92.91,0.24,0.0,0.0,3.465,47.88,3665,0,77,2,108.2,0,20,15,0,2,0,0,1,10,False,,,0,0,0,0,0,0,nenhuma fronteira segura alcancavel
350.067,309.5,failed,-0.4945,0.3418,0.3554,-92.91,0.24,0.0,0.0,3.465,47.88,3665,0,77,2,108.2,0,20,15,0,2,0,0,1,10,False,,,0,0,0,0,0,0,nenhuma fronteira segura alcancavel
350.531,310.001,failed,-0.4945,0.3418,0.3554,-92.91,0.24,0.0,0.0,3.465,47.88,3665,0,77,2,108.2,0,20,15,0,2,0,0,1,10,False,,,0,0,0,0,0,0,nenhuma fronteira segura alcancavel
351.009,310.5,failed,-0.4945,0.3418,0.3554,-92.91,0.24,0.0,0.0,3.465,47.88,3665,0,77,2,108.2,0,20,15,0,2,0,0,1,10,False,,,0,0,0,0,0,0,nenhuma fronteira segura alcancavel
351.498,311.0,failed,-0.4945,0.3418,0.3554,-92.91,0.24,0.0,0.0,3.465,47.88,3665,0,77,2,108.2,0,20,15,0,2,0,0,1,10,False,,,0,0,0,0,0,0,nenhuma fronteira segura alcancavel
351.963,311.5,failed,-0.4945,0.3418,0.3554,-92.91,0.24,0.0,0.0,3.465,47.88,3665,0,77,2,108.2,0,20,15,0,2,0,0,1,10,False,,,0,0,0,0,0,0,nenhuma fronteira segura alcancavel
352.44,312.0,failed,-0.4945,0.3418,0.3554,-92.91,0.24,0.0,0.0,3.465,47.88,3665,0,77,2,108.2,0,20,15,0,2,0,0,1,10,False,,,0,0,0,0,0,0,nenhuma fronteira segura alcancavel
352.899,312.5,failed,-0.4945,0.3418,0.3554,-92.91,0.24,0.0,0.0,3.465,47.88,3665,0,77,2,108.2,0,20,15,0,2,0,0,1,10,False,,,0,0,0,0,0,0,nenhuma fronteira segura alcancavel
353.37,313.002,failed,-0.4945,0.3418,0.3554,-92.91,0.24,0.0,0.0,3.465,47.88,3665,0,77,2,108.2,0,20,15,0,2,0,0,1,10,False,,,0,0,0,0,0,0,nenhuma fronteira segura alcancavel
353.85,313.5,failed,-0.4945,0.3418,0.3554,-92.91,0.24,0.0,0.0,3.465,47.88,3665,0,77,2,108.2,0,20,15,0,2,0,0,1,10,False,,,0,0,0,0,0,0,nenhuma fronteira segura alcancavel
354.295,314.0,failed,-0.4945,0.3418,0.3554,-92.91,0.24,0.0,0.0,3.465,47.88,3665,0,77,2,108.2,0,20,15,0,2,0,0,1,10,False,,,0,0,0,0,0,0,nenhuma fronteira segura alcancavel
354.767,314.5,failed,-0.4945,0.3418,0.3554,-92.91,0.24,0.0,0.0,3.465,47.88,3665,0,77,2,108.2,0,20,15,0,2,0,0,1,10,False,,,0,0,0,0,0,0,nenhuma fronteira segura alcancavel
355.264,315.001,failed,-0.4945,0.3418,0.3554,-92.91,0.24,0.0,0.0,3.465,47.88,3665,0,77,2,108.2,0,20,15,0,2,0,0,1,10,False,,,0,0,0,0,0,0,nenhuma fronteira segura alcancavel
355.741,315.501,failed,-0.4945,0.3418,0.3554,-92.91,0.24,0.0,0.0,3.465,47.88,3665,0,77,2,108.2,0,20,15,0,2,0,0,1,10,False,,,0,0,0,0,0,0,nenhuma fronteira segura alcancavel
356.2,316.0,failed,-0.4945,0.3418,0.3554,-92.91,0.24,0.0,0.0,3.465,47.88,3665,0,77,2,108.2,0,20,15,0,2,0,0,1,10,False,,,0,0,0,0,0,0,nenhuma fronteira segura alcancavel
356.662,316.5,failed,-0.4945,0.3418,0.3554,-92.91,0.24,0.0,0.0,3.465,47.88,3665,0,77,2,108.2,0,20,15,0,2,0,0,1,10,False,,,0,0,0,0,0,0,nenhuma fronteira segura alcancavel
357.15,317.0,failed,-0.4945,0.3418,0.3554,-92.91,0.24,0.0,0.0,3.465,47.88,3665,0,77,2,108.2,0,20,15,0,2,0,0,1,10,False,,,0,0,0,0,0,0,nenhuma fronteira segura alcancavel
357.644,317.501,failed,-0.4945,0.3418,0.3554,-92.91,0.24,0.0,0.0,3.465,47.88,3665,0,77,2,108.2,0,20,15,0,2,0,0,1,10,False,,,0,0,0,0,0,0,nenhuma fronteira segura alcancavel
358.108,318.0,failed,-0.4945,0.3418,0.3554,-92.91,0.24,0.0,0.0,3.465,47.88,3665,0,77,2,108.2,0,20,15,0,2,0,0,1,10,False,,,0,0,0,0,0,0,nenhuma fronteira segura alcancavel
358.602,318.5,failed,-0.4945,0.3418,0.3554,-92.91,0.24,0.0,0.0,3.465,47.88,3665,0,77,2,108.2,0,20,15,0,2,0,0,1,10,False,,,0,0,0,0,0,0,nenhuma fronteira segura alcancavel
359.095,319.0,failed,-0.4945,0.3418,0.3554,-92.91,0.24,0.0,0.0,3.465,47.88,3665,0,77,2,108.2,0,20,15,0,2,0,0,1,10,False,,,0,0,0,0,0,0,nenhuma fronteira segura alcancavel
359.564,319.5,failed,-0.4945,0.3418,0.3554,-92.91,0.24,0.0,0.0,3.465,47.88,3665,0,77,2,108.2,0,20,15,0,2,0,0,1,10,False,,,0,0,0,0,0,0,nenhuma fronteira segura alcancavel
360.049,320.0,failed,-0.4945,0.3418,0.3554,-92.91,0.24,0.0,0.0,3.465,47.88,3665,0,77,2,108.2,0,20,15,0,2,0,0,1,10,False,,,0,0,0,0,0,0,nenhuma fronteira segura alcancavel
360.533,320.5,failed,-0.4945,0.3418,0.3554,-92.91,0.24,0.0,0.0,3.465,47.88,3665,0,77,2,108.2,0,20,15,0,2,0,0,1,10,False,,,0,0,0,0,0,0,nenhuma fronteira segura alcancavel
361.018,321.0,failed,-0.4945,0.3418,0.3554,-92.91,0.24,0.0,0.0,3.465,47.88,3665,0,77,2,108.2,0,20,15,0,2,0,0,1,10,False,,,0,0,0,0,0,0,nenhuma fronteira segura alcancavel
361.509,321.5,failed,-0.4945,0.3418,0.3554,-92.91,0.24,0.0,0.0,3.465,47.88,3665,0,77,2,108.2,0,20,15,0,2,0,0,1,10,False,,,0,0,0,0,0,0,nenhuma fronteira segura alcancavel
361.983,322.0,failed,-0.4945,0.3418,0.3554,-92.91,0.24,0.0,0.0,3.465,47.88,3665,0,77,2,108.2,0,20,15,0,2,0,0,1,10,False,,,0,0,0,0,0,0,nenhuma fronteira segura alcancavel
362.481,322.5,failed,-0.4945,0.3418,0.3554,-92.91,0.24,0.0,0.0,3.465,47.88,3665,0,77,2,108.2,0,20,15,0,2,0,0,1,10,False,,,0,0,0,0,0,0,nenhuma fronteira segura alcancavel
362.966,323.0,failed,-0.4945,0.3418,0.3554,-92.91,0.24,0.0,0.0,3.465,47.88,3665,0,77,2,108.2,0,20,15,0,2,0,0,1,10,False,,,0,0,0,0,0,0,nenhuma fronteira segura alcancavel
363.443,323.5,failed,-0.4945,0.3418,0.3554,-92.91,0.24,0.0,0.0,3.465,47.88,3665,0,77,2,108.2,0,20,15,0,2,0,0,1,10,False,,,0,0,0,0,0,0,nenhuma fronteira segura alcancavel
363.923,324.002,failed,-0.4945,0.3418,0.3554,-92.91,0.24,0.0,0.0,3.465,47.88,3665,0,77,2,108.2,0,20,15,0,2,0,0,1,10,False,,,0,0,0,0,0,0,nenhuma fronteira segura alcancavel
364.422,324.5,failed,-0.4945,0.3418,0.3554,-92.91,0.24,0.0,0.0,3.465,47.88,3665,0,77,2,108.2,0,20,15,0,2,0,0,1,10,False,,,0,0,0,0,0,0,nenhuma fronteira segura alcancavel
364.899,325.0,failed,-0.4945,0.3418,0.3554,-92.91,0.24,0.0,0.0,3.465,47.88,3665,0,77,2,108.2,0,20,15,0,2,0,0,1,10,False,,,0,0,0,0,0,0,nenhuma fronteira segura alcancavel
365.389,325.5,failed,-0.4945,0.3418,0.3554,-92.91,0.24,0.0,0.0,3.465,47.88,3665,0,77,2,108.2,0,20,15,0,2,0,0,1,10,False,,,0,0,0,0,0,0,nenhuma fronteira segura alcancavel
365.855,326.002,failed,-0.4945,0.3418,0.3554,-92.91,0.24,0.0,0.0,3.465,47.88,3665,0,77,2,108.2,0,20,15,0,2,0,0,1,10,False,,,0,0,0,0,0,0,nenhuma fronteira segura alcancavel
366.351,326.5,failed,-0.4945,0.3418,0.3554,-92.91,0.24,0.0,0.0,3.465,47.88,3665,0,77,2,108.2,0,20,15,0,2,0,0,1,10,False,,,0,0,0,0,0,0,nenhuma fronteira segura alcancavel
366.833,327.0,failed,-0.4945,0.3418,0.3554,-92.91,0.24,0.0,0.0,3.465,47.88,3665,0,77,2,108.2,0,20,15,0,2,0,0,1,10,False,,,0,0,0,0,0,0,nenhuma fronteira segura alcancavel
367.305,327.501,failed,-0.4945,0.3418,0.3554,-92.91,0.24,0.0,0.0,3.465,47.88,3665,0,77,2,108.2,0,20,15,0,2,0,0,1,10,False,,,0,0,0,0,0,0,nenhuma fronteira segura alcancavel
367.796,328.0,failed,-0.4945,0.3418,0.3554,-92.91,0.24,0.0,0.0,3.465,47.88,3665,0,77,2,108.2,0,20,15,0,2,0,0,1,10,False,,,0,0,0,0,0,0,nenhuma fronteira segura alcancavel
368.258,328.5,failed,-0.4945,0.3418,0.3554,-92.91,0.24,0.0,0.0,3.465,47.88,3665,0,77,2,108.2,0,20,15,0,2,0,0,1,10,False,,,0,0,0,0,0,0,nenhuma fronteira segura alcancavel
368.742,329.0,failed,-0.4945,0.3418,0.3554,-92.91,0.24,0.0,0.0,3.465,47.88,3665,0,77,2,108.2,0,20,15,0,2,0,0,1,10,False,,,0,0,0,0,0,0,nenhuma fronteira segura alcancavel
369.226,329.5,failed,-0.4945,0.3418,0.3554,-92.91,0.24,0.0,0.0,3.465,47.88,3665,0,77,2,108.2,0,20,15,0,2,0,0,1,10,False,,,0,0,0,0,0,0,nenhuma fronteira segura alcancavel
369.71,330.0,failed,-0.4945,0.3418,0.3554,-92.91,0.24,0.0,0.0,3.465,47.88,3665,0,77,2,108.2,0,20,15,0,2,0,0,1,10,False,,,0,0,0,0,0,0,nenhuma fronteira segura alcancavel
370.196,330.5,failed,-0.4945,0.3418,0.3554,-92.91,0.24,0.0,0.0,3.465,47.88,3665,0,77,2,108.2,0,20,15,0,2,0,0,1,10,False,,,0,0,0,0,0,0,nenhuma fronteira segura alcancavel
370.676,331.0,failed,-0.4945,0.3418,0.3554,-92.91,0.24,0.0,0.0,3.465,47.88,3665,0,77,2,108.2,0,20,15,0,2,0,0,1,10,False,,,0,0,0,0,0,0,nenhuma fronteira segura alcancavel
371.157,331.5,failed,-0.4945,0.3418,0.3554,-92.91,0.24,0.0,0.0,3.465,47.88,3665,0,77,2,108.2,0,20,15,0,2,0,0,1,10,False,,,0,0,0,0,0,0,nenhuma fronteira segura alcancavel
371.648,332.0,failed,-0.4945,0.3418,0.3554,-92.91,0.24,0.0,0.0,3.465,47.88,3665,0,77,2,108.2,0,20,15,0,2,0,0,1,10,False,,,0,0,0,0,0,0,nenhuma fronteira segura alcancavel
372.11,332.501,failed,-0.4945,0.3418,0.3554,-92.91,0.24,0.0,0.0,3.465,47.88,3665,0,77,2,108.2,0,20,15,0,2,0,0,1,10,False,,,0,0,0,0,0,0,nenhuma fronteira segura alcancavel
372.592,333.0,failed,-0.4945,0.3418,0.3554,-92.91,0.24,0.0,0.0,3.465,47.88,3665,0,77,2,108.2,0,20,15,0,2,0,0,1,10,False,,,0,0,0,0,0,0,nenhuma fronteira segura alcancavel
373.062,333.5,failed,-0.4945,0.3418,0.3554,-92.91,0.24,0.0,0.0,3.465,47.88,3665,0,77,2,108.2,0,20,15,0,2,0,0,1,10,False,,,0,0,0,0,0,0,nenhuma fronteira segura alcancavel
373.545,334.0,failed,-0.4945,0.3418,0.3554,-92.91,0.24,0.0,0.0,3.465,47.88,3665,0,77,2,108.2,0,20,15,0,2,0,0,1,10,False,,,0,0,0,0,0,0,nenhuma fronteira segura alcancavel
374.018,334.5,failed,-0.4945,0.3418,0.3554,-92.91,0.24,0.0,0.0,3.465,47.88,3665,0,77,2,108.2,0,20,15,0,2,0,0,1,10,False,,,0,0,0,0,0,0,nenhuma fronteira segura alcancavel
374.506,335.0,failed,-0.4945,0.3418,0.3554,-92.91,0.24,0.0,0.0,3.465,47.88,3665,0,77,2,108.2,0,20,15,0,2,0,0,1,10,False,,,0,0,0,0,0,0,nenhuma fronteira segura alcancavel
374.999,335.5,failed,-0.4945,0.3418,0.3554,-92.91,0.24,0.0,0.0,3.465,47.88,3665,0,77,2,108.2,0,20,15,0,2,0,0,1,10,False,,,0,0,0,0,0,0,nenhuma fronteira segura alcancavel
375.472,336.0,failed,-0.4945,0.3418,0.3554,-92.91,0.24,0.0,0.0,3.465,47.88,3665,0,77,2,108.2,0,20,15,0,2,0,0,1,10,False,,,0,0,0,0,0,0,nenhuma fronteira segura alcancavel
375.954,336.501,failed,-0.4945,0.3418,0.3554,-92.91,0.24,0.0,0.0,3.465,47.88,3665,0,77,2,108.2,0,20,15,0,2,0,0,1,10,False,,,0,0,0,0,0,0,nenhuma fronteira segura alcancavel
376.45,337.0,failed,-0.4945,0.3418,0.3554,-92.91,0.24,0.0,0.0,3.465,47.88,3665,0,77,2,108.2,0,20,15,0,2,0,0,1,10,False,,,0,0,0,0,0,0,nenhuma fronteira segura alcancavel
376.908,337.5,failed,-0.4945,0.3418,0.3554,-92.91,0.24,0.0,0.0,3.465,47.88,3665,0,77,2,108.2,0,20,15,0,2,0,0,1,10,False,,,0,0,0,0,0,0,nenhuma fronteira segura alcancavel
377.402,338.0,failed,-0.4945,0.3418,0.3554,-92.91,0.24,0.0,0.0,3.465,47.88,3665,0,77,2,108.2,0,20,15,0,2,0,0,1,10,False,,,0,0,0,0,0,0,nenhuma fronteira segura alcancavel
377.889,338.501,failed,-0.4945,0.3418,0.3554,-92.91,0.24,0.0,0.0,3.465,47.88,3665,0,77,2,108.2,0,20,15,0,2,0,0,1,10,False,,,0,0,0,0,0,0,nenhuma fronteira segura alcancavel
378.367,339.0,failed,-0.4945,0.3418,0.3554,-92.91,0.24,0.0,0.0,3.465,47.88,3665,0,77,2,108.2,0,20,15,0,2,0,0,1,10,False,,,0,0,0,0,0,0,nenhuma fronteira segura alcancavel
378.841,339.5,failed,-0.4945,0.3418,0.3554,-92.91,0.24,0.0,0.0,3.465,47.88,3665,0,77,2,108.2,0,20,15,0,2,0,0,1,10,False,,,0,0,0,0,0,0,nenhuma fronteira segura alcancavel
379.324,340.0,failed,-0.4945,0.3418,0.3554,-92.91,0.24,0.0,0.0,3.465,47.88,3665,0,77,2,108.2,0,20,15,0,2,0,0,1,10,False,,,0,0,0,0,0,0,nenhuma fronteira segura alcancavel
379.811,340.5,failed,-0.4945,0.3418,0.3554,-92.91,0.24,0.0,0.0,3.465,47.88,3665,0,77,2,108.2,0,20,15,0,2,0,0,1,10,False,,,0,0,0,0,0,0,nenhuma fronteira segura alcancavel
380.288,341.0,failed,-0.4945,0.3418,0.3554,-92.91,0.24,0.0,0.0,3.465,47.88,3665,0,77,2,108.2,0,20,15,0,2,0,0,1,10,False,,,0,0,0,0,0,0,nenhuma fronteira segura alcancavel
380.777,341.5,failed,-0.4945,0.3418,0.3554,-92.91,0.24,0.0,0.0,3.465,47.88,3665,0,77,2,108.2,0,20,15,0,2,0,0,1,10,False,,,0,0,0,0,0,0,nenhuma fronteira segura alcancavel
381.257,342.0,failed,-0.4945,0.3418,0.3554,-92.91,0.24,0.0,0.0,3.465,47.88,3665,0,77,2,108.2,0,20,15,0,2,0,0,1,10,False,,,0,0,0,0,0,0,nenhuma fronteira segura alcancavel
381.741,342.5,failed,-0.4945,0.3418,0.3554,-92.91,0.24,0.0,0.0,3.465,47.88,3665,0,77,2,108.2,0,20,15,0,2,0,0,1,10,False,,,0,0,0,0,0,0,nenhuma fronteira segura alcancavel
382.236,343.0,failed,-0.4945,0.3418,0.3554,-92.91,0.24,0.0,0.0,3.465,47.88,3665,0,77,2,108.2,0,20,15,0,2,0,0,1,10,False,,,0,0,0,0,0,0,nenhuma fronteira segura alcancavel
382.727,343.5,failed,-0.4945,0.3418,0.3554,-92.91,0.24,0.0,0.0,3.465,47.88,3665,0,77,2,108.2,0,20,15,0,2,0,0,1,10,False,,,0,0,0,0,0,0,nenhuma fronteira segura alcancavel
383.212,344.0,failed,-0.4945,0.3418,0.3554,-92.91,0.24,0.0,0.0,3.465,47.88,3665,0,77,2,108.2,0,20,15,0,2,0,0,1,10,False,,,0,0,0,0,0,0,nenhuma fronteira segura alcancavel
383.708,344.5,failed,-0.4945,0.3418,0.3554,-92.91,0.24,0.0,0.0,3.465,47.88,3665,0,77,2,108.2,0,20,15,0,2,0,0,1,10,False,,,0,0,0,0,0,0,nenhuma fronteira segura alcancavel
384.173,345.0,failed,-0.4945,0.3418,0.3554,-92.91,0.24,0.0,0.0,3.465,47.88,3665,0,77,2,108.2,0,20,15,0,2,0,0,1,10,False,,,0,0,0,0,0,0,nenhuma fronteira segura alcancavel
384.663,345.5,failed,-0.4945,0.3418,0.3554,-92.91,0.24,0.0,0.0,3.465,47.88,3665,0,77,2,108.2,0,20,15,0,2,0,0,1,10,False,,,0,0,0,0,0,0,nenhuma fronteira segura alcancavel
385.146,346.0,failed,-0.4945,0.3418,0.3554,-92.91,0.24,0.0,0.0,3.465,47.88,3665,0,77,2,108.2,0,20,15,0,2,0,0,1,10,False,,,0,0,0,0,0,0,nenhuma fronteira segura alcancavel
385.61,346.5,failed,-0.4945,0.3418,0.3554,-92.91,0.24,0.0,0.0,3.465,47.88,3665,0,77,2,108.2,0,20,15,0,2,0,0,1,10,False,,,0,0,0,0,0,0,nenhuma fronteira segura alcancavel
386.081,347.0,failed,-0.4945,0.3418,0.3554,-92.91,0.24,0.0,0.0,3.465,47.88,3665,0,77,2,108.2,0,20,15,0,2,0,0,1,10,False,,,0,0,0,0,0,0,nenhuma fronteira segura alcancavel
386.555,347.5,failed,-0.4945,0.3418,0.3554,-92.91,0.24,0.0,0.0,3.465,47.88,3665,0,77,2,108.2,0,20,15,0,2,0,0,1,10,False,,,0,0,0,0,0,0,nenhuma fronteira segura alcancavel
387.024,348.0,failed,-0.4945,0.3418,0.3554,-92.91,0.24,0.0,0.0,3.465,47.88,3665,0,77,2,108.2,0,20,15,0,2,0,0,1,10,False,,,0,0,0,0,0,0,nenhuma fronteira segura alcancavel
387.525,348.5,failed,-0.4945,0.3418,0.3554,-92.91,0.24,0.0,0.0,3.465,47.88,3665,0,77,2,108.2,0,20,15,0,2,0,0,1,10,False,,,0,0,0,0,0,0,nenhuma fronteira segura alcancavel
388.02,349.0,failed,-0.4945,0.3418,0.3554,-92.91,0.24,0.0,0.0,3.465,47.88,3665,0,77,2,108.2,0,20,15,0,2,0,0,1,10,False,,,0,0,0,0,0,0,nenhuma fronteira segura alcancavel
388.508,349.5,failed,-0.4945,0.3418,0.3554,-92.91,0.24,0.0,0.0,3.465,47.88,3665,0,77,2,108.2,0,20,15,0,2,0,0,1,10,False,,,0,0,0,0,0,0,nenhuma fronteira segura alcancavel
389.006,350.0,failed,-0.4945,0.3418,0.3554,-92.91,0.24,0.0,0.0,3.465,47.88,3665,0,77,2,108.2,0,20,15,0,2,0,0,1,10,False,,,0,0,0,0,0,0,nenhuma fronteira segura alcancavel
389.46,350.5,failed,-0.4945,0.3418,0.3554,-92.91,0.24,0.0,0.0,3.465,47.88,3665,0,77,2,108.2,0,20,15,0,2,0,0,1,10,False,,,0,0,0,0,0,0,nenhuma fronteira segura alcancavel
389.924,351.0,failed,-0.4945,0.3418,0.3554,-92.91,0.24,0.0,0.0,3.465,47.88,3665,0,77,2,108.2,0,20,15,0,2,0,0,1,10,False,,,0,0,0,0,0,0,nenhuma fronteira segura alcancavel
390.398,351.5,failed,-0.4945,0.3418,0.3554,-92.91,0.24,0.0,0.0,3.465,47.88,3665,0,77,2,108.2,0,20,15,0,2,0,0,1,10,False,,,0,0,0,0,0,0,nenhuma fronteira segura alcancavel
390.879,352.0,failed,-0.4945,0.3418,0.3554,-92.91,0.24,0.0,0.0,3.465,47.88,3665,0,77,2,108.2,0,20,15,0,2,0,0,1,10,False,,,0,0,0,0,0,0,nenhuma fronteira segura alcancavel
391.364,352.5,failed,-0.4945,0.3418,0.3554,-92.91,0.24,0.0,0.0,3.465,47.88,3665,0,77,2,108.2,0,20,15,0,2,0,0,1,10,False,,,0,0,0,0,0,0,nenhuma fronteira segura alcancavel
391.854,353.0,failed,-0.4945,0.3418,0.3554,-92.91,0.24,0.0,0.0,3.465,47.88,3665,0,77,2,108.2,0,20,15,0,2,0,0,1,10,False,,,0,0,0,0,0,0,nenhuma fronteira segura alcancavel
392.326,353.5,failed,-0.4945,0.3418,0.3554,-92.91,0.24,0.0,0.0,3.465,47.88,3665,0,77,2,108.2,0,20,15,0,2,0,0,1,10,False,,,0,0,0,0,0,0,nenhuma fronteira segura alcancavel
392.821,354.0,failed,-0.4945,0.3418,0.3554,-92.91,0.24,0.0,0.0,3.465,47.88,3665,0,77,2,108.2,0,20,15,0,2,0,0,1,10,False,,,0,0,0,0,0,0,nenhuma fronteira segura alcancavel
393.305,354.5,failed,-0.4945,0.3418,0.3554,-92.91,0.24,0.0,0.0,3.465,47.88,3665,0,77,2,108.2,0,20,15,0,2,0,0,1,10,False,,,0,0,0,0,0,0,nenhuma fronteira segura alcancavel
393.77,355.0,failed,-0.4945,0.3418,0.3554,-92.91,0.24,0.0,0.0,3.465,47.88,3665,0,77,2,108.2,0,20,15,0,2,0,0,1,10,False,,,0,0,0,0,0,0,nenhuma fronteira segura alcancavel
394.221,355.5,failed,-0.4945,0.3418,0.3554,-92.91,0.24,0.0,0.0,3.465,47.88,3665,0,77,2,108.2,0,20,15,0,2,0,0,1,10,False,,,0,0,0,0,0,0,nenhuma fronteira segura alcancavel
394.688,356.0,failed,-0.4945,0.3418,0.3554,-92.91,0.24,0.0,0.0,3.465,47.88,3665,0,77,2,108.2,0,20,15,0,2,0,0,1,10,False,,,0,0,0,0,0,0,nenhuma fronteira segura alcancavel
395.148,356.5,failed,-0.4945,0.3418,0.3554,-92.91,0.24,0.0,0.0,3.465,47.88,3665,0,77,2,108.2,0,20,15,0,2,0,0,1,10,False,,,0,0,0,0,0,0,nenhuma fronteira segura alcancavel
395.636,357.0,failed,-0.4945,0.3418,0.3554,-92.91,0.24,0.0,0.0,3.465,47.88,3665,0,77,2,108.2,0,20,15,0,2,0,0,1,10,False,,,0,0,0,0,0,0,nenhuma fronteira segura alcancavel
396.112,357.501,failed,-0.4945,0.3418,0.3554,-92.91,0.24,0.0,0.0,3.465,47.88,3665,0,77,2,108.2,0,20,15,0,2,0,0,1,10,False,,,0,0,0,0,0,0,nenhuma fronteira segura alcancavel
396.592,358.0,failed,-0.4945,0.3418,0.3554,-92.91,0.24,0.0,0.0,3.465,47.88,3665,0,77,2,108.2,0,20,15,0,2,0,0,1,10,False,,,0,0,0,0,0,0,nenhuma fronteira segura alcancavel
397.074,358.5,failed,-0.4945,0.3418,0.3554,-92.91,0.24,0.0,0.0,3.465,47.88,3665,0,77,2,108.2,0,20,15,0,2,0,0,1,10,False,,,0,0,0,0,0,0,nenhuma fronteira segura alcancavel
397.564,359.0,failed,-0.4945,0.3418,0.3554,-92.91,0.24,0.0,0.0,3.465,47.88,3665,0,77,2,108.2,0,20,15,0,2,0,0,1,10,False,,,0,0,0,0,0,0,nenhuma fronteira segura alcancavel
398.004,359.5,failed,-0.4945,0.3418,0.3554,-92.91,0.24,0.0,0.0,3.465,47.88,3665,0,77,2,108.2,0,20,15,0,2,0,0,1,10,False,,,0,0,0,0,0,0,nenhuma fronteira segura alcancavel
398.493,360.0,failed,-0.4945,0.3418,0.3554,-92.91,0.24,0.0,0.0,3.465,47.88,3665,0,77,2,108.2,0,20,15,0,2,0,0,1,10,False,,,0,0,0,0,0,0,nenhuma fronteira segura alcancavel
398.977,360.5,failed,-0.4945,0.3418,0.3554,-92.91,0.24,0.0,0.0,3.465,47.88,3665,0,77,2,108.2,0,20,15,0,2,0,0,1,10,False,,,0,0,0,0,0,0,nenhuma fronteira segura alcancavel
399.467,361.0,failed,-0.4945,0.3418,0.3554,-92.91,0.24,0.0,0.0,3.465,47.88,3665,0,77,2,108.2,0,20,15,0,2,0,0,1,10,False,,,0,0,0,0,0,0,nenhuma fronteira segura alcancavel
399.948,361.5,failed,-0.4945,0.3418,0.3554,-92.91,0.24,0.0,0.0,3.465,47.88,3665,0,77,2,108.2,0,20,15,0,2,0,0,1,10,False,,,0,0,0,0,0,0,nenhuma fronteira segura alcancavel
400.433,362.0,failed,-0.4945,0.3418,0.3554,-92.91,0.24,0.0,0.0,3.465,47.88,3665,0,77,2,108.2,0,20,15,0,2,0,0,1,10,False,,,0,0,0,0,0,0,nenhuma fronteira segura alcancavel
400.919,362.5,failed,-0.4945,0.3418,0.3554,-92.91,0.24,0.0,0.0,3.465,47.88,3665,0,77,2,108.2,0,20,15,0,2,0,0,1,10,False,,,0,0,0,0,0,0,nenhuma fronteira segura alcancavel
401.4,363.001,failed,-0.4945,0.3418,0.3554,-92.91,0.24,0.0,0.0,3.465,47.88,3665,0,77,2,108.2,0,20,15,0,2,0,0,1,10,False,,,0,0,0,0,0,0,nenhuma fronteira segura alcancavel
401.894,363.5,failed,-0.4945,0.3418,0.3554,-92.91,0.24,0.0,0.0,3.465,47.88,3665,0,77,2,108.2,0,20,15,0,2,0,0,1,10,False,,,0,0,0,0,0,0,nenhuma fronteira segura alcancavel
402.386,364.0,failed,-0.4945,0.3418,0.3554,-92.91,0.24,0.0,0.0,3.465,47.88,3665,0,77,2,108.2,0,20,15,0,2,0,0,1,10,False,,,0,0,0,0,0,0,nenhuma fronteira segura alcancavel
402.875,364.5,failed,-0.4945,0.3418,0.3554,-92.91,0.24,0.0,0.0,3.465,47.88,3665,0,77,2,108.2,0,20,15,0,2,0,0,1,10,False,,,0,0,0,0,0,0,nenhuma fronteira segura alcancavel
403.337,365.0,failed,-0.4945,0.3418,0.3554,-92.91,0.24,0.0,0.0,3.465,47.88,3665,0,77,2,108.2,0,20,15,0,2,0,0,1,10,False,,,0,0,0,0,0,0,nenhuma fronteira segura alcancavel
403.809,365.5,failed,-0.4945,0.3418,0.3554,-92.91,0.24,0.0,0.0,3.465,47.88,3665,0,77,2,108.2,0,20,15,0,2,0,0,1,10,False,,,0,0,0,0,0,0,nenhuma fronteira segura alcancavel
404.308,366.0,failed,-0.4945,0.3418,0.3554,-92.91,0.24,0.0,0.0,3.465,47.88,3665,0,77,2,108.2,0,20,15,0,2,0,0,1,10,False,,,0,0,0,0,0,0,nenhuma fronteira segura alcancavel
404.804,366.501,failed,-0.4945,0.3418,0.3554,-92.91,0.24,0.0,0.0,3.465,47.88,3665,0,77,2,108.2,0,20,15,0,2,0,0,1,10,False,,,0,0,0,0,0,0,nenhuma fronteira segura alcancavel
405.288,367.001,failed,-0.4945,0.3418,0.3554,-92.91,0.24,0.0,0.0,3.465,47.88,3665,0,77,2,108.2,0,20,15,0,2,0,0,1,10,False,,,0,0,0,0,0,0,nenhuma fronteira segura alcancavel
405.778,367.5,failed,-0.4945,0.3418,0.3554,-92.91,0.24,0.0,0.0,3.465,47.88,3665,0,77,2,108.2,0,20,15,0,2,0,0,1,10,False,,,0,0,0,0,0,0,nenhuma fronteira segura alcancavel
406.26,368.0,failed,-0.4945,0.3418,0.3554,-92.91,0.24,0.0,0.0,3.465,47.88,3665,0,77,2,108.2,0,20,15,0,2,0,0,1,10,False,,,0,0,0,0,0,0,nenhuma fronteira segura alcancavel
406.713,368.5,failed,-0.4945,0.3418,0.3554,-92.91,0.24,0.0,0.0,3.465,47.88,3665,0,77,2,108.2,0,20,15,0,2,0,0,1,10,False,,,0,0,0,0,0,0,nenhuma fronteira segura alcancavel
407.199,369.0,failed,-0.4945,0.3418,0.3554,-92.91,0.24,0.0,0.0,3.465,47.88,3665,0,77,2,108.2,0,20,15,0,2,0,0,1,10,False,,,0,0,0,0,0,0,nenhuma fronteira segura alcancavel
407.696,369.5,failed,-0.4945,0.3418,0.3554,-92.91,0.24,0.0,0.0,3.465,47.88,3665,0,77,2,108.2,0,20,15,0,2,0,0,1,10,False,,,0,0,0,0,0,0,nenhuma fronteira segura alcancavel
408.183,370.0,failed,-0.4945,0.3418,0.3554,-92.91,0.24,0.0,0.0,3.465,47.88,3665,0,77,2,108.2,0,20,15,0,2,0,0,1,10,False,,,0,0,0,0,0,0,nenhuma fronteira segura alcancavel
408.663,370.5,failed,-0.4945,0.3418,0.3554,-92.91,0.24,0.0,0.0,3.465,47.88,3665,0,77,2,108.2,0,20,15,0,2,0,0,1,10,False,,,0,0,0,0,0,0,nenhuma fronteira segura alcancavel
409.116,371.0,failed,-0.4945,0.3418,0.3554,-92.91,0.24,0.0,0.0,3.465,47.88,3665,0,77,2,108.2,0,20,15,0,2,0,0,1,10,False,,,0,0,0,0,0,0,nenhuma fronteira segura alcancavel
409.601,371.5,failed,-0.4945,0.3418,0.3554,-92.91,0.24,0.0,0.0,3.465,47.88,3665,0,77,2,108.2,0,20,15,0,2,0,0,1,10,False,,,0,0,0,0,0,0,nenhuma fronteira segura alcancavel
410.051,372.0,failed,-0.4945,0.3418,0.3554,-92.91,0.24,0.0,0.0,3.465,47.88,3665,0,77,2,108.2,0,20,15,0,2,0,0,1,10,False,,,0,0,0,0,0,0,nenhuma fronteira segura alcancavel
410.524,372.5,failed,-0.4945,0.3418,0.3554,-92.91,0.24,0.0,0.0,3.465,47.88,3665,0,77,2,108.2,0,20,15,0,2,0,0,1,10,False,,,0,0,0,0,0,0,nenhuma fronteira segura alcancavel
411.016,373.0,failed,-0.4945,0.3418,0.3554,-92.91,0.24,0.0,0.0,3.465,47.88,3665,0,77,2,108.2,0,20,15,0,2,0,0,1,10,False,,,0,0,0,0,0,0,nenhuma fronteira segura alcancavel
411.5,373.5,failed,-0.4945,0.3418,0.3554,-92.91,0.24,0.0,0.0,3.465,47.88,3665,0,77,2,108.2,0,20,15,0,2,0,0,1,10,False,,,0,0,0,0,0,0,nenhuma fronteira segura alcancavel
411.992,374.0,failed,-0.4945,0.3418,0.3554,-92.91,0.24,0.0,0.0,3.465,47.88,3665,0,77,2,108.2,0,20,15,0,2,0,0,1,10,False,,,0,0,0,0,0,0,nenhuma fronteira segura alcancavel
412.472,374.5,failed,-0.4945,0.3418,0.3554,-92.91,0.24,0.0,0.0,3.465,47.88,3665,0,77,2,108.2,0,20,15,0,2,0,0,1,10,False,,,0,0,0,0,0,0,nenhuma fronteira segura alcancavel
412.955,375.0,failed,-0.4945,0.3418,0.3554,-92.91,0.24,0.0,0.0,3.465,47.88,3665,0,77,2,108.2,0,20,15,0,2,0,0,1,10,False,,,0,0,0,0,0,0,nenhuma fronteira segura alcancavel
413.448,375.5,failed,-0.4945,0.3418,0.3554,-92.91,0.24,0.0,0.0,3.465,47.88,3665,0,77,2,108.2,0,20,15,0,2,0,0,1,10,False,,,0,0,0,0,0,0,nenhuma fronteira segura alcancavel
413.933,376.0,failed,-0.4945,0.3418,0.3554,-92.91,0.24,0.0,0.0,3.465,47.88,3665,0,77,2,108.2,0,20,15,0,2,0,0,1,10,False,,,0,0,0,0,0,0,nenhuma fronteira segura alcancavel
414.401,376.502,failed,-0.4945,0.3418,0.3554,-92.91,0.24,0.0,0.0,3.465,47.88,3665,0,77,2,108.2,0,20,15,0,2,0,0,1,10,False,,,0,0,0,0,0,0,nenhuma fronteira segura alcancavel
414.872,377.0,failed,-0.4945,0.3418,0.3554,-92.91,0.24,0.0,0.0,3.465,47.88,3665,0,77,2,108.2,0,20,15,0,2,0,0,1,10,False,,,0,0,0,0,0,0,nenhuma fronteira segura alcancavel
415.345,377.5,failed,-0.4945,0.3418,0.3554,-92.91,0.24,0.0,0.0,3.465,47.88,3665,0,77,2,108.2,0,20,15,0,2,0,0,1,10,False,,,0,0,0,0,0,0,nenhuma fronteira segura alcancavel
415.816,378.0,failed,-0.4945,0.3418,0.3554,-92.91,0.24,0.0,0.0,3.465,47.88,3665,0,77,2,108.2,0,20,15,0,2,0,0,1,10,False,,,0,0,0,0,0,0,nenhuma fronteira segura alcancavel
416.3,378.501,failed,-0.4945,0.3418,0.3554,-92.91,0.24,0.0,0.0,3.465,47.88,3665,0,77,2,108.2,0,20,15,0,2,0,0,1,10,False,,,0,0,0,0,0,0,nenhuma fronteira segura alcancavel
416.755,379.0,failed,-0.4945,0.3418,0.3554,-92.91,0.24,0.0,0.0,3.465,47.88,3665,0,77,2,108.2,0,20,15,0,2,0,0,1,10,False,,,0,0,0,0,0,0,nenhuma fronteira segura alcancavel
417.239,379.5,failed,-0.4945,0.3418,0.3554,-92.91,0.24,0.0,0.0,3.465,47.88,3665,0,77,2,108.2,0,20,15,0,2,0,0,1,10,False,,,0,0,0,0,0,0,nenhuma fronteira segura alcancavel
417.71,380.0,failed,-0.4945,0.3418,0.3554,-92.91,0.24,0.0,0.0,3.465,47.88,3665,0,77,2,108.2,0,20,15,0,2,0,0,1,10,False,,,0,0,0,0,0,0,nenhuma fronteira segura alcancavel
418.176,380.5,failed,-0.4945,0.3418,0.3554,-92.91,0.24,0.0,0.0,3.465,47.88,3665,0,77,2,108.2,0,20,15,0,2,0,0,1,10,False,,,0,0,0,0,0,0,nenhuma fronteira segura alcancavel
418.663,381.002,failed,-0.4945,0.3418,0.3554,-92.91,0.24,0.0,0.0,3.465,47.88,3665,0,77,2,108.2,0,20,15,0,2,0,0,1,10,False,,,0,0,0,0,0,0,nenhuma fronteira segura alcancavel
419.145,381.5,failed,-0.4945,0.3418,0.3554,-92.91,0.24,0.0,0.0,3.465,47.88,3665,0,77,2,108.2,0,20,15,0,2,0,0,1,10,False,,,0,0,0,0,0,0,nenhuma fronteira segura alcancavel
419.609,382.0,failed,-0.4945,0.3418,0.3554,-92.91,0.24,0.0,0.0,3.465,47.88,3665,0,77,2,108.2,0,20,15,0,2,0,0,1,10,False,,,0,0,0,0,0,0,nenhuma fronteira segura alcancavel
420.081,382.501,failed,-0.4945,0.3418,0.3554,-92.91,0.24,0.0,0.0,3.465,47.88,3665,0,77,2,108.2,0,20,15,0,2,0,0,1,10,False,,,0,0,0,0,0,0,nenhuma fronteira segura alcancavel
420.574,383.0,failed,-0.4945,0.3418,0.3554,-92.91,0.24,0.0,0.0,3.465,47.88,3665,0,77,2,108.2,0,20,15,0,2,0,0,1,10,False,,,0,0,0,0,0,0,nenhuma fronteira segura alcancavel
421.027,383.5,failed,-0.4945,0.3418,0.3554,-92.91,0.24,0.0,0.0,3.465,47.88,3665,0,77,2,108.2,0,20,15,0,2,0,0,1,10,False,,,0,0,0,0,0,0,nenhuma fronteira segura alcancavel
421.51,384.0,failed,-0.4945,0.3418,0.3554,-92.91,0.24,0.0,0.0,3.465,47.88,3665,0,77,2,108.2,0,20,15,0,2,0,0,1,10,False,,,0,0,0,0,0,0,nenhuma fronteira segura alcancavel
421.99,384.5,failed,-0.4945,0.3418,0.3554,-92.91,0.24,0.0,0.0,3.465,47.88,3665,0,77,2,108.2,0,20,15,0,2,0,0,1,10,False,,,0,0,0,0,0,0,nenhuma fronteira segura alcancavel
422.476,385.0,failed,-0.4945,0.3418,0.3554,-92.91,0.24,0.0,0.0,3.465,47.88,3665,0,77,2,108.2,0,20,15,0,2,0,0,1,10,False,,,0,0,0,0,0,0,nenhuma fronteira segura alcancavel
422.933,385.5,failed,-0.4945,0.3418,0.3554,-92.91,0.24,0.0,0.0,3.465,47.88,3665,0,77,2,108.2,0,20,15,0,2,0,0,1,10,False,,,0,0,0,0,0,0,nenhuma fronteira segura alcancavel
423.411,386.0,failed,-0.4945,0.3418,0.3554,-92.91,0.24,0.0,0.0,3.465,47.88,3665,0,77,2,108.2,0,20,15,0,2,0,0,1,10,False,,,0,0,0,0,0,0,nenhuma fronteira segura alcancavel
423.888,386.5,failed,-0.4945,0.3418,0.3554,-92.91,0.24,0.0,0.0,3.465,47.88,3665,0,77,2,108.2,0,20,15,0,2,0,0,1,10,False,,,0,0,0,0,0,0,nenhuma fronteira segura alcancavel
424.341,387.0,failed,-0.4945,0.3418,0.3554,-92.91,0.24,0.0,0.0,3.465,47.88,3665,0,77,2,108.2,0,20,15,0,2,0,0,1,10,False,,,0,0,0,0,0,0,nenhuma fronteira segura alcancavel
424.81,387.5,failed,-0.4945,0.3418,0.3554,-92.91,0.24,0.0,0.0,3.465,47.88,3665,0,77,2,108.2,0,20,15,0,2,0,0,1,10,False,,,0,0,0,0,0,0,nenhuma fronteira segura alcancavel
425.265,388.0,failed,-0.4945,0.3418,0.3554,-92.91,0.24,0.0,0.0,3.465,47.88,3665,0,77,2,108.2,0,20,15,0,2,0,0,1,10,False,,,0,0,0,0,0,0,nenhuma fronteira segura alcancavel
425.758,388.5,failed,-0.4945,0.3418,0.3554,-92.91,0.24,0.0,0.0,3.465,47.88,3665,0,77,2,108.2,0,20,15,0,2,0,0,1,10,False,,,0,0,0,0,0,0,nenhuma fronteira segura alcancavel
426.216,389.0,failed,-0.4945,0.3418,0.3554,-92.91,0.24,0.0,0.0,3.465,47.88,3665,0,77,2,108.2,0,20,15,0,2,0,0,1,10,False,,,0,0,0,0,0,0,nenhuma fronteira segura alcancavel
426.683,389.5,failed,-0.4945,0.3418,0.3554,-92.91,0.24,0.0,0.0,3.465,47.88,3665,0,77,2,108.2,0,20,15,0,2,0,0,1,10,False,,,0,0,0,0,0,0,nenhuma fronteira segura alcancavel
427.164,390.0,failed,-0.4945,0.3418,0.3554,-92.91,0.24,0.0,0.0,3.465,47.88,3665,0,77,2,108.2,0,20,15,0,2,0,0,1,10,False,,,0,0,0,0,0,0,nenhuma fronteira segura alcancavel
427.649,390.5,failed,-0.4945,0.3418,0.3554,-92.91,0.24,0.0,0.0,3.465,47.88,3665,0,77,2,108.2,0,20,15,0,2,0,0,1,10,False,,,0,0,0,0,0,0,nenhuma fronteira segura alcancavel
428.129,391.0,failed,-0.4945,0.3418,0.3554,-92.91,0.24,0.0,0.0,3.465,47.88,3665,0,77,2,108.2,0,20,15,0,2,0,0,1,10,False,,,0,0,0,0,0,0,nenhuma fronteira segura alcancavel
428.595,391.5,failed,-0.4945,0.3418,0.3554,-92.91,0.24,0.0,0.0,3.465,47.88,3665,0,77,2,108.2,0,20,15,0,2,0,0,1,10,False,,,0,0,0,0,0,0,nenhuma fronteira segura alcancavel
429.08,392.0,failed,-0.4945,0.3418,0.3554,-92.91,0.24,0.0,0.0,3.465,47.88,3665,0,77,2,108.2,0,20,15,0,2,0,0,1,10,False,,,0,0,0,0,0,0,nenhuma fronteira segura alcancavel
429.563,392.5,failed,-0.4945,0.3418,0.3554,-92.91,0.24,0.0,0.0,3.465,47.88,3665,0,77,2,108.2,0,20,15,0,2,0,0,1,10,False,,,0,0,0,0,0,0,nenhuma fronteira segura alcancavel
430.027,393.0,failed,-0.4945,0.3418,0.3554,-92.91,0.24,0.0,0.0,3.465,47.88,3665,0,77,2,108.2,0,20,15,0,2,0,0,1,10,False,,,0,0,0,0,0,0,nenhuma fronteira segura alcancavel
430.495,393.501,failed,-0.4945,0.3418,0.3554,-92.91,0.24,0.0,0.0,3.465,47.88,3665,0,77,2,108.2,0,20,15,0,2,0,0,1,10,False,,,0,0,0,0,0,0,nenhuma fronteira segura alcancavel
430.992,394.0,failed,-0.4945,0.3418,0.3554,-92.91,0.24,0.0,0.0,3.465,47.88,3665,0,77,2,108.2,0,20,15,0,2,0,0,1,10,False,,,0,0,0,0,0,0,nenhuma fronteira segura alcancavel
431.469,394.5,failed,-0.4945,0.3418,0.3554,-92.91,0.24,0.0,0.0,3.465,47.88,3665,0,77,2,108.2,0,20,15,0,2,0,0,1,10,False,,,0,0,0,0,0,0,nenhuma fronteira segura alcancavel
431.939,395.0,failed,-0.4945,0.3418,0.3554,-92.91,0.24,0.0,0.0,3.465,47.88,3665,0,77,2,108.2,0,20,15,0,2,0,0,1,10,False,,,0,0,0,0,0,0,nenhuma fronteira segura alcancavel
432.405,395.5,failed,-0.4945,0.3418,0.3554,-92.91,0.24,0.0,0.0,3.465,47.88,3665,0,77,2,108.2,0,20,15,0,2,0,0,1,10,False,,,0,0,0,0,0,0,nenhuma fronteira segura alcancavel
432.872,396.0,failed,-0.4945,0.3418,0.3554,-92.91,0.24,0.0,0.0,3.465,47.88,3665,0,77,2,108.2,0,20,15,0,2,0,0,1,10,False,,,0,0,0,0,0,0,nenhuma fronteira segura alcancavel
433.345,396.5,failed,-0.4945,0.3418,0.3554,-92.91,0.24,0.0,0.0,3.465,47.88,3665,0,77,2,108.2,0,20,15,0,2,0,0,1,10,False,,,0,0,0,0,0,0,nenhuma fronteira segura alcancavel
433.788,397.0,failed,-0.4945,0.3418,0.3554,-92.91,0.24,0.0,0.0,3.465,47.88,3665,0,77,2,108.2,0,20,15,0,2,0,0,1,10,False,,,0,0,0,0,0,0,nenhuma fronteira segura alcancavel
434.273,397.5,failed,-0.4945,0.3418,0.3554,-92.91,0.24,0.0,0.0,3.465,47.88,3665,0,77,2,108.2,0,20,15,0,2,0,0,1,10,False,,,0,0,0,0,0,0,nenhuma fronteira segura alcancavel
434.767,398.0,failed,-0.4945,0.3418,0.3554,-92.91,0.24,0.0,0.0,3.465,47.88,3665,0,77,2,108.2,0,20,15,0,2,0,0,1,10,False,,,0,0,0,0,0,0,nenhuma fronteira segura alcancavel
435.226,398.5,failed,-0.4945,0.3418,0.3554,-92.91,0.24,0.0,0.0,3.465,47.88,3665,0,77,2,108.2,0,20,15,0,2,0,0,1,10,False,,,0,0,0,0,0,0,nenhuma fronteira segura alcancavel
435.626,399.0,failed,-0.4945,0.3418,0.3554,-92.91,0.24,0.0,0.0,3.465,47.88,3665,0,77,2,108.2,0,20,15,0,2,0,0,1,10,False,,,0,0,0,0,0,0,nenhuma fronteira segura alcancavel
436.123,399.5,failed,-0.4945,0.3418,0.3554,-92.91,0.24,0.0,0.0,3.465,47.88,3665,0,77,2,108.2,0,20,15,0,2,0,0,1,10,False,,,0,0,0,0,0,0,nenhuma fronteira segura alcancavel
436.609,400.0,failed,-0.4945,0.3418,0.3554,-92.91,0.24,0.0,0.0,3.465,47.88,3665,0,77,2,108.2,0,20,15,0,2,0,0,1,10,False,,,0,0,0,0,0,0,nenhuma fronteira segura alcancavel
437.09,400.5,failed,-0.4945,0.3418,0.3554,-92.91,0.24,0.0,0.0,3.465,47.88,3665,0,77,2,108.2,0,20,15,0,2,0,0,1,10,False,,,0,0,0,0,0,0,nenhuma fronteira segura alcancavel
437.552,401.0,failed,-0.4945,0.3418,0.3554,-92.91,0.24,0.0,0.0,3.465,47.88,3665,0,77,2,108.2,0,20,15,0,2,0,0,1,10,False,,,0,0,0,0,0,0,nenhuma fronteira segura alcancavel
438.03,401.5,failed,-0.4945,0.3418,0.3554,-92.91,0.24,0.0,0.0,3.465,47.88,3665,0,77,2,108.2,0,20,15,0,2,0,0,1,10,False,,,0,0,0,0,0,0,nenhuma fronteira segura alcancavel
438.514,402.0,failed,-0.4945,0.3418,0.3554,-92.91,0.24,0.0,0.0,3.465,47.88,3665,0,77,2,108.2,0,20,15,0,2,0,0,1,10,False,,,0,0,0,0,0,0,nenhuma fronteira segura alcancavel
439.005,402.5,failed,-0.4945,0.3418,0.3554,-92.91,0.24,0.0,0.0,3.465,47.88,3665,0,77,2,108.2,0,20,15,0,2,0,0,1,10,False,,,0,0,0,0,0,0,nenhuma fronteira segura alcancavel
439.491,403.0,failed,-0.4945,0.3418,0.3554,-92.91,0.24,0.0,0.0,3.465,47.88,3665,0,77,2,108.2,0,20,15,0,2,0,0,1,10,False,,,0,0,0,0,0,0,nenhuma fronteira segura alcancavel
439.98,403.5,failed,-0.4945,0.3418,0.3554,-92.91,0.24,0.0,0.0,3.465,47.88,3665,0,77,2,108.2,0,20,15,0,2,0,0,1,10,False,,,0,0,0,0,0,0,nenhuma fronteira segura alcancavel
440.468,404.0,failed,-0.4945,0.3418,0.3554,-92.91,0.24,0.0,0.0,3.465,47.88,3665,0,77,2,108.2,0,20,15,0,2,0,0,1,10,False,,,0,0,0,0,0,0,nenhuma fronteira segura alcancavel
440.946,404.5,failed,-0.4945,0.3418,0.3554,-92.91,0.24,0.0,0.0,3.465,47.88,3665,0,77,2,108.2,0,20,15,0,2,0,0,1,10,False,,,0,0,0,0,0,0,nenhuma fronteira segura alcancavel
441.425,405.001,failed,-0.4945,0.3418,0.3554,-92.91,0.24,0.0,0.0,3.465,47.88,3665,0,77,2,108.2,0,20,15,0,2,0,0,1,10,False,,,0,0,0,0,0,0,nenhuma fronteira segura alcancavel
441.911,405.5,failed,-0.4945,0.3418,0.3554,-92.91,0.24,0.0,0.0,3.465,47.88,3665,0,77,2,108.2,0,20,15,0,2,0,0,1,10,False,,,0,0,0,0,0,0,nenhuma fronteira segura alcancavel
442.408,406.0,failed,-0.4945,0.3418,0.3554,-92.91,0.24,0.0,0.0,3.465,47.88,3665,0,77,2,108.2,0,20,15,0,2,0,0,1,10,False,,,0,0,0,0,0,0,nenhuma fronteira segura alcancavel
442.863,406.501,failed,-0.4945,0.3418,0.3554,-92.91,0.24,0.0,0.0,3.465,47.88,3665,0,77,2,108.2,0,20,15,0,2,0,0,1,10,False,,,0,0,0,0,0,0,nenhuma fronteira segura alcancavel
443.349,407.0,failed,-0.4945,0.3418,0.3554,-92.91,0.24,0.0,0.0,3.465,47.88,3665,0,77,2,108.2,0,20,15,0,2,0,0,1,10,False,,,0,0,0,0,0,0,nenhuma fronteira segura alcancavel
443.83,407.5,failed,-0.4945,0.3418,0.3554,-92.91,0.24,0.0,0.0,3.465,47.88,3665,0,77,2,108.2,0,20,15,0,2,0,0,1,10,False,,,0,0,0,0,0,0,nenhuma fronteira segura alcancavel
444.28,408.0,failed,-0.4945,0.3418,0.3554,-92.91,0.24,0.0,0.0,3.465,47.88,3665,0,77,2,108.2,0,20,15,0,2,0,0,1,10,False,,,0,0,0,0,0,0,nenhuma fronteira segura alcancavel
444.759,408.5,failed,-0.4945,0.3418,0.3554,-92.91,0.24,0.0,0.0,3.465,47.88,3665,0,77,2,108.2,0,20,15,0,2,0,0,1,10,False,,,0,0,0,0,0,0,nenhuma fronteira segura alcancavel
445.248,409.0,failed,-0.4945,0.3418,0.3554,-92.91,0.24,0.0,0.0,3.465,47.88,3665,0,77,2,108.2,0,20,15,0,2,0,0,1,10,False,,,0,0,0,0,0,0,nenhuma fronteira segura alcancavel
445.71,409.5,failed,-0.4945,0.3418,0.3554,-92.91,0.24,0.0,0.0,3.465,47.88,3665,0,77,2,108.2,0,20,15,0,2,0,0,1,10,False,,,0,0,0,0,0,0,nenhuma fronteira segura alcancavel
446.205,410.0,failed,-0.4945,0.3418,0.3554,-92.91,0.24,0.0,0.0,3.465,47.88,3665,0,77,2,108.2,0,20,15,0,2,0,0,1,10,False,,,0,0,0,0,0,0,nenhuma fronteira segura alcancavel
446.68,410.5,failed,-0.4945,0.3418,0.3554,-92.91,0.24,0.0,0.0,3.465,47.88,3665,0,77,2,108.2,0,20,15,0,2,0,0,1,10,False,,,0,0,0,0,0,0,nenhuma fronteira segura alcancavel
447.171,411.0,failed,-0.4945,0.3418,0.3554,-92.91,0.24,0.0,0.0,3.465,47.88,3665,0,77,2,108.2,0,20,15,0,2,0,0,1,10,False,,,0,0,0,0,0,0,nenhuma fronteira segura alcancavel
447.642,411.5,failed,-0.4945,0.3418,0.3554,-92.91,0.24,0.0,0.0,3.465,47.88,3665,0,77,2,108.2,0,20,15,0,2,0,0,1,10,False,,,0,0,0,0,0,0,nenhuma fronteira segura alcancavel
448.122,412.0,failed,-0.4945,0.3418,0.3554,-92.91,0.24,0.0,0.0,3.465,47.88,3665,0,77,2,108.2,0,20,15,0,2,0,0,1,10,False,,,0,0,0,0,0,0,nenhuma fronteira segura alcancavel
448.62,412.5,failed,-0.4945,0.3418,0.3554,-92.91,0.24,0.0,0.0,3.465,47.88,3665,0,77,2,108.2,0,20,15,0,2,0,0,1,10,False,,,0,0,0,0,0,0,nenhuma fronteira segura alcancavel
449.087,413.0,failed,-0.4945,0.3418,0.3554,-92.91,0.24,0.0,0.0,3.465,47.88,3665,0,77,2,108.2,0,20,15,0,2,0,0,1,10,False,,,0,0,0,0,0,0,nenhuma fronteira segura alcancavel
449.551,413.5,failed,-0.4945,0.3418,0.3554,-92.91,0.24,0.0,0.0,3.465,47.88,3665,0,77,2,108.2,0,20,15,0,2,0,0,1,10,False,,,0,0,0,0,0,0,nenhuma fronteira segura alcancavel
450.009,414.0,failed,-0.4945,0.3418,0.3554,-92.91,0.24,0.0,0.0,3.465,47.88,3665,0,77,2,108.2,0,20,15,0,2,0,0,1,10,False,,,0,0,0,0,0,0,nenhuma fronteira segura alcancavel
450.496,414.5,failed,-0.4945,0.3418,0.3554,-92.91,0.24,0.0,0.0,3.465,47.88,3665,0,77,2,108.2,0,20,15,0,2,0,0,1,10,False,,,0,0,0,0,0,0,nenhuma fronteira segura alcancavel
450.982,415.0,failed,-0.4945,0.3418,0.3554,-92.91,0.24,0.0,0.0,3.465,47.88,3665,0,77,2,108.2,0,20,15,0,2,0,0,1,10,False,,,0,0,0,0,0,0,nenhuma fronteira segura alcancavel
451.465,415.5,failed,-0.4945,0.3418,0.3554,-92.91,0.24,0.0,0.0,3.465,47.88,3665,0,77,2,108.2,0,20,15,0,2,0,0,1,10,False,,,0,0,0,0,0,0,nenhuma fronteira segura alcancavel
451.957,416.0,failed,-0.4945,0.3418,0.3554,-92.91,0.24,0.0,0.0,3.465,47.88,3665,0,77,2,108.2,0,20,15,0,2,0,0,1,10,False,,,0,0,0,0,0,0,nenhuma fronteira segura alcancavel
452.438,416.5,failed,-0.4945,0.3418,0.3554,-92.91,0.24,0.0,0.0,3.465,47.88,3665,0,77,2,108.2,0,20,15,0,2,0,0,1,10,False,,,0,0,0,0,0,0,nenhuma fronteira segura alcancavel
452.891,417.0,failed,-0.4945,0.3418,0.3554,-92.91,0.24,0.0,0.0,3.465,47.88,3665,0,77,2,108.2,0,20,15,0,2,0,0,1,10,False,,,0,0,0,0,0,0,nenhuma fronteira segura alcancavel
453.365,417.502,failed,-0.4945,0.3418,0.3554,-92.91,0.24,0.0,0.0,3.465,47.88,3665,0,77,2,108.2,0,20,15,0,2,0,0,1,10,False,,,0,0,0,0,0,0,nenhuma fronteira segura alcancavel
453.842,418.001,failed,-0.4945,0.3418,0.3554,-92.91,0.24,0.0,0.0,3.465,47.88,3665,0,77,2,108.2,0,20,15,0,2,0,0,1,10,False,,,0,0,0,0,0,0,nenhuma fronteira segura alcancavel
454.31,418.5,failed,-0.4945,0.3418,0.3554,-92.91,0.24,0.0,0.0,3.465,47.88,3665,0,77,2,108.2,0,20,15,0,2,0,0,1,10,False,,,0,0,0,0,0,0,nenhuma fronteira segura alcancavel
454.785,419.0,failed,-0.4945,0.3418,0.3554,-92.91,0.24,0.0,0.0,3.465,47.88,3665,0,77,2,108.2,0,20,15,0,2,0,0,1,10,False,,,0,0,0,0,0,0,nenhuma fronteira segura alcancavel
455.254,419.5,failed,-0.4945,0.3418,0.3554,-92.91,0.24,0.0,0.0,3.465,47.88,3665,0,77,2,108.2,0,20,15,0,2,0,0,1,10,False,,,0,0,0,0,0,0,nenhuma fronteira segura alcancavel
455.722,420.0,failed,-0.4945,0.3418,0.3554,-92.91,0.24,0.0,0.0,3.465,47.88,3665,0,77,2,108.2,0,20,15,0,2,0,0,1,10,False,,,0,0,0,0,0,0,nenhuma fronteira segura alcancavel
456.216,420.5,failed,-0.4945,0.3418,0.3554,-92.91,0.24,0.0,0.0,3.465,47.88,3665,0,77,2,108.2,0,20,15,0,2,0,0,1,10,False,,,0,0,0,0,0,0,nenhuma fronteira segura alcancavel
456.698,421.0,failed,-0.4945,0.3418,0.3554,-92.91,0.24,0.0,0.0,3.465,47.88,3665,0,77,2,108.2,0,20,15,0,2,0,0,1,10,False,,,0,0,0,0,0,0,nenhuma fronteira segura alcancavel
457.178,421.5,failed,-0.4945,0.3418,0.3554,-92.91,0.24,0.0,0.0,3.465,47.88,3665,0,77,2,108.2,0,20,15,0,2,0,0,1,10,False,,,0,0,0,0,0,0,nenhuma fronteira segura alcancavel
457.617,422.0,failed,-0.4945,0.3418,0.3554,-92.91,0.24,0.0,0.0,3.465,47.88,3665,0,77,2,108.2,0,20,15,0,2,0,0,1,10,False,,,0,0,0,0,0,0,nenhuma fronteira segura alcancavel
458.112,422.501,failed,-0.4945,0.3418,0.3554,-92.91,0.24,0.0,0.0,3.465,47.88,3665,0,77,2,108.2,0,20,15,0,2,0,0,1,10,False,,,0,0,0,0,0,0,nenhuma fronteira segura alcancavel
458.605,423.0,failed,-0.4945,0.3418,0.3554,-92.91,0.24,0.0,0.0,3.465,47.88,3665,0,77,2,108.2,0,20,15,0,2,0,0,1,10,False,,,0,0,0,0,0,0,nenhuma fronteira segura alcancavel
459.086,423.5,failed,-0.4945,0.3418,0.3554,-92.91,0.24,0.0,0.0,3.465,47.88,3665,0,77,2,108.2,0,20,15,0,2,0,0,1,10,False,,,0,0,0,0,0,0,nenhuma fronteira segura alcancavel
459.569,424.0,failed,-0.4945,0.3418,0.3554,-92.91,0.24,0.0,0.0,3.465,47.88,3665,0,77,2,108.2,0,20,15,0,2,0,0,1,10,False,,,0,0,0,0,0,0,nenhuma fronteira segura alcancavel
460.063,424.5,failed,-0.4945,0.3418,0.3554,-92.91,0.24,0.0,0.0,3.465,47.88,3665,0,77,2,108.2,0,20,15,0,2,0,0,1,10,False,,,0,0,0,0,0,0,nenhuma fronteira segura alcancavel
460.521,425.001,failed,-0.4945,0.3418,0.3554,-92.91,0.24,0.0,0.0,3.465,47.88,3665,0,77,2,108.2,0,20,15,0,2,0,0,1,10,False,,,0,0,0,0,0,0,nenhuma fronteira segura alcancavel
461.019,425.5,failed,-0.4945,0.3418,0.3554,-92.91,0.24,0.0,0.0,3.465,47.88,3665,0,77,2,108.2,0,20,15,0,2,0,0,1,10,False,,,0,0,0,0,0,0,nenhuma fronteira segura alcancavel
461.508,426.0,failed,-0.4945,0.3418,0.3554,-92.91,0.24,0.0,0.0,3.465,47.88,3665,0,77,2,108.2,0,20,15,0,2,0,0,1,10,False,,,0,0,0,0,0,0,nenhuma fronteira segura alcancavel
461.976,426.5,failed,-0.4945,0.3418,0.3554,-92.91,0.24,0.0,0.0,3.465,47.88,3665,0,77,2,108.2,0,20,15,0,2,0,0,1,10,False,,,0,0,0,0,0,0,nenhuma fronteira segura alcancavel
462.469,427.0,failed,-0.4945,0.3418,0.3554,-92.91,0.24,0.0,0.0,3.465,47.88,3665,0,77,2,108.2,0,20,15,0,2,0,0,1,10,False,,,0,0,0,0,0,0,nenhuma fronteira segura alcancavel
462.923,427.5,failed,-0.4945,0.3418,0.3554,-92.91,0.24,0.0,0.0,3.465,47.88,3665,0,77,2,108.2,0,20,15,0,2,0,0,1,10,False,,,0,0,0,0,0,0,nenhuma fronteira segura alcancavel
463.435,428.001,failed,-0.4945,0.3418,0.3554,-92.91,0.24,0.0,0.0,3.465,47.88,3665,0,77,2,108.2,0,20,15,0,2,0,0,1,10,False,,,0,0,0,0,0,0,nenhuma fronteira segura alcancavel
463.905,428.5,failed,-0.4945,0.3418,0.3554,-92.91,0.24,0.0,0.0,3.465,47.88,3665,0,77,2,108.2,0,20,15,0,2,0,0,1,10,False,,,0,0,0,0,0,0,nenhuma fronteira segura alcancavel
464.396,429.0,failed,-0.4945,0.3418,0.3554,-92.91,0.24,0.0,0.0,3.465,47.88,3665,0,77,2,108.2,0,20,15,0,2,0,0,1,10,False,,,0,0,0,0,0,0,nenhuma fronteira segura alcancavel
464.882,429.501,failed,-0.4945,0.3418,0.3554,-92.91,0.24,0.0,0.0,3.465,47.88,3665,0,77,2,108.2,0,20,15,0,2,0,0,1,10,False,,,0,0,0,0,0,0,nenhuma fronteira segura alcancavel
465.365,430.0,failed,-0.4945,0.3418,0.3554,-92.91,0.24,0.0,0.0,3.465,47.88,3665,0,77,2,108.2,0,20,15,0,2,0,0,1,10,False,,,0,0,0,0,0,0,nenhuma fronteira segura alcancavel
465.842,430.5,failed,-0.4945,0.3418,0.3554,-92.91,0.24,0.0,0.0,3.465,47.88,3665,0,77,2,108.2,0,20,15,0,2,0,0,1,10,False,,,0,0,0,0,0,0,nenhuma fronteira segura alcancavel
466.289,431.0,failed,-0.4945,0.3418,0.3554,-92.91,0.24,0.0,0.0,3.465,47.88,3665,0,77,2,108.2,0,20,15,0,2,0,0,1,10,False,,,0,0,0,0,0,0,nenhuma fronteira segura alcancavel
466.772,431.501,failed,-0.4945,0.3418,0.3554,-92.91,0.24,0.0,0.0,3.465,47.88,3665,0,77,2,108.2,0,20,15,0,2,0,0,1,10,False,,,0,0,0,0,0,0,nenhuma fronteira segura alcancavel
467.245,432.0,failed,-0.4945,0.3418,0.3554,-92.91,0.24,0.0,0.0,3.465,47.88,3665,0,77,2,108.2,0,20,15,0,2,0,0,1,10,False,,,0,0,0,0,0,0,nenhuma fronteira segura alcancavel
467.713,432.501,failed,-0.4945,0.3418,0.3554,-92.91,0.24,0.0,0.0,3.465,47.88,3665,0,77,2,108.2,0,20,15,0,2,0,0,1,10,False,,,0,0,0,0,0,0,nenhuma fronteira segura alcancavel
468.21,433.0,failed,-0.4945,0.3418,0.3554,-92.91,0.24,0.0,0.0,3.465,47.88,3665,0,77,2,108.2,0,20,15,0,2,0,0,1,10,False,,,0,0,0,0,0,0,nenhuma fronteira segura alcancavel
468.704,433.5,failed,-0.4945,0.3418,0.3554,-92.91,0.24,0.0,0.0,3.465,47.88,3665,0,77,2,108.2,0,20,15,0,2,0,0,1,10,False,,,0,0,0,0,0,0,nenhuma fronteira segura alcancavel
469.188,434.001,failed,-0.4945,0.3418,0.3554,-92.91,0.24,0.0,0.0,3.465,47.88,3665,0,77,2,108.2,0,20,15,0,2,0,0,1,10,False,,,0,0,0,0,0,0,nenhuma fronteira segura alcancavel
469.664,434.5,failed,-0.4945,0.3418,0.3554,-92.91,0.24,0.0,0.0,3.465,47.88,3665,0,77,2,108.2,0,20,15,0,2,0,0,1,10,False,,,0,0,0,0,0,0,nenhuma fronteira segura alcancavel
470.135,435.0,failed,-0.4945,0.3418,0.3554,-92.91,0.24,0.0,0.0,3.465,47.88,3665,0,77,2,108.2,0,20,15,0,2,0,0,1,10,False,,,0,0,0,0,0,0,nenhuma fronteira segura alcancavel
470.607,435.5,failed,-0.4945,0.3418,0.3554,-92.91,0.24,0.0,0.0,3.465,47.88,3665,0,77,2,108.2,0,20,15,0,2,0,0,1,10,False,,,0,0,0,0,0,0,nenhuma fronteira segura alcancavel
471.09,436.0,failed,-0.4945,0.3418,0.3554,-92.91,0.24,0.0,0.0,3.465,47.88,3665,0,77,2,108.2,0,20,15,0,2,0,0,1,10,False,,,0,0,0,0,0,0,nenhuma fronteira segura alcancavel
471.555,436.5,failed,-0.4945,0.3418,0.3554,-92.91,0.24,0.0,0.0,3.465,47.88,3665,0,77,2,108.2,0,20,15,0,2,0,0,1,10,False,,,0,0,0,0,0,0,nenhuma fronteira segura alcancavel
472.047,437.0,failed,-0.4945,0.3418,0.3554,-92.91,0.24,0.0,0.0,3.465,47.88,3665,0,77,2,108.2,0,20,15,0,2,0,0,1,10,False,,,0,0,0,0,0,0,nenhuma fronteira segura alcancavel
472.514,437.5,failed,-0.4945,0.3418,0.3554,-92.91,0.24,0.0,0.0,3.465,47.88,3665,0,77,2,108.2,0,20,15,0,2,0,0,1,10,False,,,0,0,0,0,0,0,nenhuma fronteira segura alcancavel
472.99,438.001,failed,-0.4945,0.3418,0.3554,-92.91,0.24,0.0,0.0,3.465,47.88,3665,0,77,2,108.2,0,20,15,0,2,0,0,1,10,False,,,0,0,0,0,0,0,nenhuma fronteira segura alcancavel
473.445,438.5,failed,-0.4945,0.3418,0.3554,-92.91,0.24,0.0,0.0,3.465,47.88,3665,0,77,2,108.2,0,20,15,0,2,0,0,1,10,False,,,0,0,0,0,0,0,nenhuma fronteira segura alcancavel
473.929,439.001,failed,-0.4945,0.3418,0.3554,-92.91,0.24,0.0,0.0,3.465,47.88,3665,0,77,2,108.2,0,20,15,0,2,0,0,1,10,False,,,0,0,0,0,0,0,nenhuma fronteira segura alcancavel
474.407,439.5,failed,-0.4945,0.3418,0.3554,-92.91,0.24,0.0,0.0,3.465,47.88,3665,0,77,2,108.2,0,20,15,0,2,0,0,1,10,False,,,0,0,0,0,0,0,nenhuma fronteira segura alcancavel
474.892,440.0,failed,-0.4945,0.3418,0.3554,-92.91,0.24,0.0,0.0,3.465,47.88,3665,0,77,2,108.2,0,20,15,0,2,0,0,1,10,False,,,0,0,0,0,0,0,nenhuma fronteira segura alcancavel
475.349,440.501,failed,-0.4945,0.3418,0.3554,-92.91,0.24,0.0,0.0,3.465,47.88,3665,0,77,2,108.2,0,20,15,0,2,0,0,1,10,False,,,0,0,0,0,0,0,nenhuma fronteira segura alcancavel
475.818,441.0,failed,-0.4945,0.3418,0.3554,-92.91,0.24,0.0,0.0,3.465,47.88,3665,0,77,2,108.2,0,20,15,0,2,0,0,1,10,False,,,0,0,0,0,0,0,nenhuma fronteira segura alcancavel
476.309,441.5,failed,-0.4945,0.3418,0.3554,-92.91,0.24,0.0,0.0,3.465,47.88,3665,0,77,2,108.2,0,20,15,0,2,0,0,1,10,False,,,0,0,0,0,0,0,nenhuma fronteira segura alcancavel
476.794,442.0,failed,-0.4945,0.3418,0.3554,-92.91,0.24,0.0,0.0,3.465,47.88,3665,0,77,2,108.2,0,20,15,0,2,0,0,1,10,False,,,0,0,0,0,0,0,nenhuma fronteira segura alcancavel
477.262,442.5,failed,-0.4945,0.3418,0.3554,-92.91,0.24,0.0,0.0,3.465,47.88,3665,0,77,2,108.2,0,20,15,0,2,0,0,1,10,False,,,0,0,0,0,0,0,nenhuma fronteira segura alcancavel
477.71,443.0,failed,-0.4945,0.3418,0.3554,-92.91,0.24,0.0,0.0,3.465,47.88,3665,0,77,2,108.2,0,20,15,0,2,0,0,1,10,False,,,0,0,0,0,0,0,nenhuma fronteira segura alcancavel
478.149,443.5,failed,-0.4945,0.3418,0.3554,-92.91,0.24,0.0,0.0,3.465,47.88,3665,0,77,2,108.2,0,20,15,0,2,0,0,1,10,False,,,0,0,0,0,0,0,nenhuma fronteira segura alcancavel
478.621,444.0,failed,-0.4945,0.3418,0.3554,-92.91,0.24,0.0,0.0,3.465,47.88,3665,0,77,2,108.2,0,20,15,0,2,0,0,1,10,False,,,0,0,0,0,0,0,nenhuma fronteira segura alcancavel
479.108,444.501,failed,-0.4945,0.3418,0.3554,-92.91,0.24,0.0,0.0,3.465,47.88,3665,0,77,2,108.2,0,20,15,0,2,0,0,1,10,False,,,0,0,0,0,0,0,nenhuma fronteira segura alcancavel
479.572,445.0,failed,-0.4945,0.3418,0.3554,-92.91,0.24,0.0,0.0,3.465,47.88,3665,0,77,2,108.2,0,20,15,0,2,0,0,1,10,False,,,0,0,0,0,0,0,nenhuma fronteira segura alcancavel
480.055,445.501,failed,-0.4945,0.3418,0.3554,-92.91,0.24,0.0,0.0,3.465,47.88,3665,0,77,2,108.2,0,20,15,0,2,0,0,1,10,False,,,0,0,0,0,0,0,nenhuma fronteira segura alcancavel
480.537,446.0,failed,-0.4945,0.3418,0.3554,-92.91,0.24,0.0,0.0,3.465,47.88,3665,0,77,2,108.2,0,20,15,0,2,0,0,1,10,False,,,0,0,0,0,0,0,nenhuma fronteira segura alcancavel
481.008,446.501,failed,-0.4945,0.3418,0.3554,-92.91,0.24,0.0,0.0,3.465,47.88,3665,0,77,2,108.2,0,20,15,0,2,0,0,1,10,False,,,0,0,0,0,0,0,nenhuma fronteira segura alcancavel
481.506,447.0,failed,-0.4945,0.3418,0.3554,-92.91,0.24,0.0,0.0,3.465,47.88,3665,0,77,2,108.2,0,20,15,0,2,0,0,1,10,False,,,0,0,0,0,0,0,nenhuma fronteira segura alcancavel
481.999,447.501,failed,-0.4945,0.3418,0.3554,-92.91,0.24,0.0,0.0,3.465,47.88,3665,0,77,2,108.2,0,20,15,0,2,0,0,1,10,False,,,0,0,0,0,0,0,nenhuma fronteira segura alcancavel
482.468,448.0,failed,-0.4945,0.3418,0.3554,-92.91,0.24,0.0,0.0,3.465,47.88,3665,0,77,2,108.2,0,20,15,0,2,0,0,1,10,False,,,0,0,0,0,0,0,nenhuma fronteira segura alcancavel
482.952,448.5,failed,-0.4945,0.3418,0.3554,-92.91,0.24,0.0,0.0,3.465,47.88,3665,0,77,2,108.2,0,20,15,0,2,0,0,1,10,False,,,0,0,0,0,0,0,nenhuma fronteira segura alcancavel
483.438,449.0,failed,-0.4945,0.3418,0.3554,-92.91,0.24,0.0,0.0,3.465,47.88,3665,0,77,2,108.2,0,20,15,0,2,0,0,1,10,False,,,0,0,0,0,0,0,nenhuma fronteira segura alcancavel
483.895,449.5,failed,-0.4945,0.3418,0.3554,-92.91,0.24,0.0,0.0,3.465,47.88,3665,0,77,2,108.2,0,20,15,0,2,0,0,1,10,False,,,0,0,0,0,0,0,nenhuma fronteira segura alcancavel
484.385,450.0,failed,-0.4945,0.3418,0.3554,-92.91,0.24,0.0,0.0,3.465,47.88,3665,0,77,2,108.2,0,20,15,0,2,0,0,1,10,False,,,0,0,0,0,0,0,nenhuma fronteira segura alcancavel
484.869,450.5,failed,-0.4945,0.3418,0.3554,-92.91,0.24,0.0,0.0,3.465,47.88,3665,0,77,2,108.2,0,20,15,0,2,0,0,1,10,False,,,0,0,0,0,0,0,nenhuma fronteira segura alcancavel
485.347,451.0,failed,-0.4945,0.3418,0.3554,-92.91,0.24,0.0,0.0,3.465,47.88,3665,0,77,2,108.2,0,20,15,0,2,0,0,1,10,False,,,0,0,0,0,0,0,nenhuma fronteira segura alcancavel
485.812,451.5,failed,-0.4945,0.3418,0.3554,-92.91,0.24,0.0,0.0,3.465,47.88,3665,0,77,2,108.2,0,20,15,0,2,0,0,1,10,False,,,0,0,0,0,0,0,nenhuma fronteira segura alcancavel
486.236,452.0,failed,-0.4945,0.3418,0.3554,-92.91,0.24,0.0,0.0,3.465,47.88,3665,0,77,2,108.2,0,20,15,0,2,0,0,1,10,False,,,0,0,0,0,0,0,nenhuma fronteira segura alcancavel
486.722,452.5,failed,-0.4945,0.3418,0.3554,-92.91,0.24,0.0,0.0,3.465,47.88,3665,0,77,2,108.2,0,20,15,0,2,0,0,1,10,False,,,0,0,0,0,0,0,nenhuma fronteira segura alcancavel
487.207,453.001,failed,-0.4945,0.3418,0.3554,-92.91,0.24,0.0,0.0,3.465,47.88,3665,0,77,2,108.2,0,20,15,0,2,0,0,1,10,False,,,0,0,0,0,0,0,nenhuma fronteira segura alcancavel
487.694,453.5,failed,-0.4945,0.3418,0.3554,-92.91,0.24,0.0,0.0,3.465,47.88,3665,0,77,2,108.2,0,20,15,0,2,0,0,1,10,False,,,0,0,0,0,0,0,nenhuma fronteira segura alcancavel
488.169,454.0,failed,-0.4945,0.3418,0.3554,-92.91,0.24,0.0,0.0,3.465,47.88,3665,0,77,2,108.2,0,20,15,0,2,0,0,1,10,False,,,0,0,0,0,0,0,nenhuma fronteira segura alcancavel
488.644,454.5,failed,-0.4945,0.3418,0.3554,-92.91,0.24,0.0,0.0,3.465,47.88,3665,0,77,2,108.2,0,20,15,0,2,0,0,1,10,False,,,0,0,0,0,0,0,nenhuma fronteira segura alcancavel
489.137,455.0,failed,-0.4945,0.3418,0.3554,-92.91,0.24,0.0,0.0,3.465,47.88,3665,0,77,2,108.2,0,20,15,0,2,0,0,1,10,False,,,0,0,0,0,0,0,nenhuma fronteira segura alcancavel
489.596,455.501,failed,-0.4945,0.3418,0.3554,-92.91,0.24,0.0,0.0,3.465,47.88,3665,0,77,2,108.2,0,20,15,0,2,0,0,1,10,False,,,0,0,0,0,0,0,nenhuma fronteira segura alcancavel
490.096,456.0,failed,-0.4945,0.3418,0.3554,-92.91,0.24,0.0,0.0,3.465,47.88,3665,0,77,2,108.2,0,20,15,0,2,0,0,1,10,False,,,0,0,0,0,0,0,nenhuma fronteira segura alcancavel
490.584,456.5,failed,-0.4945,0.3418,0.3554,-92.91,0.24,0.0,0.0,3.465,47.88,3665,0,77,2,108.2,0,20,15,0,2,0,0,1,10,False,,,0,0,0,0,0,0,nenhuma fronteira segura alcancavel
491.079,457.0,failed,-0.4945,0.3418,0.3554,-92.91,0.24,0.0,0.0,3.465,47.88,3665,0,77,2,108.2,0,20,15,0,2,0,0,1,10,False,,,0,0,0,0,0,0,nenhuma fronteira segura alcancavel
491.568,457.5,failed,-0.4945,0.3418,0.3554,-92.91,0.24,0.0,0.0,3.465,47.88,3665,0,77,2,108.2,0,20,15,0,2,0,0,1,10,False,,,0,0,0,0,0,0,nenhuma fronteira segura alcancavel
492.049,458.0,failed,-0.4945,0.3418,0.3554,-92.91,0.24,0.0,0.0,3.465,47.88,3665,0,77,2,108.2,0,20,15,0,2,0,0,1,10,False,,,0,0,0,0,0,0,nenhuma fronteira segura alcancavel
492.526,458.5,failed,-0.4945,0.3418,0.3554,-92.91,0.24,0.0,0.0,3.465,47.88,3665,0,77,2,108.2,0,20,15,0,2,0,0,1,10,False,,,0,0,0,0,0,0,nenhuma fronteira segura alcancavel
493.01,459.0,failed,-0.4945,0.3418,0.3554,-92.91,0.24,0.0,0.0,3.465,47.88,3665,0,77,2,108.2,0,20,15,0,2,0,0,1,10,False,,,0,0,0,0,0,0,nenhuma fronteira segura alcancavel
493.508,459.5,failed,-0.4945,0.3418,0.3554,-92.91,0.24,0.0,0.0,3.465,47.88,3665,0,77,2,108.2,0,20,15,0,2,0,0,1,10,False,,,0,0,0,0,0,0,nenhuma fronteira segura alcancavel
493.993,460.0,failed,-0.4945,0.3418,0.3554,-92.91,0.24,0.0,0.0,3.465,47.88,3665,0,77,2,108.2,0,20,15,0,2,0,0,1,10,False,,,0,0,0,0,0,0,nenhuma fronteira segura alcancavel
494.461,460.5,failed,-0.4945,0.3418,0.3554,-92.91,0.24,0.0,0.0,3.465,47.88,3665,0,77,2,108.2,0,20,15,0,2,0,0,1,10,False,,,0,0,0,0,0,0,nenhuma fronteira segura alcancavel
494.955,461.0,failed,-0.4945,0.3418,0.3554,-92.91,0.24,0.0,0.0,3.465,47.88,3665,0,77,2,108.2,0,20,15,0,2,0,0,1,10,False,,,0,0,0,0,0,0,nenhuma fronteira segura alcancavel
495.418,461.5,failed,-0.4945,0.3418,0.3554,-92.91,0.24,0.0,0.0,3.465,47.88,3665,0,77,2,108.2,0,20,15,0,2,0,0,1,10,False,,,0,0,0,0,0,0,nenhuma fronteira segura alcancavel
495.895,462.0,failed,-0.4945,0.3418,0.3554,-92.91,0.24,0.0,0.0,3.465,47.88,3665,0,77,2,108.2,0,20,15,0,2,0,0,1,10,False,,,0,0,0,0,0,0,nenhuma fronteira segura alcancavel
496.362,462.5,failed,-0.4945,0.3418,0.3554,-92.91,0.24,0.0,0.0,3.465,47.88,3665,0,77,2,108.2,0,20,15,0,2,0,0,1,10,False,,,0,0,0,0,0,0,nenhuma fronteira segura alcancavel
496.837,463.0,failed,-0.4945,0.3418,0.3554,-92.91,0.24,0.0,0.0,3.465,47.88,3665,0,77,2,108.2,0,20,15,0,2,0,0,1,10,False,,,0,0,0,0,0,0,nenhuma fronteira segura alcancavel
497.293,463.5,failed,-0.4945,0.3418,0.3554,-92.91,0.24,0.0,0.0,3.465,47.88,3665,0,77,2,108.2,0,20,15,0,2,0,0,1,10,False,,,0,0,0,0,0,0,nenhuma fronteira segura alcancavel
497.769,464.0,failed,-0.4945,0.3418,0.3554,-92.91,0.24,0.0,0.0,3.465,47.88,3665,0,77,2,108.2,0,20,15,0,2,0,0,1,10,False,,,0,0,0,0,0,0,nenhuma fronteira segura alcancavel
498.227,464.5,failed,-0.4945,0.3418,0.3554,-92.91,0.24,0.0,0.0,3.465,47.88,3665,0,77,2,108.2,0,20,15,0,2,0,0,1,10,False,,,0,0,0,0,0,0,nenhuma fronteira segura alcancavel
498.705,465.0,failed,-0.4945,0.3418,0.3554,-92.91,0.24,0.0,0.0,3.465,47.88,3665,0,77,2,108.2,0,20,15,0,2,0,0,1,10,False,,,0,0,0,0,0,0,nenhuma fronteira segura alcancavel
499.13,465.5,failed,-0.4945,0.3418,0.3554,-92.91,0.24,0.0,0.0,3.465,47.88,3665,0,77,2,108.2,0,20,15,0,2,0,0,1,10,False,,,0,0,0,0,0,0,nenhuma fronteira segura alcancavel
499.61,466.0,failed,-0.4945,0.3418,0.3554,-92.91,0.24,0.0,0.0,3.465,47.88,3665,0,77,2,108.2,0,20,15,0,2,0,0,1,10,False,,,0,0,0,0,0,0,nenhuma fronteira segura alcancavel
500.09,466.5,failed,-0.4945,0.3418,0.3554,-92.91,0.24,0.0,0.0,3.465,47.88,3665,0,77,2,108.2,0,20,15,0,2,0,0,1,10,False,,,0,0,0,0,0,0,nenhuma fronteira segura alcancavel
500.581,467.0,failed,-0.4945,0.3418,0.3554,-92.91,0.24,0.0,0.0,3.465,47.88,3665,0,77,2,108.2,0,20,15,0,2,0,0,1,10,False,,,0,0,0,0,0,0,nenhuma fronteira segura alcancavel
501.041,467.501,failed,-0.4945,0.3418,0.3554,-92.91,0.24,0.0,0.0,3.465,47.88,3665,0,77,2,108.2,0,20,15,0,2,0,0,1,10,False,,,0,0,0,0,0,0,nenhuma fronteira segura alcancavel
501.567,468.0,failed,-0.4945,0.3418,0.3554,-92.91,0.24,0.0,0.0,3.465,47.88,3665,0,77,2,108.2,0,20,15,0,2,0,0,1,10,False,,,0,0,0,0,0,0,nenhuma fronteira segura alcancavel
502.055,468.5,failed,-0.4945,0.3418,0.3554,-92.91,0.24,0.0,0.0,3.465,47.88,3665,0,77,2,108.2,0,20,15,0,2,0,0,1,10,False,,,0,0,0,0,0,0,nenhuma fronteira segura alcancavel
502.545,469.0,failed,-0.4945,0.3418,0.3554,-92.91,0.24,0.0,0.0,3.465,47.88,3665,0,77,2,108.2,0,20,15,0,2,0,0,1,10,False,,,0,0,0,0,0,0,nenhuma fronteira segura alcancavel
503.017,469.501,failed,-0.4945,0.3418,0.3554,-92.91,0.24,0.0,0.0,3.465,47.88,3665,0,77,2,108.2,0,20,15,0,2,0,0,1,10,False,,,0,0,0,0,0,0,nenhuma fronteira segura alcancavel
503.502,470.0,failed,-0.4945,0.3418,0.3554,-92.91,0.24,0.0,0.0,3.465,47.88,3665,0,77,2,108.2,0,20,15,0,2,0,0,1,10,False,,,0,0,0,0,0,0,nenhuma fronteira segura alcancavel
503.997,470.5,failed,-0.4945,0.3418,0.3554,-92.91,0.24,0.0,0.0,3.465,47.88,3665,0,77,2,108.2,0,20,15,0,2,0,0,1,10,False,,,0,0,0,0,0,0,nenhuma fronteira segura alcancavel
504.489,471.0,failed,-0.4945,0.3418,0.3554,-92.91,0.24,0.0,0.0,3.465,47.88,3665,0,77,2,108.2,0,20,15,0,2,0,0,1,10,False,,,0,0,0,0,0,0,nenhuma fronteira segura alcancavel
504.973,471.5,failed,-0.4945,0.3418,0.3554,-92.91,0.24,0.0,0.0,3.465,47.88,3665,0,77,2,108.2,0,20,15,0,2,0,0,1,10,False,,,0,0,0,0,0,0,nenhuma fronteira segura alcancavel
505.46,472.001,failed,-0.4945,0.3418,0.3554,-92.91,0.24,0.0,0.0,3.465,47.88,3665,0,77,2,108.2,0,20,15,0,2,0,0,1,10,False,,,0,0,0,0,0,0,nenhuma fronteira segura alcancavel
505.952,472.5,failed,-0.4945,0.3418,0.3554,-92.91,0.24,0.0,0.0,3.465,47.88,3665,0,77,2,108.2,0,20,15,0,2,0,0,1,10,False,,,0,0,0,0,0,0,nenhuma fronteira segura alcancavel
506.44,473.001,failed,-0.4945,0.3418,0.3554,-92.91,0.24,0.0,0.0,3.465,47.88,3665,0,77,2,108.2,0,20,15,0,2,0,0,1,10,False,,,0,0,0,0,0,0,nenhuma fronteira segura alcancavel
506.929,473.501,failed,-0.4945,0.3418,0.3554,-92.91,0.24,0.0,0.0,3.465,47.88,3665,0,77,2,108.2,0,20,15,0,2,0,0,1,10,False,,,0,0,0,0,0,0,nenhuma fronteira segura alcancavel
507.416,474.0,failed,-0.4945,0.3418,0.3554,-92.91,0.24,0.0,0.0,3.465,47.88,3665,0,77,2,108.2,0,20,15,0,2,0,0,1,10,False,,,0,0,0,0,0,0,nenhuma fronteira segura alcancavel
507.9,474.5,failed,-0.4945,0.3418,0.3554,-92.91,0.24,0.0,0.0,3.465,47.88,3665,0,77,2,108.2,0,20,15,0,2,0,0,1,10,False,,,0,0,0,0,0,0,nenhuma fronteira segura alcancavel
508.38,475.0,failed,-0.4945,0.3418,0.3554,-92.91,0.24,0.0,0.0,3.465,47.88,3665,0,77,2,108.2,0,20,15,0,2,0,0,1,10,False,,,0,0,0,0,0,0,nenhuma fronteira segura alcancavel
508.874,475.5,failed,-0.4945,0.3418,0.3554,-92.91,0.24,0.0,0.0,3.465,47.88,3665,0,77,2,108.2,0,20,15,0,2,0,0,1,10,False,,,0,0,0,0,0,0,nenhuma fronteira segura alcancavel
509.336,476.001,failed,-0.4945,0.3418,0.3554,-92.91,0.24,0.0,0.0,3.465,47.88,3665,0,77,2,108.2,0,20,15,0,2,0,0,1,10,False,,,0,0,0,0,0,0,nenhuma fronteira segura alcancavel
509.818,476.501,failed,-0.4945,0.3418,0.3554,-92.91,0.24,0.0,0.0,3.465,47.88,3665,0,77,2,108.2,0,20,15,0,2,0,0,1,10,False,,,0,0,0,0,0,0,nenhuma fronteira segura alcancavel
510.287,477.0,failed,-0.4945,0.3418,0.3554,-92.91,0.24,0.0,0.0,3.465,47.88,3665,0,77,2,108.2,0,20,15,0,2,0,0,1,10,False,,,0,0,0,0,0,0,nenhuma fronteira segura alcancavel
510.784,477.5,failed,-0.4945,0.3418,0.3554,-92.91,0.24,0.0,0.0,3.465,47.88,3665,0,77,2,108.2,0,20,15,0,2,0,0,1,10,False,,,0,0,0,0,0,0,nenhuma fronteira segura alcancavel
511.269,478.0,failed,-0.4945,0.3418,0.3554,-92.91,0.24,0.0,0.0,3.465,47.88,3665,0,77,2,108.2,0,20,15,0,2,0,0,1,10,False,,,0,0,0,0,0,0,nenhuma fronteira segura alcancavel
511.756,478.5,failed,-0.4945,0.3418,0.3554,-92.91,0.24,0.0,0.0,3.465,47.88,3665,0,77,2,108.2,0,20,15,0,2,0,0,1,10,False,,,0,0,0,0,0,0,nenhuma fronteira segura alcancavel
512.228,479.0,failed,-0.4945,0.3418,0.3554,-92.91,0.24,0.0,0.0,3.465,47.88,3665,0,77,2,108.2,0,20,15,0,2,0,0,1,10,False,,,0,0,0,0,0,0,nenhuma fronteira segura alcancavel
512.696,479.501,failed,-0.4945,0.3418,0.3554,-92.91,0.24,0.0,0.0,3.465,47.88,3665,0,77,2,108.2,0,20,15,0,2,0,0,1,10,False,,,0,0,0,0,0,0,nenhuma fronteira segura alcancavel
513.182,480.0,failed,-0.4945,0.3418,0.3554,-92.91,0.24,0.0,0.0,3.465,47.88,3665,0,77,2,108.2,0,20,15,0,2,0,0,1,10,False,,,0,0,0,0,0,0,nenhuma fronteira segura alcancavel
513.668,480.5,failed,-0.4945,0.3418,0.3554,-92.91,0.24,0.0,0.0,3.465,47.88,3665,0,77,2,108.2,0,20,15,0,2,0,0,1,10,False,,,0,0,0,0,0,0,nenhuma fronteira segura alcancavel
514.15,481.0,failed,-0.4945,0.3418,0.3554,-92.91,0.24,0.0,0.0,3.465,47.88,3665,0,77,2,108.2,0,20,15,0,2,0,0,1,10,False,,,0,0,0,0,0,0,nenhuma fronteira segura alcancavel
514.609,481.5,failed,-0.4945,0.3418,0.3554,-92.91,0.24,0.0,0.0,3.465,47.88,3665,0,77,2,108.2,0,20,15,0,2,0,0,1,10,False,,,0,0,0,0,0,0,nenhuma fronteira segura alcancavel
515.107,482.0,failed,-0.4945,0.3418,0.3554,-92.91,0.24,0.0,0.0,3.465,47.88,3665,0,77,2,108.2,0,20,15,0,2,0,0,1,10,False,,,0,0,0,0,0,0,nenhuma fronteira segura alcancavel
515.558,482.5,failed,-0.4945,0.3418,0.3554,-92.91,0.24,0.0,0.0,3.465,47.88,3665,0,77,2,108.2,0,20,15,0,2,0,0,1,10,False,,,0,0,0,0,0,0,nenhuma fronteira segura alcancavel
516.048,483.0,failed,-0.4945,0.3418,0.3554,-92.91,0.24,0.0,0.0,3.465,47.88,3665,0,77,2,108.2,0,20,15,0,2,0,0,1,10,False,,,0,0,0,0,0,0,nenhuma fronteira segura alcancavel
516.546,483.5,failed,-0.4945,0.3418,0.3554,-92.91,0.24,0.0,0.0,3.465,47.88,3665,0,77,2,108.2,0,20,15,0,2,0,0,1,10,False,,,0,0,0,0,0,0,nenhuma fronteira segura alcancavel
517.016,484.0,failed,-0.4945,0.3418,0.3554,-92.91,0.24,0.0,0.0,3.465,47.88,3665,0,77,2,108.2,0,20,15,0,2,0,0,1,10,False,,,0,0,0,0,0,0,nenhuma fronteira segura alcancavel
517.512,484.501,failed,-0.4945,0.3418,0.3554,-92.91,0.24,0.0,0.0,3.465,47.88,3665,0,77,2,108.2,0,20,15,0,2,0,0,1,10,False,,,0,0,0,0,0,0,nenhuma fronteira segura alcancavel
517.977,485.0,failed,-0.4945,0.3418,0.3554,-92.91,0.24,0.0,0.0,3.465,47.88,3665,0,77,2,108.2,0,20,15,0,2,0,0,1,10,False,,,0,0,0,0,0,0,nenhuma fronteira segura alcancavel
518.461,485.5,failed,-0.4945,0.3418,0.3554,-92.91,0.24,0.0,0.0,3.465,47.88,3665,0,77,2,108.2,0,20,15,0,2,0,0,1,10,False,,,0,0,0,0,0,0,nenhuma fronteira segura alcancavel
518.93,486.0,failed,-0.4945,0.3418,0.3554,-92.91,0.24,0.0,0.0,3.465,47.88,3665,0,77,2,108.2,0,20,15,0,2,0,0,1,10,False,,,0,0,0,0,0,0,nenhuma fronteira segura alcancavel
519.424,486.5,failed,-0.4945,0.3418,0.3554,-92.91,0.24,0.0,0.0,3.465,47.88,3665,0,77,2,108.2,0,20,15,0,2,0,0,1,10,False,,,0,0,0,0,0,0,nenhuma fronteira segura alcancavel
519.907,487.0,failed,-0.4945,0.3418,0.3554,-92.91,0.24,0.0,0.0,3.465,47.88,3665,0,77,2,108.2,0,20,15,0,2,0,0,1,10,False,,,0,0,0,0,0,0,nenhuma fronteira segura alcancavel
520.384,487.5,failed,-0.4945,0.3418,0.3554,-92.91,0.24,0.0,0.0,3.465,47.88,3665,0,77,2,108.2,0,20,15,0,2,0,0,1,10,False,,,0,0,0,0,0,0,nenhuma fronteira segura alcancavel
520.805,488.0,failed,-0.4945,0.3418,0.3554,-92.91,0.24,0.0,0.0,3.465,47.88,3665,0,77,2,108.2,0,20,15,0,2,0,0,1,10,False,,,0,0,0,0,0,0,nenhuma fronteira segura alcancavel
521.281,488.5,failed,-0.4945,0.3418,0.3554,-92.91,0.24,0.0,0.0,3.465,47.88,3665,0,77,2,108.2,0,20,15,0,2,0,0,1,10,False,,,0,0,0,0,0,0,nenhuma fronteira segura alcancavel
521.751,489.0,failed,-0.4945,0.3418,0.3554,-92.91,0.24,0.0,0.0,3.465,47.88,3665,0,77,2,108.2,0,20,15,0,2,0,0,1,10,False,,,0,0,0,0,0,0,nenhuma fronteira segura alcancavel
522.24,489.5,failed,-0.4945,0.3418,0.3554,-92.91,0.24,0.0,0.0,3.465,47.88,3665,0,77,2,108.2,0,20,15,0,2,0,0,1,10,False,,,0,0,0,0,0,0,nenhuma fronteira segura alcancavel
522.715,490.0,failed,-0.4945,0.3418,0.3554,-92.91,0.24,0.0,0.0,3.465,47.88,3665,0,77,2,108.2,0,20,15,0,2,0,0,1,10,False,,,0,0,0,0,0,0,nenhuma fronteira segura alcancavel
523.209,490.501,failed,-0.4945,0.3418,0.3554,-92.91,0.24,0.0,0.0,3.465,47.88,3665,0,77,2,108.2,0,20,15,0,2,0,0,1,10,False,,,0,0,0,0,0,0,nenhuma fronteira segura alcancavel
523.697,491.0,failed,-0.4945,0.3418,0.3554,-92.91,0.24,0.0,0.0,3.465,47.88,3665,0,77,2,108.2,0,20,15,0,2,0,0,1,10,False,,,0,0,0,0,0,0,nenhuma fronteira segura alcancavel
524.143,491.5,failed,-0.4945,0.3418,0.3554,-92.91,0.24,0.0,0.0,3.465,47.88,3665,0,77,2,108.2,0,20,15,0,2,0,0,1,10,False,,,0,0,0,0,0,0,nenhuma fronteira segura alcancavel
524.625,492.0,failed,-0.4945,0.3418,0.3554,-92.91,0.24,0.0,0.0,3.465,47.88,3665,0,77,2,108.2,0,20,15,0,2,0,0,1,10,False,,,0,0,0,0,0,0,nenhuma fronteira segura alcancavel
525.105,492.5,failed,-0.4945,0.3418,0.3554,-92.91,0.24,0.0,0.0,3.465,47.88,3665,0,77,2,108.2,0,20,15,0,2,0,0,1,10,False,,,0,0,0,0,0,0,nenhuma fronteira segura alcancavel
525.587,493.0,failed,-0.4945,0.3418,0.3554,-92.91,0.24,0.0,0.0,3.465,47.88,3665,0,77,2,108.2,0,20,15,0,2,0,0,1,10,False,,,0,0,0,0,0,0,nenhuma fronteira segura alcancavel
526.069,493.5,failed,-0.4945,0.3418,0.3554,-92.91,0.24,0.0,0.0,3.465,47.88,3665,0,77,2,108.2,0,20,15,0,2,0,0,1,10,False,,,0,0,0,0,0,0,nenhuma fronteira segura alcancavel
526.562,494.0,failed,-0.4945,0.3418,0.3554,-92.91,0.24,0.0,0.0,3.465,47.88,3665,0,77,2,108.2,0,20,15,0,2,0,0,1,10,False,,,0,0,0,0,0,0,nenhuma fronteira segura alcancavel
527.055,494.5,failed,-0.4945,0.3418,0.3554,-92.91,0.24,0.0,0.0,3.465,47.88,3665,0,77,2,108.2,0,20,15,0,2,0,0,1,10,False,,,0,0,0,0,0,0,nenhuma fronteira segura alcancavel
527.541,495.0,failed,-0.4945,0.3418,0.3554,-92.91,0.24,0.0,0.0,3.465,47.88,3665,0,77,2,108.2,0,20,15,0,2,0,0,1,10,False,,,0,0,0,0,0,0,nenhuma fronteira segura alcancavel
528.022,495.5,failed,-0.4945,0.3418,0.3554,-92.91,0.24,0.0,0.0,3.465,47.88,3665,0,77,2,108.2,0,20,15,0,2,0,0,1,10,False,,,0,0,0,0,0,0,nenhuma fronteira segura alcancavel
528.509,496.001,failed,-0.4945,0.3418,0.3554,-92.91,0.24,0.0,0.0,3.465,47.88,3665,0,77,2,108.2,0,20,15,0,2,0,0,1,10,False,,,0,0,0,0,0,0,nenhuma fronteira segura alcancavel
528.989,496.5,failed,-0.4945,0.3418,0.3554,-92.91,0.24,0.0,0.0,3.465,47.88,3665,0,77,2,108.2,0,20,15,0,2,0,0,1,10,False,,,0,0,0,0,0,0,nenhuma fronteira segura alcancavel
529.474,497.0,failed,-0.4945,0.3418,0.3554,-92.91,0.24,0.0,0.0,3.465,47.88,3665,0,77,2,108.2,0,20,15,0,2,0,0,1,10,False,,,0,0,0,0,0,0,nenhuma fronteira segura alcancavel
529.972,497.5,failed,-0.4945,0.3418,0.3554,-92.91,0.24,0.0,0.0,3.465,47.88,3665,0,77,2,108.2,0,20,15,0,2,0,0,1,10,False,,,0,0,0,0,0,0,nenhuma fronteira segura alcancavel
530.444,498.0,failed,-0.4945,0.3418,0.3554,-92.91,0.24,0.0,0.0,3.465,47.88,3665,0,77,2,108.2,0,20,15,0,2,0,0,1,10,False,,,0,0,0,0,0,0,nenhuma fronteira segura alcancavel
530.919,498.5,failed,-0.4945,0.3418,0.3554,-92.91,0.24,0.0,0.0,3.465,47.88,3665,0,77,2,108.2,0,20,15,0,2,0,0,1,10,False,,,0,0,0,0,0,0,nenhuma fronteira segura alcancavel
531.377,499.0,failed,-0.4945,0.3418,0.3554,-92.91,0.24,0.0,0.0,3.465,47.88,3665,0,77,2,108.2,0,20,15,0,2,0,0,1,10,False,,,0,0,0,0,0,0,nenhuma fronteira segura alcancavel
531.855,499.5,failed,-0.4945,0.3418,0.3554,-92.91,0.24,0.0,0.0,3.465,47.88,3665,0,77,2,108.2,0,20,15,0,2,0,0,1,10,False,,,0,0,0,0,0,0,nenhuma fronteira segura alcancavel
532.334,500.0,failed,-0.4945,0.3418,0.3554,-92.91,0.24,0.0,0.0,3.465,47.88,3665,0,77,2,108.2,0,20,15,0,2,0,0,1,10,False,,,0,0,0,0,0,0,nenhuma fronteira segura alcancavel
532.817,500.5,failed,-0.4945,0.3418,0.3554,-92.91,0.24,0.0,0.0,3.465,47.88,3665,0,77,2,108.2,0,20,15,0,2,0,0,1,10,False,,,0,0,0,0,0,0,nenhuma fronteira segura alcancavel
533.302,501.0,failed,-0.4945,0.3418,0.3554,-92.91,0.24,0.0,0.0,3.465,47.88,3665,0,77,2,108.2,0,20,15,0,2,0,0,1,10,False,,,0,0,0,0,0,0,nenhuma fronteira segura alcancavel
533.764,501.5,failed,-0.4945,0.3418,0.3554,-92.91,0.24,0.0,0.0,3.465,47.88,3665,0,77,2,108.2,0,20,15,0,2,0,0,1,10,False,,,0,0,0,0,0,0,nenhuma fronteira segura alcancavel
534.261,502.0,failed,-0.4945,0.3418,0.3554,-92.91,0.24,0.0,0.0,3.465,47.88,3665,0,77,2,108.2,0,20,15,0,2,0,0,1,10,False,,,0,0,0,0,0,0,nenhuma fronteira segura alcancavel
534.754,502.5,failed,-0.4945,0.3418,0.3554,-92.91,0.24,0.0,0.0,3.465,47.88,3665,0,77,2,108.2,0,20,15,0,2,0,0,1,10,False,,,0,0,0,0,0,0,nenhuma fronteira segura alcancavel
535.226,503.0,failed,-0.4945,0.3418,0.3554,-92.91,0.24,0.0,0.0,3.465,47.88,3665,0,77,2,108.2,0,20,15,0,2,0,0,1,10,False,,,0,0,0,0,0,0,nenhuma fronteira segura alcancavel
535.708,503.5,failed,-0.4945,0.3418,0.3554,-92.91,0.24,0.0,0.0,3.465,47.88,3665,0,77,2,108.2,0,20,15,0,2,0,0,1,10,False,,,0,0,0,0,0,0,nenhuma fronteira segura alcancavel
536.21,504.0,failed,-0.4945,0.3418,0.3554,-92.91,0.24,0.0,0.0,3.465,47.88,3665,0,77,2,108.2,0,20,15,0,2,0,0,1,10,False,,,0,0,0,0,0,0,nenhuma fronteira segura alcancavel
536.69,504.5,failed,-0.4945,0.3418,0.3554,-92.91,0.24,0.0,0.0,3.465,47.88,3665,0,77,2,108.2,0,20,15,0,2,0,0,1,10,False,,,0,0,0,0,0,0,nenhuma fronteira segura alcancavel
537.178,505.0,failed,-0.4945,0.3418,0.3554,-92.91,0.24,0.0,0.0,3.465,47.88,3665,0,77,2,108.2,0,20,15,0,2,0,0,1,10,False,,,0,0,0,0,0,0,nenhuma fronteira segura alcancavel
537.64,505.502,failed,-0.4945,0.3418,0.3554,-92.91,0.24,0.0,0.0,3.465,47.88,3665,0,77,2,108.2,0,20,15,0,2,0,0,1,10,False,,,0,0,0,0,0,0,nenhuma fronteira segura alcancavel
538.129,506.0,failed,-0.4945,0.3418,0.3554,-92.91,0.24,0.0,0.0,3.465,47.88,3665,0,77,2,108.2,0,20,15,0,2,0,0,1,10,False,,,0,0,0,0,0,0,nenhuma fronteira segura alcancavel
538.607,506.5,failed,-0.4945,0.3418,0.3554,-92.91,0.24,0.0,0.0,3.465,47.88,3665,0,77,2,108.2,0,20,15,0,2,0,0,1,10,False,,,0,0,0,0,0,0,nenhuma fronteira segura alcancavel
539.103,507.0,failed,-0.4945,0.3418,0.3554,-92.91,0.24,0.0,0.0,3.465,47.88,3665,0,77,2,108.2,0,20,15,0,2,0,0,1,10,False,,,0,0,0,0,0,0,nenhuma fronteira segura alcancavel
539.596,507.5,failed,-0.4945,0.3418,0.3554,-92.91,0.24,0.0,0.0,3.465,47.88,3665,0,77,2,108.2,0,20,15,0,2,0,0,1,10,False,,,0,0,0,0,0,0,nenhuma fronteira segura alcancavel
540.085,508.0,failed,-0.4945,0.3418,0.3554,-92.91,0.24,0.0,0.0,3.465,47.88,3665,0,77,2,108.2,0,20,15,0,2,0,0,1,10,False,,,0,0,0,0,0,0,nenhuma fronteira segura alcancavel
540.564,508.5,failed,-0.4945,0.3418,0.3554,-92.91,0.24,0.0,0.0,3.465,47.88,3665,0,77,2,108.2,0,20,15,0,2,0,0,1,10,False,,,0,0,0,0,0,0,nenhuma fronteira segura alcancavel
541.012,509.0,failed,-0.4945,0.3418,0.3554,-92.91,0.24,0.0,0.0,3.465,47.88,3665,0,77,2,108.2,0,20,15,0,2,0,0,1,10,False,,,0,0,0,0,0,0,nenhuma fronteira segura alcancavel
541.491,509.501,failed,-0.4945,0.3418,0.3554,-92.91,0.24,0.0,0.0,3.465,47.88,3665,0,77,2,108.2,0,20,15,0,2,0,0,1,10,False,,,0,0,0,0,0,0,nenhuma fronteira segura alcancavel
541.982,510.0,failed,-0.4945,0.3418,0.3554,-92.91,0.24,0.0,0.0,3.465,47.88,3665,0,77,2,108.2,0,20,15,0,2,0,0,1,10,False,,,0,0,0,0,0,0,nenhuma fronteira segura alcancavel
542.465,510.5,failed,-0.4945,0.3418,0.3554,-92.91,0.24,0.0,0.0,3.465,47.88,3665,0,77,2,108.2,0,20,15,0,2,0,0,1,10,False,,,0,0,0,0,0,0,nenhuma fronteira segura alcancavel
542.93,511.0,failed,-0.4945,0.3418,0.3554,-92.91,0.24,0.0,0.0,3.465,47.88,3665,0,77,2,108.2,0,20,15,0,2,0,0,1,10,False,,,0,0,0,0,0,0,nenhuma fronteira segura alcancavel
543.374,511.5,failed,-0.4945,0.3418,0.3554,-92.91,0.24,0.0,0.0,3.465,47.88,3665,0,77,2,108.2,0,20,15,0,2,0,0,1,10,False,,,0,0,0,0,0,0,nenhuma fronteira segura alcancavel
543.865,512.0,failed,-0.4945,0.3418,0.3554,-92.91,0.24,0.0,0.0,3.465,47.88,3665,0,77,2,108.2,0,20,15,0,2,0,0,1,10,False,,,0,0,0,0,0,0,nenhuma fronteira segura alcancavel
544.356,512.5,failed,-0.4945,0.3418,0.3554,-92.91,0.24,0.0,0.0,3.465,47.88,3665,0,77,2,108.2,0,20,15,0,2,0,0,1,10,False,,,0,0,0,0,0,0,nenhuma fronteira segura alcancavel
544.833,513.0,failed,-0.4945,0.3418,0.3554,-92.91,0.24,0.0,0.0,3.465,47.88,3665,0,77,2,108.2,0,20,15,0,2,0,0,1,10,False,,,0,0,0,0,0,0,nenhuma fronteira segura alcancavel
545.334,513.5,failed,-0.4945,0.3418,0.3554,-92.91,0.24,0.0,0.0,3.465,47.88,3665,0,77,2,108.2,0,20,15,0,2,0,0,1,10,False,,,0,0,0,0,0,0,nenhuma fronteira segura alcancavel
545.814,514.0,failed,-0.4945,0.3418,0.3554,-92.91,0.24,0.0,0.0,3.465,47.88,3665,0,77,2,108.2,0,20,15,0,2,0,0,1,10,False,,,0,0,0,0,0,0,nenhuma fronteira segura alcancavel
546.305,514.5,failed,-0.4945,0.3418,0.3554,-92.91,0.24,0.0,0.0,3.465,47.88,3665,0,77,2,108.2,0,20,15,0,2,0,0,1,10,False,,,0,0,0,0,0,0,nenhuma fronteira segura alcancavel
546.801,515.0,failed,-0.4945,0.3418,0.3554,-92.91,0.24,0.0,0.0,3.465,47.88,3665,0,77,2,108.2,0,20,15,0,2,0,0,1,10,False,,,0,0,0,0,0,0,nenhuma fronteira segura alcancavel
547.288,515.5,failed,-0.4945,0.3418,0.3554,-92.91,0.24,0.0,0.0,3.465,47.88,3665,0,77,2,108.2,0,20,15,0,2,0,0,1,10,False,,,0,0,0,0,0,0,nenhuma fronteira segura alcancavel
547.771,516.0,failed,-0.4945,0.3418,0.3554,-92.91,0.24,0.0,0.0,3.465,47.88,3665,0,77,2,108.2,0,20,15,0,2,0,0,1,10,False,,,0,0,0,0,0,0,nenhuma fronteira segura alcancavel
548.248,516.5,failed,-0.4945,0.3418,0.3554,-92.91,0.24,0.0,0.0,3.465,47.88,3665,0,77,2,108.2,0,20,15,0,2,0,0,1,10,False,,,0,0,0,0,0,0,nenhuma fronteira segura alcancavel
548.741,517.0,failed,-0.4945,0.3418,0.3554,-92.91,0.24,0.0,0.0,3.465,47.88,3665,0,77,2,108.2,0,20,15,0,2,0,0,1,10,False,,,0,0,0,0,0,0,nenhuma fronteira segura alcancavel
549.238,517.501,failed,-0.4945,0.3418,0.3554,-92.91,0.24,0.0,0.0,3.465,47.88,3665,0,77,2,108.2,0,20,15,0,2,0,0,1,10,False,,,0,0,0,0,0,0,nenhuma fronteira segura alcancavel
549.705,518.0,failed,-0.4945,0.3418,0.3554,-92.91,0.24,0.0,0.0,3.465,47.88,3665,0,77,2,108.2,0,20,15,0,2,0,0,1,10,False,,,0,0,0,0,0,0,nenhuma fronteira segura alcancavel
550.187,518.5,failed,-0.4945,0.3418,0.3554,-92.91,0.24,0.0,0.0,3.465,47.88,3665,0,77,2,108.2,0,20,15,0,2,0,0,1,10,False,,,0,0,0,0,0,0,nenhuma fronteira segura alcancavel
550.672,519.0,failed,-0.4945,0.3418,0.3554,-92.91,0.24,0.0,0.0,3.465,47.88,3665,0,77,2,108.2,0,20,15,0,2,0,0,1,10,False,,,0,0,0,0,0,0,nenhuma fronteira segura alcancavel
551.161,519.5,failed,-0.4945,0.3418,0.3554,-92.91,0.24,0.0,0.0,3.465,47.88,3665,0,77,2,108.2,0,20,15,0,2,0,0,1,10,False,,,0,0,0,0,0,0,nenhuma fronteira segura alcancavel
551.634,520.0,failed,-0.4945,0.3418,0.3554,-92.91,0.24,0.0,0.0,3.465,47.88,3665,0,77,2,108.2,0,20,15,0,2,0,0,1,10,False,,,0,0,0,0,0,0,nenhuma fronteira segura alcancavel
552.124,520.5,failed,-0.4945,0.3418,0.3554,-92.91,0.24,0.0,0.0,3.465,47.88,3665,0,77,2,108.2,0,20,15,0,2,0,0,1,10,False,,,0,0,0,0,0,0,nenhuma fronteira segura alcancavel
552.622,521.0,failed,-0.4945,0.3418,0.3554,-92.91,0.24,0.0,0.0,3.465,47.88,3665,0,77,2,108.2,0,20,15,0,2,0,0,1,10,False,,,0,0,0,0,0,0,nenhuma fronteira segura alcancavel
553.107,521.5,failed,-0.4945,0.3418,0.3554,-92.91,0.24,0.0,0.0,3.465,47.88,3665,0,77,2,108.2,0,20,15,0,2,0,0,1,10,False,,,0,0,0,0,0,0,nenhuma fronteira segura alcancavel
553.593,522.0,failed,-0.4945,0.3418,0.3554,-92.91,0.24,0.0,0.0,3.465,47.88,3665,0,77,2,108.2,0,20,15,0,2,0,0,1,10,False,,,0,0,0,0,0,0,nenhuma fronteira segura alcancavel
554.087,522.5,failed,-0.4945,0.3418,0.3554,-92.91,0.24,0.0,0.0,3.465,47.88,3665,0,77,2,108.2,0,20,15,0,2,0,0,1,10,False,,,0,0,0,0,0,0,nenhuma fronteira segura alcancavel
554.584,523.0,failed,-0.4945,0.3418,0.3554,-92.91,0.24,0.0,0.0,3.465,47.88,3665,0,77,2,108.2,0,20,15,0,2,0,0,1,10,False,,,0,0,0,0,0,0,nenhuma fronteira segura alcancavel
555.083,523.5,failed,-0.4945,0.3418,0.3554,-92.91,0.24,0.0,0.0,3.465,47.88,3665,0,77,2,108.2,0,20,15,0,2,0,0,1,10,False,,,0,0,0,0,0,0,nenhuma fronteira segura alcancavel
555.58,524.0,failed,-0.4945,0.3418,0.3554,-92.91,0.24,0.0,0.0,3.465,47.88,3665,0,77,2,108.2,0,20,15,0,2,0,0,1,10,False,,,0,0,0,0,0,0,nenhuma fronteira segura alcancavel
556.059,524.5,failed,-0.4945,0.3418,0.3554,-92.91,0.24,0.0,0.0,3.465,47.88,3665,0,77,2,108.2,0,20,15,0,2,0,0,1,10,False,,,0,0,0,0,0,0,nenhuma fronteira segura alcancavel
556.537,525.0,failed,-0.4945,0.3418,0.3554,-92.91,0.24,0.0,0.0,3.465,47.88,3665,0,77,2,108.2,0,20,15,0,2,0,0,1,10,False,,,0,0,0,0,0,0,nenhuma fronteira segura alcancavel
557.002,525.5,failed,-0.4945,0.3418,0.3554,-92.91,0.24,0.0,0.0,3.465,47.88,3665,0,77,2,108.2,0,20,15,0,2,0,0,1,10,False,,,0,0,0,0,0,0,nenhuma fronteira segura alcancavel
557.498,526.0,failed,-0.4945,0.3418,0.3554,-92.91,0.24,0.0,0.0,3.465,47.88,3665,0,77,2,108.2,0,20,15,0,2,0,0,1,10,False,,,0,0,0,0,0,0,nenhuma fronteira segura alcancavel
557.978,526.5,failed,-0.4945,0.3418,0.3554,-92.91,0.24,0.0,0.0,3.465,47.88,3665,0,77,2,108.2,0,20,15,0,2,0,0,1,10,False,,,0,0,0,0,0,0,nenhuma fronteira segura alcancavel
558.468,527.0,failed,-0.4945,0.3418,0.3554,-92.91,0.24,0.0,0.0,3.465,47.88,3665,0,77,2,108.2,0,20,15,0,2,0,0,1,10,False,,,0,0,0,0,0,0,nenhuma fronteira segura alcancavel
558.955,527.5,failed,-0.4945,0.3418,0.3554,-92.91,0.24,0.0,0.0,3.465,47.88,3665,0,77,2,108.2,0,20,15,0,2,0,0,1,10,False,,,0,0,0,0,0,0,nenhuma fronteira segura alcancavel
559.445,528.0,failed,-0.4945,0.3418,0.3554,-92.91,0.24,0.0,0.0,3.465,47.88,3665,0,77,2,108.2,0,20,15,0,2,0,0,1,10,False,,,0,0,0,0,0,0,nenhuma fronteira segura alcancavel
559.931,528.5,failed,-0.4945,0.3418,0.3554,-92.91,0.24,0.0,0.0,3.465,47.88,3665,0,77,2,108.2,0,20,15,0,2,0,0,1,10,False,,,0,0,0,0,0,0,nenhuma fronteira segura alcancavel
560.409,529.0,failed,-0.4945,0.3418,0.3554,-92.91,0.24,0.0,0.0,3.465,47.88,3665,0,77,2,108.2,0,20,15,0,2,0,0,1,10,False,,,0,0,0,0,0,0,nenhuma fronteira segura alcancavel
560.89,529.5,failed,-0.4945,0.3418,0.3554,-92.91,0.24,0.0,0.0,3.465,47.88,3665,0,77,2,108.2,0,20,15,0,2,0,0,1,10,False,,,0,0,0,0,0,0,nenhuma fronteira segura alcancavel
561.374,530.0,failed,-0.4945,0.3418,0.3554,-92.91,0.24,0.0,0.0,3.465,47.88,3665,0,77,2,108.2,0,20,15,0,2,0,0,1,10,False,,,0,0,0,0,0,0,nenhuma fronteira segura alcancavel
561.859,530.5,failed,-0.4945,0.3418,0.3554,-92.91,0.24,0.0,0.0,3.465,47.88,3665,0,77,2,108.2,0,20,15,0,2,0,0,1,10,False,,,0,0,0,0,0,0,nenhuma fronteira segura alcancavel
562.337,531.0,failed,-0.4945,0.3418,0.3554,-92.91,0.24,0.0,0.0,3.465,47.88,3665,0,77,2,108.2,0,20,15,0,2,0,0,1,10,False,,,0,0,0,0,0,0,nenhuma fronteira segura alcancavel
562.82,531.5,failed,-0.4945,0.3418,0.3554,-92.91,0.24,0.0,0.0,3.465,47.88,3665,0,77,2,108.2,0,20,15,0,2,0,0,1,10,False,,,0,0,0,0,0,0,nenhuma fronteira segura alcancavel
563.296,532.0,failed,-0.4945,0.3418,0.3554,-92.91,0.24,0.0,0.0,3.465,47.88,3665,0,77,2,108.2,0,20,15,0,2,0,0,1,10,False,,,0,0,0,0,0,0,nenhuma fronteira segura alcancavel
563.772,532.5,failed,-0.4945,0.3418,0.3554,-92.91,0.24,0.0,0.0,3.465,47.88,3665,0,77,2,108.2,0,20,15,0,2,0,0,1,10,False,,,0,0,0,0,0,0,nenhuma fronteira segura alcancavel
564.253,533.0,failed,-0.4945,0.3418,0.3554,-92.91,0.24,0.0,0.0,3.465,47.88,3665,0,77,2,108.2,0,20,15,0,2,0,0,1,10,False,,,0,0,0,0,0,0,nenhuma fronteira segura alcancavel
564.741,533.5,failed,-0.4945,0.3418,0.3554,-92.91,0.24,0.0,0.0,3.465,47.88,3665,0,77,2,108.2,0,20,15,0,2,0,0,1,10,False,,,0,0,0,0,0,0,nenhuma fronteira segura alcancavel
565.232,534.0,failed,-0.4945,0.3418,0.3554,-92.91,0.24,0.0,0.0,3.465,47.88,3665,0,77,2,108.2,0,20,15,0,2,0,0,1,10,False,,,0,0,0,0,0,0,nenhuma fronteira segura alcancavel
565.715,534.501,failed,-0.4945,0.3418,0.3554,-92.91,0.24,0.0,0.0,3.465,47.88,3665,0,77,2,108.2,0,20,15,0,2,0,0,1,10,False,,,0,0,0,0,0,0,nenhuma fronteira segura alcancavel
566.201,535.001,failed,-0.4945,0.3418,0.3554,-92.91,0.24,0.0,0.0,3.465,47.88,3665,0,77,2,108.2,0,20,15,0,2,0,0,1,10,False,,,0,0,0,0,0,0,nenhuma fronteira segura alcancavel
566.696,535.5,failed,-0.4945,0.3418,0.3554,-92.91,0.24,0.0,0.0,3.465,47.88,3665,0,77,2,108.2,0,20,15,0,2,0,0,1,10,False,,,0,0,0,0,0,0,nenhuma fronteira segura alcancavel
567.164,536.001,failed,-0.4945,0.3418,0.3554,-92.91,0.24,0.0,0.0,3.465,47.88,3665,0,77,2,108.2,0,20,15,0,2,0,0,1,10,False,,,0,0,0,0,0,0,nenhuma fronteira segura alcancavel
567.649,536.5,failed,-0.4945,0.3418,0.3554,-92.91,0.24,0.0,0.0,3.465,47.88,3665,0,77,2,108.2,0,20,15,0,2,0,0,1,10,False,,,0,0,0,0,0,0,nenhuma fronteira segura alcancavel
568.124,537.0,failed,-0.4945,0.3418,0.3554,-92.91,0.24,0.0,0.0,3.465,47.88,3665,0,77,2,108.2,0,20,15,0,2,0,0,1,10,False,,,0,0,0,0,0,0,nenhuma fronteira segura alcancavel
568.584,537.501,failed,-0.4945,0.3418,0.3554,-92.91,0.24,0.0,0.0,3.465,47.88,3665,0,77,2,108.2,0,20,15,0,2,0,0,1,10,False,,,0,0,0,0,0,0,nenhuma fronteira segura alcancavel
569.073,538.0,failed,-0.4945,0.3418,0.3554,-92.91,0.24,0.0,0.0,3.465,47.88,3665,0,77,2,108.2,0,20,15,0,2,0,0,1,10,False,,,0,0,0,0,0,0,nenhuma fronteira segura alcancavel
569.518,538.5,failed,-0.4945,0.3418,0.3554,-92.91,0.24,0.0,0.0,3.465,47.88,3665,0,77,2,108.2,0,20,15,0,2,0,0,1,10,False,,,0,0,0,0,0,0,nenhuma fronteira segura alcancavel
570.008,539.0,failed,-0.4945,0.3418,0.3554,-92.91,0.24,0.0,0.0,3.465,47.88,3665,0,77,2,108.2,0,20,15,0,2,0,0,1,10,False,,,0,0,0,0,0,0,nenhuma fronteira segura alcancavel
570.458,539.5,failed,-0.4945,0.3418,0.3554,-92.91,0.24,0.0,0.0,3.465,47.88,3665,0,77,2,108.2,0,20,15,0,2,0,0,1,10,False,,,0,0,0,0,0,0,nenhuma fronteira segura alcancavel
570.952,540.0,failed,-0.4945,0.3418,0.3554,-92.91,0.24,0.0,0.0,3.465,47.88,3665,0,77,2,108.2,0,20,15,0,2,0,0,1,10,False,,,0,0,0,0,0,0,nenhuma fronteira segura alcancavel
571.442,540.5,failed,-0.4945,0.3418,0.3554,-92.91,0.24,0.0,0.0,3.465,47.88,3665,0,77,2,108.2,0,20,15,0,2,0,0,1,10,False,,,0,0,0,0,0,0,nenhuma fronteira segura alcancavel
571.924,541.0,failed,-0.4945,0.3418,0.3554,-92.91,0.24,0.0,0.0,3.465,47.88,3665,0,77,2,108.2,0,20,15,0,2,0,0,1,10,False,,,0,0,0,0,0,0,nenhuma fronteira segura alcancavel
572.406,541.502,failed,-0.4945,0.3418,0.3554,-92.91,0.24,0.0,0.0,3.465,47.88,3665,0,77,2,108.2,0,20,15,0,2,0,0,1,10,False,,,0,0,0,0,0,0,nenhuma fronteira segura alcancavel
572.906,542.0,failed,-0.4945,0.3418,0.3554,-92.91,0.24,0.0,0.0,3.465,47.88,3665,0,77,2,108.2,0,20,15,0,2,0,0,1,10,False,,,0,0,0,0,0,0,nenhuma fronteira segura alcancavel
573.379,542.5,failed,-0.4945,0.3418,0.3554,-92.91,0.24,0.0,0.0,3.465,47.88,3665,0,77,2,108.2,0,20,15,0,2,0,0,1,10,False,,,0,0,0,0,0,0,nenhuma fronteira segura alcancavel
573.857,543.0,failed,-0.4945,0.3418,0.3554,-92.91,0.24,0.0,0.0,3.465,47.88,3665,0,77,2,108.2,0,20,15,0,2,0,0,1,10,False,,,0,0,0,0,0,0,nenhuma fronteira segura alcancavel
574.339,543.5,failed,-0.4945,0.3418,0.3554,-92.91,0.24,0.0,0.0,3.465,47.88,3665,0,77,2,108.2,0,20,15,0,2,0,0,1,10,False,,,0,0,0,0,0,0,nenhuma fronteira segura alcancavel
574.778,544.0,failed,-0.4945,0.3418,0.3554,-92.91,0.24,0.0,0.0,3.465,47.88,3665,0,77,2,108.2,0,20,15,0,2,0,0,1,10,False,,,0,0,0,0,0,0,nenhuma fronteira segura alcancavel
575.246,544.5,failed,-0.4945,0.3418,0.3554,-92.91,0.24,0.0,0.0,3.465,47.88,3665,0,77,2,108.2,0,20,15,0,2,0,0,1,10,False,,,0,0,0,0,0,0,nenhuma fronteira segura alcancavel
575.728,545.0,failed,-0.4945,0.3418,0.3554,-92.91,0.24,0.0,0.0,3.465,47.88,3665,0,77,2,108.2,0,20,15,0,2,0,0,1,10,False,,,0,0,0,0,0,0,nenhuma fronteira segura alcancavel
576.206,545.5,failed,-0.4945,0.3418,0.3554,-92.91,0.24,0.0,0.0,3.465,47.88,3665,0,77,2,108.2,0,20,15,0,2,0,0,1,10,False,,,0,0,0,0,0,0,nenhuma fronteira segura alcancavel
576.707,546.0,failed,-0.4945,0.3418,0.3554,-92.91,0.24,0.0,0.0,3.465,47.88,3665,0,77,2,108.2,0,20,15,0,2,0,0,1,10,False,,,0,0,0,0,0,0,nenhuma fronteira segura alcancavel
577.185,546.5,failed,-0.4945,0.3418,0.3554,-92.91,0.24,0.0,0.0,3.465,47.88,3665,0,77,2,108.2,0,20,15,0,2,0,0,1,10,False,,,0,0,0,0,0,0,nenhuma fronteira segura alcancavel
577.662,547.0,failed,-0.4945,0.3418,0.3554,-92.91,0.24,0.0,0.0,3.465,47.88,3665,0,77,2,108.2,0,20,15,0,2,0,0,1,10,False,,,0,0,0,0,0,0,nenhuma fronteira segura alcancavel
578.14,547.5,failed,-0.4945,0.3418,0.3554,-92.91,0.24,0.0,0.0,3.465,47.88,3665,0,77,2,108.2,0,20,15,0,2,0,0,1,10,False,,,0,0,0,0,0,0,nenhuma fronteira segura alcancavel
578.63,548.001,failed,-0.4945,0.3418,0.3554,-92.91,0.24,0.0,0.0,3.465,47.88,3665,0,77,2,108.2,0,20,15,0,2,0,0,1,10,False,,,0,0,0,0,0,0,nenhuma fronteira segura alcancavel
579.104,548.5,failed,-0.4945,0.3418,0.3554,-92.91,0.24,0.0,0.0,3.465,47.88,3665,0,77,2,108.2,0,20,15,0,2,0,0,1,10,False,,,0,0,0,0,0,0,nenhuma fronteira segura alcancavel
579.596,549.0,failed,-0.4945,0.3418,0.3554,-92.91,0.24,0.0,0.0,3.465,47.88,3665,0,77,2,108.2,0,20,15,0,2,0,0,1,10,False,,,0,0,0,0,0,0,nenhuma fronteira segura alcancavel
580.095,549.5,failed,-0.4945,0.3418,0.3554,-92.91,0.24,0.0,0.0,3.465,47.88,3665,0,77,2,108.2,0,20,15,0,2,0,0,1,10,False,,,0,0,0,0,0,0,nenhuma fronteira segura alcancavel
580.539,550.0,failed,-0.4945,0.3418,0.3554,-92.91,0.24,0.0,0.0,3.465,47.88,3665,0,77,2,108.2,0,20,15,0,2,0,0,1,10,False,,,0,0,0,0,0,0,nenhuma fronteira segura alcancavel
581.016,550.5,failed,-0.4945,0.3418,0.3554,-92.91,0.24,0.0,0.0,3.465,47.88,3665,0,77,2,108.2,0,20,15,0,2,0,0,1,10,False,,,0,0,0,0,0,0,nenhuma fronteira segura alcancavel
581.506,551.0,failed,-0.4945,0.3418,0.3554,-92.91,0.24,0.0,0.0,3.465,47.88,3665,0,77,2,108.2,0,20,15,0,2,0,0,1,10,False,,,0,0,0,0,0,0,nenhuma fronteira segura alcancavel
581.999,551.5,failed,-0.4945,0.3418,0.3554,-92.91,0.24,0.0,0.0,3.465,47.88,3665,0,77,2,108.2,0,20,15,0,2,0,0,1,10,False,,,0,0,0,0,0,0,nenhuma fronteira segura alcancavel
582.485,552.0,failed,-0.4945,0.3418,0.3554,-92.91,0.24,0.0,0.0,3.465,47.88,3665,0,77,2,108.2,0,20,15,0,2,0,0,1,10,False,,,0,0,0,0,0,0,nenhuma fronteira segura alcancavel
582.941,552.5,failed,-0.4945,0.3418,0.3554,-92.91,0.24,0.0,0.0,3.465,47.88,3665,0,77,2,108.2,0,20,15,0,2,0,0,1,10,False,,,0,0,0,0,0,0,nenhuma fronteira segura alcancavel
583.413,553.001,failed,-0.4945,0.3418,0.3554,-92.91,0.24,0.0,0.0,3.465,47.88,3665,0,77,2,108.2,0,20,15,0,2,0,0,1,10,False,,,0,0,0,0,0,0,nenhuma fronteira segura alcancavel
583.869,553.5,failed,-0.4945,0.3418,0.3554,-92.91,0.24,0.0,0.0,3.465,47.88,3665,0,77,2,108.2,0,20,15,0,2,0,0,1,10,False,,,0,0,0,0,0,0,nenhuma fronteira segura alcancavel
584.355,554.0,failed,-0.4945,0.3418,0.3554,-92.91,0.24,0.0,0.0,3.465,47.88,3665,0,77,2,108.2,0,20,15,0,2,0,0,1,10,False,,,0,0,0,0,0,0,nenhuma fronteira segura alcancavel
584.842,554.5,failed,-0.4945,0.3418,0.3554,-92.91,0.24,0.0,0.0,3.465,47.88,3665,0,77,2,108.2,0,20,15,0,2,0,0,1,10,False,,,0,0,0,0,0,0,nenhuma fronteira segura alcancavel
585.308,555.0,failed,-0.4945,0.3418,0.3554,-92.91,0.24,0.0,0.0,3.465,47.88,3665,0,77,2,108.2,0,20,15,0,2,0,0,1,10,False,,,0,0,0,0,0,0,nenhuma fronteira segura alcancavel
585.795,555.5,failed,-0.4945,0.3418,0.3554,-92.91,0.24,0.0,0.0,3.465,47.88,3665,0,77,2,108.2,0,20,15,0,2,0,0,1,10,False,,,0,0,0,0,0,0,nenhuma fronteira segura alcancavel
586.288,556.0,failed,-0.4945,0.3418,0.3554,-92.91,0.24,0.0,0.0,3.465,47.88,3665,0,77,2,108.2,0,20,15,0,2,0,0,1,10,False,,,0,0,0,0,0,0,nenhuma fronteira segura alcancavel
586.761,556.501,failed,-0.4945,0.3418,0.3554,-92.91,0.24,0.0,0.0,3.465,47.88,3665,0,77,2,108.2,0,20,15,0,2,0,0,1,10,False,,,0,0,0,0,0,0,nenhuma fronteira segura alcancavel
587.232,557.0,failed,-0.4945,0.3418,0.3554,-92.91,0.24,0.0,0.0,3.465,47.88,3665,0,77,2,108.2,0,20,15,0,2,0,0,1,10,False,,,0,0,0,0,0,0,nenhuma fronteira segura alcancavel
587.703,557.5,failed,-0.4945,0.3418,0.3554,-92.91,0.24,0.0,0.0,3.465,47.88,3665,0,77,2,108.2,0,20,15,0,2,0,0,1,10,False,,,0,0,0,0,0,0,nenhuma fronteira segura alcancavel
588.192,558.0,failed,-0.4945,0.3418,0.3554,-92.91,0.24,0.0,0.0,3.465,47.88,3665,0,77,2,108.2,0,20,15,0,2,0,0,1,10,False,,,0,0,0,0,0,0,nenhuma fronteira segura alcancavel
588.685,558.5,failed,-0.4945,0.3418,0.3554,-92.91,0.24,0.0,0.0,3.465,47.88,3665,0,77,2,108.2,0,20,15,0,2,0,0,1,10,False,,,0,0,0,0,0,0,nenhuma fronteira segura alcancavel
589.173,559.0,failed,-0.4945,0.3418,0.3554,-92.91,0.24,0.0,0.0,3.465,47.88,3665,0,77,2,108.2,0,20,15,0,2,0,0,1,10,False,,,0,0,0,0,0,0,nenhuma fronteira segura alcancavel
589.664,559.5,failed,-0.4945,0.3418,0.3554,-92.91,0.24,0.0,0.0,3.465,47.88,3665,0,77,2,108.2,0,20,15,0,2,0,0,1,10,False,,,0,0,0,0,0,0,nenhuma fronteira segura alcancavel
590.122,560.0,failed,-0.4945,0.3418,0.3554,-92.91,0.24,0.0,0.0,3.465,47.88,3665,0,77,2,108.2,0,20,15,0,2,0,0,1,10,False,,,0,0,0,0,0,0,nenhuma fronteira segura alcancavel
590.61,560.5,failed,-0.4945,0.3418,0.3554,-92.91,0.24,0.0,0.0,3.465,47.88,3665,0,77,2,108.2,0,20,15,0,2,0,0,1,10,False,,,0,0,0,0,0,0,nenhuma fronteira segura alcancavel
591.102,561.0,failed,-0.4945,0.3418,0.3554,-92.91,0.24,0.0,0.0,3.465,47.88,3665,0,77,2,108.2,0,20,15,0,2,0,0,1,10,False,,,0,0,0,0,0,0,nenhuma fronteira segura alcancavel
591.584,561.5,failed,-0.4945,0.3418,0.3554,-92.91,0.24,0.0,0.0,3.465,47.88,3665,0,77,2,108.2,0,20,15,0,2,0,0,1,10,False,,,0,0,0,0,0,0,nenhuma fronteira segura alcancavel
592.009,562.0,failed,-0.4945,0.3418,0.3554,-92.91,0.24,0.0,0.0,3.465,47.88,3665,0,77,2,108.2,0,20,15,0,2,0,0,1,10,False,,,0,0,0,0,0,0,nenhuma fronteira segura alcancavel
592.504,562.5,failed,-0.4945,0.3418,0.3554,-92.91,0.24,0.0,0.0,3.465,47.88,3665,0,77,2,108.2,0,20,15,0,2,0,0,1,10,False,,,0,0,0,0,0,0,nenhuma fronteira segura alcancavel
592.983,563.0,failed,-0.4945,0.3418,0.3554,-92.91,0.24,0.0,0.0,3.465,47.88,3665,0,77,2,108.2,0,20,15,0,2,0,0,1,10,False,,,0,0,0,0,0,0,nenhuma fronteira segura alcancavel
593.458,563.5,failed,-0.4945,0.3418,0.3554,-92.91,0.24,0.0,0.0,3.465,47.88,3665,0,77,2,108.2,0,20,15,0,2,0,0,1,10,False,,,0,0,0,0,0,0,nenhuma fronteira segura alcancavel
593.935,564.0,failed,-0.4945,0.3418,0.3554,-92.91,0.24,0.0,0.0,3.465,47.88,3665,0,77,2,108.2,0,20,15,0,2,0,0,1,10,False,,,0,0,0,0,0,0,nenhuma fronteira segura alcancavel
594.411,564.5,failed,-0.4945,0.3418,0.3554,-92.91,0.24,0.0,0.0,3.465,47.88,3665,0,77,2,108.2,0,20,15,0,2,0,0,1,10,False,,,0,0,0,0,0,0,nenhuma fronteira segura alcancavel
594.905,565.0,failed,-0.4945,0.3418,0.3554,-92.91,0.24,0.0,0.0,3.465,47.88,3665,0,77,2,108.2,0,20,15,0,2,0,0,1,10,False,,,0,0,0,0,0,0,nenhuma fronteira segura alcancavel
595.394,565.5,failed,-0.4945,0.3418,0.3554,-92.91,0.24,0.0,0.0,3.465,47.88,3665,0,77,2,108.2,0,20,15,0,2,0,0,1,10,False,,,0,0,0,0,0,0,nenhuma fronteira segura alcancavel
595.871,566.001,failed,-0.4945,0.3418,0.3554,-92.91,0.24,0.0,0.0,3.465,47.88,3665,0,77,2,108.2,0,20,15,0,2,0,0,1,10,False,,,0,0,0,0,0,0,nenhuma fronteira segura alcancavel
596.355,566.5,failed,-0.4945,0.3418,0.3554,-92.91,0.24,0.0,0.0,3.465,47.88,3665,0,77,2,108.2,0,20,15,0,2,0,0,1,10,False,,,0,0,0,0,0,0,nenhuma fronteira segura alcancavel
596.848,567.0,failed,-0.4945,0.3418,0.3554,-92.91,0.24,0.0,0.0,3.465,47.88,3665,0,77,2,108.2,0,20,15,0,2,0,0,1,10,False,,,0,0,0,0,0,0,nenhuma fronteira segura alcancavel
597.326,567.5,failed,-0.4945,0.3418,0.3554,-92.91,0.24,0.0,0.0,3.465,47.88,3665,0,77,2,108.2,0,20,15,0,2,0,0,1,10,False,,,0,0,0,0,0,0,nenhuma fronteira segura alcancavel
597.817,568.003,failed,-0.4945,0.3418,0.3554,-92.91,0.24,0.0,0.0,3.465,47.88,3665,0,77,2,108.2,0,20,15,0,2,0,0,1,10,False,,,0,0,0,0,0,0,nenhuma fronteira segura alcancavel
598.303,568.5,failed,-0.4945,0.3418,0.3554,-92.91,0.24,0.0,0.0,3.465,47.88,3665,0,77,2,108.2,0,20,15,0,2,0,0,1,10,False,,,0,0,0,0,0,0,nenhuma fronteira segura alcancavel
598.789,569.0,failed,-0.4945,0.3418,0.3554,-92.91,0.24,0.0,0.0,3.465,47.88,3665,0,77,2,108.2,0,20,15,0,2,0,0,1,10,False,,,0,0,0,0,0,0,nenhuma fronteira segura alcancavel
599.218,569.501,failed,-0.4945,0.3418,0.3554,-92.91,0.24,0.0,0.0,3.465,47.88,3665,0,77,2,108.2,0,20,15,0,2,0,0,1,10,False,,,0,0,0,0,0,0,nenhuma fronteira segura alcancavel
599.703,570.0,failed,-0.4945,0.3418,0.3554,-92.91,0.24,0.0,0.0,3.465,47.88,3665,0,77,2,108.2,0,20,15,0,2,0,0,1,10,False,,,0,0,0,0,0,0,nenhuma fronteira segura alcancavel
600.127,570.5,failed,-0.4945,0.3418,0.3554,-92.91,0.24,0.0,0.0,3.465,47.88,3665,0,77,2,108.2,0,20,15,0,2,0,0,1,10,False,,,0,0,0,0,0,0,nenhuma fronteira segura alcancavel
600.612,571.002,failed,-0.4945,0.3418,0.3554,-92.91,0.24,0.0,0.0,3.465,47.88,3665,0,77,2,108.2,0,20,15,0,2,0,0,1,10,False,,,0,0,0,0,0,0,nenhuma fronteira segura alcancavel
601.104,571.5,failed,-0.4945,0.3418,0.3554,-92.91,0.24,0.0,0.0,3.465,47.88,3665,0,77,2,108.2,0,20,15,0,2,0,0,1,10,False,,,0,0,0,0,0,0,nenhuma fronteira segura alcancavel
601.571,572.0,failed,-0.4945,0.3418,0.3554,-92.91,0.24,0.0,0.0,3.465,47.88,3665,0,77,2,108.2,0,20,15,0,2,0,0,1,10,False,,,0,0,0,0,0,0,nenhuma fronteira segura alcancavel
602.066,572.5,failed,-0.4945,0.3418,0.3554,-92.91,0.24,0.0,0.0,3.465,47.88,3665,0,77,2,108.2,0,20,15,0,2,0,0,1,10,False,,,0,0,0,0,0,0,nenhuma fronteira segura alcancavel
602.557,573.0,failed,-0.4945,0.3418,0.3554,-92.91,0.24,0.0,0.0,3.465,47.88,3665,0,77,2,108.2,0,20,15,0,2,0,0,1,10,False,,,0,0,0,0,0,0,nenhuma fronteira segura alcancavel
603.048,573.5,failed,-0.4945,0.3418,0.3554,-92.91,0.24,0.0,0.0,3.465,47.88,3665,0,77,2,108.2,0,20,15,0,2,0,0,1,10,False,,,0,0,0,0,0,0,nenhuma fronteira segura alcancavel
603.509,574.0,failed,-0.4945,0.3418,0.3554,-92.91,0.24,0.0,0.0,3.465,47.88,3665,0,77,2,108.2,0,20,15,0,2,0,0,1,10,False,,,0,0,0,0,0,0,nenhuma fronteira segura alcancavel
604.008,574.5,failed,-0.4945,0.3418,0.3554,-92.91,0.24,0.0,0.0,3.465,47.88,3665,0,77,2,108.2,0,20,15,0,2,0,0,1,10,False,,,0,0,0,0,0,0,nenhuma fronteira segura alcancavel
604.499,575.0,failed,-0.4945,0.3418,0.3554,-92.91,0.24,0.0,0.0,3.465,47.88,3665,0,77,2,108.2,0,20,15,0,2,0,0,1,10,False,,,0,0,0,0,0,0,nenhuma fronteira segura alcancavel
604.952,575.5,failed,-0.4945,0.3418,0.3554,-92.91,0.24,0.0,0.0,3.465,47.88,3665,0,77,2,108.2,0,20,15,0,2,0,0,1,10,False,,,0,0,0,0,0,0,nenhuma fronteira segura alcancavel
605.428,576.001,failed,-0.4945,0.3418,0.3554,-92.91,0.24,0.0,0.0,3.465,47.88,3665,0,77,2,108.2,0,20,15,0,2,0,0,1,10,False,,,0,0,0,0,0,0,nenhuma fronteira segura alcancavel
605.896,576.5,failed,-0.4945,0.3418,0.3554,-92.91,0.24,0.0,0.0,3.465,47.88,3665,0,77,2,108.2,0,20,15,0,2,0,0,1,10,False,,,0,0,0,0,0,0,nenhuma fronteira segura alcancavel
606.354,577.0,failed,-0.4945,0.3418,0.3554,-92.91,0.24,0.0,0.0,3.465,47.88,3665,0,77,2,108.2,0,20,15,0,2,0,0,1,10,False,,,0,0,0,0,0,0,nenhuma fronteira segura alcancavel
606.81,577.502,failed,-0.4945,0.3418,0.3554,-92.91,0.24,0.0,0.0,3.465,47.88,3665,0,77,2,108.2,0,20,15,0,2,0,0,1,10,False,,,0,0,0,0,0,0,nenhuma fronteira segura alcancavel
607.309,578.0,failed,-0.4945,0.3418,0.3554,-92.91,0.24,0.0,0.0,3.465,47.88,3665,0,77,2,108.2,0,20,15,0,2,0,0,1,10,False,,,0,0,0,0,0,0,nenhuma fronteira segura alcancavel
607.806,578.5,failed,-0.4945,0.3418,0.3554,-92.91,0.24,0.0,0.0,3.465,47.88,3665,0,77,2,108.2,0,20,15,0,2,0,0,1,10,False,,,0,0,0,0,0,0,nenhuma fronteira segura alcancavel
608.281,579.0,failed,-0.4945,0.3418,0.3554,-92.91,0.24,0.0,0.0,3.465,47.88,3665,0,77,2,108.2,0,20,15,0,2,0,0,1,10,False,,,0,0,0,0,0,0,nenhuma fronteira segura alcancavel
608.751,579.5,failed,-0.4945,0.3418,0.3554,-92.91,0.24,0.0,0.0,3.465,47.88,3665,0,77,2,108.2,0,20,15,0,2,0,0,1,10,False,,,0,0,0,0,0,0,nenhuma fronteira segura alcancavel
609.217,580.0,failed,-0.4945,0.3418,0.3554,-92.91,0.24,0.0,0.0,3.465,47.88,3665,0,77,2,108.2,0,20,15,0,2,0,0,1,10,False,,,0,0,0,0,0,0,nenhuma fronteira segura alcancavel
609.703,580.5,failed,-0.4945,0.3418,0.3554,-92.91,0.24,0.0,0.0,3.465,47.88,3665,0,77,2,108.2,0,20,15,0,2,0,0,1,10,False,,,0,0,0,0,0,0,nenhuma fronteira segura alcancavel
610.183,581.0,failed,-0.4945,0.3418,0.3554,-92.91,0.24,0.0,0.0,3.465,47.88,3665,0,77,2,108.2,0,20,15,0,2,0,0,1,10,False,,,0,0,0,0,0,0,nenhuma fronteira segura alcancavel
610.66,581.5,failed,-0.4945,0.3418,0.3554,-92.91,0.24,0.0,0.0,3.465,47.88,3665,0,77,2,108.2,0,20,15,0,2,0,0,1,10,False,,,0,0,0,0,0,0,nenhuma fronteira segura alcancavel
611.143,582.0,failed,-0.4945,0.3418,0.3554,-92.91,0.24,0.0,0.0,3.465,47.88,3665,0,77,2,108.2,0,20,15,0,2,0,0,1,10,False,,,0,0,0,0,0,0,nenhuma fronteira segura alcancavel
611.596,582.5,failed,-0.4945,0.3418,0.3554,-92.91,0.24,0.0,0.0,3.465,47.88,3665,0,77,2,108.2,0,20,15,0,2,0,0,1,10,False,,,0,0,0,0,0,0,nenhuma fronteira segura alcancavel
612.075,583.0,failed,-0.4945,0.3418,0.3554,-92.91,0.24,0.0,0.0,3.465,47.88,3665,0,77,2,108.2,0,20,15,0,2,0,0,1,10,False,,,0,0,0,0,0,0,nenhuma fronteira segura alcancavel
612.57,583.5,failed,-0.4945,0.3418,0.3554,-92.91,0.24,0.0,0.0,3.465,47.88,3665,0,77,2,108.2,0,20,15,0,2,0,0,1,10,False,,,0,0,0,0,0,0,nenhuma fronteira segura alcancavel
613.052,584.0,failed,-0.4945,0.3418,0.3554,-92.91,0.24,0.0,0.0,3.465,47.88,3665,0,77,2,108.2,0,20,15,0,2,0,0,1,10,False,,,0,0,0,0,0,0,nenhuma fronteira segura alcancavel
613.523,584.5,failed,-0.4945,0.3418,0.3554,-92.91,0.24,0.0,0.0,3.465,47.88,3665,0,77,2,108.2,0,20,15,0,2,0,0,1,10,False,,,0,0,0,0,0,0,nenhuma fronteira segura alcancavel
614.009,585.0,failed,-0.4945,0.3418,0.3554,-92.91,0.24,0.0,0.0,3.465,47.88,3665,0,77,2,108.2,0,20,15,0,2,0,0,1,10,False,,,0,0,0,0,0,0,nenhuma fronteira segura alcancavel
614.491,585.5,failed,-0.4945,0.3418,0.3554,-92.91,0.24,0.0,0.0,3.465,47.88,3665,0,77,2,108.2,0,20,15,0,2,0,0,1,10,False,,,0,0,0,0,0,0,nenhuma fronteira segura alcancavel
614.989,586.0,failed,-0.4945,0.3418,0.3554,-92.91,0.24,0.0,0.0,3.465,47.88,3665,0,77,2,108.2,0,20,15,0,2,0,0,1,10,False,,,0,0,0,0,0,0,nenhuma fronteira segura alcancavel
615.481,586.5,failed,-0.4945,0.3418,0.3554,-92.91,0.24,0.0,0.0,3.465,47.88,3665,0,77,2,108.2,0,20,15,0,2,0,0,1,10,False,,,0,0,0,0,0,0,nenhuma fronteira segura alcancavel
615.961,587.0,failed,-0.4945,0.3418,0.3554,-92.91,0.24,0.0,0.0,3.465,47.88,3665,0,77,2,108.2,0,20,15,0,2,0,0,1,10,False,,,0,0,0,0,0,0,nenhuma fronteira segura alcancavel
616.405,587.5,failed,-0.4945,0.3418,0.3554,-92.91,0.24,0.0,0.0,3.465,47.88,3665,0,77,2,108.2,0,20,15,0,2,0,0,1,10,False,,,0,0,0,0,0,0,nenhuma fronteira segura alcancavel
616.896,588.0,failed,-0.4945,0.3418,0.3554,-92.91,0.24,0.0,0.0,3.465,47.88,3665,0,77,2,108.2,0,20,15,0,2,0,0,1,10,False,,,0,0,0,0,0,0,nenhuma fronteira segura alcancavel
617.393,588.5,failed,-0.4945,0.3418,0.3554,-92.91,0.24,0.0,0.0,3.465,47.88,3665,0,77,2,108.2,0,20,15,0,2,0,0,1,10,False,,,0,0,0,0,0,0,nenhuma fronteira segura alcancavel
617.884,589.0,failed,-0.4945,0.3418,0.3554,-92.91,0.24,0.0,0.0,3.465,47.88,3665,0,77,2,108.2,0,20,15,0,2,0,0,1,10,False,,,0,0,0,0,0,0,nenhuma fronteira segura alcancavel
618.366,589.501,failed,-0.4945,0.3418,0.3554,-92.91,0.24,0.0,0.0,3.465,47.88,3665,0,77,2,108.2,0,20,15,0,2,0,0,1,10,False,,,0,0,0,0,0,0,nenhuma fronteira segura alcancavel
618.827,590.0,failed,-0.4945,0.3418,0.3554,-92.91,0.24,0.0,0.0,3.465,47.88,3665,0,77,2,108.2,0,20,15,0,2,0,0,1,10,False,,,0,0,0,0,0,0,nenhuma fronteira segura alcancavel
619.302,590.5,failed,-0.4945,0.3418,0.3554,-92.91,0.24,0.0,0.0,3.465,47.88,3665,0,77,2,108.2,0,20,15,0,2,0,0,1,10,False,,,0,0,0,0,0,0,nenhuma fronteira segura alcancavel
619.786,591.0,failed,-0.4945,0.3418,0.3554,-92.91,0.24,0.0,0.0,3.465,47.88,3665,0,77,2,108.2,0,20,15,0,2,0,0,1,10,False,,,0,0,0,0,0,0,nenhuma fronteira segura alcancavel
620.25,591.5,failed,-0.4945,0.3418,0.3554,-92.91,0.24,0.0,0.0,3.465,47.88,3665,0,77,2,108.2,0,20,15,0,2,0,0,1,10,False,,,0,0,0,0,0,0,nenhuma fronteira segura alcancavel
620.74,592.002,failed,-0.4945,0.3418,0.3554,-92.91,0.24,0.0,0.0,3.465,47.88,3665,0,77,2,108.2,0,20,15,0,2,0,0,1,10,False,,,0,0,0,0,0,0,nenhuma fronteira segura alcancavel
621.225,592.502,failed,-0.4945,0.3418,0.3554,-92.91,0.24,0.0,0.0,3.465,47.88,3665,0,77,2,108.2,0,20,15,0,2,0,0,1,10,False,,,0,0,0,0,0,0,nenhuma fronteira segura alcancavel
621.721,593.0,failed,-0.4945,0.3418,0.3554,-92.91,0.24,0.0,0.0,3.465,47.88,3665,0,77,2,108.2,0,20,15,0,2,0,0,1,10,False,,,0,0,0,0,0,0,nenhuma fronteira segura alcancavel
622.18,593.5,failed,-0.4945,0.3418,0.3554,-92.91,0.24,0.0,0.0,3.465,47.88,3665,0,77,2,108.2,0,20,15,0,2,0,0,1,10,False,,,0,0,0,0,0,0,nenhuma fronteira segura alcancavel
622.66,594.001,failed,-0.4945,0.3418,0.3554,-92.91,0.24,0.0,0.0,3.465,47.88,3665,0,77,2,108.2,0,20,15,0,2,0,0,1,10,False,,,0,0,0,0,0,0,nenhuma fronteira segura alcancavel
623.129,594.5,failed,-0.4945,0.3418,0.3554,-92.91,0.24,0.0,0.0,3.465,47.88,3665,0,77,2,108.2,0,20,15,0,2,0,0,1,10,False,,,0,0,0,0,0,0,nenhuma fronteira segura alcancavel
623.6,595.0,failed,-0.4945,0.3418,0.3554,-92.91,0.24,0.0,0.0,3.465,47.88,3665,0,77,2,108.2,0,20,15,0,2,0,0,1,10,False,,,0,0,0,0,0,0,nenhuma fronteira segura alcancavel
624.072,595.5,failed,-0.4945,0.3418,0.3554,-92.91,0.24,0.0,0.0,3.465,47.88,3665,0,77,2,108.2,0,20,15,0,2,0,0,1,10,False,,,0,0,0,0,0,0,nenhuma fronteira segura alcancavel
624.555,596.0,failed,-0.4945,0.3418,0.3554,-92.91,0.24,0.0,0.0,3.465,47.88,3665,0,77,2,108.2,0,20,15,0,2,0,0,1,10,False,,,0,0,0,0,0,0,nenhuma fronteira segura alcancavel
625.017,596.5,failed,-0.4945,0.3418,0.3554,-92.91,0.24,0.0,0.0,3.465,47.88,3665,0,77,2,108.2,0,20,15,0,2,0,0,1,10,False,,,0,0,0,0,0,0,nenhuma fronteira segura alcancavel
625.496,597.0,failed,-0.4945,0.3418,0.3554,-92.91,0.24,0.0,0.0,3.465,47.88,3665,0,77,2,108.2,0,20,15,0,2,0,0,1,10,False,,,0,0,0,0,0,0,nenhuma fronteira segura alcancavel
625.992,597.5,failed,-0.4945,0.3418,0.3554,-92.91,0.24,0.0,0.0,3.465,47.88,3665,0,77,2,108.2,0,20,15,0,2,0,0,1,10,False,,,0,0,0,0,0,0,nenhuma fronteira segura alcancavel
626.477,598.0,failed,-0.4945,0.3418,0.3554,-92.91,0.24,0.0,0.0,3.465,47.88,3665,0,77,2,108.2,0,20,15,0,2,0,0,1,10,False,,,0,0,0,0,0,0,nenhuma fronteira segura alcancavel
626.955,598.501,failed,-0.4945,0.3418,0.3554,-92.91,0.24,0.0,0.0,3.465,47.88,3665,0,77,2,108.2,0,20,15,0,2,0,0,1,10,False,,,0,0,0,0,0,0,nenhuma fronteira segura alcancavel
627.427,599.0,failed,-0.4945,0.3418,0.3554,-92.91,0.24,0.0,0.0,3.465,47.88,3665,0,77,2,108.2,0,20,15,0,2,0,0,1,10,False,,,0,0,0,0,0,0,nenhuma fronteira segura alcancavel
627.921,599.5,failed,-0.4945,0.3418,0.3554,-92.91,0.24,0.0,0.0,3.465,47.88,3665,0,77,2,108.2,0,20,15,0,2,0,0,1,10,False,,,0,0,0,0,0,0,nenhuma fronteira segura alcancavel
628.407,600.0,failed,-0.4945,0.3418,0.3554,-92.91,0.24,0.0,0.0,3.465,47.88,3665,0,77,2,108.2,0,20,15,0,2,0,0,1,10,False,,,0,0,0,0,0,0,nenhuma fronteira segura alcancavel
628.893,600.5,failed,-0.4945,0.3418,0.3554,-92.91,0.24,0.0,0.0,3.465,47.88,3665,0,77,2,108.2,0,20,15,0,2,0,0,1,10,False,,,0,0,0,0,0,0,nenhuma fronteira segura alcancavel
629.39,601.0,failed,-0.4945,0.3418,0.3554,-92.91,0.24,0.0,0.0,3.465,47.88,3665,0,77,2,108.2,0,20,15,0,2,0,0,1,10,False,,,0,0,0,0,0,0,nenhuma fronteira segura alcancavel
629.88,601.5,failed,-0.4945,0.3418,0.3554,-92.91,0.24,0.0,0.0,3.465,47.88,3665,0,77,2,108.2,0,20,15,0,2,0,0,1,10,False,,,0,0,0,0,0,0,nenhuma fronteira segura alcancavel
630.356,602.0,failed,-0.4945,0.3418,0.3554,-92.91,0.24,0.0,0.0,3.465,47.88,3665,0,77,2,108.2,0,20,15,0,2,0,0,1,10,False,,,0,0,0,0,0,0,nenhuma fronteira segura alcancavel
630.843,602.5,failed,-0.4945,0.3418,0.3554,-92.91,0.24,0.0,0.0,3.465,47.88,3665,0,77,2,108.2,0,20,15,0,2,0,0,1,10,False,,,0,0,0,0,0,0,nenhuma fronteira segura alcancavel
631.33,603.0,failed,-0.4945,0.3418,0.3554,-92.91,0.24,0.0,0.0,3.465,47.88,3665,0,77,2,108.2,0,20,15,0,2,0,0,1,10,False,,,0,0,0,0,0,0,nenhuma fronteira segura alcancavel
631.77,603.5,failed,-0.4945,0.3418,0.3554,-92.91,0.24,0.0,0.0,3.465,47.88,3665,0,77,2,108.2,0,20,15,0,2,0,0,1,10,False,,,0,0,0,0,0,0,nenhuma fronteira segura alcancavel
632.265,604.0,failed,-0.4945,0.3418,0.3554,-92.91,0.24,0.0,0.0,3.465,47.88,3665,0,77,2,108.2,0,20,15,0,2,0,0,1,10,False,,,0,0,0,0,0,0,nenhuma fronteira segura alcancavel
632.726,604.5,failed,-0.4945,0.3418,0.3554,-92.91,0.24,0.0,0.0,3.465,47.88,3665,0,77,2,108.2,0,20,15,0,2,0,0,1,10,False,,,0,0,0,0,0,0,nenhuma fronteira segura alcancavel
633.177,605.001,failed,-0.4945,0.3418,0.3554,-92.91,0.24,0.0,0.0,3.465,47.88,3665,0,77,2,108.2,0,20,15,0,2,0,0,1,10,False,,,0,0,0,0,0,0,nenhuma fronteira segura alcancavel
633.656,605.5,failed,-0.4945,0.3418,0.3554,-92.91,0.24,0.0,0.0,3.465,47.88,3665,0,77,2,108.2,0,20,15,0,2,0,0,1,10,False,,,0,0,0,0,0,0,nenhuma fronteira segura alcancavel
634.086,606.0,failed,-0.4945,0.3418,0.3554,-92.91,0.24,0.0,0.0,3.465,47.88,3665,0,77,2,108.2,0,20,15,0,2,0,0,1,10,False,,,0,0,0,0,0,0,nenhuma fronteira segura alcancavel
634.563,606.5,failed,-0.4945,0.3418,0.3554,-92.91,0.24,0.0,0.0,3.465,47.88,3665,0,77,2,108.2,0,20,15,0,2,0,0,1,10,False,,,0,0,0,0,0,0,nenhuma fronteira segura alcancavel
635.057,607.0,failed,-0.4945,0.3418,0.3554,-92.91,0.24,0.0,0.0,3.465,47.88,3665,0,77,2,108.2,0,20,15,0,2,0,0,1,10,False,,,0,0,0,0,0,0,nenhuma fronteira segura alcancavel
635.518,607.504,failed,-0.4945,0.3418,0.3554,-92.91,0.24,0.0,0.0,3.465,47.88,3665,0,77,2,108.2,0,20,15,0,2,0,0,1,10,False,,,0,0,0,0,0,0,nenhuma fronteira segura alcancavel
636.009,608.0,failed,-0.4945,0.3418,0.3554,-92.91,0.24,0.0,0.0,3.465,47.88,3665,0,77,2,108.2,0,20,15,0,2,0,0,1,10,False,,,0,0,0,0,0,0,nenhuma fronteira segura alcancavel
636.503,608.5,failed,-0.4945,0.3418,0.3554,-92.91,0.24,0.0,0.0,3.465,47.88,3665,0,77,2,108.2,0,20,15,0,2,0,0,1,10,False,,,0,0,0,0,0,0,nenhuma fronteira segura alcancavel
636.991,609.0,failed,-0.4945,0.3418,0.3554,-92.91,0.24,0.0,0.0,3.465,47.88,3665,0,77,2,108.2,0,20,15,0,2,0,0,1,10,False,,,0,0,0,0,0,0,nenhuma fronteira segura alcancavel
637.479,609.5,failed,-0.4945,0.3418,0.3554,-92.91,0.24,0.0,0.0,3.465,47.88,3665,0,77,2,108.2,0,20,15,0,2,0,0,1,10,False,,,0,0,0,0,0,0,nenhuma fronteira segura alcancavel
637.962,610.0,failed,-0.4945,0.3418,0.3554,-92.91,0.24,0.0,0.0,3.465,47.88,3665,0,77,2,108.2,0,20,15,0,2,0,0,1,10,False,,,0,0,0,0,0,0,nenhuma fronteira segura alcancavel
638.452,610.5,failed,-0.4945,0.3418,0.3554,-92.91,0.24,0.0,0.0,3.465,47.88,3665,0,77,2,108.2,0,20,15,0,2,0,0,1,10,False,,,0,0,0,0,0,0,nenhuma fronteira segura alcancavel
638.923,611.0,failed,-0.4945,0.3418,0.3554,-92.91,0.24,0.0,0.0,3.465,47.88,3665,0,77,2,108.2,0,20,15,0,2,0,0,1,10,False,,,0,0,0,0,0,0,nenhuma fronteira segura alcancavel
639.4,611.5,failed,-0.4945,0.3418,0.3554,-92.91,0.24,0.0,0.0,3.465,47.88,3665,0,77,2,108.2,0,20,15,0,2,0,0,1,10,False,,,0,0,0,0,0,0,nenhuma fronteira segura alcancavel
639.883,612.0,failed,-0.4945,0.3418,0.3554,-92.91,0.24,0.0,0.0,3.465,47.88,3665,0,77,2,108.2,0,20,15,0,2,0,0,1,10,False,,,0,0,0,0,0,0,nenhuma fronteira segura alcancavel
640.377,612.5,failed,-0.4945,0.3418,0.3554,-92.91,0.24,0.0,0.0,3.465,47.88,3665,0,77,2,108.2,0,20,15,0,2,0,0,1,10,False,,,0,0,0,0,0,0,nenhuma fronteira segura alcancavel
640.864,613.0,failed,-0.4945,0.3418,0.3554,-92.91,0.24,0.0,0.0,3.465,47.88,3665,0,77,2,108.2,0,20,15,0,2,0,0,1,10,False,,,0,0,0,0,0,0,nenhuma fronteira segura alcancavel
641.344,613.5,failed,-0.4945,0.3418,0.3554,-92.91,0.24,0.0,0.0,3.465,47.88,3665,0,77,2,108.2,0,20,15,0,2,0,0,1,10,False,,,0,0,0,0,0,0,nenhuma fronteira segura alcancavel
641.822,614.003,failed,-0.4945,0.3418,0.3554,-92.91,0.24,0.0,0.0,3.465,47.88,3665,0,77,2,108.2,0,20,15,0,2,0,0,1,10,False,,,0,0,0,0,0,0,nenhuma fronteira segura alcancavel
642.282,614.5,failed,-0.4945,0.3418,0.3554,-92.91,0.24,0.0,0.0,3.465,47.88,3665,0,77,2,108.2,0,20,15,0,2,0,0,1,10,False,,,0,0,0,0,0,0,nenhuma fronteira segura alcancavel
642.773,615.0,failed,-0.4945,0.3418,0.3554,-92.91,0.24,0.0,0.0,3.465,47.88,3665,0,77,2,108.2,0,20,15,0,2,0,0,1,10,False,,,0,0,0,0,0,0,nenhuma fronteira segura alcancavel
643.247,615.5,failed,-0.4945,0.3418,0.3554,-92.91,0.24,0.0,0.0,3.465,47.88,3665,0,77,2,108.2,0,20,15,0,2,0,0,1,10,False,,,0,0,0,0,0,0,nenhuma fronteira segura alcancavel
643.743,616.0,failed,-0.4945,0.3418,0.3554,-92.91,0.24,0.0,0.0,3.465,47.88,3665,0,77,2,108.2,0,20,15,0,2,0,0,1,10,False,,,0,0,0,0,0,0,nenhuma fronteira segura alcancavel
644.209,616.5,failed,-0.4945,0.3418,0.3554,-92.91,0.24,0.0,0.0,3.465,47.88,3665,0,77,2,108.2,0,20,15,0,2,0,0,1,10,False,,,0,0,0,0,0,0,nenhuma fronteira segura alcancavel
644.704,617.0,failed,-0.4945,0.3418,0.3554,-92.91,0.24,0.0,0.0,3.465,47.88,3665,0,77,2,108.2,0,20,15,0,2,0,0,1,10,False,,,0,0,0,0,0,0,nenhuma fronteira segura alcancavel
645.202,617.5,failed,-0.4945,0.3418,0.3554,-92.91,0.24,0.0,0.0,3.465,47.88,3665,0,77,2,108.2,0,20,15,0,2,0,0,1,10,False,,,0,0,0,0,0,0,nenhuma fronteira segura alcancavel
645.682,618.0,failed,-0.4945,0.3418,0.3554,-92.91,0.24,0.0,0.0,3.465,47.88,3665,0,77,2,108.2,0,20,15,0,2,0,0,1,10,False,,,0,0,0,0,0,0,nenhuma fronteira segura alcancavel
646.174,618.5,failed,-0.4945,0.3418,0.3554,-92.91,0.24,0.0,0.0,3.465,47.88,3665,0,77,2,108.2,0,20,15,0,2,0,0,1,10,False,,,0,0,0,0,0,0,nenhuma fronteira segura alcancavel
646.61,619.0,failed,-0.4945,0.3418,0.3554,-92.91,0.24,0.0,0.0,3.465,47.88,3665,0,77,2,108.2,0,20,15,0,2,0,0,1,10,False,,,0,0,0,0,0,0,nenhuma fronteira segura alcancavel
647.088,619.5,failed,-0.4945,0.3418,0.3554,-92.91,0.24,0.0,0.0,3.465,47.88,3665,0,77,2,108.2,0,20,15,0,2,0,0,1,10,False,,,0,0,0,0,0,0,nenhuma fronteira segura alcancavel
647.58,620.0,failed,-0.4945,0.3418,0.3554,-92.91,0.24,0.0,0.0,3.465,47.88,3665,0,77,2,108.2,0,20,15,0,2,0,0,1,10,False,,,0,0,0,0,0,0,nenhuma fronteira segura alcancavel
648.032,620.5,failed,-0.4945,0.3418,0.3554,-92.91,0.24,0.0,0.0,3.465,47.88,3665,0,77,2,108.2,0,20,15,0,2,0,0,1,10,False,,,0,0,0,0,0,0,nenhuma fronteira segura alcancavel
648.496,621.0,failed,-0.4945,0.3418,0.3554,-92.91,0.24,0.0,0.0,3.465,47.88,3665,0,77,2,108.2,0,20,15,0,2,0,0,1,10,False,,,0,0,0,0,0,0,nenhuma fronteira segura alcancavel
648.958,621.5,failed,-0.4945,0.3418,0.3554,-92.91,0.24,0.0,0.0,3.465,47.88,3665,0,77,2,108.2,0,20,15,0,2,0,0,1,10,False,,,0,0,0,0,0,0,nenhuma fronteira segura alcancavel
649.403,622.0,failed,-0.4945,0.3418,0.3554,-92.91,0.24,0.0,0.0,3.465,47.88,3665,0,77,2,108.2,0,20,15,0,2,0,0,1,10,False,,,0,0,0,0,0,0,nenhuma fronteira segura alcancavel
649.884,622.5,failed,-0.4945,0.3418,0.3554,-92.91,0.24,0.0,0.0,3.465,47.88,3665,0,77,2,108.2,0,20,15,0,2,0,0,1,10,False,,,0,0,0,0,0,0,nenhuma fronteira segura alcancavel
650.371,623.001,failed,-0.4945,0.3418,0.3554,-92.91,0.24,0.0,0.0,3.465,47.88,3665,0,77,2,108.2,0,20,15,0,2,0,0,1,10,False,,,0,0,0,0,0,0,nenhuma fronteira segura alcancavel
650.864,623.5,failed,-0.4945,0.3418,0.3554,-92.91,0.24,0.0,0.0,3.465,47.88,3665,0,77,2,108.2,0,20,15,0,2,0,0,1,10,False,,,0,0,0,0,0,0,nenhuma fronteira segura alcancavel
651.337,624.0,failed,-0.4945,0.3418,0.3554,-92.91,0.24,0.0,0.0,3.465,47.88,3665,0,77,2,108.2,0,20,15,0,2,0,0,1,10,False,,,0,0,0,0,0,0,nenhuma fronteira segura alcancavel
651.819,624.5,failed,-0.4945,0.3418,0.3554,-92.91,0.24,0.0,0.0,3.465,47.88,3665,0,77,2,108.2,0,20,15,0,2,0,0,1,10,False,,,0,0,0,0,0,0,nenhuma fronteira segura alcancavel
652.306,625.0,failed,-0.4945,0.3418,0.3554,-92.91,0.24,0.0,0.0,3.465,47.88,3665,0,77,2,108.2,0,20,15,0,2,0,0,1,10,False,,,0,0,0,0,0,0,nenhuma fronteira segura alcancavel
652.807,625.501,failed,-0.4945,0.3418,0.3554,-92.91,0.24,0.0,0.0,3.465,47.88,3665,0,77,2,108.2,0,20,15,0,2,0,0,1,10,False,,,0,0,0,0,0,0,nenhuma fronteira segura alcancavel
653.296,626.0,failed,-0.4945,0.3418,0.3554,-92.91,0.24,0.0,0.0,3.465,47.88,3665,0,77,2,108.2,0,20,15,0,2,0,0,1,10,False,,,0,0,0,0,0,0,nenhuma fronteira segura alcancavel
653.742,626.5,failed,-0.4945,0.3418,0.3554,-92.91,0.24,0.0,0.0,3.465,47.88,3665,0,77,2,108.2,0,20,15,0,2,0,0,1,10,False,,,0,0,0,0,0,0,nenhuma fronteira segura alcancavel
654.238,627.0,failed,-0.4945,0.3418,0.3554,-92.91,0.24,0.0,0.0,3.465,47.88,3665,0,77,2,108.2,0,20,15,0,2,0,0,1,10,False,,,0,0,0,0,0,0,nenhuma fronteira segura alcancavel
654.716,627.5,failed,-0.4945,0.3418,0.3554,-92.91,0.24,0.0,0.0,3.465,47.88,3665,0,77,2,108.2,0,20,15,0,2,0,0,1,10,False,,,0,0,0,0,0,0,nenhuma fronteira segura alcancavel
655.2,628.0,failed,-0.4945,0.3418,0.3554,-92.91,0.24,0.0,0.0,3.465,47.88,3665,0,77,2,108.2,0,20,15,0,2,0,0,1,10,False,,,0,0,0,0,0,0,nenhuma fronteira segura alcancavel
655.693,628.5,failed,-0.4945,0.3418,0.3554,-92.91,0.24,0.0,0.0,3.465,47.88,3665,0,77,2,108.2,0,20,15,0,2,0,0,1,10,False,,,0,0,0,0,0,0,nenhuma fronteira segura alcancavel
656.172,629.0,failed,-0.4945,0.3418,0.3554,-92.91,0.24,0.0,0.0,3.465,47.88,3665,0,77,2,108.2,0,20,15,0,2,0,0,1,10,False,,,0,0,0,0,0,0,nenhuma fronteira segura alcancavel
656.658,629.5,failed,-0.4945,0.3418,0.3554,-92.91,0.24,0.0,0.0,3.465,47.88,3665,0,77,2,108.2,0,20,15,0,2,0,0,1,10,False,,,0,0,0,0,0,0,nenhuma fronteira segura alcancavel
657.153,630.0,failed,-0.4945,0.3418,0.3554,-92.91,0.24,0.0,0.0,3.465,47.88,3665,0,77,2,108.2,0,20,15,0,2,0,0,1,10,False,,,0,0,0,0,0,0,nenhuma fronteira segura alcancavel
657.6,630.5,failed,-0.4945,0.3418,0.3554,-92.91,0.24,0.0,0.0,3.465,47.88,3665,0,77,2,108.2,0,20,15,0,2,0,0,1,10,False,,,0,0,0,0,0,0,nenhuma fronteira segura alcancavel
658.097,631.0,failed,-0.4945,0.3418,0.3554,-92.91,0.24,0.0,0.0,3.465,47.88,3665,0,77,2,108.2,0,20,15,0,2,0,0,1,10,False,,,0,0,0,0,0,0,nenhuma fronteira segura alcancavel
658.588,631.5,failed,-0.4945,0.3418,0.3554,-92.91,0.24,0.0,0.0,3.465,47.88,3665,0,77,2,108.2,0,20,15,0,2,0,0,1,10,False,,,0,0,0,0,0,0,nenhuma fronteira segura alcancavel
659.081,632.0,failed,-0.4945,0.3418,0.3554,-92.91,0.24,0.0,0.0,3.465,47.88,3665,0,77,2,108.2,0,20,15,0,2,0,0,1,10,False,,,0,0,0,0,0,0,nenhuma fronteira segura alcancavel
659.547,632.5,failed,-0.4945,0.3418,0.3554,-92.91,0.24,0.0,0.0,3.465,47.88,3665,0,77,2,108.2,0,20,15,0,2,0,0,1,10,False,,,0,0,0,0,0,0,nenhuma fronteira segura alcancavel
660.031,633.0,failed,-0.4945,0.3418,0.3554,-92.91,0.24,0.0,0.0,3.465,47.88,3665,0,77,2,108.2,0,20,15,0,2,0,0,1,10,False,,,0,0,0,0,0,0,nenhuma fronteira segura alcancavel
660.508,633.502,failed,-0.4945,0.3418,0.3554,-92.91,0.24,0.0,0.0,3.465,47.88,3665,0,77,2,108.2,0,20,15,0,2,0,0,1,10,False,,,0,0,0,0,0,0,nenhuma fronteira segura alcancavel
660.981,634.0,failed,-0.4945,0.3418,0.3554,-92.91,0.24,0.0,0.0,3.465,47.88,3665,0,77,2,108.2,0,20,15,0,2,0,0,1,10,False,,,0,0,0,0,0,0,nenhuma fronteira segura alcancavel
661.469,634.501,failed,-0.4945,0.3418,0.3554,-92.91,0.24,0.0,0.0,3.465,47.88,3665,0,77,2,108.2,0,20,15,0,2,0,0,1,10,False,,,0,0,0,0,0,0,nenhuma fronteira segura alcancavel
661.957,635.0,failed,-0.4945,0.3418,0.3554,-92.91,0.24,0.0,0.0,3.465,47.88,3665,0,77,2,108.2,0,20,15,0,2,0,0,1,10,False,,,0,0,0,0,0,0,nenhuma fronteira segura alcancavel
662.439,635.5,failed,-0.4945,0.3418,0.3554,-92.91,0.24,0.0,0.0,3.465,47.88,3665,0,77,2,108.2,0,20,15,0,2,0,0,1,10,False,,,0,0,0,0,0,0,nenhuma fronteira segura alcancavel
662.917,636.0,failed,-0.4945,0.3418,0.3554,-92.91,0.24,0.0,0.0,3.465,47.88,3665,0,77,2,108.2,0,20,15,0,2,0,0,1,10,False,,,0,0,0,0,0,0,nenhuma fronteira segura alcancavel
663.409,636.5,failed,-0.4945,0.3418,0.3554,-92.91,0.24,0.0,0.0,3.465,47.88,3665,0,77,2,108.2,0,20,15,0,2,0,0,1,10,False,,,0,0,0,0,0,0,nenhuma fronteira segura alcancavel
663.898,637.0,failed,-0.4945,0.3418,0.3554,-92.91,0.24,0.0,0.0,3.465,47.88,3665,0,77,2,108.2,0,20,15,0,2,0,0,1,10,False,,,0,0,0,0,0,0,nenhuma fronteira segura alcancavel
664.381,637.5,failed,-0.4945,0.3418,0.3554,-92.91,0.24,0.0,0.0,3.465,47.88,3665,0,77,2,108.2,0,20,15,0,2,0,0,1,10,False,,,0,0,0,0,0,0,nenhuma fronteira segura alcancavel
664.829,638.0,failed,-0.4945,0.3418,0.3554,-92.91,0.24,0.0,0.0,3.465,47.88,3665,0,77,2,108.2,0,20,15,0,2,0,0,1,10,False,,,0,0,0,0,0,0,nenhuma fronteira segura alcancavel
665.311,638.5,failed,-0.4945,0.3418,0.3554,-92.91,0.24,0.0,0.0,3.465,47.88,3665,0,77,2,108.2,0,20,15,0,2,0,0,1,10,False,,,0,0,0,0,0,0,nenhuma fronteira segura alcancavel
665.745,639.0,failed,-0.4945,0.3418,0.3554,-92.91,0.24,0.0,0.0,3.465,47.88,3665,0,77,2,108.2,0,20,15,0,2,0,0,1,10,False,,,0,0,0,0,0,0,nenhuma fronteira segura alcancavel
666.193,639.5,failed,-0.4945,0.3418,0.3554,-92.91,0.24,0.0,0.0,3.465,47.88,3665,0,77,2,108.2,0,20,15,0,2,0,0,1,10,False,,,0,0,0,0,0,0,nenhuma fronteira segura alcancavel
666.674,640.0,failed,-0.4945,0.3418,0.3554,-92.91,0.24,0.0,0.0,3.465,47.88,3665,0,77,2,108.2,0,20,15,0,2,0,0,1,10,False,,,0,0,0,0,0,0,nenhuma fronteira segura alcancavel
667.169,640.5,failed,-0.4945,0.3418,0.3554,-92.91,0.24,0.0,0.0,3.465,47.88,3665,0,77,2,108.2,0,20,15,0,2,0,0,1,10,False,,,0,0,0,0,0,0,nenhuma fronteira segura alcancavel
667.649,641.0,failed,-0.4945,0.3418,0.3554,-92.91,0.24,0.0,0.0,3.465,47.88,3665,0,77,2,108.2,0,20,15,0,2,0,0,1,10,False,,,0,0,0,0,0,0,nenhuma fronteira segura alcancavel
668.144,641.5,failed,-0.4945,0.3418,0.3554,-92.91,0.24,0.0,0.0,3.465,47.88,3665,0,77,2,108.2,0,20,15,0,2,0,0,1,10,False,,,0,0,0,0,0,0,nenhuma fronteira segura alcancavel
668.611,642.0,failed,-0.4945,0.3418,0.3554,-92.91,0.24,0.0,0.0,3.465,47.88,3665,0,77,2,108.2,0,20,15,0,2,0,0,1,10,False,,,0,0,0,0,0,0,nenhuma fronteira segura alcancavel
669.096,642.5,failed,-0.4945,0.3418,0.3554,-92.91,0.24,0.0,0.0,3.465,47.88,3665,0,77,2,108.2,0,20,15,0,2,0,0,1,10,False,,,0,0,0,0,0,0,nenhuma fronteira segura alcancavel
669.592,643.0,failed,-0.4945,0.3418,0.3554,-92.91,0.24,0.0,0.0,3.465,47.88,3665,0,77,2,108.2,0,20,15,0,2,0,0,1,10,False,,,0,0,0,0,0,0,nenhuma fronteira segura alcancavel
670.077,643.5,failed,-0.4945,0.3418,0.3554,-92.91,0.24,0.0,0.0,3.465,47.88,3665,0,77,2,108.2,0,20,15,0,2,0,0,1,10,False,,,0,0,0,0,0,0,nenhuma fronteira segura alcancavel
670.565,644.0,failed,-0.4945,0.3418,0.3554,-92.91,0.24,0.0,0.0,3.465,47.88,3665,0,77,2,108.2,0,20,15,0,2,0,0,1,10,False,,,0,0,0,0,0,0,nenhuma fronteira segura alcancavel
671.058,644.5,failed,-0.4945,0.3418,0.3554,-92.91,0.24,0.0,0.0,3.465,47.88,3665,0,77,2,108.2,0,20,15,0,2,0,0,1,10,False,,,0,0,0,0,0,0,nenhuma fronteira segura alcancavel
671.545,645.0,failed,-0.4945,0.3418,0.3554,-92.91,0.24,0.0,0.0,3.465,47.88,3665,0,77,2,108.2,0,20,15,0,2,0,0,1,10,False,,,0,0,0,0,0,0,nenhuma fronteira segura alcancavel
672.022,645.5,failed,-0.4945,0.3418,0.3554,-92.91,0.24,0.0,0.0,3.465,47.88,3665,0,77,2,108.2,0,20,15,0,2,0,0,1,10,False,,,0,0,0,0,0,0,nenhuma fronteira segura alcancavel
672.516,646.0,failed,-0.4945,0.3418,0.3554,-92.91,0.24,0.0,0.0,3.465,47.88,3665,0,77,2,108.2,0,20,15,0,2,0,0,1,10,False,,,0,0,0,0,0,0,nenhuma fronteira segura alcancavel
673.005,646.5,failed,-0.4945,0.3418,0.3554,-92.91,0.24,0.0,0.0,3.465,47.88,3665,0,77,2,108.2,0,20,15,0,2,0,0,1,10,False,,,0,0,0,0,0,0,nenhuma fronteira segura alcancavel
673.494,647.0,failed,-0.4945,0.3418,0.3554,-92.91,0.24,0.0,0.0,3.465,47.88,3665,0,77,2,108.2,0,20,15,0,2,0,0,1,10,False,,,0,0,0,0,0,0,nenhuma fronteira segura alcancavel
673.98,647.5,failed,-0.4945,0.3418,0.3554,-92.91,0.24,0.0,0.0,3.465,47.88,3665,0,77,2,108.2,0,20,15,0,2,0,0,1,10,False,,,0,0,0,0,0,0,nenhuma fronteira segura alcancavel
674.446,648.0,failed,-0.4945,0.3418,0.3554,-92.91,0.24,0.0,0.0,3.465,47.88,3665,0,77,2,108.2,0,20,15,0,2,0,0,1,10,False,,,0,0,0,0,0,0,nenhuma fronteira segura alcancavel
674.938,648.5,failed,-0.4945,0.3418,0.3554,-92.91,0.24,0.0,0.0,3.465,47.88,3665,0,77,2,108.2,0,20,15,0,2,0,0,1,10,False,,,0,0,0,0,0,0,nenhuma fronteira segura alcancavel
675.437,649.0,failed,-0.4945,0.3418,0.3554,-92.91,0.24,0.0,0.0,3.465,47.88,3665,0,77,2,108.2,0,20,15,0,2,0,0,1,10,False,,,0,0,0,0,0,0,nenhuma fronteira segura alcancavel
675.922,649.5,failed,-0.4945,0.3418,0.3554,-92.91,0.24,0.0,0.0,3.465,47.88,3665,0,77,2,108.2,0,20,15,0,2,0,0,1,10,False,,,0,0,0,0,0,0,nenhuma fronteira segura alcancavel
676.413,650.0,failed,-0.4945,0.3418,0.3554,-92.91,0.24,0.0,0.0,3.465,47.88,3665,0,77,2,108.2,0,20,15,0,2,0,0,1,10,False,,,0,0,0,0,0,0,nenhuma fronteira segura alcancavel
676.905,650.5,failed,-0.4945,0.3418,0.3554,-92.91,0.24,0.0,0.0,3.465,47.88,3665,0,77,2,108.2,0,20,15,0,2,0,0,1,10,False,,,0,0,0,0,0,0,nenhuma fronteira segura alcancavel
677.39,651.001,failed,-0.4945,0.3418,0.3554,-92.91,0.24,0.0,0.0,3.465,47.88,3665,0,77,2,108.2,0,20,15,0,2,0,0,1,10,False,,,0,0,0,0,0,0,nenhuma fronteira segura alcancavel
677.874,651.5,failed,-0.4945,0.3418,0.3554,-92.91,0.24,0.0,0.0,3.465,47.88,3665,0,77,2,108.2,0,20,15,0,2,0,0,1,10,False,,,0,0,0,0,0,0,nenhuma fronteira segura alcancavel
678.331,652.0,failed,-0.4945,0.3418,0.3554,-92.91,0.24,0.0,0.0,3.465,47.88,3665,0,77,2,108.2,0,20,15,0,2,0,0,1,10,False,,,0,0,0,0,0,0,nenhuma fronteira segura alcancavel
678.822,652.5,failed,-0.4945,0.3418,0.3554,-92.91,0.24,0.0,0.0,3.465,47.88,3665,0,77,2,108.2,0,20,15,0,2,0,0,1,10,False,,,0,0,0,0,0,0,nenhuma fronteira segura alcancavel
679.308,653.0,failed,-0.4945,0.3418,0.3554,-92.91,0.24,0.0,0.0,3.465,47.88,3665,0,77,2,108.2,0,20,15,0,2,0,0,1,10,False,,,0,0,0,0,0,0,nenhuma fronteira segura alcancavel
679.774,653.5,failed,-0.4945,0.3418,0.3554,-92.91,0.24,0.0,0.0,3.465,47.88,3665,0,77,2,108.2,0,20,15,0,2,0,0,1,10,False,,,0,0,0,0,0,0,nenhuma fronteira segura alcancavel
680.252,654.0,failed,-0.4945,0.3418,0.3554,-92.91,0.24,0.0,0.0,3.465,47.88,3665,0,77,2,108.2,0,20,15,0,2,0,0,1,10,False,,,0,0,0,0,0,0,nenhuma fronteira segura alcancavel
680.705,654.5,failed,-0.4945,0.3418,0.3554,-92.91,0.24,0.0,0.0,3.465,47.88,3665,0,77,2,108.2,0,20,15,0,2,0,0,1,10,False,,,0,0,0,0,0,0,nenhuma fronteira segura alcancavel
681.192,655.001,failed,-0.4945,0.3418,0.3554,-92.91,0.24,0.0,0.0,3.465,47.88,3665,0,77,2,108.2,0,20,15,0,2,0,0,1,10,False,,,0,0,0,0,0,0,nenhuma fronteira segura alcancavel
681.688,655.5,failed,-0.4945,0.3418,0.3554,-92.91,0.24,0.0,0.0,3.465,47.88,3665,0,77,2,108.2,0,20,15,0,2,0,0,1,10,False,,,0,0,0,0,0,0,nenhuma fronteira segura alcancavel
682.178,656.0,failed,-0.4945,0.3418,0.3554,-92.91,0.24,0.0,0.0,3.465,47.88,3665,0,77,2,108.2,0,20,15,0,2,0,0,1,10,False,,,0,0,0,0,0,0,nenhuma fronteira segura alcancavel
682.67,656.5,failed,-0.4945,0.3418,0.3554,-92.91,0.24,0.0,0.0,3.465,47.88,3665,0,77,2,108.2,0,20,15,0,2,0,0,1,10,False,,,0,0,0,0,0,0,nenhuma fronteira segura alcancavel
683.163,657.0,failed,-0.4945,0.3418,0.3554,-92.91,0.24,0.0,0.0,3.465,47.88,3665,0,77,2,108.2,0,20,15,0,2,0,0,1,10,False,,,0,0,0,0,0,0,nenhuma fronteira segura alcancavel
683.647,657.501,failed,-0.4945,0.3418,0.3554,-92.91,0.24,0.0,0.0,3.465,47.88,3665,0,77,2,108.2,0,20,15,0,2,0,0,1,10,False,,,0,0,0,0,0,0,nenhuma fronteira segura alcancavel
684.138,658.0,failed,-0.4945,0.3418,0.3554,-92.91,0.24,0.0,0.0,3.465,47.88,3665,0,77,2,108.2,0,20,15,0,2,0,0,1,10,False,,,0,0,0,0,0,0,nenhuma fronteira segura alcancavel
684.608,658.5,failed,-0.4945,0.3418,0.3554,-92.91,0.24,0.0,0.0,3.465,47.88,3665,0,77,2,108.2,0,20,15,0,2,0,0,1,10,False,,,0,0,0,0,0,0,nenhuma fronteira segura alcancavel
685.106,659.0,failed,-0.4945,0.3418,0.3554,-92.91,0.24,0.0,0.0,3.465,47.88,3665,0,77,2,108.2,0,20,15,0,2,0,0,1,10,False,,,0,0,0,0,0,0,nenhuma fronteira segura alcancavel
685.599,659.5,failed,-0.4945,0.3418,0.3554,-92.91,0.24,0.0,0.0,3.465,47.88,3665,0,77,2,108.2,0,20,15,0,2,0,0,1,10,False,,,0,0,0,0,0,0,nenhuma fronteira segura alcancavel
686.082,660.0,failed,-0.4945,0.3418,0.3554,-92.91,0.24,0.0,0.0,3.465,47.88,3665,0,77,2,108.2,0,20,15,0,2,0,0,1,10,False,,,0,0,0,0,0,0,nenhuma fronteira segura alcancavel
686.56,660.5,failed,-0.4945,0.3418,0.3554,-92.91,0.24,0.0,0.0,3.465,47.88,3665,0,77,2,108.2,0,20,15,0,2,0,0,1,10,False,,,0,0,0,0,0,0,nenhuma fronteira segura alcancavel
687.031,661.0,failed,-0.4945,0.3418,0.3554,-92.91,0.24,0.0,0.0,3.465,47.88,3665,0,77,2,108.2,0,20,15,0,2,0,0,1,10,False,,,0,0,0,0,0,0,nenhuma fronteira segura alcancavel
687.502,661.5,failed,-0.4945,0.3418,0.3554,-92.91,0.24,0.0,0.0,3.465,47.88,3665,0,77,2,108.2,0,20,15,0,2,0,0,1,10,False,,,0,0,0,0,0,0,nenhuma fronteira segura alcancavel
687.983,662.0,failed,-0.4945,0.3418,0.3554,-92.91,0.24,0.0,0.0,3.465,47.88,3665,0,77,2,108.2,0,20,15,0,2,0,0,1,10,False,,,0,0,0,0,0,0,nenhuma fronteira segura alcancavel
688.469,662.5,failed,-0.4945,0.3418,0.3554,-92.91,0.24,0.0,0.0,3.465,47.88,3665,0,77,2,108.2,0,20,15,0,2,0,0,1,10,False,,,0,0,0,0,0,0,nenhuma fronteira segura alcancavel
688.944,663.0,failed,-0.4945,0.3418,0.3554,-92.91,0.24,0.0,0.0,3.465,47.88,3665,0,77,2,108.2,0,20,15,0,2,0,0,1,10,False,,,0,0,0,0,0,0,nenhuma fronteira segura alcancavel
689.421,663.5,failed,-0.4945,0.3418,0.3554,-92.91,0.24,0.0,0.0,3.465,47.88,3665,0,77,2,108.2,0,20,15,0,2,0,0,1,10,False,,,0,0,0,0,0,0,nenhuma fronteira segura alcancavel
689.909,664.0,failed,-0.4945,0.3418,0.3554,-92.91,0.24,0.0,0.0,3.465,47.88,3665,0,77,2,108.2,0,20,15,0,2,0,0,1,10,False,,,0,0,0,0,0,0,nenhuma fronteira segura alcancavel
690.41,664.5,failed,-0.4945,0.3418,0.3554,-92.91,0.24,0.0,0.0,3.465,47.88,3665,0,77,2,108.2,0,20,15,0,2,0,0,1,10,False,,,0,0,0,0,0,0,nenhuma fronteira segura alcancavel
690.885,665.0,failed,-0.4945,0.3418,0.3554,-92.91,0.24,0.0,0.0,3.465,47.88,3665,0,77,2,108.2,0,20,15,0,2,0,0,1,10,False,,,0,0,0,0,0,0,nenhuma fronteira segura alcancavel
691.365,665.5,failed,-0.4945,0.3418,0.3554,-92.91,0.24,0.0,0.0,3.465,47.88,3665,0,77,2,108.2,0,20,15,0,2,0,0,1,10,False,,,0,0,0,0,0,0,nenhuma fronteira segura alcancavel
691.856,666.0,failed,-0.4945,0.3418,0.3554,-92.91,0.24,0.0,0.0,3.465,47.88,3665,0,77,2,108.2,0,20,15,0,2,0,0,1,10,False,,,0,0,0,0,0,0,nenhuma fronteira segura alcancavel
692.345,666.5,failed,-0.4945,0.3418,0.3554,-92.91,0.24,0.0,0.0,3.465,47.88,3665,0,77,2,108.2,0,20,15,0,2,0,0,1,10,False,,,0,0,0,0,0,0,nenhuma fronteira segura alcancavel
692.81,667.0,failed,-0.4945,0.3418,0.3554,-92.91,0.24,0.0,0.0,3.465,47.88,3665,0,77,2,108.2,0,20,15,0,2,0,0,1,10,False,,,0,0,0,0,0,0,nenhuma fronteira segura alcancavel
693.305,667.5,failed,-0.4945,0.3418,0.3554,-92.91,0.24,0.0,0.0,3.465,47.88,3665,0,77,2,108.2,0,20,15,0,2,0,0,1,10,False,,,0,0,0,0,0,0,nenhuma fronteira segura alcancavel
693.797,668.0,failed,-0.4945,0.3418,0.3554,-92.91,0.24,0.0,0.0,3.465,47.88,3665,0,77,2,108.2,0,20,15,0,2,0,0,1,10,False,,,0,0,0,0,0,0,nenhuma fronteira segura alcancavel
694.264,668.502,failed,-0.4945,0.3418,0.3554,-92.91,0.24,0.0,0.0,3.465,47.88,3665,0,77,2,108.2,0,20,15,0,2,0,0,1,10,False,,,0,0,0,0,0,0,nenhuma fronteira segura alcancavel
694.717,669.0,failed,-0.4945,0.3418,0.3554,-92.91,0.24,0.0,0.0,3.465,47.88,3665,0,77,2,108.2,0,20,15,0,2,0,0,1,10,False,,,0,0,0,0,0,0,nenhuma fronteira segura alcancavel
695.207,669.5,failed,-0.4945,0.3418,0.3554,-92.91,0.24,0.0,0.0,3.465,47.88,3665,0,77,2,108.2,0,20,15,0,2,0,0,1,10,False,,,0,0,0,0,0,0,nenhuma fronteira segura alcancavel
695.698,670.0,failed,-0.4945,0.3418,0.3554,-92.91,0.24,0.0,0.0,3.465,47.88,3665,0,77,2,108.2,0,20,15,0,2,0,0,1,10,False,,,0,0,0,0,0,0,nenhuma fronteira segura alcancavel
696.177,670.5,failed,-0.4945,0.3418,0.3554,-92.91,0.24,0.0,0.0,3.465,47.88,3665,0,77,2,108.2,0,20,15,0,2,0,0,1,10,False,,,0,0,0,0,0,0,nenhuma fronteira segura alcancavel
696.667,671.001,failed,-0.4945,0.3418,0.3554,-92.91,0.24,0.0,0.0,3.465,47.88,3665,0,77,2,108.2,0,20,15,0,2,0,0,1,10,False,,,0,0,0,0,0,0,nenhuma fronteira segura alcancavel
697.163,671.5,failed,-0.4945,0.3418,0.3554,-92.91,0.24,0.0,0.0,3.465,47.88,3665,0,77,2,108.2,0,20,15,0,2,0,0,1,10,False,,,0,0,0,0,0,0,nenhuma fronteira segura alcancavel
697.653,672.0,failed,-0.4945,0.3418,0.3554,-92.91,0.24,0.0,0.0,3.465,47.88,3665,0,77,2,108.2,0,20,15,0,2,0,0,1,10,False,,,0,0,0,0,0,0,nenhuma fronteira segura alcancavel
698.137,672.5,failed,-0.4945,0.3418,0.3554,-92.91,0.24,0.0,0.0,3.465,47.88,3665,0,77,2,108.2,0,20,15,0,2,0,0,1,10,False,,,0,0,0,0,0,0,nenhuma fronteira segura alcancavel
698.582,673.0,failed,-0.4945,0.3418,0.3554,-92.91,0.24,0.0,0.0,3.465,47.88,3665,0,77,2,108.2,0,20,15,0,2,0,0,1,10,False,,,0,0,0,0,0,0,nenhuma fronteira segura alcancavel
699.072,673.5,failed,-0.4945,0.3418,0.3554,-92.91,0.24,0.0,0.0,3.465,47.88,3665,0,77,2,108.2,0,20,15,0,2,0,0,1,10,False,,,0,0,0,0,0,0,nenhuma fronteira segura alcancavel
699.511,674.0,failed,-0.4945,0.3418,0.3554,-92.91,0.24,0.0,0.0,3.465,47.88,3665,0,77,2,108.2,0,20,15,0,2,0,0,1,10,False,,,0,0,0,0,0,0,nenhuma fronteira segura alcancavel
700.007,674.5,failed,-0.4945,0.3418,0.3554,-92.91,0.24,0.0,0.0,3.465,47.88,3665,0,77,2,108.2,0,20,15,0,2,0,0,1,10,False,,,0,0,0,0,0,0,nenhuma fronteira segura alcancavel
700.496,675.0,failed,-0.4945,0.3418,0.3554,-92.91,0.24,0.0,0.0,3.465,47.88,3665,0,77,2,108.2,0,20,15,0,2,0,0,1,10,False,,,0,0,0,0,0,0,nenhuma fronteira segura alcancavel
700.967,675.5,failed,-0.4945,0.3418,0.3554,-92.91,0.24,0.0,0.0,3.465,47.88,3665,0,77,2,108.2,0,20,15,0,2,0,0,1,10,False,,,0,0,0,0,0,0,nenhuma fronteira segura alcancavel
701.45,676.0,failed,-0.4945,0.3418,0.3554,-92.91,0.24,0.0,0.0,3.465,47.88,3665,0,77,2,108.2,0,20,15,0,2,0,0,1,10,False,,,0,0,0,0,0,0,nenhuma fronteira segura alcancavel
701.938,676.5,failed,-0.4945,0.3418,0.3554,-92.91,0.24,0.0,0.0,3.465,47.88,3665,0,77,2,108.2,0,20,15,0,2,0,0,1,10,False,,,0,0,0,0,0,0,nenhuma fronteira segura alcancavel
702.419,677.0,failed,-0.4945,0.3418,0.3554,-92.91,0.24,0.0,0.0,3.465,47.88,3665,0,77,2,108.2,0,20,15,0,2,0,0,1,10,False,,,0,0,0,0,0,0,nenhuma fronteira segura alcancavel
702.891,677.5,failed,-0.4945,0.3418,0.3554,-92.91,0.24,0.0,0.0,3.465,47.88,3665,0,77,2,108.2,0,20,15,0,2,0,0,1,10,False,,,0,0,0,0,0,0,nenhuma fronteira segura alcancavel
703.383,678.0,failed,-0.4945,0.3418,0.3554,-92.91,0.24,0.0,0.0,3.465,47.88,3665,0,77,2,108.2,0,20,15,0,2,0,0,1,10,False,,,0,0,0,0,0,0,nenhuma fronteira segura alcancavel
703.876,678.5,failed,-0.4945,0.3418,0.3554,-92.91,0.24,0.0,0.0,3.465,47.88,3665,0,77,2,108.2,0,20,15,0,2,0,0,1,10,False,,,0,0,0,0,0,0,nenhuma fronteira segura alcancavel
704.332,679.0,failed,-0.4945,0.3418,0.3554,-92.91,0.24,0.0,0.0,3.465,47.88,3665,0,77,2,108.2,0,20,15,0,2,0,0,1,10,False,,,0,0,0,0,0,0,nenhuma fronteira segura alcancavel
704.787,679.5,failed,-0.4945,0.3418,0.3554,-92.91,0.24,0.0,0.0,3.465,47.88,3665,0,77,2,108.2,0,20,15,0,2,0,0,1,10,False,,,0,0,0,0,0,0,nenhuma fronteira segura alcancavel
705.257,680.0,failed,-0.4945,0.3418,0.3554,-92.91,0.24,0.0,0.0,3.465,47.88,3665,0,77,2,108.2,0,20,15,0,2,0,0,1,10,False,,,0,0,0,0,0,0,nenhuma fronteira segura alcancavel
705.748,680.5,failed,-0.4945,0.3418,0.3554,-92.91,0.24,0.0,0.0,3.465,47.88,3665,0,77,2,108.2,0,20,15,0,2,0,0,1,10,False,,,0,0,0,0,0,0,nenhuma fronteira segura alcancavel
706.239,681.0,failed,-0.4945,0.3418,0.3554,-92.91,0.24,0.0,0.0,3.465,47.88,3665,0,77,2,108.2,0,20,15,0,2,0,0,1,10,False,,,0,0,0,0,0,0,nenhuma fronteira segura alcancavel
706.723,681.5,failed,-0.4945,0.3418,0.3554,-92.91,0.24,0.0,0.0,3.465,47.88,3665,0,77,2,108.2,0,20,15,0,2,0,0,1,10,False,,,0,0,0,0,0,0,nenhuma fronteira segura alcancavel
707.193,682.0,failed,-0.4945,0.3418,0.3554,-92.91,0.24,0.0,0.0,3.465,47.88,3665,0,77,2,108.2,0,20,15,0,2,0,0,1,10,False,,,0,0,0,0,0,0,nenhuma fronteira segura alcancavel
707.639,682.5,failed,-0.4945,0.3418,0.3554,-92.91,0.24,0.0,0.0,3.465,47.88,3665,0,77,2,108.2,0,20,15,0,2,0,0,1,10,False,,,0,0,0,0,0,0,nenhuma fronteira segura alcancavel
708.126,683.0,failed,-0.4945,0.3418,0.3554,-92.91,0.24,0.0,0.0,3.465,47.88,3665,0,77,2,108.2,0,20,15,0,2,0,0,1,10,False,,,0,0,0,0,0,0,nenhuma fronteira segura alcancavel
708.608,683.501,failed,-0.4945,0.3418,0.3554,-92.91,0.24,0.0,0.0,3.465,47.88,3665,0,77,2,108.2,0,20,15,0,2,0,0,1,10,False,,,0,0,0,0,0,0,nenhuma fronteira segura alcancavel
709.108,684.0,failed,-0.4945,0.3418,0.3554,-92.91,0.24,0.0,0.0,3.465,47.88,3665,0,77,2,108.2,0,20,15,0,2,0,0,1,10,False,,,0,0,0,0,0,0,nenhuma fronteira segura alcancavel
709.605,684.5,failed,-0.4945,0.3418,0.3554,-92.91,0.24,0.0,0.0,3.465,47.88,3665,0,77,2,108.2,0,20,15,0,2,0,0,1,10,False,,,0,0,0,0,0,0,nenhuma fronteira segura alcancavel
710.09,685.0,failed,-0.4945,0.3418,0.3554,-92.91,0.24,0.0,0.0,3.465,47.88,3665,0,77,2,108.2,0,20,15,0,2,0,0,1,10,False,,,0,0,0,0,0,0,nenhuma fronteira segura alcancavel
710.579,685.5,failed,-0.4945,0.3418,0.3554,-92.91,0.24,0.0,0.0,3.465,47.88,3665,0,77,2,108.2,0,20,15,0,2,0,0,1,10,False,,,0,0,0,0,0,0,nenhuma fronteira segura alcancavel
711.062,686.003,failed,-0.4945,0.3418,0.3554,-92.91,0.24,0.0,0.0,3.465,47.88,3665,0,77,2,108.2,0,20,15,0,2,0,0,1,10,False,,,0,0,0,0,0,0,nenhuma fronteira segura alcancavel
711.547,686.5,failed,-0.4945,0.3418,0.3554,-92.91,0.24,0.0,0.0,3.465,47.88,3665,0,77,2,108.2,0,20,15,0,2,0,0,1,10,False,,,0,0,0,0,0,0,nenhuma fronteira segura alcancavel
712.02,687.001,failed,-0.4945,0.3418,0.3554,-92.91,0.24,0.0,0.0,3.465,47.88,3665,0,77,2,108.2,0,20,15,0,2,0,0,1,10,False,,,0,0,0,0,0,0,nenhuma fronteira segura alcancavel
712.509,687.5,failed,-0.4945,0.3418,0.3554,-92.91,0.24,0.0,0.0,3.465,47.88,3665,0,77,2,108.2,0,20,15,0,2,0,0,1,10,False,,,0,0,0,0,0,0,nenhuma fronteira segura alcancavel
712.985,688.0,failed,-0.4945,0.3418,0.3554,-92.91,0.24,0.0,0.0,3.465,47.88,3665,0,77,2,108.2,0,20,15,0,2,0,0,1,10,False,,,0,0,0,0,0,0,nenhuma fronteira segura alcancavel
713.473,688.5,failed,-0.4945,0.3418,0.3554,-92.91,0.24,0.0,0.0,3.465,47.88,3665,0,77,2,108.2,0,20,15,0,2,0,0,1,10,False,,,0,0,0,0,0,0,nenhuma fronteira segura alcancavel
713.947,689.0,failed,-0.4945,0.3418,0.3554,-92.91,0.24,0.0,0.0,3.465,47.88,3665,0,77,2,108.2,0,20,15,0,2,0,0,1,10,False,,,0,0,0,0,0,0,nenhuma fronteira segura alcancavel
714.433,689.501,failed,-0.4945,0.3418,0.3554,-92.91,0.24,0.0,0.0,3.465,47.88,3665,0,77,2,108.2,0,20,15,0,2,0,0,1,10,False,,,0,0,0,0,0,0,nenhuma fronteira segura alcancavel
714.927,690.0,failed,-0.4945,0.3418,0.3554,-92.91,0.24,0.0,0.0,3.465,47.88,3665,0,77,2,108.2,0,20,15,0,2,0,0,1,10,False,,,0,0,0,0,0,0,nenhuma fronteira segura alcancavel
715.419,690.5,failed,-0.4945,0.3418,0.3554,-92.91,0.24,0.0,0.0,3.465,47.88,3665,0,77,2,108.2,0,20,15,0,2,0,0,1,10,False,,,0,0,0,0,0,0,nenhuma fronteira segura alcancavel
715.908,691.0,failed,-0.4945,0.3418,0.3554,-92.91,0.24,0.0,0.0,3.465,47.88,3665,0,77,2,108.2,0,20,15,0,2,0,0,1,10,False,,,0,0,0,0,0,0,nenhuma fronteira segura alcancavel
716.401,691.5,failed,-0.4945,0.3418,0.3554,-92.91,0.24,0.0,0.0,3.465,47.88,3665,0,77,2,108.2,0,20,15,0,2,0,0,1,10,False,,,0,0,0,0,0,0,nenhuma fronteira segura alcancavel
716.878,692.001,failed,-0.4945,0.3418,0.3554,-92.91,0.24,0.0,0.0,3.465,47.88,3665,0,77,2,108.2,0,20,15,0,2,0,0,1,10,False,,,0,0,0,0,0,0,nenhuma fronteira segura alcancavel
717.341,692.5,failed,-0.4945,0.3418,0.3554,-92.91,0.24,0.0,0.0,3.465,47.88,3665,0,77,2,108.2,0,20,15,0,2,0,0,1,10,False,,,0,0,0,0,0,0,nenhuma fronteira segura alcancavel
717.809,693.001,failed,-0.4945,0.3418,0.3554,-92.91,0.24,0.0,0.0,3.465,47.88,3665,0,77,2,108.2,0,20,15,0,2,0,0,1,10,False,,,0,0,0,0,0,0,nenhuma fronteira segura alcancavel
718.244,693.5,failed,-0.4945,0.3418,0.3554,-92.91,0.24,0.0,0.0,3.465,47.88,3665,0,77,2,108.2,0,20,15,0,2,0,0,1,10,False,,,0,0,0,0,0,0,nenhuma fronteira segura alcancavel
718.738,694.0,failed,-0.4945,0.3418,0.3554,-92.91,0.24,0.0,0.0,3.465,47.88,3665,0,77,2,108.2,0,20,15,0,2,0,0,1,10,False,,,0,0,0,0,0,0,nenhuma fronteira segura alcancavel
719.214,694.5,failed,-0.4945,0.3418,0.3554,-92.91,0.24,0.0,0.0,3.465,47.88,3665,0,77,2,108.2,0,20,15,0,2,0,0,1,10,False,,,0,0,0,0,0,0,nenhuma fronteira segura alcancavel
719.706,695.0,failed,-0.4945,0.3418,0.3554,-92.91,0.24,0.0,0.0,3.465,47.88,3665,0,77,2,108.2,0,20,15,0,2,0,0,1,10,False,,,0,0,0,0,0,0,nenhuma fronteira segura alcancavel
720.187,695.5,failed,-0.4945,0.3418,0.3554,-92.91,0.24,0.0,0.0,3.465,47.88,3665,0,77,2,108.2,0,20,15,0,2,0,0,1,10,False,,,0,0,0,0,0,0,nenhuma fronteira segura alcancavel
720.677,696.0,failed,-0.4945,0.3418,0.3554,-92.91,0.24,0.0,0.0,3.465,47.88,3665,0,77,2,108.2,0,20,15,0,2,0,0,1,10,False,,,0,0,0,0,0,0,nenhuma fronteira segura alcancavel
721.17,696.5,failed,-0.4945,0.3418,0.3554,-92.91,0.24,0.0,0.0,3.465,47.88,3665,0,77,2,108.2,0,20,15,0,2,0,0,1,10,False,,,0,0,0,0,0,0,nenhuma fronteira segura alcancavel
721.665,697.0,failed,-0.4945,0.3418,0.3554,-92.91,0.24,0.0,0.0,3.465,47.88,3665,0,77,2,108.2,0,20,15,0,2,0,0,1,10,False,,,0,0,0,0,0,0,nenhuma fronteira segura alcancavel
722.146,697.5,failed,-0.4945,0.3418,0.3554,-92.91,0.24,0.0,0.0,3.465,47.88,3665,0,77,2,108.2,0,20,15,0,2,0,0,1,10,False,,,0,0,0,0,0,0,nenhuma fronteira segura alcancavel
722.636,698.0,failed,-0.4945,0.3418,0.3554,-92.91,0.24,0.0,0.0,3.465,47.88,3665,0,77,2,108.2,0,20,15,0,2,0,0,1,10,False,,,0,0,0,0,0,0,nenhuma fronteira segura alcancavel
723.124,698.5,failed,-0.4945,0.3418,0.3554,-92.91,0.24,0.0,0.0,3.465,47.88,3665,0,77,2,108.2,0,20,15,0,2,0,0,1,10,False,,,0,0,0,0,0,0,nenhuma fronteira segura alcancavel
723.61,699.0,failed,-0.4945,0.3418,0.3554,-92.91,0.24,0.0,0.0,3.465,47.88,3665,0,77,2,108.2,0,20,15,0,2,0,0,1,10,False,,,0,0,0,0,0,0,nenhuma fronteira segura alcancavel
724.091,699.5,failed,-0.4945,0.3418,0.3554,-92.91,0.24,0.0,0.0,3.465,47.88,3665,0,77,2,108.2,0,20,15,0,2,0,0,1,10,False,,,0,0,0,0,0,0,nenhuma fronteira segura alcancavel
724.569,700.0,failed,-0.4945,0.3418,0.3554,-92.91,0.24,0.0,0.0,3.465,47.88,3665,0,77,2,108.2,0,20,15,0,2,0,0,1,10,False,,,0,0,0,0,0,0,nenhuma fronteira segura alcancavel
