sim_s,wall_s,x,y,z,yaw_deg,tilt_deg,cmd_vx,cmd_wz,min_range_m
6663.494,0.001,0.0012,-0.0046,0.3561,89.96,0.25,0.0,0.0,inf
6663.494,0.001,-0.0,-0.0045,0.3568,89.97,0.19,0.0,0.0,inf
6663.494,0.001,-0.0,-0.0045,0.3568,89.97,0.19,0.0,0.0,0.545
6663.494,0.002,-0.0,-0.0045,0.3568,89.97,0.19,0.0,0.0,0.545
6663.496,0.002,-0.0,-0.0045,0.3568,89.97,0.19,0.0,0.0,0.545
6663.496,0.002,-0.0,-0.0045,0.3568,89.97,0.19,0.0,0.0,0.545
6663.496,0.002,-0.0,-0.0045,0.3568,89.97,0.19,0.0,0.0,0.545
6663.496,0.002,-0.0,-0.0045,0.3568,89.97,0.19,0.0,0.0,0.545
6663.496,0.002,-0.0,-0.0045,0.3568,89.97,0.19,0.0,0.0,0.545
6663.496,0.003,-0.0,-0.0045,0.3568,89.97,0.19,0.0,0.0,0.545
6663.496,0.003,-0.0,-0.0045,0.3568,89.97,0.19,0.0,0.0,0.545
6663.496,0.003,-0.0,-0.0045,0.3568,89.97,0.19,0.0,0.0,0.545
6663.497,0.003,-0.0,-0.0045,0.3568,89.97,0.19,0.0,0.0,0.545
6663.497,0.003,-0.0,-0.0045,0.3568,89.97,0.19,0.0,0.0,0.545
6663.497,0.004,-0.0,-0.0045,0.3568,89.97,0.19,0.0,0.0,0.545
6663.497,0.004,-0.0,-0.0045,0.3568,89.97,0.19,0.0,0.0,0.545
6663.497,0.004,-0.0,-0.0045,0.3568,89.97,0.19,0.0,0.0,0.545
6663.498,0.004,-0.0,-0.0045,0.3568,89.97,0.19,0.0,0.0,0.545
6663.499,0.005,-0.0,-0.0045,0.3568,89.97,0.19,0.0,0.0,0.545
6663.5,0.006,-0.0,-0.0045,0.3568,89.97,0.19,0.0,0.0,0.545
6663.5,0.006,-0.0,-0.0045,0.3568,89.97,0.19,0.0,0.0,0.545
6663.501,0.007,-0.0,-0.0045,0.3568,89.97,0.19,0.0,0.0,0.545
6663.502,0.008,-0.0,-0.0045,0.3568,89.97,0.19,0.0,0.0,0.545
6663.503,0.009,-0.0,-0.0045,0.3568,89.97,0.19,0.0,0.0,0.545
6663.503,0.009,-0.0,-0.0045,0.3568,89.97,0.19,0.0,0.0,0.545
6663.504,0.01,-0.0,-0.0045,0.3568,89.97,0.19,0.0,0.0,0.545
6663.505,0.012,-0.0,-0.0045,0.3568,89.97,0.19,0.0,0.0,0.545
6663.506,0.012,-0.0,-0.0045,0.3568,89.97,0.19,0.0,0.0,0.545
6663.507,0.013,-0.0,-0.0045,0.3568,89.97,0.19,0.0,0.0,0.545
6663.508,0.014,-0.0,-0.0045,0.3568,89.97,0.19,0.0,0.0,0.545
6663.509,0.015,-0.0,-0.0045,0.3568,89.97,0.19,0.0,0.0,0.545
6663.51,0.016,-0.0,-0.0045,0.3568,89.97,0.19,0.0,0.0,0.545
6663.51,0.017,-0.0,-0.0045,0.3568,89.97,0.19,0.0,0.0,0.545
6663.511,0.017,-0.0,-0.0045,0.3568,89.97,0.19,0.0,0.0,0.545
6663.512,0.018,-0.0,-0.0045,0.3568,89.97,0.19,0.0,0.0,0.545
6663.513,0.019,-0.0,-0.0045,0.3568,89.97,0.19,0.0,0.0,0.545
6663.513,0.025,-0.0,-0.0045,0.3568,89.97,0.19,0.0,0.0,0.545
6663.519,0.032,-0.0,-0.0045,0.3568,89.97,0.19,0.0,0.0,0.545
6663.523,0.032,-0.0,-0.0045,0.3568,89.97,0.19,0.0,0.0,0.545
6663.523,0.033,-0.0,-0.0045,0.3568,89.97,0.19,0.0,0.0,0.545
6663.523,0.035,-0.0,-0.0045,0.3568,89.97,0.19,0.0,0.0,0.545
6663.523,0.045,-0.0,-0.0045,0.3568,89.97,0.19,0.0,0.0,0.545
6663.526,0.045,-0.0,-0.0045,0.3568,89.97,0.19,0.0,0.0,0.545
6663.526,0.047,-0.0,-0.0045,0.3568,89.97,0.19,0.0,0.0,0.545
6663.54,0.048,-0.0,-0.0045,0.3568,89.97,0.19,0.0,0.0,0.545
6663.541,0.048,-0.0,-0.0045,0.3568,89.97,0.19,0.0,0.0,0.545
6663.541,0.048,-0.0,-0.0045,0.3568,89.97,0.19,0.0,0.0,0.545
6663.542,0.048,-0.0,-0.0045,0.3568,89.97,0.19,0.0,0.0,0.545
6663.543,0.049,-0.0,-0.0045,0.3568,89.97,0.19,0.0,0.0,0.545
6663.544,0.05,-0.0,-0.0045,0.3568,89.97,0.19,0.0,0.0,0.545
6663.545,0.051,-0.0,-0.0045,0.3568,89.97,0.19,0.0,0.0,0.545
6663.546,0.052,-0.0,-0.0045,0.3568,89.97,0.19,0.0,0.0,0.545
6663.547,0.053,-0.0,-0.0045,0.3568,89.97,0.19,0.0,0.0,0.545
6663.548,0.054,-0.0,-0.0045,0.3568,89.97,0.19,0.0,0.0,0.545
6663.549,0.055,-0.0,-0.0045,0.3568,89.97,0.19,0.0,0.0,0.545
6663.55,0.056,-0.0,-0.0045,0.3568,89.97,0.19,0.0,0.0,0.545
6663.551,0.057,-0.0,-0.0045,0.3568,89.97,0.19,0.0,0.0,0.545
6663.552,0.058,-0.0,-0.0045,0.3568,89.97,0.19,0.0,0.0,0.545
6663.553,0.059,-0.0,-0.0045,0.3568,89.97,0.19,0.0,0.0,0.545
6663.554,0.06,-0.0,-0.0045,0.3568,89.97,0.19,0.0,0.0,0.545
6663.555,0.061,-0.0,-0.0045,0.3568,89.97,0.19,0.0,0.0,0.545
6663.555,0.061,-0.0,-0.0045,0.3568,89.97,0.19,0.0,0.0,0.545
6663.556,0.062,-0.0,-0.0045,0.3568,89.97,0.19,0.0,0.0,0.545
6663.557,0.063,-0.0,-0.0045,0.3568,89.97,0.19,0.0,0.0,0.545
6663.558,0.064,-0.0,-0.0045,0.3568,89.97,0.19,0.0,0.0,0.545
6663.559,0.065,-0.0,-0.0045,0.3568,89.97,0.19,0.0,0.0,0.545
6663.559,0.065,-0.0,-0.0045,0.3568,89.97,0.19,0.0,0.0,0.545
6663.56,0.066,-0.0,-0.0045,0.3568,89.97,0.19,0.0,0.0,0.545
6663.56,0.066,-0.0,-0.0045,0.3568,89.97,0.19,0.0,0.0,0.545
6663.561,0.067,-0.0,-0.0045,0.3568,89.97,0.19,0.0,0.0,0.545
6663.562,0.068,-0.0,-0.0045,0.3568,89.97,0.19,0.0,0.0,0.545
6663.563,0.069,-0.0,-0.0045,0.3568,89.97,0.19,0.0,0.0,0.545
6663.564,0.07,-0.0,-0.0045,0.3568,89.97,0.19,0.0,0.0,0.545
6663.565,0.071,-0.0,-0.0045,0.3568,89.97,0.19,0.0,0.0,0.545
6663.566,0.072,-0.0,-0.0045,0.3568,89.97,0.19,0.0,0.0,0.545
6663.567,0.073,-0.0,-0.0045,0.3568,89.97,0.19,0.0,0.0,0.545
6663.568,0.074,-0.0,-0.0045,0.3568,89.97,0.19,0.0,0.0,0.545
6663.569,0.075,-0.0,-0.0045,0.3568,89.97,0.19,0.0,0.0,0.545
6663.569,0.075,-0.0,-0.0045,0.3568,89.97,0.19,0.0,0.0,0.545
6663.57,0.076,-0.0,-0.0045,0.3568,89.97,0.19,0.0,0.0,0.545
6663.571,0.077,-0.0,-0.0045,0.3568,89.97,0.19,0.0,0.0,0.545
6663.601,0.107,-0.0,-0.0045,0.3568,89.97,0.19,0.0,0.0,0.545
6663.701,0.207,-0.0,-0.0045,0.3568,89.97,0.19,0.0,0.0052,0.545
6663.801,0.307,-0.0,-0.0045,0.3568,89.97,0.19,0.0,0.0063,0.545
6663.901,0.407,-0.0,-0.0045,0.3568,89.97,0.19,0.0,0.0093,0.545
6664.001,0.507,-0.0,-0.0045,0.3568,89.97,0.19,0.0002,0.0137,0.545
6664.101,0.607,-0.0,-0.0045,0.3568,89.97,0.19,0.0003,0.0176,0.545
6664.201,0.707,-0.0,-0.0045,0.3568,89.97,0.19,0.0,0.0204,0.545
6664.301,0.807,-0.0,-0.0045,0.3568,89.97,0.19,0.0,0.0207,0.545
6664.401,0.908,-0.0,-0.0045,0.3568,89.97,0.19,0.0,0.0229,0.545
6664.501,1.01,-0.0,-0.0045,0.3568,89.97,0.19,0.0004,0.0239,0.545
6664.601,1.11,-0.0,-0.0045,0.3568,89.97,0.19,0.0003,0.0242,0.545
6664.701,1.213,-0.0,-0.0045,0.3568,89.97,0.19,0.0001,0.0275,0.545
6664.801,1.313,-0.0,-0.0045,0.3568,89.97,0.19,0.0,0.0327,0.545
6664.901,1.413,-0.0,-0.0045,0.3568,89.97,0.19,0.0,0.036,0.545
6665.001,1.512,-0.0,-0.0045,0.3568,89.97,0.19,0.0001,0.0367,0.545
6665.101,1.612,-0.0,-0.0045,0.3568,89.97,0.19,0.0004,0.0367,0.545
6665.201,1.712,-0.0,-0.0045,0.3568,89.97,0.19,0.0,0.0369,0.545
6665.301,1.812,-0.0,-0.0045,0.3568,89.97,0.19,0.0,0.035,0.545
6665.401,1.912,-0.0,-0.0045,0.3568,89.97,0.19,0.0,0.0364,0.545
6665.501,2.012,-0.0,-0.0045,0.3568,89.97,0.19,0.0,0.0347,0.545
6665.601,2.113,-0.0,-0.0045,0.3568,89.97,0.19,0.0002,0.0335,0.545
6665.701,2.213,-0.0,-0.0045,0.3568,89.97,0.19,0.0001,0.0363,0.545
6665.801,2.316,-0.0,-0.0045,0.3568,89.97,0.19,0.0003,0.0369,0.545
6665.901,2.416,-0.0,-0.0045,0.3568,89.96,0.19,0.0011,0.037,0.545
6666.001,2.518,-0.0,-0.0045,0.3568,89.97,0.19,0.0002,0.0386,0.545
6666.101,2.618,-0.0,-0.0045,0.3568,89.95,0.19,0.0001,0.04,0.545
6666.201,2.718,-0.0,-0.0045,0.3569,89.93,0.19,0.0,0.0445,0.545
6666.301,2.82,-0.0001,-0.0045,0.3569,89.96,0.19,0.0,0.0424,0.544
6666.401,2.92,-0.0001,-0.0045,0.3569,89.96,0.19,0.0,0.044,0.545
6666.501,3.02,-0.0,-0.0045,0.3569,89.94,0.19,0.0,0.0432,0.545
6666.601,3.12,-0.0001,-0.0045,0.3569,89.94,0.19,0.0,0.0444,0.545
6666.701,3.22,-0.0001,-0.0046,0.357,89.98,0.2,0.0001,0.0423,0.545
6666.801,3.32,-0.0001,-0.0046,0.357,89.99,0.2,0.0,0.0471,0.545
6666.901,3.421,-0.0002,-0.0046,0.3571,90.05,0.2,0.0,0.047,0.545
6667.001,3.521,-0.0002,-0.0047,0.3571,90.11,0.21,0.0002,0.0477,0.545
6667.101,3.621,-0.0002,-0.0047,0.3572,90.1,0.21,0.0002,0.046,0.546
6667.201,3.721,-0.0001,-0.0048,0.3573,89.93,0.2,0.0006,0.0449,0.546
6667.301,3.821,-0.0001,-0.0049,0.3573,89.91,0.2,0.0003,0.038,0.544
6667.401,3.922,-0.0002,-0.0049,0.3574,90.03,0.21,0.0009,0.0416,0.544
6667.501,4.023,-0.0001,-0.005,0.3575,89.86,0.2,0.0,0.0413,0.545
6667.601,4.123,-0.0001,-0.005,0.3576,90.0,0.21,0.0001,0.043,0.544
6667.701,4.222,-0.0001,-0.005,0.3576,90.03,0.21,0.0,0.0416,0.545
6667.801,4.323,-0.0001,-0.005,0.3577,89.96,0.21,0.0005,0.0404,0.545
6667.901,4.423,-0.0001,-0.0051,0.3577,89.96,0.21,0.0,0.0427,0.545
6668.001,4.525,-0.0001,-0.0051,0.3578,89.94,0.21,0.0,0.0422,0.545
6668.101,4.625,-0.0,-0.0051,0.3578,89.92,0.21,0.0,0.0456,0.545
6668.201,4.726,-0.0001,-0.0051,0.3579,89.98,0.21,0.0,0.0479,0.544
6668.301,4.826,-0.0001,-0.0051,0.3579,89.96,0.21,0.0005,0.0481,0.545
6668.401,4.926,-0.0002,-0.0051,0.3579,89.98,0.21,0.0,0.0499,0.545
6668.501,5.026,-0.0002,-0.0051,0.358,90.04,0.22,0.0005,0.055,0.545
6668.601,5.126,-0.0003,-0.0051,0.358,90.16,0.22,0.0012,0.0478,0.545
6668.701,5.226,-0.0003,-0.0046,0.3572,90.39,0.14,0.0014,0.0488,0.546
6668.801,5.326,-0.0001,-0.0044,0.357,90.58,0.19,0.0014,0.0566,0.547
6668.901,5.426,0.0002,-0.0048,0.3564,90.9,0.1,0.0006,0.0574,0.548
6669.001,5.526,-0.001,-0.0044,0.3563,91.35,0.16,0.0003,0.0644,0.55
6669.101,5.626,-0.0032,-0.0054,0.3569,91.78,0.27,0.002,0.0684,0.553
6669.201,5.726,-0.0051,-0.0047,0.3552,91.93,0.29,0.0003,0.0739,0.557
6669.301,5.826,-0.0063,-0.0044,0.3563,92.05,0.37,0.0022,0.0662,0.56
6669.401,5.927,-0.007,-0.0036,0.3569,92.59,0.31,0.0009,0.063,0.562
6669.501,6.028,-0.0076,-0.0054,0.3585,93.12,0.32,0.0018,0.0732,0.566
6669.601,6.128,-0.008,-0.0077,0.3571,93.47,0.29,0.0002,0.0692,0.569
6669.701,6.228,-0.0068,-0.0087,0.3573,93.37,0.19,0.0001,0.0727,0.572
6669.801,6.328,-0.0042,-0.0092,0.3573,93.72,0.09,0.0,0.0628,0.571
6669.901,6.43,-0.0028,-0.0086,0.3576,94.43,0.17,0.0,0.0704,0.571
6670.001,6.53,-0.0019,-0.0086,0.3582,94.94,0.16,0.0004,0.0893,0.573
6670.101,6.63,-0.0012,-0.0076,0.3571,95.22,0.12,0.0003,0.0834,0.575
6670.201,6.73,-0.0005,-0.0088,0.3577,95.42,0.14,0.0053,0.0847,0.576
6670.301,6.833,-0.0005,-0.0098,0.3582,95.93,0.08,0.0037,0.0656,0.577
6670.401,6.933,-0.0019,-0.0117,0.3595,96.45,0.21,0.0051,0.0784,0.579
6670.501,7.034,-0.004,-0.0132,0.3571,96.7,0.28,0.0027,0.0809,0.583
6670.601,7.134,-0.005,-0.0134,0.357,96.96,0.35,0.0016,0.0755,0.586
6670.701,7.234,-0.0053,-0.0131,0.3575,97.29,0.27,0.0017,0.0699,0.589
6670.801,7.334,-0.006,-0.013,0.3582,97.96,0.29,0.0028,0.0729,0.591
6670.901,7.434,-0.0067,-0.0147,0.3584,98.3,0.33,0.0064,0.0894,0.595
6671.001,7.536,-0.0066,-0.0143,0.3569,98.57,0.25,0.004,0.0903,0.598
6671.101,7.637,-0.0056,-0.014,0.3573,98.92,0.18,0.0078,0.0878,0.6
6671.201,7.737,-0.0049,-0.0128,0.3581,99.43,0.18,0.0088,0.0802,0.601
6671.301,7.837,-0.0048,-0.0128,0.3595,99.97,0.24,0.0101,0.0817,0.603
6671.401,7.936,-0.0047,-0.0122,0.3593,100.4,0.14,0.0106,0.0844,0.606
6671.501,8.036,-0.0038,-0.0112,0.3597,100.64,0.18,0.0094,0.0992,0.609
6671.601,8.137,-0.0027,-0.0106,0.3592,101.14,0.1,0.0106,0.0926,0.609
6671.701,8.237,-0.0032,-0.0099,0.3594,101.84,0.18,0.0107,0.1005,0.611
6671.801,8.337,-0.0044,-0.0102,0.3596,102.37,0.25,0.0133,0.1119,0.616
6671.901,8.437,-0.0055,-0.0087,0.3582,102.66,0.25,0.0148,0.1145,0.619
6672.001,8.538,-0.0063,-0.0081,0.3588,102.8,0.3,0.0186,0.0991,0.622
6672.101,8.638,-0.008,-0.0061,0.3581,103.4,0.28,0.0207,0.0745,0.624
6672.201,8.738,-0.0097,-0.0062,0.3599,104.29,0.4,0.0215,0.0789,0.628
6672.301,8.838,-0.0113,-0.0058,0.3585,104.66,0.35,0.02,0.1242,0.635
6672.401,8.938,-0.0115,-0.0035,0.3591,104.73,0.36,0.0165,0.1233,0.64
6672.501,9.038,-0.0116,-0.0009,0.3586,105.45,0.29,0.0206,0.0961,0.64
6672.601,9.138,-0.0121,0.0009,0.3594,106.25,0.3,0.0215,0.1009,0.645
6672.701,9.238,-0.0122,0.0013,0.3596,106.61,0.29,0.0244,0.1037,0.651
6672.801,9.338,-0.0118,0.0038,0.3583,106.99,0.18,0.0235,0.0875,0.654
6672.901,9.438,-0.0107,0.0053,0.3588,107.3,0.12,0.0249,0.0824,0.653
6673.001,9.538,-0.0104,0.0079,0.3575,107.93,0.14,0.0262,0.0762,0.65
6673.101,9.638,-0.0112,0.0095,0.3592,108.64,0.25,0.0263,0.1063,0.649
6673.201,9.738,-0.0127,0.0121,0.3592,108.76,0.2,0.0261,0.1336,0.645
6673.301,9.839,-0.0135,0.0152,0.3601,109.12,0.28,0.0265,0.1082,0.642
6673.401,9.939,-0.0148,0.0178,0.3594,109.98,0.23,0.0271,0.0915,0.638
6673.501,10.04,-0.0176,0.0199,0.3601,110.81,0.31,0.0272,0.1018,0.632
6673.601,10.141,-0.0201,0.02,0.3602,111.3,0.38,0.0312,0.1057,0.626
6673.701,10.241,-0.022,0.0225,0.3588,111.62,0.36,0.0273,0.1068,0.623
6673.801,10.343,-0.0235,0.0249,0.3592,112.03,0.34,0.0287,0.0982,0.62
6673.901,10.443,-0.0253,0.0281,0.3587,112.73,0.33,0.0299,0.0956,0.615
6674.001,10.543,-0.0262,0.0289,0.3601,113.32,0.37,0.0312,0.096,0.611
6674.101,10.643,-0.0266,0.0305,0.3603,113.75,0.25,0.0298,0.0989,0.609
6674.201,10.743,-0.0259,0.0337,0.3609,114.0,0.18,0.0254,0.1101,0.605
6674.301,10.843,-0.025,0.0371,0.3602,114.56,0.13,0.0274,0.0876,0.604
6674.401,10.943,-0.0259,0.0401,0.3606,115.22,0.25,0.0253,0.0957,0.6
6674.501,11.045,-0.0269,0.0425,0.3601,115.73,0.21,0.0276,0.0961,0.598
6674.601,11.145,-0.0282,0.046,0.3583,116.03,0.22,0.0271,0.0986,0.594
6674.701,11.245,-0.0291,0.0474,0.3584,116.47,0.17,0.0317,0.0877,0.591
6674.801,11.345,-0.0315,0.0493,0.3574,117.05,0.19,0.0306,0.0839,0.588
6674.901,11.445,-0.0343,0.0489,0.3588,117.57,0.35,0.0306,0.0856,0.584
6675.001,11.545,-0.0372,0.049,0.3606,117.94,0.38,0.0294,0.0854,0.58
6675.101,11.645,-0.0393,0.0522,0.3614,118.15,0.42,0.0259,0.0867,0.577
6675.201,11.745,-0.0417,0.0564,0.3618,118.56,0.36,0.027,0.0805,0.573
6675.301,11.845,-0.0438,0.0593,0.3625,119.11,0.39,0.0322,0.0818,0.568
6675.401,11.945,-0.0446,0.0609,0.3623,119.52,0.35,0.0352,0.086,0.563
6675.501,12.045,-0.045,0.0649,0.3608,119.78,0.21,0.0334,0.0826,0.561
6675.601,12.145,-0.0446,0.068,0.3608,120.12,0.15,0.0353,0.0806,0.559
6675.701,12.248,-0.0459,0.0717,0.3597,120.6,0.17,0.0324,0.075,0.555
6675.801,12.348,-0.0472,0.074,0.3609,121.08,0.23,0.032,0.0749,0.552
6675.901,12.448,-0.0486,0.0774,0.3611,121.43,0.11,0.0315,0.081,0.548
6676.001,12.548,-0.0491,0.0805,0.3617,121.59,0.19,0.0299,0.0796,0.544
6676.101,12.648,-0.0498,0.083,0.3606,122.06,0.09,0.0304,0.075,0.542
6676.201,12.75,-0.0526,0.0847,0.3611,122.78,0.21,0.0264,0.0807,0.539
6676.301,12.851,-0.0554,0.0852,0.3608,122.92,0.25,0.0253,0.0795,0.536
6676.401,12.952,-0.058,0.0872,0.3596,123.17,0.31,0.0231,0.0794,0.532
6676.501,13.052,-0.0604,0.0887,0.3597,123.47,0.36,0.0215,0.0661,0.529
6676.601,13.152,-0.0632,0.0903,0.3593,124.1,0.33,0.0199,0.0672,0.525
6676.701,13.252,-0.0642,0.0892,0.3601,124.2,0.42,0.0186,0.0625,0.521
6676.801,13.352,-0.0647,0.0885,0.3579,124.73,0.36,0.0135,0.07,0.522
6676.901,13.452,-0.0641,0.0894,0.3585,124.83,0.27,0.0095,0.0739,0.52
6677.001,13.552,-0.0629,0.0917,0.358,125.1,0.11,0.0063,0.0658,0.52
6677.101,13.652,-0.062,0.0933,0.3589,125.78,0.21,0.007,0.0638,0.519
6677.201,13.752,-0.0614,0.0945,0.3588,126.21,0.16,0.0089,0.0576,0.518
6677.301,13.852,-0.0609,0.0964,0.3581,126.18,0.18,0.0066,0.0666,0.518
6677.401,13.953,-0.0593,0.0968,0.3582,126.13,0.2,0.0088,0.0489,0.516
6677.501,14.053,-0.0599,0.0976,0.3573,126.72,0.13,0.0079,0.0394,0.517
6677.601,14.153,-0.0612,0.0968,0.3583,126.99,0.16,0.0077,0.0531,0.516
6677.701,14.253,-0.0635,0.0964,0.3585,127.19,0.23,0.0093,0.0613,0.516
6677.801,14.353,-0.0654,0.0968,0.3593,127.35,0.39,0.0072,0.0634,0.513
6677.901,14.453,-0.0676,0.0979,0.3588,127.72,0.32,0.0082,0.0601,0.511
6678.001,14.553,-0.0691,0.0976,0.3597,128.23,0.35,0.0083,0.0633,0.508
6678.101,14.653,-0.0691,0.0957,0.3596,128.55,0.35,0.0091,0.0714,0.507
6678.201,14.755,-0.0686,0.0961,0.3587,128.69,0.25,0.0055,0.0757,0.507
6678.301,14.855,-0.067,0.097,0.3588,128.99,0.13,0.0017,0.0739,0.508
6678.401,14.955,-0.0666,0.0984,0.3584,129.55,0.15,0.0003,0.0699,0.508
6678.501,15.055,-0.0657,0.0985,0.3593,130.02,0.18,0.0012,0.0751,0.507
6678.601,15.155,-0.0655,0.0988,0.3593,130.28,0.11,0.0037,0.0764,0.507
6678.701,15.255,-0.0644,0.099,0.3598,130.52,0.15,0.0045,0.0759,0.507
6678.801,15.355,-0.0635,0.0994,0.3596,130.92,0.08,0.0032,0.0644,0.507
6678.901,15.455,-0.0646,0.0989,0.3603,131.41,0.18,0.0024,0.0665,0.508
6679.001,15.555,-0.0657,0.0974,0.3599,131.81,0.25,0.003,0.0682,0.506
6679.101,15.655,-0.0668,0.0973,0.3589,131.97,0.3,0.0028,0.0715,0.506
6679.201,15.756,-0.0677,0.0973,0.3589,132.25,0.29,0.0023,0.0675,0.506
6679.301,15.856,-0.0692,0.0975,0.3584,132.72,0.26,0.0026,0.0641,0.504
6679.401,15.956,-0.0688,0.0957,0.3593,133.14,0.3,0.0034,0.0712,0.504
6679.501,16.057,-0.0687,0.0944,0.3579,133.38,0.28,0.0044,0.0731,0.505
6679.601,16.157,-0.0679,0.0945,0.3584,133.59,0.23,0.0026,0.0709,0.505
6679.701,16.257,-0.0672,0.0957,0.3594,133.99,0.15,0.0032,0.067,0.507
6679.801,16.357,-0.0675,0.0961,0.3603,134.51,0.23,0.003,0.069,0.505
6679.901,16.457,-0.0675,0.096,0.3589,134.84,0.21,0.0035,0.0773,0.505
6680.001,16.557,-0.0677,0.0969,0.3576,135.03,0.2,0.0016,0.0761,0.504
6680.101,16.657,-0.067,0.0969,0.3578,135.34,0.17,0.0049,0.0727,0.504
6680.201,16.758,-0.0679,0.0968,0.3576,135.91,0.16,0.0048,0.0704,0.505
6680.301,16.858,-0.0681,0.0948,0.3585,136.37,0.26,0.0051,0.0649,0.504
6680.401,16.958,-0.069,0.0934,0.3571,136.59,0.29,0.0032,0.0682,0.505
6680.501,17.058,-0.0696,0.0933,0.3578,136.76,0.33,0.0035,0.0678,0.505
6680.601,17.158,-0.0705,0.0943,0.3575,137.2,0.25,0.0032,0.0609,0.505
6680.701,17.258,-0.071,0.0944,0.3589,137.7,0.28,0.0041,0.0622,0.503
6680.801,17.359,-0.0707,0.0937,0.358,137.92,0.25,0.0035,0.0666,0.504
6680.901,17.46,-0.0703,0.0943,0.3572,138.08,0.2,0.0018,0.0677,0.505
6681.001,17.559,-0.0689,0.0947,0.3576,138.31,0.15,0.0043,0.0631,0.504
6681.101,17.659,-0.0693,0.0951,0.3575,138.71,0.14,0.0025,0.0594,0.504
6681.201,17.759,-0.0689,0.0942,0.3585,139.07,0.2,0.0022,0.0584,0.504
6681.301,17.86,-0.069,0.0938,0.3579,139.34,0.17,0.0014,0.0624,0.505
6681.401,17.96,-0.0684,0.0937,0.3587,139.52,0.2,0.0019,0.0657,0.507
6681.501,18.06,-0.068,0.0941,0.3581,139.92,0.13,0.0012,0.0636,0.506
6681.601,18.16,-0.0682,0.0934,0.3592,140.4,0.22,0.0031,0.0666,0.507
6681.701,18.26,-0.0683,0.0921,0.3588,140.71,0.23,0.0039,0.0711,0.507
6681.801,18.361,-0.0688,0.0924,0.3582,140.92,0.22,0.0032,0.0713,0.509
6681.901,18.461,-0.0688,0.0927,0.3588,141.23,0.2,0.0057,0.0714,0.507
6682.001,18.562,-0.0704,0.0928,0.359,141.74,0.21,0.0028,0.0711,0.509
6682.101,18.661,-0.0704,0.0914,0.3598,142.16,0.25,0.0054,0.0717,0.506
6682.201,18.761,-0.0706,0.091,0.3588,142.41,0.2,0.0055,0.0793,0.508
6682.301,18.861,-0.07,0.0911,0.3593,142.68,0.21,0.0042,0.0775,0.509
6682.401,18.961,-0.0697,0.0917,0.3603,143.04,0.16,0.004,0.0729,0.509
6682.501,19.061,-0.0701,0.0911,0.3615,143.65,0.24,0.0041,0.0691,0.509
6682.601,19.161,-0.07,0.0898,0.3608,143.98,0.24,0.0041,0.0788,0.511
6682.701,19.263,-0.0703,0.0901,0.3599,144.22,0.23,0.0035,0.0709,0.512
6682.801,19.364,-0.07,0.0903,0.3607,144.53,0.21,0.0035,0.0709,0.511
6682.901,19.463,-0.0714,0.0901,0.3608,145.07,0.23,0.0028,0.0661,0.512
6683.001,19.565,-0.0712,0.0883,0.3611,145.42,0.29,0.0015,0.0763,0.511
6683.101,19.665,-0.0714,0.0872,0.3568,145.78,0.25,0.0,0.0785,0.513
6683.201,19.765,-0.0709,0.0862,0.3571,146.14,0.29,0.0027,0.0792,0.514
6683.301,19.865,-0.0712,0.0862,0.3592,146.34,0.28,0.0034,0.0748,0.516
6683.401,19.967,-0.0713,0.0847,0.3606,146.93,0.33,0.006,0.0824,0.516
6683.501,20.068,-0.0707,0.0827,0.3594,147.3,0.34,0.0035,0.0797,0.518
6683.601,20.168,-0.0708,0.0832,0.3587,147.55,0.28,0.003,0.0788,0.52
6683.701,20.268,-0.0706,0.0846,0.3587,147.91,0.19,0.0024,0.0739,0.52
6683.801,20.368,-0.0717,0.0859,0.3587,148.51,0.21,0.0057,0.0755,0.519
6683.901,20.468,-0.0712,0.0864,0.3593,148.89,0.2,0.007,0.074,0.519
6684.001,20.568,-0.0714,0.0876,0.3579,149.13,0.12,0.0067,0.0695,0.519
6684.101,20.668,-0.0702,0.0882,0.3586,149.39,0.16,0.005,0.0658,0.52
6684.201,20.768,-0.07,0.0887,0.3583,149.76,0.09,0.0027,0.0657,0.52
6684.301,20.868,-0.0706,0.0877,0.3597,150.29,0.17,0.0021,0.07,0.52
6684.401,20.968,-0.071,0.0861,0.359,150.54,0.19,0.0034,0.0677,0.521
6684.501,21.069,-0.0717,0.0855,0.3586,150.69,0.28,0.0063,0.0661,0.523
6684.601,21.169,-0.0722,0.0852,0.359,151.03,0.23,0.0039,0.0617,0.523
6684.701,21.269,-0.074,0.0848,0.3592,151.54,0.25,0.0042,0.0642,0.524
6684.801,21.369,-0.0737,0.0832,0.3597,151.83,0.3,0.0042,0.0642,0.525
6684.901,21.469,-0.074,0.0825,0.3575,152.05,0.24,0.0015,0.072,0.527
6685.001,21.569,-0.0737,0.0823,0.358,152.31,0.27,0.0015,0.0658,0.528
6685.101,21.669,-0.074,0.0825,0.3598,152.66,0.24,0.0026,0.0717,0.529
6685.201,21.769,-0.0737,0.0813,0.361,153.21,0.29,0.0039,0.0773,0.529
6685.301,21.871,-0.0727,0.0799,0.36,153.54,0.27,0.0023,0.0811,0.531
6685.401,21.971,-0.0723,0.0803,0.3594,153.74,0.24,0.0024,0.0739,0.533
6685.501,22.071,-0.0716,0.0814,0.3598,154.05,0.17,0.0021,0.0722,0.533
6685.601,22.173,-0.0727,0.0819,0.3598,154.62,0.2,0.0042,0.0785,0.533
6685.701,22.274,-0.0724,0.0816,0.3601,155.08,0.21,0.0055,0.0795,0.535
6685.801,22.374,-0.0728,0.0821,0.3588,155.29,0.16,0.0033,0.0798,0.536
6685.901,22.475,-0.0722,0.0826,0.3591,155.62,0.18,0.0039,0.0733,0.536
6686.001,22.576,-0.0725,0.0829,0.3606,156.06,0.13,0.003,0.0735,0.537
6686.101,22.676,-0.0728,0.0817,0.3618,156.62,0.2,0.006,0.0776,0.538
6686.201,22.776,-0.0728,0.0801,0.3607,156.94,0.2,0.0046,0.073,0.54
6686.301,22.876,-0.073,0.0797,0.3602,157.19,0.27,0.003,0.065,0.542
6686.401,22.976,-0.0733,0.0798,0.3603,157.5,0.22,0.0012,0.0642,0.542
6686.501,23.076,-0.0747,0.0793,0.3603,158.01,0.24,0.0043,0.067,0.543
6686.601,23.177,-0.0741,0.0779,0.3604,158.37,0.25,0.0031,0.0715,0.544
6686.701,23.277,-0.0743,0.0775,0.3583,158.57,0.24,0.0026,0.0679,0.547
6686.801,23.378,-0.0739,0.0776,0.3585,158.87,0.24,0.0011,0.0599,0.547
6686.901,23.483,-0.0743,0.0785,0.3597,159.23,0.18,0.0016,0.0634,0.548
6687.001,23.583,-0.074,0.0785,0.3608,159.7,0.22,0.0043,0.0672,0.548
6687.101,23.685,-0.0734,0.0785,0.3598,159.98,0.12,0.0124,0.074,0.55
6687.201,23.784,-0.0728,0.0796,0.3599,160.16,0.18,0.0192,0.0649,0.551
6687.301,23.884,-0.0724,0.0814,0.3599,160.46,0.19,0.0234,0.0584,0.551
6687.401,23.985,-0.0761,0.0817,0.3603,160.95,0.2,0.0315,0.0594,0.551
6687.501,24.084,-0.0797,0.0812,0.361,161.26,0.26,0.0367,0.0623,0.55
6687.601,24.185,-0.0854,0.0822,0.3601,161.51,0.28,0.0406,0.0674,0.551
6687.701,24.286,-0.0912,0.0829,0.3611,161.74,0.42,0.0455,0.066,0.547
6687.801,24.386,-0.0986,0.0838,0.3604,162.26,0.34,0.0475,0.0689,0.544
6687.901,24.486,-0.1033,0.0844,0.3622,162.61,0.36,0.0513,0.0729,0.541
6688.001,24.586,-0.1068,0.0861,0.362,162.93,0.2,0.0498,0.0799,0.54
6688.101,24.686,-0.1096,0.0888,0.3625,163.14,0.26,0.0509,0.0804,0.538
6688.201,24.786,-0.1126,0.0915,0.3616,163.53,0.2,0.0467,0.0814,0.535
6688.301,24.886,-0.1184,0.0924,0.3616,164.13,0.27,0.0473,0.0823,0.533
6688.401,24.986,-0.1233,0.093,0.3623,164.59,0.27,0.0475,0.087,0.532
6688.501,25.086,-0.1291,0.0947,0.3613,164.81,0.27,0.0486,0.0858,0.531
6688.601,25.186,-0.1337,0.0954,0.3617,165.21,0.3,0.0499,0.0847,0.529
6688.701,25.286,-0.1398,0.0956,0.3616,165.62,0.27,0.0534,0.0865,0.527
6688.801,25.386,-0.1442,0.0948,0.3632,166.37,0.33,0.0544,0.0933,0.526
6688.901,25.486,-0.1486,0.0946,0.3635,166.57,0.26,0.0514,0.0899,0.528
6689.001,25.587,-0.1537,0.0962,0.364,166.65,0.36,0.0518,0.0727,0.528
6689.101,25.687,-0.1596,0.0979,0.3637,167.03,0.28,0.0512,0.0735,0.524
6689.201,25.787,-0.1669,0.0981,0.3637,167.49,0.35,0.0564,0.0801,0.522
6689.301,25.887,-0.1722,0.0986,0.3638,168.1,0.32,0.0576,0.0936,0.521
6689.401,25.987,-0.1784,0.1003,0.3619,168.87,0.26,0.0576,0.1159,0.522
6689.501,26.087,-0.1832,0.1015,0.3622,169.01,0.28,0.0559,0.1001,0.521
6689.601,26.187,-0.1894,0.102,0.3628,169.49,0.26,0.0555,0.0952,0.519
6689.701,26.287,-0.1944,0.1015,0.364,169.87,0.33,0.0599,0.0915,0.519
6689.801,26.388,-0.1997,0.1014,0.3627,170.49,0.22,0.0568,0.0931,0.52
6689.901,26.488,-0.2054,0.1027,0.3627,170.87,0.34,0.0611,0.0881,0.521
6690.001,26.588,-0.2121,0.104,0.3637,171.22,0.27,0.0604,0.0867,0.521
6690.101,26.688,-0.219,0.1035,0.3642,171.96,0.34,0.068,0.0982,0.519
6690.201,26.789,-0.2274,0.1028,0.3647,172.56,0.37,0.0691,0.098,0.521
6690.301,26.889,-0.2361,0.1036,0.363,172.96,0.35,0.072,0.0913,0.523
6690.401,26.989,-0.2446,0.1044,0.3632,173.3,0.4,0.0724,0.0833,0.522
6690.501,27.089,-0.2548,0.104,0.3639,173.78,0.38,0.0756,0.0827,0.522
6690.601,27.189,-0.2621,0.1037,0.3651,174.3,0.36,0.0812,0.0817,0.523
6690.701,27.291,-0.2693,0.1046,0.3646,174.67,0.25,0.0777,0.0808,0.525
6690.801,27.392,-0.2762,0.1067,0.3646,174.95,0.32,0.0793,0.0769,0.525
6690.901,27.491,-0.2841,0.1088,0.3635,175.32,0.21,0.0751,0.0741,0.524
6691.001,27.591,-0.2933,0.1088,0.3635,175.83,0.33,0.0777,0.0732,0.523
6691.101,27.691,-0.3018,0.1089,0.3632,176.22,0.29,0.0789,0.0759,0.524
6691.201,27.798,-0.3113,0.1098,0.3619,176.43,0.32,0.0814,0.0766,0.526
6691.301,27.898,-0.3198,0.1101,0.3627,176.69,0.38,0.081,0.0699,0.525
6691.401,27.999,-0.3296,0.1087,0.3635,177.22,0.32,0.081,0.0729,0.526
6691.501,28.1,-0.337,0.1069,0.3647,177.69,0.38,0.0836,0.0746,0.53
6691.601,28.2,-0.3453,0.1057,0.3635,177.98,0.34,0.0813,0.0731,0.534
6691.701,28.301,-0.3539,0.1056,0.3639,178.21,0.46,0.0858,0.0646,0.537
6691.801,28.401,-0.3642,0.1055,0.3646,178.57,0.41,0.0858,0.0637,0.539
6691.901,28.504,-0.374,0.1042,0.3655,179.06,0.45,0.0889,0.0634,0.541
6692.001,28.604,-0.3826,0.1037,0.3652,179.4,0.37,0.0881,0.0627,0.545
6692.101,28.704,-0.3928,0.1051,0.3641,179.55,0.33,0.0881,0.0658,0.547
6692.201,28.804,-0.4027,0.1065,0.3642,179.81,0.33,0.0889,0.0591,0.547
6692.301,28.905,-0.4142,0.106,0.364,-179.76,0.31,0.0912,0.0578,0.548
6692.401,29.005,-0.4239,0.1054,0.3647,-179.38,0.3,0.0935,0.0521,0.55
6692.501,29.105,-0.4346,0.1057,0.3641,-179.16,0.26,0.0902,0.0483,0.553
6692.601,29.207,-0.4436,0.106,0.3645,-179.03,0.34,0.0951,0.0415,0.554
6692.701,29.307,-0.4532,0.1051,0.3658,-178.81,0.24,0.0906,0.0392,0.555
6692.801,29.406,-0.4623,0.102,0.3663,-178.43,0.39,0.0922,0.0414,0.556
6692.901,29.509,-0.4709,0.0987,0.3648,-178.22,0.46,0.0888,0.0428,0.561
6693.001,29.61,-0.4816,0.0973,0.3631,-178.16,0.52,0.0902,0.0406,0.565
6693.101,29.709,-0.4936,0.0962,0.3633,-178.03,0.54,0.0922,0.0325,0.567
6693.201,29.809,-0.5061,0.0947,0.3633,-177.71,0.49,0.0982,0.0324,0.569
6693.301,29.909,-0.5152,0.0944,0.3638,-177.5,0.38,0.0998,0.0303,0.572
6693.401,30.011,-0.5252,0.0951,0.3621,-177.39,0.24,0.095,0.0274,0.574
6693.501,30.109,-0.5339,0.0967,0.3626,-177.36,0.26,0.095,0.0183,0.575
6693.601,30.209,-0.5435,0.0976,0.363,-177.26,0.19,0.0936,0.0164,0.574
6693.701,30.309,-0.5535,0.0961,0.3635,-177.0,0.29,0.0946,0.0178,0.573
6693.801,30.409,-0.5641,0.0942,0.3624,-176.92,0.27,0.0952,0.02,0.576
6693.901,30.509,-0.576,0.0937,0.3616,-176.98,0.34,0.0961,0.0131,0.578
6694.001,30.609,-0.5879,0.0927,0.3616,-176.95,0.33,0.0974,0.0043,0.578
6694.101,30.709,-0.6006,0.0905,0.3611,-176.77,0.35,0.098,0.0053,0.579
6694.201,30.809,-0.6104,0.0889,0.3618,-176.68,0.35,0.0955,0.0092,0.582
6694.301,30.911,-0.6206,0.0889,0.3609,-176.72,0.23,0.0811,0.0089,0.584
6694.401,31.012,-0.6285,0.089,0.3618,-176.78,0.27,0.0733,0.0047,0.585
6694.501,31.111,-0.6359,0.0882,0.3629,-176.79,0.21,0.0623,0.0035,0.584
6694.601,31.211,-0.6401,0.0862,0.3632,-176.52,0.29,0.0549,0.0027,0.585
6694.701,31.311,-0.6445,0.0828,0.3621,-176.59,0.36,0.0401,0.0038,0.589
6694.801,31.411,-0.6485,0.0814,0.3609,-176.84,0.38,0.0251,-0.0068,0.591
6694.901,31.511,-0.652,0.0805,0.3605,-176.79,0.36,0.0146,-0.0021,0.591
6695.001,31.612,-0.6542,0.0798,0.3592,-176.61,0.31,0.0073,-0.0029,0.592
6695.101,31.712,-0.6528,0.0788,0.3587,-176.61,0.39,0.0005,-0.0089,0.594
6695.201,31.812,-0.6518,0.0784,0.3567,-176.61,0.23,0.0,-0.0126,0.594
6695.301,31.912,-0.6502,0.0799,0.357,-177.02,0.06,0.0,-0.0121,0.595
6695.401,32.016,-0.6497,0.0825,0.3563,-176.91,0.08,0.0,-0.0285,0.592
6695.501,32.116,-0.6496,0.083,0.3566,-176.71,0.05,0.0,-0.0245,0.591
6695.601,32.216,-0.6504,0.0816,0.356,-176.85,0.14,0.0001,-0.015,0.591
6695.701,32.316,-0.6517,0.081,0.3563,-177.52,0.15,0.0,-0.021,0.591
6695.801,32.417,-0.6531,0.0813,0.3561,-177.75,0.07,0.0006,-0.0454,0.588
6695.901,32.517,-0.6546,0.0809,0.3547,-177.77,0.14,0.0005,-0.0453,0.587
6696.001,32.617,-0.6541,0.0797,0.3556,-177.63,0.25,0.0001,-0.0365,0.587
6696.101,32.717,-0.6546,0.0784,0.3546,-178.0,0.17,0.0,-0.0391,0.588
6696.201,32.818,-0.6548,0.0784,0.3559,-178.49,0.23,0.0,-0.0696,0.588
6696.301,32.918,-0.6552,0.0793,0.3586,-178.59,0.11,0.0,-0.072,0.585
6696.401,33.02,-0.654,0.0797,0.3597,-178.23,0.17,0.0,-0.065,0.584
6696.501,33.12,-0.6526,0.0797,0.3587,-178.38,0.11,0.0,-0.0308,0.585
6696.601,33.222,-0.6519,0.0813,0.3588,-179.37,0.12,0.0,-0.0203,0.584
6696.701,33.322,-0.6508,0.0844,0.3591,-179.51,0.27,0.0,-0.0484,0.578
6696.801,33.423,-0.6522,0.0854,0.3584,-179.41,0.26,0.0,-0.04,0.574
6696.901,33.523,-0.6539,0.0849,0.3589,-179.34,0.15,0.0004,-0.0417,0.574
6697.001,33.623,-0.6564,0.0839,0.3582,-179.74,0.17,0.0003,-0.0208,0.574
6697.101,33.723,-0.6568,0.0822,0.3592,179.84,0.31,0.0036,-0.0348,0.573
6697.201,33.824,-0.6575,0.0806,0.3581,179.8,0.24,0.0006,-0.0324,0.572
6697.301,33.924,-0.6557,0.0788,0.359,179.98,0.35,0.0003,-0.0309,0.573
6697.401,34.027,-0.6534,0.0766,0.3582,179.97,0.32,0.0,-0.0222,0.575
6697.501,34.128,-0.6527,0.0765,0.3585,179.36,0.24,0.0,-0.0114,0.577
6697.601,34.227,-0.6529,0.0779,0.3589,178.96,0.13,0.0,-0.0326,0.574
6697.701,34.327,-0.6544,0.0785,0.3588,179.48,0.19,0.0,-0.0358,0.571
6697.801,34.427,-0.6547,0.0788,0.359,179.14,0.17,0.0001,-0.0145,0.573
6697.901,34.527,-0.6556,0.0795,0.358,178.98,0.13,0.0,-0.0324,0.571
6698.001,34.627,-0.6549,0.0804,0.3589,178.64,0.17,0.001,-0.0413,0.57
6698.101,34.729,-0.6548,0.081,0.359,178.52,0.11,0.0002,-0.0483,0.567
6698.201,34.829,-0.6543,0.0802,0.3597,178.46,0.13,0.0002,-0.0496,0.566
6698.301,34.93,-0.654,0.079,0.3595,178.19,0.12,0.0,-0.0457,0.566
6698.401,35.03,-0.6539,0.0787,0.36,177.78,0.23,0.0,-0.0459,0.566
6698.501,35.13,-0.6539,0.0789,0.3596,177.6,0.15,0.0,-0.0473,0.563
6698.601,35.23,-0.6545,0.0783,0.3589,177.54,0.2,0.0,-0.0407,0.562
6698.701,35.33,-0.6536,0.0769,0.359,177.4,0.26,0.0003,-0.0366,0.562
6698.801,35.43,-0.6541,0.0763,0.3583,177.03,0.2,0.0001,-0.0381,0.563
6698.901,35.53,-0.6541,0.0762,0.359,176.77,0.25,0.0003,-0.0478,0.561
6699.001,35.63,-0.6549,0.0767,0.3592,176.64,0.14,0.0,-0.0506,0.56
6699.101,35.73,-0.6543,0.0767,0.3599,176.54,0.18,0.0,-0.0553,0.559
6699.201,35.83,-0.6533,0.0766,0.3607,176.28,0.13,0.0,-0.0503,0.558
6699.301,35.93,-0.6525,0.0775,0.3612,175.79,0.18,0.0,-0.0516,0.557
6699.401,36.03,-0.6513,0.0791,0.3602,175.57,0.14,0.0,-0.0609,0.554
6699.501,36.135,-0.6516,0.0796,0.3589,175.44,0.19,0.0,-0.0577,0.551
6699.601,36.236,-0.6515,0.0792,0.3592,175.3,0.14,0.0006,-0.0582,0.55
6699.701,36.337,-0.6523,0.0792,0.359,174.87,0.16,0.0001,-0.057,0.549
6699.801,36.437,-0.6519,0.0791,0.3596,174.46,0.19,0.0009,-0.0592,0.547
6699.901,36.537,-0.6525,0.0791,0.3585,174.32,0.12,0.0001,-0.0717,0.545
6700.001,36.637,-0.652,0.0781,0.359,174.01,0.14,0.0001,-0.0603,0.544
6700.101,36.737,-0.6519,0.077,0.3595,173.72,0.12,0.0,-0.0605,0.543
6700.201,36.837,-0.6516,0.0768,0.3607,173.2,0.24,0.0,-0.0413,0.542
6700.301,36.937,-0.6515,0.0769,0.3583,173.12,0.12,0.0,-0.0569,0.54
6700.401,37.037,-0.6518,0.0763,0.3566,172.96,0.18,0.0,-0.0479,0.539
6700.501,37.137,-0.6508,0.0749,0.3572,172.83,0.22,0.0,-0.0531,0.539
6700.601,37.237,-0.6509,0.0748,0.3572,172.26,0.13,0.0,-0.0493,0.539
6700.701,37.337,-0.6504,0.0751,0.358,171.98,0.15,0.0,-0.0641,0.537
6700.801,37.437,-0.6511,0.076,0.3562,171.63,0.11,0.0,-0.0511,0.535
6700.901,37.538,-0.6507,0.0763,0.3574,171.57,0.14,0.0003,-0.0642,0.532
6701.001,37.64,-0.6507,0.0762,0.357,171.24,0.1,0.0001,-0.0447,0.532
6701.101,37.74,-0.65,0.0764,0.3582,170.81,0.19,0.0001,-0.0359,0.53
6701.201,37.841,-0.6491,0.077,0.3574,170.58,0.11,0.0,-0.0396,0.527
6701.301,37.941,-0.6491,0.0766,0.3571,170.53,0.14,0.0,-0.0437,0.526
6701.401,38.041,-0.6485,0.0752,0.3576,170.36,0.16,0.0001,-0.0408,0.526
6701.501,38.141,-0.649,0.0747,0.3575,169.94,0.15,0.0,-0.0438,0.526
6701.601,38.241,-0.6489,0.0744,0.3582,169.76,0.18,0.0001,-0.0518,0.524
6701.701,38.341,-0.6496,0.0745,0.3582,169.6,0.13,0.0001,-0.0519,0.523
6701.801,38.441,-0.649,0.0739,0.359,169.47,0.16,0.0004,-0.0505,0.522
6701.901,38.541,-0.6481,0.074,0.3609,169.25,0.1,0.0002,-0.0451,0.522
6702.001,38.641,-0.6465,0.0755,0.3617,168.84,0.19,0.0001,-0.0313,0.521
6702.101,38.741,-0.6444,0.0769,0.3608,168.64,0.24,0.0,-0.0452,0.518
6702.201,38.841,-0.6448,0.0765,0.3601,168.6,0.19,0.0,-0.0495,0.515
6702.301,38.942,-0.6452,0.075,0.3597,168.42,0.13,0.0,-0.0488,0.515
6702.401,39.042,-0.6469,0.0737,0.3589,168.0,0.22,0.0,-0.0501,0.515
6702.501,39.142,-0.6481,0.0722,0.3592,167.7,0.35,0.0003,-0.0569,0.514
6702.601,39.242,-0.6498,0.0712,0.3579,167.55,0.3,0.0001,-0.0578,0.514
6702.701,39.344,-0.6486,0.0698,0.3585,167.36,0.34,0.0012,-0.0548,0.514
6702.801,39.444,-0.6473,0.0689,0.3573,167.05,0.23,0.0002,-0.0525,0.514
6702.901,39.544,-0.6459,0.0696,0.3582,166.61,0.17,0.0001,-0.0543,0.514
6703.001,39.644,-0.6449,0.0711,0.3582,166.34,0.08,0.0,-0.06,0.511
6703.101,39.744,-0.6456,0.0715,0.3582,166.15,0.16,0.0,-0.058,0.508
6703.201,39.845,-0.6455,0.0713,0.3582,165.86,0.13,0.0001,-0.056,0.507
6703.301,39.945,-0.646,0.0716,0.358,165.46,0.16,0.0,-0.0534,0.505
6703.401,40.045,-0.6454,0.0718,0.3584,165.19,0.17,0.0011,-0.0572,0.503
6703.501,40.145,-0.6458,0.0719,0.3566,165.09,0.11,0.0002,-0.0599,0.502
6703.601,40.245,-0.6449,0.071,0.3574,164.82,0.13,0.0001,-0.0553,0.501
6703.701,40.345,-0.644,0.0708,0.3585,164.6,0.11,0.0,-0.0588,0.5
6703.801,40.445,-0.6424,0.0717,0.3597,164.18,0.19,0.0,-0.0562,0.5
6703.901,40.545,-0.6408,0.073,0.3577,163.74,0.21,0.0,-0.0613,0.497
6704.001,40.645,-0.6416,0.0729,0.357,163.74,0.21,0.0,-0.0715,0.493
6704.101,40.745,-0.6429,0.0718,0.3575,163.47,0.15,0.0005,-0.0704,0.493
6704.201,40.845,-0.645,0.0709,0.3578,162.83,0.22,0.0001,-0.057,0.493
6704.301,40.945,-0.6465,0.0692,0.3586,162.34,0.34,0.0021,-0.0789,0.49
6704.401,41.045,-0.6487,0.0675,0.3568,162.25,0.3,0.0021,-0.0796,0.489
6704.501,41.146,-0.6474,0.0651,0.3577,162.0,0.38,0.004,-0.0628,0.49
6704.601,41.246,-0.6452,0.0639,0.3584,161.62,0.19,0.0006,-0.0554,0.491
6704.701,41.346,-0.6429,0.0653,0.3594,161.2,0.06,0.0001,-0.0571,0.49
6704.801,41.446,-0.6407,0.0676,0.3585,160.91,0.16,0.0,-0.0591,0.487
6704.901,41.548,-0.6411,0.0687,0.3584,160.83,0.25,0.0,-0.0609,0.484
6705.001,41.648,-0.6418,0.0691,0.3585,160.5,0.18,0.0004,-0.0497,0.483
6705.101,41.748,-0.6429,0.0696,0.3585,160.07,0.22,0.0001,-0.0518,0.48
6705.201,41.848,-0.6427,0.0691,0.3591,159.68,0.19,0.0022,-0.0537,0.478
6705.301,41.948,-0.6434,0.0683,0.358,159.62,0.12,0.0005,-0.0644,0.476
6705.401,42.048,-0.6428,0.0661,0.3587,159.37,0.19,0.0003,-0.056,0.476
6705.501,42.148,-0.6423,0.0638,0.3607,159.24,0.18,0.0014,-0.0581,0.477
6705.601,42.248,-0.6423,0.0632,0.3616,158.74,0.25,0.001,-0.0521,0.479
6705.701,42.348,-0.6426,0.0638,0.3606,158.38,0.15,0.0011,-0.0656,0.477
6705.801,42.449,-0.6429,0.064,0.3603,158.27,0.2,0.0005,-0.0681,0.475
6705.901,42.55,-0.642,0.0637,0.3602,157.91,0.16,0.0016,-0.0609,0.474
6706.001,42.649,-0.6416,0.0648,0.3599,157.42,0.15,0.0004,-0.0627,0.472
6706.101,42.749,-0.6397,0.0657,0.36,157.03,0.2,0.0004,-0.0653,0.469
6706.201,42.85,-0.6398,0.0663,0.3585,156.81,0.19,0.0005,-0.0694,0.467
6706.301,42.95,-0.6398,0.0657,0.359,156.65,0.14,0.0001,-0.0664,0.465
6706.401,43.051,-0.6407,0.0649,0.3582,156.21,0.13,0.0005,-0.0619,0.464
6706.501,43.151,-0.6411,0.064,0.3593,155.77,0.26,0.002,-0.061,0.463
6706.601,43.251,-0.6413,0.0632,0.3621,155.47,0.19,0.0014,-0.0626,0.462
6706.701,43.351,-0.6417,0.0614,0.3624,155.39,0.33,0.0024,-0.0597,0.461
6706.801,43.451,-0.6407,0.0587,0.3607,155.12,0.38,0.0044,-0.052,0.462
6706.901,43.551,-0.6408,0.0581,0.3591,154.71,0.29,0.0039,-0.0558,0.463
6707.001,43.651,-0.6408,0.0587,0.3594,154.35,0.2,0.0043,-0.0612,0.462
6707.101,43.751,-0.6425,0.0599,0.3587,154.21,0.17,0.0061,-0.0685,0.46
6707.201,43.851,-0.6428,0.0605,0.3593,153.97,0.19,0.0064,-0.0668,0.458
6707.301,43.951,-0.6433,0.0615,0.3601,153.6,0.09,0.0071,-0.0634,0.457
6707.401,44.051,-0.6427,0.0629,0.3612,153.1,0.18,0.0052,-0.0615,0.454
6707.501,44.151,-0.6419,0.064,0.3601,152.83,0.15,0.0049,-0.0687,0.45
6707.601,44.251,-0.6423,0.0641,0.3598,152.69,0.19,0.0036,-0.0675,0.448
6707.701,44.352,-0.6424,0.0633,0.3594,152.44,0.13,0.003,-0.0669,0.448
6707.801,44.451,-0.6427,0.0633,0.359,151.93,0.19,0.0023,-0.0653,0.448
6707.901,44.551,-0.6421,0.0628,0.3592,151.54,0.17,0.0036,-0.072,0.448
6708.001,44.65,-0.6428,0.0626,0.3579,151.37,0.1,0.0029,-0.0744,0.448
6708.101,44.752,-0.6426,0.0611,0.3583,151.07,0.15,0.001,-0.0754,0.448
6708.201,44.852,-0.6426,0.0599,0.361,150.7,0.12,0.0003,-0.0686,0.448
6708.301,44.953,-0.6425,0.0603,0.362,150.14,0.21,0.0,-0.0673,0.448
6708.401,45.053,-0.6424,0.0611,0.3605,149.85,0.1,0.0009,-0.0764,0.448
6708.501,45.152,-0.6425,0.0614,0.36,149.59,0.18,0.0031,-0.0723,0.448
6708.601,45.254,-0.6422,0.061,0.3592,149.28,0.12,0.0064,-0.0733,0.448
6708.701,45.354,-0.6423,0.0615,0.3587,148.76,0.17,0.0051,-0.0691,0.448
6708.801,45.459,-0.6415,0.062,0.3585,148.36,0.15,0.0066,-0.0753,0.448
6708.901,45.559,-0.6427,0.0625,0.3562,148.15,0.14,0.0046,-0.0762,0.448
6709.001,45.659,-0.6433,0.0618,0.3569,147.86,0.13,0.0059,-0.0723,0.448
6709.101,45.759,-0.6444,0.062,0.3577,147.35,0.1,0.0047,-0.0691,0.448
6709.201,45.859,-0.6446,0.0622,0.3592,146.88,0.2,0.0046,-0.06,0.448
6709.301,45.959,-0.6451,0.0624,0.358,146.69,0.09,0.0044,-0.0647,0.449
6709.401,46.059,-0.6456,0.0614,0.3584,146.52,0.18,0.0028,-0.0655,0.448
6709.501,46.159,-0.6456,0.0596,0.3584,146.23,0.17,0.0056,-0.0643,0.448
6709.601,46.259,-0.6456,0.0594,0.3586,145.69,0.17,0.0029,-0.06,0.448
6709.701,46.359,-0.6451,0.0595,0.359,145.33,0.15,0.0047,-0.0736,0.448
6709.801,46.459,-0.6462,0.0598,0.3582,145.23,0.14,0.0052,-0.0777,0.448
6709.901,46.559,-0.6464,0.0588,0.3586,144.79,0.17,0.0069,-0.0627,0.448
6710.001,46.659,-0.6471,0.0585,0.3593,144.58,0.14,0.0051,-0.0568,0.448
6710.101,46.759,-0.6474,0.0591,0.3606,143.99,0.25,0.0036,-0.0531,0.448
6710.201,46.859,-0.6477,0.0599,0.3602,143.64,0.14,0.0072,-0.0738,0.449
6710.301,46.959,-0.6485,0.0601,0.3599,143.47,0.19,0.0098,-0.0753,0.448
6710.401,47.059,-0.6485,0.0597,0.3595,143.16,0.13,0.0098,-0.0753,0.448
6710.501,47.16,-0.6482,0.0607,0.3595,142.6,0.16,0.0074,-0.0695,0.448
6710.601,47.26,-0.6469,0.0613,0.3596,142.32,0.17,0.0079,-0.0647,0.448
6710.701,47.36,-0.6479,0.0619,0.3585,142.15,0.15,0.0049,-0.066,0.448
6710.801,47.46,-0.6488,0.0611,0.3589,141.89,0.12,0.0044,-0.0671,0.448
6710.901,47.56,-0.6499,0.0612,0.3587,141.53,0.11,0.008,-0.0655,0.448
6711.001,47.66,-0.65,0.061,0.3598,141.03,0.21,0.006,-0.0657,0.448
6711.101,47.767,-0.6505,0.0609,0.3599,140.77,0.11,0.0034,-0.0717,0.448
6711.201,47.867,-0.6512,0.0595,0.3603,140.59,0.22,0.0062,-0.065,0.449
6711.301,47.967,-0.6515,0.0575,0.36,140.25,0.23,0.0037,-0.063,0.448
6711.401,48.067,-0.6517,0.0575,0.3601,139.75,0.23,0.0065,-0.0686,0.448
6711.501,48.167,-0.6515,0.058,0.3599,139.41,0.17,0.0077,-0.0721,0.448
6711.601,48.267,-0.6529,0.0589,0.3588,139.25,0.17,0.0099,-0.0695,0.448
6711.701,48.367,-0.6533,0.0587,0.3593,139.02,0.19,0.0087,-0.0629,0.448
6711.801,48.467,-0.6542,0.0597,0.3585,138.51,0.13,0.0099,-0.0663,0.448
6711.901,48.567,-0.6539,0.0604,0.3598,138.07,0.2,0.0103,-0.0682,0.448
6712.001,48.667,-0.6541,0.0611,0.3603,137.8,0.09,0.0094,-0.0715,0.448
6712.101,48.767,-0.6552,0.0606,0.3608,137.6,0.17,0.0116,-0.0691,0.449
6712.201,48.867,-0.6561,0.0597,0.3603,137.25,0.15,0.0089,-0.0713,0.448
6712.301,48.969,-0.6568,0.0603,0.3604,136.71,0.22,0.0095,-0.0782,0.449
6712.401,49.068,-0.657,0.0608,0.3607,136.29,0.18,0.0099,-0.0848,0.448
6712.501,49.169,-0.6587,0.0613,0.3597,136.07,0.19,0.0095,-0.0801,0.45
6712.601,49.271,-0.6594,0.0603,0.3598,135.72,0.21,0.0085,-0.0743,0.45
6712.701,49.371,-0.66,0.0608,0.3594,135.22,0.13,0.0076,-0.075,0.449
6712.801,49.471,-0.6596,0.0611,0.3604,134.75,0.2,0.0079,-0.08,0.45
6712.901,49.571,-0.6597,0.0616,0.361,134.41,0.12,0.008,-0.0772,0.448
6713.001,49.671,-0.6604,0.0607,0.3613,134.23,0.21,0.009,-0.0685,0.449
6713.101,49.772,-0.6608,0.0596,0.3607,133.9,0.17,0.0067,-0.0666,0.448
6713.201,49.872,-0.6606,0.0601,0.3609,133.38,0.21,0.0081,-0.0747,0.448
6713.301,49.972,-0.66,0.0608,0.3609,133.01,0.15,0.0063,-0.0773,0.449
6713.401,50.072,-0.6613,0.0618,0.3597,132.8,0.17,0.008,-0.0757,0.45
6713.501,50.172,-0.6619,0.0614,0.3598,132.47,0.19,0.0083,-0.0735,0.448
6713.601,50.272,-0.6628,0.0624,0.3595,131.95,0.15,0.0092,-0.0735,0.449
6713.701,50.372,-0.6627,0.0627,0.3604,131.46,0.23,0.0107,-0.0771,0.45
6713.801,50.472,-0.6634,0.0634,0.36,131.15,0.12,0.0083,-0.077,0.448
6713.901,50.572,-0.6644,0.063,0.3604,131.02,0.21,0.0086,-0.0717,0.449
6714.001,50.672,-0.6654,0.0617,0.3597,130.61,0.18,0.0065,-0.0695,0.448
6714.101,50.772,-0.6655,0.0619,0.3598,130.06,0.22,0.0075,-0.077,0.45
6714.201,50.872,-0.6652,0.0624,0.3596,129.66,0.14,0.0049,-0.0801,0.449
6714.301,50.973,-0.6663,0.0631,0.3586,129.5,0.16,0.0068,-0.0805,0.449
6714.401,51.073,-0.6667,0.0621,0.3588,129.19,0.21,0.0089,-0.0789,0.449
6714.501,51.173,-0.667,0.0626,0.3585,128.66,0.12,0.0076,-0.0692,0.449
6714.601,51.279,-0.6664,0.0631,0.3595,128.2,0.17,0.0054,-0.0783,0.449
6714.701,51.378,-0.6667,0.0647,0.3557,127.93,0.1,0.0044,-0.0752,0.449
6714.801,51.48,-0.6669,0.0652,0.3565,127.67,0.15,0.0058,-0.0733,0.448
6714.901,51.579,-0.6672,0.0656,0.3573,127.31,0.1,0.0082,-0.0744,0.449
6715.001,51.681,-0.6668,0.0662,0.3587,126.73,0.19,0.0077,-0.0818,0.449
6715.101,51.781,-0.6659,0.0667,0.3588,126.36,0.15,0.005,-0.0824,0.448
6715.201,51.881,-0.667,0.0673,0.3583,126.18,0.15,0.0041,-0.0802,0.449
6715.301,51.981,-0.6682,0.0666,0.3585,125.84,0.15,0.0032,-0.0761,0.448
6715.401,52.081,-0.6695,0.0666,0.3581,125.28,0.17,0.0039,-0.0741,0.448
6715.501,52.181,-0.6704,0.0659,0.3589,124.81,0.26,0.0039,-0.0835,0.448
6715.601,52.282,-0.6715,0.0659,0.3593,124.51,0.16,0.0051,-0.0847,0.448
6715.701,52.382,-0.6719,0.064,0.3598,124.22,0.25,0.0059,-0.0805,0.449
6715.801,52.482,-0.6721,0.062,0.3584,123.73,0.18,0.0056,-0.0871,0.449
6715.901,52.584,-0.6713,0.0622,0.359,123.12,0.19,0.009,-0.0908,0.451
6716.001,52.684,-0.67,0.0636,0.3591,122.66,0.11,0.0094,-0.0959,0.45
6716.101,52.784,-0.6706,0.0659,0.3587,122.39,0.18,0.01,-0.0918,0.449
6716.201,52.883,-0.6711,0.0675,0.3591,121.96,0.18,0.0101,-0.0896,0.449
6716.301,52.984,-0.6713,0.0702,0.3589,121.34,0.18,0.0054,-0.0902,0.45
6716.401,53.083,-0.6709,0.0704,0.3599,120.8,0.19,0.0054,-0.094,0.449
6716.501,53.185,-0.6709,0.0702,0.3594,120.48,0.09,0.0027,-0.0938,0.449
6716.601,53.285,-0.6712,0.0681,0.3597,120.15,0.13,0.0017,-0.0903,0.449
6716.701,53.385,-0.6713,0.066,0.3599,119.64,0.05,0.0,-0.0938,0.449
6716.801,53.485,-0.6703,0.0647,0.3605,118.95,0.17,0.0001,-0.103,0.448
6716.901,53.585,-0.6687,0.0641,0.36,118.46,0.12,0.001,-0.1047,0.45
6717.001,53.685,-0.6695,0.0643,0.3591,118.14,0.13,0.003,-0.0964,0.45
6717.101,53.785,-0.6707,0.0636,0.359,117.72,0.17,0.0044,-0.0953,0.451
6717.201,53.889,-0.6718,0.0645,0.3586,117.07,0.17,0.0026,-0.0883,0.45
6717.301,53.989,-0.6724,0.0646,0.3594,116.52,0.22,0.003,-0.0973,0.448
6717.401,54.089,-0.6734,0.0649,0.3592,116.16,0.16,0.0033,-0.1015,0.45
6717.501,54.189,-0.6741,0.0631,0.3595,115.79,0.25,0.0038,-0.0969,0.45
6717.601,54.289,-0.6747,0.0613,0.3578,115.24,0.18,0.0017,-0.0958,0.448
6717.701,54.391,-0.6742,0.0605,0.3586,114.58,0.23,0.0047,-0.103,0.449
6717.801,54.491,-0.673,0.0611,0.3585,114.04,0.1,0.0033,-0.1108,0.451
6717.901,54.594,-0.6733,0.062,0.3583,113.66,0.17,0.0046,-0.1066,0.448
6718.001,54.693,-0.6735,0.0621,0.359,113.25,0.18,0.005,-0.1009,0.45
6718.101,54.793,-0.6731,0.0637,0.3593,112.53,0.16,0.0055,-0.0942,0.449
6718.201,54.893,-0.6721,0.0639,0.3599,112.01,0.16,0.0049,-0.097,0.45
6718.301,54.995,-0.6722,0.0645,0.3577,111.63,0.12,0.0036,-0.1007,0.449
6718.401,55.096,-0.6728,0.0636,0.3582,111.24,0.13,0.0018,-0.0968,0.45
6718.501,55.196,-0.6731,0.063,0.359,110.69,0.07,0.0027,-0.1003,0.448
6718.601,55.297,-0.6722,0.0623,0.3602,110.0,0.17,0.0035,-0.1084,0.449
6718.701,55.397,-0.6712,0.0621,0.3591,109.52,0.1,0.0007,-0.1079,0.449
6718.801,55.497,-0.6721,0.0624,0.3586,109.15,0.13,0.0004,-0.1013,0.45
6718.901,55.597,-0.6735,0.0616,0.3587,108.67,0.14,0.0004,-0.101,0.45
6719.001,55.697,-0.6742,0.062,0.3588,107.94,0.18,0.001,-0.0898,0.449
6719.101,55.797,-0.6747,0.0615,0.3593,107.4,0.18,0.002,-0.0974,0.449
6719.201,55.897,-0.6755,0.0616,0.358,107.08,0.13,0.0039,-0.0945,0.448
6719.301,55.997,-0.6766,0.0597,0.3585,106.72,0.25,0.005,-0.0954,0.45
6719.401,56.097,-0.6772,0.0585,0.3586,106.21,0.12,0.0051,-0.0934,0.448
6719.501,56.198,-0.676,0.0587,0.3599,105.55,0.17,0.0062,-0.1008,0.45
6719.601,56.298,-0.6745,0.0594,0.3609,105.1,0.11,0.0067,-0.0988,0.448
6719.701,56.398,-0.6748,0.0609,0.361,104.84,0.16,0.0097,-0.0865,0.45
6719.801,56.498,-0.6754,0.0617,0.3604,104.42,0.15,0.0098,-0.0759,0.448
6719.901,56.598,-0.6755,0.0636,0.36,103.84,0.2,0.0116,-0.0671,0.45
6720.001,56.698,-0.6757,0.0639,0.3603,103.41,0.19,0.0092,-0.0752,0.449
6720.101,56.798,-0.6764,0.0645,0.3591,103.16,0.14,0.0078,-0.0718,0.45
6720.201,56.898,-0.6778,0.0633,0.3594,102.89,0.23,0.01,-0.061,0.449
6720.301,56.998,-0.6792,0.0627,0.3589,102.44,0.19,0.0069,-0.0562,0.45
6720.401,57.098,-0.6796,0.0632,0.3598,102.02,0.25,0.0074,-0.0597,0.449
6720.501,57.198,-0.6796,0.0643,0.3591,101.77,0.15,0.007,-0.0591,0.449
6720.601,57.299,-0.6803,0.065,0.359,101.7,0.23,0.0096,-0.0528,0.448
6720.701,57.399,-0.6812,0.0646,0.3587,101.45,0.23,0.0079,-0.0461,0.449
6720.801,57.499,-0.6811,0.0659,0.3584,101.03,0.19,0.007,-0.0402,0.449
6720.901,57.599,-0.6806,0.0666,0.3586,100.78,0.16,0.0066,-0.044,0.449
6721.001,57.699,-0.6804,0.0678,0.3573,100.72,0.13,0.0055,-0.0399,0.451
6721.101,57.799,-0.6805,0.0673,0.358,100.6,0.14,0.0057,-0.037,0.448
6721.201,57.899,-0.6807,0.0672,0.3594,100.4,0.11,0.0039,-0.0369,0.45
6721.301,57.999,-0.6799,0.0672,0.3604,100.01,0.18,0.0053,-0.0417,0.448
6721.401,58.1,-0.6789,0.0675,0.3584,99.88,0.11,0.0045,-0.0438,0.45
6721.501,58.2,-0.6793,0.068,0.3581,99.78,0.15,0.0065,-0.0449,0.45
6721.601,58.3,-0.6803,0.0676,0.3586,99.66,0.15,0.0057,-0.0373,0.448
6721.701,58.4,-0.6804,0.0686,0.3587,99.24,0.16,0.0036,-0.0307,0.451
6721.801,58.5,-0.6805,0.0686,0.359,98.92,0.15,0.0029,-0.0337,0.451
6721.901,58.6,-0.6812,0.0693,0.3566,98.97,0.15,0.0013,-0.0305,0.45
6722.001,58.7,-0.6822,0.0678,0.3573,98.87,0.23,0.0024,-0.0281,0.449
6722.101,58.8,-0.6832,0.0669,0.3575,98.72,0.2,0.0025,-0.0249,0.448
6722.201,58.901,-0.6831,0.0665,0.3588,98.4,0.22,0.0034,-0.0355,0.45
6722.301,59.001,-0.6829,0.0665,0.3591,98.18,0.15,0.0024,-0.0375,0.451
6722.401,59.101,-0.6838,0.0663,0.3595,98.22,0.24,0.0042,-0.0336,0.448
6722.501,59.203,-0.6852,0.0648,0.3584,98.05,0.27,0.0028,-0.0306,0.449
6722.601,59.305,-0.6856,0.0652,0.3574,97.81,0.26,0.0041,-0.0197,0.449
6722.701,59.409,-0.6852,0.0653,0.3579,97.57,0.2,0.0056,-0.0324,0.45
6722.801,59.509,-0.6851,0.0659,0.3572,97.74,0.19,0.007,-0.0284,0.449
6722.901,59.609,-0.6854,0.0649,0.3578,97.68,0.25,0.0056,-0.0292,0.448
6723.001,59.709,-0.6855,0.0652,0.357,97.42,0.15,0.0045,-0.0291,0.449
6723.101,59.808,-0.6846,0.0655,0.3583,97.05,0.18,0.0067,-0.0331,0.451
6723.201,59.908,-0.6836,0.0661,0.358,96.96,0.09,0.0092,-0.036,0.45
6723.301,60.009,-0.684,0.0666,0.3588,96.94,0.17,0.0076,-0.0283,0.448
6723.401,60.11,-0.6853,0.0671,0.3572,96.75,0.17,0.0064,-0.0232,0.449
6723.501,60.211,-0.6863,0.0682,0.3565,96.42,0.28,0.0033,-0.0258,0.449
6723.601,60.311,-0.6875,0.0682,0.3573,96.27,0.32,0.0032,-0.0287,0.451
6723.701,60.411,-0.6887,0.0676,0.357,96.34,0.34,0.0029,-0.0299,0.449
6723.801,60.511,-0.6899,0.0639,0.3574,96.31,0.47,0.0024,-0.0249,0.45
6723.901,60.611,-0.6906,0.0616,0.3556,95.98,0.3,0.0028,-0.0206,0.449
6724.001,60.711,-0.6892,0.0609,0.3567,95.75,0.16,0.005,-0.0232,0.45
6724.101,60.811,-0.6869,0.0619,0.3567,95.7,0.07,0.0061,-0.0243,0.449
6724.201,60.911,-0.6862,0.064,0.3579,95.82,0.19,0.0082,-0.0201,0.45
6724.301,61.011,-0.6862,0.0668,0.3572,95.69,0.15,0.0091,-0.0119,0.448
6724.401,61.111,-0.6861,0.0698,0.3575,95.27,0.24,0.0083,-0.0173,0.45
6724.501,61.211,-0.6871,0.0702,0.358,95.16,0.22,0.0072,-0.0266,0.45
6724.601,61.311,-0.6882,0.0695,0.3574,95.54,0.2,0.0067,-0.0339,0.448
6724.701,61.411,-0.6897,0.0656,0.3577,95.36,0.36,0.0043,-0.0133,0.45
6724.801,61.511,-0.6906,0.0628,0.356,95.19,0.23,0.0019,-0.0025,0.448
6724.901,61.611,-0.6895,0.061,0.3569,95.06,0.13,0.0023,-0.0143,0.448
6725.001,61.711,-0.6874,0.0609,0.3576,95.05,0.07,0.0025,-0.0152,0.45
6725.101,61.811,-0.6871,0.062,0.3588,95.15,0.16,0.0066,-0.0153,0.45
6725.201,61.911,-0.6876,0.0637,0.358,95.01,0.14,0.0084,-0.0112,0.449
6725.301,62.013,-0.6878,0.0662,0.3581,94.77,0.24,0.0096,-0.014,0.448
6725.401,62.114,-0.6885,0.0669,0.359,94.66,0.23,0.0093,-0.0159,0.451
6725.501,62.213,-0.6898,0.067,0.3589,94.78,0.26,0.0065,-0.0177,0.448
6725.601,62.313,-0.6913,0.0644,0.3592,94.73,0.44,0.0032,-0.0127,0.449
6725.701,62.413,-0.6918,0.063,0.3577,94.52,0.27,0.0024,-0.0161,0.449
6725.801,62.513,-0.6907,0.0619,0.3584,94.3,0.17,0.0013,-0.0248,0.45
6725.901,62.613,-0.6896,0.0616,0.3602,94.25,0.12,0.0024,-0.0343,0.449
6726.001,62.713,-0.6902,0.0613,0.3608,94.31,0.23,0.0064,-0.0338,0.449
6726.101,62.813,-0.6914,0.0608,0.3594,94.14,0.27,0.008,-0.0328,0.448
6726.201,62.913,-0.6911,0.0622,0.359,93.79,0.24,0.0084,-0.0349,0.449
6726.301,63.013,-0.6904,0.0632,0.3591,93.62,0.19,0.0086,-0.039,0.45
6726.401,63.113,-0.6904,0.0646,0.3582,93.59,0.17,0.0062,-0.0389,0.449
6726.501,63.213,-0.6905,0.0643,0.3585,93.5,0.18,0.0068,-0.036,0.45
6726.601,63.314,-0.6903,0.0649,0.3573,93.21,0.11,0.0038,-0.0359,0.449
6726.701,63.413,-0.6896,0.0644,0.3583,92.88,0.18,0.0051,-0.0461,0.451
6726.801,63.514,-0.6887,0.0638,0.3591,92.7,0.08,0.004,-0.0566,0.449
6726.901,63.616,-0.6892,0.0629,0.3597,92.63,0.16,0.0028,-0.0544,0.448
6727.001,63.717,-0.6903,0.0617,0.3586,92.46,0.19,0.0023,-0.0473,0.449
6727.101,63.817,-0.6905,0.0614,0.3584,91.97,0.21,0.0034,-0.0434,0.449
6727.201,63.917,-0.6901,0.0609,0.3581,91.75,0.13,0.005,-0.0517,0.45
6727.301,64.017,-0.6905,0.0615,0.357,91.72,0.16,0.0053,-0.0526,0.449
6727.401,64.118,-0.6918,0.061,0.3574,91.54,0.27,0.0056,-0.0507,0.45
6727.501,64.218,-0.6929,0.0621,0.3556,91.09,0.21,0.0058,-0.0527,0.449
6727.601,64.32,-0.6934,0.0628,0.3569,90.67,0.3,0.0087,-0.0626,0.449
6727.701,64.421,-0.6936,0.0639,0.3575,90.42,0.23,0.0085,-0.0673,0.45
6727.801,64.521,-0.6943,0.0632,0.3585,90.35,0.31,0.0094,-0.0591,0.448
6727.901,64.622,-0.695,0.0622,0.3577,89.9,0.24,0.0043,-0.0543,0.449
6728.001,64.721,-0.6939,0.0624,0.3583,89.36,0.19,0.0048,-0.0546,0.448
6728.101,64.822,-0.6919,0.0624,0.3583,89.1,0.12,0.006,-0.0555,0.449
6728.201,64.921,-0.6909,0.0634,0.3577,89.18,0.18,0.0066,-0.0606,0.449
6728.301,65.023,-0.6906,0.0639,0.358,88.87,0.11,0.0092,-0.0605,0.449
6728.401,65.123,-0.6905,0.0657,0.3562,88.39,0.16,0.0079,-0.0578,0.449
6728.501,65.225,-0.6908,0.0657,0.3575,88.08,0.22,0.0088,-0.0623,0.449
6728.601,65.325,-0.6913,0.0658,0.3564,87.9,0.17,0.0048,-0.0679,0.449
6728.701,65.428,-0.6927,0.064,0.3573,87.67,0.26,0.0059,-0.0646,0.45
6728.801,65.529,-0.6944,0.0621,0.3575,87.3,0.24,0.0042,-0.0673,0.448
6728.901,65.629,-0.694,0.0616,0.3585,86.77,0.2,0.0029,-0.0644,0.45
6729.001,65.73,-0.6925,0.0618,0.3579,86.47,0.09,0.0039,-0.0706,0.45
6729.101,65.829,-0.6918,0.0634,0.3572,86.33,0.16,0.0076,-0.0728,0.45
6729.201,65.93,-0.692,0.0646,0.3576,86.03,0.15,0.0088,-0.075,0.449
6729.301,66.03,-0.6919,0.0669,0.3571,85.51,0.17,0.0085,-0.0752,0.45
6729.401,66.13,-0.6925,0.0676,0.3585,85.03,0.26,0.0099,-0.0792,0.45
6729.501,66.229,-0.6934,0.0683,0.3571,84.76,0.21,0.0053,-0.0799,0.448
6729.601,66.329,-0.6949,0.0666,0.3578,84.54,0.3,0.0032,-0.0797,0.45
6729.701,66.43,-0.6962,0.0643,0.3587,84.1,0.22,0.0025,-0.0695,0.448
6729.801,66.53,-0.6949,0.0635,0.3596,83.5,0.17,0.0023,-0.0694,0.45
6729.901,66.63,-0.6925,0.0629,0.3587,83.16,0.13,0.003,-0.0847,0.45
6730.001,66.73,-0.6911,0.0641,0.3576,82.94,0.22,0.0049,-0.085,0.45
6730.101,66.832,-0.6907,0.0655,0.358,82.58,0.17,0.008,-0.0831,0.45
6730.201,66.932,-0.6902,0.0678,0.358,81.95,0.19,0.0097,-0.0764,0.451
6730.301,67.032,-0.691,0.0681,0.3591,81.46,0.23,0.0096,-0.0869,0.449
6730.401,67.132,-0.6921,0.0684,0.3583,81.16,0.12,0.0053,-0.0854,0.448
6730.501,67.232,-0.6943,0.0669,0.3587,80.88,0.27,0.0039,-0.0849,0.448
6730.601,67.335,-0.6967,0.0652,0.3573,80.38,0.26,0.0005,-0.0824,0.448
6730.701,67.435,-0.6972,0.0644,0.358,79.8,0.28,0.0002,-0.0786,0.45
6730.801,67.536,-0.6966,0.0643,0.3567,79.46,0.13,0.0014,-0.0889,0.45
6730.901,67.636,-0.6964,0.0645,0.3558,79.2,0.18,0.0035,-0.0882,0.45
6731.001,67.736,-0.6969,0.0639,0.3566,78.83,0.2,0.0033,-0.083,0.449
6731.101,67.837,-0.6957,0.0647,0.3569,78.17,0.12,0.0044,-0.0879,0.451
6731.201,67.937,-0.6942,0.0644,0.358,77.63,0.13,0.0057,-0.0934,0.45
6731.301,68.037,-0.6928,0.0649,0.357,77.32,0.14,0.0057,-0.096,0.449
6731.401,68.137,-0.6927,0.0652,0.3578,77.01,0.12,0.0043,-0.0958,0.449
6731.501,68.237,-0.6927,0.066,0.3584,76.48,0.15,0.0042,-0.0858,0.449
6731.601,68.339,-0.6925,0.0656,0.3597,75.89,0.2,0.0032,-0.0739,0.449
6731.701,68.438,-0.6929,0.0644,0.3589,75.52,0.08,0.0005,-0.0827,0.449
6731.801,68.538,-0.6944,0.0636,0.3582,75.27,0.12,0.0002,-0.082,0.451
6731.901,68.638,-0.6974,0.062,0.3579,74.89,0.25,0.0,-0.0842,0.45
6732.001,68.739,-0.6987,0.062,0.3574,74.3,0.19,0.0008,-0.0876,0.45
6732.101,68.838,-0.6993,0.0618,0.3581,73.81,0.23,0.0038,-0.0945,0.449
6732.201,68.938,-0.6992,0.0625,0.357,73.49,0.17,0.0037,-0.0963,0.448
6732.301,69.038,-0.7002,0.0621,0.3578,73.14,0.24,0.0045,-0.0972,0.449
6732.401,69.138,-0.7004,0.062,0.3591,72.63,0.09,0.0042,-0.0894,0.449
6732.501,69.238,-0.6985,0.062,0.3604,71.97,0.14,0.0028,-0.0789,0.451
6732.601,69.338,-0.6964,0.0617,0.3598,71.6,0.14,0.0061,-0.0848,0.45
6732.701,69.439,-0.6953,0.0624,0.3591,71.35,0.22,0.0048,-0.0915,0.448
6732.801,69.542,-0.6951,0.0633,0.3583,70.94,0.15,0.0059,-0.0982,0.45
6732.901,69.642,-0.695,0.0648,0.3568,70.39,0.21,0.0075,-0.0969,0.448
6733.001,69.742,-0.6964,0.0646,0.3575,69.75,0.22,0.0085,-0.1017,0.449
6733.101,69.842,-0.6977,0.0643,0.3565,69.41,0.15,0.0067,-0.1087,0.451
6733.201,69.942,-0.7007,0.0627,0.357,68.95,0.32,0.005,-0.1069,0.449
6733.301,70.042,-0.703,0.0617,0.3573,68.39,0.26,0.0034,-0.1087,0.449
6733.401,70.142,-0.702,0.0617,0.3588,67.65,0.22,0.0032,-0.0872,0.448
6733.501,70.242,-0.6998,0.062,0.358,67.24,0.08,0.0042,-0.0971,0.448
6733.601,70.342,-0.6981,0.063,0.3577,66.95,0.19,0.0054,-0.0956,0.448
6733.701,70.442,-0.6969,0.0635,0.3579,66.5,0.16,0.0073,-0.0978,0.45
6733.801,70.542,-0.6954,0.0643,0.358,65.84,0.18,0.0071,-0.0987,0.449
6733.901,70.642,-0.6953,0.0633,0.3588,65.29,0.16,0.0073,-0.1045,0.449
6734.001,70.742,-0.6955,0.0629,0.3573,64.92,0.09,0.0029,-0.1077,0.451
6734.101,70.843,-0.6974,0.0621,0.3578,64.5,0.14,0.0,-0.062,0.449
6734.201,70.943,-0.6991,0.062,0.358,64.08,0.13,0.0,0.0,0.449
6734.301,71.043,-0.6997,0.0618,0.359,63.82,0.24,0.0,0.0,0.45
6734.401,71.143,-0.6997,0.0616,0.3581,63.84,0.12,0.0,-0.019,0.45
6734.501,71.246,-0.7004,0.0614,0.358,63.91,0.21,0.0,-0.0186,0.45
6734.601,71.348,-0.7022,0.0605,0.3578,63.85,0.27,0.0,-0.0182,0.45
6734.701,71.455,-0.7021,0.0606,0.3573,63.57,0.22,0.0,-0.018,0.448
6734.801,71.559,-0.7016,0.0601,0.3583,63.38,0.18,0.0,-0.0261,0.448
6734.901,71.66,-0.7014,0.0601,0.3581,63.44,0.15,0.0,-0.0304,0.45
6735.001,71.76,-0.7024,0.059,0.3585,63.38,0.21,0.0,-0.0252,0.449
6735.101,71.861,-0.7025,0.0587,0.3577,63.18,0.11,0.0,-0.0236,0.448
6735.201,71.961,-0.7021,0.0576,0.3585,62.99,0.14,0.0,-0.0211,0.449
6735.301,72.063,-0.7015,0.0564,0.3597,62.76,0.07,0.0,-0.0309,0.448
6735.401,72.162,-0.7021,0.0557,0.3602,62.92,0.14,0.0,-0.0279,0.449
6735.501,72.262,-0.7033,0.0553,0.3589,62.7,0.14,0.0,-0.0279,0.451
6735.601,72.364,-0.7032,0.0552,0.3583,62.41,0.19,0.0,-0.0385,0.449
6735.701,72.468,-0.7032,0.0544,0.3575,62.23,0.1,0.0,-0.0407,0.449
6735.801,72.568,-0.7034,0.0543,0.3556,62.18,0.13,0.0,-0.0385,0.449
6735.901,72.668,-0.705,0.0533,0.356,62.02,0.2,0.0,-0.0389,0.45
6736.001,72.768,-0.7052,0.0532,0.3557,61.68,0.12,0.0,-0.0418,0.448
6736.101,72.868,-0.7048,0.0526,0.3571,61.36,0.16,0.0,-0.0501,0.449
6736.201,72.969,-0.7039,0.0522,0.3564,61.21,0.08,0.0,-0.0516,0.449
6736.301,73.069,-0.7041,0.0518,0.3575,61.14,0.15,0.0002,-0.0472,0.449
6736.401,73.177,-0.7047,0.0519,0.3537,60.81,0.07,0.0,-0.053,0.448
6736.501,73.277,-0.7058,0.0516,0.3535,60.4,0.29,0.0003,-0.055,0.45
6736.601,73.378,-0.7069,0.0509,0.3543,60.12,0.2,0.0,-0.0616,0.449
6736.701,73.478,-0.7084,0.0497,0.3544,60.06,0.27,0.0,-0.0557,0.45
6736.801,73.578,-0.7117,0.0473,0.3549,59.81,0.4,0.0,-0.0534,0.448
6736.901,73.678,-0.7123,0.0467,0.3538,59.38,0.26,0.0,-0.0523,0.45
6737.001,73.778,-0.7108,0.046,0.3556,59.0,0.16,0.0,-0.0618,0.45
6737.101,73.878,-0.7078,0.0458,0.3556,58.87,0.11,0.0001,-0.0637,0.45
6737.201,73.978,-0.7054,0.0453,0.3571,58.72,0.28,0.0,-0.0608,0.449
6737.301,74.079,-0.7032,0.0453,0.3566,58.34,0.26,0.0,-0.0629,0.448
6737.401,74.179,-0.7027,0.0439,0.3579,57.85,0.25,0.0001,-0.0678,0.448
6737.501,74.279,-0.7033,0.0412,0.3573,57.57,0.19,0.0,-0.0723,0.449
6737.601,74.379,-0.7047,0.04,0.3563,57.44,0.12,0.0,-0.0707,0.449
6737.701,74.479,-0.7078,0.0392,0.3568,57.17,0.18,0.0,-0.0672,0.449
6737.801,74.579,-0.7089,0.0401,0.3567,56.59,0.18,0.0,-0.0626,0.449
6737.901,74.68,-0.7096,0.0407,0.3579,56.21,0.28,0.0,-0.0712,0.448
6738.001,74.779,-0.7094,0.0414,0.358,55.99,0.18,0.0,-0.0704,0.449
6738.101,74.879,-0.7105,0.0407,0.3587,55.72,0.23,0.0,-0.0666,0.45
6738.201,74.979,-0.7117,0.0397,0.3579,55.36,0.17,0.0,-0.063,0.448
6738.301,75.079,-0.711,0.0385,0.3587,54.84,0.18,0.0,-0.0687,0.448
6738.401,75.181,-0.7097,0.0367,0.3582,54.56,0.11,0.0,-0.0719,0.448
6738.501,75.282,-0.7085,0.0362,0.3574,54.34,0.21,0.0,-0.0655,0.448
6738.601,75.382,-0.7081,0.0358,0.3576,54.08,0.17,0.0,-0.0607,0.448
6738.701,75.483,-0.7072,0.0361,0.3575,53.6,0.18,0.0,-0.0551,0.449
6738.801,75.589,-0.708,0.0348,0.3584,53.28,0.16,0.0,-0.0614,0.45
6738.901,75.691,-0.7084,0.034,0.3539,53.17,0.13,0.0,-0.0584,0.449
6739.001,75.791,-0.7098,0.0329,0.3549,52.94,0.13,0.0,-0.0559,0.448
6739.101,75.891,-0.7104,0.0325,0.3571,52.61,0.08,0.0,-0.0582,0.449
6739.201,75.991,-0.7097,0.0312,0.3587,52.13,0.18,0.0,-0.0656,0.449
6739.301,76.091,-0.7089,0.0298,0.3573,51.91,0.21,0.0,-0.0644,0.448
6739.401,76.191,-0.7086,0.0309,0.3568,51.77,0.17,0.0,-0.0654,0.448
6739.501,76.29,-0.7094,0.0328,0.3575,51.48,0.13,0.0,-0.059,0.448
6739.601,76.391,-0.7097,0.0353,0.3577,50.96,0.23,0.0006,-0.0598,0.448
6739.701,76.49,-0.7117,0.0374,0.3585,50.59,0.44,0.0001,-0.0678,0.449
6739.801,76.592,-0.7137,0.0386,0.3567,50.42,0.41,0.0001,-0.0647,0.448
6739.901,76.693,-0.7182,0.0365,0.3572,50.18,0.57,0.0,-0.0603,0.448
6740.001,76.796,-0.7213,0.034,0.3573,49.81,0.35,0.0,-0.0639,0.449
6740.101,76.898,-0.7197,0.0312,0.3586,49.29,0.04,0.0,-0.0714,0.448
6740.201,76.998,-0.7158,0.0286,0.358,48.97,0.22,0.0,-0.0719,0.448
6740.301,77.099,-0.7116,0.029,0.3583,48.82,0.46,0.0005,-0.0667,0.448
6740.401,77.199,-0.7072,0.0303,0.3588,48.51,0.46,0.0024,-0.0618,0.448
6740.501,77.299,-0.705,0.0316,0.3592,48.0,0.38,0.0056,-0.0585,0.448
6740.601,77.402,-0.7067,0.0313,0.3596,47.66,0.22,0.001,-0.0604,0.448
6740.701,77.502,-0.7093,0.0313,0.3577,47.49,0.11,0.0003,-0.0599,0.448
6740.801,77.602,-0.7142,0.0308,0.3579,47.3,0.42,0.0,-0.0452,0.448
6740.901,77.702,-0.7185,0.0315,0.3576,47.0,0.4,0.0,-0.0378,0.448
6741.001,77.802,-0.7191,0.0326,0.3586,46.62,0.46,0.0,-0.044,0.449
6741.101,77.902,-0.7177,0.0339,0.3591,46.43,0.31,0.0001,-0.0393,0.449
6741.201,78.002,-0.7169,0.0339,0.3595,46.43,0.28,0.0009,-0.022,0.449
6741.301,78.103,-0.7167,0.0327,0.358,46.32,0.15,0.0002,-0.0138,0.449
6741.401,78.203,-0.7156,0.0313,0.3569,46.06,0.15,0.0001,-0.0153,0.449
6741.501,78.303,-0.7153,0.0284,0.3573,45.85,0.2,0.0,-0.015,0.448
6741.601,78.403,-0.7148,0.0268,0.3563,45.72,0.18,0.0,-0.0058,0.448
6741.701,78.503,-0.7155,0.0258,0.3573,46.26,0.13,0.0,-0.0028,0.448
6741.801,78.603,-0.7157,0.0263,0.3575,45.9,0.13,0.0,0.0041,0.449
6741.901,78.703,-0.7162,0.0262,0.3585,45.81,0.21,0.0,0.0021,0.449
6742.001,78.803,-0.7165,0.0257,0.3583,45.86,0.16,0.0,-0.0017,0.449
6742.101,78.903,-0.716,0.0261,0.3585,46.04,0.19,0.0,0.0131,0.448
6742.201,79.003,-0.7147,0.0267,0.3588,45.85,0.22,0.0,0.0096,0.449
6742.301,79.104,-0.7138,0.0273,0.359,46.22,0.24,0.0,0.0277,0.449
6742.401,79.204,-0.7134,0.0274,0.3591,46.12,0.23,0.0,0.0359,0.449
6742.501,79.305,-0.7132,0.0273,0.3589,45.67,0.22,0.0,0.027,0.448
6742.601,79.407,-0.7131,0.027,0.3589,45.69,0.22,0.0,-0.0002,0.448
6742.701,79.507,-0.7132,0.0271,0.3588,45.69,0.21,0.0,0.0108,0.448
6742.801,79.608,-0.7133,0.0271,0.3587,45.68,0.21,0.0,0.0093,0.448
6742.901,79.708,-0.7134,0.0271,0.3586,45.86,0.21,0.0,0.0135,0.448
6743.001,79.808,-0.7134,0.0271,0.3586,45.87,0.21,0.0,0.0121,0.448
6743.101,79.908,-0.7134,0.0271,0.3585,45.9,0.21,0.0,0.0251,0.448
6743.201,80.01,-0.7134,0.0271,0.3585,45.87,0.21,0.0,0.0282,0.448
6743.301,80.11,-0.7134,0.0271,0.3585,45.89,0.21,0.0,0.0289,0.448
6743.401,80.21,-0.7133,0.0271,0.3584,45.83,0.21,0.0,0.031,0.448
6743.501,80.31,-0.7134,0.0271,0.3584,45.85,0.21,0.0,0.0297,0.448
6743.601,80.41,-0.7134,0.0271,0.3584,45.85,0.21,0.0,0.0293,0.448
6743.701,80.514,-0.7134,0.0271,0.3584,45.86,0.21,0.0,0.0289,0.448
6743.801,80.614,-0.7134,0.0271,0.3583,45.86,0.21,0.0,0.0291,0.448
6743.901,80.714,-0.7134,0.0271,0.3583,45.85,0.21,0.0,0.0319,0.448
6744.001,80.815,-0.7134,0.0271,0.3583,45.85,0.21,0.0,0.0346,0.448
6744.101,80.914,-0.7134,0.0271,0.3583,45.85,0.21,0.0,0.0357,0.448
6744.201,81.014,-0.7134,0.0271,0.3583,45.85,0.21,0.0,0.0408,0.448
6744.301,81.114,-0.7134,0.0271,0.3583,45.85,0.21,0.0,0.04,0.448
6744.401,81.214,-0.7134,0.0271,0.3583,45.85,0.21,0.0,0.0383,0.448
6744.501,81.314,-0.7134,0.0271,0.3583,45.85,0.21,0.0,0.0379,0.448
6744.601,81.414,-0.7134,0.0271,0.3583,45.85,0.21,0.0,0.0359,0.448
6744.701,81.514,-0.7134,0.0271,0.3583,45.85,0.21,0.0,0.0354,0.448
6744.801,81.617,-0.7134,0.0271,0.3583,45.85,0.21,0.0,0.0365,0.448
6744.901,81.717,-0.7134,0.0271,0.3583,45.85,0.21,0.0,0.0379,0.448
6745.001,81.818,-0.7134,0.0271,0.3583,45.85,0.21,0.0,0.038,0.448
6745.101,81.918,-0.7134,0.0271,0.3583,45.85,0.21,0.0,0.0353,0.448
6745.201,82.018,-0.7134,0.0271,0.3583,45.85,0.21,0.0,0.0326,0.448
6745.301,82.119,-0.7134,0.0271,0.3583,45.85,0.21,0.0,0.0298,0.448
6745.401,82.219,-0.7134,0.0271,0.3583,45.85,0.21,0.0,0.0326,0.448
6745.501,82.319,-0.7134,0.0271,0.3583,45.85,0.21,0.0,0.0361,0.448
6745.601,82.419,-0.7134,0.0271,0.3583,45.85,0.21,0.0,0.042,0.448
6745.701,82.519,-0.7134,0.0271,0.3583,45.85,0.21,0.0,0.0459,0.448
6745.801,82.62,-0.7134,0.0271,0.3583,45.85,0.21,0.0,0.0445,0.448
6745.901,82.719,-0.7134,0.0271,0.3583,45.85,0.21,0.0,0.0433,0.448
6746.001,82.819,-0.7134,0.0271,0.3583,45.85,0.21,0.0,0.0413,0.448
6746.101,82.919,-0.7134,0.0271,0.3583,45.85,0.21,0.0,0.0393,0.448
6746.201,83.019,-0.7134,0.0271,0.3583,45.85,0.21,0.0,0.041,0.448
6746.301,83.119,-0.7134,0.0271,0.3583,45.85,0.21,0.0,0.0431,0.448
6746.401,83.219,-0.7134,0.0271,0.3583,45.85,0.21,0.0,0.0429,0.448
6746.501,83.32,-0.7134,0.0271,0.3583,45.85,0.21,0.0,0.0424,0.448
6746.601,83.421,-0.7134,0.0271,0.3583,45.85,0.21,0.0,0.0393,0.448
6746.701,83.521,-0.7134,0.0271,0.3583,45.85,0.21,0.0,0.0403,0.448
6746.801,83.625,-0.7134,0.0271,0.3583,45.85,0.21,0.0,0.0389,0.448
6746.901,83.728,-0.7134,0.0271,0.3583,45.85,0.21,0.0,0.0356,0.448
6747.001,83.828,-0.7134,0.0271,0.3583,45.85,0.21,0.0,0.034,0.448
6747.101,83.928,-0.7134,0.0271,0.3583,45.85,0.21,0.0,0.0354,0.448
6747.201,84.03,-0.7134,0.0271,0.3583,45.85,0.21,0.0,0.0337,0.448
6747.301,84.131,-0.7134,0.0271,0.3583,45.85,0.21,0.0,0.0341,0.448
6747.401,84.231,-0.7134,0.0271,0.3583,45.85,0.21,0.0,0.0319,0.448
6747.501,84.332,-0.7134,0.0271,0.3583,45.85,0.21,0.0,0.0358,0.448
6747.601,84.431,-0.7134,0.0271,0.3583,45.85,0.21,0.0,0.0382,0.448
6747.701,84.531,-0.7134,0.0271,0.3583,45.85,0.21,0.0,0.0418,0.448
6747.801,84.633,-0.7134,0.0271,0.3583,45.85,0.21,0.0,0.0432,0.448
6747.901,84.733,-0.7134,0.0271,0.3583,45.85,0.21,0.0,0.0434,0.448
6748.001,84.832,-0.7134,0.0271,0.3583,45.85,0.21,0.0,0.0436,0.448
6748.101,84.932,-0.7134,0.0271,0.3583,45.85,0.21,0.0,0.04,0.448
6748.201,85.032,-0.7134,0.0271,0.3583,45.85,0.21,0.0,0.0377,0.448
6748.301,85.132,-0.7134,0.0271,0.3583,45.85,0.21,0.0,0.0328,0.448
6748.401,85.234,-0.7134,0.0271,0.3583,45.85,0.21,0.0,0.0363,0.448
6748.501,85.333,-0.7134,0.0271,0.3583,45.85,0.21,0.0,0.0364,0.448
6748.601,85.434,-0.7134,0.0271,0.3583,45.85,0.21,0.0,0.0371,0.448
6748.701,85.535,-0.7134,0.0271,0.3583,45.85,0.21,0.0,0.0373,0.448
6748.801,85.636,-0.7134,0.0271,0.3583,45.85,0.21,0.0,0.0377,0.448
6748.901,85.737,-0.7134,0.0271,0.3583,45.85,0.21,0.0,0.0344,0.448
6749.001,85.839,-0.7134,0.0271,0.3583,45.85,0.21,0.0,0.0324,0.448
6749.101,85.939,-0.7134,0.0271,0.3583,45.85,0.21,0.0,0.0321,0.448
6749.201,86.039,-0.7134,0.0271,0.3583,45.85,0.21,0.0,0.0325,0.448
6749.301,86.139,-0.7134,0.0271,0.3583,45.85,0.21,0.0,0.0324,0.448
6749.401,86.239,-0.7134,0.0271,0.3583,45.85,0.21,0.0,0.035,0.448
6749.501,86.339,-0.7134,0.0271,0.3583,45.85,0.21,0.0,0.0368,0.448
6749.601,86.439,-0.7134,0.0271,0.3583,45.85,0.21,0.0,0.0379,0.448
6749.701,86.539,-0.7134,0.0271,0.3583,45.85,0.21,0.0,0.0409,0.448
6749.801,86.639,-0.7134,0.0271,0.3583,45.85,0.21,0.0,0.0436,0.448
6749.901,86.739,-0.7134,0.0271,0.3583,45.85,0.21,0.0,0.0416,0.448
6750.001,86.839,-0.7134,0.0271,0.3583,45.85,0.21,0.0,0.0426,0.448
6750.101,86.939,-0.7134,0.0271,0.3583,45.85,0.21,0.0,0.0408,0.448
6750.201,87.039,-0.7134,0.0271,0.3583,45.85,0.21,0.0,0.0396,0.448
6750.301,87.14,-0.7134,0.0271,0.3583,45.85,0.21,0.0,0.04,0.448
6750.401,87.24,-0.7134,0.0271,0.3583,45.85,0.21,0.0,0.0404,0.448
6750.501,87.34,-0.7134,0.0271,0.3583,45.85,0.21,0.0,0.0417,0.448
6750.601,87.441,-0.7134,0.0271,0.3583,45.85,0.21,0.0,0.0408,0.448
6750.701,87.542,-0.7134,0.0271,0.3583,45.85,0.21,0.0,0.0411,0.448
6750.801,87.643,-0.7134,0.0271,0.3583,45.85,0.21,0.0,0.0418,0.448
6750.901,87.745,-0.7134,0.0271,0.3583,45.85,0.21,0.0,0.0442,0.448
6751.001,87.845,-0.7134,0.0271,0.3583,45.85,0.21,0.0,0.043,0.448
6751.101,87.945,-0.7134,0.0271,0.3583,45.85,0.21,0.0,0.0421,0.448
6751.201,88.045,-0.7134,0.0271,0.3583,45.85,0.21,0.0,0.0448,0.448
6751.301,88.145,-0.7134,0.0271,0.3583,45.85,0.21,0.0,0.0413,0.448
6751.401,88.246,-0.7134,0.0271,0.3583,45.85,0.21,0.0,0.0389,0.448
6751.501,88.347,-0.7134,0.0271,0.3583,45.85,0.21,0.0,0.0404,0.448
6751.601,88.447,-0.7134,0.0271,0.3583,45.85,0.21,0.0,0.0375,0.448
6751.701,88.551,-0.7134,0.0271,0.3583,45.85,0.21,0.0,0.0374,0.448
6751.801,88.65,-0.7134,0.0271,0.3583,45.85,0.21,0.0,0.0341,0.448
6751.901,88.75,-0.7134,0.0271,0.3583,45.85,0.21,0.0,0.0313,0.448
6752.001,88.853,-0.7134,0.0271,0.3583,45.85,0.21,0.0,0.0332,0.448
6752.101,88.953,-0.7134,0.0271,0.3583,45.85,0.21,0.0,0.0361,0.448
6752.201,89.053,-0.7134,0.0271,0.3583,45.85,0.21,0.0,0.0351,0.448
6752.301,89.153,-0.7134,0.0271,0.3583,45.85,0.21,0.0,0.0346,0.448
6752.401,89.253,-0.7134,0.0271,0.3583,45.85,0.21,0.0,0.0343,0.448
6752.501,89.353,-0.7134,0.0271,0.3583,45.85,0.21,0.0,0.035,0.448
6752.601,89.453,-0.7134,0.0271,0.3583,45.85,0.21,0.0,0.0388,0.448
6752.701,89.553,-0.7134,0.0271,0.3583,45.85,0.21,0.0,0.0364,0.448
6752.801,89.653,-0.7134,0.0271,0.3583,45.85,0.21,0.0,0.0375,0.448
6752.901,89.753,-0.7134,0.0271,0.3583,45.85,0.21,0.0,0.0388,0.448
6753.001,89.853,-0.7134,0.0271,0.3583,45.85,0.21,0.0,0.0437,0.448
6753.101,89.955,-0.7134,0.0271,0.3583,45.85,0.21,0.0,0.0441,0.448
6753.201,90.055,-0.7134,0.0271,0.3583,45.85,0.21,0.0,0.0435,0.448
6753.301,90.155,-0.7134,0.0271,0.3583,45.85,0.21,0.0,0.0429,0.448
6753.401,90.264,-0.7134,0.0271,0.3583,45.85,0.21,0.0,0.0472,0.448
6753.501,90.371,-0.7134,0.0271,0.3583,45.85,0.21,0.0,0.0433,0.448
6753.601,90.472,-0.7134,0.0271,0.3583,45.85,0.21,0.0,0.0414,0.448
6753.701,90.573,-0.7134,0.0271,0.3583,45.85,0.21,0.0,0.0418,0.448
6753.801,90.674,-0.7134,0.0271,0.3583,45.85,0.21,0.0,0.0382,0.448
6753.901,90.774,-0.7134,0.0271,0.3583,45.85,0.21,0.0,0.0356,0.448
6754.001,90.875,-0.7134,0.0271,0.3583,45.85,0.21,0.0,0.0349,0.448
6754.101,90.975,-0.7134,0.0271,0.3583,45.85,0.21,0.0,0.0328,0.448
6754.201,91.075,-0.7134,0.0271,0.3583,45.85,0.21,0.0,0.0348,0.448
6754.301,91.176,-0.7134,0.0271,0.3583,45.85,0.21,0.0,0.0402,0.448
6754.401,91.276,-0.7134,0.0271,0.3583,45.85,0.21,0.0,0.0395,0.448
6754.501,91.378,-0.7134,0.0271,0.3583,45.85,0.21,0.0,0.0409,0.448
6754.601,91.478,-0.7134,0.0271,0.3583,45.85,0.21,0.0,0.0387,0.448
6754.701,91.58,-0.7134,0.0271,0.3583,45.85,0.21,0.0,0.0375,0.448
6754.801,91.68,-0.7134,0.0271,0.3583,45.85,0.21,0.0,0.0357,0.448
6754.901,91.78,-0.7134,0.0271,0.3583,45.85,0.21,0.0,0.0371,0.448
6755.001,91.88,-0.7134,0.0271,0.3583,45.85,0.21,0.0,0.0414,0.448
6755.101,91.98,-0.7134,0.0271,0.3583,45.85,0.21,0.0,0.0443,0.448
6755.201,92.081,-0.7134,0.0271,0.3583,45.85,0.21,0.0,0.0431,0.448
6755.301,92.181,-0.7134,0.0271,0.3583,45.85,0.21,0.0,0.0425,0.448
6755.401,92.281,-0.7134,0.0271,0.3583,45.85,0.21,0.0,0.0434,0.448
6755.501,92.382,-0.7134,0.0271,0.3583,45.85,0.21,0.0,0.0468,0.448
6755.601,92.481,-0.7134,0.0271,0.3583,45.85,0.21,0.0,0.0456,0.448
6755.701,92.582,-0.7134,0.0271,0.3583,45.85,0.21,0.0,0.0453,0.448
6755.801,92.682,-0.7134,0.0271,0.3583,45.85,0.21,0.0,0.0447,0.448
6755.901,92.782,-0.7134,0.0271,0.3583,45.85,0.21,0.0,0.0473,0.448
6756.001,92.882,-0.7134,0.0271,0.3583,45.85,0.21,0.0,0.0433,0.448
6756.101,92.982,-0.7134,0.0271,0.3583,45.85,0.21,0.0,0.0408,0.448
6756.201,93.083,-0.7134,0.0271,0.3583,45.85,0.21,0.0,0.037,0.448
6756.301,93.182,-0.7134,0.0271,0.3583,45.85,0.21,0.0,0.0335,0.448
6756.401,93.282,-0.7134,0.0271,0.3583,45.85,0.21,0.0,0.0328,0.448
6756.501,93.382,-0.7134,0.0271,0.3583,45.85,0.21,0.0,0.0356,0.448
6756.601,93.484,-0.7134,0.0271,0.3583,45.85,0.21,0.0,0.0379,0.448
6756.701,93.584,-0.7134,0.0271,0.3583,45.85,0.21,0.0,0.0396,0.448
6756.801,93.683,-0.7134,0.0271,0.3583,45.85,0.21,0.0,0.0406,0.448
6756.901,93.783,-0.7134,0.0271,0.3583,45.85,0.21,0.0,0.039,0.448
6757.001,93.885,-0.7134,0.0271,0.3583,45.85,0.21,0.0,0.0389,0.448
6757.101,93.985,-0.7134,0.0271,0.3583,45.85,0.21,0.0,0.0365,0.448
6757.201,94.085,-0.7134,0.0271,0.3583,45.85,0.21,0.0,0.0402,0.448
6757.301,94.185,-0.7134,0.0271,0.3583,45.85,0.21,0.0,0.0401,0.448
6757.401,94.285,-0.7134,0.0271,0.3583,45.85,0.21,0.0,0.0374,0.448
6757.501,94.387,-0.7134,0.0271,0.3583,45.85,0.21,0.0,0.0388,0.448
6757.601,94.486,-0.7134,0.0271,0.3583,45.85,0.21,0.0,0.0381,0.448
6757.701,94.591,-0.7134,0.0271,0.3583,45.85,0.21,0.0,0.0388,0.448
6757.801,94.691,-0.7134,0.0271,0.3583,45.85,0.21,0.0,0.0406,0.448
6757.901,94.792,-0.7134,0.0271,0.3583,45.85,0.21,0.0,0.0355,0.448
6758.001,94.894,-0.7134,0.0271,0.3583,45.85,0.21,0.0,0.0365,0.448
6758.101,94.996,-0.7134,0.0271,0.3583,45.85,0.21,0.0,0.0381,0.448
6758.201,95.096,-0.7134,0.0271,0.3583,45.85,0.21,0.0,0.0372,0.448
6758.301,95.196,-0.7134,0.0271,0.3583,45.85,0.21,0.0,0.0377,0.448
6758.401,95.296,-0.7134,0.0271,0.3583,45.85,0.21,0.0,0.0368,0.448
6758.501,95.396,-0.7134,0.0271,0.3583,45.85,0.21,0.0,0.0354,0.448
6758.601,95.499,-0.7134,0.0271,0.3583,45.85,0.21,0.0,0.0331,0.448
6758.701,95.599,-0.7134,0.0271,0.3583,45.85,0.21,0.0,0.036,0.448
6758.801,95.699,-0.7134,0.0271,0.3583,45.85,0.21,0.0,0.0371,0.448
6758.901,95.799,-0.7134,0.0271,0.3583,45.85,0.21,0.0,0.0366,0.448
6759.001,95.899,-0.7134,0.0271,0.3583,45.85,0.21,0.0,0.0381,0.448
6759.101,95.998,-0.7134,0.0271,0.3583,45.85,0.21,0.0,0.0377,0.448
6759.201,96.099,-0.7134,0.0271,0.3583,45.85,0.21,0.0,0.0329,0.448
6759.301,96.2,-0.7134,0.0271,0.3583,45.85,0.21,0.0,0.0331,0.448
6759.401,96.3,-0.7134,0.0271,0.3583,45.85,0.21,0.0,0.0375,0.448
6759.501,96.4,-0.7134,0.0271,0.3583,45.85,0.21,0.0,0.038,0.448
6759.601,96.501,-0.7134,0.0271,0.3583,45.85,0.21,0.0,0.0407,0.448
6759.701,96.601,-0.7134,0.0271,0.3583,45.85,0.21,0.0,0.0407,0.448
6759.801,96.701,-0.7134,0.0271,0.3583,45.85,0.21,0.0,0.0399,0.448
6759.901,96.802,-0.7134,0.0271,0.3583,45.85,0.21,0.0,0.0388,0.448
6760.001,96.902,-0.7134,0.0271,0.3583,45.85,0.21,0.0,0.0354,0.448
6760.101,97.002,-0.7134,0.0271,0.3583,45.85,0.21,0.0,0.0381,0.448
6760.201,97.102,-0.7134,0.0271,0.3583,45.85,0.21,0.0,0.0328,0.448
6760.301,97.202,-0.7134,0.0271,0.3583,45.85,0.21,0.0,0.0309,0.448
6760.401,97.302,-0.7134,0.0271,0.3583,45.85,0.21,0.0,0.0308,0.448
6760.501,97.405,-0.7134,0.0271,0.3583,45.85,0.21,0.0,0.0325,0.448
6760.601,97.506,-0.7134,0.0271,0.3583,45.85,0.21,0.0,0.0355,0.448
6760.701,97.606,-0.7134,0.0271,0.3583,45.85,0.21,0.0,0.0355,0.448
6760.801,97.706,-0.7134,0.0271,0.3583,45.85,0.21,0.0,0.0363,0.448
6760.901,97.806,-0.7134,0.0271,0.3583,45.85,0.21,0.0,0.0363,0.448
6761.001,97.906,-0.7134,0.0271,0.3583,45.85,0.21,0.0,0.0356,0.448
6761.101,98.006,-0.7134,0.0271,0.3583,45.85,0.21,0.0,0.0372,0.448
6761.201,98.106,-0.7134,0.0271,0.3583,45.85,0.21,0.0,0.0393,0.448
6761.301,98.206,-0.7134,0.0271,0.3583,45.85,0.21,0.0,0.0366,0.448
6761.401,98.306,-0.7134,0.0271,0.3583,45.85,0.21,0.0,0.0357,0.448
6761.501,98.406,-0.7134,0.0271,0.3583,45.85,0.21,0.0,0.0383,0.448
6761.601,98.506,-0.7134,0.0271,0.3583,45.85,0.21,0.0,0.0358,0.448
6761.701,98.606,-0.7134,0.0271,0.3583,45.85,0.21,0.0,0.0342,0.448
6761.801,98.706,-0.7134,0.0271,0.3583,45.85,0.21,0.0,0.0351,0.448
6761.901,98.809,-0.7134,0.0271,0.3583,45.85,0.21,0.0,0.0399,0.448
6762.001,98.909,-0.7134,0.0271,0.3583,45.85,0.21,0.0,0.0454,0.448
6762.101,99.009,-0.7134,0.0271,0.3583,45.85,0.21,0.0,0.0464,0.448
6762.201,99.109,-0.7134,0.0271,0.3583,45.85,0.21,0.0,0.0457,0.448
6762.301,99.209,-0.7134,0.0271,0.3583,45.85,0.21,0.0,0.0374,0.448
6762.402,99.31,-0.7134,0.0271,0.3583,45.85,0.21,0.0,0.0391,0.448
6762.501,99.409,-0.7134,0.0271,0.3583,45.85,0.21,0.0,0.0346,0.448
6762.601,99.509,-0.7134,0.0271,0.3583,45.85,0.21,0.0,0.0332,0.448
6762.701,99.609,-0.7134,0.0271,0.3583,45.85,0.21,0.0,0.0356,0.448
6762.801,99.711,-0.7134,0.0271,0.3583,45.85,0.21,0.0,0.0359,0.448
6762.901,99.81,-0.7134,0.0271,0.3583,45.85,0.21,0.0,0.0347,0.448
6763.001,99.91,-0.7134,0.0271,0.3583,45.85,0.21,0.0,0.036,0.448
6763.101,100.01,-0.7134,0.0271,0.3583,45.85,0.21,0.0,0.0357,0.448
6763.201,100.11,-0.7134,0.0271,0.3583,45.85,0.21,0.0,0.0348,0.448
6763.301,100.211,-0.7134,0.0271,0.3583,45.85,0.21,0.0,0.0383,0.448
6763.401,100.313,-0.7134,0.0271,0.3583,45.85,0.21,0.0,0.0356,0.448
6763.501,100.413,-0.7134,0.0271,0.3583,45.85,0.21,0.0,0.0353,0.448
6763.601,100.515,-0.7134,0.0271,0.3583,45.85,0.21,0.0,0.0334,0.448
6763.701,100.617,-0.7134,0.0271,0.3583,45.85,0.21,0.0,0.0368,0.448
6763.801,100.719,-0.7134,0.0271,0.3583,45.85,0.21,0.0,0.0378,0.448
6763.901,100.819,-0.7134,0.0271,0.3583,45.85,0.21,0.0,0.0362,0.448
6764.001,100.919,-0.7134,0.0271,0.3583,45.85,0.21,0.0,0.036,0.448
6764.101,101.019,-0.7134,0.0271,0.3583,45.85,0.21,0.0,0.0385,0.448
6764.201,101.12,-0.7134,0.0271,0.3583,45.85,0.21,0.0,0.038,0.448
6764.301,101.221,-0.7134,0.0271,0.3583,45.85,0.21,0.0,0.0379,0.448
6764.401,101.321,-0.7134,0.0271,0.3583,45.85,0.21,0.0,0.0398,0.448
6764.501,101.421,-0.7134,0.0271,0.3583,45.85,0.21,0.0,0.0376,0.448
6764.601,101.522,-0.7134,0.0271,0.3583,45.85,0.21,0.0,0.0376,0.448
6764.701,101.622,-0.7134,0.0271,0.3583,45.85,0.21,0.0,0.0354,0.448
6764.801,101.722,-0.7134,0.0271,0.3583,45.85,0.21,0.0,0.0379,0.448
6764.901,101.822,-0.7134,0.0271,0.3583,45.85,0.21,0.0,0.0373,0.448
6765.001,101.922,-0.7134,0.0271,0.3583,45.85,0.21,0.0,0.0398,0.448
6765.101,102.024,-0.7134,0.0271,0.3583,45.85,0.21,0.0,0.0388,0.448
6765.201,102.123,-0.7134,0.0271,0.3583,45.85,0.21,0.0,0.0375,0.448
6765.301,102.223,-0.7134,0.0271,0.3583,45.85,0.21,0.0,0.0403,0.448
6765.401,102.323,-0.7134,0.0271,0.3583,45.85,0.21,0.0,0.0425,0.448
6765.501,102.424,-0.7134,0.0271,0.3583,45.85,0.21,0.0,0.0438,0.448
6765.601,102.523,-0.7134,0.0271,0.3583,45.85,0.21,0.0,0.0383,0.448
6765.701,102.626,-0.7134,0.0271,0.3583,45.85,0.21,0.0,0.0377,0.448
6765.801,102.726,-0.7134,0.0271,0.3583,45.85,0.21,0.0,0.0371,0.448
6765.901,102.827,-0.7134,0.0271,0.3583,45.85,0.21,0.0,0.036,0.448
6766.001,102.927,-0.7134,0.0271,0.3583,45.85,0.21,0.0,0.0368,0.448
6766.101,103.027,-0.7134,0.0271,0.3583,45.85,0.21,0.0,0.0359,0.448
6766.201,103.127,-0.7134,0.0271,0.3583,45.85,0.21,0.0,0.0365,0.448
6766.301,103.227,-0.7134,0.0271,0.3583,45.85,0.21,0.0,0.0366,0.448
6766.401,103.327,-0.7134,0.0271,0.3583,45.85,0.21,0.0,0.0351,0.448
6766.501,103.428,-0.7134,0.0271,0.3583,45.85,0.21,0.0,0.0375,0.448
6766.601,103.529,-0.7134,0.0271,0.3583,45.85,0.21,0.0,0.0397,0.448
6766.701,103.63,-0.7134,0.0271,0.3583,45.85,0.21,0.0,0.0413,0.448
6766.801,103.73,-0.7134,0.0271,0.3583,45.85,0.21,0.0,0.0386,0.448
6766.901,103.83,-0.7134,0.0271,0.3583,45.85,0.21,0.0,0.0355,0.448
6767.001,103.93,-0.7134,0.0271,0.3583,45.85,0.21,0.0,0.0361,0.448
6767.101,104.03,-0.7134,0.0271,0.3583,45.85,0.21,0.0,0.0376,0.448
6767.201,104.13,-0.7134,0.0271,0.3583,45.85,0.21,0.0,0.0416,0.448
6767.301,104.231,-0.7134,0.0271,0.3583,45.85,0.22,0.0,0.0419,0.448
6767.401,104.332,-0.7134,0.0271,0.3583,45.85,0.22,0.0,0.041,0.448
6767.501,104.433,-0.7134,0.0271,0.3583,45.85,0.22,0.0,0.0409,0.448
6767.601,104.533,-0.7134,0.0271,0.3583,45.85,0.22,0.0,0.042,0.448
6767.701,104.636,-0.7134,0.0271,0.3583,45.85,0.22,0.0,0.0395,0.448
6767.801,104.739,-0.7134,0.0271,0.3583,45.85,0.22,0.0,0.039,0.448
6767.901,104.839,-0.7134,0.0271,0.3583,45.85,0.22,0.0,0.0397,0.448
6768.001,104.939,-0.7134,0.0271,0.3583,45.85,0.22,0.0,0.0394,0.448
6768.101,105.039,-0.7134,0.0271,0.3583,45.85,0.22,0.0,0.0415,0.448
6768.201,105.138,-0.7134,0.0271,0.3583,45.85,0.22,0.0,0.0438,0.448
6768.301,105.238,-0.7134,0.0271,0.3583,45.85,0.22,0.0,0.0447,0.448
6768.401,105.339,-0.7134,0.0271,0.3583,45.85,0.22,0.0,0.0447,0.448
6768.501,105.438,-0.7134,0.0271,0.3583,45.85,0.22,0.0,0.0475,0.448
6768.601,105.538,-0.7134,0.0271,0.3583,45.85,0.22,0.0,0.0438,0.448
6768.701,105.639,-0.7134,0.0271,0.3583,45.85,0.22,0.0,0.0419,0.448
6768.801,105.74,-0.7134,0.0271,0.3583,45.85,0.22,0.0,0.0403,0.448
6768.901,105.84,-0.7134,0.0271,0.3583,45.85,0.22,0.0,0.0326,0.448
6769.001,105.94,-0.7134,0.0271,0.3583,45.85,0.22,0.0,0.0318,0.448
6769.101,106.04,-0.7134,0.0271,0.3583,45.85,0.22,0.0,0.0331,0.448
6769.201,106.139,-0.7134,0.0271,0.3583,45.85,0.22,0.0,0.0352,0.448
6769.301,106.24,-0.7134,0.0271,0.3583,45.85,0.22,0.0,0.0352,0.448
6769.401,106.342,-0.7134,0.0271,0.3583,45.85,0.22,0.0,0.0319,0.448
6769.501,106.441,-0.7134,0.0271,0.3583,45.85,0.22,0.0,0.0358,0.448
6769.601,106.541,-0.7134,0.0271,0.3583,45.85,0.22,0.0,0.0359,0.448
6769.701,106.641,-0.7134,0.0271,0.3583,45.85,0.22,0.0,0.0375,0.448
6769.801,106.741,-0.7134,0.0271,0.3583,45.85,0.22,0.0,0.0405,0.448
6769.901,106.841,-0.7134,0.0271,0.3583,45.85,0.22,0.0,0.0371,0.448
6770.001,106.941,-0.7134,0.0271,0.3583,45.85,0.22,0.0,0.0361,0.448
6770.101,107.041,-0.7134,0.0271,0.3583,45.85,0.22,0.0,0.0336,0.448
6770.201,107.141,-0.7134,0.0271,0.3583,45.85,0.22,0.0,0.0319,0.448
6770.301,107.241,-0.7134,0.0271,0.3583,45.85,0.22,0.0,0.0379,0.448
6770.401,107.344,-0.7134,0.0271,0.3583,45.85,0.22,0.0,0.0398,0.448
6770.501,107.444,-0.7134,0.0271,0.3583,45.85,0.22,0.0,0.0371,0.448
6770.601,107.55,-0.7134,0.0271,0.3583,45.85,0.22,0.0,0.0376,0.448
6770.701,107.652,-0.7134,0.0271,0.3583,45.85,0.22,0.0,0.0376,0.448
6770.801,107.752,-0.7134,0.0271,0.3583,45.86,0.22,0.0,0.0354,0.448
6770.901,107.852,-0.7134,0.0271,0.3583,45.87,0.22,0.0,0.0328,0.448
6771.001,107.955,-0.7134,0.0271,0.3583,45.9,0.22,0.0,0.0321,0.448
6771.101,108.055,-0.7134,0.0271,0.3583,45.89,0.21,0.0,0.0335,0.448
6771.201,108.155,-0.7134,0.0271,0.3583,45.89,0.21,0.0,0.0396,0.448
6771.301,108.255,-0.7134,0.0271,0.3583,45.88,0.21,0.0,0.0377,0.448
6771.401,108.355,-0.7133,0.0271,0.3583,45.85,0.21,0.0,0.0433,0.448
6771.501,108.455,-0.7133,0.0271,0.3583,45.85,0.21,0.0,0.0402,0.448
6771.601,108.555,-0.7133,0.027,0.3582,45.83,0.21,0.0,0.0415,0.448
6771.701,108.655,-0.7133,0.027,0.3582,45.85,0.21,0.0,0.0436,0.448
6771.801,108.755,-0.7133,0.0271,0.3582,45.86,0.21,0.0,0.0406,0.448
6771.901,108.857,-0.7133,0.0271,0.3582,45.86,0.21,0.0,0.0394,0.448
6772.001,108.957,-0.7133,0.0271,0.3582,45.86,0.21,0.0,0.0364,0.448
6772.101,109.057,-0.7133,0.027,0.3582,45.85,0.21,0.0,0.0361,0.448
6772.201,109.156,-0.7133,0.027,0.3582,45.83,0.21,0.0,0.0337,0.448
6772.301,109.256,-0.7133,0.0271,0.3582,45.87,0.21,0.0,0.0367,0.448
6772.401,109.356,-0.7133,0.0271,0.3582,45.87,0.21,0.0,0.0405,0.448
6772.501,109.456,-0.7133,0.0271,0.3582,45.87,0.21,0.0,0.0463,0.448
6772.601,109.556,-0.7133,0.0271,0.3581,45.87,0.21,0.0,0.0458,0.448
6772.701,109.656,-0.7133,0.0271,0.3581,45.86,0.21,0.0,0.0478,0.448
6772.801,109.758,-0.7133,0.0271,0.3581,45.86,0.21,0.0,0.0464,0.448
6772.901,109.858,-0.7132,0.0271,0.3581,45.84,0.21,0.0,0.0356,0.448
6773.001,109.958,-0.7132,0.0271,0.3581,45.84,0.21,0.0,0.0376,0.448
6773.101,110.058,-0.7132,0.0271,0.3581,45.83,0.21,0.0,0.0336,0.448
6773.201,110.158,-0.7132,0.027,0.358,45.82,0.21,0.0,0.0357,0.448
6773.301,110.258,-0.7132,0.027,0.358,45.84,0.21,0.0,0.0348,0.448
6773.401,110.358,-0.7132,0.0271,0.358,45.93,0.21,0.0,0.0389,0.448
6773.501,110.458,-0.7133,0.0271,0.358,45.87,0.21,0.0,0.0436,0.448
6773.601,110.559,-0.7132,0.0271,0.358,45.86,0.21,0.0,0.0472,0.448
6773.701,110.659,-0.7132,0.0271,0.3579,45.78,0.21,0.0,0.0382,0.448
6773.801,110.76,-0.7132,0.0271,0.3579,45.89,0.21,0.0,0.0311,0.448
6773.901,110.86,-0.7132,0.0271,0.3579,45.8,0.21,0.0,0.0365,0.448
6774.001,110.96,-0.7132,0.027,0.3579,45.77,0.2,0.0,0.0392,0.448
6774.101,111.06,-0.7132,0.0271,0.3579,45.86,0.21,0.0,0.0421,0.448
6774.201,111.162,-0.7132,0.0271,0.3579,45.78,0.2,0.0,0.044,0.448
6774.301,111.262,-0.7132,0.027,0.3579,45.71,0.2,0.0,0.0351,0.448
6774.401,111.369,-0.7132,0.027,0.3579,45.75,0.2,0.0,0.0,0.448
6774.501,111.469,-0.7132,0.027,0.3579,45.77,0.21,0.0,0.0,0.448
6774.601,111.568,-0.7132,0.027,0.3579,45.79,0.21,0.0,0.0039,0.448
6774.701,111.669,-0.7132,0.0271,0.3579,45.8,0.21,0.0,0.0085,0.448
6774.801,111.769,-0.7132,0.0271,0.3579,45.82,0.21,0.0,0.0116,0.448
6774.901,111.869,-0.7132,0.0271,0.3579,45.84,0.21,0.0,0.0197,0.448
6775.001,111.97,-0.7132,0.0271,0.3579,45.84,0.2,0.0,0.0195,0.448
6775.101,112.07,-0.7132,0.0271,0.3579,45.87,0.2,0.0,0.024,0.448
6775.201,112.17,-0.7133,0.0271,0.3578,45.91,0.21,0.0,0.02,0.448
6775.301,112.27,-0.7132,0.027,0.3579,45.83,0.2,0.0,0.0238,0.448
6775.401,112.371,-0.7132,0.0271,0.3579,45.81,0.2,0.0,0.0266,0.448
6775.501,112.471,-0.7131,0.027,0.3579,45.79,0.2,0.0,0.0277,0.448
6775.601,112.571,-0.7132,0.0271,0.3578,45.86,0.21,0.0,0.0267,0.448
6775.701,112.673,-0.7132,0.0271,0.3578,45.84,0.2,0.0,0.0241,0.448
6775.801,112.773,-0.7132,0.0271,0.3578,45.91,0.21,0.0,0.0262,0.448
6775.901,112.873,-0.7133,0.0271,0.3578,45.92,0.2,0.0,0.0271,0.448
6776.001,112.976,-0.7132,0.0271,0.3578,45.89,0.2,0.0,0.0278,0.448
6776.101,113.076,-0.7133,0.0271,0.3578,45.89,0.2,0.0,0.0289,0.448
6776.201,113.177,-0.7132,0.0271,0.3578,45.89,0.2,0.0,0.0285,0.448
6776.301,113.277,-0.7132,0.0271,0.3578,45.85,0.2,0.0,0.0307,0.448
6776.401,113.377,-0.7132,0.0271,0.3578,45.86,0.2,0.0,0.0291,0.448
6776.501,113.477,-0.7132,0.0271,0.3578,45.91,0.21,0.0,0.0308,0.448
6776.601,113.577,-0.7132,0.0271,0.3578,45.88,0.2,0.0,0.0277,0.448
6776.701,113.678,-0.7132,0.0271,0.3578,45.86,0.2,0.0,0.0314,0.448
6776.801,113.778,-0.7132,0.0271,0.3578,45.86,0.2,0.0,0.0343,0.448
6776.901,113.878,-0.7132,0.0271,0.3578,45.86,0.2,0.0,0.0363,0.448
6777.001,113.98,-0.7132,0.0271,0.3578,45.86,0.2,0.0,0.0359,0.448
6777.101,114.081,-0.7132,0.0271,0.3578,45.86,0.2,0.0,0.0334,0.448
6777.201,114.184,-0.7132,0.0271,0.3578,45.86,0.2,0.0,0.0264,0.448
6777.301,114.284,-0.7132,0.0271,0.3578,45.86,0.2,0.0,0.026,0.448
6777.401,114.386,-0.7132,0.0271,0.3578,45.86,0.2,0.0,0.0238,0.448
6777.501,114.487,-0.7132,0.0271,0.3578,45.86,0.2,0.0,0.026,0.448
6777.601,114.588,-0.7132,0.0271,0.3578,45.86,0.2,0.0,0.0284,0.448
6777.701,114.687,-0.7132,0.0271,0.3578,45.88,0.2,0.0,0.0338,0.448
6777.801,114.787,-0.7132,0.0271,0.3578,45.83,0.2,0.0,0.0325,0.448
6777.901,114.887,-0.7132,0.0271,0.3578,45.81,0.2,0.0,0.0347,0.448
6778.001,114.987,-0.7132,0.0271,0.3578,45.84,0.2,0.0,0.0353,0.448
6778.101,115.087,-0.7132,0.0271,0.3578,45.84,0.2,0.0,0.0348,0.448
6778.201,115.187,-0.7132,0.0271,0.3578,45.81,0.2,0.0,0.0385,0.448
6778.301,115.287,-0.7132,0.027,0.3578,45.82,0.2,0.0,0.0361,0.448
6778.401,115.387,-0.7132,0.027,0.3578,45.8,0.2,0.0,0.0358,0.448
6778.501,115.487,-0.7132,0.0271,0.3579,45.84,0.2,0.0,0.0355,0.448
6778.601,115.587,-0.7132,0.027,0.3579,45.78,0.2,0.0,0.0357,0.448
6778.701,115.69,-0.7131,0.027,0.3579,45.72,0.21,0.0,0.0301,0.448
6778.801,115.79,-0.7132,0.0271,0.3579,45.84,0.21,0.0,0.0361,0.448
6778.901,115.89,-0.7132,0.0271,0.3579,45.9,0.21,0.0,0.0367,0.448
6779.001,115.991,-0.7132,0.0271,0.3579,45.9,0.21,0.0,0.0396,0.448
6779.101,116.091,-0.7132,0.0271,0.3579,45.87,0.21,0.0,0.0379,0.448
6779.201,116.191,-0.7133,0.0271,0.3579,45.91,0.21,0.0,0.0305,0.448
6779.301,116.291,-0.7132,0.0271,0.3579,45.85,0.2,0.0,0.036,0.448
6779.401,116.391,-0.7133,0.0271,0.3579,45.9,0.2,0.0,0.0305,0.448
6779.501,116.491,-0.7133,0.0271,0.3579,45.91,0.2,0.0,0.0355,0.448
6779.601,116.591,-0.7132,0.027,0.3579,45.86,0.2,0.0,0.0343,0.448
6779.701,116.691,-0.7132,0.027,0.3579,45.83,0.2,0.0,0.034,0.448
6779.801,116.791,-0.7132,0.027,0.3579,45.83,0.2,0.0,0.0409,0.448
6779.901,116.891,-0.7132,0.027,0.3579,45.85,0.2,0.0,0.0393,0.448
6780.001,116.994,-0.7132,0.027,0.3579,45.84,0.2,0.0,0.0318,0.448
6780.101,117.094,-0.7132,0.0271,0.3579,45.87,0.21,0.0,0.0286,0.448
6780.201,117.195,-0.7132,0.027,0.3579,45.8,0.2,0.0,0.0321,0.448
6780.301,117.297,-0.7132,0.027,0.3579,45.82,0.2,0.0,0.0311,0.448
6780.401,117.397,-0.7132,0.027,0.3579,45.8,0.2,0.0,0.0324,0.448
6780.501,117.497,-0.7132,0.027,0.3579,45.75,0.2,0.0,0.0317,0.448
6780.601,117.597,-0.7132,0.027,0.3579,45.69,0.2,0.0,0.0366,0.448
6780.701,117.702,-0.7132,0.027,0.3579,45.81,0.21,0.0,0.0391,0.448
6780.801,117.803,-0.7132,0.027,0.3579,45.81,0.21,0.0,0.0428,0.448
6780.901,117.903,-0.7133,0.0271,0.3579,45.97,0.21,0.0,0.0412,0.448
6781.001,118.002,-0.7133,0.0271,0.3579,45.86,0.2,0.0,0.0422,0.448
6781.101,118.103,-0.7133,0.027,0.3579,45.75,0.2,0.0,0.0326,0.448
6781.201,118.202,-0.7133,0.027,0.3579,45.79,0.2,0.0,0.0327,0.448
6781.301,118.303,-0.7132,0.027,0.3578,45.75,0.2,0.0,0.0302,0.448
6781.401,118.403,-0.7133,0.0271,0.3578,45.97,0.21,0.0,0.0358,0.448
6781.501,118.503,-0.7134,0.0272,0.3578,46.04,0.21,0.0,0.0448,0.448
6781.601,118.602,-0.7133,0.0271,0.3578,45.98,0.2,0.0,0.0335,0.448
6781.701,118.703,-0.7133,0.0271,0.3578,45.89,0.2,0.0,0.0263,0.448
6781.801,118.806,-0.7133,0.0271,0.3578,45.9,0.2,0.0,0.0254,0.448
6781.901,118.907,-0.7133,0.0271,0.3578,45.87,0.2,0.0,0.0313,0.448
6782.001,119.007,-0.7132,0.0271,0.3578,45.87,0.2,0.0,0.0329,0.448
6782.101,119.107,-0.7132,0.0271,0.3578,45.87,0.2,0.0,0.0373,0.448
6782.201,119.207,-0.7132,0.0271,0.3578,45.86,0.2,0.0,0.0373,0.448
6782.301,119.308,-0.7132,0.0271,0.3578,45.84,0.2,0.0,0.0364,0.448
6782.401,119.408,-0.7132,0.0271,0.3578,45.84,0.2,0.0,0.037,0.448
6782.501,119.508,-0.7132,0.0271,0.3578,45.84,0.2,0.0,0.0332,0.448
6782.601,119.608,-0.7132,0.0271,0.3578,45.84,0.2,0.0,0.0337,0.448
6782.701,119.708,-0.7132,0.0271,0.3578,45.85,0.2,0.0,0.0331,0.448
6782.801,119.808,-0.7132,0.0271,0.3578,45.85,0.2,0.0,0.0348,0.448
6782.901,119.908,-0.7132,0.0271,0.3578,45.85,0.2,0.0,0.0324,0.448
6783.001,120.008,-0.7132,0.0271,0.3578,45.85,0.2,0.0,0.0298,0.448
6783.101,120.108,-0.7132,0.0271,0.3578,45.85,0.2,0.0,0.0328,0.448
6783.201,120.208,-0.7132,0.0271,0.3578,45.85,0.2,0.0,0.0342,0.448
6783.301,120.311,-0.7132,0.0271,0.3578,45.85,0.2,0.0,0.0327,0.448
6783.401,120.411,-0.7132,0.0271,0.3578,45.85,0.2,0.0,0.0328,0.448
6783.501,120.511,-0.7132,0.0271,0.3578,45.85,0.2,0.0,0.0347,0.448
6783.601,120.611,-0.7132,0.0271,0.3578,45.85,0.2,0.0,0.0352,0.448
6783.701,120.711,-0.7132,0.0271,0.3578,45.85,0.2,0.0,0.0376,0.448
6783.801,120.811,-0.7132,0.0271,0.3578,45.85,0.2,0.0,0.0371,0.448
6783.901,120.911,-0.7132,0.0271,0.3578,45.85,0.2,0.0,0.0378,0.448
6784.001,121.011,-0.7132,0.0271,0.3578,45.85,0.2,0.0,0.0389,0.448
6784.101,121.111,-0.7132,0.0271,0.3578,45.85,0.2,0.0,0.0354,0.448
6784.201,121.211,-0.7132,0.0271,0.3578,45.85,0.2,0.0,0.0345,0.448
6784.301,121.311,-0.7132,0.0271,0.3578,45.85,0.2,0.0,0.0357,0.448
6784.401,121.411,-0.7132,0.0271,0.3578,45.85,0.2,0.0,0.0415,0.448
6784.501,121.511,-0.7132,0.0271,0.3578,45.85,0.2,0.0,0.042,0.448
6784.601,121.613,-0.7132,0.0271,0.3578,45.85,0.2,0.0,0.042,0.448
6784.701,121.713,-0.7132,0.0271,0.3578,45.85,0.2,0.0,0.0398,0.448
6784.801,121.813,-0.7132,0.0271,0.3578,45.85,0.2,0.0,0.0382,0.448
6784.901,121.915,-0.7132,0.0271,0.3578,45.85,0.2,0.0,0.0396,0.448
6785.001,122.015,-0.7132,0.0271,0.3578,45.85,0.2,0.0,0.0408,0.448
6785.101,122.115,-0.7132,0.0271,0.3578,45.85,0.2,0.0,0.0453,0.448
6785.201,122.216,-0.7132,0.0271,0.3578,45.85,0.2,0.0,0.0406,0.448
6785.301,122.316,-0.7132,0.0271,0.3578,45.85,0.2,0.0,0.0416,0.448
6785.401,122.416,-0.7132,0.0271,0.3578,45.85,0.2,0.0,0.0399,0.448
6785.501,122.52,-0.7132,0.0271,0.3578,45.85,0.2,0.0,0.0378,0.448
6785.601,122.62,-0.7132,0.0271,0.3578,45.85,0.2,0.0,0.0359,0.448
6785.701,122.72,-0.7132,0.0271,0.3578,45.85,0.2,0.0,0.0336,0.448
6785.801,122.82,-0.7132,0.0271,0.3578,45.85,0.2,0.0,0.0355,0.448
6785.901,122.92,-0.7132,0.0271,0.3578,45.85,0.2,0.0,0.0384,0.448
6786.001,123.019,-0.7132,0.0271,0.3578,45.85,0.2,0.0,0.0401,0.448
6786.101,123.12,-0.7132,0.0271,0.3578,45.85,0.2,0.0,0.0386,0.448
6786.201,123.22,-0.7132,0.0271,0.3578,45.85,0.2,0.0,0.04,0.448
6786.301,123.32,-0.7132,0.0271,0.3578,45.85,0.2,0.0,0.0347,0.448
6786.401,123.421,-0.7132,0.0271,0.3578,45.85,0.2,0.0,0.0363,0.448
6786.501,123.522,-0.7132,0.0271,0.3578,45.85,0.2,0.0,0.0416,0.448
6786.601,123.622,-0.7132,0.0271,0.3578,45.85,0.2,0.0,0.0384,0.448
6786.701,123.722,-0.7132,0.0271,0.3578,45.85,0.2,0.0,0.0339,0.448
6786.801,123.826,-0.7132,0.0271,0.3578,45.85,0.2,0.0,0.0369,0.448
6786.901,123.927,-0.7132,0.0271,0.3578,45.85,0.2,0.0,0.0338,0.448
6787.001,124.027,-0.7132,0.0271,0.3578,45.85,0.2,0.0,0.0356,0.448
6787.101,124.127,-0.7132,0.0271,0.3578,45.85,0.2,0.0,0.0357,0.448
6787.201,124.227,-0.7132,0.0271,0.3578,45.85,0.2,0.0,0.0343,0.448
6787.301,124.327,-0.7132,0.0271,0.3578,45.85,0.2,0.0,0.0351,0.448
6787.401,124.428,-0.7132,0.0271,0.3578,45.85,0.2,0.0,0.0377,0.448
6787.501,124.527,-0.7132,0.0271,0.3578,45.85,0.2,0.0,0.0372,0.448
6787.601,124.627,-0.7132,0.0271,0.3578,45.85,0.2,0.0,0.039,0.448
6787.701,124.727,-0.7132,0.0271,0.3578,45.85,0.2,0.0,0.0351,0.448
6787.801,124.827,-0.7132,0.0271,0.3578,45.85,0.2,0.0,0.0389,0.448
6787.901,124.927,-0.7132,0.0271,0.3578,45.85,0.2,0.0,0.0394,0.448
6788.001,125.027,-0.7132,0.0271,0.3578,45.85,0.2,0.0,0.0411,0.448
6788.101,125.127,-0.7132,0.0271,0.3578,45.85,0.2,0.0,0.0406,0.448
6788.201,125.228,-0.7132,0.0271,0.3578,45.85,0.2,0.0,0.0423,0.448
6788.301,125.328,-0.7132,0.0271,0.3578,45.85,0.2,0.0,0.0411,0.448
6788.401,125.428,-0.7132,0.0271,0.3578,45.85,0.2,0.0,0.044,0.448
6788.501,125.528,-0.7132,0.0271,0.3578,45.85,0.2,0.0,0.0423,0.448
6788.601,125.628,-0.7132,0.0271,0.3578,45.85,0.2,0.0,0.0408,0.448
6788.701,125.728,-0.7132,0.0271,0.3578,45.85,0.2,0.0,0.0403,0.448
6788.801,125.828,-0.7132,0.0271,0.3578,45.85,0.2,0.0,0.0356,0.448
6788.901,125.928,-0.7132,0.0271,0.3578,45.85,0.2,0.0,0.0351,0.448
6789.001,126.028,-0.7132,0.0271,0.3578,45.85,0.2,0.0,0.0389,0.448
6789.101,126.129,-0.7132,0.0271,0.3578,45.85,0.2,0.0,0.0405,0.448
6789.201,126.229,-0.7132,0.0271,0.3578,45.85,0.2,0.0,0.0403,0.448
6789.301,126.329,-0.7132,0.0271,0.3578,45.85,0.2,0.0,0.0396,0.448
6789.401,126.43,-0.7132,0.0271,0.3578,45.85,0.2,0.0,0.0421,0.448
6789.501,126.532,-0.7132,0.0271,0.3578,45.85,0.2,0.0,0.0417,0.448
6789.601,126.633,-0.7132,0.0271,0.3578,45.85,0.2,0.0,0.0407,0.448
6789.701,126.735,-0.7132,0.0271,0.3578,45.85,0.2,0.0,0.0421,0.448
6789.801,126.835,-0.7132,0.0271,0.3578,45.85,0.2,0.0,0.0432,0.448
6789.901,126.935,-0.7132,0.0271,0.3578,45.85,0.2,0.0,0.0429,0.448
6790.001,127.035,-0.7132,0.0271,0.3578,45.85,0.2,0.0,0.0419,0.448
6790.101,127.137,-0.7132,0.0271,0.3578,45.85,0.2,0.0,0.0403,0.448
6790.201,127.236,-0.7132,0.0271,0.3578,45.85,0.2,0.0,0.0401,0.448
6790.301,127.338,-0.7132,0.0271,0.3578,45.85,0.2,0.0,0.0411,0.448
6790.401,127.439,-0.7132,0.0271,0.3578,45.85,0.2,0.0,0.0393,0.448
6790.501,127.539,-0.7132,0.0271,0.3578,45.85,0.2,0.0,0.0422,0.448
6790.601,127.639,-0.7132,0.0271,0.3578,45.85,0.2,0.0,0.0473,0.448
6790.701,127.739,-0.7132,0.0271,0.3578,45.85,0.2,0.0,0.0471,0.448
6790.801,127.839,-0.7132,0.0271,0.3578,45.85,0.2,0.0,0.0441,0.448
6790.901,127.939,-0.7132,0.0271,0.3578,45.85,0.2,0.0,0.0434,0.448
6791.001,128.04,-0.7132,0.0271,0.3578,45.85,0.2,0.0,0.0412,0.448
6791.101,128.141,-0.7132,0.0271,0.3578,45.85,0.2,0.0,0.0424,0.448
6791.201,128.241,-0.7132,0.0271,0.3578,45.85,0.2,0.0,0.041,0.448
6791.301,128.341,-0.7132,0.0271,0.3578,45.85,0.2,0.0,0.0452,0.448
6791.402,128.443,-0.7132,0.0271,0.3578,45.85,0.2,0.0,0.047,0.448
6791.501,128.541,-0.7132,0.0271,0.3578,45.85,0.2,0.0,0.0434,0.448
6791.601,128.641,-0.7132,0.0271,0.3578,45.85,0.2,0.0,0.0434,0.448
6791.701,128.743,-0.7132,0.0271,0.3578,45.85,0.2,0.0,0.0398,0.448
6791.801,128.843,-0.7132,0.0271,0.3578,45.85,0.2,0.0,0.0339,0.448
6791.901,128.944,-0.7132,0.0271,0.3578,45.85,0.2,0.0,0.0331,0.448
6792.001,129.043,-0.7132,0.0271,0.3578,45.85,0.2,0.0,0.0345,0.448
6792.101,129.143,-0.7132,0.0271,0.3578,45.85,0.2,0.0,0.0367,0.448
6792.201,129.243,-0.7132,0.0271,0.3578,45.85,0.2,0.0,0.0379,0.448
6792.301,129.345,-0.7132,0.0271,0.3578,45.85,0.2,0.0,0.0352,0.448
6792.401,129.445,-0.7132,0.0271,0.3578,45.85,0.2,0.0,0.0375,0.448
6792.501,129.545,-0.7132,0.0271,0.3578,45.85,0.2,0.0,0.0385,0.448
6792.601,129.644,-0.7132,0.0271,0.3578,45.85,0.2,0.0,0.0419,0.448
6792.701,129.746,-0.7132,0.0271,0.3578,45.85,0.2,0.0,0.0396,0.448
6792.801,129.846,-0.7132,0.0271,0.3578,45.85,0.2,0.0,0.0401,0.448
6792.901,129.946,-0.7132,0.0271,0.3578,45.85,0.2,0.0,0.0358,0.448
6793.001,130.046,-0.7132,0.0271,0.3578,45.85,0.2,0.0,0.0336,0.448
6793.101,130.146,-0.7132,0.0271,0.3578,45.85,0.2,0.0,0.0348,0.448
6793.201,130.246,-0.7132,0.0271,0.3578,45.85,0.2,0.0,0.0354,0.448
6793.301,130.346,-0.7132,0.0271,0.3578,45.85,0.2,0.0,0.0362,0.448
6793.401,130.446,-0.7132,0.0271,0.3578,45.85,0.2,0.0,0.0385,0.448
6793.501,130.547,-0.7132,0.0271,0.3578,45.85,0.2,0.0,0.0378,0.448
6793.601,130.648,-0.7132,0.0271,0.3578,45.85,0.2,0.0,0.0398,0.448
6793.701,130.748,-0.7132,0.0271,0.3578,45.85,0.2,0.0,0.0377,0.448
6793.801,130.85,-0.7132,0.0271,0.3578,45.85,0.2,0.0,0.0356,0.448
6793.901,130.95,-0.7132,0.0271,0.3578,45.85,0.2,0.0,0.0355,0.448
6794.001,131.05,-0.7132,0.0271,0.3578,45.85,0.2,0.0,0.0346,0.448
6794.101,131.15,-0.7132,0.0271,0.3578,45.85,0.2,0.0,0.0357,0.448
6794.201,131.25,-0.7132,0.0271,0.3578,45.85,0.2,0.0,0.0381,0.448
6794.301,131.35,-0.7132,0.0271,0.3578,45.85,0.2,0.0,0.0407,0.448
6794.401,131.45,-0.7132,0.0271,0.3578,45.85,0.2,0.0,0.0393,0.448
6794.501,131.55,-0.7132,0.0271,0.3578,45.85,0.2,0.0,0.0368,0.448
6794.601,131.65,-0.7132,0.0271,0.3578,45.85,0.2,0.0,0.0418,0.448
6794.701,131.751,-0.7132,0.0271,0.3578,45.85,0.2,0.0,0.0412,0.448
6794.801,131.851,-0.7132,0.0271,0.3578,45.85,0.2,0.0,0.0373,0.448
6794.901,131.954,-0.7132,0.0271,0.3578,45.85,0.2,0.0,0.04,0.448
6795.001,132.056,-0.7132,0.0271,0.3578,45.85,0.2,0.0,0.0424,0.448
6795.101,132.155,-0.7132,0.0271,0.3578,45.85,0.2,0.0,0.0457,0.448
6795.201,132.255,-0.7132,0.0271,0.3578,45.85,0.2,0.0,0.0442,0.448
6795.301,132.357,-0.7132,0.0271,0.3578,45.85,0.2,0.0,0.0472,0.448
6795.401,132.457,-0.7132,0.0271,0.3578,45.85,0.2,0.0,0.0437,0.448
6795.501,132.557,-0.7132,0.0271,0.3578,45.85,0.2,0.0,0.0458,0.448
6795.601,132.657,-0.7132,0.0271,0.3578,45.85,0.2,0.0,0.0401,0.448
6795.701,132.758,-0.7132,0.0271,0.3578,45.85,0.2,0.0,0.0388,0.448
6795.801,132.858,-0.7132,0.0271,0.3578,45.85,0.2,0.0,0.0365,0.448
6795.901,132.958,-0.7132,0.0271,0.3578,45.85,0.2,0.0,0.0377,0.448
6796.001,133.058,-0.7132,0.0271,0.3578,45.85,0.2,0.0,0.0379,0.448
6796.101,133.159,-0.7132,0.0271,0.3578,45.85,0.2,0.0,0.0372,0.448
6796.201,133.259,-0.7132,0.0271,0.3578,45.85,0.2,0.0,0.0391,0.448
6796.301,133.359,-0.7132,0.0271,0.3578,45.85,0.2,0.0,0.0357,0.448
6796.401,133.459,-0.7132,0.0271,0.3578,45.85,0.2,0.0,0.0357,0.448
6796.501,133.561,-0.7132,0.0271,0.3578,45.85,0.2,0.0,0.038,0.448
6796.601,133.661,-0.7132,0.0271,0.3578,45.85,0.2,0.0,0.0378,0.448
6796.701,133.761,-0.7132,0.0271,0.3578,45.85,0.2,0.0,0.0399,0.448
6796.801,133.861,-0.7132,0.0271,0.3578,45.85,0.2,0.0,0.0403,0.448
6796.901,133.961,-0.7132,0.0271,0.3578,45.85,0.2,0.0,0.0375,0.448
6797.001,134.062,-0.7132,0.0271,0.3578,45.85,0.2,0.0,0.0377,0.448
6797.101,134.165,-0.7132,0.0271,0.3578,45.85,0.2,0.0,0.0354,0.448
6797.201,134.265,-0.7132,0.0271,0.3578,45.85,0.2,0.0,0.0329,0.448
6797.301,134.367,-0.7132,0.0271,0.3578,45.85,0.2,0.0,0.029,0.448
6797.401,134.468,-0.7132,0.0271,0.3578,45.85,0.2,0.0,0.0301,0.448
6797.501,134.568,-0.7132,0.0271,0.3578,45.85,0.2,0.0,0.0303,0.448
6797.601,134.668,-0.7132,0.0271,0.3578,45.85,0.2,0.0,0.0327,0.448
6797.701,134.767,-0.7132,0.0271,0.3578,45.85,0.2,0.0,0.0375,0.448
6797.801,134.868,-0.7132,0.0271,0.3578,45.85,0.2,0.0,0.0367,0.448
6797.901,134.969,-0.7132,0.0271,0.3578,45.85,0.2,0.0,0.0343,0.448
6798.001,135.069,-0.7132,0.0271,0.3578,45.85,0.2,0.0,0.0361,0.448
6798.101,135.169,-0.7132,0.0271,0.3578,45.85,0.2,0.0,0.0308,0.448
6798.201,135.271,-0.7132,0.0271,0.3578,45.85,0.2,0.0,0.0312,0.448
6798.301,135.372,-0.7132,0.0271,0.3578,45.85,0.2,0.0,0.0331,0.448
6798.401,135.471,-0.7132,0.0271,0.3578,45.85,0.2,0.0,0.0365,0.448
6798.501,135.571,-0.7132,0.0271,0.3578,45.85,0.2,0.0,0.0362,0.448
6798.601,135.672,-0.7132,0.0271,0.3578,45.85,0.2,0.0,0.0357,0.448
6798.701,135.772,-0.7132,0.0271,0.3578,45.85,0.2,0.0,0.0317,0.448
6798.801,135.872,-0.7132,0.0271,0.3578,45.85,0.2,0.0,0.0345,0.448
6798.901,135.973,-0.7132,0.0271,0.3578,45.85,0.2,0.0,0.0376,0.448
6799.001,136.072,-0.7132,0.0271,0.3578,45.85,0.2,0.0,0.0367,0.448
6799.101,136.174,-0.7132,0.0271,0.3578,45.85,0.2,0.0,0.0372,0.448
6799.201,136.273,-0.7132,0.0271,0.3578,45.85,0.2,0.0,0.0375,0.448
6799.301,136.375,-0.7132,0.0271,0.3578,45.85,0.2,0.0,0.0355,0.448
6799.401,136.476,-0.7132,0.0271,0.3578,45.85,0.2,0.0,0.0374,0.448
6799.501,136.576,-0.7132,0.0271,0.3578,45.85,0.2,0.0,0.0377,0.448
6799.601,136.677,-0.7132,0.0271,0.3578,45.85,0.2,0.0,0.0357,0.448
6799.701,136.777,-0.7132,0.0271,0.3578,45.85,0.2,0.0,0.0363,0.448
6799.801,136.877,-0.7132,0.0271,0.3578,45.85,0.2,0.0,0.0363,0.448
6799.901,136.978,-0.7132,0.0271,0.3578,45.85,0.2,0.0,0.0364,0.448
6800.001,137.078,-0.7132,0.0271,0.3578,45.85,0.2,0.0,0.0383,0.448
6800.101,137.181,-0.7132,0.0271,0.3578,45.85,0.2,0.0,0.038,0.448
6800.201,137.282,-0.7132,0.0271,0.3578,45.85,0.2,0.0,0.0395,0.448
6800.301,137.383,-0.7132,0.0271,0.3578,45.85,0.2,0.0,0.0379,0.448
6800.401,137.483,-0.7132,0.0271,0.3578,45.85,0.2,0.0,0.0388,0.448
6800.501,137.582,-0.7132,0.0271,0.3578,45.85,0.2,0.0,0.0389,0.448
6800.601,137.683,-0.7132,0.0271,0.3578,45.85,0.2,0.0,0.0397,0.448
6800.701,137.784,-0.7132,0.0271,0.3578,45.85,0.2,0.0,0.0359,0.448
6800.801,137.886,-0.7132,0.0271,0.3578,45.85,0.2,0.0,0.0366,0.448
6800.901,137.986,-0.7132,0.0271,0.3578,45.85,0.2,0.0,0.0337,0.448
6801.001,138.095,-0.7132,0.0271,0.3578,45.85,0.2,0.0,0.0322,0.448
6801.101,138.197,-0.7132,0.0271,0.3578,45.85,0.2,0.0,0.0352,0.448
6801.201,138.297,-0.7132,0.0271,0.3578,45.85,0.2,0.0,0.0376,0.448
6801.301,138.397,-0.7132,0.0271,0.3578,45.85,0.2,0.0,0.0364,0.448
6801.401,138.497,-0.7132,0.0271,0.3578,45.85,0.2,0.0,0.0388,0.448
6801.501,138.597,-0.7132,0.0271,0.3578,45.85,0.2,0.0,0.0372,0.448
6801.601,138.698,-0.7132,0.0271,0.3578,45.85,0.2,0.0,0.039,0.448
6801.701,138.799,-0.7132,0.0271,0.3578,45.85,0.2,0.0,0.037,0.448
6801.801,138.899,-0.7132,0.0271,0.3578,45.85,0.2,0.0,0.0411,0.448
6801.901,138.999,-0.7132,0.0271,0.3578,45.85,0.2,0.0,0.041,0.448
6802.001,139.099,-0.7132,0.0271,0.3578,45.85,0.2,0.0,0.036,0.448
6802.101,139.202,-0.7132,0.0271,0.3578,45.85,0.2,0.0,0.0352,0.448
6802.201,139.3,-0.7132,0.0271,0.3578,45.85,0.2,0.0,0.0323,0.448
6802.301,139.4,-0.7132,0.0271,0.3578,45.85,0.2,0.0,0.0334,0.448
6802.401,139.503,-0.7132,0.0271,0.3578,45.85,0.2,0.0,0.0371,0.448
6802.501,139.603,-0.7132,0.0271,0.3578,45.85,0.2,0.0,0.0386,0.448
6802.601,139.703,-0.7132,0.0271,0.3578,45.85,0.2,0.0,0.0373,0.448
6802.701,139.803,-0.7132,0.0271,0.3578,45.85,0.2,0.0,0.0356,0.448
6802.801,139.903,-0.7132,0.0271,0.3578,45.85,0.2,0.0,0.0312,0.448
6802.901,140.003,-0.7132,0.0271,0.3578,45.85,0.2,0.0,0.0335,0.448
6803.001,140.103,-0.7132,0.0271,0.3578,45.85,0.2,0.0,0.0338,0.448
6803.101,140.203,-0.7132,0.0271,0.3578,45.85,0.2,0.0,0.0384,0.448
6803.201,140.303,-0.7132,0.0271,0.3578,45.85,0.2,0.0,0.0371,0.448
6803.301,140.406,-0.7132,0.0271,0.3578,45.85,0.2,0.0,0.0416,0.448
6803.401,140.508,-0.7132,0.0271,0.3578,45.85,0.2,0.0,0.0367,0.448
6803.501,140.607,-0.7132,0.0271,0.3578,45.85,0.2,0.0,0.0381,0.448
6803.601,140.707,-0.7132,0.0271,0.3578,45.85,0.2,0.0,0.0354,0.448
6803.701,140.808,-0.7132,0.0271,0.3578,45.85,0.2,0.0,0.0357,0.448
6803.801,140.908,-0.7132,0.0271,0.3578,45.85,0.2,0.0,0.035,0.448
6803.901,141.008,-0.7132,0.0271,0.3578,45.85,0.2,0.0,0.0352,0.448
6804.001,141.109,-0.7132,0.0271,0.3578,45.85,0.2,0.0,0.0354,0.448
6804.101,141.208,-0.7132,0.0271,0.3578,45.85,0.2,0.0,0.0317,0.448
6804.201,141.309,-0.7132,0.0271,0.3578,45.85,0.2,0.0,0.0327,0.448
6804.301,141.408,-0.7132,0.0271,0.3578,45.85,0.2,0.0,0.0375,0.448
6804.401,141.51,-0.7132,0.0271,0.3578,45.85,0.2,0.0,0.0398,0.448
6804.501,141.61,-0.7132,0.0271,0.3578,45.85,0.2,0.0,0.038,0.448
6804.601,141.71,-0.7132,0.0271,0.3578,45.85,0.2,0.0,0.0381,0.448
6804.701,141.81,-0.7132,0.0271,0.3578,45.85,0.2,0.0,0.0365,0.448
6804.801,141.91,-0.7132,0.0271,0.3578,45.85,0.2,0.0,0.0397,0.448
6804.901,142.01,-0.7132,0.0271,0.3578,45.85,0.2,0.0,0.0389,0.448
6805.001,142.11,-0.7132,0.0271,0.3578,45.85,0.2,0.0,0.0399,0.448
6805.101,142.21,-0.7132,0.0271,0.3578,45.85,0.2,0.0,0.0408,0.448
6805.201,142.311,-0.7132,0.0271,0.3578,45.85,0.2,0.0,0.0384,0.448
6805.301,142.411,-0.7132,0.0271,0.3578,45.85,0.2,0.0,0.0393,0.448
6805.401,142.511,-0.7132,0.0271,0.3578,45.85,0.2,0.0,0.0372,0.448
6805.501,142.611,-0.7132,0.0271,0.3578,45.85,0.2,0.0,0.0381,0.448
6805.601,142.711,-0.7132,0.0271,0.3578,45.85,0.2,0.0,0.0329,0.448
6805.701,142.812,-0.7132,0.0271,0.3578,45.85,0.2,0.0,0.0332,0.448
6805.801,142.913,-0.7132,0.0271,0.3578,45.85,0.2,0.0,0.0331,0.448
6805.901,143.013,-0.7132,0.0271,0.3578,45.85,0.2,0.0,0.0378,0.448
6806.001,143.115,-0.7132,0.0271,0.3578,45.85,0.2,0.0,0.0366,0.448
6806.101,143.215,-0.7132,0.0271,0.3578,45.85,0.2,0.0,0.0353,0.448
6806.201,143.315,-0.7132,0.0271,0.3578,45.85,0.2,0.0,0.0354,0.448
6806.301,143.415,-0.7132,0.0271,0.3578,45.85,0.2,0.0,0.0375,0.448
6806.401,143.515,-0.7132,0.0271,0.3578,45.85,0.2,0.0,0.0386,0.448
6806.501,143.615,-0.7132,0.0271,0.3578,45.85,0.2,0.0,0.0411,0.448
6806.601,143.715,-0.7132,0.0271,0.3578,45.85,0.2,0.0,0.0413,0.448
6806.701,143.816,-0.7132,0.0271,0.3578,45.85,0.2,0.0,0.04,0.448
6806.801,143.917,-0.7132,0.0271,0.3578,45.85,0.2,0.0,0.0379,0.448
6806.901,144.017,-0.7132,0.0271,0.3578,45.85,0.2,0.0,0.0396,0.448
6807.001,144.12,-0.7132,0.0271,0.3578,45.85,0.2,0.0,0.0428,0.448
6807.101,144.219,-0.7132,0.0271,0.3578,45.85,0.2,0.0,0.045,0.448
6807.201,144.32,-0.7132,0.0271,0.3578,45.85,0.2,0.0,0.0457,0.448
6807.301,144.42,-0.7132,0.0271,0.3578,45.85,0.2,0.0,0.0445,0.448
6807.401,144.521,-0.7132,0.0271,0.3578,45.85,0.2,0.0,0.0434,0.448
6807.501,144.624,-0.7132,0.0271,0.3578,45.85,0.2,0.0,0.043,0.448
6807.601,144.724,-0.7132,0.0271,0.3578,45.85,0.2,0.0,0.0423,0.448
6807.701,144.824,-0.7132,0.0271,0.3578,45.85,0.2,0.0,0.0419,0.448
6807.801,144.925,-0.7132,0.0271,0.3578,45.85,0.2,0.0,0.0412,0.448
6807.901,145.025,-0.7132,0.0271,0.3578,45.85,0.2,0.0,0.0423,0.448
6808.001,145.125,-0.7132,0.0271,0.3578,45.85,0.2,0.0,0.0428,0.448
6808.101,145.225,-0.7132,0.0271,0.3578,45.85,0.2,0.0,0.0397,0.448
6808.201,145.325,-0.7132,0.0271,0.3578,45.85,0.2,0.0,0.0401,0.448
6808.301,145.425,-0.7132,0.0271,0.3578,45.85,0.2,0.0,0.0409,0.448
6808.401,145.525,-0.7132,0.0271,0.3578,45.85,0.2,0.0,0.0384,0.448
6808.501,145.625,-0.7132,0.0271,0.3578,45.85,0.2,0.0,0.0351,0.448
6808.601,145.725,-0.7132,0.0271,0.3578,45.85,0.2,0.0,0.0378,0.448
6808.701,145.825,-0.7132,0.0271,0.3578,45.85,0.2,0.0,0.0401,0.448
6808.801,145.928,-0.7132,0.0271,0.3578,45.85,0.2,0.0,0.0411,0.448
6808.901,146.027,-0.7132,0.0271,0.3578,45.85,0.2,0.0,0.0394,0.448
6809.001,146.127,-0.7132,0.0271,0.3578,45.85,0.2,0.0,0.0364,0.448
6809.101,146.23,-0.7132,0.0271,0.3578,45.85,0.2,0.0,0.0368,0.448
6809.201,146.331,-0.7132,0.0271,0.3578,45.85,0.2,0.0,0.0371,0.448
6809.301,146.431,-0.7132,0.0271,0.3578,45.85,0.2,0.0,0.0372,0.448
6809.401,146.532,-0.7132,0.0271,0.3578,45.85,0.2,0.0,0.039,0.448
6809.501,146.632,-0.7132,0.0271,0.3578,45.85,0.2,0.0,0.0419,0.448
6809.601,146.732,-0.7132,0.0271,0.3578,45.85,0.2,0.0,0.0413,0.448
6809.701,146.832,-0.7132,0.0271,0.3578,45.85,0.2,0.0,0.0412,0.448
6809.801,146.932,-0.7132,0.0271,0.3578,45.85,0.2,0.0,0.0383,0.448
6809.901,147.032,-0.7132,0.0271,0.3578,45.85,0.2,0.0,0.0404,0.448
6810.001,147.132,-0.7132,0.0271,0.3578,45.85,0.2,0.0,0.0409,0.448
6810.101,147.232,-0.7132,0.0271,0.3578,45.85,0.2,0.0,0.0414,0.448
6810.201,147.333,-0.7132,0.0271,0.3578,45.85,0.2,0.0,0.0412,0.448
6810.301,147.433,-0.7132,0.0271,0.3578,45.85,0.2,0.0,0.0393,0.448
6810.401,147.533,-0.7132,0.0271,0.3578,45.85,0.2,0.0,0.0377,0.448
6810.501,147.633,-0.7132,0.0271,0.3578,45.85,0.2,0.0,0.0351,0.448
6810.601,147.733,-0.7132,0.0271,0.3578,45.85,0.2,0.0,0.0361,0.448
6810.701,147.836,-0.7132,0.0271,0.3578,45.85,0.2,0.0,0.0376,0.448
6810.801,147.936,-0.7132,0.0271,0.3578,45.85,0.2,0.0,0.0369,0.448
6810.901,148.036,-0.7132,0.0271,0.3578,45.85,0.2,0.0,0.0383,0.448
6811.001,148.137,-0.7132,0.0271,0.3578,45.85,0.2,0.0,0.0371,0.448
6811.101,148.236,-0.7132,0.0271,0.3578,45.85,0.2,0.0,0.0376,0.448
6811.201,148.343,-0.7132,0.0271,0.3578,45.85,0.2,0.0,0.0378,0.448
6811.301,148.442,-0.7132,0.0271,0.3578,45.85,0.2,0.0,0.0382,0.448
6811.401,148.546,-0.7132,0.0271,0.3578,45.85,0.2,0.0,0.0355,0.448
6811.501,148.646,-0.7132,0.0271,0.3578,45.85,0.2,0.0,0.0354,0.448
6811.601,148.746,-0.7132,0.0271,0.3578,45.85,0.2,0.0,0.0348,0.448
6811.701,148.846,-0.7132,0.0271,0.3578,45.85,0.2,0.0,0.0369,0.448
6811.801,148.946,-0.7132,0.0271,0.3578,45.85,0.2,0.0,0.0369,0.448
6811.901,149.046,-0.7132,0.0271,0.3578,45.85,0.2,0.0,0.0395,0.448
6812.001,149.146,-0.7132,0.0271,0.3578,45.86,0.2,0.0,0.038,0.448
6812.101,149.247,-0.7132,0.0271,0.3578,45.86,0.2,0.0,0.038,0.448
6812.201,149.348,-0.7132,0.0271,0.3578,45.86,0.2,0.0,0.0379,0.448
6812.301,149.448,-0.7132,0.0271,0.3578,45.86,0.2,0.0,0.0397,0.448
6812.401,149.55,-0.7132,0.0271,0.3578,45.86,0.2,0.0,0.0359,0.448
6812.501,149.651,-0.7132,0.0271,0.3578,45.86,0.2,0.0,0.033,0.448
6812.601,149.751,-0.7132,0.0271,0.3578,45.86,0.2,0.0,0.0336,0.448
6812.701,149.852,-0.7132,0.0271,0.3578,45.86,0.2,0.0,0.038,0.448
6812.801,149.951,-0.7132,0.0271,0.3578,45.86,0.2,0.0,0.0374,0.448
6812.901,150.051,-0.7132,0.0271,0.3578,45.86,0.2,0.0,0.0406,0.448
6813.001,150.151,-0.7132,0.0271,0.3578,45.86,0.2,0.0,0.0409,0.448
6813.101,150.253,-0.7132,0.0271,0.3578,45.86,0.2,0.0,0.0419,0.448
6813.201,150.354,-0.7132,0.0271,0.3578,45.86,0.2,0.0,0.0389,0.448
6813.301,150.455,-0.7132,0.0271,0.3578,45.86,0.2,0.0,0.0384,0.448
6813.401,150.554,-0.7132,0.0271,0.3578,45.86,0.2,0.0,0.0392,0.448
6813.501,150.656,-0.7132,0.0271,0.3578,45.86,0.2,0.0,0.0372,0.448
6813.601,150.757,-0.7132,0.0271,0.3578,45.86,0.2,0.0,0.038,0.448
6813.701,150.863,-0.7132,0.0271,0.3578,45.86,0.2,0.0,0.0387,0.448
6813.801,150.962,-0.7132,0.0271,0.3578,45.86,0.2,0.0,0.0374,0.448
6813.901,151.063,-0.7132,0.0271,0.3578,45.86,0.2,0.0,0.0382,0.448
6814.001,151.165,-0.7132,0.0271,0.3578,45.86,0.2,0.0,0.0393,0.448
6814.101,151.267,-0.7132,0.0271,0.3578,45.86,0.2,0.0,0.0399,0.448
6814.201,151.367,-0.7132,0.0271,0.3578,45.86,0.2,0.0,0.038,0.448
6814.301,151.469,-0.7132,0.0271,0.3578,45.86,0.2,0.0,0.0386,0.448
6814.401,151.568,-0.7132,0.0271,0.3578,45.86,0.2,0.0,0.0382,0.448
6814.501,151.671,-0.7132,0.0271,0.3578,45.86,0.2,0.0,0.0362,0.448
6814.601,151.771,-0.7132,0.0271,0.3578,45.86,0.2,0.0,0.0358,0.448
6814.701,151.871,-0.7132,0.0271,0.3578,45.86,0.2,0.0,0.0,0.448
6814.801,151.972,-0.7132,0.0271,0.3578,45.86,0.2,0.0,0.0,0.448
6814.901,152.072,-0.7132,0.0271,0.3578,45.86,0.2,0.0,0.0044,0.448
6815.001,152.172,-0.7132,0.0271,0.3578,45.86,0.2,0.0,0.007,0.448
6815.101,152.272,-0.7132,0.0271,0.3578,45.86,0.2,0.0,0.0078,0.448
6815.201,152.372,-0.7132,0.0271,0.3578,45.86,0.2,0.0,0.0102,0.448
6815.301,152.472,-0.7132,0.0271,0.3578,45.86,0.2,0.0,0.0159,0.448
6815.401,152.573,-0.7132,0.0271,0.3578,45.86,0.2,0.0,0.0181,0.448
6815.501,152.674,-0.7132,0.0271,0.3578,45.86,0.2,0.0,0.0167,0.448
6815.601,152.776,-0.7132,0.0271,0.3578,45.86,0.2,0.0,0.0165,0.448
6815.701,152.878,-0.7132,0.0271,0.3578,45.86,0.2,0.0,0.0166,0.448
6815.801,152.977,-0.7132,0.0271,0.3578,45.86,0.2,0.0,0.0192,0.448
6815.901,153.077,-0.7132,0.0271,0.3578,45.86,0.2,0.0,0.02,0.448
6816.001,153.177,-0.7132,0.0271,0.3578,45.86,0.2,0.0,0.0205,0.448
6816.101,153.277,-0.7132,0.0271,0.3578,45.86,0.2,0.0,0.0235,0.448
6816.201,153.378,-0.7132,0.0271,0.3578,45.86,0.2,0.0,0.0264,0.448
6816.301,153.478,-0.7132,0.0271,0.3578,45.86,0.2,0.0,0.0288,0.448
6816.401,153.58,-0.7132,0.0271,0.3578,45.86,0.2,0.0,0.0281,0.448
6816.501,153.681,-0.7132,0.0271,0.3578,45.86,0.2,0.0,0.0288,0.448
6816.601,153.784,-0.7132,0.0271,0.3578,45.86,0.2,0.0,0.0349,0.448
6816.701,153.883,-0.7132,0.0271,0.3578,45.86,0.2,0.0,0.0361,0.448
6816.801,153.983,-0.7132,0.0271,0.3578,45.86,0.2,0.0,0.036,0.448
6816.901,154.083,-0.7132,0.0271,0.3578,45.86,0.2,0.0,0.0354,0.448
6817.001,154.183,-0.7132,0.0271,0.3578,45.86,0.2,0.0,0.0401,0.448
6817.101,154.285,-0.7132,0.0271,0.3578,45.86,0.2,0.0,0.0436,0.448
6817.201,154.387,-0.7132,0.0271,0.3578,45.86,0.2,0.0,0.0423,0.448
6817.301,154.487,-0.7132,0.0271,0.3578,45.86,0.2,0.0,0.04,0.448
6817.401,154.59,-0.7132,0.0271,0.3578,45.86,0.2,0.0,0.0387,0.448
6817.501,154.694,-0.7132,0.0271,0.3578,45.86,0.2,0.0,0.0373,0.448
6817.601,154.795,-0.7132,0.0271,0.3578,45.86,0.2,0.0,0.0326,0.448
6817.701,154.895,-0.7132,0.0271,0.3578,45.86,0.2,0.0,0.0322,0.448
6817.801,154.995,-0.7132,0.0271,0.3578,45.86,0.2,0.0,0.0337,0.448
6817.901,155.095,-0.7132,0.0271,0.3578,45.86,0.2,0.0,0.0328,0.448
6818.001,155.195,-0.7132,0.0271,0.3578,45.86,0.2,0.0,0.0328,0.448
6818.101,155.295,-0.7132,0.0271,0.3578,45.86,0.2,0.0,0.0318,0.448
6818.201,155.395,-0.7132,0.0271,0.3578,45.86,0.2,0.0,0.0316,0.448
6818.301,155.501,-0.7132,0.0271,0.3578,45.86,0.2,0.0,0.0318,0.448
6818.401,155.601,-0.7132,0.0271,0.3578,45.86,0.2,0.0,0.0353,0.448
6818.501,155.701,-0.7132,0.0271,0.3578,45.86,0.2,0.0,0.0342,0.448
6818.601,155.801,-0.7132,0.0271,0.3578,45.86,0.2,0.0,0.0329,0.448
6818.701,155.902,-0.7132,0.0271,0.3578,45.86,0.2,0.0,0.0318,0.448
6818.801,156.002,-0.7132,0.0271,0.3578,45.86,0.2,0.0,0.0346,0.448
6818.901,156.102,-0.7132,0.0271,0.3578,45.86,0.2,0.0,0.0371,0.448
6819.001,156.203,-0.7132,0.0271,0.3578,45.86,0.2,0.0,0.0409,0.448
6819.101,156.309,-0.7132,0.0271,0.3578,45.86,0.2,0.0,0.0424,0.448
6819.201,156.409,-0.7132,0.0271,0.3578,45.86,0.2,0.0,0.0437,0.448
6819.301,156.508,-0.7132,0.0271,0.3578,45.86,0.2,0.0,0.0397,0.448
6819.401,156.609,-0.7132,0.0271,0.3578,45.86,0.2,0.0,0.0414,0.448
6819.501,156.709,-0.7132,0.0271,0.3578,45.86,0.2,0.0,0.0417,0.448
6819.601,156.81,-0.7132,0.0271,0.3578,45.86,0.2,0.0,0.0379,0.448
6819.701,156.909,-0.7132,0.0271,0.3578,45.86,0.2,0.0,0.0351,0.448
6819.801,157.01,-0.7132,0.0271,0.3578,45.86,0.2,0.0,0.0359,0.448
6819.901,157.11,-0.7132,0.0271,0.3578,45.86,0.2,0.0,0.0323,0.448
6820.001,157.21,-0.7132,0.0271,0.3578,45.86,0.2,0.0,0.0287,0.448
6820.101,157.311,-0.7132,0.0271,0.3578,45.86,0.2,0.0,0.028,0.448
6820.201,157.414,-0.7132,0.0271,0.3578,45.86,0.2,0.0,0.0296,0.448
6820.301,157.514,-0.7132,0.0271,0.3578,45.86,0.2,0.0,0.0319,0.448
6820.401,157.614,-0.7132,0.0271,0.3578,45.86,0.2,0.0,0.0346,0.448
6820.501,157.714,-0.7132,0.0271,0.3578,45.86,0.2,0.0,0.0328,0.448
6820.601,157.815,-0.7132,0.0271,0.3578,45.86,0.2,0.0,0.0288,0.448
6820.701,157.916,-0.7132,0.0271,0.3578,45.86,0.2,0.0,0.0306,0.448
6820.801,158.019,-0.7132,0.0271,0.3578,45.86,0.2,0.0,0.0276,0.448
6820.901,158.119,-0.7132,0.0271,0.3578,45.86,0.2,0.0,0.0299,0.448
6821.001,158.219,-0.7132,0.0271,0.3578,45.86,0.2,0.0,0.0314,0.448
6821.101,158.321,-0.7132,0.0271,0.3578,45.86,0.2,0.0,0.0353,0.448
6821.201,158.422,-0.7132,0.0271,0.3578,45.86,0.2,0.0,0.0375,0.448
6821.301,158.521,-0.7132,0.0271,0.3578,45.86,0.2,0.0,0.0352,0.448
6821.401,158.622,-0.7132,0.0271,0.3578,45.86,0.2,0.0,0.0324,0.448
6821.501,158.723,-0.7132,0.0271,0.3578,45.86,0.2,0.0,0.031,0.448
6821.601,158.824,-0.7132,0.0271,0.3578,45.86,0.2,0.0,0.0316,0.448
6821.701,158.925,-0.7132,0.0271,0.3578,45.86,0.2,0.0,0.0296,0.448
6821.801,159.025,-0.7132,0.0271,0.3578,45.86,0.2,0.0,0.0319,0.448
6821.901,159.125,-0.7132,0.0271,0.3578,45.86,0.2,0.0,0.0322,0.448
6822.001,159.225,-0.7132,0.0271,0.3578,45.86,0.2,0.0,0.0355,0.448
6822.101,159.326,-0.7132,0.0271,0.3578,45.86,0.2,0.0,0.0361,0.448
6822.201,159.426,-0.7132,0.0271,0.3578,45.86,0.2,0.0,0.0344,0.448
6822.301,159.551,-0.7132,0.0271,0.3578,45.86,0.2,0.0,0.0357,0.448
6822.401,159.657,-0.7132,0.0271,0.3578,45.86,0.2,0.0,0.0362,0.448
6822.501,159.76,-0.7132,0.0271,0.3578,45.86,0.2,0.0,0.0347,0.448
6822.601,159.86,-0.7132,0.0271,0.3578,45.86,0.2,0.0,0.0344,0.448
6822.701,159.962,-0.7132,0.0271,0.3578,45.86,0.2,0.0,0.035,0.448
6822.801,160.062,-0.7132,0.0271,0.3578,45.86,0.2,0.0,0.0335,0.448
6822.901,160.165,-0.7132,0.0271,0.3578,45.86,0.2,0.0,0.0372,0.448
6823.001,160.264,-0.7132,0.0271,0.3578,45.86,0.2,0.0,0.0367,0.448
6823.101,160.365,-0.7132,0.0271,0.3578,45.86,0.2,0.0,0.0378,0.448
6823.201,160.464,-0.7132,0.0271,0.3578,45.86,0.2,0.0,0.035,0.448
6823.301,160.564,-0.7132,0.0271,0.3578,45.86,0.2,0.0,0.036,0.448
6823.401,160.664,-0.7132,0.0271,0.3578,45.86,0.2,0.0,0.0351,0.448
6823.501,160.764,-0.7132,0.0271,0.3578,45.86,0.2,0.0,0.0364,0.448
6823.601,160.864,-0.7132,0.0271,0.3578,45.86,0.2,0.0,0.0364,0.448
6823.701,160.966,-0.7132,0.0271,0.3578,45.86,0.2,0.0,0.0354,0.448
6823.801,161.07,-0.7132,0.0271,0.3578,45.86,0.2,0.0,0.0384,0.448
6823.901,161.174,-0.7132,0.0271,0.3578,45.86,0.2,0.0,0.037,0.448
6824.001,161.274,-0.7132,0.0271,0.3578,45.86,0.2,0.0,0.037,0.448
6824.101,161.376,-0.7132,0.0271,0.3578,45.86,0.2,0.0,0.0368,0.448
6824.201,161.476,-0.7132,0.0271,0.3578,45.86,0.2,0.0,0.0363,0.448
6824.301,161.576,-0.7132,0.0271,0.3578,45.86,0.2,0.0,0.0358,0.448
6824.401,161.68,-0.7132,0.0271,0.3578,45.86,0.2,0.0,0.0378,0.448
6824.501,161.781,-0.7132,0.0271,0.3578,45.86,0.2,0.0,0.0409,0.448
6824.601,161.882,-0.7132,0.0271,0.3578,45.86,0.2,0.0,0.041,0.448
6824.701,161.982,-0.7132,0.0271,0.3578,45.86,0.2,0.0,0.0392,0.448
6824.801,162.082,-0.7132,0.0271,0.3578,45.86,0.2,0.0,0.0389,0.448
6824.901,162.182,-0.7132,0.0271,0.3578,45.86,0.2,0.0,0.0355,0.448
6825.001,162.284,-0.7132,0.0271,0.3578,45.86,0.2,0.0,0.0344,0.448
6825.101,162.384,-0.7132,0.0271,0.3578,45.86,0.2,0.0,0.0343,0.448
6825.201,162.483,-0.7132,0.0271,0.3578,45.86,0.2,0.0,0.0329,0.448
6825.301,162.585,-0.7132,0.0271,0.3578,45.86,0.2,0.0,0.0371,0.448
6825.401,162.686,-0.7132,0.0271,0.3578,45.86,0.2,0.0,0.0373,0.448
6825.501,162.786,-0.7132,0.0271,0.3578,45.86,0.2,0.0,0.0379,0.448
6825.601,162.891,-0.7132,0.0271,0.3578,45.86,0.2,0.0,0.0359,0.448
6825.701,162.992,-0.7132,0.0271,0.3578,45.86,0.2,0.0,0.0401,0.448
6825.801,163.091,-0.7132,0.0271,0.3578,45.86,0.2,0.0,0.0417,0.448
6825.901,163.191,-0.7132,0.0271,0.3578,45.86,0.2,0.0,0.0461,0.448
6826.001,163.291,-0.7132,0.0271,0.3578,45.86,0.2,0.0,0.0442,0.448
6826.101,163.391,-0.7132,0.0271,0.3578,45.86,0.2,0.0,0.0416,0.448
6826.201,163.491,-0.7132,0.0271,0.3578,45.86,0.2,0.0,0.0405,0.448
6826.301,163.594,-0.7132,0.0271,0.3578,45.86,0.2,0.0,0.0383,0.448
6826.401,163.694,-0.7132,0.0271,0.3578,45.86,0.2,0.0,0.037,0.448
6826.501,163.794,-0.7132,0.0271,0.3578,45.86,0.2,0.0,0.0357,0.448
6826.601,163.895,-0.7132,0.0271,0.3578,45.86,0.2,0.0,0.035,0.448
6826.701,163.995,-0.7132,0.0271,0.3578,45.86,0.2,0.0,0.0351,0.448
6826.801,164.096,-0.7132,0.0271,0.3578,45.86,0.2,0.0,0.0325,0.448
6826.901,164.196,-0.7132,0.0271,0.3578,45.86,0.2,0.0,0.0329,0.448
6827.001,164.299,-0.7132,0.0271,0.3578,45.86,0.2,0.0,0.0321,0.448
6827.101,164.4,-0.7132,0.0271,0.3578,45.86,0.2,0.0,0.0309,0.448
6827.201,164.501,-0.7132,0.0271,0.3578,45.86,0.2,0.0,0.0325,0.448
6827.301,164.601,-0.7132,0.0271,0.3578,45.86,0.2,0.0,0.0338,0.448
6827.401,164.701,-0.7132,0.0271,0.3578,45.86,0.2,0.0,0.0354,0.448
6827.501,164.801,-0.7132,0.0271,0.3578,45.86,0.2,0.0,0.0339,0.448
6827.601,164.902,-0.7132,0.0271,0.3578,45.86,0.2,0.0,0.0369,0.448
6827.701,165.002,-0.7132,0.0271,0.3578,45.86,0.2,0.0,0.0386,0.448
6827.801,165.102,-0.7132,0.0271,0.3578,45.86,0.2,0.0,0.0405,0.448
6827.901,165.202,-0.7132,0.0271,0.3578,45.86,0.2,0.0,0.0382,0.448
6828.001,165.302,-0.7132,0.0271,0.3578,45.86,0.2,0.0,0.036,0.448
6828.101,165.402,-0.7132,0.0271,0.3578,45.86,0.2,0.0,0.0381,0.448
6828.201,165.504,-0.7132,0.0271,0.3578,45.86,0.2,0.0,0.0353,0.448
6828.301,165.604,-0.7132,0.0271,0.3578,45.86,0.2,0.0,0.0373,0.448
6828.401,165.704,-0.7132,0.0271,0.3578,45.86,0.2,0.0,0.0375,0.448
6828.501,165.804,-0.7132,0.0271,0.3578,45.86,0.2,0.0,0.0354,0.448
6828.601,165.905,-0.7132,0.0271,0.3578,45.86,0.2,0.0,0.0341,0.448
6828.701,166.005,-0.7132,0.0271,0.3578,45.86,0.2,0.0,0.0368,0.448
6828.801,166.106,-0.7132,0.0271,0.3578,45.86,0.2,0.0,0.0369,0.448
6828.901,166.206,-0.7132,0.0271,0.3578,45.86,0.2,0.0,0.0366,0.448
6829.001,166.308,-0.7132,0.0271,0.3578,45.86,0.2,0.0,0.0428,0.448
6829.101,166.407,-0.7132,0.0271,0.3578,45.86,0.2,0.0,0.0425,0.448
6829.201,166.508,-0.7132,0.0271,0.3578,45.86,0.2,0.0,0.0407,0.448
6829.301,166.608,-0.7132,0.0271,0.3578,45.86,0.2,0.0,0.0389,0.448
6829.401,166.709,-0.7132,0.0271,0.3578,45.86,0.2,0.0,0.0375,0.448
6829.501,166.811,-0.7132,0.0271,0.3578,45.86,0.2,0.0,0.0397,0.448
6829.601,166.912,-0.7132,0.0271,0.3578,45.86,0.2,0.0,0.0369,0.448
6829.701,167.012,-0.7132,0.0271,0.3578,45.86,0.2,0.0,0.0355,0.448
6829.801,167.112,-0.7132,0.0271,0.3578,45.86,0.2,0.0,0.0338,0.448
6829.901,167.212,-0.7132,0.0271,0.3578,45.86,0.2,0.0,0.0352,0.448
6830.001,167.312,-0.7132,0.0271,0.3578,45.86,0.2,0.0,0.0385,0.448
6830.101,167.413,-0.7132,0.0271,0.3578,45.86,0.2,0.0,0.0409,0.448
6830.201,167.514,-0.7132,0.0271,0.3578,45.86,0.2,0.0,0.0414,0.448
6830.301,167.616,-0.7132,0.0271,0.3578,45.86,0.2,0.0,0.0377,0.448
6830.401,167.716,-0.7132,0.0271,0.3578,45.86,0.2,0.0,0.0343,0.448
6830.501,167.816,-0.7132,0.0271,0.3578,45.86,0.2,0.0,0.0342,0.448
6830.601,167.916,-0.7132,0.0271,0.3578,45.86,0.2,0.0,0.0338,0.448
6830.701,168.016,-0.7132,0.0271,0.3578,45.86,0.2,0.0,0.0399,0.448
6830.801,168.116,-0.7132,0.0271,0.3578,45.86,0.2,0.0,0.041,0.448
6830.901,168.217,-0.7132,0.0271,0.3578,45.86,0.2,0.0,0.0388,0.448
6831.001,168.316,-0.7132,0.0271,0.3578,45.86,0.2,0.0,0.0383,0.448
6831.101,168.416,-0.7132,0.0271,0.3578,45.86,0.2,0.0,0.0358,0.448
6831.201,168.516,-0.7132,0.0271,0.3578,45.86,0.2,0.0,0.0363,0.448
6831.301,168.616,-0.7132,0.0271,0.3578,45.86,0.2,0.0,0.0368,0.448
6831.401,168.717,-0.7132,0.0271,0.3578,45.86,0.2,0.0,0.0371,0.448
6831.501,168.817,-0.7132,0.0271,0.3578,45.86,0.2,0.0,0.0348,0.448
6831.601,168.917,-0.7132,0.0271,0.3578,45.86,0.2,0.0,0.0377,0.448
6831.701,169.017,-0.7132,0.0271,0.3578,45.86,0.2,0.0,0.0389,0.448
6831.801,169.117,-0.7132,0.0271,0.3578,45.86,0.2,0.0,0.0371,0.448
6831.901,169.217,-0.7132,0.0271,0.3578,45.86,0.2,0.0,0.0376,0.448
6832.001,169.317,-0.7132,0.0271,0.3578,45.86,0.2,0.0,0.0397,0.448
6832.101,169.418,-0.7132,0.0271,0.3578,45.86,0.2,0.0,0.0395,0.448
6832.201,169.519,-0.7132,0.0271,0.3578,45.86,0.2,0.0,0.0354,0.448
6832.301,169.622,-0.7132,0.0271,0.3578,45.86,0.2,0.0,0.0328,0.448
6832.401,169.722,-0.7132,0.0271,0.3578,45.86,0.2,0.0,0.0332,0.448
6832.501,169.822,-0.7132,0.0271,0.3578,45.86,0.2,0.0,0.0345,0.448
6832.601,169.922,-0.7132,0.0271,0.3578,45.86,0.2,0.0,0.037,0.448
6832.701,170.021,-0.7132,0.0271,0.3578,45.86,0.2,0.0,0.0344,0.448
6832.801,170.125,-0.7132,0.0271,0.3578,45.86,0.2,0.0,0.033,0.448
6832.901,170.225,-0.7132,0.0271,0.3578,45.86,0.2,0.0,0.0308,0.448
6833.001,170.328,-0.7132,0.0271,0.3578,45.86,0.2,0.0,0.031,0.448
6833.101,170.429,-0.7132,0.0271,0.3578,45.86,0.2,0.0,0.0317,0.448
6833.201,170.529,-0.7132,0.0271,0.3578,45.86,0.2,0.0,0.0324,0.448
6833.301,170.629,-0.7132,0.0271,0.3578,45.86,0.2,0.0,0.036,0.448
6833.401,170.729,-0.7132,0.0271,0.3578,45.86,0.2,0.0,0.0359,0.448
6833.501,170.829,-0.7132,0.0271,0.3578,45.86,0.2,0.0,0.0373,0.448
6833.601,170.929,-0.7132,0.0271,0.3578,45.86,0.2,0.0,0.037,0.448
6833.701,171.032,-0.7132,0.0271,0.3578,45.86,0.2,0.0,0.0399,0.448
6833.801,171.133,-0.7132,0.0271,0.3578,45.86,0.2,0.0,0.0429,0.448
6833.901,171.233,-0.7132,0.0271,0.3578,45.86,0.2,0.0,0.0432,0.448
6834.001,171.333,-0.7132,0.0271,0.3578,45.86,0.2,0.0,0.0397,0.448
6834.101,171.434,-0.7132,0.0271,0.3578,45.86,0.2,0.0,0.0359,0.448
6834.201,171.534,-0.7132,0.0271,0.3578,45.86,0.2,0.0,0.0348,0.448
6834.301,171.634,-0.7132,0.0271,0.3578,45.86,0.2,0.0,0.0374,0.448
6834.401,171.735,-0.7132,0.0271,0.3578,45.86,0.2,0.0,0.0387,0.448
6834.501,171.834,-0.7132,0.0271,0.3578,45.86,0.2,0.0,0.0402,0.448
6834.601,171.934,-0.7132,0.0271,0.3578,45.86,0.2,0.0,0.04,0.448
6834.701,172.034,-0.7132,0.0271,0.3578,45.86,0.2,0.0,0.0381,0.448
6834.801,172.134,-0.7132,0.0271,0.3578,45.86,0.2,0.0,0.0358,0.448
6834.901,172.234,-0.7132,0.0271,0.3578,45.86,0.2,0.0,0.0353,0.448
6835.001,172.337,-0.7132,0.0271,0.3578,45.86,0.2,0.0,0.0384,0.448
6835.101,172.437,-0.7132,0.0271,0.3578,45.86,0.2,0.0,0.0386,0.448
6835.201,172.537,-0.7132,0.0271,0.3578,45.86,0.2,0.0,0.0403,0.448
6835.301,172.641,-0.7132,0.0271,0.3578,45.86,0.2,0.0,0.0401,0.448
6835.401,172.742,-0.7132,0.0271,0.3578,45.86,0.2,0.0,0.041,0.448
6835.501,172.846,-0.7132,0.0271,0.3578,45.86,0.2,0.0,0.0429,0.448
6835.601,172.947,-0.7132,0.0271,0.3578,45.86,0.2,0.0,0.0408,0.448
6835.701,173.046,-0.7132,0.0271,0.3578,45.86,0.2,0.0,0.044,0.448
6835.801,173.146,-0.7132,0.0271,0.3578,45.86,0.2,0.0,0.0432,0.448
6835.901,173.248,-0.7132,0.0271,0.3578,45.86,0.2,0.0,0.0409,0.448
6836.001,173.349,-0.7132,0.0271,0.3578,45.86,0.2,0.0,0.0397,0.448
6836.101,173.449,-0.7132,0.0271,0.3578,45.86,0.2,0.0,0.0387,0.448
6836.201,173.549,-0.7132,0.0271,0.3578,45.86,0.2,0.0,0.0387,0.448
6836.301,173.649,-0.7132,0.0271,0.3578,45.86,0.2,0.0,0.0365,0.448
6836.401,173.75,-0.7132,0.0271,0.3578,45.86,0.2,0.0,0.033,0.448
6836.501,173.849,-0.7132,0.0271,0.3578,45.86,0.2,0.0,0.0341,0.448
6836.601,173.95,-0.7132,0.0271,0.3578,45.86,0.2,0.0,0.0292,0.448
6836.701,174.049,-0.7132,0.0271,0.3578,45.86,0.2,0.0,0.0308,0.448
6836.801,174.152,-0.7132,0.0271,0.3578,45.86,0.2,0.0,0.0304,0.448
6836.901,174.252,-0.7132,0.0271,0.3578,45.86,0.2,0.0,0.0347,0.448
6837.001,174.353,-0.7132,0.0271,0.3578,45.86,0.2,0.0,0.0359,0.448
6837.101,174.454,-0.7132,0.0271,0.3578,45.86,0.2,0.0,0.0405,0.448
6837.201,174.553,-0.7132,0.0271,0.3578,45.86,0.2,0.0,0.0412,0.448
6837.301,174.653,-0.7132,0.0271,0.3578,45.86,0.2,0.0,0.0383,0.448
6837.401,174.754,-0.7132,0.0271,0.3578,45.86,0.2,0.0,0.0387,0.448
6837.501,174.853,-0.7132,0.0271,0.3578,45.86,0.2,0.0,0.0356,0.448
6837.601,174.955,-0.7132,0.0271,0.3578,45.86,0.2,0.0,0.0352,0.448
6837.701,175.056,-0.7132,0.0271,0.3578,45.86,0.2,0.0,0.0363,0.448
6837.801,175.155,-0.7132,0.0271,0.3578,45.86,0.2,0.0,0.0373,0.448
6837.901,175.258,-0.7132,0.0271,0.3578,45.86,0.2,0.0,0.039,0.448
6838.001,175.358,-0.7132,0.0271,0.3578,45.86,0.2,0.0,0.0405,0.448
6838.101,175.458,-0.7132,0.0271,0.3578,45.86,0.2,0.0,0.0334,0.448
6838.201,175.559,-0.7132,0.0271,0.3578,45.86,0.2,0.0,0.0358,0.448
6838.301,175.659,-0.7132,0.0271,0.3578,45.86,0.2,0.0,0.0362,0.448
6838.401,175.76,-0.7132,0.0271,0.3578,45.86,0.2,0.0,0.034,0.448
6838.501,175.859,-0.7132,0.0271,0.3578,45.86,0.2,0.0,0.0304,0.448
6838.601,175.96,-0.7132,0.0271,0.3578,45.86,0.2,0.0,0.0309,0.448
6838.701,176.059,-0.7132,0.0271,0.3578,45.86,0.2,0.0,0.0337,0.448
6838.801,176.163,-0.7132,0.0271,0.3578,45.86,0.2,0.0,0.0344,0.448
6838.901,176.266,-0.7132,0.0271,0.3578,45.86,0.2,0.0,0.0362,0.448
6839.001,176.366,-0.7132,0.0271,0.3578,45.86,0.2,0.0,0.0386,0.448
6839.101,176.467,-0.7132,0.0271,0.3578,45.86,0.2,0.0,0.0361,0.448
6839.201,176.568,-0.7132,0.0271,0.3578,45.86,0.2,0.0,0.0367,0.448
6839.301,176.668,-0.7132,0.0271,0.3578,45.86,0.2,0.0,0.0362,0.448
6839.401,176.768,-0.7132,0.0271,0.3578,45.86,0.2,0.0,0.0378,0.448
6839.501,176.868,-0.7132,0.0271,0.3578,45.86,0.2,0.0,0.0392,0.448
6839.601,176.968,-0.7132,0.0271,0.3578,45.86,0.2,0.0,0.0383,0.448
6839.701,177.068,-0.7132,0.0271,0.3578,45.86,0.2,0.0,0.0367,0.448
6839.801,177.168,-0.7132,0.0271,0.3578,45.86,0.2,0.0,0.0364,0.448
6839.901,177.268,-0.7132,0.0271,0.3578,45.86,0.2,0.0,0.0362,0.448
6840.001,177.368,-0.7132,0.0271,0.3578,45.86,0.2,0.0,0.0376,0.448
6840.101,177.468,-0.7132,0.0271,0.3578,45.86,0.2,0.0,0.0377,0.448
6840.201,177.569,-0.7132,0.0271,0.3578,45.86,0.2,0.0,0.0374,0.448
6840.301,177.669,-0.7132,0.0271,0.3578,45.86,0.2,0.0,0.0389,0.448
6840.401,177.769,-0.7132,0.0271,0.3578,45.86,0.2,0.0,0.0366,0.448
6840.501,177.875,-0.7132,0.0271,0.3578,45.86,0.2,0.0,0.0366,0.448
6840.601,177.975,-0.7132,0.0271,0.3578,45.86,0.2,0.0,0.0383,0.448
6840.701,178.075,-0.7132,0.0271,0.3578,45.86,0.2,0.0,0.0388,0.448
6840.801,178.175,-0.7132,0.0271,0.3578,45.86,0.2,0.0,0.0387,0.448
6840.901,178.275,-0.7132,0.0271,0.3578,45.86,0.2,0.0,0.0374,0.448
6841.001,178.375,-0.7132,0.0271,0.3578,45.86,0.2,0.0,0.0393,0.448
6841.101,178.476,-0.7132,0.0271,0.3578,45.86,0.2,0.0,0.0366,0.448
6841.201,178.58,-0.7132,0.0271,0.3578,45.86,0.2,0.0,0.0363,0.448
6841.301,178.68,-0.7132,0.0271,0.3578,45.86,0.2,0.0,0.0355,0.448
6841.401,178.781,-0.7132,0.0271,0.3578,45.86,0.2,0.0,0.0382,0.448
6841.501,178.881,-0.7132,0.0271,0.3578,45.86,0.2,0.0,0.0377,0.448
6841.601,178.982,-0.7132,0.0271,0.3578,45.86,0.2,0.0,0.0372,0.448
6841.701,179.082,-0.7132,0.0271,0.3578,45.86,0.2,0.0,0.0377,0.448
6841.801,179.182,-0.7132,0.0271,0.3578,45.86,0.2,0.0,0.035,0.448
6841.901,179.282,-0.7132,0.0271,0.3578,45.86,0.2,0.0,0.0337,0.448
6842.001,179.382,-0.7132,0.0271,0.3578,45.86,0.2,0.0,0.0354,0.448
6842.101,179.484,-0.7132,0.0271,0.3578,45.86,0.2,0.0,0.0336,0.448
6842.201,179.585,-0.7132,0.0271,0.3578,45.86,0.2,0.0,0.0344,0.448
6842.301,179.685,-0.7132,0.0271,0.3578,45.86,0.2,0.0,0.0335,0.448
6842.401,179.785,-0.7132,0.0271,0.3578,45.86,0.2,0.0,0.0328,0.448
6842.501,179.885,-0.7132,0.0271,0.3578,45.86,0.2,0.0,0.0321,0.448
6842.601,179.988,-0.7132,0.0271,0.3578,45.86,0.2,0.0,0.0326,0.448
6842.701,180.089,-0.7132,0.0271,0.3578,45.86,0.2,0.0,0.0355,0.448
6842.801,180.188,-0.7132,0.0271,0.3578,45.86,0.2,0.0,0.0358,0.448
6842.901,180.288,-0.7132,0.0271,0.3578,45.86,0.2,0.0,0.0367,0.448
6843.001,180.391,-0.7132,0.0271,0.3578,45.86,0.2,0.0,0.0329,0.448
6843.101,180.495,-0.7132,0.0271,0.3578,45.86,0.2,0.0,0.0321,0.448
6843.201,180.595,-0.7132,0.0271,0.3578,45.86,0.2,0.0,0.0328,0.448
6843.301,180.703,-0.7132,0.0271,0.3578,45.86,0.2,0.0,0.033,0.448
6843.401,180.803,-0.7132,0.0271,0.3578,45.86,0.2,0.0,0.0369,0.448
6843.501,180.903,-0.7132,0.0271,0.3578,45.86,0.2,0.0,0.0395,0.448
6843.601,181.003,-0.7132,0.0271,0.3578,45.86,0.2,0.0,0.0422,0.448
6843.701,181.103,-0.7132,0.0271,0.3578,45.86,0.2,0.0,0.0423,0.448
6843.801,181.203,-0.7132,0.0271,0.3578,45.86,0.2,0.0,0.0419,0.448
6843.901,181.303,-0.7132,0.0271,0.3578,45.86,0.2,0.0,0.0408,0.448
6844.001,181.403,-0.7132,0.0271,0.3578,45.86,0.2,0.0,0.0404,0.448
6844.101,181.505,-0.7132,0.0271,0.3578,45.86,0.2,0.0,0.0396,0.448
6844.201,181.605,-0.7132,0.0271,0.3578,45.86,0.2,0.0,0.0418,0.448
6844.301,181.705,-0.7132,0.0271,0.3578,45.86,0.2,0.0,0.0399,0.448
6844.401,181.805,-0.7132,0.0271,0.3578,45.86,0.2,0.0001,0.0384,0.448
6844.501,181.906,-0.7132,0.0271,0.3578,45.86,0.2,0.0,0.0383,0.448
6844.601,182.008,-0.7132,0.0271,0.3578,45.86,0.2,0.0,0.0386,0.448
6844.701,182.107,-0.7132,0.0271,0.3578,45.86,0.2,0.0,0.0408,0.448
6844.801,182.207,-0.7132,0.0271,0.3578,45.86,0.2,0.0,0.0447,0.448
6844.901,182.307,-0.7132,0.0271,0.3578,45.86,0.2,0.0,0.0407,0.448
6845.001,182.407,-0.7132,0.0271,0.3578,45.86,0.2,0.0,0.0394,0.448
6845.101,182.507,-0.7132,0.0271,0.3578,45.86,0.2,0.0,0.038,0.448
6845.201,182.607,-0.7132,0.0271,0.3578,45.86,0.2,0.0,0.0332,0.448
6845.301,182.715,-0.7132,0.0271,0.3578,45.86,0.2,0.0,0.0325,0.448
6845.401,182.816,-0.7132,0.0271,0.3578,45.86,0.2,0.0,0.0326,0.448
6845.501,182.916,-0.7132,0.0271,0.3578,45.86,0.2,0.0,0.0357,0.448
6845.601,183.016,-0.7132,0.0271,0.3578,45.86,0.2,0.0,0.0375,0.448
6845.701,183.117,-0.7132,0.0271,0.3578,45.86,0.2,0.0,0.0404,0.448
6845.801,183.22,-0.7132,0.0271,0.3578,45.86,0.2,0.0,0.0365,0.448
6845.901,183.323,-0.7132,0.0271,0.3578,45.86,0.2,0.0,0.0366,0.448
6846.001,183.423,-0.7132,0.0271,0.3578,45.86,0.2,0.0,0.0367,0.448
6846.101,183.523,-0.7132,0.0271,0.3578,45.86,0.2,0.0,0.0375,0.448
6846.201,183.63,-0.7132,0.0271,0.3578,45.86,0.2,0.0,0.0351,0.448
6846.301,183.732,-0.7132,0.0271,0.3578,45.86,0.2,0.0,0.0366,0.448
6846.401,183.835,-0.7132,0.0271,0.3578,45.86,0.2,0.0,0.0376,0.448
6846.501,183.935,-0.7132,0.0271,0.3578,45.86,0.2,0.0,0.0386,0.448
6846.601,184.035,-0.7132,0.0271,0.3578,45.86,0.2,0.0,0.0396,0.448
6846.701,184.135,-0.7132,0.0271,0.3578,45.86,0.2,0.0,0.0408,0.448
6846.801,184.235,-0.7132,0.0271,0.3578,45.86,0.2,0.0,0.0406,0.448
6846.901,184.335,-0.7132,0.0271,0.3578,45.86,0.2,0.0,0.0414,0.448
6847.001,184.435,-0.7132,0.0271,0.3578,45.86,0.2,0.0,0.042,0.448
6847.101,184.536,-0.7132,0.0271,0.3578,45.86,0.2,0.0,0.0412,0.448
6847.201,184.637,-0.7132,0.0271,0.3578,45.86,0.2,0.0,0.0402,0.448
6847.301,184.736,-0.7132,0.0271,0.3578,45.86,0.2,0.0,0.0387,0.448
6847.401,184.838,-0.7132,0.0271,0.3578,45.86,0.2,0.0,0.0414,0.448
6847.501,184.939,-0.7132,0.0271,0.3578,45.86,0.2,0.0,0.0461,0.448
6847.601,185.039,-0.7132,0.0271,0.3578,45.86,0.2,0.0,0.0449,0.448
6847.701,185.142,-0.7132,0.0271,0.3578,45.86,0.2,0.0,0.0377,0.448
6847.801,185.241,-0.7132,0.0271,0.3578,45.86,0.2,0.0,0.0406,0.448
6847.901,185.341,-0.7132,0.0271,0.3578,45.86,0.2,0.0,0.0374,0.448
6848.001,185.445,-0.7132,0.0271,0.3578,45.86,0.2,0.0,0.0369,0.448
6848.101,185.544,-0.7132,0.0271,0.3578,45.86,0.2,0.0,0.0362,0.448
6848.201,185.645,-0.7132,0.0271,0.3578,45.86,0.2,0.0,0.0374,0.448
6848.301,185.753,-0.7132,0.0271,0.3578,45.86,0.2,0.0,0.035,0.448
6848.401,185.852,-0.7132,0.0271,0.3578,45.86,0.2,0.0,0.0405,0.448
6848.501,185.952,-0.7132,0.0271,0.3578,45.86,0.2,0.0,0.0406,0.448
6848.601,186.053,-0.7132,0.0271,0.3578,45.86,0.2,0.0,0.0411,0.448
6848.701,186.154,-0.7132,0.0271,0.3578,45.86,0.2,0.0,0.0463,0.448
6848.801,186.255,-0.7132,0.0271,0.3578,45.86,0.2,0.0,0.0423,0.448
6848.901,186.356,-0.7132,0.0271,0.3578,45.86,0.2,0.0,0.0418,0.448
6849.001,186.456,-0.7132,0.0271,0.3578,45.86,0.2,0.0,0.0411,0.448
6849.101,186.56,-0.7132,0.0271,0.3578,45.86,0.2,0.0,0.0424,0.448
6849.201,186.661,-0.7132,0.0271,0.3578,45.86,0.2,0.0,0.0428,0.448
6849.301,186.761,-0.7132,0.0271,0.3578,45.86,0.2,0.0,0.0444,0.448
6849.401,186.861,-0.7132,0.0271,0.3578,45.86,0.2,0.0,0.0399,0.448
6849.501,186.961,-0.7132,0.0271,0.3578,45.86,0.2,0.0,0.0381,0.448
6849.601,187.061,-0.7132,0.0271,0.3578,45.86,0.2,0.0,0.0349,0.448
6849.701,187.161,-0.7132,0.0271,0.3578,45.86,0.2,0.0,0.0353,0.448
6849.801,187.261,-0.7132,0.0271,0.3578,45.86,0.2,0.0,0.035,0.448
6849.901,187.361,-0.7132,0.0271,0.3578,45.86,0.2,0.0,0.0353,0.448
6850.001,187.461,-0.7132,0.0271,0.3578,45.84,0.2,0.0,0.037,0.448
6850.101,187.563,-0.7132,0.0271,0.3578,45.83,0.2,0.0,0.035,0.448
6850.201,187.663,-0.7132,0.0271,0.3578,45.84,0.2,0.0,0.0363,0.448
6850.301,187.765,-0.7132,0.0271,0.3578,45.85,0.21,0.0,0.0358,0.448
6850.401,187.866,-0.7132,0.0271,0.3578,45.86,0.21,0.0,0.033,0.448
6850.501,187.97,-0.7132,0.0271,0.3578,45.87,0.21,0.0,0.0319,0.448
6850.601,188.071,-0.7132,0.0271,0.3578,45.86,0.21,0.0,0.0315,0.448
6850.701,188.171,-0.7132,0.0271,0.3578,45.85,0.21,0.0,0.0282,0.448
6850.801,188.27,-0.7132,0.0271,0.3578,45.85,0.2,0.0,0.0302,0.448
6850.901,188.37,-0.7132,0.0271,0.3578,45.86,0.21,0.0,0.0336,0.448
6851.001,188.47,-0.7132,0.0271,0.3578,45.88,0.21,0.0,0.0352,0.448
6851.101,188.57,-0.7132,0.0271,0.3578,45.85,0.21,0.0,0.0335,0.448
6851.201,188.67,-0.7132,0.0271,0.3578,45.86,0.21,0.0,0.0377,0.448
6851.301,188.77,-0.7132,0.0271,0.3578,45.9,0.21,0.0,0.042,0.448
6851.401,188.87,-0.7132,0.0271,0.3578,45.87,0.2,0.0,0.0419,0.448
6851.501,188.971,-0.7132,0.0271,0.3578,45.89,0.21,0.0,0.0421,0.448
6851.601,189.07,-0.7132,0.0271,0.3578,45.88,0.2,0.0,0.0375,0.448
6851.701,189.171,-0.7132,0.0271,0.3578,45.89,0.2,0.0,0.0323,0.448
6851.801,189.273,-0.7132,0.0271,0.3578,45.85,0.2,0.0,0.0321,0.448
6851.901,189.375,-0.7132,0.0271,0.3578,45.87,0.2,0.0,0.0345,0.448
6852.001,189.475,-0.7132,0.0271,0.3578,45.86,0.2,0.0,0.0362,0.448
6852.101,189.575,-0.7132,0.0271,0.3578,45.89,0.2,0.0,0.0364,0.448
6852.201,189.675,-0.7132,0.0271,0.3578,45.8,0.2,0.0,0.0391,0.448
6852.301,189.775,-0.7132,0.0271,0.3578,45.82,0.2,0.0,0.0387,0.448
6852.401,189.876,-0.7132,0.0271,0.3578,45.85,0.2,0.0,0.0366,0.448
6852.501,189.977,-0.7132,0.0271,0.3578,45.8,0.2,0.0,0.035,0.448
6852.601,190.078,-0.7131,0.027,0.3578,45.76,0.2,0.0,0.0393,0.448
6852.701,190.178,-0.7131,0.027,0.3578,45.75,0.2,0.0002,0.0429,0.448
6852.801,190.284,-0.7131,0.027,0.3578,45.79,0.21,0.0,0.0434,0.448
6852.901,190.385,-0.7131,0.0271,0.3578,45.84,0.21,0.0,0.0465,0.448
6853.001,190.485,-0.7131,0.027,0.3578,45.81,0.21,0.0,0.0415,0.448
6853.101,190.586,-0.7131,0.027,0.3578,45.79,0.2,0.0,0.0377,0.448
6853.201,190.688,-0.7131,0.027,0.3578,45.81,0.21,0.0,0.0336,0.448
6853.301,190.79,-0.7131,0.0271,0.3578,45.84,0.21,0.0,0.0394,0.448
6853.401,190.89,-0.7131,0.0271,0.3578,45.84,0.21,0.0,0.0365,0.448
6853.501,190.991,-0.7131,0.0271,0.3578,45.83,0.21,0.0,0.0391,0.448
6853.601,191.093,-0.7131,0.0271,0.3578,45.83,0.21,0.0,0.0386,0.448
6853.701,191.193,-0.7131,0.0271,0.3578,45.84,0.21,0.0,0.0382,0.448
6853.801,191.297,-0.7131,0.0271,0.3578,45.86,0.21,0.0,0.0385,0.448
6853.901,191.397,-0.7132,0.0271,0.3578,45.88,0.21,0.0,0.0418,0.448
6854.001,191.497,-0.7131,0.027,0.3578,45.84,0.21,0.0,0.0474,0.448
6854.101,191.597,-0.7131,0.027,0.3578,45.79,0.2,0.0,0.0424,0.448
6854.201,191.697,-0.7131,0.0271,0.3579,45.85,0.21,0.0,0.0425,0.448
6854.301,191.797,-0.7131,0.027,0.3579,45.84,0.21,0.0,0.0374,0.448
6854.401,191.897,-0.7131,0.0271,0.3579,45.84,0.21,0.0,0.0422,0.448
6854.501,191.997,-0.7132,0.0271,0.3579,45.88,0.21,0.0,0.0353,0.448
6854.601,192.097,-0.7132,0.0271,0.3578,45.83,0.2,0.0,0.0326,0.448
6854.701,192.198,-0.7132,0.027,0.3578,45.82,0.2,0.0,0.0308,0.448
6854.801,192.298,-0.7131,0.027,0.3578,45.82,0.2,0.0,0.0325,0.448
6854.901,192.399,-0.7132,0.027,0.3578,45.81,0.21,0.0,0.0376,0.448
6855.001,192.5,-0.7132,0.027,0.3578,45.76,0.2,0.0,0.04,0.448
6855.101,192.6,-0.7132,0.0271,0.3578,45.91,0.21,0.0,0.12,0.448
6855.201,192.7,-0.7132,0.0281,0.3569,46.52,0.18,0.0,0.12,0.448
6855.301,192.8,-0.7141,0.0286,0.358,47.18,0.21,0.0,0.12,0.449
6855.401,192.901,-0.7143,0.0299,0.3565,47.62,0.16,0.0,0.12,0.448
6855.501,193.002,-0.7146,0.0303,0.3572,47.93,0.25,0.0,0.12,0.449
6855.601,193.102,-0.7145,0.0304,0.3579,48.52,0.18,0.0,0.12,0.449
6855.701,193.202,-0.7153,0.0301,0.3591,49.43,0.24,0.0,0.12,0.449
6855.801,193.301,-0.7173,0.0292,0.3582,49.95,0.24,0.0,0.12,0.448
6855.901,193.404,-0.7174,0.0286,0.3564,50.33,0.19,0.0,0.12,0.448
6856.001,193.504,-0.7168,0.0271,0.3569,50.77,0.13,0.0,0.12,0.449
6856.101,193.604,-0.7156,0.0267,0.3571,51.57,0.15,0.0,0.12,0.448
6856.201,193.704,-0.7155,0.0258,0.3584,52.3,0.19,0.0,0.12,0.449
6856.301,193.804,-0.715,0.0257,0.3578,52.75,0.08,0.0,0.12,0.449
6856.401,193.905,-0.7145,0.0246,0.3585,53.0,0.13,0.0,0.12,0.448
6856.501,194.005,-0.7137,0.0233,0.3588,53.93,0.07,0.0,0.12,0.449
6856.601,194.105,-0.7139,0.023,0.3596,54.64,0.16,0.0,0.12,0.448
6856.701,194.205,-0.7149,0.023,0.3591,55.09,0.14,0.0,0.12,0.448
6856.801,194.305,-0.7151,0.0235,0.3579,55.77,0.2,0.0,0.12,0.448
6856.901,194.408,-0.7158,0.0231,0.3574,56.01,0.17,0.0,0.12,0.449
6857.001,194.508,-0.7165,0.0226,0.3562,56.95,0.2,0.0,0.12,0.448
6857.101,194.608,-0.7187,0.021,0.3575,57.82,0.28,0.0,0.12,0.449
6857.201,194.708,-0.7203,0.0207,0.357,58.01,0.27,0.0,0.12,0.45
6857.301,194.808,-0.72,0.0205,0.3578,58.39,0.23,0.0,0.12,0.448
6857.401,194.908,-0.7189,0.0208,0.3575,58.97,0.21,0.0,0.12,0.449
6857.501,195.008,-0.7186,0.0206,0.359,59.83,0.24,0.0,0.12,0.448
6857.601,195.108,-0.7188,0.02,0.3584,60.42,0.18,0.0,0.12,0.449
6857.701,195.208,-0.7179,0.0197,0.3574,60.83,0.18,0.0,0.12,0.449
6857.801,195.308,-0.7174,0.018,0.3574,61.35,0.11,0.0,0.12,0.449
6857.901,195.408,-0.7171,0.0172,0.3571,62.13,0.14,0.0,0.12,0.449
6858.001,195.508,-0.718,0.0157,0.3582,62.76,0.18,0.0,0.12,0.448
6858.101,195.608,-0.7188,0.0157,0.3571,63.23,0.14,0.0,0.12,0.449
6858.201,195.71,-0.7191,0.015,0.3576,63.74,0.17,0.0,0.12,0.45
6858.301,195.81,-0.7189,0.0144,0.3591,64.48,0.15,0.0,0.12,0.448
6858.401,195.91,-0.7198,0.0141,0.3605,65.27,0.24,0.0,0.12,0.448
6858.501,196.012,-0.7214,0.0136,0.359,65.76,0.25,0.0,0.12,0.449
6858.601,196.113,-0.7215,0.0138,0.3576,66.15,0.29,0.0,0.12,0.448
6858.701,196.212,-0.7214,0.0133,0.3577,66.67,0.23,0.0,0.12,0.449
6858.801,196.313,-0.7215,0.013,0.3577,67.48,0.24,0.0,0.12,0.449
6858.901,196.413,-0.7224,0.0109,0.3585,68.1,0.26,0.0,0.12,0.449
6859.001,196.513,-0.723,0.01,0.3566,68.59,0.2,0.0,0.12,0.449
6859.101,196.615,-0.7224,0.0088,0.3572,69.01,0.15,0.0,0.12,0.449
6859.201,196.715,-0.7212,0.0083,0.3575,69.73,0.16,0.0,0.12,0.448
6859.301,196.815,-0.7212,0.008,0.3591,70.57,0.23,0.0,0.12,0.448
6859.401,196.915,-0.7217,0.0076,0.3584,71.16,0.18,0.0,0.12,0.448
6859.501,197.015,-0.7211,0.0079,0.3578,71.48,0.22,0.0,0.12,0.449
6859.601,197.116,-0.7207,0.0072,0.3576,72.07,0.15,0.0,0.12,0.448
6859.701,197.216,-0.7205,0.0068,0.3574,72.86,0.18,0.0,0.12,0.449
6859.801,197.316,-0.7214,0.0049,0.3582,73.53,0.22,0.0,0.12,0.449
6859.901,197.416,-0.7219,0.0045,0.3563,74.08,0.14,0.0,0.12,0.449
6860.001,197.516,-0.7219,0.0034,0.3569,74.36,0.18,0.0,0.12,0.448
6860.101,197.616,-0.7213,0.0029,0.3573,75.1,0.16,0.0,0.12,0.448
6860.201,197.716,-0.722,0.0021,0.359,75.92,0.24,0.0,0.12,0.449
6860.301,197.816,-0.7231,0.0012,0.3582,76.49,0.23,0.0,0.12,0.448
6860.401,197.916,-0.723,0.0014,0.3575,76.89,0.26,0.0,0.12,0.448
6860.501,198.017,-0.7227,0.0009,0.3578,77.43,0.21,0.0,0.12,0.448
6860.601,198.117,-0.7228,0.0006,0.358,78.2,0.23,0.0,0.12,0.449
6860.701,198.217,-0.7235,-0.0017,0.3588,78.86,0.28,0.0,0.12,0.45
6860.801,198.318,-0.7236,-0.0025,0.3569,79.27,0.19,0.0,0.12,0.448
6860.901,198.419,-0.7228,-0.0037,0.3573,79.76,0.17,0.0,0.12,0.449
6861.001,198.523,-0.7219,-0.0042,0.358,80.37,0.15,0.0,0.12,0.45
6861.101,198.622,-0.7224,-0.005,0.3596,81.22,0.23,0.0,0.12,0.449
6861.201,198.723,-0.7232,-0.0058,0.3586,81.74,0.2,0.0,0.12,0.449
6861.301,198.823,-0.7228,-0.0058,0.3581,82.1,0.22,0.0,0.12,0.449
6861.401,198.923,-0.722,-0.0063,0.358,82.62,0.16,0.0,0.12,0.449
6861.501,199.022,-0.7219,-0.0065,0.3581,83.42,0.2,0.0,0.12,0.449
6861.601,199.122,-0.7224,-0.0082,0.3587,84.1,0.24,0.0,0.12,0.45
6861.701,199.224,-0.7226,-0.0083,0.357,84.58,0.17,0.0,0.12,0.448
6861.801,199.324,-0.7224,-0.0093,0.3574,85.09,0.18,0.0,0.12,0.449
6861.901,199.428,-0.7219,-0.0097,0.3581,85.75,0.16,0.0,0.12,0.449
6862.001,199.529,-0.7224,-0.0109,0.3595,86.52,0.23,0.0,0.12,0.448
6862.101,199.629,-0.7232,-0.012,0.359,86.93,0.17,0.0,0.12,0.448
6862.201,199.729,-0.7227,-0.0123,0.3587,87.47,0.2,0.0,0.12,0.449
6862.301,199.831,-0.722,-0.0129,0.358,87.93,0.14,0.0,0.12,0.448
6862.401,199.931,-0.7219,-0.0129,0.3577,88.8,0.19,0.0,0.12,0.448
6862.501,200.031,-0.7227,-0.0143,0.3581,89.48,0.24,0.0,0.12,0.45
6862.601,200.131,-0.7232,-0.0141,0.3566,89.94,0.21,0.0,0.12,0.448
6862.701,200.231,-0.7233,-0.0147,0.3569,90.44,0.22,0.0,0.12,0.449
6862.801,200.331,-0.7233,-0.0148,0.3574,91.16,0.21,0.0,0.12,0.449
6862.901,200.433,-0.724,-0.0164,0.3589,91.89,0.26,0.0,0.12,0.448
6863.001,200.533,-0.7248,-0.0179,0.3564,92.42,0.26,0.0,0.12,0.449
6863.101,200.633,-0.7247,-0.0188,0.3562,92.8,0.27,0.0,0.12,0.449
6863.201,200.733,-0.724,-0.0195,0.357,93.43,0.19,0.0,0.12,0.449
6863.301,200.833,-0.7243,-0.0198,0.358,94.25,0.25,0.0,0.12,0.448
6863.401,200.935,-0.725,-0.0217,0.358,94.82,0.28,0.0,0.12,0.448
6863.501,201.035,-0.7251,-0.0217,0.3545,95.05,0.27,0.0,0.12,0.449
6863.601,201.135,-0.7249,-0.0224,0.3552,95.63,0.24,0.0,0.12,0.449
6863.701,201.237,-0.7248,-0.0224,0.3568,96.38,0.25,0.0,0.12,0.448
6863.801,201.337,-0.7248,-0.0245,0.3585,97.17,0.28,0.0,0.12,0.448
6863.901,201.436,-0.7248,-0.0264,0.3573,97.9,0.22,0.0,0.12,0.449
6864.001,201.537,-0.7235,-0.0273,0.3578,98.02,0.17,0.0,0.12,0.448
6864.101,201.637,-0.7213,-0.0277,0.3574,98.6,0.08,0.0,0.12,0.448
6864.201,201.737,-0.7205,-0.0274,0.358,99.44,0.18,0.0,0.12,0.45
6864.301,201.842,-0.7203,-0.0274,0.3576,100.08,0.14,0.0,0.12,0.45
6864.401,201.942,-0.7203,-0.0266,0.3548,100.24,0.2,0.0,0.12,0.449
6864.501,202.042,-0.7206,-0.0279,0.3552,100.96,0.18,0.0,0.12,0.449
6864.601,202.142,-0.7213,-0.0292,0.3555,101.88,0.2,0.0,0.12,0.448
6864.701,202.242,-0.7226,-0.0326,0.3575,102.72,0.33,0.0,0.12,0.45
6864.801,202.342,-0.7244,-0.0356,0.3563,103.18,0.35,0.0,0.12,0.449
6864.901,202.442,-0.7248,-0.0361,0.3571,103.32,0.36,0.0,0.12,0.449
6865.001,202.542,-0.7246,-0.0351,0.357,103.76,0.28,0.0,0.12,0.448
6865.101,202.642,-0.7246,-0.0344,0.3582,104.86,0.31,0.0,0.04,0.449
6865.201,202.742,-0.7239,-0.0351,0.3582,105.32,0.24,0.0,0.0,0.449
6865.301,202.842,-0.7227,-0.0346,0.3569,104.95,0.18,0.0,0.0,0.448
6865.401,202.942,-0.721,-0.0358,0.3575,104.91,0.13,0.0,0.0,0.448
6865.501,203.048,-0.7203,-0.0366,0.3575,104.97,0.14,0.0,0.0,0.448
6865.601,203.148,-0.721,-0.0362,0.3578,104.83,0.18,0.0,0.0,0.449
6865.701,203.248,-0.7218,-0.0351,0.3581,105.09,0.21,0.0,0.0,0.448
6865.801,203.348,-0.7224,-0.0338,0.3584,105.1,0.25,0.0,0.0,0.448
6865.901,203.448,-0.7226,-0.0329,0.3586,105.03,0.26,0.0,0.0,0.448
6866.001,203.548,-0.7227,-0.0326,0.3586,105.09,0.26,0.0,0.0,0.448
6866.101,203.65,-0.7227,-0.0326,0.3587,105.12,0.26,0.0,0.0,0.448
6866.201,203.75,-0.7226,-0.0326,0.3587,104.93,0.24,0.0,0.0,0.449
6866.301,203.85,-0.7227,-0.0327,0.3587,105.03,0.24,0.0,0.0,0.448
6866.401,203.951,-0.7227,-0.0327,0.3587,105.09,0.24,0.0,0.0,0.448
6866.501,204.051,-0.7227,-0.0327,0.3586,105.1,0.24,0.0,0.0,0.448
6866.601,204.151,-0.7226,-0.0326,0.3586,105.05,0.23,0.0,0.0,0.448
6866.701,204.251,-0.7226,-0.0326,0.3586,105.0,0.23,0.0,0.0,0.448
6866.801,204.352,-0.7226,-0.0326,0.3586,104.97,0.23,0.0,0.0,0.449
6866.901,204.453,-0.7225,-0.0326,0.3586,104.87,0.23,0.0,0.0,0.449
6867.001,204.553,-0.7226,-0.0327,0.3586,104.91,0.23,0.0,0.0,0.448
6867.101,204.653,-0.7225,-0.0327,0.3586,104.89,0.23,0.0,0.0,0.448
6867.201,204.754,-0.7225,-0.0327,0.3586,104.88,0.22,0.0,0.0,0.448
6867.301,204.853,-0.7226,-0.0327,0.3586,104.98,0.23,0.0,0.0,0.448
6867.401,204.953,-0.7226,-0.0327,0.3585,104.91,0.23,0.0,0.0,0.449
6867.501,205.053,-0.7225,-0.0327,0.3585,104.84,0.22,0.0,0.0,0.448
6867.601,205.153,-0.7225,-0.0327,0.3585,104.84,0.22,0.0,0.0,0.448
6867.701,205.253,-0.7225,-0.0327,0.3585,104.86,0.22,0.0,0.0,0.449
6867.801,205.355,-0.7225,-0.0327,0.3585,104.86,0.23,0.0,0.0,0.448
6867.901,205.454,-0.7225,-0.0327,0.3585,104.87,0.23,0.0,0.0,0.448
6868.001,205.554,-0.7225,-0.0327,0.3585,104.85,0.22,0.0,0.0,0.448
6868.101,205.654,-0.7225,-0.0327,0.3585,104.87,0.23,0.0,0.0,0.448
6868.201,205.755,-0.7225,-0.0327,0.3585,104.86,0.23,0.0,0.0,0.448
6868.301,205.857,-0.7225,-0.0327,0.3585,104.87,0.22,0.0,0.0,0.448
6868.401,205.957,-0.7224,-0.0327,0.3585,104.83,0.22,0.0,0.0,0.448
6868.501,206.058,-0.7225,-0.0327,0.3585,104.9,0.23,0.0,0.0,0.449
6868.601,206.17,-0.7225,-0.0327,0.3585,104.88,0.22,0.0,0.0,0.448
6868.701,206.271,-0.7225,-0.0327,0.3585,104.9,0.23,0.0,0.0,0.448
6868.801,206.37,-0.7225,-0.0327,0.3584,104.87,0.22,0.0,0.0,0.448
6868.901,206.472,-0.7225,-0.0327,0.3584,104.92,0.22,0.0,0.0,0.448
6869.001,206.572,-0.7225,-0.0326,0.3584,104.88,0.22,0.0,0.0,0.448
6869.101,206.673,-0.7224,-0.0326,0.3584,104.88,0.22,0.0,0.0,0.448
6869.201,206.773,-0.7225,-0.0326,0.3584,104.91,0.22,0.0,0.0,0.448
6869.301,206.873,-0.7225,-0.0326,0.3584,104.91,0.22,0.0,0.0,0.448
6869.401,206.974,-0.7225,-0.0327,0.3584,104.93,0.23,0.0,0.0,0.448
6869.501,207.074,-0.7225,-0.0326,0.3584,104.92,0.22,0.0,0.0,0.448
6869.601,207.174,-0.7225,-0.0326,0.3584,104.92,0.22,0.0,0.0,0.448
6869.701,207.274,-0.7225,-0.0326,0.3584,104.94,0.23,0.0,0.0,0.448
6869.801,207.374,-0.7225,-0.0326,0.3584,104.91,0.22,0.0,0.0,0.448
6869.901,207.474,-0.7225,-0.0326,0.3584,104.91,0.22,0.0,0.0,0.448
6870.001,207.577,-0.7225,-0.0326,0.3584,104.9,0.22,0.0,0.0,0.448
6870.101,207.676,-0.7226,-0.0327,0.3584,104.93,0.23,0.0,0.0,0.448
6870.201,207.778,-0.7226,-0.0327,0.3584,104.9,0.22,0.0,0.0,0.448
6870.301,207.878,-0.7226,-0.0327,0.3584,104.89,0.22,0.0,0.0016,0.448
6870.401,207.978,-0.7225,-0.0327,0.3584,104.89,0.22,0.0,0.0059,0.448
6870.501,208.078,-0.7226,-0.0327,0.3584,104.9,0.22,0.0,0.0057,0.448
6870.601,208.179,-0.7226,-0.0327,0.3584,104.88,0.22,0.0,0.0132,0.448
6870.701,208.281,-0.7226,-0.0327,0.3584,104.94,0.23,0.0,0.0144,0.448
6870.801,208.382,-0.7225,-0.0326,0.3584,104.89,0.22,0.0,0.0194,0.448
6870.901,208.484,-0.7225,-0.0326,0.3584,104.88,0.22,0.0,0.0109,0.448
6871.001,208.584,-0.7226,-0.0326,0.3584,104.91,0.22,0.0,0.0141,0.448
6871.101,208.685,-0.7226,-0.0327,0.3584,104.92,0.23,0.0,0.0161,0.448
6871.201,208.785,-0.7226,-0.0326,0.3584,104.91,0.22,0.0,0.0207,0.448
6871.301,208.886,-0.7226,-0.0327,0.3584,104.95,0.23,0.0,0.0188,0.448
6871.401,208.986,-0.7226,-0.0326,0.3584,104.93,0.22,0.0,0.0238,0.448
6871.501,209.087,-0.7226,-0.0326,0.3584,104.91,0.22,0.0,0.0245,0.448
6871.601,209.187,-0.7225,-0.0326,0.3584,104.9,0.22,0.0,0.0264,0.448
6871.701,209.287,-0.7225,-0.0326,0.3584,104.88,0.22,0.0,0.0274,0.448
6871.801,209.39,-0.7225,-0.0326,0.3584,104.88,0.22,0.0,0.0303,0.448
6871.901,209.49,-0.7225,-0.0326,0.3584,104.87,0.22,0.0,0.0283,0.448
6872.001,209.59,-0.7225,-0.0326,0.3584,104.87,0.22,0.0,0.0321,0.448
6872.101,209.689,-0.7225,-0.0326,0.3584,104.89,0.22,0.0,0.0287,0.448
6872.201,209.791,-0.7225,-0.0326,0.3584,104.87,0.22,0.0,0.0341,0.448
6872.301,209.892,-0.7225,-0.0326,0.3584,104.86,0.22,0.0,0.0344,0.448
6872.401,209.992,-0.7225,-0.0326,0.3584,104.88,0.22,0.0,0.0352,0.448
6872.501,210.092,-0.7225,-0.0326,0.3584,104.88,0.22,0.0,0.0337,0.448
6872.601,210.195,-0.7225,-0.0326,0.3584,104.88,0.22,0.0,0.0353,0.448
6872.701,210.295,-0.7225,-0.0326,0.3584,104.89,0.22,0.0,0.0365,0.448
6872.801,210.395,-0.7225,-0.0326,0.3584,104.91,0.23,0.0,0.0381,0.448
6872.901,210.496,-0.7225,-0.0326,0.3584,104.91,0.22,0.0,0.0384,0.448
6873.001,210.598,-0.7225,-0.0326,0.3584,104.89,0.22,0.0,0.0385,0.448
6873.101,210.698,-0.7225,-0.0326,0.3584,104.89,0.22,0.0,0.0366,0.448
6873.201,210.798,-0.7225,-0.0326,0.3584,104.9,0.22,0.0,0.0338,0.448
6873.301,210.898,-0.7225,-0.0326,0.3584,104.91,0.22,0.0,0.0345,0.448
6873.401,210.998,-0.7225,-0.0326,0.3584,104.89,0.22,0.0,0.0382,0.448
6873.501,211.099,-0.7225,-0.0326,0.3584,104.91,0.22,0.0,0.0374,0.448
6873.601,211.2,-0.7225,-0.0326,0.3584,104.9,0.22,0.0,0.0383,0.448
6873.701,211.3,-0.7225,-0.0326,0.3584,104.9,0.22,0.0,0.0363,0.448
6873.801,211.4,-0.7225,-0.0326,0.3584,104.9,0.22,0.0,0.0343,0.448
6873.901,211.5,-0.7225,-0.0326,0.3584,104.9,0.22,0.0,0.0344,0.448
6874.001,211.601,-0.7225,-0.0326,0.3584,104.9,0.22,0.0,0.04,0.448
6874.101,211.7,-0.7225,-0.0326,0.3584,104.9,0.22,0.0,0.0435,0.448
6874.201,211.802,-0.7225,-0.0326,0.3584,104.9,0.22,0.0,0.0456,0.448
6874.301,211.904,-0.7225,-0.0326,0.3584,104.9,0.22,0.0,0.0459,0.448
6874.401,212.004,-0.7225,-0.0326,0.3584,104.9,0.22,0.0,0.0445,0.448
6874.501,212.104,-0.7225,-0.0326,0.3584,104.9,0.22,0.0,0.042,0.448
6874.601,212.204,-0.7225,-0.0326,0.3584,104.9,0.22,0.0,0.0422,0.448
6874.701,212.307,-0.7225,-0.0326,0.3584,104.9,0.22,0.0,0.0406,0.448
6874.801,212.406,-0.7225,-0.0326,0.3584,104.9,0.22,0.0,0.042,0.448
6874.901,212.506,-0.7225,-0.0326,0.3584,104.9,0.22,0.0,0.0425,0.448
6875.001,212.608,-0.7225,-0.0326,0.3584,104.9,0.22,0.0,0.0431,0.448
6875.101,212.708,-0.7225,-0.0326,0.3584,104.9,0.22,0.0,0.0445,0.448
6875.201,212.808,-0.7225,-0.0326,0.3584,104.9,0.22,0.0,0.0442,0.448
6875.301,212.908,-0.7225,-0.0326,0.3584,104.9,0.22,0.0,0.0415,0.448
6875.401,213.008,-0.7225,-0.0326,0.3584,104.9,0.22,0.0,0.0413,0.448
6875.501,213.108,-0.7225,-0.0326,0.3584,104.9,0.22,0.0,0.0432,0.448
6875.601,213.209,-0.7225,-0.0326,0.3584,104.9,0.22,0.0,0.0423,0.448
6875.701,213.309,-0.7225,-0.0326,0.3584,104.9,0.22,0.0,0.045,0.448
6875.801,213.412,-0.7225,-0.0326,0.3584,104.9,0.22,0.0,0.0463,0.448
6875.901,213.512,-0.7225,-0.0326,0.3584,104.9,0.22,0.0,0.0473,0.448
6876.001,213.613,-0.7225,-0.0326,0.3584,104.9,0.22,0.0,0.0472,0.448
6876.101,213.713,-0.7225,-0.0326,0.3584,104.9,0.22,0.0,0.0472,0.448
6876.201,213.813,-0.7225,-0.0326,0.3584,104.9,0.22,0.0,0.0472,0.448
6876.301,213.915,-0.7225,-0.0326,0.3584,104.9,0.22,0.0,0.0457,0.448
6876.401,214.016,-0.7225,-0.0326,0.3584,104.9,0.22,0.0,0.0456,0.448
6876.501,214.118,-0.7225,-0.0326,0.3584,104.9,0.22,0.0,0.0456,0.448
6876.601,214.218,-0.7225,-0.0326,0.3584,104.9,0.22,0.0,0.046,0.448
6876.701,214.318,-0.7225,-0.0326,0.3584,104.9,0.22,0.0,0.0462,0.448
6876.801,214.418,-0.7225,-0.0326,0.3584,104.9,0.22,0.0,0.0474,0.448
6876.901,214.518,-0.7225,-0.0326,0.3584,104.9,0.22,0.0,0.0492,0.448
6877.001,214.619,-0.7225,-0.0326,0.3584,104.9,0.22,0.0,0.0496,0.448
6877.101,214.719,-0.7225,-0.0326,0.3584,104.9,0.22,0.0,0.0498,0.448
6877.201,214.819,-0.7225,-0.0326,0.3584,104.9,0.22,0.0,0.0494,0.448
6877.301,214.923,-0.7225,-0.0326,0.3584,104.9,0.22,0.0,0.0465,0.448
6877.401,215.023,-0.7225,-0.0326,0.3584,104.9,0.22,0.0,0.0477,0.448
6877.501,215.123,-0.7225,-0.0326,0.3584,104.9,0.22,0.0,0.0472,0.448
6877.601,215.224,-0.7225,-0.0326,0.3584,104.9,0.22,0.0,0.0437,0.448
6877.701,215.324,-0.7225,-0.0326,0.3584,104.9,0.22,0.0,0.0445,0.448
6877.801,215.424,-0.7225,-0.0326,0.3584,104.9,0.22,0.0,0.0447,0.448
6877.901,215.526,-0.7225,-0.0326,0.3584,104.9,0.22,0.0,0.0457,0.448
6878.001,215.627,-0.7225,-0.0326,0.3584,104.9,0.22,0.0,0.0462,0.448
6878.101,215.727,-0.7225,-0.0326,0.3584,104.9,0.22,0.0,0.0463,0.448
6878.201,215.827,-0.7225,-0.0326,0.3584,104.9,0.22,0.0,0.0489,0.448
6878.301,215.927,-0.7225,-0.0326,0.3584,104.9,0.22,0.0,0.0508,0.448
6878.401,216.028,-0.7226,-0.0325,0.3581,104.96,0.19,0.0,0.0533,0.448
6878.501,216.128,-0.7239,-0.0323,0.3574,105.36,0.21,0.0,0.0594,0.448
6878.601,216.228,-0.7254,-0.0334,0.3575,105.67,0.26,0.0,0.0633,0.449
6878.701,216.328,-0.7268,-0.033,0.3557,105.84,0.27,0.0,0.0655,0.448
6878.801,216.428,-0.7277,-0.0331,0.3564,105.99,0.31,0.0,0.0623,0.449
6878.901,216.528,-0.7286,-0.0325,0.3558,106.47,0.24,0.0001,0.071,0.449
6879.001,216.628,-0.7293,-0.0341,0.3575,106.94,0.28,0.0004,0.0753,0.448
6879.101,216.728,-0.7299,-0.0361,0.3564,107.19,0.28,0.0001,0.0772,0.448
6879.201,216.828,-0.7293,-0.0367,0.3564,107.41,0.23,0.0,0.0732,0.448
6879.301,216.929,-0.7277,-0.0367,0.3562,107.72,0.1,0.0,0.0724,0.448
6879.401,217.032,-0.7272,-0.0361,0.3565,108.36,0.18,0.0,0.072,0.449
6879.501,217.132,-0.7268,-0.0364,0.3571,108.7,0.18,0.0,0.0794,0.449
6879.601,217.232,-0.7265,-0.0356,0.3564,108.88,0.11,0.0,0.0867,0.448
6879.701,217.332,-0.7255,-0.0363,0.3569,109.4,0.11,0.0,0.0864,0.448
6879.801,217.432,-0.725,-0.0367,0.3565,109.73,0.08,0.0,0.0891,0.448
6879.901,217.534,-0.7255,-0.0382,0.3579,110.24,0.16,0.0,0.1047,0.448
6880.001,217.634,-0.7266,-0.0398,0.3586,110.83,0.19,0.0,0.101,0.448
6880.101,217.734,-0.727,-0.0402,0.3591,111.09,0.24,0.0,0.0783,0.448
6880.201,217.834,-0.7271,-0.0401,0.3585,111.67,0.18,0.0,0.0745,0.448
6880.301,217.935,-0.7282,-0.0402,0.3586,112.08,0.25,0.0005,0.0698,0.448
6880.401,218.035,-0.7288,-0.042,0.3587,112.4,0.31,0.0001,0.0833,0.448
6880.501,218.135,-0.729,-0.0421,0.3574,112.69,0.23,0.0,0.079,0.448
6880.601,218.235,-0.7284,-0.0426,0.3577,112.94,0.19,0.0,0.0818,0.448
6880.701,218.335,-0.7285,-0.0425,0.3579,113.47,0.22,0.0,0.0809,0.448
6880.801,218.435,-0.7284,-0.0443,0.3591,113.95,0.26,0.0004,0.0949,0.448
6880.901,218.535,-0.7282,-0.0465,0.3591,114.44,0.25,0.0001,0.1005,0.448
6881.001,218.635,-0.727,-0.0468,0.3592,114.71,0.17,0.0,0.1001,0.448
6881.101,218.735,-0.7251,-0.0462,0.3585,115.13,0.07,0.0,0.095,0.448
6881.201,218.836,-0.7249,-0.045,0.3586,115.85,0.18,0.0002,0.1009,0.448
6881.301,218.936,-0.7248,-0.0445,0.359,116.42,0.19,0.0002,0.1085,0.448
6881.401,219.036,-0.7251,-0.0433,0.358,116.67,0.15,0.0008,0.1042,0.448
6881.501,219.136,-0.7248,-0.044,0.358,117.23,0.17,0.0007,0.1085,0.448
6881.601,219.236,-0.7252,-0.0448,0.3577,117.79,0.15,0.0002,0.1108,0.448
6881.701,219.336,-0.7257,-0.0475,0.3592,118.53,0.24,0.0,0.1215,0.448
6881.801,219.436,-0.7264,-0.0501,0.3591,119.04,0.3,0.0,0.1242,0.448
6881.901,219.537,-0.7264,-0.0508,0.3592,119.43,0.28,0.0,0.117,0.448
6882.001,219.637,-0.7263,-0.051,0.3603,119.91,0.24,0.0,0.1145,0.448
6882.101,219.737,-0.7274,-0.0513,0.3611,120.7,0.3,0.0,0.116,0.448
6882.201,219.837,-0.7276,-0.0534,0.3611,121.32,0.36,0.0006,0.1249,0.448
6882.301,219.937,-0.7278,-0.0534,0.3593,121.74,0.29,0.0,0.1215,0.448
6882.401,220.043,-0.7272,-0.0534,0.3593,122.31,0.26,0.0008,0.1166,0.448
6882.501,220.142,-0.7273,-0.0532,0.3597,123.01,0.26,0.0091,0.1167,0.449
6882.601,220.243,-0.7267,-0.0546,0.3609,123.72,0.31,0.0128,0.1135,0.45
6882.701,220.346,-0.7268,-0.0553,0.3595,124.2,0.25,0.0083,0.1156,0.453
6882.801,220.446,-0.7264,-0.0543,0.3597,124.58,0.23,0.0081,0.1116,0.455
6882.901,220.546,-0.726,-0.0529,0.3604,125.13,0.18,0.0089,0.1105,0.456
6883.001,220.646,-0.7273,-0.0521,0.3614,125.89,0.25,0.0099,0.116,0.456
6883.101,220.746,-0.728,-0.0523,0.3613,126.48,0.28,0.0089,0.1217,0.457
6883.201,220.847,-0.7289,-0.0509,0.3599,126.87,0.26,0.009,0.1217,0.459
6883.301,220.947,-0.7291,-0.0506,0.3601,127.37,0.29,0.0103,0.1174,0.459
6883.401,221.047,-0.7305,-0.0505,0.3605,128.1,0.26,0.0099,0.1193,0.46
6883.501,221.147,-0.7309,-0.0524,0.3616,128.82,0.32,0.0105,0.1256,0.462
6883.601,221.247,-0.7311,-0.0537,0.3605,129.35,0.29,0.0084,0.1275,0.466
6883.701,221.347,-0.7308,-0.0532,0.3606,129.83,0.28,0.0083,0.1225,0.469
6883.801,221.447,-0.7309,-0.0519,0.3607,130.45,0.24,0.008,0.1206,0.47
6883.901,221.547,-0.7321,-0.0514,0.3615,131.23,0.29,0.0104,0.125,0.471
6884.001,221.647,-0.7324,-0.0521,0.3609,131.84,0.3,0.0106,0.1315,0.473
6884.101,221.747,-0.7331,-0.0508,0.3591,132.3,0.25,0.0112,0.1299,0.476
6884.201,221.849,-0.733,-0.0501,0.3592,132.89,0.22,0.0115,0.1272,0.476
6884.301,221.948,-0.7341,-0.049,0.3595,133.67,0.22,0.0121,0.1328,0.478
6884.401,222.048,-0.7346,-0.0497,0.3608,134.41,0.28,0.0143,0.1384,0.479
6884.501,222.148,-0.7356,-0.0498,0.3592,135.03,0.21,0.0138,0.138,0.482
6884.601,222.249,-0.7362,-0.049,0.3595,135.62,0.28,0.0141,0.134,0.485
6884.701,222.35,-0.7373,-0.0478,0.3602,136.33,0.25,0.0141,0.1345,0.486
6884.801,222.45,-0.7394,-0.0477,0.3614,137.18,0.33,0.0155,0.1269,0.487
6884.901,222.551,-0.7406,-0.0486,0.3606,137.8,0.36,0.0169,0.1327,0.49
6885.001,222.651,-0.7423,-0.0475,0.3588,138.26,0.34,0.0146,0.1278,0.494
6885.101,222.751,-0.7435,-0.0465,0.3593,138.83,0.35,0.0164,0.1248,0.494
6885.201,222.851,-0.7459,-0.0455,0.3599,139.64,0.32,0.0172,0.1232,0.496
6885.301,222.951,-0.7463,-0.0463,0.3613,140.36,0.34,0.0206,0.1291,0.498
6885.401,223.052,-0.7469,-0.0462,0.3592,140.89,0.24,0.0178,0.1304,0.501
6885.501,223.152,-0.7472,-0.0448,0.3594,141.38,0.26,0.0187,0.1247,0.503
6885.601,223.252,-0.7479,-0.0429,0.3604,141.99,0.22,0.0185,0.12,0.504
6885.701,223.352,-0.7498,-0.0421,0.3618,142.78,0.29,0.0208,0.1146,0.505
6885.801,223.453,-0.751,-0.042,0.3614,143.36,0.28,0.023,0.1202,0.507
6885.901,223.553,-0.753,-0.0401,0.3601,143.77,0.25,0.0204,0.118,0.509
6886.001,223.653,-0.7545,-0.0384,0.3602,144.3,0.25,0.0228,0.1166,0.509
6886.101,223.752,-0.7576,-0.037,0.36,145.03,0.25,0.0239,0.1163,0.51
6886.201,223.852,-0.7591,-0.037,0.3612,145.72,0.3,0.0273,0.1181,0.511
6886.301,223.954,-0.7612,-0.0364,0.3598,146.21,0.24,0.0238,0.1215,0.514
6886.401,224.055,-0.7628,-0.0351,0.3603,146.65,0.3,0.0247,0.1174,0.516
6886.501,224.155,-0.765,-0.0335,0.3614,147.25,0.25,0.0249,0.1138,0.517
6886.601,224.255,-0.7678,-0.033,0.3626,148.0,0.31,0.0277,0.1133,0.518
6886.701,224.357,-0.7697,-0.0329,0.3612,148.51,0.29,0.0316,0.1166,0.52
6886.801,224.457,-0.7722,-0.0312,0.3593,148.87,0.3,0.0321,0.1148,0.522
6886.901,224.557,-0.7739,-0.0299,0.3594,149.32,0.24,0.0346,0.1115,0.523
6887.001,224.657,-0.7787,-0.0276,0.359,150.04,0.25,0.0345,0.1144,0.523
6887.101,224.757,-0.7814,-0.027,0.3605,150.67,0.28,0.0398,0.1178,0.524
6887.201,224.865,-0.7848,-0.0255,0.3604,151.2,0.26,0.037,0.1172,0.526
6887.301,224.965,-0.7879,-0.0231,0.3611,151.6,0.32,0.0405,0.1083,0.528
6887.401,225.066,-0.7923,-0.0203,0.3613,152.2,0.27,0.041,0.1066,0.527
6887.501,225.165,-0.7967,-0.0187,0.3628,152.9,0.34,0.0429,0.1127,0.527
6887.601,225.265,-0.8002,-0.0169,0.3619,153.43,0.23,0.0441,0.1153,0.529
6887.701,225.365,-0.8038,-0.0137,0.361,153.82,0.28,0.0445,0.1137,0.53
6887.801,225.465,-0.8068,-0.011,0.3612,154.32,0.25,0.0452,0.1097,0.529
6887.901,225.565,-0.8125,-0.0096,0.3612,155.02,0.25,0.0454,0.1078,0.528
6888.001,225.667,-0.8166,-0.0092,0.3622,155.62,0.25,0.0505,0.1104,0.53
6888.101,225.766,-0.8219,-0.0077,0.36,156.05,0.25,0.0503,0.1115,0.532
6888.201,225.867,-0.8264,-0.006,0.3606,156.47,0.34,0.0548,0.1069,0.533
6888.301,225.968,-0.8325,-0.004,0.361,157.02,0.28,0.0529,0.1022,0.534
6888.401,226.068,-0.8382,-0.0034,0.3629,157.71,0.34,0.0586,0.1057,0.534
6888.501,226.168,-0.8433,-0.0025,0.3621,158.18,0.29,0.0594,0.1084,0.537
6888.601,226.268,-0.8492,0.0004,0.3616,158.55,0.37,0.0578,0.1088,0.538
6888.701,226.376,-0.8557,0.0036,0.3603,159.14,0.29,0.0604,0.1063,0.538
6888.801,226.476,-0.8639,0.006,0.3595,159.78,0.33,0.062,0.1094,0.537
6888.901,226.578,-0.8696,0.0083,0.3603,160.34,0.26,0.0684,0.1093,0.538
6889.001,226.678,-0.8759,0.0118,0.3583,160.74,0.22,0.0681,0.1072,0.539
6889.101,226.778,-0.8805,0.0147,0.3592,161.17,0.23,0.0706,0.104,0.538
6889.201,226.879,-0.887,0.0171,0.3603,161.72,0.15,0.0659,0.1003,0.537
6889.301,226.981,-0.8937,0.0176,0.3624,162.36,0.26,0.0631,0.0979,0.537
6889.401,227.081,-0.9005,0.0183,0.3623,162.83,0.21,0.0648,0.1,0.54
6889.502,227.183,-0.9071,0.02,0.3625,163.18,0.37,0.0669,0.0997,0.542
6889.601,227.283,-0.9146,0.0218,0.3621,163.67,0.28,0.0675,0.0947,0.542
6889.701,227.383,-0.9233,0.0223,0.3622,164.29,0.34,0.0689,0.0902,0.543
6889.801,227.484,-0.9302,0.0227,0.3626,164.8,0.34,0.0761,0.0941,0.545
6889.901,227.584,-0.9386,0.0251,0.361,165.12,0.3,0.0755,0.0943,0.547
6890.001,227.684,-0.9467,0.0276,0.3613,165.5,0.32,0.0785,0.0873,0.547
6890.101,227.784,-0.9567,0.0296,0.3616,165.96,0.31,0.0789,0.0859,0.547
6890.201,227.887,-0.9647,0.0309,0.3633,166.53,0.33,0.0815,0.085,0.547
6890.301,227.987,-0.9725,0.033,0.3639,166.95,0.24,0.0838,0.0882,0.549
6890.401,228.087,-0.98,0.0361,0.3643,167.21,0.33,0.0824,0.0838,0.549
6890.501,228.187,-0.9882,0.0392,0.3633,167.62,0.23,0.0822,0.079,0.548
6890.601,228.287,-0.9982,0.0403,0.3632,168.16,0.31,0.0758,0.0714,0.547
6890.701,228.388,-1.0067,0.0415,0.3631,168.58,0.27,0.072,0.0695,0.548
6890.801,228.488,-1.0152,0.0433,0.3616,168.75,0.29,0.0623,0.0629,0.549
6890.901,228.588,-1.0212,0.0435,0.3616,169.03,0.33,0.0614,0.0491,0.549
6891.001,228.688,-1.0273,0.0431,0.3606,169.31,0.3,0.0522,0.0475,0.55
6891.101,228.791,-1.0299,0.0417,0.3615,169.69,0.35,0.0463,0.0362,0.551
6891.201,228.891,-1.0323,0.0403,0.3608,169.83,0.3,0.0367,0.0341,0.554
6891.301,228.992,-1.0345,0.0405,0.3608,169.82,0.37,0.0275,0.0276,0.557
6891.401,229.091,-1.0376,0.0417,0.3604,169.93,0.26,0.0221,0.022,0.557
6891.501,229.193,-1.0399,0.0421,0.3602,170.28,0.28,0.0174,0.0294,0.556
6891.601,229.294,-1.0405,0.042,0.3597,170.45,0.27,0.0148,0.0344,0.558
6891.701,229.395,-1.0415,0.0428,0.3582,170.4,0.17,0.0051,0.04,0.559
6891.801,229.495,-1.0412,0.0443,0.358,170.58,0.09,0.0012,0.0348,0.558
6891.901,229.595,-1.0413,0.0452,0.3569,170.86,0.08,0.0,0.0355,0.558
6892.001,229.695,-1.0405,0.0444,0.3575,171.13,0.15,0.0,0.0355,0.558
6892.101,229.795,-1.0404,0.0432,0.3574,171.23,0.16,0.0,0.0479,0.56
6892.201,229.895,-1.0405,0.0431,0.3578,171.34,0.19,0.0,0.052,0.562
6892.301,229.995,-1.041,0.044,0.3569,171.65,0.08,0.0,0.0508,0.563
6892.401,230.095,-1.0412,0.0438,0.3573,172.14,0.16,0.0,0.0579,0.564
6892.501,230.196,-1.0408,0.0424,0.357,172.35,0.25,0.0,0.0641,0.566
6892.601,230.296,-1.0413,0.0416,0.3558,172.53,0.24,0.0,0.0616,0.569
6892.701,230.398,-1.0416,0.0416,0.3562,172.75,0.19,0.0,0.069,0.571
6892.801,230.498,-1.0426,0.0418,0.3561,173.28,0.19,0.0,0.0566,0.572
6892.901,230.598,-1.0416,0.0411,0.3574,173.68,0.23,0.0,0.0644,0.574
6893.001,230.698,-1.0412,0.0402,0.358,173.89,0.24,0.0,0.0664,0.577
6893.101,230.798,-1.0411,0.0406,0.3587,174.04,0.23,0.0,0.0656,0.579
6893.201,230.898,-1.0415,0.0419,0.3585,174.35,0.14,0.0,0.0581,0.58
6893.301,230.998,-1.0416,0.0422,0.359,174.83,0.19,0.0,0.0592,0.58
6893.401,231.098,-1.0408,0.0421,0.3588,175.13,0.19,0.0001,0.0665,0.583
6893.501,231.198,-1.0409,0.0426,0.3578,175.29,0.14,0.0,0.0713,0.585
6893.601,231.298,-1.0401,0.0437,0.3578,175.6,0.11,0.0003,0.0741,0.585
6893.701,231.398,-1.0406,0.0441,0.3573,176.11,0.11,0.0,0.0716,0.586
6893.801,231.498,-1.0402,0.0433,0.3585,176.54,0.16,0.0,0.0709,0.589
6893.901,231.598,-1.0405,0.0419,0.3573,176.78,0.19,0.0,0.0717,0.592
6894.001,231.698,-1.0408,0.041,0.3582,176.94,0.33,0.0,0.0673,0.594
6894.101,231.798,-1.0418,0.0407,0.3574,177.32,0.23,0.0,0.0623,0.596
6894.201,231.901,-1.0417,0.0399,0.3582,177.77,0.25,0.0,0.0637,0.598
6894.301,232.001,-1.0402,0.0388,0.3587,178.13,0.28,0.0,0.0639,0.598
6894.401,232.101,-1.04,0.0389,0.3581,178.25,0.23,0.0,0.0678,0.595
6894.501,232.201,-1.0396,0.0399,0.3584,178.53,0.17,0.0,0.0608,0.594
6894.601,232.302,-1.0406,0.0405,0.3582,178.98,0.17,0.0,0.0593,0.593
6894.701,232.402,-1.0401,0.0406,0.3594,179.39,0.2,0.0,0.0656,0.591
6894.801,232.502,-1.0402,0.0406,0.36,179.66,0.17,0.0,0.0659,0.589
6894.901,232.602,-1.0398,0.0411,0.3606,179.82,0.23,0.0,0.066,0.588
6895.001,232.702,-1.0396,0.0417,0.3604,-179.81,0.14,0.0012,0.0575,0.587
6895.101,232.802,-1.0393,0.041,0.3608,-179.38,0.21,0.0002,0.057,0.586
6895.201,232.902,-1.038,0.0396,0.3608,-179.04,0.26,0.0001,0.0596,0.583
6895.301,233.002,-1.0383,0.0391,0.3598,-178.93,0.26,0.0,0.0614,0.58
6895.401,233.103,-1.0385,0.0391,0.3597,-178.68,0.23,0.0,0.0513,0.578
