sim_s,wall_s,x,y,z,yaw_deg,tilt_deg,cmd_vx,cmd_wz,min_range_m,plan_length_m,plan_heading_deg,plan_age_s
8519.8,0.001,-0.0002,-0.009,0.3499,90.14,0.15,0.0,0.0,inf,nan,nan,nan
8520.491,0.002,-0.0002,-0.009,0.3499,90.14,0.15,0.0,0.0,inf,nan,nan,nan
8520.491,0.002,0.0007,-0.0096,0.3504,90.03,0.21,0.0,0.0,inf,nan,nan,nan
8520.491,0.002,0.0007,-0.0096,0.3504,90.03,0.21,0.0159,0.0625,inf,nan,nan,nan
8520.491,0.003,0.0007,-0.0096,0.3504,90.03,0.21,0.0159,0.0625,0.545,nan,nan,nan
8520.491,0.003,0.0007,-0.0096,0.3504,90.03,0.21,0.0159,0.0625,0.545,nan,nan,nan
8520.493,0.003,0.0007,-0.0096,0.3504,90.03,0.21,0.0159,0.0625,0.545,nan,nan,nan
8520.501,0.011,0.0008,-0.0096,0.3504,90.02,0.22,0.0159,0.0625,0.545,nan,nan,nan
8520.601,0.112,0.0008,-0.0096,0.3505,90.01,0.22,0.0162,0.065,0.544,nan,nan,nan
8520.701,0.212,0.0008,-0.0096,0.3505,90.0,0.22,0.0155,0.0713,0.544,nan,nan,nan
8520.801,0.311,0.0009,-0.0096,0.3506,89.99,0.22,0.0156,0.0728,0.544,nan,nan,nan
8520.901,0.411,0.0009,-0.0095,0.3506,89.99,0.22,0.0132,0.0748,0.544,nan,nan,nan
8521.007,0.584,0.0009,-0.0095,0.3506,89.98,0.22,0.0144,0.0723,0.544,nan,nan,nan
8521.101,0.677,0.0009,-0.0094,0.3507,89.97,0.22,0.0144,0.0723,0.544,9.795,84.29,0.082
8521.201,0.777,0.0009,-0.0094,0.3507,89.97,0.22,0.0156,0.0728,0.544,9.795,84.29,0.182
8521.305,0.884,0.001,-0.0094,0.3507,89.97,0.22,0.0155,0.0722,0.544,9.795,84.29,0.286
8521.401,0.978,0.001,-0.0094,0.3507,89.96,0.22,0.0158,0.0716,0.544,9.795,84.29,0.382
8521.501,1.078,0.001,-0.0093,0.3507,89.96,0.22,0.0155,0.0733,0.544,9.795,84.29,0.482
8521.602,1.18,0.001,-0.0093,0.3507,89.95,0.22,0.0153,0.0733,0.544,9.795,84.29,0.583
8521.701,1.279,0.001,-0.0093,0.3507,89.95,0.22,0.0161,0.0759,0.544,9.795,84.29,0.682
8521.801,1.379,0.001,-0.0093,0.3507,89.95,0.22,0.0164,0.0728,0.544,nan,nan,nan
8521.901,1.479,0.001,-0.0093,0.3508,89.95,0.22,0.0158,0.0726,0.544,nan,nan,nan
8522.001,1.579,0.001,-0.0093,0.3508,89.95,0.22,0.0153,0.0727,0.544,nan,nan,nan
8522.101,1.678,0.001,-0.0093,0.3508,89.94,0.22,0.0167,0.0744,0.544,nan,nan,nan
8522.201,1.778,0.001,-0.0093,0.3508,89.94,0.22,0.0191,0.0741,0.544,11.839,-45.0,0.098
8522.306,1.89,0.001,-0.0093,0.3508,89.94,0.22,0.0127,0.0665,0.544,11.839,-45.0,0.203
8522.406,1.99,0.001,-0.0093,0.3508,89.94,0.22,0.0028,0.0707,0.544,11.839,-45.0,0.303
8522.509,2.097,0.001,-0.0093,0.3508,89.94,0.22,0.0,0.0663,0.544,11.839,-45.0,0.406
8522.601,2.188,0.001,-0.0092,0.3508,89.94,0.22,0.0,0.0667,0.544,11.839,-45.0,0.498
8522.701,2.289,0.001,-0.0092,0.3508,89.94,0.22,0.0,0.064,0.544,11.839,-45.0,0.598
8522.801,2.388,0.001,-0.0092,0.3508,89.94,0.22,0.0,0.0598,0.544,11.839,-45.0,0.698
8522.901,2.488,0.001,-0.0092,0.3508,89.94,0.22,0.0001,0.0507,0.544,11.839,-45.0,0.798
8523.001,2.588,0.001,-0.0092,0.3508,89.94,0.22,0.0001,0.0413,0.544,11.839,-45.0,0.898
8523.101,2.688,0.001,-0.0092,0.3508,89.94,0.22,0.0,0.033,0.544,11.839,-45.0,0.998
8523.201,2.789,0.001,-0.0092,0.3508,89.94,0.22,0.0,0.0372,0.544,11.839,-45.0,0.014
8523.301,2.888,0.001,-0.0092,0.3508,89.94,0.22,0.0,0.0339,0.544,11.839,-45.0,0.114
8523.401,2.988,0.001,-0.0092,0.3508,89.94,0.22,0.0,0.0403,0.544,11.839,-45.0,0.214
8523.501,3.088,0.001,-0.0092,0.3508,89.94,0.22,0.0,0.0402,0.544,11.839,-45.0,0.314
8523.607,3.222,0.001,-0.0092,0.3508,89.94,0.22,0.0,0.0393,0.544,11.839,-45.0,0.42
8523.701,3.316,0.001,-0.0092,0.3508,89.93,0.22,0.0,0.0393,0.544,11.839,-45.0,0.514
8523.807,3.422,0.001,-0.0092,0.3508,89.93,0.22,0.0,0.0145,0.544,11.839,-45.0,0.62
8523.901,3.516,0.001,-0.0091,0.3493,89.96,0.15,0.0,-0.0026,0.544,11.839,-45.0,0.714
8524.001,3.617,0.0031,-0.0092,0.35,90.39,0.08,0.0,-0.0246,0.544,11.839,-45.0,0.814
8524.101,3.717,0.0062,-0.0098,0.3508,89.87,0.14,0.0,-0.0157,0.544,11.839,-45.0,0.914
8524.201,3.817,0.0085,-0.0105,0.3515,89.59,0.15,0.0,-0.0151,0.538,11.839,-45.0,1.014
8524.301,3.918,0.0092,-0.0105,0.3521,89.87,0.1,0.0,-0.0058,0.535,11.839,-45.0,0.087
8524.401,4.019,0.0087,-0.0097,0.3528,90.04,0.17,0.0,-0.0181,0.535,11.839,-45.0,0.187
8524.501,4.12,0.0074,-0.0083,0.3536,90.35,0.27,0.0,-0.0181,0.536,11.839,-45.0,0.287
8524.606,4.296,0.0059,-0.0064,0.3544,90.15,0.34,0.0005,-0.0596,0.536,11.839,-45.0,0.392
8524.711,4.456,0.0045,-0.0046,0.3551,90.25,0.41,0.001,-0.0519,0.539,11.839,-45.0,0.497
8524.806,4.589,0.0033,-0.0035,0.3556,90.21,0.44,0.001,-0.0519,0.541,11.839,-45.0,0.592
8524.906,4.724,0.0019,-0.0018,0.3556,90.05,0.32,0.0015,-0.0464,0.542,11.839,-45.0,0.692
8525.006,4.826,0.0007,0.0007,0.3501,89.52,0.17,0.0004,-0.0557,0.543,11.839,-45.0,0.792
8525.101,4.92,-0.0015,0.0,0.35,88.51,0.31,0.0004,-0.0557,0.541,11.97,-48.81,0.01
8525.201,5.021,-0.0039,-0.0021,0.3523,88.13,0.2,0.0,-0.1043,0.538,11.97,-48.81,0.11
8525.301,5.121,-0.0078,-0.0049,0.3533,88.43,0.48,0.0,-0.0643,0.538,11.97,-48.81,0.21
8525.401,5.221,-0.0139,-0.0107,0.3536,88.05,0.78,0.0,-0.0511,0.542,11.97,-48.81,0.31
8525.501,5.323,-0.017,-0.0133,0.3515,87.37,0.5,0.0,-0.0315,0.545,11.97,-48.81,0.41
8525.601,5.425,-0.0153,-0.0129,0.3537,86.7,0.15,0.0,-0.0953,0.545,11.97,-48.81,0.51
8525.701,5.527,-0.0108,-0.0097,0.353,86.64,0.13,0.0014,-0.0876,0.541,11.97,-48.81,0.61
8525.801,5.626,-0.0069,-0.0062,0.3558,86.91,0.33,0.0041,-0.0476,0.537,11.97,-48.81,0.71
8525.901,5.726,-0.0034,-0.0016,0.3562,86.6,0.37,0.0032,-0.0354,0.535,11.97,-48.81,0.81
8526.001,5.826,-0.0014,-0.0011,0.3582,86.26,0.35,0.0046,-0.0481,0.53,11.97,-48.81,0.91
8526.107,5.946,-0.0007,-0.0042,0.358,85.78,0.25,0.0006,-0.0656,0.526,11.97,-48.81,1.016
8526.201,6.04,-0.002,-0.0073,0.3577,85.88,0.12,0.0001,-0.0404,0.522,11.93,-45.0,0.057
8526.302,6.142,-0.0052,-0.0115,0.3613,85.9,0.14,0.0,-0.0307,0.524,11.93,-45.0,0.158
8526.401,6.241,-0.0063,-0.0141,0.3617,85.29,0.05,0.0,-0.0223,0.526,11.93,-45.0,0.257
8526.501,6.341,-0.0055,-0.0173,0.3616,85.15,0.22,0.0,-0.0623,0.525,11.93,-45.0,0.357
8526.601,6.442,-0.0061,-0.0172,0.3601,85.28,0.06,0.0,-0.0507,0.524,11.93,-45.0,0.457
8526.701,6.543,-0.0089,-0.0167,0.3606,85.21,0.28,0.0,-0.0437,0.524,11.93,-45.0,0.557
8526.801,6.645,-0.0099,-0.0147,0.3622,84.77,0.1,0.0,-0.0421,0.526,11.93,-45.0,0.657
8526.901,6.746,-0.0099,-0.0136,0.3637,83.66,0.27,0.0025,-0.0716,0.525,11.93,-45.0,0.757
8527.001,6.846,-0.0099,-0.0132,0.3635,83.22,0.18,0.0004,-0.0899,0.519,11.93,-45.0,0.857
8527.107,6.98,-0.0107,-0.0145,0.3633,83.62,0.23,0.0002,-0.0773,0.516,11.93,-45.0,0.963
8527.207,7.096,-0.012,-0.0159,0.3538,83.52,0.45,0.0,-0.0217,0.519,12.098,-41.19,0.012
8527.301,7.191,-0.014,-0.0193,0.349,82.95,0.37,0.0,-0.0349,0.522,12.098,-41.19,0.106
8527.407,7.297,-0.0167,-0.0255,0.3562,82.37,0.32,0.0,-0.0387,0.519,12.098,-41.19,0.212
8527.501,7.392,-0.0217,-0.0314,0.3578,82.96,0.78,0.0,-0.0557,0.518,12.098,-41.19,0.306
8527.601,7.492,-0.0298,-0.0389,0.3553,82.83,0.94,0.0,-0.0157,0.525,12.098,-41.19,0.406
8527.701,7.592,-0.0327,-0.0407,0.3531,81.75,0.55,0.0,-0.0122,0.532,12.098,-41.19,0.506
8527.801,7.692,-0.0301,-0.039,0.355,81.48,0.14,0.0,-0.0349,0.53,12.098,-41.19,0.606
8527.901,7.791,-0.026,-0.0349,0.3562,82.22,0.21,0.0012,-0.0481,0.527,12.098,-41.19,0.706
8528.001,7.891,-0.0216,-0.0306,0.3582,82.17,0.35,0.0062,0.0154,0.527,12.098,-41.19,0.806
8528.101,7.993,-0.0168,-0.0252,0.3566,81.89,0.37,0.0081,0.002,0.523,12.098,-41.19,0.906
8528.201,8.094,-0.0145,-0.0254,0.3586,81.74,0.32,0.0118,-0.0198,0.517,12.098,-41.19,1.006
8528.301,8.195,-0.0142,-0.0286,0.3576,81.77,0.23,0.0055,-0.0395,0.514,12.187,-41.19,0.08
8528.401,8.296,-0.0163,-0.0323,0.3576,81.42,0.07,0.0009,-0.0545,0.514,12.187,-41.19,0.18
8528.506,8.437,-0.0201,-0.0367,0.3577,81.46,0.15,0.0,-0.0528,0.513,12.187,-41.19,0.285
8528.607,8.602,-0.0215,-0.0401,0.358,80.64,0.09,0.0,-0.0528,0.517,12.187,-41.19,0.386
8528.708,8.712,-0.0233,-0.0414,0.3529,80.16,0.29,0.0,-0.0773,0.514,12.187,-41.19,0.487
8528.801,8.804,-0.028,-0.0425,0.3542,80.35,0.64,0.0,-0.0641,0.512,12.187,-41.19,0.58
8528.901,8.905,-0.0296,-0.0404,0.3556,80.27,0.37,0.0,-0.055,0.517,12.187,-41.19,0.68
8529.001,9.005,-0.0286,-0.0371,0.3577,79.98,0.31,0.0024,-0.0535,0.519,12.187,-41.19,0.78
8529.101,9.104,-0.0274,-0.0334,0.357,79.6,0.21,0.0047,-0.0682,0.517,12.187,-41.19,0.88
8529.201,9.206,-0.0268,-0.0319,0.3583,79.32,0.23,0.0051,-0.0516,0.514,12.187,-41.19,0.023
8529.301,9.306,-0.0265,-0.0315,0.3574,78.5,0.08,0.0019,-0.0785,0.512,12.187,-41.19,0.123
8529.401,9.406,-0.0254,-0.0325,0.3579,78.01,0.15,0.0008,-0.0796,0.507,12.187,-41.19,0.223
8529.501,9.506,-0.0238,-0.0357,0.3581,77.46,0.2,0.0,-0.0867,0.504,12.187,-41.19,0.323
8529.601,9.606,-0.0234,-0.0371,0.3568,77.34,0.15,0.0,-0.091,0.5,12.187,-41.19,0.423
8529.701,9.706,-0.025,-0.0385,0.3573,77.64,0.13,0.0,-0.0623,0.498,12.187,-41.19,0.523
8529.801,9.806,-0.026,-0.0384,0.3567,76.67,0.1,0.0,-0.0428,0.501,12.187,-41.19,0.623
8529.901,9.906,-0.0261,-0.0395,0.3579,76.11,0.16,0.0,-0.079,0.497,12.187,-41.19,0.723
8530.006,10.03,-0.0255,-0.0401,0.3565,76.37,0.07,0.0,-0.0765,0.495,12.187,-41.19,0.828
8530.101,10.124,-0.0268,-0.0406,0.3575,76.36,0.15,0.0,-0.0548,0.495,12.187,-41.19,0.923
8530.201,10.224,-0.0277,-0.0405,0.361,76.04,0.06,0.0,-0.0574,0.496,12.187,-41.19,1.023
8530.301,10.324,-0.0265,-0.0408,0.3622,75.38,0.14,0.0,-0.0199,0.495,12.087,-41.19,0.046
8530.401,10.424,-0.0254,-0.0425,0.3613,75.07,0.15,0.0,-0.0348,0.491,12.087,-41.19,0.146
8530.501,10.524,-0.026,-0.043,0.3603,75.18,0.13,0.0,-0.057,0.488,12.087,-41.19,0.246
8530.601,10.624,-0.0282,-0.0438,0.36,74.82,0.16,0.0,-0.0581,0.489,12.087,-41.19,0.346
8530.701,10.726,-0.0291,-0.0437,0.3593,74.27,0.12,0.0,-0.0745,0.489,12.087,-41.19,0.446
8530.801,10.825,-0.0293,-0.0448,0.3595,73.87,0.14,0.0,-0.0674,0.488,12.087,-41.19,0.546
8530.907,10.933,-0.0293,-0.0448,0.3581,73.73,0.09,0.0,-0.0731,0.486,12.087,-41.19,0.652
8531.007,11.033,-0.031,-0.045,0.3585,73.56,0.21,0.0,-0.0625,0.485,12.087,-41.19,0.752
8531.106,11.132,-0.0325,-0.0448,0.3581,73.19,0.19,0.0,-0.0586,0.485,12.087,-41.19,0.851
8531.201,11.227,-0.0319,-0.0446,0.3588,72.64,0.2,0.0,-0.0766,0.485,12.087,-41.19,0.946
8531.301,11.327,-0.0308,-0.0453,0.3585,72.35,0.11,0.0,-0.0827,0.482,12.087,-41.19,1.046
8531.401,11.427,-0.0306,-0.0456,0.3582,72.2,0.15,0.0,-0.0827,0.479,12.152,-41.19,0.093
8531.501,11.527,-0.0316,-0.0467,0.3583,71.87,0.15,0.0,-0.0734,0.478,12.152,-41.19,0.193
8531.601,11.627,-0.0308,-0.0474,0.3578,71.4,0.13,0.0,-0.0761,0.478,12.152,-41.19,0.293
8531.701,11.727,-0.0295,-0.05,0.3583,70.95,0.25,0.0,-0.0769,0.475,12.152,-41.19,0.393
8531.801,11.827,-0.0283,-0.0511,0.3564,70.75,0.21,0.0,-0.077,0.472,12.152,-41.19,0.493
8531.901,11.927,-0.0291,-0.0509,0.357,70.37,0.08,0.0,-0.0761,0.469,12.152,-41.19,0.593
8532.001,12.027,-0.03,-0.0496,0.357,70.03,0.1,0.0,-0.0876,0.468,12.152,-41.19,0.693
8532.101,12.127,-0.0303,-0.0494,0.3584,69.39,0.2,0.0,-0.0651,0.467,12.152,-41.19,0.793
8532.201,12.227,-0.0308,-0.0501,0.3573,68.93,0.05,0.0,-0.0849,0.464,12.152,-41.19,0.893
8532.301,12.327,-0.0325,-0.0506,0.3566,68.76,0.16,0.0,-0.0837,0.462,12.152,-41.19,0.993
8532.401,12.428,-0.0359,-0.052,0.3567,68.53,0.32,0.0,-0.0798,0.463,12.203,-41.19,0.02
8532.501,12.529,-0.0367,-0.0524,0.3564,67.76,0.15,0.0,-0.0816,0.465,12.203,-41.19,0.12
8532.601,12.629,-0.0357,-0.0535,0.3573,67.3,0.1,0.0,-0.1059,0.462,12.203,-41.19,0.22
8532.701,12.729,-0.0341,-0.0534,0.3559,66.88,0.09,0.0,-0.1089,0.459,12.203,-41.19,0.32
8532.801,12.829,-0.0338,-0.0533,0.3568,66.54,0.12,0.0001,-0.1109,0.455,12.203,-41.19,0.42
8532.901,12.929,-0.0332,-0.0525,0.3575,66.0,0.09,0.0,-0.0992,0.453,12.203,-41.19,0.52
8533.001,13.029,-0.0322,-0.0534,0.3591,65.37,0.18,0.0003,-0.1065,0.45,12.203,-41.19,0.62
8533.101,13.129,-0.0314,-0.0554,0.3582,64.8,0.17,0.0001,-0.1016,0.448,12.203,-41.19,0.72
8533.201,13.229,-0.0319,-0.0561,0.3575,64.54,0.14,0.0,-0.1092,0.448,12.203,-41.19,0.82
8533.301,13.329,-0.0338,-0.0565,0.3579,64.08,0.12,0.0,-0.0981,0.448,12.203,-41.19,0.92
8533.401,13.431,-0.034,-0.0566,0.3579,63.39,0.14,0.0,-0.0957,0.448,12.203,-41.19,1.02
8533.501,13.531,-0.0344,-0.0585,0.3585,62.77,0.16,0.0,-0.1001,0.448,12.254,-41.19,0.041
8533.601,13.632,-0.0346,-0.0591,0.356,62.47,0.09,0.0,-0.0988,0.448,12.254,-41.19,0.141
8533.701,13.731,-0.0369,-0.0594,0.3567,62.09,0.19,0.0,-0.0982,0.448,12.254,-41.19,0.241
8533.801,13.831,-0.0387,-0.0584,0.3561,61.49,0.12,0.0,-0.0858,0.448,12.254,-41.19,0.341
8533.901,13.931,-0.039,-0.0582,0.3577,60.65,0.23,0.0,-0.08,0.448,12.254,-41.19,0.441
8534.001,14.032,-0.0383,-0.0584,0.3573,60.5,0.1,0.0,-0.0817,0.448,12.254,-41.19,0.541
8534.101,14.134,-0.0384,-0.0587,0.3575,60.64,0.18,0.0,-0.0803,0.448,12.254,-41.19,0.641
8534.201,14.234,-0.0398,-0.0594,0.3571,60.17,0.19,0.0,-0.0276,0.448,12.254,-41.19,0.741
8534.302,14.335,-0.0395,-0.0602,0.3565,59.84,0.1,0.0,-0.0676,0.449,12.254,-41.19,0.842
8534.401,14.434,-0.0387,-0.0628,0.3573,59.15,0.16,0.0,-0.0612,0.448,12.254,-41.19,0.941
8534.501,14.534,-0.0375,-0.0639,0.3559,58.81,0.12,0.0,-0.1029,0.448,12.254,-41.19,1.041
8534.601,14.634,-0.0378,-0.0638,0.3569,58.79,0.1,0.0,-0.1029,0.448,12.47,-36.87,0.075
8534.701,14.734,-0.0382,-0.0627,0.3577,58.38,0.09,0.0,-0.0896,0.448,12.47,-36.87,0.175
8534.801,14.834,-0.038,-0.0623,0.3595,57.26,0.21,0.0,-0.0686,0.449,12.47,-36.87,0.275
8534.901,14.934,-0.038,-0.063,0.359,56.85,0.09,0.0,-0.0793,0.448,12.47,-36.87,0.375
8535.001,15.034,-0.039,-0.0633,0.3591,57.23,0.15,0.0,-0.0786,0.448,12.47,-36.87,0.475
8535.101,15.134,-0.0416,-0.0636,0.3591,57.07,0.25,0.0,-0.042,0.448,12.47,-36.87,0.575
8535.201,15.234,-0.0422,-0.0637,0.3588,56.25,0.16,0.0,-0.0385,0.448,12.47,-36.87,0.675
8535.301,15.334,-0.0427,-0.0653,0.3589,55.7,0.12,0.0,-0.0395,0.448,12.47,-36.87,0.775
8535.401,15.434,-0.0425,-0.0662,0.3567,55.49,0.1,0.0,-0.0403,0.448,12.47,-36.87,0.875
8535.501,15.534,-0.0441,-0.0671,0.3576,55.98,0.21,0.0,-0.0476,0.448,12.47,-36.87,0.975
8535.601,15.634,-0.0455,-0.0668,0.3584,55.58,0.13,0.0,-0.0076,0.449,12.47,-36.87,1.075
8535.701,15.734,-0.045,-0.0673,0.3594,55.37,0.15,0.0,0.0006,0.448,12.866,-36.87,0.095
8535.801,15.834,-0.0441,-0.0687,0.3583,55.66,0.12,0.0,-0.0091,0.448,12.866,-36.87,0.195
8535.901,15.934,-0.0441,-0.0688,0.3582,55.7,0.12,0.0,0.0036,0.448,12.866,-36.87,0.295
8536.001,16.034,-0.0437,-0.0678,0.3583,55.44,0.17,0.0,0.0043,0.449,12.866,-36.87,0.395
8536.101,16.134,-0.0424,-0.0662,0.3585,55.45,0.22,0.0,-0.0066,0.448,12.866,-36.87,0.495
8536.201,16.234,-0.0413,-0.0645,0.3586,55.61,0.26,0.0006,0.0015,0.449,12.866,-36.87,0.595
8536.301,16.334,-0.0409,-0.0637,0.3586,55.66,0.27,0.0007,0.0159,0.448,12.866,-36.87,0.695
8536.401,16.435,-0.0409,-0.0637,0.3586,55.68,0.26,0.0001,0.0081,0.448,12.866,-36.87,0.795
8536.501,16.535,-0.0409,-0.0638,0.3586,55.64,0.25,0.0,0.007,0.448,12.866,-36.87,0.895
8536.601,16.635,-0.0409,-0.0638,0.3585,55.6,0.25,0.0,0.0021,0.448,12.866,-36.87,0.995
8536.701,16.735,-0.0409,-0.0638,0.3585,55.6,0.24,0.0,0.0021,0.448,13.684,-36.87,0.021
8536.801,16.835,-0.0409,-0.0638,0.3585,55.6,0.24,0.0,-0.0033,0.448,13.684,-36.87,0.121
8536.901,16.935,-0.0409,-0.0639,0.3584,55.58,0.23,0.0,-0.0033,0.448,13.684,-36.87,0.221
8537.001,17.035,-0.0409,-0.0639,0.3584,55.56,0.23,0.0,-0.0164,0.448,13.684,-36.87,0.321
8537.101,17.135,-0.0409,-0.0639,0.3583,55.58,0.23,0.0,-0.0157,0.448,13.684,-36.87,0.421
8537.201,17.235,-0.041,-0.0639,0.3583,55.58,0.22,0.0,-0.0157,0.448,13.684,-36.87,0.521
8537.301,17.335,-0.041,-0.064,0.3582,55.6,0.23,0.0,-0.014,0.448,13.684,-36.87,0.621
8537.401,17.435,-0.041,-0.064,0.3582,55.58,0.22,0.0,-0.0158,0.448,13.684,-36.87,0.721
8537.501,17.535,-0.041,-0.064,0.3582,55.58,0.22,0.0,-0.0157,0.448,13.684,-36.87,0.821
8537.601,17.635,-0.0409,-0.064,0.3582,55.54,0.22,0.0,-0.012,0.448,13.684,-36.87,0.921
8537.701,17.736,-0.0409,-0.064,0.3582,55.54,0.22,0.0,-0.012,0.448,13.684,-36.87,1.021
8537.801,17.835,-0.0409,-0.064,0.3582,55.53,0.22,0.0,-0.0111,0.448,13.684,-36.87,0.051
8537.901,17.935,-0.0409,-0.064,0.3582,55.53,0.22,0.0,-0.0144,0.448,13.684,-36.87,0.151
8538.001,18.035,-0.0409,-0.064,0.3582,55.53,0.22,0.0,-0.0161,0.448,13.684,-36.87,0.251
8538.101,18.135,-0.0409,-0.064,0.3582,55.52,0.22,0.0,-0.0123,0.448,13.684,-36.87,0.351
8538.201,18.235,-0.0409,-0.064,0.3582,55.52,0.22,0.0,-0.0111,0.448,13.684,-36.87,0.451
8538.301,18.335,-0.0409,-0.064,0.3582,55.52,0.22,0.0,-0.007,0.448,13.684,-36.87,0.551
8538.406,18.487,-0.0409,-0.064,0.3582,55.52,0.22,0.0,-0.0066,0.448,13.684,-36.87,0.656
8538.507,18.616,-0.0409,-0.064,0.3582,55.52,0.22,0.0,-0.0093,0.448,13.684,-36.87,0.757
8538.607,18.743,-0.0409,-0.0641,0.3582,55.51,0.22,0.0,-0.0077,0.448,13.684,-36.87,0.857
8538.701,18.836,-0.0409,-0.0641,0.3582,55.49,0.22,0.0,-0.0077,0.448,13.684,-36.87,0.951
8538.801,18.938,-0.0409,-0.0641,0.3582,55.48,0.22,0.0,-0.0087,0.448,13.684,-36.87,0.066
8538.901,19.038,-0.0409,-0.064,0.3581,55.52,0.22,0.0,-0.0098,0.448,13.684,-36.87,0.166
8539.001,19.141,-0.0409,-0.0641,0.3581,55.5,0.22,0.0,-0.0109,0.448,13.684,-36.87,0.266
8539.101,19.242,-0.0409,-0.0641,0.3581,55.47,0.21,0.0,-0.0109,0.448,13.684,-36.87,0.366
8539.201,19.342,-0.0409,-0.0641,0.358,55.48,0.21,0.0,-0.0144,0.448,13.684,-36.87,0.466
8539.301,19.442,-0.0409,-0.0641,0.358,55.48,0.21,0.0,-0.0175,0.448,13.684,-36.87,0.566
8539.401,19.543,-0.0409,-0.0641,0.358,55.43,0.21,0.0,-0.0175,0.448,13.684,-36.87,0.666
8539.501,19.643,-0.0409,-0.0641,0.3579,55.46,0.21,0.0,-0.0111,0.448,13.684,-36.87,0.766
8539.601,19.743,-0.0409,-0.0641,0.3579,55.5,0.21,0.0,-0.0119,0.448,13.684,-36.87,0.866
8539.701,19.844,-0.041,-0.0641,0.3578,55.55,0.21,0.0,-0.006,0.448,13.684,-36.87,0.966
8539.801,19.943,-0.041,-0.0641,0.3578,55.55,0.21,0.0,-0.0045,0.448,13.684,-36.87,1.066
8539.901,20.045,-0.041,-0.0641,0.3578,55.58,0.21,0.0,-0.0031,0.448,13.684,-36.87,0.084
8540.001,20.145,-0.0409,-0.0641,0.3577,55.42,0.2,0.0,-0.0019,0.448,13.684,-36.87,0.184
8540.101,20.245,-0.041,-0.0641,0.3577,55.52,0.21,0.0,-0.0046,0.448,13.684,-36.87,0.284
8540.201,20.345,-0.0409,-0.0641,0.3576,55.43,0.2,0.0,-0.0034,0.448,13.684,-36.87,0.384
8540.301,20.445,-0.0409,-0.0641,0.3576,55.38,0.2,0.0,-0.0019,0.448,13.684,-36.87,0.484
8540.401,20.545,-0.0409,-0.0641,0.3576,55.31,0.2,0.0,-0.0051,0.448,13.684,-36.87,0.584
8540.501,20.645,-0.0408,-0.0642,0.3576,55.13,0.2,0.0,-0.0041,0.448,13.684,-36.87,0.684
8540.601,20.745,-0.041,-0.0641,0.3576,55.42,0.21,0.0,-0.0041,0.448,13.684,-36.87,0.784
8540.701,20.845,-0.041,-0.0641,0.3576,55.4,0.21,0.0,-0.0019,0.448,13.684,-36.87,0.884
8540.801,20.945,-0.0409,-0.0641,0.3576,55.23,0.2,0.0,-0.0054,0.448,13.684,-36.87,0.984
8540.906,21.054,-0.0409,-0.0641,0.3576,55.28,0.21,0.0,-0.0054,0.448,13.684,-36.87,0.007
8541.001,21.148,-0.0408,-0.0641,0.3576,55.15,0.2,0.0,-0.0054,0.448,13.684,-36.87,0.102
8541.101,21.25,-0.0408,-0.0642,0.3576,55.06,0.2,0.0,-0.0181,0.448,13.684,-36.87,0.202
8541.201,21.35,-0.0408,-0.0641,0.3576,55.08,0.2,0.0,-0.0221,0.448,13.684,-36.87,0.302
8541.301,21.452,-0.0409,-0.0641,0.3576,55.33,0.21,0.0,-0.0261,0.449,13.684,-36.87,0.402
8541.401,21.552,-0.0409,-0.064,0.3576,55.22,0.21,0.0,0.0089,0.448,13.684,-36.87,0.502
8541.501,21.652,-0.041,-0.064,0.3576,55.48,0.21,0.0,-0.003,0.449,13.684,-36.87,0.602
8541.601,21.753,-0.0409,-0.0641,0.3576,55.19,0.21,0.0,0.0428,0.448,13.684,-36.87,0.702
8541.701,21.853,-0.0409,-0.0641,0.3576,55.38,0.21,0.0,0.0356,0.448,13.684,-36.87,0.802
8541.806,21.961,-0.0408,-0.0641,0.3576,55.18,0.21,0.0,0.0458,0.448,13.684,-36.87,0.907
8541.901,22.057,-0.0409,-0.064,0.3576,55.45,0.21,0.0,0.0064,0.448,13.684,-36.87,1.002
8542.001,22.157,-0.0411,-0.0639,0.3576,55.7,0.22,0.0,0.0199,0.448,13.684,-36.87,0.026
8542.101,22.257,-0.041,-0.064,0.3576,55.38,0.21,0.0,0.0297,0.448,13.684,-36.87,0.126
8542.201,22.357,-0.041,-0.064,0.3576,55.59,0.21,0.0,0.0003,0.448,13.684,-36.87,0.226
8542.301,22.457,-0.041,-0.0641,0.3575,55.55,0.2,0.0,0.0239,0.448,13.684,-36.87,0.326
8542.401,22.559,-0.0409,-0.0641,0.3575,55.36,0.2,0.0,0.0057,0.448,13.684,-36.87,0.426
8542.501,22.659,-0.0407,-0.0643,0.3575,55.22,0.2,0.0,-0.0063,0.448,13.684,-36.87,0.526
8542.601,22.77,-0.0408,-0.0642,0.3575,55.31,0.2,0.0,-0.0129,0.449,13.684,-36.87,0.626
8542.701,22.873,-0.0408,-0.0641,0.3575,55.31,0.2,0.0,-0.0048,0.448,13.684,-36.87,0.726
8542.801,22.973,-0.0409,-0.0641,0.3575,55.41,0.21,0.0,0.0078,0.448,13.684,-36.87,0.826
8542.901,23.073,-0.041,-0.064,0.3575,55.55,0.21,0.0,0.0129,0.448,13.684,-36.87,0.926
8543.001,23.173,-0.041,-0.064,0.3575,55.63,0.21,0.0,0.0129,0.448,13.684,-36.87,1.026
8543.101,23.274,-0.0409,-0.0641,0.3574,55.41,0.2,0.0,0.0026,0.448,13.684,-36.87,0.071
8543.201,23.374,-0.0409,-0.0641,0.3574,55.51,0.21,0.0,-0.0013,0.448,13.684,-36.87,0.171
8543.301,23.473,-0.041,-0.064,0.3574,55.58,0.21,0.0,0.0046,0.448,13.684,-36.87,0.271
8543.401,23.573,-0.0409,-0.064,0.3574,55.54,0.2,0.0,0.0046,0.448,13.684,-36.87,0.371
8543.501,23.674,-0.0409,-0.064,0.3574,55.53,0.2,0.0,-0.0034,0.448,13.684,-36.87,0.471
8543.601,23.774,-0.0408,-0.0641,0.3574,55.43,0.2,0.0,-0.0142,0.448,13.684,-36.87,0.571
8543.701,23.874,-0.0408,-0.0641,0.3574,55.47,0.2,0.0,-0.0142,0.448,13.684,-36.87,0.671
8543.801,23.975,-0.0408,-0.0641,0.3574,55.47,0.2,0.0,-0.0044,0.448,13.684,-36.87,0.771
8543.901,24.074,-0.0408,-0.0641,0.3574,55.46,0.2,0.0,-0.0097,0.448,13.684,-36.87,0.871
8544.001,24.174,-0.0408,-0.0641,0.3574,55.35,0.2,0.0,-0.0086,0.448,13.684,-36.87,0.971
8544.101,24.274,-0.0407,-0.0641,0.3574,55.4,0.2,0.0,-0.0079,0.448,13.684,-36.87,1.071
8544.201,24.374,-0.0408,-0.0641,0.3574,55.49,0.21,0.0,-0.0009,0.448,13.684,-36.87,0.082
8544.301,24.475,-0.0408,-0.0641,0.3574,55.49,0.21,0.0,0.0003,0.448,13.684,-36.87,0.182
8544.401,24.575,-0.0408,-0.0641,0.3574,55.46,0.2,0.0,0.0011,0.448,13.684,-36.87,0.282
8544.501,24.675,-0.0408,-0.0641,0.3574,55.46,0.21,0.0,-0.0061,0.448,13.684,-36.87,0.382
8544.601,24.775,-0.0408,-0.0641,0.3575,55.45,0.2,0.0,-0.0061,0.448,13.684,-36.87,0.482
8544.701,24.875,-0.0408,-0.0641,0.3575,55.46,0.21,0.0,-0.011,0.448,13.684,-36.87,0.582
8544.801,24.975,-0.0408,-0.0641,0.3575,55.47,0.21,0.0,-0.011,0.448,13.684,-36.87,0.682
8544.901,25.077,-0.0408,-0.0641,0.3575,55.48,0.21,0.0,-0.0104,0.448,13.684,-36.87,0.782
8545.002,25.178,-0.0408,-0.0641,0.3575,55.48,0.21,0.0,-0.0104,0.448,13.684,-36.87,0.883
8545.107,25.317,-0.0408,-0.0641,0.3575,55.48,0.21,0.0,-0.01,0.448,13.684,-36.87,0.988
8545.207,25.48,-0.0408,-0.0641,0.3575,55.48,0.21,0.0,-0.011,0.448,13.684,-36.87,0.031
8545.305,25.579,-0.0409,-0.064,0.3575,55.5,0.21,0.0,-0.011,0.448,13.684,-36.87,0.129
8545.409,25.695,-0.0409,-0.064,0.3575,55.51,0.21,0.0,-0.0092,0.448,13.684,-36.87,0.233
8545.501,25.786,-0.0409,-0.064,0.3575,55.5,0.21,0.0,-0.0067,0.448,13.684,-36.87,0.325
8545.601,25.887,-0.0409,-0.064,0.3575,55.5,0.21,0.0,-0.0045,0.448,13.684,-36.87,0.425
8545.701,25.986,-0.0409,-0.0641,0.3575,55.49,0.21,0.0,-0.0076,0.448,13.684,-36.87,0.525
8545.801,26.09,-0.0409,-0.064,0.3575,55.5,0.21,0.0,-0.0081,0.448,13.684,-36.87,0.625
8545.901,26.19,-0.0409,-0.064,0.3575,55.51,0.21,0.0,-0.0074,0.448,13.684,-36.87,0.725
8546.001,26.29,-0.0409,-0.064,0.3575,55.51,0.21,0.0,-0.0108,0.448,13.684,-36.87,0.825
8546.101,26.39,-0.0409,-0.064,0.3575,55.51,0.21,0.0,-0.0108,0.448,13.684,-36.87,0.925
8546.206,26.517,-0.0409,-0.064,0.3575,55.5,0.21,0.0,-0.0128,0.448,13.684,-36.87,0.055
8546.303,26.631,-0.0409,-0.064,0.3575,55.5,0.21,0.0,-0.0093,0.448,13.684,-36.87,0.152
8546.405,26.742,-0.0409,-0.064,0.3575,55.53,0.21,0.0,-0.008,0.448,13.684,-36.87,0.254
8546.501,26.838,-0.0409,-0.064,0.3575,55.52,0.21,0.0,-0.0077,0.448,13.684,-36.87,0.35
8546.601,26.938,-0.0409,-0.064,0.3575,55.52,0.21,0.0,-0.0102,0.448,13.684,-36.87,0.45
8546.701,27.039,-0.0409,-0.0641,0.3575,55.5,0.21,0.0,-0.0109,0.448,13.684,-36.87,0.55
8546.801,27.138,-0.0409,-0.0641,0.3575,55.5,0.21,0.0,-0.0112,0.448,13.684,-36.87,0.65
8546.901,27.239,-0.0409,-0.0641,0.3575,55.5,0.21,0.0,-0.0112,0.448,13.684,-36.87,0.75
8547.001,27.339,-0.0409,-0.0641,0.3575,55.5,0.21,0.0,-0.0079,0.448,13.684,-36.87,0.85
8547.101,27.439,-0.0409,-0.064,0.3575,55.5,0.21,0.0,-0.0075,0.448,13.684,-36.87,0.95
8547.201,27.54,-0.0409,-0.064,0.3575,55.51,0.21,0.0,-0.0075,0.448,13.684,-36.87,0.039
8547.301,27.641,-0.0409,-0.064,0.3575,55.51,0.21,0.0,-0.0068,0.448,13.684,-36.87,0.139
8547.406,27.755,-0.0409,-0.0641,0.3575,55.48,0.2,0.0,-0.0032,0.448,13.684,-36.87,0.244
8547.506,27.881,-0.0409,-0.0641,0.3575,55.49,0.21,0.0,-0.0049,0.448,13.684,-36.87,0.344
8547.601,27.975,-0.0409,-0.064,0.3575,55.5,0.21,0.0,-0.0067,0.448,13.684,-36.87,0.439
8547.702,28.077,-0.0409,-0.064,0.3575,55.5,0.21,0.0,-0.0026,0.448,13.684,-36.87,0.54
8547.801,28.175,-0.0409,-0.064,0.3575,55.5,0.21,0.0,-0.0004,0.448,13.684,-36.87,0.639
8547.901,28.275,-0.0409,-0.064,0.3575,55.51,0.21,0.0,-0.0004,0.448,13.684,-36.87,0.739
8548.001,28.375,-0.0409,-0.064,0.3575,55.51,0.21,0.0,-0.0025,0.448,13.684,-36.87,0.839
8548.101,28.475,-0.0409,-0.064,0.3575,55.51,0.21,0.0,-0.0012,0.448,13.684,-36.87,0.939
8548.201,28.575,-0.0409,-0.064,0.3575,55.51,0.21,0.0,-0.002,0.448,13.684,-36.87,1.039
8548.301,28.675,-0.0409,-0.064,0.3575,55.5,0.21,0.0,-0.0036,0.448,13.684,-36.87,0.083
8548.401,28.776,-0.0409,-0.0641,0.3575,55.49,0.21,0.0,-0.002,0.448,13.684,-36.87,0.183
8548.507,28.89,-0.0409,-0.064,0.3575,55.51,0.21,0.0,-0.0046,0.448,13.684,-36.87,0.289
8548.601,28.984,-0.0409,-0.0641,0.3575,55.48,0.2,0.0,-0.004,0.448,13.684,-36.87,0.383
8548.701,29.083,-0.0409,-0.0641,0.3575,55.47,0.2,0.0,-0.0044,0.448,13.684,-36.87,0.483
8548.801,29.183,-0.0409,-0.0641,0.3575,55.45,0.2,0.0,0.0011,0.448,13.684,-36.87,0.583
8548.901,29.285,-0.0409,-0.0641,0.3575,55.46,0.2,0.0,0.0011,0.448,13.684,-36.87,0.683
8549.001,29.385,-0.0408,-0.0641,0.3575,55.45,0.2,0.0,-0.0008,0.448,13.684,-36.87,0.783
8549.101,29.486,-0.0409,-0.0641,0.3575,55.5,0.2,0.0,-0.0029,0.448,13.684,-36.87,0.883
8549.201,29.586,-0.0409,-0.064,0.3575,55.57,0.21,0.0,-0.0026,0.448,13.684,-36.87,0.983
8549.301,29.686,-0.0409,-0.0641,0.3575,55.51,0.21,0.0,-0.0026,0.448,13.684,-36.87,1.083
8549.401,29.788,-0.0409,-0.064,0.3575,55.53,0.21,0.0,0.0029,0.448,13.684,-36.87,0.09
8549.501,29.887,-0.0409,-0.064,0.3575,55.52,0.21,0.0,0.003,0.448,13.684,-36.87,0.19
8549.602,29.989,-0.0409,-0.064,0.3575,55.5,0.2,0.0,-0.0006,0.448,13.684,-36.87,0.291
8549.701,30.087,-0.041,-0.064,0.3574,55.62,0.21,0.0,0.0012,0.448,13.684,-36.87,0.39
8549.803,30.193,-0.041,-0.064,0.3574,55.52,0.2,0.0,-0.0061,0.448,13.684,-36.87,0.492
8549.901,30.287,-0.041,-0.064,0.3574,55.54,0.21,0.0,-0.0038,0.448,13.684,-36.87,0.59
8550.001,30.387,-0.041,-0.064,0.3574,55.51,0.2,0.0,-0.0044,0.448,13.684,-36.87,0.69
8550.101,30.487,-0.041,-0.064,0.3574,55.52,0.2,0.0,-0.0044,0.448,13.684,-36.87,0.79
8550.201,30.587,-0.041,-0.064,0.3574,55.5,0.2,0.0,-0.0004,0.448,13.684,-36.87,0.89
8550.301,30.687,-0.041,-0.064,0.3574,55.53,0.21,0.0,-0.0014,0.448,13.684,-36.87,0.99
8550.407,30.814,-0.041,-0.064,0.3574,55.55,0.2,0.0,-0.0025,0.448,13.684,-36.87,0.026
8550.507,30.98,-0.041,-0.064,0.3574,55.55,0.2,0.0,-0.0038,0.448,13.684,-36.87,0.126
8550.606,31.094,-0.041,-0.064,0.3574,55.56,0.2,0.0,-0.0037,0.448,13.684,-36.87,0.225
8550.701,31.189,-0.041,-0.064,0.3574,55.58,0.21,0.0,-0.0037,0.448,13.684,-36.87,0.32
8550.807,31.318,-0.0409,-0.0641,0.3574,55.58,0.21,0.0,-0.0089,0.448,13.684,-36.87,0.426
8550.901,31.412,-0.041,-0.064,0.3574,55.69,0.21,0.0,0.0053,0.448,13.684,-36.87,0.52
8551.001,31.512,-0.041,-0.064,0.3574,55.59,0.21,0.0,0.0053,0.448,13.684,-36.87,0.62
8551.101,31.613,-0.041,-0.064,0.3574,55.67,0.21,0.0,0.0063,0.448,13.684,-36.87,0.72
8551.201,31.713,-0.041,-0.064,0.3574,55.65,0.2,0.0,-0.0047,0.448,13.684,-36.87,0.82
8551.301,31.814,-0.0409,-0.0641,0.3574,55.45,0.2,0.0,-0.0026,0.448,13.684,-36.87,0.92
8551.401,31.916,-0.0408,-0.0642,0.3574,55.3,0.2,0.0,-0.0059,0.448,13.684,-36.87,0.088
8551.501,32.019,-0.0408,-0.0641,0.3574,55.36,0.2,0.0,-0.0087,0.448,13.684,-36.87,0.188
8551.601,32.119,-0.0409,-0.0641,0.3574,55.4,0.2,0.0,-0.0107,0.448,13.684,-36.87,0.288
8551.701,32.22,-0.0408,-0.0641,0.3574,55.38,0.2,0.0,-0.0152,0.448,13.684,-36.87,0.388
8551.807,32.352,-0.0409,-0.064,0.3574,55.56,0.21,0.0,-0.0108,0.448,13.684,-36.87,0.494
8551.907,32.569,-0.041,-0.064,0.3574,55.53,0.2,0.0,0.0021,0.448,13.684,-36.87,0.594
8552.001,32.681,-0.0409,-0.0641,0.3574,55.34,0.2,0.0,0.0,0.448,13.684,-36.87,0.688
8552.107,32.786,-0.0409,-0.0641,0.3574,55.33,0.2,0.0,-0.002,0.448,13.684,-36.87,0.794
8552.207,32.918,-0.0409,-0.0641,0.3574,55.37,0.2,0.0,-0.0072,0.448,13.684,-36.87,0.007
8552.301,33.012,-0.0409,-0.0641,0.3574,55.44,0.2,0.0,-0.0072,0.448,13.684,-36.87,0.101
8552.412,33.125,-0.041,-0.064,0.3574,55.57,0.21,0.0,0.0036,0.448,13.684,-36.87,0.212
8552.501,33.212,-0.0411,-0.064,0.3574,55.65,0.21,0.0,0.0074,0.448,13.684,-36.87,0.301
8552.601,33.312,-0.041,-0.064,0.3573,55.53,0.2,0.0,0.0075,0.448,13.684,-36.87,0.401
8552.701,33.414,-0.041,-0.064,0.3574,55.53,0.2,0.0,-0.0011,0.448,13.684,-36.87,0.501
8552.801,33.513,-0.0409,-0.064,0.3574,55.52,0.2,0.0,-0.0026,0.448,13.684,-36.87,0.601
8552.901,33.613,-0.0409,-0.0641,0.3574,55.47,0.2,0.0,-0.0058,0.448,13.684,-36.87,0.701
8553.001,33.714,-0.041,-0.064,0.3574,55.53,0.2,0.0,-0.007,0.448,13.684,-36.87,0.801
8553.101,33.814,-0.041,-0.064,0.3574,55.55,0.21,0.0,-0.0017,0.448,13.684,-36.87,0.901
8553.201,33.915,-0.041,-0.064,0.3574,55.54,0.2,0.0,-0.0021,0.448,13.684,-36.87,1.001
8553.301,34.017,-0.041,-0.064,0.3574,55.53,0.2,0.0,-0.0019,0.448,13.684,-36.87,0.031
8553.401,34.116,-0.041,-0.064,0.3574,55.52,0.2,0.0,-0.0055,0.448,13.684,-36.87,0.131
8553.501,34.218,-0.041,-0.064,0.3574,55.51,0.2,0.0,-0.0077,0.448,13.684,-36.87,0.231
8553.601,34.318,-0.041,-0.064,0.3574,55.52,0.2,0.0,-0.0104,0.448,13.684,-36.87,0.331
8553.701,34.418,-0.041,-0.064,0.3574,55.53,0.2,0.0,-0.0104,0.448,13.684,-36.87,0.431
8553.801,34.518,-0.041,-0.064,0.3574,55.51,0.2,0.0,-0.0109,0.448,13.684,-36.87,0.531
8553.901,34.62,-0.0409,-0.064,0.3574,55.5,0.2,0.0,-0.0109,0.448,13.684,-36.87,0.631
8554.001,34.72,-0.0409,-0.064,0.3574,55.49,0.2,0.0,-0.0075,0.448,13.684,-36.87,0.731
8554.101,34.82,-0.041,-0.064,0.3574,55.49,0.21,0.0,-0.0073,0.448,13.684,-36.87,0.831
8554.201,34.92,-0.041,-0.064,0.3574,55.54,0.21,0.0,-0.0073,0.448,13.684,-36.87,0.931
8554.301,35.021,-0.041,-0.064,0.3574,55.51,0.21,0.0,-0.0059,0.448,13.684,-36.87,1.031
8554.401,35.121,-0.041,-0.064,0.3574,55.5,0.21,0.0,-0.0066,0.448,13.684,-36.87,0.093
8554.506,35.25,-0.0409,-0.0641,0.3574,55.5,0.21,0.0,-0.0066,0.448,13.684,-36.87,0.198
8554.606,35.396,-0.0409,-0.0641,0.3574,55.41,0.2,0.0,-0.0102,0.448,13.684,-36.87,0.298
8554.701,35.518,-0.0409,-0.0641,0.3574,55.42,0.2,0.0,-0.0086,0.448,13.684,-36.87,0.393
8554.801,35.614,-0.0409,-0.0641,0.3574,55.44,0.2,0.0,-0.0086,0.448,13.684,-36.87,0.493
8554.901,35.713,-0.0409,-0.0641,0.3574,55.37,0.2,0.0,-0.014,0.448,13.684,-36.87,0.593
8555.001,35.813,-0.0409,-0.0641,0.3575,55.46,0.2,0.0,-0.0182,0.448,13.684,-36.87,0.693
8555.101,35.913,-0.0409,-0.0641,0.3575,55.44,0.2,0.0,-0.0203,0.448,13.684,-36.87,0.793
8555.201,36.013,-0.0409,-0.0641,0.3575,55.52,0.21,0.0,-0.0152,0.448,13.684,-36.87,0.893
8555.301,36.113,-0.041,-0.064,0.3575,55.55,0.21,0.0,-0.0076,0.448,13.684,-36.87,0.993
8555.401,36.214,-0.0409,-0.0641,0.3575,55.56,0.21,0.0,-0.0071,0.448,13.684,-36.87,0.1
8555.501,36.314,-0.0409,-0.0641,0.3575,55.46,0.2,0.0,-0.0082,0.448,13.684,-36.87,0.2
8555.601,36.415,-0.041,-0.0641,0.3574,55.53,0.21,0.0,-0.0161,0.448,13.684,-36.87,0.3
8555.701,36.514,-0.041,-0.0641,0.3574,55.5,0.2,0.0,-0.0061,0.448,13.684,-36.87,0.4
8555.807,36.634,-0.041,-0.0641,0.3574,55.52,0.2,0.0,-0.0077,0.448,13.684,-36.87,0.506
8555.906,36.807,-0.0409,-0.0641,0.3574,55.5,0.2,0.0,0.0024,0.448,13.684,-36.87,0.605
8556.007,36.955,-0.0409,-0.0641,0.3574,55.51,0.2,0.0,0.0059,0.448,13.684,-36.87,0.706
8556.106,37.062,-0.041,-0.0641,0.3574,55.65,0.21,0.0,-0.0017,0.448,13.684,-36.87,0.805
8556.201,37.159,-0.041,-0.064,0.3574,55.54,0.2,0.0,0.007,0.448,13.684,-36.87,0.9
8556.301,37.259,-0.041,-0.064,0.3574,55.68,0.21,0.0,-0.0216,0.448,13.684,-36.87,0.066
8556.401,37.361,-0.0408,-0.0642,0.3574,55.3,0.2,0.0,0.0184,0.448,13.684,-36.87,0.166
8556.501,37.461,-0.0408,-0.0642,0.3574,55.33,0.2,0.0,0.0053,0.448,13.684,-36.87,0.266
8556.601,37.562,-0.0408,-0.0642,0.3574,55.43,0.21,0.0,0.0034,0.448,13.684,-36.87,0.366
8556.701,37.663,-0.041,-0.0641,0.3575,55.5,0.21,0.0,0.0034,0.448,13.684,-36.87,0.466
8556.801,37.763,-0.0409,-0.0641,0.3575,55.3,0.2,0.0,-0.0152,0.448,13.684,-36.87,0.566
8556.901,37.865,-0.0408,-0.0642,0.3575,55.13,0.2,0.0,-0.0115,0.448,13.684,-36.87,0.666
8557.001,37.964,-0.0407,-0.0642,0.3576,55.05,0.21,0.0,-0.0135,0.448,13.684,-36.87,0.766
8557.101,38.064,-0.0407,-0.0642,0.3576,54.97,0.21,0.0,-0.0135,0.448,13.684,-36.87,0.866
8557.201,38.164,-0.0407,-0.0642,0.3576,54.92,0.21,0.0,-0.0064,0.449,13.684,-36.87,0.966
8557.301,38.264,-0.0408,-0.0641,0.3576,55.38,0.22,0.0,-0.0064,0.448,13.684,-36.87,1.066
8557.401,38.365,-0.0409,-0.064,0.3576,55.33,0.21,0.0,-0.0065,0.448,13.684,-36.87,0.089
8557.501,38.464,-0.0411,-0.0639,0.3576,55.75,0.22,0.0,-0.0068,0.448,13.684,-36.87,0.189
8557.601,38.564,-0.0411,-0.0639,0.3576,55.62,0.21,0.0,0.0061,0.448,13.684,-36.87,0.289
8557.701,38.664,-0.0409,-0.0641,0.3576,55.14,0.2,0.0,0.0044,0.449,13.684,-36.87,0.389
8557.801,38.765,-0.0408,-0.0642,0.3576,55.09,0.2,0.0,0.0044,0.448,13.684,-36.87,0.489
8557.907,38.898,-0.0408,-0.0642,0.3576,54.94,0.2,0.0,0.0035,0.449,13.684,-36.87,0.595
8558.006,39.026,-0.0407,-0.0642,0.3576,54.99,0.2,0.0,-0.0085,0.449,13.684,-36.87,0.694
8558.101,39.12,-0.0409,-0.0641,0.3576,55.55,0.22,0.0,-0.0104,0.448,13.684,-36.87,0.789
8558.201,39.22,-0.0412,-0.0639,0.3576,55.67,0.21,0.0,0.0109,0.448,13.684,-36.87,0.889
8558.301,39.32,-0.041,-0.064,0.3575,55.42,0.2,0.0,0.0239,0.448,13.684,-36.87,0.989
8558.401,39.42,-0.0409,-0.0641,0.3575,55.35,0.2,0.0,-0.0142,0.448,13.684,-36.87,0.088
8558.501,39.522,-0.0409,-0.0642,0.3576,55.16,0.2,0.0,-0.0142,0.448,13.684,-36.87,0.188
8558.601,39.622,-0.0409,-0.0642,0.3576,55.31,0.2,0.0,-0.0285,0.448,13.684,-36.87,0.288
8558.701,39.724,-0.041,-0.064,0.3576,55.65,0.21,0.0,-0.0247,0.448,13.684,-36.87,0.388
8558.801,39.825,-0.041,-0.064,0.3576,55.75,0.21,0.0,-0.0219,0.448,13.684,-36.87,0.488
8558.901,39.924,-0.0411,-0.064,0.3576,55.77,0.21,0.0,-0.0065,0.448,13.684,-36.87,0.588
8559.001,40.025,-0.041,-0.0641,0.3576,55.65,0.21,0.0,-0.0065,0.448,13.684,-36.87,0.688
8559.107,40.17,-0.041,-0.0641,0.3576,55.71,0.21,0.0,-0.0057,0.448,13.684,-36.87,0.794
8559.205,40.293,-0.041,-0.0641,0.3576,55.69,0.21,0.0,-0.0057,0.448,13.684,-36.87,0.892
8559.301,40.389,-0.041,-0.064,0.3575,55.68,0.21,0.0,-0.0085,0.448,13.684,-36.87,0.988
8559.401,40.489,-0.0409,-0.0641,0.3575,55.54,0.2,0.0,-0.0035,0.448,13.684,-36.87,0.074
8559.501,40.589,-0.041,-0.0641,0.3575,55.67,0.21,0.0,-0.0129,0.448,13.684,-36.87,0.174
8559.601,40.689,-0.041,-0.0641,0.3575,55.72,0.21,0.0,-0.003,0.448,13.684,-36.87,0.274
8559.701,40.789,-0.041,-0.064,0.3575,55.76,0.21,0.0,-0.0028,0.448,13.684,-36.87,0.374
8559.801,40.889,-0.041,-0.0641,0.3575,55.6,0.2,0.0,-0.014,0.449,13.684,-36.87,0.474
8559.901,40.989,-0.0409,-0.0641,0.3575,55.57,0.2,0.0,-0.0133,0.448,13.684,-36.87,0.574
8560.001,41.09,-0.0409,-0.0641,0.3575,55.55,0.2,0.0,-0.0147,0.448,13.684,-36.87,0.674
8560.101,41.19,-0.0409,-0.0641,0.3575,55.59,0.21,0.0,-0.0095,0.448,13.684,-36.87,0.774
8560.201,41.29,-0.0408,-0.0641,0.3575,55.51,0.21,0.0,-0.0045,0.448,13.684,-36.87,0.874
8560.301,41.39,-0.0409,-0.0641,0.3575,55.54,0.21,0.0,-0.0176,0.448,13.684,-36.87,0.974
8560.401,41.49,-0.0411,-0.064,0.3574,55.89,0.22,0.0,-0.024,0.448,13.684,-36.87,1.074
8560.501,41.59,-0.041,-0.0641,0.3574,55.44,0.2,0.0,-0.024,0.448,13.684,-36.87,0.084
8560.601,41.69,-0.0409,-0.0641,0.3574,55.45,0.2,0.0,-0.0223,0.448,13.684,-36.87,0.184
8560.701,41.79,-0.0409,-0.0641,0.3574,55.41,0.2,0.0,-0.0092,0.448,13.684,-36.87,0.284
8560.801,41.89,-0.0409,-0.0641,0.3574,55.5,0.2,0.0,-0.0145,0.448,13.684,-36.87,0.384
8560.901,41.991,-0.0409,-0.0641,0.3574,55.3,0.2,0.0,-0.0131,0.448,13.684,-36.87,0.484
8561.001,42.092,-0.041,-0.0641,0.3574,55.52,0.2,0.0,-0.0164,0.448,13.684,-36.87,0.584
8561.101,42.192,-0.041,-0.0641,0.3574,55.49,0.2,0.0,0.0114,0.448,13.684,-36.87,0.684
8561.201,42.291,-0.0409,-0.0641,0.3573,55.55,0.2,0.0,-0.0003,0.448,13.684,-36.87,0.784
8561.301,42.391,-0.0409,-0.0641,0.3573,55.45,0.2,0.0,-0.0041,0.448,13.684,-36.87,0.884
8561.401,42.493,-0.0409,-0.0641,0.3573,55.35,0.2,0.0,-0.0014,0.448,13.684,-36.87,0.984
8561.501,42.593,-0.0409,-0.0641,0.3573,55.48,0.2,0.0,-0.012,0.448,13.684,-36.87,1.084
8561.601,42.692,-0.041,-0.064,0.3573,55.62,0.21,0.0,0.0109,0.448,13.684,-36.87,0.087
8561.701,42.794,-0.041,-0.0641,0.3573,55.55,0.2,0.0,0.0125,0.448,13.684,-36.87,0.187
8561.801,42.894,-0.0409,-0.0641,0.3573,55.53,0.21,0.0,0.0002,0.448,13.684,-36.87,0.287
8561.901,42.995,-0.041,-0.064,0.3573,55.57,0.21,0.0,0.0002,0.448,13.684,-36.87,0.387
8562.001,43.095,-0.0409,-0.0641,0.3573,55.46,0.21,0.0,0.0017,0.448,13.684,-36.87,0.487
8562.107,43.233,-0.041,-0.064,0.3573,55.72,0.21,0.0,-0.0052,0.448,13.684,-36.87,0.593
8562.211,43.359,-0.0411,-0.064,0.3573,55.77,0.21,0.0,0.0007,0.448,13.684,-36.87,0.697
8562.307,43.456,-0.0411,-0.064,0.3573,55.85,0.21,0.0,0.0007,0.448,13.684,-36.87,0.793
8562.407,43.562,-0.0409,-0.0641,0.3574,55.42,0.2,0.0,0.0007,0.448,13.684,-36.87,0.893
8562.501,43.653,-0.0409,-0.0641,0.3574,55.68,0.21,0.0,0.0007,0.448,13.684,-36.87,0.987
8562.601,43.753,-0.041,-0.064,0.3574,55.72,0.21,0.0,0.014,0.448,13.684,-36.87,0.075
8562.701,43.853,-0.0409,-0.0641,0.3574,55.61,0.2,0.0,0.0067,0.448,13.684,-36.87,0.175
8562.801,43.953,-0.0409,-0.0641,0.3574,55.56,0.2,0.0,0.0091,0.448,13.684,-36.87,0.275
8562.901,44.054,-0.0409,-0.0642,0.3574,55.52,0.2,0.0,0.0034,0.448,13.684,-36.87,0.375
8563.001,44.153,-0.0409,-0.0641,0.3574,55.51,0.2,0.0,-0.0042,0.448,13.684,-36.87,0.475
8563.101,44.254,-0.0409,-0.0641,0.3574,55.54,0.2,0.0,-0.0037,0.448,13.684,-36.87,0.575
8563.201,44.353,-0.0409,-0.0641,0.3574,55.53,0.2,0.0,-0.0001,0.448,13.684,-36.87,0.675
8563.301,44.453,-0.041,-0.0641,0.3574,55.56,0.21,0.0,0.0012,0.448,13.684,-36.87,0.775
8563.401,44.555,-0.041,-0.0641,0.3574,55.54,0.21,0.0,0.0009,0.448,13.684,-36.87,0.875
8563.501,44.655,-0.041,-0.064,0.3574,55.56,0.21,0.0,0.0006,0.448,13.684,-36.87,0.975
8563.601,44.754,-0.0409,-0.0641,0.3574,55.51,0.2,0.0,0.0032,0.448,13.684,-36.87,1.075
8563.701,44.855,-0.0409,-0.0641,0.3574,55.51,0.2,0.0,0.0032,0.448,13.684,-36.87,0.075
8563.801,44.955,-0.0409,-0.0641,0.3574,55.51,0.2,0.0,-0.0014,0.448,13.684,-36.87,0.175
8563.901,45.056,-0.0409,-0.0641,0.3574,55.51,0.2,0.0,-0.0021,0.448,13.684,-36.87,0.275
8564.001,45.156,-0.0409,-0.0641,0.3574,55.51,0.2,0.0,-0.0039,0.448,13.684,-36.87,0.375
8564.101,45.257,-0.0409,-0.0641,0.3574,55.51,0.2,0.0,-0.0044,0.448,13.684,-36.87,0.475
8564.201,45.357,-0.0409,-0.0641,0.3574,55.51,0.2,0.0,-0.003,0.448,13.684,-36.87,0.575
8564.301,45.457,-0.0409,-0.0641,0.3574,55.51,0.2,0.0,-0.0036,0.448,13.684,-36.87,0.675
8564.401,45.557,-0.0409,-0.0641,0.3574,55.49,0.2,0.0,-0.0042,0.448,13.684,-36.87,0.775
8564.501,45.657,-0.0409,-0.0641,0.3574,55.49,0.2,0.0,-0.0052,0.448,13.684,-36.87,0.875
8564.601,45.757,-0.0409,-0.0641,0.3574,55.49,0.2,0.0,-0.0067,0.448,13.684,-36.87,0.975
8564.701,45.857,-0.0409,-0.0641,0.3574,55.51,0.2,0.0,-0.0076,0.448,13.684,-36.87,1.075
8564.801,45.957,-0.0409,-0.064,0.3574,55.53,0.2,0.0,-0.0102,0.448,13.684,-36.87,0.087
8564.901,46.057,-0.0409,-0.064,0.3574,55.51,0.2,0.0,-0.0087,0.448,13.684,-36.87,0.187
8565.001,46.157,-0.0409,-0.064,0.3574,55.52,0.2,0.0,-0.0027,0.448,13.684,-36.87,0.287
8565.101,46.259,-0.041,-0.064,0.3574,55.54,0.21,0.0,-0.0055,0.448,13.684,-36.87,0.387
8565.201,46.359,-0.0409,-0.064,0.3574,55.5,0.2,0.0,-0.0067,0.448,13.684,-36.87,0.487
8565.301,46.459,-0.0409,-0.064,0.3574,55.49,0.2,0.0,-0.0068,0.448,13.684,-36.87,0.587
8565.401,46.559,-0.0409,-0.064,0.3574,55.49,0.2,0.0,-0.0071,0.448,13.684,-36.87,0.687
8565.501,46.66,-0.0409,-0.064,0.3574,55.52,0.2,0.0,-0.0046,0.448,13.684,-36.87,0.787
8565.607,46.82,-0.041,-0.064,0.3574,55.55,0.21,0.0,-0.0043,0.448,13.684,-36.87,0.893
8565.707,46.971,-0.041,-0.064,0.3574,55.49,0.2,0.0,-0.0025,0.448,13.684,-36.87,0.007
8565.807,47.111,-0.0409,-0.0641,0.3574,55.49,0.2,0.0,-0.0123,0.448,13.684,-36.87,0.107
8565.907,47.232,-0.0409,-0.0641,0.3575,55.47,0.2,0.0,-0.0123,0.448,13.684,-36.87,0.207
8566.007,47.353,-0.0409,-0.0641,0.3575,55.49,0.2,0.0,-0.0131,0.448,13.684,-36.87,0.307
8566.101,47.45,-0.0409,-0.0641,0.3575,55.45,0.2,0.0,-0.0074,0.448,13.684,-36.87,0.401
8566.201,47.55,-0.0409,-0.0641,0.3575,55.5,0.2,0.0,-0.0011,0.448,13.684,-36.87,0.501
8566.301,47.65,-0.0409,-0.0641,0.3575,55.45,0.2,0.0,-0.001,0.448,13.684,-36.87,0.601
8566.401,47.75,-0.0409,-0.0641,0.3575,55.53,0.21,0.0,0.0013,0.448,13.684,-36.87,0.701
8566.501,47.85,-0.041,-0.064,0.3575,55.59,0.21,0.0,-0.0007,0.448,13.684,-36.87,0.801
8566.601,47.95,-0.041,-0.064,0.3575,55.59,0.21,0.0,-0.0007,0.448,13.684,-36.87,0.901
8566.701,48.05,-0.0409,-0.0641,0.3574,55.5,0.2,0.0,-0.0106,0.448,13.684,-36.87,0.02
8566.801,48.151,-0.0409,-0.0641,0.3574,55.5,0.2,0.0,-0.0084,0.448,13.684,-36.87,0.12
8566.901,48.251,-0.0409,-0.0641,0.3574,55.5,0.2,0.0,-0.0084,0.448,13.684,-36.87,0.22
8567.007,48.421,-0.0409,-0.0641,0.3574,55.51,0.2,0.0,-0.0009,0.448,13.684,-36.87,0.326
8567.107,48.565,-0.041,-0.0641,0.3574,55.58,0.2,0.0,0.0037,0.448,13.684,-36.87,0.426
8567.201,48.659,-0.041,-0.0641,0.3574,55.5,0.2,0.0,-0.0032,0.448,13.684,-36.87,0.52
8567.307,48.773,-0.0409,-0.0641,0.3574,55.33,0.2,0.0,-0.0005,0.448,13.684,-36.87,0.626
8567.401,48.866,-0.0409,-0.0641,0.3574,55.24,0.2,0.0,-0.0122,0.448,13.684,-36.87,0.72
8567.501,48.966,-0.0409,-0.0641,0.3574,55.45,0.2,0.0,-0.0176,0.449,13.684,-36.87,0.82
8567.601,49.066,-0.041,-0.0641,0.3574,55.32,0.2,0.0,0.0021,0.448,13.684,-36.87,0.92
8567.701,49.167,-0.041,-0.064,0.3574,55.51,0.21,0.0,0.0021,0.448,13.684,-36.87,0.046
8567.801,49.266,-0.0411,-0.0639,0.3574,55.59,0.21,0.0,-0.0066,0.448,13.684,-36.87,0.146
8567.901,49.366,-0.0411,-0.064,0.3574,55.56,0.21,0.0,-0.0017,0.448,13.684,-36.87,0.246
8568.001,49.468,-0.0409,-0.0641,0.3573,55.37,0.2,0.0,-0.0263,0.448,13.684,-36.87,0.346
8568.101,49.568,-0.0409,-0.0641,0.3574,55.45,0.2,0.0,-0.0174,0.448,13.684,-36.87,0.446
8568.201,49.668,-0.041,-0.064,0.3573,55.54,0.21,0.0,-0.0048,0.448,13.684,-36.87,0.546
8568.301,49.769,-0.0412,-0.0639,0.3573,55.95,0.22,0.0,-0.0045,0.448,13.684,-36.87,0.646
8568.401,49.869,-0.0412,-0.0639,0.3573,55.83,0.21,0.0,-0.0045,0.448,13.684,-36.87,0.746
8568.501,49.969,-0.0411,-0.0639,0.3572,55.89,0.21,0.0,-0.0018,0.448,13.684,-36.87,0.846
8568.601,50.069,-0.0411,-0.0639,0.3572,55.91,0.21,0.0,-0.0018,0.448,13.684,-36.87,0.946
8568.706,50.176,-0.041,-0.064,0.3572,55.71,0.2,0.0,0.0005,0.448,13.684,-36.87,1.051
8568.801,50.315,-0.041,-0.064,0.3572,55.73,0.2,0.0,-0.0037,0.448,13.684,-36.87,0.062
8568.905,50.414,-0.0408,-0.0641,0.3572,55.28,0.2,0.0,-0.0037,0.448,13.684,-36.87,0.166
8569.007,50.519,-0.0406,-0.0642,0.3572,55.14,0.2,0.0,-0.0291,0.448,13.684,-36.87,0.268
8569.101,50.612,-0.0407,-0.0642,0.3573,55.1,0.21,0.0,0.0034,0.449,13.684,-36.87,0.362
8569.201,50.715,-0.0408,-0.0641,0.3573,55.11,0.21,0.0,0.0112,0.449,13.684,-36.87,0.462
8569.301,50.814,-0.0406,-0.0642,0.3574,54.85,0.21,0.0,0.0333,0.449,13.684,-36.87,0.562
8569.401,50.914,-0.0405,-0.0642,0.3574,54.73,0.21,0.0,0.0188,0.449,13.684,-36.87,0.662
8569.501,51.015,-0.0405,-0.0642,0.3575,54.59,0.21,0.0,-0.0068,0.448,13.684,-36.87,0.762
8569.601,51.116,-0.0406,-0.0641,0.3575,54.71,0.21,0.0,-0.0185,0.448,13.684,-36.87,0.862
8569.701,51.216,-0.0408,-0.064,0.3575,55.15,0.22,0.0,-0.0153,0.448,13.684,-36.87,0.962
8569.801,51.318,-0.041,-0.0639,0.3575,55.22,0.22,0.0,-0.003,0.448,13.684,-36.87,0.03
8569.906,51.453,-0.0411,-0.0638,0.3575,55.39,0.21,0.0,-0.0008,0.448,13.684,-36.87,0.135
8570.007,51.592,-0.041,-0.0639,0.3575,55.25,0.21,0.0,-0.0092,0.448,13.684,-36.87,0.236
8570.101,51.685,-0.041,-0.0639,0.3574,55.4,0.21,0.0,-0.0109,0.448,13.684,-36.87,0.33
8570.201,51.786,-0.0409,-0.064,0.3574,55.43,0.21,0.0,-0.0083,0.448,13.684,-36.87,0.43
8570.301,51.885,-0.0411,-0.0639,0.3574,55.61,0.21,0.0,-0.0083,0.448,13.684,-36.87,0.53
8570.401,51.985,-0.0411,-0.0639,0.3574,55.74,0.21,0.0,0.0165,0.448,13.684,-36.87,0.63
8570.501,52.085,-0.0411,-0.0639,0.3574,55.63,0.21,0.0,0.0142,0.448,13.684,-36.87,0.73
8570.601,52.185,-0.041,-0.064,0.3574,55.47,0.2,0.0,0.0142,0.448,13.684,-36.87,0.83
8570.701,52.286,-0.0408,-0.0642,0.3574,55.28,0.2,0.0,0.0142,0.448,13.684,-36.87,0.93
8570.801,52.388,-0.0408,-0.0642,0.3574,55.29,0.2,0.0,-0.004,0.448,13.684,-36.87,1.03
8570.901,52.489,-0.0407,-0.0642,0.3574,55.35,0.2,0.0,-0.0031,0.448,13.684,-36.87,0.098
8571.001,52.589,-0.0409,-0.064,0.3574,55.48,0.21,0.0,-0.0031,0.448,13.684,-36.87,0.198
8571.107,52.702,-0.041,-0.064,0.3574,55.56,0.21,0.0,-0.0033,0.448,13.684,-36.87,0.304
8571.207,52.88,-0.0409,-0.0641,0.3574,55.38,0.2,0.0,0.0002,0.448,13.684,-36.87,0.404
8571.308,53.015,-0.041,-0.064,0.3574,55.63,0.21,0.0,0.0015,0.448,13.684,-36.87,0.505
8571.406,53.166,-0.0411,-0.064,0.3574,55.59,0.2,0.0,-0.0081,0.448,13.684,-36.87,0.603
8571.506,53.274,-0.041,-0.064,0.3574,55.63,0.21,0.0,-0.0111,0.448,13.684,-36.87,0.703
8571.601,53.368,-0.0411,-0.064,0.3574,55.54,0.2,0.0,-0.0111,0.448,13.684,-36.87,0.798
8571.701,53.468,-0.041,-0.0641,0.3574,55.45,0.2,0.0,-0.0082,0.448,13.684,-36.87,0.898
8571.801,53.568,-0.0409,-0.0641,0.3574,55.39,0.2,0.0,-0.0082,0.448,13.684,-36.87,0.087
8571.901,53.669,-0.041,-0.0641,0.3574,55.61,0.21,0.0,-0.0023,0.448,13.684,-36.87,0.187
8572.001,53.769,-0.041,-0.064,0.3574,55.6,0.21,0.0,-0.0049,0.448,13.684,-36.87,0.287
8572.101,53.869,-0.041,-0.064,0.3574,55.56,0.2,0.0,-0.0094,0.448,13.684,-36.87,0.387
8572.201,53.971,-0.041,-0.064,0.3574,55.61,0.22,0.0,-0.0084,0.448,13.684,-36.87,0.487
8572.301,54.072,-0.041,-0.064,0.3574,55.54,0.21,0.0,-0.0113,0.448,13.684,-36.87,0.587
8572.401,54.172,-0.041,-0.064,0.3574,55.54,0.21,0.0,-0.0035,0.448,13.684,-36.87,0.687
8572.501,54.273,-0.0409,-0.0642,0.3574,55.35,0.2,0.0,-0.0135,0.448,13.684,-36.87,0.787
8572.601,54.373,-0.0408,-0.0642,0.3574,55.29,0.2,0.0,-0.0135,0.448,13.684,-36.87,0.887
8572.701,54.473,-0.0408,-0.0642,0.3575,55.2,0.2,0.0,-0.0195,0.448,13.684,-36.87,0.987
8572.801,54.573,-0.0408,-0.0642,0.3575,55.42,0.21,0.0,-0.0166,0.448,13.684,-36.87,1.087
8572.901,54.673,-0.0411,-0.064,0.3574,55.71,0.22,0.0,-0.0181,0.448,13.684,-36.87,0.082
8573.001,54.781,-0.0413,-0.0639,0.3574,55.79,0.21,0.0,-0.008,0.448,13.684,-36.87,0.182
8573.101,54.88,-0.0411,-0.064,0.3574,55.65,0.21,0.0,0.0019,0.448,13.684,-36.87,0.282
8573.201,54.98,-0.0411,-0.064,0.3574,55.65,0.2,0.0,-0.0054,0.448,13.684,-36.87,0.382
8573.301,55.08,-0.0411,-0.064,0.3574,55.66,0.2,0.0,0.0019,0.448,13.684,-36.87,0.482
8573.401,55.181,-0.041,-0.0641,0.3574,55.6,0.2,0.0,-0.0052,0.448,13.684,-36.87,0.582
8573.507,55.307,-0.041,-0.0641,0.3574,55.56,0.2,0.0,-0.0079,0.448,13.684,-36.87,0.688
8573.607,55.422,-0.041,-0.064,0.3574,55.54,0.2,0.0,-0.0069,0.448,13.684,-36.87,0.788
8573.706,55.551,-0.041,-0.064,0.3574,55.54,0.2,0.0,-0.0052,0.448,13.684,-36.87,0.887
8573.801,55.648,-0.041,-0.0641,0.3574,55.53,0.2,0.0,-0.0054,0.448,13.684,-36.87,0.982
8573.901,55.748,-0.041,-0.0641,0.3574,55.52,0.2,0.0,-0.0049,0.448,13.684,-36.87,0.074
8574.001,55.848,-0.041,-0.0641,0.3574,55.52,0.2,0.0,-0.0053,0.448,13.684,-36.87,0.174
8574.101,55.948,-0.0409,-0.0641,0.3574,55.45,0.2,0.0,-0.0037,0.448,13.684,-36.87,0.274
8574.201,56.048,-0.041,-0.0641,0.3574,55.54,0.21,0.0,-0.0056,0.448,13.684,-36.87,0.374
8574.301,56.148,-0.041,-0.0641,0.3574,55.52,0.2,0.0,0.0024,0.448,13.684,-36.87,0.474
8574.401,56.249,-0.0409,-0.0641,0.3574,55.51,0.2,0.0,-0.005,0.448,13.684,-36.87,0.574
8574.501,56.349,-0.0409,-0.0641,0.3574,55.49,0.2,0.0,-0.0062,0.448,13.684,-36.87,0.674
8574.601,56.449,-0.0409,-0.0641,0.3574,55.48,0.2,0.0,-0.0117,0.448,13.684,-36.87,0.774
8574.701,56.549,-0.0409,-0.0641,0.3574,55.51,0.2,0.0,-0.0108,0.448,13.684,-36.87,0.874
8574.801,56.649,-0.0409,-0.0641,0.3574,55.52,0.2,0.0,-0.0086,0.448,13.684,-36.87,0.974
8574.907,56.831,-0.0409,-0.0641,0.3574,55.51,0.2,0.0,-0.0033,0.448,13.684,-36.87,0.007
8575.007,56.951,-0.0409,-0.0641,0.3574,55.52,0.21,0.0,-0.0012,0.448,13.684,-36.87,0.107
8575.104,57.055,-0.0409,-0.064,0.3574,55.53,0.21,0.0,-0.0026,0.448,13.684,-36.87,0.204
8575.201,57.151,-0.041,-0.064,0.3574,55.54,0.21,0.0,-0.0006,0.448,13.684,-36.87,0.301
8575.301,57.25,-0.0409,-0.0641,0.3574,55.48,0.2,0.0,-0.0053,0.448,13.684,-36.87,0.401
8575.401,57.35,-0.0409,-0.0641,0.3574,55.49,0.2,0.0,-0.0063,0.448,13.684,-36.87,0.501
8575.501,57.45,-0.0409,-0.064,0.3574,55.5,0.2,0.0,-0.0073,0.448,13.684,-36.87,0.601
8575.603,57.555,-0.0409,-0.064,0.3574,55.5,0.2,0.0,-0.0078,0.448,13.684,-36.87,0.703
8575.701,57.651,-0.0409,-0.064,0.3574,55.5,0.2,0.0,-0.0074,0.448,13.684,-36.87,0.801
8575.801,57.752,-0.0409,-0.064,0.3574,55.5,0.2,0.0,-0.0063,0.448,13.684,-36.87,0.901
8575.901,57.852,-0.0409,-0.064,0.3574,55.5,0.2,0.0,-0.0079,0.448,13.684,-36.87,0.026
8576.001,57.952,-0.0409,-0.064,0.3574,55.5,0.2,0.0,-0.007,0.448,13.684,-36.87,0.126
8576.101,58.053,-0.0409,-0.064,0.3574,55.5,0.2,0.0,-0.007,0.448,13.684,-36.87,0.226
8576.207,58.166,-0.0409,-0.064,0.3574,55.5,0.2,0.0,-0.0083,0.448,13.684,-36.87,0.332
8576.301,58.261,-0.0409,-0.064,0.3574,55.5,0.2,0.0,-0.0115,0.448,13.684,-36.87,0.426
8576.401,58.36,-0.0409,-0.064,0.3574,55.5,0.2,0.0,-0.0114,0.448,13.684,-36.87,0.526
8576.501,58.46,-0.0409,-0.064,0.3574,55.5,0.2,0.0,-0.0114,0.448,13.684,-36.87,0.626
8576.601,58.56,-0.0409,-0.064,0.3574,55.5,0.2,0.0,-0.0114,0.448,13.684,-36.87,0.726
8576.701,58.661,-0.0409,-0.064,0.3574,55.5,0.2,0.0,-0.0108,0.448,13.684,-36.87,0.826
8576.801,58.761,-0.0409,-0.064,0.3574,55.5,0.2,0.0,-0.0113,0.448,13.684,-36.87,0.926
8576.901,58.861,-0.0409,-0.064,0.3574,55.5,0.2,0.0,-0.013,0.448,13.684,-36.87,1.026
8577.001,58.961,-0.0409,-0.064,0.3574,55.5,0.2,0.0,-0.0112,0.448,13.684,-36.87,0.057
8577.101,59.061,-0.0409,-0.064,0.3574,55.5,0.2,0.0,-0.0108,0.448,13.684,-36.87,0.157
8577.201,59.162,-0.0409,-0.064,0.3574,55.5,0.2,0.0,-0.0082,0.448,13.684,-36.87,0.257
8577.301,59.262,-0.0409,-0.064,0.3574,55.5,0.2,0.0,-0.0059,0.448,13.684,-36.87,0.357
8577.401,59.362,-0.0409,-0.064,0.3574,55.5,0.2,0.0,-0.0046,0.448,13.684,-36.87,0.457
8577.506,59.512,-0.0409,-0.064,0.3574,55.5,0.2,0.0,-0.0033,0.448,13.684,-36.87,0.562
8577.606,59.636,-0.0409,-0.064,0.3574,55.5,0.2,0.0,-0.0058,0.448,13.684,-36.87,0.662
8577.701,59.73,-0.0409,-0.064,0.3574,55.5,0.2,0.0,-0.0058,0.448,13.684,-36.87,0.757
8577.806,59.839,-0.0409,-0.064,0.3574,55.5,0.2,0.0,-0.0069,0.448,13.684,-36.87,0.862
8577.901,59.933,-0.0409,-0.064,0.3574,55.5,0.2,0.0,-0.0069,0.448,13.684,-36.87,0.957
8578.001,60.033,-0.0409,-0.064,0.3574,55.5,0.2,0.0,-0.0098,0.448,13.684,-36.87,0.022
8578.101,60.135,-0.0409,-0.064,0.3574,55.5,0.2,0.0,-0.0102,0.448,13.684,-36.87,0.122
8578.201,60.237,-0.0409,-0.064,0.3574,55.5,0.2,0.0,-0.0102,0.448,13.684,-36.87,0.222
8578.301,60.339,-0.0409,-0.064,0.3574,55.5,0.2,0.0,-0.0078,0.448,13.684,-36.87,0.322
8578.401,60.439,-0.0409,-0.064,0.3574,55.5,0.2,0.0,-0.0072,0.448,13.684,-36.87,0.422
8578.507,60.546,-0.0409,-0.064,0.3574,55.5,0.2,0.0,-0.006,0.448,13.684,-36.87,0.528
8578.607,60.676,-0.0409,-0.064,0.3574,55.5,0.2,0.0,-0.006,0.448,13.684,-36.87,0.628
8578.704,60.773,-0.0409,-0.064,0.3574,55.5,0.2,0.0,-0.006,0.448,13.684,-36.87,0.725
8578.801,60.871,-0.0409,-0.064,0.3574,55.5,0.2,0.0,-0.0067,0.448,13.684,-36.87,0.822
8578.901,60.971,-0.0409,-0.064,0.3574,55.5,0.2,0.0,-0.0067,0.448,13.684,-36.87,0.922
8579.001,61.071,-0.0409,-0.064,0.3574,55.5,0.2,0.0,-0.0061,0.448,13.684,-36.87,1.022
8579.101,61.171,-0.0409,-0.064,0.3574,55.5,0.2,0.0,-0.0055,0.448,13.684,-36.87,0.094
8579.201,61.273,-0.0409,-0.064,0.3574,55.5,0.2,0.0,-0.004,0.448,13.684,-36.87,0.194
8579.301,61.373,-0.0409,-0.064,0.3574,55.5,0.2,0.0,-0.0029,0.448,13.684,-36.87,0.294
8579.401,61.473,-0.0409,-0.064,0.3574,55.5,0.2,0.0,-0.0041,0.448,13.684,-36.87,0.394
8579.501,61.573,-0.0409,-0.064,0.3574,55.5,0.2,0.0,-0.0056,0.448,13.684,-36.87,0.494
8579.601,61.673,-0.0409,-0.064,0.3574,55.5,0.2,0.0,-0.0059,0.448,13.684,-36.87,0.594
8579.701,61.773,-0.0409,-0.064,0.3574,55.5,0.2,0.0,-0.006,0.448,13.684,-36.87,0.694
8579.801,61.873,-0.0409,-0.064,0.3574,55.5,0.2,0.0,-0.0077,0.448,13.684,-36.87,0.794
8579.901,61.973,-0.0409,-0.064,0.3574,55.5,0.2,0.0,-0.0049,0.448,13.684,-36.87,0.894
8580.001,62.075,-0.0409,-0.064,0.3574,55.5,0.2,0.0,-0.007,0.448,13.684,-36.87,0.994
8580.101,62.174,-0.0409,-0.064,0.3574,55.5,0.2,0.0,-0.0042,0.448,13.684,-36.87,0.048
8580.201,62.277,-0.0409,-0.064,0.3574,55.5,0.2,0.0,-0.0027,0.448,13.684,-36.87,0.148
8580.301,62.377,-0.0409,-0.064,0.3574,55.5,0.2,0.0,-0.001,0.448,13.684,-36.87,0.248
8580.401,62.477,-0.0409,-0.064,0.3574,55.5,0.2,0.0,-0.0022,0.448,13.684,-36.87,0.348
8580.501,62.577,-0.0409,-0.064,0.3574,55.5,0.2,0.0,-0.0014,0.448,13.684,-36.87,0.448
8580.605,62.683,-0.0409,-0.064,0.3574,55.5,0.2,0.0,-0.0041,0.448,13.684,-36.87,0.552
8580.706,62.847,-0.0409,-0.064,0.3574,55.5,0.2,0.0,-0.0027,0.448,13.684,-36.87,0.653
8580.801,62.941,-0.0409,-0.064,0.3574,55.51,0.2,0.0,-0.0051,0.448,13.684,-36.87,0.748
8580.906,63.078,-0.0409,-0.064,0.3574,55.5,0.2,0.0,-0.0051,0.448,13.684,-36.87,0.853
8581.001,63.175,-0.0409,-0.064,0.3574,55.5,0.2,0.0,-0.0021,0.448,13.684,-36.87,0.948
8581.101,63.275,-0.0409,-0.064,0.3574,55.5,0.2,0.0,0.0,0.448,13.684,-36.87,0.071
8581.201,63.375,-0.0409,-0.064,0.3574,55.5,0.2,0.0,0.0,0.448,13.684,-36.87,0.171
8581.301,63.475,-0.0409,-0.064,0.3574,55.5,0.2,0.0,-0.0054,0.448,13.684,-36.87,0.271
8581.401,63.576,-0.0409,-0.064,0.3574,55.5,0.2,0.0,-0.0055,0.448,13.684,-36.87,0.371
8581.501,63.676,-0.0409,-0.064,0.3574,55.5,0.2,0.0,-0.0055,0.448,13.684,-36.87,0.471
8581.601,63.776,-0.0409,-0.064,0.3574,55.5,0.2,0.0,-0.0089,0.448,13.684,-36.87,0.571
8581.701,63.876,-0.0409,-0.064,0.3574,55.5,0.2,0.0,-0.0082,0.448,13.684,-36.87,0.671
8581.801,63.978,-0.0409,-0.064,0.3574,55.5,0.2,0.0,-0.008,0.448,13.684,-36.87,0.771
8581.901,64.077,-0.0409,-0.064,0.3574,55.5,0.2,0.0,-0.0088,0.448,13.684,-36.87,0.871
8582.001,64.177,-0.0409,-0.064,0.3574,55.5,0.2,0.0,-0.0073,0.448,13.684,-36.87,0.971
8582.101,64.278,-0.0409,-0.064,0.3574,55.5,0.2,0.0,-0.0084,0.448,13.684,-36.87,1.071
8582.206,64.4,-0.0409,-0.064,0.3574,55.5,0.2,0.0,-0.0084,0.448,13.684,-36.87,0.082
8582.306,64.574,-0.0409,-0.064,0.3574,55.5,0.2,0.0,-0.0106,0.448,13.684,-36.87,0.182
8582.401,64.668,-0.0409,-0.064,0.3574,55.5,0.2,0.0,-0.0067,0.448,13.684,-36.87,0.277
8582.501,64.768,-0.0409,-0.064,0.3574,55.5,0.2,0.0,-0.0069,0.448,13.684,-36.87,0.377
8582.601,64.87,-0.0409,-0.064,0.3574,55.5,0.2,0.0,-0.0048,0.448,13.684,-36.87,0.477
8582.701,64.97,-0.0409,-0.064,0.3574,55.5,0.2,0.0,-0.0049,0.448,13.684,-36.87,0.577
8582.801,65.071,-0.0409,-0.064,0.3574,55.5,0.2,0.0,-0.0049,0.448,13.684,-36.87,0.677
8582.901,65.17,-0.0409,-0.064,0.3574,55.5,0.2,0.0,-0.0043,0.448,13.684,-36.87,0.777
8583.001,65.27,-0.0409,-0.064,0.3574,55.5,0.2,0.0,-0.005,0.448,13.684,-36.87,0.877
8583.101,65.37,-0.0409,-0.064,0.3574,55.5,0.2,0.0,-0.005,0.448,13.684,-36.87,0.977
8583.201,65.47,-0.0409,-0.064,0.3574,55.5,0.2,0.0,-0.0077,0.448,13.684,-36.87,0.073
8583.301,65.571,-0.0409,-0.064,0.3574,55.5,0.2,0.0,-0.0096,0.448,13.684,-36.87,0.173
8583.401,65.671,-0.0409,-0.064,0.3574,55.5,0.2,0.0,-0.0109,0.448,13.684,-36.87,0.273
8583.501,65.771,-0.0409,-0.064,0.3574,55.5,0.2,0.0,-0.0109,0.448,13.684,-36.87,0.373
8583.601,65.871,-0.0409,-0.064,0.3574,55.5,0.2,0.0,-0.0109,0.448,13.684,-36.87,0.473
8583.701,65.971,-0.0409,-0.064,0.3574,55.5,0.2,0.0,-0.0086,0.448,13.684,-36.87,0.573
8583.807,66.087,-0.0409,-0.064,0.3574,55.5,0.2,0.0,-0.0045,0.448,13.684,-36.87,0.679
8583.901,66.18,-0.0409,-0.064,0.3574,55.5,0.2,0.0,-0.0047,0.448,13.684,-36.87,0.773
8584.001,66.28,-0.0409,-0.064,0.3574,55.5,0.2,0.0,-0.0034,0.448,13.684,-36.87,0.873
8584.101,66.381,-0.0409,-0.064,0.3574,55.5,0.2,0.0,-0.0044,0.448,13.684,-36.87,0.973
8584.201,66.481,-0.0409,-0.064,0.3574,55.5,0.2,0.0,-0.0041,0.448,13.684,-36.87,1.073
8584.301,66.581,-0.0409,-0.064,0.3574,55.5,0.2,0.0,-0.0041,0.448,13.684,-36.87,0.09
8584.401,66.681,-0.0409,-0.064,0.3574,55.5,0.2,0.0,-0.0059,0.448,13.684,-36.87,0.19
8584.501,66.781,-0.0409,-0.064,0.3574,55.5,0.2,0.0,-0.0056,0.448,13.684,-36.87,0.29
8584.601,66.88,-0.0409,-0.064,0.3574,55.5,0.2,0.0,-0.0032,0.448,13.684,-36.87,0.39
8584.701,66.98,-0.0409,-0.064,0.3574,55.5,0.2,0.0,-0.0045,0.448,13.684,-36.87,0.49
8584.806,67.126,-0.0409,-0.064,0.3574,55.5,0.2,0.0,-0.0045,0.448,13.684,-36.87,0.595
8584.907,67.273,-0.0409,-0.064,0.3574,55.5,0.2,0.0,-0.0046,0.448,13.684,-36.87,0.696
8585.007,67.383,-0.0409,-0.064,0.3574,55.5,0.2,0.0,-0.0059,0.448,13.684,-36.87,0.796
8585.109,67.5,-0.0409,-0.064,0.3574,55.5,0.2,0.0,-0.0068,0.448,13.684,-36.87,0.898
8585.201,67.594,-0.0409,-0.064,0.3574,55.5,0.2,0.0,-0.0069,0.448,13.684,-36.87,0.028
8585.301,67.694,-0.0409,-0.064,0.3574,55.5,0.2,0.0,-0.007,0.448,13.684,-36.87,0.128
8585.401,67.794,-0.0409,-0.064,0.3574,55.5,0.2,0.0,-0.0055,0.448,13.684,-36.87,0.228
8585.501,67.894,-0.0409,-0.064,0.3574,55.5,0.2,0.0,-0.0069,0.448,13.684,-36.87,0.328
8585.601,67.994,-0.0409,-0.064,0.3574,55.5,0.2,0.0,-0.0069,0.448,13.684,-36.87,0.428
8585.701,68.094,-0.0409,-0.064,0.3574,55.5,0.2,0.0,-0.0073,0.448,13.684,-36.87,0.528
8585.801,68.194,-0.0409,-0.064,0.3574,55.5,0.2,0.0,-0.0083,0.448,13.684,-36.87,0.628
8585.901,68.294,-0.0409,-0.064,0.3574,55.51,0.2,0.0,-0.0075,0.448,13.684,-36.87,0.728
8586.001,68.394,-0.0409,-0.064,0.3574,55.51,0.2,0.0,-0.0075,0.448,13.684,-36.87,0.828
8586.101,68.494,-0.0409,-0.064,0.3574,55.51,0.2,0.0,-0.0075,0.448,13.684,-36.87,0.928
8586.201,68.594,-0.0409,-0.064,0.3574,55.51,0.2,0.0,-0.0075,0.448,13.684,-36.87,1.028
8586.301,68.694,-0.0409,-0.064,0.3574,55.5,0.2,0.0,-0.0054,0.448,13.684,-36.87,0.056
8586.401,68.794,-0.0409,-0.064,0.3574,55.5,0.2,0.0,-0.006,0.448,13.684,-36.87,0.156
8586.501,68.896,-0.0409,-0.064,0.3574,55.5,0.2,0.0,-0.0073,0.448,13.684,-36.87,0.256
8586.601,68.996,-0.0409,-0.064,0.3574,55.5,0.2,0.0,-0.0094,0.448,13.684,-36.87,0.356
8586.701,69.096,-0.0409,-0.064,0.3574,55.5,0.2,0.0,-0.0105,0.448,13.684,-36.87,0.456
8586.806,69.389,-0.0409,-0.064,0.3574,55.5,0.2,0.0,-0.0062,0.448,13.684,-36.87,0.561
8586.907,69.497,-0.0409,-0.064,0.3574,55.5,0.2,0.0,-0.0062,0.448,13.684,-36.87,0.662
8587.001,69.595,-0.0409,-0.064,0.3574,55.5,0.2,0.0,-0.0084,0.448,13.684,-36.87,0.756
8587.102,69.697,-0.0409,-0.064,0.3574,55.5,0.2,0.0,-0.008,0.448,13.684,-36.87,0.857
8587.201,69.796,-0.0409,-0.064,0.3574,55.5,0.2,0.0,-0.0088,0.448,13.684,-36.87,0.067
8587.301,69.896,-0.0409,-0.064,0.3574,55.5,0.2,0.0,-0.0072,0.448,13.684,-36.87,0.167
8587.401,69.996,-0.0409,-0.064,0.3574,55.5,0.2,0.0,-0.0089,0.448,13.684,-36.87,0.267
8587.501,70.096,-0.0409,-0.064,0.3574,55.5,0.2,0.0,-0.0087,0.448,13.684,-36.87,0.367
8587.601,70.197,-0.0409,-0.064,0.3574,55.5,0.2,0.0,-0.0071,0.448,13.684,-36.87,0.467
8587.701,70.299,-0.0409,-0.064,0.3574,55.5,0.2,0.0,-0.0068,0.448,13.684,-36.87,0.567
8587.801,70.399,-0.0409,-0.064,0.3574,55.5,0.2,0.0,-0.007,0.448,13.684,-36.87,0.667
8587.901,70.501,-0.0409,-0.064,0.3574,55.5,0.2,0.0,-0.0082,0.448,13.684,-36.87,0.767
8588.001,70.601,-0.0409,-0.064,0.3574,55.5,0.2,0.0,-0.0103,0.448,13.684,-36.87,0.867
8588.101,70.701,-0.0409,-0.064,0.3574,55.5,0.2,0.0,-0.0091,0.448,13.684,-36.87,0.967
8588.206,70.836,-0.0409,-0.064,0.3574,55.5,0.2,0.0,-0.0065,0.448,13.684,-36.87,0.006
8588.307,71.004,-0.0409,-0.064,0.3574,55.5,0.2,0.0,-0.0067,0.448,13.684,-36.87,0.107
8588.401,71.108,-0.0409,-0.064,0.3574,55.5,0.2,0.0,-0.0059,0.448,13.684,-36.87,0.201
8588.501,71.205,-0.0409,-0.064,0.3574,55.5,0.2,0.0,-0.0057,0.448,13.684,-36.87,0.301
8588.601,71.307,-0.0409,-0.064,0.3574,55.5,0.2,0.0,-0.0065,0.448,13.684,-36.87,0.401
8588.701,71.408,-0.0409,-0.064,0.3574,55.5,0.2,0.0,-0.0076,0.448,13.684,-36.87,0.501
8588.801,71.507,-0.0409,-0.064,0.3574,55.5,0.2,0.0,-0.0079,0.448,13.684,-36.87,0.601
8588.901,71.609,-0.0409,-0.064,0.3574,55.5,0.2,0.0,-0.0057,0.448,13.684,-36.87,0.701
8589.001,71.708,-0.0409,-0.064,0.3574,55.5,0.2,0.0,-0.0061,0.448,13.684,-36.87,0.801
8589.101,71.809,-0.0409,-0.064,0.3574,55.5,0.2,0.0,-0.007,0.448,13.684,-36.87,0.901
8589.201,71.909,-0.0409,-0.064,0.3574,55.5,0.2,0.0,-0.0068,0.448,13.684,-36.87,1.001
8589.301,72.008,-0.0409,-0.064,0.3574,55.5,0.2,0.0,-0.0075,0.448,13.684,-36.87,0.094
8589.401,72.11,-0.0409,-0.064,0.3574,55.5,0.2,0.0,-0.0087,0.448,13.684,-36.87,0.194
8589.501,72.21,-0.0409,-0.064,0.3574,55.5,0.2,0.0,-0.009,0.448,13.684,-36.87,0.294
8589.603,72.335,-0.0409,-0.064,0.3574,55.5,0.2,0.0,-0.0126,0.448,13.684,-36.87,0.396
8589.705,72.434,-0.0409,-0.064,0.3574,55.5,0.2,0.0,-0.0097,0.448,13.684,-36.87,0.498
8589.801,72.529,-0.0409,-0.064,0.3574,55.5,0.2,0.0,-0.0063,0.448,13.684,-36.87,0.594
8589.901,72.63,-0.0409,-0.064,0.3574,55.5,0.2,0.0,-0.0059,0.448,13.684,-36.87,0.694
8590.001,72.729,-0.0409,-0.064,0.3574,55.5,0.2,0.0,-0.0059,0.448,13.684,-36.87,0.794
8590.101,72.83,-0.0409,-0.064,0.3574,55.5,0.2,0.0,-0.0051,0.448,13.684,-36.87,0.894
8590.201,72.929,-0.0409,-0.064,0.3574,55.5,0.2,0.0,-0.0062,0.448,13.684,-36.87,0.994
8590.301,73.029,-0.0409,-0.064,0.3574,55.5,0.2,0.0,-0.0069,0.448,13.684,-36.87,0.031
8590.401,73.13,-0.0409,-0.064,0.3574,55.5,0.2,0.0,-0.0057,0.448,13.684,-36.87,0.131
8590.501,73.229,-0.0409,-0.064,0.3574,55.5,0.2,0.0,-0.007,0.448,13.684,-36.87,0.231
8590.601,73.33,-0.0409,-0.064,0.3574,55.5,0.2,0.0,-0.0063,0.448,13.684,-36.87,0.331
8590.701,73.431,-0.0409,-0.064,0.3574,55.5,0.2,0.0,-0.0064,0.448,13.684,-36.87,0.431
8590.801,73.531,-0.0409,-0.064,0.3574,55.5,0.2,0.0,-0.0066,0.448,13.684,-36.87,0.531
8590.901,73.631,-0.0409,-0.064,0.3574,55.5,0.2,0.0,-0.0078,0.448,13.684,-36.87,0.631
8591.001,73.731,-0.0409,-0.064,0.3574,55.5,0.2,0.0,-0.0079,0.448,13.684,-36.87,0.731
8591.101,73.832,-0.0409,-0.064,0.3574,55.5,0.2,0.0,-0.0067,0.448,13.684,-36.87,0.831
8591.201,73.931,-0.0409,-0.064,0.3574,55.5,0.2,0.0,-0.0067,0.448,13.684,-36.87,0.931
8591.301,74.032,-0.0409,-0.064,0.3574,55.5,0.2,0.0,0.0003,0.448,13.684,-36.87,1.031
8591.401,74.132,-0.0409,-0.064,0.3574,55.5,0.2,0.0,0.0003,0.448,13.684,-36.87,0.038
8591.501,74.233,-0.0409,-0.064,0.3574,55.5,0.2,0.0,0.0002,0.448,13.684,-36.87,0.138
8591.601,74.333,-0.0409,-0.064,0.3574,55.5,0.2,0.0,-0.0043,0.448,13.684,-36.87,0.238
8591.701,74.433,-0.0409,-0.064,0.3574,55.52,0.21,0.0,-0.0023,0.448,13.684,-36.87,0.338
8591.801,74.533,-0.041,-0.064,0.3574,55.55,0.21,0.0,-0.0023,0.448,13.684,-36.87,0.438
8591.901,74.633,-0.041,-0.064,0.3574,55.54,0.21,0.0,-0.0072,0.448,13.684,-36.87,0.538
8592.001,74.733,-0.041,-0.064,0.3574,55.54,0.21,0.0,-0.0072,0.448,13.684,-36.87,0.638
8592.101,74.833,-0.041,-0.064,0.3574,55.53,0.2,0.0,-0.0094,0.448,13.684,-36.87,0.738
8592.201,74.933,-0.041,-0.064,0.3574,55.52,0.2,0.0,-0.0094,0.448,13.684,-36.87,0.838
8592.301,75.033,-0.041,-0.064,0.3574,55.51,0.2,0.0,-0.0065,0.448,13.684,-36.87,0.938
8592.401,75.133,-0.041,-0.064,0.3574,55.52,0.2,0.0,-0.0071,0.448,13.684,-36.87,1.038
8592.501,75.235,-0.041,-0.064,0.3574,55.51,0.2,0.0,-0.0071,0.448,13.684,-36.87,0.069
8592.601,75.335,-0.0409,-0.064,0.3574,55.51,0.2,0.0,-0.0093,0.448,13.684,-36.87,0.169
8592.701,75.435,-0.0409,-0.064,0.3574,55.51,0.2,0.0,-0.0093,0.448,13.684,-36.87,0.269
8592.801,75.535,-0.0409,-0.064,0.3574,55.51,0.2,0.0,-0.0097,0.448,13.684,-36.87,0.369
8592.901,75.635,-0.0409,-0.064,0.3574,55.51,0.2,0.0,-0.0101,0.448,13.684,-36.87,0.469
8593.007,75.749,-0.0409,-0.064,0.3574,55.51,0.2,0.0,-0.0077,0.448,13.684,-36.87,0.575
8593.106,75.848,-0.0409,-0.064,0.3574,55.51,0.2,0.0,-0.0067,0.448,13.684,-36.87,0.674
8593.201,75.944,-0.0409,-0.064,0.3574,55.51,0.2,0.0,-0.0067,0.448,13.684,-36.87,0.769
8593.301,76.044,-0.0409,-0.064,0.3574,55.51,0.2,0.0,-0.0101,0.448,13.684,-36.87,0.869
8593.401,76.145,-0.0409,-0.064,0.3574,55.51,0.2,0.0,-0.0102,0.448,13.684,-36.87,0.969
8593.501,76.245,-0.0409,-0.064,0.3574,55.51,0.2,0.0,-0.0119,0.448,13.684,-36.87,1.069
8593.601,76.345,-0.0409,-0.064,0.3574,55.51,0.2,0.0,-0.0103,0.448,13.684,-36.87,0.076
8593.701,76.445,-0.0409,-0.064,0.3574,55.51,0.2,0.0,-0.0115,0.448,13.684,-36.87,0.176
8593.801,76.545,-0.0409,-0.064,0.3574,55.51,0.2,0.0,-0.0114,0.448,13.684,-36.87,0.276
8593.901,76.645,-0.0409,-0.064,0.3574,55.51,0.2,0.0,-0.0108,0.448,13.684,-36.87,0.376
8594.001,76.745,-0.0409,-0.064,0.3574,55.51,0.2,0.0,-0.0109,0.448,13.684,-36.87,0.476
8594.101,76.845,-0.0409,-0.064,0.3574,55.51,0.2,0.0,-0.0089,0.448,13.684,-36.87,0.576
8594.201,76.945,-0.0409,-0.064,0.3574,55.51,0.2,0.0,-0.0089,0.448,13.684,-36.87,0.676
8594.301,77.049,-0.0409,-0.064,0.3574,55.51,0.2,0.0,-0.0083,0.448,13.684,-36.87,0.776
8594.401,77.149,-0.0409,-0.064,0.3574,55.51,0.2,0.0,-0.0096,0.448,13.684,-36.87,0.876
8594.501,77.249,-0.0409,-0.064,0.3574,55.51,0.2,0.0,-0.0087,0.448,13.684,-36.87,0.976
8594.601,77.348,-0.0409,-0.064,0.3574,55.51,0.2,0.0,-0.0073,0.448,13.684,-36.87,1.076
8594.701,77.449,-0.0409,-0.064,0.3574,55.51,0.2,0.0,-0.0069,0.448,13.684,-36.87,0.093
8594.801,77.548,-0.0409,-0.064,0.3574,55.51,0.2,0.0,-0.0049,0.448,nan,nan,nan
8594.901,77.649,-0.0409,-0.064,0.3574,55.51,0.2,0.0,-0.0066,0.448,nan,nan,nan
8595.001,77.749,-0.0409,-0.064,0.3574,55.51,0.2,0.0,-0.0067,0.448,nan,nan,nan
8595.101,77.848,-0.0409,-0.064,0.3574,55.51,0.2,0.0,-0.0083,0.448,nan,nan,nan
8595.201,77.949,-0.0409,-0.064,0.3574,55.51,0.2,0.0,-0.0083,0.448,nan,nan,nan
8595.301,78.049,-0.0409,-0.064,0.3574,55.51,0.2,0.0,-0.0073,0.448,nan,nan,nan
8595.401,78.149,-0.0409,-0.064,0.3574,55.51,0.2,0.0,-0.0063,0.448,nan,nan,nan
8595.501,78.248,-0.0409,-0.064,0.3574,55.51,0.2,0.0,-0.0069,0.448,nan,nan,nan
8595.601,78.348,-0.0409,-0.064,0.3574,55.51,0.2,0.0,-0.0072,0.448,nan,nan,nan
8595.701,78.448,-0.0409,-0.064,0.3574,55.51,0.2,0.0,-0.0099,0.448,5.733,-144.89,0.026
8595.806,78.614,-0.0409,-0.064,0.3574,55.51,0.2,0.0,-0.0069,0.448,5.733,-144.89,0.131
8595.906,78.835,-0.0409,-0.064,0.3574,55.51,0.2,0.0,-0.012,0.448,5.733,-144.89,0.231
8596.006,78.955,-0.0409,-0.064,0.3574,55.51,0.2,0.0,-0.0128,0.448,5.733,-144.89,0.331
8596.101,79.05,-0.0409,-0.064,0.3574,55.51,0.2,0.0,-0.01,0.448,5.733,-144.89,0.426
8596.201,79.15,-0.0409,-0.064,0.3574,55.51,0.2,0.0,-0.0135,0.448,5.733,-144.89,0.526
8596.301,79.251,-0.0409,-0.064,0.3574,55.51,0.2,0.0,-0.0124,0.448,5.733,-144.89,0.626
8596.401,79.352,-0.0409,-0.064,0.3574,55.51,0.2,0.0,-0.0179,0.448,5.733,-144.89,0.726
8596.501,79.453,-0.0409,-0.064,0.3574,55.51,0.2,0.0,-0.016,0.448,5.733,-144.89,0.826
8596.601,79.553,-0.0409,-0.064,0.3574,55.51,0.2,0.0,-0.0191,0.448,5.733,-144.89,0.061
8596.701,79.655,-0.0409,-0.064,0.3574,55.51,0.2,0.0,-0.0202,0.448,5.733,-144.89,0.161
8596.801,79.755,-0.0409,-0.064,0.3574,55.51,0.2,0.0,-0.0202,0.448,nan,nan,nan
8596.901,79.856,-0.0409,-0.064,0.3574,55.51,0.2,0.0,-0.0202,0.448,nan,nan,nan
8597.001,79.957,-0.0409,-0.064,0.3574,55.51,0.2,0.0,-0.0306,0.448,nan,nan,nan
8597.101,80.056,-0.0409,-0.064,0.3574,55.51,0.2,0.0,-0.0297,0.448,nan,nan,nan
8597.201,80.158,-0.0409,-0.064,0.3574,55.51,0.2,0.0,-0.0297,0.448,nan,nan,nan
8597.307,80.27,-0.0409,-0.064,0.3574,55.51,0.2,0.0005,-0.0433,0.448,nan,nan,nan
8597.401,80.365,-0.0409,-0.064,0.3574,55.51,0.2,0.0001,-0.0482,0.448,nan,nan,nan
8597.501,80.464,-0.0409,-0.064,0.3574,55.51,0.2,0.0,-0.0395,0.448,nan,nan,nan
8597.601,80.565,-0.0409,-0.064,0.3574,55.51,0.2,0.0,-0.0316,0.448,nan,nan,nan
8597.701,80.664,-0.0409,-0.064,0.3574,55.51,0.2,0.0,-0.0233,0.448,13.684,-36.87,0.074
8597.801,80.766,-0.0409,-0.064,0.3574,55.51,0.2,0.0,-0.0285,0.448,13.684,-36.87,0.174
8597.901,80.867,-0.0409,-0.064,0.3574,55.51,0.2,0.0,-0.0282,0.448,13.684,-36.87,0.274
8598.001,80.968,-0.0409,-0.064,0.3574,55.51,0.2,0.0,-0.0288,0.448,13.684,-36.87,0.374
8598.101,81.068,-0.0409,-0.064,0.3574,55.51,0.2,0.0,-0.0288,0.448,13.684,-36.87,0.474
8598.201,81.168,-0.0409,-0.064,0.3574,55.51,0.2,0.0,-0.0309,0.448,13.684,-36.87,0.574
8598.301,81.27,-0.0409,-0.064,0.3574,55.51,0.2,0.0,-0.0269,0.448,13.684,-36.87,0.674
8598.402,81.37,-0.0409,-0.064,0.3574,55.51,0.2,0.0,-0.0252,0.448,13.684,-36.87,0.775
8598.501,81.472,-0.0409,-0.064,0.3574,55.51,0.2,0.0,-0.0252,0.448,13.684,-36.87,0.874
8598.601,81.57,-0.0409,-0.064,0.3574,55.51,0.2,0.0,-0.0221,0.448,13.684,-36.87,0.974
8598.701,81.67,-0.0409,-0.064,0.3574,55.51,0.2,0.0,-0.0229,0.448,13.684,-36.87,1.074
8598.801,81.771,-0.0409,-0.064,0.3574,55.51,0.2,0.0,-0.0215,0.448,13.684,-36.87,0.08
8598.901,81.871,-0.0409,-0.064,0.3574,55.51,0.2,0.0,-0.0191,0.448,nan,nan,nan
8599.001,81.971,-0.0409,-0.064,0.3574,55.51,0.2,0.0,-0.0158,0.448,nan,nan,nan
8599.101,82.071,-0.0409,-0.064,0.3574,55.51,0.2,0.0,-0.0158,0.448,nan,nan,nan
8599.201,82.171,-0.0409,-0.064,0.3574,55.51,0.2,0.0,-0.0161,0.448,nan,nan,nan
8599.301,82.271,-0.0409,-0.064,0.3574,55.51,0.2,0.0,-0.0161,0.448,nan,nan,nan
8599.406,82.413,-0.0409,-0.064,0.3574,55.51,0.2,0.0,-0.0117,0.448,nan,nan,nan
8599.501,82.507,-0.0409,-0.064,0.3574,55.51,0.2,0.0,-0.0117,0.448,nan,nan,nan
8599.601,82.607,-0.0409,-0.064,0.3574,55.51,0.2,0.0,-0.0102,0.448,nan,nan,nan
8599.701,82.707,-0.0409,-0.064,0.3574,55.51,0.2,0.0,-0.0107,0.448,nan,nan,nan
8599.801,82.809,-0.0409,-0.064,0.3574,55.51,0.2,0.0,-0.0115,0.448,10.184,-137.56,0.058
8599.901,82.91,-0.0409,-0.064,0.3574,55.51,0.2,0.0,-0.0061,0.448,10.184,-137.56,0.158
8600.003,83.012,-0.0409,-0.064,0.3574,55.51,0.2,0.0,-0.0066,0.448,10.184,-137.56,0.26
8600.112,83.232,-0.0409,-0.064,0.3574,55.51,0.2,0.0,-0.0126,0.448,10.184,-137.56,0.369
8600.206,83.359,-0.0409,-0.064,0.3574,55.51,0.2,0.0,-0.012,0.448,10.184,-137.56,0.463
8600.307,83.496,-0.0409,-0.064,0.3574,55.51,0.2,0.0,-0.0231,0.448,10.184,-137.56,0.564
8600.401,83.59,-0.0409,-0.064,0.3574,55.51,0.2,0.0,-0.0173,0.448,10.184,-137.56,0.658
8600.501,83.698,-0.0409,-0.064,0.3574,55.51,0.2,0.0,-0.0178,0.448,10.184,-137.56,0.758
8600.601,83.79,-0.0409,-0.064,0.3574,55.51,0.2,0.0,-0.0178,0.448,10.184,-137.56,0.858
8600.701,83.893,-0.0409,-0.064,0.3574,55.51,0.2,0.0,-0.0187,0.448,10.184,-137.56,0.042
8600.801,83.993,-0.0409,-0.064,0.3574,55.51,0.2,0.0,-0.0228,0.448,10.184,-137.56,0.142
8600.901,84.093,-0.0409,-0.064,0.3574,55.51,0.2,0.0,-0.0228,0.448,nan,nan,nan
8601.001,84.193,-0.0409,-0.064,0.3574,55.51,0.2,0.0,-0.0343,0.448,nan,nan,nan
8601.101,84.293,-0.0409,-0.064,0.3574,55.51,0.2,0.0,-0.0411,0.448,nan,nan,nan
8601.201,84.393,-0.0409,-0.064,0.3574,55.51,0.2,0.0,-0.063,0.448,nan,nan,nan
8601.301,84.493,-0.0409,-0.0641,0.3574,55.46,0.2,0.0,-0.063,0.448,nan,nan,nan
8601.401,84.593,-0.0406,-0.0643,0.3574,55.22,0.2,0.0,-0.0677,0.448,nan,nan,nan
8601.501,84.693,-0.0401,-0.064,0.3565,54.88,0.12,0.0,-0.0772,0.448,nan,nan,nan
8601.606,84.847,-0.0403,-0.0634,0.3563,54.57,0.18,0.0,-0.068,0.448,nan,nan,nan
8601.702,84.95,-0.0396,-0.0619,0.3412,54.07,0.28,0.0,-0.0675,0.448,nan,nan,nan
8601.806,85.065,-0.0445,-0.0607,0.3329,53.53,0.71,0.0001,-0.0682,0.448,13.684,-36.87,0.09
8601.905,85.184,-0.0501,-0.0589,0.333,53.36,0.78,0.0001,-0.0546,0.448,13.684,-36.87,0.189
8602.001,85.279,-0.0594,-0.062,0.3383,53.2,1.22,0.0,-0.0368,0.448,13.684,-36.87,0.285
8602.101,85.379,-0.068,-0.0645,0.3398,52.75,0.86,0.0,-0.0383,0.448,13.684,-36.87,0.385
8602.201,85.48,-0.0677,-0.0667,0.3446,52.36,0.33,0.0,-0.0459,0.448,13.684,-36.87,0.485
8602.301,85.579,-0.0615,-0.0693,0.3455,52.29,0.09,0.0,-0.0459,0.448,13.684,-36.87,0.585
8602.401,85.681,-0.0539,-0.0706,0.3476,52.31,0.54,0.003,-0.0339,0.448,13.684,-36.87,0.685
8602.501,85.781,-0.0442,-0.0709,0.3509,52.01,0.74,0.0033,-0.0357,0.449,13.684,-36.87,0.785
8602.601,85.881,-0.0388,-0.0729,0.3529,51.66,0.84,0.0033,-0.0357,0.448,13.684,-36.87,0.885
8602.701,85.98,-0.0401,-0.0796,0.3558,51.46,0.84,0.0009,-0.0372,0.448,13.684,-36.87,0.985
8602.801,86.082,-0.0431,-0.0842,0.3529,51.47,0.58,0.0002,-0.0304,0.448,13.684,-36.87,0.046
8602.901,86.182,-0.0482,-0.0836,0.3548,51.42,0.05,0.0,-0.0212,0.448,13.684,-36.87,0.146
8603.001,86.282,-0.053,-0.08,0.3573,51.48,0.04,0.0,-0.0174,0.448,13.684,-36.87,0.246
8603.101,86.382,-0.0557,-0.0765,0.3592,50.85,0.38,0.0,-0.0174,0.448,13.684,-36.87,0.346
8603.201,86.482,-0.0572,-0.0728,0.3592,50.96,0.4,0.0,-0.0265,0.448,13.684,-36.87,0.446
8603.301,86.582,-0.0598,-0.0712,0.3598,51.17,0.55,0.0,-0.0265,0.448,13.684,-36.87,0.546
8603.401,86.682,-0.0642,-0.0721,0.3595,50.91,0.56,0.0,-0.0265,0.448,13.684,-36.87,0.646
8603.501,86.782,-0.0642,-0.073,0.3586,50.34,0.32,0.0,-0.0125,0.448,13.684,-36.87,0.746
8603.601,86.882,-0.0619,-0.0753,0.3592,50.08,0.04,0.0,-0.0132,0.448,13.684,-36.87,0.846
8603.701,86.983,-0.0586,-0.0771,0.358,50.33,0.18,0.0,-0.0125,0.448,13.684,-36.87,0.946
8603.801,87.083,-0.0561,-0.079,0.3591,50.6,0.33,0.0,0.0071,0.449,13.684,-36.87,1.046
8603.901,87.184,-0.0538,-0.08,0.3592,50.53,0.34,0.0,0.0013,0.448,13.684,-36.87,0.089
8604.001,87.285,-0.0532,-0.0834,0.3601,50.33,0.45,0.0,0.0013,0.448,13.684,-36.87,0.189
8604.101,87.385,-0.0526,-0.0878,0.3605,50.85,0.47,0.0,-0.007,0.448,13.684,-36.87,0.289
8604.208,87.515,-0.0524,-0.0864,0.3605,51.13,0.27,0.0,0.0124,0.448,13.684,-36.87,0.396
8604.307,87.663,-0.0515,-0.0828,0.3608,50.84,0.27,0.0015,0.0026,0.448,13.684,-36.87,0.495
8604.401,87.756,-0.0504,-0.08,0.3609,50.86,0.31,0.0015,0.0026,0.448,13.684,-36.87,0.589
8604.501,87.856,-0.0501,-0.079,0.3608,50.76,0.29,0.0013,-0.0094,0.448,13.684,-36.87,0.689
8604.601,87.956,-0.0506,-0.0791,0.3606,51.06,0.27,0.0003,-0.02,0.448,13.684,-36.87,0.789
8604.701,88.056,-0.0509,-0.0795,0.3603,51.01,0.24,0.0003,-0.02,0.449,13.684,-36.87,0.889
8604.801,88.157,-0.051,-0.0798,0.3601,50.96,0.23,0.0,0.0012,0.449,13.684,-36.87,0.989
8604.901,88.256,-0.051,-0.0799,0.36,50.97,0.23,0.0,-0.0014,0.449,13.684,-36.87,0.072
8605.001,88.356,-0.051,-0.08,0.3599,50.78,0.22,0.0,-0.0116,0.449,13.684,-36.87,0.172
8605.101,88.456,-0.0509,-0.0801,0.3597,50.75,0.22,0.0,-0.0167,0.448,13.684,-36.87,0.272
8605.201,88.556,-0.0509,-0.08,0.3595,50.89,0.22,0.0,-0.0167,0.449,13.684,-36.87,0.372
8605.301,88.658,-0.051,-0.08,0.3593,50.69,0.22,0.0,-0.0171,0.448,13.684,-36.87,0.472
8605.401,88.758,-0.051,-0.08,0.3592,50.81,0.22,0.0,-0.0355,0.449,13.684,-36.87,0.572
8605.501,88.858,-0.051,-0.08,0.3591,50.92,0.22,0.0,-0.012,0.448,13.684,-36.87,0.672
8605.607,88.972,-0.0509,-0.08,0.359,50.63,0.21,0.0,-0.009,0.448,13.684,-36.87,0.778
8605.708,89.116,-0.0508,-0.0801,0.3589,50.61,0.21,0.0,-0.0034,0.448,13.684,-36.87,0.879
8605.805,89.238,-0.0508,-0.0801,0.3588,50.65,0.21,0.0,0.0,0.448,13.684,-36.87,0.976
8605.906,89.349,-0.0508,-0.0801,0.3587,50.5,0.21,0.0,-0.0014,0.448,13.684,-36.87,0.089
8606.001,89.445,-0.0508,-0.08,0.3586,50.59,0.21,0.0,-0.0152,0.448,13.684,-36.87,0.184
8606.101,89.543,-0.0508,-0.08,0.3586,50.55,0.21,0.0,-0.0046,0.449,13.684,-36.87,0.284
8606.201,89.643,-0.0508,-0.08,0.3585,50.68,0.21,0.0,-0.0176,0.449,13.684,-36.87,0.384
8606.301,89.743,-0.0509,-0.0799,0.3584,50.72,0.21,0.0,-0.0096,0.448,13.684,-36.87,0.484
8606.401,89.843,-0.0509,-0.0799,0.3584,50.75,0.21,0.0,-0.0096,0.449,13.684,-36.87,0.584
8606.501,89.943,-0.0509,-0.0799,0.3583,50.73,0.21,0.0,-0.0059,0.449,13.684,-36.87,0.684
8606.601,90.043,-0.0509,-0.0799,0.3583,50.74,0.21,0.0,-0.0053,0.449,13.684,-36.87,0.784
8606.706,90.23,-0.0509,-0.0799,0.3582,50.75,0.21,0.0,-0.0035,0.449,13.684,-36.87,0.889
8606.806,90.36,-0.0508,-0.0799,0.3582,50.72,0.21,0.0,-0.0008,0.449,13.684,-36.87,0.024
8606.907,90.475,-0.0509,-0.0799,0.3582,50.73,0.21,0.0,0.006,0.449,13.684,-36.87,0.125
8607.003,90.571,-0.0509,-0.0799,0.3582,50.73,0.21,0.0,0.006,0.449,13.684,-36.87,0.221
8607.104,90.672,-0.0509,-0.08,0.3582,50.71,0.21,0.0,0.0008,0.449,13.684,-36.87,0.322
8607.201,90.769,-0.0508,-0.08,0.3581,50.68,0.21,0.0,-0.0012,0.449,13.684,-36.87,0.419
8607.301,90.869,-0.0508,-0.08,0.3581,50.69,0.21,0.0,-0.0033,0.448,13.684,-36.87,0.519
8607.401,90.969,-0.0508,-0.0799,0.3581,50.73,0.21,0.0,0.0003,0.448,13.684,-36.87,0.619
8607.501,91.069,-0.0508,-0.0799,0.358,50.67,0.21,0.0,0.0009,0.449,13.684,-36.87,0.719
8607.606,91.222,-0.0508,-0.0799,0.358,50.84,0.21,0.0,0.0015,0.448,13.684,-36.87,0.824
8607.701,91.319,-0.0509,-0.0798,0.3579,50.94,0.21,0.0,0.0015,0.448,13.684,-36.87,0.919
8607.806,91.434,-0.0508,-0.0798,0.3578,50.84,0.21,0.0,-0.0293,0.448,13.684,-36.87,0.035
8607.901,91.528,-0.0508,-0.0798,0.3577,50.73,0.2,0.0,-0.0293,0.448,13.684,-36.87,0.13
8608.001,91.628,-0.0507,-0.0799,0.3577,50.72,0.2,0.0,-0.0117,0.449,13.684,-36.87,0.23
8608.101,91.73,-0.0507,-0.0798,0.3576,50.68,0.2,0.0,-0.0133,0.448,13.684,-36.87,0.33
8608.201,91.83,-0.0508,-0.0798,0.3575,50.94,0.21,0.0,-0.0018,0.448,13.684,-36.87,0.43
8608.301,91.93,-0.0508,-0.0797,0.3575,50.89,0.21,0.0,0.0005,0.448,13.684,-36.87,0.53
8608.406,92.04,-0.0507,-0.0798,0.3575,50.74,0.21,0.0,0.0005,0.448,13.684,-36.87,0.635
8608.501,92.135,-0.0506,-0.0799,0.3575,50.54,0.2,0.0,0.0005,0.449,13.684,-36.87,0.73
8608.606,92.29,-0.0507,-0.0798,0.3574,50.57,0.2,0.0,0.0098,0.448,13.684,-36.87,0.835
8608.707,92.456,-0.0506,-0.0799,0.3574,50.29,0.2,0.0,-0.0042,0.448,13.684,-36.87,0.936
8608.801,92.551,-0.0505,-0.0799,0.3575,50.12,0.2,0.0,-0.0078,0.448,13.823,-36.87,0.083
8608.901,92.652,-0.0504,-0.08,0.3575,50.11,0.21,0.0,-0.0147,0.448,13.823,-36.87,0.183
8609.001,92.751,-0.0504,-0.08,0.3575,50.15,0.21,0.0,-0.02,0.448,13.823,-36.87,0.283
8609.101,92.851,-0.0506,-0.0798,0.3575,50.22,0.21,0.0,-0.0194,0.448,13.823,-36.87,0.383
8609.201,92.951,-0.0506,-0.0797,0.3576,50.4,0.22,0.0,-0.0065,0.448,13.823,-36.87,0.483
8609.307,93.165,-0.0508,-0.0795,0.3575,50.58,0.22,0.0,0.0075,0.448,13.823,-36.87,0.589
8609.406,93.314,-0.0506,-0.0798,0.3575,50.41,0.21,0.0,0.0178,0.448,13.823,-36.87,0.688
8609.508,93.417,-0.0506,-0.0798,0.3575,50.54,0.21,0.0,0.0178,0.448,13.823,-36.87,0.79
8609.606,93.515,-0.0506,-0.0798,0.3575,50.57,0.21,0.0,0.0108,0.448,13.823,-36.87,0.888
8609.706,93.639,-0.0506,-0.0798,0.3575,50.28,0.2,0.0,0.0263,0.448,13.823,-36.87,0.075
8609.801,93.74,-0.0506,-0.0798,0.3575,50.43,0.21,0.0,0.0029,0.448,13.823,-36.87,0.17
8609.901,93.845,-0.0507,-0.0797,0.3575,50.53,0.21,0.0,0.0121,0.448,13.823,-36.87,0.27
8610.003,93.951,-0.0508,-0.0797,0.3575,50.69,0.21,0.0,-0.0094,0.448,13.823,-36.87,0.372
8610.101,94.048,-0.0508,-0.0797,0.3574,50.72,0.21,0.0,0.0015,0.448,13.823,-36.87,0.47
8610.201,94.15,-0.0509,-0.0796,0.3574,50.86,0.21,0.0,-0.0023,0.449,13.823,-36.87,0.57
8610.301,94.25,-0.0508,-0.0797,0.3574,50.82,0.21,0.0,0.0098,0.448,13.823,-36.87,0.67
8610.401,94.354,-0.0509,-0.0797,0.3574,50.93,0.21,0.0,0.0132,0.448,13.823,-36.87,0.77
8610.501,94.458,-0.0508,-0.0797,0.3573,50.85,0.2,0.0,0.0225,0.448,13.823,-36.87,0.87
8610.601,94.558,-0.0508,-0.0797,0.3573,50.81,0.2,0.0,-0.0011,0.448,13.823,-36.87,0.97
8610.707,94.684,-0.0507,-0.0798,0.3573,50.71,0.2,0.0,-0.0077,0.448,13.823,-36.87,0.039
8610.806,94.839,-0.0507,-0.0798,0.3573,50.76,0.2,0.0,-0.0114,0.449,13.823,-36.87,0.138
8610.901,94.942,-0.0507,-0.0798,0.3573,50.71,0.2,0.0,-0.0114,0.449,13.823,-36.87,0.233
8611.001,95.039,-0.0507,-0.0798,0.3573,50.72,0.2,0.0,-0.0131,0.449,13.823,-36.87,0.333
8611.106,95.147,-0.0507,-0.0798,0.3573,50.69,0.2,0.0,-0.0109,0.449,13.823,-36.87,0.438
8611.211,95.253,-0.0507,-0.0798,0.3573,50.68,0.2,0.0,-0.0105,0.448,13.823,-36.87,0.543
8611.301,95.343,-0.0507,-0.0798,0.3573,50.66,0.2,0.0,-0.0105,0.448,13.823,-36.87,0.633
8611.401,95.443,-0.0507,-0.0798,0.3573,50.72,0.21,0.0,-0.0074,0.448,13.823,-36.87,0.733
8611.501,95.543,-0.0507,-0.0798,0.3574,50.71,0.21,0.0,-0.0037,0.449,13.823,-36.87,0.833
8611.601,95.643,-0.0507,-0.0798,0.3574,50.73,0.21,0.0,-0.006,0.448,13.823,-36.87,0.933
8611.701,95.746,-0.0507,-0.0798,0.3574,50.74,0.21,0.0,-0.0059,0.449,13.823,-36.87,0.025
8611.801,95.846,-0.0506,-0.0799,0.3574,50.67,0.2,0.0,-0.0047,0.449,13.823,-36.87,0.125
8611.901,95.946,-0.0507,-0.0798,0.3574,50.76,0.21,0.0,-0.0107,0.448,13.823,-36.87,0.225
8612.001,96.046,-0.0507,-0.0798,0.3574,50.7,0.2,0.0,-0.0054,0.449,13.823,-36.87,0.325
8612.101,96.147,-0.0506,-0.0799,0.3574,50.61,0.2,0.0,-0.0097,0.448,13.823,-36.87,0.425
8612.201,96.246,-0.0508,-0.0798,0.3574,50.83,0.21,0.0,-0.0112,0.448,13.823,-36.87,0.525
8612.301,96.348,-0.0508,-0.0797,0.3574,50.77,0.21,0.0,0.0005,0.448,13.823,-36.87,0.625
8612.401,96.448,-0.0508,-0.0798,0.3574,50.64,0.2,0.0,0.0005,0.449,13.823,-36.87,0.725
8612.501,96.548,-0.0507,-0.0798,0.3574,50.64,0.2,0.0,-0.0033,0.448,13.823,-36.87,0.825
8612.601,96.648,-0.0507,-0.0798,0.3574,50.65,0.2,0.0,-0.006,0.448,13.823,-36.87,0.925
8612.701,96.748,-0.0507,-0.0798,0.3574,50.67,0.21,0.0,-0.006,0.448,13.823,-36.87,1.025
8612.807,96.902,-0.0507,-0.0798,0.3574,50.67,0.21,0.0,-0.0022,0.448,13.823,-36.87,0.064
8612.906,97.029,-0.0507,-0.0798,0.3574,50.67,0.21,0.0,-0.0024,0.448,13.823,-36.87,0.163
8613.006,97.142,-0.0507,-0.0798,0.3574,50.7,0.21,0.0,-0.0005,0.448,13.823,-36.87,0.263
8613.101,97.236,-0.0507,-0.0798,0.3574,50.7,0.21,0.0,-0.0017,0.448,13.823,-36.87,0.358
8613.209,97.344,-0.0507,-0.0798,0.3574,50.7,0.21,0.0,-0.0027,0.448,13.823,-36.87,0.466
8613.305,97.441,-0.0507,-0.0798,0.3574,50.71,0.21,0.0,-0.0027,0.448,13.823,-36.87,0.562
8613.401,97.536,-0.0508,-0.0798,0.3574,50.71,0.21,0.0,-0.0027,0.448,13.823,-36.87,0.658
8613.501,97.636,-0.0508,-0.0798,0.3574,50.71,0.21,0.0,-0.0033,0.448,13.823,-36.87,0.758
8613.601,97.736,-0.0508,-0.0797,0.3574,50.71,0.21,0.0,-0.0017,0.448,13.823,-36.87,0.858
8613.701,97.839,-0.0508,-0.0797,0.3574,50.71,0.21,0.0,-0.0042,0.448,13.823,-36.87,0.958
8613.801,97.941,-0.0508,-0.0797,0.3574,50.73,0.21,0.0,-0.0018,0.448,13.823,-36.87,0.076
8613.901,98.042,-0.0508,-0.0797,0.3574,50.73,0.21,0.0,-0.0006,0.449,13.823,-36.87,0.176
8614.007,98.161,-0.0507,-0.0798,0.3574,50.66,0.21,0.0,-0.0002,0.449,13.823,-36.87,0.282
8614.106,98.321,-0.0507,-0.0798,0.3574,50.66,0.21,0.0,-0.0063,0.448,13.823,-36.87,0.381
8614.201,98.427,-0.0507,-0.0798,0.3574,50.68,0.21,0.0,0.0009,0.448,13.823,-36.87,0.476
8614.301,98.527,-0.0507,-0.0798,0.3574,50.72,0.21,0.0,0.0009,0.448,13.823,-36.87,0.576
8614.401,98.628,-0.0507,-0.0799,0.3574,50.56,0.2,0.0,0.003,0.449,13.823,-36.87,0.676
8614.501,98.73,-0.0506,-0.0799,0.3574,50.69,0.21,0.0,0.003,0.448,13.823,-36.87,0.776
8614.601,98.829,-0.0507,-0.0799,0.3574,50.72,0.21,0.0,0.003,0.448,13.823,-36.87,0.876
8614.701,98.932,-0.0507,-0.0799,0.3574,50.6,0.2,0.0,0.0042,0.448,13.823,-36.87,0.976
8614.801,99.032,-0.0507,-0.0798,0.3574,50.74,0.21,0.0,-0.0105,0.448,13.823,-36.87,0.071
8614.907,99.142,-0.0506,-0.0799,0.3574,50.59,0.2,0.0,0.0081,0.449,13.823,-36.87,0.177
8615.001,99.253,-0.0506,-0.0799,0.3575,50.59,0.21,0.0,0.0026,0.449,13.823,-36.87,0.271
8615.101,99.343,-0.0506,-0.0799,0.3575,50.63,0.21,0.0,0.0023,0.448,13.823,-36.87,0.371
8615.201,99.443,-0.0506,-0.0799,0.3575,50.7,0.21,0.0,-0.0074,0.448,13.823,-36.87,0.471
8615.301,99.543,-0.0507,-0.0799,0.3575,50.73,0.21,0.0,-0.0038,0.448,13.823,-36.87,0.571
8615.401,99.643,-0.0506,-0.0799,0.3575,50.61,0.21,0.0,-0.0003,0.448,13.823,-36.87,0.671
8615.501,99.743,-0.0507,-0.0799,0.3575,50.68,0.21,0.0,-0.001,0.448,13.823,-36.87,0.771
8615.601,99.844,-0.0507,-0.0798,0.3575,50.72,0.21,0.0,0.0039,0.448,13.823,-36.87,0.871
8615.701,99.943,-0.0507,-0.0799,0.3575,50.67,0.21,0.0,0.0024,0.449,13.823,-36.87,0.971
8615.807,100.079,-0.0507,-0.0799,0.3575,50.66,0.21,0.0,-0.0032,0.448,13.823,-36.87,0.007
8615.907,100.214,-0.0507,-0.0799,0.3575,50.69,0.21,0.0,0.0,0.448,13.823,-36.87,0.107
8616.001,100.308,-0.0506,-0.0799,0.3575,50.67,0.21,0.0,0.0,0.448,13.823,-36.87,0.201
8616.101,100.408,-0.0507,-0.0799,0.3575,50.67,0.21,0.0,-0.0023,0.448,13.823,-36.87,0.301
8616.201,100.511,-0.0507,-0.0799,0.3575,50.68,0.21,0.0,-0.0009,0.448,13.823,-36.87,0.401
8616.301,100.613,-0.0507,-0.0799,0.3575,50.69,0.21,0.0,0.0006,0.448,13.823,-36.87,0.501
8616.401,100.716,-0.0507,-0.0799,0.3575,50.7,0.21,0.0,0.0015,0.448,13.823,-36.87,0.601
8616.501,100.815,-0.0507,-0.0799,0.3575,50.7,0.21,0.0,0.0005,0.448,13.823,-36.87,0.701
8616.601,100.915,-0.0507,-0.0799,0.3575,50.7,0.21,0.0,0.0013,0.448,13.823,-36.87,0.801
8616.706,101.112,-0.0507,-0.0799,0.3575,50.7,0.21,0.0,-0.0022,0.448,13.823,-36.87,0.006
8616.813,101.271,-0.0507,-0.0799,0.3575,50.7,0.21,0.0,-0.0025,0.448,13.823,-36.87,0.113
8616.907,101.365,-0.0507,-0.0799,0.3575,50.7,0.21,0.0,-0.0025,0.448,13.823,-36.87,0.207
8617.007,101.528,-0.0507,-0.0799,0.3575,50.7,0.21,0.0,-0.0068,0.448,13.823,-36.87,0.307
8617.101,101.622,-0.0507,-0.0799,0.3575,50.71,0.21,0.0,-0.0068,0.448,13.823,-36.87,0.401
8617.201,101.722,-0.0507,-0.0799,0.3575,50.71,0.21,0.0,-0.0048,0.448,13.823,-36.87,0.501
8617.301,101.824,-0.0507,-0.0799,0.3575,50.71,0.21,0.0,-0.0039,0.448,13.823,-36.87,0.601
8617.401,101.925,-0.0507,-0.0799,0.3575,50.71,0.21,0.0,-0.0026,0.448,13.823,-36.87,0.701
8617.501,102.025,-0.0507,-0.0799,0.3575,50.71,0.21,0.0,-0.0039,0.448,13.823,-36.87,0.801
8617.601,102.125,-0.0507,-0.0799,0.3575,50.71,0.21,0.0,-0.001,0.448,13.823,-36.87,0.901
8617.701,102.225,-0.0507,-0.0799,0.3575,50.71,0.21,0.0,-0.0024,0.448,13.823,-36.87,0.076
8617.807,102.361,-0.0507,-0.0799,0.3575,50.71,0.21,0.0,-0.0015,0.448,13.823,-36.87,0.182
8617.902,102.456,-0.0507,-0.0799,0.3575,50.71,0.21,0.0,-0.0015,0.448,13.823,-36.87,0.277
8618.012,102.568,-0.0507,-0.0799,0.3575,50.71,0.21,0.0,-0.0019,0.448,13.823,-36.87,0.387
8618.101,102.657,-0.0507,-0.0799,0.3575,50.71,0.21,0.0,-0.0019,0.448,13.823,-36.87,0.476
8618.201,102.758,-0.0507,-0.0799,0.3575,50.71,0.21,0.0,-0.0015,0.448,13.823,-36.87,0.576
8618.301,102.858,-0.0507,-0.0799,0.3575,50.71,0.21,0.0,-0.0041,0.448,13.823,-36.87,0.676
8618.401,102.958,-0.0507,-0.0799,0.3575,50.71,0.21,0.0,-0.0029,0.448,13.823,-36.87,0.776
8618.501,103.058,-0.0507,-0.0799,0.3575,50.71,0.21,0.0,-0.0024,0.448,13.823,-36.87,0.876
8618.601,103.161,-0.0507,-0.0799,0.3575,50.71,0.21,0.0,-0.0033,0.448,13.823,-36.87,0.976
8618.701,103.261,-0.0507,-0.0799,0.3575,50.71,0.21,0.0,-0.0003,0.448,13.878,-36.87,0.043
8618.801,103.361,-0.0507,-0.0799,0.3575,50.71,0.21,0.0,-0.0,0.448,13.878,-36.87,0.143
8618.901,103.461,-0.0507,-0.0799,0.3575,50.71,0.21,0.0,0.0002,0.448,13.878,-36.87,0.243
8619.001,103.561,-0.0507,-0.0799,0.3575,50.71,0.21,0.0,-0.0014,0.448,13.878,-36.87,0.343
8619.106,103.666,-0.0507,-0.0799,0.3575,50.71,0.21,0.0,-0.0014,0.448,13.878,-36.87,0.448
8619.202,103.763,-0.0507,-0.0798,0.3575,50.71,0.21,0.0,-0.0039,0.448,13.878,-36.87,0.544
8619.306,103.883,-0.0507,-0.0798,0.3575,50.71,0.21,0.0,-0.0037,0.448,13.878,-36.87,0.648
8619.401,103.977,-0.0507,-0.0798,0.3575,50.71,0.21,0.0,-0.0037,0.448,13.878,-36.87,0.743
8619.501,104.078,-0.0507,-0.0798,0.3575,50.71,0.21,0.0,-0.0015,0.448,13.878,-36.87,0.843
8619.601,104.179,-0.0507,-0.0798,0.3575,50.71,0.21,0.0,-0.0003,0.448,13.878,-36.87,0.943
8619.701,104.278,-0.0507,-0.0798,0.3575,50.71,0.21,0.0,0.001,0.448,13.878,-36.87,1.043
8619.807,104.396,-0.0507,-0.0798,0.3575,50.71,0.21,0.0,-0.0002,0.448,13.878,-36.87,0.094
8619.901,104.49,-0.0507,-0.0798,0.3575,50.71,0.21,0.0,-0.0025,0.448,13.878,-36.87,0.188
8620.006,104.638,-0.0507,-0.0798,0.3575,50.71,0.21,0.0,-0.0022,0.448,13.878,-36.87,0.293
8620.106,104.74,-0.0507,-0.0798,0.3575,50.71,0.21,0.0,-0.0001,0.448,13.878,-36.87,0.393
8620.201,104.833,-0.0507,-0.0798,0.3575,50.71,0.21,0.0,0.0006,0.448,13.878,-36.87,0.488
8620.301,104.932,-0.0507,-0.0798,0.3575,50.71,0.21,0.0,-0.0004,0.448,13.878,-36.87,0.588
8620.401,105.032,-0.0507,-0.0798,0.3575,50.71,0.21,0.0,-0.0034,0.448,13.878,-36.87,0.688
8620.501,105.134,-0.0507,-0.0798,0.3575,50.71,0.21,0.0,-0.0033,0.448,13.878,-36.87,0.788
8620.601,105.235,-0.0507,-0.0798,0.3575,50.71,0.21,0.0,-0.0045,0.448,13.878,-36.87,0.888
8620.701,105.335,-0.0507,-0.0798,0.3575,50.71,0.21,0.0,-0.0041,0.448,13.878,-36.87,0.988
8620.801,105.435,-0.0507,-0.0798,0.3575,50.71,0.21,0.0,-0.0057,0.448,13.878,-36.87,0.076
8620.906,105.543,-0.0507,-0.0798,0.3575,50.71,0.21,0.0,-0.005,0.448,13.878,-36.87,0.181
8621.007,105.665,-0.0507,-0.0798,0.3575,50.71,0.21,0.0,-0.0066,0.448,13.878,-36.87,0.282
8621.103,105.767,-0.0507,-0.0798,0.3575,50.72,0.21,0.0,0.0,0.448,13.878,-36.87,0.378
8621.201,105.862,-0.0507,-0.0798,0.3575,50.71,0.21,0.0,0.0,0.448,13.878,-36.87,0.476
8621.301,105.962,-0.0507,-0.0798,0.3575,50.72,0.21,0.0,0.0,0.448,13.878,-36.87,0.576
8621.401,106.062,-0.0508,-0.0798,0.3575,50.8,0.21,0.0,0.0,0.448,13.878,-36.87,0.676
8621.501,106.162,-0.0508,-0.0798,0.3575,50.77,0.21,0.0,0.0,0.448,13.878,-36.87,0.776
8621.601,106.263,-0.0507,-0.0798,0.3575,50.69,0.21,0.0,0.0,0.449,13.878,-36.87,0.876
8621.701,106.366,-0.0507,-0.0798,0.3575,50.69,0.2,0.0,0.0,0.448,13.878,-36.87,0.976
8621.807,106.508,-0.0507,-0.0798,0.3575,50.72,0.21,0.0,0.0,0.448,13.878,-36.87,1.082
8621.907,106.629,-0.0507,-0.0798,0.3575,50.75,0.21,0.0,0.0,0.448,13.878,-36.87,1.182
8622.006,106.729,-0.0508,-0.0798,0.3575,50.76,0.21,0.0,0.0,0.449,9.746,166.8,0.039
8622.101,106.824,-0.0508,-0.0798,0.3575,50.75,0.21,0.0,0.0008,0.449,9.746,166.8,0.134
8622.201,106.924,-0.0508,-0.0798,0.3575,50.74,0.21,0.0,0.004,0.449,9.746,166.8,0.234
8622.301,107.025,-0.0508,-0.0798,0.3575,50.74,0.21,0.0,0.0052,0.449,9.746,166.8,0.334
8622.401,107.125,-0.0507,-0.0798,0.3575,50.72,0.21,0.0,0.0136,0.449,9.746,166.8,0.434
8622.501,107.225,-0.0508,-0.0798,0.3575,50.75,0.21,0.0,0.0213,0.449,9.746,166.8,0.534
8622.607,107.34,-0.0508,-0.0798,0.3575,50.74,0.21,0.0,0.0259,0.449,9.746,166.8,0.64
8622.707,107.453,-0.0507,-0.0798,0.3575,50.71,0.21,0.0,0.0226,0.449,9.746,166.8,0.74
8622.806,107.581,-0.0508,-0.0798,0.3574,50.79,0.21,0.0,0.0312,0.448,9.746,166.8,0.839
8622.901,107.675,-0.0508,-0.0798,0.3574,50.79,0.21,0.0,0.0295,0.449,9.746,166.8,0.934
8623.001,107.775,-0.0507,-0.0798,0.3574,50.72,0.21,0.0,0.034,0.449,9.746,166.8,1.034
8623.101,107.878,-0.0507,-0.0798,0.3574,50.75,0.21,0.0,0.0301,0.449,9.746,166.8,0.081
8623.201,107.979,-0.0507,-0.0798,0.3574,50.74,0.21,0.0,0.0383,0.449,9.746,166.8,0.181
8623.301,108.078,-0.0507,-0.0798,0.3574,50.74,0.21,0.0,0.0338,0.449,9.746,166.8,0.281
8623.401,108.179,-0.0507,-0.0798,0.3574,50.73,0.21,0.0,0.033,0.449,9.746,166.8,0.381
8623.501,108.279,-0.0507,-0.0798,0.3574,50.74,0.21,0.0,0.0362,0.448,9.746,166.8,0.481
8623.606,108.433,-0.0507,-0.0798,0.3574,50.73,0.21,0.0,0.0315,0.449,9.746,166.8,0.586
8623.701,108.551,-0.0507,-0.0798,0.3574,50.72,0.21,0.0,0.0388,0.448,9.746,166.8,0.681
8623.801,108.646,-0.0507,-0.0798,0.3574,50.73,0.21,0.0,0.0418,0.448,9.746,166.8,0.781
8623.901,108.746,-0.0507,-0.0798,0.3574,50.72,0.21,0.0,0.0505,0.448,9.746,166.8,0.881
8624.001,108.848,-0.0507,-0.0798,0.3574,50.77,0.21,0.0,0.0506,0.448,9.746,166.8,0.981
8624.101,108.949,-0.0509,-0.0796,0.3574,50.97,0.21,0.0,0.0555,0.449,9.746,166.8,0.096
8624.201,109.048,-0.0516,-0.0783,0.3565,51.37,0.23,0.0,0.061,0.449,9.746,166.8,0.196
8624.301,109.149,-0.0539,-0.0777,0.357,51.76,0.32,0.0,0.0666,0.448,9.746,166.8,0.296
8624.401,109.248,-0.0552,-0.0765,0.3551,51.98,0.28,0.0,0.0639,0.449,9.746,166.8,0.396
8624.501,109.348,-0.0552,-0.0767,0.3558,52.14,0.22,0.0,0.0579,0.448,9.746,166.8,0.496
8624.601,109.45,-0.054,-0.0772,0.3554,52.51,0.15,0.0,0.055,0.448,9.746,166.8,0.596
8624.701,109.55,-0.0541,-0.078,0.3567,52.95,0.2,0.0,0.0625,0.448,9.746,166.8,0.696
8624.806,109.708,-0.0549,-0.0787,0.356,53.21,0.16,0.0,0.0587,0.448,9.746,166.8,0.801
8624.907,109.854,-0.0548,-0.0808,0.3583,53.14,0.22,0.0,0.0587,0.448,9.746,166.8,0.902
8625.001,109.948,-0.0564,-0.082,0.3681,53.36,0.33,0.0,0.0587,0.448,9.746,166.8,0.036
8625.101,110.048,-0.0608,-0.0836,0.3684,53.98,0.55,0.0,0.053,0.448,9.746,166.8,0.136
8625.201,110.15,-0.0639,-0.0844,0.363,54.26,0.5,0.0,0.0674,0.448,9.746,166.8,0.236
8625.301,110.25,-0.0637,-0.0857,0.3621,54.45,0.38,0.0,0.072,0.448,9.746,166.8,0.336
8625.401,110.35,-0.0617,-0.087,0.3631,54.82,0.26,0.0,0.0692,0.448,9.746,166.8,0.436
8625.501,110.45,-0.0605,-0.0887,0.3633,55.36,0.29,0.0,0.0561,0.448,9.746,166.8,0.536
8625.607,110.556,-0.0596,-0.0907,0.3625,55.71,0.13,0.0,0.0675,0.448,9.746,166.8,0.642
8625.707,110.665,-0.0573,-0.0933,0.3614,55.85,0.26,0.0,0.0659,0.448,9.746,166.8,0.742
8625.801,110.758,-0.0546,-0.0983,0.3596,56.18,0.4,0.0,0.0659,0.448,9.746,166.8,0.836
8625.905,110.863,-0.0524,-0.0997,0.3571,56.55,0.41,0.0,0.0641,0.448,9.746,166.8,0.94
8626.001,110.959,-0.0502,-0.0987,0.358,57.05,0.39,0.0,0.068,0.448,9.746,166.8,1.036
8626.101,111.06,-0.0492,-0.0963,0.358,57.17,0.32,0.0,0.0713,0.449,9.751,168.69,0.088
8626.201,111.159,-0.0509,-0.0965,0.3586,57.38,0.22,0.0002,0.0553,0.448,9.751,168.69,0.188
8626.301,111.26,-0.0536,-0.0969,0.358,57.77,0.08,0.0,0.0555,0.448,9.751,168.69,0.288
8626.401,111.36,-0.0589,-0.0972,0.3587,58.22,0.42,0.0,0.0555,0.448,9.751,168.69,0.388
8626.501,111.461,-0.0651,-0.097,0.3568,58.47,0.52,0.0,0.0645,0.448,9.751,168.69,0.488
8626.601,111.561,-0.0665,-0.0956,0.3562,58.58,0.59,0.0,0.0703,0.448,9.751,168.69,0.588
8626.707,111.694,-0.065,-0.0939,0.3567,58.95,0.43,0.0,0.0671,0.448,9.751,168.69,0.694
8626.807,111.832,-0.0632,-0.094,0.3573,59.47,0.34,0.0003,0.0777,0.448,9.751,168.69,0.794
8626.905,111.938,-0.0616,-0.095,0.3507,59.68,0.09,0.0001,0.0743,0.449,9.751,168.69,0.892
8627.001,112.028,-0.0615,-0.0988,0.346,59.91,0.22,0.0,0.0777,0.448,9.751,168.69,0.988
8627.101,112.132,-0.0616,-0.1028,0.3462,60.35,0.09,0.0,0.0777,0.449,9.751,168.69,0.072
8627.201,112.232,-0.0632,-0.1068,0.3482,60.96,0.23,0.0,0.0793,0.451,9.751,168.69,0.172
8627.301,112.332,-0.0668,-0.1101,0.3491,61.27,0.43,0.0,0.0795,0.455,9.751,168.69,0.272
8627.401,112.433,-0.0669,-0.1111,0.3483,61.45,0.2,0.0,0.0763,0.46,9.751,168.69,0.372
8627.501,112.532,-0.0638,-0.1125,0.3508,61.78,0.11,0.0,0.0763,0.461,9.751,168.69,0.472
8627.601,112.632,-0.0599,-0.1122,0.3517,62.37,0.17,0.0,0.0714,0.46,9.751,168.69,0.572
8627.701,112.733,-0.0572,-0.1115,0.3545,62.77,0.32,0.0,0.0714,0.46,9.751,168.69,0.672
8627.806,112.845,-0.0538,-0.1091,0.3551,63.08,0.31,0.0014,0.0795,0.459,9.751,168.69,0.777
8627.901,112.939,-0.054,-0.1102,0.3571,63.3,0.25,0.0002,0.0798,0.457,9.751,168.69,0.872
8628.001,113.039,-0.0557,-0.1129,0.3579,63.74,0.06,0.0001,0.0747,0.458,9.751,168.69,0.972
8628.101,113.139,-0.0597,-0.1149,0.3588,64.29,0.21,0.0,0.0705,0.462,9.751,168.69,1.072
8628.201,113.239,-0.0658,-0.1173,0.3589,64.69,0.49,0.0,0.0717,0.468,9.758,163.68,0.09
8628.301,113.34,-0.068,-0.1179,0.358,64.84,0.43,0.0,0.0722,0.475,9.758,163.68,0.19
8628.401,113.44,-0.0676,-0.1183,0.3586,65.09,0.27,0.0,0.071,0.478,9.758,163.68,0.29
8628.501,113.54,-0.0665,-0.1176,0.3588,65.54,0.3,0.0,0.0654,0.479,9.758,163.68,0.39
8628.601,113.64,-0.0665,-0.1181,0.3598,65.93,0.29,0.0,0.0704,0.48,9.758,163.68,0.49
8628.701,113.742,-0.0661,-0.1179,0.3586,66.22,0.15,0.0,0.0637,0.482,9.758,163.68,0.59
8628.806,113.91,-0.0642,-0.1191,0.3588,66.39,0.15,0.0,0.0611,0.483,9.758,163.68,0.695
8628.901,114.005,-0.0631,-0.12,0.3443,66.82,0.36,0.0,0.0584,0.483,9.758,163.68,0.79
8629.001,114.105,-0.0626,-0.1232,0.346,67.42,0.39,0.0,0.0589,0.484,9.758,163.68,0.89
8629.101,114.204,-0.0624,-0.1257,0.3504,67.43,0.49,0.0,0.0615,0.487,9.758,163.68,0.99
8629.201,114.306,-0.0616,-0.131,0.3525,67.61,0.82,0.0,0.0498,0.487,9.706,161.5,0.096
8629.301,114.406,-0.0604,-0.1347,0.3496,68.04,0.33,0.0,0.0559,0.487,9.706,161.5,0.196
8629.401,114.506,-0.0625,-0.132,0.3517,68.42,0.1,0.0,0.0653,0.487,9.706,161.5,0.296
8629.501,114.606,-0.0667,-0.1261,0.354,68.75,0.29,0.0,0.0633,0.491,9.706,161.5,0.396
8629.601,114.706,-0.071,-0.1195,0.3558,68.82,0.7,0.0052,0.0563,0.496,9.706,161.5,0.496
8629.701,114.806,-0.0775,-0.1125,0.3561,69.08,0.86,0.0053,0.0523,0.5,9.706,161.5,0.596
8629.801,114.907,-0.0839,-0.1106,0.3556,69.5,0.93,0.0066,0.0524,0.507,9.706,161.5,0.696
8629.901,115.007,-0.0919,-0.1169,0.3563,69.96,0.98,0.001,0.051,0.515,9.706,161.5,0.796
8630.001,115.108,-0.0961,-0.123,0.3545,69.77,0.64,0.0001,0.0596,0.525,9.706,161.5,0.896
8630.101,115.208,-0.0935,-0.1277,0.3553,70.0,0.07,0.0,0.0196,0.529,9.706,161.5,0.996
8630.206,115.313,-0.0887,-0.1297,0.3567,70.1,0.19,0.0,0.0353,0.529,9.724,166.88,0.007
8630.301,115.408,-0.0826,-0.1267,0.3584,70.8,0.46,0.0,0.0444,0.524,9.724,166.88,0.102
8630.401,115.508,-0.0774,-0.1215,0.3581,71.14,0.46,0.005,0.0844,0.523,9.724,166.88,0.202
8630.506,115.63,-0.075,-0.1191,0.3591,70.81,0.41,0.0136,0.0813,0.52,9.724,166.88,0.307
8630.601,115.724,-0.0761,-0.12,0.354,71.32,0.1,0.0136,0.0813,0.516,9.724,166.88,0.402
8630.701,115.824,-0.0784,-0.1217,0.3496,72.38,0.27,0.0013,0.0699,0.519,9.724,166.88,0.502
8630.801,115.924,-0.0816,-0.1241,0.3509,72.26,0.1,0.0,0.0767,0.527,9.724,166.88,0.602
8630.901,116.024,-0.0832,-0.1256,0.3507,72.47,0.06,0.0,0.0232,0.529,9.724,166.88,0.702
8631.001,116.124,-0.0834,-0.1284,0.3527,72.1,0.26,0.0,0.0287,0.532,9.724,166.88,0.802
8631.101,116.224,-0.0825,-0.1288,0.3515,72.45,0.18,0.0,0.0118,0.53,9.724,166.88,0.902
8631.201,116.324,-0.0838,-0.1273,0.3546,73.25,0.11,0.0,0.0118,0.531,9.724,166.88,1.002
8631.301,116.426,-0.0856,-0.125,0.3548,72.99,0.17,0.0,0.0677,0.531,9.725,166.07,0.031
8631.406,116.53,-0.0868,-0.1223,0.3561,72.63,0.36,0.0019,0.0391,0.536,9.725,166.07,0.136
8631.501,116.624,-0.0889,-0.1203,0.3566,73.21,0.36,0.0004,0.0326,0.536,9.725,166.07,0.231
8631.601,116.726,-0.0907,-0.1214,0.3573,73.78,0.39,0.0002,0.0293,0.54,9.725,166.07,0.331
8631.701,116.829,-0.0938,-0.1262,0.3577,73.69,0.46,0.0,0.0388,0.545,9.725,166.07,0.431
8631.801,116.929,-0.0936,-0.1298,0.3567,73.65,0.16,0.0,0.0388,0.547,9.725,166.07,0.531
8631.901,117.03,-0.0899,-0.134,0.357,74.01,0.25,0.0,0.0271,0.547,9.725,166.07,0.631
8632.002,117.133,-0.0858,-0.1348,0.3561,74.47,0.19,0.0,0.0468,0.547,9.725,166.07,0.732
8632.101,117.232,-0.0834,-0.1326,0.358,75.17,0.31,0.0,0.0609,0.545,9.725,166.07,0.831
8632.207,117.416,-0.0818,-0.1282,0.3572,75.29,0.27,0.0012,0.0835,0.546,9.725,166.07,0.937
8632.304,117.514,-0.0826,-0.1275,0.3587,75.04,0.22,0.0012,0.0835,0.545,9.731,168.49,0.03
8632.407,117.632,-0.085,-0.1273,0.3543,75.28,0.12,0.0012,0.0313,0.546,9.731,168.49,0.133
8632.501,117.726,-0.0878,-0.1289,0.3544,75.63,0.18,0.0005,0.0246,0.548,9.731,168.49,0.227
8632.601,117.826,-0.0902,-0.1302,0.3513,75.59,0.22,0.0,0.0301,0.552,9.731,168.49,0.327
8632.701,117.926,-0.0918,-0.1324,0.3527,75.59,0.16,0.0,0.0358,0.554,9.731,168.49,0.427
8632.801,118.026,-0.0923,-0.133,0.3515,76.3,0.2,0.0,0.0513,0.556,9.731,168.49,0.527
8632.901,118.126,-0.0947,-0.1344,0.3544,77.12,0.38,0.0,0.0517,0.56,9.731,168.49,0.627
8633.001,118.226,-0.0976,-0.1348,0.353,77.09,0.38,0.0,0.0517,0.566,9.731,168.49,0.727
8633.101,118.326,-0.098,-0.1341,0.3547,76.82,0.37,0.0,0.0938,0.569,9.731,168.49,0.827
8633.207,118.437,-0.0965,-0.1332,0.3555,77.04,0.2,0.0,0.0356,0.568,9.731,168.49,0.933
8633.303,118.532,-0.0954,-0.133,0.3564,77.85,0.23,0.0,0.0356,0.568,9.731,168.49,1.029
8633.401,118.632,-0.094,-0.1351,0.3585,78.73,0.17,0.0,0.0809,0.572,9.74,166.07,0.085
8633.501,118.733,-0.0918,-0.1368,0.3586,78.17,0.12,0.0,0.0928,0.575,9.74,166.07,0.185
8633.601,118.836,-0.0884,-0.1408,0.3591,78.28,0.34,0.0,0.0202,0.57,9.74,166.07,0.285
8633.701,118.936,-0.0859,-0.1426,0.3577,78.9,0.28,0.0,0.0034,0.568,9.74,166.07,0.385
8633.801,119.045,-0.0858,-0.1421,0.3586,79.07,0.18,0.0,0.006,0.569,9.74,166.07,0.485
8633.901,119.146,-0.0868,-0.1394,0.353,79.39,0.22,0.0,0.0367,0.569,9.74,166.07,0.585
8634.001,119.246,-0.0899,-0.1397,0.3537,79.44,0.36,0.0012,0.0393,0.572,9.74,166.07,0.685
8634.101,119.346,-0.0927,-0.1403,0.3544,79.31,0.34,0.0002,0.0485,0.575,9.74,166.07,0.785
8634.201,119.447,-0.0968,-0.1432,0.356,80.03,0.52,0.0001,0.0341,0.576,9.74,166.07,0.885
8634.301,119.547,-0.1025,-0.1478,0.3549,80.54,0.65,0.0,0.0476,0.584,9.74,166.07,0.985
8634.406,119.666,-0.1039,-0.1492,0.354,80.31,0.47,0.0,0.0235,0.592,9.693,165.65,0.033
8634.507,119.796,-0.1015,-0.1488,0.3525,80.61,0.36,0.0,0.0157,0.592,9.693,165.65,0.134
8634.61,119.931,-0.0983,-0.1477,0.3501,80.9,0.29,0.0007,0.0428,0.592,9.693,165.65,0.237
8634.701,120.021,-0.0948,-0.1453,0.3456,80.79,0.16,0.0001,0.0513,0.591,9.693,165.65,0.328
8634.801,120.129,-0.093,-0.1458,0.3463,80.87,0.2,0.0046,0.0099,0.588,9.693,165.65,0.428
8634.901,120.232,-0.0925,-0.148,0.3479,81.06,0.11,0.0046,0.0099,0.587,9.693,165.65,0.528
8635.001,120.334,-0.0942,-0.1499,0.35,81.24,0.13,0.0046,0.0099,0.587,nan,nan,nan
8635.101,120.436,-0.0984,-0.1525,0.3504,81.29,0.41,0.0,0.0,0.589,9.707,160.76,0.076
8635.201,120.536,-0.1012,-0.1533,0.3498,81.07,0.36,0.0,0.0014,0.593,9.707,160.76,0.176
8635.301,120.636,-0.1022,-0.1536,0.3518,80.97,0.26,0.0,-0.0066,0.594,9.707,160.76,0.276
8635.401,120.736,-0.1012,-0.1532,0.3522,81.1,0.17,0.0,-0.0073,0.595,9.707,160.76,0.376
8635.507,120.868,-0.1004,-0.1528,0.3526,81.2,0.18,0.0,0.0018,0.595,9.707,160.76,0.482
8635.604,120.965,-0.0999,-0.1523,0.3529,81.15,0.2,0.0,0.0018,0.595,9.707,160.76,0.579
8635.707,121.095,-0.0996,-0.1512,0.3534,81.18,0.25,0.0,0.0135,0.594,9.707,160.76,0.682
8635.809,121.198,-0.0995,-0.1503,0.3538,81.15,0.27,0.0,0.0232,0.594,9.707,160.76,0.784
8635.901,121.29,-0.0994,-0.1496,0.3541,81.19,0.28,0.0001,0.0293,0.594,9.707,160.76,0.876
8636.001,121.39,-0.0995,-0.1495,0.3542,81.22,0.28,0.0001,0.0293,0.594,9.707,160.76,0.976
8636.101,121.491,-0.0995,-0.1494,0.3542,81.24,0.27,0.0001,0.0292,0.594,9.707,160.76,0.055
8636.201,121.592,-0.0995,-0.1494,0.3542,81.23,0.27,0.0,0.0274,0.594,9.707,160.76,0.155
8636.301,121.693,-0.0995,-0.1494,0.3542,81.23,0.27,0.0,0.0271,0.594,9.707,160.76,0.255
8636.401,121.795,-0.0994,-0.1493,0.3543,81.21,0.26,0.0,0.0276,0.594,9.707,160.76,0.355
8636.501,121.898,-0.0994,-0.1493,0.3543,81.2,0.25,0.0,0.0276,0.594,9.707,160.76,0.455
8636.601,121.998,-0.0994,-0.1493,0.3543,81.21,0.24,0.0,0.0301,0.594,9.707,160.76,0.555
8636.701,122.098,-0.0994,-0.1493,0.3543,81.21,0.24,0.0,0.0291,0.594,9.707,160.76,0.655
8636.801,122.198,-0.0994,-0.1492,0.3544,81.21,0.24,0.0,0.0316,0.594,9.707,160.76,0.755
8636.907,122.332,-0.0994,-0.1492,0.3544,81.21,0.23,0.0,0.0278,0.594,9.707,160.76,0.861
8637.005,122.432,-0.0994,-0.1492,0.3545,81.25,0.23,0.0,0.0296,0.594,9.707,160.76,0.959
8637.105,122.533,-0.0994,-0.1491,0.3545,81.21,0.22,0.0,0.033,0.594,9.707,160.76,0.005
8637.201,122.628,-0.0993,-0.149,0.3547,81.16,0.21,0.0,0.031,0.594,9.707,160.76,0.101
8637.301,122.731,-0.0992,-0.1489,0.3549,81.27,0.21,0.0,0.0295,0.594,9.707,160.76,0.201
8637.401,122.832,-0.0991,-0.1488,0.355,81.15,0.2,0.0,0.033,0.594,9.707,160.76,0.301
8637.501,122.931,-0.0992,-0.1488,0.3551,81.19,0.2,0.0,0.034,0.594,9.707,160.76,0.401
8637.601,123.034,-0.0992,-0.1488,0.3551,81.21,0.19,0.0,0.034,0.594,9.707,160.76,0.501
8637.706,123.176,-0.0992,-0.1488,0.3551,81.2,0.19,0.0,0.0295,0.594,9.707,160.76,0.606
8637.807,123.287,-0.0992,-0.1488,0.3551,81.2,0.19,0.0,0.0292,0.594,9.707,160.76,0.707
8637.901,123.381,-0.0992,-0.1488,0.3551,81.21,0.19,0.0,0.0291,0.594,9.707,160.76,0.801
8638.001,123.481,-0.0992,-0.1488,0.3552,81.21,0.18,0.0,0.0291,0.594,9.707,160.76,0.901
8638.101,123.585,-0.0992,-0.1487,0.3552,81.21,0.18,0.0,0.0291,0.594,9.707,160.76,1.001
8638.201,123.684,-0.0992,-0.1487,0.3552,81.21,0.18,0.0,0.036,0.594,9.707,160.76,0.082
8638.301,123.784,-0.0992,-0.1487,0.3552,81.21,0.17,0.0,0.0343,0.594,9.707,160.76,0.182
8638.401,123.885,-0.0992,-0.1487,0.3552,81.21,0.17,0.0,0.0343,0.594,9.707,160.76,0.282
8638.504,123.988,-0.0992,-0.1487,0.3552,81.22,0.17,0.0,0.0341,0.594,9.707,160.76,0.385
8638.606,124.109,-0.0992,-0.1487,0.3553,81.22,0.17,0.0,0.0336,0.594,9.707,160.76,0.487
8638.707,124.243,-0.0992,-0.1487,0.3553,81.22,0.17,0.0,0.0349,0.594,9.707,160.76,0.588
8638.801,124.339,-0.0991,-0.1487,0.3553,81.2,0.16,0.0,0.0349,0.594,9.707,160.76,0.682
8638.901,124.438,-0.0991,-0.1487,0.3553,81.2,0.16,0.0,0.036,0.594,9.707,160.76,0.782
8639.001,124.545,-0.0991,-0.1487,0.3553,81.2,0.16,0.0,0.0346,0.594,9.707,160.76,0.882
8639.101,124.645,-0.0991,-0.1487,0.3553,81.21,0.16,0.0,0.0326,0.594,9.707,160.76,0.982
8639.201,124.747,-0.0991,-0.1487,0.3553,81.21,0.16,0.0,0.0295,0.594,9.707,160.76,0.089
8639.302,124.853,-0.0991,-0.1487,0.3553,81.21,0.16,0.0,0.0302,0.594,9.707,160.76,0.19
8639.401,124.948,-0.0991,-0.1487,0.3553,81.21,0.16,0.0,0.0335,0.594,9.707,160.76,0.289
8639.501,125.048,-0.0991,-0.1487,0.3553,81.21,0.16,0.0,0.0326,0.594,9.707,160.76,0.389
8639.601,125.148,-0.0991,-0.1487,0.3553,81.21,0.16,0.0,0.0343,0.594,9.707,160.76,0.489
8639.701,125.25,-0.0991,-0.1487,0.3553,81.21,0.16,0.0,0.0322,0.594,9.707,160.76,0.589
