sim_s,wall_s,state,x,y,z,yaw_deg,tilt_deg,cmd_vx,cmd_wz,path_m,map_known_pct,map_known_cells,frontier_count,frontier_cells,frontier_clusters,frontier_extract_ms,candidates_checked,path_requests,selection_cycle,blacklisted,marker_visible,detections_n,exit_pose_seen,escaped,message
40.922,0.5,idle,-0.0024,0.0424,0.3469,90.04,0.02,,,0.0,23.65,1790,0,0,0,0.0,0,0,0,0,False,0,0,0,
41.407,1.0,idle,-0.0024,0.0424,0.3469,90.04,0.02,,,0.0,23.65,1790,0,0,0,0.0,0,0,0,0,False,0,0,0,
41.903,1.5,idle,-0.0024,0.0424,0.3469,90.04,0.02,,,0.0,23.65,1790,0,0,0,0.0,0,0,0,0,False,0,0,0,
42.392,2.0,idle,-0.0024,0.0424,0.3469,90.04,0.02,,,0.0,23.65,1790,0,0,0,0.0,0,0,0,0,False,0,0,0,
42.889,2.5,idle,-0.0024,0.0424,0.3469,90.04,0.02,,,0.0,23.65,1790,0,0,0,0.0,0,0,0,0,False,0,0,0,
43.388,3.0,idle,-0.0024,0.0424,0.3469,90.04,0.02,,,0.0,23.65,1790,0,0,0,0.0,0,0,0,0,False,0,0,0,
43.886,3.5,idle,-0.0024,0.0424,0.3469,90.04,0.02,,,0.0,23.65,1790,0,0,0,0.0,0,0,0,0,False,0,0,0,
44.378,4.0,idle,-0.0024,0.0424,0.3469,90.04,0.02,,,0.0,23.65,1790,0,0,0,0.0,0,0,0,0,False,0,0,0,
44.866,4.5,idle,-0.0024,0.0424,0.3469,90.04,0.02,,,0.0,23.65,1790,0,0,0,0.0,0,0,0,0,False,0,0,0,
45.365,5.0,idle,-0.0024,0.0424,0.3469,90.04,0.02,,,0.0,23.65,1790,0,0,0,0.0,0,0,0,0,False,0,0,0,
45.861,5.5,idle,-0.0024,0.0424,0.3469,90.04,0.02,,,0.0,23.65,1790,0,0,0,0.0,0,0,0,0,False,0,0,0,
46.353,6.0,idle,-0.0024,0.0424,0.3469,90.04,0.02,,,0.0,23.65,1790,0,0,0,0.0,0,0,0,0,False,0,0,0,
46.851,6.5,idle,-0.0024,0.0424,0.3469,90.04,0.02,,,0.0,23.65,1790,0,0,0,0.0,0,0,0,0,False,0,0,0,
47.34,7.0,idle,-0.0024,0.0424,0.3469,90.04,0.02,,,0.0,23.65,1790,0,0,0,0.0,0,0,0,0,False,0,0,0,
47.82,7.5,idle,-0.0024,0.0424,0.3469,90.04,0.02,,,0.0,23.65,1790,0,0,0,0.0,0,0,0,0,False,0,0,0,
48.311,8.0,idle,-0.0024,0.0424,0.3469,90.04,0.02,,,0.0,23.65,1790,0,0,0,0.0,0,0,0,0,False,0,0,0,
48.807,8.5,idle,-0.0024,0.0424,0.3469,90.04,0.02,,,0.0,23.65,1790,0,0,0,0.0,0,0,0,0,False,0,0,0,
49.301,9.002,idle,-0.0024,0.0424,0.3469,90.04,0.02,,,0.0,23.65,1790,0,0,0,0.0,0,0,0,0,False,0,0,0,
49.801,9.5,idle,-0.0024,0.0424,0.3469,90.04,0.02,,,0.0,23.65,1790,0,0,0,0.0,0,0,0,0,False,0,0,0,
50.297,10.0,idle,-0.0024,0.0424,0.3469,90.04,0.02,,,0.0,23.65,1790,0,0,0,0.0,0,0,0,0,False,0,0,0,
50.796,10.5,idle,-0.0024,0.0424,0.3469,90.04,0.02,,,0.0,23.65,1790,0,0,0,0.0,0,0,0,0,False,0,0,0,
51.283,11.001,idle,-0.0024,0.0424,0.3469,90.04,0.02,,,0.0,23.65,1790,0,0,0,0.0,0,0,0,0,False,0,0,0,
51.767,11.501,idle,-0.0024,0.0424,0.3469,90.04,0.02,,,0.0,23.65,1790,0,0,0,0.0,0,0,0,0,False,0,0,0,
52.246,12.0,idle,-0.0024,0.0424,0.3469,90.04,0.02,,,0.0,23.65,1790,0,0,0,0.0,0,0,0,0,False,0,0,0,
52.729,12.5,waiting_map,-0.0024,0.0424,0.3469,90.04,0.02,,,0.0,23.65,1790,0,0,0,0.0,0,0,0,0,False,0,0,0,"aguardando mapa, TF e Nav2"
53.208,13.0,selecting,-0.0024,0.0424,0.3469,90.04,0.02,,,0.0,23.65,1790,0,0,0,0.0,0,0,0,0,False,0,0,0,
53.699,13.5,selecting,-0.0024,0.0424,0.3469,90.04,0.02,,,0.0,23.65,1790,0,0,0,0.0,0,0,0,0,False,0,0,0,
54.186,14.0,selecting,-0.0024,0.0424,0.3469,90.04,0.02,,,0.0,23.65,1790,3,669,3,83.2,1,1,1,0,False,0,0,0,
54.683,14.5,selecting,-0.0024,0.0424,0.3469,90.04,0.02,,,0.0,23.65,1790,3,669,3,83.2,1,1,1,0,False,0,0,0,
55.17,15.0,navigating,-0.0024,0.0424,0.3469,90.04,0.02,,,0.0,23.65,1790,3,669,3,83.2,3,3,1,0,False,0,0,0,navegando para fronteira
55.663,15.5,navigating,0.0063,0.0481,0.3508,90.06,0.18,0.0242,0.0346,0.011,23.65,1790,3,669,3,83.2,3,3,1,0,False,0,0,0,navegando para fronteira
56.15,16.0,navigating,0.0093,0.0628,0.3546,91.19,0.34,0.0413,0.088,0.026,23.65,1790,3,669,3,83.2,3,3,1,0,False,0,0,0,navegando para fronteira
56.642,16.5,navigating,-0.0059,0.0783,0.3555,93.25,0.67,0.0371,0.1172,0.05,23.65,1790,3,669,3,83.2,3,3,1,0,False,0,0,0,navegando para fronteira
57.128,17.0,navigating,-0.0026,0.1063,0.3566,95.6,0.19,0.0601,0.0619,0.079,23.65,1790,3,669,3,83.2,3,3,1,0,False,0,0,0,navegando para fronteira
57.616,17.501,navigating,-0.0061,0.1402,0.3562,97.51,0.24,0.0701,0.0558,0.113,23.65,1790,3,669,3,83.2,3,3,1,0,False,0,0,0,navegando para fronteira
58.109,18.0,navigating,-0.0167,0.1786,0.3582,99.26,0.36,0.0834,0.0326,0.154,23.65,1790,3,669,3,83.2,3,3,1,0,False,0,0,0,navegando para fronteira
58.603,18.5,navigating,-0.0225,0.2241,0.3595,100.42,0.28,0.0947,-0.0169,0.201,23.65,1790,3,669,3,83.2,3,3,1,0,False,0,0,0,navegando para fronteira
59.08,19.0,navigating,-0.0397,0.2732,0.3551,100.44,0.64,0.1118,-0.004,0.253,23.65,1790,3,669,3,83.2,3,3,1,0,False,0,0,0,navegando para fronteira
59.577,19.5,navigating,-0.044,0.3367,0.3559,99.77,0.2,0.1204,-0.0106,0.317,23.65,1790,3,669,3,83.2,3,3,1,0,False,0,0,0,navegando para fronteira
60.072,20.001,navigating,-0.0592,0.4044,0.355,98.38,0.27,0.1229,-0.0415,0.387,36.27,2809,3,669,3,83.2,3,3,1,0,False,0,0,0,navegando para fronteira
60.565,20.501,navigating,-0.0674,0.4788,0.3555,97.11,0.26,0.1268,-0.0332,0.462,36.27,2809,3,669,3,83.2,3,3,1,0,False,0,0,0,navegando para fronteira
61.059,21.0,navigating,-0.0781,0.5442,0.3551,96.01,0.33,0.1291,-0.0526,0.528,36.27,2809,3,669,3,83.2,3,3,1,0,False,0,0,0,navegando para fronteira
61.544,21.5,navigating,-0.0812,0.6119,0.3559,95.01,0.25,0.118,-0.0464,0.597,36.27,2809,3,669,3,83.2,3,3,1,0,False,0,0,0,navegando para fronteira
62.016,22.0,navigating,-0.085,0.6764,0.3547,94.49,0.1,0.1182,-0.0386,0.662,37.56,2909,3,669,3,83.2,3,3,1,0,False,0,0,0,navegando para fronteira
62.51,22.501,navigating,-0.0877,0.7331,0.3577,93.73,0.31,0.0981,-0.0691,0.72,37.56,2909,3,669,3,83.2,3,3,1,0,False,0,0,0,navegando para fronteira
63.0,23.0,navigating,-0.0963,0.7893,0.3592,92.27,0.34,0.1021,-0.0785,0.777,37.56,2909,3,669,3,83.2,3,3,1,0,False,0,0,0,navegando para fronteira
63.493,23.5,navigating,-0.0983,0.845,0.3557,90.65,0.15,0.1032,-0.0351,0.834,37.56,2909,3,669,3,83.2,3,3,1,0,False,0,0,0,navegando para fronteira
63.991,24.0,navigating,-0.0942,0.8991,0.3555,89.6,0.12,0.0616,0.0,0.889,37.56,2909,3,669,3,83.2,3,3,1,0,False,0,0,0,navegando para fronteira
64.48,24.5,selecting,-0.0972,0.9001,0.3506,89.1,0.11,0.0046,0.0746,0.917,37.56,2909,1,382,2,79.5,1,4,2,0,False,0,0,0,fronteira alcancada; atualizando mapa
64.978,25.0,selecting,-0.0894,0.8796,0.351,89.97,0.07,0.0,0.1314,0.94,37.56,2909,1,382,2,79.5,1,4,2,0,False,0,0,0,fronteira alcancada; atualizando mapa
65.475,25.5,navigating,-0.0997,0.8774,0.3511,92.0,0.43,0.0005,0.1373,0.954,37.56,2909,1,382,2,79.5,1,4,2,0,False,0,0,0,navegando para fronteira
65.96,26.0,navigating,-0.0902,0.8773,0.3547,95.9,0.29,0.0005,0.1381,0.967,37.56,2909,1,382,2,79.5,1,4,2,0,False,0,0,0,navegando para fronteira
66.436,26.5,navigating,-0.0932,0.8792,0.3563,99.74,0.23,0.0007,0.1204,0.974,37.56,2909,1,382,2,79.5,1,4,2,0,False,0,0,0,navegando para fronteira
66.913,27.001,navigating,-0.0976,0.8723,0.356,104.3,0.3,0.0,0.1049,0.988,37.56,2909,1,382,2,79.5,1,4,2,0,False,0,0,0,navegando para fronteira
67.411,27.5,navigating,-0.0891,0.8718,0.3569,107.19,0.15,0.0011,0.1324,0.997,37.56,2909,1,382,2,79.5,1,4,2,0,False,0,0,0,navegando para fronteira
67.904,28.0,navigating,-0.0936,0.8683,0.3573,111.17,0.34,0.0032,0.1298,1.004,37.56,2909,1,382,2,79.5,1,4,2,0,False,0,0,0,navegando para fronteira
68.396,28.501,navigating,-0.0903,0.8689,0.3572,114.55,0.17,0.0,0.1562,1.01,37.56,2909,1,382,2,79.5,1,4,2,0,False,0,0,0,navegando para fronteira
68.881,29.0,navigating,-0.0918,0.865,0.3482,118.27,0.3,0.0,0.16,1.018,37.56,2909,1,382,2,79.5,1,4,2,0,False,0,0,0,navegando para fronteira
69.371,29.501,navigating,-0.0947,0.8602,0.3497,121.89,0.31,0.0002,0.1436,1.027,37.56,2909,1,382,2,79.5,1,4,2,0,False,0,0,0,navegando para fronteira
69.859,30.0,navigating,-0.0885,0.8647,0.3523,125.32,0.11,0.0002,0.132,1.036,37.56,2909,1,382,2,79.5,1,4,2,0,False,0,0,0,navegando para fronteira
70.352,30.5,navigating,-0.0925,0.8558,0.3528,128.73,0.4,0.0002,0.1446,1.049,37.56,2909,1,382,2,79.5,1,4,2,0,False,0,0,0,navegando para fronteira
70.838,31.0,navigating,-0.0866,0.8593,0.3512,132.38,0.05,0.0,0.1355,1.06,37.56,2909,1,382,2,79.5,1,4,2,0,False,0,0,0,navegando para fronteira
71.342,31.5,navigating,-0.0869,0.8613,0.353,136.22,0.12,0.0018,0.1524,1.066,37.56,2909,1,382,2,79.5,1,4,2,0,False,0,0,0,navegando para fronteira
71.827,32.0,navigating,-0.0926,0.8573,0.3531,140.28,0.29,0.0013,0.139,1.076,37.56,2909,1,382,2,79.5,1,4,2,0,False,0,0,0,navegando para fronteira
72.322,32.5,navigating,-0.0861,0.858,0.3547,144.44,0.2,0.0,0.1311,1.085,37.56,2909,1,382,2,79.5,1,4,2,0,False,0,0,0,navegando para fronteira
72.809,33.0,navigating,-0.0904,0.8545,0.3539,147.78,0.24,0.0013,0.1449,1.093,37.56,2909,1,382,2,79.5,1,4,2,0,False,0,0,0,navegando para fronteira
73.299,33.5,navigating,-0.0887,0.8507,0.3496,151.06,0.24,0.0009,0.1232,1.099,37.56,2909,1,382,2,79.5,1,4,2,0,False,0,0,0,navegando para fronteira
73.773,34.0,navigating,-0.0883,0.8535,0.3535,153.94,0.13,0.0002,0.149,1.103,37.56,2909,1,382,2,79.5,1,4,2,0,False,0,0,0,navegando para fronteira
74.25,34.5,navigating,-0.087,0.8514,0.3525,157.15,0.21,0.0002,0.1322,1.11,37.56,2909,1,382,2,79.5,1,4,2,0,False,0,0,0,navegando para fronteira
74.744,35.0,navigating,-0.0875,0.8483,0.3548,160.53,0.19,0.0001,0.1246,1.116,37.56,2909,1,382,2,79.5,1,4,2,0,False,0,0,0,navegando para fronteira
75.232,35.5,navigating,-0.0853,0.8504,0.3544,163.85,0.1,0.0,0.1171,1.122,37.56,2909,1,382,2,79.5,1,4,2,0,False,0,0,0,navegando para fronteira
75.726,36.0,navigating,-0.0874,0.849,0.3557,167.39,0.22,0.0006,0.1372,1.127,37.56,2909,1,382,2,79.5,1,4,2,0,False,0,0,0,navegando para fronteira
76.222,36.5,navigating,-0.085,0.8485,0.3562,171.09,0.21,0.0002,0.1329,1.132,37.56,2909,1,382,2,79.5,1,4,2,0,False,0,0,0,navegando para fronteira
76.722,37.0,navigating,-0.0861,0.846,0.3556,174.58,0.26,0.0001,0.1331,1.138,37.56,2909,1,382,2,79.5,1,4,2,0,False,0,0,0,navegando para fronteira
77.222,37.5,navigating,-0.0847,0.8447,0.3533,177.86,0.2,0.0,0.1369,1.143,37.56,2909,1,382,2,79.5,1,4,2,0,False,0,0,0,navegando para fronteira
77.721,38.0,navigating,-0.0861,0.8434,0.3521,-179.11,0.23,0.0,0.1267,1.148,37.56,2909,1,382,2,79.5,1,4,2,0,False,0,0,0,navegando para fronteira
78.22,38.5,navigating,-0.0846,0.8419,0.3534,-176.43,0.22,0.0,0.1118,1.152,37.56,2909,1,382,2,79.5,1,4,2,0,False,0,0,0,navegando para fronteira
78.712,39.0,navigating,-0.086,0.8419,0.3541,-173.7,0.25,0.0,0.1031,1.157,37.56,2909,1,382,2,79.5,1,4,2,0,False,0,0,0,navegando para fronteira
79.211,39.5,navigating,-0.085,0.842,0.3541,-171.03,0.14,0.0,0.1043,1.162,37.56,2909,1,382,2,79.5,1,4,2,0,False,0,0,0,navegando para fronteira
79.702,40.0,navigating,-0.0861,0.8423,0.3552,-167.94,0.16,0.0,0.122,1.166,37.56,2909,1,382,2,79.5,1,4,2,0,False,0,0,0,navegando para fronteira
80.198,40.5,navigating,-0.086,0.8393,0.3543,-164.59,0.24,0.0,0.142,1.171,37.56,2909,1,382,2,79.5,1,4,2,0,False,0,0,0,navegando para fronteira
80.687,41.0,navigating,-0.0854,0.8404,0.356,-161.21,0.19,0.0001,0.1059,1.177,37.56,2909,1,382,2,79.5,1,4,2,0,False,0,0,0,navegando para fronteira
81.181,41.5,navigating,-0.084,0.8381,0.3559,-158.07,0.31,0.0003,0.0987,1.182,37.56,2909,1,382,2,79.5,1,4,2,0,False,0,0,0,navegando para fronteira
81.679,42.0,navigating,-0.084,0.8367,0.3561,-155.62,0.32,0.0001,0.1299,1.186,37.56,2909,1,382,2,79.5,1,4,2,0,False,0,0,0,navegando para fronteira
82.166,42.5,navigating,-0.0859,0.8365,0.3545,-152.93,0.19,0.0,0.1362,1.191,37.56,2909,1,382,2,79.5,1,4,2,0,False,0,0,0,navegando para fronteira
82.658,43.0,navigating,-0.084,0.8345,0.3526,-150.48,0.3,0.0,0.1,1.196,37.56,2909,1,382,2,79.5,1,4,2,0,False,0,0,0,navegando para fronteira
83.154,43.5,navigating,-0.0855,0.8347,0.3533,-147.63,0.2,0.0,0.1003,1.2,37.56,2909,1,382,2,79.5,1,4,2,0,False,0,0,0,navegando para fronteira
83.641,44.0,navigating,-0.0864,0.8336,0.3528,-144.79,0.18,0.0,0.099,1.206,37.56,2909,1,382,2,79.5,1,4,2,0,False,0,0,0,navegando para fronteira
84.13,44.5,navigating,-0.0873,0.836,0.3532,-142.09,0.11,0.0,0.095,1.21,37.56,2909,1,382,2,79.5,1,4,2,0,False,0,0,0,navegando para fronteira
84.615,45.0,navigating,-0.0866,0.832,0.3537,-138.96,0.24,0.0014,0.1293,1.217,37.56,2909,1,382,2,79.5,1,4,2,0,False,0,0,0,navegando para fronteira
85.11,45.5,navigating,-0.0875,0.8337,0.3556,-135.78,0.22,0.0003,0.1393,1.222,37.56,2909,1,382,2,79.5,1,4,2,0,False,0,0,0,navegando para fronteira
85.601,46.0,navigating,-0.0851,0.8304,0.3547,-132.6,0.38,0.0002,0.1263,1.228,37.56,2909,1,382,2,79.5,1,4,2,0,False,0,0,0,navegando para fronteira
86.09,46.5,navigating,-0.0887,0.8292,0.3543,-129.34,0.14,0.0017,0.1273,1.235,37.56,2909,1,382,2,79.5,1,4,2,0,False,0,0,0,navegando para fronteira
86.58,47.001,navigating,-0.0879,0.8291,0.353,-125.86,0.25,0.0001,0.1155,1.242,37.56,2909,1,382,2,79.5,1,4,2,0,False,0,0,0,navegando para fronteira
87.076,47.5,navigating,-0.0895,0.8275,0.3528,-123.04,0.15,0.0002,0.1416,1.249,37.56,2909,1,382,2,79.5,1,4,2,0,False,0,0,0,navegando para fronteira
87.562,48.0,navigating,-0.0903,0.826,0.3547,-120.69,0.28,0.0007,0.1445,1.256,37.56,2909,1,382,2,79.5,1,4,2,0,False,0,0,0,navegando para fronteira
88.055,48.5,navigating,-0.0939,0.8251,0.3552,-118.13,0.13,0.005,0.0634,1.263,37.56,2909,1,382,2,79.5,1,4,2,0,False,0,0,0,navegando para fronteira
88.557,49.0,navigating,-0.0953,0.8227,0.3538,-116.17,0.13,0.0011,0.0154,1.267,37.56,2909,1,382,2,79.5,1,4,2,0,False,0,0,0,navegando para fronteira
89.047,49.501,navigating,-0.0954,0.8205,0.3514,-113.6,0.2,0.0094,0.0881,1.275,37.56,2909,1,382,2,79.5,1,4,2,0,False,0,0,0,navegando para fronteira
89.539,50.0,navigating,-0.0993,0.8155,0.3549,-111.3,0.18,0.0112,0.0898,1.282,37.56,2909,1,382,2,79.5,1,4,2,0,False,0,0,0,navegando para fronteira
90.029,50.501,navigating,-0.1003,0.8036,0.3557,-108.75,0.34,0.0349,0.141,1.295,37.56,2909,1,382,2,79.5,1,4,2,0,False,0,0,0,navegando para fronteira
90.527,51.0,navigating,-0.1085,0.7782,0.3574,-106.17,0.23,0.0618,0.1182,1.322,37.56,2909,1,382,2,79.5,1,4,2,0,False,0,0,0,navegando para fronteira
91.021,51.501,navigating,-0.12,0.7369,0.3594,-103.67,0.32,0.0737,0.0915,1.365,37.56,2909,1,382,2,79.5,1,4,2,0,False,0,0,0,navegando para fronteira
91.525,52.0,navigating,-0.1275,0.6968,0.3589,-101.57,0.33,0.0709,0.0945,1.406,37.56,2909,1,382,2,79.5,1,4,2,0,False,0,0,0,navegando para fronteira
92.019,52.5,navigating,-0.1392,0.6532,0.3595,-99.35,0.31,0.0766,0.0963,1.452,37.56,2909,1,382,2,79.5,1,4,2,0,False,0,0,0,navegando para fronteira
92.512,53.0,navigating,-0.1447,0.6142,0.3603,-97.37,0.28,0.0639,0.0335,1.492,37.56,2909,1,382,2,79.5,1,4,2,0,False,0,0,0,navegando para fronteira
93.008,53.5,navigating,-0.1509,0.5785,0.358,-96.49,0.13,0.0646,-0.0042,1.528,37.56,2909,1,382,2,79.5,1,4,2,0,False,0,0,0,navegando para fronteira
93.499,54.0,navigating,-0.1547,0.5362,0.3563,-96.54,0.25,0.0846,-0.0412,1.571,44.19,3500,1,382,2,79.5,1,4,2,0,False,0,0,0,navegando para fronteira
93.993,54.5,navigating,-0.1609,0.483,0.3577,-97.47,0.28,0.0975,-0.0425,1.625,44.19,3500,1,382,2,79.5,1,4,2,0,False,0,0,0,navegando para fronteira
94.487,55.0,navigating,-0.1685,0.4378,0.3567,-99.03,0.23,0.0718,-0.0709,1.672,44.19,3500,1,382,2,79.5,1,4,2,0,False,0,0,0,navegando para fronteira
94.982,55.501,navigating,-0.1752,0.395,0.3542,-101.13,0.13,0.0754,-0.07,1.715,44.19,3500,1,382,2,79.5,1,4,2,0,False,0,0,0,navegando para fronteira
95.482,56.0,navigating,-0.1876,0.3537,0.3543,-103.85,0.19,0.0683,-0.0895,1.758,44.19,3500,1,382,2,79.5,1,4,2,0,False,0,0,0,navegando para fronteira
95.979,56.5,navigating,-0.1956,0.3197,0.3551,-106.55,0.18,0.0577,-0.1075,1.794,44.19,3500,1,382,2,79.5,1,4,2,0,False,0,0,0,navegando para fronteira
96.475,57.0,navigating,-0.2067,0.2903,0.3556,-109.82,0.22,0.0539,-0.0917,1.825,44.19,3500,1,382,2,79.5,1,4,2,0,False,0,0,0,navegando para fronteira
96.965,57.5,navigating,-0.2165,0.2585,0.3548,-112.78,0.13,0.0576,-0.1432,1.859,44.19,3500,1,382,2,79.5,1,4,2,0,False,0,0,0,navegando para fronteira
97.456,58.0,navigating,-0.2304,0.2324,0.3538,-115.78,0.18,0.0469,-0.1216,1.89,45.81,3669,1,382,2,79.5,1,4,2,0,False,0,0,0,navegando para fronteira
97.954,58.501,navigating,-0.2394,0.2095,0.3539,-118.49,0.11,0.0352,-0.1316,1.915,45.81,3669,1,382,2,79.5,1,4,2,0,False,0,0,0,navegando para fronteira
98.44,59.0,navigating,-0.2474,0.1898,0.3528,-121.57,0.14,0.0359,-0.1335,1.937,45.81,3669,1,382,2,79.5,1,4,2,0,False,0,0,0,navegando para fronteira
98.935,59.5,navigating,-0.2602,0.1745,0.3521,-125.27,0.08,0.032,-0.1494,1.958,45.81,3669,1,382,2,79.5,1,4,2,0,False,0,0,0,navegando para fronteira
99.438,60.0,navigating,-0.2671,0.1569,0.3523,-129.08,0.16,0.0293,-0.1187,1.977,45.81,3669,1,382,2,79.5,1,4,2,0,False,0,0,0,navegando para fronteira
99.932,60.5,navigating,-0.2808,0.1415,0.3528,-132.83,0.11,0.0358,-0.1414,1.998,45.81,3669,1,382,2,79.5,1,4,2,0,False,0,0,0,navegando para fronteira
100.43,61.0,navigating,-0.2981,0.1268,0.3546,-136.8,0.25,0.0323,-0.1434,2.022,45.81,3669,1,382,2,79.5,1,4,2,0,False,0,0,0,navegando para fronteira
100.914,61.501,navigating,-0.3032,0.1113,0.3574,-140.63,0.3,0.0205,-0.117,2.039,45.81,3669,1,382,2,79.5,1,4,2,0,False,0,0,0,navegando para fronteira
101.403,62.001,navigating,-0.3167,0.1149,0.3509,-144.13,0.46,0.0187,-0.1473,2.057,45.81,3669,1,382,2,79.5,1,4,2,0,False,0,0,0,navegando para fronteira
101.901,62.5,navigating,-0.3289,0.0976,0.3499,-147.43,0.28,0.0371,-0.1484,2.081,45.81,3669,1,382,2,79.5,1,4,2,0,False,0,0,0,navegando para fronteira
102.398,63.0,navigating,-0.3394,0.0872,0.3532,-150.96,0.17,0.0286,-0.1539,2.102,45.78,3708,1,382,2,79.5,1,4,2,0,False,0,0,0,navegando para fronteira
102.888,63.5,navigating,-0.357,0.087,0.3544,-154.83,0.21,0.0251,-0.1554,2.122,45.78,3708,1,382,2,79.5,1,4,2,0,False,0,0,0,navegando para fronteira
103.378,64.0,navigating,-0.3697,0.0659,0.3548,-158.84,0.4,0.0236,-0.1355,2.148,45.78,3708,1,382,2,79.5,1,4,2,0,False,0,0,0,navegando para fronteira
103.874,64.5,navigating,-0.3866,0.0685,0.3527,-162.69,0.25,0.0292,-0.1409,2.167,45.78,3708,1,382,2,79.5,1,4,2,0,False,0,0,0,navegando para fronteira
104.37,65.0,navigating,-0.4041,0.0618,0.3529,-166.54,0.19,0.042,-0.1134,2.191,45.78,3708,1,382,2,79.5,1,4,2,0,False,0,0,0,navegando para fronteira
104.866,65.501,navigating,-0.429,0.0486,0.3561,-169.65,0.14,0.0528,-0.1018,2.222,45.78,3708,1,382,2,79.5,1,4,2,0,False,0,0,0,navegando para fronteira
105.363,66.0,navigating,-0.4666,0.048,0.3576,-172.68,0.3,0.081,-0.1263,2.26,45.78,3708,1,382,2,79.5,1,4,2,0,False,0,0,0,navegando para fronteira
105.853,66.5,navigating,-0.5122,0.0371,0.36,-175.76,0.26,0.0888,-0.1414,2.308,45.78,3708,1,382,2,79.5,1,4,2,0,False,0,0,0,navegando para fronteira
106.348,67.0,navigating,-0.5667,0.0373,0.3592,-178.92,0.2,0.1052,-0.1197,2.363,45.97,3723,1,382,2,79.5,1,4,2,0,False,0,0,0,navegando para fronteira
106.84,67.501,navigating,-0.6368,0.0307,0.3581,178.46,0.31,0.1293,-0.1029,2.434,45.97,3723,1,382,2,79.5,1,4,2,0,False,0,0,0,navegando para fronteira
107.341,68.0,navigating,-0.7091,0.0332,0.3586,176.4,0.28,0.1318,-0.0648,2.506,45.97,3723,1,382,2,79.5,1,4,2,0,False,0,0,0,navegando para fronteira
107.822,68.5,navigating,-0.7822,0.036,0.356,174.89,0.22,0.1417,-0.0497,2.579,45.97,3723,1,382,2,79.5,1,4,2,0,False,0,0,0,navegando para fronteira
108.312,69.0,navigating,-0.8577,0.0397,0.3585,173.64,0.23,0.1389,-0.0163,2.655,45.97,3723,1,382,2,79.5,1,4,2,0,False,0,0,0,navegando para fronteira
108.812,69.501,navigating,-0.9305,0.0482,0.3565,172.93,0.18,0.124,0.0122,2.729,45.97,3723,1,382,2,79.5,1,4,2,0,False,0,0,0,navegando para fronteira
109.311,70.001,navigating,-0.9983,0.0532,0.3563,173.2,0.27,0.1207,0.0326,2.797,46.17,3739,1,382,2,79.5,1,4,2,0,False,0,0,0,navegando para fronteira
109.8,70.5,navigating,-1.0669,0.0608,0.3571,173.98,0.16,0.1227,0.0589,2.866,46.17,3739,1,382,2,79.5,1,4,2,0,False,0,0,0,navegando para fronteira
110.292,71.0,navigating,-1.1326,0.0666,0.3564,175.06,0.16,0.1184,0.0599,2.933,46.17,3739,1,382,2,79.5,1,4,2,0,False,0,0,0,navegando para fronteira
110.787,71.5,navigating,-1.1976,0.067,0.3535,176.37,0.2,0.1063,0.0229,2.998,46.17,3739,1,382,2,79.5,1,4,2,0,False,0,0,0,navegando para fronteira
111.287,72.001,navigating,-1.2537,0.0688,0.3539,177.23,0.19,0.0923,0.0127,3.054,46.17,3739,1,382,2,79.5,1,4,2,0,False,0,0,0,navegando para fronteira
111.773,72.5,navigating,-1.3014,0.0683,0.356,177.73,0.24,0.0869,0.0132,3.102,46.17,3739,1,382,2,79.5,1,4,2,0,False,0,0,0,navegando para fronteira
112.243,73.0,navigating,-1.3441,0.0709,0.3532,178.04,0.16,0.0807,0.0003,3.145,33.93,3744,1,382,2,79.5,1,4,2,0,False,0,0,0,navegando para fronteira
112.74,73.5,navigating,-1.3895,0.0599,0.3504,177.93,0.54,0.0797,0.0288,3.193,33.93,3744,1,382,2,79.5,1,4,2,0,False,0,0,0,navegando para fronteira
113.233,74.0,navigating,-1.4324,0.0669,0.3539,177.86,0.19,0.0711,0.0176,3.236,33.93,3744,1,382,2,79.5,1,4,2,0,False,0,0,0,navegando para fronteira
113.725,74.5,navigating,-1.4611,0.0655,0.3532,178.17,0.48,0.0476,0.0162,3.268,33.93,3744,1,382,2,79.5,1,4,2,0,False,0,0,0,navegando para fronteira
114.219,75.0,navigating,-1.4811,0.0638,0.354,178.24,0.13,0.0328,0.0029,3.289,33.93,3744,1,382,2,79.5,1,4,2,0,False,0,0,0,navegando para fronteira
114.721,75.5,navigating,-1.4979,0.0674,0.3534,178.38,0.07,0.0296,-0.0098,3.308,33.93,3744,1,382,2,79.5,1,4,2,0,False,0,0,0,navegando para fronteira
115.213,76.0,navigating,-1.5112,0.0656,0.3504,178.4,0.09,0.0241,-0.0129,3.323,33.93,3744,1,382,2,79.5,1,4,2,0,False,0,0,0,navegando para fronteira
115.704,76.5,navigating,-1.529,0.068,0.3513,178.57,0.09,0.0293,-0.0101,3.342,33.93,3744,1,382,2,79.5,1,4,2,0,False,0,0,0,navegando para fronteira
116.201,77.0,navigating,-1.5476,0.0635,0.354,178.61,0.26,0.0271,-0.0178,3.361,33.93,3744,1,382,2,79.5,1,4,2,0,False,0,0,0,navegando para fronteira
116.691,77.5,navigating,-1.5562,0.0645,0.3539,178.53,0.19,0.0183,0.0102,3.372,33.93,3744,1,382,2,79.5,1,4,2,0,False,0,0,0,navegando para fronteira
117.191,78.0,navigating,-1.5677,0.0622,0.3538,178.58,0.24,0.0175,0.0105,3.384,33.93,3744,1,382,2,79.5,1,4,2,0,False,0,0,0,navegando para fronteira
117.681,78.5,navigating,-1.5777,0.0628,0.3546,178.6,0.14,0.0162,0.0293,3.396,33.93,3744,1,382,2,79.5,1,4,2,0,False,0,0,0,navegando para fronteira
118.174,79.0,navigating,-1.5856,0.0621,0.354,179.59,0.21,0.0138,0.046,3.405,33.93,3744,1,382,2,79.5,1,4,2,0,False,0,0,0,navegando para fronteira
118.661,79.5,navigating,-1.5946,0.0605,0.3547,-179.4,0.23,0.0155,0.0529,3.415,33.93,3744,1,382,2,79.5,1,4,2,0,False,0,0,0,navegando para fronteira
119.149,80.0,navigating,-1.6021,0.0606,0.3565,-178.9,0.14,0.0152,-0.0176,3.424,33.93,3744,1,382,2,79.5,1,4,2,0,False,0,0,0,navegando para fronteira
119.634,80.501,navigating,-1.6104,0.0598,0.3555,-178.57,0.09,0.0158,-0.008,3.434,33.93,3744,1,382,2,79.5,1,4,2,0,False,0,0,0,navegando para fronteira
120.134,81.0,navigating,-1.6203,0.0566,0.3549,-178.08,0.22,0.0144,-0.0053,3.445,33.99,3751,1,382,2,79.5,1,4,2,0,False,0,0,0,navegando para fronteira
120.63,81.5,navigating,-1.6281,0.056,0.3553,-177.82,0.17,0.0122,-0.0214,3.454,33.99,3751,1,382,2,79.5,1,4,2,0,False,0,0,0,navegando para fronteira
121.124,82.0,navigating,-1.6328,0.0534,0.3537,-178.35,0.24,0.0115,-0.0256,3.462,33.99,3751,1,382,2,79.5,1,4,2,0,False,0,0,0,navegando para fronteira
121.622,82.5,navigating,-1.6368,0.0525,0.3536,-178.89,0.14,0.0083,-0.0028,3.468,33.99,3751,1,382,2,79.5,1,4,2,0,False,0,0,0,navegando para fronteira
122.116,83.0,navigating,-1.6399,0.0513,0.3504,-179.36,0.18,0.0047,0.0032,3.475,33.99,3751,1,382,2,79.5,1,4,2,0,False,0,0,0,navegando para fronteira
122.605,83.5,navigating,-1.6409,0.0492,0.3525,-179.98,0.17,0.0001,-0.0183,3.48,33.99,3751,1,382,2,79.5,1,4,2,0,False,0,0,0,navegando para fronteira
123.09,84.0,navigating,-1.6415,0.0497,0.3539,179.19,0.17,0.0051,-0.0415,3.485,33.99,3751,1,382,2,79.5,1,4,2,0,False,0,0,0,navegando para fronteira
123.581,84.5,navigating,-1.6452,0.0525,0.3523,178.32,0.07,0.0011,-0.0274,3.491,33.99,3751,1,382,2,79.5,1,4,2,0,False,0,0,0,navegando para fronteira
124.065,85.0,navigating,-1.6469,0.0498,0.3488,177.68,0.18,0.0083,-0.0545,3.496,33.99,3751,1,382,2,79.5,1,4,2,0,False,0,0,0,navegando para fronteira
124.559,85.5,navigating,-1.6574,0.0528,0.353,176.95,0.17,0.0153,-0.0493,3.508,33.99,3751,1,382,2,79.5,1,4,2,0,False,0,0,0,navegando para fronteira
125.06,86.0,navigating,-1.6634,0.0487,0.3553,176.25,0.35,0.0108,-0.0275,3.518,33.99,3751,1,382,2,79.5,1,4,2,0,False,0,0,0,navegando para fronteira
125.557,86.5,navigating,-1.6678,0.0491,0.3549,175.64,0.12,0.0025,-0.0343,3.527,33.99,3751,1,382,2,79.5,1,4,2,0,False,0,0,0,navegando para fronteira
126.043,87.0,navigating,-1.6661,0.0457,0.3527,174.23,0.23,0.0027,-0.0475,3.534,33.99,3751,1,382,2,79.5,1,4,2,0,False,0,0,0,navegando para fronteira
126.531,87.5,navigating,-1.6689,0.0477,0.3541,172.53,0.08,0.0002,-0.0421,3.538,33.99,3751,1,382,2,79.5,1,4,2,0,False,0,0,0,navegando para fronteira
127.031,88.0,navigating,-1.668,0.0487,0.3543,170.72,0.14,0.0035,-0.0646,3.545,33.99,3751,1,382,2,79.5,1,4,2,0,False,0,0,0,navegando para fronteira
127.524,88.5,navigating,-1.6755,0.0483,0.3548,169.16,0.18,0.013,-0.043,3.554,33.99,3751,1,382,2,79.5,1,4,2,0,False,0,0,0,navegando para fronteira
128.019,89.0,navigating,-1.6815,0.0508,0.3544,168.17,0.14,0.0104,-0.0456,3.561,33.99,3751,1,382,2,79.5,1,4,2,0,False,0,0,0,navegando para fronteira
128.52,89.5,navigating,-1.6864,0.0508,0.3541,167.32,0.06,0.0049,-0.0526,3.567,33.99,3751,1,382,2,79.5,1,4,2,0,False,0,0,0,navegando para fronteira
129.015,90.0,navigating,-1.6877,0.0483,0.3539,166.24,0.12,0.0028,-0.0572,3.572,33.99,3751,1,382,2,79.5,1,4,2,0,False,0,0,0,navegando para fronteira
129.512,90.5,navigating,-1.6891,0.0492,0.3544,164.95,0.11,0.0056,-0.0723,3.578,33.99,3751,1,382,2,79.5,1,4,2,0,False,0,0,0,navegando para fronteira
129.999,91.0,navigating,-1.6926,0.048,0.3573,164.07,0.21,0.0093,-0.0198,3.584,33.99,3751,1,382,2,79.5,1,4,2,0,False,0,0,0,navegando para fronteira
130.495,91.5,navigating,-1.6973,0.0467,0.3571,163.11,0.14,0.0135,-0.0438,3.591,33.99,3751,1,382,2,79.5,1,4,2,0,False,0,0,0,navegando para fronteira
130.987,92.0,navigating,-1.7029,0.0502,0.3573,162.11,0.14,0.0129,-0.0499,3.6,33.99,3751,1,382,2,79.5,1,4,2,0,False,0,0,0,navegando para fronteira
131.483,92.5,navigating,-1.7093,0.0499,0.3575,160.32,0.17,0.0175,-0.0562,3.609,33.99,3751,1,382,2,79.5,1,4,2,0,False,0,0,0,navegando para fronteira
131.98,93.0,navigating,-1.7182,0.0543,0.357,159.01,0.2,0.025,-0.0694,3.62,33.99,3751,1,382,2,79.5,1,4,2,0,False,0,0,0,navegando para fronteira
132.479,93.5,navigating,-1.7313,0.0589,0.3574,157.53,0.17,0.0254,-0.0226,3.635,33.99,3751,1,382,2,79.5,1,4,2,0,False,0,0,0,navegando para fronteira
132.977,94.0,navigating,-1.7443,0.0635,0.3558,156.51,0.1,0.028,-0.0569,3.649,33.99,3751,1,382,2,79.5,1,4,2,0,False,0,0,0,navegando para fronteira
133.47,94.5,navigating,-1.7587,0.0683,0.3554,155.33,0.18,0.029,-0.0631,3.665,33.99,3751,1,382,2,79.5,1,4,2,0,False,0,0,0,navegando para fronteira
133.967,95.0,navigating,-1.7726,0.0768,0.3556,153.88,0.17,0.0341,-0.0634,3.682,33.99,3751,1,382,2,79.5,1,4,2,0,False,0,0,0,navegando para fronteira
134.459,95.5,navigating,-1.7917,0.0816,0.3571,152.58,0.26,0.0396,-0.0331,3.702,33.99,3751,1,382,2,79.5,1,4,2,0,False,0,0,0,navegando para fronteira
134.953,96.0,navigating,-1.8116,0.0899,0.355,151.4,0.16,0.0465,-0.0404,3.724,35.14,3953,1,382,2,79.5,1,4,2,0,False,0,0,0,navegando para fronteira
135.443,96.5,navigating,-1.8346,0.1023,0.3506,150.26,0.19,0.0477,-0.018,3.751,35.14,3953,1,382,2,79.5,1,4,2,0,False,0,0,0,navegando para fronteira
135.937,97.0,navigating,-1.8562,0.1081,0.3526,149.6,0.3,0.0405,-0.0153,3.774,35.14,3953,1,382,2,79.5,1,4,2,0,False,0,0,0,navegando para fronteira
136.437,97.5,navigating,-1.8722,0.1219,0.3564,148.76,0.22,0.0384,-0.0416,3.795,35.14,3953,1,382,2,79.5,1,4,2,0,False,0,0,0,navegando para fronteira
136.931,98.0,navigating,-1.8916,0.1308,0.3564,147.53,0.21,0.0387,-0.0407,3.817,35.14,3953,1,382,2,79.5,1,4,2,0,False,0,0,0,navegando para fronteira
137.424,98.5,navigating,-1.9105,0.1425,0.3548,146.7,0.13,0.0423,-0.0448,3.841,35.14,3953,1,382,2,79.5,1,4,2,0,False,0,0,0,navegando para fronteira
137.912,99.0,navigating,-1.9316,0.1581,0.3556,146.02,0.14,0.0516,-0.0079,3.867,35.14,3953,1,382,2,79.5,1,4,2,0,False,0,0,0,navegando para fronteira
138.419,99.5,navigating,-1.9565,0.1703,0.3573,146.21,0.24,0.0478,0.0452,3.895,35.14,3953,1,382,2,79.5,1,4,2,0,False,0,0,0,navegando para fronteira
138.915,100.0,navigating,-1.9737,0.1801,0.3557,147.52,0.19,0.0396,0.0884,3.916,35.14,3953,1,382,2,79.5,1,4,2,0,False,0,0,0,navegando para fronteira
139.407,100.5,navigating,-1.994,0.1888,0.3548,149.48,0.22,0.0459,0.1026,3.939,35.14,3953,1,382,2,79.5,1,4,2,0,False,0,0,0,navegando para fronteira
139.902,101.0,navigating,-2.0195,0.1988,0.3553,151.88,0.26,0.0594,0.1075,3.967,35.14,3953,1,382,2,79.5,1,4,2,0,False,0,0,0,navegando para fronteira
140.399,101.5,navigating,-2.0502,0.2181,0.3551,154.45,0.24,0.0684,0.1416,4.003,35.14,3953,1,382,2,79.5,1,4,2,0,False,0,0,0,navegando para fronteira
140.896,102.0,navigating,-2.0894,0.2294,0.3566,157.75,0.36,0.0761,0.1261,4.045,35.14,3953,1,382,2,79.5,1,4,2,0,False,0,0,0,navegando para fronteira
141.392,102.501,navigating,-2.1306,0.2475,0.3572,160.65,0.21,0.0849,0.1272,4.09,35.14,3953,1,382,2,79.5,1,4,2,0,False,0,0,0,navegando para fronteira
141.886,103.0,navigating,-2.1809,0.2604,0.3547,163.9,0.26,0.0985,0.1486,4.142,37.34,4201,1,382,2,79.5,1,4,2,0,False,0,0,0,navegando para fronteira
142.384,103.5,navigating,-2.233,0.2699,0.3586,167.31,0.33,0.0905,0.119,4.195,37.34,4201,1,382,2,79.5,1,4,2,0,False,0,0,0,navegando para fronteira
142.883,104.001,navigating,-2.2825,0.2846,0.3588,170.64,0.2,0.0916,0.1576,4.248,37.34,4201,1,382,2,79.5,1,4,2,0,False,0,0,0,navegando para fronteira
143.376,104.5,navigating,-2.3373,0.2822,0.3593,174.51,0.45,0.112,0.1394,4.303,37.34,4201,1,382,2,79.5,1,4,2,0,False,0,0,0,navegando para fronteira
143.876,105.0,navigating,-2.3975,0.2883,0.3576,177.84,0.24,0.1144,0.1177,4.364,41.85,4708,1,382,2,79.5,1,4,2,0,False,0,0,0,navegando para fronteira
144.374,105.5,navigating,-2.4619,0.2862,0.3598,-179.63,0.3,0.1132,0.097,4.429,41.85,4708,1,382,2,79.5,1,4,2,0,False,0,0,0,navegando para fronteira
144.867,106.001,navigating,-2.5253,0.2828,0.3612,-178.19,0.32,0.1109,0.09,4.493,41.85,4708,1,382,2,79.5,1,4,2,0,False,0,0,0,navegando para fronteira
145.367,106.5,navigating,-2.5867,0.2786,0.36,-176.49,0.32,0.1079,0.0699,4.554,41.85,4708,1,382,2,79.5,1,4,2,0,False,0,0,0,navegando para fronteira
145.863,107.0,navigating,-2.644,0.2726,0.3596,-175.04,0.26,0.0964,0.048,4.612,41.85,4708,1,382,2,79.5,1,4,2,0,False,0,0,0,navegando para fronteira
146.358,107.5,navigating,-2.6829,0.2626,0.3573,-174.3,0.5,0.0,0.0,4.653,41.85,4708,1,382,2,79.5,1,4,2,0,False,0,0,0,navegando para fronteira
146.848,108.0,navigating,-2.6792,0.2669,0.3539,-174.3,0.06,0.0,0.0,4.66,41.85,4708,1,382,2,79.5,1,4,2,0,False,0,0,0,navegando para fronteira
147.338,108.5,selecting,-2.6836,0.267,0.354,-174.31,0.13,0.0168,-0.0077,4.664,41.85,4708,3,423,3,82.7,1,5,3,0,False,0,0,0,fronteira alcancada; atualizando mapa
147.832,109.0,selecting,-2.696,0.2589,0.3536,-174.45,0.57,0.0422,-0.0168,4.68,41.85,4708,3,423,3,82.7,1,5,3,0,False,0,0,0,fronteira alcancada; atualizando mapa
148.33,109.5,navigating,-2.728,0.2564,0.3568,-175.41,0.18,0.0647,-0.0483,4.714,41.85,4708,3,423,3,82.7,3,7,3,0,False,0,0,0,navegando para fronteira
148.822,110.0,navigating,-2.7644,0.2536,0.3558,-176.59,0.23,0.0665,-0.031,4.752,44.15,4967,3,423,3,82.7,3,7,3,0,False,0,0,0,navegando para fronteira
149.324,110.5,navigating,-2.8028,0.247,0.3573,-177.87,0.25,0.0678,-0.027,4.791,44.15,4967,3,423,3,82.7,3,7,3,0,False,0,0,0,navegando para fronteira
149.816,111.001,navigating,-2.8441,0.25,0.357,-179.09,0.27,0.077,-0.0443,4.833,44.15,4967,3,423,3,82.7,3,7,3,0,False,0,0,0,navegando para fronteira
150.313,111.5,navigating,-2.887,0.2417,0.3565,179.32,0.31,0.0754,-0.0756,4.877,44.15,4967,3,423,3,82.7,3,7,3,0,False,0,0,0,navegando para fronteira
150.81,112.0,navigating,-2.9262,0.2458,0.3547,177.68,0.15,0.0757,-0.084,4.917,44.15,4967,3,423,3,82.7,3,7,3,0,False,0,0,0,navegando para fronteira
151.297,112.501,navigating,-2.9684,0.2412,0.3518,175.7,0.29,0.074,-0.0986,4.959,44.15,4967,3,423,3,82.7,3,7,3,0,False,0,0,0,navegando para fronteira
151.787,113.0,navigating,-3.0044,0.2508,0.3536,173.4,0.29,0.0622,-0.1058,4.998,44.15,4967,3,423,3,82.7,3,7,3,0,False,0,0,0,navegando para fronteira
152.282,113.5,navigating,-3.0436,0.2486,0.3549,171.03,0.37,0.0678,-0.0965,5.037,44.15,4967,3,423,3,82.7,3,7,3,0,False,0,0,0,navegando para fronteira
152.782,114.0,navigating,-3.0814,0.2552,0.3551,168.44,0.12,0.068,-0.1014,5.076,44.15,4967,3,423,3,82.7,3,7,3,0,False,0,0,0,navegando para fronteira
153.28,114.5,navigating,-3.1147,0.2641,0.3548,165.75,0.18,0.0605,-0.0929,5.111,44.15,4967,3,423,3,82.7,3,7,3,0,False,0,0,0,navegando para fronteira
153.762,115.0,navigating,-3.1464,0.2681,0.3544,162.71,0.2,0.0562,-0.0966,5.144,44.57,5014,3,423,3,82.7,3,7,3,0,False,0,0,0,navegando para fronteira
154.261,115.501,navigating,-3.1735,0.2808,0.3559,159.71,0.22,0.0523,-0.0985,5.174,44.57,5014,3,423,3,82.7,3,7,3,0,False,0,0,0,navegando para fronteira
154.761,116.0,navigating,-3.2017,0.2892,0.3558,156.77,0.13,0.0493,-0.1265,5.204,44.57,5014,3,423,3,82.7,3,7,3,0,False,0,0,0,navegando para fronteira
155.25,116.5,navigating,-3.2241,0.2974,0.3556,153.93,0.08,0.0407,-0.1288,5.228,44.57,5014,3,423,3,82.7,3,7,3,0,False,0,0,0,navegando para fronteira
155.729,117.0,navigating,-3.2433,0.3069,0.3536,151.33,0.14,0.0415,-0.1071,5.25,44.57,5014,3,423,3,82.7,3,7,3,0,False,0,0,0,navegando para fronteira
156.224,117.5,navigating,-3.2647,0.3182,0.3545,148.49,0.16,0.0398,-0.1169,5.275,44.57,5014,3,423,3,82.7,3,7,3,0,False,0,0,0,navegando para fronteira
156.724,118.0,navigating,-3.2816,0.3288,0.3547,146.37,0.14,0.0322,-0.0597,5.296,42.77,5133,3,423,3,82.7,3,7,3,0,False,0,0,0,navegando para fronteira
157.213,118.5,navigating,-3.2969,0.3357,0.3528,144.58,0.08,0.0291,-0.0396,5.313,42.77,5133,3,423,3,82.7,3,7,3,0,False,0,0,0,navegando para fronteira
157.709,119.0,navigating,-3.3121,0.3415,0.3526,142.77,0.05,0.0301,-0.045,5.33,42.77,5133,3,423,3,82.7,3,7,3,0,False,0,0,0,navegando para fronteira
158.206,119.5,navigating,-3.3264,0.3569,0.3541,141.22,0.23,0.0355,-0.0344,5.353,42.77,5133,3,423,3,82.7,3,7,3,0,False,0,0,0,navegando para fronteira
158.702,120.0,navigating,-3.3433,0.3638,0.3536,140.18,0.22,0.0299,-0.0376,5.372,42.77,5133,3,423,3,82.7,3,7,3,0,False,0,0,0,navegando para fronteira
159.189,120.5,navigating,-3.3526,0.3741,0.3556,139.72,0.17,0.0257,0.016,5.387,42.77,5133,3,423,3,82.7,3,7,3,0,False,0,0,0,navegando para fronteira
159.68,121.0,navigating,-3.3625,0.3822,0.3559,139.94,0.06,0.0269,-0.0139,5.4,42.77,5133,3,423,3,82.7,3,7,3,0,False,0,0,0,navegando para fronteira
160.18,121.5,navigating,-3.3734,0.3882,0.3564,139.96,0.14,0.0175,-0.0054,5.414,42.77,5133,3,423,3,82.7,3,7,3,0,False,0,0,0,navegando para fronteira
160.675,122.0,navigating,-3.3798,0.3938,0.3567,140.03,0.13,0.0166,-0.017,5.424,42.77,5133,3,423,3,82.7,3,7,3,0,False,0,0,0,navegando para fronteira
161.175,122.5,navigating,-3.3866,0.3975,0.3559,140.07,0.22,0.01,0.0011,5.433,42.77,5133,3,423,3,82.7,3,7,3,0,False,0,0,0,navegando para fronteira
161.674,123.001,navigating,-3.3926,0.4005,0.3552,139.98,0.17,0.0158,-0.001,5.441,42.77,5133,3,423,3,82.7,3,7,3,0,False,0,0,0,navegando para fronteira
162.164,123.5,navigating,-3.3978,0.4056,0.3534,139.92,0.14,0.0143,0.0099,5.451,42.77,5133,3,423,3,82.7,3,7,3,0,False,0,0,0,navegando para fronteira
162.655,124.001,navigating,-3.4041,0.4097,0.3538,139.67,0.15,0.0149,0.0014,5.459,42.77,5133,3,423,3,82.7,3,7,3,0,False,0,0,0,navegando para fronteira
163.154,124.5,navigating,-3.4075,0.412,0.3545,139.38,0.14,0.0095,-0.0209,5.466,42.77,5133,3,423,3,82.7,3,7,3,0,False,0,0,0,navegando para fronteira
163.653,125.0,navigating,-3.4104,0.4166,0.3546,139.11,0.13,0.008,-0.0195,5.473,42.77,5133,3,423,3,82.7,3,7,3,0,False,0,0,0,navegando para fronteira
164.152,125.5,navigating,-3.4149,0.4193,0.3539,139.3,0.07,0.0087,-0.0069,5.48,42.77,5133,3,423,3,82.7,3,7,3,0,False,0,0,0,navegando para fronteira
164.646,126.002,navigating,-3.4188,0.4202,0.3541,139.61,0.12,0.0054,-0.0051,5.486,42.77,5133,3,423,3,82.7,3,7,3,0,False,0,0,0,navegando para fronteira
165.145,126.5,navigating,-3.4196,0.4213,0.354,139.92,0.12,0.0028,-0.002,5.491,42.77,5133,3,423,3,82.7,3,7,3,0,False,0,0,0,navegando para fronteira
165.646,127.0,navigating,-3.4214,0.4213,0.3547,140.08,0.16,0.0064,0.0246,5.497,42.77,5133,3,423,3,82.7,3,7,3,0,False,0,0,0,navegando para fronteira
166.126,127.5,navigating,-3.4251,0.4219,0.3541,140.2,0.15,0.0034,0.0168,5.502,42.77,5133,3,423,3,82.7,3,7,3,0,False,0,0,0,navegando para fronteira
166.621,128.0,navigating,-3.4252,0.4248,0.3531,140.56,0.12,0.0047,0.0312,5.508,42.77,5133,3,423,3,82.7,3,7,3,0,False,0,0,0,navegando para fronteira
167.121,128.5,navigating,-3.4284,0.4233,0.3536,140.66,0.21,0.0016,0.0079,5.514,42.77,5133,3,423,3,82.7,3,7,3,0,False,0,0,0,navegando para fronteira
167.616,129.0,navigating,-3.4287,0.4244,0.3549,140.18,0.12,0.0002,-0.016,5.518,42.77,5133,3,423,3,82.7,3,7,3,0,False,0,0,0,navegando para fronteira
168.109,129.5,navigating,-3.4282,0.4235,0.3533,139.73,0.1,0.0019,-0.0141,5.523,42.77,5133,3,423,3,82.7,3,7,3,0,False,0,0,0,navegando para fronteira
168.609,130.0,navigating,-3.4296,0.4236,0.3534,139.37,0.06,0.002,-0.0196,5.528,42.77,5133,3,423,3,82.7,3,7,3,0,False,0,0,0,navegando para fronteira
169.107,130.501,navigating,-3.429,0.4229,0.354,139.14,0.11,0.0018,-0.0345,5.533,42.77,5133,3,423,3,82.7,3,7,3,0,False,0,0,0,navegando para fronteira
169.605,131.0,navigating,-3.4305,0.4225,0.3551,138.25,0.13,0.0028,-0.0483,5.538,42.77,5133,3,423,3,82.7,3,7,3,0,False,0,0,0,navegando para fronteira
170.104,131.5,navigating,-3.4309,0.4228,0.3548,137.65,0.12,0.0025,-0.0297,5.543,42.77,5133,3,423,3,82.7,3,7,3,0,False,0,0,0,navegando para fronteira
170.603,132.0,navigating,-3.4341,0.4234,0.355,137.44,0.17,0.0066,0.0075,5.549,42.77,5133,3,423,3,82.7,3,7,3,0,False,0,0,0,navegando para fronteira
171.102,132.5,navigating,-3.4361,0.4239,0.3536,137.45,0.14,0.0079,0.0084,5.553,42.77,5133,3,423,3,82.7,3,7,3,0,False,0,0,0,navegando para fronteira
171.59,133.001,navigating,-3.4369,0.4251,0.3543,137.26,0.17,0.0026,0.0199,5.559,42.77,5133,3,423,3,82.7,3,7,3,0,False,0,0,0,navegando para fronteira
172.091,133.5,navigating,-3.4366,0.4256,0.3549,137.43,0.17,0.0001,0.008,5.564,42.77,5133,3,423,3,82.7,3,7,3,0,False,0,0,0,navegando para fronteira
172.58,134.0,navigating,-3.4368,0.4286,0.3532,137.22,0.15,0.0044,0.0043,5.568,42.77,5133,3,423,3,82.7,3,7,3,0,False,0,0,0,navegando para fronteira
173.077,134.5,navigating,-3.4424,0.4263,0.3512,137.41,0.21,0.0037,0.0008,5.576,42.77,5133,3,423,3,82.7,3,7,3,0,False,0,0,0,navegando para fronteira
173.567,135.0,navigating,-3.4421,0.4268,0.3529,137.75,0.1,0.0008,-0.0001,5.581,42.77,5133,3,423,3,82.7,3,7,3,0,False,0,0,0,navegando para fronteira
174.06,135.5,navigating,-3.4433,0.4276,0.355,137.85,0.22,0.0058,0.0036,5.584,42.77,5133,3,423,3,82.7,3,7,3,0,False,0,0,0,navegando para fronteira
174.539,136.0,navigating,-3.4451,0.4285,0.354,137.94,0.21,0.0009,-0.0046,5.59,42.77,5133,3,423,3,82.7,3,7,3,0,False,0,0,0,navegando para fronteira
175.027,136.5,navigating,-3.4487,0.4253,0.3523,137.68,0.28,0.0008,0.0058,5.595,42.77,5133,3,423,3,82.7,3,7,3,0,False,0,0,0,navegando para fronteira
175.516,137.0,navigating,-3.4501,0.429,0.352,137.68,0.14,0.0015,0.0049,5.599,42.77,5133,3,423,3,82.7,3,7,3,0,False,0,0,0,navegando para fronteira
176.024,137.5,navigating,-3.4517,0.4243,0.3521,137.81,0.3,0.0,0.0283,5.607,42.77,5133,3,423,3,82.7,3,7,3,0,False,0,0,0,navegando para fronteira
176.514,138.0,navigating,-3.4502,0.4266,0.3533,138.22,0.12,0.0003,0.0184,5.611,42.77,5133,3,423,3,82.7,3,7,3,0,False,0,0,0,navegando para fronteira
177.006,138.5,navigating,-3.4502,0.4266,0.3538,138.56,0.17,0.0001,0.0164,5.617,42.77,5133,3,423,3,82.7,3,7,3,0,False,0,0,0,navegando para fronteira
177.501,139.0,navigating,-3.4509,0.4295,0.3524,138.35,0.09,0.0017,-0.0166,5.622,42.77,5133,3,423,3,82.7,3,7,3,0,False,0,0,0,navegando para fronteira
177.992,139.5,navigating,-3.4542,0.426,0.3521,138.48,0.17,0.0,-0.0224,5.63,42.77,5133,3,423,3,82.7,3,7,3,0,False,0,0,0,navegando para fronteira
178.483,140.001,navigating,-3.4547,0.425,0.353,138.79,0.19,0.0021,0.0188,5.634,42.77,5133,3,423,3,82.7,3,7,3,0,False,0,0,0,navegando para fronteira
178.979,140.501,navigating,-3.4505,0.4217,0.3527,138.71,0.12,0.0,-0.0156,5.643,42.77,5133,3,423,3,82.7,3,7,3,0,False,0,0,0,navegando para fronteira
179.473,141.001,navigating,-3.4579,0.426,0.3529,138.89,0.19,0.0071,0.0067,5.652,42.77,5133,3,423,3,82.7,3,7,3,0,False,0,0,0,navegando para fronteira
179.971,141.5,navigating,-3.4582,0.4217,0.3525,138.52,0.22,0.0001,-0.0026,5.659,42.77,5133,3,423,3,82.7,3,7,3,0,False,0,0,0,navegando para fronteira
180.468,142.0,navigating,-3.4579,0.4237,0.3549,138.07,0.13,0.0014,0.0018,5.664,42.77,5133,3,423,3,82.7,3,7,3,0,False,0,0,0,navegando para fronteira
180.964,142.5,navigating,-3.4566,0.4203,0.3558,137.72,0.14,0.0002,-0.0124,5.671,42.77,5133,3,423,3,82.7,3,7,3,0,False,0,0,0,navegando para fronteira
181.448,143.0,navigating,-3.4584,0.4226,0.3562,137.79,0.21,0.0054,0.0104,5.676,42.77,5133,3,423,3,82.7,3,7,3,0,False,0,0,0,navegando para fronteira
181.946,143.5,navigating,-3.4599,0.4223,0.3528,137.87,0.09,0.0004,-0.0097,5.681,42.77,5133,3,423,3,82.7,3,7,3,0,False,0,0,0,navegando para fronteira
182.441,144.0,navigating,-3.4614,0.4227,0.3539,137.9,0.22,0.0019,-0.0048,5.689,42.77,5133,3,423,3,82.7,3,7,3,0,False,0,0,0,navegando para fronteira
182.934,144.5,navigating,-3.4611,0.4222,0.3532,138.03,0.12,0.0006,0.0155,5.693,42.77,5133,3,423,3,82.7,3,7,3,0,False,0,0,0,navegando para fronteira
183.43,145.0,navigating,-3.4638,0.4245,0.3536,137.95,0.24,0.006,-0.0071,5.702,42.77,5133,3,423,3,82.7,3,7,3,0,False,0,0,0,navegando para fronteira
183.925,145.501,navigating,-3.4637,0.4212,0.3533,137.92,0.27,0.0,0.0105,5.709,42.77,5133,3,423,3,82.7,3,7,3,0,False,0,0,0,navegando para fronteira
184.428,146.0,navigating,-3.4671,0.4276,0.3531,137.86,0.21,0.0042,-0.0024,5.717,42.77,5133,3,423,3,82.7,3,7,3,0,False,0,0,0,navegando para fronteira
184.919,146.5,navigating,-3.4662,0.4245,0.3511,137.81,0.19,0.0,0.014,5.724,42.77,5133,3,423,3,82.7,3,7,3,0,False,0,0,0,navegando para fronteira
185.389,147.0,navigating,-3.4683,0.4285,0.3524,137.77,0.23,0.0006,0.0001,5.728,42.77,5133,3,423,3,82.7,3,7,3,0,False,0,0,0,navegando para fronteira
185.882,147.5,navigating,-3.468,0.4281,0.3524,137.77,0.2,0.0005,-0.0076,5.729,42.77,5133,3,423,3,82.7,3,7,3,0,False,0,0,0,navegando para fronteira
186.379,148.0,navigating,-3.468,0.4284,0.3525,137.77,0.2,0.0006,0.0038,5.729,42.77,5133,3,423,3,82.7,3,7,3,0,False,0,0,0,navegando para fronteira
186.867,148.5,navigating,-3.4681,0.4288,0.3526,137.77,0.19,0.0,0.0034,5.73,42.77,5133,3,423,3,82.7,3,7,3,0,False,0,0,0,navegando para fronteira
187.366,149.0,navigating,-3.4681,0.4289,0.3527,137.76,0.19,0.0006,-0.002,5.73,42.77,5133,3,423,3,82.7,3,7,3,0,False,0,0,0,navegando para fronteira
187.841,149.5,navigating,-3.4681,0.4291,0.3527,137.75,0.18,0.0001,0.0032,5.73,42.77,5133,3,423,3,82.7,3,7,3,0,False,0,0,0,navegando para fronteira
188.333,150.0,navigating,-3.4682,0.4296,0.353,137.73,0.17,0.0,-0.012,5.731,42.77,5133,3,423,3,82.7,3,7,3,0,False,0,0,0,navegando para fronteira
188.829,150.5,navigating,-3.4684,0.4299,0.3533,137.83,0.19,0.0001,0.0118,5.731,42.77,5133,3,423,3,82.7,3,7,3,0,False,0,0,0,navegando para fronteira
189.326,151.0,navigating,-3.4684,0.4301,0.3536,137.78,0.19,0.0,0.0032,5.731,42.77,5133,3,423,3,82.7,3,7,3,0,False,0,0,0,navegando para fronteira
189.806,151.5,navigating,-3.4684,0.4301,0.3537,137.79,0.19,0.0,0.004,5.731,42.77,5133,3,423,3,82.7,3,7,3,0,False,0,0,0,navegando para fronteira
190.293,152.0,navigating,-3.4684,0.4302,0.3538,137.78,0.18,0.0,0.0029,5.731,42.77,5133,3,423,3,82.7,3,7,3,0,False,0,0,0,navegando para fronteira
190.78,152.502,navigating,-3.4684,0.4302,0.3538,137.77,0.18,0.0,-0.0004,5.732,42.77,5133,3,423,3,82.7,3,7,3,0,False,0,0,0,navegando para fronteira
191.264,153.0,navigating,-3.4684,0.4302,0.3539,137.77,0.18,0.0005,0.0135,5.732,42.77,5133,3,423,3,82.7,3,7,3,0,False,0,0,0,navegando para fronteira
191.743,153.5,navigating,-3.4684,0.4302,0.3539,137.76,0.18,0.0001,0.0081,5.732,42.77,5133,3,423,3,82.7,3,7,3,0,False,0,0,0,navegando para fronteira
192.242,154.0,navigating,-3.4684,0.4302,0.354,137.79,0.19,0.0,-0.0026,5.732,42.77,5133,3,423,3,82.7,3,7,3,0,False,0,0,0,navegando para fronteira
192.739,154.5,navigating,-3.4684,0.4302,0.354,137.78,0.19,0.0,0.0107,5.732,42.77,5133,3,423,3,82.7,3,7,3,0,False,0,0,0,navegando para fronteira
193.217,155.0,navigating,-3.4683,0.4302,0.3541,137.7,0.18,0.0,0.0002,5.732,42.77,5133,3,423,3,82.7,3,7,3,0,False,0,0,0,navegando para fronteira
193.715,155.5,navigating,-3.4683,0.4302,0.3541,137.75,0.19,0.0002,-0.0043,5.732,42.77,5133,3,423,3,82.7,3,7,3,0,False,0,0,0,navegando para fronteira
194.21,156.0,navigating,-3.4684,0.4301,0.3542,137.8,0.19,0.0,-0.0008,5.732,42.77,5133,3,423,3,82.7,3,7,3,0,False,0,0,0,navegando para fronteira
194.706,156.5,navigating,-3.4684,0.4302,0.3542,137.74,0.19,0.0007,-0.0001,5.733,42.77,5133,3,423,3,82.7,3,7,3,0,False,0,0,0,navegando para fronteira
195.205,157.0,navigating,-3.4684,0.4302,0.3542,137.78,0.19,0.0,-0.0077,5.733,42.77,5133,3,423,3,82.7,3,7,3,0,False,0,0,0,navegando para fronteira
195.699,157.5,navigating,-3.4684,0.4302,0.3543,137.76,0.19,0.0,0.0107,5.733,42.77,5133,3,423,3,82.7,3,7,3,0,False,0,0,0,navegando para fronteira
196.197,158.001,navigating,-3.4684,0.4302,0.3543,137.75,0.19,0.0001,-0.0062,5.733,42.77,5133,3,423,3,82.7,3,7,3,0,False,0,0,0,navegando para fronteira
196.696,158.5,navigating,-3.4684,0.4302,0.3543,137.76,0.19,0.0006,0.0111,5.733,42.77,5133,3,423,3,82.7,3,7,3,0,False,0,0,0,navegando para fronteira
197.191,159.0,navigating,-3.4684,0.4302,0.3543,137.76,0.19,0.0,0.0082,5.733,42.77,5133,3,423,3,82.7,3,7,3,0,False,0,0,0,navegando para fronteira
197.684,159.5,navigating,-3.4684,0.4302,0.3543,137.75,0.19,0.0006,-0.0075,5.733,42.77,5133,3,423,3,82.7,3,7,3,0,False,0,0,0,navegando para fronteira
198.176,160.001,navigating,-3.4683,0.4302,0.3543,137.76,0.19,0.0,-0.0111,5.733,42.77,5133,3,423,3,82.7,3,7,3,0,False,0,0,0,navegando para fronteira
198.671,160.5,navigating,-3.4684,0.4302,0.3543,137.77,0.19,0.0006,-0.0014,5.734,42.77,5133,3,423,3,82.7,3,7,3,0,False,0,0,0,navegando para fronteira
199.168,161.0,navigating,-3.4684,0.4301,0.3543,137.79,0.2,0.0,0.0012,5.734,42.77,5133,3,423,3,82.7,3,7,3,0,False,0,0,0,navegando para fronteira
199.665,161.5,navigating,-3.4684,0.4301,0.3543,137.77,0.19,0.0,-0.0061,5.734,42.77,5133,3,423,3,82.7,3,7,3,0,False,0,0,0,navegando para fronteira
200.157,162.0,navigating,-3.4684,0.4301,0.3543,137.78,0.19,0.0003,-0.0006,5.734,42.77,5133,3,423,3,82.7,3,7,3,0,False,0,0,0,navegando para fronteira
200.655,162.5,navigating,-3.4684,0.4302,0.3544,137.76,0.19,0.0,-0.0072,5.734,42.77,5133,3,423,3,82.7,3,7,3,0,False,0,0,0,navegando para fronteira
201.148,163.0,navigating,-3.4683,0.4302,0.3543,137.69,0.19,0.0002,0.0144,5.734,42.77,5133,3,423,3,82.7,3,7,3,0,False,0,0,0,navegando para fronteira
201.641,163.5,navigating,-3.4683,0.4302,0.3543,137.75,0.19,0.0,-0.0024,5.734,42.77,5133,3,423,3,82.7,3,7,3,0,False,0,0,0,navegando para fronteira
202.143,164.0,navigating,-3.4684,0.4302,0.3543,137.78,0.2,0.0,-0.0027,5.734,42.77,5133,3,423,3,82.7,3,7,3,0,False,0,0,0,navegando para fronteira
202.609,164.5,navigating,-3.4683,0.4302,0.3544,137.76,0.19,0.0,0.0048,5.735,42.77,5133,3,423,3,82.7,3,7,3,0,False,0,0,0,navegando para fronteira
203.102,165.0,navigating,-3.4684,0.4302,0.3544,137.78,0.19,0.0,-0.004,5.735,42.77,5133,3,423,3,82.7,3,7,3,0,False,0,0,0,navegando para fronteira
203.601,165.5,navigating,-3.4684,0.4302,0.3544,137.78,0.19,0.0,0.0015,5.735,42.77,5133,3,423,3,82.7,3,7,3,0,False,0,0,0,navegando para fronteira
204.089,166.0,navigating,-3.4683,0.4302,0.3544,137.77,0.19,0.0,0.0058,5.735,42.77,5133,3,423,3,82.7,3,7,3,0,False,0,0,0,navegando para fronteira
204.571,166.5,navigating,-3.4684,0.4302,0.3544,137.78,0.19,0.0,-0.0001,5.735,42.77,5133,3,423,3,82.7,3,7,3,0,False,0,0,0,navegando para fronteira
205.056,167.0,navigating,-3.4683,0.4302,0.3544,137.77,0.19,0.0001,-0.0071,5.735,42.77,5133,3,423,3,82.7,3,7,3,0,False,0,0,0,navegando para fronteira
205.554,167.5,navigating,-3.4683,0.4302,0.3544,137.75,0.19,0.0012,0.0013,5.735,42.77,5133,3,423,3,82.7,3,7,3,0,False,0,0,0,navegando para fronteira
206.044,168.0,navigating,-3.4684,0.4302,0.3544,137.78,0.19,0.0,-0.0021,5.735,42.77,5133,3,423,3,82.7,3,7,3,0,False,0,0,0,navegando para fronteira
206.523,168.501,navigating,-3.4683,0.4303,0.3544,137.75,0.19,0.0003,0.004,5.735,42.77,5133,3,423,3,82.7,3,7,3,0,False,0,0,0,navegando para fronteira
207.019,169.0,navigating,-3.4683,0.4303,0.3544,137.77,0.19,0.0,0.0053,5.736,42.77,5133,3,423,3,82.7,3,7,3,0,False,0,0,0,navegando para fronteira
207.508,169.5,navigating,-3.4683,0.4302,0.3543,137.72,0.19,0.0005,-0.0407,5.736,42.77,5133,3,423,3,82.7,3,7,3,0,False,0,0,0,navegando para fronteira
207.978,170.0,navigating,-3.4683,0.4302,0.3542,137.57,0.18,0.0002,-0.0122,5.736,42.77,5133,3,423,3,82.7,3,7,3,0,False,0,0,0,navegando para fronteira
208.463,170.5,navigating,-3.4696,0.4286,0.3534,137.6,0.19,0.0,-0.0211,5.744,42.77,5133,3,423,3,82.7,3,7,3,0,False,0,0,0,navegando para fronteira
208.944,171.0,navigating,-3.4706,0.4306,0.3538,137.63,0.2,0.0,0.0038,5.746,42.77,5133,3,423,3,82.7,3,7,3,0,False,0,0,0,navegando para fronteira
209.435,171.5,navigating,-3.4706,0.4307,0.3539,137.64,0.19,0.0001,0.0007,5.746,42.77,5133,3,423,3,82.7,3,7,3,0,False,0,0,0,navegando para fronteira
209.908,172.001,navigating,-3.4706,0.4308,0.3539,137.65,0.19,0.0,-0.0004,5.746,42.77,5133,3,423,3,82.7,3,7,3,0,False,0,0,0,navegando para fronteira
210.402,172.5,navigating,-3.4705,0.431,0.354,137.63,0.18,0.0001,0.0022,5.747,42.77,5133,3,423,3,82.7,3,7,3,0,False,0,0,0,navegando para fronteira
210.898,173.0,navigating,-3.4705,0.4311,0.3541,137.65,0.19,0.0,-0.001,5.747,42.77,5133,3,423,3,82.7,3,7,3,0,False,0,0,0,navegando para fronteira
211.39,173.5,navigating,-3.4705,0.4312,0.3542,137.64,0.19,0.0001,0.0009,5.747,42.77,5133,3,423,3,82.7,3,7,3,0,False,0,0,0,navegando para fronteira
211.883,174.0,navigating,-3.4704,0.4313,0.3542,137.63,0.19,0.0001,0.0044,5.747,42.77,5133,3,423,3,82.7,3,7,3,0,False,0,0,0,navegando para fronteira
212.374,174.5,navigating,-3.4705,0.4313,0.3543,137.81,0.2,0.0001,0.0115,5.748,42.77,5133,3,423,3,82.7,3,7,3,0,False,0,0,0,navegando para fronteira
212.872,175.0,navigating,-3.4704,0.4314,0.3544,137.66,0.19,0.0,0.0126,5.748,42.77,5133,3,423,3,82.7,3,7,3,0,False,0,0,0,navegando para fronteira
213.364,175.5,navigating,-3.4704,0.4314,0.3544,137.66,0.19,0.0007,0.0052,5.748,42.77,5133,3,423,3,82.7,3,7,3,0,False,0,0,0,navegando para fronteira
213.864,176.0,navigating,-3.4704,0.4314,0.3544,137.66,0.19,0.0,-0.002,5.748,42.77,5133,3,423,3,82.7,3,7,3,0,False,0,0,0,navegando para fronteira
214.336,176.5,navigating,-3.4704,0.4314,0.3544,137.64,0.19,0.0,-0.0058,5.748,42.77,5133,3,423,3,82.7,3,7,3,0,False,0,0,0,navegando para fronteira
214.826,177.0,navigating,-3.4704,0.4314,0.3544,137.64,0.19,0.0,-0.0067,5.748,42.77,5133,3,423,3,82.7,3,7,3,0,False,0,0,0,navegando para fronteira
215.314,177.5,navigating,-3.4704,0.4314,0.3544,137.62,0.19,0.0,-0.0071,5.749,42.77,5133,3,423,3,82.7,3,7,3,0,False,0,0,0,navegando para fronteira
215.804,178.0,navigating,-3.4704,0.4314,0.3544,137.61,0.19,0.0005,-0.0042,5.749,42.77,5133,3,423,3,82.7,3,7,3,0,False,0,0,0,navegando para fronteira
216.303,178.5,navigating,-3.4705,0.4313,0.3544,137.72,0.19,0.0,0.0046,5.749,42.77,5133,3,423,3,82.7,3,7,3,0,False,0,0,0,navegando para fronteira
216.783,179.0,navigating,-3.4704,0.4313,0.3544,137.67,0.19,0.0,-0.0042,5.75,42.77,5133,3,423,3,82.7,3,7,3,0,False,0,0,0,navegando para fronteira
217.282,179.5,navigating,-3.4705,0.4313,0.3544,137.66,0.19,0.0,-0.0012,5.75,42.77,5133,3,423,3,82.7,3,7,3,0,False,0,0,0,navegando para fronteira
217.772,180.0,navigating,-3.4704,0.4314,0.3544,137.64,0.19,0.0,0.006,5.75,42.77,5133,3,423,3,82.7,3,7,3,0,False,0,0,0,navegando para fronteira
218.264,180.5,navigating,-3.4704,0.4314,0.3544,137.66,0.19,0.0,-0.0088,5.75,42.77,5133,3,423,3,82.7,3,7,3,0,False,0,0,0,navegando para fronteira
218.758,181.0,navigating,-3.4704,0.4314,0.3544,137.65,0.19,0.0001,0.0045,5.75,42.77,5133,3,423,3,82.7,3,7,3,0,False,0,0,0,navegando para fronteira
219.256,181.501,navigating,-3.4705,0.4314,0.3544,137.66,0.19,0.0,0.0034,5.75,42.77,5133,3,423,3,82.7,3,7,3,0,False,0,0,0,navegando para fronteira
219.755,182.0,navigating,-3.4704,0.4314,0.3544,137.65,0.19,0.0,0.0027,5.751,42.77,5133,3,423,3,82.7,3,7,3,0,False,0,0,0,navegando para fronteira
220.25,182.5,navigating,-3.4704,0.4314,0.3544,137.64,0.19,0.0,-0.0056,5.751,42.77,5133,3,423,3,82.7,3,7,3,0,False,0,0,0,navegando para fronteira
220.751,183.001,navigating,-3.4704,0.4314,0.3544,137.65,0.19,0.0003,-0.0101,5.751,42.77,5133,3,423,3,82.7,3,7,3,0,False,0,0,0,navegando para fronteira
221.247,183.5,navigating,-3.4704,0.4314,0.3544,137.7,0.19,0.0,0.0061,5.751,42.77,5133,3,423,3,82.7,3,7,3,0,False,0,0,0,navegando para fronteira
221.732,184.0,navigating,-3.4704,0.4314,0.3544,137.65,0.19,0.0,-0.0116,5.751,42.77,5133,3,423,3,82.7,3,7,3,0,False,0,0,0,navegando para fronteira
222.228,184.5,navigating,-3.4704,0.4314,0.3544,137.64,0.19,0.0,-0.0042,5.751,42.77,5133,3,423,3,82.7,3,7,3,0,False,0,0,0,navegando para fronteira
222.694,185.0,navigating,-3.4704,0.4315,0.3544,137.6,0.19,0.0,-0.0047,5.751,42.77,5133,3,423,3,82.7,3,7,3,0,False,0,0,0,navegando para fronteira
223.174,185.5,navigating,-3.4704,0.4315,0.3544,137.65,0.19,0.0024,0.0149,5.752,42.77,5133,3,423,3,82.7,3,7,3,0,False,0,0,0,navegando para fronteira
223.666,186.0,navigating,-3.4668,0.427,0.3525,137.8,0.2,0.0,0.0004,5.76,42.77,5133,3,423,3,82.7,3,7,3,0,False,0,0,0,navegando para fronteira
224.165,186.5,navigating,-3.4701,0.4333,0.3526,137.68,0.16,0.0005,-0.0374,5.767,42.77,5133,3,423,3,82.7,3,7,3,0,False,0,0,0,navegando para fronteira
224.661,187.0,navigating,-3.4687,0.426,0.3526,137.11,0.19,0.0,0.0004,5.776,42.77,5133,3,423,3,82.7,3,7,3,0,False,0,0,0,navegando para fronteira
225.147,187.5,navigating,-3.4703,0.4279,0.3538,137.05,0.21,0.0013,-0.0092,5.781,42.77,5133,3,423,3,82.7,3,7,3,0,False,0,0,0,navegando para fronteira
225.641,188.0,navigating,-3.4705,0.4294,0.3542,137.09,0.19,0.0006,-0.0141,5.783,42.77,5133,3,423,3,82.7,3,7,3,0,False,0,0,0,navegando para fronteira
226.139,188.5,navigating,-3.4705,0.4295,0.3543,137.09,0.18,0.0,0.004,5.783,42.77,5133,3,423,3,82.7,3,7,3,0,False,0,0,0,navegando para fronteira
226.625,189.0,navigating,-3.4706,0.4296,0.3544,137.11,0.19,0.0001,0.0053,5.783,42.77,5133,3,423,3,82.7,3,7,3,0,False,0,0,0,navegando para fronteira
227.13,189.5,navigating,-3.4705,0.4297,0.3544,137.11,0.19,0.0,0.0016,5.784,42.77,5133,3,423,3,82.7,3,7,3,0,False,0,0,0,navegando para fronteira
227.623,190.0,navigating,-3.4705,0.4298,0.3544,137.09,0.19,0.0,-0.0045,5.784,42.77,5133,3,423,3,82.7,3,7,3,0,False,0,0,0,navegando para fronteira
228.111,190.5,navigating,-3.4705,0.4299,0.3544,137.1,0.19,0.0,0.0043,5.784,42.77,5133,3,423,3,82.7,3,7,3,0,False,0,0,0,navegando para fronteira
228.614,191.0,navigating,-3.4706,0.4299,0.3544,137.11,0.19,0.0001,0.0037,5.784,42.77,5133,3,423,3,82.7,3,7,3,0,False,0,0,0,navegando para fronteira
229.107,191.5,navigating,-3.4706,0.4299,0.3544,137.11,0.19,0.0,-0.0061,5.784,42.77,5133,3,423,3,82.7,3,7,3,0,False,0,0,0,navegando para fronteira
229.596,192.0,navigating,-3.4705,0.43,0.3544,137.07,0.19,0.0002,0.0031,5.784,42.77,5133,3,423,3,82.7,3,7,3,0,False,0,0,0,navegando para fronteira
230.093,192.5,navigating,-3.4705,0.43,0.3544,137.07,0.19,0.0,-0.0049,5.785,42.77,5133,3,423,3,82.7,3,7,3,0,False,0,0,0,navegando para fronteira
230.586,193.0,navigating,-3.4705,0.43,0.3544,137.07,0.19,0.0,-0.0017,5.785,42.77,5133,3,423,3,82.7,3,7,3,0,False,0,0,0,navegando para fronteira
231.075,193.5,navigating,-3.4706,0.4299,0.3544,137.15,0.19,0.0008,-0.0033,5.785,42.77,5133,3,423,3,82.7,3,7,3,0,False,0,0,0,navegando para fronteira
231.562,194.0,navigating,-3.4706,0.4299,0.3544,137.11,0.19,0.0,-0.0012,5.785,42.77,5133,3,423,3,82.7,3,7,3,0,False,0,0,0,navegando para fronteira
232.039,194.5,navigating,-3.4706,0.43,0.3544,137.11,0.19,0.0003,0.0031,5.785,42.77,5133,3,423,3,82.7,3,7,3,0,False,0,0,0,navegando para fronteira
232.525,195.001,navigating,-3.4706,0.4299,0.3544,137.11,0.19,0.0003,0.0125,5.785,42.77,5133,3,423,3,82.7,3,7,3,0,False,0,0,0,navegando para fronteira
233.022,195.5,navigating,-3.4706,0.43,0.3544,137.09,0.19,0.0,-0.0149,5.785,42.77,5133,3,423,3,82.7,3,7,3,0,False,0,0,0,navegando para fronteira
233.522,196.0,navigating,-3.4706,0.43,0.3544,137.1,0.19,0.0004,-0.0105,5.785,42.77,5133,3,423,3,82.7,3,7,3,0,False,0,0,0,navegando para fronteira
234.019,196.5,navigating,-3.4705,0.43,0.3544,137.09,0.19,0.0,0.002,5.786,42.77,5133,3,423,3,82.7,3,7,3,0,False,0,0,0,navegando para fronteira
234.509,197.0,navigating,-3.4706,0.4299,0.3544,137.13,0.19,0.0,0.0012,5.786,42.77,5133,3,423,3,82.7,3,7,3,0,False,0,0,0,navegando para fronteira
235.007,197.5,navigating,-3.4706,0.43,0.3544,137.08,0.19,0.0,-0.0013,5.786,42.77,5133,3,423,3,82.7,3,7,3,0,False,0,0,0,navegando para fronteira
235.502,198.0,navigating,-3.4706,0.4299,0.3544,137.09,0.19,0.0,0.0139,5.786,42.77,5133,3,423,3,82.7,3,7,3,0,False,0,0,0,navegando para fronteira
235.999,198.5,navigating,-3.4706,0.4299,0.3544,137.1,0.19,0.0001,-0.0075,5.786,42.77,5133,3,423,3,82.7,3,7,3,0,False,0,0,0,navegando para fronteira
236.487,199.0,navigating,-3.4706,0.43,0.3544,137.09,0.19,0.0001,0.0057,5.786,42.77,5133,3,423,3,82.7,3,7,3,0,False,0,0,0,navegando para fronteira
236.973,199.5,navigating,-3.4706,0.43,0.3544,137.09,0.19,0.0,0.0035,5.786,42.77,5133,3,423,3,82.7,3,7,3,0,False,0,0,0,navegando para fronteira
237.462,200.0,navigating,-3.4706,0.43,0.3544,137.09,0.19,0.0,-0.0034,5.787,42.77,5133,3,423,3,82.7,3,7,3,0,False,0,0,0,navegando para fronteira
237.959,200.5,navigating,-3.4706,0.43,0.3544,137.08,0.19,0.0,-0.0008,5.787,42.77,5133,3,423,3,82.7,3,7,3,0,False,0,0,0,navegando para fronteira
238.454,201.0,selecting,-3.4705,0.43,0.3543,137.08,0.19,0.0,0.0,5.787,42.77,5133,3,423,3,82.7,3,7,3,0,False,0,0,0,meta de fronteira expirou
238.952,201.5,selecting,-3.4706,0.4299,0.3543,137.13,0.19,0.0,0.0,5.787,42.77,5133,3,423,3,82.7,3,7,3,0,False,0,0,0,meta de fronteira expirou
239.45,202.0,selecting,-3.4705,0.43,0.3543,137.1,0.19,0.0,0.0,5.787,42.77,5133,1,182,3,146.9,1,8,4,0,False,0,0,0,meta de fronteira expirou
239.95,202.5,selecting,-3.4706,0.43,0.3543,137.1,0.19,0.0,0.0,5.787,42.77,5133,1,182,3,146.9,1,8,4,0,False,0,0,0,meta de fronteira expirou
240.447,203.0,selecting,-3.4705,0.43,0.3543,137.02,0.18,0.0,0.0,5.788,42.77,5133,0,182,3,116.4,0,8,5,0,False,0,0,0,nenhuma fronteira segura alcancavel
240.948,203.5,selecting,-3.4705,0.4299,0.3544,137.12,0.19,0.0,0.0,5.788,42.77,5133,0,182,3,116.4,0,8,5,0,False,0,0,0,nenhuma fronteira segura alcancavel
241.442,204.0,selecting,-3.4706,0.4299,0.3544,137.11,0.19,0.0,0.0,5.788,42.77,5133,0,182,3,111.9,0,8,6,0,False,0,0,0,nenhuma fronteira segura alcancavel
241.927,204.5,selecting,-3.4706,0.4299,0.3544,137.09,0.19,0.0,0.0,5.788,42.77,5133,0,182,3,111.9,0,8,6,0,False,0,0,0,nenhuma fronteira segura alcancavel
242.426,205.0,selecting,-3.4706,0.4299,0.3544,137.11,0.19,0.0,0.0,5.788,42.77,5133,0,182,3,117.0,0,8,7,0,False,0,0,0,nenhuma fronteira segura alcancavel
242.919,205.5,selecting,-3.4706,0.4299,0.3544,137.11,0.19,0.0,0.0,5.788,42.77,5133,0,182,3,117.0,0,8,7,0,False,0,0,0,nenhuma fronteira segura alcancavel
243.415,206.0,selecting,-3.4706,0.4299,0.3544,137.11,0.19,0.0,0.0,5.788,42.77,5133,0,182,3,121.8,0,8,8,0,False,0,0,0,nenhuma fronteira segura alcancavel
243.911,206.5,selecting,-3.4706,0.4299,0.3544,137.1,0.19,0.0,0.0,5.788,42.77,5133,0,182,3,121.8,0,8,8,0,False,0,0,0,nenhuma fronteira segura alcancavel
244.405,207.0,selecting,-3.4706,0.4299,0.3544,137.1,0.19,0.0,0.0,5.788,42.77,5133,0,182,3,120.3,0,8,9,0,False,0,0,0,nenhuma fronteira segura alcancavel
244.882,207.5,selecting,-3.4706,0.4299,0.3544,137.1,0.19,0.0,0.0,5.788,42.77,5133,0,182,3,120.3,0,8,9,0,False,0,0,0,nenhuma fronteira segura alcancavel
245.369,208.001,selecting,-3.4706,0.4299,0.3544,137.1,0.19,0.0,0.0,5.788,42.77,5133,0,182,3,136.4,0,8,10,0,False,0,0,0,nenhuma fronteira segura alcancavel
245.855,208.5,selecting,-3.4706,0.4299,0.3544,137.08,0.19,0.0,0.0,5.789,42.77,5133,0,182,3,136.4,0,8,10,0,False,0,0,0,nenhuma fronteira segura alcancavel
246.342,209.0,selecting,-3.4706,0.4299,0.3544,137.1,0.19,0.0,0.0,5.789,42.77,5133,0,182,3,104.8,0,8,11,0,False,0,0,0,nenhuma fronteira segura alcancavel
246.815,209.5,selecting,-3.4706,0.4299,0.3544,137.09,0.19,0.0,0.0,5.789,42.77,5133,0,182,3,104.8,0,8,11,0,False,0,0,0,nenhuma fronteira segura alcancavel
247.314,210.0,selecting,-3.4706,0.4299,0.3544,137.1,0.19,0.0,0.0,5.789,42.77,5133,0,182,3,112.7,0,8,12,0,False,0,0,0,nenhuma fronteira segura alcancavel
247.805,210.5,selecting,-3.4706,0.4299,0.3544,137.1,0.19,0.0,0.0,5.789,42.77,5133,0,182,3,112.7,0,8,12,0,False,0,0,0,nenhuma fronteira segura alcancavel
248.29,211.0,selecting,-3.4706,0.43,0.3544,137.09,0.19,0.0,0.0,5.789,42.77,5133,0,182,3,144.0,0,8,13,0,False,0,0,0,nenhuma fronteira segura alcancavel
248.78,211.5,selecting,-3.4706,0.43,0.3544,137.09,0.19,0.0,0.0,5.789,42.77,5133,0,182,3,144.0,0,8,13,0,False,0,0,0,nenhuma fronteira segura alcancavel
249.269,212.0,failed,-3.4706,0.43,0.3544,137.05,0.19,0.0,0.0,5.79,42.77,5133,0,182,3,146.9,0,8,14,0,False,0,0,0,nenhuma fronteira segura alcancavel
249.761,212.5,failed,-3.4705,0.43,0.3544,137.08,0.19,0.0,0.0,5.79,42.77,5133,0,182,3,146.9,0,8,14,0,False,0,0,0,nenhuma fronteira segura alcancavel
250.248,213.0,failed,-3.4705,0.43,0.3544,137.07,0.19,0.0,0.0,5.79,42.77,5133,0,182,3,146.9,0,8,14,0,False,0,0,0,nenhuma fronteira segura alcancavel
250.74,213.5,failed,-3.4705,0.43,0.3544,137.1,0.19,0.0,0.0,5.79,42.77,5133,0,182,3,146.9,0,8,14,0,False,0,0,0,nenhuma fronteira segura alcancavel
251.229,214.0,failed,-3.4705,0.43,0.3544,137.1,0.19,0.0,0.0,5.79,42.77,5133,0,182,3,146.9,0,8,14,0,False,0,0,0,nenhuma fronteira segura alcancavel
251.716,214.5,failed,-3.4705,0.43,0.3544,137.08,0.19,0.0,0.0,5.79,42.77,5133,0,182,3,146.9,0,8,14,0,False,0,0,0,nenhuma fronteira segura alcancavel
252.211,215.0,failed,-3.4705,0.43,0.3544,137.1,0.19,0.0,0.0,5.79,42.77,5133,0,182,3,146.9,0,8,14,0,False,0,0,0,nenhuma fronteira segura alcancavel
252.71,215.5,failed,-3.4705,0.43,0.3544,137.09,0.19,0.0,0.0,5.79,42.77,5133,0,182,3,146.9,0,8,14,0,False,0,0,0,nenhuma fronteira segura alcancavel
253.202,216.0,failed,-3.4705,0.43,0.3544,137.1,0.19,0.0,0.0,5.79,42.77,5133,0,182,3,146.9,0,8,14,0,False,0,0,0,nenhuma fronteira segura alcancavel
253.688,216.5,failed,-3.4705,0.43,0.3544,137.08,0.19,0.0,0.0,5.791,42.77,5133,0,182,3,146.9,0,8,14,0,False,0,0,0,nenhuma fronteira segura alcancavel
254.186,217.0,failed,-3.4706,0.43,0.3544,137.11,0.19,0.0,0.0,5.791,42.77,5133,0,182,3,146.9,0,8,14,0,False,0,0,0,nenhuma fronteira segura alcancavel
254.669,217.5,failed,-3.4706,0.43,0.3544,137.1,0.19,0.0,0.0,5.791,42.77,5133,0,182,3,146.9,0,8,14,0,False,0,0,0,nenhuma fronteira segura alcancavel
255.161,218.0,failed,-3.4706,0.43,0.3544,137.11,0.19,0.0,0.0,5.791,42.77,5133,0,182,3,146.9,0,8,14,0,False,0,0,0,nenhuma fronteira segura alcancavel
255.647,218.5,failed,-3.4706,0.4299,0.3544,137.2,0.19,0.0,0.0,5.791,42.77,5133,0,182,3,146.9,0,8,14,0,False,0,0,0,nenhuma fronteira segura alcancavel
256.14,219.0,failed,-3.4706,0.4299,0.3544,137.16,0.19,0.0,0.0,5.791,42.77,5133,0,182,3,146.9,0,8,14,0,False,0,0,0,nenhuma fronteira segura alcancavel
256.637,219.5,failed,-3.4706,0.4299,0.3544,137.11,0.19,0.0,0.0,5.791,42.77,5133,0,182,3,146.9,0,8,14,0,False,0,0,0,nenhuma fronteira segura alcancavel
257.121,220.0,failed,-3.4706,0.4299,0.3544,137.11,0.19,0.0,0.0,5.792,42.77,5133,0,182,3,146.9,0,8,14,0,False,0,0,0,nenhuma fronteira segura alcancavel
257.608,220.5,failed,-3.4705,0.4299,0.3544,137.12,0.19,0.0,0.0,5.792,42.77,5133,0,182,3,146.9,0,8,14,0,False,0,0,0,nenhuma fronteira segura alcancavel
258.081,221.0,failed,-3.4705,0.4299,0.3543,137.05,0.19,0.0,0.0,5.792,42.77,5133,0,182,3,146.9,0,8,14,0,False,0,0,0,nenhuma fronteira segura alcancavel
258.573,221.5,failed,-3.4706,0.4299,0.3544,137.15,0.2,0.0,0.0,5.792,42.77,5133,0,182,3,146.9,0,8,14,0,False,0,0,0,nenhuma fronteira segura alcancavel
259.069,222.0,failed,-3.4705,0.4299,0.3544,137.1,0.19,0.0,0.0,5.792,42.77,5133,0,182,3,146.9,0,8,14,0,False,0,0,0,nenhuma fronteira segura alcancavel
259.567,222.5,failed,-3.4706,0.43,0.3544,137.1,0.19,0.0,0.0,5.793,42.77,5133,0,182,3,146.9,0,8,14,0,False,0,0,0,nenhuma fronteira segura alcancavel
260.064,223.0,failed,-3.4705,0.43,0.3544,137.05,0.19,0.0,0.0,5.793,42.77,5133,0,182,3,146.9,0,8,14,0,False,0,0,0,nenhuma fronteira segura alcancavel
260.55,223.5,failed,-3.4705,0.43,0.3544,137.1,0.19,0.0,0.0,5.793,42.77,5133,0,182,3,146.9,0,8,14,0,False,0,0,0,nenhuma fronteira segura alcancavel
261.043,224.0,failed,-3.4705,0.43,0.3544,137.11,0.19,0.0,0.0,5.793,42.77,5133,0,182,3,146.9,0,8,14,0,False,0,0,0,nenhuma fronteira segura alcancavel
261.535,224.5,failed,-3.4705,0.43,0.3544,137.11,0.19,0.0,0.0,5.793,42.77,5133,0,182,3,146.9,0,8,14,0,False,0,0,0,nenhuma fronteira segura alcancavel
262.027,225.0,failed,-3.4705,0.43,0.3544,137.03,0.19,0.0,0.0,5.793,42.77,5133,0,182,3,146.9,0,8,14,0,False,0,0,0,nenhuma fronteira segura alcancavel
262.52,225.5,failed,-3.4706,0.4299,0.3544,137.12,0.19,0.0,0.0,5.794,42.77,5133,0,182,3,146.9,0,8,14,0,False,0,0,0,nenhuma fronteira segura alcancavel
263.013,226.0,failed,-3.4705,0.43,0.3544,137.1,0.19,0.0,0.0,5.794,42.77,5133,0,182,3,146.9,0,8,14,0,False,0,0,0,nenhuma fronteira segura alcancavel
263.501,226.5,failed,-3.4705,0.43,0.3544,137.1,0.19,0.0,0.0,5.794,42.77,5133,0,182,3,146.9,0,8,14,0,False,0,0,0,nenhuma fronteira segura alcancavel
263.991,227.0,failed,-3.4705,0.43,0.3544,137.1,0.19,0.0,0.0,5.794,42.77,5133,0,182,3,146.9,0,8,14,0,False,0,0,0,nenhuma fronteira segura alcancavel
264.491,227.5,failed,-3.4705,0.43,0.3544,137.1,0.19,0.0,0.0,5.794,42.77,5133,0,182,3,146.9,0,8,14,0,False,0,0,0,nenhuma fronteira segura alcancavel
264.986,228.0,failed,-3.4705,0.43,0.3544,137.11,0.19,0.0,0.0,5.794,42.77,5133,0,182,3,146.9,0,8,14,0,False,0,0,0,nenhuma fronteira segura alcancavel
265.483,228.5,failed,-3.4705,0.43,0.3544,137.08,0.19,0.0,0.0,5.794,42.77,5133,0,182,3,146.9,0,8,14,0,False,0,0,0,nenhuma fronteira segura alcancavel
265.97,229.0,failed,-3.4706,0.43,0.3544,137.11,0.19,0.0,0.0,5.794,42.77,5133,0,182,3,146.9,0,8,14,0,False,0,0,0,nenhuma fronteira segura alcancavel
266.461,229.5,failed,-3.4705,0.43,0.3544,137.11,0.19,0.0,0.0,5.794,42.77,5133,0,182,3,146.9,0,8,14,0,False,0,0,0,nenhuma fronteira segura alcancavel
266.953,230.0,failed,-3.4706,0.43,0.3544,137.13,0.19,0.0,0.0,5.795,42.77,5133,0,182,3,146.9,0,8,14,0,False,0,0,0,nenhuma fronteira segura alcancavel
267.45,230.5,failed,-3.4706,0.43,0.3544,137.11,0.19,0.0,0.0,5.795,42.77,5133,0,182,3,146.9,0,8,14,0,False,0,0,0,nenhuma fronteira segura alcancavel
267.937,231.0,failed,-3.4706,0.43,0.3544,137.11,0.19,0.0,0.0,5.795,42.77,5133,0,182,3,146.9,0,8,14,0,False,0,0,0,nenhuma fronteira segura alcancavel
268.435,231.5,failed,-3.4706,0.43,0.3544,137.09,0.19,0.0,0.0,5.795,42.77,5133,0,182,3,146.9,0,8,14,0,False,0,0,0,nenhuma fronteira segura alcancavel
268.925,232.0,failed,-3.4705,0.4301,0.3543,137.03,0.18,0.0,0.0,5.795,42.77,5133,0,182,3,146.9,0,8,14,0,False,0,0,0,nenhuma fronteira segura alcancavel
269.424,232.5,failed,-3.4705,0.43,0.3543,137.04,0.19,0.0,0.0,5.795,42.77,5133,0,182,3,146.9,0,8,14,0,False,0,0,0,nenhuma fronteira segura alcancavel
269.914,233.0,failed,-3.4705,0.43,0.3543,137.12,0.19,0.0,0.0,5.796,42.77,5133,0,182,3,146.9,0,8,14,0,False,0,0,0,nenhuma fronteira segura alcancavel
270.388,233.5,failed,-3.4705,0.43,0.3543,137.08,0.18,0.0,0.0,5.796,42.77,5133,0,182,3,146.9,0,8,14,0,False,0,0,0,nenhuma fronteira segura alcancavel
270.884,234.0,failed,-3.4706,0.4299,0.3543,137.17,0.19,0.0,0.0,5.796,42.77,5133,0,182,3,146.9,0,8,14,0,False,0,0,0,nenhuma fronteira segura alcancavel
271.384,234.5,failed,-3.4706,0.4299,0.3543,137.17,0.19,0.0,0.0,5.796,42.77,5133,0,182,3,146.9,0,8,14,0,False,0,0,0,nenhuma fronteira segura alcancavel
271.878,235.001,failed,-3.4705,0.4299,0.3543,137.15,0.19,0.0,0.0,5.796,42.77,5133,0,182,3,146.9,0,8,14,0,False,0,0,0,nenhuma fronteira segura alcancavel
272.367,235.5,failed,-3.4706,0.4299,0.3543,137.1,0.19,0.0,0.0,5.797,42.77,5133,0,182,3,146.9,0,8,14,0,False,0,0,0,nenhuma fronteira segura alcancavel
272.862,236.0,failed,-3.4706,0.4299,0.3543,137.14,0.19,0.0,0.0,5.797,42.77,5133,0,182,3,146.9,0,8,14,0,False,0,0,0,nenhuma fronteira segura alcancavel
273.347,236.5,failed,-3.4706,0.4299,0.3543,137.18,0.19,0.0,0.0,5.797,42.77,5133,0,182,3,146.9,0,8,14,0,False,0,0,0,nenhuma fronteira segura alcancavel
273.836,237.0,failed,-3.4705,0.43,0.3542,137.03,0.18,0.0,0.0,5.797,42.77,5133,0,182,3,146.9,0,8,14,0,False,0,0,0,nenhuma fronteira segura alcancavel
274.329,237.5,failed,-3.4705,0.4299,0.3542,137.2,0.19,0.0,0.0,5.798,42.77,5133,0,182,3,146.9,0,8,14,0,False,0,0,0,nenhuma fronteira segura alcancavel
274.816,238.0,failed,-3.4705,0.4299,0.3542,137.1,0.19,0.0,0.0,5.798,42.77,5133,0,182,3,146.9,0,8,14,0,False,0,0,0,nenhuma fronteira segura alcancavel
275.313,238.501,failed,-3.4705,0.4299,0.3543,137.11,0.19,0.0,0.0,5.798,42.77,5133,0,182,3,146.9,0,8,14,0,False,0,0,0,nenhuma fronteira segura alcancavel
275.808,239.0,failed,-3.4706,0.43,0.3543,137.11,0.19,0.0,0.0,5.798,42.77,5133,0,182,3,146.9,0,8,14,0,False,0,0,0,nenhuma fronteira segura alcancavel
276.298,239.5,failed,-3.4705,0.43,0.3543,137.08,0.19,0.0,0.0,5.798,42.77,5133,0,182,3,146.9,0,8,14,0,False,0,0,0,nenhuma fronteira segura alcancavel
276.792,240.0,failed,-3.4706,0.43,0.3543,137.1,0.19,0.0,0.0,5.798,42.77,5133,0,182,3,146.9,0,8,14,0,False,0,0,0,nenhuma fronteira segura alcancavel
277.287,240.5,failed,-3.4706,0.43,0.3543,137.1,0.19,0.0,0.0,5.799,42.77,5133,0,182,3,146.9,0,8,14,0,False,0,0,0,nenhuma fronteira segura alcancavel
277.768,241.0,failed,-3.4706,0.43,0.3543,137.09,0.19,0.0,0.0,5.799,42.77,5133,0,182,3,146.9,0,8,14,0,False,0,0,0,nenhuma fronteira segura alcancavel
278.268,241.5,failed,-3.4706,0.43,0.3543,137.1,0.19,0.0,0.0,5.799,42.77,5133,0,182,3,146.9,0,8,14,0,False,0,0,0,nenhuma fronteira segura alcancavel
278.759,242.0,failed,-3.4706,0.43,0.3543,137.11,0.19,0.0,0.0,5.799,42.77,5133,0,182,3,146.9,0,8,14,0,False,0,0,0,nenhuma fronteira segura alcancavel
279.257,242.5,failed,-3.4706,0.43,0.3543,137.11,0.19,0.0,0.0,5.799,42.77,5133,0,182,3,146.9,0,8,14,0,False,0,0,0,nenhuma fronteira segura alcancavel
279.747,243.0,failed,-3.4706,0.43,0.3543,137.12,0.19,0.0,0.0,5.799,42.77,5133,0,182,3,146.9,0,8,14,0,False,0,0,0,nenhuma fronteira segura alcancavel
280.218,243.5,failed,-3.4705,0.43,0.3543,137.05,0.19,0.0,0.0,5.799,42.77,5133,0,182,3,146.9,0,8,14,0,False,0,0,0,nenhuma fronteira segura alcancavel
280.703,244.0,failed,-3.4705,0.43,0.3543,137.08,0.19,0.0,0.0,5.799,42.77,5133,0,182,3,146.9,0,8,14,0,False,0,0,0,nenhuma fronteira segura alcancavel
281.196,244.5,failed,-3.4705,0.43,0.3543,137.1,0.19,0.0,0.0,5.8,42.77,5133,0,182,3,146.9,0,8,14,0,False,0,0,0,nenhuma fronteira segura alcancavel
281.684,245.0,failed,-3.4706,0.43,0.3544,137.1,0.19,0.0,0.0,5.8,42.77,5133,0,182,3,146.9,0,8,14,0,False,0,0,0,nenhuma fronteira segura alcancavel
282.165,245.501,failed,-3.4706,0.43,0.3544,137.1,0.19,0.0,0.0,5.8,42.77,5133,0,182,3,146.9,0,8,14,0,False,0,0,0,nenhuma fronteira segura alcancavel
282.665,246.0,failed,-3.4706,0.43,0.3544,137.1,0.19,0.0,0.0,5.8,42.77,5133,0,182,3,146.9,0,8,14,0,False,0,0,0,nenhuma fronteira segura alcancavel
283.157,246.5,failed,-3.4706,0.43,0.3544,137.1,0.19,0.0,0.0,5.8,42.77,5133,0,182,3,146.9,0,8,14,0,False,0,0,0,nenhuma fronteira segura alcancavel
283.651,247.0,failed,-3.4706,0.43,0.3544,137.1,0.19,0.0,0.0,5.8,42.77,5133,0,182,3,146.9,0,8,14,0,False,0,0,0,nenhuma fronteira segura alcancavel
284.141,247.5,failed,-3.4706,0.43,0.3544,137.1,0.19,0.0,0.0,5.8,42.77,5133,0,182,3,146.9,0,8,14,0,False,0,0,0,nenhuma fronteira segura alcancavel
284.614,248.0,failed,-3.4706,0.43,0.3544,137.1,0.19,0.0,0.0,5.8,42.77,5133,0,182,3,146.9,0,8,14,0,False,0,0,0,nenhuma fronteira segura alcancavel
285.115,248.5,failed,-3.4706,0.43,0.3544,137.1,0.19,0.0,0.0,5.8,42.77,5133,0,182,3,146.9,0,8,14,0,False,0,0,0,nenhuma fronteira segura alcancavel
285.617,249.0,failed,-3.4706,0.43,0.3544,137.1,0.19,0.0,0.0,5.8,42.77,5133,0,182,3,146.9,0,8,14,0,False,0,0,0,nenhuma fronteira segura alcancavel
286.104,249.5,failed,-3.4706,0.43,0.3544,137.1,0.19,0.0,0.0,5.8,42.77,5133,0,182,3,146.9,0,8,14,0,False,0,0,0,nenhuma fronteira segura alcancavel
286.602,250.0,failed,-3.4706,0.43,0.3544,137.1,0.19,0.0,0.0,5.8,42.77,5133,0,182,3,146.9,0,8,14,0,False,0,0,0,nenhuma fronteira segura alcancavel
287.102,250.5,failed,-3.4706,0.43,0.3544,137.1,0.19,0.0,0.0,5.8,42.77,5133,0,182,3,146.9,0,8,14,0,False,0,0,0,nenhuma fronteira segura alcancavel
287.597,251.0,failed,-3.4706,0.43,0.3544,137.1,0.19,0.0,0.0,5.8,42.77,5133,0,182,3,146.9,0,8,14,0,False,0,0,0,nenhuma fronteira segura alcancavel
288.086,251.5,failed,-3.4706,0.43,0.3544,137.1,0.19,0.0,0.0,5.8,42.77,5133,0,182,3,146.9,0,8,14,0,False,0,0,0,nenhuma fronteira segura alcancavel
288.576,252.0,failed,-3.4706,0.43,0.3544,137.1,0.19,0.0,0.0,5.8,42.77,5133,0,182,3,146.9,0,8,14,0,False,0,0,0,nenhuma fronteira segura alcancavel
289.07,252.5,failed,-3.4706,0.43,0.3544,137.1,0.19,0.0,0.0,5.8,42.77,5133,0,182,3,146.9,0,8,14,0,False,0,0,0,nenhuma fronteira segura alcancavel
289.567,253.0,failed,-3.4706,0.43,0.3544,137.1,0.19,0.0,0.0,5.8,42.77,5133,0,182,3,146.9,0,8,14,0,False,0,0,0,nenhuma fronteira segura alcancavel
290.044,253.5,failed,-3.4706,0.43,0.3544,137.1,0.19,0.0,0.0,5.8,42.77,5133,0,182,3,146.9,0,8,14,0,False,0,0,0,nenhuma fronteira segura alcancavel
290.539,254.0,failed,-3.4706,0.43,0.3544,137.1,0.19,0.0,0.0,5.8,42.77,5133,0,182,3,146.9,0,8,14,0,False,0,0,0,nenhuma fronteira segura alcancavel
291.04,254.5,failed,-3.4706,0.43,0.3544,137.1,0.19,0.0,0.0,5.8,42.77,5133,0,182,3,146.9,0,8,14,0,False,0,0,0,nenhuma fronteira segura alcancavel
291.532,255.0,failed,-3.4706,0.43,0.3544,137.1,0.19,0.0,0.0,5.8,42.77,5133,0,182,3,146.9,0,8,14,0,False,0,0,0,nenhuma fronteira segura alcancavel
292.027,255.5,failed,-3.4706,0.43,0.3544,137.1,0.19,0.0,0.0,5.8,42.77,5133,0,182,3,146.9,0,8,14,0,False,0,0,0,nenhuma fronteira segura alcancavel
292.517,256.0,failed,-3.4706,0.43,0.3544,137.1,0.19,0.0,0.0,5.8,42.77,5133,0,182,3,146.9,0,8,14,0,False,0,0,0,nenhuma fronteira segura alcancavel
293.015,256.5,failed,-3.4706,0.43,0.3544,137.1,0.19,0.0,0.0,5.8,42.77,5133,0,182,3,146.9,0,8,14,0,False,0,0,0,nenhuma fronteira segura alcancavel
293.51,257.0,failed,-3.4706,0.43,0.3544,137.1,0.19,0.0,0.0,5.8,42.77,5133,0,182,3,146.9,0,8,14,0,False,0,0,0,nenhuma fronteira segura alcancavel
294.002,257.5,failed,-3.4706,0.43,0.3544,137.1,0.19,0.0,0.0,5.8,42.77,5133,0,182,3,146.9,0,8,14,0,False,0,0,0,nenhuma fronteira segura alcancavel
294.493,258.0,failed,-3.4705,0.43,0.3544,137.08,0.19,0.0,0.0,5.8,42.77,5133,0,182,3,146.9,0,8,14,0,False,0,0,0,nenhuma fronteira segura alcancavel
294.974,258.5,failed,-3.4706,0.43,0.3544,137.1,0.19,0.0,0.0,5.8,42.77,5133,0,182,3,146.9,0,8,14,0,False,0,0,0,nenhuma fronteira segura alcancavel
295.462,259.0,failed,-3.4705,0.43,0.3544,137.11,0.19,0.0,0.0,5.8,42.77,5133,0,182,3,146.9,0,8,14,0,False,0,0,0,nenhuma fronteira segura alcancavel
295.955,259.5,failed,-3.4706,0.4299,0.3544,137.11,0.19,0.0,0.0,5.8,42.77,5133,0,182,3,146.9,0,8,14,0,False,0,0,0,nenhuma fronteira segura alcancavel
296.444,260.0,failed,-3.4706,0.43,0.3544,137.11,0.19,0.0,0.0,5.801,42.77,5133,0,182,3,146.9,0,8,14,0,False,0,0,0,nenhuma fronteira segura alcancavel
296.94,260.501,failed,-3.4706,0.4299,0.3544,137.12,0.19,0.0,0.0,5.801,42.77,5133,0,182,3,146.9,0,8,14,0,False,0,0,0,nenhuma fronteira segura alcancavel
297.435,261.0,failed,-3.4706,0.4299,0.3544,137.13,0.19,0.0,0.0,5.801,42.77,5133,0,182,3,146.9,0,8,14,0,False,0,0,0,nenhuma fronteira segura alcancavel
297.928,261.5,failed,-3.4706,0.4299,0.3544,137.13,0.19,0.0,0.0,5.801,42.77,5133,0,182,3,146.9,0,8,14,0,False,0,0,0,nenhuma fronteira segura alcancavel
298.422,262.0,failed,-3.4706,0.4299,0.3544,137.08,0.19,0.0,0.0,5.801,42.77,5133,0,182,3,146.9,0,8,14,0,False,0,0,0,nenhuma fronteira segura alcancavel
298.92,262.5,failed,-3.4706,0.4299,0.3544,137.08,0.19,0.0,0.0,5.802,42.77,5133,0,182,3,146.9,0,8,14,0,False,0,0,0,nenhuma fronteira segura alcancavel
299.403,263.0,failed,-3.4706,0.4299,0.3544,137.09,0.19,0.0,0.0,5.802,42.77,5133,0,182,3,146.9,0,8,14,0,False,0,0,0,nenhuma fronteira segura alcancavel
299.895,263.5,failed,-3.4706,0.4299,0.3544,137.16,0.19,0.0,0.0,5.802,42.77,5133,0,182,3,146.9,0,8,14,0,False,0,0,0,nenhuma fronteira segura alcancavel
300.384,264.0,failed,-3.4706,0.4299,0.3544,137.11,0.19,0.0,0.0,5.802,42.77,5133,0,182,3,146.9,0,8,14,0,False,0,0,0,nenhuma fronteira segura alcancavel
300.873,264.5,failed,-3.4705,0.43,0.3544,137.06,0.19,0.0,0.0,5.802,42.77,5133,0,182,3,146.9,0,8,14,0,False,0,0,0,nenhuma fronteira segura alcancavel
301.369,265.0,failed,-3.4706,0.4299,0.3544,137.11,0.19,0.0,0.0,5.802,42.77,5133,0,182,3,146.9,0,8,14,0,False,0,0,0,nenhuma fronteira segura alcancavel
301.849,265.5,failed,-3.4706,0.4299,0.3544,137.17,0.19,0.0,0.0,5.803,42.77,5133,0,182,3,146.9,0,8,14,0,False,0,0,0,nenhuma fronteira segura alcancavel
302.337,266.0,failed,-3.4706,0.43,0.3544,137.11,0.19,0.0,0.0,5.803,42.77,5133,0,182,3,146.9,0,8,14,0,False,0,0,0,nenhuma fronteira segura alcancavel
302.81,266.5,failed,-3.4706,0.4299,0.3544,137.12,0.19,0.0,0.0,5.803,42.77,5133,0,182,3,146.9,0,8,14,0,False,0,0,0,nenhuma fronteira segura alcancavel
303.301,267.0,failed,-3.4706,0.4299,0.3544,137.13,0.19,0.0,0.0,5.803,42.77,5133,0,182,3,146.9,0,8,14,0,False,0,0,0,nenhuma fronteira segura alcancavel
303.796,267.5,failed,-3.4706,0.4299,0.3544,137.14,0.19,0.0,0.0,5.803,42.77,5133,0,182,3,146.9,0,8,14,0,False,0,0,0,nenhuma fronteira segura alcancavel
304.288,268.0,failed,-3.4706,0.4299,0.3544,137.12,0.19,0.0,0.0,5.803,42.77,5133,0,182,3,146.9,0,8,14,0,False,0,0,0,nenhuma fronteira segura alcancavel
304.786,268.5,failed,-3.4706,0.43,0.3544,137.1,0.19,0.0,0.0,5.803,42.77,5133,0,182,3,146.9,0,8,14,0,False,0,0,0,nenhuma fronteira segura alcancavel
305.254,269.0,failed,-3.4706,0.43,0.3544,137.09,0.19,0.0,0.0,5.803,42.77,5133,0,182,3,146.9,0,8,14,0,False,0,0,0,nenhuma fronteira segura alcancavel
305.731,269.5,failed,-3.4706,0.4299,0.3544,137.11,0.19,0.0,0.0,5.804,42.77,5133,0,182,3,146.9,0,8,14,0,False,0,0,0,nenhuma fronteira segura alcancavel
306.215,270.0,failed,-3.4706,0.43,0.3544,137.08,0.19,0.0,0.0,5.804,42.77,5133,0,182,3,146.9,0,8,14,0,False,0,0,0,nenhuma fronteira segura alcancavel
306.714,270.5,failed,-3.4705,0.43,0.3543,137.09,0.19,0.0,0.0,5.804,42.77,5133,0,182,3,146.9,0,8,14,0,False,0,0,0,nenhuma fronteira segura alcancavel
307.208,271.0,failed,-3.4706,0.4299,0.3544,137.12,0.19,0.0,0.0,5.804,42.77,5133,0,182,3,146.9,0,8,14,0,False,0,0,0,nenhuma fronteira segura alcancavel
307.691,271.5,failed,-3.4705,0.43,0.3544,137.08,0.19,0.0,0.0,5.804,42.77,5133,0,182,3,146.9,0,8,14,0,False,0,0,0,nenhuma fronteira segura alcancavel
308.185,272.0,failed,-3.4706,0.4298,0.3544,137.3,0.19,0.0,0.0,5.804,42.77,5133,0,182,3,146.9,0,8,14,0,False,0,0,0,nenhuma fronteira segura alcancavel
308.678,272.5,failed,-3.4705,0.43,0.3544,137.06,0.18,0.0,0.0,5.805,42.77,5133,0,182,3,146.9,0,8,14,0,False,0,0,0,nenhuma fronteira segura alcancavel
309.176,273.0,failed,-3.4706,0.4299,0.3544,137.12,0.19,0.0,0.0,5.805,42.77,5133,0,182,3,146.9,0,8,14,0,False,0,0,0,nenhuma fronteira segura alcancavel
309.67,273.5,failed,-3.4706,0.4299,0.3544,137.13,0.19,0.0,0.0,5.805,42.77,5133,0,182,3,146.9,0,8,14,0,False,0,0,0,nenhuma fronteira segura alcancavel
310.171,274.0,failed,-3.4706,0.43,0.3544,137.09,0.19,0.0,0.0,5.805,42.77,5133,0,182,3,146.9,0,8,14,0,False,0,0,0,nenhuma fronteira segura alcancavel
310.648,274.5,failed,-3.4706,0.43,0.3544,137.1,0.19,0.0,0.0,5.805,42.77,5133,0,182,3,146.9,0,8,14,0,False,0,0,0,nenhuma fronteira segura alcancavel
311.146,275.0,failed,-3.4706,0.43,0.3544,137.09,0.19,0.0,0.0,5.805,42.77,5133,0,182,3,146.9,0,8,14,0,False,0,0,0,nenhuma fronteira segura alcancavel
311.645,275.5,failed,-3.4705,0.43,0.3544,137.09,0.19,0.0,0.0,5.805,42.77,5133,0,182,3,146.9,0,8,14,0,False,0,0,0,nenhuma fronteira segura alcancavel
312.137,276.0,failed,-3.4705,0.43,0.3544,137.09,0.19,0.0,0.0,5.806,42.77,5133,0,182,3,146.9,0,8,14,0,False,0,0,0,nenhuma fronteira segura alcancavel
312.601,276.5,failed,-3.4705,0.43,0.3544,137.09,0.19,0.0,0.0,5.806,42.77,5133,0,182,3,146.9,0,8,14,0,False,0,0,0,nenhuma fronteira segura alcancavel
313.099,277.0,failed,-3.4705,0.43,0.3544,137.1,0.19,0.0,0.0,5.806,42.77,5133,0,182,3,146.9,0,8,14,0,False,0,0,0,nenhuma fronteira segura alcancavel
313.594,277.5,failed,-3.4705,0.43,0.3544,137.09,0.19,0.0,0.0,5.806,42.77,5133,0,182,3,146.9,0,8,14,0,False,0,0,0,nenhuma fronteira segura alcancavel
314.087,278.0,failed,-3.4705,0.43,0.3544,137.09,0.19,0.0,0.0,5.806,42.77,5133,0,182,3,146.9,0,8,14,0,False,0,0,0,nenhuma fronteira segura alcancavel
314.569,278.5,failed,-3.4705,0.43,0.3544,137.09,0.19,0.0,0.0,5.806,42.77,5133,0,182,3,146.9,0,8,14,0,False,0,0,0,nenhuma fronteira segura alcancavel
315.063,279.0,failed,-3.4706,0.43,0.3544,137.05,0.19,0.0,0.0,5.806,42.77,5133,0,182,3,146.9,0,8,14,0,False,0,0,0,nenhuma fronteira segura alcancavel
315.563,279.5,failed,-3.4705,0.43,0.3544,137.04,0.19,0.0,0.0,5.807,42.77,5133,0,182,3,146.9,0,8,14,0,False,0,0,0,nenhuma fronteira segura alcancavel
316.061,280.0,failed,-3.4706,0.43,0.3544,137.08,0.19,0.0,0.0,5.807,42.77,5133,0,182,3,146.9,0,8,14,0,False,0,0,0,nenhuma fronteira segura alcancavel
316.55,280.5,failed,-3.4706,0.4299,0.3544,137.14,0.2,0.0,0.0,5.807,42.77,5133,0,182,3,146.9,0,8,14,0,False,0,0,0,nenhuma fronteira segura alcancavel
317.044,281.0,failed,-3.4706,0.4299,0.3544,137.12,0.19,0.0,0.0,5.807,42.77,5133,0,182,3,146.9,0,8,14,0,False,0,0,0,nenhuma fronteira segura alcancavel
317.533,281.5,failed,-3.4706,0.43,0.3544,137.1,0.19,0.0,0.0,5.807,42.77,5133,0,182,3,146.9,0,8,14,0,False,0,0,0,nenhuma fronteira segura alcancavel
318.029,282.0,failed,-3.4706,0.43,0.3544,137.1,0.19,0.0,0.0,5.807,42.77,5133,0,182,3,146.9,0,8,14,0,False,0,0,0,nenhuma fronteira segura alcancavel
318.526,282.5,failed,-3.4706,0.4299,0.3544,137.11,0.19,0.0,0.0,5.807,42.77,5133,0,182,3,146.9,0,8,14,0,False,0,0,0,nenhuma fronteira segura alcancavel
319.003,283.0,failed,-3.4706,0.43,0.3544,137.05,0.19,0.0,0.0,5.807,42.77,5133,0,182,3,146.9,0,8,14,0,False,0,0,0,nenhuma fronteira segura alcancavel
319.5,283.5,failed,-3.4706,0.43,0.3544,137.1,0.19,0.0,0.0,5.808,42.77,5133,0,182,3,146.9,0,8,14,0,False,0,0,0,nenhuma fronteira segura alcancavel
319.997,284.0,failed,-3.4706,0.43,0.3544,137.1,0.19,0.0,0.0,5.808,42.77,5133,0,182,3,146.9,0,8,14,0,False,0,0,0,nenhuma fronteira segura alcancavel
320.489,284.5,failed,-3.4706,0.43,0.3544,137.1,0.19,0.0,0.0,5.808,42.77,5133,0,182,3,146.9,0,8,14,0,False,0,0,0,nenhuma fronteira segura alcancavel
320.982,285.0,failed,-3.4706,0.43,0.3544,137.1,0.19,0.0,0.0,5.808,42.77,5133,0,182,3,146.9,0,8,14,0,False,0,0,0,nenhuma fronteira segura alcancavel
321.47,285.5,failed,-3.4706,0.43,0.3544,137.11,0.19,0.0,0.0,5.808,42.77,5133,0,182,3,146.9,0,8,14,0,False,0,0,0,nenhuma fronteira segura alcancavel
321.967,286.0,failed,-3.4706,0.43,0.3544,137.1,0.19,0.0,0.0,5.808,42.77,5133,0,182,3,146.9,0,8,14,0,False,0,0,0,nenhuma fronteira segura alcancavel
322.458,286.5,failed,-3.4706,0.43,0.3544,137.1,0.19,0.0,0.0,5.808,42.77,5133,0,182,3,146.9,0,8,14,0,False,0,0,0,nenhuma fronteira segura alcancavel
322.951,287.0,failed,-3.4706,0.43,0.3544,137.08,0.19,0.0,0.0,5.808,42.77,5133,0,182,3,146.9,0,8,14,0,False,0,0,0,nenhuma fronteira segura alcancavel
323.429,287.5,failed,-3.4706,0.4299,0.3544,137.11,0.19,0.0,0.0,5.808,42.77,5133,0,182,3,146.9,0,8,14,0,False,0,0,0,nenhuma fronteira segura alcancavel
323.931,288.0,failed,-3.4706,0.43,0.3544,137.11,0.19,0.0,0.0,5.808,42.77,5133,0,182,3,146.9,0,8,14,0,False,0,0,0,nenhuma fronteira segura alcancavel
324.425,288.5,failed,-3.4706,0.43,0.3544,137.08,0.19,0.0,0.0,5.808,42.77,5133,0,182,3,146.9,0,8,14,0,False,0,0,0,nenhuma fronteira segura alcancavel
324.917,289.0,failed,-3.4706,0.43,0.3544,137.07,0.19,0.0,0.0,5.808,42.77,5133,0,182,3,146.9,0,8,14,0,False,0,0,0,nenhuma fronteira segura alcancavel
325.399,289.5,failed,-3.4705,0.43,0.3544,137.05,0.19,0.0,0.0,5.809,42.77,5133,0,182,3,146.9,0,8,14,0,False,0,0,0,nenhuma fronteira segura alcancavel
325.895,290.0,failed,-3.4705,0.4299,0.3543,137.11,0.19,0.0,0.0,5.809,42.77,5133,0,182,3,146.9,0,8,14,0,False,0,0,0,nenhuma fronteira segura alcancavel
326.382,290.5,failed,-3.4706,0.4299,0.3543,137.3,0.2,0.0,0.0,5.809,42.77,5133,0,182,3,146.9,0,8,14,0,False,0,0,0,nenhuma fronteira segura alcancavel
326.87,291.0,failed,-3.4705,0.43,0.3544,137.1,0.19,0.0,0.0,5.81,42.77,5133,0,182,3,146.9,0,8,14,0,False,0,0,0,nenhuma fronteira segura alcancavel
327.363,291.5,failed,-3.4705,0.4299,0.3544,137.09,0.19,0.0,0.0,5.81,42.77,5133,0,182,3,146.9,0,8,14,0,False,0,0,0,nenhuma fronteira segura alcancavel
327.854,292.0,failed,-3.4706,0.4299,0.3544,137.23,0.19,0.0,0.0,5.81,42.77,5133,0,182,3,146.9,0,8,14,0,False,0,0,0,nenhuma fronteira segura alcancavel
328.324,292.5,failed,-3.4705,0.4299,0.3544,137.12,0.19,0.0,0.0,5.81,42.77,5133,0,182,3,146.9,0,8,14,0,False,0,0,0,nenhuma fronteira segura alcancavel
328.817,293.0,failed,-3.4704,0.43,0.3544,136.83,0.18,0.0,0.0,5.811,42.77,5133,0,182,3,146.9,0,8,14,0,False,0,0,0,nenhuma fronteira segura alcancavel
329.318,293.5,failed,-3.4705,0.4299,0.3543,137.03,0.19,0.0,0.0,5.811,42.77,5133,0,182,3,146.9,0,8,14,0,False,0,0,0,nenhuma fronteira segura alcancavel
329.811,294.0,failed,-3.4705,0.4299,0.3543,137.08,0.19,0.0,0.0,5.811,42.77,5133,0,182,3,146.9,0,8,14,0,False,0,0,0,nenhuma fronteira segura alcancavel
330.31,294.5,failed,-3.4705,0.4299,0.3543,137.08,0.19,0.0,0.0,5.811,42.77,5133,0,182,3,146.9,0,8,14,0,False,0,0,0,nenhuma fronteira segura alcancavel
330.807,295.0,failed,-3.4706,0.4299,0.3543,137.12,0.19,0.0,0.0,5.811,42.77,5133,0,182,3,146.9,0,8,14,0,False,0,0,0,nenhuma fronteira segura alcancavel
331.296,295.5,failed,-3.4706,0.4299,0.3543,137.12,0.19,0.0,0.0,5.811,42.77,5133,0,182,3,146.9,0,8,14,0,False,0,0,0,nenhuma fronteira segura alcancavel
331.786,296.0,failed,-3.4706,0.4299,0.3543,137.12,0.19,0.0,0.0,5.811,42.77,5133,0,182,3,146.9,0,8,14,0,False,0,0,0,nenhuma fronteira segura alcancavel
332.284,296.5,failed,-3.4705,0.43,0.3543,137.06,0.19,0.0,0.0,5.812,42.77,5133,0,182,3,146.9,0,8,14,0,False,0,0,0,nenhuma fronteira segura alcancavel
332.778,297.0,failed,-3.4706,0.43,0.3543,137.1,0.19,0.0,0.0,5.812,42.77,5133,0,182,3,146.9,0,8,14,0,False,0,0,0,nenhuma fronteira segura alcancavel
333.273,297.5,failed,-3.4706,0.4299,0.3543,137.11,0.19,0.0,0.0,5.812,42.77,5133,0,182,3,146.9,0,8,14,0,False,0,0,0,nenhuma fronteira segura alcancavel
333.773,298.0,failed,-3.4706,0.4299,0.3544,137.11,0.19,0.0,0.0,5.812,42.77,5133,0,182,3,146.9,0,8,14,0,False,0,0,0,nenhuma fronteira segura alcancavel
334.273,298.5,failed,-3.4706,0.4299,0.3543,137.09,0.19,0.0,0.0,5.812,42.77,5133,0,182,3,146.9,0,8,14,0,False,0,0,0,nenhuma fronteira segura alcancavel
334.77,299.0,failed,-3.4706,0.4299,0.3543,137.12,0.19,0.0,0.0,5.812,42.77,5133,0,182,3,146.9,0,8,14,0,False,0,0,0,nenhuma fronteira segura alcancavel
335.246,299.5,failed,-3.4706,0.43,0.3543,137.1,0.19,0.0,0.0,5.812,42.77,5133,0,182,3,146.9,0,8,14,0,False,0,0,0,nenhuma fronteira segura alcancavel
335.731,300.0,failed,-3.4706,0.43,0.3543,137.1,0.19,0.0,0.0,5.812,42.77,5133,0,182,3,146.9,0,8,14,0,False,0,0,0,nenhuma fronteira segura alcancavel
336.229,300.5,failed,-3.4706,0.43,0.3543,137.1,0.19,0.0,0.0,5.812,42.77,5133,0,182,3,146.9,0,8,14,0,False,0,0,0,nenhuma fronteira segura alcancavel
336.715,301.0,failed,-3.4706,0.43,0.3543,137.1,0.19,0.0,0.0,5.812,42.77,5133,0,182,3,146.9,0,8,14,0,False,0,0,0,nenhuma fronteira segura alcancavel
337.215,301.5,failed,-3.4706,0.43,0.3543,137.1,0.19,0.0,0.0,5.812,42.77,5133,0,182,3,146.9,0,8,14,0,False,0,0,0,nenhuma fronteira segura alcancavel
337.71,302.0,failed,-3.4706,0.43,0.3543,137.1,0.19,0.0,0.0,5.812,42.77,5133,0,182,3,146.9,0,8,14,0,False,0,0,0,nenhuma fronteira segura alcancavel
338.204,302.5,failed,-3.4706,0.43,0.3543,137.1,0.19,0.0,0.0,5.812,42.77,5133,0,182,3,146.9,0,8,14,0,False,0,0,0,nenhuma fronteira segura alcancavel
338.702,303.0,failed,-3.4706,0.43,0.3543,137.1,0.19,0.0,0.0,5.812,42.77,5133,0,182,3,146.9,0,8,14,0,False,0,0,0,nenhuma fronteira segura alcancavel
339.2,303.5,failed,-3.4706,0.43,0.3543,137.1,0.19,0.0,0.0,5.812,42.77,5133,0,182,3,146.9,0,8,14,0,False,0,0,0,nenhuma fronteira segura alcancavel
339.688,304.0,failed,-3.4706,0.43,0.3543,137.1,0.19,0.0,0.0,5.812,42.77,5133,0,182,3,146.9,0,8,14,0,False,0,0,0,nenhuma fronteira segura alcancavel
340.187,304.5,failed,-3.4706,0.43,0.3543,137.1,0.19,0.0,0.0,5.812,42.77,5133,0,182,3,146.9,0,8,14,0,False,0,0,0,nenhuma fronteira segura alcancavel
340.686,305.0,failed,-3.4706,0.43,0.3543,137.1,0.19,0.0,0.0,5.812,42.77,5133,0,182,3,146.9,0,8,14,0,False,0,0,0,nenhuma fronteira segura alcancavel
341.181,305.5,failed,-3.4706,0.43,0.3543,137.1,0.19,0.0,0.0,5.812,42.77,5133,0,182,3,146.9,0,8,14,0,False,0,0,0,nenhuma fronteira segura alcancavel
341.668,306.0,failed,-3.4706,0.43,0.3543,137.1,0.19,0.0,0.0,5.812,42.77,5133,0,182,3,146.9,0,8,14,0,False,0,0,0,nenhuma fronteira segura alcancavel
342.146,306.501,failed,-3.4706,0.43,0.3543,137.1,0.19,0.0,0.0,5.812,42.77,5133,0,182,3,146.9,0,8,14,0,False,0,0,0,nenhuma fronteira segura alcancavel
342.642,307.0,failed,-3.4706,0.43,0.3543,137.1,0.19,0.0,0.0,5.812,42.77,5133,0,182,3,146.9,0,8,14,0,False,0,0,0,nenhuma fronteira segura alcancavel
343.136,307.5,failed,-3.4706,0.43,0.3543,137.1,0.19,0.0,0.0,5.812,42.77,5133,0,182,3,146.9,0,8,14,0,False,0,0,0,nenhuma fronteira segura alcancavel
343.639,308.0,failed,-3.4706,0.43,0.3543,137.1,0.19,0.0,0.0,5.812,42.77,5133,0,182,3,146.9,0,8,14,0,False,0,0,0,nenhuma fronteira segura alcancavel
344.134,308.5,failed,-3.4706,0.43,0.3543,137.1,0.19,0.0,0.0,5.812,42.77,5133,0,182,3,146.9,0,8,14,0,False,0,0,0,nenhuma fronteira segura alcancavel
344.629,309.0,failed,-3.4706,0.43,0.3543,137.1,0.19,0.0,0.0,5.812,42.77,5133,0,182,3,146.9,0,8,14,0,False,0,0,0,nenhuma fronteira segura alcancavel
345.12,309.501,failed,-3.4706,0.43,0.3543,137.1,0.19,0.0,0.0,5.812,42.77,5133,0,182,3,146.9,0,8,14,0,False,0,0,0,nenhuma fronteira segura alcancavel
345.612,310.0,failed,-3.4706,0.43,0.3543,137.1,0.19,0.0,0.0,5.812,42.77,5133,0,182,3,146.9,0,8,14,0,False,0,0,0,nenhuma fronteira segura alcancavel
346.111,310.5,failed,-3.4706,0.43,0.3543,137.1,0.19,0.0,0.0,5.812,42.77,5133,0,182,3,146.9,0,8,14,0,False,0,0,0,nenhuma fronteira segura alcancavel
346.599,311.0,failed,-3.4706,0.43,0.3543,137.1,0.19,0.0,0.0,5.812,42.77,5133,0,182,3,146.9,0,8,14,0,False,0,0,0,nenhuma fronteira segura alcancavel
347.099,311.5,failed,-3.4706,0.43,0.3543,137.1,0.19,0.0,0.0,5.812,42.77,5133,0,182,3,146.9,0,8,14,0,False,0,0,0,nenhuma fronteira segura alcancavel
347.586,312.001,failed,-3.4706,0.43,0.3543,137.1,0.19,0.0,0.0,5.812,42.77,5133,0,182,3,146.9,0,8,14,0,False,0,0,0,nenhuma fronteira segura alcancavel
348.071,312.5,failed,-3.4706,0.43,0.3543,137.1,0.19,0.0,0.0,5.812,42.77,5133,0,182,3,146.9,0,8,14,0,False,0,0,0,nenhuma fronteira segura alcancavel
348.566,313.0,failed,-3.4706,0.43,0.3543,137.1,0.19,0.0,0.0,5.812,42.77,5133,0,182,3,146.9,0,8,14,0,False,0,0,0,nenhuma fronteira segura alcancavel
349.026,313.5,failed,-3.4706,0.43,0.3543,137.1,0.19,0.0,0.0,5.812,42.77,5133,0,182,3,146.9,0,8,14,0,False,0,0,0,nenhuma fronteira segura alcancavel
349.534,314.0,failed,-3.4706,0.43,0.3543,137.1,0.19,0.0,0.0,5.812,42.77,5133,0,182,3,146.9,0,8,14,0,False,0,0,0,nenhuma fronteira segura alcancavel
350.024,314.5,failed,-3.4706,0.43,0.3543,137.1,0.19,0.0,0.0,5.812,42.77,5133,0,182,3,146.9,0,8,14,0,False,0,0,0,nenhuma fronteira segura alcancavel
350.518,315.0,failed,-3.4706,0.43,0.3543,137.1,0.19,0.0,0.0,5.812,42.77,5133,0,182,3,146.9,0,8,14,0,False,0,0,0,nenhuma fronteira segura alcancavel
351.017,315.5,failed,-3.4706,0.43,0.3543,137.1,0.19,0.0,0.0,5.812,42.77,5133,0,182,3,146.9,0,8,14,0,False,0,0,0,nenhuma fronteira segura alcancavel
351.503,316.0,failed,-3.4706,0.43,0.3543,137.1,0.19,0.0,0.0,5.812,42.77,5133,0,182,3,146.9,0,8,14,0,False,0,0,0,nenhuma fronteira segura alcancavel
352.003,316.5,failed,-3.4706,0.43,0.3543,137.1,0.19,0.0,0.0,5.812,42.77,5133,0,182,3,146.9,0,8,14,0,False,0,0,0,nenhuma fronteira segura alcancavel
352.491,317.0,failed,-3.4706,0.43,0.3543,137.1,0.19,0.0,0.0,5.812,42.77,5133,0,182,3,146.9,0,8,14,0,False,0,0,0,nenhuma fronteira segura alcancavel
352.976,317.5,failed,-3.4706,0.43,0.3543,137.1,0.19,0.0,0.0,5.812,42.77,5133,0,182,3,146.9,0,8,14,0,False,0,0,0,nenhuma fronteira segura alcancavel
353.474,318.0,failed,-3.4706,0.43,0.3543,137.1,0.19,0.0,0.0,5.812,42.77,5133,0,182,3,146.9,0,8,14,0,False,0,0,0,nenhuma fronteira segura alcancavel
353.97,318.5,failed,-3.4706,0.43,0.3543,137.1,0.19,0.0,0.0,5.812,42.77,5133,0,182,3,146.9,0,8,14,0,False,0,0,0,nenhuma fronteira segura alcancavel
354.46,319.0,failed,-3.4706,0.43,0.3543,137.1,0.19,0.0,0.0,5.812,42.77,5133,0,182,3,146.9,0,8,14,0,False,0,0,0,nenhuma fronteira segura alcancavel
354.96,319.5,failed,-3.4706,0.43,0.3543,137.1,0.19,0.0,0.0,5.812,42.77,5133,0,182,3,146.9,0,8,14,0,False,0,0,0,nenhuma fronteira segura alcancavel
355.454,320.0,failed,-3.4706,0.43,0.3543,137.1,0.19,0.0,0.0,5.812,42.77,5133,0,182,3,146.9,0,8,14,0,False,0,0,0,nenhuma fronteira segura alcancavel
355.948,320.5,failed,-3.4706,0.43,0.3543,137.1,0.19,0.0,0.0,5.812,42.77,5133,0,182,3,146.9,0,8,14,0,False,0,0,0,nenhuma fronteira segura alcancavel
356.439,321.0,failed,-3.4706,0.43,0.3543,137.1,0.19,0.0,0.0,5.812,42.77,5133,0,182,3,146.9,0,8,14,0,False,0,0,0,nenhuma fronteira segura alcancavel
356.927,321.5,failed,-3.4706,0.43,0.3543,137.1,0.19,0.0,0.0,5.812,42.77,5133,0,182,3,146.9,0,8,14,0,False,0,0,0,nenhuma fronteira segura alcancavel
357.424,322.0,failed,-3.4706,0.43,0.3543,137.1,0.19,0.0,0.0,5.812,42.77,5133,0,182,3,146.9,0,8,14,0,False,0,0,0,nenhuma fronteira segura alcancavel
357.922,322.5,failed,-3.4706,0.43,0.3543,137.1,0.19,0.0,0.0,5.812,42.77,5133,0,182,3,146.9,0,8,14,0,False,0,0,0,nenhuma fronteira segura alcancavel
358.417,323.0,failed,-3.4706,0.43,0.3543,137.1,0.19,0.0,0.0,5.812,42.77,5133,0,182,3,146.9,0,8,14,0,False,0,0,0,nenhuma fronteira segura alcancavel
358.915,323.5,failed,-3.4706,0.43,0.3543,137.1,0.19,0.0,0.0,5.812,42.77,5133,0,182,3,146.9,0,8,14,0,False,0,0,0,nenhuma fronteira segura alcancavel
359.41,324.0,failed,-3.4706,0.43,0.3543,137.1,0.19,0.0,0.0,5.812,42.77,5133,0,182,3,146.9,0,8,14,0,False,0,0,0,nenhuma fronteira segura alcancavel
359.899,324.5,failed,-3.4706,0.43,0.3543,137.1,0.19,0.0,0.0,5.812,42.77,5133,0,182,3,146.9,0,8,14,0,False,0,0,0,nenhuma fronteira segura alcancavel
360.396,325.0,failed,-3.4706,0.43,0.3543,137.1,0.19,0.0,0.0,5.812,42.77,5133,0,182,3,146.9,0,8,14,0,False,0,0,0,nenhuma fronteira segura alcancavel
360.894,325.5,failed,-3.4706,0.43,0.3543,137.1,0.19,0.0,0.0,5.812,42.77,5133,0,182,3,146.9,0,8,14,0,False,0,0,0,nenhuma fronteira segura alcancavel
361.391,326.0,failed,-3.4706,0.43,0.3543,137.1,0.19,0.0,0.0,5.812,42.77,5133,0,182,3,146.9,0,8,14,0,False,0,0,0,nenhuma fronteira segura alcancavel
361.887,326.5,failed,-3.4706,0.43,0.3543,137.1,0.19,0.0,0.0,5.812,42.77,5133,0,182,3,146.9,0,8,14,0,False,0,0,0,nenhuma fronteira segura alcancavel
362.378,327.0,failed,-3.4706,0.43,0.3543,137.1,0.19,0.0,0.0,5.812,42.77,5133,0,182,3,146.9,0,8,14,0,False,0,0,0,nenhuma fronteira segura alcancavel
362.874,327.501,failed,-3.4706,0.43,0.3543,137.1,0.19,0.0,0.0,5.812,42.77,5133,0,182,3,146.9,0,8,14,0,False,0,0,0,nenhuma fronteira segura alcancavel
363.368,328.0,failed,-3.4706,0.43,0.3543,137.1,0.19,0.0,0.0,5.812,42.77,5133,0,182,3,146.9,0,8,14,0,False,0,0,0,nenhuma fronteira segura alcancavel
363.864,328.5,failed,-3.4706,0.43,0.3543,137.1,0.19,0.0,0.0,5.812,42.77,5133,0,182,3,146.9,0,8,14,0,False,0,0,0,nenhuma fronteira segura alcancavel
364.361,329.0,failed,-3.4706,0.43,0.3543,137.1,0.19,0.0,0.0,5.812,42.77,5133,0,182,3,146.9,0,8,14,0,False,0,0,0,nenhuma fronteira segura alcancavel
364.855,329.5,failed,-3.4706,0.43,0.3543,137.1,0.19,0.0,0.0,5.812,42.77,5133,0,182,3,146.9,0,8,14,0,False,0,0,0,nenhuma fronteira segura alcancavel
365.349,330.0,failed,-3.4706,0.43,0.3543,137.1,0.19,0.0,0.0,5.812,42.77,5133,0,182,3,146.9,0,8,14,0,False,0,0,0,nenhuma fronteira segura alcancavel
365.84,330.5,failed,-3.4706,0.43,0.3543,137.1,0.19,0.0,0.0,5.812,42.77,5133,0,182,3,146.9,0,8,14,0,False,0,0,0,nenhuma fronteira segura alcancavel
366.331,331.0,failed,-3.4706,0.43,0.3543,137.1,0.19,0.0,0.0,5.812,42.77,5133,0,182,3,146.9,0,8,14,0,False,0,0,0,nenhuma fronteira segura alcancavel
366.82,331.5,failed,-3.4706,0.43,0.3543,137.1,0.19,0.0,0.0,5.812,42.77,5133,0,182,3,146.9,0,8,14,0,False,0,0,0,nenhuma fronteira segura alcancavel
367.314,332.0,failed,-3.4706,0.43,0.3543,137.1,0.19,0.0,0.0,5.812,42.77,5133,0,182,3,146.9,0,8,14,0,False,0,0,0,nenhuma fronteira segura alcancavel
367.801,332.5,failed,-3.4706,0.43,0.3543,137.1,0.19,0.0,0.0,5.812,42.77,5133,0,182,3,146.9,0,8,14,0,False,0,0,0,nenhuma fronteira segura alcancavel
368.293,333.0,failed,-3.4706,0.43,0.3543,137.1,0.19,0.0,0.0,5.812,42.77,5133,0,182,3,146.9,0,8,14,0,False,0,0,0,nenhuma fronteira segura alcancavel
368.789,333.5,failed,-3.4706,0.43,0.3543,137.1,0.19,0.0,0.0,5.812,42.77,5133,0,182,3,146.9,0,8,14,0,False,0,0,0,nenhuma fronteira segura alcancavel
369.285,334.0,failed,-3.4706,0.43,0.3543,137.1,0.19,0.0,0.0,5.812,42.77,5133,0,182,3,146.9,0,8,14,0,False,0,0,0,nenhuma fronteira segura alcancavel
369.778,334.5,failed,-3.4706,0.43,0.3543,137.1,0.19,0.0,0.0,5.812,42.77,5133,0,182,3,146.9,0,8,14,0,False,0,0,0,nenhuma fronteira segura alcancavel
370.277,335.0,failed,-3.4706,0.43,0.3543,137.1,0.19,0.0,0.0,5.812,42.77,5133,0,182,3,146.9,0,8,14,0,False,0,0,0,nenhuma fronteira segura alcancavel
370.766,335.5,failed,-3.4706,0.43,0.3543,137.1,0.19,0.0,0.0,5.812,42.77,5133,0,182,3,146.9,0,8,14,0,False,0,0,0,nenhuma fronteira segura alcancavel
371.258,336.0,failed,-3.4706,0.43,0.3543,137.1,0.19,0.0,0.0,5.812,42.77,5133,0,182,3,146.9,0,8,14,0,False,0,0,0,nenhuma fronteira segura alcancavel
371.753,336.5,failed,-3.4706,0.43,0.3543,137.1,0.19,0.0,0.0,5.812,42.77,5133,0,182,3,146.9,0,8,14,0,False,0,0,0,nenhuma fronteira segura alcancavel
372.237,337.0,failed,-3.4706,0.43,0.3543,137.1,0.19,0.0,0.0,5.812,42.77,5133,0,182,3,146.9,0,8,14,0,False,0,0,0,nenhuma fronteira segura alcancavel
372.733,337.5,failed,-3.4706,0.43,0.3543,137.1,0.19,0.0,0.0,5.812,42.77,5133,0,182,3,146.9,0,8,14,0,False,0,0,0,nenhuma fronteira segura alcancavel
373.224,338.0,failed,-3.4706,0.43,0.3543,137.1,0.19,0.0,0.0,5.812,42.77,5133,0,182,3,146.9,0,8,14,0,False,0,0,0,nenhuma fronteira segura alcancavel
373.715,338.5,failed,-3.4706,0.43,0.3543,137.1,0.19,0.0,0.0,5.812,42.77,5133,0,182,3,146.9,0,8,14,0,False,0,0,0,nenhuma fronteira segura alcancavel
374.211,339.0,failed,-3.4706,0.43,0.3543,137.1,0.19,0.0,0.0,5.812,42.77,5133,0,182,3,146.9,0,8,14,0,False,0,0,0,nenhuma fronteira segura alcancavel
374.701,339.5,failed,-3.4706,0.43,0.3543,137.1,0.19,0.0,0.0,5.812,42.77,5133,0,182,3,146.9,0,8,14,0,False,0,0,0,nenhuma fronteira segura alcancavel
375.198,340.0,failed,-3.4706,0.43,0.3543,137.1,0.19,0.0,0.0,5.812,42.77,5133,0,182,3,146.9,0,8,14,0,False,0,0,0,nenhuma fronteira segura alcancavel
375.698,340.5,failed,-3.4706,0.43,0.3543,137.1,0.19,0.0,0.0,5.812,42.77,5133,0,182,3,146.9,0,8,14,0,False,0,0,0,nenhuma fronteira segura alcancavel
376.19,341.0,failed,-3.4706,0.43,0.3543,137.1,0.19,0.0,0.0,5.812,42.77,5133,0,182,3,146.9,0,8,14,0,False,0,0,0,nenhuma fronteira segura alcancavel
376.685,341.5,failed,-3.4706,0.43,0.3543,137.1,0.19,0.0,0.0,5.812,42.77,5133,0,182,3,146.9,0,8,14,0,False,0,0,0,nenhuma fronteira segura alcancavel
377.178,342.0,failed,-3.4706,0.43,0.3543,137.1,0.19,0.0,0.0,5.812,42.77,5133,0,182,3,146.9,0,8,14,0,False,0,0,0,nenhuma fronteira segura alcancavel
377.673,342.5,failed,-3.4706,0.43,0.3543,137.1,0.19,0.0,0.0,5.812,42.77,5133,0,182,3,146.9,0,8,14,0,False,0,0,0,nenhuma fronteira segura alcancavel
378.164,343.0,failed,-3.4706,0.43,0.3543,137.1,0.19,0.0,0.0,5.812,42.77,5133,0,182,3,146.9,0,8,14,0,False,0,0,0,nenhuma fronteira segura alcancavel
378.661,343.5,failed,-3.4706,0.43,0.3543,137.1,0.19,0.0,0.0,5.812,42.77,5133,0,182,3,146.9,0,8,14,0,False,0,0,0,nenhuma fronteira segura alcancavel
379.155,344.0,failed,-3.4706,0.43,0.3543,137.1,0.19,0.0,0.0,5.812,42.77,5133,0,182,3,146.9,0,8,14,0,False,0,0,0,nenhuma fronteira segura alcancavel
379.655,344.5,failed,-3.4706,0.43,0.3543,137.1,0.19,0.0,0.0,5.812,42.77,5133,0,182,3,146.9,0,8,14,0,False,0,0,0,nenhuma fronteira segura alcancavel
380.138,345.0,failed,-3.4706,0.43,0.3543,137.1,0.19,0.0,0.0,5.812,42.77,5133,0,182,3,146.9,0,8,14,0,False,0,0,0,nenhuma fronteira segura alcancavel
380.633,345.5,failed,-3.4706,0.43,0.3543,137.1,0.19,0.0,0.0,5.812,42.77,5133,0,182,3,146.9,0,8,14,0,False,0,0,0,nenhuma fronteira segura alcancavel
381.13,346.0,failed,-3.4706,0.43,0.3543,137.1,0.19,0.0,0.0,5.812,42.77,5133,0,182,3,146.9,0,8,14,0,False,0,0,0,nenhuma fronteira segura alcancavel
381.628,346.5,failed,-3.4706,0.43,0.3543,137.1,0.19,0.0,0.0,5.812,42.77,5133,0,182,3,146.9,0,8,14,0,False,0,0,0,nenhuma fronteira segura alcancavel
382.114,347.0,failed,-3.4706,0.43,0.3543,137.1,0.19,0.0,0.0,5.812,42.77,5133,0,182,3,146.9,0,8,14,0,False,0,0,0,nenhuma fronteira segura alcancavel
382.612,347.5,failed,-3.4706,0.43,0.3543,137.1,0.19,0.0,0.0,5.812,42.77,5133,0,182,3,146.9,0,8,14,0,False,0,0,0,nenhuma fronteira segura alcancavel
383.106,348.0,failed,-3.4706,0.43,0.3543,137.1,0.19,0.0,0.0,5.812,42.77,5133,0,182,3,146.9,0,8,14,0,False,0,0,0,nenhuma fronteira segura alcancavel
383.602,348.5,failed,-3.4706,0.43,0.3543,137.1,0.19,0.0,0.0,5.812,42.77,5133,0,182,3,146.9,0,8,14,0,False,0,0,0,nenhuma fronteira segura alcancavel
384.1,349.0,failed,-3.4706,0.43,0.3543,137.1,0.19,0.0,0.0,5.812,42.77,5133,0,182,3,146.9,0,8,14,0,False,0,0,0,nenhuma fronteira segura alcancavel
384.581,349.5,failed,-3.4706,0.43,0.3543,137.1,0.19,0.0,0.0,5.812,42.77,5133,0,182,3,146.9,0,8,14,0,False,0,0,0,nenhuma fronteira segura alcancavel
385.081,350.0,failed,-3.4706,0.43,0.3543,137.1,0.19,0.0,0.0,5.812,42.77,5133,0,182,3,146.9,0,8,14,0,False,0,0,0,nenhuma fronteira segura alcancavel
385.574,350.5,failed,-3.4706,0.43,0.3543,137.1,0.19,0.0,0.0,5.812,42.77,5133,0,182,3,146.9,0,8,14,0,False,0,0,0,nenhuma fronteira segura alcancavel
386.074,351.001,failed,-3.4706,0.43,0.3543,137.1,0.19,0.0,0.0,5.812,42.77,5133,0,182,3,146.9,0,8,14,0,False,0,0,0,nenhuma fronteira segura alcancavel
386.564,351.5,failed,-3.4706,0.43,0.3543,137.1,0.19,0.0,0.0,5.812,42.77,5133,0,182,3,146.9,0,8,14,0,False,0,0,0,nenhuma fronteira segura alcancavel
387.048,352.0,failed,-3.4706,0.43,0.3543,137.1,0.19,0.0,0.0,5.812,42.77,5133,0,182,3,146.9,0,8,14,0,False,0,0,0,nenhuma fronteira segura alcancavel
387.537,352.5,failed,-3.4706,0.43,0.3543,137.1,0.19,0.0,0.0,5.812,42.77,5133,0,182,3,146.9,0,8,14,0,False,0,0,0,nenhuma fronteira segura alcancavel
388.02,353.0,failed,-3.4706,0.43,0.3543,137.1,0.19,0.0,0.0,5.812,42.77,5133,0,182,3,146.9,0,8,14,0,False,0,0,0,nenhuma fronteira segura alcancavel
388.505,353.5,failed,-3.4706,0.43,0.3543,137.1,0.19,0.0,0.0,5.812,42.77,5133,0,182,3,146.9,0,8,14,0,False,0,0,0,nenhuma fronteira segura alcancavel
389.001,354.0,failed,-3.4706,0.43,0.3543,137.1,0.19,0.0,0.0,5.812,42.77,5133,0,182,3,146.9,0,8,14,0,False,0,0,0,nenhuma fronteira segura alcancavel
389.5,354.5,failed,-3.4706,0.43,0.3543,137.1,0.19,0.0,0.0,5.812,42.77,5133,0,182,3,146.9,0,8,14,0,False,0,0,0,nenhuma fronteira segura alcancavel
389.999,355.0,failed,-3.4706,0.43,0.3543,137.1,0.19,0.0,0.0,5.812,42.77,5133,0,182,3,146.9,0,8,14,0,False,0,0,0,nenhuma fronteira segura alcancavel
390.496,355.5,failed,-3.4706,0.43,0.3543,137.1,0.19,0.0,0.0,5.812,42.77,5133,0,182,3,146.9,0,8,14,0,False,0,0,0,nenhuma fronteira segura alcancavel
390.994,356.0,failed,-3.4706,0.43,0.3543,137.1,0.19,0.0,0.0,5.812,42.77,5133,0,182,3,146.9,0,8,14,0,False,0,0,0,nenhuma fronteira segura alcancavel
391.478,356.5,failed,-3.4706,0.43,0.3543,137.1,0.19,0.0,0.0,5.812,42.77,5133,0,182,3,146.9,0,8,14,0,False,0,0,0,nenhuma fronteira segura alcancavel
391.975,357.0,failed,-3.4706,0.43,0.3543,137.1,0.19,0.0,0.0,5.812,42.77,5133,0,182,3,146.9,0,8,14,0,False,0,0,0,nenhuma fronteira segura alcancavel
392.467,357.5,failed,-3.4706,0.43,0.3543,137.1,0.19,0.0,0.0,5.812,42.77,5133,0,182,3,146.9,0,8,14,0,False,0,0,0,nenhuma fronteira segura alcancavel
392.963,358.0,failed,-3.4706,0.43,0.3543,137.1,0.19,0.0,0.0,5.812,42.77,5133,0,182,3,146.9,0,8,14,0,False,0,0,0,nenhuma fronteira segura alcancavel
393.459,358.5,failed,-3.4706,0.43,0.3543,137.1,0.19,0.0,0.0,5.812,42.77,5133,0,182,3,146.9,0,8,14,0,False,0,0,0,nenhuma fronteira segura alcancavel
393.952,359.0,failed,-3.4706,0.43,0.3543,137.1,0.19,0.0,0.0,5.812,42.77,5133,0,182,3,146.9,0,8,14,0,False,0,0,0,nenhuma fronteira segura alcancavel
394.45,359.5,failed,-3.4706,0.43,0.3543,137.1,0.19,0.0,0.0,5.812,42.77,5133,0,182,3,146.9,0,8,14,0,False,0,0,0,nenhuma fronteira segura alcancavel
394.945,360.0,failed,-3.4706,0.43,0.3543,137.1,0.19,0.0,0.0,5.812,42.77,5133,0,182,3,146.9,0,8,14,0,False,0,0,0,nenhuma fronteira segura alcancavel
395.436,360.501,failed,-3.4706,0.43,0.3543,137.1,0.19,0.0,0.0,5.812,42.77,5133,0,182,3,146.9,0,8,14,0,False,0,0,0,nenhuma fronteira segura alcancavel
395.933,361.0,failed,-3.4706,0.43,0.3543,137.1,0.19,0.0,0.0,5.812,42.77,5133,0,182,3,146.9,0,8,14,0,False,0,0,0,nenhuma fronteira segura alcancavel
396.423,361.5,failed,-3.4706,0.43,0.3543,137.1,0.19,0.0,0.0,5.812,42.77,5133,0,182,3,146.9,0,8,14,0,False,0,0,0,nenhuma fronteira segura alcancavel
396.922,362.0,failed,-3.4706,0.43,0.3543,137.1,0.19,0.0,0.0,5.812,42.77,5133,0,182,3,146.9,0,8,14,0,False,0,0,0,nenhuma fronteira segura alcancavel
397.418,362.5,failed,-3.4706,0.43,0.3543,137.1,0.19,0.0,0.0,5.812,42.77,5133,0,182,3,146.9,0,8,14,0,False,0,0,0,nenhuma fronteira segura alcancavel
397.899,363.0,failed,-3.4706,0.43,0.3543,137.1,0.19,0.0,0.0,5.812,42.77,5133,0,182,3,146.9,0,8,14,0,False,0,0,0,nenhuma fronteira segura alcancavel
398.391,363.5,failed,-3.4706,0.43,0.3543,137.1,0.19,0.0,0.0,5.812,42.77,5133,0,182,3,146.9,0,8,14,0,False,0,0,0,nenhuma fronteira segura alcancavel
398.889,364.0,failed,-3.4706,0.43,0.3543,137.1,0.19,0.0,0.0,5.812,42.77,5133,0,182,3,146.9,0,8,14,0,False,0,0,0,nenhuma fronteira segura alcancavel
399.385,364.5,failed,-3.4706,0.43,0.3543,137.1,0.19,0.0,0.0,5.812,42.77,5133,0,182,3,146.9,0,8,14,0,False,0,0,0,nenhuma fronteira segura alcancavel
399.883,365.0,failed,-3.4706,0.43,0.3543,137.1,0.19,0.0,0.0,5.812,42.77,5133,0,182,3,146.9,0,8,14,0,False,0,0,0,nenhuma fronteira segura alcancavel
400.383,365.5,failed,-3.4706,0.43,0.3543,137.1,0.19,0.0,0.0,5.812,42.77,5133,0,182,3,146.9,0,8,14,0,False,0,0,0,nenhuma fronteira segura alcancavel
400.881,366.0,failed,-3.4706,0.43,0.3543,137.1,0.19,0.0,0.0,5.812,42.77,5133,0,182,3,146.9,0,8,14,0,False,0,0,0,nenhuma fronteira segura alcancavel
401.379,366.5,failed,-3.4706,0.43,0.3543,137.1,0.19,0.0,0.0,5.812,42.77,5133,0,182,3,146.9,0,8,14,0,False,0,0,0,nenhuma fronteira segura alcancavel
401.873,367.0,failed,-3.4706,0.43,0.3543,137.1,0.19,0.0,0.0,5.812,42.77,5133,0,182,3,146.9,0,8,14,0,False,0,0,0,nenhuma fronteira segura alcancavel
402.347,367.5,failed,-3.4706,0.43,0.3543,137.1,0.19,0.0,0.0,5.812,42.77,5133,0,182,3,146.9,0,8,14,0,False,0,0,0,nenhuma fronteira segura alcancavel
402.846,368.0,failed,-3.4706,0.43,0.3543,137.1,0.19,0.0,0.0,5.812,42.77,5133,0,182,3,146.9,0,8,14,0,False,0,0,0,nenhuma fronteira segura alcancavel
403.335,368.5,failed,-3.4706,0.43,0.3543,137.1,0.19,0.0,0.0,5.812,42.77,5133,0,182,3,146.9,0,8,14,0,False,0,0,0,nenhuma fronteira segura alcancavel
403.829,369.0,failed,-3.4706,0.43,0.3543,137.1,0.19,0.0,0.0,5.812,42.77,5133,0,182,3,146.9,0,8,14,0,False,0,0,0,nenhuma fronteira segura alcancavel
404.33,369.5,failed,-3.4706,0.43,0.3543,137.1,0.19,0.0,0.0,5.812,42.77,5133,0,182,3,146.9,0,8,14,0,False,0,0,0,nenhuma fronteira segura alcancavel
404.817,370.0,failed,-3.4706,0.43,0.3543,137.1,0.19,0.0,0.0,5.812,42.77,5133,0,182,3,146.9,0,8,14,0,False,0,0,0,nenhuma fronteira segura alcancavel
405.31,370.5,failed,-3.4706,0.43,0.3543,137.1,0.19,0.0,0.0,5.812,42.77,5133,0,182,3,146.9,0,8,14,0,False,0,0,0,nenhuma fronteira segura alcancavel
405.811,371.0,failed,-3.4706,0.43,0.3543,137.1,0.19,0.0,0.0,5.812,42.77,5133,0,182,3,146.9,0,8,14,0,False,0,0,0,nenhuma fronteira segura alcancavel
406.307,371.5,failed,-3.4706,0.43,0.3543,137.1,0.19,0.0,0.0,5.812,42.77,5133,0,182,3,146.9,0,8,14,0,False,0,0,0,nenhuma fronteira segura alcancavel
406.786,372.0,failed,-3.4706,0.43,0.3543,137.1,0.19,0.0,0.0,5.812,42.77,5133,0,182,3,146.9,0,8,14,0,False,0,0,0,nenhuma fronteira segura alcancavel
407.284,372.5,failed,-3.4706,0.43,0.3543,137.1,0.19,0.0,0.0,5.812,42.77,5133,0,182,3,146.9,0,8,14,0,False,0,0,0,nenhuma fronteira segura alcancavel
407.783,373.0,failed,-3.4706,0.43,0.3543,137.1,0.19,0.0,0.0,5.812,42.77,5133,0,182,3,146.9,0,8,14,0,False,0,0,0,nenhuma fronteira segura alcancavel
408.273,373.5,failed,-3.4706,0.43,0.3543,137.1,0.19,0.0,0.0,5.812,42.77,5133,0,182,3,146.9,0,8,14,0,False,0,0,0,nenhuma fronteira segura alcancavel
408.762,374.0,failed,-3.4706,0.43,0.3543,137.1,0.19,0.0,0.0,5.812,42.77,5133,0,182,3,146.9,0,8,14,0,False,0,0,0,nenhuma fronteira segura alcancavel
409.253,374.5,failed,-3.4706,0.43,0.3543,137.1,0.19,0.0,0.0,5.812,42.77,5133,0,182,3,146.9,0,8,14,0,False,0,0,0,nenhuma fronteira segura alcancavel
409.753,375.0,failed,-3.4706,0.43,0.3543,137.1,0.19,0.0,0.0,5.812,42.77,5133,0,182,3,146.9,0,8,14,0,False,0,0,0,nenhuma fronteira segura alcancavel
410.247,375.5,failed,-3.4706,0.43,0.3543,137.1,0.19,0.0,0.0,5.812,42.77,5133,0,182,3,146.9,0,8,14,0,False,0,0,0,nenhuma fronteira segura alcancavel
410.745,376.0,failed,-3.4706,0.43,0.3543,137.1,0.19,0.0,0.0,5.812,42.77,5133,0,182,3,146.9,0,8,14,0,False,0,0,0,nenhuma fronteira segura alcancavel
411.244,376.5,failed,-3.4706,0.43,0.3543,137.1,0.19,0.0,0.0,5.812,42.77,5133,0,182,3,146.9,0,8,14,0,False,0,0,0,nenhuma fronteira segura alcancavel
411.739,377.0,failed,-3.4706,0.43,0.3543,137.1,0.19,0.0,0.0,5.812,42.77,5133,0,182,3,146.9,0,8,14,0,False,0,0,0,nenhuma fronteira segura alcancavel
412.223,377.5,failed,-3.4706,0.43,0.3543,137.1,0.19,0.0,0.0,5.812,42.77,5133,0,182,3,146.9,0,8,14,0,False,0,0,0,nenhuma fronteira segura alcancavel
412.719,378.0,failed,-3.4706,0.43,0.3543,137.1,0.19,0.0,0.0,5.812,42.77,5133,0,182,3,146.9,0,8,14,0,False,0,0,0,nenhuma fronteira segura alcancavel
413.217,378.5,failed,-3.4706,0.43,0.3543,137.1,0.19,0.0,0.0,5.812,42.77,5133,0,182,3,146.9,0,8,14,0,False,0,0,0,nenhuma fronteira segura alcancavel
413.711,379.0,failed,-3.4706,0.43,0.3543,137.1,0.19,0.0,0.0,5.812,42.77,5133,0,182,3,146.9,0,8,14,0,False,0,0,0,nenhuma fronteira segura alcancavel
414.205,379.5,failed,-3.4706,0.43,0.3543,137.1,0.19,0.0,0.0,5.812,42.77,5133,0,182,3,146.9,0,8,14,0,False,0,0,0,nenhuma fronteira segura alcancavel
414.701,380.0,failed,-3.4706,0.43,0.3543,137.1,0.19,0.0,0.0,5.812,42.77,5133,0,182,3,146.9,0,8,14,0,False,0,0,0,nenhuma fronteira segura alcancavel
415.196,380.5,failed,-3.4706,0.43,0.3543,137.1,0.19,0.0,0.0,5.812,42.77,5133,0,182,3,146.9,0,8,14,0,False,0,0,0,nenhuma fronteira segura alcancavel
415.694,381.0,failed,-3.4706,0.43,0.3543,137.1,0.19,0.0,0.0,5.812,42.77,5133,0,182,3,146.9,0,8,14,0,False,0,0,0,nenhuma fronteira segura alcancavel
416.189,381.5,failed,-3.4706,0.43,0.3543,137.1,0.19,0.0,0.0,5.812,42.77,5133,0,182,3,146.9,0,8,14,0,False,0,0,0,nenhuma fronteira segura alcancavel
416.683,382.0,failed,-3.4706,0.43,0.3543,137.1,0.19,0.0,0.0,5.812,42.77,5133,0,182,3,146.9,0,8,14,0,False,0,0,0,nenhuma fronteira segura alcancavel
417.182,382.5,failed,-3.4706,0.43,0.3543,137.1,0.19,0.0,0.0,5.812,42.77,5133,0,182,3,146.9,0,8,14,0,False,0,0,0,nenhuma fronteira segura alcancavel
417.679,383.0,failed,-3.4706,0.43,0.3543,137.1,0.19,0.0,0.0,5.812,42.77,5133,0,182,3,146.9,0,8,14,0,False,0,0,0,nenhuma fronteira segura alcancavel
418.175,383.5,failed,-3.4706,0.43,0.3543,137.1,0.19,0.0,0.0,5.812,42.77,5133,0,182,3,146.9,0,8,14,0,False,0,0,0,nenhuma fronteira segura alcancavel
418.673,384.0,failed,-3.4706,0.43,0.3543,137.1,0.19,0.0,0.0,5.812,42.77,5133,0,182,3,146.9,0,8,14,0,False,0,0,0,nenhuma fronteira segura alcancavel
419.163,384.5,failed,-3.4706,0.43,0.3543,137.1,0.19,0.0,0.0,5.812,42.77,5133,0,182,3,146.9,0,8,14,0,False,0,0,0,nenhuma fronteira segura alcancavel
419.66,385.001,failed,-3.4706,0.43,0.3543,137.1,0.19,0.0,0.0,5.812,42.77,5133,0,182,3,146.9,0,8,14,0,False,0,0,0,nenhuma fronteira segura alcancavel
420.159,385.5,failed,-3.4706,0.43,0.3543,137.1,0.19,0.0,0.0,5.812,42.77,5133,0,182,3,146.9,0,8,14,0,False,0,0,0,nenhuma fronteira segura alcancavel
420.648,386.0,failed,-3.4706,0.43,0.3543,137.1,0.19,0.0,0.0,5.812,42.77,5133,0,182,3,146.9,0,8,14,0,False,0,0,0,nenhuma fronteira segura alcancavel
421.141,386.5,failed,-3.4706,0.43,0.3543,137.1,0.19,0.0,0.0,5.812,42.77,5133,0,182,3,146.9,0,8,14,0,False,0,0,0,nenhuma fronteira segura alcancavel
421.629,387.001,failed,-3.4706,0.43,0.3543,137.1,0.19,0.0,0.0,5.812,42.77,5133,0,182,3,146.9,0,8,14,0,False,0,0,0,nenhuma fronteira segura alcancavel
422.128,387.5,failed,-3.4706,0.43,0.3543,137.1,0.19,0.0,0.0,5.812,42.77,5133,0,182,3,146.9,0,8,14,0,False,0,0,0,nenhuma fronteira segura alcancavel
422.619,388.0,failed,-3.4706,0.43,0.3543,137.1,0.19,0.0,0.0,5.812,42.77,5133,0,182,3,146.9,0,8,14,0,False,0,0,0,nenhuma fronteira segura alcancavel
423.107,388.5,failed,-3.4706,0.43,0.3543,137.1,0.19,0.0,0.0,5.812,42.77,5133,0,182,3,146.9,0,8,14,0,False,0,0,0,nenhuma fronteira segura alcancavel
423.603,389.0,failed,-3.4706,0.43,0.3543,137.1,0.19,0.0,0.0,5.812,42.77,5133,0,182,3,146.9,0,8,14,0,False,0,0,0,nenhuma fronteira segura alcancavel
424.092,389.5,failed,-3.4706,0.43,0.3543,137.1,0.19,0.0,0.0,5.812,42.77,5133,0,182,3,146.9,0,8,14,0,False,0,0,0,nenhuma fronteira segura alcancavel
424.59,390.0,failed,-3.4706,0.43,0.3543,137.1,0.19,0.0,0.0,5.812,42.77,5133,0,182,3,146.9,0,8,14,0,False,0,0,0,nenhuma fronteira segura alcancavel
425.088,390.5,failed,-3.4706,0.43,0.3543,137.1,0.19,0.0,0.0,5.812,42.77,5133,0,182,3,146.9,0,8,14,0,False,0,0,0,nenhuma fronteira segura alcancavel
425.58,391.0,failed,-3.4706,0.43,0.3543,137.1,0.19,0.0,0.0,5.812,42.77,5133,0,182,3,146.9,0,8,14,0,False,0,0,0,nenhuma fronteira segura alcancavel
426.068,391.5,failed,-3.4706,0.43,0.3543,137.1,0.19,0.0,0.0,5.812,42.77,5133,0,182,3,146.9,0,8,14,0,False,0,0,0,nenhuma fronteira segura alcancavel
426.557,392.0,failed,-3.4706,0.43,0.3543,137.1,0.19,0.0,0.0,5.812,42.77,5133,0,182,3,146.9,0,8,14,0,False,0,0,0,nenhuma fronteira segura alcancavel
427.055,392.5,failed,-3.4706,0.43,0.3543,137.1,0.19,0.0,0.0,5.812,42.77,5133,0,182,3,146.9,0,8,14,0,False,0,0,0,nenhuma fronteira segura alcancavel
427.54,393.0,failed,-3.4706,0.43,0.3543,137.1,0.19,0.0,0.0,5.812,42.77,5133,0,182,3,146.9,0,8,14,0,False,0,0,0,nenhuma fronteira segura alcancavel
428.04,393.5,failed,-3.4706,0.43,0.3543,137.1,0.19,0.0,0.0,5.812,42.77,5133,0,182,3,146.9,0,8,14,0,False,0,0,0,nenhuma fronteira segura alcancavel
428.526,394.0,failed,-3.4706,0.43,0.3543,137.1,0.19,0.0,0.0,5.812,42.77,5133,0,182,3,146.9,0,8,14,0,False,0,0,0,nenhuma fronteira segura alcancavel
429.017,394.5,failed,-3.4706,0.43,0.3543,137.1,0.19,0.0,0.0,5.812,42.77,5133,0,182,3,146.9,0,8,14,0,False,0,0,0,nenhuma fronteira segura alcancavel
429.518,395.0,failed,-3.4706,0.4299,0.3544,137.14,0.19,0.0,0.0,5.813,42.77,5133,0,182,3,146.9,0,8,14,0,False,0,0,0,nenhuma fronteira segura alcancavel
430.013,395.5,failed,-3.4706,0.4299,0.3544,137.09,0.19,0.0,0.0,5.813,42.77,5133,0,182,3,146.9,0,8,14,0,False,0,0,0,nenhuma fronteira segura alcancavel
430.515,396.0,failed,-3.4705,0.43,0.3544,137.04,0.19,0.0,0.0,5.813,42.77,5133,0,182,3,146.9,0,8,14,0,False,0,0,0,nenhuma fronteira segura alcancavel
431.01,396.5,failed,-3.4706,0.4299,0.3544,137.15,0.19,0.0,0.0,5.813,42.77,5133,0,182,3,146.9,0,8,14,0,False,0,0,0,nenhuma fronteira segura alcancavel
431.498,397.001,failed,-3.4706,0.4299,0.3544,137.13,0.19,0.0,0.0,5.813,42.77,5133,0,182,3,146.9,0,8,14,0,False,0,0,0,nenhuma fronteira segura alcancavel
431.992,397.5,failed,-3.4706,0.43,0.3544,137.05,0.19,0.0,0.0,5.813,42.77,5133,0,182,3,146.9,0,8,14,0,False,0,0,0,nenhuma fronteira segura alcancavel
432.485,398.0,failed,-3.4706,0.4299,0.3543,137.2,0.19,0.0,0.0,5.814,42.77,5133,0,182,3,146.9,0,8,14,0,False,0,0,0,nenhuma fronteira segura alcancavel
432.978,398.5,failed,-3.4706,0.4299,0.3543,137.17,0.19,0.0,0.0,5.814,42.77,5133,0,182,3,146.9,0,8,14,0,False,0,0,0,nenhuma fronteira segura alcancavel
433.456,399.0,failed,-3.4706,0.4299,0.3543,137.06,0.18,0.0,0.0,5.814,42.77,5133,0,182,3,146.9,0,8,14,0,False,0,0,0,nenhuma fronteira segura alcancavel
433.944,399.5,failed,-3.4705,0.43,0.3543,137.05,0.18,0.0,0.0,5.814,42.77,5133,0,182,3,146.9,0,8,14,0,False,0,0,0,nenhuma fronteira segura alcancavel
434.437,400.0,failed,-3.4706,0.43,0.3543,137.09,0.19,0.0,0.0,5.814,42.77,5133,0,182,3,146.9,0,8,14,0,False,0,0,0,nenhuma fronteira segura alcancavel
434.929,400.5,failed,-3.4706,0.43,0.3544,137.09,0.19,0.0,0.0,5.814,42.77,5133,0,182,3,146.9,0,8,14,0,False,0,0,0,nenhuma fronteira segura alcancavel
435.42,401.0,failed,-3.4706,0.43,0.3544,137.07,0.19,0.0,0.0,5.815,42.77,5133,0,182,3,146.9,0,8,14,0,False,0,0,0,nenhuma fronteira segura alcancavel
435.921,401.5,failed,-3.4705,0.43,0.3543,137.06,0.19,0.0,0.0,5.815,42.77,5133,0,182,3,146.9,0,8,14,0,False,0,0,0,nenhuma fronteira segura alcancavel
436.41,402.0,failed,-3.4705,0.43,0.3543,137.07,0.19,0.0,0.0,5.815,42.77,5133,0,182,3,146.9,0,8,14,0,False,0,0,0,nenhuma fronteira segura alcancavel
436.901,402.5,failed,-3.4706,0.43,0.3543,137.09,0.19,0.0,0.0,5.815,42.77,5133,0,182,3,146.9,0,8,14,0,False,0,0,0,nenhuma fronteira segura alcancavel
437.4,403.0,failed,-3.4705,0.43,0.3544,137.08,0.19,0.0,0.0,5.815,42.77,5133,0,182,3,146.9,0,8,14,0,False,0,0,0,nenhuma fronteira segura alcancavel
437.891,403.5,failed,-3.4705,0.43,0.3543,137.08,0.19,0.0,0.0,5.815,42.77,5133,0,182,3,146.9,0,8,14,0,False,0,0,0,nenhuma fronteira segura alcancavel
438.391,404.0,failed,-3.4705,0.43,0.3543,137.06,0.19,0.0,0.0,5.815,42.77,5133,0,182,3,146.9,0,8,14,0,False,0,0,0,nenhuma fronteira segura alcancavel
438.888,404.5,failed,-3.4705,0.43,0.3543,137.08,0.19,0.0,0.0,5.816,42.77,5133,0,182,3,146.9,0,8,14,0,False,0,0,0,nenhuma fronteira segura alcancavel
439.377,405.0,failed,-3.4706,0.4299,0.3544,137.13,0.19,0.0,0.0,5.816,42.77,5133,0,182,3,146.9,0,8,14,0,False,0,0,0,nenhuma fronteira segura alcancavel
439.87,405.5,failed,-3.4706,0.4299,0.3544,137.13,0.19,0.0,0.0,5.816,42.77,5133,0,182,3,146.9,0,8,14,0,False,0,0,0,nenhuma fronteira segura alcancavel
440.354,406.0,failed,-3.4706,0.43,0.3544,137.09,0.19,0.0,0.0,5.816,42.77,5133,0,182,3,146.9,0,8,14,0,False,0,0,0,nenhuma fronteira segura alcancavel
440.843,406.5,failed,-3.4706,0.43,0.3544,137.06,0.19,0.0,0.0,5.816,42.77,5133,0,182,3,146.9,0,8,14,0,False,0,0,0,nenhuma fronteira segura alcancavel
441.348,407.0,failed,-3.4706,0.43,0.3544,137.09,0.19,0.0,0.0,5.816,42.77,5133,0,182,3,146.9,0,8,14,0,False,0,0,0,nenhuma fronteira segura alcancavel
441.837,407.5,failed,-3.4706,0.43,0.3544,137.1,0.19,0.0,0.0,5.816,42.77,5133,0,182,3,146.9,0,8,14,0,False,0,0,0,nenhuma fronteira segura alcancavel
442.334,408.0,failed,-3.4706,0.4299,0.3544,137.13,0.19,0.0,0.0,5.816,42.77,5133,0,182,3,146.9,0,8,14,0,False,0,0,0,nenhuma fronteira segura alcancavel
442.821,408.5,failed,-3.4706,0.4299,0.3544,137.12,0.19,0.0,0.0,5.817,42.77,5133,0,182,3,146.9,0,8,14,0,False,0,0,0,nenhuma fronteira segura alcancavel
443.315,409.0,failed,-3.4706,0.4299,0.3544,137.09,0.19,0.0,0.0,5.817,42.77,5133,0,182,3,146.9,0,8,14,0,False,0,0,0,nenhuma fronteira segura alcancavel
443.811,409.5,failed,-3.4706,0.4299,0.3544,137.11,0.19,0.0,0.0,5.817,42.77,5133,0,182,3,146.9,0,8,14,0,False,0,0,0,nenhuma fronteira segura alcancavel
444.305,410.0,failed,-3.4706,0.4299,0.3544,137.1,0.19,0.0,0.0,5.817,42.77,5133,0,182,3,146.9,0,8,14,0,False,0,0,0,nenhuma fronteira segura alcancavel
444.799,410.5,failed,-3.4706,0.4299,0.3544,137.11,0.19,0.0,0.0,5.817,42.77,5133,0,182,3,146.9,0,8,14,0,False,0,0,0,nenhuma fronteira segura alcancavel
445.298,411.0,failed,-3.4705,0.43,0.3543,137.06,0.19,0.0,0.0,5.817,42.77,5133,0,182,3,146.9,0,8,14,0,False,0,0,0,nenhuma fronteira segura alcancavel
445.793,411.5,failed,-3.4705,0.4299,0.3543,137.03,0.19,0.0,0.0,5.818,42.77,5133,0,182,3,146.9,0,8,14,0,False,0,0,0,nenhuma fronteira segura alcancavel
446.289,412.0,failed,-3.4705,0.4299,0.3542,137.11,0.19,0.0,0.0,5.818,42.77,5133,0,182,3,146.9,0,8,14,0,False,0,0,0,nenhuma fronteira segura alcancavel
446.779,412.5,failed,-3.4705,0.4299,0.3543,137.11,0.19,0.0,0.0,5.818,42.77,5133,0,182,3,146.9,0,8,14,0,False,0,0,0,nenhuma fronteira segura alcancavel
447.275,413.0,failed,-3.4705,0.4299,0.3543,137.11,0.19,0.0,0.0,5.818,42.77,5133,0,182,3,146.9,0,8,14,0,False,0,0,0,nenhuma fronteira segura alcancavel
447.771,413.5,failed,-3.4706,0.4299,0.3543,137.11,0.19,0.0,0.0,5.819,42.77,5133,0,182,3,146.9,0,8,14,0,False,0,0,0,nenhuma fronteira segura alcancavel
448.263,414.0,failed,-3.4705,0.4299,0.3543,137.09,0.19,0.0,0.0,5.819,42.77,5133,0,182,3,146.9,0,8,14,0,False,0,0,0,nenhuma fronteira segura alcancavel
448.753,414.5,failed,-3.4706,0.4299,0.3543,137.11,0.19,0.0,0.0,5.819,42.77,5133,0,182,3,146.9,0,8,14,0,False,0,0,0,nenhuma fronteira segura alcancavel
449.246,415.0,failed,-3.4706,0.4299,0.3543,137.11,0.19,0.0,0.0,5.819,42.77,5133,0,182,3,146.9,0,8,14,0,False,0,0,0,nenhuma fronteira segura alcancavel
449.736,415.5,failed,-3.4706,0.4299,0.3543,137.1,0.19,0.0,0.0,5.819,42.77,5133,0,182,3,146.9,0,8,14,0,False,0,0,0,nenhuma fronteira segura alcancavel
450.221,416.001,failed,-3.4706,0.43,0.3543,137.1,0.19,0.0,0.0,5.819,42.77,5133,0,182,3,146.9,0,8,14,0,False,0,0,0,nenhuma fronteira segura alcancavel
450.722,416.5,failed,-3.4706,0.43,0.3543,137.11,0.19,0.0,0.0,5.819,42.77,5133,0,182,3,146.9,0,8,14,0,False,0,0,0,nenhuma fronteira segura alcancavel
451.211,417.0,failed,-3.4706,0.43,0.3543,137.1,0.19,0.0,0.0,5.819,42.77,5133,0,182,3,146.9,0,8,14,0,False,0,0,0,nenhuma fronteira segura alcancavel
451.707,417.5,failed,-3.4706,0.4299,0.3544,137.13,0.19,0.0,0.0,5.819,42.77,5133,0,182,3,146.9,0,8,14,0,False,0,0,0,nenhuma fronteira segura alcancavel
452.197,418.0,failed,-3.4706,0.4299,0.3544,137.11,0.19,0.0,0.0,5.82,42.77,5133,0,182,3,146.9,0,8,14,0,False,0,0,0,nenhuma fronteira segura alcancavel
452.687,418.5,failed,-3.4706,0.4299,0.3544,137.11,0.19,0.0,0.0,5.82,42.77,5133,0,182,3,146.9,0,8,14,0,False,0,0,0,nenhuma fronteira segura alcancavel
453.161,419.0,failed,-3.4706,0.4299,0.3544,137.13,0.19,0.0,0.0,5.82,42.77,5133,0,182,3,146.9,0,8,14,0,False,0,0,0,nenhuma fronteira segura alcancavel
453.658,419.5,failed,-3.4706,0.43,0.3544,137.11,0.19,0.0,0.0,5.82,42.77,5133,0,182,3,146.9,0,8,14,0,False,0,0,0,nenhuma fronteira segura alcancavel
454.146,420.001,failed,-3.4705,0.43,0.3544,137.05,0.19,0.0,0.0,5.82,42.77,5133,0,182,3,146.9,0,8,14,0,False,0,0,0,nenhuma fronteira segura alcancavel
454.646,420.5,failed,-3.4705,0.43,0.3544,137.08,0.19,0.0,0.0,5.82,42.77,5133,0,182,3,146.9,0,8,14,0,False,0,0,0,nenhuma fronteira segura alcancavel
455.146,421.0,failed,-3.4706,0.4299,0.3544,137.11,0.19,0.0,0.0,5.82,42.77,5133,0,182,3,146.9,0,8,14,0,False,0,0,0,nenhuma fronteira segura alcancavel
455.635,421.5,failed,-3.4706,0.43,0.3544,137.09,0.19,0.0,0.0,5.82,42.77,5133,0,182,3,146.9,0,8,14,0,False,0,0,0,nenhuma fronteira segura alcancavel
456.123,422.0,failed,-3.4706,0.4299,0.3544,137.12,0.19,0.0,0.0,5.821,42.77,5133,0,182,3,146.9,0,8,14,0,False,0,0,0,nenhuma fronteira segura alcancavel
456.616,422.5,failed,-3.4706,0.4299,0.3544,137.09,0.19,0.0,0.0,5.821,42.77,5133,0,182,3,146.9,0,8,14,0,False,0,0,0,nenhuma fronteira segura alcancavel
457.08,423.0,failed,-3.4706,0.4299,0.3544,137.09,0.19,0.0,0.0,5.821,42.77,5133,0,182,3,146.9,0,8,14,0,False,0,0,0,nenhuma fronteira segura alcancavel
457.575,423.5,failed,-3.4706,0.43,0.3544,137.08,0.19,0.0,0.0,5.821,42.77,5133,0,182,3,146.9,0,8,14,0,False,0,0,0,nenhuma fronteira segura alcancavel
458.067,424.0,failed,-3.4706,0.4299,0.3544,137.1,0.19,0.0,0.0,5.821,42.77,5133,0,182,3,146.9,0,8,14,0,False,0,0,0,nenhuma fronteira segura alcancavel
458.558,424.5,failed,-3.4706,0.4299,0.3544,137.12,0.2,0.0,0.0,5.821,42.77,5133,0,182,3,146.9,0,8,14,0,False,0,0,0,nenhuma fronteira segura alcancavel
459.042,425.0,failed,-3.4706,0.4299,0.3544,137.1,0.19,0.0,0.0,5.821,42.77,5133,0,182,3,146.9,0,8,14,0,False,0,0,0,nenhuma fronteira segura alcancavel
459.539,425.5,failed,-3.4705,0.43,0.3544,137.01,0.19,0.0,0.0,5.822,42.77,5133,0,182,3,146.9,0,8,14,0,False,0,0,0,nenhuma fronteira segura alcancavel
460.029,426.0,failed,-3.4706,0.4299,0.3544,137.08,0.2,0.0,0.0,5.822,42.77,5133,0,182,3,146.9,0,8,14,0,False,0,0,0,nenhuma fronteira segura alcancavel
460.522,426.5,failed,-3.4706,0.4299,0.3544,137.1,0.19,0.0,0.0,5.822,42.77,5133,0,182,3,146.9,0,8,14,0,False,0,0,0,nenhuma fronteira segura alcancavel
461.017,427.0,failed,-3.4706,0.4299,0.3544,137.1,0.19,0.0,0.0,5.822,42.77,5133,0,182,3,146.9,0,8,14,0,False,0,0,0,nenhuma fronteira segura alcancavel
461.52,427.5,failed,-3.4706,0.43,0.3544,137.07,0.19,0.0,0.0,5.822,42.77,5133,0,182,3,146.9,0,8,14,0,False,0,0,0,nenhuma fronteira segura alcancavel
462.007,428.0,failed,-3.4705,0.43,0.3544,137.07,0.19,0.0,0.0,5.822,42.77,5133,0,182,3,146.9,0,8,14,0,False,0,0,0,nenhuma fronteira segura alcancavel
462.505,428.5,failed,-3.4705,0.43,0.3543,137.07,0.19,0.0,0.0,5.822,42.77,5133,0,182,3,146.9,0,8,14,0,False,0,0,0,nenhuma fronteira segura alcancavel
463.0,429.0,failed,-3.4705,0.43,0.3544,137.1,0.19,0.0,0.0,5.823,42.77,5133,0,182,3,146.9,0,8,14,0,False,0,0,0,nenhuma fronteira segura alcancavel
463.493,429.5,failed,-3.4705,0.43,0.3544,137.09,0.19,0.0,0.0,5.823,42.77,5133,0,182,3,146.9,0,8,14,0,False,0,0,0,nenhuma fronteira segura alcancavel
463.986,430.0,failed,-3.4705,0.43,0.3544,137.08,0.19,0.0,0.0,5.823,42.77,5133,0,182,3,146.9,0,8,14,0,False,0,0,0,nenhuma fronteira segura alcancavel
464.484,430.5,failed,-3.4706,0.43,0.3544,137.1,0.2,0.0,0.0,5.823,42.77,5133,0,182,3,146.9,0,8,14,0,False,0,0,0,nenhuma fronteira segura alcancavel
464.969,431.0,failed,-3.4706,0.4299,0.3544,137.13,0.19,0.0,0.0,5.823,42.77,5133,0,182,3,146.9,0,8,14,0,False,0,0,0,nenhuma fronteira segura alcancavel
465.466,431.5,failed,-3.4706,0.43,0.3544,137.09,0.19,0.0,0.0,5.823,42.77,5133,0,182,3,146.9,0,8,14,0,False,0,0,0,nenhuma fronteira segura alcancavel
465.959,432.0,failed,-3.4706,0.4299,0.3544,137.12,0.19,0.0,0.0,5.824,42.77,5133,0,182,3,146.9,0,8,14,0,False,0,0,0,nenhuma fronteira segura alcancavel
466.459,432.5,failed,-3.4705,0.43,0.3544,137.1,0.19,0.0,0.0,5.824,42.77,5133,0,182,3,146.9,0,8,14,0,False,0,0,0,nenhuma fronteira segura alcancavel
466.953,433.0,failed,-3.4705,0.43,0.3544,137.1,0.19,0.0,0.0,5.824,42.77,5133,0,182,3,146.9,0,8,14,0,False,0,0,0,nenhuma fronteira segura alcancavel
467.448,433.5,failed,-3.4706,0.43,0.3544,137.08,0.19,0.0,0.0,5.824,42.77,5133,0,182,3,146.9,0,8,14,0,False,0,0,0,nenhuma fronteira segura alcancavel
467.942,434.0,failed,-3.4706,0.43,0.3544,137.09,0.19,0.0,0.0,5.824,42.77,5133,0,182,3,146.9,0,8,14,0,False,0,0,0,nenhuma fronteira segura alcancavel
468.436,434.5,failed,-3.4706,0.43,0.3544,137.1,0.19,0.0,0.0,5.824,42.77,5133,0,182,3,146.9,0,8,14,0,False,0,0,0,nenhuma fronteira segura alcancavel
468.933,435.0,failed,-3.4706,0.4299,0.3544,137.1,0.19,0.0,0.0,5.824,42.77,5133,0,182,3,146.9,0,8,14,0,False,0,0,0,nenhuma fronteira segura alcancavel
469.426,435.5,failed,-3.4705,0.43,0.3544,137.08,0.19,0.0,0.0,5.824,42.77,5133,0,182,3,146.9,0,8,14,0,False,0,0,0,nenhuma fronteira segura alcancavel
469.916,436.0,failed,-3.4706,0.43,0.3544,137.09,0.19,0.0,0.0,5.824,42.77,5133,0,182,3,146.9,0,8,14,0,False,0,0,0,nenhuma fronteira segura alcancavel
470.415,436.5,failed,-3.4705,0.4299,0.3544,137.09,0.19,0.0,0.0,5.825,42.77,5133,0,182,3,146.9,0,8,14,0,False,0,0,0,nenhuma fronteira segura alcancavel
470.908,437.0,failed,-3.4706,0.4299,0.3544,137.1,0.19,0.0,0.0,5.825,42.77,5133,0,182,3,146.9,0,8,14,0,False,0,0,0,nenhuma fronteira segura alcancavel
471.405,437.5,failed,-3.4706,0.4299,0.3544,137.11,0.19,0.0,0.0,5.825,42.77,5133,0,182,3,146.9,0,8,14,0,False,0,0,0,nenhuma fronteira segura alcancavel
471.894,438.0,failed,-3.4706,0.4299,0.3544,137.09,0.19,0.0,0.0,5.825,42.77,5133,0,182,3,146.9,0,8,14,0,False,0,0,0,nenhuma fronteira segura alcancavel
472.388,438.5,failed,-3.4706,0.4299,0.3544,137.15,0.19,0.0,0.0,5.825,42.77,5133,0,182,3,146.9,0,8,14,0,False,0,0,0,nenhuma fronteira segura alcancavel
472.888,439.0,failed,-3.4705,0.4299,0.3543,137.08,0.19,0.0,0.0,5.825,42.77,5133,0,182,3,146.9,0,8,14,0,False,0,0,0,nenhuma fronteira segura alcancavel
473.387,439.5,failed,-3.4706,0.4299,0.3544,137.15,0.19,0.0,0.0,5.825,42.77,5133,0,182,3,146.9,0,8,14,0,False,0,0,0,nenhuma fronteira segura alcancavel
473.88,440.001,failed,-3.4706,0.4299,0.3544,137.13,0.19,0.0,0.0,5.826,42.77,5133,0,182,3,146.9,0,8,14,0,False,0,0,0,nenhuma fronteira segura alcancavel
474.374,440.5,failed,-3.4706,0.4299,0.3544,137.09,0.19,0.0,0.0,5.826,42.77,5133,0,182,3,146.9,0,8,14,0,False,0,0,0,nenhuma fronteira segura alcancavel
474.869,441.0,failed,-3.4706,0.4299,0.3544,137.12,0.19,0.0,0.0,5.826,42.77,5133,0,182,3,146.9,0,8,14,0,False,0,0,0,nenhuma fronteira segura alcancavel
475.342,441.5,failed,-3.4706,0.4299,0.3544,137.09,0.19,0.0,0.0,5.826,42.77,5133,0,182,3,146.9,0,8,14,0,False,0,0,0,nenhuma fronteira segura alcancavel
475.841,442.002,failed,-3.4705,0.43,0.3544,137.02,0.19,0.0,0.0,5.826,42.77,5133,0,182,3,146.9,0,8,14,0,False,0,0,0,nenhuma fronteira segura alcancavel
476.343,442.5,failed,-3.4705,0.43,0.3544,137.04,0.19,0.0,0.0,5.826,42.77,5133,0,182,3,146.9,0,8,14,0,False,0,0,0,nenhuma fronteira segura alcancavel
476.836,443.0,failed,-3.4705,0.43,0.3544,137.07,0.19,0.0,0.0,5.827,42.77,5133,0,182,3,146.9,0,8,14,0,False,0,0,0,nenhuma fronteira segura alcancavel
477.328,443.5,failed,-3.4705,0.43,0.3544,137.06,0.19,0.0,0.0,5.827,42.77,5133,0,182,3,146.9,0,8,14,0,False,0,0,0,nenhuma fronteira segura alcancavel
477.816,444.0,failed,-3.4706,0.4299,0.3544,137.18,0.19,0.0,0.0,5.827,42.77,5133,0,182,3,146.9,0,8,14,0,False,0,0,0,nenhuma fronteira segura alcancavel
478.301,444.5,failed,-3.4706,0.4299,0.3544,137.18,0.19,0.0,0.0,5.827,42.77,5133,0,182,3,146.9,0,8,14,0,False,0,0,0,nenhuma fronteira segura alcancavel
478.8,445.001,failed,-3.4706,0.4299,0.3544,137.2,0.19,0.0,0.0,5.828,42.77,5133,0,182,3,146.9,0,8,14,0,False,0,0,0,nenhuma fronteira segura alcancavel
479.3,445.5,failed,-3.4706,0.4299,0.3544,137.19,0.19,0.0,0.0,5.828,42.77,5133,0,182,3,146.9,0,8,14,0,False,0,0,0,nenhuma fronteira segura alcancavel
479.787,446.0,failed,-3.4705,0.43,0.3544,137.1,0.19,0.0,0.0,5.828,42.77,5133,0,182,3,146.9,0,8,14,0,False,0,0,0,nenhuma fronteira segura alcancavel
480.283,446.501,failed,-3.4705,0.43,0.3544,137.1,0.19,0.0,0.0,5.828,42.77,5133,0,182,3,146.9,0,8,14,0,False,0,0,0,nenhuma fronteira segura alcancavel
480.762,447.0,failed,-3.4705,0.43,0.3544,137.09,0.19,0.0,0.0,5.828,42.77,5133,0,182,3,146.9,0,8,14,0,False,0,0,0,nenhuma fronteira segura alcancavel
481.256,447.5,failed,-3.4706,0.43,0.3544,137.1,0.19,0.0,0.0,5.829,42.77,5133,0,182,3,146.9,0,8,14,0,False,0,0,0,nenhuma fronteira segura alcancavel
481.746,448.0,failed,-3.4706,0.43,0.3544,137.13,0.19,0.0,0.0,5.829,42.77,5133,0,182,3,146.9,0,8,14,0,False,0,0,0,nenhuma fronteira segura alcancavel
482.23,448.5,failed,-3.4706,0.4299,0.3544,137.1,0.19,0.0,0.0,5.829,42.77,5133,0,182,3,146.9,0,8,14,0,False,0,0,0,nenhuma fronteira segura alcancavel
482.73,449.0,failed,-3.4706,0.4299,0.3544,137.1,0.19,0.0,0.0,5.829,42.77,5133,0,182,3,146.9,0,8,14,0,False,0,0,0,nenhuma fronteira segura alcancavel
483.22,449.5,failed,-3.4705,0.43,0.3544,137.08,0.19,0.0,0.0,5.829,42.77,5133,0,182,3,146.9,0,8,14,0,False,0,0,0,nenhuma fronteira segura alcancavel
483.718,450.0,failed,-3.4705,0.43,0.3543,137.06,0.19,0.0,0.0,5.829,42.77,5133,0,182,3,146.9,0,8,14,0,False,0,0,0,nenhuma fronteira segura alcancavel
484.215,450.5,failed,-3.4705,0.43,0.3543,137.03,0.18,0.0,0.0,5.829,42.77,5133,0,182,3,146.9,0,8,14,0,False,0,0,0,nenhuma fronteira segura alcancavel
484.707,451.0,failed,-3.4705,0.4299,0.3543,137.09,0.19,0.0,0.0,5.829,42.77,5133,0,182,3,146.9,0,8,14,0,False,0,0,0,nenhuma fronteira segura alcancavel
485.193,451.5,failed,-3.4706,0.4299,0.3543,137.12,0.19,0.0,0.0,5.83,42.77,5133,0,182,3,146.9,0,8,14,0,False,0,0,0,nenhuma fronteira segura alcancavel
485.692,452.0,failed,-3.4705,0.43,0.3543,137.1,0.19,0.0,0.0,5.83,42.77,5133,0,182,3,146.9,0,8,14,0,False,0,0,0,nenhuma fronteira segura alcancavel
486.183,452.5,failed,-3.4705,0.43,0.3543,137.1,0.19,0.0,0.0,5.83,42.77,5133,0,182,3,146.9,0,8,14,0,False,0,0,0,nenhuma fronteira segura alcancavel
486.679,453.001,failed,-3.4705,0.43,0.3543,137.1,0.19,0.0,0.0,5.83,42.77,5133,0,182,3,146.9,0,8,14,0,False,0,0,0,nenhuma fronteira segura alcancavel
487.169,453.5,failed,-3.4705,0.4299,0.3543,137.07,0.19,0.0,0.0,5.83,42.77,5133,0,182,3,146.9,0,8,14,0,False,0,0,0,nenhuma fronteira segura alcancavel
487.667,454.0,failed,-3.4706,0.4298,0.3543,137.19,0.19,0.0,0.0,5.831,42.77,5133,0,182,3,146.9,0,8,14,0,False,0,0,0,nenhuma fronteira segura alcancavel
488.165,454.5,failed,-3.4705,0.43,0.3542,137.2,0.19,0.0,0.0,5.831,42.77,5133,0,182,3,146.9,0,8,14,0,False,0,0,0,nenhuma fronteira segura alcancavel
488.657,455.0,failed,-3.4706,0.4299,0.3543,137.22,0.19,0.0,0.0,5.832,42.77,5133,0,182,3,146.9,0,8,14,0,False,0,0,0,nenhuma fronteira segura alcancavel
489.152,455.5,failed,-3.4705,0.43,0.3543,137.11,0.19,0.0,0.0,5.832,42.77,5133,0,182,3,146.9,0,8,14,0,False,0,0,0,nenhuma fronteira segura alcancavel
489.643,456.0,failed,-3.4706,0.4299,0.3543,137.12,0.19,0.0,0.0,5.832,42.77,5133,0,182,3,146.9,0,8,14,0,False,0,0,0,nenhuma fronteira segura alcancavel
490.143,456.5,failed,-3.4706,0.4299,0.3544,137.14,0.19,0.0,0.0,5.832,42.77,5133,0,182,3,146.9,0,8,14,0,False,0,0,0,nenhuma fronteira segura alcancavel
490.636,457.0,failed,-3.4705,0.4299,0.3544,137.07,0.19,0.0,0.0,5.832,42.77,5133,0,182,3,146.9,0,8,14,0,False,0,0,0,nenhuma fronteira segura alcancavel
491.135,457.5,failed,-3.4705,0.43,0.3544,137.06,0.19,0.0,0.0,5.833,42.77,5133,0,182,3,146.9,0,8,14,0,False,0,0,0,nenhuma fronteira segura alcancavel
491.626,458.0,failed,-3.4705,0.4299,0.3543,137.11,0.19,0.0,0.0,5.833,42.77,5133,0,182,3,146.9,0,8,14,0,False,0,0,0,nenhuma fronteira segura alcancavel
492.121,458.5,failed,-3.4704,0.4301,0.3543,137.0,0.19,0.0,0.0,5.834,42.77,5133,0,182,3,146.9,0,8,14,0,False,0,0,0,nenhuma fronteira segura alcancavel
492.611,459.0,failed,-3.4705,0.43,0.3543,137.09,0.19,0.0,0.0,5.834,42.77,5133,0,182,3,146.9,0,8,14,0,False,0,0,0,nenhuma fronteira segura alcancavel
493.107,459.501,failed,-3.4705,0.43,0.3543,137.12,0.19,0.0,0.0,5.834,42.77,5133,0,182,3,146.9,0,8,14,0,False,0,0,0,nenhuma fronteira segura alcancavel
493.603,460.0,failed,-3.4705,0.43,0.3543,137.06,0.19,0.0,0.0,5.834,42.77,5133,0,182,3,146.9,0,8,14,0,False,0,0,0,nenhuma fronteira segura alcancavel
494.084,460.5,failed,-3.4706,0.4299,0.3543,137.1,0.19,0.0,0.0,5.834,42.77,5133,0,182,3,146.9,0,8,14,0,False,0,0,0,nenhuma fronteira segura alcancavel
494.577,461.0,failed,-3.4706,0.4299,0.3543,137.11,0.19,0.0,0.0,5.834,42.77,5133,0,182,3,146.9,0,8,14,0,False,0,0,0,nenhuma fronteira segura alcancavel
495.074,461.5,failed,-3.4705,0.43,0.3543,137.07,0.19,0.0,0.0,5.834,42.77,5133,0,182,3,146.9,0,8,14,0,False,0,0,0,nenhuma fronteira segura alcancavel
495.571,462.0,failed,-3.4706,0.43,0.3543,137.09,0.19,0.0,0.0,5.835,42.77,5133,0,182,3,146.9,0,8,14,0,False,0,0,0,nenhuma fronteira segura alcancavel
496.064,462.5,failed,-3.4705,0.43,0.3543,137.12,0.19,0.0,0.0,5.835,42.77,5133,0,182,3,146.9,0,8,14,0,False,0,0,0,nenhuma fronteira segura alcancavel
496.562,463.0,failed,-3.4705,0.43,0.3543,137.13,0.19,0.0,0.0,5.835,42.77,5133,0,182,3,146.9,0,8,14,0,False,0,0,0,nenhuma fronteira segura alcancavel
497.06,463.5,failed,-3.4706,0.4299,0.3544,137.14,0.2,0.0,0.0,5.835,42.77,5133,0,182,3,146.9,0,8,14,0,False,0,0,0,nenhuma fronteira segura alcancavel
497.553,464.0,failed,-3.4706,0.43,0.3544,137.07,0.19,0.0,0.0,5.835,42.77,5133,0,182,3,146.9,0,8,14,0,False,0,0,0,nenhuma fronteira segura alcancavel
498.042,464.5,failed,-3.4705,0.43,0.3544,137.08,0.19,0.0,0.0,5.836,42.77,5133,0,182,3,146.9,0,8,14,0,False,0,0,0,nenhuma fronteira segura alcancavel
498.531,465.0,failed,-3.4705,0.43,0.3544,137.09,0.19,0.0,0.0,5.836,42.77,5133,0,182,3,146.9,0,8,14,0,False,0,0,0,nenhuma fronteira segura alcancavel
499.015,465.5,failed,-3.4706,0.4299,0.3544,137.11,0.19,0.0,0.0,5.836,42.77,5133,0,182,3,146.9,0,8,14,0,False,0,0,0,nenhuma fronteira segura alcancavel
499.514,466.0,failed,-3.4706,0.4299,0.3544,137.11,0.19,0.0,0.0,5.836,42.77,5133,0,182,3,146.9,0,8,14,0,False,0,0,0,nenhuma fronteira segura alcancavel
500.005,466.501,failed,-3.4706,0.4299,0.3544,137.12,0.19,0.0,0.0,5.836,42.77,5133,0,182,3,146.9,0,8,14,0,False,0,0,0,nenhuma fronteira segura alcancavel
500.504,467.0,failed,-3.4706,0.4299,0.3544,137.07,0.19,0.0,0.0,5.836,42.77,5133,0,182,3,146.9,0,8,14,0,False,0,0,0,nenhuma fronteira segura alcancavel
500.998,467.5,failed,-3.4706,0.4299,0.3544,137.11,0.19,0.0,0.0,5.836,42.77,5133,0,182,3,146.9,0,8,14,0,False,0,0,0,nenhuma fronteira segura alcancavel
501.481,468.0,failed,-3.4706,0.4299,0.3544,137.09,0.19,0.0,0.0,5.837,42.77,5133,0,182,3,146.9,0,8,14,0,False,0,0,0,nenhuma fronteira segura alcancavel
501.973,468.5,failed,-3.4706,0.4299,0.3544,137.08,0.19,0.0,0.0,5.837,42.77,5133,0,182,3,146.9,0,8,14,0,False,0,0,0,nenhuma fronteira segura alcancavel
502.46,469.0,failed,-3.4706,0.4299,0.3544,137.1,0.19,0.0,0.0,5.837,42.77,5133,0,182,3,146.9,0,8,14,0,False,0,0,0,nenhuma fronteira segura alcancavel
502.954,469.5,failed,-3.4706,0.4299,0.3544,137.13,0.19,0.0,0.0,5.837,42.77,5133,0,182,3,146.9,0,8,14,0,False,0,0,0,nenhuma fronteira segura alcancavel
503.448,470.0,failed,-3.4706,0.43,0.3543,137.06,0.19,0.0,0.0,5.837,42.77,5133,0,182,3,146.9,0,8,14,0,False,0,0,0,nenhuma fronteira segura alcancavel
503.939,470.5,failed,-3.4706,0.43,0.3543,137.11,0.19,0.0,0.0,5.837,42.77,5133,0,182,3,146.9,0,8,14,0,False,0,0,0,nenhuma fronteira segura alcancavel
504.436,471.0,failed,-3.4706,0.4299,0.3544,137.13,0.19,0.0,0.0,5.838,42.77,5133,0,182,3,146.9,0,8,14,0,False,0,0,0,nenhuma fronteira segura alcancavel
504.928,471.5,failed,-3.4705,0.43,0.3544,137.06,0.19,0.0,0.0,5.838,42.77,5133,0,182,3,146.9,0,8,14,0,False,0,0,0,nenhuma fronteira segura alcancavel
505.43,472.0,failed,-3.4706,0.4299,0.3544,137.14,0.19,0.0,0.0,5.838,42.77,5133,0,182,3,146.9,0,8,14,0,False,0,0,0,nenhuma fronteira segura alcancavel
505.925,472.5,failed,-3.4706,0.43,0.3544,137.11,0.19,0.0,0.0,5.838,42.77,5133,0,182,3,146.9,0,8,14,0,False,0,0,0,nenhuma fronteira segura alcancavel
506.424,473.0,failed,-3.4706,0.43,0.3544,137.11,0.19,0.0,0.0,5.838,42.77,5133,0,182,3,146.9,0,8,14,0,False,0,0,0,nenhuma fronteira segura alcancavel
506.922,473.5,failed,-3.4706,0.43,0.3544,137.1,0.19,0.0,0.0,5.838,42.77,5133,0,182,3,146.9,0,8,14,0,False,0,0,0,nenhuma fronteira segura alcancavel
507.416,474.0,failed,-3.4705,0.43,0.3544,137.09,0.19,0.0,0.0,5.838,42.77,5133,0,182,3,146.9,0,8,14,0,False,0,0,0,nenhuma fronteira segura alcancavel
507.915,474.5,failed,-3.4706,0.43,0.3544,137.1,0.19,0.0,0.0,5.838,42.77,5133,0,182,3,146.9,0,8,14,0,False,0,0,0,nenhuma fronteira segura alcancavel
508.398,475.0,failed,-3.4705,0.43,0.3544,137.15,0.19,0.0,0.0,5.839,42.77,5133,0,182,3,146.9,0,8,14,0,False,0,0,0,nenhuma fronteira segura alcancavel
508.896,475.5,failed,-3.4705,0.43,0.3543,137.06,0.19,0.0,0.0,5.839,42.77,5133,0,182,3,146.9,0,8,14,0,False,0,0,0,nenhuma fronteira segura alcancavel
509.392,476.0,failed,-3.4705,0.4299,0.3543,137.1,0.19,0.0,0.0,5.839,42.77,5133,0,182,3,146.9,0,8,14,0,False,0,0,0,nenhuma fronteira segura alcancavel
509.874,476.5,failed,-3.4705,0.4299,0.3543,137.1,0.19,0.0,0.0,5.84,42.77,5133,0,182,3,146.9,0,8,14,0,False,0,0,0,nenhuma fronteira segura alcancavel
510.374,477.0,failed,-3.4705,0.43,0.3543,137.07,0.19,0.0,0.0,5.84,42.77,5133,0,182,3,146.9,0,8,14,0,False,0,0,0,nenhuma fronteira segura alcancavel
510.867,477.5,failed,-3.4706,0.4299,0.3543,137.11,0.19,0.0,0.0,5.84,42.77,5133,0,182,3,146.9,0,8,14,0,False,0,0,0,nenhuma fronteira segura alcancavel
511.361,478.0,failed,-3.4706,0.4299,0.3544,137.1,0.19,0.0,0.0,5.84,42.77,5133,0,182,3,146.9,0,8,14,0,False,0,0,0,nenhuma fronteira segura alcancavel
511.862,478.5,failed,-3.4705,0.4299,0.3543,137.08,0.19,0.0,0.0,5.84,42.77,5133,0,182,3,146.9,0,8,14,0,False,0,0,0,nenhuma fronteira segura alcancavel
512.338,479.0,failed,-3.4706,0.4299,0.3543,137.13,0.19,0.0,0.0,5.84,42.77,5133,0,182,3,146.9,0,8,14,0,False,0,0,0,nenhuma fronteira segura alcancavel
512.827,479.5,failed,-3.4705,0.4299,0.3543,137.13,0.19,0.0,0.0,5.841,42.77,5133,0,182,3,146.9,0,8,14,0,False,0,0,0,nenhuma fronteira segura alcancavel
513.313,480.0,failed,-3.4706,0.4299,0.3543,137.13,0.19,0.0,0.0,5.841,42.77,5133,0,182,3,146.9,0,8,14,0,False,0,0,0,nenhuma fronteira segura alcancavel
513.803,480.5,failed,-3.4706,0.4299,0.3543,137.11,0.19,0.0,0.0,5.841,42.77,5133,0,182,3,146.9,0,8,14,0,False,0,0,0,nenhuma fronteira segura alcancavel
514.295,481.0,failed,-3.4706,0.4299,0.3543,137.11,0.19,0.0,0.0,5.841,42.77,5133,0,182,3,146.9,0,8,14,0,False,0,0,0,nenhuma fronteira segura alcancavel
514.788,481.5,failed,-3.4705,0.4299,0.3543,137.15,0.19,0.0,0.0,5.841,42.77,5133,0,182,3,146.9,0,8,14,0,False,0,0,0,nenhuma fronteira segura alcancavel
515.284,482.0,failed,-3.4705,0.43,0.3543,137.11,0.19,0.0,0.0,5.841,42.77,5133,0,182,3,146.9,0,8,14,0,False,0,0,0,nenhuma fronteira segura alcancavel
515.782,482.5,failed,-3.4705,0.43,0.3543,137.11,0.19,0.0,0.0,5.841,42.77,5133,0,182,3,146.9,0,8,14,0,False,0,0,0,nenhuma fronteira segura alcancavel
516.281,483.0,failed,-3.4705,0.43,0.3544,137.08,0.19,0.0,0.0,5.841,42.77,5133,0,182,3,146.9,0,8,14,0,False,0,0,0,nenhuma fronteira segura alcancavel
516.775,483.5,failed,-3.4705,0.43,0.3544,137.1,0.19,0.0,0.0,5.842,42.77,5133,0,182,3,146.9,0,8,14,0,False,0,0,0,nenhuma fronteira segura alcancavel
517.266,484.0,failed,-3.4705,0.43,0.3543,137.1,0.19,0.0,0.0,5.842,42.77,5133,0,182,3,146.9,0,8,14,0,False,0,0,0,nenhuma fronteira segura alcancavel
517.763,484.5,failed,-3.4705,0.4299,0.3543,137.09,0.19,0.0,0.0,5.842,42.77,5133,0,182,3,146.9,0,8,14,0,False,0,0,0,nenhuma fronteira segura alcancavel
518.262,485.0,failed,-3.4706,0.43,0.3544,137.09,0.19,0.0,0.0,5.842,42.77,5133,0,182,3,146.9,0,8,14,0,False,0,0,0,nenhuma fronteira segura alcancavel
518.758,485.5,failed,-3.4706,0.43,0.3544,137.09,0.19,0.0,0.0,5.842,42.77,5133,0,182,3,146.9,0,8,14,0,False,0,0,0,nenhuma fronteira segura alcancavel
519.249,486.0,failed,-3.4706,0.43,0.3544,137.09,0.19,0.0,0.0,5.842,42.77,5133,0,182,3,146.9,0,8,14,0,False,0,0,0,nenhuma fronteira segura alcancavel
519.742,486.5,failed,-3.4706,0.43,0.3544,137.1,0.19,0.0,0.0,5.843,42.77,5133,0,182,3,146.9,0,8,14,0,False,0,0,0,nenhuma fronteira segura alcancavel
520.217,487.0,failed,-3.4706,0.4299,0.3544,137.08,0.19,0.0,0.0,5.843,42.77,5133,0,182,3,146.9,0,8,14,0,False,0,0,0,nenhuma fronteira segura alcancavel
520.718,487.5,failed,-3.4706,0.4299,0.3543,137.12,0.19,0.0,0.0,5.843,42.77,5133,0,182,3,146.9,0,8,14,0,False,0,0,0,nenhuma fronteira segura alcancavel
521.193,488.0,failed,-3.4706,0.4299,0.3544,137.1,0.19,0.0,0.0,5.843,42.77,5133,0,182,3,146.9,0,8,14,0,False,0,0,0,nenhuma fronteira segura alcancavel
521.685,488.5,failed,-3.4706,0.4299,0.3544,137.09,0.19,0.0,0.0,5.843,42.77,5133,0,182,3,146.9,0,8,14,0,False,0,0,0,nenhuma fronteira segura alcancavel
522.18,489.001,failed,-3.4706,0.4299,0.3544,137.11,0.19,0.0,0.0,5.843,42.77,5133,0,182,3,146.9,0,8,14,0,False,0,0,0,nenhuma fronteira segura alcancavel
522.676,489.5,failed,-3.4706,0.4299,0.3544,137.15,0.19,0.0,0.0,5.844,42.77,5133,0,182,3,146.9,0,8,14,0,False,0,0,0,nenhuma fronteira segura alcancavel
523.17,490.001,failed,-3.4705,0.43,0.3544,137.07,0.19,0.0,0.0,5.844,42.77,5133,0,182,3,146.9,0,8,14,0,False,0,0,0,nenhuma fronteira segura alcancavel
523.67,490.5,failed,-3.4705,0.43,0.3544,137.1,0.19,0.0,0.0,5.844,42.77,5133,0,182,3,146.9,0,8,14,0,False,0,0,0,nenhuma fronteira segura alcancavel
524.168,491.0,failed,-3.4705,0.43,0.3544,137.09,0.19,0.0,0.0,5.844,42.77,5133,0,182,3,146.9,0,8,14,0,False,0,0,0,nenhuma fronteira segura alcancavel
524.666,491.501,failed,-3.4705,0.43,0.3544,137.11,0.19,0.0,0.0,5.844,42.77,5133,0,182,3,146.9,0,8,14,0,False,0,0,0,nenhuma fronteira segura alcancavel
525.162,492.0,failed,-3.4706,0.43,0.3544,137.1,0.19,0.0,0.0,5.844,42.77,5133,0,182,3,146.9,0,8,14,0,False,0,0,0,nenhuma fronteira segura alcancavel
525.651,492.5,failed,-3.4706,0.43,0.3544,137.09,0.19,0.0,0.0,5.844,42.77,5133,0,182,3,146.9,0,8,14,0,False,0,0,0,nenhuma fronteira segura alcancavel
526.151,493.0,failed,-3.4705,0.43,0.3544,137.1,0.19,0.0,0.0,5.844,42.77,5133,0,182,3,146.9,0,8,14,0,False,0,0,0,nenhuma fronteira segura alcancavel
526.644,493.5,failed,-3.4706,0.4299,0.3543,137.13,0.19,0.0,0.0,5.845,42.77,5133,0,182,3,146.9,0,8,14,0,False,0,0,0,nenhuma fronteira segura alcancavel
527.131,494.0,failed,-3.4706,0.43,0.3544,137.11,0.19,0.0,0.0,5.845,42.77,5133,0,182,3,146.9,0,8,14,0,False,0,0,0,nenhuma fronteira segura alcancavel
527.62,494.5,failed,-3.4706,0.43,0.3544,137.08,0.19,0.0,0.0,5.845,42.77,5133,0,182,3,146.9,0,8,14,0,False,0,0,0,nenhuma fronteira segura alcancavel
528.121,495.0,failed,-3.4706,0.43,0.3544,137.11,0.19,0.0,0.0,5.845,42.77,5133,0,182,3,146.9,0,8,14,0,False,0,0,0,nenhuma fronteira segura alcancavel
528.62,495.5,failed,-3.4706,0.43,0.3544,137.1,0.19,0.0,0.0,5.845,42.77,5133,0,182,3,146.9,0,8,14,0,False,0,0,0,nenhuma fronteira segura alcancavel
529.118,496.0,failed,-3.4706,0.4299,0.3544,137.13,0.19,0.0,0.0,5.845,42.77,5133,0,182,3,146.9,0,8,14,0,False,0,0,0,nenhuma fronteira segura alcancavel
529.614,496.501,failed,-3.4706,0.43,0.3544,137.1,0.19,0.0,0.0,5.845,42.77,5133,0,182,3,146.9,0,8,14,0,False,0,0,0,nenhuma fronteira segura alcancavel
530.104,497.0,failed,-3.4706,0.4299,0.3544,137.09,0.19,0.0,0.0,5.846,42.77,5133,0,182,3,146.9,0,8,14,0,False,0,0,0,nenhuma fronteira segura alcancavel
530.594,497.5,failed,-3.4705,0.43,0.3543,137.08,0.19,0.0,0.0,5.846,42.77,5133,0,182,3,146.9,0,8,14,0,False,0,0,0,nenhuma fronteira segura alcancavel
531.084,498.0,failed,-3.4706,0.4299,0.3543,137.08,0.2,0.0,0.0,5.846,42.77,5133,0,182,3,146.9,0,8,14,0,False,0,0,0,nenhuma fronteira segura alcancavel
531.573,498.5,failed,-3.4705,0.43,0.3543,137.06,0.19,0.0,0.0,5.846,42.77,5133,0,182,3,146.9,0,8,14,0,False,0,0,0,nenhuma fronteira segura alcancavel
532.059,499.0,failed,-3.4706,0.4299,0.3543,137.13,0.19,0.0,0.0,5.847,42.77,5133,0,182,3,146.9,0,8,14,0,False,0,0,0,nenhuma fronteira segura alcancavel
532.553,499.5,failed,-3.4706,0.4299,0.3543,137.1,0.19,0.0,0.0,5.847,42.77,5133,0,182,3,146.9,0,8,14,0,False,0,0,0,nenhuma fronteira segura alcancavel
533.04,500.002,failed,-3.4706,0.4299,0.3543,137.13,0.19,0.0,0.0,5.847,42.77,5133,0,182,3,146.9,0,8,14,0,False,0,0,0,nenhuma fronteira segura alcancavel
533.527,500.5,failed,-3.4706,0.4299,0.3544,137.11,0.19,0.0,0.0,5.847,42.77,5133,0,182,3,146.9,0,8,14,0,False,0,0,0,nenhuma fronteira segura alcancavel
534.016,501.0,failed,-3.4706,0.43,0.3543,137.11,0.19,0.0,0.0,5.847,42.77,5133,0,182,3,146.9,0,8,14,0,False,0,0,0,nenhuma fronteira segura alcancavel
534.508,501.5,failed,-3.4706,0.4299,0.3543,137.11,0.19,0.0,0.0,5.847,42.77,5133,0,182,3,146.9,0,8,14,0,False,0,0,0,nenhuma fronteira segura alcancavel
535.004,502.0,failed,-3.4705,0.43,0.3544,137.1,0.19,0.0,0.0,5.847,42.77,5133,0,182,3,146.9,0,8,14,0,False,0,0,0,nenhuma fronteira segura alcancavel
535.496,502.5,failed,-3.4705,0.43,0.3544,137.1,0.19,0.0,0.0,5.847,42.77,5133,0,182,3,146.9,0,8,14,0,False,0,0,0,nenhuma fronteira segura alcancavel
535.993,503.001,failed,-3.4705,0.43,0.3544,137.1,0.19,0.0,0.0,5.847,42.77,5133,0,182,3,146.9,0,8,14,0,False,0,0,0,nenhuma fronteira segura alcancavel
536.478,503.5,failed,-3.4705,0.43,0.3544,137.11,0.19,0.0,0.0,5.848,42.77,5133,0,182,3,146.9,0,8,14,0,False,0,0,0,nenhuma fronteira segura alcancavel
536.966,504.0,failed,-3.4705,0.43,0.3544,137.1,0.19,0.0,0.0,5.848,42.77,5133,0,182,3,146.9,0,8,14,0,False,0,0,0,nenhuma fronteira segura alcancavel
537.457,504.5,failed,-3.4705,0.43,0.3544,137.1,0.19,0.0,0.0,5.848,42.77,5133,0,182,3,146.9,0,8,14,0,False,0,0,0,nenhuma fronteira segura alcancavel
537.955,505.0,failed,-3.4705,0.43,0.3544,137.1,0.19,0.0,0.0,5.848,42.77,5133,0,182,3,146.9,0,8,14,0,False,0,0,0,nenhuma fronteira segura alcancavel
538.448,505.5,failed,-3.4705,0.43,0.3544,137.1,0.19,0.0,0.0,5.848,42.77,5133,0,182,3,146.9,0,8,14,0,False,0,0,0,nenhuma fronteira segura alcancavel
538.942,506.0,failed,-3.4705,0.43,0.3544,137.1,0.19,0.0,0.0,5.848,42.77,5133,0,182,3,146.9,0,8,14,0,False,0,0,0,nenhuma fronteira segura alcancavel
539.435,506.5,failed,-3.4705,0.43,0.3544,137.1,0.19,0.0,0.0,5.848,42.77,5133,0,182,3,146.9,0,8,14,0,False,0,0,0,nenhuma fronteira segura alcancavel
539.933,507.001,failed,-3.4705,0.43,0.3544,137.1,0.19,0.0,0.0,5.848,42.77,5133,0,182,3,146.9,0,8,14,0,False,0,0,0,nenhuma fronteira segura alcancavel
540.43,507.501,failed,-3.4705,0.43,0.3544,137.1,0.19,0.0,0.0,5.848,42.77,5133,0,182,3,146.9,0,8,14,0,False,0,0,0,nenhuma fronteira segura alcancavel
540.922,508.0,failed,-3.4705,0.43,0.3544,137.1,0.19,0.0,0.0,5.848,42.77,5133,0,182,3,146.9,0,8,14,0,False,0,0,0,nenhuma fronteira segura alcancavel
541.429,508.5,failed,-3.4705,0.43,0.3544,137.1,0.19,0.0,0.0,5.848,42.77,5133,0,182,3,146.9,0,8,14,0,False,0,0,0,nenhuma fronteira segura alcancavel
541.922,509.0,failed,-3.4705,0.43,0.3544,137.1,0.19,0.0,0.0,5.848,42.77,5133,0,182,3,146.9,0,8,14,0,False,0,0,0,nenhuma fronteira segura alcancavel
542.423,509.5,failed,-3.4705,0.43,0.3544,137.1,0.19,0.0,0.0,5.848,42.77,5133,0,182,3,146.9,0,8,14,0,False,0,0,0,nenhuma fronteira segura alcancavel
542.912,510.0,failed,-3.4705,0.43,0.3544,137.1,0.19,0.0,0.0,5.848,42.77,5133,0,182,3,146.9,0,8,14,0,False,0,0,0,nenhuma fronteira segura alcancavel
543.394,510.5,failed,-3.4705,0.43,0.3544,137.1,0.19,0.0,0.0,5.848,42.77,5133,0,182,3,146.9,0,8,14,0,False,0,0,0,nenhuma fronteira segura alcancavel
543.893,511.0,failed,-3.4705,0.43,0.3544,137.1,0.19,0.0,0.0,5.848,42.77,5133,0,182,3,146.9,0,8,14,0,False,0,0,0,nenhuma fronteira segura alcancavel
544.372,511.5,failed,-3.4705,0.43,0.3544,137.1,0.19,0.0,0.0,5.848,42.77,5133,0,182,3,146.9,0,8,14,0,False,0,0,0,nenhuma fronteira segura alcancavel
544.869,512.0,failed,-3.4705,0.43,0.3544,137.1,0.19,0.0,0.0,5.848,42.77,5133,0,182,3,146.9,0,8,14,0,False,0,0,0,nenhuma fronteira segura alcancavel
545.365,512.5,failed,-3.4705,0.43,0.3544,137.1,0.19,0.0,0.0,5.848,42.77,5133,0,182,3,146.9,0,8,14,0,False,0,0,0,nenhuma fronteira segura alcancavel
545.856,513.0,failed,-3.4705,0.43,0.3544,137.1,0.19,0.0,0.0,5.848,42.77,5133,0,182,3,146.9,0,8,14,0,False,0,0,0,nenhuma fronteira segura alcancavel
546.354,513.5,failed,-3.4705,0.43,0.3544,137.1,0.19,0.0,0.0,5.848,42.77,5133,0,182,3,146.9,0,8,14,0,False,0,0,0,nenhuma fronteira segura alcancavel
546.826,514.0,failed,-3.4705,0.43,0.3544,137.1,0.19,0.0,0.0,5.848,42.77,5133,0,182,3,146.9,0,8,14,0,False,0,0,0,nenhuma fronteira segura alcancavel
547.32,514.5,failed,-3.4705,0.43,0.3544,137.1,0.19,0.0,0.0,5.848,42.77,5133,0,182,3,146.9,0,8,14,0,False,0,0,0,nenhuma fronteira segura alcancavel
547.822,515.0,failed,-3.4705,0.43,0.3544,137.1,0.19,0.0,0.0,5.848,42.77,5133,0,182,3,146.9,0,8,14,0,False,0,0,0,nenhuma fronteira segura alcancavel
548.318,515.5,failed,-3.4705,0.43,0.3544,137.1,0.19,0.0,0.0,5.848,42.77,5133,0,182,3,146.9,0,8,14,0,False,0,0,0,nenhuma fronteira segura alcancavel
548.813,516.0,failed,-3.4705,0.43,0.3544,137.1,0.19,0.0,0.0,5.848,42.77,5133,0,182,3,146.9,0,8,14,0,False,0,0,0,nenhuma fronteira segura alcancavel
549.314,516.5,failed,-3.4705,0.43,0.3544,137.1,0.19,0.0,0.0,5.848,42.77,5133,0,182,3,146.9,0,8,14,0,False,0,0,0,nenhuma fronteira segura alcancavel
549.787,517.0,failed,-3.4705,0.43,0.3544,137.1,0.19,0.0,0.0,5.848,42.77,5133,0,182,3,146.9,0,8,14,0,False,0,0,0,nenhuma fronteira segura alcancavel
550.284,517.5,failed,-3.4705,0.43,0.3544,137.1,0.19,0.0,0.0,5.848,42.77,5133,0,182,3,146.9,0,8,14,0,False,0,0,0,nenhuma fronteira segura alcancavel
550.768,518.0,failed,-3.4705,0.43,0.3544,137.1,0.19,0.0,0.0,5.848,42.77,5133,0,182,3,146.9,0,8,14,0,False,0,0,0,nenhuma fronteira segura alcancavel
551.266,518.5,failed,-3.4705,0.43,0.3544,137.1,0.19,0.0,0.0,5.848,42.77,5133,0,182,3,146.9,0,8,14,0,False,0,0,0,nenhuma fronteira segura alcancavel
551.759,519.001,failed,-3.4705,0.43,0.3544,137.1,0.19,0.0,0.0,5.848,42.77,5133,0,182,3,146.9,0,8,14,0,False,0,0,0,nenhuma fronteira segura alcancavel
552.251,519.5,failed,-3.4705,0.43,0.3544,137.1,0.19,0.0,0.0,5.848,42.77,5133,0,182,3,146.9,0,8,14,0,False,0,0,0,nenhuma fronteira segura alcancavel
552.745,520.0,failed,-3.4705,0.43,0.3544,137.1,0.19,0.0,0.0,5.848,42.77,5133,0,182,3,146.9,0,8,14,0,False,0,0,0,nenhuma fronteira segura alcancavel
553.234,520.5,failed,-3.4705,0.43,0.3544,137.1,0.19,0.0,0.0,5.848,42.77,5133,0,182,3,146.9,0,8,14,0,False,0,0,0,nenhuma fronteira segura alcancavel
553.734,521.0,failed,-3.4705,0.43,0.3544,137.1,0.19,0.0,0.0,5.848,42.77,5133,0,182,3,146.9,0,8,14,0,False,0,0,0,nenhuma fronteira segura alcancavel
554.224,521.5,failed,-3.4705,0.43,0.3544,137.1,0.19,0.0,0.0,5.848,42.77,5133,0,182,3,146.9,0,8,14,0,False,0,0,0,nenhuma fronteira segura alcancavel
554.721,522.0,failed,-3.4705,0.43,0.3544,137.1,0.19,0.0,0.0,5.848,42.77,5133,0,182,3,146.9,0,8,14,0,False,0,0,0,nenhuma fronteira segura alcancavel
555.22,522.5,failed,-3.4705,0.43,0.3544,137.1,0.19,0.0,0.0,5.848,42.77,5133,0,182,3,146.9,0,8,14,0,False,0,0,0,nenhuma fronteira segura alcancavel
555.702,523.0,failed,-3.4705,0.43,0.3544,137.1,0.19,0.0,0.0,5.848,42.77,5133,0,182,3,146.9,0,8,14,0,False,0,0,0,nenhuma fronteira segura alcancavel
556.202,523.5,failed,-3.4705,0.43,0.3544,137.1,0.19,0.0,0.0,5.848,42.77,5133,0,182,3,146.9,0,8,14,0,False,0,0,0,nenhuma fronteira segura alcancavel
556.697,524.0,failed,-3.4705,0.43,0.3544,137.1,0.19,0.0,0.0,5.848,42.77,5133,0,182,3,146.9,0,8,14,0,False,0,0,0,nenhuma fronteira segura alcancavel
557.186,524.5,failed,-3.4705,0.43,0.3544,137.1,0.19,0.0,0.0,5.848,42.77,5133,0,182,3,146.9,0,8,14,0,False,0,0,0,nenhuma fronteira segura alcancavel
557.658,525.0,failed,-3.4705,0.43,0.3544,137.1,0.19,0.0,0.0,5.848,42.77,5133,0,182,3,146.9,0,8,14,0,False,0,0,0,nenhuma fronteira segura alcancavel
558.157,525.501,failed,-3.4705,0.43,0.3544,137.1,0.19,0.0,0.0,5.848,42.77,5133,0,182,3,146.9,0,8,14,0,False,0,0,0,nenhuma fronteira segura alcancavel
558.644,526.0,failed,-3.4705,0.43,0.3544,137.1,0.19,0.0,0.0,5.848,42.77,5133,0,182,3,146.9,0,8,14,0,False,0,0,0,nenhuma fronteira segura alcancavel
559.143,526.5,failed,-3.4705,0.43,0.3544,137.1,0.19,0.0,0.0,5.848,42.77,5133,0,182,3,146.9,0,8,14,0,False,0,0,0,nenhuma fronteira segura alcancavel
559.627,527.0,failed,-3.4705,0.43,0.3544,137.1,0.19,0.0,0.0,5.848,42.77,5133,0,182,3,146.9,0,8,14,0,False,0,0,0,nenhuma fronteira segura alcancavel
560.114,527.5,failed,-3.4705,0.43,0.3544,137.1,0.19,0.0,0.0,5.848,42.77,5133,0,182,3,146.9,0,8,14,0,False,0,0,0,nenhuma fronteira segura alcancavel
560.612,528.0,failed,-3.4705,0.43,0.3544,137.1,0.19,0.0,0.0,5.848,42.77,5133,0,182,3,146.9,0,8,14,0,False,0,0,0,nenhuma fronteira segura alcancavel
561.104,528.5,failed,-3.4705,0.43,0.3544,137.1,0.19,0.0,0.0,5.848,42.77,5133,0,182,3,146.9,0,8,14,0,False,0,0,0,nenhuma fronteira segura alcancavel
561.601,529.0,failed,-3.4705,0.43,0.3544,137.1,0.19,0.0,0.0,5.848,42.77,5133,0,182,3,146.9,0,8,14,0,False,0,0,0,nenhuma fronteira segura alcancavel
562.094,529.5,failed,-3.4705,0.43,0.3544,137.1,0.19,0.0,0.0,5.848,42.77,5133,0,182,3,146.9,0,8,14,0,False,0,0,0,nenhuma fronteira segura alcancavel
562.585,530.0,failed,-3.4705,0.43,0.3544,137.1,0.19,0.0,0.0,5.848,42.77,5133,0,182,3,146.9,0,8,14,0,False,0,0,0,nenhuma fronteira segura alcancavel
563.075,530.5,failed,-3.4705,0.43,0.3544,137.1,0.19,0.0,0.0,5.848,42.77,5133,0,182,3,146.9,0,8,14,0,False,0,0,0,nenhuma fronteira segura alcancavel
563.576,531.0,failed,-3.4705,0.43,0.3544,137.1,0.19,0.0,0.0,5.848,42.77,5133,0,182,3,146.9,0,8,14,0,False,0,0,0,nenhuma fronteira segura alcancavel
564.07,531.5,failed,-3.4705,0.43,0.3544,137.1,0.19,0.0,0.0,5.848,42.77,5133,0,182,3,146.9,0,8,14,0,False,0,0,0,nenhuma fronteira segura alcancavel
564.561,532.0,failed,-3.4705,0.43,0.3544,137.1,0.19,0.0,0.0,5.848,42.77,5133,0,182,3,146.9,0,8,14,0,False,0,0,0,nenhuma fronteira segura alcancavel
565.034,532.5,failed,-3.4705,0.43,0.3544,137.1,0.19,0.0,0.0,5.848,42.77,5133,0,182,3,146.9,0,8,14,0,False,0,0,0,nenhuma fronteira segura alcancavel
565.527,533.0,failed,-3.4705,0.43,0.3544,137.1,0.19,0.0,0.0,5.848,42.77,5133,0,182,3,146.9,0,8,14,0,False,0,0,0,nenhuma fronteira segura alcancavel
566.026,533.5,failed,-3.4705,0.43,0.3544,137.1,0.19,0.0,0.0,5.848,42.77,5133,0,182,3,146.9,0,8,14,0,False,0,0,0,nenhuma fronteira segura alcancavel
566.517,534.0,failed,-3.4705,0.43,0.3544,137.1,0.19,0.0,0.0,5.848,42.77,5133,0,182,3,146.9,0,8,14,0,False,0,0,0,nenhuma fronteira segura alcancavel
567.006,534.5,failed,-3.4705,0.43,0.3544,137.1,0.19,0.0,0.0,5.848,42.77,5133,0,182,3,146.9,0,8,14,0,False,0,0,0,nenhuma fronteira segura alcancavel
567.503,535.0,failed,-3.4705,0.43,0.3544,137.1,0.19,0.0,0.0,5.848,42.77,5133,0,182,3,146.9,0,8,14,0,False,0,0,0,nenhuma fronteira segura alcancavel
567.977,535.5,failed,-3.4705,0.43,0.3544,137.1,0.19,0.0,0.0,5.848,42.77,5133,0,182,3,146.9,0,8,14,0,False,0,0,0,nenhuma fronteira segura alcancavel
568.473,536.0,failed,-3.4705,0.43,0.3544,137.1,0.19,0.0,0.0,5.848,42.77,5133,0,182,3,146.9,0,8,14,0,False,0,0,0,nenhuma fronteira segura alcancavel
568.965,536.5,failed,-3.4705,0.43,0.3544,137.1,0.19,0.0,0.0,5.848,42.77,5133,0,182,3,146.9,0,8,14,0,False,0,0,0,nenhuma fronteira segura alcancavel
569.458,537.0,failed,-3.4705,0.43,0.3544,137.1,0.19,0.0,0.0,5.848,42.77,5133,0,182,3,146.9,0,8,14,0,False,0,0,0,nenhuma fronteira segura alcancavel
569.946,537.5,failed,-3.4705,0.43,0.3544,137.1,0.19,0.0,0.0,5.848,42.77,5133,0,182,3,146.9,0,8,14,0,False,0,0,0,nenhuma fronteira segura alcancavel
570.435,538.0,failed,-3.4705,0.43,0.3544,137.1,0.19,0.0,0.0,5.848,42.77,5133,0,182,3,146.9,0,8,14,0,False,0,0,0,nenhuma fronteira segura alcancavel
570.911,538.5,failed,-3.4705,0.43,0.3544,137.1,0.19,0.0,0.0,5.848,42.77,5133,0,182,3,146.9,0,8,14,0,False,0,0,0,nenhuma fronteira segura alcancavel
571.41,539.0,failed,-3.4705,0.43,0.3544,137.1,0.19,0.0,0.0,5.848,42.77,5133,0,182,3,146.9,0,8,14,0,False,0,0,0,nenhuma fronteira segura alcancavel
571.906,539.5,failed,-3.4705,0.43,0.3544,137.1,0.19,0.0,0.0,5.848,42.77,5133,0,182,3,146.9,0,8,14,0,False,0,0,0,nenhuma fronteira segura alcancavel
572.406,540.0,failed,-3.4705,0.43,0.3544,137.1,0.19,0.0,0.0,5.848,42.77,5133,0,182,3,146.9,0,8,14,0,False,0,0,0,nenhuma fronteira segura alcancavel
572.892,540.5,failed,-3.4705,0.43,0.3544,137.1,0.19,0.0,0.0,5.848,42.77,5133,0,182,3,146.9,0,8,14,0,False,0,0,0,nenhuma fronteira segura alcancavel
573.379,541.0,failed,-3.4705,0.43,0.3544,137.1,0.19,0.0,0.0,5.848,42.77,5133,0,182,3,146.9,0,8,14,0,False,0,0,0,nenhuma fronteira segura alcancavel
573.867,541.501,failed,-3.4705,0.43,0.3544,137.1,0.19,0.0,0.0,5.848,42.77,5133,0,182,3,146.9,0,8,14,0,False,0,0,0,nenhuma fronteira segura alcancavel
574.337,542.0,failed,-3.4705,0.43,0.3544,137.1,0.19,0.0,0.0,5.848,42.77,5133,0,182,3,146.9,0,8,14,0,False,0,0,0,nenhuma fronteira segura alcancavel
574.825,542.5,failed,-3.4705,0.43,0.3544,137.1,0.19,0.0,0.0,5.848,42.77,5133,0,182,3,146.9,0,8,14,0,False,0,0,0,nenhuma fronteira segura alcancavel
575.318,543.0,failed,-3.4705,0.43,0.3544,137.1,0.19,0.0,0.0,5.848,42.77,5133,0,182,3,146.9,0,8,14,0,False,0,0,0,nenhuma fronteira segura alcancavel
575.812,543.5,failed,-3.4705,0.43,0.3544,137.1,0.19,0.0,0.0,5.848,42.77,5133,0,182,3,146.9,0,8,14,0,False,0,0,0,nenhuma fronteira segura alcancavel
576.307,544.0,failed,-3.4705,0.43,0.3544,137.1,0.19,0.0,0.0,5.848,42.77,5133,0,182,3,146.9,0,8,14,0,False,0,0,0,nenhuma fronteira segura alcancavel
576.805,544.5,failed,-3.4705,0.43,0.3544,137.1,0.19,0.0,0.0,5.848,42.77,5133,0,182,3,146.9,0,8,14,0,False,0,0,0,nenhuma fronteira segura alcancavel
577.289,545.0,failed,-3.4705,0.43,0.3544,137.1,0.19,0.0,0.0,5.848,42.77,5133,0,182,3,146.9,0,8,14,0,False,0,0,0,nenhuma fronteira segura alcancavel
577.781,545.5,failed,-3.4705,0.43,0.3544,137.1,0.19,0.0,0.0,5.848,42.77,5133,0,182,3,146.9,0,8,14,0,False,0,0,0,nenhuma fronteira segura alcancavel
578.281,546.0,failed,-3.4705,0.43,0.3544,137.1,0.19,0.0,0.0,5.848,42.77,5133,0,182,3,146.9,0,8,14,0,False,0,0,0,nenhuma fronteira segura alcancavel
578.776,546.5,failed,-3.4705,0.43,0.3544,137.1,0.19,0.0,0.0,5.848,42.77,5133,0,182,3,146.9,0,8,14,0,False,0,0,0,nenhuma fronteira segura alcancavel
579.263,547.0,failed,-3.4705,0.43,0.3544,137.1,0.19,0.0,0.0,5.848,42.77,5133,0,182,3,146.9,0,8,14,0,False,0,0,0,nenhuma fronteira segura alcancavel
579.742,547.5,failed,-3.4705,0.43,0.3544,137.1,0.19,0.0,0.0,5.848,42.77,5133,0,182,3,146.9,0,8,14,0,False,0,0,0,nenhuma fronteira segura alcancavel
580.238,548.0,failed,-3.4705,0.43,0.3544,137.1,0.19,0.0,0.0,5.848,42.77,5133,0,182,3,146.9,0,8,14,0,False,0,0,0,nenhuma fronteira segura alcancavel
580.713,548.5,failed,-3.4705,0.43,0.3544,137.1,0.19,0.0,0.0,5.848,42.77,5133,0,182,3,146.9,0,8,14,0,False,0,0,0,nenhuma fronteira segura alcancavel
581.215,549.0,failed,-3.4705,0.43,0.3544,137.1,0.19,0.0,0.0,5.848,42.77,5133,0,182,3,146.9,0,8,14,0,False,0,0,0,nenhuma fronteira segura alcancavel
581.711,549.5,failed,-3.4705,0.43,0.3544,137.1,0.19,0.0,0.0,5.848,42.77,5133,0,182,3,146.9,0,8,14,0,False,0,0,0,nenhuma fronteira segura alcancavel
582.206,550.0,failed,-3.4705,0.43,0.3544,137.1,0.19,0.0,0.0,5.848,42.77,5133,0,182,3,146.9,0,8,14,0,False,0,0,0,nenhuma fronteira segura alcancavel
582.703,550.5,failed,-3.4705,0.43,0.3544,137.1,0.19,0.0,0.0,5.848,42.77,5133,0,182,3,146.9,0,8,14,0,False,0,0,0,nenhuma fronteira segura alcancavel
583.198,551.0,failed,-3.4705,0.43,0.3544,137.1,0.19,0.0,0.0,5.848,42.77,5133,0,182,3,146.9,0,8,14,0,False,0,0,0,nenhuma fronteira segura alcancavel
583.693,551.5,failed,-3.4705,0.43,0.3544,137.1,0.19,0.0,0.0,5.848,42.77,5133,0,182,3,146.9,0,8,14,0,False,0,0,0,nenhuma fronteira segura alcancavel
584.174,552.0,failed,-3.4705,0.43,0.3544,137.1,0.19,0.0,0.0,5.848,42.77,5133,0,182,3,146.9,0,8,14,0,False,0,0,0,nenhuma fronteira segura alcancavel
584.67,552.5,failed,-3.4705,0.43,0.3544,137.1,0.19,0.0,0.0,5.848,42.77,5133,0,182,3,146.9,0,8,14,0,False,0,0,0,nenhuma fronteira segura alcancavel
585.169,553.0,failed,-3.4705,0.43,0.3544,137.1,0.19,0.0,0.0,5.848,42.77,5133,0,182,3,146.9,0,8,14,0,False,0,0,0,nenhuma fronteira segura alcancavel
585.662,553.5,failed,-3.4705,0.43,0.3544,137.1,0.19,0.0,0.0,5.848,42.77,5133,0,182,3,146.9,0,8,14,0,False,0,0,0,nenhuma fronteira segura alcancavel
586.145,554.0,failed,-3.4705,0.43,0.3544,137.1,0.19,0.0,0.0,5.848,42.77,5133,0,182,3,146.9,0,8,14,0,False,0,0,0,nenhuma fronteira segura alcancavel
586.639,554.5,failed,-3.4705,0.43,0.3544,137.1,0.19,0.0,0.0,5.848,42.77,5133,0,182,3,146.9,0,8,14,0,False,0,0,0,nenhuma fronteira segura alcancavel
587.121,555.0,failed,-3.4705,0.43,0.3544,137.1,0.19,0.0,0.0,5.848,42.77,5133,0,182,3,146.9,0,8,14,0,False,0,0,0,nenhuma fronteira segura alcancavel
587.627,555.5,failed,-3.4705,0.43,0.3544,137.1,0.19,0.0,0.0,5.848,42.77,5133,0,182,3,146.9,0,8,14,0,False,0,0,0,nenhuma fronteira segura alcancavel
588.12,556.0,failed,-3.4705,0.43,0.3544,137.1,0.19,0.0,0.0,5.848,42.77,5133,0,182,3,146.9,0,8,14,0,False,0,0,0,nenhuma fronteira segura alcancavel
588.617,556.5,failed,-3.4705,0.43,0.3544,137.1,0.19,0.0,0.0,5.848,42.77,5133,0,182,3,146.9,0,8,14,0,False,0,0,0,nenhuma fronteira segura alcancavel
589.112,557.0,failed,-3.4705,0.43,0.3544,137.1,0.19,0.0,0.0,5.848,42.77,5133,0,182,3,146.9,0,8,14,0,False,0,0,0,nenhuma fronteira segura alcancavel
589.61,557.5,failed,-3.4705,0.43,0.3544,137.1,0.19,0.0,0.0,5.848,42.77,5133,0,182,3,146.9,0,8,14,0,False,0,0,0,nenhuma fronteira segura alcancavel
590.1,558.001,failed,-3.4705,0.43,0.3544,137.1,0.19,0.0,0.0,5.848,42.77,5133,0,182,3,146.9,0,8,14,0,False,0,0,0,nenhuma fronteira segura alcancavel
590.593,558.5,failed,-3.4705,0.43,0.3544,137.1,0.19,0.0,0.0,5.848,42.77,5133,0,182,3,146.9,0,8,14,0,False,0,0,0,nenhuma fronteira segura alcancavel
591.091,559.0,failed,-3.4705,0.43,0.3544,137.1,0.19,0.0,0.0,5.848,42.77,5133,0,182,3,146.9,0,8,14,0,False,0,0,0,nenhuma fronteira segura alcancavel
591.577,559.5,failed,-3.4705,0.43,0.3544,137.1,0.19,0.0,0.0,5.848,42.77,5133,0,182,3,146.9,0,8,14,0,False,0,0,0,nenhuma fronteira segura alcancavel
592.075,560.0,failed,-3.4705,0.43,0.3544,137.1,0.19,0.0,0.0,5.848,42.77,5133,0,182,3,146.9,0,8,14,0,False,0,0,0,nenhuma fronteira segura alcancavel
592.569,560.5,failed,-3.4705,0.43,0.3544,137.1,0.19,0.0,0.0,5.848,42.77,5133,0,182,3,146.9,0,8,14,0,False,0,0,0,nenhuma fronteira segura alcancavel
593.062,561.0,failed,-3.4705,0.43,0.3544,137.1,0.19,0.0,0.0,5.848,42.77,5133,0,182,3,146.9,0,8,14,0,False,0,0,0,nenhuma fronteira segura alcancavel
593.559,561.5,failed,-3.4705,0.43,0.3544,137.1,0.19,0.0,0.0,5.848,42.77,5133,0,182,3,146.9,0,8,14,0,False,0,0,0,nenhuma fronteira segura alcancavel
594.049,562.0,failed,-3.4705,0.43,0.3544,137.1,0.19,0.0,0.0,5.848,42.77,5133,0,182,3,146.9,0,8,14,0,False,0,0,0,nenhuma fronteira segura alcancavel
594.55,562.5,failed,-3.4705,0.43,0.3544,137.1,0.19,0.0,0.0,5.848,42.77,5133,0,182,3,146.9,0,8,14,0,False,0,0,0,nenhuma fronteira segura alcancavel
595.045,563.0,failed,-3.4705,0.43,0.3544,137.1,0.19,0.0,0.0,5.848,42.77,5133,0,182,3,146.9,0,8,14,0,False,0,0,0,nenhuma fronteira segura alcancavel
595.543,563.5,failed,-3.4705,0.43,0.3544,137.1,0.19,0.0,0.0,5.848,42.77,5133,0,182,3,146.9,0,8,14,0,False,0,0,0,nenhuma fronteira segura alcancavel
596.038,564.001,failed,-3.4705,0.43,0.3544,137.1,0.19,0.0,0.0,5.848,42.77,5133,0,182,3,146.9,0,8,14,0,False,0,0,0,nenhuma fronteira segura alcancavel
596.54,564.501,failed,-3.4705,0.43,0.3544,137.1,0.19,0.0,0.0,5.848,42.77,5133,0,182,3,146.9,0,8,14,0,False,0,0,0,nenhuma fronteira segura alcancavel
597.028,565.0,failed,-3.4705,0.43,0.3544,137.1,0.19,0.0,0.0,5.848,42.77,5133,0,182,3,146.9,0,8,14,0,False,0,0,0,nenhuma fronteira segura alcancavel
597.519,565.5,failed,-3.4705,0.43,0.3544,137.1,0.19,0.0,0.0,5.848,42.77,5133,0,182,3,146.9,0,8,14,0,False,0,0,0,nenhuma fronteira segura alcancavel
598.011,566.0,failed,-3.4705,0.43,0.3544,137.1,0.19,0.0,0.0,5.848,42.77,5133,0,182,3,146.9,0,8,14,0,False,0,0,0,nenhuma fronteira segura alcancavel
598.514,566.5,failed,-3.4705,0.43,0.3544,137.1,0.19,0.0,0.0,5.848,42.77,5133,0,182,3,146.9,0,8,14,0,False,0,0,0,nenhuma fronteira segura alcancavel
599.012,567.0,failed,-3.4705,0.43,0.3544,137.1,0.19,0.0,0.0,5.848,42.77,5133,0,182,3,146.9,0,8,14,0,False,0,0,0,nenhuma fronteira segura alcancavel
599.503,567.5,failed,-3.4705,0.43,0.3544,137.1,0.19,0.0,0.0,5.848,42.77,5133,0,182,3,146.9,0,8,14,0,False,0,0,0,nenhuma fronteira segura alcancavel
599.998,568.0,failed,-3.4705,0.43,0.3544,137.1,0.19,0.0,0.0,5.848,42.77,5133,0,182,3,146.9,0,8,14,0,False,0,0,0,nenhuma fronteira segura alcancavel
600.49,568.5,failed,-3.4705,0.43,0.3544,137.1,0.19,0.0,0.0,5.848,42.77,5133,0,182,3,146.9,0,8,14,0,False,0,0,0,nenhuma fronteira segura alcancavel
600.977,569.0,failed,-3.4705,0.43,0.3544,137.1,0.19,0.0,0.0,5.848,42.77,5133,0,182,3,146.9,0,8,14,0,False,0,0,0,nenhuma fronteira segura alcancavel
601.467,569.501,failed,-3.4705,0.43,0.3544,137.1,0.19,0.0,0.0,5.848,42.77,5133,0,182,3,146.9,0,8,14,0,False,0,0,0,nenhuma fronteira segura alcancavel
601.96,570.0,failed,-3.4705,0.43,0.3544,137.1,0.19,0.0,0.0,5.848,42.77,5133,0,182,3,146.9,0,8,14,0,False,0,0,0,nenhuma fronteira segura alcancavel
602.454,570.5,failed,-3.4705,0.43,0.3544,137.1,0.19,0.0,0.0,5.848,42.77,5133,0,182,3,146.9,0,8,14,0,False,0,0,0,nenhuma fronteira segura alcancavel
602.948,571.0,failed,-3.4705,0.43,0.3544,137.1,0.19,0.0,0.0,5.848,42.77,5133,0,182,3,146.9,0,8,14,0,False,0,0,0,nenhuma fronteira segura alcancavel
603.434,571.5,failed,-3.4705,0.43,0.3544,137.1,0.19,0.0,0.0,5.848,42.77,5133,0,182,3,146.9,0,8,14,0,False,0,0,0,nenhuma fronteira segura alcancavel
603.92,572.002,failed,-3.4705,0.43,0.3544,137.1,0.19,0.0,0.0,5.848,42.77,5133,0,182,3,146.9,0,8,14,0,False,0,0,0,nenhuma fronteira segura alcancavel
604.427,572.5,failed,-3.4705,0.43,0.3544,137.1,0.19,0.0,0.0,5.848,42.77,5133,0,182,3,146.9,0,8,14,0,False,0,0,0,nenhuma fronteira segura alcancavel
604.922,573.0,failed,-3.4705,0.43,0.3544,137.1,0.19,0.0,0.0,5.848,42.77,5133,0,182,3,146.9,0,8,14,0,False,0,0,0,nenhuma fronteira segura alcancavel
605.421,573.5,failed,-3.4705,0.43,0.3544,137.1,0.19,0.0,0.0,5.848,42.77,5133,0,182,3,146.9,0,8,14,0,False,0,0,0,nenhuma fronteira segura alcancavel
605.914,574.0,failed,-3.4705,0.43,0.3544,137.1,0.19,0.0,0.0,5.848,42.77,5133,0,182,3,146.9,0,8,14,0,False,0,0,0,nenhuma fronteira segura alcancavel
606.401,574.5,failed,-3.4705,0.43,0.3544,137.1,0.19,0.0,0.0,5.848,42.77,5133,0,182,3,146.9,0,8,14,0,False,0,0,0,nenhuma fronteira segura alcancavel
606.889,575.0,failed,-3.4705,0.43,0.3544,137.1,0.19,0.0,0.0,5.848,42.77,5133,0,182,3,146.9,0,8,14,0,False,0,0,0,nenhuma fronteira segura alcancavel
607.387,575.5,failed,-3.4705,0.43,0.3544,137.1,0.19,0.0,0.0,5.848,42.77,5133,0,182,3,146.9,0,8,14,0,False,0,0,0,nenhuma fronteira segura alcancavel
607.883,576.0,failed,-3.4705,0.43,0.3544,137.1,0.19,0.0,0.0,5.848,42.77,5133,0,182,3,146.9,0,8,14,0,False,0,0,0,nenhuma fronteira segura alcancavel
608.371,576.5,failed,-3.4705,0.43,0.3544,137.1,0.19,0.0,0.0,5.848,42.77,5133,0,182,3,146.9,0,8,14,0,False,0,0,0,nenhuma fronteira segura alcancavel
608.865,577.0,failed,-3.4705,0.43,0.3544,137.1,0.19,0.0,0.0,5.848,42.77,5133,0,182,3,146.9,0,8,14,0,False,0,0,0,nenhuma fronteira segura alcancavel
609.347,577.5,failed,-3.4705,0.43,0.3544,137.1,0.19,0.0,0.0,5.848,42.77,5133,0,182,3,146.9,0,8,14,0,False,0,0,0,nenhuma fronteira segura alcancavel
609.841,578.0,failed,-3.4705,0.43,0.3544,137.1,0.19,0.0,0.0,5.848,42.77,5133,0,182,3,146.9,0,8,14,0,False,0,0,0,nenhuma fronteira segura alcancavel
610.316,578.5,failed,-3.4705,0.43,0.3544,137.1,0.19,0.0,0.0,5.848,42.77,5133,0,182,3,146.9,0,8,14,0,False,0,0,0,nenhuma fronteira segura alcancavel
610.816,579.0,failed,-3.4705,0.43,0.3544,137.1,0.19,0.0,0.0,5.848,42.77,5133,0,182,3,146.9,0,8,14,0,False,0,0,0,nenhuma fronteira segura alcancavel
611.315,579.5,failed,-3.4705,0.43,0.3544,137.1,0.19,0.0,0.0,5.848,42.77,5133,0,182,3,146.9,0,8,14,0,False,0,0,0,nenhuma fronteira segura alcancavel
611.813,580.0,failed,-3.4705,0.43,0.3544,137.1,0.19,0.0,0.0,5.848,42.77,5133,0,182,3,146.9,0,8,14,0,False,0,0,0,nenhuma fronteira segura alcancavel
612.312,580.5,failed,-3.4705,0.43,0.3544,137.1,0.19,0.0,0.0,5.848,42.77,5133,0,182,3,146.9,0,8,14,0,False,0,0,0,nenhuma fronteira segura alcancavel
612.805,581.0,failed,-3.4705,0.43,0.3544,137.1,0.19,0.0,0.0,5.848,42.77,5133,0,182,3,146.9,0,8,14,0,False,0,0,0,nenhuma fronteira segura alcancavel
613.287,581.5,failed,-3.4705,0.43,0.3544,137.1,0.19,0.0,0.0,5.848,42.77,5133,0,182,3,146.9,0,8,14,0,False,0,0,0,nenhuma fronteira segura alcancavel
613.785,582.0,failed,-3.4705,0.43,0.3544,137.1,0.19,0.0,0.0,5.848,42.77,5133,0,182,3,146.9,0,8,14,0,False,0,0,0,nenhuma fronteira segura alcancavel
614.284,582.5,failed,-3.4705,0.43,0.3544,137.1,0.19,0.0,0.0,5.848,42.77,5133,0,182,3,146.9,0,8,14,0,False,0,0,0,nenhuma fronteira segura alcancavel
614.784,583.0,failed,-3.4705,0.43,0.3544,137.1,0.19,0.0,0.0,5.848,42.77,5133,0,182,3,146.9,0,8,14,0,False,0,0,0,nenhuma fronteira segura alcancavel
615.281,583.5,failed,-3.4705,0.43,0.3544,137.1,0.19,0.0,0.0,5.848,42.77,5133,0,182,3,146.9,0,8,14,0,False,0,0,0,nenhuma fronteira segura alcancavel
615.774,584.0,failed,-3.4705,0.43,0.3544,137.1,0.19,0.0,0.0,5.848,42.77,5133,0,182,3,146.9,0,8,14,0,False,0,0,0,nenhuma fronteira segura alcancavel
616.273,584.5,failed,-3.4705,0.43,0.3544,137.1,0.19,0.0,0.0,5.848,42.77,5133,0,182,3,146.9,0,8,14,0,False,0,0,0,nenhuma fronteira segura alcancavel
616.766,585.001,failed,-3.4705,0.43,0.3544,137.1,0.19,0.0,0.0,5.848,42.77,5133,0,182,3,146.9,0,8,14,0,False,0,0,0,nenhuma fronteira segura alcancavel
617.247,585.5,failed,-3.4705,0.43,0.3544,137.1,0.19,0.0,0.0,5.848,42.77,5133,0,182,3,146.9,0,8,14,0,False,0,0,0,nenhuma fronteira segura alcancavel
617.746,586.0,failed,-3.4705,0.43,0.3544,137.1,0.19,0.0,0.0,5.848,42.77,5133,0,182,3,146.9,0,8,14,0,False,0,0,0,nenhuma fronteira segura alcancavel
618.246,586.5,failed,-3.4705,0.43,0.3544,137.1,0.19,0.0,0.0,5.848,42.77,5133,0,182,3,146.9,0,8,14,0,False,0,0,0,nenhuma fronteira segura alcancavel
618.729,587.0,failed,-3.4705,0.43,0.3544,137.1,0.19,0.0,0.0,5.848,42.77,5133,0,182,3,146.9,0,8,14,0,False,0,0,0,nenhuma fronteira segura alcancavel
619.208,587.5,failed,-3.4705,0.43,0.3544,137.1,0.19,0.0,0.0,5.848,42.77,5133,0,182,3,146.9,0,8,14,0,False,0,0,0,nenhuma fronteira segura alcancavel
619.694,588.001,failed,-3.4705,0.43,0.3544,137.1,0.19,0.0,0.0,5.848,42.77,5133,0,182,3,146.9,0,8,14,0,False,0,0,0,nenhuma fronteira segura alcancavel
620.186,588.5,failed,-3.4705,0.43,0.3544,137.1,0.19,0.0,0.0,5.848,42.77,5133,0,182,3,146.9,0,8,14,0,False,0,0,0,nenhuma fronteira segura alcancavel
620.672,589.001,failed,-3.4705,0.43,0.3544,137.1,0.19,0.0,0.0,5.848,42.77,5133,0,182,3,146.9,0,8,14,0,False,0,0,0,nenhuma fronteira segura alcancavel
621.169,589.5,failed,-3.4705,0.43,0.3544,137.1,0.19,0.0,0.0,5.848,42.77,5133,0,182,3,146.9,0,8,14,0,False,0,0,0,nenhuma fronteira segura alcancavel
621.666,590.0,failed,-3.4705,0.43,0.3544,137.1,0.19,0.0,0.0,5.848,42.77,5133,0,182,3,146.9,0,8,14,0,False,0,0,0,nenhuma fronteira segura alcancavel
622.16,590.5,failed,-3.4705,0.43,0.3544,137.1,0.19,0.0,0.0,5.848,42.77,5133,0,182,3,146.9,0,8,14,0,False,0,0,0,nenhuma fronteira segura alcancavel
622.655,591.0,failed,-3.4705,0.43,0.3544,137.1,0.19,0.0,0.0,5.848,42.77,5133,0,182,3,146.9,0,8,14,0,False,0,0,0,nenhuma fronteira segura alcancavel
623.145,591.5,failed,-3.4705,0.43,0.3544,137.1,0.19,0.0,0.0,5.848,42.77,5133,0,182,3,146.9,0,8,14,0,False,0,0,0,nenhuma fronteira segura alcancavel
623.633,592.0,failed,-3.4705,0.43,0.3544,137.1,0.19,0.0,0.0,5.848,42.77,5133,0,182,3,146.9,0,8,14,0,False,0,0,0,nenhuma fronteira segura alcancavel
624.134,592.501,failed,-3.4705,0.43,0.3544,137.1,0.19,0.0,0.0,5.848,42.77,5133,0,182,3,146.9,0,8,14,0,False,0,0,0,nenhuma fronteira segura alcancavel
624.627,593.0,failed,-3.4705,0.43,0.3544,137.1,0.19,0.0,0.0,5.848,42.77,5133,0,182,3,146.9,0,8,14,0,False,0,0,0,nenhuma fronteira segura alcancavel
625.118,593.5,failed,-3.4705,0.43,0.3544,137.1,0.19,0.0,0.0,5.848,42.77,5133,0,182,3,146.9,0,8,14,0,False,0,0,0,nenhuma fronteira segura alcancavel
625.608,594.0,failed,-3.4705,0.43,0.3544,137.1,0.19,0.0,0.0,5.848,42.77,5133,0,182,3,146.9,0,8,14,0,False,0,0,0,nenhuma fronteira segura alcancavel
626.107,594.5,failed,-3.4705,0.43,0.3544,137.1,0.19,0.0,0.0,5.848,42.77,5133,0,182,3,146.9,0,8,14,0,False,0,0,0,nenhuma fronteira segura alcancavel
626.595,595.0,failed,-3.4705,0.43,0.3544,137.1,0.19,0.0,0.0,5.848,42.77,5133,0,182,3,146.9,0,8,14,0,False,0,0,0,nenhuma fronteira segura alcancavel
627.094,595.5,failed,-3.4705,0.43,0.3544,137.1,0.19,0.0,0.0,5.848,42.77,5133,0,182,3,146.9,0,8,14,0,False,0,0,0,nenhuma fronteira segura alcancavel
627.578,596.0,failed,-3.4705,0.43,0.3544,137.1,0.19,0.0,0.0,5.848,42.77,5133,0,182,3,146.9,0,8,14,0,False,0,0,0,nenhuma fronteira segura alcancavel
628.066,596.501,failed,-3.4705,0.43,0.3544,137.1,0.19,0.0,0.0,5.848,42.77,5133,0,182,3,146.9,0,8,14,0,False,0,0,0,nenhuma fronteira segura alcancavel
628.555,597.0,failed,-3.4705,0.43,0.3544,137.1,0.19,0.0,0.0,5.848,42.77,5133,0,182,3,146.9,0,8,14,0,False,0,0,0,nenhuma fronteira segura alcancavel
629.038,597.5,failed,-3.4705,0.43,0.3544,137.1,0.19,0.0,0.0,5.848,42.77,5133,0,182,3,146.9,0,8,14,0,False,0,0,0,nenhuma fronteira segura alcancavel
629.531,598.0,failed,-3.4705,0.43,0.3544,137.11,0.19,0.0,0.0,5.848,42.77,5133,0,182,3,146.9,0,8,14,0,False,0,0,0,nenhuma fronteira segura alcancavel
630.02,598.5,failed,-3.4705,0.43,0.3544,137.08,0.19,0.0,0.0,5.848,42.77,5133,0,182,3,146.9,0,8,14,0,False,0,0,0,nenhuma fronteira segura alcancavel
630.52,599.0,failed,-3.4705,0.43,0.3544,137.08,0.19,0.0,0.0,5.848,42.77,5133,0,182,3,146.9,0,8,14,0,False,0,0,0,nenhuma fronteira segura alcancavel
631.016,599.5,failed,-3.4705,0.43,0.3544,137.09,0.19,0.0,0.0,5.849,42.77,5133,0,182,3,146.9,0,8,14,0,False,0,0,0,nenhuma fronteira segura alcancavel
631.502,600.0,failed,-3.4705,0.43,0.3543,137.08,0.19,0.0,0.0,5.849,42.77,5133,0,182,3,146.9,0,8,14,0,False,0,0,0,nenhuma fronteira segura alcancavel
631.999,600.5,failed,-3.4705,0.43,0.3543,137.08,0.19,0.0,0.0,5.849,42.77,5133,0,182,3,146.9,0,8,14,0,False,0,0,0,nenhuma fronteira segura alcancavel
632.499,601.0,failed,-3.4705,0.43,0.3543,137.02,0.19,0.0,0.0,5.849,42.77,5133,0,182,3,146.9,0,8,14,0,False,0,0,0,nenhuma fronteira segura alcancavel
632.99,601.5,failed,-3.4705,0.43,0.3543,137.08,0.19,0.0,0.0,5.849,42.77,5133,0,182,3,146.9,0,8,14,0,False,0,0,0,nenhuma fronteira segura alcancavel
633.485,602.0,failed,-3.4705,0.4299,0.3543,137.08,0.19,0.0,0.0,5.849,42.77,5133,0,182,3,146.9,0,8,14,0,False,0,0,0,nenhuma fronteira segura alcancavel
633.968,602.5,failed,-3.4705,0.4299,0.3543,137.1,0.19,0.0,0.0,5.85,42.77,5133,0,182,3,146.9,0,8,14,0,False,0,0,0,nenhuma fronteira segura alcancavel
634.466,603.0,failed,-3.4705,0.43,0.3543,137.08,0.19,0.0,0.0,5.85,42.77,5133,0,182,3,146.9,0,8,14,0,False,0,0,0,nenhuma fronteira segura alcancavel
634.96,603.501,failed,-3.4705,0.43,0.3543,137.1,0.19,0.0,0.0,5.85,42.77,5133,0,182,3,146.9,0,8,14,0,False,0,0,0,nenhuma fronteira segura alcancavel
635.452,604.0,failed,-3.4705,0.43,0.3544,137.1,0.19,0.0,0.0,5.85,42.77,5133,0,182,3,146.9,0,8,14,0,False,0,0,0,nenhuma fronteira segura alcancavel
635.931,604.5,failed,-3.4706,0.43,0.3544,137.1,0.19,0.0,0.0,5.85,42.77,5133,0,182,3,146.9,0,8,14,0,False,0,0,0,nenhuma fronteira segura alcancavel
636.431,605.0,failed,-3.4705,0.43,0.3543,136.98,0.18,0.0,0.0,5.85,42.77,5133,0,182,3,146.9,0,8,14,0,False,0,0,0,nenhuma fronteira segura alcancavel
636.925,605.5,failed,-3.4705,0.4299,0.3543,137.16,0.19,0.0,0.0,5.851,42.77,5133,0,182,3,146.9,0,8,14,0,False,0,0,0,nenhuma fronteira segura alcancavel
637.414,606.0,failed,-3.4705,0.4299,0.3543,137.08,0.19,0.0,0.0,5.851,42.77,5133,0,182,3,146.9,0,8,14,0,False,0,0,0,nenhuma fronteira segura alcancavel
637.916,606.5,failed,-3.4705,0.4299,0.3543,137.11,0.19,0.0,0.0,5.851,42.77,5133,0,182,3,146.9,0,8,14,0,False,0,0,0,nenhuma fronteira segura alcancavel
638.412,607.0,failed,-3.4705,0.43,0.3543,137.07,0.19,0.0,0.0,5.851,42.77,5133,0,182,3,146.9,0,8,14,0,False,0,0,0,nenhuma fronteira segura alcancavel
638.908,607.5,failed,-3.4705,0.4299,0.3543,137.06,0.19,0.0,0.0,5.851,42.77,5133,0,182,3,146.9,0,8,14,0,False,0,0,0,nenhuma fronteira segura alcancavel
639.395,608.0,failed,-3.4705,0.4299,0.3543,137.11,0.19,0.0,0.0,5.852,42.77,5133,0,182,3,146.9,0,8,14,0,False,0,0,0,nenhuma fronteira segura alcancavel
639.893,608.5,failed,-3.4705,0.4299,0.3543,137.08,0.19,0.0,0.0,5.852,42.77,5133,0,182,3,146.9,0,8,14,0,False,0,0,0,nenhuma fronteira segura alcancavel
640.383,609.0,failed,-3.4705,0.4299,0.3543,137.15,0.19,0.0,0.0,5.852,42.77,5133,0,182,3,146.9,0,8,14,0,False,0,0,0,nenhuma fronteira segura alcancavel
640.875,609.5,failed,-3.4708,0.4297,0.3543,137.51,0.2,0.0,0.0,5.853,42.77,5133,0,182,3,146.9,0,8,14,0,False,0,0,0,nenhuma fronteira segura alcancavel
641.371,610.0,failed,-3.4705,0.4301,0.3545,137.33,0.19,0.0,0.0,5.854,42.77,5133,0,182,3,146.9,0,8,14,0,False,0,0,0,nenhuma fronteira segura alcancavel
641.865,610.5,failed,-3.4707,0.4299,0.3545,137.51,0.2,0.0,0.0,5.854,42.77,5133,0,182,3,146.9,0,8,14,0,False,0,0,0,nenhuma fronteira segura alcancavel
642.365,611.0,failed,-3.4706,0.4299,0.3545,137.15,0.19,0.0,0.0,5.855,42.77,5133,0,182,3,146.9,0,8,14,0,False,0,0,0,nenhuma fronteira segura alcancavel
642.863,611.5,failed,-3.4706,0.43,0.3545,137.09,0.19,0.0,0.0,5.855,42.77,5133,0,182,3,146.9,0,8,14,0,False,0,0,0,nenhuma fronteira segura alcancavel
643.358,612.0,failed,-3.4705,0.43,0.3544,137.04,0.19,0.0,0.0,5.855,42.77,5133,0,182,3,146.9,0,8,14,0,False,0,0,0,nenhuma fronteira segura alcancavel
643.858,612.5,failed,-3.4705,0.4299,0.3543,136.99,0.19,0.0,0.0,5.856,42.77,5133,0,182,3,146.9,0,8,14,0,False,0,0,0,nenhuma fronteira segura alcancavel
644.335,613.0,failed,-3.4705,0.4299,0.3543,137.1,0.19,0.0,0.0,5.856,42.77,5133,0,182,3,146.9,0,8,14,0,False,0,0,0,nenhuma fronteira segura alcancavel
644.833,613.5,failed,-3.4706,0.4299,0.3543,137.17,0.19,0.0,0.0,5.856,42.77,5133,0,182,3,146.9,0,8,14,0,False,0,0,0,nenhuma fronteira segura alcancavel
645.323,614.0,failed,-3.4705,0.4299,0.3543,137.11,0.19,0.0,0.0,5.856,42.77,5133,0,182,3,146.9,0,8,14,0,False,0,0,0,nenhuma fronteira segura alcancavel
645.814,614.5,failed,-3.4705,0.43,0.3543,137.09,0.19,0.0,0.0,5.856,42.77,5133,0,182,3,146.9,0,8,14,0,False,0,0,0,nenhuma fronteira segura alcancavel
646.308,615.0,failed,-3.4705,0.43,0.3543,137.1,0.19,0.0,0.0,5.856,42.77,5133,0,182,3,146.9,0,8,14,0,False,0,0,0,nenhuma fronteira segura alcancavel
646.805,615.5,failed,-3.4705,0.43,0.3543,137.1,0.19,0.0,0.0,5.857,42.77,5133,0,182,3,146.9,0,8,14,0,False,0,0,0,nenhuma fronteira segura alcancavel
647.3,616.0,failed,-3.4705,0.43,0.3543,137.1,0.19,0.0,0.0,5.857,42.77,5133,0,182,3,146.9,0,8,14,0,False,0,0,0,nenhuma fronteira segura alcancavel
647.798,616.5,failed,-3.4705,0.43,0.3543,137.1,0.19,0.0,0.0,5.857,42.77,5133,0,182,3,146.9,0,8,14,0,False,0,0,0,nenhuma fronteira segura alcancavel
648.292,617.0,failed,-3.4705,0.43,0.3543,137.1,0.19,0.0,0.0,5.857,42.77,5133,0,182,3,146.9,0,8,14,0,False,0,0,0,nenhuma fronteira segura alcancavel
648.787,617.5,failed,-3.4705,0.43,0.3543,137.1,0.19,0.0,0.0,5.857,42.77,5133,0,182,3,146.9,0,8,14,0,False,0,0,0,nenhuma fronteira segura alcancavel
649.279,618.0,failed,-3.4705,0.43,0.3543,137.1,0.19,0.0,0.0,5.857,42.77,5133,0,182,3,146.9,0,8,14,0,False,0,0,0,nenhuma fronteira segura alcancavel
649.776,618.5,failed,-3.4705,0.43,0.3543,137.1,0.19,0.0,0.0,5.857,42.77,5133,0,182,3,146.9,0,8,14,0,False,0,0,0,nenhuma fronteira segura alcancavel
650.27,619.0,failed,-3.4705,0.43,0.3543,137.1,0.19,0.0,0.0,5.857,42.77,5133,0,182,3,146.9,0,8,14,0,False,0,0,0,nenhuma fronteira segura alcancavel
650.765,619.5,failed,-3.4705,0.43,0.3543,137.1,0.19,0.0,0.0,5.857,42.77,5133,0,182,3,146.9,0,8,14,0,False,0,0,0,nenhuma fronteira segura alcancavel
651.258,620.0,failed,-3.4705,0.43,0.3543,137.1,0.19,0.0,0.0,5.857,42.77,5133,0,182,3,146.9,0,8,14,0,False,0,0,0,nenhuma fronteira segura alcancavel
651.756,620.5,failed,-3.4705,0.43,0.3543,137.1,0.19,0.0,0.0,5.857,42.77,5133,0,182,3,146.9,0,8,14,0,False,0,0,0,nenhuma fronteira segura alcancavel
652.25,621.0,failed,-3.4705,0.43,0.3543,137.1,0.19,0.0,0.0,5.857,42.77,5133,0,182,3,146.9,0,8,14,0,False,0,0,0,nenhuma fronteira segura alcancavel
652.742,621.501,failed,-3.4705,0.43,0.3543,137.1,0.19,0.0,0.0,5.857,42.77,5133,0,182,3,146.9,0,8,14,0,False,0,0,0,nenhuma fronteira segura alcancavel
653.239,622.0,failed,-3.4705,0.43,0.3543,137.1,0.19,0.0,0.0,5.857,42.77,5133,0,182,3,146.9,0,8,14,0,False,0,0,0,nenhuma fronteira segura alcancavel
653.743,622.5,failed,-3.4705,0.43,0.3543,137.1,0.19,0.0,0.0,5.857,42.77,5133,0,182,3,146.9,0,8,14,0,False,0,0,0,nenhuma fronteira segura alcancavel
654.234,623.0,failed,-3.4705,0.43,0.3543,137.1,0.19,0.0,0.0,5.857,42.77,5133,0,182,3,146.9,0,8,14,0,False,0,0,0,nenhuma fronteira segura alcancavel
654.734,623.5,failed,-3.4705,0.43,0.3543,137.1,0.19,0.0,0.0,5.857,42.77,5133,0,182,3,146.9,0,8,14,0,False,0,0,0,nenhuma fronteira segura alcancavel
655.232,624.0,failed,-3.4705,0.43,0.3543,137.1,0.19,0.0,0.0,5.857,42.77,5133,0,182,3,146.9,0,8,14,0,False,0,0,0,nenhuma fronteira segura alcancavel
655.731,624.5,failed,-3.4705,0.43,0.3543,137.1,0.19,0.0,0.0,5.857,42.77,5133,0,182,3,146.9,0,8,14,0,False,0,0,0,nenhuma fronteira segura alcancavel
656.221,625.0,failed,-3.4705,0.43,0.3543,137.1,0.19,0.0,0.0,5.857,42.77,5133,0,182,3,146.9,0,8,14,0,False,0,0,0,nenhuma fronteira segura alcancavel
656.713,625.5,failed,-3.4705,0.43,0.3543,137.1,0.19,0.0,0.0,5.857,42.77,5133,0,182,3,146.9,0,8,14,0,False,0,0,0,nenhuma fronteira segura alcancavel
657.201,626.001,failed,-3.4705,0.43,0.3543,137.1,0.19,0.0,0.0,5.857,42.77,5133,0,182,3,146.9,0,8,14,0,False,0,0,0,nenhuma fronteira segura alcancavel
657.697,626.5,failed,-3.4705,0.43,0.3543,137.1,0.19,0.0,0.0,5.857,42.77,5133,0,182,3,146.9,0,8,14,0,False,0,0,0,nenhuma fronteira segura alcancavel
658.191,627.0,failed,-3.4705,0.43,0.3543,137.1,0.19,0.0,0.0,5.857,42.77,5133,0,182,3,146.9,0,8,14,0,False,0,0,0,nenhuma fronteira segura alcancavel
658.688,627.5,failed,-3.4705,0.43,0.3543,137.1,0.19,0.0,0.0,5.857,42.77,5133,0,182,3,146.9,0,8,14,0,False,0,0,0,nenhuma fronteira segura alcancavel
659.186,628.0,failed,-3.4705,0.43,0.3543,137.1,0.19,0.0,0.0,5.857,42.77,5133,0,182,3,146.9,0,8,14,0,False,0,0,0,nenhuma fronteira segura alcancavel
659.682,628.5,failed,-3.4705,0.43,0.3543,137.1,0.19,0.0,0.0,5.857,42.77,5133,0,182,3,146.9,0,8,14,0,False,0,0,0,nenhuma fronteira segura alcancavel
660.18,629.0,failed,-3.4705,0.43,0.3543,137.1,0.19,0.0,0.0,5.857,42.77,5133,0,182,3,146.9,0,8,14,0,False,0,0,0,nenhuma fronteira segura alcancavel
660.664,629.5,failed,-3.4705,0.43,0.3543,137.1,0.19,0.0,0.0,5.857,42.77,5133,0,182,3,146.9,0,8,14,0,False,0,0,0,nenhuma fronteira segura alcancavel
661.152,630.0,failed,-3.4705,0.43,0.3543,137.1,0.19,0.0,0.0,5.857,42.77,5133,0,182,3,146.9,0,8,14,0,False,0,0,0,nenhuma fronteira segura alcancavel
661.65,630.5,failed,-3.4705,0.43,0.3543,137.1,0.19,0.0,0.0,5.857,42.77,5133,0,182,3,146.9,0,8,14,0,False,0,0,0,nenhuma fronteira segura alcancavel
662.141,631.0,failed,-3.4705,0.43,0.3543,137.1,0.19,0.0,0.0,5.857,42.77,5133,0,182,3,146.9,0,8,14,0,False,0,0,0,nenhuma fronteira segura alcancavel
662.628,631.5,failed,-3.4705,0.43,0.3543,137.1,0.19,0.0,0.0,5.857,42.77,5133,0,182,3,146.9,0,8,14,0,False,0,0,0,nenhuma fronteira segura alcancavel
663.129,632.0,failed,-3.4705,0.43,0.3543,137.1,0.19,0.0,0.0,5.857,42.77,5133,0,182,3,146.9,0,8,14,0,False,0,0,0,nenhuma fronteira segura alcancavel
663.615,632.5,failed,-3.4705,0.43,0.3543,137.1,0.19,0.0,0.0,5.857,42.77,5133,0,182,3,146.9,0,8,14,0,False,0,0,0,nenhuma fronteira segura alcancavel
664.107,633.0,failed,-3.4705,0.43,0.3543,137.1,0.19,0.0,0.0,5.857,42.77,5133,0,182,3,146.9,0,8,14,0,False,0,0,0,nenhuma fronteira segura alcancavel
664.594,633.5,failed,-3.4705,0.43,0.3543,137.1,0.19,0.0,0.0,5.857,42.77,5133,0,182,3,146.9,0,8,14,0,False,0,0,0,nenhuma fronteira segura alcancavel
665.092,634.0,failed,-3.4705,0.43,0.3543,137.1,0.19,0.0,0.0,5.857,42.77,5133,0,182,3,146.9,0,8,14,0,False,0,0,0,nenhuma fronteira segura alcancavel
665.586,634.5,failed,-3.4705,0.43,0.3543,137.1,0.19,0.0,0.0,5.857,42.77,5133,0,182,3,146.9,0,8,14,0,False,0,0,0,nenhuma fronteira segura alcancavel
666.083,635.0,failed,-3.4705,0.43,0.3543,137.1,0.19,0.0,0.0,5.857,42.77,5133,0,182,3,146.9,0,8,14,0,False,0,0,0,nenhuma fronteira segura alcancavel
666.576,635.5,failed,-3.4705,0.43,0.3543,137.1,0.19,0.0,0.0,5.857,42.77,5133,0,182,3,146.9,0,8,14,0,False,0,0,0,nenhuma fronteira segura alcancavel
667.065,636.0,failed,-3.4705,0.43,0.3543,137.1,0.19,0.0,0.0,5.857,42.77,5133,0,182,3,146.9,0,8,14,0,False,0,0,0,nenhuma fronteira segura alcancavel
667.551,636.5,failed,-3.4705,0.43,0.3543,137.1,0.19,0.0,0.0,5.857,42.77,5133,0,182,3,146.9,0,8,14,0,False,0,0,0,nenhuma fronteira segura alcancavel
668.054,637.0,failed,-3.4705,0.43,0.3543,137.1,0.19,0.0,0.0,5.857,42.77,5133,0,182,3,146.9,0,8,14,0,False,0,0,0,nenhuma fronteira segura alcancavel
668.551,637.5,failed,-3.4705,0.43,0.3543,137.1,0.19,0.0,0.0,5.857,42.77,5133,0,182,3,146.9,0,8,14,0,False,0,0,0,nenhuma fronteira segura alcancavel
669.046,638.0,failed,-3.4705,0.43,0.3543,137.1,0.19,0.0,0.0,5.857,42.77,5133,0,182,3,146.9,0,8,14,0,False,0,0,0,nenhuma fronteira segura alcancavel
669.538,638.5,failed,-3.4705,0.43,0.3543,137.1,0.19,0.0,0.0,5.857,42.77,5133,0,182,3,146.9,0,8,14,0,False,0,0,0,nenhuma fronteira segura alcancavel
670.018,639.001,failed,-3.4705,0.43,0.3543,137.1,0.19,0.0,0.0,5.857,42.77,5133,0,182,3,146.9,0,8,14,0,False,0,0,0,nenhuma fronteira segura alcancavel
670.514,639.5,failed,-3.4705,0.43,0.3543,137.1,0.19,0.0,0.0,5.857,42.77,5133,0,182,3,146.9,0,8,14,0,False,0,0,0,nenhuma fronteira segura alcancavel
671.004,640.0,failed,-3.4705,0.43,0.3543,137.1,0.19,0.0,0.0,5.857,42.77,5133,0,182,3,146.9,0,8,14,0,False,0,0,0,nenhuma fronteira segura alcancavel
671.49,640.5,failed,-3.4705,0.43,0.3543,137.1,0.19,0.0,0.0,5.857,42.77,5133,0,182,3,146.9,0,8,14,0,False,0,0,0,nenhuma fronteira segura alcancavel
671.985,641.0,failed,-3.4705,0.43,0.3543,137.1,0.19,0.0,0.0,5.857,42.77,5133,0,182,3,146.9,0,8,14,0,False,0,0,0,nenhuma fronteira segura alcancavel
672.482,641.5,failed,-3.4705,0.43,0.3543,137.1,0.19,0.0,0.0,5.857,42.77,5133,0,182,3,146.9,0,8,14,0,False,0,0,0,nenhuma fronteira segura alcancavel
672.975,642.0,failed,-3.4705,0.43,0.3543,137.1,0.19,0.0,0.0,5.857,42.77,5133,0,182,3,146.9,0,8,14,0,False,0,0,0,nenhuma fronteira segura alcancavel
673.461,642.5,failed,-3.4705,0.43,0.3543,137.1,0.19,0.0,0.0,5.857,42.77,5133,0,182,3,146.9,0,8,14,0,False,0,0,0,nenhuma fronteira segura alcancavel
673.957,643.0,failed,-3.4705,0.43,0.3543,137.1,0.19,0.0,0.0,5.857,42.77,5133,0,182,3,146.9,0,8,14,0,False,0,0,0,nenhuma fronteira segura alcancavel
674.453,643.5,failed,-3.4705,0.43,0.3543,137.1,0.19,0.0,0.0,5.857,42.77,5133,0,182,3,146.9,0,8,14,0,False,0,0,0,nenhuma fronteira segura alcancavel
674.95,644.0,failed,-3.4705,0.43,0.3543,137.1,0.19,0.0,0.0,5.857,42.77,5133,0,182,3,146.9,0,8,14,0,False,0,0,0,nenhuma fronteira segura alcancavel
675.447,644.5,failed,-3.4705,0.43,0.3543,137.1,0.19,0.0,0.0,5.857,42.77,5133,0,182,3,146.9,0,8,14,0,False,0,0,0,nenhuma fronteira segura alcancavel
675.948,645.0,failed,-3.4705,0.43,0.3543,137.1,0.19,0.0,0.0,5.857,42.77,5133,0,182,3,146.9,0,8,14,0,False,0,0,0,nenhuma fronteira segura alcancavel
676.441,645.5,failed,-3.4705,0.43,0.3543,137.1,0.19,0.0,0.0,5.857,42.77,5133,0,182,3,146.9,0,8,14,0,False,0,0,0,nenhuma fronteira segura alcancavel
676.935,646.0,failed,-3.4705,0.43,0.3543,137.1,0.19,0.0,0.0,5.857,42.77,5133,0,182,3,146.9,0,8,14,0,False,0,0,0,nenhuma fronteira segura alcancavel
677.425,646.5,failed,-3.4705,0.43,0.3543,137.1,0.19,0.0,0.0,5.857,42.77,5133,0,182,3,146.9,0,8,14,0,False,0,0,0,nenhuma fronteira segura alcancavel
677.92,647.0,failed,-3.4705,0.43,0.3543,137.1,0.19,0.0,0.0,5.857,42.77,5133,0,182,3,146.9,0,8,14,0,False,0,0,0,nenhuma fronteira segura alcancavel
678.405,647.5,failed,-3.4705,0.43,0.3543,137.11,0.19,0.0,0.0,5.857,42.77,5133,0,182,3,146.9,0,8,14,0,False,0,0,0,nenhuma fronteira segura alcancavel
678.898,648.0,failed,-3.4706,0.4299,0.3544,137.14,0.19,0.0,0.0,5.857,42.77,5133,0,182,3,146.9,0,8,14,0,False,0,0,0,nenhuma fronteira segura alcancavel
679.392,648.5,failed,-3.4706,0.43,0.3544,137.11,0.19,0.0,0.0,5.857,42.77,5133,0,182,3,146.9,0,8,14,0,False,0,0,0,nenhuma fronteira segura alcancavel
679.887,649.0,failed,-3.4706,0.4299,0.3544,137.12,0.19,0.0,0.0,5.857,42.77,5133,0,182,3,146.9,0,8,14,0,False,0,0,0,nenhuma fronteira segura alcancavel
680.383,649.5,failed,-3.4705,0.43,0.3544,136.96,0.19,0.0,0.0,5.857,42.77,5133,0,182,3,146.9,0,8,14,0,False,0,0,0,nenhuma fronteira segura alcancavel
680.874,650.0,failed,-3.4706,0.4298,0.3543,137.22,0.2,0.0,0.0,5.858,42.77,5133,0,182,3,146.9,0,8,14,0,False,0,0,0,nenhuma fronteira segura alcancavel
681.37,650.5,failed,-3.4705,0.4299,0.3543,137.11,0.19,0.0,0.0,5.858,42.77,5133,0,182,3,146.9,0,8,14,0,False,0,0,0,nenhuma fronteira segura alcancavel
681.847,651.0,failed,-3.4705,0.4299,0.3543,137.11,0.19,0.0,0.0,5.858,42.77,5133,0,182,3,146.9,0,8,14,0,False,0,0,0,nenhuma fronteira segura alcancavel
682.344,651.5,failed,-3.4706,0.43,0.3544,137.09,0.19,0.0,0.0,5.858,42.77,5133,0,182,3,146.9,0,8,14,0,False,0,0,0,nenhuma fronteira segura alcancavel
682.828,652.0,failed,-3.4706,0.4299,0.3544,137.13,0.19,0.0,0.0,5.859,42.77,5133,0,182,3,146.9,0,8,14,0,False,0,0,0,nenhuma fronteira segura alcancavel
683.322,652.5,failed,-3.4706,0.4299,0.3544,137.12,0.19,0.0,0.0,5.859,42.77,5133,0,182,3,146.9,0,8,14,0,False,0,0,0,nenhuma fronteira segura alcancavel
683.823,653.0,failed,-3.4706,0.43,0.3544,137.09,0.19,0.0,0.0,5.859,42.77,5133,0,182,3,146.9,0,8,14,0,False,0,0,0,nenhuma fronteira segura alcancavel
684.315,653.5,failed,-3.4706,0.4299,0.3544,137.11,0.19,0.0,0.0,5.859,42.77,5133,0,182,3,146.9,0,8,14,0,False,0,0,0,nenhuma fronteira segura alcancavel
684.812,654.001,failed,-3.4706,0.4299,0.3544,137.13,0.19,0.0,0.0,5.859,42.77,5133,0,182,3,146.9,0,8,14,0,False,0,0,0,nenhuma fronteira segura alcancavel
685.3,654.5,failed,-3.4706,0.4299,0.3544,137.11,0.19,0.0,0.0,5.859,42.77,5133,0,182,3,146.9,0,8,14,0,False,0,0,0,nenhuma fronteira segura alcancavel
685.793,655.0,failed,-3.4706,0.4299,0.3544,137.11,0.19,0.0,0.0,5.859,42.77,5133,0,182,3,146.9,0,8,14,0,False,0,0,0,nenhuma fronteira segura alcancavel
686.292,655.5,failed,-3.4706,0.4299,0.3544,137.1,0.19,0.0,0.0,5.86,42.77,5133,0,182,3,146.9,0,8,14,0,False,0,0,0,nenhuma fronteira segura alcancavel
686.792,656.0,failed,-3.4706,0.4299,0.3544,137.12,0.19,0.0,0.0,5.86,42.77,5133,0,182,3,146.9,0,8,14,0,False,0,0,0,nenhuma fronteira segura alcancavel
687.288,656.5,failed,-3.4706,0.4299,0.3544,137.09,0.19,0.0,0.0,5.86,42.77,5133,0,182,3,146.9,0,8,14,0,False,0,0,0,nenhuma fronteira segura alcancavel
687.787,657.0,failed,-3.4707,0.4297,0.3543,137.44,0.2,0.0,0.0,5.86,42.77,5133,0,182,3,146.9,0,8,14,0,False,0,0,0,nenhuma fronteira segura alcancavel
688.284,657.5,failed,-3.4705,0.43,0.3543,137.12,0.18,0.0,0.0,5.861,42.77,5133,0,182,3,146.9,0,8,14,0,False,0,0,0,nenhuma fronteira segura alcancavel
688.777,658.0,failed,-3.4706,0.4299,0.3543,137.12,0.19,0.0,0.0,5.861,42.77,5133,0,182,3,146.9,0,8,14,0,False,0,0,0,nenhuma fronteira segura alcancavel
689.276,658.5,failed,-3.4706,0.4299,0.3544,137.13,0.19,0.0,0.0,5.861,42.77,5133,0,182,3,146.9,0,8,14,0,False,0,0,0,nenhuma fronteira segura alcancavel
689.769,659.0,failed,-3.4706,0.4299,0.3543,137.12,0.19,0.0,0.0,5.861,42.77,5133,0,182,3,146.9,0,8,14,0,False,0,0,0,nenhuma fronteira segura alcancavel
690.261,659.5,failed,-3.4706,0.43,0.3543,137.09,0.19,0.0,0.0,5.861,42.77,5133,0,182,3,146.9,0,8,14,0,False,0,0,0,nenhuma fronteira segura alcancavel
690.761,660.0,failed,-3.4705,0.43,0.3543,137.09,0.19,0.0,0.0,5.862,42.77,5133,0,182,3,146.9,0,8,14,0,False,0,0,0,nenhuma fronteira segura alcancavel
